Geography,Year,Immunization Type,Birth Cohort,Immunization Percent,Standard Error,Standard Score,Alberta Percent
AB,2014,MMR Dose 1 by Age 13,2001,96.38000000000001,0.08,0.0,96.38000000000001
AB,2015,MMR Dose 1 by Age 13,2002,96.51,0.08,0.0,96.51
AB,2016,MMR Dose 1 by Age 13,2003,96.66000000000001,0.08,0.0,96.66000000000001
AB,2017,MMR Dose 1 by Age 13,2004,96.92,0.07,0.0,96.92
AB,2018,MMR Dose 1 by Age 13,2005,97.09,0.07,0.0,97.09
AB,2019,MMR Dose 1 by Age 13,2006,96.81000000000002,0.07,0.0,96.81000000000002
AB,2020,MMR Dose 1 by Age 13,2007,96.30000000000001,0.07,0.0,96.30000000000001
AB,2021,MMR Dose 1 by Age 13,2008,95.64000000000001,0.08,0.0,95.64000000000001
AB,2022,MMR Dose 1 by Age 13,2009,95.25,0.08,0.0,95.25
AB,2023,MMR Dose 1 by Age 13,2010,94.95,0.09,0.0,94.95
AB,2014,MMR Dose 1 by Age 17,1997,96.23,0.09,0.0,96.23
AB,2015,MMR Dose 1 by Age 17,1998,96.51,0.08,0.0,96.51
AB,2016,MMR Dose 1 by Age 17,1999,96.71000000000001,0.08,0.0,96.71000000000001
AB,2017,MMR Dose 1 by Age 17,2000,96.94000000000001,0.07,0.0,96.94000000000001
AB,2018,MMR Dose 1 by Age 17,2001,97.03,0.07,0.0,97.03
AB,2019,MMR Dose 1 by Age 17,2002,97.22,0.07,0.0,97.22
AB,2020,MMR Dose 1 by Age 17,2003,97.75,0.06,0.0,97.75
AB,2021,MMR Dose 1 by Age 17,2004,97.84000000000002,0.06,0.0,97.84000000000002
AB,2022,MMR Dose 1 by Age 17,2005,97.83000000000001,0.05,0.0,97.83000000000001
AB,2023,MMR Dose 1 by Age 17,2006,97.27,0.06,0.0,97.27
AB,2014,MMR Dose 1 by Age 2,2012,88.05,0.14,0.0,88.05
AB,2015,MMR Dose 1 by Age 2,2013,87.11000000000001,0.14,0.0,87.11000000000001
AB,2016,MMR Dose 1 by Age 2,2014,87.29,0.14,0.0,87.29
AB,2017,MMR Dose 1 by Age 2,2015,87.05,0.14,0.0,87.05
AB,2018,MMR Dose 1 by Age 2,2016,86.73,0.14,0.0,86.73
AB,2019,MMR Dose 1 by Age 2,2017,86.96000000000001,0.14,0.0,86.96000000000001
AB,2020,MMR Dose 1 by Age 2,2018,86.65,0.15000000000000002,0.0,86.65
AB,2021,MMR Dose 1 by Age 2,2019,83.2,0.17,0.0,83.2
AB,2022,MMR Dose 1 by Age 2,2020,82.07,0.17,0.0,82.07
AB,2023,MMR Dose 1 by Age 2,2021,81.67,0.17,0.0,81.67
AB,2014,MMR Dose 2 by Age 13,2001,91.76,0.13,0.0,91.76
AB,2015,MMR Dose 2 by Age 13,2002,91.68,0.13,0.0,91.68
AB,2016,MMR Dose 2 by Age 13,2003,91.18,0.13,0.0,91.18
AB,2017,MMR Dose 2 by Age 13,2004,91.45,0.12000000000000001,0.0,91.45
AB,2018,MMR Dose 2 by Age 13,2005,91.34000000000002,0.12000000000000001,0.0,91.34000000000002
AB,2019,MMR Dose 2 by Age 13,2006,91.46000000000001,0.12000000000000001,0.0,91.46000000000001
AB,2020,MMR Dose 2 by Age 13,2007,91.01,0.12000000000000001,0.0,91.01
AB,2021,MMR Dose 2 by Age 13,2008,89.81000000000002,0.12000000000000001,0.0,89.81000000000002
AB,2022,MMR Dose 2 by Age 13,2009,89.83000000000001,0.12000000000000001,0.0,89.83000000000001
AB,2023,MMR Dose 2 by Age 13,2010,89.61000000000001,0.12000000000000001,0.0,89.61000000000001
AB,2014,MMR Dose 2 by Age 17,1997,92.41000000000001,0.12000000000000001,0.0,92.41000000000001
AB,2015,MMR Dose 2 by Age 17,1998,92.75,0.12000000000000001,0.0,92.75
AB,2016,MMR Dose 2 by Age 17,1999,93.22,0.11,0.0,93.22
AB,2017,MMR Dose 2 by Age 17,2000,93.49000000000001,0.11,0.0,93.49000000000001
AB,2018,MMR Dose 2 by Age 17,2001,93.37,0.11,0.0,93.37
AB,2019,MMR Dose 2 by Age 17,2002,93.56,0.11,0.0,93.56
AB,2020,MMR Dose 2 by Age 17,2003,94.32000000000001,0.1,0.0,94.32000000000001
AB,2021,MMR Dose 2 by Age 17,2004,94.35000000000001,0.09,0.0,94.35000000000001
AB,2022,MMR Dose 2 by Age 17,2005,93.60000000000001,0.1,0.0,93.60000000000001
AB,2023,MMR Dose 2 by Age 17,2006,92.62,0.11,0.0,92.62
AB,2023,MMR Dose 2 by Age 2,2021,69.32,0.2,0.0,69.32
AB,2014,MMR Dose 2 by Age 7,2007,80.57,0.17,0.0,80.57
AB,2015,MMR Dose 2 by Age 7,2008,81.30000000000001,0.16,0.0,81.30000000000001
AB,2016,MMR Dose 2 by Age 7,2009,82.10000000000001,0.16,0.0,82.10000000000001
AB,2017,MMR Dose 2 by Age 7,2010,81.63000000000001,0.16,0.0,81.63000000000001
AB,2018,MMR Dose 2 by Age 7,2011,81.08,0.16,0.0,81.08
AB,2019,MMR Dose 2 by Age 7,2012,81.72,0.16,0.0,81.72
AB,2020,MMR Dose 2 by Age 7,2013,77.60000000000001,0.17,0.0,77.60000000000001
AB,2021,MMR Dose 2 by Age 7,2014,74.73,0.18,0.0,74.73
AB,2022,MMR Dose 2 by Age 7,2015,74.08,0.18,0.0,74.08
AB,2023,MMR Dose 2 by Age 7,2016,72.63000000000001,0.18,0.0,72.63000000000001
Z1,2014,MMR Dose 1 by Age 13,2001,95.78,0.32000000000000006,-1.8900000000000001,96.38000000000001
Z1,2015,MMR Dose 1 by Age 13,2002,96.02,0.30000000000000004,-1.61,96.51
Z1,2016,MMR Dose 1 by Age 13,2003,95.72,0.32000000000000006,-2.9600000000000004,96.66000000000001
Z1,2017,MMR Dose 1 by Age 13,2004,96.68,0.26,-0.93,96.92
Z1,2018,MMR Dose 1 by Age 13,2005,96.32000000000001,0.27,-2.8200000000000003,97.09
Z1,2019,MMR Dose 1 by Age 13,2006,95.95,0.28,-3.07,96.81000000000002
Z1,2020,MMR Dose 1 by Age 13,2007,95.44000000000001,0.29000000000000004,-2.9400000000000004,96.30000000000001
Z1,2021,MMR Dose 1 by Age 13,2008,94.57,0.33000000000000007,-3.29,95.64000000000001
Z1,2022,MMR Dose 1 by Age 13,2009,93.75,0.35000000000000003,-4.319999999999999,95.25
Z1,2023,MMR Dose 1 by Age 13,2010,93.21000000000001,0.37000000000000005,-4.73,94.95
Z1,2014,MMR Dose 1 by Age 17,1997,96.31000000000002,0.29000000000000004,0.27,96.23
Z1,2015,MMR Dose 1 by Age 17,1998,96.68,0.28,0.6200000000000001,96.51
Z1,2016,MMR Dose 1 by Age 17,1999,96.98,0.25,1.06,96.71000000000001
Z1,2017,MMR Dose 1 by Age 17,2000,96.38000000000001,0.29000000000000004,-1.9500000000000002,96.94000000000001
Z1,2018,MMR Dose 1 by Age 17,2001,96.46000000000001,0.28,-2.03,97.03
Z1,2019,MMR Dose 1 by Age 17,2002,96.94000000000001,0.25,-1.12,97.22
Z1,2020,MMR Dose 1 by Age 17,2003,96.7,0.26,-4.01,97.75
Z1,2021,MMR Dose 1 by Age 17,2004,97.31000000000002,0.22,-2.3600000000000003,97.84000000000002
Z1,2022,MMR Dose 1 by Age 17,2005,97.01,0.24000000000000002,-3.4600000000000004,97.83000000000001
Z1,2023,MMR Dose 1 by Age 17,2006,96.57,0.25,-2.81,97.27
Z1,2014,MMR Dose 1 by Age 2,2012,84.84000000000002,0.55,-5.8100000000000005,88.05
Z1,2015,MMR Dose 1 by Age 2,2013,82.07,0.6000000000000001,-8.38,87.11000000000001
Z1,2016,MMR Dose 1 by Age 2,2014,81.81000000000002,0.6000000000000001,-9.18,87.29
Z1,2017,MMR Dose 1 by Age 2,2015,81.71000000000001,0.59,-9.0,87.05
Z1,2018,MMR Dose 1 by Age 2,2016,81.73,0.6100000000000001,-8.23,86.73
Z1,2019,MMR Dose 1 by Age 2,2017,80.14000000000001,0.6400000000000001,-10.700000000000001,86.96000000000001
Z1,2020,MMR Dose 1 by Age 2,2018,80.04,0.6500000000000001,-10.160000000000002,86.65
Z1,2021,MMR Dose 1 by Age 2,2019,74.18,0.7100000000000001,-12.64,83.2
Z1,2022,MMR Dose 1 by Age 2,2020,69.89,0.7500000000000001,-16.130000000000003,82.07
Z1,2023,MMR Dose 1 by Age 2,2021,71.43,0.7400000000000001,-13.780000000000001,81.67
Z1,2014,MMR Dose 2 by Age 13,2001,92.07,0.43000000000000005,0.7100000000000001,91.76
Z1,2015,MMR Dose 2 by Age 13,2002,92.11000000000001,0.43000000000000005,1.01,91.68
Z1,2016,MMR Dose 2 by Age 13,2003,92.86000000000001,0.4,4.22,91.18
Z1,2017,MMR Dose 2 by Age 13,2004,92.13000000000001,0.41000000000000003,1.6400000000000001,91.45
Z1,2018,MMR Dose 2 by Age 13,2005,91.4,0.43000000000000005,0.13,91.34000000000002
Z1,2019,MMR Dose 2 by Age 13,2006,90.37,0.44,-2.4800000000000004,91.46000000000001
Z1,2020,MMR Dose 2 by Age 13,2007,89.89000000000001,0.44,-2.55,91.01
Z1,2021,MMR Dose 2 by Age 13,2008,88.86000000000001,0.46,-2.03,89.81000000000002
Z1,2022,MMR Dose 2 by Age 13,2009,88.38000000000001,0.46,-3.15,89.83000000000001
Z1,2023,MMR Dose 2 by Age 13,2010,87.98,0.48000000000000004,-3.39,89.61000000000001
Z1,2014,MMR Dose 2 by Age 17,1997,93.5,0.39,2.8000000000000003,92.41000000000001
Z1,2015,MMR Dose 2 by Age 17,1998,94.43,0.35000000000000003,4.76,92.75
Z1,2016,MMR Dose 2 by Age 17,1999,94.34000000000002,0.35000000000000003,3.19,93.22
Z1,2017,MMR Dose 2 by Age 17,2000,94.12,0.37000000000000005,1.6900000000000002,93.49000000000001
Z1,2018,MMR Dose 2 by Age 17,2001,93.73,0.37000000000000005,0.97,93.37
Z1,2019,MMR Dose 2 by Age 17,2002,94.13000000000001,0.35000000000000003,1.59,93.56
Z1,2020,MMR Dose 2 by Age 17,2003,94.54,0.34,0.6300000000000001,94.32000000000001
Z1,2021,MMR Dose 2 by Age 17,2004,93.87,0.35000000000000003,-1.36,94.35000000000001
Z1,2022,MMR Dose 2 by Age 17,2005,93.08,0.38000000000000006,-1.3900000000000001,93.60000000000001
Z1,2023,MMR Dose 2 by Age 17,2006,91.78,0.4,-2.11,92.62
Z1,2023,MMR Dose 2 by Age 2,2021,59.59,0.8,-12.160000000000002,69.32
Z1,2014,MMR Dose 2 by Age 7,2007,80.83000000000001,0.6000000000000001,0.44,80.57
Z1,2015,MMR Dose 2 by Age 7,2008,81.95,0.58,1.1,81.30000000000001
Z1,2016,MMR Dose 2 by Age 7,2009,81.08,0.58,-1.7700000000000002,82.10000000000001
Z1,2017,MMR Dose 2 by Age 7,2010,81.89000000000001,0.58,0.44,81.63000000000001
Z1,2018,MMR Dose 2 by Age 7,2011,80.26,0.6100000000000001,-1.35,81.08
Z1,2019,MMR Dose 2 by Age 7,2012,81.39000000000001,0.58,-0.5700000000000001,81.72
Z1,2020,MMR Dose 2 by Age 7,2013,79.94000000000001,0.6100000000000001,3.8400000000000003,77.60000000000001
Z1,2021,MMR Dose 2 by Age 7,2014,76.49000000000001,0.6400000000000001,2.74,74.73
Z1,2022,MMR Dose 2 by Age 7,2015,71.89,0.6700000000000002,-3.25,74.08
Z1,2023,MMR Dose 2 by Age 7,2016,69.33,0.7000000000000001,-4.7,72.63000000000001
Z2,2014,MMR Dose 1 by Age 13,2001,98.25,0.09,20.970000000000002,96.38000000000001
Z2,2015,MMR Dose 1 by Age 13,2002,98.12,0.09,17.69,96.51
Z2,2016,MMR Dose 1 by Age 13,2003,98.02,0.09,14.93,96.66000000000001
Z2,2017,MMR Dose 1 by Age 13,2004,98.19000000000001,0.09,14.92,96.92
Z2,2018,MMR Dose 1 by Age 13,2005,97.88000000000001,0.09,8.55,97.09
Z2,2019,MMR Dose 1 by Age 13,2006,97.85000000000001,0.09,11.600000000000001,96.81000000000002
Z2,2020,MMR Dose 1 by Age 13,2007,97.36000000000001,0.1,10.73,96.30000000000001
Z2,2021,MMR Dose 1 by Age 13,2008,96.83000000000001,0.11,11.200000000000001,95.64000000000001
Z2,2022,MMR Dose 1 by Age 13,2009,96.32000000000001,0.12000000000000001,8.97,95.25
Z2,2023,MMR Dose 1 by Age 13,2010,96.66000000000001,0.11,15.31,94.95
Z2,2014,MMR Dose 1 by Age 17,1997,98.69000000000001,0.07,33.94,96.23
Z2,2015,MMR Dose 1 by Age 17,1998,98.89000000000001,0.06,37.690000000000005,96.51
Z2,2016,MMR Dose 1 by Age 17,1999,98.85000000000001,0.07,32.870000000000005,96.71000000000001
Z2,2017,MMR Dose 1 by Age 17,2000,98.91000000000001,0.06,32.0,96.94000000000001
Z2,2018,MMR Dose 1 by Age 17,2001,98.93,0.06,32.190000000000005,97.03
Z2,2019,MMR Dose 1 by Age 17,2002,98.83000000000001,0.06,25.8,97.22
Z2,2020,MMR Dose 1 by Age 17,2003,98.76,0.06,16.130000000000003,97.75
Z2,2021,MMR Dose 1 by Age 17,2004,98.85000000000001,0.06,17.130000000000003,97.84000000000002
Z2,2022,MMR Dose 1 by Age 17,2005,98.58,0.07,11.34,97.83000000000001
Z2,2023,MMR Dose 1 by Age 17,2006,98.23,0.08,12.42,97.27
Z2,2014,MMR Dose 1 by Age 2,2012,90.44000000000001,0.21000000000000002,11.51,88.05
Z2,2015,MMR Dose 1 by Age 2,2013,89.30000000000001,0.22,10.0,87.11000000000001
Z2,2016,MMR Dose 1 by Age 2,2014,89.69000000000001,0.21000000000000002,11.38,87.29
Z2,2017,MMR Dose 1 by Age 2,2015,89.53,0.21000000000000002,11.63,87.05
Z2,2018,MMR Dose 1 by Age 2,2016,89.7,0.21000000000000002,13.92,86.73
Z2,2019,MMR Dose 1 by Age 2,2017,90.15,0.21000000000000002,15.190000000000001,86.96000000000001
Z2,2020,MMR Dose 1 by Age 2,2018,90.08,0.22,15.89,86.65
Z2,2021,MMR Dose 1 by Age 2,2019,87.38000000000001,0.24000000000000002,17.3,83.2
Z2,2022,MMR Dose 1 by Age 2,2020,87.23,0.25,20.830000000000002,82.07
Z2,2023,MMR Dose 1 by Age 2,2021,86.53,0.24000000000000002,20.230000000000004,81.67
Z2,2014,MMR Dose 2 by Age 13,2001,95.76,0.15000000000000002,27.150000000000002,91.76
Z2,2015,MMR Dose 2 by Age 13,2002,95.51,0.15000000000000002,25.68,91.68
Z2,2016,MMR Dose 2 by Age 13,2003,94.43,0.16,19.85,91.18
Z2,2017,MMR Dose 2 by Age 13,2004,94.65,0.16,20.44,91.45
Z2,2018,MMR Dose 2 by Age 13,2005,93.64000000000001,0.17,13.790000000000001,91.34000000000002
Z2,2019,MMR Dose 2 by Age 13,2006,93.44000000000001,0.17,12.02,91.46000000000001
Z2,2020,MMR Dose 2 by Age 13,2007,93.13000000000001,0.16,13.04,91.01
Z2,2021,MMR Dose 2 by Age 13,2008,91.80000000000001,0.18,11.34,89.81000000000002
Z2,2022,MMR Dose 2 by Age 13,2009,92.06,0.17,12.83,89.83000000000001
Z2,2023,MMR Dose 2 by Age 13,2010,92.68,0.16,18.64,89.61000000000001
Z2,2014,MMR Dose 2 by Age 17,1997,96.34000000000002,0.13,29.470000000000002,92.41000000000001
Z2,2015,MMR Dose 2 by Age 17,1998,96.9,0.12000000000000001,35.38,92.75
Z2,2016,MMR Dose 2 by Age 17,1999,97.19000000000001,0.11,35.67,93.22
Z2,2017,MMR Dose 2 by Age 17,2000,97.52,0.1,40.2,93.49000000000001
Z2,2018,MMR Dose 2 by Age 17,2001,97.42,0.1,39.790000000000006,93.37
Z2,2019,MMR Dose 2 by Age 17,2002,97.26,0.1,35.52,93.56
Z2,2020,MMR Dose 2 by Age 17,2003,96.49000000000001,0.12000000000000001,18.29,94.32000000000001
Z2,2021,MMR Dose 2 by Age 17,2004,96.55,0.11,19.38,94.35000000000001
Z2,2022,MMR Dose 2 by Age 17,2005,95.44000000000001,0.13,13.83,93.60000000000001
Z2,2023,MMR Dose 2 by Age 17,2006,94.30000000000001,0.15000000000000002,11.150000000000002,92.62
Z2,2023,MMR Dose 2 by Age 2,2021,74.98,0.30000000000000004,18.75,69.32
Z2,2014,MMR Dose 2 by Age 7,2007,84.57,0.25,15.82,80.57
Z2,2015,MMR Dose 2 by Age 7,2008,84.52,0.25,13.06,81.30000000000001
Z2,2016,MMR Dose 2 by Age 7,2009,85.34000000000002,0.24000000000000002,13.55,82.10000000000001
Z2,2017,MMR Dose 2 by Age 7,2010,85.52,0.24000000000000002,16.36,81.63000000000001
Z2,2018,MMR Dose 2 by Age 7,2011,85.34000000000002,0.24000000000000002,17.910000000000004,81.08
Z2,2019,MMR Dose 2 by Age 7,2012,85.37,0.24000000000000002,15.360000000000001,81.72
Z2,2020,MMR Dose 2 by Age 7,2013,81.55,0.26,15.09,77.60000000000001
Z2,2021,MMR Dose 2 by Age 7,2014,76.85000000000001,0.28,7.53,74.73
Z2,2022,MMR Dose 2 by Age 7,2015,78.7,0.27,17.02,74.08
Z2,2023,MMR Dose 2 by Age 7,2016,79.23,0.26,24.98,72.63000000000001
Z3,2014,MMR Dose 1 by Age 13,2001,94.81000000000002,0.31000000000000005,-5.05,96.38000000000001
Z3,2015,MMR Dose 1 by Age 13,2002,95.80000000000001,0.27,-2.66,96.51
Z3,2016,MMR Dose 1 by Age 13,2003,95.42,0.28,-4.49,96.66000000000001
Z3,2017,MMR Dose 1 by Age 13,2004,95.57,0.27,-5.02,96.92
Z3,2018,MMR Dose 1 by Age 13,2005,94.99000000000001,0.29000000000000004,-7.29,97.09
Z3,2019,MMR Dose 1 by Age 13,2006,95.13000000000001,0.27,-6.2700000000000005,96.81000000000002
Z3,2020,MMR Dose 1 by Age 13,2007,94.29,0.29000000000000004,-6.99,96.30000000000001
Z3,2021,MMR Dose 1 by Age 13,2008,93.45,0.31000000000000005,-7.11,95.64000000000001
Z3,2022,MMR Dose 1 by Age 13,2009,93.13000000000001,0.32000000000000006,-6.72,95.25
Z3,2023,MMR Dose 1 by Age 13,2010,91.98,0.35000000000000003,-8.53,94.95
Z3,2014,MMR Dose 1 by Age 17,1997,95.09,0.30000000000000004,-3.75,96.23
Z3,2015,MMR Dose 1 by Age 17,1998,95.31000000000002,0.29000000000000004,-4.11,96.51
Z3,2016,MMR Dose 1 by Age 17,1999,96.0,0.26,-2.72,96.71000000000001
Z3,2017,MMR Dose 1 by Age 17,2000,95.80000000000001,0.27,-4.23,96.94000000000001
Z3,2018,MMR Dose 1 by Age 17,2001,95.85000000000001,0.27,-4.430000000000001,97.03
Z3,2019,MMR Dose 1 by Age 17,2002,96.87,0.22,-1.58,97.22
Z3,2020,MMR Dose 1 by Age 17,2003,96.30000000000001,0.24000000000000002,-6.08,97.75
Z3,2021,MMR Dose 1 by Age 17,2004,96.61000000000001,0.22,-5.5,97.84000000000002
Z3,2022,MMR Dose 1 by Age 17,2005,95.7,0.26,-8.16,97.83000000000001
Z3,2023,MMR Dose 1 by Age 17,2006,95.54,0.25,-6.82,97.27
Z3,2014,MMR Dose 1 by Age 2,2012,83.49000000000001,0.49,-9.39,88.05
Z3,2015,MMR Dose 1 by Age 2,2013,82.77,0.49,-8.780000000000001,87.11000000000001
Z3,2016,MMR Dose 1 by Age 2,2014,83.77,0.48000000000000004,-7.3100000000000005,87.29
Z3,2017,MMR Dose 1 by Age 2,2015,82.77,0.49,-8.700000000000001,87.05
Z3,2018,MMR Dose 1 by Age 2,2016,81.76,0.52,-9.64,86.73
Z3,2019,MMR Dose 1 by Age 2,2017,82.46000000000001,0.52,-8.69,86.96000000000001
Z3,2020,MMR Dose 1 by Age 2,2018,82.86000000000001,0.52,-7.2700000000000005,86.65
Z3,2021,MMR Dose 1 by Age 2,2019,77.06,0.6000000000000001,-10.280000000000001,83.2
Z3,2022,MMR Dose 1 by Age 2,2020,74.64000000000001,0.6300000000000001,-11.71,82.07
Z3,2023,MMR Dose 1 by Age 2,2021,73.16000000000001,0.6400000000000001,-13.38,81.67
Z3,2014,MMR Dose 2 by Age 13,2001,89.24000000000001,0.43000000000000005,-5.840000000000001,91.76
Z3,2015,MMR Dose 2 by Age 13,2002,90.19000000000001,0.4,-3.71,91.68
Z3,2016,MMR Dose 2 by Age 13,2003,88.91000000000001,0.42000000000000004,-5.390000000000001,91.18
Z3,2017,MMR Dose 2 by Age 13,2004,89.88000000000001,0.4,-3.9200000000000004,91.45
Z3,2018,MMR Dose 2 by Age 13,2005,88.06,0.43000000000000005,-7.680000000000001,91.34000000000002
Z3,2019,MMR Dose 2 by Age 13,2006,88.76,0.4,-6.680000000000001,91.46000000000001
Z3,2020,MMR Dose 2 by Age 13,2007,87.92,0.41000000000000003,-7.53,91.01
Z3,2021,MMR Dose 2 by Age 13,2008,86.49000000000001,0.43000000000000005,-7.75,89.81000000000002
Z3,2022,MMR Dose 2 by Age 13,2009,87.01,0.42000000000000004,-6.670000000000001,89.83000000000001
Z3,2023,MMR Dose 2 by Age 13,2010,85.41000000000001,0.45,-9.38,89.61000000000001
Z3,2014,MMR Dose 2 by Age 17,1997,91.57,0.38000000000000006,-2.23,92.41000000000001
Z3,2015,MMR Dose 2 by Age 17,1998,91.94000000000001,0.37000000000000005,-2.19,92.75
Z3,2016,MMR Dose 2 by Age 17,1999,92.45,0.35000000000000003,-2.2,93.22
Z3,2017,MMR Dose 2 by Age 17,2000,91.79,0.37000000000000005,-4.630000000000001,93.49000000000001
Z3,2018,MMR Dose 2 by Age 17,2001,91.71000000000001,0.37000000000000005,-4.5,93.37
Z3,2019,MMR Dose 2 by Age 17,2002,92.92,0.33000000000000007,-1.9300000000000002,93.56
Z3,2020,MMR Dose 2 by Age 17,2003,91.66000000000001,0.36000000000000004,-7.42,94.32000000000001
Z3,2021,MMR Dose 2 by Age 17,2004,92.51,0.34,-5.430000000000001,94.35000000000001
Z3,2022,MMR Dose 2 by Age 17,2005,90.19000000000001,0.39,-8.790000000000001,93.60000000000001
Z3,2023,MMR Dose 2 by Age 17,2006,90.10000000000001,0.38000000000000006,-6.680000000000001,92.62
Z3,2023,MMR Dose 2 by Age 2,2021,57.690000000000005,0.7000000000000001,-16.54,69.32
Z3,2014,MMR Dose 2 by Age 7,2007,76.78,0.54,-6.98,80.57
Z3,2015,MMR Dose 2 by Age 7,2008,76.35,0.54,-9.12,81.30000000000001
Z3,2016,MMR Dose 2 by Age 7,2009,77.84000000000002,0.53,-8.07,82.10000000000001
Z3,2017,MMR Dose 2 by Age 7,2010,75.98,0.55,-10.32,81.63000000000001
Z3,2018,MMR Dose 2 by Age 7,2011,76.67,0.54,-8.16,81.08
Z3,2019,MMR Dose 2 by Age 7,2012,76.73,0.54,-9.250000000000002,81.72
Z3,2020,MMR Dose 2 by Age 7,2013,73.59,0.5700000000000001,-7.07,77.60000000000001
Z3,2021,MMR Dose 2 by Age 7,2014,71.81,0.58,-5.01,74.73
Z3,2022,MMR Dose 2 by Age 7,2015,72.10000000000001,0.58,-3.4200000000000004,74.08
Z3,2023,MMR Dose 2 by Age 7,2016,67.22,0.6100000000000001,-8.84,72.63000000000001
Z4,2014,MMR Dose 1 by Age 13,2001,96.16000000000001,0.16,-1.36,96.38000000000001
Z4,2015,MMR Dose 1 by Age 13,2002,96.18,0.16,-2.07,96.51
Z4,2016,MMR Dose 1 by Age 13,2003,96.78,0.14,0.88,96.66000000000001
Z4,2017,MMR Dose 1 by Age 13,2004,97.01,0.13,0.68,96.92
Z4,2018,MMR Dose 1 by Age 13,2005,97.89000000000001,0.1,8.15,97.09
Z4,2019,MMR Dose 1 by Age 13,2006,97.46000000000001,0.11,5.92,96.81000000000002
Z4,2020,MMR Dose 1 by Age 13,2007,97.09,0.11,6.92,96.30000000000001
Z4,2021,MMR Dose 1 by Age 13,2008,96.53,0.13,7.05,95.64000000000001
Z4,2022,MMR Dose 1 by Age 13,2009,96.35000000000001,0.13,8.53,95.25
Z4,2023,MMR Dose 1 by Age 13,2010,95.64000000000001,0.14,4.82,94.95
Z4,2014,MMR Dose 1 by Age 17,1997,95.02,0.19,-6.180000000000001,96.23
Z4,2015,MMR Dose 1 by Age 17,1998,95.4,0.18,-6.11,96.51
Z4,2016,MMR Dose 1 by Age 17,1999,95.77,0.17,-5.46,96.71000000000001
Z4,2017,MMR Dose 1 by Age 17,2000,96.45,0.15000000000000002,-3.16,96.94000000000001
Z4,2018,MMR Dose 1 by Age 17,2001,96.45,0.15000000000000002,-3.79,97.03
Z4,2019,MMR Dose 1 by Age 17,2002,96.60000000000001,0.14,-4.319999999999999,97.22
Z4,2020,MMR Dose 1 by Age 17,2003,98.06,0.09,3.35,97.75
Z4,2021,MMR Dose 1 by Age 17,2004,98.0,0.09,1.7500000000000002,97.84000000000002
Z4,2022,MMR Dose 1 by Age 17,2005,98.45,0.08,8.11,97.83000000000001
Z4,2023,MMR Dose 1 by Age 17,2006,97.88000000000001,0.09,6.48,97.27
Z4,2014,MMR Dose 1 by Age 2,2012,89.95,0.23,8.22,88.05
Z4,2015,MMR Dose 1 by Age 2,2013,89.92,0.23,12.23,87.11000000000001
Z4,2016,MMR Dose 1 by Age 2,2014,90.16000000000001,0.22,12.93,87.29
Z4,2017,MMR Dose 1 by Age 2,2015,89.83000000000001,0.22,12.42,87.05
Z4,2018,MMR Dose 1 by Age 2,2016,89.06,0.23,10.07,86.73
Z4,2019,MMR Dose 1 by Age 2,2017,89.12,0.23,9.250000000000002,86.96000000000001
Z4,2020,MMR Dose 1 by Age 2,2018,88.65,0.24000000000000002,8.33,86.65
Z4,2021,MMR Dose 1 by Age 2,2019,86.06,0.27,10.73,83.2
Z4,2022,MMR Dose 1 by Age 2,2020,85.64000000000001,0.27,13.01,82.07
Z4,2023,MMR Dose 1 by Age 2,2021,84.26,0.27,9.43,81.67
Z4,2014,MMR Dose 2 by Age 13,2001,89.75,0.26,-7.75,91.76
Z4,2015,MMR Dose 2 by Age 13,2002,89.15,0.26,-9.620000000000001,91.68
Z4,2016,MMR Dose 2 by Age 13,2003,89.19000000000001,0.26,-7.66,91.18
Z4,2017,MMR Dose 2 by Age 13,2004,89.86000000000001,0.25,-6.470000000000001,91.45
Z4,2018,MMR Dose 2 by Age 13,2005,91.58,0.22,1.12,91.34000000000002
Z4,2019,MMR Dose 2 by Age 13,2006,92.42,0.2,4.91,91.46000000000001
Z4,2020,MMR Dose 2 by Age 13,2007,91.87,0.2,4.38,91.01
Z4,2021,MMR Dose 2 by Age 13,2008,90.89000000000001,0.21000000000000002,5.24,89.81000000000002
Z4,2022,MMR Dose 2 by Age 13,2009,90.60000000000001,0.21000000000000002,3.7,89.83000000000001
Z4,2023,MMR Dose 2 by Age 13,2010,89.9,0.21000000000000002,1.3800000000000001,89.61000000000001
Z4,2014,MMR Dose 2 by Age 17,1997,89.10000000000001,0.27,-12.02,92.41000000000001
Z4,2015,MMR Dose 2 by Age 17,1998,89.17,0.27,-13.31,92.75
Z4,2016,MMR Dose 2 by Age 17,1999,90.24000000000001,0.25,-11.780000000000001,93.22
Z4,2017,MMR Dose 2 by Age 17,2000,90.68,0.25,-11.360000000000001,93.49000000000001
Z4,2018,MMR Dose 2 by Age 17,2001,90.57,0.24000000000000002,-11.49,93.37
Z4,2019,MMR Dose 2 by Age 17,2002,90.53,0.24000000000000002,-12.770000000000001,93.56
Z4,2020,MMR Dose 2 by Age 17,2003,93.93,0.17,-2.24,94.32000000000001
Z4,2021,MMR Dose 2 by Age 17,2004,93.95,0.17,-2.2800000000000002,94.35000000000001
Z4,2022,MMR Dose 2 by Age 17,2005,94.26,0.17,3.95,93.60000000000001
Z4,2023,MMR Dose 2 by Age 17,2006,93.74000000000001,0.17,6.42,92.62
Z4,2023,MMR Dose 2 by Age 2,2021,72.13000000000001,0.33000000000000007,8.41,69.32
Z4,2014,MMR Dose 2 by Age 7,2007,80.66000000000001,0.31000000000000005,0.30000000000000004,80.57
Z4,2015,MMR Dose 2 by Age 7,2008,82.03,0.29000000000000004,2.4600000000000004,81.30000000000001
Z4,2016,MMR Dose 2 by Age 7,2009,82.79,0.29000000000000004,2.4200000000000004,82.10000000000001
Z4,2017,MMR Dose 2 by Age 7,2010,81.80000000000001,0.29000000000000004,0.59,81.63000000000001
Z4,2018,MMR Dose 2 by Age 7,2011,80.95,0.29000000000000004,-0.43000000000000005,81.08
Z4,2019,MMR Dose 2 by Age 7,2012,81.66000000000001,0.28,-0.22,81.72
Z4,2020,MMR Dose 2 by Age 7,2013,75.53,0.31000000000000005,-6.6000000000000005,77.60000000000001
Z4,2021,MMR Dose 2 by Age 7,2014,74.65,0.31000000000000005,-0.27,74.73
Z4,2022,MMR Dose 2 by Age 7,2015,72.74000000000001,0.32000000000000006,-4.21,74.08
Z4,2023,MMR Dose 2 by Age 7,2016,70.66000000000001,0.32000000000000006,-6.12,72.63000000000001
Z5,2014,MMR Dose 1 by Age 13,2001,93.79,0.31000000000000005,-8.32,96.38000000000001
Z5,2015,MMR Dose 1 by Age 13,2002,94.29,0.29000000000000004,-7.56,96.51
Z5,2016,MMR Dose 1 by Age 13,2003,94.27,0.29000000000000004,-8.33,96.66000000000001
Z5,2017,MMR Dose 1 by Age 13,2004,94.38000000000001,0.28,-9.03,96.92
Z5,2018,MMR Dose 1 by Age 13,2005,94.62,0.27,-9.18,97.09
Z5,2019,MMR Dose 1 by Age 13,2006,93.79,0.28,-10.71,96.81000000000002
Z5,2020,MMR Dose 1 by Age 13,2007,93.13000000000001,0.29000000000000004,-10.93,96.30000000000001
Z5,2021,MMR Dose 1 by Age 13,2008,92.03,0.31000000000000005,-11.690000000000001,95.64000000000001
Z5,2022,MMR Dose 1 by Age 13,2009,92.05,0.30000000000000004,-10.53,95.25
Z5,2023,MMR Dose 1 by Age 13,2010,91.35000000000001,0.32000000000000006,-11.23,94.95
Z5,2014,MMR Dose 1 by Age 17,1997,93.09,0.33000000000000007,-9.4,96.23
Z5,2015,MMR Dose 1 by Age 17,1998,93.21000000000001,0.33000000000000007,-10.100000000000001,96.51
Z5,2016,MMR Dose 1 by Age 17,1999,93.59,0.31000000000000005,-9.91,96.71000000000001
Z5,2017,MMR Dose 1 by Age 17,2000,94.39000000000001,0.30000000000000004,-8.639999999999999,96.94000000000001
Z5,2018,MMR Dose 1 by Age 17,2001,94.78,0.28,-8.1,97.03
Z5,2019,MMR Dose 1 by Age 17,2002,95.28,0.26,-7.53,97.22
Z5,2020,MMR Dose 1 by Age 17,2003,95.27,0.25,-9.860000000000001,97.75
Z5,2021,MMR Dose 1 by Age 17,2004,95.33000000000001,0.25,-10.13,97.84000000000002
Z5,2022,MMR Dose 1 by Age 17,2005,95.47,0.24000000000000002,-9.83,97.83000000000001
Z5,2023,MMR Dose 1 by Age 17,2006,94.29,0.27,-11.150000000000002,97.27
Z5,2014,MMR Dose 1 by Age 2,2012,82.87,0.43000000000000005,-11.950000000000001,88.05
Z5,2015,MMR Dose 1 by Age 2,2013,81.17,0.45,-13.290000000000001,87.11000000000001
Z5,2016,MMR Dose 1 by Age 2,2014,79.77,0.46,-16.36,87.29
Z5,2017,MMR Dose 1 by Age 2,2015,80.03,0.46,-15.370000000000001,87.05
Z5,2018,MMR Dose 1 by Age 2,2016,79.14000000000001,0.48000000000000004,-15.96,86.73
Z5,2019,MMR Dose 1 by Age 2,2017,79.68,0.48000000000000004,-15.190000000000001,86.96000000000001
Z5,2020,MMR Dose 1 by Age 2,2018,78.4,0.5,-16.55,86.65
Z5,2021,MMR Dose 1 by Age 2,2019,73.64000000000001,0.54,-17.69,83.2
Z5,2022,MMR Dose 1 by Age 2,2020,70.49000000000001,0.58,-19.92,82.07
Z5,2023,MMR Dose 1 by Age 2,2021,71.34,0.58,-17.74,81.67
Z5,2014,MMR Dose 2 by Age 13,2001,88.16000000000001,0.42000000000000004,-8.57,91.76
Z5,2015,MMR Dose 2 by Age 13,2002,88.75,0.4,-7.300000000000001,91.68
Z5,2016,MMR Dose 2 by Age 13,2003,88.05,0.41000000000000003,-7.7,91.18
Z5,2017,MMR Dose 2 by Age 13,2004,87.42,0.41000000000000003,-9.73,91.45
Z5,2018,MMR Dose 2 by Age 13,2005,86.82000000000001,0.41000000000000003,-10.93,91.34000000000002
Z5,2019,MMR Dose 2 by Age 13,2006,86.26,0.41000000000000003,-12.650000000000002,91.46000000000001
Z5,2020,MMR Dose 2 by Age 13,2007,85.89000000000001,0.4,-12.64,91.01
Z5,2021,MMR Dose 2 by Age 13,2008,84.44000000000001,0.42000000000000004,-12.850000000000001,89.81000000000002
Z5,2022,MMR Dose 2 by Age 13,2009,84.46000000000001,0.41000000000000003,-13.02,89.83000000000001
Z5,2023,MMR Dose 2 by Age 13,2010,83.60000000000001,0.43000000000000005,-14.110000000000001,89.61000000000001
Z5,2014,MMR Dose 2 by Age 17,1997,90.63000000000001,0.37000000000000005,-4.79,92.41000000000001
Z5,2015,MMR Dose 2 by Age 17,1998,90.17,0.38000000000000006,-6.82,92.75
Z5,2016,MMR Dose 2 by Age 17,1999,90.41000000000001,0.37000000000000005,-7.56,93.22
Z5,2017,MMR Dose 2 by Age 17,2000,90.86000000000001,0.36000000000000004,-7.2700000000000005,93.49000000000001
Z5,2018,MMR Dose 2 by Age 17,2001,90.53,0.37000000000000005,-7.71,93.37
Z5,2019,MMR Dose 2 by Age 17,2002,91.13000000000001,0.35000000000000003,-6.98,93.56
Z5,2020,MMR Dose 2 by Age 17,2003,90.82000000000001,0.35000000000000003,-10.08,94.32000000000001
Z5,2021,MMR Dose 2 by Age 17,2004,90.42,0.35000000000000003,-11.06,94.35000000000001
Z5,2022,MMR Dose 2 by Age 17,2005,89.19000000000001,0.37000000000000005,-11.850000000000001,93.60000000000001
Z5,2023,MMR Dose 2 by Age 17,2006,87.47,0.39,-13.150000000000002,92.62
Z5,2023,MMR Dose 2 by Age 2,2021,57.51,0.6300000000000001,-18.71,69.32
Z5,2014,MMR Dose 2 by Age 7,2007,72.15,0.53,-15.780000000000001,80.57
Z5,2015,MMR Dose 2 by Age 7,2008,74.11000000000001,0.51,-14.07,81.30000000000001
Z5,2016,MMR Dose 2 by Age 7,2009,75.3,0.5,-13.690000000000001,82.10000000000001
Z5,2017,MMR Dose 2 by Age 7,2010,74.35,0.51,-14.350000000000001,81.63000000000001
Z5,2018,MMR Dose 2 by Age 7,2011,73.23,0.51,-15.51,81.08
Z5,2019,MMR Dose 2 by Age 7,2012,75.78,0.49,-12.190000000000001,81.72
Z5,2020,MMR Dose 2 by Age 7,2013,73.34,0.51,-8.44,77.60000000000001
Z5,2021,MMR Dose 2 by Age 7,2014,70.32,0.52,-8.42,74.73
Z5,2022,MMR Dose 2 by Age 7,2015,66.92,0.53,-13.41,74.08
Z5,2023,MMR Dose 2 by Age 7,2016,63.45,0.56,-16.38,72.63000000000001
Z1.1,2014,MMR Dose 1 by Age 13,2001,91.79,1.2200000000000002,-3.7600000000000002,96.38000000000001
Z1.1,2015,MMR Dose 1 by Age 13,2002,93.22,1.1400000000000001,-2.89,96.51
Z1.1,2016,MMR Dose 1 by Age 13,2003,92.48,1.1400000000000001,-3.65,96.66000000000001
Z1.1,2017,MMR Dose 1 by Age 13,2004,95.67,0.8700000000000001,-1.4300000000000002,96.92
Z1.1,2018,MMR Dose 1 by Age 13,2005,93.09,1.11,-3.6,97.09
Z1.1,2019,MMR Dose 1 by Age 13,2006,93.03,1.04,-3.62,96.81000000000002
Z1.1,2020,MMR Dose 1 by Age 13,2007,91.81000000000002,1.12,-4.02,96.30000000000001
Z1.1,2021,MMR Dose 1 by Age 13,2008,91.64000000000001,1.1400000000000001,-3.5,95.64000000000001
Z1.1,2022,MMR Dose 1 by Age 13,2009,91.49000000000001,1.1300000000000001,-3.31,95.25
Z1.1,2023,MMR Dose 1 by Age 13,2010,90.9,1.1900000000000002,-3.4200000000000004,94.95
Z1.1,2014,MMR Dose 1 by Age 17,1997,94.13000000000001,0.97,-2.17,96.23
Z1.1,2015,MMR Dose 1 by Age 17,1998,93.57,1.03,-2.87,96.51
Z1.1,2016,MMR Dose 1 by Age 17,1999,95.24000000000001,0.89,-1.6600000000000001,96.71000000000001
Z1.1,2017,MMR Dose 1 by Age 17,2000,92.27,1.2000000000000002,-3.9000000000000004,96.94000000000001
Z1.1,2018,MMR Dose 1 by Age 17,2001,92.67,1.1400000000000001,-3.81,97.03
Z1.1,2019,MMR Dose 1 by Age 17,2002,93.76,1.08,-3.2,97.22
Z1.1,2020,MMR Dose 1 by Age 17,2003,93.08,1.09,-4.28,97.75
Z1.1,2021,MMR Dose 1 by Age 17,2004,96.04,0.8200000000000001,-2.19,97.84000000000002
Z1.1,2022,MMR Dose 1 by Age 17,2005,93.22,1.1,-4.180000000000001,97.83000000000001
Z1.1,2023,MMR Dose 1 by Age 17,2006,93.42,1.01,-3.81,97.27
Z1.1,2014,MMR Dose 1 by Age 2,2012,82.18,1.6300000000000001,-3.59,88.05
Z1.1,2015,MMR Dose 1 by Age 2,2013,81.05,1.6900000000000002,-3.59,87.11000000000001
Z1.1,2016,MMR Dose 1 by Age 2,2014,80.44000000000001,1.7000000000000002,-4.03,87.29
Z1.1,2017,MMR Dose 1 by Age 2,2015,80.94000000000001,1.7500000000000002,-3.4800000000000004,87.05
Z1.1,2018,MMR Dose 1 by Age 2,2016,85.03,1.51,-1.1300000000000001,86.73
Z1.1,2019,MMR Dose 1 by Age 2,2017,81.03,1.7800000000000002,-3.3200000000000003,86.96000000000001
Z1.1,2020,MMR Dose 1 by Age 2,2018,83.74000000000001,1.6400000000000001,-1.7800000000000002,86.65
Z1.1,2021,MMR Dose 1 by Age 2,2019,72.09,2.12,-5.24,83.2
Z1.1,2022,MMR Dose 1 by Age 2,2020,67.67,2.2,-6.56,82.07
Z1.1,2023,MMR Dose 1 by Age 2,2021,70.17,2.08,-5.52,81.67
Z1.1,2014,MMR Dose 2 by Age 13,2001,90.10000000000001,1.2800000000000002,-1.3,91.76
Z1.1,2015,MMR Dose 2 by Age 13,2002,89.69000000000001,1.35,-1.4700000000000002,91.68
Z1.1,2016,MMR Dose 2 by Age 13,2003,90.11000000000001,1.2800000000000002,-0.8400000000000001,91.18
Z1.1,2017,MMR Dose 2 by Age 13,2004,89.78,1.32,-1.2700000000000002,91.45
Z1.1,2018,MMR Dose 2 by Age 13,2005,89.08,1.32,-1.7100000000000002,91.34000000000002
Z1.1,2019,MMR Dose 2 by Age 13,2006,87.21000000000001,1.3900000000000001,-3.04,91.46000000000001
Z1.1,2020,MMR Dose 2 by Age 13,2007,88.39000000000001,1.31,-1.9900000000000002,91.01
Z1.1,2021,MMR Dose 2 by Age 13,2008,83.95,1.51,-3.87,89.81000000000002
Z1.1,2022,MMR Dose 2 by Age 13,2009,84.47,1.4900000000000002,-3.6,89.83000000000001
Z1.1,2023,MMR Dose 2 by Age 13,2010,85.5,1.4300000000000002,-2.8800000000000003,89.61000000000001
Z1.1,2014,MMR Dose 2 by Age 17,1997,90.24000000000001,1.2400000000000002,-1.7500000000000002,92.41000000000001
Z1.1,2015,MMR Dose 2 by Age 17,1998,92.06,1.1400000000000001,-0.6100000000000001,92.75
Z1.1,2016,MMR Dose 2 by Age 17,1999,93.36000000000001,0.99,0.14,93.22
Z1.1,2017,MMR Dose 2 by Age 17,2000,91.03,1.2500000000000002,-1.9600000000000002,93.49000000000001
Z1.1,2018,MMR Dose 2 by Age 17,2001,91.26,1.1900000000000002,-1.7700000000000002,93.37
Z1.1,2019,MMR Dose 2 by Age 17,2002,91.25,1.2300000000000002,-1.87,93.56
Z1.1,2020,MMR Dose 2 by Age 17,2003,90.71000000000001,1.2300000000000002,-2.93,94.32000000000001
Z1.1,2021,MMR Dose 2 by Age 17,2004,91.56,1.1900000000000002,-2.3400000000000003,94.35000000000001
Z1.1,2022,MMR Dose 2 by Age 17,2005,89.52,1.2900000000000003,-3.15,93.60000000000001
Z1.1,2023,MMR Dose 2 by Age 17,2006,87.98,1.35,-3.4400000000000004,92.62
Z1.1,2023,MMR Dose 2 by Age 2,2021,56.02,2.24,-5.94,69.32
Z1.1,2014,MMR Dose 2 by Age 7,2007,77.43,1.7400000000000002,-1.8,80.57
Z1.1,2015,MMR Dose 2 by Age 7,2008,78.32000000000001,1.7000000000000002,-1.7600000000000002,81.30000000000001
Z1.1,2016,MMR Dose 2 by Age 7,2009,79.17,1.6800000000000002,-1.7500000000000002,82.10000000000001
Z1.1,2017,MMR Dose 2 by Age 7,2010,79.95,1.6300000000000001,-1.03,81.63000000000001
Z1.1,2018,MMR Dose 2 by Age 7,2011,79.02,1.7300000000000002,-1.1900000000000002,81.08
Z1.1,2019,MMR Dose 2 by Age 7,2012,79.89000000000001,1.6500000000000001,-1.11,81.72
Z1.1,2020,MMR Dose 2 by Age 7,2013,79.02,1.7200000000000002,0.8200000000000001,77.60000000000001
Z1.1,2021,MMR Dose 2 by Age 7,2014,75.15,1.7700000000000002,0.24000000000000002,74.73
Z1.1,2022,MMR Dose 2 by Age 7,2015,69.61000000000001,2.04,-2.19,74.08
Z1.1,2023,MMR Dose 2 by Age 7,2016,71.44000000000001,1.9000000000000001,-0.6300000000000001,72.63000000000001
Z1.2,2014,MMR Dose 1 by Age 13,2001,90.35000000000001,0.99,-6.09,96.38000000000001
Z1.2,2015,MMR Dose 1 by Age 13,2002,90.43,0.98,-6.21,96.51
Z1.2,2016,MMR Dose 1 by Age 13,2003,90.5,0.96,-6.42,96.66000000000001
Z1.2,2017,MMR Dose 1 by Age 13,2004,90.2,0.99,-6.7700000000000005,96.92
Z1.2,2018,MMR Dose 1 by Age 13,2005,91.07,0.91,-6.630000000000001,97.09
Z1.2,2019,MMR Dose 1 by Age 13,2006,88.30000000000001,1.03,-8.250000000000002,96.81000000000002
Z1.2,2020,MMR Dose 1 by Age 13,2007,87.81000000000002,1.0,-8.49,96.30000000000001
Z1.2,2021,MMR Dose 1 by Age 13,2008,87.22,0.99,-8.47,95.64000000000001
Z1.2,2022,MMR Dose 1 by Age 13,2009,85.65,1.06,-9.06,95.25
Z1.2,2023,MMR Dose 1 by Age 13,2010,83.08,1.1300000000000001,-10.49,94.95
Z1.2,2014,MMR Dose 1 by Age 17,1997,91.60000000000001,0.89,-5.180000000000001,96.23
Z1.2,2015,MMR Dose 1 by Age 17,1998,92.22,0.89,-4.8500000000000005,96.51
Z1.2,2016,MMR Dose 1 by Age 17,1999,92.02,0.89,-5.25,96.71000000000001
Z1.2,2017,MMR Dose 1 by Age 17,2000,91.45,0.9400000000000001,-5.8100000000000005,96.94000000000001
Z1.2,2018,MMR Dose 1 by Age 17,2001,90.65,0.97,-6.57,97.03
Z1.2,2019,MMR Dose 1 by Age 17,2002,91.11000000000001,0.93,-6.56,97.22
Z1.2,2020,MMR Dose 1 by Age 17,2003,91.17,0.91,-7.21,97.75
Z1.2,2021,MMR Dose 1 by Age 17,2004,90.47,0.98,-7.56,97.84000000000002
Z1.2,2022,MMR Dose 1 by Age 17,2005,91.32000000000001,0.89,-7.300000000000001,97.83000000000001
Z1.2,2023,MMR Dose 1 by Age 17,2006,88.58,1.02,-8.55,97.27
Z1.2,2014,MMR Dose 1 by Age 2,2012,74.11000000000001,1.34,-10.44,88.05
Z1.2,2015,MMR Dose 1 by Age 2,2013,71.05,1.3900000000000001,-11.53,87.11000000000001
Z1.2,2016,MMR Dose 1 by Age 2,2014,69.64000000000001,1.4000000000000001,-12.600000000000001,87.29
Z1.2,2017,MMR Dose 1 by Age 2,2015,68.41000000000001,1.4100000000000001,-13.23,87.05
Z1.2,2018,MMR Dose 1 by Age 2,2016,66.57,1.4400000000000002,-13.99,86.73
Z1.2,2019,MMR Dose 1 by Age 2,2017,61.56,1.4800000000000002,-17.110000000000003,86.96000000000001
Z1.2,2020,MMR Dose 1 by Age 2,2018,60.58,1.51,-17.29,86.65
Z1.2,2021,MMR Dose 1 by Age 2,2019,53.14,1.55,-19.42,83.2
Z1.2,2022,MMR Dose 1 by Age 2,2020,45.65,1.53,-23.770000000000003,82.07
Z1.2,2023,MMR Dose 1 by Age 2,2021,45.900000000000006,1.57,-22.8,81.67
Z1.2,2014,MMR Dose 2 by Age 13,2001,85.15,1.1500000000000001,-5.73,91.76
Z1.2,2015,MMR Dose 2 by Age 13,2002,85.31000000000002,1.1500000000000001,-5.54,91.68
Z1.2,2016,MMR Dose 2 by Age 13,2003,84.51,1.1400000000000001,-5.830000000000001,91.18
Z1.2,2017,MMR Dose 2 by Age 13,2004,85.60000000000001,1.1,-5.32,91.45
Z1.2,2018,MMR Dose 2 by Age 13,2005,84.95,1.1,-5.79,91.34000000000002
Z1.2,2019,MMR Dose 2 by Age 13,2006,81.34000000000002,1.2000000000000002,-8.41,91.46000000000001
Z1.2,2020,MMR Dose 2 by Age 13,2007,81.16000000000001,1.1500000000000001,-8.59,91.01
Z1.2,2021,MMR Dose 2 by Age 13,2008,80.66000000000001,1.1700000000000002,-7.82,89.81000000000002
Z1.2,2022,MMR Dose 2 by Age 13,2009,80.35000000000001,1.1700000000000002,-8.129999999999999,89.83000000000001
Z1.2,2023,MMR Dose 2 by Age 13,2010,75.25,1.2800000000000002,-11.23,89.61000000000001
Z1.2,2014,MMR Dose 2 by Age 17,1997,87.61000000000001,1.06,-4.54,92.41000000000001
Z1.2,2015,MMR Dose 2 by Age 17,1998,88.97,1.0,-3.79,92.75
Z1.2,2016,MMR Dose 2 by Age 17,1999,87.61000000000001,1.07,-5.22,93.22
Z1.2,2017,MMR Dose 2 by Age 17,2000,87.4,1.09,-5.61,93.49000000000001
Z1.2,2018,MMR Dose 2 by Age 17,2001,86.74000000000001,1.09,-6.1000000000000005,93.37
Z1.2,2019,MMR Dose 2 by Age 17,2002,86.77,1.08,-6.28,93.56
Z1.2,2020,MMR Dose 2 by Age 17,2003,85.61000000000001,1.1,-7.930000000000001,94.32000000000001
Z1.2,2021,MMR Dose 2 by Age 17,2004,86.30000000000001,1.07,-7.51,94.35000000000001
Z1.2,2022,MMR Dose 2 by Age 17,2005,85.74000000000001,1.07,-7.32,93.60000000000001
Z1.2,2023,MMR Dose 2 by Age 17,2006,82.13000000000001,1.1800000000000002,-8.91,92.62
Z1.2,2023,MMR Dose 2 by Age 2,2021,37.620000000000005,1.52,-20.88,69.32
Z1.2,2014,MMR Dose 2 by Age 7,2007,74.62,1.3,-4.59,80.57
Z1.2,2015,MMR Dose 2 by Age 7,2008,74.23,1.32,-5.380000000000001,81.30000000000001
Z1.2,2016,MMR Dose 2 by Age 7,2009,74.78,1.2900000000000003,-5.7,82.10000000000001
Z1.2,2017,MMR Dose 2 by Age 7,2010,71.51,1.34,-7.54,81.63000000000001
Z1.2,2018,MMR Dose 2 by Age 7,2011,70.78,1.35,-7.630000000000001,81.08
Z1.2,2019,MMR Dose 2 by Age 7,2012,68.60000000000001,1.3900000000000001,-9.46,81.72
Z1.2,2020,MMR Dose 2 by Age 7,2013,67.36,1.3800000000000001,-7.42,77.60000000000001
Z1.2,2021,MMR Dose 2 by Age 7,2014,63.45,1.4500000000000002,-7.7700000000000005,74.73
Z1.2,2022,MMR Dose 2 by Age 7,2015,55.85,1.4500000000000002,-12.58,74.08
Z1.2,2023,MMR Dose 2 by Age 7,2016,49.45,1.4700000000000002,-15.72,72.63000000000001
Z1.3,2014,MMR Dose 1 by Age 13,2001,99.33000000000001,0.23,13.08,96.38000000000001
Z1.3,2015,MMR Dose 1 by Age 13,2002,99.51,0.17,17.46,96.51
Z1.3,2016,MMR Dose 1 by Age 13,2003,99.16000000000001,0.25,9.82,96.66000000000001
Z1.3,2017,MMR Dose 1 by Age 13,2004,99.32000000000001,0.21000000000000002,11.32,96.92
Z1.3,2018,MMR Dose 1 by Age 13,2005,99.52,0.16,15.32,97.09
Z1.3,2019,MMR Dose 1 by Age 13,2006,99.36000000000001,0.2,12.750000000000002,96.81000000000002
Z1.3,2020,MMR Dose 1 by Age 13,2007,99.58,0.13,24.36,96.30000000000001
Z1.3,2021,MMR Dose 1 by Age 13,2008,98.06,0.44,5.5,95.64000000000001
Z1.3,2022,MMR Dose 1 by Age 13,2009,98.26,0.39,7.71,95.25
Z1.3,2023,MMR Dose 1 by Age 13,2010,98.2,0.4,8.01,94.95
Z1.3,2014,MMR Dose 1 by Age 17,1997,99.60000000000001,0.15000000000000002,22.03,96.23
Z1.3,2015,MMR Dose 1 by Age 17,1998,99.36000000000001,0.22,12.91,96.51
Z1.3,2016,MMR Dose 1 by Age 17,1999,99.68,0.12000000000000001,25.1,96.71000000000001
Z1.3,2017,MMR Dose 1 by Age 17,2000,99.59,0.15000000000000002,17.430000000000003,96.94000000000001
Z1.3,2018,MMR Dose 1 by Age 17,2001,99.65,0.13,20.01,97.03
Z1.3,2019,MMR Dose 1 by Age 17,2002,99.75,0.09,26.78,97.22
Z1.3,2020,MMR Dose 1 by Age 17,2003,99.63000000000001,0.13,14.9,97.75
Z1.3,2021,MMR Dose 1 by Age 17,2004,99.68,0.11,17.06,97.84000000000002
Z1.3,2022,MMR Dose 1 by Age 17,2005,99.82000000000001,0.07,29.490000000000002,97.83000000000001
Z1.3,2023,MMR Dose 1 by Age 17,2006,99.7,0.1,23.730000000000004,97.27
Z1.3,2014,MMR Dose 1 by Age 2,2012,88.58,1.2900000000000003,0.41000000000000003,88.05
Z1.3,2015,MMR Dose 1 by Age 2,2013,88.12,1.34,0.7500000000000001,87.11000000000001
Z1.3,2016,MMR Dose 1 by Age 2,2014,87.66000000000001,1.33,0.28,87.29
Z1.3,2017,MMR Dose 1 by Age 2,2015,83.11000000000001,1.52,-2.59,87.05
Z1.3,2018,MMR Dose 1 by Age 2,2016,85.01,1.52,-1.1400000000000001,86.73
Z1.3,2019,MMR Dose 1 by Age 2,2017,83.42,1.61,-2.21,86.96000000000001
Z1.3,2020,MMR Dose 1 by Age 2,2018,83.02,1.6600000000000001,-2.19,86.65
Z1.3,2021,MMR Dose 1 by Age 2,2019,76.42,1.83,-3.71,83.2
Z1.3,2022,MMR Dose 1 by Age 2,2020,72.11000000000001,1.9600000000000002,-5.08,82.07
Z1.3,2023,MMR Dose 1 by Age 2,2021,73.22,1.9700000000000002,-4.29,81.67
Z1.3,2014,MMR Dose 2 by Age 13,2001,97.54,0.52,11.23,91.76
Z1.3,2015,MMR Dose 2 by Age 13,2002,97.60000000000001,0.52,11.370000000000001,91.68
Z1.3,2016,MMR Dose 2 by Age 13,2003,98.02,0.44,15.54,91.18
Z1.3,2017,MMR Dose 2 by Age 13,2004,96.45,0.6400000000000001,7.840000000000001,91.45
Z1.3,2018,MMR Dose 2 by Age 13,2005,96.12,0.6600000000000001,7.28,91.34000000000002
Z1.3,2019,MMR Dose 2 by Age 13,2006,96.14000000000001,0.6700000000000002,7.04,91.46000000000001
Z1.3,2020,MMR Dose 2 by Age 13,2007,94.98,0.7500000000000001,5.2700000000000005,91.01
Z1.3,2021,MMR Dose 2 by Age 13,2008,94.22,0.8300000000000001,5.32,89.81000000000002
Z1.3,2022,MMR Dose 2 by Age 13,2009,93.2,0.8700000000000001,3.85,89.83000000000001
Z1.3,2023,MMR Dose 2 by Age 13,2010,95.95,0.6600000000000001,9.650000000000002,89.61000000000001
Z1.3,2014,MMR Dose 2 by Age 17,1997,97.92,0.47000000000000003,11.81,92.41000000000001
Z1.3,2015,MMR Dose 2 by Age 17,1998,98.22,0.42000000000000004,12.99,92.75
Z1.3,2016,MMR Dose 2 by Age 17,1999,99.17,0.23,26.02,93.22
Z1.3,2017,MMR Dose 2 by Age 17,2000,99.36000000000001,0.19,30.470000000000002,93.49000000000001
Z1.3,2018,MMR Dose 2 by Age 17,2001,98.65,0.33000000000000007,16.22,93.37
Z1.3,2019,MMR Dose 2 by Age 17,2002,98.64000000000001,0.33000000000000007,15.620000000000001,93.56
Z1.3,2020,MMR Dose 2 by Age 17,2003,99.07,0.24000000000000002,19.710000000000004,94.32000000000001
Z1.3,2021,MMR Dose 2 by Age 17,2004,98.12,0.39,9.55,94.35000000000001
Z1.3,2022,MMR Dose 2 by Age 17,2005,98.08,0.38000000000000006,11.64,93.60000000000001
Z1.3,2023,MMR Dose 2 by Age 17,2006,97.83000000000001,0.42000000000000004,12.270000000000001,92.62
Z1.3,2023,MMR Dose 2 by Age 2,2021,56.17,2.17,-6.05,69.32
Z1.3,2014,MMR Dose 2 by Age 7,2007,85.03,1.37,3.2600000000000002,80.57
Z1.3,2015,MMR Dose 2 by Age 7,2008,86.80000000000001,1.33,4.12,81.30000000000001
Z1.3,2016,MMR Dose 2 by Age 7,2009,83.84000000000002,1.3800000000000001,1.2600000000000002,82.10000000000001
Z1.3,2017,MMR Dose 2 by Age 7,2010,89.38000000000001,1.2000000000000002,6.430000000000001,81.63000000000001
Z1.3,2018,MMR Dose 2 by Age 7,2011,86.74000000000001,1.3800000000000001,4.11,81.08
Z1.3,2019,MMR Dose 2 by Age 7,2012,86.68,1.34,3.71,81.72
Z1.3,2020,MMR Dose 2 by Age 7,2013,85.25,1.4300000000000002,5.36,77.60000000000001
Z1.3,2021,MMR Dose 2 by Age 7,2014,80.9,1.53,4.03,74.73
Z1.3,2022,MMR Dose 2 by Age 7,2015,76.85000000000001,1.6800000000000002,1.6500000000000001,74.08
Z1.3,2023,MMR Dose 2 by Age 7,2016,79.04,1.6600000000000001,3.8600000000000003,72.63000000000001
Z1.4,2014,MMR Dose 1 by Age 13,2001,97.85000000000001,0.49,2.9800000000000004,96.38000000000001
Z1.4,2015,MMR Dose 1 by Age 13,2002,98.07,0.49,3.22,96.51
Z1.4,2016,MMR Dose 1 by Age 13,2003,98.37,0.44,3.8600000000000003,96.66000000000001
Z1.4,2017,MMR Dose 1 by Age 13,2004,98.46000000000001,0.38000000000000006,4.04,96.92
Z1.4,2018,MMR Dose 1 by Age 13,2005,98.0,0.45,2.02,97.09
Z1.4,2019,MMR Dose 1 by Age 13,2006,98.38000000000001,0.37000000000000005,4.3,96.81000000000002
Z1.4,2020,MMR Dose 1 by Age 13,2007,98.29,0.38000000000000006,5.21,96.30000000000001
Z1.4,2021,MMR Dose 1 by Age 13,2008,96.9,0.55,2.29,95.64000000000001
Z1.4,2022,MMR Dose 1 by Age 13,2009,96.52,0.56,2.2600000000000002,95.25
Z1.4,2023,MMR Dose 1 by Age 13,2010,97.02,0.56,3.66,94.95
Z1.4,2014,MMR Dose 1 by Age 17,1997,96.58,0.68,0.51,96.23
Z1.4,2015,MMR Dose 1 by Age 17,1998,97.61000000000001,0.56,1.9800000000000002,96.51
Z1.4,2016,MMR Dose 1 by Age 17,1999,97.93,0.48000000000000004,2.55,96.71000000000001
Z1.4,2017,MMR Dose 1 by Age 17,2000,97.91000000000001,0.48000000000000004,2.02,96.94000000000001
Z1.4,2018,MMR Dose 1 by Age 17,2001,98.42,0.39,3.57,97.03
Z1.4,2019,MMR Dose 1 by Age 17,2002,98.88000000000001,0.33000000000000007,5.11,97.22
Z1.4,2020,MMR Dose 1 by Age 17,2003,99.27,0.24000000000000002,6.24,97.75
Z1.4,2021,MMR Dose 1 by Age 17,2004,98.83000000000001,0.31000000000000005,3.22,97.84000000000002
Z1.4,2022,MMR Dose 1 by Age 17,2005,98.44000000000001,0.38000000000000006,1.61,97.83000000000001
Z1.4,2023,MMR Dose 1 by Age 17,2006,98.69000000000001,0.31000000000000005,4.54,97.27
Z1.4,2014,MMR Dose 1 by Age 2,2012,90.62,1.04,2.47,88.05
Z1.4,2015,MMR Dose 1 by Age 2,2013,88.87,1.1300000000000001,1.56,87.11000000000001
Z1.4,2016,MMR Dose 1 by Age 2,2014,88.75,1.1300000000000001,1.2900000000000003,87.29
Z1.4,2017,MMR Dose 1 by Age 2,2015,86.15,1.2100000000000002,-0.7400000000000001,87.05
Z1.4,2018,MMR Dose 1 by Age 2,2016,87.04,1.2500000000000002,0.24000000000000002,86.73
Z1.4,2019,MMR Dose 1 by Age 2,2017,87.01,1.2600000000000002,0.04,86.96000000000001
Z1.4,2020,MMR Dose 1 by Age 2,2018,89.55,1.2000000000000002,2.4200000000000004,86.65
Z1.4,2021,MMR Dose 1 by Age 2,2019,85.22,1.4200000000000002,1.4200000000000002,83.2
Z1.4,2022,MMR Dose 1 by Age 2,2020,82.71000000000001,1.55,0.42000000000000004,82.07
Z1.4,2023,MMR Dose 1 by Age 2,2021,85.78,1.4200000000000002,2.89,81.67
Z1.4,2014,MMR Dose 2 by Age 13,2001,94.95,0.77,4.15,91.76
Z1.4,2015,MMR Dose 2 by Age 13,2002,95.88000000000001,0.6900000000000001,6.09,91.68
Z1.4,2016,MMR Dose 2 by Age 13,2003,97.63000000000001,0.48000000000000004,13.52,91.18
Z1.4,2017,MMR Dose 2 by Age 13,2004,95.32000000000001,0.68,5.680000000000001,91.45
Z1.4,2018,MMR Dose 2 by Age 13,2005,94.08,0.8200000000000001,3.3200000000000003,91.34000000000002
Z1.4,2019,MMR Dose 2 by Age 13,2006,92.11000000000001,0.9,0.7200000000000001,91.46000000000001
Z1.4,2020,MMR Dose 2 by Age 13,2007,94.18,0.7500000000000001,4.25,91.01
Z1.4,2021,MMR Dose 2 by Age 13,2008,91.89000000000001,0.91,2.2800000000000002,89.81000000000002
Z1.4,2022,MMR Dose 2 by Age 13,2009,91.01,0.92,1.2800000000000002,89.83000000000001
Z1.4,2023,MMR Dose 2 by Age 13,2010,92.62,0.9,3.3400000000000003,89.61000000000001
Z1.4,2014,MMR Dose 2 by Age 17,1997,95.2,0.8300000000000001,3.3800000000000003,92.41000000000001
Z1.4,2015,MMR Dose 2 by Age 17,1998,96.78,0.6100000000000001,6.66,92.75
Z1.4,2016,MMR Dose 2 by Age 17,1999,96.24000000000001,0.6500000000000001,4.62,93.22
Z1.4,2017,MMR Dose 2 by Age 17,2000,96.11000000000001,0.6900000000000001,3.79,93.49000000000001
Z1.4,2018,MMR Dose 2 by Age 17,2001,96.54,0.6000000000000001,5.26,93.37
Z1.4,2019,MMR Dose 2 by Age 17,2002,97.5,0.5,7.880000000000001,93.56
Z1.4,2020,MMR Dose 2 by Age 17,2003,98.64000000000001,0.32000000000000006,13.3,94.32000000000001
Z1.4,2021,MMR Dose 2 by Age 17,2004,96.25,0.59,3.22,94.35000000000001
Z1.4,2022,MMR Dose 2 by Age 17,2005,94.87,0.76,1.6700000000000002,93.60000000000001
Z1.4,2023,MMR Dose 2 by Age 17,2006,92.83000000000001,0.8500000000000001,0.25,92.62
Z1.4,2023,MMR Dose 2 by Age 2,2021,73.36,1.7900000000000003,2.2600000000000002,69.32
Z1.4,2014,MMR Dose 2 by Age 7,2007,86.9,1.1600000000000001,5.46,80.57
Z1.4,2015,MMR Dose 2 by Age 7,2008,87.19000000000001,1.1500000000000001,5.140000000000001,81.30000000000001
Z1.4,2016,MMR Dose 2 by Age 7,2009,86.43,1.1400000000000001,3.8000000000000003,82.10000000000001
Z1.4,2017,MMR Dose 2 by Age 7,2010,87.85000000000001,1.1500000000000001,5.41,81.63000000000001
Z1.4,2018,MMR Dose 2 by Age 7,2011,82.52,1.31,1.1,81.08
Z1.4,2019,MMR Dose 2 by Age 7,2012,84.52,1.2500000000000002,2.24,81.72
Z1.4,2020,MMR Dose 2 by Age 7,2013,84.67,1.2600000000000002,5.59,77.60000000000001
Z1.4,2021,MMR Dose 2 by Age 7,2014,80.54,1.4000000000000001,4.16,74.73
Z1.4,2022,MMR Dose 2 by Age 7,2015,76.88000000000001,1.4500000000000002,1.9300000000000002,74.08
Z1.4,2023,MMR Dose 2 by Age 7,2016,72.38,1.61,-0.15000000000000002,72.63000000000001
Z1.5,2014,MMR Dose 1 by Age 13,2001,97.71000000000001,0.44,3.0,96.38000000000001
Z1.5,2015,MMR Dose 1 by Age 13,2002,97.74000000000001,0.43000000000000005,2.83,96.51
Z1.5,2016,MMR Dose 1 by Age 13,2003,97.29,0.5,1.2500000000000002,96.66000000000001
Z1.5,2017,MMR Dose 1 by Age 13,2004,98.33000000000001,0.32000000000000006,4.35,96.92
Z1.5,2018,MMR Dose 1 by Age 13,2005,97.88000000000001,0.4,1.9800000000000002,97.09
Z1.5,2019,MMR Dose 1 by Age 13,2006,98.2,0.33000000000000007,4.21,96.81000000000002
Z1.5,2020,MMR Dose 1 by Age 13,2007,97.26,0.44,2.22,96.30000000000001
Z1.5,2021,MMR Dose 1 by Age 13,2008,98.04,0.34,7.01,95.64000000000001
Z1.5,2022,MMR Dose 1 by Age 13,2009,96.08,0.52,1.6,95.25
Z1.5,2023,MMR Dose 1 by Age 13,2010,96.75,0.47000000000000003,3.8400000000000003,94.95
Z1.5,2014,MMR Dose 1 by Age 17,1997,98.52,0.34,6.78,96.23
Z1.5,2015,MMR Dose 1 by Age 17,1998,98.80000000000001,0.28,8.04,96.51
Z1.5,2016,MMR Dose 1 by Age 17,1999,98.28,0.36000000000000004,4.319999999999999,96.71000000000001
Z1.5,2017,MMR Dose 1 by Age 17,2000,98.41000000000001,0.35000000000000003,4.180000000000001,96.94000000000001
Z1.5,2018,MMR Dose 1 by Age 17,2001,98.18,0.37000000000000005,3.13,97.03
Z1.5,2019,MMR Dose 1 by Age 17,2002,98.65,0.29000000000000004,4.91,97.22
Z1.5,2020,MMR Dose 1 by Age 17,2003,98.10000000000001,0.38000000000000006,0.93,97.75
Z1.5,2021,MMR Dose 1 by Age 17,2004,98.82000000000001,0.25,3.9800000000000004,97.84000000000002
Z1.5,2022,MMR Dose 1 by Age 17,2005,98.60000000000001,0.30000000000000004,2.61,97.83000000000001
Z1.5,2023,MMR Dose 1 by Age 17,2006,98.5,0.28,4.33,97.27
Z1.5,2014,MMR Dose 1 by Age 2,2012,89.83000000000001,0.88,2.02,88.05
Z1.5,2015,MMR Dose 1 by Age 2,2013,84.85000000000001,1.08,-2.09,87.11000000000001
Z1.5,2016,MMR Dose 1 by Age 2,2014,85.84000000000002,1.03,-1.4100000000000001,87.29
Z1.5,2017,MMR Dose 1 by Age 2,2015,89.93,0.8600000000000001,3.3600000000000003,87.05
Z1.5,2018,MMR Dose 1 by Age 2,2016,89.14000000000001,0.93,2.59,86.73
Z1.5,2019,MMR Dose 1 by Age 2,2017,91.45,0.8400000000000001,5.340000000000001,86.96000000000001
Z1.5,2020,MMR Dose 1 by Age 2,2018,90.08,0.9400000000000001,3.67,86.65
Z1.5,2021,MMR Dose 1 by Age 2,2019,87.17,1.01,3.95,83.2
Z1.5,2022,MMR Dose 1 by Age 2,2020,86.44000000000001,1.06,4.140000000000001,82.07
Z1.5,2023,MMR Dose 1 by Age 2,2021,86.56,1.03,4.76,81.67
Z1.5,2014,MMR Dose 2 by Age 13,2001,93.38000000000001,0.8,2.03,91.76
Z1.5,2015,MMR Dose 2 by Age 13,2002,92.83000000000001,0.8200000000000001,1.4000000000000001,91.68
Z1.5,2016,MMR Dose 2 by Age 13,2003,94.39000000000001,0.7200000000000001,4.48,91.18
Z1.5,2017,MMR Dose 2 by Age 13,2004,93.64000000000001,0.7400000000000001,2.95,91.45
Z1.5,2018,MMR Dose 2 by Age 13,2005,93.31000000000002,0.7500000000000001,2.61,91.34000000000002
Z1.5,2019,MMR Dose 2 by Age 13,2006,94.42,0.6300000000000001,4.72,91.46000000000001
Z1.5,2020,MMR Dose 2 by Age 13,2007,92.23,0.7500000000000001,1.61,91.01
Z1.5,2021,MMR Dose 2 by Age 13,2008,93.02,0.7100000000000001,4.53,89.81000000000002
Z1.5,2022,MMR Dose 2 by Age 13,2009,92.25,0.7200000000000001,3.3600000000000003,89.83000000000001
Z1.5,2023,MMR Dose 2 by Age 13,2010,92.16000000000001,0.7400000000000001,3.4400000000000004,89.61000000000001
Z1.5,2014,MMR Dose 2 by Age 17,1997,96.15,0.56,6.630000000000001,92.41000000000001
Z1.5,2015,MMR Dose 2 by Age 17,1998,95.92,0.59,5.380000000000001,92.75
Z1.5,2016,MMR Dose 2 by Age 17,1999,94.75,0.6900000000000001,2.22,93.22
Z1.5,2017,MMR Dose 2 by Age 17,2000,95.55,0.6400000000000001,3.23,93.49000000000001
Z1.5,2018,MMR Dose 2 by Age 17,2001,94.97,0.6600000000000001,2.4200000000000004,93.37
Z1.5,2019,MMR Dose 2 by Age 17,2002,95.67,0.59,3.55,93.56
Z1.5,2020,MMR Dose 2 by Age 17,2003,96.61000000000001,0.51,4.470000000000001,94.32000000000001
Z1.5,2021,MMR Dose 2 by Age 17,2004,95.96000000000001,0.55,2.95,94.35000000000001
Z1.5,2022,MMR Dose 2 by Age 17,2005,95.62,0.59,3.4400000000000004,93.60000000000001
Z1.5,2023,MMR Dose 2 by Age 17,2006,95.65,0.53,5.75,92.62
Z1.5,2023,MMR Dose 2 by Age 2,2021,75.16000000000001,1.2900000000000003,4.52,69.32
Z1.5,2014,MMR Dose 2 by Age 7,2007,81.56,1.1500000000000001,0.8600000000000001,80.57
Z1.5,2015,MMR Dose 2 by Age 7,2008,84.46000000000001,1.07,2.93,81.30000000000001
Z1.5,2016,MMR Dose 2 by Age 7,2009,82.31000000000002,1.08,0.19,82.10000000000001
Z1.5,2017,MMR Dose 2 by Age 7,2010,84.30000000000001,1.06,2.52,81.63000000000001
Z1.5,2018,MMR Dose 2 by Age 7,2011,84.93,1.06,3.64,81.08
Z1.5,2019,MMR Dose 2 by Age 7,2012,88.55,0.89,7.66,81.72
Z1.5,2020,MMR Dose 2 by Age 7,2013,86.57,0.98,9.129999999999999,77.60000000000001
Z1.5,2021,MMR Dose 2 by Age 7,2014,83.87,1.06,8.65,74.73
Z1.5,2022,MMR Dose 2 by Age 7,2015,81.57,1.07,6.970000000000001,74.08
Z1.5,2023,MMR Dose 2 by Age 7,2016,80.25,1.12,6.800000000000001,72.63000000000001
Z2.1,2014,MMR Dose 1 by Age 13,2001,97.82000000000001,0.2,7.11,96.38000000000001
Z2.1,2015,MMR Dose 1 by Age 13,2002,98.15,0.18,9.200000000000001,96.51
Z2.1,2016,MMR Dose 1 by Age 13,2003,97.99000000000001,0.18,7.51,96.66000000000001
Z2.1,2017,MMR Dose 1 by Age 13,2004,98.18,0.17,7.42,96.92
Z2.1,2018,MMR Dose 1 by Age 13,2005,97.94000000000001,0.18,4.82,97.09
Z2.1,2019,MMR Dose 1 by Age 13,2006,97.52,0.19,3.68,96.81000000000002
Z2.1,2020,MMR Dose 1 by Age 13,2007,97.48,0.19,6.3100000000000005,96.30000000000001
Z2.1,2021,MMR Dose 1 by Age 13,2008,96.72,0.22,5.04,95.64000000000001
Z2.1,2022,MMR Dose 1 by Age 13,2009,96.10000000000001,0.24000000000000002,3.59,95.25
Z2.1,2023,MMR Dose 1 by Age 13,2010,96.63000000000001,0.22,7.71,94.95
Z2.1,2014,MMR Dose 1 by Age 17,1997,98.25,0.18,11.280000000000001,96.23
Z2.1,2015,MMR Dose 1 by Age 17,1998,98.93,0.12000000000000001,19.900000000000002,96.51
Z2.1,2016,MMR Dose 1 by Age 17,1999,98.63000000000001,0.15000000000000002,13.120000000000001,96.71000000000001
Z2.1,2017,MMR Dose 1 by Age 17,2000,98.79,0.13,14.31,96.94000000000001
Z2.1,2018,MMR Dose 1 by Age 17,2001,98.71000000000001,0.13,12.57,97.03
Z2.1,2019,MMR Dose 1 by Age 17,2002,98.92,0.12000000000000001,14.600000000000001,97.22
Z2.1,2020,MMR Dose 1 by Age 17,2003,98.63000000000001,0.13,6.7700000000000005,97.75
Z2.1,2021,MMR Dose 1 by Age 17,2004,98.83000000000001,0.12000000000000001,8.370000000000001,97.84000000000002
Z2.1,2022,MMR Dose 1 by Age 17,2005,98.60000000000001,0.13,5.98,97.83000000000001
Z2.1,2023,MMR Dose 1 by Age 17,2006,97.9,0.17,3.73,97.27
Z2.1,2014,MMR Dose 1 by Age 2,2012,91.15,0.39,7.95,88.05
Z2.1,2015,MMR Dose 1 by Age 2,2013,89.7,0.42000000000000004,6.16,87.11000000000001
Z2.1,2016,MMR Dose 1 by Age 2,2014,90.34000000000002,0.4,7.62,87.29
Z2.1,2017,MMR Dose 1 by Age 2,2015,89.92,0.41000000000000003,6.95,87.05
Z2.1,2018,MMR Dose 1 by Age 2,2016,90.38000000000001,0.4,9.01,86.73
Z2.1,2019,MMR Dose 1 by Age 2,2017,90.68,0.41000000000000003,9.16,86.96000000000001
Z2.1,2020,MMR Dose 1 by Age 2,2018,91.80000000000001,0.4,12.950000000000001,86.65
Z2.1,2021,MMR Dose 1 by Age 2,2019,88.64000000000001,0.46,11.850000000000001,83.2
Z2.1,2022,MMR Dose 1 by Age 2,2020,88.78,0.47000000000000003,14.160000000000002,82.07
Z2.1,2023,MMR Dose 1 by Age 2,2021,87.74000000000001,0.46,13.14,81.67
Z2.1,2014,MMR Dose 2 by Age 13,2001,95.47,0.30000000000000004,12.21,91.76
Z2.1,2015,MMR Dose 2 by Age 13,2002,95.5,0.30000000000000004,12.860000000000001,91.68
Z2.1,2016,MMR Dose 2 by Age 13,2003,94.58,0.32000000000000006,10.670000000000002,91.18
Z2.1,2017,MMR Dose 2 by Age 13,2004,94.59,0.32000000000000006,9.92,91.45
Z2.1,2018,MMR Dose 2 by Age 13,2005,93.56,0.33000000000000007,6.72,91.34000000000002
Z2.1,2019,MMR Dose 2 by Age 13,2006,93.74000000000001,0.31000000000000005,7.25,91.46000000000001
Z2.1,2020,MMR Dose 2 by Age 13,2007,93.10000000000001,0.32000000000000006,6.53,91.01
Z2.1,2021,MMR Dose 2 by Age 13,2008,92.12,0.34,6.840000000000001,89.81000000000002
Z2.1,2022,MMR Dose 2 by Age 13,2009,91.82000000000001,0.34,5.7700000000000005,89.83000000000001
Z2.1,2023,MMR Dose 2 by Age 13,2010,92.83000000000001,0.32000000000000006,10.100000000000001,89.61000000000001
Z2.1,2014,MMR Dose 2 by Age 17,1997,95.97,0.28,12.72,92.41000000000001
Z2.1,2015,MMR Dose 2 by Age 17,1998,97.11000000000001,0.22,19.48,92.75
Z2.1,2016,MMR Dose 2 by Age 17,1999,97.22,0.21000000000000002,18.64,93.22
Z2.1,2017,MMR Dose 2 by Age 17,2000,97.36000000000001,0.21000000000000002,18.759999999999998,93.49000000000001
Z2.1,2018,MMR Dose 2 by Age 17,2001,97.27,0.21000000000000002,18.44,93.37
Z2.1,2019,MMR Dose 2 by Age 17,2002,97.4,0.2,19.210000000000004,93.56
Z2.1,2020,MMR Dose 2 by Age 17,2003,96.42,0.24000000000000002,8.8,94.32000000000001
Z2.1,2021,MMR Dose 2 by Age 17,2004,96.58,0.23,9.770000000000001,94.35000000000001
Z2.1,2022,MMR Dose 2 by Age 17,2005,95.52,0.26,7.390000000000001,93.60000000000001
Z2.1,2023,MMR Dose 2 by Age 17,2006,94.4,0.29000000000000004,6.09,92.62
Z2.1,2023,MMR Dose 2 by Age 2,2021,77.32000000000001,0.59,13.660000000000002,69.32
Z2.1,2014,MMR Dose 2 by Age 7,2007,84.89000000000001,0.49,8.81,80.57
Z2.1,2015,MMR Dose 2 by Age 7,2008,85.28,0.47000000000000003,8.38,81.30000000000001
Z2.1,2016,MMR Dose 2 by Age 7,2009,85.35000000000001,0.47000000000000003,6.94,82.10000000000001
Z2.1,2017,MMR Dose 2 by Age 7,2010,85.24000000000001,0.47000000000000003,7.680000000000001,81.63000000000001
Z2.1,2018,MMR Dose 2 by Age 7,2011,86.15,0.46,11.110000000000001,81.08
Z2.1,2019,MMR Dose 2 by Age 7,2012,85.97,0.46,9.24,81.72
Z2.1,2020,MMR Dose 2 by Age 7,2013,82.62,0.51,9.9,77.60000000000001
Z2.1,2021,MMR Dose 2 by Age 7,2014,78.72,0.55,7.3100000000000005,74.73
Z2.1,2022,MMR Dose 2 by Age 7,2015,80.49000000000001,0.52,12.33,74.08
Z2.1,2023,MMR Dose 2 by Age 7,2016,81.56,0.5,18.04,72.63000000000001
Z2.2,2014,MMR Dose 1 by Age 13,2001,99.46000000000001,0.09,34.449999999999996,96.38000000000001
Z2.2,2015,MMR Dose 1 by Age 13,2002,99.49000000000001,0.08,35.85,96.51
Z2.2,2016,MMR Dose 1 by Age 13,2003,99.18,0.12000000000000001,21.470000000000002,96.66000000000001
Z2.2,2017,MMR Dose 1 by Age 13,2004,99.2,0.11,20.720000000000002,96.92
Z2.2,2018,MMR Dose 1 by Age 13,2005,99.07,0.12000000000000001,16.3,97.09
Z2.2,2019,MMR Dose 1 by Age 13,2006,99.43,0.08,32.17,96.81000000000002
Z2.2,2020,MMR Dose 1 by Age 13,2007,98.94000000000001,0.13,20.630000000000003,96.30000000000001
Z2.2,2021,MMR Dose 1 by Age 13,2008,98.54,0.15000000000000002,19.94,95.64000000000001
Z2.2,2022,MMR Dose 1 by Age 13,2009,98.49000000000001,0.16,20.200000000000003,95.25
Z2.2,2023,MMR Dose 1 by Age 13,2010,98.47,0.16,22.5,94.95
Z2.2,2014,MMR Dose 1 by Age 17,1997,99.73,0.05,69.7,96.23
Z2.2,2015,MMR Dose 1 by Age 17,1998,99.83000000000001,0.03,97.03,96.51
Z2.2,2016,MMR Dose 1 by Age 17,1999,99.78,0.04,74.77,96.71000000000001
Z2.2,2017,MMR Dose 1 by Age 17,2000,99.87,0.03,112.54,96.94000000000001
Z2.2,2018,MMR Dose 1 by Age 17,2001,99.76,0.04,63.02,97.03
Z2.2,2019,MMR Dose 1 by Age 17,2002,99.75,0.04,57.43000000000001,97.22
Z2.2,2020,MMR Dose 1 by Age 17,2003,99.64000000000001,0.06,33.05,97.75
Z2.2,2021,MMR Dose 1 by Age 17,2004,99.64000000000001,0.05,32.690000000000005,97.84000000000002
Z2.2,2022,MMR Dose 1 by Age 17,2005,99.52,0.07,24.86,97.83000000000001
Z2.2,2023,MMR Dose 1 by Age 17,2006,99.63000000000001,0.06,42.13,97.27
Z2.2,2014,MMR Dose 1 by Age 2,2012,91.52,0.5,6.95,88.05
Z2.2,2015,MMR Dose 1 by Age 2,2013,90.03,0.55,5.330000000000001,87.11000000000001
Z2.2,2016,MMR Dose 1 by Age 2,2014,90.96000000000001,0.51,7.16,87.29
Z2.2,2017,MMR Dose 1 by Age 2,2015,90.94000000000001,0.52,7.52,87.05
Z2.2,2018,MMR Dose 1 by Age 2,2016,91.52,0.5,9.48,86.73
Z2.2,2019,MMR Dose 1 by Age 2,2017,91.83000000000001,0.48000000000000004,10.07,86.96000000000001
Z2.2,2020,MMR Dose 1 by Age 2,2018,90.78,0.52,7.870000000000001,86.65
Z2.2,2021,MMR Dose 1 by Age 2,2019,88.9,0.56,10.190000000000001,83.2
Z2.2,2022,MMR Dose 1 by Age 2,2020,88.69000000000001,0.55,12.100000000000001,82.07
Z2.2,2023,MMR Dose 1 by Age 2,2021,87.83000000000001,0.55,11.24,81.67
Z2.2,2014,MMR Dose 2 by Age 13,2001,97.89000000000001,0.23,26.410000000000004,91.76
Z2.2,2015,MMR Dose 2 by Age 13,2002,97.56,0.25,23.46,91.68
Z2.2,2016,MMR Dose 2 by Age 13,2003,96.22,0.33000000000000007,15.24,91.18
Z2.2,2017,MMR Dose 2 by Age 13,2004,96.62,0.28,18.14,91.45
Z2.2,2018,MMR Dose 2 by Age 13,2005,95.83000000000001,0.32000000000000006,13.96,91.34000000000002
Z2.2,2019,MMR Dose 2 by Age 13,2006,95.7,0.32000000000000006,13.39,91.46000000000001
Z2.2,2020,MMR Dose 2 by Age 13,2007,95.48,0.32000000000000006,14.03,91.01
Z2.2,2021,MMR Dose 2 by Age 13,2008,93.44000000000001,0.38000000000000006,9.58,89.81000000000002
Z2.2,2022,MMR Dose 2 by Age 13,2009,94.68,0.34,14.120000000000001,89.83000000000001
Z2.2,2023,MMR Dose 2 by Age 13,2010,94.89000000000001,0.33000000000000007,16.130000000000003,89.61000000000001
Z2.2,2014,MMR Dose 2 by Age 17,1997,98.54,0.17,35.9,92.41000000000001
Z2.2,2015,MMR Dose 2 by Age 17,1998,99.06,0.12000000000000001,51.09,92.75
Z2.2,2016,MMR Dose 2 by Age 17,1999,99.01,0.13,45.190000000000005,93.22
Z2.2,2017,MMR Dose 2 by Age 17,2000,99.28,0.1,60.370000000000005,93.49000000000001
Z2.2,2018,MMR Dose 2 by Age 17,2001,99.01,0.12000000000000001,45.58,93.37
Z2.2,2019,MMR Dose 2 by Age 17,2002,98.76,0.14,36.1,93.56
Z2.2,2020,MMR Dose 2 by Age 17,2003,98.12,0.19,19.94,94.32000000000001
Z2.2,2021,MMR Dose 2 by Age 17,2004,98.26,0.17,23.310000000000002,94.35000000000001
Z2.2,2022,MMR Dose 2 by Age 17,2005,97.48,0.22,17.72,93.60000000000001
Z2.2,2023,MMR Dose 2 by Age 17,2006,96.68,0.26,15.600000000000001,92.62
Z2.2,2023,MMR Dose 2 by Age 2,2021,74.88,0.7200000000000001,7.680000000000001,69.32
Z2.2,2014,MMR Dose 2 by Age 7,2007,85.42,0.6400000000000001,7.630000000000001,80.57
Z2.2,2015,MMR Dose 2 by Age 7,2008,84.44000000000001,0.6300000000000001,4.96,81.30000000000001
Z2.2,2016,MMR Dose 2 by Age 7,2009,86.93,0.59,8.23,82.10000000000001
Z2.2,2017,MMR Dose 2 by Age 7,2010,87.0,0.58,9.260000000000002,81.63000000000001
Z2.2,2018,MMR Dose 2 by Age 7,2011,87.18,0.58,10.450000000000001,81.08
Z2.2,2019,MMR Dose 2 by Age 7,2012,86.95,0.5700000000000001,9.129999999999999,81.72
Z2.2,2020,MMR Dose 2 by Age 7,2013,84.31000000000002,0.6200000000000001,10.74,77.60000000000001
Z2.2,2021,MMR Dose 2 by Age 7,2014,77.96000000000001,0.7100000000000001,4.55,74.73
Z2.2,2022,MMR Dose 2 by Age 7,2015,80.62,0.68,9.660000000000002,74.08
Z2.2,2023,MMR Dose 2 by Age 7,2016,79.56,0.6700000000000002,10.42,72.63000000000001
Z2.3,2014,MMR Dose 1 by Age 13,2001,98.89000000000001,0.18,13.97,96.38000000000001
Z2.3,2015,MMR Dose 1 by Age 13,2002,99.02,0.17,14.73,96.51
Z2.3,2016,MMR Dose 1 by Age 13,2003,98.52,0.21000000000000002,8.82,96.66000000000001
Z2.3,2017,MMR Dose 1 by Age 13,2004,98.72,0.19,9.450000000000001,96.92
Z2.3,2018,MMR Dose 1 by Age 13,2005,98.36000000000001,0.23,5.45,97.09
Z2.3,2019,MMR Dose 1 by Age 13,2006,98.23,0.22,6.330000000000001,96.81000000000002
Z2.3,2020,MMR Dose 1 by Age 13,2007,97.27,0.29000000000000004,3.39,96.30000000000001
Z2.3,2021,MMR Dose 1 by Age 13,2008,97.01,0.29000000000000004,4.74,95.64000000000001
Z2.3,2022,MMR Dose 1 by Age 13,2009,96.46000000000001,0.33000000000000007,3.72,95.25
Z2.3,2023,MMR Dose 1 by Age 13,2010,96.76,0.30000000000000004,6.03,94.95
Z2.3,2014,MMR Dose 1 by Age 17,1997,99.36000000000001,0.12000000000000001,25.89,96.23
Z2.3,2015,MMR Dose 1 by Age 17,1998,99.16000000000001,0.14,18.62,96.51
Z2.3,2016,MMR Dose 1 by Age 17,1999,99.11000000000001,0.15000000000000002,15.96,96.71000000000001
Z2.3,2017,MMR Dose 1 by Age 17,2000,99.28,0.12000000000000001,18.930000000000003,96.94000000000001
Z2.3,2018,MMR Dose 1 by Age 17,2001,99.33000000000001,0.12000000000000001,19.51,97.03
Z2.3,2019,MMR Dose 1 by Age 17,2002,99.4,0.11,19.34,97.22
Z2.3,2020,MMR Dose 1 by Age 17,2003,99.02,0.15000000000000002,8.4,97.75
Z2.3,2021,MMR Dose 1 by Age 17,2004,99.15,0.13,9.81,97.84000000000002
Z2.3,2022,MMR Dose 1 by Age 17,2005,98.97,0.16,7.140000000000001,97.83000000000001
Z2.3,2023,MMR Dose 1 by Age 17,2006,98.53,0.19,6.52,97.27
Z2.3,2014,MMR Dose 1 by Age 2,2012,90.57,0.55,4.55,88.05
Z2.3,2015,MMR Dose 1 by Age 2,2013,89.84000000000002,0.5700000000000001,4.800000000000001,87.11000000000001
Z2.3,2016,MMR Dose 1 by Age 2,2014,89.33000000000001,0.56,3.65,87.29
Z2.3,2017,MMR Dose 1 by Age 2,2015,89.7,0.54,4.9,87.05
Z2.3,2018,MMR Dose 1 by Age 2,2016,89.42,0.56,4.7700000000000005,86.73
Z2.3,2019,MMR Dose 1 by Age 2,2017,89.67,0.56,4.8100000000000005,86.96000000000001
Z2.3,2020,MMR Dose 1 by Age 2,2018,90.19000000000001,0.5700000000000001,6.16,86.65
Z2.3,2021,MMR Dose 1 by Age 2,2019,87.54,0.6300000000000001,6.86,83.2
Z2.3,2022,MMR Dose 1 by Age 2,2020,87.64000000000001,0.6600000000000001,8.46,82.07
Z2.3,2023,MMR Dose 1 by Age 2,2021,87.97,0.6100000000000001,10.32,81.67
Z2.3,2014,MMR Dose 2 by Age 13,2001,96.51,0.38000000000000006,12.54,91.76
Z2.3,2015,MMR Dose 2 by Age 13,2002,96.80000000000001,0.35000000000000003,14.57,91.68
Z2.3,2016,MMR Dose 2 by Age 13,2003,94.62,0.46,7.45,91.18
Z2.3,2017,MMR Dose 2 by Age 13,2004,95.71000000000001,0.4,10.690000000000001,91.45
Z2.3,2018,MMR Dose 2 by Age 13,2005,93.86000000000001,0.5,5.08,91.34000000000002
Z2.3,2019,MMR Dose 2 by Age 13,2006,93.84000000000002,0.46,5.170000000000001,91.46000000000001
Z2.3,2020,MMR Dose 2 by Age 13,2007,93.33000000000001,0.45,5.16,91.01
Z2.3,2021,MMR Dose 2 by Age 13,2008,92.16000000000001,0.48000000000000004,4.880000000000001,89.81000000000002
Z2.3,2022,MMR Dose 2 by Age 13,2009,92.18,0.48000000000000004,4.890000000000001,89.83000000000001
Z2.3,2023,MMR Dose 2 by Age 13,2010,92.85000000000001,0.44,7.340000000000001,89.61000000000001
Z2.3,2014,MMR Dose 2 by Age 17,1997,97.60000000000001,0.29000000000000004,18.01,92.41000000000001
Z2.3,2015,MMR Dose 2 by Age 17,1998,97.42,0.29000000000000004,16.130000000000003,92.75
Z2.3,2016,MMR Dose 2 by Age 17,1999,97.71000000000001,0.28,15.89,93.22
Z2.3,2017,MMR Dose 2 by Age 17,2000,97.7,0.28,15.14,93.49000000000001
Z2.3,2018,MMR Dose 2 by Age 17,2001,98.05,0.24000000000000002,19.3,93.37
Z2.3,2019,MMR Dose 2 by Age 17,2002,98.22,0.23,20.66,93.56
Z2.3,2020,MMR Dose 2 by Age 17,2003,96.66000000000001,0.33000000000000007,7.140000000000001,94.32000000000001
Z2.3,2021,MMR Dose 2 by Age 17,2004,97.26,0.28,10.250000000000002,94.35000000000001
Z2.3,2022,MMR Dose 2 by Age 17,2005,95.67,0.39,5.32,93.60000000000001
Z2.3,2023,MMR Dose 2 by Age 17,2006,94.57,0.42000000000000004,4.61,92.62
Z2.3,2023,MMR Dose 2 by Age 2,2021,76.04,0.8,8.43,69.32
Z2.3,2014,MMR Dose 2 by Age 7,2007,84.12,0.7100000000000001,4.98,80.57
Z2.3,2015,MMR Dose 2 by Age 7,2008,85.33000000000001,0.6700000000000002,6.03,81.30000000000001
Z2.3,2016,MMR Dose 2 by Age 7,2009,85.16000000000001,0.6700000000000002,4.59,82.10000000000001
Z2.3,2017,MMR Dose 2 by Age 7,2010,85.62,0.6400000000000001,6.22,81.63000000000001
Z2.3,2018,MMR Dose 2 by Age 7,2011,84.99000000000001,0.6500000000000001,6.03,81.08
Z2.3,2019,MMR Dose 2 by Age 7,2012,86.09,0.6300000000000001,6.99,81.72
Z2.3,2020,MMR Dose 2 by Age 7,2013,81.32000000000001,0.7000000000000001,5.340000000000001,77.60000000000001
Z2.3,2021,MMR Dose 2 by Age 7,2014,74.3,0.76,-0.56,74.73
Z2.3,2022,MMR Dose 2 by Age 7,2015,77.58,0.7200000000000001,4.86,74.08
Z2.3,2023,MMR Dose 2 by Age 7,2016,78.84000000000002,0.7100000000000001,8.71,72.63000000000001
Z2.4,2014,MMR Dose 1 by Age 13,2001,97.95,0.19,8.21,96.38000000000001
Z2.4,2015,MMR Dose 1 by Age 13,2002,97.37,0.22,3.93,96.51
Z2.4,2016,MMR Dose 1 by Age 13,2003,97.81000000000002,0.19,6.06,96.66000000000001
Z2.4,2017,MMR Dose 1 by Age 13,2004,97.80000000000001,0.19,4.62,96.92
Z2.4,2018,MMR Dose 1 by Age 13,2005,97.30000000000001,0.2,1.03,97.09
Z2.4,2019,MMR Dose 1 by Age 13,2006,97.44000000000001,0.19,3.25,96.81000000000002
Z2.4,2020,MMR Dose 1 by Age 13,2007,96.82000000000001,0.22,2.4000000000000004,96.30000000000001
Z2.4,2021,MMR Dose 1 by Age 13,2008,95.97,0.24000000000000002,1.4100000000000001,95.64000000000001
Z2.4,2022,MMR Dose 1 by Age 13,2009,95.57,0.26,1.2600000000000002,95.25
Z2.4,2023,MMR Dose 1 by Age 13,2010,95.96000000000001,0.24000000000000002,4.130000000000001,94.95
Z2.4,2014,MMR Dose 1 by Age 17,1997,98.54,0.14,15.950000000000001,96.23
Z2.4,2015,MMR Dose 1 by Age 17,1998,98.47,0.15000000000000002,13.05,96.51
Z2.4,2016,MMR Dose 1 by Age 17,1999,98.71000000000001,0.14,14.690000000000001,96.71000000000001
Z2.4,2017,MMR Dose 1 by Age 17,2000,98.57,0.15000000000000002,11.160000000000002,96.94000000000001
Z2.4,2018,MMR Dose 1 by Age 17,2001,98.66000000000001,0.14,12.09,97.03
Z2.4,2019,MMR Dose 1 by Age 17,2002,98.34000000000002,0.15000000000000002,7.2700000000000005,97.22
Z2.4,2020,MMR Dose 1 by Age 17,2003,98.67,0.13,7.29,97.75
Z2.4,2021,MMR Dose 1 by Age 17,2004,98.49000000000001,0.14,4.57,97.84000000000002
Z2.4,2022,MMR Dose 1 by Age 17,2005,98.08,0.16,1.56,97.83000000000001
Z2.4,2023,MMR Dose 1 by Age 17,2006,97.78,0.17,2.97,97.27
Z2.4,2014,MMR Dose 1 by Age 2,2012,89.89000000000001,0.41000000000000003,4.5,88.05
Z2.4,2015,MMR Dose 1 by Age 2,2013,89.19000000000001,0.43000000000000005,4.880000000000001,87.11000000000001
Z2.4,2016,MMR Dose 1 by Age 2,2014,89.41000000000001,0.42000000000000004,5.05,87.29
Z2.4,2017,MMR Dose 1 by Age 2,2015,88.94000000000001,0.43000000000000005,4.41,87.05
Z2.4,2018,MMR Dose 1 by Age 2,2016,89.19000000000001,0.43000000000000005,5.74,86.73
Z2.4,2019,MMR Dose 1 by Age 2,2017,90.01,0.42000000000000004,7.330000000000001,86.96000000000001
Z2.4,2020,MMR Dose 1 by Age 2,2018,90.29,0.42000000000000004,8.67,86.65
Z2.4,2021,MMR Dose 1 by Age 2,2019,88.23,0.47000000000000003,10.700000000000001,83.2
Z2.4,2022,MMR Dose 1 by Age 2,2020,87.67,0.49,11.47,82.07
Z2.4,2023,MMR Dose 1 by Age 2,2021,87.27,0.47000000000000003,12.02,81.67
Z2.4,2014,MMR Dose 2 by Age 13,2001,95.41000000000001,0.29000000000000004,12.38,91.76
Z2.4,2015,MMR Dose 2 by Age 13,2002,94.82000000000001,0.31000000000000005,10.03,91.68
Z2.4,2016,MMR Dose 2 by Age 13,2003,94.16000000000001,0.32000000000000006,9.200000000000001,91.18
Z2.4,2017,MMR Dose 2 by Age 13,2004,94.22,0.32000000000000006,8.790000000000001,91.45
Z2.4,2018,MMR Dose 2 by Age 13,2005,93.04,0.33000000000000007,5.11,91.34000000000002
Z2.4,2019,MMR Dose 2 by Age 13,2006,92.47,0.35000000000000003,2.9000000000000004,91.46000000000001
Z2.4,2020,MMR Dose 2 by Age 13,2007,92.36000000000001,0.34,4.01,91.01
Z2.4,2021,MMR Dose 2 by Age 13,2008,90.76,0.37000000000000005,2.62,89.81000000000002
Z2.4,2022,MMR Dose 2 by Age 13,2009,91.10000000000001,0.36000000000000004,3.54,89.83000000000001
Z2.4,2023,MMR Dose 2 by Age 13,2010,91.86000000000001,0.34,6.62,89.61000000000001
Z2.4,2014,MMR Dose 2 by Age 17,1997,96.22,0.26,14.73,92.41000000000001
Z2.4,2015,MMR Dose 2 by Age 17,1998,96.57,0.24000000000000002,15.8,92.75
Z2.4,2016,MMR Dose 2 by Age 17,1999,97.17,0.22,18.2,93.22
Z2.4,2017,MMR Dose 2 by Age 17,2000,97.32000000000001,0.21000000000000002,18.48,93.49000000000001
Z2.4,2018,MMR Dose 2 by Age 17,2001,97.07,0.21000000000000002,17.53,93.37
Z2.4,2019,MMR Dose 2 by Age 17,2002,96.75,0.22,14.150000000000002,93.56
Z2.4,2020,MMR Dose 2 by Age 17,2003,96.39000000000001,0.23,8.9,94.32000000000001
Z2.4,2021,MMR Dose 2 by Age 17,2004,96.12,0.24000000000000002,7.45,94.35000000000001
Z2.4,2022,MMR Dose 2 by Age 17,2005,94.75,0.28,4.140000000000001,93.60000000000001
Z2.4,2023,MMR Dose 2 by Age 17,2006,93.38000000000001,0.32000000000000006,2.39,92.62
Z2.4,2023,MMR Dose 2 by Age 2,2021,76.59,0.58,12.450000000000001,69.32
Z2.4,2014,MMR Dose 2 by Age 7,2007,84.2,0.5,7.330000000000001,80.57
Z2.4,2015,MMR Dose 2 by Age 7,2008,83.74000000000001,0.49,4.970000000000001,81.30000000000001
Z2.4,2016,MMR Dose 2 by Age 7,2009,84.58,0.47000000000000003,5.23,82.10000000000001
Z2.4,2017,MMR Dose 2 by Age 7,2010,85.34000000000002,0.46,8.04,81.63000000000001
Z2.4,2018,MMR Dose 2 by Age 7,2011,83.84000000000002,0.48000000000000004,5.71,81.08
Z2.4,2019,MMR Dose 2 by Age 7,2012,84.42,0.49,5.57,81.72
Z2.4,2020,MMR Dose 2 by Age 7,2013,79.26,0.55,3.02,77.60000000000001
Z2.4,2021,MMR Dose 2 by Age 7,2014,74.94000000000001,0.58,0.37000000000000005,74.73
Z2.4,2022,MMR Dose 2 by Age 7,2015,76.74000000000001,0.56,4.74,74.08
Z2.4,2023,MMR Dose 2 by Age 7,2016,79.25,0.53,12.57,72.63000000000001
Z2.5,2014,MMR Dose 1 by Age 13,2001,96.09,0.6700000000000002,-0.43000000000000005,96.38000000000001
Z2.5,2015,MMR Dose 1 by Age 13,2002,95.60000000000001,0.7000000000000001,-1.2900000000000003,96.51
Z2.5,2016,MMR Dose 1 by Age 13,2003,96.55,0.59,-0.18,96.66000000000001
Z2.5,2017,MMR Dose 1 by Age 13,2004,96.63000000000001,0.56,-0.52,96.92
Z2.5,2018,MMR Dose 1 by Age 13,2005,96.55,0.5700000000000001,-0.96,97.09
Z2.5,2019,MMR Dose 1 by Age 13,2006,97.05,0.48000000000000004,0.49,96.81000000000002
Z2.5,2020,MMR Dose 1 by Age 13,2007,96.22,0.53,-0.15000000000000002,96.30000000000001
Z2.5,2021,MMR Dose 1 by Age 13,2008,95.69000000000001,0.6000000000000001,0.09,95.64000000000001
Z2.5,2022,MMR Dose 1 by Age 13,2009,94.06,0.7200000000000001,-1.6500000000000001,95.25
Z2.5,2023,MMR Dose 1 by Age 13,2010,94.57,0.7000000000000001,-0.55,94.95
Z2.5,2014,MMR Dose 1 by Age 17,1997,95.47,0.7500000000000001,-1.0,96.23
Z2.5,2015,MMR Dose 1 by Age 17,1998,96.25,0.6500000000000001,-0.4,96.51
Z2.5,2016,MMR Dose 1 by Age 17,1999,97.74000000000001,0.49,2.11,96.71000000000001
Z2.5,2017,MMR Dose 1 by Age 17,2000,96.08,0.6600000000000001,-1.3,96.94000000000001
Z2.5,2018,MMR Dose 1 by Age 17,2001,97.17,0.53,0.28,97.03
Z2.5,2019,MMR Dose 1 by Age 17,2002,96.57,0.58,-1.11,97.22
Z2.5,2020,MMR Dose 1 by Age 17,2003,97.29,0.49,-0.93,97.75
Z2.5,2021,MMR Dose 1 by Age 17,2004,97.24000000000001,0.48000000000000004,-1.2400000000000002,97.84000000000002
Z2.5,2022,MMR Dose 1 by Age 17,2005,97.31000000000002,0.47000000000000003,-1.09,97.83000000000001
Z2.5,2023,MMR Dose 1 by Age 17,2006,97.38000000000001,0.44,0.26,97.27
Z2.5,2014,MMR Dose 1 by Age 2,2012,89.06,1.06,0.9500000000000001,88.05
Z2.5,2015,MMR Dose 1 by Age 2,2013,89.13000000000001,1.02,1.9800000000000002,87.11000000000001
Z2.5,2016,MMR Dose 1 by Age 2,2014,86.54,1.1400000000000001,-0.6600000000000001,87.29
Z2.5,2017,MMR Dose 1 by Age 2,2015,86.55,1.1500000000000001,-0.43000000000000005,87.05
Z2.5,2018,MMR Dose 1 by Age 2,2016,86.05,1.1800000000000002,-0.58,86.73
Z2.5,2019,MMR Dose 1 by Age 2,2017,87.15,1.2000000000000002,0.16,86.96000000000001
Z2.5,2020,MMR Dose 1 by Age 2,2018,83.26,1.3,-2.6,86.65
Z2.5,2021,MMR Dose 1 by Age 2,2019,78.44000000000001,1.4700000000000002,-3.24,83.2
Z2.5,2022,MMR Dose 1 by Age 2,2020,80.94000000000001,1.4000000000000001,-0.8,82.07
Z2.5,2023,MMR Dose 1 by Age 2,2021,77.02,1.4800000000000002,-3.15,81.67
Z2.5,2014,MMR Dose 2 by Age 13,2001,93.96000000000001,0.7300000000000001,3.0,91.76
Z2.5,2015,MMR Dose 2 by Age 13,2002,94.19000000000001,0.7200000000000001,3.4800000000000004,91.68
Z2.5,2016,MMR Dose 2 by Age 13,2003,93.95,0.7200000000000001,3.8400000000000003,91.18
Z2.5,2017,MMR Dose 2 by Age 13,2004,93.69000000000001,0.7100000000000001,3.14,91.45
Z2.5,2018,MMR Dose 2 by Age 13,2005,93.07,0.7400000000000001,2.35,91.34000000000002
Z2.5,2019,MMR Dose 2 by Age 13,2006,92.55,0.7500000000000001,1.4500000000000002,91.46000000000001
Z2.5,2020,MMR Dose 2 by Age 13,2007,92.38000000000001,0.7400000000000001,1.86,91.01
Z2.5,2021,MMR Dose 2 by Age 13,2008,90.67,0.8400000000000001,1.02,89.81000000000002
Z2.5,2022,MMR Dose 2 by Age 13,2009,90.37,0.8700000000000001,0.6200000000000001,89.83000000000001
Z2.5,2023,MMR Dose 2 by Age 13,2010,90.81000000000002,0.8700000000000001,1.3800000000000001,89.61000000000001
Z2.5,2014,MMR Dose 2 by Age 17,1997,91.13000000000001,0.97,-1.32,92.41000000000001
Z2.5,2015,MMR Dose 2 by Age 17,1998,93.85000000000001,0.78,1.4100000000000001,92.75
Z2.5,2016,MMR Dose 2 by Age 17,1999,94.7,0.7200000000000001,2.05,93.22
Z2.5,2017,MMR Dose 2 by Age 17,2000,93.68,0.76,0.25,93.49000000000001
Z2.5,2018,MMR Dose 2 by Age 17,2001,95.46000000000001,0.6100000000000001,3.43,93.37
Z2.5,2019,MMR Dose 2 by Age 17,2002,95.86000000000001,0.5700000000000001,4.02,93.56
Z2.5,2020,MMR Dose 2 by Age 17,2003,95.39000000000001,0.6000000000000001,1.7900000000000003,94.32000000000001
Z2.5,2021,MMR Dose 2 by Age 17,2004,94.89000000000001,0.6200000000000001,0.8700000000000001,94.35000000000001
Z2.5,2022,MMR Dose 2 by Age 17,2005,94.53,0.6300000000000001,1.4800000000000002,93.60000000000001
Z2.5,2023,MMR Dose 2 by Age 17,2006,93.18,0.7100000000000001,0.79,92.62
Z2.5,2023,MMR Dose 2 by Age 2,2021,64.4,1.6500000000000001,-2.9800000000000004,69.32
Z2.5,2014,MMR Dose 2 by Age 7,2007,86.14000000000001,1.03,5.41,80.57
Z2.5,2015,MMR Dose 2 by Age 7,2008,86.30000000000001,1.03,4.86,81.30000000000001
Z2.5,2016,MMR Dose 2 by Age 7,2009,87.04,1.0,4.92,82.10000000000001
Z2.5,2017,MMR Dose 2 by Age 7,2010,86.5,1.06,4.58,81.63000000000001
Z2.5,2018,MMR Dose 2 by Age 7,2011,85.51,1.07,4.140000000000001,81.08
Z2.5,2019,MMR Dose 2 by Age 7,2012,84.72,1.12,2.69,81.72
Z2.5,2020,MMR Dose 2 by Age 7,2013,86.79,1.02,9.0,77.60000000000001
Z2.5,2021,MMR Dose 2 by Age 7,2014,80.39000000000001,1.2200000000000002,4.630000000000001,74.73
Z2.5,2022,MMR Dose 2 by Age 7,2015,78.89000000000001,1.2700000000000002,3.7800000000000002,74.08
Z2.5,2023,MMR Dose 2 by Age 7,2016,76.64000000000001,1.3,3.09,72.63000000000001
Z2.6,2014,MMR Dose 1 by Age 13,2001,97.48,0.43000000000000005,2.56,96.38000000000001
Z2.6,2015,MMR Dose 1 by Age 13,2002,96.85000000000001,0.47000000000000003,0.7200000000000001,96.51
Z2.6,2016,MMR Dose 1 by Age 13,2003,96.42,0.5,-0.48000000000000004,96.66000000000001
Z2.6,2017,MMR Dose 1 by Age 13,2004,97.30000000000001,0.39,0.96,96.92
Z2.6,2018,MMR Dose 1 by Age 13,2005,97.36000000000001,0.37000000000000005,0.7200000000000001,97.09
Z2.6,2019,MMR Dose 1 by Age 13,2006,96.06,0.47000000000000003,-1.6,96.81000000000002
Z2.6,2020,MMR Dose 1 by Age 13,2007,97.10000000000001,0.36000000000000004,2.24,96.30000000000001
Z2.6,2021,MMR Dose 1 by Age 13,2008,96.34000000000002,0.39,1.82,95.64000000000001
Z2.6,2022,MMR Dose 1 by Age 13,2009,96.2,0.41000000000000003,2.3000000000000003,95.25
Z2.6,2023,MMR Dose 1 by Age 13,2010,96.44000000000001,0.4,3.72,94.95
Z2.6,2014,MMR Dose 1 by Age 17,1997,97.60000000000001,0.48000000000000004,2.87,96.23
Z2.6,2015,MMR Dose 1 by Age 17,1998,97.57,0.45,2.3600000000000003,96.51
Z2.6,2016,MMR Dose 1 by Age 17,1999,96.93,0.49,0.46,96.71000000000001
Z2.6,2017,MMR Dose 1 by Age 17,2000,96.83000000000001,0.52,-0.21000000000000002,96.94000000000001
Z2.6,2018,MMR Dose 1 by Age 17,2001,97.97,0.36000000000000004,2.6,97.03
Z2.6,2019,MMR Dose 1 by Age 17,2002,97.4,0.4,0.44,97.22
Z2.6,2020,MMR Dose 1 by Age 17,2003,97.18,0.42000000000000004,-1.36,97.75
Z2.6,2021,MMR Dose 1 by Age 17,2004,97.97,0.32000000000000006,0.42000000000000004,97.84000000000002
Z2.6,2022,MMR Dose 1 by Age 17,2005,97.93,0.31000000000000005,0.34,97.83000000000001
Z2.6,2023,MMR Dose 1 by Age 17,2006,96.62,0.43000000000000005,-1.53,97.27
Z2.6,2014,MMR Dose 1 by Age 2,2012,89.68,0.6900000000000001,2.35,88.05
Z2.6,2015,MMR Dose 1 by Age 2,2013,88.05,0.7400000000000001,1.2700000000000002,87.11000000000001
Z2.6,2016,MMR Dose 1 by Age 2,2014,89.71000000000001,0.6700000000000002,3.61,87.29
Z2.6,2017,MMR Dose 1 by Age 2,2015,89.82000000000001,0.6700000000000002,4.170000000000001,87.05
Z2.6,2018,MMR Dose 1 by Age 2,2016,89.85000000000001,0.6600000000000001,4.72,86.73
Z2.6,2019,MMR Dose 1 by Age 2,2017,90.11000000000001,0.6500000000000001,4.8100000000000005,86.96000000000001
Z2.6,2020,MMR Dose 1 by Age 2,2018,88.25,0.7200000000000001,2.23,86.65
Z2.6,2021,MMR Dose 1 by Age 2,2019,85.9,0.81,3.3600000000000003,83.2
Z2.6,2022,MMR Dose 1 by Age 2,2020,83.97,0.8700000000000001,2.2,82.07
Z2.6,2023,MMR Dose 1 by Age 2,2021,82.95,0.8500000000000001,1.51,81.67
Z2.6,2014,MMR Dose 2 by Age 13,2001,94.08,0.6200000000000001,3.72,91.76
Z2.6,2015,MMR Dose 2 by Age 13,2002,93.9,0.6000000000000001,3.7,91.68
Z2.6,2016,MMR Dose 2 by Age 13,2003,93.2,0.6000000000000001,3.35,91.18
Z2.6,2017,MMR Dose 2 by Age 13,2004,93.04,0.6000000000000001,2.63,91.45
Z2.6,2018,MMR Dose 2 by Age 13,2005,93.71000000000001,0.53,4.44,91.34000000000002
Z2.6,2019,MMR Dose 2 by Age 13,2006,92.7,0.58,2.14,91.46000000000001
Z2.6,2020,MMR Dose 2 by Age 13,2007,93.01,0.53,3.74,91.01
Z2.6,2021,MMR Dose 2 by Age 13,2008,91.72,0.5700000000000001,3.3600000000000003,89.81000000000002
Z2.6,2022,MMR Dose 2 by Age 13,2009,92.68,0.53,5.340000000000001,89.83000000000001
Z2.6,2023,MMR Dose 2 by Age 13,2010,92.64000000000001,0.54,5.62,89.61000000000001
Z2.6,2014,MMR Dose 2 by Age 17,1997,95.19000000000001,0.6000000000000001,4.61,92.41000000000001
Z2.6,2015,MMR Dose 2 by Age 17,1998,94.78,0.59,3.4200000000000004,92.75
Z2.6,2016,MMR Dose 2 by Age 17,1999,94.81000000000002,0.59,2.73,93.22
Z2.6,2017,MMR Dose 2 by Age 17,2000,95.92,0.5,4.86,93.49000000000001
Z2.6,2018,MMR Dose 2 by Age 17,2001,95.43,0.52,3.95,93.37
Z2.6,2019,MMR Dose 2 by Age 17,2002,95.04,0.52,2.81,93.56
Z2.6,2020,MMR Dose 2 by Age 17,2003,94.93,0.5,1.2200000000000002,94.32000000000001
Z2.6,2021,MMR Dose 2 by Age 17,2004,94.88000000000001,0.5,1.06,94.35000000000001
Z2.6,2022,MMR Dose 2 by Age 17,2005,95.09,0.46,3.2800000000000002,93.60000000000001
Z2.6,2023,MMR Dose 2 by Age 17,2006,93.61000000000001,0.54,1.85,92.62
Z2.6,2023,MMR Dose 2 by Age 2,2021,70.85,1.0,1.53,69.32
Z2.6,2014,MMR Dose 2 by Age 7,2007,85.04,0.79,5.630000000000001,80.57
Z2.6,2015,MMR Dose 2 by Age 7,2008,83.68,0.79,3.01,81.30000000000001
Z2.6,2016,MMR Dose 2 by Age 7,2009,85.9,0.7500000000000001,5.1000000000000005,82.10000000000001
Z2.6,2017,MMR Dose 2 by Age 7,2010,85.65,0.7500000000000001,5.330000000000001,81.63000000000001
Z2.6,2018,MMR Dose 2 by Age 7,2011,85.62,0.7400000000000001,6.180000000000001,81.08
Z2.6,2019,MMR Dose 2 by Age 7,2012,84.54,0.7500000000000001,3.7800000000000002,81.72
Z2.6,2020,MMR Dose 2 by Age 7,2013,79.25,0.8400000000000001,1.9600000000000002,77.60000000000001
Z2.6,2021,MMR Dose 2 by Age 7,2014,79.13000000000001,0.8300000000000001,5.29,74.73
Z2.6,2022,MMR Dose 2 by Age 7,2015,79.0,0.8300000000000001,5.9,74.08
Z2.6,2023,MMR Dose 2 by Age 7,2016,76.15,0.8700000000000001,4.07,72.63000000000001
Z2.7,2014,MMR Dose 1 by Age 13,2001,95.85000000000001,0.78,-0.6900000000000001,96.38000000000001
Z2.7,2015,MMR Dose 1 by Age 13,2002,95.39000000000001,0.78,-1.4400000000000002,96.51
Z2.7,2016,MMR Dose 1 by Age 13,2003,95.17,0.78,-1.9000000000000001,96.66000000000001
Z2.7,2017,MMR Dose 1 by Age 13,2004,95.49000000000001,0.76,-1.8900000000000001,96.92
Z2.7,2018,MMR Dose 1 by Age 13,2005,95.46000000000001,0.7100000000000001,-2.2800000000000002,97.09
Z2.7,2019,MMR Dose 1 by Age 13,2006,95.07,0.7500000000000001,-2.31,96.81000000000002
Z2.7,2020,MMR Dose 1 by Age 13,2007,93.05,0.89,-3.65,96.30000000000001
Z2.7,2021,MMR Dose 1 by Age 13,2008,94.17,0.8,-1.84,95.64000000000001
Z2.7,2022,MMR Dose 1 by Age 13,2009,92.84000000000002,0.9,-2.67,95.25
Z2.7,2023,MMR Dose 1 by Age 13,2010,92.2,0.9500000000000001,-2.9000000000000004,94.95
Z2.7,2014,MMR Dose 1 by Age 17,1997,94.22,0.9400000000000001,-2.12,96.23
Z2.7,2015,MMR Dose 1 by Age 17,1998,95.26,0.8200000000000001,-1.52,96.51
Z2.7,2016,MMR Dose 1 by Age 17,1999,95.95,0.7400000000000001,-1.01,96.71000000000001
Z2.7,2017,MMR Dose 1 by Age 17,2000,95.99000000000001,0.7300000000000001,-1.3,96.94000000000001
Z2.7,2018,MMR Dose 1 by Age 17,2001,97.13000000000001,0.6000000000000001,0.17,97.03
Z2.7,2019,MMR Dose 1 by Age 17,2002,96.42,0.6500000000000001,-1.2200000000000002,97.22
Z2.7,2020,MMR Dose 1 by Age 17,2003,96.74000000000001,0.6000000000000001,-1.6800000000000002,97.75
Z2.7,2021,MMR Dose 1 by Age 17,2004,96.71000000000001,0.6000000000000001,-1.8800000000000001,97.84000000000002
Z2.7,2022,MMR Dose 1 by Age 17,2005,96.54,0.59,-2.18,97.83000000000001
Z2.7,2023,MMR Dose 1 by Age 17,2006,95.21000000000001,0.7400000000000001,-2.79,97.27
Z2.7,2014,MMR Dose 1 by Age 2,2012,87.36000000000001,1.2500000000000002,-0.55,88.05
Z2.7,2015,MMR Dose 1 by Age 2,2013,85.28,1.2800000000000002,-1.4400000000000002,87.11000000000001
Z2.7,2016,MMR Dose 1 by Age 2,2014,86.88000000000001,1.1800000000000002,-0.35000000000000003,87.29
Z2.7,2017,MMR Dose 1 by Age 2,2015,87.12,1.1400000000000001,0.06,87.05
Z2.7,2018,MMR Dose 1 by Age 2,2016,85.91000000000001,1.1900000000000002,-0.6900000000000001,86.73
Z2.7,2019,MMR Dose 1 by Age 2,2017,85.84000000000002,1.1700000000000002,-0.9500000000000001,86.96000000000001
Z2.7,2020,MMR Dose 1 by Age 2,2018,86.65,1.1700000000000002,0.0,86.65
Z2.7,2021,MMR Dose 1 by Age 2,2019,80.25,1.3900000000000001,-2.11,83.2
Z2.7,2022,MMR Dose 1 by Age 2,2020,81.77,1.3900000000000001,-0.21000000000000002,82.07
Z2.7,2023,MMR Dose 1 by Age 2,2021,82.28,1.3,0.47000000000000003,81.67
Z2.7,2014,MMR Dose 2 by Age 13,2001,92.91000000000001,0.9400000000000001,1.2200000000000002,91.76
Z2.7,2015,MMR Dose 2 by Age 13,2002,91.52,1.01,-0.16,91.68
Z2.7,2016,MMR Dose 2 by Age 13,2003,90.84000000000002,1.01,-0.33000000000000007,91.18
Z2.7,2017,MMR Dose 2 by Age 13,2004,90.33000000000001,1.04,-1.08,91.45
Z2.7,2018,MMR Dose 2 by Age 13,2005,88.49000000000001,1.12,-2.55,91.34000000000002
Z2.7,2019,MMR Dose 2 by Age 13,2006,89.01,1.06,-2.3200000000000003,91.46000000000001
Z2.7,2020,MMR Dose 2 by Age 13,2007,88.54,1.05,-2.37,91.01
Z2.7,2021,MMR Dose 2 by Age 13,2008,88.68,1.04,-1.08,89.81000000000002
Z2.7,2022,MMR Dose 2 by Age 13,2009,87.60000000000001,1.09,-2.04,89.83000000000001
Z2.7,2023,MMR Dose 2 by Age 13,2010,87.46000000000001,1.11,-1.9400000000000002,89.61000000000001
Z2.7,2014,MMR Dose 2 by Age 17,1997,90.75,1.08,-1.54,92.41000000000001
Z2.7,2015,MMR Dose 2 by Age 17,1998,91.18,1.01,-1.56,92.75
Z2.7,2016,MMR Dose 2 by Age 17,1999,92.10000000000001,0.97,-1.1500000000000001,93.22
Z2.7,2017,MMR Dose 2 by Age 17,2000,95.71000000000001,0.6600000000000001,3.35,93.49000000000001
Z2.7,2018,MMR Dose 2 by Age 17,2001,95.29,0.7300000000000001,2.62,93.37
Z2.7,2019,MMR Dose 2 by Age 17,2002,94.13000000000001,0.8,0.7100000000000001,93.56
Z2.7,2020,MMR Dose 2 by Age 17,2003,93.66000000000001,0.81,-0.8200000000000001,94.32000000000001
Z2.7,2021,MMR Dose 2 by Age 17,2004,92.97,0.8500000000000001,-1.61,94.35000000000001
Z2.7,2022,MMR Dose 2 by Age 17,2005,90.30000000000001,1.01,-3.25,93.60000000000001
Z2.7,2023,MMR Dose 2 by Age 17,2006,89.76,1.01,-2.8200000000000003,92.62
Z2.7,2023,MMR Dose 2 by Age 2,2021,68.35,1.56,-0.6200000000000001,69.32
Z2.7,2014,MMR Dose 2 by Age 7,2007,79.69000000000001,1.4000000000000001,-0.6300000000000001,80.57
Z2.7,2015,MMR Dose 2 by Age 7,2008,82.06,1.32,0.5700000000000001,81.30000000000001
Z2.7,2016,MMR Dose 2 by Age 7,2009,80.85000000000001,1.34,-0.93,82.10000000000001
Z2.7,2017,MMR Dose 2 by Age 7,2010,80.43,1.36,-0.88,81.63000000000001
Z2.7,2018,MMR Dose 2 by Age 7,2011,82.94000000000001,1.2300000000000002,1.51,81.08
Z2.7,2019,MMR Dose 2 by Age 7,2012,81.93,1.2400000000000002,0.17,81.72
Z2.7,2020,MMR Dose 2 by Age 7,2013,78.75,1.31,0.8700000000000001,77.60000000000001
Z2.7,2021,MMR Dose 2 by Age 7,2014,72.60000000000001,1.4600000000000002,-1.4600000000000002,74.73
Z2.7,2022,MMR Dose 2 by Age 7,2015,75.57,1.33,1.11,74.08
Z2.7,2023,MMR Dose 2 by Age 7,2016,75.22,1.33,1.9500000000000002,72.63000000000001
Z3.1,2014,MMR Dose 1 by Age 13,2001,91.49000000000001,1.2500000000000002,-3.93,96.38000000000001
Z3.1,2015,MMR Dose 1 by Age 13,2002,93.15,1.06,-3.16,96.51
Z3.1,2016,MMR Dose 1 by Age 13,2003,92.76,1.1400000000000001,-3.4200000000000004,96.66000000000001
Z3.1,2017,MMR Dose 1 by Age 13,2004,93.86000000000001,1.08,-2.85,96.92
Z3.1,2018,MMR Dose 1 by Age 13,2005,92.93,1.12,-3.73,97.09
Z3.1,2019,MMR Dose 1 by Age 13,2006,92.39000000000001,1.09,-4.07,96.81000000000002
Z3.1,2020,MMR Dose 1 by Age 13,2007,92.17,1.1500000000000001,-3.6,96.30000000000001
Z3.1,2021,MMR Dose 1 by Age 13,2008,89.85000000000001,1.2500000000000002,-4.62,95.64000000000001
Z3.1,2022,MMR Dose 1 by Age 13,2009,92.34000000000002,1.09,-2.66,95.25
Z3.1,2023,MMR Dose 1 by Age 13,2010,86.85000000000001,1.4400000000000002,-5.630000000000001,94.95
Z3.1,2014,MMR Dose 1 by Age 17,1997,92.78,1.1500000000000001,-3.0,96.23
Z3.1,2015,MMR Dose 1 by Age 17,1998,91.14000000000001,1.2600000000000002,-4.2700000000000005,96.51
Z3.1,2016,MMR Dose 1 by Age 17,1999,91.30000000000001,1.2200000000000002,-4.44,96.71000000000001
Z3.1,2017,MMR Dose 1 by Age 17,2000,92.66000000000001,1.2000000000000002,-3.58,96.94000000000001
Z3.1,2018,MMR Dose 1 by Age 17,2001,92.21000000000001,1.1800000000000002,-4.08,97.03
Z3.1,2019,MMR Dose 1 by Age 17,2002,93.58,1.02,-3.57,97.22
Z3.1,2020,MMR Dose 1 by Age 17,2003,93.61000000000001,1.07,-3.8800000000000003,97.75
Z3.1,2021,MMR Dose 1 by Age 17,2004,94.02,1.06,-3.6,97.84000000000002
Z3.1,2022,MMR Dose 1 by Age 17,2005,93.9,1.04,-3.7600000000000002,97.83000000000001
Z3.1,2023,MMR Dose 1 by Age 17,2006,92.66000000000001,1.06,-4.33,97.27
Z3.1,2014,MMR Dose 1 by Age 2,2012,82.19000000000001,1.62,-3.62,88.05
Z3.1,2015,MMR Dose 1 by Age 2,2013,81.09,1.7300000000000002,-3.4800000000000004,87.11000000000001
Z3.1,2016,MMR Dose 1 by Age 2,2014,82.24000000000001,1.62,-3.12,87.29
Z3.1,2017,MMR Dose 1 by Age 2,2015,82.95,1.6600000000000001,-2.47,87.05
Z3.1,2018,MMR Dose 1 by Age 2,2016,83.23,1.7200000000000002,-2.03,86.73
Z3.1,2019,MMR Dose 1 by Age 2,2017,80.12,1.86,-3.67,86.96000000000001
Z3.1,2020,MMR Dose 1 by Age 2,2018,79.22,1.8900000000000001,-3.9400000000000004,86.65
Z3.1,2021,MMR Dose 1 by Age 2,2019,78.88000000000001,1.9600000000000002,-2.2,83.2
Z3.1,2022,MMR Dose 1 by Age 2,2020,69.91000000000001,2.29,-5.3100000000000005,82.07
Z3.1,2023,MMR Dose 1 by Age 2,2021,74.35,2.21,-3.3200000000000003,81.67
Z3.1,2014,MMR Dose 2 by Age 13,2001,83.83000000000001,1.6500000000000001,-4.800000000000001,91.76
Z3.1,2015,MMR Dose 2 by Age 13,2002,85.53,1.56,-3.95,91.68
Z3.1,2016,MMR Dose 2 by Age 13,2003,86.07,1.54,-3.3200000000000003,91.18
Z3.1,2017,MMR Dose 2 by Age 13,2004,87.43,1.4600000000000002,-2.75,91.45
Z3.1,2018,MMR Dose 2 by Age 13,2005,85.75,1.5,-3.73,91.34000000000002
Z3.1,2019,MMR Dose 2 by Age 13,2006,86.04,1.4300000000000002,-3.79,91.46000000000001
Z3.1,2020,MMR Dose 2 by Age 13,2007,86.75,1.4200000000000002,-3.01,91.01
Z3.1,2021,MMR Dose 2 by Age 13,2008,82.47,1.58,-4.640000000000001,89.81000000000002
Z3.1,2022,MMR Dose 2 by Age 13,2009,87.0,1.3800000000000001,-2.05,89.83000000000001
Z3.1,2023,MMR Dose 2 by Age 13,2010,76.53,1.84,-7.12,89.61000000000001
Z3.1,2014,MMR Dose 2 by Age 17,1997,88.09,1.4300000000000002,-3.03,92.41000000000001
Z3.1,2015,MMR Dose 2 by Age 17,1998,88.46000000000001,1.4100000000000001,-3.05,92.75
Z3.1,2016,MMR Dose 2 by Age 17,1999,86.61000000000001,1.4600000000000002,-4.52,93.22
Z3.1,2017,MMR Dose 2 by Age 17,2000,88.10000000000001,1.4600000000000002,-3.68,93.49000000000001
Z3.1,2018,MMR Dose 2 by Age 17,2001,86.01,1.55,-4.76,93.37
Z3.1,2019,MMR Dose 2 by Age 17,2002,87.94000000000001,1.4200000000000002,-3.97,93.56
Z3.1,2020,MMR Dose 2 by Age 17,2003,88.5,1.4200000000000002,-4.11,94.32000000000001
Z3.1,2021,MMR Dose 2 by Age 17,2004,89.15,1.37,-3.8000000000000003,94.35000000000001
Z3.1,2022,MMR Dose 2 by Age 17,2005,87.48,1.4200000000000002,-4.3,93.60000000000001
Z3.1,2023,MMR Dose 2 by Age 17,2006,87.26,1.37,-3.91,92.62
Z3.1,2023,MMR Dose 2 by Age 2,2021,53.690000000000005,2.49,-6.28,69.32
Z3.1,2014,MMR Dose 2 by Age 7,2007,76.27,1.81,-2.3800000000000003,80.57
Z3.1,2015,MMR Dose 2 by Age 7,2008,72.72,1.85,-4.640000000000001,81.30000000000001
Z3.1,2016,MMR Dose 2 by Age 7,2009,77.48,1.7300000000000002,-2.67,82.10000000000001
Z3.1,2017,MMR Dose 2 by Age 7,2010,67.5,2.01,-7.02,81.63000000000001
Z3.1,2018,MMR Dose 2 by Age 7,2011,73.85,1.9100000000000001,-3.7800000000000002,81.08
Z3.1,2019,MMR Dose 2 by Age 7,2012,76.31,1.7900000000000003,-3.03,81.72
Z3.1,2020,MMR Dose 2 by Age 7,2013,71.83,1.9900000000000002,-2.91,77.60000000000001
Z3.1,2021,MMR Dose 2 by Age 7,2014,74.98,1.86,0.14,74.73
Z3.1,2022,MMR Dose 2 by Age 7,2015,72.82,1.9900000000000002,-0.6300000000000001,74.08
Z3.1,2023,MMR Dose 2 by Age 7,2016,68.42,2.08,-2.02,72.63000000000001
Z3.2,2014,MMR Dose 1 by Age 13,2001,94.03,0.8600000000000001,-2.73,96.38000000000001
Z3.2,2015,MMR Dose 1 by Age 13,2002,94.57,0.8200000000000001,-2.37,96.51
Z3.2,2016,MMR Dose 1 by Age 13,2003,95.05,0.68,-2.35,96.66000000000001
Z3.2,2017,MMR Dose 1 by Age 13,2004,94.82000000000001,0.76,-2.75,96.92
Z3.2,2018,MMR Dose 1 by Age 13,2005,94.34000000000002,0.79,-3.4800000000000004,97.09
Z3.2,2019,MMR Dose 1 by Age 13,2006,95.48,0.6500000000000001,-2.04,96.81000000000002
Z3.2,2020,MMR Dose 1 by Age 13,2007,92.97,0.81,-4.12,96.30000000000001
Z3.2,2021,MMR Dose 1 by Age 13,2008,92.82000000000001,0.81,-3.47,95.64000000000001
Z3.2,2022,MMR Dose 1 by Age 13,2009,92.07,0.8500000000000001,-3.74,95.25
Z3.2,2023,MMR Dose 1 by Age 13,2010,90.16000000000001,0.9500000000000001,-5.08,94.95
Z3.2,2014,MMR Dose 1 by Age 17,1997,94.98,0.81,-1.54,96.23
Z3.2,2015,MMR Dose 1 by Age 17,1998,95.27,0.76,-1.62,96.51
Z3.2,2016,MMR Dose 1 by Age 17,1999,94.94000000000001,0.77,-2.29,96.71000000000001
Z3.2,2017,MMR Dose 1 by Age 17,2000,95.89000000000001,0.6900000000000001,-1.52,96.94000000000001
Z3.2,2018,MMR Dose 1 by Age 17,2001,94.64000000000001,0.81,-2.9600000000000004,97.03
Z3.2,2019,MMR Dose 1 by Age 17,2002,95.58,0.7200000000000001,-2.29,97.22
Z3.2,2020,MMR Dose 1 by Age 17,2003,95.94000000000001,0.6000000000000001,-3.02,97.75
Z3.2,2021,MMR Dose 1 by Age 17,2004,95.57,0.6900000000000001,-3.3000000000000003,97.84000000000002
Z3.2,2022,MMR Dose 1 by Age 17,2005,94.84000000000002,0.7400000000000001,-4.0,97.83000000000001
Z3.2,2023,MMR Dose 1 by Age 17,2006,95.96000000000001,0.6100000000000001,-2.16,97.27
Z3.2,2014,MMR Dose 1 by Age 2,2012,86.84000000000002,1.09,-1.11,88.05
Z3.2,2015,MMR Dose 1 by Age 2,2013,83.71000000000001,1.1900000000000002,-2.87,87.11000000000001
Z3.2,2016,MMR Dose 1 by Age 2,2014,84.96000000000001,1.1300000000000001,-2.07,87.29
Z3.2,2017,MMR Dose 1 by Age 2,2015,83.63000000000001,1.1300000000000001,-3.03,87.05
Z3.2,2018,MMR Dose 1 by Age 2,2016,84.63000000000001,1.1300000000000001,-1.86,86.73
Z3.2,2019,MMR Dose 1 by Age 2,2017,82.83000000000001,1.1700000000000002,-3.52,86.96000000000001
Z3.2,2020,MMR Dose 1 by Age 2,2018,84.94000000000001,1.1600000000000001,-1.4600000000000002,86.65
Z3.2,2021,MMR Dose 1 by Age 2,2019,81.16000000000001,1.32,-1.54,83.2
Z3.2,2022,MMR Dose 1 by Age 2,2020,76.35,1.4700000000000002,-3.8800000000000003,82.07
Z3.2,2023,MMR Dose 1 by Age 2,2021,72.04,1.51,-6.370000000000001,81.67
Z3.2,2014,MMR Dose 2 by Age 13,2001,87.21000000000001,1.1800000000000002,-3.8600000000000003,91.76
Z3.2,2015,MMR Dose 2 by Age 13,2002,90.22,1.0,-1.4600000000000002,91.68
Z3.2,2016,MMR Dose 2 by Age 13,2003,87.74000000000001,1.08,-3.18,91.18
Z3.2,2017,MMR Dose 2 by Age 13,2004,90.56,0.96,-0.9400000000000001,91.45
Z3.2,2018,MMR Dose 2 by Age 13,2005,87.97,1.05,-3.2,91.34000000000002
Z3.2,2019,MMR Dose 2 by Age 13,2006,89.05,1.01,-2.4000000000000004,91.46000000000001
Z3.2,2020,MMR Dose 2 by Age 13,2007,85.59,1.11,-4.9,91.01
Z3.2,2021,MMR Dose 2 by Age 13,2008,85.29,1.09,-4.140000000000001,89.81000000000002
Z3.2,2022,MMR Dose 2 by Age 13,2009,87.0,1.04,-2.71,89.83000000000001
Z3.2,2023,MMR Dose 2 by Age 13,2010,84.4,1.12,-4.66,89.61000000000001
Z3.2,2014,MMR Dose 2 by Age 17,1997,91.83000000000001,0.96,-0.6000000000000001,92.41000000000001
Z3.2,2015,MMR Dose 2 by Age 17,1998,91.84000000000002,0.97,-0.9400000000000001,92.75
Z3.2,2016,MMR Dose 2 by Age 17,1999,92.75,0.8400000000000001,-0.55,93.22
Z3.2,2017,MMR Dose 2 by Age 17,2000,90.63000000000001,0.99,-2.9000000000000004,93.49000000000001
Z3.2,2018,MMR Dose 2 by Age 17,2001,90.03,1.03,-3.23,93.37
Z3.2,2019,MMR Dose 2 by Age 17,2002,92.69000000000001,0.8500000000000001,-1.04,93.56
Z3.2,2020,MMR Dose 2 by Age 17,2003,90.39000000000001,0.9500000000000001,-4.140000000000001,94.32000000000001
Z3.2,2021,MMR Dose 2 by Age 17,2004,92.44000000000001,0.8400000000000001,-2.27,94.35000000000001
Z3.2,2022,MMR Dose 2 by Age 17,2005,89.76,0.97,-3.9400000000000004,93.60000000000001
Z3.2,2023,MMR Dose 2 by Age 17,2006,90.57,0.93,-2.21,92.62
Z3.2,2023,MMR Dose 2 by Age 2,2021,56.370000000000005,1.6500000000000001,-7.870000000000001,69.32
Z3.2,2014,MMR Dose 2 by Age 7,2007,75.43,1.36,-3.77,80.57
Z3.2,2015,MMR Dose 2 by Age 7,2008,77.06,1.32,-3.21,81.30000000000001
Z3.2,2016,MMR Dose 2 by Age 7,2009,79.63000000000001,1.2800000000000002,-1.9300000000000002,82.10000000000001
Z3.2,2017,MMR Dose 2 by Age 7,2010,74.95,1.34,-4.98,81.63000000000001
Z3.2,2018,MMR Dose 2 by Age 7,2011,77.13000000000001,1.2700000000000002,-3.11,81.08
Z3.2,2019,MMR Dose 2 by Age 7,2012,81.72,1.1600000000000001,0.0,81.72
Z3.2,2020,MMR Dose 2 by Age 7,2013,73.54,1.36,-2.99,77.60000000000001
Z3.2,2021,MMR Dose 2 by Age 7,2014,71.32,1.37,-2.5,74.73
Z3.2,2022,MMR Dose 2 by Age 7,2015,70.51,1.35,-2.64,74.08
Z3.2,2023,MMR Dose 2 by Age 7,2016,67.31,1.4200000000000002,-3.73,72.63000000000001
Z3.3,2014,MMR Dose 1 by Age 13,2001,98.01,0.51,3.2,96.38000000000001
Z3.3,2015,MMR Dose 1 by Age 13,2002,97.05,0.6600000000000001,0.8300000000000001,96.51
Z3.3,2016,MMR Dose 1 by Age 13,2003,96.75,0.6900000000000001,0.14,96.66000000000001
Z3.3,2017,MMR Dose 1 by Age 13,2004,97.35000000000001,0.6200000000000001,0.6900000000000001,96.92
Z3.3,2018,MMR Dose 1 by Age 13,2005,97.0,0.7100000000000001,-0.13,97.09
Z3.3,2019,MMR Dose 1 by Age 13,2006,96.66000000000001,0.7000000000000001,-0.22,96.81000000000002
Z3.3,2020,MMR Dose 1 by Age 13,2007,96.07,0.79,-0.29000000000000004,96.30000000000001
Z3.3,2021,MMR Dose 1 by Age 13,2008,95.23,0.8400000000000001,-0.48000000000000004,95.64000000000001
Z3.3,2022,MMR Dose 1 by Age 13,2009,95.81000000000002,0.81,0.7000000000000001,95.25
Z3.3,2023,MMR Dose 1 by Age 13,2010,92.92,1.08,-1.8900000000000001,94.95
Z3.3,2014,MMR Dose 1 by Age 17,1997,98.02,0.54,3.33,96.23
Z3.3,2015,MMR Dose 1 by Age 17,1998,96.54,0.7200000000000001,0.04,96.51
Z3.3,2016,MMR Dose 1 by Age 17,1999,98.27,0.47000000000000003,3.33,96.71000000000001
Z3.3,2017,MMR Dose 1 by Age 17,2000,96.92,0.6900000000000001,-0.03,96.94000000000001
Z3.3,2018,MMR Dose 1 by Age 17,2001,98.65,0.38000000000000006,4.28,97.03
Z3.3,2019,MMR Dose 1 by Age 17,2002,98.41000000000001,0.45,2.65,97.22
Z3.3,2020,MMR Dose 1 by Age 17,2003,97.45,0.58,-0.51,97.75
Z3.3,2021,MMR Dose 1 by Age 17,2004,98.42,0.43000000000000005,1.35,97.84000000000002
Z3.3,2022,MMR Dose 1 by Age 17,2005,97.69000000000001,0.59,-0.24000000000000002,97.83000000000001
Z3.3,2023,MMR Dose 1 by Age 17,2006,96.77,0.68,-0.7400000000000001,97.27
Z3.3,2014,MMR Dose 1 by Age 2,2012,86.68,1.4500000000000002,-0.9500000000000001,88.05
Z3.3,2015,MMR Dose 1 by Age 2,2013,89.45,1.2800000000000002,1.82,87.11000000000001
Z3.3,2016,MMR Dose 1 by Age 2,2014,87.69000000000001,1.4500000000000002,0.27,87.29
Z3.3,2017,MMR Dose 1 by Age 2,2015,89.13000000000001,1.3,1.59,87.05
Z3.3,2018,MMR Dose 1 by Age 2,2016,87.14000000000001,1.4600000000000002,0.28,86.73
Z3.3,2019,MMR Dose 1 by Age 2,2017,88.41000000000001,1.4900000000000002,0.97,86.96000000000001
Z3.3,2020,MMR Dose 1 by Age 2,2018,87.99000000000001,1.5,0.89,86.65
Z3.3,2021,MMR Dose 1 by Age 2,2019,82.65,1.85,-0.30000000000000004,83.2
Z3.3,2022,MMR Dose 1 by Age 2,2020,80.74000000000001,1.9000000000000001,-0.7000000000000001,82.07
Z3.3,2023,MMR Dose 1 by Age 2,2021,74.69000000000001,2.03,-3.4400000000000004,81.67
Z3.3,2014,MMR Dose 2 by Age 13,2001,94.51,0.88,3.12,91.76
Z3.3,2015,MMR Dose 2 by Age 13,2002,94.0,0.9500000000000001,2.4400000000000004,91.68
Z3.3,2016,MMR Dose 2 by Age 13,2003,90.74000000000001,1.1700000000000002,-0.38000000000000006,91.18
Z3.3,2017,MMR Dose 2 by Age 13,2004,93.57,1.01,2.1,91.45
Z3.3,2018,MMR Dose 2 by Age 13,2005,93.51,1.0,2.17,91.34000000000002
Z3.3,2019,MMR Dose 2 by Age 13,2006,90.83000000000001,1.1900000000000002,-0.53,91.46000000000001
Z3.3,2020,MMR Dose 2 by Age 13,2007,91.09,1.1700000000000002,0.07,91.01
Z3.3,2021,MMR Dose 2 by Age 13,2008,90.10000000000001,1.1900000000000002,0.25,89.81000000000002
Z3.3,2022,MMR Dose 2 by Age 13,2009,91.60000000000001,1.1300000000000001,1.56,89.83000000000001
Z3.3,2023,MMR Dose 2 by Age 13,2010,88.91000000000001,1.2800000000000002,-0.54,89.61000000000001
Z3.3,2014,MMR Dose 2 by Age 17,1997,95.39000000000001,0.8,3.73,92.41000000000001
Z3.3,2015,MMR Dose 2 by Age 17,1998,93.92,0.97,1.2100000000000002,92.75
Z3.3,2016,MMR Dose 2 by Age 17,1999,95.62,0.77,3.1,93.22
Z3.3,2017,MMR Dose 2 by Age 17,2000,94.4,0.92,0.98,93.49000000000001
Z3.3,2018,MMR Dose 2 by Age 17,2001,96.5,0.6600000000000001,4.74,93.37
Z3.3,2019,MMR Dose 2 by Age 17,2002,96.65,0.6900000000000001,4.470000000000001,93.56
Z3.3,2020,MMR Dose 2 by Age 17,2003,92.94000000000001,1.0,-1.3800000000000001,94.32000000000001
Z3.3,2021,MMR Dose 2 by Age 17,2004,95.49000000000001,0.81,1.4100000000000001,94.35000000000001
Z3.3,2022,MMR Dose 2 by Age 17,2005,94.93,0.8700000000000001,1.53,93.60000000000001
Z3.3,2023,MMR Dose 2 by Age 17,2006,91.55,1.1400000000000001,-0.9400000000000001,92.62
Z3.3,2023,MMR Dose 2 by Age 2,2021,59.95,2.2600000000000002,-4.15,69.32
Z3.3,2014,MMR Dose 2 by Age 7,2007,85.2,1.4800000000000002,3.12,80.57
Z3.3,2015,MMR Dose 2 by Age 7,2008,83.07,1.53,1.1500000000000001,81.30000000000001
Z3.3,2016,MMR Dose 2 by Age 7,2009,84.13000000000001,1.5,1.35,82.10000000000001
Z3.3,2017,MMR Dose 2 by Age 7,2010,83.05,1.55,0.91,81.63000000000001
Z3.3,2018,MMR Dose 2 by Age 7,2011,83.88000000000001,1.54,1.82,81.08
Z3.3,2019,MMR Dose 2 by Age 7,2012,82.48,1.58,0.48000000000000004,81.72
Z3.3,2020,MMR Dose 2 by Age 7,2013,84.23,1.5,4.42,77.60000000000001
Z3.3,2021,MMR Dose 2 by Age 7,2014,80.54,1.6900000000000002,3.43,74.73
Z3.3,2022,MMR Dose 2 by Age 7,2015,80.64000000000001,1.6300000000000001,4.02,74.08
Z3.3,2023,MMR Dose 2 by Age 7,2016,74.14000000000001,1.85,0.8200000000000001,72.63000000000001
Z3.4,2014,MMR Dose 1 by Age 13,2001,93.96000000000001,0.77,-3.15,96.38000000000001
Z3.4,2015,MMR Dose 1 by Age 13,2002,96.01,0.59,-0.8400000000000001,96.51
Z3.4,2016,MMR Dose 1 by Age 13,2003,94.67,0.7000000000000001,-2.8600000000000003,96.66000000000001
Z3.4,2017,MMR Dose 1 by Age 13,2004,95.72,0.59,-2.02,96.92
Z3.4,2018,MMR Dose 1 by Age 13,2005,94.56,0.6700000000000002,-3.77,97.09
Z3.4,2019,MMR Dose 1 by Age 13,2006,94.98,0.6200000000000001,-2.9400000000000004,96.81000000000002
Z3.4,2020,MMR Dose 1 by Age 13,2007,94.05,0.6700000000000002,-3.37,96.30000000000001
Z3.4,2021,MMR Dose 1 by Age 13,2008,92.80000000000001,0.7500000000000001,-3.7600000000000002,95.64000000000001
Z3.4,2022,MMR Dose 1 by Age 13,2009,91.71000000000001,0.8,-4.41,95.25
Z3.4,2023,MMR Dose 1 by Age 13,2010,92.91000000000001,0.76,-2.67,94.95
Z3.4,2014,MMR Dose 1 by Age 17,1997,93.22,0.79,-3.8200000000000003,96.23
Z3.4,2015,MMR Dose 1 by Age 17,1998,93.88000000000001,0.78,-3.39,96.51
Z3.4,2016,MMR Dose 1 by Age 17,1999,94.48,0.7000000000000001,-3.17,96.71000000000001
Z3.4,2017,MMR Dose 1 by Age 17,2000,95.53,0.6200000000000001,-2.29,96.94000000000001
Z3.4,2018,MMR Dose 1 by Age 17,2001,95.37,0.6500000000000001,-2.55,97.03
Z3.4,2019,MMR Dose 1 by Age 17,2002,96.93,0.5,-0.58,97.22
Z3.4,2020,MMR Dose 1 by Age 17,2003,95.32000000000001,0.6400000000000001,-3.77,97.75
Z3.4,2021,MMR Dose 1 by Age 17,2004,96.58,0.51,-2.4400000000000004,97.84000000000002
Z3.4,2022,MMR Dose 1 by Age 17,2005,95.08,0.6300000000000001,-4.35,97.83000000000001
Z3.4,2023,MMR Dose 1 by Age 17,2006,95.35000000000001,0.6000000000000001,-3.22,97.27
Z3.4,2014,MMR Dose 1 by Age 2,2012,77.54,1.2900000000000003,-8.129999999999999,88.05
Z3.4,2015,MMR Dose 1 by Age 2,2013,76.62,1.2800000000000002,-8.22,87.11000000000001
Z3.4,2016,MMR Dose 1 by Age 2,2014,76.35,1.31,-8.34,87.29
Z3.4,2017,MMR Dose 1 by Age 2,2015,75.60000000000001,1.33,-8.639999999999999,87.05
Z3.4,2018,MMR Dose 1 by Age 2,2016,75.09,1.34,-8.700000000000001,86.73
Z3.4,2019,MMR Dose 1 by Age 2,2017,74.75,1.36,-8.96,86.96000000000001
Z3.4,2020,MMR Dose 1 by Age 2,2018,74.88,1.4000000000000001,-8.4,86.65
Z3.4,2021,MMR Dose 1 by Age 2,2019,65.23,1.51,-11.91,83.2
Z3.4,2022,MMR Dose 1 by Age 2,2020,63.99000000000001,1.58,-11.44,82.07
Z3.4,2023,MMR Dose 1 by Age 2,2021,65.41000000000001,1.61,-10.08,81.67
Z3.4,2014,MMR Dose 2 by Age 13,2001,88.44000000000001,1.0,-3.31,91.76
Z3.4,2015,MMR Dose 2 by Age 13,2002,88.24000000000001,1.01,-3.4000000000000004,91.68
Z3.4,2016,MMR Dose 2 by Age 13,2003,88.69000000000001,0.9500000000000001,-2.61,91.18
Z3.4,2017,MMR Dose 2 by Age 13,2004,88.5,0.96,-3.08,91.45
Z3.4,2018,MMR Dose 2 by Age 13,2005,84.55,1.11,-6.11,91.34000000000002
Z3.4,2019,MMR Dose 2 by Age 13,2006,88.57,0.93,-3.12,91.46000000000001
Z3.4,2020,MMR Dose 2 by Age 13,2007,87.17,0.99,-3.87,91.01
Z3.4,2021,MMR Dose 2 by Age 13,2008,83.73,1.09,-5.55,89.81000000000002
Z3.4,2022,MMR Dose 2 by Age 13,2009,84.39000000000001,1.05,-5.19,89.83000000000001
Z3.4,2023,MMR Dose 2 by Age 13,2010,84.86000000000001,1.06,-4.46,89.61000000000001
Z3.4,2014,MMR Dose 2 by Age 17,1997,91.04,0.8500000000000001,-1.6,92.41000000000001
Z3.4,2015,MMR Dose 2 by Age 17,1998,90.7,0.9,-2.29,92.75
Z3.4,2016,MMR Dose 2 by Age 17,1999,92.0,0.79,-1.54,93.22
Z3.4,2017,MMR Dose 2 by Age 17,2000,91.10000000000001,0.8700000000000001,-2.75,93.49000000000001
Z3.4,2018,MMR Dose 2 by Age 17,2001,90.96000000000001,0.88,-2.74,93.37
Z3.4,2019,MMR Dose 2 by Age 17,2002,90.87,0.9,-3.0,93.56
Z3.4,2020,MMR Dose 2 by Age 17,2003,91.34000000000002,0.8300000000000001,-3.58,94.32000000000001
Z3.4,2021,MMR Dose 2 by Age 17,2004,91.71000000000001,0.81,-3.23,94.35000000000001
Z3.4,2022,MMR Dose 2 by Age 17,2005,88.25,0.98,-5.45,93.60000000000001
Z3.4,2023,MMR Dose 2 by Age 17,2006,90.10000000000001,0.8600000000000001,-2.9200000000000004,92.62
Z3.4,2023,MMR Dose 2 by Age 2,2021,47.330000000000005,1.6900000000000002,-13.03,69.32
Z3.4,2014,MMR Dose 2 by Age 7,2007,70.60000000000001,1.35,-7.380000000000001,80.57
Z3.4,2015,MMR Dose 2 by Age 7,2008,68.69000000000001,1.37,-9.21,81.30000000000001
Z3.4,2016,MMR Dose 2 by Age 7,2009,72.08,1.31,-7.640000000000001,82.10000000000001
Z3.4,2017,MMR Dose 2 by Age 7,2010,72.36,1.34,-6.9,81.63000000000001
Z3.4,2018,MMR Dose 2 by Age 7,2011,72.63000000000001,1.2800000000000002,-6.58,81.08
Z3.4,2019,MMR Dose 2 by Age 7,2012,69.83,1.3900000000000001,-8.55,81.72
Z3.4,2020,MMR Dose 2 by Age 7,2013,65.99000000000001,1.4100000000000001,-8.250000000000002,77.60000000000001
Z3.4,2021,MMR Dose 2 by Age 7,2014,65.36999999999999,1.4300000000000002,-6.54,74.73
Z3.4,2022,MMR Dose 2 by Age 7,2015,62.45,1.4600000000000002,-7.99,74.08
Z3.4,2023,MMR Dose 2 by Age 7,2016,61.02,1.4700000000000002,-7.92,72.63000000000001
Z3.5,2014,MMR Dose 1 by Age 13,2001,95.53,0.78,-1.1,96.38000000000001
Z3.5,2015,MMR Dose 1 by Age 13,2002,96.48,0.6600000000000001,-0.05,96.51
Z3.5,2016,MMR Dose 1 by Age 13,2003,96.97,0.6100000000000001,0.51,96.66000000000001
Z3.5,2017,MMR Dose 1 by Age 13,2004,95.81000000000002,0.7100000000000001,-1.57,96.92
Z3.5,2018,MMR Dose 1 by Age 13,2005,95.98,0.6900000000000001,-1.6,97.09
Z3.5,2019,MMR Dose 1 by Age 13,2006,98.09,0.42000000000000004,3.01,96.81000000000002
Z3.5,2020,MMR Dose 1 by Age 13,2007,96.49000000000001,0.59,0.33000000000000007,96.30000000000001
Z3.5,2021,MMR Dose 1 by Age 13,2008,96.28,0.59,1.09,95.64000000000001
Z3.5,2022,MMR Dose 1 by Age 13,2009,96.66000000000001,0.56,2.51,95.25
Z3.5,2023,MMR Dose 1 by Age 13,2010,95.29,0.7400000000000001,0.46,94.95
Z3.5,2014,MMR Dose 1 by Age 17,1997,95.99000000000001,0.7100000000000001,-0.33000000000000007,96.23
Z3.5,2015,MMR Dose 1 by Age 17,1998,95.97,0.6900000000000001,-0.77,96.51
Z3.5,2016,MMR Dose 1 by Age 17,1999,97.37,0.54,1.2200000000000002,96.71000000000001
Z3.5,2017,MMR Dose 1 by Age 17,2000,95.64000000000001,0.76,-1.7100000000000002,96.94000000000001
Z3.5,2018,MMR Dose 1 by Age 17,2001,96.34000000000002,0.68,-1.01,97.03
Z3.5,2019,MMR Dose 1 by Age 17,2002,97.38000000000001,0.53,0.31000000000000005,97.22
Z3.5,2020,MMR Dose 1 by Age 17,2003,97.72,0.5,-0.06,97.75
Z3.5,2021,MMR Dose 1 by Age 17,2004,97.08,0.56,-1.35,97.84000000000002
Z3.5,2022,MMR Dose 1 by Age 17,2005,96.67,0.6200000000000001,-1.8800000000000001,97.83000000000001
Z3.5,2023,MMR Dose 1 by Age 17,2006,98.09,0.42000000000000004,1.9300000000000002,97.27
Z3.5,2014,MMR Dose 1 by Age 2,2012,90.23,1.05,2.08,88.05
Z3.5,2015,MMR Dose 1 by Age 2,2013,91.07,1.02,3.89,87.11000000000001
Z3.5,2016,MMR Dose 1 by Age 2,2014,92.79,0.92,5.970000000000001,87.29
Z3.5,2017,MMR Dose 1 by Age 2,2015,91.96000000000001,0.97,5.04,87.05
Z3.5,2018,MMR Dose 1 by Age 2,2016,91.16000000000001,1.03,4.28,86.73
Z3.5,2019,MMR Dose 1 by Age 2,2017,90.26,1.12,2.95,86.96000000000001
Z3.5,2020,MMR Dose 1 by Age 2,2018,89.13000000000001,1.1600000000000001,2.13,86.65
Z3.5,2021,MMR Dose 1 by Age 2,2019,87.7,1.2800000000000002,3.51,83.2
Z3.5,2022,MMR Dose 1 by Age 2,2020,85.52,1.4200000000000002,2.4400000000000004,82.07
Z3.5,2023,MMR Dose 1 by Age 2,2021,83.37,1.4000000000000001,1.2100000000000002,81.67
Z3.5,2014,MMR Dose 2 by Age 13,2001,89.56,1.1500000000000001,-1.9100000000000001,91.76
Z3.5,2015,MMR Dose 2 by Age 13,2002,91.37,1.0,-0.31000000000000005,91.68
Z3.5,2016,MMR Dose 2 by Age 13,2003,89.4,1.12,-1.58,91.18
Z3.5,2017,MMR Dose 2 by Age 13,2004,91.19000000000001,0.99,-0.27,91.45
Z3.5,2018,MMR Dose 2 by Age 13,2005,89.09,1.1300000000000001,-1.9900000000000002,91.34000000000002
Z3.5,2019,MMR Dose 2 by Age 13,2006,90.83000000000001,1.0,-0.6300000000000001,91.46000000000001
Z3.5,2020,MMR Dose 2 by Age 13,2007,91.21000000000001,0.93,0.21000000000000002,91.01
Z3.5,2021,MMR Dose 2 by Age 13,2008,89.61000000000001,1.02,-0.19,89.81000000000002
Z3.5,2022,MMR Dose 2 by Age 13,2009,91.23,0.9500000000000001,1.4800000000000002,89.83000000000001
Z3.5,2023,MMR Dose 2 by Age 13,2010,90.29,1.02,0.6700000000000002,89.61000000000001
Z3.5,2014,MMR Dose 2 by Age 17,1997,90.09,1.05,-2.21,92.41000000000001
Z3.5,2015,MMR Dose 2 by Age 17,1998,91.99000000000001,0.97,-0.78,92.75
Z3.5,2016,MMR Dose 2 by Age 17,1999,92.62,0.91,-0.6600000000000001,93.22
Z3.5,2017,MMR Dose 2 by Age 17,2000,90.92,1.03,-2.5,93.49000000000001
Z3.5,2018,MMR Dose 2 by Age 17,2001,92.42,0.96,-0.98,93.37
Z3.5,2019,MMR Dose 2 by Age 17,2002,94.03,0.81,0.5700000000000001,93.56
Z3.5,2020,MMR Dose 2 by Age 17,2003,92.62,0.92,-1.86,94.32000000000001
Z3.5,2021,MMR Dose 2 by Age 17,2004,93.41000000000001,0.8500000000000001,-1.11,94.35000000000001
Z3.5,2022,MMR Dose 2 by Age 17,2005,90.75,1.05,-2.72,93.60000000000001
Z3.5,2023,MMR Dose 2 by Age 17,2006,92.14000000000001,0.93,-0.52,92.62
Z3.5,2023,MMR Dose 2 by Age 2,2021,72.64000000000001,1.6700000000000002,1.9900000000000002,69.32
Z3.5,2014,MMR Dose 2 by Age 7,2007,82.29,1.3,1.32,80.57
Z3.5,2015,MMR Dose 2 by Age 7,2008,80.66000000000001,1.34,-0.48000000000000004,81.30000000000001
Z3.5,2016,MMR Dose 2 by Age 7,2009,82.67,1.3,0.44,82.10000000000001
Z3.5,2017,MMR Dose 2 by Age 7,2010,82.86000000000001,1.32,0.93,81.63000000000001
Z3.5,2018,MMR Dose 2 by Age 7,2011,84.27,1.2900000000000003,2.4800000000000004,81.08
Z3.5,2019,MMR Dose 2 by Age 7,2012,83.85000000000001,1.2700000000000002,1.6700000000000002,81.72
Z3.5,2020,MMR Dose 2 by Age 7,2013,85.58,1.2100000000000002,6.59,77.60000000000001
Z3.5,2021,MMR Dose 2 by Age 7,2014,85.63000000000001,1.2200000000000002,8.93,74.73
Z3.5,2022,MMR Dose 2 by Age 7,2015,84.33000000000001,1.2700000000000002,8.06,74.08
Z3.5,2023,MMR Dose 2 by Age 7,2016,79.28,1.4200000000000002,4.69,72.63000000000001
Z3.6,2014,MMR Dose 1 by Age 13,2001,95.77,1.06,-0.58,96.38000000000001
Z3.6,2015,MMR Dose 1 by Age 13,2002,97.01,0.8,0.6300000000000001,96.51
Z3.6,2016,MMR Dose 1 by Age 13,2003,99.04,0.39,6.1000000000000005,96.66000000000001
Z3.6,2017,MMR Dose 1 by Age 13,2004,97.05,0.7200000000000001,0.18,96.92
Z3.6,2018,MMR Dose 1 by Age 13,2005,96.92,0.78,-0.22,97.09
Z3.6,2019,MMR Dose 1 by Age 13,2006,93.99000000000001,1.07,-2.64,96.81000000000002
Z3.6,2020,MMR Dose 1 by Age 13,2007,96.04,0.81,-0.32000000000000006,96.30000000000001
Z3.6,2021,MMR Dose 1 by Age 13,2008,95.08,0.9400000000000001,-0.59,95.64000000000001
Z3.6,2022,MMR Dose 1 by Age 13,2009,92.77,1.12,-2.22,95.25
Z3.6,2023,MMR Dose 1 by Age 13,2010,92.97,1.1600000000000001,-1.7100000000000002,94.95
Z3.6,2014,MMR Dose 1 by Age 17,1997,97.51,0.7300000000000001,1.7400000000000002,96.23
Z3.6,2015,MMR Dose 1 by Age 17,1998,97.35000000000001,0.7200000000000001,1.1700000000000002,96.51
Z3.6,2016,MMR Dose 1 by Age 17,1999,96.93,0.8,0.27,96.71000000000001
Z3.6,2017,MMR Dose 1 by Age 17,2000,97.04,0.79,0.13,96.94000000000001
Z3.6,2018,MMR Dose 1 by Age 17,2001,96.11000000000001,0.99,-0.92,97.03
Z3.6,2019,MMR Dose 1 by Age 17,2002,97.49000000000001,0.7000000000000001,0.38000000000000006,97.22
Z3.6,2020,MMR Dose 1 by Age 17,2003,99.15,0.35000000000000003,4.04,97.75
Z3.6,2021,MMR Dose 1 by Age 17,2004,97.35000000000001,0.6600000000000001,-0.7400000000000001,97.84000000000002
Z3.6,2022,MMR Dose 1 by Age 17,2005,97.10000000000001,0.7500000000000001,-0.97,97.83000000000001
Z3.6,2023,MMR Dose 1 by Age 17,2006,94.39000000000001,1.02,-2.8200000000000003,97.27
Z3.6,2014,MMR Dose 1 by Age 2,2012,82.04,1.8,-3.33,88.05
Z3.6,2015,MMR Dose 1 by Age 2,2013,79.88000000000001,1.87,-3.87,87.11000000000001
Z3.6,2016,MMR Dose 1 by Age 2,2014,80.73,1.7400000000000002,-3.7600000000000002,87.29
Z3.6,2017,MMR Dose 1 by Age 2,2015,82.64000000000001,1.7100000000000002,-2.57,87.05
Z3.6,2018,MMR Dose 1 by Age 2,2016,75.92,2.02,-5.36,86.73
Z3.6,2019,MMR Dose 1 by Age 2,2017,78.04,1.9600000000000002,-4.55,86.96000000000001
Z3.6,2020,MMR Dose 1 by Age 2,2018,77.58,2.02,-4.48,86.65
Z3.6,2021,MMR Dose 1 by Age 2,2019,68.02,2.23,-6.79,83.2
Z3.6,2022,MMR Dose 1 by Age 2,2020,65.0,2.35,-7.2700000000000005,82.07
Z3.6,2023,MMR Dose 1 by Age 2,2021,62.09,2.3000000000000003,-8.52,81.67
Z3.6,2014,MMR Dose 2 by Age 13,2001,91.33000000000001,1.36,-0.32000000000000006,91.76
Z3.6,2015,MMR Dose 2 by Age 13,2002,91.44000000000001,1.33,-0.18,91.68
Z3.6,2016,MMR Dose 2 by Age 13,2003,90.93,1.33,-0.18,91.18
Z3.6,2017,MMR Dose 2 by Age 13,2004,91.56,1.2100000000000002,0.09,91.45
Z3.6,2018,MMR Dose 2 by Age 13,2005,91.14000000000001,1.2800000000000002,-0.16,91.34000000000002
Z3.6,2019,MMR Dose 2 by Age 13,2006,88.36000000000001,1.4200000000000002,-2.19,91.46000000000001
Z3.6,2020,MMR Dose 2 by Age 13,2007,87.51,1.4700000000000002,-2.39,91.01
Z3.6,2021,MMR Dose 2 by Age 13,2008,89.23,1.33,-0.43000000000000005,89.81000000000002
Z3.6,2022,MMR Dose 2 by Age 13,2009,83.95,1.56,-3.7800000000000002,89.83000000000001
Z3.6,2023,MMR Dose 2 by Age 13,2010,86.73,1.4700000000000002,-1.9500000000000002,89.61000000000001
Z3.6,2014,MMR Dose 2 by Age 17,1997,91.39000000000001,1.35,-0.76,92.41000000000001
Z3.6,2015,MMR Dose 2 by Age 17,1998,92.97,1.1800000000000002,0.19,92.75
Z3.6,2016,MMR Dose 2 by Age 17,1999,93.31000000000002,1.1400000000000001,0.08,93.22
Z3.6,2017,MMR Dose 2 by Age 17,2000,92.33000000000001,1.2700000000000002,-0.91,93.49000000000001
Z3.6,2018,MMR Dose 2 by Age 17,2001,92.88000000000001,1.1900000000000002,-0.41000000000000003,93.37
Z3.6,2019,MMR Dose 2 by Age 17,2002,92.67,1.2200000000000002,-0.7300000000000001,93.56
Z3.6,2020,MMR Dose 2 by Age 17,2003,93.25,1.12,-0.9500000000000001,94.32000000000001
Z3.6,2021,MMR Dose 2 by Age 17,2004,93.10000000000001,1.07,-1.1600000000000001,94.35000000000001
Z3.6,2022,MMR Dose 2 by Age 17,2005,92.17,1.1900000000000002,-1.2000000000000002,93.60000000000001
Z3.6,2023,MMR Dose 2 by Age 17,2006,89.06,1.37,-2.59,92.62
Z3.6,2023,MMR Dose 2 by Age 2,2021,53.89000000000001,2.33,-6.61,69.32
Z3.6,2014,MMR Dose 2 by Age 7,2007,80.10000000000001,1.81,-0.26,80.57
Z3.6,2015,MMR Dose 2 by Age 7,2008,81.83000000000001,1.7000000000000002,0.31000000000000005,81.30000000000001
Z3.6,2016,MMR Dose 2 by Age 7,2009,77.87,1.7600000000000002,-2.4000000000000004,82.10000000000001
Z3.6,2017,MMR Dose 2 by Age 7,2010,79.23,1.7900000000000003,-1.34,81.63000000000001
Z3.6,2018,MMR Dose 2 by Age 7,2011,75.48,1.8900000000000001,-2.97,81.08
Z3.6,2019,MMR Dose 2 by Age 7,2012,74.5,1.9900000000000002,-3.63,81.72
Z3.6,2020,MMR Dose 2 by Age 7,2013,72.72,2.02,-2.41,77.60000000000001
Z3.6,2021,MMR Dose 2 by Age 7,2014,69.75,2.07,-2.4000000000000004,74.73
Z3.6,2022,MMR Dose 2 by Age 7,2015,71.51,2.03,-1.2700000000000002,74.08
Z3.6,2023,MMR Dose 2 by Age 7,2016,57.410000000000004,2.29,-6.640000000000001,72.63000000000001
Z3.7,2014,MMR Dose 1 by Age 13,2001,94.66000000000001,0.6700000000000002,-2.58,96.38000000000001
Z3.7,2015,MMR Dose 1 by Age 13,2002,95.91000000000001,0.55,-1.08,96.51
Z3.7,2016,MMR Dose 1 by Age 13,2003,94.52,0.6500000000000001,-3.29,96.66000000000001
Z3.7,2017,MMR Dose 1 by Age 13,2004,94.88000000000001,0.6100000000000001,-3.37,96.92
Z3.7,2018,MMR Dose 1 by Age 13,2005,94.4,0.6300000000000001,-4.28,97.09
Z3.7,2019,MMR Dose 1 by Age 13,2006,93.98,0.6200000000000001,-4.57,96.81000000000002
Z3.7,2020,MMR Dose 1 by Age 13,2007,93.42,0.6200000000000001,-4.61,96.30000000000001
Z3.7,2021,MMR Dose 1 by Age 13,2008,92.95,0.6400000000000001,-4.180000000000001,95.64000000000001
Z3.7,2022,MMR Dose 1 by Age 13,2009,92.13000000000001,0.7000000000000001,-4.48,95.25
Z3.7,2023,MMR Dose 1 by Age 13,2010,91.74000000000001,0.7000000000000001,-4.59,94.95
Z3.7,2014,MMR Dose 1 by Age 17,1997,94.67,0.7300000000000001,-2.14,96.23
Z3.7,2015,MMR Dose 1 by Age 17,1998,96.17,0.55,-0.6100000000000001,96.51
Z3.7,2016,MMR Dose 1 by Age 17,1999,97.15,0.45,0.98,96.71000000000001
Z3.7,2017,MMR Dose 1 by Age 17,2000,95.93,0.56,-1.82,96.94000000000001
Z3.7,2018,MMR Dose 1 by Age 17,2001,96.15,0.52,-1.6900000000000002,97.03
Z3.7,2019,MMR Dose 1 by Age 17,2002,97.39000000000001,0.39,0.45,97.22
Z3.7,2020,MMR Dose 1 by Age 17,2003,95.88000000000001,0.53,-3.54,97.75
Z3.7,2021,MMR Dose 1 by Age 17,2004,96.48,0.46,-2.95,97.84000000000002
Z3.7,2022,MMR Dose 1 by Age 17,2005,95.42,0.55,-4.39,97.83000000000001
Z3.7,2023,MMR Dose 1 by Age 17,2006,94.76,0.5700000000000001,-4.44,97.27
Z3.7,2014,MMR Dose 1 by Age 2,2012,81.55,1.0,-6.5,88.05
Z3.7,2015,MMR Dose 1 by Age 2,2013,80.99000000000001,1.03,-5.92,87.11000000000001
Z3.7,2016,MMR Dose 1 by Age 2,2014,83.45,0.98,-3.91,87.29
Z3.7,2017,MMR Dose 1 by Age 2,2015,79.39000000000001,1.08,-7.09,87.05
Z3.7,2018,MMR Dose 1 by Age 2,2016,78.53,1.12,-7.300000000000001,86.73
Z3.7,2019,MMR Dose 1 by Age 2,2017,83.94000000000001,1.03,-2.9200000000000004,86.96000000000001
Z3.7,2020,MMR Dose 1 by Age 2,2018,84.77,1.02,-1.83,86.65
Z3.7,2021,MMR Dose 1 by Age 2,2019,78.47,1.2200000000000002,-3.87,83.2
Z3.7,2022,MMR Dose 1 by Age 2,2020,78.85000000000001,1.2400000000000002,-2.59,82.07
Z3.7,2023,MMR Dose 1 by Age 2,2021,76.85000000000001,1.2700000000000002,-3.79,81.67
Z3.7,2014,MMR Dose 2 by Age 13,2001,89.54,0.92,-2.4200000000000004,91.76
Z3.7,2015,MMR Dose 2 by Age 13,2002,90.53,0.8300000000000001,-1.3800000000000001,91.68
Z3.7,2016,MMR Dose 2 by Age 13,2003,89.09,0.89,-2.3400000000000003,91.18
Z3.7,2017,MMR Dose 2 by Age 13,2004,88.22,0.9400000000000001,-3.4400000000000004,91.45
Z3.7,2018,MMR Dose 2 by Age 13,2005,87.73,0.9,-4.02,91.34000000000002
Z3.7,2019,MMR Dose 2 by Age 13,2006,87.66000000000001,0.8700000000000001,-4.359999999999999,91.46000000000001
Z3.7,2020,MMR Dose 2 by Age 13,2007,87.44000000000001,0.8400000000000001,-4.26,91.01
Z3.7,2021,MMR Dose 2 by Age 13,2008,86.78,0.8700000000000001,-3.49,89.81000000000002
Z3.7,2022,MMR Dose 2 by Age 13,2009,85.83000000000001,0.91,-4.4,89.83000000000001
Z3.7,2023,MMR Dose 2 by Age 13,2010,85.03,0.91,-5.04,89.61000000000001
Z3.7,2014,MMR Dose 2 by Age 17,1997,92.32000000000001,0.8200000000000001,-0.11,92.41000000000001
Z3.7,2015,MMR Dose 2 by Age 17,1998,92.94000000000001,0.7500000000000001,0.25,92.75
Z3.7,2016,MMR Dose 2 by Age 17,1999,93.11000000000001,0.7500000000000001,-0.14,93.22
Z3.7,2017,MMR Dose 2 by Age 17,2000,93.43,0.6900000000000001,-0.09,93.49000000000001
Z3.7,2018,MMR Dose 2 by Age 17,2001,91.99000000000001,0.77,-1.7900000000000003,93.37
Z3.7,2019,MMR Dose 2 by Age 17,2002,93.93,0.6200000000000001,0.59,93.56
Z3.7,2020,MMR Dose 2 by Age 17,2003,92.08,0.7300000000000001,-3.09,94.32000000000001
Z3.7,2021,MMR Dose 2 by Age 17,2004,92.15,0.7300000000000001,-3.0,94.35000000000001
Z3.7,2022,MMR Dose 2 by Age 17,2005,90.0,0.8,-4.5,93.60000000000001
Z3.7,2023,MMR Dose 2 by Age 17,2006,89.28,0.81,-4.15,92.62
Z3.7,2023,MMR Dose 2 by Age 2,2021,59.2,1.4700000000000002,-6.880000000000001,69.32
Z3.7,2014,MMR Dose 2 by Age 7,2007,74.96000000000001,1.1400000000000001,-4.930000000000001,80.57
Z3.7,2015,MMR Dose 2 by Age 7,2008,75.88,1.1400000000000001,-4.75,81.30000000000001
Z3.7,2016,MMR Dose 2 by Age 7,2009,75.91000000000001,1.1300000000000001,-5.470000000000001,82.10000000000001
Z3.7,2017,MMR Dose 2 by Age 7,2010,74.73,1.1300000000000001,-6.1000000000000005,81.63000000000001
Z3.7,2018,MMR Dose 2 by Age 7,2011,73.95,1.1600000000000001,-6.130000000000001,81.08
Z3.7,2019,MMR Dose 2 by Age 7,2012,72.4,1.1600000000000001,-8.04,81.72
Z3.7,2020,MMR Dose 2 by Age 7,2013,68.76,1.2400000000000002,-7.130000000000001,77.60000000000001
Z3.7,2021,MMR Dose 2 by Age 7,2014,64.94000000000001,1.2900000000000003,-7.6000000000000005,74.73
Z3.7,2022,MMR Dose 2 by Age 7,2015,70.13000000000001,1.2300000000000002,-3.2,74.08
Z3.7,2023,MMR Dose 2 by Age 7,2016,65.0,1.2900000000000003,-5.9,72.63000000000001
Z4.1,2014,MMR Dose 1 by Age 13,2001,96.67,0.36000000000000004,0.8,96.38000000000001
Z4.1,2015,MMR Dose 1 by Age 13,2002,96.43,0.38000000000000006,-0.2,96.51
Z4.1,2016,MMR Dose 1 by Age 13,2003,96.78,0.35000000000000003,0.33000000000000007,96.66000000000001
Z4.1,2017,MMR Dose 1 by Age 13,2004,96.80000000000001,0.34,-0.35000000000000003,96.92
Z4.1,2018,MMR Dose 1 by Age 13,2005,98.11000000000001,0.22,4.61,97.09
Z4.1,2019,MMR Dose 1 by Age 13,2006,98.13000000000001,0.21000000000000002,6.23,96.81000000000002
Z4.1,2020,MMR Dose 1 by Age 13,2007,96.77,0.30000000000000004,1.56,96.30000000000001
Z4.1,2021,MMR Dose 1 by Age 13,2008,96.5,0.31000000000000005,2.7800000000000002,95.64000000000001
Z4.1,2022,MMR Dose 1 by Age 13,2009,96.0,0.34,2.2,95.25
Z4.1,2023,MMR Dose 1 by Age 13,2010,95.36000000000001,0.37000000000000005,1.09,94.95
Z4.1,2014,MMR Dose 1 by Age 17,1997,94.59,0.48000000000000004,-3.4200000000000004,96.23
Z4.1,2015,MMR Dose 1 by Age 17,1998,95.07,0.46,-3.15,96.51
Z4.1,2016,MMR Dose 1 by Age 17,1999,95.61000000000001,0.43000000000000005,-2.56,96.71000000000001
Z4.1,2017,MMR Dose 1 by Age 17,2000,96.47,0.37000000000000005,-1.2600000000000002,96.94000000000001
Z4.1,2018,MMR Dose 1 by Age 17,2001,96.89000000000001,0.34,-0.39,97.03
Z4.1,2019,MMR Dose 1 by Age 17,2002,96.83000000000001,0.34,-1.1500000000000001,97.22
Z4.1,2020,MMR Dose 1 by Age 17,2003,98.23,0.21000000000000002,2.2800000000000002,97.75
Z4.1,2021,MMR Dose 1 by Age 17,2004,97.85000000000001,0.24000000000000002,0.05,97.84000000000002
Z4.1,2022,MMR Dose 1 by Age 17,2005,98.62,0.17,4.74,97.83000000000001
Z4.1,2023,MMR Dose 1 by Age 17,2006,98.41000000000001,0.18,6.2,97.27
Z4.1,2014,MMR Dose 1 by Age 2,2012,89.53,0.5700000000000001,2.59,88.05
Z4.1,2015,MMR Dose 1 by Age 2,2013,90.58,0.55,6.3500000000000005,87.11000000000001
Z4.1,2016,MMR Dose 1 by Age 2,2014,89.96000000000001,0.55,4.890000000000001,87.29
Z4.1,2017,MMR Dose 1 by Age 2,2015,90.58,0.52,6.76,87.05
Z4.1,2018,MMR Dose 1 by Age 2,2016,88.93,0.5700000000000001,3.8200000000000003,86.73
Z4.1,2019,MMR Dose 1 by Age 2,2017,89.22,0.5700000000000001,4.0,86.96000000000001
Z4.1,2020,MMR Dose 1 by Age 2,2018,89.17,0.58,4.319999999999999,86.65
Z4.1,2021,MMR Dose 1 by Age 2,2019,86.28,0.6500000000000001,4.7700000000000005,83.2
Z4.1,2022,MMR Dose 1 by Age 2,2020,84.77,0.6900000000000001,3.93,82.07
Z4.1,2023,MMR Dose 1 by Age 2,2021,84.63000000000001,0.6600000000000001,4.49,81.67
Z4.1,2014,MMR Dose 2 by Age 13,2001,90.09,0.6400000000000001,-2.59,91.76
Z4.1,2015,MMR Dose 2 by Age 13,2002,88.29,0.7100000000000001,-4.800000000000001,91.68
Z4.1,2016,MMR Dose 2 by Age 13,2003,87.86000000000001,0.7000000000000001,-4.71,91.18
Z4.1,2017,MMR Dose 2 by Age 13,2004,89.37,0.6300000000000001,-3.29,91.45
Z4.1,2018,MMR Dose 2 by Age 13,2005,89.95,0.6000000000000001,-2.33,91.34000000000002
Z4.1,2019,MMR Dose 2 by Age 13,2006,92.85000000000001,0.47000000000000003,2.9800000000000004,91.46000000000001
Z4.1,2020,MMR Dose 2 by Age 13,2007,90.44000000000001,0.54,-1.07,91.01
Z4.1,2021,MMR Dose 2 by Age 13,2008,88.73,0.58,-1.85,89.81000000000002
Z4.1,2022,MMR Dose 2 by Age 13,2009,89.10000000000001,0.5700000000000001,-1.2900000000000003,89.83000000000001
Z4.1,2023,MMR Dose 2 by Age 13,2010,88.79,0.5700000000000001,-1.4400000000000002,89.61000000000001
Z4.1,2014,MMR Dose 2 by Age 17,1997,87.28,0.7300000000000001,-7.05,92.41000000000001
Z4.1,2015,MMR Dose 2 by Age 17,1998,88.48,0.6900000000000001,-6.19,92.75
Z4.1,2016,MMR Dose 2 by Age 17,1999,90.24000000000001,0.6500000000000001,-4.61,93.22
Z4.1,2017,MMR Dose 2 by Age 17,2000,90.44000000000001,0.6400000000000001,-4.800000000000001,93.49000000000001
Z4.1,2018,MMR Dose 2 by Age 17,2001,90.82000000000001,0.6100000000000001,-4.22,93.37
Z4.1,2019,MMR Dose 2 by Age 17,2002,89.98,0.6300000000000001,-5.73,93.56
Z4.1,2020,MMR Dose 2 by Age 17,2003,93.42,0.46,-1.9700000000000002,94.32000000000001
Z4.1,2021,MMR Dose 2 by Age 17,2004,93.58,0.44,-1.7300000000000002,94.35000000000001
Z4.1,2022,MMR Dose 2 by Age 17,2005,92.99000000000001,0.47000000000000003,-1.3,93.60000000000001
Z4.1,2023,MMR Dose 2 by Age 17,2006,94.08,0.41000000000000003,3.54,92.62
Z4.1,2023,MMR Dose 2 by Age 2,2021,72.55,0.81,4.0,69.32
Z4.1,2014,MMR Dose 2 by Age 7,2007,77.06,0.8400000000000001,-4.2,80.57
Z4.1,2015,MMR Dose 2 by Age 7,2008,79.07,0.79,-2.8200000000000003,81.30000000000001
Z4.1,2016,MMR Dose 2 by Age 7,2009,81.12,0.7500000000000001,-1.31,82.10000000000001
Z4.1,2017,MMR Dose 2 by Age 7,2010,79.82000000000001,0.76,-2.3800000000000003,81.63000000000001
Z4.1,2018,MMR Dose 2 by Age 7,2011,79.07,0.76,-2.63,81.08
Z4.1,2019,MMR Dose 2 by Age 7,2012,79.5,0.7400000000000001,-2.9800000000000004,81.72
Z4.1,2020,MMR Dose 2 by Age 7,2013,71.63000000000001,0.8300000000000001,-7.2,77.60000000000001
Z4.1,2021,MMR Dose 2 by Age 7,2014,71.92,0.8,-3.5,74.73
Z4.1,2022,MMR Dose 2 by Age 7,2015,68.39,0.8300000000000001,-6.890000000000001,74.08
Z4.1,2023,MMR Dose 2 by Age 7,2016,68.54,0.81,-5.07,72.63000000000001
Z4.2,2014,MMR Dose 1 by Age 13,2001,96.30000000000001,0.30000000000000004,-0.28,96.38000000000001
Z4.2,2015,MMR Dose 1 by Age 13,2002,95.99000000000001,0.31000000000000005,-1.6500000000000001,96.51
Z4.2,2016,MMR Dose 1 by Age 13,2003,97.16000000000001,0.25,2.01,96.66000000000001
Z4.2,2017,MMR Dose 1 by Age 13,2004,97.01,0.25,0.35000000000000003,96.92
Z4.2,2018,MMR Dose 1 by Age 13,2005,98.52,0.14,10.03,97.09
Z4.2,2019,MMR Dose 1 by Age 13,2006,97.64000000000001,0.2,4.22,96.81000000000002
Z4.2,2020,MMR Dose 1 by Age 13,2007,97.54,0.2,6.3500000000000005,96.30000000000001
Z4.2,2021,MMR Dose 1 by Age 13,2008,97.13000000000001,0.21000000000000002,7.01,95.64000000000001
Z4.2,2022,MMR Dose 1 by Age 13,2009,97.23,0.21000000000000002,9.610000000000001,95.25
Z4.2,2023,MMR Dose 1 by Age 13,2010,95.63000000000001,0.28,2.45,94.95
Z4.2,2014,MMR Dose 1 by Age 17,1997,95.11000000000001,0.37000000000000005,-3.0,96.23
Z4.2,2015,MMR Dose 1 by Age 17,1998,95.47,0.34,-3.09,96.51
Z4.2,2016,MMR Dose 1 by Age 17,1999,96.68,0.29000000000000004,-0.1,96.71000000000001
Z4.2,2017,MMR Dose 1 by Age 17,2000,96.87,0.27,-0.26,96.94000000000001
Z4.2,2018,MMR Dose 1 by Age 17,2001,96.78,0.27,-0.93,97.03
Z4.2,2019,MMR Dose 1 by Age 17,2002,96.59,0.27,-2.29,97.22
Z4.2,2020,MMR Dose 1 by Age 17,2003,98.48,0.15000000000000002,5.02,97.75
Z4.2,2021,MMR Dose 1 by Age 17,2004,98.10000000000001,0.17,1.55,97.84000000000002
Z4.2,2022,MMR Dose 1 by Age 17,2005,98.94000000000001,0.11,10.33,97.83000000000001
Z4.2,2023,MMR Dose 1 by Age 17,2006,98.16000000000001,0.16,5.470000000000001,97.27
Z4.2,2014,MMR Dose 1 by Age 2,2012,87.31000000000002,0.52,-1.4100000000000001,88.05
Z4.2,2015,MMR Dose 1 by Age 2,2013,86.82000000000001,0.52,-0.56,87.11000000000001
Z4.2,2016,MMR Dose 1 by Age 2,2014,87.45,0.5,0.31000000000000005,87.29
Z4.2,2017,MMR Dose 1 by Age 2,2015,86.09,0.52,-1.87,87.05
Z4.2,2018,MMR Dose 1 by Age 2,2016,85.31000000000002,0.53,-2.7,86.73
Z4.2,2019,MMR Dose 1 by Age 2,2017,85.54,0.54,-2.63,86.96000000000001
Z4.2,2020,MMR Dose 1 by Age 2,2018,84.47,0.55,-3.97,86.65
Z4.2,2021,MMR Dose 1 by Age 2,2019,81.06,0.6100000000000001,-3.53,83.2
Z4.2,2022,MMR Dose 1 by Age 2,2020,81.37,0.6200000000000001,-1.1400000000000001,82.07
Z4.2,2023,MMR Dose 1 by Age 2,2021,79.65,0.6200000000000001,-3.2600000000000002,81.67
Z4.2,2014,MMR Dose 2 by Age 13,2001,88.46000000000001,0.55,-6.04,91.76
Z4.2,2015,MMR Dose 2 by Age 13,2002,87.08,0.5700000000000001,-8.02,91.68
Z4.2,2016,MMR Dose 2 by Age 13,2003,88.01,0.55,-5.800000000000001,91.18
Z4.2,2017,MMR Dose 2 by Age 13,2004,88.05,0.54,-6.3500000000000005,91.45
Z4.2,2018,MMR Dose 2 by Age 13,2005,91.29,0.44,-0.12000000000000001,91.34000000000002
Z4.2,2019,MMR Dose 2 by Age 13,2006,92.01,0.4,1.37,91.46000000000001
Z4.2,2020,MMR Dose 2 by Age 13,2007,91.60000000000001,0.4,1.4800000000000002,91.01
Z4.2,2021,MMR Dose 2 by Age 13,2008,90.49000000000001,0.42000000000000004,1.62,89.81000000000002
Z4.2,2022,MMR Dose 2 by Age 13,2009,90.33000000000001,0.43000000000000005,1.1800000000000002,89.83000000000001
Z4.2,2023,MMR Dose 2 by Age 13,2010,89.04,0.44,-1.2900000000000003,89.61000000000001
Z4.2,2014,MMR Dose 2 by Age 17,1997,88.95,0.55,-6.26,92.41000000000001
Z4.2,2015,MMR Dose 2 by Age 17,1998,88.22,0.54,-8.370000000000001,92.75
Z4.2,2016,MMR Dose 2 by Age 17,1999,90.07,0.51,-6.19,93.22
Z4.2,2017,MMR Dose 2 by Age 17,2000,90.77,0.48000000000000004,-5.66,93.49000000000001
Z4.2,2018,MMR Dose 2 by Age 17,2001,89.72,0.5,-7.300000000000001,93.37
Z4.2,2019,MMR Dose 2 by Age 17,2002,88.85000000000001,0.52,-9.129999999999999,93.56
Z4.2,2020,MMR Dose 2 by Age 17,2003,93.53,0.36000000000000004,-2.22,94.32000000000001
Z4.2,2021,MMR Dose 2 by Age 17,2004,92.94000000000001,0.38000000000000006,-3.73,94.35000000000001
Z4.2,2022,MMR Dose 2 by Age 17,2005,94.31000000000002,0.33000000000000007,2.18,93.60000000000001
Z4.2,2023,MMR Dose 2 by Age 17,2006,93.58,0.35000000000000003,2.74,92.62
Z4.2,2023,MMR Dose 2 by Age 2,2021,64.53,0.7300000000000001,-6.57,69.32
Z4.2,2014,MMR Dose 2 by Age 7,2007,77.75,0.6600000000000001,-4.28,80.57
Z4.2,2015,MMR Dose 2 by Age 7,2008,79.5,0.6300000000000001,-2.89,81.30000000000001
Z4.2,2016,MMR Dose 2 by Age 7,2009,80.17,0.6200000000000001,-3.13,82.10000000000001
Z4.2,2017,MMR Dose 2 by Age 7,2010,78.61000000000001,0.6200000000000001,-4.9,81.63000000000001
Z4.2,2018,MMR Dose 2 by Age 7,2011,77.59,0.6300000000000001,-5.55,81.08
Z4.2,2019,MMR Dose 2 by Age 7,2012,78.96000000000001,0.6100000000000001,-4.5,81.72
Z4.2,2020,MMR Dose 2 by Age 7,2013,71.31,0.68,-9.260000000000002,77.60000000000001
Z4.2,2021,MMR Dose 2 by Age 7,2014,65.33,0.7000000000000001,-13.38,74.73
Z4.2,2022,MMR Dose 2 by Age 7,2015,63.910000000000004,0.7100000000000001,-14.38,74.08
Z4.2,2023,MMR Dose 2 by Age 7,2016,63.75,0.6900000000000001,-12.8,72.63000000000001
Z4.3,2014,MMR Dose 1 by Age 13,2001,96.46000000000001,0.35000000000000003,0.21000000000000002,96.38000000000001
Z4.3,2015,MMR Dose 1 by Age 13,2002,96.97,0.31000000000000005,1.4800000000000002,96.51
Z4.3,2016,MMR Dose 1 by Age 13,2003,96.53,0.34,-0.38000000000000006,96.66000000000001
Z4.3,2017,MMR Dose 1 by Age 13,2004,97.23,0.29000000000000004,1.05,96.92
Z4.3,2018,MMR Dose 1 by Age 13,2005,97.93,0.23,3.62,97.09
Z4.3,2019,MMR Dose 1 by Age 13,2006,97.14000000000001,0.28,1.1500000000000001,96.81000000000002
Z4.3,2020,MMR Dose 1 by Age 13,2007,97.22,0.28,3.3400000000000003,96.30000000000001
Z4.3,2021,MMR Dose 1 by Age 13,2008,96.37,0.32000000000000006,2.29,95.64000000000001
Z4.3,2022,MMR Dose 1 by Age 13,2009,96.05,0.33000000000000007,2.4200000000000004,95.25
Z4.3,2023,MMR Dose 1 by Age 13,2010,96.2,0.32000000000000006,3.91,94.95
Z4.3,2014,MMR Dose 1 by Age 17,1997,95.19000000000001,0.43000000000000005,-2.43,96.23
Z4.3,2015,MMR Dose 1 by Age 17,1998,96.24000000000001,0.37000000000000005,-0.7300000000000001,96.51
Z4.3,2016,MMR Dose 1 by Age 17,1999,95.38000000000001,0.41000000000000003,-3.24,96.71000000000001
Z4.3,2017,MMR Dose 1 by Age 17,2000,96.99000000000001,0.32000000000000006,0.16,96.94000000000001
Z4.3,2018,MMR Dose 1 by Age 17,2001,96.71000000000001,0.33000000000000007,-0.97,97.03
Z4.3,2019,MMR Dose 1 by Age 17,2002,97.26,0.29000000000000004,0.15000000000000002,97.22
Z4.3,2020,MMR Dose 1 by Age 17,2003,97.85000000000001,0.23,0.43000000000000005,97.75
Z4.3,2021,MMR Dose 1 by Age 17,2004,98.27,0.19,2.25,97.84000000000002
Z4.3,2022,MMR Dose 1 by Age 17,2005,98.49000000000001,0.18,3.68,97.83000000000001
Z4.3,2023,MMR Dose 1 by Age 17,2006,97.55,0.25,1.1300000000000001,97.27
Z4.3,2014,MMR Dose 1 by Age 2,2012,90.5,0.56,4.35,88.05
Z4.3,2015,MMR Dose 1 by Age 2,2013,90.45,0.5700000000000001,5.890000000000001,87.11000000000001
Z4.3,2016,MMR Dose 1 by Age 2,2014,91.18,0.52,7.42,87.29
Z4.3,2017,MMR Dose 1 by Age 2,2015,90.75,0.55,6.7700000000000005,87.05
Z4.3,2018,MMR Dose 1 by Age 2,2016,90.31000000000002,0.56,6.4,86.73
Z4.3,2019,MMR Dose 1 by Age 2,2017,89.95,0.58,5.15,86.96000000000001
Z4.3,2020,MMR Dose 1 by Age 2,2018,89.66000000000001,0.6000000000000001,5.06,86.65
Z4.3,2021,MMR Dose 1 by Age 2,2019,87.07,0.6700000000000002,5.79,83.2
Z4.3,2022,MMR Dose 1 by Age 2,2020,86.68,0.68,6.8100000000000005,82.07
Z4.3,2023,MMR Dose 1 by Age 2,2021,85.64000000000001,0.6900000000000001,5.78,81.67
Z4.3,2014,MMR Dose 2 by Age 13,2001,90.36000000000001,0.6000000000000001,-2.3400000000000003,91.76
Z4.3,2015,MMR Dose 2 by Age 13,2002,90.84000000000002,0.5700000000000001,-1.4800000000000002,91.68
Z4.3,2016,MMR Dose 2 by Age 13,2003,88.94000000000001,0.6300000000000001,-3.56,91.18
Z4.3,2017,MMR Dose 2 by Age 13,2004,89.31000000000002,0.6100000000000001,-3.54,91.45
Z4.3,2018,MMR Dose 2 by Age 13,2005,91.32000000000001,0.54,-0.05,91.34000000000002
Z4.3,2019,MMR Dose 2 by Age 13,2006,91.65,0.51,0.37000000000000005,91.46000000000001
Z4.3,2020,MMR Dose 2 by Age 13,2007,91.88000000000001,0.5,1.7500000000000002,91.01
Z4.3,2021,MMR Dose 2 by Age 13,2008,90.19000000000001,0.54,0.7100000000000001,89.81000000000002
Z4.3,2022,MMR Dose 2 by Age 13,2009,89.81000000000002,0.54,-0.03,89.83000000000001
Z4.3,2023,MMR Dose 2 by Age 13,2010,89.06,0.55,-0.99,89.61000000000001
Z4.3,2014,MMR Dose 2 by Age 17,1997,89.67,0.6100000000000001,-4.470000000000001,92.41000000000001
Z4.3,2015,MMR Dose 2 by Age 17,1998,90.84000000000002,0.58,-3.2800000000000002,92.75
Z4.3,2016,MMR Dose 2 by Age 17,1999,91.53,0.55,-3.07,93.22
Z4.3,2017,MMR Dose 2 by Age 17,2000,92.4,0.52,-2.11,93.49000000000001
Z4.3,2018,MMR Dose 2 by Age 17,2001,91.13000000000001,0.56,-4.02,93.37
Z4.3,2019,MMR Dose 2 by Age 17,2002,91.95,0.51,-3.14,93.56
Z4.3,2020,MMR Dose 2 by Age 17,2003,93.98,0.41000000000000003,-0.8400000000000001,94.32000000000001
Z4.3,2021,MMR Dose 2 by Age 17,2004,94.21000000000001,0.4,-0.35000000000000003,94.35000000000001
Z4.3,2022,MMR Dose 2 by Age 17,2005,94.34000000000002,0.4,1.83,93.60000000000001
Z4.3,2023,MMR Dose 2 by Age 17,2006,93.25,0.44,1.4200000000000002,92.62
Z4.3,2023,MMR Dose 2 by Age 2,2021,73.82,0.8500000000000001,5.2700000000000005,69.32
Z4.3,2014,MMR Dose 2 by Age 7,2007,79.18,0.81,-1.7200000000000002,80.57
Z4.3,2015,MMR Dose 2 by Age 7,2008,81.58,0.7500000000000001,0.37000000000000005,81.30000000000001
Z4.3,2016,MMR Dose 2 by Age 7,2009,80.78,0.7400000000000001,-1.7800000000000002,82.10000000000001
Z4.3,2017,MMR Dose 2 by Age 7,2010,80.32000000000001,0.7400000000000001,-1.7800000000000002,81.63000000000001
Z4.3,2018,MMR Dose 2 by Age 7,2011,80.15,0.76,-1.2300000000000002,81.08
Z4.3,2019,MMR Dose 2 by Age 7,2012,80.86000000000001,0.7400000000000001,-1.1600000000000001,81.72
Z4.3,2020,MMR Dose 2 by Age 7,2013,76.31,0.81,-1.61,77.60000000000001
Z4.3,2021,MMR Dose 2 by Age 7,2014,75.46000000000001,0.8,0.91,74.73
Z4.3,2022,MMR Dose 2 by Age 7,2015,76.61000000000001,0.79,3.22,74.08
Z4.3,2023,MMR Dose 2 by Age 7,2016,73.56,0.8200000000000001,1.1400000000000001,72.63000000000001
Z4.4,2014,MMR Dose 1 by Age 13,2001,96.76,0.5,0.77,96.38000000000001
Z4.4,2015,MMR Dose 1 by Age 13,2002,97.71000000000001,0.38000000000000006,3.19,96.51
Z4.4,2016,MMR Dose 1 by Age 13,2003,97.79,0.34,3.29,96.66000000000001
Z4.4,2017,MMR Dose 1 by Age 13,2004,98.96000000000001,0.2,10.150000000000002,96.92
Z4.4,2018,MMR Dose 1 by Age 13,2005,98.41000000000001,0.25,5.380000000000001,97.09
Z4.4,2019,MMR Dose 1 by Age 13,2006,98.51,0.21000000000000002,7.92,96.81000000000002
Z4.4,2020,MMR Dose 1 by Age 13,2007,97.9,0.26,6.23,96.30000000000001
Z4.4,2021,MMR Dose 1 by Age 13,2008,97.12,0.30000000000000004,4.970000000000001,95.64000000000001
Z4.4,2022,MMR Dose 1 by Age 13,2009,96.69000000000001,0.33000000000000007,4.39,95.25
Z4.4,2023,MMR Dose 1 by Age 13,2010,96.41000000000001,0.34,4.23,94.95
Z4.4,2014,MMR Dose 1 by Age 17,1997,96.12,0.59,-0.18,96.23
Z4.4,2015,MMR Dose 1 by Age 17,1998,96.63000000000001,0.52,0.23,96.51
Z4.4,2016,MMR Dose 1 by Age 17,1999,96.96000000000001,0.48000000000000004,0.51,96.71000000000001
Z4.4,2017,MMR Dose 1 by Age 17,2000,97.86000000000001,0.37000000000000005,2.49,96.94000000000001
Z4.4,2018,MMR Dose 1 by Age 17,2001,96.91000000000001,0.48000000000000004,-0.24000000000000002,97.03
Z4.4,2019,MMR Dose 1 by Age 17,2002,97.89000000000001,0.35000000000000003,1.9300000000000002,97.22
Z4.4,2020,MMR Dose 1 by Age 17,2003,98.64000000000001,0.22,4.05,97.75
Z4.4,2021,MMR Dose 1 by Age 17,2004,99.35000000000001,0.13,11.63,97.84000000000002
Z4.4,2022,MMR Dose 1 by Age 17,2005,98.87,0.18,5.69,97.83000000000001
Z4.4,2023,MMR Dose 1 by Age 17,2006,98.74000000000001,0.18,7.94,97.27
Z4.4,2014,MMR Dose 1 by Age 2,2012,93.14000000000001,0.49,10.42,88.05
Z4.4,2015,MMR Dose 1 by Age 2,2013,93.76,0.46,14.46,87.11000000000001
Z4.4,2016,MMR Dose 1 by Age 2,2014,93.2,0.46,12.93,87.29
Z4.4,2017,MMR Dose 1 by Age 2,2015,93.06,0.46,13.09,87.05
Z4.4,2018,MMR Dose 1 by Age 2,2016,93.35000000000001,0.44,15.190000000000001,86.73
Z4.4,2019,MMR Dose 1 by Age 2,2017,93.15,0.43000000000000005,14.290000000000001,86.96000000000001
Z4.4,2020,MMR Dose 1 by Age 2,2018,92.59,0.45,13.08,86.65
Z4.4,2021,MMR Dose 1 by Age 2,2019,90.13000000000001,0.52,13.3,83.2
Z4.4,2022,MMR Dose 1 by Age 2,2020,90.76,0.51,17.130000000000003,82.07
Z4.4,2023,MMR Dose 1 by Age 2,2021,88.72,0.53,13.24,81.67
Z4.4,2014,MMR Dose 2 by Age 13,2001,92.64000000000001,0.6600000000000001,1.32,91.76
Z4.4,2015,MMR Dose 2 by Age 13,2002,92.27,0.6600000000000001,0.89,91.68
Z4.4,2016,MMR Dose 2 by Age 13,2003,93.21000000000001,0.58,3.51,91.18
Z4.4,2017,MMR Dose 2 by Age 13,2004,92.88000000000001,0.56,2.55,91.45
Z4.4,2018,MMR Dose 2 by Age 13,2005,94.85000000000001,0.45,7.8100000000000005,91.34000000000002
Z4.4,2019,MMR Dose 2 by Age 13,2006,95.04,0.4,8.860000000000001,91.46000000000001
Z4.4,2020,MMR Dose 2 by Age 13,2007,93.82000000000001,0.45,6.32,91.01
Z4.4,2021,MMR Dose 2 by Age 13,2008,92.86000000000001,0.47000000000000003,6.54,89.81000000000002
Z4.4,2022,MMR Dose 2 by Age 13,2009,92.24000000000001,0.48000000000000004,5.05,89.83000000000001
Z4.4,2023,MMR Dose 2 by Age 13,2010,92.0,0.47000000000000003,5.1000000000000005,89.61000000000001
Z4.4,2014,MMR Dose 2 by Age 17,1997,91.39000000000001,0.79,-1.2900000000000003,92.41000000000001
Z4.4,2015,MMR Dose 2 by Age 17,1998,92.53,0.7200000000000001,-0.30000000000000004,92.75
Z4.4,2016,MMR Dose 2 by Age 17,1999,92.64000000000001,0.6900000000000001,-0.8300000000000001,93.22
Z4.4,2017,MMR Dose 2 by Age 17,2000,92.66000000000001,0.68,-1.2200000000000002,93.49000000000001
Z4.4,2018,MMR Dose 2 by Age 17,2001,93.13000000000001,0.6300000000000001,-0.39,93.37
Z4.4,2019,MMR Dose 2 by Age 17,2002,93.17,0.59,-0.6600000000000001,93.56
Z4.4,2020,MMR Dose 2 by Age 17,2003,96.5,0.34,6.330000000000001,94.32000000000001
Z4.4,2021,MMR Dose 2 by Age 17,2004,96.09,0.36000000000000004,4.9,94.35000000000001
Z4.4,2022,MMR Dose 2 by Age 17,2005,96.60000000000001,0.33000000000000007,9.139999999999999,93.60000000000001
Z4.4,2023,MMR Dose 2 by Age 17,2006,96.0,0.35000000000000003,9.790000000000001,92.62
Z4.4,2023,MMR Dose 2 by Age 2,2021,79.19000000000001,0.6700000000000002,14.660000000000002,69.32
Z4.4,2014,MMR Dose 2 by Age 7,2007,85.45,0.7300000000000001,6.71,80.57
Z4.4,2015,MMR Dose 2 by Age 7,2008,85.82000000000001,0.7000000000000001,6.46,81.30000000000001
Z4.4,2016,MMR Dose 2 by Age 7,2009,86.44000000000001,0.6600000000000001,6.55,82.10000000000001
Z4.4,2017,MMR Dose 2 by Age 7,2010,87.17,0.6100000000000001,9.01,81.63000000000001
Z4.4,2018,MMR Dose 2 by Age 7,2011,85.07,0.6600000000000001,6.05,81.08
Z4.4,2019,MMR Dose 2 by Age 7,2012,85.9,0.6100000000000001,6.840000000000001,81.72
Z4.4,2020,MMR Dose 2 by Age 7,2013,82.47,0.6600000000000001,7.32,77.60000000000001
Z4.4,2021,MMR Dose 2 by Age 7,2014,80.62,0.6700000000000002,8.780000000000001,74.73
Z4.4,2022,MMR Dose 2 by Age 7,2015,80.38000000000001,0.6600000000000001,9.48,74.08
Z4.4,2023,MMR Dose 2 by Age 7,2016,76.59,0.68,5.800000000000001,72.63000000000001
Z4.5,2014,MMR Dose 1 by Age 13,2001,93.95,1.03,-2.3600000000000003,96.38000000000001
Z4.5,2015,MMR Dose 1 by Age 13,2002,92.45,1.1700000000000002,-3.4600000000000004,96.51
Z4.5,2016,MMR Dose 1 by Age 13,2003,95.05,0.96,-1.6700000000000002,96.66000000000001
Z4.5,2017,MMR Dose 1 by Age 13,2004,94.19000000000001,1.06,-2.57,96.92
Z4.5,2018,MMR Dose 1 by Age 13,2005,95.58,0.8300000000000001,-1.82,97.09
Z4.5,2019,MMR Dose 1 by Age 13,2006,96.01,0.7500000000000001,-1.07,96.81000000000002
Z4.5,2020,MMR Dose 1 by Age 13,2007,95.13000000000001,0.79,-1.4900000000000002,96.30000000000001
Z4.5,2021,MMR Dose 1 by Age 13,2008,95.12,0.77,-0.68,95.64000000000001
Z4.5,2022,MMR Dose 1 by Age 13,2009,93.92,0.8600000000000001,-1.56,95.25
Z4.5,2023,MMR Dose 1 by Age 13,2010,93.98,0.8200000000000001,-1.2000000000000002,94.95
Z4.5,2014,MMR Dose 1 by Age 17,1997,93.12,1.08,-2.87,96.23
Z4.5,2015,MMR Dose 1 by Age 17,1998,93.07,1.1300000000000001,-3.04,96.51
Z4.5,2016,MMR Dose 1 by Age 17,1999,94.51,0.97,-2.27,96.71000000000001
Z4.5,2017,MMR Dose 1 by Age 17,2000,93.45,1.09,-3.19,96.94000000000001
Z4.5,2018,MMR Dose 1 by Age 17,2001,94.29,0.98,-2.79,97.03
Z4.5,2019,MMR Dose 1 by Age 17,2002,93.42,1.06,-3.59,97.22
Z4.5,2020,MMR Dose 1 by Age 17,2003,96.0,0.81,-2.14,97.75
Z4.5,2021,MMR Dose 1 by Age 17,2004,95.39000000000001,0.91,-2.69,97.84000000000002
Z4.5,2022,MMR Dose 1 by Age 17,2005,96.13000000000001,0.76,-2.23,97.83000000000001
Z4.5,2023,MMR Dose 1 by Age 17,2006,96.62,0.6700000000000002,-0.97,97.27
Z4.5,2014,MMR Dose 1 by Age 2,2012,90.61000000000001,0.97,2.64,88.05
Z4.5,2015,MMR Dose 1 by Age 2,2013,89.63000000000001,1.06,2.3800000000000003,87.11000000000001
Z4.5,2016,MMR Dose 1 by Age 2,2014,89.7,1.05,2.3000000000000003,87.29
Z4.5,2017,MMR Dose 1 by Age 2,2015,91.30000000000001,0.9400000000000001,4.51,87.05
Z4.5,2018,MMR Dose 1 by Age 2,2016,90.76,1.02,3.9400000000000004,86.73
Z4.5,2019,MMR Dose 1 by Age 2,2017,90.27,1.04,3.19,86.96000000000001
Z4.5,2020,MMR Dose 1 by Age 2,2018,88.59,1.11,1.7500000000000002,86.65
Z4.5,2021,MMR Dose 1 by Age 2,2019,87.97,1.2300000000000002,3.8800000000000003,83.2
Z4.5,2022,MMR Dose 1 by Age 2,2020,86.38000000000001,1.34,3.21,82.07
Z4.5,2023,MMR Dose 1 by Age 2,2021,84.66000000000001,1.3,2.3000000000000003,81.67
Z4.5,2014,MMR Dose 2 by Age 13,2001,87.26,1.3800000000000001,-3.27,91.76
Z4.5,2015,MMR Dose 2 by Age 13,2002,85.21000000000001,1.4400000000000002,-4.5,91.68
Z4.5,2016,MMR Dose 2 by Age 13,2003,88.94000000000001,1.2700000000000002,-1.7600000000000002,91.18
Z4.5,2017,MMR Dose 2 by Age 13,2004,89.88000000000001,1.1900000000000002,-1.32,91.45
Z4.5,2018,MMR Dose 2 by Age 13,2005,89.38000000000001,1.1700000000000002,-1.6700000000000002,91.34000000000002
Z4.5,2019,MMR Dose 2 by Age 13,2006,89.74000000000001,1.11,-1.55,91.46000000000001
Z4.5,2020,MMR Dose 2 by Age 13,2007,90.56,0.99,-0.45,91.01
Z4.5,2021,MMR Dose 2 by Age 13,2008,91.42,0.91,1.7700000000000002,89.81000000000002
Z4.5,2022,MMR Dose 2 by Age 13,2009,88.16000000000001,1.1,-1.51,89.83000000000001
Z4.5,2023,MMR Dose 2 by Age 13,2010,88.55,1.06,-1.0,89.61000000000001
Z4.5,2014,MMR Dose 2 by Age 17,1997,85.42,1.4700000000000002,-4.7700000000000005,92.41000000000001
Z4.5,2015,MMR Dose 2 by Age 17,1998,85.53,1.4400000000000002,-5.02,92.75
Z4.5,2016,MMR Dose 2 by Age 17,1999,87.74000000000001,1.3,-4.2,93.22
Z4.5,2017,MMR Dose 2 by Age 17,2000,84.15,1.54,-6.05,93.49000000000001
Z4.5,2018,MMR Dose 2 by Age 17,2001,88.04,1.32,-4.04,93.37
Z4.5,2019,MMR Dose 2 by Age 17,2002,87.18,1.32,-4.840000000000001,93.56
Z4.5,2020,MMR Dose 2 by Age 17,2003,92.41000000000001,1.0,-1.9100000000000001,94.32000000000001
Z4.5,2021,MMR Dose 2 by Age 17,2004,92.92,0.96,-1.4900000000000002,94.35000000000001
Z4.5,2022,MMR Dose 2 by Age 17,2005,91.71000000000001,1.03,-1.84,93.60000000000001
Z4.5,2023,MMR Dose 2 by Age 17,2006,90.97,1.04,-1.59,92.62
Z4.5,2023,MMR Dose 2 by Age 2,2021,72.77,1.6,2.16,69.32
Z4.5,2014,MMR Dose 2 by Age 7,2007,80.93,1.37,0.26,80.57
Z4.5,2015,MMR Dose 2 by Age 7,2008,84.26,1.2300000000000002,2.4000000000000004,81.30000000000001
Z4.5,2016,MMR Dose 2 by Age 7,2009,83.4,1.2700000000000002,1.02,82.10000000000001
Z4.5,2017,MMR Dose 2 by Age 7,2010,80.64000000000001,1.32,-0.7500000000000001,81.63000000000001
Z4.5,2018,MMR Dose 2 by Age 7,2011,82.27,1.2700000000000002,0.93,81.08
Z4.5,2019,MMR Dose 2 by Age 7,2012,85.23,1.1400000000000001,3.08,81.72
Z4.5,2020,MMR Dose 2 by Age 7,2013,79.34000000000002,1.35,1.2800000000000002,77.60000000000001
Z4.5,2021,MMR Dose 2 by Age 7,2014,81.55,1.2700000000000002,5.370000000000001,74.73
Z4.5,2022,MMR Dose 2 by Age 7,2015,80.10000000000001,1.2800000000000002,4.7,74.08
Z4.5,2023,MMR Dose 2 by Age 7,2016,78.52,1.34,4.4,72.63000000000001
Z4.6,2014,MMR Dose 1 by Age 13,2001,96.54,0.5700000000000001,0.27,96.38000000000001
Z4.6,2015,MMR Dose 1 by Age 13,2002,95.95,0.6200000000000001,-0.9,96.51
Z4.6,2016,MMR Dose 1 by Age 13,2003,96.63000000000001,0.54,-0.05,96.66000000000001
Z4.6,2017,MMR Dose 1 by Age 13,2004,97.01,0.51,0.17,96.92
Z4.6,2018,MMR Dose 1 by Age 13,2005,96.77,0.53,-0.6100000000000001,97.09
Z4.6,2019,MMR Dose 1 by Age 13,2006,96.21000000000001,0.58,-1.04,96.81000000000002
Z4.6,2020,MMR Dose 1 by Age 13,2007,97.11000000000001,0.45,1.8,96.30000000000001
Z4.6,2021,MMR Dose 1 by Age 13,2008,96.88000000000001,0.47000000000000003,2.66,95.64000000000001
Z4.6,2022,MMR Dose 1 by Age 13,2009,96.53,0.53,2.4000000000000004,95.25
Z4.6,2023,MMR Dose 1 by Age 13,2010,96.66000000000001,0.51,3.35,94.95
Z4.6,2014,MMR Dose 1 by Age 17,1997,96.11000000000001,0.6900000000000001,-0.17,96.23
Z4.6,2015,MMR Dose 1 by Age 17,1998,95.7,0.6900000000000001,-1.1800000000000002,96.51
Z4.6,2016,MMR Dose 1 by Age 17,1999,95.79,0.6700000000000002,-1.3800000000000001,96.71000000000001
Z4.6,2017,MMR Dose 1 by Age 17,2000,96.95,0.55,0.02,96.94000000000001
Z4.6,2018,MMR Dose 1 by Age 17,2001,96.72,0.54,-0.5700000000000001,97.03
Z4.6,2019,MMR Dose 1 by Age 17,2002,96.38000000000001,0.5700000000000001,-1.4800000000000002,97.22
Z4.6,2020,MMR Dose 1 by Age 17,2003,97.71000000000001,0.41000000000000003,-0.1,97.75
Z4.6,2021,MMR Dose 1 by Age 17,2004,97.93,0.39,0.23,97.84000000000002
Z4.6,2022,MMR Dose 1 by Age 17,2005,97.47,0.44,-0.8200000000000001,97.83000000000001
Z4.6,2023,MMR Dose 1 by Age 17,2006,96.71000000000001,0.53,-1.07,97.27
Z4.6,2014,MMR Dose 1 by Age 2,2012,91.34000000000002,0.9,3.64,88.05
Z4.6,2015,MMR Dose 1 by Age 2,2013,93.19000000000001,0.79,7.670000000000001,87.11000000000001
Z4.6,2016,MMR Dose 1 by Age 2,2014,92.71000000000001,0.8200000000000001,6.62,87.29
Z4.6,2017,MMR Dose 1 by Age 2,2015,93.47,0.78,8.250000000000002,87.05
Z4.6,2018,MMR Dose 1 by Age 2,2016,92.27,0.8600000000000001,6.44,86.73
Z4.6,2019,MMR Dose 1 by Age 2,2017,90.5,0.96,3.71,86.96000000000001
Z4.6,2020,MMR Dose 1 by Age 2,2018,92.5,0.9,6.470000000000001,86.65
Z4.6,2021,MMR Dose 1 by Age 2,2019,90.17,1.03,6.800000000000001,83.2
Z4.6,2022,MMR Dose 1 by Age 2,2020,90.01,1.07,7.390000000000001,82.07
Z4.6,2023,MMR Dose 1 by Age 2,2021,87.12,1.12,4.86,81.67
Z4.6,2014,MMR Dose 2 by Age 13,2001,91.97,0.79,0.26,91.76
Z4.6,2015,MMR Dose 2 by Age 13,2002,91.58,0.81,-0.12000000000000001,91.68
Z4.6,2016,MMR Dose 2 by Age 13,2003,91.48,0.8,0.38000000000000006,91.18
Z4.6,2017,MMR Dose 2 by Age 13,2004,92.41000000000001,0.77,1.2400000000000002,91.45
Z4.6,2018,MMR Dose 2 by Age 13,2005,92.64000000000001,0.7400000000000001,1.7500000000000002,91.34000000000002
Z4.6,2019,MMR Dose 2 by Age 13,2006,92.05,0.8,0.7300000000000001,91.46000000000001
Z4.6,2020,MMR Dose 2 by Age 13,2007,93.26,0.6900000000000001,3.27,91.01
Z4.6,2021,MMR Dose 2 by Age 13,2008,93.79,0.6600000000000001,6.08,89.81000000000002
Z4.6,2022,MMR Dose 2 by Age 13,2009,93.56,0.7000000000000001,5.32,89.83000000000001
Z4.6,2023,MMR Dose 2 by Age 13,2010,93.11000000000001,0.7100000000000001,4.930000000000001,89.61000000000001
Z4.6,2014,MMR Dose 2 by Age 17,1997,93.89000000000001,0.76,1.9500000000000002,92.41000000000001
Z4.6,2015,MMR Dose 2 by Age 17,1998,92.43,0.8300000000000001,-0.39,92.75
Z4.6,2016,MMR Dose 2 by Age 17,1999,92.74000000000001,0.78,-0.6100000000000001,93.22
Z4.6,2017,MMR Dose 2 by Age 17,2000,93.69000000000001,0.7400000000000001,0.26,93.49000000000001
Z4.6,2018,MMR Dose 2 by Age 17,2001,92.32000000000001,0.77,-1.37,93.37
Z4.6,2019,MMR Dose 2 by Age 17,2002,92.58,0.7400000000000001,-1.33,93.56
Z4.6,2020,MMR Dose 2 by Age 17,2003,94.73,0.6000000000000001,0.68,94.32000000000001
Z4.6,2021,MMR Dose 2 by Age 17,2004,95.04,0.59,1.1700000000000002,94.35000000000001
Z4.6,2022,MMR Dose 2 by Age 17,2005,94.7,0.6200000000000001,1.7800000000000002,93.60000000000001
Z4.6,2023,MMR Dose 2 by Age 17,2006,93.15,0.7400000000000001,0.7100000000000001,92.62
Z4.6,2023,MMR Dose 2 by Age 2,2021,71.43,1.4900000000000002,1.4200000000000002,69.32
Z4.6,2014,MMR Dose 2 by Age 7,2007,86.42,0.97,6.01,80.57
Z4.6,2015,MMR Dose 2 by Age 7,2008,85.77,0.98,4.54,81.30000000000001
Z4.6,2016,MMR Dose 2 by Age 7,2009,87.01,0.98,5.02,82.10000000000001
Z4.6,2017,MMR Dose 2 by Age 7,2010,86.07,1.0,4.42,81.63000000000001
Z4.6,2018,MMR Dose 2 by Age 7,2011,87.2,0.96,6.390000000000001,81.08
Z4.6,2019,MMR Dose 2 by Age 7,2012,85.77,1.03,3.93,81.72
Z4.6,2020,MMR Dose 2 by Age 7,2013,81.05,1.1600000000000001,2.97,77.60000000000001
Z4.6,2021,MMR Dose 2 by Age 7,2014,84.37,1.06,9.12,74.73
Z4.6,2022,MMR Dose 2 by Age 7,2015,81.95,1.1400000000000001,6.92,74.08
Z4.6,2023,MMR Dose 2 by Age 7,2016,79.41000000000001,1.2000000000000002,5.630000000000001,72.63000000000001
Z4.7,2014,MMR Dose 1 by Age 13,2001,97.33000000000001,0.6100000000000001,1.55,96.38000000000001
Z4.7,2015,MMR Dose 1 by Age 13,2002,96.13000000000001,0.7400000000000001,-0.5,96.51
Z4.7,2016,MMR Dose 1 by Age 13,2003,97.44000000000001,0.59,1.34,96.66000000000001
Z4.7,2017,MMR Dose 1 by Age 13,2004,96.91000000000001,0.6400000000000001,-0.02,96.92
Z4.7,2018,MMR Dose 1 by Age 13,2005,96.89000000000001,0.6200000000000001,-0.32000000000000006,97.09
Z4.7,2019,MMR Dose 1 by Age 13,2006,97.12,0.55,0.5700000000000001,96.81000000000002
Z4.7,2020,MMR Dose 1 by Age 13,2007,96.63000000000001,0.5700000000000001,0.58,96.30000000000001
Z4.7,2021,MMR Dose 1 by Age 13,2008,96.21000000000001,0.6100000000000001,0.9500000000000001,95.64000000000001
Z4.7,2022,MMR Dose 1 by Age 13,2009,96.4,0.56,2.06,95.25
Z4.7,2023,MMR Dose 1 by Age 13,2010,96.13000000000001,0.5700000000000001,2.04,94.95
Z4.7,2014,MMR Dose 1 by Age 17,1997,96.54,0.79,0.39,96.23
Z4.7,2015,MMR Dose 1 by Age 17,1998,96.05,0.81,-0.5700000000000001,96.51
Z4.7,2016,MMR Dose 1 by Age 17,1999,95.5,0.8400000000000001,-1.4400000000000002,96.71000000000001
Z4.7,2017,MMR Dose 1 by Age 17,2000,95.86000000000001,0.8300000000000001,-1.3,96.94000000000001
Z4.7,2018,MMR Dose 1 by Age 17,2001,97.41000000000001,0.6000000000000001,0.6500000000000001,97.03
Z4.7,2019,MMR Dose 1 by Age 17,2002,96.27,0.7200000000000001,-1.32,97.22
Z4.7,2020,MMR Dose 1 by Age 17,2003,97.98,0.48000000000000004,0.47000000000000003,97.75
Z4.7,2021,MMR Dose 1 by Age 17,2004,97.28,0.58,-0.96,97.84000000000002
Z4.7,2022,MMR Dose 1 by Age 17,2005,97.72,0.49,-0.21000000000000002,97.83000000000001
Z4.7,2023,MMR Dose 1 by Age 17,2006,97.57,0.48000000000000004,0.6200000000000001,97.27
Z4.7,2014,MMR Dose 1 by Age 2,2012,91.04,0.9,3.31,88.05
Z4.7,2015,MMR Dose 1 by Age 2,2013,90.62,0.9500000000000001,3.7,87.11000000000001
Z4.7,2016,MMR Dose 1 by Age 2,2014,90.95,0.89,4.11,87.29
Z4.7,2017,MMR Dose 1 by Age 2,2015,90.28,0.93,3.4600000000000004,87.05
Z4.7,2018,MMR Dose 1 by Age 2,2016,90.04,0.93,3.57,86.73
Z4.7,2019,MMR Dose 1 by Age 2,2017,87.30000000000001,1.1,0.31000000000000005,86.96000000000001
Z4.7,2020,MMR Dose 1 by Age 2,2018,88.74000000000001,1.01,2.06,86.65
Z4.7,2021,MMR Dose 1 by Age 2,2019,86.03,1.1400000000000001,2.4800000000000004,83.2
Z4.7,2022,MMR Dose 1 by Age 2,2020,85.14000000000001,1.2000000000000002,2.55,82.07
Z4.7,2023,MMR Dose 1 by Age 2,2021,83.03,1.2100000000000002,1.12,81.67
Z4.7,2014,MMR Dose 2 by Age 13,2001,91.16000000000001,1.05,-0.5700000000000001,91.76
Z4.7,2015,MMR Dose 2 by Age 13,2002,90.57,1.05,-1.05,91.68
Z4.7,2016,MMR Dose 2 by Age 13,2003,89.67,1.11,-1.36,91.18
Z4.7,2017,MMR Dose 2 by Age 13,2004,90.48,1.02,-0.9500000000000001,91.45
Z4.7,2018,MMR Dose 2 by Age 13,2005,90.38000000000001,1.04,-0.92,91.34000000000002
Z4.7,2019,MMR Dose 2 by Age 13,2006,91.79,0.9,0.37000000000000005,91.46000000000001
Z4.7,2020,MMR Dose 2 by Age 13,2007,92.05,0.8300000000000001,1.2600000000000002,91.01
Z4.7,2021,MMR Dose 2 by Age 13,2008,91.15,0.8700000000000001,1.54,89.81000000000002
Z4.7,2022,MMR Dose 2 by Age 13,2009,91.06,0.8500000000000001,1.4400000000000002,89.83000000000001
Z4.7,2023,MMR Dose 2 by Age 13,2010,90.35000000000001,0.8700000000000001,0.8600000000000001,89.61000000000001
Z4.7,2014,MMR Dose 2 by Age 17,1997,91.05,1.1600000000000001,-1.1800000000000002,92.41000000000001
Z4.7,2015,MMR Dose 2 by Age 17,1998,88.53,1.2700000000000002,-3.33,92.75
Z4.7,2016,MMR Dose 2 by Age 17,1999,89.21000000000001,1.1700000000000002,-3.41,93.22
Z4.7,2017,MMR Dose 2 by Age 17,2000,90.61000000000001,1.12,-2.57,93.49000000000001
Z4.7,2018,MMR Dose 2 by Age 17,2001,91.86000000000001,0.99,-1.53,93.37
Z4.7,2019,MMR Dose 2 by Age 17,2002,91.45,0.98,-2.16,93.56
Z4.7,2020,MMR Dose 2 by Age 17,2003,93.5,0.8400000000000001,-0.98,94.32000000000001
Z4.7,2021,MMR Dose 2 by Age 17,2004,93.89000000000001,0.77,-0.59,94.35000000000001
Z4.7,2022,MMR Dose 2 by Age 17,2005,93.61000000000001,0.8300000000000001,0.01,93.60000000000001
Z4.7,2023,MMR Dose 2 by Age 17,2006,92.77,0.8300000000000001,0.18,92.62
Z4.7,2023,MMR Dose 2 by Age 2,2021,74.56,1.36,3.8400000000000003,69.32
Z4.7,2014,MMR Dose 2 by Age 7,2007,83.30000000000001,1.2200000000000002,2.24,80.57
Z4.7,2015,MMR Dose 2 by Age 7,2008,83.01,1.2000000000000002,1.4200000000000002,81.30000000000001
Z4.7,2016,MMR Dose 2 by Age 7,2009,85.72,1.07,3.37,82.10000000000001
Z4.7,2017,MMR Dose 2 by Age 7,2010,83.88000000000001,1.12,2.01,81.63000000000001
Z4.7,2018,MMR Dose 2 by Age 7,2011,82.42,1.1500000000000001,1.1600000000000001,81.08
Z4.7,2019,MMR Dose 2 by Age 7,2012,80.21000000000001,1.1400000000000001,-1.32,81.72
Z4.7,2020,MMR Dose 2 by Age 7,2013,75.28,1.2900000000000003,-1.81,77.60000000000001
Z4.7,2021,MMR Dose 2 by Age 7,2014,81.57,1.12,6.09,74.73
Z4.7,2022,MMR Dose 2 by Age 7,2015,73.66000000000001,1.3,-0.33000000000000007,74.08
Z4.7,2023,MMR Dose 2 by Age 7,2016,70.18,1.34,-1.82,72.63000000000001
Z4.8,2014,MMR Dose 1 by Age 13,2001,91.4,1.01,-4.930000000000001,96.38000000000001
Z4.8,2015,MMR Dose 1 by Age 13,2002,93.28,0.8500000000000001,-3.79,96.51
Z4.8,2016,MMR Dose 1 by Age 13,2003,94.05,0.8,-3.2600000000000002,96.66000000000001
Z4.8,2017,MMR Dose 1 by Age 13,2004,93.13000000000001,0.8700000000000001,-4.38,96.92
Z4.8,2018,MMR Dose 1 by Age 13,2005,93.98,0.77,-4.05,97.09
Z4.8,2019,MMR Dose 1 by Age 13,2006,94.14000000000001,0.76,-3.51,96.81000000000002
Z4.8,2020,MMR Dose 1 by Age 13,2007,94.62,0.6500000000000001,-2.57,96.30000000000001
Z4.8,2021,MMR Dose 1 by Age 13,2008,92.86000000000001,0.78,-3.57,95.64000000000001
Z4.8,2022,MMR Dose 1 by Age 13,2009,93.14000000000001,0.7400000000000001,-2.8400000000000003,95.25
Z4.8,2023,MMR Dose 1 by Age 13,2010,92.58,0.77,-3.09,94.95
Z4.8,2014,MMR Dose 1 by Age 17,1997,91.91000000000001,1.01,-4.2700000000000005,96.23
Z4.8,2015,MMR Dose 1 by Age 17,1998,90.4,1.08,-5.630000000000001,96.51
Z4.8,2016,MMR Dose 1 by Age 17,1999,91.49000000000001,1.01,-5.180000000000001,96.71000000000001
Z4.8,2017,MMR Dose 1 by Age 17,2000,92.07,0.96,-5.1000000000000005,96.94000000000001
Z4.8,2018,MMR Dose 1 by Age 17,2001,91.71000000000001,0.98,-5.4,97.03
Z4.8,2019,MMR Dose 1 by Age 17,2002,93.83000000000001,0.8,-4.24,97.22
Z4.8,2020,MMR Dose 1 by Age 17,2003,95.24000000000001,0.6900000000000001,-3.66,97.75
Z4.8,2021,MMR Dose 1 by Age 17,2004,93.69000000000001,0.8200000000000001,-5.07,97.84000000000002
Z4.8,2022,MMR Dose 1 by Age 17,2005,94.83000000000001,0.7000000000000001,-4.29,97.83000000000001
Z4.8,2023,MMR Dose 1 by Age 17,2006,94.63000000000001,0.7200000000000001,-3.66,97.27
Z4.8,2014,MMR Dose 1 by Age 2,2012,87.23,1.01,-0.81,88.05
Z4.8,2015,MMR Dose 1 by Age 2,2013,84.58,1.08,-2.35,87.11000000000001
Z4.8,2016,MMR Dose 1 by Age 2,2014,86.0,1.02,-1.2600000000000002,87.29
Z4.8,2017,MMR Dose 1 by Age 2,2015,85.81000000000002,1.02,-1.2200000000000002,87.05
Z4.8,2018,MMR Dose 1 by Age 2,2016,82.33000000000001,1.11,-3.97,86.73
Z4.8,2019,MMR Dose 1 by Age 2,2017,85.30000000000001,1.1,-1.51,86.96000000000001
Z4.8,2020,MMR Dose 1 by Age 2,2018,83.69000000000001,1.1600000000000001,-2.55,86.65
Z4.8,2021,MMR Dose 1 by Age 2,2019,81.37,1.2300000000000002,-1.4900000000000002,83.2
Z4.8,2022,MMR Dose 1 by Age 2,2020,79.95,1.3,-1.6300000000000001,82.07
Z4.8,2023,MMR Dose 1 by Age 2,2021,78.74000000000001,1.2800000000000002,-2.29,81.67
Z4.8,2014,MMR Dose 2 by Age 13,2001,83.04,1.2500000000000002,-6.970000000000001,91.76
Z4.8,2015,MMR Dose 2 by Age 13,2002,85.55,1.1400000000000001,-5.380000000000001,91.68
Z4.8,2016,MMR Dose 2 by Age 13,2003,86.39000000000001,1.09,-4.37,91.18
Z4.8,2017,MMR Dose 2 by Age 13,2004,86.56,1.12,-4.359999999999999,91.45
Z4.8,2018,MMR Dose 2 by Age 13,2005,88.73,0.9500000000000001,-2.74,91.34000000000002
Z4.8,2019,MMR Dose 2 by Age 13,2006,89.59,0.92,-2.04,91.46000000000001
Z4.8,2020,MMR Dose 2 by Age 13,2007,88.71000000000001,0.91,-2.53,91.01
Z4.8,2021,MMR Dose 2 by Age 13,2008,88.92,0.89,-1.0,89.81000000000002
Z4.8,2022,MMR Dose 2 by Age 13,2009,88.97,0.8600000000000001,-1.0,89.83000000000001
Z4.8,2023,MMR Dose 2 by Age 13,2010,88.47,0.9,-1.2700000000000002,89.61000000000001
Z4.8,2014,MMR Dose 2 by Age 17,1997,84.76,1.2500000000000002,-6.1000000000000005,92.41000000000001
Z4.8,2015,MMR Dose 2 by Age 17,1998,82.78,1.2900000000000003,-7.71,92.75
Z4.8,2016,MMR Dose 2 by Age 17,1999,83.41000000000001,1.2200000000000002,-8.05,93.22
Z4.8,2017,MMR Dose 2 by Age 17,2000,82.82000000000001,1.2600000000000002,-8.450000000000001,93.49000000000001
Z4.8,2018,MMR Dose 2 by Age 17,2001,83.96000000000001,1.2100000000000002,-7.7700000000000005,93.37
Z4.8,2019,MMR Dose 2 by Age 17,2002,87.37,1.05,-5.9,93.56
Z4.8,2020,MMR Dose 2 by Age 17,2003,90.33000000000001,0.9,-4.45,94.32000000000001
Z4.8,2021,MMR Dose 2 by Age 17,2004,90.18,0.9400000000000001,-4.44,94.35000000000001
Z4.8,2022,MMR Dose 2 by Age 17,2005,90.63000000000001,0.8600000000000001,-3.4400000000000004,93.60000000000001
Z4.8,2023,MMR Dose 2 by Age 17,2006,90.42,0.88,-2.51,92.62
Z4.8,2023,MMR Dose 2 by Age 2,2021,67.35,1.4400000000000002,-1.37,69.32
Z4.8,2014,MMR Dose 2 by Age 7,2007,77.93,1.2300000000000002,-2.14,80.57
Z4.8,2015,MMR Dose 2 by Age 7,2008,81.01,1.1400000000000001,-0.26,81.30000000000001
Z4.8,2016,MMR Dose 2 by Age 7,2009,81.73,1.09,-0.34,82.10000000000001
Z4.8,2017,MMR Dose 2 by Age 7,2010,80.92,1.1300000000000001,-0.6300000000000001,81.63000000000001
Z4.8,2018,MMR Dose 2 by Age 7,2011,78.32000000000001,1.1500000000000001,-2.4000000000000004,81.08
Z4.8,2019,MMR Dose 2 by Age 7,2012,79.44000000000001,1.1300000000000001,-2.02,81.72
Z4.8,2020,MMR Dose 2 by Age 7,2013,69.54,1.2700000000000002,-6.370000000000001,77.60000000000001
Z4.8,2021,MMR Dose 2 by Age 7,2014,73.21000000000001,1.2200000000000002,-1.2400000000000002,74.73
Z4.8,2022,MMR Dose 2 by Age 7,2015,69.01,1.2700000000000002,-4.0,74.08
Z4.8,2023,MMR Dose 2 by Age 7,2016,65.46000000000001,1.32,-5.430000000000001,72.63000000000001
Z4.9,2014,MMR Dose 1 by Age 13,2001,96.62,0.7400000000000001,0.33000000000000007,96.38000000000001
Z4.9,2015,MMR Dose 1 by Age 13,2002,96.19000000000001,0.7300000000000001,-0.44,96.51
Z4.9,2016,MMR Dose 1 by Age 13,2003,97.06,0.6100000000000001,0.6600000000000001,96.66000000000001
Z4.9,2017,MMR Dose 1 by Age 13,2004,97.36000000000001,0.59,0.7400000000000001,96.92
Z4.9,2018,MMR Dose 1 by Age 13,2005,98.22,0.41000000000000003,2.74,97.09
Z4.9,2019,MMR Dose 1 by Age 13,2006,97.78,0.49,1.9900000000000002,96.81000000000002
Z4.9,2020,MMR Dose 1 by Age 13,2007,97.36000000000001,0.52,2.03,96.30000000000001
Z4.9,2021,MMR Dose 1 by Age 13,2008,96.74000000000001,0.6100000000000001,1.7900000000000003,95.64000000000001
Z4.9,2022,MMR Dose 1 by Age 13,2009,97.02,0.6000000000000001,2.9600000000000004,95.25
Z4.9,2023,MMR Dose 1 by Age 13,2010,95.92,0.7000000000000001,1.3900000000000001,94.95
Z4.9,2014,MMR Dose 1 by Age 17,1997,96.15,0.7500000000000001,-0.11,96.23
Z4.9,2015,MMR Dose 1 by Age 17,1998,96.91000000000001,0.6600000000000001,0.6100000000000001,96.51
Z4.9,2016,MMR Dose 1 by Age 17,1999,96.45,0.6700000000000002,-0.39,96.71000000000001
Z4.9,2017,MMR Dose 1 by Age 17,2000,96.39000000000001,0.7400000000000001,-0.7400000000000001,96.94000000000001
Z4.9,2018,MMR Dose 1 by Age 17,2001,96.78,0.7100000000000001,-0.35000000000000003,97.03
Z4.9,2019,MMR Dose 1 by Age 17,2002,96.63000000000001,0.6500000000000001,-0.9,97.22
Z4.9,2020,MMR Dose 1 by Age 17,2003,98.22,0.41000000000000003,1.1400000000000001,97.75
Z4.9,2021,MMR Dose 1 by Age 17,2004,98.37,0.4,1.33,97.84000000000002
Z4.9,2022,MMR Dose 1 by Age 17,2005,98.84000000000002,0.30000000000000004,3.39,97.83000000000001
Z4.9,2023,MMR Dose 1 by Age 17,2006,98.26,0.4,2.4400000000000004,97.27
Z4.9,2014,MMR Dose 1 by Age 2,2012,92.26,1.0,4.21,88.05
Z4.9,2015,MMR Dose 1 by Age 2,2013,91.77,1.08,4.33,87.11000000000001
Z4.9,2016,MMR Dose 1 by Age 2,2014,92.24000000000001,1.07,4.62,87.29
Z4.9,2017,MMR Dose 1 by Age 2,2015,91.06,1.11,3.59,87.05
Z4.9,2018,MMR Dose 1 by Age 2,2016,91.48,1.09,4.37,86.73
Z4.9,2019,MMR Dose 1 by Age 2,2017,92.32000000000001,1.05,5.12,86.96000000000001
Z4.9,2020,MMR Dose 1 by Age 2,2018,91.76,1.07,4.800000000000001,86.65
Z4.9,2021,MMR Dose 1 by Age 2,2019,92.17,1.1500000000000001,7.830000000000001,83.2
Z4.9,2022,MMR Dose 1 by Age 2,2020,88.17,1.37,4.46,82.07
Z4.9,2023,MMR Dose 1 by Age 2,2021,88.23,1.32,4.96,81.67
Z4.9,2014,MMR Dose 2 by Age 13,2001,92.41000000000001,0.99,0.6600000000000001,91.76
Z4.9,2015,MMR Dose 2 by Age 13,2002,91.57,0.97,-0.12000000000000001,91.68
Z4.9,2016,MMR Dose 2 by Age 13,2003,89.19000000000001,1.11,-1.7800000000000002,91.18
Z4.9,2017,MMR Dose 2 by Age 13,2004,92.33000000000001,0.96,0.91,91.45
Z4.9,2018,MMR Dose 2 by Age 13,2005,94.22,0.77,3.73,91.34000000000002
Z4.9,2019,MMR Dose 2 by Age 13,2006,93.91000000000001,0.8,3.08,91.46000000000001
Z4.9,2020,MMR Dose 2 by Age 13,2007,94.43,0.76,4.51,91.01
Z4.9,2021,MMR Dose 2 by Age 13,2008,93.39000000000001,0.8300000000000001,4.3,89.81000000000002
Z4.9,2022,MMR Dose 2 by Age 13,2009,93.60000000000001,0.8400000000000001,4.52,89.83000000000001
Z4.9,2023,MMR Dose 2 by Age 13,2010,92.18,0.92,2.81,89.61000000000001
Z4.9,2014,MMR Dose 2 by Age 17,1997,89.48,1.1,-2.67,92.41000000000001
Z4.9,2015,MMR Dose 2 by Age 17,1998,90.55,1.05,-2.09,92.75
Z4.9,2016,MMR Dose 2 by Age 17,1999,90.22,1.02,-2.93,93.22
Z4.9,2017,MMR Dose 2 by Age 17,2000,91.06,1.05,-2.3200000000000003,93.49000000000001
Z4.9,2018,MMR Dose 2 by Age 17,2001,93.01,0.93,-0.39,93.37
Z4.9,2019,MMR Dose 2 by Age 17,2002,92.41000000000001,0.9,-1.2800000000000002,93.56
Z4.9,2020,MMR Dose 2 by Age 17,2003,93.72,0.8200000000000001,-0.7400000000000001,94.32000000000001
Z4.9,2021,MMR Dose 2 by Age 17,2004,95.08,0.7100000000000001,1.03,94.35000000000001
Z4.9,2022,MMR Dose 2 by Age 17,2005,96.16000000000001,0.59,4.33,93.60000000000001
Z4.9,2023,MMR Dose 2 by Age 17,2006,94.98,0.7100000000000001,3.3400000000000003,92.62
Z4.9,2023,MMR Dose 2 by Age 2,2021,77.69000000000001,1.6700000000000002,5.02,69.32
Z4.9,2014,MMR Dose 2 by Age 7,2007,88.59,1.11,7.2,80.57
Z4.9,2015,MMR Dose 2 by Age 7,2008,86.83000000000001,1.2000000000000002,4.6000000000000005,81.30000000000001
Z4.9,2016,MMR Dose 2 by Age 7,2009,87.49000000000001,1.1600000000000001,4.640000000000001,82.10000000000001
Z4.9,2017,MMR Dose 2 by Age 7,2010,85.33000000000001,1.2500000000000002,2.9400000000000004,81.63000000000001
Z4.9,2018,MMR Dose 2 by Age 7,2011,85.07,1.2500000000000002,3.19,81.08
Z4.9,2019,MMR Dose 2 by Age 7,2012,85.62,1.2200000000000002,3.21,81.72
Z4.9,2020,MMR Dose 2 by Age 7,2013,80.28,1.3900000000000001,1.9200000000000002,77.60000000000001
Z4.9,2021,MMR Dose 2 by Age 7,2014,79.67,1.4200000000000002,3.49,74.73
Z4.9,2022,MMR Dose 2 by Age 7,2015,75.69000000000001,1.4800000000000002,1.08,74.08
Z4.9,2023,MMR Dose 2 by Age 7,2016,69.85,1.6300000000000001,-1.7100000000000002,72.63000000000001
Z5.1,2014,MMR Dose 1 by Age 13,2001,96.39000000000001,0.54,0.01,96.38000000000001
Z5.1,2015,MMR Dose 1 by Age 13,2002,96.15,0.5700000000000001,-0.6300000000000001,96.51
Z5.1,2016,MMR Dose 1 by Age 13,2003,95.11000000000001,0.6500000000000001,-2.39,96.66000000000001
Z5.1,2017,MMR Dose 1 by Age 13,2004,96.04,0.58,-1.52,96.92
Z5.1,2018,MMR Dose 1 by Age 13,2005,96.98,0.46,-0.23,97.09
Z5.1,2019,MMR Dose 1 by Age 13,2006,96.52,0.5,-0.58,96.81000000000002
Z5.1,2020,MMR Dose 1 by Age 13,2007,94.06,0.6700000000000002,-3.3600000000000003,96.30000000000001
Z5.1,2021,MMR Dose 1 by Age 13,2008,93.42,0.7000000000000001,-3.16,95.64000000000001
Z5.1,2022,MMR Dose 1 by Age 13,2009,94.39000000000001,0.6400000000000001,-1.34,95.25
Z5.1,2023,MMR Dose 1 by Age 13,2010,93.57,0.7000000000000001,-1.9900000000000002,94.95
Z5.1,2014,MMR Dose 1 by Age 17,1997,97.12,0.49,1.81,96.23
Z5.1,2015,MMR Dose 1 by Age 17,1998,95.33000000000001,0.6200000000000001,-1.8900000000000001,96.51
Z5.1,2016,MMR Dose 1 by Age 17,1999,96.14000000000001,0.54,-1.06,96.71000000000001
Z5.1,2017,MMR Dose 1 by Age 17,2000,95.65,0.6000000000000001,-2.14,96.94000000000001
Z5.1,2018,MMR Dose 1 by Age 17,2001,97.08,0.46,0.12000000000000001,97.03
Z5.1,2019,MMR Dose 1 by Age 17,2002,96.74000000000001,0.5,-0.9400000000000001,97.22
Z5.1,2020,MMR Dose 1 by Age 17,2003,96.48,0.51,-2.47,97.75
Z5.1,2021,MMR Dose 1 by Age 17,2004,97.0,0.48000000000000004,-1.7400000000000002,97.84000000000002
Z5.1,2022,MMR Dose 1 by Age 17,2005,97.44000000000001,0.41000000000000003,-0.9500000000000001,97.83000000000001
Z5.1,2023,MMR Dose 1 by Age 17,2006,96.95,0.46,-0.6900000000000001,97.27
Z5.1,2014,MMR Dose 1 by Age 2,2012,88.07,0.97,0.02,88.05
Z5.1,2015,MMR Dose 1 by Age 2,2013,87.08,0.98,-0.04,87.11000000000001
Z5.1,2016,MMR Dose 1 by Age 2,2014,85.44000000000001,1.05,-1.7700000000000002,87.29
Z5.1,2017,MMR Dose 1 by Age 2,2015,84.41000000000001,1.08,-2.45,87.05
Z5.1,2018,MMR Dose 1 by Age 2,2016,85.28,1.06,-1.36,86.73
Z5.1,2019,MMR Dose 1 by Age 2,2017,88.18,1.01,1.2000000000000002,86.96000000000001
Z5.1,2020,MMR Dose 1 by Age 2,2018,86.29,1.1,-0.33000000000000007,86.65
Z5.1,2021,MMR Dose 1 by Age 2,2019,84.46000000000001,1.1600000000000001,1.09,83.2
Z5.1,2022,MMR Dose 1 by Age 2,2020,82.66000000000001,1.2600000000000002,0.47000000000000003,82.07
Z5.1,2023,MMR Dose 1 by Age 2,2021,78.36000000000001,1.3900000000000001,-2.39,81.67
Z5.1,2014,MMR Dose 2 by Age 13,2001,91.97,0.8,0.26,91.76
Z5.1,2015,MMR Dose 2 by Age 13,2002,92.39000000000001,0.76,0.93,91.68
Z5.1,2016,MMR Dose 2 by Age 13,2003,90.83000000000001,0.8500000000000001,-0.4,91.18
Z5.1,2017,MMR Dose 2 by Age 13,2004,91.81000000000002,0.79,0.45,91.45
Z5.1,2018,MMR Dose 2 by Age 13,2005,90.48,0.8400000000000001,-1.02,91.34000000000002
Z5.1,2019,MMR Dose 2 by Age 13,2006,90.85000000000001,0.8,-0.76,91.46000000000001
Z5.1,2020,MMR Dose 2 by Age 13,2007,88.02,0.91,-3.2800000000000002,91.01
Z5.1,2021,MMR Dose 2 by Age 13,2008,87.79,0.91,-2.21,89.81000000000002
Z5.1,2022,MMR Dose 2 by Age 13,2009,90.04,0.8200000000000001,0.26,89.83000000000001
Z5.1,2023,MMR Dose 2 by Age 13,2010,88.41000000000001,0.9,-1.33,89.61000000000001
Z5.1,2014,MMR Dose 2 by Age 17,1997,94.02,0.68,2.35,92.41000000000001
Z5.1,2015,MMR Dose 2 by Age 17,1998,92.76,0.7300000000000001,0.01,92.75
Z5.1,2016,MMR Dose 2 by Age 17,1999,93.45,0.6900000000000001,0.34,93.22
Z5.1,2017,MMR Dose 2 by Age 17,2000,92.42,0.76,-1.4100000000000001,93.49000000000001
Z5.1,2018,MMR Dose 2 by Age 17,2001,93.83000000000001,0.68,0.6700000000000002,93.37
Z5.1,2019,MMR Dose 2 by Age 17,2002,94.46000000000001,0.6300000000000001,1.4300000000000002,93.56
Z5.1,2020,MMR Dose 2 by Age 17,2003,93.74000000000001,0.68,-0.8600000000000001,94.32000000000001
Z5.1,2021,MMR Dose 2 by Age 17,2004,94.39000000000001,0.6300000000000001,0.07,94.35000000000001
Z5.1,2022,MMR Dose 2 by Age 17,2005,92.29,0.7500000000000001,-1.7500000000000002,93.60000000000001
Z5.1,2023,MMR Dose 2 by Age 17,2006,91.78,0.76,-1.12,92.62
Z5.1,2023,MMR Dose 2 by Age 2,2021,70.19000000000001,1.52,0.5700000000000001,69.32
Z5.1,2014,MMR Dose 2 by Age 7,2007,78.7,1.1800000000000002,-1.59,80.57
Z5.1,2015,MMR Dose 2 by Age 7,2008,81.01,1.11,-0.26,81.30000000000001
Z5.1,2016,MMR Dose 2 by Age 7,2009,82.60000000000001,1.07,0.47000000000000003,82.10000000000001
Z5.1,2017,MMR Dose 2 by Age 7,2010,81.49000000000001,1.11,-0.13,81.63000000000001
Z5.1,2018,MMR Dose 2 by Age 7,2011,80.01,1.1400000000000001,-0.9400000000000001,81.08
Z5.1,2019,MMR Dose 2 by Age 7,2012,82.59,1.08,0.8,81.72
Z5.1,2020,MMR Dose 2 by Age 7,2013,83.34000000000002,1.06,5.430000000000001,77.60000000000001
Z5.1,2021,MMR Dose 2 by Age 7,2014,80.43,1.1400000000000001,4.99,74.73
Z5.1,2022,MMR Dose 2 by Age 7,2015,76.67,1.2200000000000002,2.11,74.08
Z5.1,2023,MMR Dose 2 by Age 7,2016,73.51,1.2900000000000003,0.68,72.63000000000001
Z5.2,2014,MMR Dose 1 by Age 13,2001,91.51,0.8700000000000001,-5.630000000000001,96.38000000000001
Z5.2,2015,MMR Dose 1 by Age 13,2002,93.69000000000001,0.7300000000000001,-3.8800000000000003,96.51
Z5.2,2016,MMR Dose 1 by Age 13,2003,94.35000000000001,0.6600000000000001,-3.49,96.66000000000001
Z5.2,2017,MMR Dose 1 by Age 13,2004,95.43,0.58,-2.54,96.92
Z5.2,2018,MMR Dose 1 by Age 13,2005,93.62,0.7000000000000001,-4.96,97.09
Z5.2,2019,MMR Dose 1 by Age 13,2006,94.4,0.6200000000000001,-3.8800000000000003,96.81000000000002
Z5.2,2020,MMR Dose 1 by Age 13,2007,93.88000000000001,0.6300000000000001,-3.85,96.30000000000001
Z5.2,2021,MMR Dose 1 by Age 13,2008,93.51,0.6600000000000001,-3.24,95.64000000000001
Z5.2,2022,MMR Dose 1 by Age 13,2009,93.75,0.6300000000000001,-2.39,95.25
Z5.2,2023,MMR Dose 1 by Age 13,2010,92.35000000000001,0.7100000000000001,-3.67,94.95
Z5.2,2014,MMR Dose 1 by Age 17,1997,90.66000000000001,0.8700000000000001,-6.4,96.23
Z5.2,2015,MMR Dose 1 by Age 17,1998,91.30000000000001,0.8500000000000001,-6.140000000000001,96.51
Z5.2,2016,MMR Dose 1 by Age 17,1999,91.12,0.8700000000000001,-6.41,96.71000000000001
Z5.2,2017,MMR Dose 1 by Age 17,2000,92.79,0.8,-5.180000000000001,96.94000000000001
Z5.2,2018,MMR Dose 1 by Age 17,2001,92.31000000000002,0.8300000000000001,-5.69,97.03
Z5.2,2019,MMR Dose 1 by Age 17,2002,94.57,0.6700000000000002,-3.9800000000000004,97.22
Z5.2,2020,MMR Dose 1 by Age 17,2003,95.22,0.6000000000000001,-4.23,97.75
Z5.2,2021,MMR Dose 1 by Age 17,2004,96.45,0.49,-2.81,97.84000000000002
Z5.2,2022,MMR Dose 1 by Age 17,2005,94.10000000000001,0.6700000000000002,-5.56,97.83000000000001
Z5.2,2023,MMR Dose 1 by Age 17,2006,95.11000000000001,0.5700000000000001,-3.7600000000000002,97.27
Z5.2,2014,MMR Dose 1 by Age 2,2012,87.18,0.92,-0.9500000000000001,88.05
Z5.2,2015,MMR Dose 1 by Age 2,2013,83.39000000000001,1.0,-3.71,87.11000000000001
Z5.2,2016,MMR Dose 1 by Age 2,2014,83.61000000000001,1.03,-3.56,87.29
Z5.2,2017,MMR Dose 1 by Age 2,2015,83.46000000000001,1.01,-3.57,87.05
Z5.2,2018,MMR Dose 1 by Age 2,2016,80.77,1.12,-5.330000000000001,86.73
Z5.2,2019,MMR Dose 1 by Age 2,2017,79.54,1.1700000000000002,-6.36,86.96000000000001
Z5.2,2020,MMR Dose 1 by Age 2,2018,79.55,1.2000000000000002,-5.92,86.65
Z5.2,2021,MMR Dose 1 by Age 2,2019,77.87,1.2700000000000002,-4.2,83.2
Z5.2,2022,MMR Dose 1 by Age 2,2020,74.22,1.37,-5.75,82.07
Z5.2,2023,MMR Dose 1 by Age 2,2021,77.84000000000002,1.2800000000000002,-2.99,81.67
Z5.2,2014,MMR Dose 2 by Age 13,2001,88.65,0.96,-3.25,91.76
Z5.2,2015,MMR Dose 2 by Age 13,2002,89.79,0.8600000000000001,-2.2,91.68
Z5.2,2016,MMR Dose 2 by Age 13,2003,89.55,0.8600000000000001,-1.8800000000000001,91.18
Z5.2,2017,MMR Dose 2 by Age 13,2004,90.37,0.8400000000000001,-1.2800000000000002,91.45
Z5.2,2018,MMR Dose 2 by Age 13,2005,88.55,0.9,-3.1,91.34000000000002
Z5.2,2019,MMR Dose 2 by Age 13,2006,88.92,0.8600000000000001,-2.97,91.46000000000001
Z5.2,2020,MMR Dose 2 by Age 13,2007,88.51,0.8400000000000001,-2.97,91.01
Z5.2,2021,MMR Dose 2 by Age 13,2008,86.5,0.92,-3.61,89.81000000000002
Z5.2,2022,MMR Dose 2 by Age 13,2009,86.87,0.88,-3.3600000000000003,89.83000000000001
Z5.2,2023,MMR Dose 2 by Age 13,2010,86.19000000000001,0.92,-3.72,89.61000000000001
Z5.2,2014,MMR Dose 2 by Age 17,1997,90.05,0.8700000000000001,-2.73,92.41000000000001
Z5.2,2015,MMR Dose 2 by Age 17,1998,89.7,0.9,-3.39,92.75
Z5.2,2016,MMR Dose 2 by Age 17,1999,90.75,0.8400000000000001,-2.9600000000000004,93.22
Z5.2,2017,MMR Dose 2 by Age 17,2000,91.34000000000002,0.8300000000000001,-2.6,93.49000000000001
Z5.2,2018,MMR Dose 2 by Age 17,2001,90.93,0.8600000000000001,-2.8400000000000003,93.37
Z5.2,2019,MMR Dose 2 by Age 17,2002,91.68,0.77,-2.45,93.56
Z5.2,2020,MMR Dose 2 by Age 17,2003,92.10000000000001,0.7400000000000001,-2.99,94.32000000000001
Z5.2,2021,MMR Dose 2 by Age 17,2004,93.25,0.68,-1.61,94.35000000000001
Z5.2,2022,MMR Dose 2 by Age 17,2005,90.25,0.8300000000000001,-4.03,93.60000000000001
Z5.2,2023,MMR Dose 2 by Age 17,2006,90.27,0.8,-2.9400000000000004,92.62
Z5.2,2023,MMR Dose 2 by Age 2,2021,62.160000000000004,1.4900000000000002,-4.82,69.32
Z5.2,2014,MMR Dose 2 by Age 7,2007,77.89000000000001,1.12,-2.3800000000000003,80.57
Z5.2,2015,MMR Dose 2 by Age 7,2008,79.83000000000001,1.09,-1.35,81.30000000000001
Z5.2,2016,MMR Dose 2 by Age 7,2009,79.66000000000001,1.07,-2.2800000000000002,82.10000000000001
Z5.2,2017,MMR Dose 2 by Age 7,2010,79.57,1.08,-1.9200000000000002,81.63000000000001
Z5.2,2018,MMR Dose 2 by Age 7,2011,78.44000000000001,1.07,-2.4600000000000004,81.08
Z5.2,2019,MMR Dose 2 by Age 7,2012,81.69000000000001,1.05,-0.03,81.72
Z5.2,2020,MMR Dose 2 by Age 7,2013,75.45,1.1700000000000002,-1.85,77.60000000000001
Z5.2,2021,MMR Dose 2 by Age 7,2014,72.92,1.2700000000000002,-1.4200000000000002,74.73
Z5.2,2022,MMR Dose 2 by Age 7,2015,71.04,1.2400000000000002,-2.47,74.08
Z5.2,2023,MMR Dose 2 by Age 7,2016,68.8,1.32,-2.9000000000000004,72.63000000000001
Z5.3,2014,MMR Dose 1 by Age 13,2001,93.95,1.12,-2.17,96.38000000000001
Z5.3,2015,MMR Dose 1 by Age 13,2002,94.21000000000001,1.05,-2.2,96.51
Z5.3,2016,MMR Dose 1 by Age 13,2003,94.5,0.9500000000000001,-2.27,96.66000000000001
Z5.3,2017,MMR Dose 1 by Age 13,2004,92.58,1.09,-3.97,96.92
Z5.3,2018,MMR Dose 1 by Age 13,2005,93.82000000000001,1.0,-3.2800000000000002,97.09
Z5.3,2019,MMR Dose 1 by Age 13,2006,90.30000000000001,1.2100000000000002,-5.370000000000001,96.81000000000002
Z5.3,2020,MMR Dose 1 by Age 13,2007,90.0,1.2200000000000002,-5.15,96.30000000000001
Z5.3,2021,MMR Dose 1 by Age 13,2008,89.84000000000002,1.2000000000000002,-4.830000000000001,95.64000000000001
Z5.3,2022,MMR Dose 1 by Age 13,2009,89.34000000000002,1.2200000000000002,-4.840000000000001,95.25
Z5.3,2023,MMR Dose 1 by Age 13,2010,88.56,1.2800000000000002,-5.01,94.95
Z5.3,2014,MMR Dose 1 by Age 17,1997,93.24000000000001,1.1300000000000001,-2.65,96.23
Z5.3,2015,MMR Dose 1 by Age 17,1998,92.08,1.2300000000000002,-3.61,96.51
Z5.3,2016,MMR Dose 1 by Age 17,1999,94.49000000000001,1.0,-2.2,96.71000000000001
Z5.3,2017,MMR Dose 1 by Age 17,2000,95.67,0.91,-1.4000000000000001,96.94000000000001
Z5.3,2018,MMR Dose 1 by Age 17,2001,94.59,1.03,-2.3600000000000003,97.03
Z5.3,2019,MMR Dose 1 by Age 17,2002,94.52,1.01,-2.69,97.22
Z5.3,2020,MMR Dose 1 by Age 17,2003,95.06,0.88,-3.06,97.75
Z5.3,2021,MMR Dose 1 by Age 17,2004,93.19000000000001,1.04,-4.48,97.84000000000002
Z5.3,2022,MMR Dose 1 by Age 17,2005,95.06,0.8700000000000001,-3.18,97.83000000000001
Z5.3,2023,MMR Dose 1 by Age 17,2006,90.9,1.1700000000000002,-5.46,97.27
Z5.3,2014,MMR Dose 1 by Age 2,2012,76.61000000000001,1.6900000000000002,-6.79,88.05
Z5.3,2015,MMR Dose 1 by Age 2,2013,77.33000000000001,1.6700000000000002,-5.870000000000001,87.11000000000001
Z5.3,2016,MMR Dose 1 by Age 2,2014,75.33,1.6800000000000002,-7.130000000000001,87.29
Z5.3,2017,MMR Dose 1 by Age 2,2015,78.07,1.57,-5.71,87.05
Z5.3,2018,MMR Dose 1 by Age 2,2016,81.32000000000001,1.54,-3.52,86.73
Z5.3,2019,MMR Dose 1 by Age 2,2017,78.15,1.6700000000000002,-5.29,86.96000000000001
Z5.3,2020,MMR Dose 1 by Age 2,2018,77.79,1.6900000000000002,-5.23,86.65
Z5.3,2021,MMR Dose 1 by Age 2,2019,72.7,1.83,-5.75,83.2
Z5.3,2022,MMR Dose 1 by Age 2,2020,73.18,1.9600000000000002,-4.54,82.07
Z5.3,2023,MMR Dose 1 by Age 2,2021,74.51,1.9600000000000002,-3.66,81.67
Z5.3,2014,MMR Dose 2 by Age 13,2001,86.07,1.54,-3.69,91.76
Z5.3,2015,MMR Dose 2 by Age 13,2002,88.12,1.3900000000000001,-2.57,91.68
Z5.3,2016,MMR Dose 2 by Age 13,2003,87.28,1.4000000000000001,-2.79,91.18
Z5.3,2017,MMR Dose 2 by Age 13,2004,84.16000000000001,1.56,-4.69,91.45
Z5.3,2018,MMR Dose 2 by Age 13,2005,85.73,1.4500000000000002,-3.8800000000000003,91.34000000000002
Z5.3,2019,MMR Dose 2 by Age 13,2006,80.44000000000001,1.57,-7.03,91.46000000000001
Z5.3,2020,MMR Dose 2 by Age 13,2007,82.25,1.5,-5.8500000000000005,91.01
Z5.3,2021,MMR Dose 2 by Age 13,2008,84.35000000000001,1.3800000000000001,-3.9600000000000004,89.81000000000002
Z5.3,2022,MMR Dose 2 by Age 13,2009,82.04,1.4600000000000002,-5.330000000000001,89.83000000000001
Z5.3,2023,MMR Dose 2 by Age 13,2010,82.23,1.4100000000000001,-5.21,89.61000000000001
Z5.3,2014,MMR Dose 2 by Age 17,1997,90.99000000000001,1.2400000000000002,-1.1400000000000001,92.41000000000001
Z5.3,2015,MMR Dose 2 by Age 17,1998,88.66000000000001,1.3900000000000001,-2.9400000000000004,92.75
Z5.3,2016,MMR Dose 2 by Age 17,1999,90.36000000000001,1.2400000000000002,-2.3000000000000003,93.22
Z5.3,2017,MMR Dose 2 by Age 17,2000,90.19000000000001,1.33,-2.49,93.49000000000001
Z5.3,2018,MMR Dose 2 by Age 17,2001,87.80000000000001,1.4300000000000002,-3.9000000000000004,93.37
Z5.3,2019,MMR Dose 2 by Age 17,2002,89.79,1.2700000000000002,-2.9600000000000004,93.56
Z5.3,2020,MMR Dose 2 by Age 17,2003,88.93,1.2900000000000003,-4.19,94.32000000000001
Z5.3,2021,MMR Dose 2 by Age 17,2004,86.19000000000001,1.4600000000000002,-5.58,94.35000000000001
Z5.3,2022,MMR Dose 2 by Age 17,2005,88.47,1.31,-3.91,93.60000000000001
Z5.3,2023,MMR Dose 2 by Age 17,2006,81.49000000000001,1.53,-7.26,92.62
Z5.3,2023,MMR Dose 2 by Age 2,2021,61.39000000000001,2.16,-3.67,69.32
Z5.3,2014,MMR Dose 2 by Age 7,2007,69.63000000000001,1.86,-5.890000000000001,80.57
Z5.3,2015,MMR Dose 2 by Age 7,2008,72.12,1.7800000000000002,-5.15,81.30000000000001
Z5.3,2016,MMR Dose 2 by Age 7,2009,69.69000000000001,1.7800000000000002,-6.96,82.10000000000001
Z5.3,2017,MMR Dose 2 by Age 7,2010,71.61000000000001,1.7100000000000002,-5.8500000000000005,81.63000000000001
Z5.3,2018,MMR Dose 2 by Age 7,2011,67.93,1.7300000000000002,-7.6000000000000005,81.08
Z5.3,2019,MMR Dose 2 by Age 7,2012,71.57,1.6700000000000002,-6.07,81.72
Z5.3,2020,MMR Dose 2 by Age 7,2013,69.78,1.7300000000000002,-4.52,77.60000000000001
Z5.3,2021,MMR Dose 2 by Age 7,2014,67.23,1.7700000000000002,-4.24,74.73
Z5.3,2022,MMR Dose 2 by Age 7,2015,66.01,1.7700000000000002,-4.55,74.08
Z5.3,2023,MMR Dose 2 by Age 7,2016,65.15,1.8,-4.16,72.63000000000001
Z5.4,2014,MMR Dose 1 by Age 13,2001,90.35000000000001,0.7300000000000001,-8.280000000000001,96.38000000000001
Z5.4,2015,MMR Dose 1 by Age 13,2002,91.49000000000001,0.68,-7.340000000000001,96.51
Z5.4,2016,MMR Dose 1 by Age 13,2003,91.72,0.6700000000000002,-7.340000000000001,96.66000000000001
Z5.4,2017,MMR Dose 1 by Age 13,2004,91.04,0.7000000000000001,-8.42,96.92
Z5.4,2018,MMR Dose 1 by Age 13,2005,90.95,0.68,-8.97,97.09
Z5.4,2019,MMR Dose 1 by Age 13,2006,89.23,0.7500000000000001,-10.100000000000001,96.81000000000002
Z5.4,2020,MMR Dose 1 by Age 13,2007,89.93,0.7000000000000001,-9.09,96.30000000000001
Z5.4,2021,MMR Dose 1 by Age 13,2008,88.39000000000001,0.7500000000000001,-9.72,95.64000000000001
Z5.4,2022,MMR Dose 1 by Age 13,2009,87.92,0.7500000000000001,-9.750000000000002,95.25
Z5.4,2023,MMR Dose 1 by Age 13,2010,86.89000000000001,0.8,-10.05,94.95
Z5.4,2014,MMR Dose 1 by Age 17,1997,90.09,0.7200000000000001,-8.56,96.23
Z5.4,2015,MMR Dose 1 by Age 17,1998,90.9,0.68,-8.21,96.51
Z5.4,2016,MMR Dose 1 by Age 17,1999,90.67,0.7100000000000001,-8.450000000000001,96.71000000000001
Z5.4,2017,MMR Dose 1 by Age 17,2000,91.35000000000001,0.6900000000000001,-8.04,96.94000000000001
Z5.4,2018,MMR Dose 1 by Age 17,2001,91.41000000000001,0.68,-8.23,97.03
Z5.4,2019,MMR Dose 1 by Age 17,2002,92.74000000000001,0.6200000000000001,-7.2,97.22
Z5.4,2020,MMR Dose 1 by Age 17,2003,92.82000000000001,0.6200000000000001,-7.970000000000001,97.75
Z5.4,2021,MMR Dose 1 by Age 17,2004,92.26,0.6400000000000001,-8.700000000000001,97.84000000000002
Z5.4,2022,MMR Dose 1 by Age 17,2005,91.87,0.6400000000000001,-9.250000000000002,97.83000000000001
Z5.4,2023,MMR Dose 1 by Age 17,2006,89.49000000000001,0.7400000000000001,-10.49,97.27
Z5.4,2014,MMR Dose 1 by Age 2,2012,70.74000000000001,1.09,-15.91,88.05
Z5.4,2015,MMR Dose 1 by Age 2,2013,68.65,1.11,-16.56,87.11000000000001
Z5.4,2016,MMR Dose 1 by Age 2,2014,66.23,1.12,-18.85,87.29
Z5.4,2017,MMR Dose 1 by Age 2,2015,66.09,1.1300000000000001,-18.57,87.05
Z5.4,2018,MMR Dose 1 by Age 2,2016,62.2,1.1400000000000001,-21.450000000000003,86.73
Z5.4,2019,MMR Dose 1 by Age 2,2017,62.53,1.1700000000000002,-20.8,86.96000000000001
Z5.4,2020,MMR Dose 1 by Age 2,2018,59.970000000000006,1.1900000000000002,-22.39,86.65
Z5.4,2021,MMR Dose 1 by Age 2,2019,51.11,1.2200000000000002,-26.26,83.2
Z5.4,2022,MMR Dose 1 by Age 2,2020,48.15,1.2300000000000002,-27.58,82.07
Z5.4,2023,MMR Dose 1 by Age 2,2021,46.830000000000005,1.2800000000000002,-27.28,81.67
Z5.4,2014,MMR Dose 2 by Age 13,2001,83.43,0.93,-8.93,91.76
Z5.4,2015,MMR Dose 2 by Age 13,2002,84.63000000000001,0.91,-7.78,91.68
Z5.4,2016,MMR Dose 2 by Age 13,2003,83.21000000000001,0.9400000000000001,-8.52,91.18
Z5.4,2017,MMR Dose 2 by Age 13,2004,81.96000000000001,0.96,-9.850000000000001,91.45
Z5.4,2018,MMR Dose 2 by Age 13,2005,80.22,0.97,-11.450000000000001,91.34000000000002
Z5.4,2019,MMR Dose 2 by Age 13,2006,80.9,0.96,-11.03,91.46000000000001
Z5.4,2020,MMR Dose 2 by Age 13,2007,80.22,0.9500000000000001,-11.370000000000001,91.01
Z5.4,2021,MMR Dose 2 by Age 13,2008,80.21000000000001,0.93,-10.280000000000001,89.81000000000002
Z5.4,2022,MMR Dose 2 by Age 13,2009,78.49000000000001,0.96,-11.780000000000001,89.83000000000001
Z5.4,2023,MMR Dose 2 by Age 13,2010,76.34,1.01,-13.08,89.61000000000001
Z5.4,2014,MMR Dose 2 by Age 17,1997,85.27,0.8700000000000001,-8.23,92.41000000000001
Z5.4,2015,MMR Dose 2 by Age 17,1998,86.26,0.8400000000000001,-7.72,92.75
Z5.4,2016,MMR Dose 2 by Age 17,1999,86.02,0.8700000000000001,-8.290000000000001,93.22
Z5.4,2017,MMR Dose 2 by Age 17,2000,86.41000000000001,0.8500000000000001,-8.33,93.49000000000001
Z5.4,2018,MMR Dose 2 by Age 17,2001,85.9,0.8700000000000001,-8.639999999999999,93.37
Z5.4,2019,MMR Dose 2 by Age 17,2002,87.4,0.8200000000000001,-7.53,93.56
Z5.4,2020,MMR Dose 2 by Age 17,2003,85.96000000000001,0.8600000000000001,-9.74,94.32000000000001
Z5.4,2021,MMR Dose 2 by Age 17,2004,85.49000000000001,0.8700000000000001,-10.22,94.35000000000001
Z5.4,2022,MMR Dose 2 by Age 17,2005,83.38000000000001,0.9,-11.38,93.60000000000001
Z5.4,2023,MMR Dose 2 by Age 17,2006,81.97,0.93,-11.4,92.62
Z5.4,2023,MMR Dose 2 by Age 2,2021,30.200000000000003,1.1700000000000002,-33.32000000000001,69.32
Z5.4,2014,MMR Dose 2 by Age 7,2007,63.68,1.1600000000000001,-14.53,80.57
Z5.4,2015,MMR Dose 2 by Age 7,2008,67.92,1.1,-12.120000000000001,81.30000000000001
Z5.4,2016,MMR Dose 2 by Age 7,2009,68.09,1.1,-12.770000000000001,82.10000000000001
Z5.4,2017,MMR Dose 2 by Age 7,2010,64.75,1.1500000000000001,-14.72,81.63000000000001
Z5.4,2018,MMR Dose 2 by Age 7,2011,65.84,1.1300000000000001,-13.5,81.08
Z5.4,2019,MMR Dose 2 by Age 7,2012,65.65,1.1300000000000001,-14.280000000000001,81.72
Z5.4,2020,MMR Dose 2 by Age 7,2013,63.6,1.1500000000000001,-12.190000000000001,77.60000000000001
Z5.4,2021,MMR Dose 2 by Age 7,2014,59.730000000000004,1.1500000000000001,-13.05,74.73
Z5.4,2022,MMR Dose 2 by Age 7,2015,52.220000000000006,1.1900000000000002,-18.34,74.08
Z5.4,2023,MMR Dose 2 by Age 7,2016,47.93000000000001,1.1800000000000002,-20.88,72.63000000000001
Z5.5,2014,MMR Dose 1 by Age 13,2001,90.71000000000001,3.18,-1.7800000000000002,96.38000000000001
Z5.5,2015,MMR Dose 1 by Age 13,2002,83.25,4.71,-2.81,96.51
Z5.5,2016,MMR Dose 1 by Age 13,2003,89.12,3.85,-1.9500000000000002,96.66000000000001
Z5.5,2017,MMR Dose 1 by Age 13,2004,94.37,3.04,-0.8400000000000001,96.92
Z5.5,2018,MMR Dose 1 by Age 13,2005,91.91000000000001,3.62,-1.4300000000000002,97.09
Z5.5,2019,MMR Dose 1 by Age 13,2006,96.71000000000001,2.4200000000000004,-0.04,96.81000000000002
Z5.5,2020,MMR Dose 1 by Age 13,2007,90.75,3.4600000000000004,-1.61,96.30000000000001
Z5.5,2021,MMR Dose 1 by Age 13,2008,88.53,3.72,-1.9100000000000001,95.64000000000001
Z5.5,2022,MMR Dose 1 by Age 13,2009,91.85000000000001,3.14,-1.08,95.25
Z5.5,2023,MMR Dose 1 by Age 13,2010,92.64000000000001,3.25,-0.7100000000000001,94.95
Z5.5,2014,MMR Dose 1 by Age 17,1997,86.14000000000001,4.28,-2.3600000000000003,96.23
Z5.5,2015,MMR Dose 1 by Age 17,1998,80.78,4.78,-3.29,96.51
Z5.5,2016,MMR Dose 1 by Age 17,1999,72.59,5.98,-4.03,96.71000000000001
Z5.5,2017,MMR Dose 1 by Age 17,2000,85.09,4.52,-2.62,96.94000000000001
Z5.5,2018,MMR Dose 1 by Age 17,2001,90.71000000000001,3.18,-1.9800000000000002,97.03
Z5.5,2019,MMR Dose 1 by Age 17,2002,84.21000000000001,4.54,-2.87,97.22
Z5.5,2020,MMR Dose 1 by Age 17,2003,89.12,3.85,-2.24,97.75
Z5.5,2021,MMR Dose 1 by Age 17,2004,94.37,3.04,-1.1400000000000001,97.84000000000002
Z5.5,2022,MMR Dose 1 by Age 17,2005,91.91000000000001,3.62,-1.6400000000000001,97.83000000000001
Z5.5,2023,MMR Dose 1 by Age 17,2006,96.71000000000001,2.4200000000000004,-0.23,97.27
Z5.5,2014,MMR Dose 1 by Age 2,2012,87.44000000000001,3.67,-0.17,88.05
Z5.5,2015,MMR Dose 1 by Age 2,2013,82.7,4.130000000000001,-1.07,87.11000000000001
Z5.5,2016,MMR Dose 1 by Age 2,2014,88.5,3.8600000000000003,0.31000000000000005,87.29
Z5.5,2017,MMR Dose 1 by Age 2,2015,89.48,3.53,0.6900000000000001,87.05
Z5.5,2018,MMR Dose 1 by Age 2,2016,84.28,4.53,-0.54,86.73
Z5.5,2019,MMR Dose 1 by Age 2,2017,71.23,6.23,-2.52,86.96000000000001
Z5.5,2020,MMR Dose 1 by Age 2,2018,70.94000000000001,7.42,-2.12,86.65
Z5.5,2021,MMR Dose 1 by Age 2,2019,70.39,5.79,-2.21,83.2
Z5.5,2022,MMR Dose 1 by Age 2,2020,73.3,6.370000000000001,-1.3800000000000001,82.07
Z5.5,2023,MMR Dose 1 by Age 2,2021,74.46000000000001,6.74,-1.07,81.67
Z5.5,2014,MMR Dose 2 by Age 13,2001,77.31000000000002,5.1000000000000005,-2.83,91.76
Z5.5,2015,MMR Dose 2 by Age 13,2002,71.98,5.71,-3.45,91.68
Z5.5,2016,MMR Dose 2 by Age 13,2003,79.34000000000002,4.78,-2.4800000000000004,91.18
Z5.5,2017,MMR Dose 2 by Age 13,2004,86.24000000000001,4.56,-1.1400000000000001,91.45
Z5.5,2018,MMR Dose 2 by Age 13,2005,90.37,3.3600000000000003,-0.29000000000000004,91.34000000000002
Z5.5,2019,MMR Dose 2 by Age 13,2006,90.39000000000001,3.63,-0.29000000000000004,91.46000000000001
Z5.5,2020,MMR Dose 2 by Age 13,2007,87.5,3.93,-0.89,91.01
Z5.5,2021,MMR Dose 2 by Age 13,2008,78.91000000000001,4.79,-2.27,89.81000000000002
Z5.5,2022,MMR Dose 2 by Age 13,2009,90.35000000000001,3.4400000000000004,0.15000000000000002,89.83000000000001
Z5.5,2023,MMR Dose 2 by Age 13,2010,91.61000000000001,3.24,0.6200000000000001,89.61000000000001
Z5.5,2014,MMR Dose 2 by Age 17,1997,83.91000000000001,4.44,-1.9100000000000001,92.41000000000001
Z5.5,2015,MMR Dose 2 by Age 17,1998,70.82,5.73,-3.8200000000000003,92.75
Z5.5,2016,MMR Dose 2 by Age 17,1999,73.4,6.05,-3.2800000000000002,93.22
Z5.5,2017,MMR Dose 2 by Age 17,2000,84.01,4.31,-2.2,93.49000000000001
Z5.5,2018,MMR Dose 2 by Age 17,2001,80.43,4.86,-2.66,93.37
Z5.5,2019,MMR Dose 2 by Age 17,2002,74.71000000000001,5.470000000000001,-3.4400000000000004,93.56
Z5.5,2020,MMR Dose 2 by Age 17,2003,81.92,4.52,-2.75,94.32000000000001
Z5.5,2021,MMR Dose 2 by Age 17,2004,86.24000000000001,4.56,-1.7800000000000002,94.35000000000001
Z5.5,2022,MMR Dose 2 by Age 17,2005,90.37,3.3600000000000003,-0.96,93.60000000000001
Z5.5,2023,MMR Dose 2 by Age 17,2006,93.66000000000001,3.06,0.34,92.62
Z5.5,2023,MMR Dose 2 by Age 2,2021,52.09,7.630000000000001,-2.2600000000000002,69.32
Z5.5,2014,MMR Dose 2 by Age 7,2007,69.68,5.24,-2.08,80.57
Z5.5,2015,MMR Dose 2 by Age 7,2008,66.86,5.5,-2.62,81.30000000000001
Z5.5,2016,MMR Dose 2 by Age 7,2009,83.09,4.2700000000000005,0.23,82.10000000000001
Z5.5,2017,MMR Dose 2 by Age 7,2010,84.89000000000001,4.19,0.78,81.63000000000001
Z5.5,2018,MMR Dose 2 by Age 7,2011,78.21000000000001,5.06,-0.5700000000000001,81.08
Z5.5,2019,MMR Dose 2 by Age 7,2012,74.3,4.840000000000001,-1.53,81.72
Z5.5,2020,MMR Dose 2 by Age 7,2013,60.21,5.75,-3.02,77.60000000000001
Z5.5,2021,MMR Dose 2 by Age 7,2014,68.78,5.470000000000001,-1.09,74.73
Z5.5,2022,MMR Dose 2 by Age 7,2015,74.84,5.16,0.15000000000000002,74.08
Z5.5,2023,MMR Dose 2 by Age 7,2016,66.16000000000001,5.870000000000001,-1.1,72.63000000000001
Z5.6,2014,MMR Dose 1 by Age 13,2001,98.01,0.47000000000000003,3.49,96.38000000000001
Z5.6,2015,MMR Dose 1 by Age 13,2002,98.0,0.44,3.3800000000000003,96.51
Z5.6,2016,MMR Dose 1 by Age 13,2003,96.97,0.55,0.58,96.66000000000001
Z5.6,2017,MMR Dose 1 by Age 13,2004,96.4,0.59,-0.88,96.92
Z5.6,2018,MMR Dose 1 by Age 13,2005,98.01,0.4,2.29,97.09
Z5.6,2019,MMR Dose 1 by Age 13,2006,98.04,0.36000000000000004,3.4000000000000004,96.81000000000002
Z5.6,2020,MMR Dose 1 by Age 13,2007,97.21000000000001,0.44,2.08,96.30000000000001
Z5.6,2021,MMR Dose 1 by Age 13,2008,95.29,0.58,-0.6000000000000001,95.64000000000001
Z5.6,2022,MMR Dose 1 by Age 13,2009,95.94000000000001,0.52,1.31,95.25
Z5.6,2023,MMR Dose 1 by Age 13,2010,96.36000000000001,0.49,2.89,94.95
Z5.6,2014,MMR Dose 1 by Age 17,1997,97.54,0.6200000000000001,2.11,96.23
Z5.6,2015,MMR Dose 1 by Age 17,1998,97.15,0.6300000000000001,1.02,96.51
Z5.6,2016,MMR Dose 1 by Age 17,1999,98.31000000000002,0.44,3.63,96.71000000000001
Z5.6,2017,MMR Dose 1 by Age 17,2000,98.02,0.42000000000000004,2.59,96.94000000000001
Z5.6,2018,MMR Dose 1 by Age 17,2001,98.69000000000001,0.32000000000000006,5.180000000000001,97.03
Z5.6,2019,MMR Dose 1 by Age 17,2002,98.79,0.29000000000000004,5.470000000000001,97.22
Z5.6,2020,MMR Dose 1 by Age 17,2003,97.65,0.44,-0.22,97.75
Z5.6,2021,MMR Dose 1 by Age 17,2004,97.30000000000001,0.47000000000000003,-1.1600000000000001,97.84000000000002
Z5.6,2022,MMR Dose 1 by Age 17,2005,98.63000000000001,0.29000000000000004,2.75,97.83000000000001
Z5.6,2023,MMR Dose 1 by Age 17,2006,98.30000000000001,0.32000000000000006,3.19,97.27
Z5.6,2014,MMR Dose 1 by Age 2,2012,91.11000000000001,0.7400000000000001,4.170000000000001,88.05
Z5.6,2015,MMR Dose 1 by Age 2,2013,90.03,0.8,3.66,87.11000000000001
Z5.6,2016,MMR Dose 1 by Age 2,2014,89.37,0.81,2.58,87.29
Z5.6,2017,MMR Dose 1 by Age 2,2015,88.55,0.8400000000000001,1.7800000000000002,87.05
Z5.6,2018,MMR Dose 1 by Age 2,2016,89.39000000000001,0.8700000000000001,3.04,86.73
Z5.6,2019,MMR Dose 1 by Age 2,2017,91.97,0.7300000000000001,6.840000000000001,86.96000000000001
Z5.6,2020,MMR Dose 1 by Age 2,2018,89.74000000000001,0.8600000000000001,3.6,86.65
Z5.6,2021,MMR Dose 1 by Age 2,2019,84.61000000000001,1.02,1.3800000000000001,83.2
Z5.6,2022,MMR Dose 1 by Age 2,2020,83.07,1.1600000000000001,0.8700000000000001,82.07
Z5.6,2023,MMR Dose 1 by Age 2,2021,83.73,1.1,1.87,81.67
Z5.6,2014,MMR Dose 2 by Age 13,2001,93.77,0.8700000000000001,2.31,91.76
Z5.6,2015,MMR Dose 2 by Age 13,2002,91.80000000000001,0.97,0.13,91.68
Z5.6,2016,MMR Dose 2 by Age 13,2003,92.05,0.9,0.97,91.18
Z5.6,2017,MMR Dose 2 by Age 13,2004,90.31000000000002,0.99,-1.1500000000000001,91.45
Z5.6,2018,MMR Dose 2 by Age 13,2005,92.01,0.91,0.7300000000000001,91.34000000000002
Z5.6,2019,MMR Dose 2 by Age 13,2006,91.56,0.88,0.11,91.46000000000001
Z5.6,2020,MMR Dose 2 by Age 13,2007,91.84000000000002,0.81,1.03,91.01
Z5.6,2021,MMR Dose 2 by Age 13,2008,88.37,0.93,-1.54,89.81000000000002
Z5.6,2022,MMR Dose 2 by Age 13,2009,87.96000000000001,0.93,-2.0,89.83000000000001
Z5.6,2023,MMR Dose 2 by Age 13,2010,88.44000000000001,0.93,-1.2600000000000002,89.61000000000001
Z5.6,2014,MMR Dose 2 by Age 17,1997,96.78,0.6000000000000001,7.25,92.41000000000001
Z5.6,2015,MMR Dose 2 by Age 17,1998,95.51,0.7200000000000001,3.8400000000000003,92.75
Z5.6,2016,MMR Dose 2 by Age 17,1999,96.37,0.6300000000000001,4.98,93.22
Z5.6,2017,MMR Dose 2 by Age 17,2000,95.22,0.6600000000000001,2.61,93.49000000000001
Z5.6,2018,MMR Dose 2 by Age 17,2001,96.07,0.6000000000000001,4.5,93.37
Z5.6,2019,MMR Dose 2 by Age 17,2002,94.99000000000001,0.68,2.09,93.56
Z5.6,2020,MMR Dose 2 by Age 17,2003,94.58,0.68,0.38000000000000006,94.32000000000001
Z5.6,2021,MMR Dose 2 by Age 17,2004,93.46000000000001,0.7500000000000001,-1.1800000000000002,94.35000000000001
Z5.6,2022,MMR Dose 2 by Age 17,2005,94.07,0.7300000000000001,0.6400000000000001,93.60000000000001
Z5.6,2023,MMR Dose 2 by Age 17,2006,92.73,0.8,0.13,92.62
Z5.6,2023,MMR Dose 2 by Age 2,2021,68.22,1.3800000000000001,-0.79,69.32
Z5.6,2014,MMR Dose 2 by Age 7,2007,77.73,1.33,-2.15,80.57
Z5.6,2015,MMR Dose 2 by Age 7,2008,77.24000000000001,1.2600000000000002,-3.24,81.30000000000001
Z5.6,2016,MMR Dose 2 by Age 7,2009,81.14000000000001,1.1400000000000001,-0.8400000000000001,82.10000000000001
Z5.6,2017,MMR Dose 2 by Age 7,2010,82.7,1.12,0.9500000000000001,81.63000000000001
Z5.6,2018,MMR Dose 2 by Age 7,2011,80.82000000000001,1.1300000000000001,-0.23,81.08
Z5.6,2019,MMR Dose 2 by Age 7,2012,83.31000000000002,1.01,1.57,81.72
Z5.6,2020,MMR Dose 2 by Age 7,2013,80.62,1.09,2.77,77.60000000000001
Z5.6,2021,MMR Dose 2 by Age 7,2014,75.54,1.1500000000000001,0.7000000000000001,74.73
Z5.6,2022,MMR Dose 2 by Age 7,2015,72.79,1.1800000000000002,-1.1,74.08
Z5.6,2023,MMR Dose 2 by Age 7,2016,68.10000000000001,1.3,-3.47,72.63000000000001
Z5.7,2014,MMR Dose 1 by Age 13,2001,96.37,0.6200000000000001,-0.03,96.38000000000001
Z5.7,2015,MMR Dose 1 by Age 13,2002,94.93,0.7400000000000001,-2.13,96.51
Z5.7,2016,MMR Dose 1 by Age 13,2003,95.95,0.6300000000000001,-1.12,96.66000000000001
Z5.7,2017,MMR Dose 1 by Age 13,2004,95.91000000000001,0.6100000000000001,-1.6700000000000002,96.92
Z5.7,2018,MMR Dose 1 by Age 13,2005,96.59,0.54,-0.9400000000000001,97.09
Z5.7,2019,MMR Dose 1 by Age 13,2006,94.47,0.6500000000000001,-3.6,96.81000000000002
Z5.7,2020,MMR Dose 1 by Age 13,2007,93.7,0.7000000000000001,-3.71,96.30000000000001
Z5.7,2021,MMR Dose 1 by Age 13,2008,92.34000000000002,0.76,-4.359999999999999,95.64000000000001
Z5.7,2022,MMR Dose 1 by Age 13,2009,91.28,0.8,-4.95,95.25
Z5.7,2023,MMR Dose 1 by Age 13,2010,90.43,0.8400000000000001,-5.380000000000001,94.95
Z5.7,2014,MMR Dose 1 by Age 17,1997,95.38000000000001,0.8700000000000001,-0.97,96.23
Z5.7,2015,MMR Dose 1 by Age 17,1998,95.97,0.77,-0.7000000000000001,96.51
Z5.7,2016,MMR Dose 1 by Age 17,1999,95.60000000000001,0.7200000000000001,-1.55,96.71000000000001
Z5.7,2017,MMR Dose 1 by Age 17,2000,96.25,0.6700000000000002,-1.03,96.94000000000001
Z5.7,2018,MMR Dose 1 by Age 17,2001,96.91000000000001,0.54,-0.21000000000000002,97.03
Z5.7,2019,MMR Dose 1 by Age 17,2002,95.77,0.6500000000000001,-2.24,97.22
Z5.7,2020,MMR Dose 1 by Age 17,2003,96.60000000000001,0.55,-2.09,97.75
Z5.7,2021,MMR Dose 1 by Age 17,2004,96.25,0.5700000000000001,-2.79,97.84000000000002
Z5.7,2022,MMR Dose 1 by Age 17,2005,97.2,0.46,-1.37,97.83000000000001
Z5.7,2023,MMR Dose 1 by Age 17,2006,94.96000000000001,0.6100000000000001,-3.8000000000000003,97.27
Z5.7,2014,MMR Dose 1 by Age 2,2012,83.62,1.07,-4.130000000000001,88.05
Z5.7,2015,MMR Dose 1 by Age 2,2013,82.04,1.1,-4.62,87.11000000000001
Z5.7,2016,MMR Dose 1 by Age 2,2014,80.07,1.1600000000000001,-6.25,87.29
Z5.7,2017,MMR Dose 1 by Age 2,2015,82.33000000000001,1.1,-4.28,87.05
Z5.7,2018,MMR Dose 1 by Age 2,2016,84.60000000000001,1.06,-2.02,86.73
Z5.7,2019,MMR Dose 1 by Age 2,2017,83.98,1.11,-2.69,86.96000000000001
Z5.7,2020,MMR Dose 1 by Age 2,2018,85.65,1.06,-0.9400000000000001,86.65
Z5.7,2021,MMR Dose 1 by Age 2,2019,82.7,1.2000000000000002,-0.41000000000000003,83.2
Z5.7,2022,MMR Dose 1 by Age 2,2020,77.63000000000001,1.34,-3.31,82.07
Z5.7,2023,MMR Dose 1 by Age 2,2021,80.51,1.32,-0.88,81.67
Z5.7,2014,MMR Dose 2 by Age 13,2001,88.67,1.11,-2.7800000000000002,91.76
Z5.7,2015,MMR Dose 2 by Age 13,2002,88.55,1.1,-2.8400000000000003,91.68
Z5.7,2016,MMR Dose 2 by Age 13,2003,88.33000000000001,1.06,-2.68,91.18
Z5.7,2017,MMR Dose 2 by Age 13,2004,86.84000000000002,1.1,-4.180000000000001,91.45
Z5.7,2018,MMR Dose 2 by Age 13,2005,86.91000000000001,1.06,-4.2,91.34000000000002
Z5.7,2019,MMR Dose 2 by Age 13,2006,84.78,1.09,-6.130000000000001,91.46000000000001
Z5.7,2020,MMR Dose 2 by Age 13,2007,85.4,1.05,-5.36,91.01
Z5.7,2021,MMR Dose 2 by Age 13,2008,81.35000000000001,1.1600000000000001,-7.26,89.81000000000002
Z5.7,2022,MMR Dose 2 by Age 13,2009,82.21000000000001,1.1400000000000001,-6.71,89.83000000000001
Z5.7,2023,MMR Dose 2 by Age 13,2010,81.99000000000001,1.1400000000000001,-6.670000000000001,89.61000000000001
Z5.7,2014,MMR Dose 2 by Age 17,1997,92.34000000000002,0.9500000000000001,-0.08,92.41000000000001
Z5.7,2015,MMR Dose 2 by Age 17,1998,92.89000000000001,0.9,0.15000000000000002,92.75
Z5.7,2016,MMR Dose 2 by Age 17,1999,89.33000000000001,1.1,-3.52,93.22
Z5.7,2017,MMR Dose 2 by Age 17,2000,92.74000000000001,0.8700000000000001,-0.8600000000000001,93.49000000000001
Z5.7,2018,MMR Dose 2 by Age 17,2001,90.48,0.99,-2.9200000000000004,93.37
Z5.7,2019,MMR Dose 2 by Age 17,2002,90.05,1.01,-3.49,93.56
Z5.7,2020,MMR Dose 2 by Age 17,2003,91.21000000000001,0.89,-3.49,94.32000000000001
Z5.7,2021,MMR Dose 2 by Age 17,2004,89.23,0.99,-5.19,94.35000000000001
Z5.7,2022,MMR Dose 2 by Age 17,2005,89.15,0.9500000000000001,-4.680000000000001,93.60000000000001
Z5.7,2023,MMR Dose 2 by Age 17,2006,86.12,1.04,-6.25,92.62
Z5.7,2023,MMR Dose 2 by Age 2,2021,69.16000000000001,1.5,-0.11,69.32
Z5.7,2014,MMR Dose 2 by Age 7,2007,67.65,1.4000000000000001,-9.19,80.57
Z5.7,2015,MMR Dose 2 by Age 7,2008,67.91000000000001,1.3900000000000001,-9.63,81.30000000000001
Z5.7,2016,MMR Dose 2 by Age 7,2009,70.39,1.3800000000000001,-8.51,82.10000000000001
Z5.7,2017,MMR Dose 2 by Age 7,2010,67.60000000000001,1.4000000000000001,-10.05,81.63000000000001
Z5.7,2018,MMR Dose 2 by Age 7,2011,65.72,1.3900000000000001,-11.06,81.08
Z5.7,2019,MMR Dose 2 by Age 7,2012,70.96000000000001,1.33,-8.12,81.72
Z5.7,2020,MMR Dose 2 by Age 7,2013,69.45,1.33,-6.140000000000001,77.60000000000001
Z5.7,2021,MMR Dose 2 by Age 7,2014,69.03,1.33,-4.28,74.73
Z5.7,2022,MMR Dose 2 by Age 7,2015,67.09,1.34,-5.24,74.08
Z5.7,2023,MMR Dose 2 by Age 7,2016,65.27,1.3900000000000001,-5.300000000000001,72.63000000000001
Z1.1.A.01,2014,MMR Dose 1 by Age 13,2001,97.72,2.09,0.6400000000000001,96.38000000000001
Z1.1.A.01,2015,MMR Dose 1 by Age 13,2002,97.75,2.06,0.6000000000000001,96.51
Z1.1.A.01,2016,MMR Dose 1 by Age 13,2003,96.93,2.66,0.1,96.66000000000001
Z1.1.A.01,2017,MMR Dose 1 by Age 13,2004,97.14000000000001,2.4400000000000004,0.09,96.92
Z1.1.A.01,2018,MMR Dose 1 by Age 13,2005,93.15,3.59,-1.1,97.09
Z1.1.A.01,2019,MMR Dose 1 by Age 13,2006,94.18,3.8800000000000003,-0.68,96.81000000000002
Z1.1.A.01,2020,MMR Dose 1 by Age 13,2007,98.4,1.37,1.54,96.30000000000001
Z1.1.A.01,2021,MMR Dose 1 by Age 13,2008,96.18,2.3000000000000003,0.24000000000000002,95.64000000000001
Z1.1.A.01,2022,MMR Dose 1 by Age 13,2009,91.34000000000002,3.95,-0.99,95.25
Z1.1.A.01,2023,MMR Dose 1 by Age 13,2010,96.06,2.3200000000000003,0.48000000000000004,94.95
Z1.1.A.01,2014,MMR Dose 1 by Age 17,1997,93.42,3.0,-0.9400000000000001,96.23
Z1.1.A.01,2015,MMR Dose 1 by Age 17,1998,95.05,2.52,-0.58,96.51
Z1.1.A.01,2016,MMR Dose 1 by Age 17,1999,96.51,2.3000000000000003,-0.08,96.71000000000001
Z1.1.A.01,2017,MMR Dose 1 by Age 17,2000,92.47,4.170000000000001,-1.07,96.94000000000001
Z1.1.A.01,2018,MMR Dose 1 by Age 17,2001,98.62,1.4400000000000002,1.1,97.03
Z1.1.A.01,2019,MMR Dose 1 by Age 17,2002,98.63000000000001,1.4200000000000002,0.99,97.22
Z1.1.A.01,2020,MMR Dose 1 by Age 17,2003,96.93,2.66,-0.31000000000000005,97.75
Z1.1.A.01,2021,MMR Dose 1 by Age 17,2004,98.95,1.3800000000000001,0.8,97.84000000000002
Z1.1.A.01,2022,MMR Dose 1 by Age 17,2005,93.15,3.59,-1.3,97.83000000000001
Z1.1.A.01,2023,MMR Dose 1 by Age 17,2006,94.18,3.8800000000000003,-0.8,97.27
Z1.1.A.01,2014,MMR Dose 1 by Age 2,2012,89.57,4.3,0.35000000000000003,88.05
Z1.1.A.01,2015,MMR Dose 1 by Age 2,2013,85.9,5.21,-0.23,87.11000000000001
Z1.1.A.01,2016,MMR Dose 1 by Age 2,2014,83.84000000000002,4.79,-0.7200000000000001,87.29
Z1.1.A.01,2017,MMR Dose 1 by Age 2,2015,84.41000000000001,4.670000000000001,-0.5700000000000001,87.05
Z1.1.A.01,2018,MMR Dose 1 by Age 2,2016,93.23,3.47,1.87,86.73
Z1.1.A.01,2019,MMR Dose 1 by Age 2,2017,94.06,3.55,2.0,86.96000000000001
Z1.1.A.01,2020,MMR Dose 1 by Age 2,2018,87.18,4.8500000000000005,0.11,86.65
Z1.1.A.01,2021,MMR Dose 1 by Age 2,2019,83.02,6.29,-0.03,83.2
Z1.1.A.01,2022,MMR Dose 1 by Age 2,2020,84.93,5.180000000000001,0.55,82.07
Z1.1.A.01,2023,MMR Dose 1 by Age 2,2021,82.85000000000001,5.7700000000000005,0.2,81.67
Z1.1.A.01,2014,MMR Dose 2 by Age 13,2001,94.53,2.72,1.02,91.76
Z1.1.A.01,2015,MMR Dose 2 by Age 13,2002,95.12,3.8600000000000003,0.89,91.68
Z1.1.A.01,2016,MMR Dose 2 by Age 13,2003,94.49000000000001,3.16,1.05,91.18
Z1.1.A.01,2017,MMR Dose 2 by Age 13,2004,97.42,1.8800000000000001,3.17,91.45
Z1.1.A.01,2018,MMR Dose 2 by Age 13,2005,89.04,4.57,-0.5,91.34000000000002
Z1.1.A.01,2019,MMR Dose 2 by Age 13,2006,89.10000000000001,4.4,-0.54,91.46000000000001
Z1.1.A.01,2020,MMR Dose 2 by Age 13,2007,96.63000000000001,2.11,2.67,91.01
Z1.1.A.01,2021,MMR Dose 2 by Age 13,2008,86.22,4.29,-0.8400000000000001,89.81000000000002
Z1.1.A.01,2022,MMR Dose 2 by Age 13,2009,87.51,4.640000000000001,-0.5,89.83000000000001
Z1.1.A.01,2023,MMR Dose 2 by Age 13,2010,91.58,3.27,0.6000000000000001,89.61000000000001
Z1.1.A.01,2014,MMR Dose 2 by Age 17,1997,95.05,2.93,0.9,92.41000000000001
Z1.1.A.01,2015,MMR Dose 2 by Age 17,1998,92.56,3.39,-0.06,92.75
Z1.1.A.01,2016,MMR Dose 2 by Age 17,1999,95.72,2.45,1.02,93.22
Z1.1.A.01,2017,MMR Dose 2 by Age 17,2000,90.05,5.12,-0.6700000000000002,93.49000000000001
Z1.1.A.01,2018,MMR Dose 2 by Age 17,2001,96.21000000000001,2.13,1.33,93.37
Z1.1.A.01,2019,MMR Dose 2 by Age 17,2002,97.28,2.43,1.53,93.56
Z1.1.A.01,2020,MMR Dose 2 by Age 17,2003,94.49000000000001,3.16,0.05,94.32000000000001
Z1.1.A.01,2021,MMR Dose 2 by Age 17,2004,98.88000000000001,1.06,4.2700000000000005,94.35000000000001
Z1.1.A.01,2022,MMR Dose 2 by Age 17,2005,89.04,4.57,-1.0,93.60000000000001
Z1.1.A.01,2023,MMR Dose 2 by Age 17,2006,89.10000000000001,4.4,-0.8,92.62
Z1.1.A.01,2023,MMR Dose 2 by Age 2,2021,78.89000000000001,6.0,1.59,69.32
Z1.1.A.01,2014,MMR Dose 2 by Age 7,2007,90.22,3.9000000000000004,2.47,80.57
Z1.1.A.01,2015,MMR Dose 2 by Age 7,2008,84.9,4.49,0.8,81.30000000000001
Z1.1.A.01,2016,MMR Dose 2 by Age 7,2009,83.68,5.22,0.30000000000000004,82.10000000000001
Z1.1.A.01,2017,MMR Dose 2 by Age 7,2010,88.80000000000001,3.72,1.9200000000000002,81.63000000000001
Z1.1.A.01,2018,MMR Dose 2 by Age 7,2011,93.02,3.19,3.74,81.08
Z1.1.A.01,2019,MMR Dose 2 by Age 7,2012,85.99000000000001,4.22,1.01,81.72
Z1.1.A.01,2020,MMR Dose 2 by Age 7,2013,88.43,4.02,2.69,77.60000000000001
Z1.1.A.01,2021,MMR Dose 2 by Age 7,2014,82.64000000000001,4.7700000000000005,1.6600000000000001,74.73
Z1.1.A.01,2022,MMR Dose 2 by Age 7,2015,80.67,5.1000000000000005,1.2900000000000003,74.08
Z1.1.A.01,2023,MMR Dose 2 by Age 7,2016,80.29,5.11,1.5,72.63000000000001
Z1.1.A.02,2014,MMR Dose 1 by Age 13,2001,93.34000000000002,2.52,-1.2100000000000002,96.38000000000001
Z1.1.A.02,2015,MMR Dose 1 by Age 13,2002,94.61000000000001,2.09,-0.91,96.51
Z1.1.A.02,2016,MMR Dose 1 by Age 13,2003,96.68,1.6400000000000001,0.01,96.66000000000001
Z1.1.A.02,2017,MMR Dose 1 by Age 13,2004,96.87,1.7300000000000002,-0.03,96.92
Z1.1.A.02,2018,MMR Dose 1 by Age 13,2005,92.56,3.02,-1.5,97.09
Z1.1.A.02,2019,MMR Dose 1 by Age 13,2006,96.45,1.6,-0.22,96.81000000000002
Z1.1.A.02,2020,MMR Dose 1 by Age 13,2007,89.87,3.02,-2.13,96.30000000000001
Z1.1.A.02,2021,MMR Dose 1 by Age 13,2008,90.72,2.72,-1.81,95.64000000000001
Z1.1.A.02,2022,MMR Dose 1 by Age 13,2009,92.41000000000001,2.54,-1.12,95.25
Z1.1.A.02,2023,MMR Dose 1 by Age 13,2010,90.56,2.9000000000000004,-1.51,94.95
Z1.1.A.02,2014,MMR Dose 1 by Age 17,1997,92.7,2.45,-1.4400000000000002,96.23
Z1.1.A.02,2015,MMR Dose 1 by Age 17,1998,96.05,1.82,-0.25,96.51
Z1.1.A.02,2016,MMR Dose 1 by Age 17,1999,96.43,1.51,-0.18,96.71000000000001
Z1.1.A.02,2017,MMR Dose 1 by Age 17,2000,90.95,2.8600000000000003,-2.09,96.94000000000001
Z1.1.A.02,2018,MMR Dose 1 by Age 17,2001,93.34000000000002,2.52,-1.4700000000000002,97.03
Z1.1.A.02,2019,MMR Dose 1 by Age 17,2002,94.61000000000001,2.09,-1.2500000000000002,97.22
Z1.1.A.02,2020,MMR Dose 1 by Age 17,2003,96.68,1.6400000000000001,-0.6500000000000001,97.75
Z1.1.A.02,2021,MMR Dose 1 by Age 17,2004,96.87,1.7300000000000002,-0.56,97.84000000000002
Z1.1.A.02,2022,MMR Dose 1 by Age 17,2005,92.56,3.02,-1.7400000000000002,97.83000000000001
Z1.1.A.02,2023,MMR Dose 1 by Age 17,2006,97.74000000000001,1.2500000000000002,0.37000000000000005,97.27
Z1.1.A.02,2014,MMR Dose 1 by Age 2,2012,86.96000000000001,3.41,-0.32000000000000006,88.05
Z1.1.A.02,2015,MMR Dose 1 by Age 2,2013,89.63000000000001,3.25,0.77,87.11000000000001
Z1.1.A.02,2016,MMR Dose 1 by Age 2,2014,88.5,3.14,0.38000000000000006,87.29
Z1.1.A.02,2017,MMR Dose 1 by Age 2,2015,86.33000000000001,3.77,-0.19,87.05
Z1.1.A.02,2018,MMR Dose 1 by Age 2,2016,93.01,2.58,2.43,86.73
Z1.1.A.02,2019,MMR Dose 1 by Age 2,2017,89.56,3.06,0.8500000000000001,86.96000000000001
Z1.1.A.02,2020,MMR Dose 1 by Age 2,2018,88.69000000000001,3.15,0.6500000000000001,86.65
Z1.1.A.02,2021,MMR Dose 1 by Age 2,2019,86.07,3.9400000000000004,0.7300000000000001,83.2
Z1.1.A.02,2022,MMR Dose 1 by Age 2,2020,74.2,4.7,-1.6700000000000002,82.07
Z1.1.A.02,2023,MMR Dose 1 by Age 2,2021,77.02,4.52,-1.03,81.67
Z1.1.A.02,2014,MMR Dose 2 by Age 13,2001,93.66000000000001,2.31,0.8200000000000001,91.76
Z1.1.A.02,2015,MMR Dose 2 by Age 13,2002,89.35000000000001,2.9800000000000004,-0.78,91.68
Z1.1.A.02,2016,MMR Dose 2 by Age 13,2003,93.48,2.4000000000000004,0.96,91.18
Z1.1.A.02,2017,MMR Dose 2 by Age 13,2004,91.54,2.8000000000000003,0.03,91.45
Z1.1.A.02,2018,MMR Dose 2 by Age 13,2005,88.34000000000002,3.35,-0.9,91.34000000000002
Z1.1.A.02,2019,MMR Dose 2 by Age 13,2006,90.87,2.62,-0.23,91.46000000000001
Z1.1.A.02,2020,MMR Dose 2 by Age 13,2007,87.33000000000001,3.5,-1.05,91.01
Z1.1.A.02,2021,MMR Dose 2 by Age 13,2008,83.89000000000001,3.41,-1.7300000000000002,89.81000000000002
Z1.1.A.02,2022,MMR Dose 2 by Age 13,2009,81.21000000000001,3.83,-2.25,89.83000000000001
Z1.1.A.02,2023,MMR Dose 2 by Age 13,2010,82.94000000000001,3.74,-1.7800000000000002,89.61000000000001
Z1.1.A.02,2014,MMR Dose 2 by Age 17,1997,88.87,3.01,-1.1700000000000002,92.41000000000001
Z1.1.A.02,2015,MMR Dose 2 by Age 17,1998,94.38000000000001,2.2,0.7400000000000001,92.75
Z1.1.A.02,2016,MMR Dose 2 by Age 17,1999,95.58,1.7300000000000002,1.37,93.22
Z1.1.A.02,2017,MMR Dose 2 by Age 17,2000,90.10000000000001,2.8800000000000003,-1.1800000000000002,93.49000000000001
Z1.1.A.02,2018,MMR Dose 2 by Age 17,2001,93.66000000000001,2.31,0.12000000000000001,93.37
Z1.1.A.02,2019,MMR Dose 2 by Age 17,2002,89.35000000000001,2.9800000000000004,-1.4200000000000002,93.56
Z1.1.A.02,2020,MMR Dose 2 by Age 17,2003,93.48,2.4000000000000004,-0.35000000000000003,94.32000000000001
Z1.1.A.02,2021,MMR Dose 2 by Age 17,2004,93.07,2.68,-0.48000000000000004,94.35000000000001
Z1.1.A.02,2022,MMR Dose 2 by Age 17,2005,88.34000000000002,3.35,-1.57,93.60000000000001
Z1.1.A.02,2023,MMR Dose 2 by Age 17,2006,92.33000000000001,2.39,-0.12000000000000001,92.62
Z1.1.A.02,2023,MMR Dose 2 by Age 2,2021,60.75,5.28,-1.62,69.32
Z1.1.A.02,2014,MMR Dose 2 by Age 7,2007,78.39000000000001,4.319999999999999,-0.5,80.57
Z1.1.A.02,2015,MMR Dose 2 by Age 7,2008,80.41000000000001,3.68,-0.24000000000000002,81.30000000000001
Z1.1.A.02,2016,MMR Dose 2 by Age 7,2009,79.07,3.95,-0.77,82.10000000000001
Z1.1.A.02,2017,MMR Dose 2 by Age 7,2010,80.94000000000001,3.91,-0.18,81.63000000000001
Z1.1.A.02,2018,MMR Dose 2 by Age 7,2011,75.91000000000001,4.29,-1.2000000000000002,81.08
Z1.1.A.02,2019,MMR Dose 2 by Age 7,2012,86.2,3.37,1.33,81.72
Z1.1.A.02,2020,MMR Dose 2 by Age 7,2013,87.83000000000001,3.4600000000000004,2.95,77.60000000000001
Z1.1.A.02,2021,MMR Dose 2 by Age 7,2014,78.11000000000001,4.0,0.8400000000000001,74.73
Z1.1.A.02,2022,MMR Dose 2 by Age 7,2015,75.12,4.8500000000000005,0.21000000000000002,74.08
Z1.1.A.02,2023,MMR Dose 2 by Age 7,2016,68.57,4.45,-0.91,72.63000000000001
Z1.1.A.03,2014,MMR Dose 1 by Age 13,2001,86.45,3.72,-2.67,96.38000000000001
Z1.1.A.03,2015,MMR Dose 1 by Age 13,2002,80.10000000000001,5.24,-3.13,96.51
Z1.1.A.03,2016,MMR Dose 1 by Age 13,2003,85.88000000000001,3.3800000000000003,-3.19,96.66000000000001
Z1.1.A.03,2017,MMR Dose 1 by Age 13,2004,88.12,3.4600000000000004,-2.55,96.92
Z1.1.A.03,2018,MMR Dose 1 by Age 13,2005,88.53,3.55,-2.41,97.09
Z1.1.A.03,2019,MMR Dose 1 by Age 13,2006,73.66000000000001,5.03,-4.6000000000000005,96.81000000000002
Z1.1.A.03,2020,MMR Dose 1 by Age 13,2007,86.19000000000001,3.4000000000000004,-2.97,96.30000000000001
Z1.1.A.03,2021,MMR Dose 1 by Age 13,2008,81.32000000000001,3.9800000000000004,-3.6,95.64000000000001
Z1.1.A.03,2022,MMR Dose 1 by Age 13,2009,83.73,3.87,-2.97,95.25
Z1.1.A.03,2023,MMR Dose 1 by Age 13,2010,82.58,3.67,-3.37,94.95
Z1.1.A.03,2014,MMR Dose 1 by Age 17,1997,88.9,2.91,-2.52,96.23
Z1.1.A.03,2015,MMR Dose 1 by Age 17,1998,87.02,3.41,-2.7800000000000002,96.51
Z1.1.A.03,2016,MMR Dose 1 by Age 17,1999,88.08,3.51,-2.4600000000000004,96.71000000000001
Z1.1.A.03,2017,MMR Dose 1 by Age 17,2000,86.29,3.3600000000000003,-3.17,96.94000000000001
Z1.1.A.03,2018,MMR Dose 1 by Age 17,2001,88.32000000000001,3.4400000000000004,-2.54,97.03
Z1.1.A.03,2019,MMR Dose 1 by Age 17,2002,81.39000000000001,5.06,-3.13,97.22
Z1.1.A.03,2020,MMR Dose 1 by Age 17,2003,85.88000000000001,3.3800000000000003,-3.51,97.75
Z1.1.A.03,2021,MMR Dose 1 by Age 17,2004,88.12,3.4600000000000004,-2.81,97.84000000000002
Z1.1.A.03,2022,MMR Dose 1 by Age 17,2005,88.53,3.55,-2.62,97.83000000000001
Z1.1.A.03,2023,MMR Dose 1 by Age 17,2006,73.66000000000001,5.03,-4.69,97.27
Z1.1.A.03,2014,MMR Dose 1 by Age 2,2012,73.57,4.359999999999999,-3.3200000000000003,88.05
Z1.1.A.03,2015,MMR Dose 1 by Age 2,2013,64.76,4.86,-4.6000000000000005,87.11000000000001
Z1.1.A.03,2016,MMR Dose 1 by Age 2,2014,74.98,4.48,-2.75,87.29
Z1.1.A.03,2017,MMR Dose 1 by Age 2,2015,70.03,4.58,-3.72,87.05
Z1.1.A.03,2018,MMR Dose 1 by Age 2,2016,74.84,3.9600000000000004,-3.01,86.73
Z1.1.A.03,2019,MMR Dose 1 by Age 2,2017,64.94000000000001,4.91,-4.48,86.96000000000001
Z1.1.A.03,2020,MMR Dose 1 by Age 2,2018,75.71000000000001,4.06,-2.69,86.65
Z1.1.A.03,2021,MMR Dose 1 by Age 2,2019,61.910000000000004,4.76,-4.470000000000001,83.2
Z1.1.A.03,2022,MMR Dose 1 by Age 2,2020,49.410000000000004,4.7,-6.95,82.07
Z1.1.A.03,2023,MMR Dose 1 by Age 2,2021,55.260000000000005,4.72,-5.59,81.67
Z1.1.A.03,2014,MMR Dose 2 by Age 13,2001,82.82000000000001,4.03,-2.22,91.76
Z1.1.A.03,2015,MMR Dose 2 by Age 13,2002,74.63000000000001,5.8100000000000005,-2.93,91.68
Z1.1.A.03,2016,MMR Dose 2 by Age 13,2003,77.98,4.38,-3.01,91.18
Z1.1.A.03,2017,MMR Dose 2 by Age 13,2004,79.54,4.49,-2.66,91.45
Z1.1.A.03,2018,MMR Dose 2 by Age 13,2005,86.39000000000001,3.69,-1.34,91.34000000000002
Z1.1.A.03,2019,MMR Dose 2 by Age 13,2006,70.65,4.96,-4.19,91.46000000000001
Z1.1.A.03,2020,MMR Dose 2 by Age 13,2007,83.01,3.6,-2.22,91.01
Z1.1.A.03,2021,MMR Dose 2 by Age 13,2008,78.06,4.2,-2.8000000000000003,89.81000000000002
Z1.1.A.03,2022,MMR Dose 2 by Age 13,2009,76.80000000000001,4.24,-3.07,89.83000000000001
Z1.1.A.03,2023,MMR Dose 2 by Age 13,2010,75.62,4.11,-3.41,89.61000000000001
Z1.1.A.03,2014,MMR Dose 2 by Age 17,1997,82.04,3.58,-2.89,92.41000000000001
Z1.1.A.03,2015,MMR Dose 2 by Age 17,1998,82.83000000000001,3.9000000000000004,-2.54,92.75
Z1.1.A.03,2016,MMR Dose 2 by Age 17,1999,81.93,3.9400000000000004,-2.8600000000000003,93.22
Z1.1.A.03,2017,MMR Dose 2 by Age 17,2000,85.63000000000001,3.47,-2.27,93.49000000000001
Z1.1.A.03,2018,MMR Dose 2 by Age 17,2001,84.91000000000001,3.8000000000000003,-2.23,93.37
Z1.1.A.03,2019,MMR Dose 2 by Age 17,2002,79.24000000000001,5.330000000000001,-2.69,93.56
Z1.1.A.03,2020,MMR Dose 2 by Age 17,2003,78.96000000000001,4.29,-3.58,94.32000000000001
Z1.1.A.03,2021,MMR Dose 2 by Age 17,2004,81.53,4.2700000000000005,-3.0,94.35000000000001
Z1.1.A.03,2022,MMR Dose 2 by Age 17,2005,87.72,3.45,-1.7100000000000002,93.60000000000001
Z1.1.A.03,2023,MMR Dose 2 by Age 17,2006,70.65,4.96,-4.430000000000001,92.62
Z1.1.A.03,2023,MMR Dose 2 by Age 2,2021,43.400000000000006,4.62,-5.61,69.32
Z1.1.A.03,2014,MMR Dose 2 by Age 7,2007,75.05,4.2,-1.31,80.57
Z1.1.A.03,2015,MMR Dose 2 by Age 7,2008,71.08,4.44,-2.3000000000000003,81.30000000000001
Z1.1.A.03,2016,MMR Dose 2 by Age 7,2009,74.98,4.38,-1.6300000000000001,82.10000000000001
Z1.1.A.03,2017,MMR Dose 2 by Age 7,2010,73.67,4.2,-1.9000000000000001,81.63000000000001
Z1.1.A.03,2018,MMR Dose 2 by Age 7,2011,69.26,4.42,-2.68,81.08
Z1.1.A.03,2019,MMR Dose 2 by Age 7,2012,69.19000000000001,4.430000000000001,-2.83,81.72
Z1.1.A.03,2020,MMR Dose 2 by Age 7,2013,59.24,5.04,-3.64,77.60000000000001
Z1.1.A.03,2021,MMR Dose 2 by Age 7,2014,66.16000000000001,4.7,-1.82,74.73
Z1.1.A.03,2022,MMR Dose 2 by Age 7,2015,58.53,4.890000000000001,-3.18,74.08
Z1.1.A.03,2023,MMR Dose 2 by Age 7,2016,59.34,4.46,-2.9800000000000004,72.63000000000001
Z1.1.B.04,2014,MMR Dose 1 by Age 13,2001,91.33000000000001,1.7200000000000002,-2.9400000000000004,96.38000000000001
Z1.1.B.04,2015,MMR Dose 1 by Age 13,2002,94.24000000000001,1.4000000000000001,-1.61,96.51
Z1.1.B.04,2016,MMR Dose 1 by Age 13,2003,92.11000000000001,1.6900000000000002,-2.69,96.66000000000001
Z1.1.B.04,2017,MMR Dose 1 by Age 13,2004,96.83000000000001,1.0,-0.09,96.92
Z1.1.B.04,2018,MMR Dose 1 by Age 13,2005,93.67,1.37,-2.5,97.09
Z1.1.B.04,2019,MMR Dose 1 by Age 13,2006,95.30000000000001,1.11,-1.36,96.81000000000002
Z1.1.B.04,2020,MMR Dose 1 by Age 13,2007,92.17,1.4500000000000002,-2.85,96.30000000000001
Z1.1.B.04,2021,MMR Dose 1 by Age 13,2008,93.81000000000002,1.33,-1.37,95.64000000000001
Z1.1.B.04,2022,MMR Dose 1 by Age 13,2009,93.04,1.35,-1.6400000000000001,95.25
Z1.1.B.04,2023,MMR Dose 1 by Age 13,2010,92.44000000000001,1.4700000000000002,-1.7100000000000002,94.95
Z1.1.B.04,2014,MMR Dose 1 by Age 17,1997,96.10000000000001,1.1300000000000001,-0.11,96.23
Z1.1.B.04,2015,MMR Dose 1 by Age 17,1998,94.09,1.4300000000000002,-1.6900000000000002,96.51
Z1.1.B.04,2016,MMR Dose 1 by Age 17,1999,95.84000000000002,1.2000000000000002,-0.7300000000000001,96.71000000000001
Z1.1.B.04,2017,MMR Dose 1 by Age 17,2000,94.78,1.4100000000000001,-1.53,96.94000000000001
Z1.1.B.04,2018,MMR Dose 1 by Age 17,2001,92.10000000000001,1.62,-3.04,97.03
Z1.1.B.04,2019,MMR Dose 1 by Age 17,2002,94.66000000000001,1.33,-1.9200000000000002,97.22
Z1.1.B.04,2020,MMR Dose 1 by Age 17,2003,93.41000000000001,1.53,-2.83,97.75
Z1.1.B.04,2021,MMR Dose 1 by Age 17,2004,97.23,0.92,-0.6700000000000002,97.84000000000002
Z1.1.B.04,2022,MMR Dose 1 by Age 17,2005,93.93,1.33,-2.9200000000000004,97.83000000000001
Z1.1.B.04,2023,MMR Dose 1 by Age 17,2006,95.49000000000001,1.08,-1.6500000000000001,97.27
Z1.1.B.04,2014,MMR Dose 1 by Age 2,2012,81.93,2.22,-2.7600000000000002,88.05
Z1.1.B.04,2015,MMR Dose 1 by Age 2,2013,82.58,2.14,-2.11,87.11000000000001
Z1.1.B.04,2016,MMR Dose 1 by Age 2,2014,78.65,2.41,-3.59,87.29
Z1.1.B.04,2017,MMR Dose 1 by Age 2,2015,82.15,2.3800000000000003,-2.06,87.05
Z1.1.B.04,2018,MMR Dose 1 by Age 2,2016,84.56,2.15,-1.01,86.73
Z1.1.B.04,2019,MMR Dose 1 by Age 2,2017,80.87,2.52,-2.4200000000000004,86.96000000000001
Z1.1.B.04,2020,MMR Dose 1 by Age 2,2018,84.32000000000001,2.3200000000000003,-1.0,86.65
Z1.1.B.04,2021,MMR Dose 1 by Age 2,2019,69.68,3.04,-4.45,83.2
Z1.1.B.04,2022,MMR Dose 1 by Age 2,2020,70.65,3.17,-3.6,82.07
Z1.1.B.04,2023,MMR Dose 1 by Age 2,2021,71.98,2.89,-3.35,81.67
Z1.1.B.04,2014,MMR Dose 2 by Age 13,2001,89.34000000000002,1.8,-1.34,91.76
Z1.1.B.04,2015,MMR Dose 2 by Age 13,2002,91.7,1.55,0.01,91.68
Z1.1.B.04,2016,MMR Dose 2 by Age 13,2003,91.45,1.6,0.17,91.18
Z1.1.B.04,2017,MMR Dose 2 by Age 13,2004,90.09,1.7500000000000002,-0.78,91.45
Z1.1.B.04,2018,MMR Dose 2 by Age 13,2005,90.02,1.6600000000000001,-0.8,91.34000000000002
Z1.1.B.04,2019,MMR Dose 2 by Age 13,2006,89.36000000000001,1.7300000000000002,-1.2200000000000002,91.46000000000001
Z1.1.B.04,2020,MMR Dose 2 by Age 13,2007,88.5,1.7400000000000002,-1.4400000000000002,91.01
Z1.1.B.04,2021,MMR Dose 2 by Age 13,2008,85.13000000000001,2.02,-2.31,89.81000000000002
Z1.1.B.04,2022,MMR Dose 2 by Age 13,2009,86.57,1.85,-1.7600000000000002,89.83000000000001
Z1.1.B.04,2023,MMR Dose 2 by Age 13,2010,87.5,1.81,-1.1700000000000002,89.61000000000001
Z1.1.B.04,2014,MMR Dose 2 by Age 17,1997,93.03,1.4800000000000002,0.42000000000000004,92.41000000000001
Z1.1.B.04,2015,MMR Dose 2 by Age 17,1998,93.46000000000001,1.4600000000000002,0.48000000000000004,92.75
Z1.1.B.04,2016,MMR Dose 2 by Age 17,1999,95.14000000000001,1.1300000000000001,1.7000000000000002,93.22
Z1.1.B.04,2017,MMR Dose 2 by Age 17,2000,92.79,1.55,-0.46,93.49000000000001
Z1.1.B.04,2018,MMR Dose 2 by Age 17,2001,90.46000000000001,1.7000000000000002,-1.7200000000000002,93.37
Z1.1.B.04,2019,MMR Dose 2 by Age 17,2002,92.88000000000001,1.4200000000000002,-0.49,93.56
Z1.1.B.04,2020,MMR Dose 2 by Age 17,2003,92.23,1.52,-1.3800000000000001,94.32000000000001
Z1.1.B.04,2021,MMR Dose 2 by Age 17,2004,91.80000000000001,1.58,-1.61,94.35000000000001
Z1.1.B.04,2022,MMR Dose 2 by Age 17,2005,90.31000000000002,1.6300000000000001,-2.01,93.60000000000001
Z1.1.B.04,2023,MMR Dose 2 by Age 17,2006,90.18,1.6600000000000001,-1.4700000000000002,92.62
Z1.1.B.04,2023,MMR Dose 2 by Age 2,2021,55.77,3.17,-4.2700000000000005,69.32
Z1.1.B.04,2014,MMR Dose 2 by Age 7,2007,75.61000000000001,2.3800000000000003,-2.08,80.57
Z1.1.B.04,2015,MMR Dose 2 by Age 7,2008,78.06,2.35,-1.3800000000000001,81.30000000000001
Z1.1.B.04,2016,MMR Dose 2 by Age 7,2009,79.0,2.23,-1.3900000000000001,82.10000000000001
Z1.1.B.04,2017,MMR Dose 2 by Age 7,2010,79.31000000000002,2.23,-1.04,81.63000000000001
Z1.1.B.04,2018,MMR Dose 2 by Age 7,2011,80.28,2.3400000000000003,-0.34,81.08
Z1.1.B.04,2019,MMR Dose 2 by Age 7,2012,79.65,2.27,-0.91,81.72
Z1.1.B.04,2020,MMR Dose 2 by Age 7,2013,80.28,2.24,1.2000000000000002,77.60000000000001
Z1.1.B.04,2021,MMR Dose 2 by Age 7,2014,75.26,2.41,0.22,74.73
Z1.1.B.04,2022,MMR Dose 2 by Age 7,2015,69.35,2.8600000000000003,-1.6600000000000001,74.08
Z1.1.B.04,2023,MMR Dose 2 by Age 7,2016,75.7,2.57,1.1900000000000002,72.63000000000001
Z1.2.A.01,2014,MMR Dose 1 by Age 13,2001,80.33000000000001,2.21,-7.26,96.38000000000001
Z1.2.A.01,2015,MMR Dose 1 by Age 13,2002,79.47,2.25,-7.56,96.51
Z1.2.A.01,2016,MMR Dose 1 by Age 13,2003,80.19000000000001,2.14,-7.7,96.66000000000001
Z1.2.A.01,2017,MMR Dose 1 by Age 13,2004,80.56,2.2,-7.44,96.92
Z1.2.A.01,2018,MMR Dose 1 by Age 13,2005,80.86000000000001,2.18,-7.46,97.09
Z1.2.A.01,2019,MMR Dose 1 by Age 13,2006,81.81000000000002,2.02,-7.44,96.81000000000002
Z1.2.A.01,2020,MMR Dose 1 by Age 13,2007,79.72,2.04,-8.129999999999999,96.30000000000001
Z1.2.A.01,2021,MMR Dose 1 by Age 13,2008,81.05,1.9100000000000001,-7.65,95.64000000000001
Z1.2.A.01,2022,MMR Dose 1 by Age 13,2009,80.86000000000001,1.9600000000000002,-7.3500000000000005,95.25
Z1.2.A.01,2023,MMR Dose 1 by Age 13,2010,76.15,2.1,-8.94,94.95
Z1.2.A.01,2014,MMR Dose 1 by Age 17,1997,84.77,1.9000000000000001,-6.01,96.23
Z1.2.A.01,2015,MMR Dose 1 by Age 17,1998,82.09,2.13,-6.78,96.51
Z1.2.A.01,2016,MMR Dose 1 by Age 17,1999,81.47,2.23,-6.830000000000001,96.71000000000001
Z1.2.A.01,2017,MMR Dose 1 by Age 17,2000,79.34000000000002,2.3200000000000003,-7.57,96.94000000000001
Z1.2.A.01,2018,MMR Dose 1 by Age 17,2001,80.59,2.2,-7.48,97.03
Z1.2.A.01,2019,MMR Dose 1 by Age 17,2002,80.45,2.2,-7.62,97.22
Z1.2.A.01,2020,MMR Dose 1 by Age 17,2003,81.31000000000002,2.07,-7.930000000000001,97.75
Z1.2.A.01,2021,MMR Dose 1 by Age 17,2004,81.32000000000001,2.16,-7.66,97.84000000000002
Z1.2.A.01,2022,MMR Dose 1 by Age 17,2005,81.88000000000001,2.12,-7.53,97.83000000000001
Z1.2.A.01,2023,MMR Dose 1 by Age 17,2006,82.46000000000001,1.9800000000000002,-7.48,97.27
Z1.2.A.01,2014,MMR Dose 1 by Age 2,2012,68.46000000000001,2.18,-8.98,88.05
Z1.2.A.01,2015,MMR Dose 1 by Age 2,2013,65.36999999999999,2.3200000000000003,-9.38,87.11000000000001
Z1.2.A.01,2016,MMR Dose 1 by Age 2,2014,63.400000000000006,2.3200000000000003,-10.31,87.29
Z1.2.A.01,2017,MMR Dose 1 by Age 2,2015,64.38,2.3000000000000003,-9.850000000000001,87.05
Z1.2.A.01,2018,MMR Dose 1 by Age 2,2016,65.03,2.3400000000000003,-9.290000000000001,86.73
Z1.2.A.01,2019,MMR Dose 1 by Age 2,2017,58.93000000000001,2.3400000000000003,-11.98,86.96000000000001
Z1.2.A.01,2020,MMR Dose 1 by Age 2,2018,57.910000000000004,2.47,-11.63,86.65
Z1.2.A.01,2021,MMR Dose 1 by Age 2,2019,56.7,2.3200000000000003,-11.43,83.2
Z1.2.A.01,2022,MMR Dose 1 by Age 2,2020,48.85,2.4000000000000004,-13.860000000000001,82.07
Z1.2.A.01,2023,MMR Dose 1 by Age 2,2021,48.05,2.33,-14.450000000000001,81.67
Z1.2.A.01,2014,MMR Dose 2 by Age 13,2001,74.06,2.4200000000000004,-7.330000000000001,91.76
Z1.2.A.01,2015,MMR Dose 2 by Age 13,2002,75.8,2.3400000000000003,-6.79,91.68
Z1.2.A.01,2016,MMR Dose 2 by Age 13,2003,74.93,2.24,-7.2700000000000005,91.18
Z1.2.A.01,2017,MMR Dose 2 by Age 13,2004,77.73,2.16,-6.36,91.45
Z1.2.A.01,2018,MMR Dose 2 by Age 13,2005,76.64000000000001,2.22,-6.61,91.34000000000002
Z1.2.A.01,2019,MMR Dose 2 by Age 13,2006,78.27,2.03,-6.48,91.46000000000001
Z1.2.A.01,2020,MMR Dose 2 by Age 13,2007,76.67,2.02,-7.09,91.01
Z1.2.A.01,2021,MMR Dose 2 by Age 13,2008,77.45,1.9700000000000002,-6.26,89.81000000000002
Z1.2.A.01,2022,MMR Dose 2 by Age 13,2009,77.65,1.9700000000000002,-6.19,89.83000000000001
Z1.2.A.01,2023,MMR Dose 2 by Age 13,2010,70.14000000000001,2.18,-8.91,89.61000000000001
Z1.2.A.01,2014,MMR Dose 2 by Age 17,1997,77.85000000000001,2.24,-6.49,92.41000000000001
Z1.2.A.01,2015,MMR Dose 2 by Age 17,1998,78.93,2.2,-6.28,92.75
Z1.2.A.01,2016,MMR Dose 2 by Age 17,1999,77.35000000000001,2.3400000000000003,-6.800000000000001,93.22
Z1.2.A.01,2017,MMR Dose 2 by Age 17,2000,76.64000000000001,2.3200000000000003,-7.25,93.49000000000001
Z1.2.A.01,2018,MMR Dose 2 by Age 17,2001,75.5,2.37,-7.55,93.37
Z1.2.A.01,2019,MMR Dose 2 by Age 17,2002,77.47,2.2600000000000002,-7.12,93.56
Z1.2.A.01,2020,MMR Dose 2 by Age 17,2003,76.14000000000001,2.19,-8.290000000000001,94.32000000000001
Z1.2.A.01,2021,MMR Dose 2 by Age 17,2004,78.91000000000001,2.11,-7.330000000000001,94.35000000000001
Z1.2.A.01,2022,MMR Dose 2 by Age 17,2005,78.12,2.16,-7.16,93.60000000000001
Z1.2.A.01,2023,MMR Dose 2 by Age 17,2006,79.28,1.9900000000000002,-6.71,92.62
Z1.2.A.01,2023,MMR Dose 2 by Age 2,2021,40.790000000000006,2.27,-12.56,69.32
Z1.2.A.01,2014,MMR Dose 2 by Age 7,2007,69.57,2.23,-4.92,80.57
Z1.2.A.01,2015,MMR Dose 2 by Age 7,2008,71.64000000000001,2.14,-4.51,81.30000000000001
Z1.2.A.01,2016,MMR Dose 2 by Age 7,2009,70.52,2.17,-5.340000000000001,82.10000000000001
Z1.2.A.01,2017,MMR Dose 2 by Age 7,2010,65.19000000000001,2.29,-7.180000000000001,81.63000000000001
Z1.2.A.01,2018,MMR Dose 2 by Age 7,2011,65.86999999999999,2.25,-6.76,81.08
Z1.2.A.01,2019,MMR Dose 2 by Age 7,2012,64.79,2.22,-7.640000000000001,81.72
Z1.2.A.01,2020,MMR Dose 2 by Age 7,2013,67.26,2.21,-4.680000000000001,77.60000000000001
Z1.2.A.01,2021,MMR Dose 2 by Age 7,2014,63.84,2.29,-4.76,74.73
Z1.2.A.01,2022,MMR Dose 2 by Age 7,2015,55.970000000000006,2.24,-8.07,74.08
Z1.2.A.01,2023,MMR Dose 2 by Age 7,2016,49.290000000000006,2.3800000000000003,-9.82,72.63000000000001
Z1.2.B.02,2014,MMR Dose 1 by Age 13,2001,95.24000000000001,1.2000000000000002,-0.9500000000000001,96.38000000000001
Z1.2.B.02,2015,MMR Dose 1 by Age 13,2002,97.94000000000001,0.6700000000000002,2.12,96.51
Z1.2.B.02,2016,MMR Dose 1 by Age 13,2003,96.18,1.03,-0.46,96.66000000000001
Z1.2.B.02,2017,MMR Dose 1 by Age 13,2004,96.81000000000002,0.92,-0.12000000000000001,96.92
Z1.2.B.02,2018,MMR Dose 1 by Age 13,2005,95.91000000000001,0.96,-1.2300000000000002,97.09
Z1.2.B.02,2019,MMR Dose 1 by Age 13,2006,94.06,1.2700000000000002,-2.17,96.81000000000002
Z1.2.B.02,2020,MMR Dose 1 by Age 13,2007,93.82000000000001,1.2400000000000002,-2.0,96.30000000000001
Z1.2.B.02,2021,MMR Dose 1 by Age 13,2008,89.83000000000001,1.53,-3.8000000000000003,95.64000000000001
Z1.2.B.02,2022,MMR Dose 1 by Age 13,2009,88.37,1.6800000000000002,-4.1000000000000005,95.25
Z1.2.B.02,2023,MMR Dose 1 by Age 13,2010,87.09,1.7400000000000002,-4.52,94.95
Z1.2.B.02,2014,MMR Dose 1 by Age 17,1997,95.0,1.1800000000000002,-1.04,96.23
Z1.2.B.02,2015,MMR Dose 1 by Age 17,1998,97.35000000000001,0.8300000000000001,1.01,96.51
Z1.2.B.02,2016,MMR Dose 1 by Age 17,1999,97.7,0.7100000000000001,1.4000000000000001,96.71000000000001
Z1.2.B.02,2017,MMR Dose 1 by Age 17,2000,97.5,0.81,0.7000000000000001,96.94000000000001
Z1.2.B.02,2018,MMR Dose 1 by Age 17,2001,95.67,1.12,-1.2100000000000002,97.03
Z1.2.B.02,2019,MMR Dose 1 by Age 17,2002,98.16000000000001,0.6100000000000001,1.55,97.22
Z1.2.B.02,2020,MMR Dose 1 by Age 17,2003,96.47,0.97,-1.33,97.75
Z1.2.B.02,2021,MMR Dose 1 by Age 17,2004,96.9,0.9,-1.05,97.84000000000002
Z1.2.B.02,2022,MMR Dose 1 by Age 17,2005,95.91000000000001,0.96,-2.0,97.83000000000001
Z1.2.B.02,2023,MMR Dose 1 by Age 17,2006,94.18,1.2500000000000002,-2.47,97.27
Z1.2.B.02,2014,MMR Dose 1 by Age 2,2012,75.86,2.3400000000000003,-5.21,88.05
Z1.2.B.02,2015,MMR Dose 1 by Age 2,2013,68.51,2.55,-7.300000000000001,87.11000000000001
Z1.2.B.02,2016,MMR Dose 1 by Age 2,2014,72.64000000000001,2.43,-6.03,87.29
Z1.2.B.02,2017,MMR Dose 1 by Age 2,2015,68.69000000000001,2.52,-7.29,87.05
Z1.2.B.02,2018,MMR Dose 1 by Age 2,2016,66.52,2.51,-8.05,86.73
Z1.2.B.02,2019,MMR Dose 1 by Age 2,2017,59.46000000000001,2.71,-10.150000000000002,86.96000000000001
Z1.2.B.02,2020,MMR Dose 1 by Age 2,2018,56.15,2.69,-11.360000000000001,86.65
Z1.2.B.02,2021,MMR Dose 1 by Age 2,2019,43.86000000000001,2.83,-13.89,83.2
Z1.2.B.02,2022,MMR Dose 1 by Age 2,2020,40.39000000000001,2.71,-15.360000000000001,82.07
Z1.2.B.02,2023,MMR Dose 1 by Age 2,2021,34.08,2.8000000000000003,-17.02,81.67
Z1.2.B.02,2014,MMR Dose 2 by Age 13,2001,91.10000000000001,1.57,-0.42000000000000004,91.76
Z1.2.B.02,2015,MMR Dose 2 by Age 13,2002,90.89000000000001,1.57,-0.51,91.68
Z1.2.B.02,2016,MMR Dose 2 by Age 13,2003,90.30000000000001,1.57,-0.56,91.18
Z1.2.B.02,2017,MMR Dose 2 by Age 13,2004,90.56,1.56,-0.5700000000000001,91.45
Z1.2.B.02,2018,MMR Dose 2 by Age 13,2005,88.59,1.62,-1.7000000000000002,91.34000000000002
Z1.2.B.02,2019,MMR Dose 2 by Age 13,2006,83.83000000000001,2.0,-3.8200000000000003,91.46000000000001
Z1.2.B.02,2020,MMR Dose 2 by Age 13,2007,82.98,1.9200000000000002,-4.180000000000001,91.01
Z1.2.B.02,2021,MMR Dose 2 by Age 13,2008,81.52,1.9900000000000002,-4.16,89.81000000000002
Z1.2.B.02,2022,MMR Dose 2 by Age 13,2009,81.33000000000001,2.01,-4.23,89.83000000000001
Z1.2.B.02,2023,MMR Dose 2 by Age 13,2010,77.03,2.19,-5.74,89.61000000000001
Z1.2.B.02,2014,MMR Dose 2 by Age 17,1997,93.16000000000001,1.32,0.5700000000000001,92.41000000000001
Z1.2.B.02,2015,MMR Dose 2 by Age 17,1998,94.9,1.12,1.9200000000000002,92.75
Z1.2.B.02,2016,MMR Dose 2 by Age 17,1999,93.58,1.2800000000000002,0.28,93.22
Z1.2.B.02,2017,MMR Dose 2 by Age 17,2000,94.11000000000001,1.2500000000000002,0.49,93.49000000000001
Z1.2.B.02,2018,MMR Dose 2 by Age 17,2001,92.91000000000001,1.34,-0.34,93.37
Z1.2.B.02,2019,MMR Dose 2 by Age 17,2002,92.2,1.4200000000000002,-0.96,93.56
Z1.2.B.02,2020,MMR Dose 2 by Age 17,2003,91.21000000000001,1.4700000000000002,-2.12,94.32000000000001
Z1.2.B.02,2021,MMR Dose 2 by Age 17,2004,90.95,1.52,-2.23,94.35000000000001
Z1.2.B.02,2022,MMR Dose 2 by Age 17,2005,88.96000000000001,1.59,-2.93,93.60000000000001
Z1.2.B.02,2023,MMR Dose 2 by Age 17,2006,84.26,1.9700000000000002,-4.25,92.62
Z1.2.B.02,2023,MMR Dose 2 by Age 2,2021,28.430000000000003,2.65,-15.41,69.32
Z1.2.B.02,2014,MMR Dose 2 by Age 7,2007,78.19000000000001,2.16,-1.1,80.57
Z1.2.B.02,2015,MMR Dose 2 by Age 7,2008,75.69000000000001,2.24,-2.5,81.30000000000001
Z1.2.B.02,2016,MMR Dose 2 by Age 7,2009,77.29,2.18,-2.21,82.10000000000001
Z1.2.B.02,2017,MMR Dose 2 by Age 7,2010,74.73,2.27,-3.04,81.63000000000001
Z1.2.B.02,2018,MMR Dose 2 by Age 7,2011,69.95,2.37,-4.7,81.08
Z1.2.B.02,2019,MMR Dose 2 by Age 7,2012,69.26,2.4800000000000004,-5.03,81.72
Z1.2.B.02,2020,MMR Dose 2 by Age 7,2013,62.67,2.5,-5.98,77.60000000000001
Z1.2.B.02,2021,MMR Dose 2 by Age 7,2014,59.830000000000005,2.62,-5.7,74.73
Z1.2.B.02,2022,MMR Dose 2 by Age 7,2015,49.67,2.66,-9.19,74.08
Z1.2.B.02,2023,MMR Dose 2 by Age 7,2016,43.64,2.51,-11.56,72.63000000000001
Z1.2.C.03,2014,MMR Dose 1 by Age 13,2001,95.66000000000001,1.51,-0.48000000000000004,96.38000000000001
Z1.2.C.03,2015,MMR Dose 1 by Age 13,2002,92.93,1.9700000000000002,-1.82,96.51
Z1.2.C.03,2016,MMR Dose 1 by Age 13,2003,95.18,1.61,-0.92,96.66000000000001
Z1.2.C.03,2017,MMR Dose 1 by Age 13,2004,95.25,1.54,-1.08,96.92
Z1.2.C.03,2018,MMR Dose 1 by Age 13,2005,96.59,1.2900000000000003,-0.39,97.09
Z1.2.C.03,2019,MMR Dose 1 by Age 13,2006,88.42,2.43,-3.45,96.81000000000002
Z1.2.C.03,2020,MMR Dose 1 by Age 13,2007,93.78,1.7300000000000002,-1.4500000000000002,96.30000000000001
Z1.2.C.03,2021,MMR Dose 1 by Age 13,2008,91.66000000000001,1.9600000000000002,-2.03,95.64000000000001
Z1.2.C.03,2022,MMR Dose 1 by Age 13,2009,90.22,2.14,-2.3600000000000003,95.25
Z1.2.C.03,2023,MMR Dose 1 by Age 13,2010,88.26,2.37,-2.8200000000000003,94.95
Z1.2.C.03,2014,MMR Dose 1 by Age 17,1997,96.10000000000001,1.55,-0.08,96.23
Z1.2.C.03,2015,MMR Dose 1 by Age 17,1998,98.78,0.7400000000000001,3.07,96.51
Z1.2.C.03,2016,MMR Dose 1 by Age 17,1999,95.42,1.62,-0.8,96.71000000000001
Z1.2.C.03,2017,MMR Dose 1 by Age 17,2000,97.17,1.2200000000000002,0.19,96.94000000000001
Z1.2.C.03,2018,MMR Dose 1 by Age 17,2001,95.66000000000001,1.51,-0.9,97.03
Z1.2.C.03,2019,MMR Dose 1 by Age 17,2002,93.55,1.84,-1.9900000000000002,97.22
Z1.2.C.03,2020,MMR Dose 1 by Age 17,2003,95.77,1.4600000000000002,-1.35,97.75
Z1.2.C.03,2021,MMR Dose 1 by Age 17,2004,95.25,1.54,-1.6700000000000002,97.84000000000002
Z1.2.C.03,2022,MMR Dose 1 by Age 17,2005,96.59,1.2900000000000003,-0.96,97.83000000000001
Z1.2.C.03,2023,MMR Dose 1 by Age 17,2006,88.42,2.43,-3.64,97.27
Z1.2.C.03,2014,MMR Dose 1 by Age 2,2012,82.23,3.01,-1.9300000000000002,88.05
Z1.2.C.03,2015,MMR Dose 1 by Age 2,2013,80.47,3.04,-2.18,87.11000000000001
Z1.2.C.03,2016,MMR Dose 1 by Age 2,2014,77.44000000000001,3.2,-3.08,87.29
Z1.2.C.03,2017,MMR Dose 1 by Age 2,2015,79.43,2.9600000000000004,-2.57,87.05
Z1.2.C.03,2018,MMR Dose 1 by Age 2,2016,72.88,3.4400000000000004,-4.03,86.73
Z1.2.C.03,2019,MMR Dose 1 by Age 2,2017,81.54,3.05,-1.7800000000000002,86.96000000000001
Z1.2.C.03,2020,MMR Dose 1 by Age 2,2018,78.82000000000001,3.24,-2.4200000000000004,86.65
Z1.2.C.03,2021,MMR Dose 1 by Age 2,2019,69.95,3.7600000000000002,-3.53,83.2
Z1.2.C.03,2022,MMR Dose 1 by Age 2,2020,62.190000000000005,3.9800000000000004,-5.0,82.07
Z1.2.C.03,2023,MMR Dose 1 by Age 2,2021,69.26,3.93,-3.16,81.67
Z1.2.C.03,2014,MMR Dose 2 by Age 13,2001,92.71000000000001,1.8,0.53,91.76
Z1.2.C.03,2015,MMR Dose 2 by Age 13,2002,87.81000000000002,2.43,-1.59,91.68
Z1.2.C.03,2016,MMR Dose 2 by Age 13,2003,89.63000000000001,2.35,-0.6600000000000001,91.18
Z1.2.C.03,2017,MMR Dose 2 by Age 13,2004,91.23,1.9300000000000002,-0.11,91.45
Z1.2.C.03,2018,MMR Dose 2 by Age 13,2005,92.98,1.82,0.9,91.34000000000002
Z1.2.C.03,2019,MMR Dose 2 by Age 13,2006,83.72,2.8000000000000003,-2.77,91.46000000000001
Z1.2.C.03,2020,MMR Dose 2 by Age 13,2007,86.92,2.45,-1.6700000000000002,91.01
Z1.2.C.03,2021,MMR Dose 2 by Age 13,2008,82.96000000000001,2.81,-2.4400000000000004,89.81000000000002
Z1.2.C.03,2022,MMR Dose 2 by Age 13,2009,86.10000000000001,2.47,-1.51,89.83000000000001
Z1.2.C.03,2023,MMR Dose 2 by Age 13,2010,84.76,2.54,-1.9100000000000001,89.61000000000001
Z1.2.C.03,2014,MMR Dose 2 by Age 17,1997,93.57,1.9000000000000001,0.6100000000000001,92.41000000000001
Z1.2.C.03,2015,MMR Dose 2 by Age 17,1998,95.43,1.4600000000000002,1.84,92.75
Z1.2.C.03,2016,MMR Dose 2 by Age 17,1999,92.21000000000001,2.0,-0.5,93.22
Z1.2.C.03,2017,MMR Dose 2 by Age 17,2000,91.55,2.19,-0.89,93.49000000000001
Z1.2.C.03,2018,MMR Dose 2 by Age 17,2001,93.07,1.7500000000000002,-0.17,93.37
Z1.2.C.03,2019,MMR Dose 2 by Age 17,2002,89.21000000000001,2.2800000000000002,-1.9100000000000001,93.56
Z1.2.C.03,2020,MMR Dose 2 by Age 17,2003,90.16000000000001,2.2800000000000002,-1.82,94.32000000000001
Z1.2.C.03,2021,MMR Dose 2 by Age 17,2004,92.07,1.84,-1.2400000000000002,94.35000000000001
Z1.2.C.03,2022,MMR Dose 2 by Age 17,2005,93.36000000000001,1.7600000000000002,-0.14,93.60000000000001
Z1.2.C.03,2023,MMR Dose 2 by Age 17,2006,85.21000000000001,2.67,-2.7800000000000002,92.62
Z1.2.C.03,2023,MMR Dose 2 by Age 2,2021,54.95,4.2,-3.4200000000000004,69.32
Z1.2.C.03,2014,MMR Dose 2 by Age 7,2007,77.73,2.99,-0.9500000000000001,80.57
Z1.2.C.03,2015,MMR Dose 2 by Age 7,2008,71.05,3.4400000000000004,-2.9800000000000004,81.30000000000001
Z1.2.C.03,2016,MMR Dose 2 by Age 7,2009,79.7,2.9000000000000004,-0.8300000000000001,82.10000000000001
Z1.2.C.03,2017,MMR Dose 2 by Age 7,2010,79.78,2.85,-0.6500000000000001,81.63000000000001
Z1.2.C.03,2018,MMR Dose 2 by Age 7,2011,78.54,3.1,-0.8200000000000001,81.08
Z1.2.C.03,2019,MMR Dose 2 by Age 7,2012,79.18,3.13,-0.81,81.72
Z1.2.C.03,2020,MMR Dose 2 by Age 7,2013,80.10000000000001,3.03,0.8200000000000001,77.60000000000001
Z1.2.C.03,2021,MMR Dose 2 by Age 7,2014,74.14000000000001,3.3200000000000003,-0.18,74.73
Z1.2.C.03,2022,MMR Dose 2 by Age 7,2015,73.69000000000001,3.12,-0.13,74.08
Z1.2.C.03,2023,MMR Dose 2 by Age 7,2016,65.93,3.61,-1.85,72.63000000000001
Z1.2.C.04,2014,MMR Dose 1 by Age 13,2001,98.09,1.2100000000000002,1.4100000000000001,96.38000000000001
Z1.2.C.04,2015,MMR Dose 1 by Age 13,2002,96.24000000000001,1.9200000000000002,-0.14,96.51
Z1.2.C.04,2016,MMR Dose 1 by Age 13,2003,99.0,0.7300000000000001,3.22,96.66000000000001
Z1.2.C.04,2017,MMR Dose 1 by Age 13,2004,92.68,2.8600000000000003,-1.4800000000000002,96.92
Z1.2.C.04,2018,MMR Dose 1 by Age 13,2005,95.72,1.7900000000000003,-0.76,97.09
Z1.2.C.04,2019,MMR Dose 1 by Age 13,2006,94.60000000000001,2.14,-1.04,96.81000000000002
Z1.2.C.04,2020,MMR Dose 1 by Age 13,2007,87.78,2.77,-3.07,96.30000000000001
Z1.2.C.04,2021,MMR Dose 1 by Age 13,2008,92.95,2.2600000000000002,-1.1900000000000002,95.64000000000001
Z1.2.C.04,2022,MMR Dose 1 by Age 13,2009,86.74000000000001,2.99,-2.85,95.25
Z1.2.C.04,2023,MMR Dose 1 by Age 13,2010,85.17,3.1,-3.16,94.95
Z1.2.C.04,2014,MMR Dose 1 by Age 17,1997,97.63000000000001,1.3800000000000001,1.02,96.23
Z1.2.C.04,2015,MMR Dose 1 by Age 17,1998,96.38000000000001,1.9000000000000001,-0.07,96.51
Z1.2.C.04,2016,MMR Dose 1 by Age 17,1999,97.57,1.4900000000000002,0.58,96.71000000000001
Z1.2.C.04,2017,MMR Dose 1 by Age 17,2000,98.26,1.2100000000000002,1.09,96.94000000000001
Z1.2.C.04,2018,MMR Dose 1 by Age 17,2001,98.09,1.2100000000000002,0.88,97.03
Z1.2.C.04,2019,MMR Dose 1 by Age 17,2002,96.57,1.7800000000000002,-0.36000000000000004,97.22
Z1.2.C.04,2020,MMR Dose 1 by Age 17,2003,99.09,0.6700000000000002,2.0,97.75
Z1.2.C.04,2021,MMR Dose 1 by Age 17,2004,92.68,2.8600000000000003,-1.8,97.84000000000002
Z1.2.C.04,2022,MMR Dose 1 by Age 17,2005,95.72,1.7900000000000003,-1.1700000000000002,97.83000000000001
Z1.2.C.04,2023,MMR Dose 1 by Age 17,2006,94.60000000000001,2.14,-1.2500000000000002,97.27
Z1.2.C.04,2014,MMR Dose 1 by Age 2,2012,78.33000000000001,3.59,-2.71,88.05
Z1.2.C.04,2015,MMR Dose 1 by Age 2,2013,82.11000000000001,3.27,-1.53,87.11000000000001
Z1.2.C.04,2016,MMR Dose 1 by Age 2,2014,71.32,3.85,-4.140000000000001,87.29
Z1.2.C.04,2017,MMR Dose 1 by Age 2,2015,64.45,4.170000000000001,-5.42,87.05
Z1.2.C.04,2018,MMR Dose 1 by Age 2,2016,62.7,4.15,-5.79,86.73
Z1.2.C.04,2019,MMR Dose 1 by Age 2,2017,51.09,4.19,-8.57,86.96000000000001
Z1.2.C.04,2020,MMR Dose 1 by Age 2,2018,57.43000000000001,4.04,-7.24,86.65
Z1.2.C.04,2021,MMR Dose 1 by Age 2,2019,42.46000000000001,4.39,-9.280000000000001,83.2
Z1.2.C.04,2022,MMR Dose 1 by Age 2,2020,30.730000000000004,3.8200000000000003,-13.450000000000001,82.07
Z1.2.C.04,2023,MMR Dose 1 by Age 2,2021,38.77,4.38,-9.790000000000001,81.67
Z1.2.C.04,2014,MMR Dose 2 by Age 13,2001,88.76,3.04,-0.99,91.76
Z1.2.C.04,2015,MMR Dose 2 by Age 13,2002,93.64000000000001,2.33,0.8400000000000001,91.68
Z1.2.C.04,2016,MMR Dose 2 by Age 13,2003,91.2,2.63,0.01,91.18
Z1.2.C.04,2017,MMR Dose 2 by Age 13,2004,85.06,3.56,-1.7900000000000003,91.45
Z1.2.C.04,2018,MMR Dose 2 by Age 13,2005,84.95,3.2800000000000002,-1.9500000000000002,91.34000000000002
Z1.2.C.04,2019,MMR Dose 2 by Age 13,2006,81.73,3.51,-2.77,91.46000000000001
Z1.2.C.04,2020,MMR Dose 2 by Age 13,2007,82.29,3.16,-2.7600000000000002,91.01
Z1.2.C.04,2021,MMR Dose 2 by Age 13,2008,85.82000000000001,3.04,-1.31,89.81000000000002
Z1.2.C.04,2022,MMR Dose 2 by Age 13,2009,78.55,3.4800000000000004,-3.24,89.83000000000001
Z1.2.C.04,2023,MMR Dose 2 by Age 13,2010,71.31,3.91,-4.680000000000001,89.61000000000001
Z1.2.C.04,2014,MMR Dose 2 by Age 17,1997,91.99000000000001,2.49,-0.17,92.41000000000001
Z1.2.C.04,2015,MMR Dose 2 by Age 17,1998,90.99000000000001,2.71,-0.6500000000000001,92.75
Z1.2.C.04,2016,MMR Dose 2 by Age 17,1999,91.49000000000001,2.81,-0.6100000000000001,93.22
Z1.2.C.04,2017,MMR Dose 2 by Age 17,2000,93.38000000000001,2.13,-0.05,93.49000000000001
Z1.2.C.04,2018,MMR Dose 2 by Age 17,2001,90.43,2.81,-1.05,93.37
Z1.2.C.04,2019,MMR Dose 2 by Age 17,2002,94.46000000000001,2.1,0.43000000000000005,93.56
Z1.2.C.04,2020,MMR Dose 2 by Age 17,2003,92.45,2.4000000000000004,-0.78,94.32000000000001
Z1.2.C.04,2021,MMR Dose 2 by Age 17,2004,85.06,3.56,-2.61,94.35000000000001
Z1.2.C.04,2022,MMR Dose 2 by Age 17,2005,85.86000000000001,3.2,-2.4200000000000004,93.60000000000001
Z1.2.C.04,2023,MMR Dose 2 by Age 17,2006,81.73,3.51,-3.1,92.62
Z1.2.C.04,2023,MMR Dose 2 by Age 2,2021,26.96,4.01,-10.56,69.32
Z1.2.C.04,2014,MMR Dose 2 by Age 7,2007,75.39,3.56,-1.4500000000000002,80.57
Z1.2.C.04,2015,MMR Dose 2 by Age 7,2008,82.89000000000001,3.3800000000000003,0.47000000000000003,81.30000000000001
Z1.2.C.04,2016,MMR Dose 2 by Age 7,2009,74.84,3.74,-1.9400000000000002,82.10000000000001
Z1.2.C.04,2017,MMR Dose 2 by Age 7,2010,69.67,3.9600000000000004,-3.02,81.63000000000001
Z1.2.C.04,2018,MMR Dose 2 by Age 7,2011,78.25,3.4600000000000004,-0.8200000000000001,81.08
Z1.2.C.04,2019,MMR Dose 2 by Age 7,2012,66.57,3.95,-3.8400000000000003,81.72
Z1.2.C.04,2020,MMR Dose 2 by Age 7,2013,64.89,3.91,-3.25,77.60000000000001
Z1.2.C.04,2021,MMR Dose 2 by Age 7,2014,56.760000000000005,4.24,-4.24,74.73
Z1.2.C.04,2022,MMR Dose 2 by Age 7,2015,44.58,4.29,-6.880000000000001,74.08
Z1.2.C.04,2023,MMR Dose 2 by Age 7,2016,45.63,4.16,-6.49,72.63000000000001
Z1.3.A.01,2014,MMR Dose 1 by Age 13,2001,99.67,0.15000000000000002,22.03,96.38000000000001
Z1.3.A.01,2015,MMR Dose 1 by Age 13,2002,99.71000000000001,0.13,24.51,96.51
Z1.3.A.01,2016,MMR Dose 1 by Age 13,2003,99.35000000000001,0.24000000000000002,11.290000000000001,96.66000000000001
Z1.3.A.01,2017,MMR Dose 1 by Age 13,2004,99.45,0.2,12.52,96.92
Z1.3.A.01,2018,MMR Dose 1 by Age 13,2005,99.60000000000001,0.16,16.17,97.09
Z1.3.A.01,2019,MMR Dose 1 by Age 13,2006,99.61000000000001,0.16,18.02,96.81000000000002
Z1.3.A.01,2020,MMR Dose 1 by Age 13,2007,99.86000000000001,0.07,54.17,96.30000000000001
Z1.3.A.01,2021,MMR Dose 1 by Age 13,2008,98.57,0.41000000000000003,7.19,95.64000000000001
Z1.3.A.01,2022,MMR Dose 1 by Age 13,2009,99.13000000000001,0.28,14.05,95.25
Z1.3.A.01,2023,MMR Dose 1 by Age 13,2010,99.31000000000002,0.23,19.12,94.95
Z1.3.A.01,2014,MMR Dose 1 by Age 17,1997,99.87,0.07,51.440000000000005,96.23
Z1.3.A.01,2015,MMR Dose 1 by Age 17,1998,99.76,0.12000000000000001,26.51,96.51
Z1.3.A.01,2016,MMR Dose 1 by Age 17,1999,99.88000000000001,0.06,51.05,96.71000000000001
Z1.3.A.01,2017,MMR Dose 1 by Age 17,2000,99.85000000000001,0.08,37.160000000000004,96.94000000000001
Z1.3.A.01,2018,MMR Dose 1 by Age 17,2001,99.86000000000001,0.07,41.290000000000006,97.03
Z1.3.A.01,2019,MMR Dose 1 by Age 17,2002,99.89000000000001,0.05,48.690000000000005,97.22
Z1.3.A.01,2020,MMR Dose 1 by Age 17,2003,99.79,0.09,22.330000000000002,97.75
Z1.3.A.01,2021,MMR Dose 1 by Age 17,2004,99.78,0.09,21.19,97.84000000000002
Z1.3.A.01,2022,MMR Dose 1 by Age 17,2005,99.88000000000001,0.05,37.620000000000005,97.83000000000001
Z1.3.A.01,2023,MMR Dose 1 by Age 17,2006,99.85000000000001,0.06,40.08,97.27
Z1.3.A.01,2014,MMR Dose 1 by Age 2,2012,88.95,1.4900000000000002,0.6100000000000001,88.05
Z1.3.A.01,2015,MMR Dose 1 by Age 2,2013,89.72,1.51,1.7300000000000002,87.11000000000001
Z1.3.A.01,2016,MMR Dose 1 by Age 2,2014,89.62,1.4900000000000002,1.56,87.29
Z1.3.A.01,2017,MMR Dose 1 by Age 2,2015,84.89000000000001,1.7400000000000002,-1.2400000000000002,87.05
Z1.3.A.01,2018,MMR Dose 1 by Age 2,2016,89.33000000000001,1.57,1.6600000000000001,86.73
Z1.3.A.01,2019,MMR Dose 1 by Age 2,2017,84.38000000000001,1.9000000000000001,-1.36,86.96000000000001
Z1.3.A.01,2020,MMR Dose 1 by Age 2,2018,84.58,1.9500000000000002,-1.06,86.65
Z1.3.A.01,2021,MMR Dose 1 by Age 2,2019,79.86000000000001,2.06,-1.62,83.2
Z1.3.A.01,2022,MMR Dose 1 by Age 2,2020,72.72,2.27,-4.12,82.07
Z1.3.A.01,2023,MMR Dose 1 by Age 2,2021,76.0,2.25,-2.52,81.67
Z1.3.A.01,2014,MMR Dose 2 by Age 13,2001,97.65,0.6000000000000001,9.83,91.76
Z1.3.A.01,2015,MMR Dose 2 by Age 13,2002,98.24000000000001,0.5,13.250000000000002,91.68
Z1.3.A.01,2016,MMR Dose 2 by Age 13,2003,98.39000000000001,0.43000000000000005,16.72,91.18
Z1.3.A.01,2017,MMR Dose 2 by Age 13,2004,96.57,0.7200000000000001,7.08,91.45
Z1.3.A.01,2018,MMR Dose 2 by Age 13,2005,96.57,0.6900000000000001,7.52,91.34000000000002
Z1.3.A.01,2019,MMR Dose 2 by Age 13,2006,97.03,0.6500000000000001,8.61,91.46000000000001
Z1.3.A.01,2020,MMR Dose 2 by Age 13,2007,96.12,0.7400000000000001,6.880000000000001,91.01
Z1.3.A.01,2021,MMR Dose 2 by Age 13,2008,94.9,0.91,5.62,89.81000000000002
Z1.3.A.01,2022,MMR Dose 2 by Age 13,2009,94.28,0.9400000000000001,4.73,89.83000000000001
Z1.3.A.01,2023,MMR Dose 2 by Age 13,2010,97.36000000000001,0.58,13.48,89.61000000000001
Z1.3.A.01,2014,MMR Dose 2 by Age 17,1997,98.35000000000001,0.48000000000000004,12.4,92.41000000000001
Z1.3.A.01,2015,MMR Dose 2 by Age 17,1998,98.94000000000001,0.34,18.06,92.75
Z1.3.A.01,2016,MMR Dose 2 by Age 17,1999,99.53,0.17,36.65,93.22
Z1.3.A.01,2017,MMR Dose 2 by Age 17,2000,99.65,0.14,45.330000000000005,93.49000000000001
Z1.3.A.01,2018,MMR Dose 2 by Age 17,2001,98.83000000000001,0.34,16.07,93.37
Z1.3.A.01,2019,MMR Dose 2 by Age 17,2002,99.19000000000001,0.25,22.14,93.56
Z1.3.A.01,2020,MMR Dose 2 by Age 17,2003,99.39000000000001,0.19,26.150000000000002,94.32000000000001
Z1.3.A.01,2021,MMR Dose 2 by Age 17,2004,98.38000000000001,0.4,10.01,94.35000000000001
Z1.3.A.01,2022,MMR Dose 2 by Age 17,2005,98.56,0.35000000000000003,14.170000000000002,93.60000000000001
Z1.3.A.01,2023,MMR Dose 2 by Age 17,2006,98.62,0.34,17.42,92.62
Z1.3.A.01,2023,MMR Dose 2 by Age 2,2021,56.900000000000006,2.56,-4.8500000000000005,69.32
Z1.3.A.01,2014,MMR Dose 2 by Age 7,2007,85.56,1.62,3.08,80.57
Z1.3.A.01,2015,MMR Dose 2 by Age 7,2008,85.64000000000001,1.6900000000000002,2.56,81.30000000000001
Z1.3.A.01,2016,MMR Dose 2 by Age 7,2009,83.64000000000001,1.7100000000000002,0.9,82.10000000000001
Z1.3.A.01,2017,MMR Dose 2 by Age 7,2010,90.36000000000001,1.4000000000000001,6.23,81.63000000000001
Z1.3.A.01,2018,MMR Dose 2 by Age 7,2011,88.67,1.56,4.86,81.08
Z1.3.A.01,2019,MMR Dose 2 by Age 7,2012,87.25,1.54,3.59,81.72
Z1.3.A.01,2020,MMR Dose 2 by Age 7,2013,88.41000000000001,1.53,7.05,77.60000000000001
Z1.3.A.01,2021,MMR Dose 2 by Age 7,2014,83.03,1.7800000000000002,4.65,74.73
Z1.3.A.01,2022,MMR Dose 2 by Age 7,2015,80.5,1.9100000000000001,3.3600000000000003,74.08
Z1.3.A.01,2023,MMR Dose 2 by Age 7,2016,84.05,1.7600000000000002,6.5,72.63000000000001
Z1.3.B.02,2014,MMR Dose 1 by Age 13,2001,99.30000000000001,0.96,3.04,96.38000000000001
Z1.3.B.02,2015,MMR Dose 1 by Age 13,2002,97.45,2.17,0.43000000000000005,96.51
Z1.3.B.02,2016,MMR Dose 1 by Age 13,2003,98.79,1.56,1.36,96.66000000000001
Z1.3.B.02,2017,MMR Dose 1 by Age 13,2004,98.22,2.24,0.58,96.92
Z1.3.B.02,2018,MMR Dose 1 by Age 13,2005,99.41000000000001,0.9400000000000001,2.47,97.09
Z1.3.B.02,2019,MMR Dose 1 by Age 13,2006,98.15,2.3000000000000003,0.58,96.81000000000002
Z1.3.B.02,2020,MMR Dose 1 by Age 13,2007,99.25,0.8700000000000001,3.4000000000000004,96.30000000000001
Z1.3.B.02,2021,MMR Dose 1 by Age 13,2008,95.29,3.65,-0.1,95.64000000000001
Z1.3.B.02,2022,MMR Dose 1 by Age 13,2009,97.37,2.11,1.0,95.25
Z1.3.B.02,2023,MMR Dose 1 by Age 13,2010,90.10000000000001,4.52,-1.07,94.95
Z1.3.B.02,2014,MMR Dose 1 by Age 17,1997,98.26,1.9700000000000002,1.03,96.23
Z1.3.B.02,2015,MMR Dose 1 by Age 17,1998,93.75,3.72,-0.7400000000000001,96.51
Z1.3.B.02,2016,MMR Dose 1 by Age 17,1999,99.09,1.1800000000000002,2.03,96.71000000000001
Z1.3.B.02,2017,MMR Dose 1 by Age 17,2000,97.17,2.24,0.1,96.94000000000001
Z1.3.B.02,2018,MMR Dose 1 by Age 17,2001,99.30000000000001,0.96,2.37,97.03
Z1.3.B.02,2019,MMR Dose 1 by Age 17,2002,97.45,2.17,0.11,97.22
Z1.3.B.02,2020,MMR Dose 1 by Age 17,2003,98.79,1.56,0.6600000000000001,97.75
Z1.3.B.02,2021,MMR Dose 1 by Age 17,2004,98.22,2.24,0.17,97.84000000000002
Z1.3.B.02,2022,MMR Dose 1 by Age 17,2005,99.41000000000001,0.9400000000000001,1.6900000000000002,97.83000000000001
Z1.3.B.02,2023,MMR Dose 1 by Age 17,2006,98.15,2.3000000000000003,0.38000000000000006,97.27
Z1.3.B.02,2014,MMR Dose 1 by Age 2,2012,84.58,5.58,-0.6200000000000001,88.05
Z1.3.B.02,2015,MMR Dose 1 by Age 2,2013,85.96000000000001,5.390000000000001,-0.21000000000000002,87.11000000000001
Z1.3.B.02,2016,MMR Dose 1 by Age 2,2014,83.09,5.130000000000001,-0.8200000000000001,87.29
Z1.3.B.02,2017,MMR Dose 1 by Age 2,2015,74.53,7.12,-1.7600000000000002,87.05
Z1.3.B.02,2018,MMR Dose 1 by Age 2,2016,77.46000000000001,6.170000000000001,-1.5,86.73
Z1.3.B.02,2019,MMR Dose 1 by Age 2,2017,76.9,6.880000000000001,-1.4600000000000002,86.96000000000001
Z1.3.B.02,2020,MMR Dose 1 by Age 2,2018,80.9,6.26,-0.92,86.65
Z1.3.B.02,2021,MMR Dose 1 by Age 2,2019,81.47,6.170000000000001,-0.28,83.2
Z1.3.B.02,2022,MMR Dose 1 by Age 2,2020,78.29,6.45,-0.59,82.07
Z1.3.B.02,2023,MMR Dose 1 by Age 2,2021,75.07,6.380000000000001,-1.03,81.67
Z1.3.B.02,2014,MMR Dose 2 by Age 13,2001,99.25,1.03,7.28,91.76
Z1.3.B.02,2015,MMR Dose 2 by Age 13,2002,96.26,2.93,1.57,91.68
Z1.3.B.02,2016,MMR Dose 2 by Age 13,2003,98.84000000000002,1.53,5.0,91.18
Z1.3.B.02,2017,MMR Dose 2 by Age 13,2004,92.91000000000001,4.3,0.34,91.45
Z1.3.B.02,2018,MMR Dose 2 by Age 13,2005,92.48,3.67,0.31000000000000005,91.34000000000002
Z1.3.B.02,2019,MMR Dose 2 by Age 13,2006,98.96000000000001,1.4000000000000001,5.340000000000001,91.46000000000001
Z1.3.B.02,2020,MMR Dose 2 by Age 13,2007,87.79,4.7700000000000005,-0.68,91.01
Z1.3.B.02,2021,MMR Dose 2 by Age 13,2008,94.49000000000001,3.4200000000000004,1.37,89.81000000000002
Z1.3.B.02,2022,MMR Dose 2 by Age 13,2009,92.87,3.56,0.8500000000000001,89.83000000000001
Z1.3.B.02,2023,MMR Dose 2 by Age 13,2010,87.45,5.22,-0.41000000000000003,89.61000000000001
Z1.3.B.02,2014,MMR Dose 2 by Age 17,1997,97.77,1.7200000000000002,3.12,92.41000000000001
Z1.3.B.02,2015,MMR Dose 2 by Age 17,1998,95.27,3.4200000000000004,0.7400000000000001,92.75
Z1.3.B.02,2016,MMR Dose 2 by Age 17,1999,98.81000000000002,1.5,3.73,93.22
Z1.3.B.02,2017,MMR Dose 2 by Age 17,2000,97.02,2.4000000000000004,1.4700000000000002,93.49000000000001
Z1.3.B.02,2018,MMR Dose 2 by Age 17,2001,99.25,1.03,5.72,93.37
Z1.3.B.02,2019,MMR Dose 2 by Age 17,2002,96.26,2.93,0.92,93.56
Z1.3.B.02,2020,MMR Dose 2 by Age 17,2003,98.84000000000002,1.53,2.95,94.32000000000001
Z1.3.B.02,2021,MMR Dose 2 by Age 17,2004,92.91000000000001,4.3,-0.34,94.35000000000001
Z1.3.B.02,2022,MMR Dose 2 by Age 17,2005,92.48,3.67,-0.31000000000000005,93.60000000000001
Z1.3.B.02,2023,MMR Dose 2 by Age 17,2006,98.96000000000001,1.4000000000000001,4.51,92.62
Z1.3.B.02,2023,MMR Dose 2 by Age 2,2021,54.03,7.340000000000001,-2.08,69.32
Z1.3.B.02,2014,MMR Dose 2 by Age 7,2007,85.91000000000001,5.130000000000001,1.04,80.57
Z1.3.B.02,2015,MMR Dose 2 by Age 7,2008,94.49000000000001,3.4200000000000004,3.8600000000000003,81.30000000000001
Z1.3.B.02,2016,MMR Dose 2 by Age 7,2009,88.82000000000001,4.29,1.56,82.10000000000001
Z1.3.B.02,2017,MMR Dose 2 by Age 7,2010,84.67,5.6000000000000005,0.54,81.63000000000001
Z1.3.B.02,2018,MMR Dose 2 by Age 7,2011,80.49000000000001,6.12,-0.1,81.08
Z1.3.B.02,2019,MMR Dose 2 by Age 7,2012,83.44000000000001,5.58,0.31000000000000005,81.72
Z1.3.B.02,2020,MMR Dose 2 by Age 7,2013,84.51,5.51,1.2500000000000002,77.60000000000001
Z1.3.B.02,2021,MMR Dose 2 by Age 7,2014,82.30000000000001,5.2700000000000005,1.4400000000000002,74.73
Z1.3.B.02,2022,MMR Dose 2 by Age 7,2015,79.33000000000001,6.01,0.8700000000000001,74.08
Z1.3.B.02,2023,MMR Dose 2 by Age 7,2016,76.05,6.4,0.54,72.63000000000001
Z1.3.B.03,2014,MMR Dose 1 by Age 13,2001,95.5,1.85,-0.47000000000000003,96.38000000000001
Z1.3.B.03,2015,MMR Dose 1 by Age 13,2002,98.36000000000001,1.03,1.7900000000000003,96.51
Z1.3.B.03,2016,MMR Dose 1 by Age 13,2003,96.93,1.3900000000000001,0.2,96.66000000000001
Z1.3.B.03,2017,MMR Dose 1 by Age 13,2004,97.79,1.1400000000000001,0.76,96.92
Z1.3.B.03,2018,MMR Dose 1 by Age 13,2005,97.98,1.06,0.8400000000000001,97.09
Z1.3.B.03,2019,MMR Dose 1 by Age 13,2006,96.78,1.4400000000000002,-0.02,96.81000000000002
Z1.3.B.03,2020,MMR Dose 1 by Age 13,2007,96.52,1.4000000000000001,0.16,96.30000000000001
Z1.3.B.03,2021,MMR Dose 1 by Age 13,2008,95.24000000000001,1.7200000000000002,-0.23,95.64000000000001
Z1.3.B.03,2022,MMR Dose 1 by Age 13,2009,92.41000000000001,2.0,-1.4200000000000002,95.25
Z1.3.B.03,2023,MMR Dose 1 by Age 13,2010,89.26,2.55,-2.24,94.95
Z1.3.B.03,2014,MMR Dose 1 by Age 17,1997,96.34000000000002,1.86,0.06,96.23
Z1.3.B.03,2015,MMR Dose 1 by Age 17,1998,96.52,1.4800000000000002,0.01,96.51
Z1.3.B.03,2016,MMR Dose 1 by Age 17,1999,96.4,1.6600000000000001,-0.19,96.71000000000001
Z1.3.B.03,2017,MMR Dose 1 by Age 17,2000,96.28,1.7600000000000002,-0.37000000000000005,96.94000000000001
Z1.3.B.03,2018,MMR Dose 1 by Age 17,2001,95.5,1.85,-0.8200000000000001,97.03
Z1.3.B.03,2019,MMR Dose 1 by Age 17,2002,98.36000000000001,1.03,1.1,97.22
Z1.3.B.03,2020,MMR Dose 1 by Age 17,2003,96.93,1.3900000000000001,-0.59,97.75
Z1.3.B.03,2021,MMR Dose 1 by Age 17,2004,98.28,0.9400000000000001,0.47000000000000003,97.84000000000002
Z1.3.B.03,2022,MMR Dose 1 by Age 17,2005,97.98,1.06,0.14,97.83000000000001
Z1.3.B.03,2023,MMR Dose 1 by Age 17,2006,96.78,1.4400000000000002,-0.34,97.27
Z1.3.B.03,2014,MMR Dose 1 by Age 2,2012,87.82000000000001,2.91,-0.08,88.05
Z1.3.B.03,2015,MMR Dose 1 by Age 2,2013,83.19000000000001,3.21,-1.2200000000000002,87.11000000000001
Z1.3.B.03,2016,MMR Dose 1 by Age 2,2014,82.82000000000001,3.12,-1.4300000000000002,87.29
Z1.3.B.03,2017,MMR Dose 1 by Age 2,2015,79.45,3.3600000000000003,-2.2600000000000002,87.05
Z1.3.B.03,2018,MMR Dose 1 by Age 2,2016,73.53,4.03,-3.2800000000000002,86.73
Z1.3.B.03,2019,MMR Dose 1 by Age 2,2017,81.74000000000001,3.3400000000000003,-1.56,86.96000000000001
Z1.3.B.03,2020,MMR Dose 1 by Age 2,2018,79.15,3.56,-2.11,86.65
Z1.3.B.03,2021,MMR Dose 1 by Age 2,2019,63.400000000000006,4.39,-4.51,83.2
Z1.3.B.03,2022,MMR Dose 1 by Age 2,2020,66.72,4.7700000000000005,-3.22,82.07
Z1.3.B.03,2023,MMR Dose 1 by Age 2,2021,60.790000000000006,4.890000000000001,-4.2700000000000005,81.67
Z1.3.B.03,2014,MMR Dose 2 by Age 13,2001,97.05,1.2100000000000002,4.359999999999999,91.76
Z1.3.B.03,2015,MMR Dose 2 by Age 13,2002,94.80000000000001,1.6800000000000002,1.86,91.68
Z1.3.B.03,2016,MMR Dose 2 by Age 13,2003,93.79,2.08,1.2600000000000002,91.18
Z1.3.B.03,2017,MMR Dose 2 by Age 13,2004,95.17,1.6800000000000002,2.21,91.45
Z1.3.B.03,2018,MMR Dose 2 by Age 13,2005,94.47,2.0,1.57,91.34000000000002
Z1.3.B.03,2019,MMR Dose 2 by Age 13,2006,89.68,2.58,-0.6900000000000001,91.46000000000001
Z1.3.B.03,2020,MMR Dose 2 by Age 13,2007,91.08,2.31,0.03,91.01
Z1.3.B.03,2021,MMR Dose 2 by Age 13,2008,90.89000000000001,2.2,0.49,89.81000000000002
Z1.3.B.03,2022,MMR Dose 2 by Age 13,2009,88.27,2.3600000000000003,-0.6600000000000001,89.83000000000001
Z1.3.B.03,2023,MMR Dose 2 by Age 13,2010,89.84000000000002,2.31,0.1,89.61000000000001
Z1.3.B.03,2014,MMR Dose 2 by Age 17,1997,94.33000000000001,1.81,1.07,92.41000000000001
Z1.3.B.03,2015,MMR Dose 2 by Age 17,1998,93.53,1.9000000000000001,0.41000000000000003,92.75
Z1.3.B.03,2016,MMR Dose 2 by Age 17,1999,96.02,1.4600000000000002,1.9300000000000002,93.22
Z1.3.B.03,2017,MMR Dose 2 by Age 17,2000,96.7,1.4500000000000002,2.21,93.49000000000001
Z1.3.B.03,2018,MMR Dose 2 by Age 17,2001,97.44000000000001,1.11,3.65,93.37
Z1.3.B.03,2019,MMR Dose 2 by Age 17,2002,94.80000000000001,1.6800000000000002,0.7400000000000001,93.56
Z1.3.B.03,2020,MMR Dose 2 by Age 17,2003,93.79,2.08,-0.25,94.32000000000001
Z1.3.B.03,2021,MMR Dose 2 by Age 17,2004,96.05,1.4900000000000002,1.1400000000000001,94.35000000000001
Z1.3.B.03,2022,MMR Dose 2 by Age 17,2005,95.05,1.87,0.78,93.60000000000001
Z1.3.B.03,2023,MMR Dose 2 by Age 17,2006,89.68,2.58,-1.1400000000000001,92.62
Z1.3.B.03,2023,MMR Dose 2 by Age 2,2021,53.89000000000001,4.94,-3.12,69.32
Z1.3.B.03,2014,MMR Dose 2 by Age 7,2007,82.82000000000001,2.95,0.76,80.57
Z1.3.B.03,2015,MMR Dose 2 by Age 7,2008,88.03,2.4800000000000004,2.71,81.30000000000001
Z1.3.B.03,2016,MMR Dose 2 by Age 7,2009,82.24000000000001,2.7800000000000002,0.05,82.10000000000001
Z1.3.B.03,2017,MMR Dose 2 by Age 7,2010,87.61000000000001,2.53,2.3600000000000003,81.63000000000001
Z1.3.B.03,2018,MMR Dose 2 by Age 7,2011,82.86000000000001,3.05,0.58,81.08
Z1.3.B.03,2019,MMR Dose 2 by Age 7,2012,85.39000000000001,3.06,1.2000000000000002,81.72
Z1.3.B.03,2020,MMR Dose 2 by Age 7,2013,75.7,3.56,-0.54,77.60000000000001
Z1.3.B.03,2021,MMR Dose 2 by Age 7,2014,74.09,3.41,-0.19,74.73
Z1.3.B.03,2022,MMR Dose 2 by Age 7,2015,65.66000000000001,3.79,-2.22,74.08
Z1.3.B.03,2023,MMR Dose 2 by Age 7,2016,63.27,4.24,-2.21,72.63000000000001
Z1.4.A.01,2014,MMR Dose 1 by Age 13,2001,97.85000000000001,0.49,2.9800000000000004,96.38000000000001
Z1.4.A.01,2015,MMR Dose 1 by Age 13,2002,98.07,0.49,3.22,96.51
Z1.4.A.01,2016,MMR Dose 1 by Age 13,2003,98.37,0.44,3.8600000000000003,96.66000000000001
Z1.4.A.01,2017,MMR Dose 1 by Age 13,2004,98.46000000000001,0.38000000000000006,4.04,96.92
Z1.4.A.01,2018,MMR Dose 1 by Age 13,2005,98.0,0.45,2.02,97.09
Z1.4.A.01,2019,MMR Dose 1 by Age 13,2006,98.38000000000001,0.37000000000000005,4.3,96.81000000000002
Z1.4.A.01,2020,MMR Dose 1 by Age 13,2007,98.29,0.38000000000000006,5.21,96.30000000000001
Z1.4.A.01,2021,MMR Dose 1 by Age 13,2008,96.9,0.55,2.29,95.64000000000001
Z1.4.A.01,2022,MMR Dose 1 by Age 13,2009,96.52,0.56,2.2600000000000002,95.25
Z1.4.A.01,2023,MMR Dose 1 by Age 13,2010,97.02,0.56,3.66,94.95
Z1.4.A.01,2014,MMR Dose 1 by Age 17,1997,96.58,0.68,0.51,96.23
Z1.4.A.01,2015,MMR Dose 1 by Age 17,1998,97.61000000000001,0.56,1.9800000000000002,96.51
Z1.4.A.01,2016,MMR Dose 1 by Age 17,1999,97.93,0.48000000000000004,2.55,96.71000000000001
Z1.4.A.01,2017,MMR Dose 1 by Age 17,2000,97.91000000000001,0.48000000000000004,2.02,96.94000000000001
Z1.4.A.01,2018,MMR Dose 1 by Age 17,2001,98.42,0.39,3.57,97.03
Z1.4.A.01,2019,MMR Dose 1 by Age 17,2002,98.88000000000001,0.33000000000000007,5.11,97.22
Z1.4.A.01,2020,MMR Dose 1 by Age 17,2003,99.27,0.24000000000000002,6.24,97.75
Z1.4.A.01,2021,MMR Dose 1 by Age 17,2004,98.83000000000001,0.31000000000000005,3.22,97.84000000000002
Z1.4.A.01,2022,MMR Dose 1 by Age 17,2005,98.44000000000001,0.38000000000000006,1.61,97.83000000000001
Z1.4.A.01,2023,MMR Dose 1 by Age 17,2006,98.69000000000001,0.31000000000000005,4.54,97.27
Z1.4.A.01,2014,MMR Dose 1 by Age 2,2012,90.62,1.04,2.47,88.05
Z1.4.A.01,2015,MMR Dose 1 by Age 2,2013,88.87,1.1300000000000001,1.56,87.11000000000001
Z1.4.A.01,2016,MMR Dose 1 by Age 2,2014,88.75,1.1300000000000001,1.2900000000000003,87.29
Z1.4.A.01,2017,MMR Dose 1 by Age 2,2015,86.15,1.2100000000000002,-0.7400000000000001,87.05
Z1.4.A.01,2018,MMR Dose 1 by Age 2,2016,87.04,1.2500000000000002,0.24000000000000002,86.73
Z1.4.A.01,2019,MMR Dose 1 by Age 2,2017,87.01,1.2600000000000002,0.04,86.96000000000001
Z1.4.A.01,2020,MMR Dose 1 by Age 2,2018,89.55,1.2000000000000002,2.4200000000000004,86.65
Z1.4.A.01,2021,MMR Dose 1 by Age 2,2019,85.22,1.4200000000000002,1.4200000000000002,83.2
Z1.4.A.01,2022,MMR Dose 1 by Age 2,2020,82.71000000000001,1.55,0.42000000000000004,82.07
Z1.4.A.01,2023,MMR Dose 1 by Age 2,2021,85.78,1.4200000000000002,2.89,81.67
Z1.4.A.01,2014,MMR Dose 2 by Age 13,2001,94.95,0.77,4.15,91.76
Z1.4.A.01,2015,MMR Dose 2 by Age 13,2002,95.88000000000001,0.6900000000000001,6.09,91.68
Z1.4.A.01,2016,MMR Dose 2 by Age 13,2003,97.63000000000001,0.48000000000000004,13.52,91.18
Z1.4.A.01,2017,MMR Dose 2 by Age 13,2004,95.32000000000001,0.68,5.680000000000001,91.45
Z1.4.A.01,2018,MMR Dose 2 by Age 13,2005,94.08,0.8200000000000001,3.3200000000000003,91.34000000000002
Z1.4.A.01,2019,MMR Dose 2 by Age 13,2006,92.11000000000001,0.9,0.7200000000000001,91.46000000000001
Z1.4.A.01,2020,MMR Dose 2 by Age 13,2007,94.18,0.7500000000000001,4.25,91.01
Z1.4.A.01,2021,MMR Dose 2 by Age 13,2008,91.89000000000001,0.91,2.2800000000000002,89.81000000000002
Z1.4.A.01,2022,MMR Dose 2 by Age 13,2009,91.01,0.92,1.2800000000000002,89.83000000000001
Z1.4.A.01,2023,MMR Dose 2 by Age 13,2010,92.62,0.9,3.3400000000000003,89.61000000000001
Z1.4.A.01,2014,MMR Dose 2 by Age 17,1997,95.2,0.8300000000000001,3.3800000000000003,92.41000000000001
Z1.4.A.01,2015,MMR Dose 2 by Age 17,1998,96.78,0.6100000000000001,6.66,92.75
Z1.4.A.01,2016,MMR Dose 2 by Age 17,1999,96.24000000000001,0.6500000000000001,4.62,93.22
Z1.4.A.01,2017,MMR Dose 2 by Age 17,2000,96.11000000000001,0.6900000000000001,3.79,93.49000000000001
Z1.4.A.01,2018,MMR Dose 2 by Age 17,2001,96.54,0.6000000000000001,5.26,93.37
Z1.4.A.01,2019,MMR Dose 2 by Age 17,2002,97.5,0.5,7.880000000000001,93.56
Z1.4.A.01,2020,MMR Dose 2 by Age 17,2003,98.64000000000001,0.32000000000000006,13.3,94.32000000000001
Z1.4.A.01,2021,MMR Dose 2 by Age 17,2004,96.25,0.59,3.22,94.35000000000001
Z1.4.A.01,2022,MMR Dose 2 by Age 17,2005,94.87,0.76,1.6700000000000002,93.60000000000001
Z1.4.A.01,2023,MMR Dose 2 by Age 17,2006,92.83000000000001,0.8500000000000001,0.25,92.62
Z1.4.A.01,2023,MMR Dose 2 by Age 2,2021,73.36,1.7900000000000003,2.2600000000000002,69.32
Z1.4.A.01,2014,MMR Dose 2 by Age 7,2007,86.9,1.1600000000000001,5.46,80.57
Z1.4.A.01,2015,MMR Dose 2 by Age 7,2008,87.19000000000001,1.1500000000000001,5.140000000000001,81.30000000000001
Z1.4.A.01,2016,MMR Dose 2 by Age 7,2009,86.43,1.1400000000000001,3.8000000000000003,82.10000000000001
Z1.4.A.01,2017,MMR Dose 2 by Age 7,2010,87.85000000000001,1.1500000000000001,5.41,81.63000000000001
Z1.4.A.01,2018,MMR Dose 2 by Age 7,2011,82.52,1.31,1.1,81.08
Z1.4.A.01,2019,MMR Dose 2 by Age 7,2012,84.52,1.2500000000000002,2.24,81.72
Z1.4.A.01,2020,MMR Dose 2 by Age 7,2013,84.67,1.2600000000000002,5.59,77.60000000000001
Z1.4.A.01,2021,MMR Dose 2 by Age 7,2014,80.54,1.4000000000000001,4.16,74.73
Z1.4.A.01,2022,MMR Dose 2 by Age 7,2015,76.88000000000001,1.4500000000000002,1.9300000000000002,74.08
Z1.4.A.01,2023,MMR Dose 2 by Age 7,2016,72.38,1.61,-0.15000000000000002,72.63000000000001
Z1.5.A.01,2014,MMR Dose 1 by Age 13,2001,95.95,1.1500000000000001,-0.37000000000000005,96.38000000000001
Z1.5.A.01,2015,MMR Dose 1 by Age 13,2002,97.83000000000001,0.7200000000000001,1.84,96.51
Z1.5.A.01,2016,MMR Dose 1 by Age 13,2003,97.58,0.8200000000000001,1.12,96.66000000000001
Z1.5.A.01,2017,MMR Dose 1 by Age 13,2004,98.49000000000001,0.5,3.12,96.92
Z1.5.A.01,2018,MMR Dose 1 by Age 13,2005,97.57,0.76,0.6300000000000001,97.09
Z1.5.A.01,2019,MMR Dose 1 by Age 13,2006,98.11000000000001,0.54,2.4000000000000004,96.81000000000002
Z1.5.A.01,2020,MMR Dose 1 by Age 13,2007,97.17,0.7200000000000001,1.2100000000000002,96.30000000000001
Z1.5.A.01,2021,MMR Dose 1 by Age 13,2008,97.99000000000001,0.6000000000000001,3.93,95.64000000000001
Z1.5.A.01,2022,MMR Dose 1 by Age 13,2009,95.66000000000001,0.89,0.45,95.25
Z1.5.A.01,2023,MMR Dose 1 by Age 13,2010,97.0,0.7400000000000001,2.77,94.95
Z1.5.A.01,2014,MMR Dose 1 by Age 17,1997,98.76,0.54,4.69,96.23
Z1.5.A.01,2015,MMR Dose 1 by Age 17,1998,98.64000000000001,0.55,3.8600000000000003,96.51
Z1.5.A.01,2016,MMR Dose 1 by Age 17,1999,98.19000000000001,0.7100000000000001,2.1,96.71000000000001
Z1.5.A.01,2017,MMR Dose 1 by Age 17,2000,97.48,0.9,0.6000000000000001,96.94000000000001
Z1.5.A.01,2018,MMR Dose 1 by Age 17,2001,96.4,1.05,-0.6000000000000001,97.03
Z1.5.A.01,2019,MMR Dose 1 by Age 17,2002,98.46000000000001,0.56,2.23,97.22
Z1.5.A.01,2020,MMR Dose 1 by Age 17,2003,98.05,0.6900000000000001,0.43000000000000005,97.75
Z1.5.A.01,2021,MMR Dose 1 by Age 17,2004,98.72,0.44,1.9800000000000002,97.84000000000002
Z1.5.A.01,2022,MMR Dose 1 by Age 17,2005,98.37,0.58,0.9500000000000001,97.83000000000001
Z1.5.A.01,2023,MMR Dose 1 by Age 17,2006,98.25,0.51,1.9100000000000001,97.27
Z1.5.A.01,2014,MMR Dose 1 by Age 2,2012,90.29,1.34,1.6700000000000002,88.05
Z1.5.A.01,2015,MMR Dose 1 by Age 2,2013,88.44000000000001,1.54,0.8600000000000001,87.11000000000001
Z1.5.A.01,2016,MMR Dose 1 by Age 2,2014,86.01,1.56,-0.8300000000000001,87.29
Z1.5.A.01,2017,MMR Dose 1 by Age 2,2015,91.45,1.2200000000000002,3.61,87.05
Z1.5.A.01,2018,MMR Dose 1 by Age 2,2016,91.22,1.2800000000000002,3.49,86.73
Z1.5.A.01,2019,MMR Dose 1 by Age 2,2017,92.25,1.2600000000000002,4.21,86.96000000000001
Z1.5.A.01,2020,MMR Dose 1 by Age 2,2018,92.99000000000001,1.1900000000000002,5.330000000000001,86.65
Z1.5.A.01,2021,MMR Dose 1 by Age 2,2019,88.67,1.4700000000000002,3.72,83.2
Z1.5.A.01,2022,MMR Dose 1 by Age 2,2020,89.34000000000002,1.4500000000000002,5.02,82.07
Z1.5.A.01,2023,MMR Dose 1 by Age 2,2021,88.62,1.4300000000000002,4.8500000000000005,81.67
Z1.5.A.01,2014,MMR Dose 2 by Age 13,2001,93.49000000000001,1.34,1.2900000000000003,91.76
Z1.5.A.01,2015,MMR Dose 2 by Age 13,2002,94.23,1.12,2.27,91.68
Z1.5.A.01,2016,MMR Dose 2 by Age 13,2003,95.04,1.06,3.64,91.18
Z1.5.A.01,2017,MMR Dose 2 by Age 13,2004,92.27,1.3900000000000001,0.58,91.45
Z1.5.A.01,2018,MMR Dose 2 by Age 13,2005,94.94000000000001,1.03,3.4800000000000004,91.34000000000002
Z1.5.A.01,2019,MMR Dose 2 by Age 13,2006,94.27,0.99,2.83,91.46000000000001
Z1.5.A.01,2020,MMR Dose 2 by Age 13,2007,93.23,1.1,2.03,91.01
Z1.5.A.01,2021,MMR Dose 2 by Age 13,2008,91.30000000000001,1.2700000000000002,1.1800000000000002,89.81000000000002
Z1.5.A.01,2022,MMR Dose 2 by Age 13,2009,91.77,1.1700000000000002,1.6500000000000001,89.83000000000001
Z1.5.A.01,2023,MMR Dose 2 by Age 13,2010,93.73,1.04,3.95,89.61000000000001
Z1.5.A.01,2014,MMR Dose 2 by Age 17,1997,96.99000000000001,0.8600000000000001,5.3100000000000005,92.41000000000001
Z1.5.A.01,2015,MMR Dose 2 by Age 17,1998,95.33000000000001,1.1,2.35,92.75
Z1.5.A.01,2016,MMR Dose 2 by Age 17,1999,96.60000000000001,0.92,3.66,93.22
Z1.5.A.01,2017,MMR Dose 2 by Age 17,2000,96.08,0.98,2.64,93.49000000000001
Z1.5.A.01,2018,MMR Dose 2 by Age 17,2001,94.9,1.1400000000000001,1.34,93.37
Z1.5.A.01,2019,MMR Dose 2 by Age 17,2002,96.69000000000001,0.8,3.9000000000000004,93.56
Z1.5.A.01,2020,MMR Dose 2 by Age 17,2003,96.5,0.8300000000000001,2.6,94.32000000000001
Z1.5.A.01,2021,MMR Dose 2 by Age 17,2004,94.14000000000001,1.1700000000000002,-0.17,94.35000000000001
Z1.5.A.01,2022,MMR Dose 2 by Age 17,2005,96.43,0.8300000000000001,3.4200000000000004,93.60000000000001
Z1.5.A.01,2023,MMR Dose 2 by Age 17,2006,94.96000000000001,0.92,2.55,92.62
Z1.5.A.01,2023,MMR Dose 2 by Age 2,2021,78.73,1.84,5.12,69.32
Z1.5.A.01,2014,MMR Dose 2 by Age 7,2007,84.68,1.6800000000000002,2.4400000000000004,80.57
Z1.5.A.01,2015,MMR Dose 2 by Age 7,2008,85.61000000000001,1.62,2.65,81.30000000000001
Z1.5.A.01,2016,MMR Dose 2 by Age 7,2009,85.22,1.57,1.9900000000000002,82.10000000000001
Z1.5.A.01,2017,MMR Dose 2 by Age 7,2010,87.55,1.5,3.95,81.63000000000001
Z1.5.A.01,2018,MMR Dose 2 by Age 7,2011,84.93,1.62,2.37,81.08
Z1.5.A.01,2019,MMR Dose 2 by Age 7,2012,90.7,1.2400000000000002,7.23,81.72
Z1.5.A.01,2020,MMR Dose 2 by Age 7,2013,87.88000000000001,1.4400000000000002,7.12,77.60000000000001
Z1.5.A.01,2021,MMR Dose 2 by Age 7,2014,85.71000000000001,1.4900000000000002,7.370000000000001,74.73
Z1.5.A.01,2022,MMR Dose 2 by Age 7,2015,84.76,1.5,7.130000000000001,74.08
Z1.5.A.01,2023,MMR Dose 2 by Age 7,2016,83.55,1.53,7.11,72.63000000000001
Z1.5.B.02,2014,MMR Dose 1 by Age 13,2001,99.66000000000001,0.21000000000000002,15.690000000000001,96.38000000000001
Z1.5.B.02,2015,MMR Dose 1 by Age 13,2002,98.37,0.68,2.72,96.51
Z1.5.B.02,2016,MMR Dose 1 by Age 13,2003,98.04,0.7200000000000001,1.9300000000000002,96.66000000000001
Z1.5.B.02,2017,MMR Dose 1 by Age 13,2004,98.0,0.6500000000000001,1.6500000000000001,96.92
Z1.5.B.02,2018,MMR Dose 1 by Age 13,2005,99.15,0.35000000000000003,5.870000000000001,97.09
Z1.5.B.02,2019,MMR Dose 1 by Age 13,2006,98.97,0.39,5.59,96.81000000000002
Z1.5.B.02,2020,MMR Dose 1 by Age 13,2007,97.93,0.6200000000000001,2.65,96.30000000000001
Z1.5.B.02,2021,MMR Dose 1 by Age 13,2008,98.28,0.56,4.69,95.64000000000001
Z1.5.B.02,2022,MMR Dose 1 by Age 13,2009,96.52,0.8400000000000001,1.5,95.25
Z1.5.B.02,2023,MMR Dose 1 by Age 13,2010,96.91000000000001,0.8,2.4600000000000004,94.95
Z1.5.B.02,2014,MMR Dose 1 by Age 17,1997,98.97,0.41000000000000003,6.7,96.23
Z1.5.B.02,2015,MMR Dose 1 by Age 17,1998,98.72,0.5,4.44,96.51
Z1.5.B.02,2016,MMR Dose 1 by Age 17,1999,99.16000000000001,0.38000000000000006,6.430000000000001,96.71000000000001
Z1.5.B.02,2017,MMR Dose 1 by Age 17,2000,99.06,0.4,5.25,96.94000000000001
Z1.5.B.02,2018,MMR Dose 1 by Age 17,2001,99.77,0.15000000000000002,18.69,97.03
Z1.5.B.02,2019,MMR Dose 1 by Age 17,2002,98.96000000000001,0.47000000000000003,3.69,97.22
Z1.5.B.02,2020,MMR Dose 1 by Age 17,2003,98.74000000000001,0.51,1.9500000000000002,97.75
Z1.5.B.02,2021,MMR Dose 1 by Age 17,2004,99.17,0.32000000000000006,4.19,97.84000000000002
Z1.5.B.02,2022,MMR Dose 1 by Age 17,2005,99.59,0.19,9.07,97.83000000000001
Z1.5.B.02,2023,MMR Dose 1 by Age 17,2006,99.34000000000002,0.26,7.880000000000001,97.27
Z1.5.B.02,2014,MMR Dose 1 by Age 2,2012,89.06,1.6700000000000002,0.6100000000000001,88.05
Z1.5.B.02,2015,MMR Dose 1 by Age 2,2013,85.61000000000001,1.9400000000000002,-0.77,87.11000000000001
Z1.5.B.02,2016,MMR Dose 1 by Age 2,2014,83.87,2.1,-1.6300000000000001,87.29
Z1.5.B.02,2017,MMR Dose 1 by Age 2,2015,89.15,1.6400000000000001,1.2800000000000002,87.05
Z1.5.B.02,2018,MMR Dose 1 by Age 2,2016,86.53,1.8800000000000001,-0.11,86.73
Z1.5.B.02,2019,MMR Dose 1 by Age 2,2017,92.19000000000001,1.4800000000000002,3.53,86.96000000000001
Z1.5.B.02,2020,MMR Dose 1 by Age 2,2018,87.5,2.05,0.41000000000000003,86.65
Z1.5.B.02,2021,MMR Dose 1 by Age 2,2019,86.19000000000001,1.9100000000000001,1.57,83.2
Z1.5.B.02,2022,MMR Dose 1 by Age 2,2020,85.04,2.05,1.4500000000000002,82.07
Z1.5.B.02,2023,MMR Dose 1 by Age 2,2021,84.43,2.07,1.34,81.67
Z1.5.B.02,2014,MMR Dose 2 by Age 13,2001,96.91000000000001,0.8600000000000001,5.970000000000001,91.76
Z1.5.B.02,2015,MMR Dose 2 by Age 13,2002,93.13000000000001,1.55,0.9400000000000001,91.68
Z1.5.B.02,2016,MMR Dose 2 by Age 13,2003,95.41000000000001,1.1500000000000001,3.69,91.18
Z1.5.B.02,2017,MMR Dose 2 by Age 13,2004,94.87,1.1700000000000002,2.91,91.45
Z1.5.B.02,2018,MMR Dose 2 by Age 13,2005,93.75,1.2900000000000003,1.86,91.34000000000002
Z1.5.B.02,2019,MMR Dose 2 by Age 13,2006,94.95,1.08,3.24,91.46000000000001
Z1.5.B.02,2020,MMR Dose 2 by Age 13,2007,92.76,1.32,1.33,91.01
Z1.5.B.02,2021,MMR Dose 2 by Age 13,2008,94.45,1.1600000000000001,4.02,89.81000000000002
Z1.5.B.02,2022,MMR Dose 2 by Age 13,2009,93.04,1.2200000000000002,2.63,89.83000000000001
Z1.5.B.02,2023,MMR Dose 2 by Age 13,2010,92.06,1.34,1.83,89.61000000000001
Z1.5.B.02,2014,MMR Dose 2 by Age 17,1997,96.76,0.8700000000000001,5.0,92.41000000000001
Z1.5.B.02,2015,MMR Dose 2 by Age 17,1998,97.25,0.7300000000000001,6.180000000000001,92.75
Z1.5.B.02,2016,MMR Dose 2 by Age 17,1999,94.9,1.2400000000000002,1.36,93.22
Z1.5.B.02,2017,MMR Dose 2 by Age 17,2000,95.11000000000001,1.1700000000000002,1.3800000000000001,93.49000000000001
Z1.5.B.02,2018,MMR Dose 2 by Age 17,2001,97.96000000000001,0.6400000000000001,7.2,93.37
Z1.5.B.02,2019,MMR Dose 2 by Age 17,2002,95.4,1.1700000000000002,1.57,93.56
Z1.5.B.02,2020,MMR Dose 2 by Age 17,2003,97.53,0.7400000000000001,4.319999999999999,94.32000000000001
Z1.5.B.02,2021,MMR Dose 2 by Age 17,2004,98.34000000000002,0.51,7.870000000000001,94.35000000000001
Z1.5.B.02,2022,MMR Dose 2 by Age 17,2005,96.98,0.81,4.15,93.60000000000001
Z1.5.B.02,2023,MMR Dose 2 by Age 17,2006,97.05,0.7200000000000001,6.11,92.62
Z1.5.B.02,2023,MMR Dose 2 by Age 2,2021,73.08,2.5,1.51,69.32
Z1.5.B.02,2014,MMR Dose 2 by Age 7,2007,78.45,2.21,-0.96,80.57
Z1.5.B.02,2015,MMR Dose 2 by Age 7,2008,83.48,2.07,1.05,81.30000000000001
Z1.5.B.02,2016,MMR Dose 2 by Age 7,2009,78.83000000000001,2.09,-1.57,82.10000000000001
Z1.5.B.02,2017,MMR Dose 2 by Age 7,2010,81.68,2.05,0.02,81.63000000000001
Z1.5.B.02,2018,MMR Dose 2 by Age 7,2011,83.45,2.08,1.1400000000000001,81.08
Z1.5.B.02,2019,MMR Dose 2 by Age 7,2012,88.11000000000001,1.6800000000000002,3.81,81.72
Z1.5.B.02,2020,MMR Dose 2 by Age 7,2013,87.95,1.7600000000000002,5.880000000000001,77.60000000000001
Z1.5.B.02,2021,MMR Dose 2 by Age 7,2014,81.24000000000001,2.24,2.91,74.73
Z1.5.B.02,2022,MMR Dose 2 by Age 7,2015,81.99000000000001,2.04,3.8800000000000003,74.08
Z1.5.B.02,2023,MMR Dose 2 by Age 7,2016,78.42,2.22,2.61,72.63000000000001
Z1.5.C.03,2014,MMR Dose 1 by Age 13,2001,96.26,0.99,-0.12000000000000001,96.38000000000001
Z1.5.C.03,2015,MMR Dose 1 by Age 13,2002,97.0,0.8600000000000001,0.5700000000000001,96.51
Z1.5.C.03,2016,MMR Dose 1 by Age 13,2003,96.07,1.1,-0.53,96.66000000000001
Z1.5.C.03,2017,MMR Dose 1 by Age 13,2004,98.18,0.6100000000000001,2.08,96.92
Z1.5.C.03,2018,MMR Dose 1 by Age 13,2005,95.51,1.1500000000000001,-1.3800000000000001,97.09
Z1.5.C.03,2019,MMR Dose 1 by Age 13,2006,97.32000000000001,0.8300000000000001,0.6100000000000001,96.81000000000002
Z1.5.C.03,2020,MMR Dose 1 by Age 13,2007,96.41000000000001,0.98,0.11,96.30000000000001
Z1.5.C.03,2021,MMR Dose 1 by Age 13,2008,97.72,0.6600000000000001,3.18,95.64000000000001
Z1.5.C.03,2022,MMR Dose 1 by Age 13,2009,95.89000000000001,1.01,0.6300000000000001,95.25
Z1.5.C.03,2023,MMR Dose 1 by Age 13,2010,96.15,0.93,1.2800000000000002,94.95
Z1.5.C.03,2014,MMR Dose 1 by Age 17,1997,97.52,0.8700000000000001,1.4800000000000002,96.23
Z1.5.C.03,2015,MMR Dose 1 by Age 17,1998,98.83000000000001,0.5,4.630000000000001,96.51
Z1.5.C.03,2016,MMR Dose 1 by Age 17,1999,97.01,0.8700000000000001,0.34,96.71000000000001
Z1.5.C.03,2017,MMR Dose 1 by Age 17,2000,98.19000000000001,0.6500000000000001,1.9200000000000002,96.94000000000001
Z1.5.C.03,2018,MMR Dose 1 by Age 17,2001,96.98,0.8500000000000001,-0.05,97.03
Z1.5.C.03,2019,MMR Dose 1 by Age 17,2002,98.44000000000001,0.52,2.3400000000000003,97.22
Z1.5.C.03,2020,MMR Dose 1 by Age 17,2003,97.52,0.8,-0.28,97.75
Z1.5.C.03,2021,MMR Dose 1 by Age 17,2004,98.18,0.6100000000000001,0.5700000000000001,97.84000000000002
Z1.5.C.03,2022,MMR Dose 1 by Age 17,2005,96.33000000000001,1.01,-1.4800000000000002,97.83000000000001
Z1.5.C.03,2023,MMR Dose 1 by Age 17,2006,97.49000000000001,0.78,0.28,97.27
Z1.5.C.03,2014,MMR Dose 1 by Age 2,2012,89.72,1.6600000000000001,1.01,88.05
Z1.5.C.03,2015,MMR Dose 1 by Age 2,2013,79.16000000000001,2.23,-3.56,87.11000000000001
Z1.5.C.03,2016,MMR Dose 1 by Age 2,2014,87.0,1.83,-0.16,87.29
Z1.5.C.03,2017,MMR Dose 1 by Age 2,2015,88.17,1.7400000000000002,0.6400000000000001,87.05
Z1.5.C.03,2018,MMR Dose 1 by Age 2,2016,88.36000000000001,1.8,0.9,86.73
Z1.5.C.03,2019,MMR Dose 1 by Age 2,2017,89.31000000000002,1.7300000000000002,1.36,86.96000000000001
Z1.5.C.03,2020,MMR Dose 1 by Age 2,2018,87.44000000000001,1.9100000000000001,0.41000000000000003,86.65
Z1.5.C.03,2021,MMR Dose 1 by Age 2,2019,85.55,1.9800000000000002,1.1800000000000002,83.2
Z1.5.C.03,2022,MMR Dose 1 by Age 2,2020,83.17,2.2,0.5,82.07
Z1.5.C.03,2023,MMR Dose 1 by Age 2,2021,85.06,2.04,1.6600000000000001,81.67
Z1.5.C.03,2014,MMR Dose 2 by Age 13,2001,88.44000000000001,1.9300000000000002,-1.7200000000000002,91.76
Z1.5.C.03,2015,MMR Dose 2 by Age 13,2002,90.32000000000001,1.7200000000000002,-0.79,91.68
Z1.5.C.03,2016,MMR Dose 2 by Age 13,2003,91.74000000000001,1.6400000000000001,0.34,91.18
Z1.5.C.03,2017,MMR Dose 2 by Age 13,2004,93.44000000000001,1.3,1.52,91.45
Z1.5.C.03,2018,MMR Dose 2 by Age 13,2005,89.91000000000001,1.7500000000000002,-0.8200000000000001,91.34000000000002
Z1.5.C.03,2019,MMR Dose 2 by Age 13,2006,93.84000000000002,1.2400000000000002,1.9300000000000002,91.46000000000001
Z1.5.C.03,2020,MMR Dose 2 by Age 13,2007,89.84000000000002,1.61,-0.7300000000000001,91.01
Z1.5.C.03,2021,MMR Dose 2 by Age 13,2008,93.34000000000002,1.2200000000000002,2.89,89.81000000000002
Z1.5.C.03,2022,MMR Dose 2 by Age 13,2009,91.75,1.3900000000000001,1.3800000000000001,89.83000000000001
Z1.5.C.03,2023,MMR Dose 2 by Age 13,2010,89.96000000000001,1.57,0.22,89.61000000000001
Z1.5.C.03,2014,MMR Dose 2 by Age 17,1997,94.63000000000001,1.2000000000000002,1.86,92.41000000000001
Z1.5.C.03,2015,MMR Dose 2 by Age 17,1998,94.35000000000001,1.4000000000000001,1.1400000000000001,92.75
Z1.5.C.03,2016,MMR Dose 2 by Age 17,1999,92.57,1.4300000000000002,-0.46,93.22
Z1.5.C.03,2017,MMR Dose 2 by Age 17,2000,95.23,1.2200000000000002,1.4200000000000002,93.49000000000001
Z1.5.C.03,2018,MMR Dose 2 by Age 17,2001,90.88000000000001,1.6700000000000002,-1.4900000000000002,93.37
Z1.5.C.03,2019,MMR Dose 2 by Age 17,2002,94.29,1.2500000000000002,0.58,93.56
Z1.5.C.03,2020,MMR Dose 2 by Age 17,2003,95.27,1.1600000000000001,0.8200000000000001,94.32000000000001
Z1.5.C.03,2021,MMR Dose 2 by Age 17,2004,93.97,1.2300000000000002,-0.30000000000000004,94.35000000000001
Z1.5.C.03,2022,MMR Dose 2 by Age 17,2005,91.96000000000001,1.56,-1.05,93.60000000000001
Z1.5.C.03,2023,MMR Dose 2 by Age 17,2006,94.57,1.1300000000000001,1.7200000000000002,92.62
Z1.5.C.03,2023,MMR Dose 2 by Age 2,2021,71.25,2.58,0.7500000000000001,69.32
Z1.5.C.03,2014,MMR Dose 2 by Age 7,2007,80.05,2.21,-0.23,80.57
Z1.5.C.03,2015,MMR Dose 2 by Age 7,2008,83.61000000000001,1.9900000000000002,1.1600000000000001,81.30000000000001
Z1.5.C.03,2016,MMR Dose 2 by Age 7,2009,81.47,2.06,-0.30000000000000004,82.10000000000001
Z1.5.C.03,2017,MMR Dose 2 by Age 7,2010,82.34000000000002,2.06,0.34,81.63000000000001
Z1.5.C.03,2018,MMR Dose 2 by Age 7,2011,86.03,1.87,2.64,81.08
Z1.5.C.03,2019,MMR Dose 2 by Age 7,2012,85.67,1.85,2.14,81.72
Z1.5.C.03,2020,MMR Dose 2 by Age 7,2013,83.16000000000001,1.9900000000000002,2.79,77.60000000000001
Z1.5.C.03,2021,MMR Dose 2 by Age 7,2014,82.96000000000001,1.9900000000000002,4.130000000000001,74.73
Z1.5.C.03,2022,MMR Dose 2 by Age 7,2015,75.89,2.22,0.81,74.08
Z1.5.C.03,2023,MMR Dose 2 by Age 7,2016,76.48,2.3000000000000003,1.6700000000000002,72.63000000000001
Z2.1.A.01,2014,MMR Dose 1 by Age 13,2001,97.16000000000001,0.53,1.4600000000000002,96.38000000000001
Z2.1.A.01,2015,MMR Dose 1 by Age 13,2002,98.49000000000001,0.30000000000000004,6.7,96.51
Z2.1.A.01,2016,MMR Dose 1 by Age 13,2003,97.62,0.4,2.39,96.66000000000001
Z2.1.A.01,2017,MMR Dose 1 by Age 13,2004,98.75,0.25,7.22,96.92
Z2.1.A.01,2018,MMR Dose 1 by Age 13,2005,97.29,0.41000000000000003,0.47000000000000003,97.09
Z2.1.A.01,2019,MMR Dose 1 by Age 13,2006,97.11000000000001,0.43000000000000005,0.7000000000000001,96.81000000000002
Z2.1.A.01,2020,MMR Dose 1 by Age 13,2007,97.48,0.38000000000000006,3.14,96.30000000000001
Z2.1.A.01,2021,MMR Dose 1 by Age 13,2008,96.42,0.46,1.7000000000000002,95.64000000000001
Z2.1.A.01,2022,MMR Dose 1 by Age 13,2009,96.27,0.46,2.2,95.25
Z2.1.A.01,2023,MMR Dose 1 by Age 13,2010,97.03,0.42000000000000004,4.970000000000001,94.95
Z2.1.A.01,2014,MMR Dose 1 by Age 17,1997,98.55,0.33000000000000007,7.09,96.23
Z2.1.A.01,2015,MMR Dose 1 by Age 17,1998,98.94000000000001,0.24000000000000002,10.13,96.51
Z2.1.A.01,2016,MMR Dose 1 by Age 17,1999,99.28,0.2,13.110000000000001,96.71000000000001
Z2.1.A.01,2017,MMR Dose 1 by Age 17,2000,98.97,0.23,8.81,96.94000000000001
Z2.1.A.01,2018,MMR Dose 1 by Age 17,2001,98.18,0.37000000000000005,3.11,97.03
Z2.1.A.01,2019,MMR Dose 1 by Age 17,2002,98.91000000000001,0.23,7.48,97.22
Z2.1.A.01,2020,MMR Dose 1 by Age 17,2003,98.31000000000002,0.31000000000000005,1.84,97.75
Z2.1.A.01,2021,MMR Dose 1 by Age 17,2004,99.14000000000001,0.19,6.99,97.84000000000002
Z2.1.A.01,2022,MMR Dose 1 by Age 17,2005,97.96000000000001,0.33000000000000007,0.41000000000000003,97.83000000000001
Z2.1.A.01,2023,MMR Dose 1 by Age 17,2006,97.54,0.38000000000000006,0.6900000000000001,97.27
Z2.1.A.01,2014,MMR Dose 1 by Age 2,2012,92.61000000000001,0.7400000000000001,6.16,88.05
Z2.1.A.01,2015,MMR Dose 1 by Age 2,2013,90.69000000000001,0.81,4.430000000000001,87.11000000000001
Z2.1.A.01,2016,MMR Dose 1 by Age 2,2014,91.44000000000001,0.76,5.45,87.29
Z2.1.A.01,2017,MMR Dose 1 by Age 2,2015,90.48,0.81,4.22,87.05
Z2.1.A.01,2018,MMR Dose 1 by Age 2,2016,91.33000000000001,0.7500000000000001,6.11,86.73
Z2.1.A.01,2019,MMR Dose 1 by Age 2,2017,91.89000000000001,0.7500000000000001,6.56,86.96000000000001
Z2.1.A.01,2020,MMR Dose 1 by Age 2,2018,90.71000000000001,0.8200000000000001,4.970000000000001,86.65
Z2.1.A.01,2021,MMR Dose 1 by Age 2,2019,90.19000000000001,0.8400000000000001,8.270000000000001,83.2
Z2.1.A.01,2022,MMR Dose 1 by Age 2,2020,89.10000000000001,0.91,7.76,82.07
Z2.1.A.01,2023,MMR Dose 1 by Age 2,2021,88.21000000000001,0.9,7.300000000000001,81.67
Z2.1.A.01,2014,MMR Dose 2 by Age 13,2001,95.41000000000001,0.6000000000000001,6.08,91.76
Z2.1.A.01,2015,MMR Dose 2 by Age 13,2002,96.21000000000001,0.5,9.12,91.68
Z2.1.A.01,2016,MMR Dose 2 by Age 13,2003,95.11000000000001,0.6000000000000001,6.6000000000000005,91.18
Z2.1.A.01,2017,MMR Dose 2 by Age 13,2004,95.61000000000001,0.54,7.76,91.45
Z2.1.A.01,2018,MMR Dose 2 by Age 13,2005,94.19000000000001,0.58,4.890000000000001,91.34000000000002
Z2.1.A.01,2019,MMR Dose 2 by Age 13,2006,93.93,0.6000000000000001,4.130000000000001,91.46000000000001
Z2.1.A.01,2020,MMR Dose 2 by Age 13,2007,94.16000000000001,0.56,5.58,91.01
Z2.1.A.01,2021,MMR Dose 2 by Age 13,2008,92.30000000000001,0.6500000000000001,3.87,89.81000000000002
Z2.1.A.01,2022,MMR Dose 2 by Age 13,2009,92.95,0.6200000000000001,5.04,89.83000000000001
Z2.1.A.01,2023,MMR Dose 2 by Age 13,2010,94.21000000000001,0.56,8.200000000000001,89.61000000000001
Z2.1.A.01,2014,MMR Dose 2 by Age 17,1997,97.03,0.43000000000000005,10.71,92.41000000000001
Z2.1.A.01,2015,MMR Dose 2 by Age 17,1998,97.13000000000001,0.43000000000000005,10.280000000000001,92.75
Z2.1.A.01,2016,MMR Dose 2 by Age 17,1999,98.13000000000001,0.32000000000000006,15.250000000000002,93.22
Z2.1.A.01,2017,MMR Dose 2 by Age 17,2000,97.89000000000001,0.33000000000000007,13.42,93.49000000000001
Z2.1.A.01,2018,MMR Dose 2 by Age 17,2001,97.04,0.44,8.41,93.37
Z2.1.A.01,2019,MMR Dose 2 by Age 17,2002,97.62,0.35000000000000003,11.58,93.56
Z2.1.A.01,2020,MMR Dose 2 by Age 17,2003,96.67,0.45,5.22,94.32000000000001
Z2.1.A.01,2021,MMR Dose 2 by Age 17,2004,97.25,0.38000000000000006,7.61,94.35000000000001
Z2.1.A.01,2022,MMR Dose 2 by Age 17,2005,95.69000000000001,0.47000000000000003,4.430000000000001,93.60000000000001
Z2.1.A.01,2023,MMR Dose 2 by Age 17,2006,94.57,0.55,3.52,92.62
Z2.1.A.01,2023,MMR Dose 2 by Age 2,2021,77.01,1.1700000000000002,6.59,69.32
Z2.1.A.01,2014,MMR Dose 2 by Age 7,2007,86.68,0.9,6.7700000000000005,80.57
Z2.1.A.01,2015,MMR Dose 2 by Age 7,2008,86.0,0.91,5.140000000000001,81.30000000000001
Z2.1.A.01,2016,MMR Dose 2 by Age 7,2009,87.2,0.8600000000000001,5.94,82.10000000000001
Z2.1.A.01,2017,MMR Dose 2 by Age 7,2010,87.76,0.8700000000000001,7.05,81.63000000000001
Z2.1.A.01,2018,MMR Dose 2 by Age 7,2011,86.99000000000001,0.8700000000000001,6.79,81.08
Z2.1.A.01,2019,MMR Dose 2 by Age 7,2012,86.85000000000001,0.88,5.82,81.72
Z2.1.A.01,2020,MMR Dose 2 by Age 7,2013,81.32000000000001,1.01,3.67,77.60000000000001
Z2.1.A.01,2021,MMR Dose 2 by Age 7,2014,76.69000000000001,1.08,1.81,74.73
Z2.1.A.01,2022,MMR Dose 2 by Age 7,2015,80.82000000000001,1.02,6.6000000000000005,74.08
Z2.1.A.01,2023,MMR Dose 2 by Age 7,2016,82.79,0.91,11.13,72.63000000000001
Z2.1.B.02,2014,MMR Dose 1 by Age 13,2001,99.04,0.22,11.99,96.38000000000001
Z2.1.B.02,2015,MMR Dose 1 by Age 13,2002,98.97,0.23,10.46,96.51
Z2.1.B.02,2016,MMR Dose 1 by Age 13,2003,98.87,0.23,9.450000000000001,96.66000000000001
Z2.1.B.02,2017,MMR Dose 1 by Age 13,2004,99.32000000000001,0.17,14.51,96.92
Z2.1.B.02,2018,MMR Dose 1 by Age 13,2005,98.77,0.24000000000000002,6.95,97.09
Z2.1.B.02,2019,MMR Dose 1 by Age 13,2006,98.84000000000002,0.22,9.41,96.81000000000002
Z2.1.B.02,2020,MMR Dose 1 by Age 13,2007,98.24000000000001,0.27,7.12,96.30000000000001
Z2.1.B.02,2021,MMR Dose 1 by Age 13,2008,98.06,0.29000000000000004,8.39,95.64000000000001
Z2.1.B.02,2022,MMR Dose 1 by Age 13,2009,97.10000000000001,0.37000000000000005,4.99,95.25
Z2.1.B.02,2023,MMR Dose 1 by Age 13,2010,97.81000000000002,0.30000000000000004,9.43,94.95
Z2.1.B.02,2014,MMR Dose 1 by Age 17,1997,99.43,0.16,19.770000000000003,96.23
Z2.1.B.02,2015,MMR Dose 1 by Age 17,1998,99.16000000000001,0.21000000000000002,12.780000000000001,96.51
Z2.1.B.02,2016,MMR Dose 1 by Age 17,1999,98.99000000000001,0.24000000000000002,9.54,96.71000000000001
Z2.1.B.02,2017,MMR Dose 1 by Age 17,2000,99.39000000000001,0.16,15.750000000000002,96.94000000000001
Z2.1.B.02,2018,MMR Dose 1 by Age 17,2001,99.54,0.12000000000000001,20.790000000000003,97.03
Z2.1.B.02,2019,MMR Dose 1 by Age 17,2002,99.51,0.13,18.16,97.22
Z2.1.B.02,2020,MMR Dose 1 by Age 17,2003,99.24000000000001,0.17,8.82,97.75
Z2.1.B.02,2021,MMR Dose 1 by Age 17,2004,99.58,0.11,16.37,97.84000000000002
Z2.1.B.02,2022,MMR Dose 1 by Age 17,2005,99.28,0.16,9.290000000000001,97.83000000000001
Z2.1.B.02,2023,MMR Dose 1 by Age 17,2006,99.11000000000001,0.18,10.48,97.27
Z2.1.B.02,2014,MMR Dose 1 by Age 2,2012,92.7,0.6500000000000001,7.19,88.05
Z2.1.B.02,2015,MMR Dose 1 by Age 2,2013,91.78,0.68,6.86,87.11000000000001
Z2.1.B.02,2016,MMR Dose 1 by Age 2,2014,92.34000000000002,0.6600000000000001,7.62,87.29
Z2.1.B.02,2017,MMR Dose 1 by Age 2,2015,91.21000000000001,0.7100000000000001,5.86,87.05
Z2.1.B.02,2018,MMR Dose 1 by Age 2,2016,92.64000000000001,0.6600000000000001,8.98,86.73
Z2.1.B.02,2019,MMR Dose 1 by Age 2,2017,92.41000000000001,0.68,8.05,86.96000000000001
Z2.1.B.02,2020,MMR Dose 1 by Age 2,2018,93.91000000000001,0.6400000000000001,11.31,86.65
Z2.1.B.02,2021,MMR Dose 1 by Age 2,2019,90.56,0.77,9.54,83.2
Z2.1.B.02,2022,MMR Dose 1 by Age 2,2020,90.86000000000001,0.8,11.06,82.07
Z2.1.B.02,2023,MMR Dose 1 by Age 2,2021,89.56,0.77,10.24,81.67
Z2.1.B.02,2014,MMR Dose 2 by Age 13,2001,97.61000000000001,0.38000000000000006,15.290000000000001,91.76
Z2.1.B.02,2015,MMR Dose 2 by Age 13,2002,96.7,0.47000000000000003,10.58,91.68
Z2.1.B.02,2016,MMR Dose 2 by Age 13,2003,96.77,0.44,12.74,91.18
Z2.1.B.02,2017,MMR Dose 2 by Age 13,2004,97.04,0.41000000000000003,13.54,91.45
Z2.1.B.02,2018,MMR Dose 2 by Age 13,2005,95.5,0.5,8.33,91.34000000000002
Z2.1.B.02,2019,MMR Dose 2 by Age 13,2006,95.93,0.44,10.110000000000001,91.46000000000001
Z2.1.B.02,2020,MMR Dose 2 by Age 13,2007,94.05,0.53,5.71,91.01
Z2.1.B.02,2021,MMR Dose 2 by Age 13,2008,94.33000000000001,0.52,8.74,89.81000000000002
Z2.1.B.02,2022,MMR Dose 2 by Age 13,2009,94.17,0.52,8.290000000000001,89.83000000000001
Z2.1.B.02,2023,MMR Dose 2 by Age 13,2010,94.86000000000001,0.48000000000000004,11.06,89.61000000000001
Z2.1.B.02,2014,MMR Dose 2 by Age 17,1997,97.62,0.39,13.370000000000001,92.41000000000001
Z2.1.B.02,2015,MMR Dose 2 by Age 17,1998,98.0,0.34,15.58,92.75
Z2.1.B.02,2016,MMR Dose 2 by Age 17,1999,98.25,0.31000000000000005,16.27,93.22
Z2.1.B.02,2017,MMR Dose 2 by Age 17,2000,98.41000000000001,0.29000000000000004,17.25,93.49000000000001
Z2.1.B.02,2018,MMR Dose 2 by Age 17,2001,98.78,0.23,23.48,93.37
Z2.1.B.02,2019,MMR Dose 2 by Age 17,2002,98.14000000000001,0.31000000000000005,14.770000000000001,93.56
Z2.1.B.02,2020,MMR Dose 2 by Age 17,2003,97.9,0.32000000000000006,11.22,94.32000000000001
Z2.1.B.02,2021,MMR Dose 2 by Age 17,2004,98.17,0.28,13.52,94.35000000000001
Z2.1.B.02,2022,MMR Dose 2 by Age 17,2005,97.08,0.37000000000000005,9.38,93.60000000000001
Z2.1.B.02,2023,MMR Dose 2 by Age 17,2006,96.5,0.4,9.760000000000002,92.62
Z2.1.B.02,2023,MMR Dose 2 by Age 2,2021,79.87,1.0,10.52,69.32
Z2.1.B.02,2014,MMR Dose 2 by Age 7,2007,86.74000000000001,0.8400000000000001,7.340000000000001,80.57
Z2.1.B.02,2015,MMR Dose 2 by Age 7,2008,88.4,0.79,9.02,81.30000000000001
Z2.1.B.02,2016,MMR Dose 2 by Age 7,2009,87.91000000000001,0.79,7.370000000000001,82.10000000000001
Z2.1.B.02,2017,MMR Dose 2 by Age 7,2010,87.05,0.8,6.7700000000000005,81.63000000000001
Z2.1.B.02,2018,MMR Dose 2 by Age 7,2011,88.49000000000001,0.77,9.620000000000001,81.08
Z2.1.B.02,2019,MMR Dose 2 by Age 7,2012,88.11000000000001,0.76,8.41,81.72
Z2.1.B.02,2020,MMR Dose 2 by Age 7,2013,86.34000000000002,0.81,10.780000000000001,77.60000000000001
Z2.1.B.02,2021,MMR Dose 2 by Age 7,2014,81.10000000000001,0.9500000000000001,6.72,74.73
Z2.1.B.02,2022,MMR Dose 2 by Age 7,2015,82.54,0.88,9.600000000000001,74.08
Z2.1.B.02,2023,MMR Dose 2 by Age 7,2016,84.35000000000001,0.8200000000000001,14.21,72.63000000000001
Z2.1.C.03,2014,MMR Dose 1 by Age 13,2001,96.82000000000001,0.6200000000000001,0.7100000000000001,96.38000000000001
Z2.1.C.03,2015,MMR Dose 1 by Age 13,2002,97.30000000000001,0.54,1.4700000000000002,96.51
Z2.1.C.03,2016,MMR Dose 1 by Age 13,2003,97.33000000000001,0.5,1.34,96.66000000000001
Z2.1.C.03,2017,MMR Dose 1 by Age 13,2004,96.9,0.5700000000000001,-0.03,96.92
Z2.1.C.03,2018,MMR Dose 1 by Age 13,2005,97.14000000000001,0.55,0.09,97.09
Z2.1.C.03,2019,MMR Dose 1 by Age 13,2006,96.02,0.6200000000000001,-1.2800000000000002,96.81000000000002
Z2.1.C.03,2020,MMR Dose 1 by Age 13,2007,96.78,0.54,0.9,96.30000000000001
Z2.1.C.03,2021,MMR Dose 1 by Age 13,2008,96.07,0.58,0.76,95.64000000000001
Z2.1.C.03,2022,MMR Dose 1 by Age 13,2009,95.76,0.6000000000000001,0.8500000000000001,95.25
Z2.1.C.03,2023,MMR Dose 1 by Age 13,2010,96.22,0.58,2.17,94.95
Z2.1.C.03,2014,MMR Dose 1 by Age 17,1997,97.24000000000001,0.54,1.87,96.23
Z2.1.C.03,2015,MMR Dose 1 by Age 17,1998,99.35000000000001,0.17,16.37,96.51
Z2.1.C.03,2016,MMR Dose 1 by Age 17,1999,98.59,0.32000000000000006,5.95,96.71000000000001
Z2.1.C.03,2017,MMR Dose 1 by Age 17,2000,98.83000000000001,0.29000000000000004,6.62,96.94000000000001
Z2.1.C.03,2018,MMR Dose 1 by Age 17,2001,98.2,0.4,2.9200000000000004,97.03
Z2.1.C.03,2019,MMR Dose 1 by Age 17,2002,98.13000000000001,0.41000000000000003,2.24,97.22
Z2.1.C.03,2020,MMR Dose 1 by Age 17,2003,98.25,0.36000000000000004,1.36,97.75
Z2.1.C.03,2021,MMR Dose 1 by Age 17,2004,98.03,0.41000000000000003,0.47000000000000003,97.84000000000002
Z2.1.C.03,2022,MMR Dose 1 by Age 17,2005,98.36000000000001,0.36000000000000004,1.4700000000000002,97.83000000000001
Z2.1.C.03,2023,MMR Dose 1 by Age 17,2006,96.39000000000001,0.5700000000000001,-1.53,97.27
Z2.1.C.03,2014,MMR Dose 1 by Age 2,2012,88.22,1.06,0.16,88.05
Z2.1.C.03,2015,MMR Dose 1 by Age 2,2013,88.52,1.07,1.31,87.11000000000001
Z2.1.C.03,2016,MMR Dose 1 by Age 2,2014,87.63000000000001,1.07,0.31000000000000005,87.29
Z2.1.C.03,2017,MMR Dose 1 by Age 2,2015,88.96000000000001,1.03,1.86,87.05
Z2.1.C.03,2018,MMR Dose 1 by Age 2,2016,88.58,1.04,1.7800000000000002,86.73
Z2.1.C.03,2019,MMR Dose 1 by Age 2,2017,88.61000000000001,1.06,1.55,86.96000000000001
Z2.1.C.03,2020,MMR Dose 1 by Age 2,2018,91.53,0.97,5.02,86.65
Z2.1.C.03,2021,MMR Dose 1 by Age 2,2019,85.73,1.2300000000000002,2.06,83.2
Z2.1.C.03,2022,MMR Dose 1 by Age 2,2020,86.37,1.2100000000000002,3.55,82.07
Z2.1.C.03,2023,MMR Dose 1 by Age 2,2021,84.97,1.2400000000000002,2.66,81.67
Z2.1.C.03,2014,MMR Dose 2 by Age 13,2001,93.56,0.9400000000000001,1.9100000000000001,91.76
Z2.1.C.03,2015,MMR Dose 2 by Age 13,2002,93.19000000000001,0.96,1.58,91.68
Z2.1.C.03,2016,MMR Dose 2 by Age 13,2003,90.88000000000001,1.1,-0.27,91.18
Z2.1.C.03,2017,MMR Dose 2 by Age 13,2004,91.43,1.03,-0.02,91.45
Z2.1.C.03,2018,MMR Dose 2 by Age 13,2005,92.25,0.97,0.93,91.34000000000002
Z2.1.C.03,2019,MMR Dose 2 by Age 13,2006,91.31000000000002,0.96,-0.16,91.46000000000001
Z2.1.C.03,2020,MMR Dose 2 by Age 13,2007,90.98,0.97,-0.03,91.01
Z2.1.C.03,2021,MMR Dose 2 by Age 13,2008,90.73,0.93,1.0,89.81000000000002
Z2.1.C.03,2022,MMR Dose 2 by Age 13,2009,89.31000000000002,1.0,-0.52,89.83000000000001
Z2.1.C.03,2023,MMR Dose 2 by Age 13,2010,92.66000000000001,0.81,3.7800000000000002,89.61000000000001
Z2.1.C.03,2014,MMR Dose 2 by Age 17,1997,93.68,0.8600000000000001,1.4800000000000002,92.41000000000001
Z2.1.C.03,2015,MMR Dose 2 by Age 17,1998,96.96000000000001,0.53,7.99,92.75
Z2.1.C.03,2016,MMR Dose 2 by Age 17,1999,96.27,0.59,5.16,93.22
Z2.1.C.03,2017,MMR Dose 2 by Age 17,2000,96.77,0.56,5.870000000000001,93.49000000000001
Z2.1.C.03,2018,MMR Dose 2 by Age 17,2001,96.30000000000001,0.6300000000000001,4.62,93.37
Z2.1.C.03,2019,MMR Dose 2 by Age 17,2002,96.06,0.6500000000000001,3.8200000000000003,93.56
Z2.1.C.03,2020,MMR Dose 2 by Age 17,2003,94.03,0.8400000000000001,-0.35000000000000003,94.32000000000001
Z2.1.C.03,2021,MMR Dose 2 by Age 17,2004,94.5,0.77,0.19,94.35000000000001
Z2.1.C.03,2022,MMR Dose 2 by Age 17,2005,95.0,0.7200000000000001,1.9400000000000002,93.60000000000001
Z2.1.C.03,2023,MMR Dose 2 by Age 17,2006,92.2,0.9,-0.47000000000000003,92.62
Z2.1.C.03,2023,MMR Dose 2 by Age 2,2021,74.36999999999999,1.4900000000000002,3.39,69.32
Z2.1.C.03,2014,MMR Dose 2 by Age 7,2007,79.56,1.4700000000000002,-0.6900000000000001,80.57
Z2.1.C.03,2015,MMR Dose 2 by Age 7,2008,81.44000000000001,1.33,0.1,81.30000000000001
Z2.1.C.03,2016,MMR Dose 2 by Age 7,2009,80.05,1.36,-1.51,82.10000000000001
Z2.1.C.03,2017,MMR Dose 2 by Age 7,2010,83.88000000000001,1.2200000000000002,1.84,81.63000000000001
Z2.1.C.03,2018,MMR Dose 2 by Age 7,2011,82.62,1.2800000000000002,1.2000000000000002,81.08
Z2.1.C.03,2019,MMR Dose 2 by Age 7,2012,82.91000000000001,1.2200000000000002,0.98,81.72
Z2.1.C.03,2020,MMR Dose 2 by Age 7,2013,80.39000000000001,1.35,2.06,77.60000000000001
Z2.1.C.03,2021,MMR Dose 2 by Age 7,2014,78.0,1.37,2.3800000000000003,74.73
Z2.1.C.03,2022,MMR Dose 2 by Age 7,2015,77.2,1.36,2.2800000000000002,74.08
Z2.1.C.03,2023,MMR Dose 2 by Age 7,2016,78.06,1.33,4.09,72.63000000000001
Z2.1.D.04,2014,MMR Dose 1 by Age 13,2001,97.73,0.51,2.65,96.38000000000001
Z2.1.D.04,2015,MMR Dose 1 by Age 13,2002,97.81000000000002,0.52,2.4800000000000004,96.51
Z2.1.D.04,2016,MMR Dose 1 by Age 13,2003,96.95,0.58,0.5,96.66000000000001
Z2.1.D.04,2017,MMR Dose 1 by Age 13,2004,97.60000000000001,0.49,1.37,96.92
Z2.1.D.04,2018,MMR Dose 1 by Age 13,2005,97.55,0.49,0.9400000000000001,97.09
Z2.1.D.04,2019,MMR Dose 1 by Age 13,2006,97.41000000000001,0.49,1.2000000000000002,96.81000000000002
Z2.1.D.04,2020,MMR Dose 1 by Age 13,2007,96.57,0.5700000000000001,0.47000000000000003,96.30000000000001
Z2.1.D.04,2021,MMR Dose 1 by Age 13,2008,96.17,0.6000000000000001,0.9,95.64000000000001
Z2.1.D.04,2022,MMR Dose 1 by Age 13,2009,94.58,0.7300000000000001,-0.92,95.25
Z2.1.D.04,2023,MMR Dose 1 by Age 13,2010,94.94000000000001,0.7000000000000001,-0.03,94.95
Z2.1.D.04,2014,MMR Dose 1 by Age 17,1997,98.01,0.51,3.4800000000000004,96.23
Z2.1.D.04,2015,MMR Dose 1 by Age 17,1998,98.55,0.44,4.630000000000001,96.51
Z2.1.D.04,2016,MMR Dose 1 by Age 17,1999,98.67,0.37000000000000005,5.2700000000000005,96.71000000000001
Z2.1.D.04,2017,MMR Dose 1 by Age 17,2000,98.18,0.47000000000000003,2.66,96.94000000000001
Z2.1.D.04,2018,MMR Dose 1 by Age 17,2001,98.28,0.42000000000000004,2.99,97.03
Z2.1.D.04,2019,MMR Dose 1 by Age 17,2002,98.47,0.4,3.13,97.22
Z2.1.D.04,2020,MMR Dose 1 by Age 17,2003,97.58,0.49,-0.35000000000000003,97.75
Z2.1.D.04,2021,MMR Dose 1 by Age 17,2004,98.11000000000001,0.42000000000000004,0.6500000000000001,97.84000000000002
Z2.1.D.04,2022,MMR Dose 1 by Age 17,2005,97.83000000000001,0.45,0.01,97.83000000000001
Z2.1.D.04,2023,MMR Dose 1 by Age 17,2006,97.68,0.46,0.9,97.27
Z2.1.D.04,2014,MMR Dose 1 by Age 2,2012,90.86000000000001,1.06,2.65,88.05
Z2.1.D.04,2015,MMR Dose 1 by Age 2,2013,89.09,1.1400000000000001,1.7400000000000002,87.11000000000001
Z2.1.D.04,2016,MMR Dose 1 by Age 2,2014,89.21000000000001,1.1500000000000001,1.6700000000000002,87.29
Z2.1.D.04,2017,MMR Dose 1 by Age 2,2015,91.25,1.1,3.81,87.05
Z2.1.D.04,2018,MMR Dose 1 by Age 2,2016,88.83000000000001,1.2200000000000002,1.7300000000000002,86.73
Z2.1.D.04,2019,MMR Dose 1 by Age 2,2017,89.04,1.2700000000000002,1.6500000000000001,86.96000000000001
Z2.1.D.04,2020,MMR Dose 1 by Age 2,2018,90.86000000000001,1.2400000000000002,3.4000000000000004,86.65
Z2.1.D.04,2021,MMR Dose 1 by Age 2,2019,88.78,1.34,4.180000000000001,83.2
Z2.1.D.04,2022,MMR Dose 1 by Age 2,2020,90.44000000000001,1.35,6.180000000000001,82.07
Z2.1.D.04,2023,MMR Dose 1 by Age 2,2021,88.82000000000001,1.31,5.44,81.67
Z2.1.D.04,2014,MMR Dose 2 by Age 13,2001,95.11000000000001,0.78,4.2700000000000005,91.76
Z2.1.D.04,2015,MMR Dose 2 by Age 13,2002,95.45,0.7400000000000001,5.130000000000001,91.68
Z2.1.D.04,2016,MMR Dose 2 by Age 13,2003,93.99000000000001,0.77,3.64,91.18
Z2.1.D.04,2017,MMR Dose 2 by Age 13,2004,93.60000000000001,0.8200000000000001,2.62,91.45
Z2.1.D.04,2018,MMR Dose 2 by Age 13,2005,92.28,0.89,1.05,91.34000000000002
Z2.1.D.04,2019,MMR Dose 2 by Age 13,2006,92.98,0.8400000000000001,1.81,91.46000000000001
Z2.1.D.04,2020,MMR Dose 2 by Age 13,2007,92.47,0.8200000000000001,1.7700000000000002,91.01
Z2.1.D.04,2021,MMR Dose 2 by Age 13,2008,91.09,0.89,1.4400000000000002,89.81000000000002
Z2.1.D.04,2022,MMR Dose 2 by Age 13,2009,90.7,0.93,0.9500000000000001,89.83000000000001
Z2.1.D.04,2023,MMR Dose 2 by Age 13,2010,89.53,1.0,-0.08,89.61000000000001
Z2.1.D.04,2014,MMR Dose 2 by Age 17,1997,95.92,0.7400000000000001,4.7700000000000005,92.41000000000001
Z2.1.D.04,2015,MMR Dose 2 by Age 17,1998,97.09,0.6200000000000001,7.05,92.75
Z2.1.D.04,2016,MMR Dose 2 by Age 17,1999,97.22,0.54,7.36,93.22
Z2.1.D.04,2017,MMR Dose 2 by Age 17,2000,96.15,0.7000000000000001,3.77,93.49000000000001
Z2.1.D.04,2018,MMR Dose 2 by Age 17,2001,96.39000000000001,0.6500000000000001,4.62,93.37
Z2.1.D.04,2019,MMR Dose 2 by Age 17,2002,97.0,0.55,6.21,93.56
Z2.1.D.04,2020,MMR Dose 2 by Age 17,2003,95.67,0.6300000000000001,2.14,94.32000000000001
Z2.1.D.04,2021,MMR Dose 2 by Age 17,2004,95.49000000000001,0.6700000000000002,1.6900000000000002,94.35000000000001
Z2.1.D.04,2022,MMR Dose 2 by Age 17,2005,93.68,0.79,0.11,93.60000000000001
Z2.1.D.04,2023,MMR Dose 2 by Age 17,2006,93.38000000000001,0.81,0.9400000000000001,92.62
Z2.1.D.04,2023,MMR Dose 2 by Age 2,2021,78.86000000000001,1.7000000000000002,5.62,69.32
Z2.1.D.04,2014,MMR Dose 2 by Age 7,2007,86.02,1.1300000000000001,4.840000000000001,80.57
Z2.1.D.04,2015,MMR Dose 2 by Age 7,2008,86.37,1.1,4.6000000000000005,81.30000000000001
Z2.1.D.04,2016,MMR Dose 2 by Age 7,2009,85.92,1.1400000000000001,3.3400000000000003,82.10000000000001
Z2.1.D.04,2017,MMR Dose 2 by Age 7,2010,83.07,1.2600000000000002,1.1400000000000001,81.63000000000001
Z2.1.D.04,2018,MMR Dose 2 by Age 7,2011,87.75,1.11,6.03,81.08
Z2.1.D.04,2019,MMR Dose 2 by Age 7,2012,88.23,1.1500000000000001,5.680000000000001,81.72
Z2.1.D.04,2020,MMR Dose 2 by Age 7,2013,82.94000000000001,1.32,4.05,77.60000000000001
Z2.1.D.04,2021,MMR Dose 2 by Age 7,2014,79.73,1.4700000000000002,3.4000000000000004,74.73
Z2.1.D.04,2022,MMR Dose 2 by Age 7,2015,82.0,1.4300000000000002,5.53,74.08
Z2.1.D.04,2023,MMR Dose 2 by Age 7,2016,82.44000000000001,1.3800000000000001,7.11,72.63000000000001
Z2.1.E.05,2014,MMR Dose 1 by Age 13,2001,94.89000000000001,1.4400000000000002,-1.04,96.38000000000001
Z2.1.E.05,2015,MMR Dose 1 by Age 13,2002,96.65,1.2100000000000002,0.12000000000000001,96.51
Z2.1.E.05,2016,MMR Dose 1 by Age 13,2003,98.51,0.6600000000000001,2.8000000000000003,96.66000000000001
Z2.1.E.05,2017,MMR Dose 1 by Age 13,2004,91.13000000000001,2.13,-2.72,96.92
Z2.1.E.05,2018,MMR Dose 1 by Age 13,2005,97.22,0.96,0.13,97.09
Z2.1.E.05,2019,MMR Dose 1 by Age 13,2006,93.16000000000001,1.7100000000000002,-2.13,96.81000000000002
Z2.1.E.05,2020,MMR Dose 1 by Age 13,2007,91.5,1.9400000000000002,-2.4800000000000004,96.30000000000001
Z2.1.E.05,2021,MMR Dose 1 by Age 13,2008,93.5,1.56,-1.3800000000000001,95.64000000000001
Z2.1.E.05,2022,MMR Dose 1 by Age 13,2009,92.22,1.7500000000000002,-1.7300000000000002,95.25
Z2.1.E.05,2023,MMR Dose 1 by Age 13,2010,90.47,1.87,-2.4000000000000004,94.95
Z2.1.E.05,2014,MMR Dose 1 by Age 17,1997,95.43,1.35,-0.59,96.23
Z2.1.E.05,2015,MMR Dose 1 by Age 17,1998,95.81000000000002,1.32,-0.53,96.51
Z2.1.E.05,2016,MMR Dose 1 by Age 17,1999,96.43,1.1800000000000002,-0.24000000000000002,96.71000000000001
Z2.1.E.05,2017,MMR Dose 1 by Age 17,2000,96.55,1.1400000000000001,-0.34,96.94000000000001
Z2.1.E.05,2018,MMR Dose 1 by Age 17,2001,96.15,1.1900000000000002,-0.7300000000000001,97.03
Z2.1.E.05,2019,MMR Dose 1 by Age 17,2002,97.52,0.99,0.31000000000000005,97.22
Z2.1.E.05,2020,MMR Dose 1 by Age 17,2003,98.67,0.6100000000000001,1.5,97.75
Z2.1.E.05,2021,MMR Dose 1 by Age 17,2004,94.13000000000001,1.6800000000000002,-2.21,97.84000000000002
Z2.1.E.05,2022,MMR Dose 1 by Age 17,2005,97.81000000000002,0.8200000000000001,-0.02,97.83000000000001
Z2.1.E.05,2023,MMR Dose 1 by Age 17,2006,93.16000000000001,1.7100000000000002,-2.4000000000000004,97.27
Z2.1.E.05,2014,MMR Dose 1 by Age 2,2012,85.71000000000001,2.24,-1.05,88.05
Z2.1.E.05,2015,MMR Dose 1 by Age 2,2013,83.14000000000001,2.4600000000000004,-1.61,87.11000000000001
Z2.1.E.05,2016,MMR Dose 1 by Age 2,2014,87.26,2.02,-0.02,87.29
Z2.1.E.05,2017,MMR Dose 1 by Age 2,2015,86.73,1.9200000000000002,-0.17,87.05
Z2.1.E.05,2018,MMR Dose 1 by Age 2,2016,85.25,2.11,-0.7000000000000001,86.73
Z2.1.E.05,2019,MMR Dose 1 by Age 2,2017,87.81000000000002,2.05,0.42000000000000004,86.96000000000001
Z2.1.E.05,2020,MMR Dose 1 by Age 2,2018,87.97,2.05,0.6400000000000001,86.65
Z2.1.E.05,2021,MMR Dose 1 by Age 2,2019,81.18,2.4000000000000004,-0.8400000000000001,83.2
Z2.1.E.05,2022,MMR Dose 1 by Age 2,2020,86.23,2.2600000000000002,1.84,82.07
Z2.1.E.05,2023,MMR Dose 1 by Age 2,2021,78.94000000000001,2.64,-1.03,81.67
Z2.1.E.05,2014,MMR Dose 2 by Age 13,2001,88.26,2.4400000000000004,-1.4400000000000002,91.76
Z2.1.E.05,2015,MMR Dose 2 by Age 13,2002,94.84000000000002,1.5,2.11,91.68
Z2.1.E.05,2016,MMR Dose 2 by Age 13,2003,89.67,2.4000000000000004,-0.6300000000000001,91.18
Z2.1.E.05,2017,MMR Dose 2 by Age 13,2004,85.72,2.77,-2.07,91.45
Z2.1.E.05,2018,MMR Dose 2 by Age 13,2005,88.17,2.27,-1.4000000000000001,91.34000000000002
Z2.1.E.05,2019,MMR Dose 2 by Age 13,2006,87.0,2.4200000000000004,-1.84,91.46000000000001
Z2.1.E.05,2020,MMR Dose 2 by Age 13,2007,88.33000000000001,2.24,-1.2000000000000002,91.01
Z2.1.E.05,2021,MMR Dose 2 by Age 13,2008,83.75,2.65,-2.29,89.81000000000002
Z2.1.E.05,2022,MMR Dose 2 by Age 13,2009,86.7,2.25,-1.3900000000000001,89.83000000000001
Z2.1.E.05,2023,MMR Dose 2 by Age 13,2010,83.22,2.4800000000000004,-2.58,89.61000000000001
Z2.1.E.05,2014,MMR Dose 2 by Age 17,1997,91.80000000000001,1.9800000000000002,-0.31000000000000005,92.41000000000001
Z2.1.E.05,2015,MMR Dose 2 by Age 17,1998,94.17,1.53,0.93,92.75
Z2.1.E.05,2016,MMR Dose 2 by Age 17,1999,93.15,1.7800000000000002,-0.04,93.22
Z2.1.E.05,2017,MMR Dose 2 by Age 17,2000,92.99000000000001,1.7800000000000002,-0.28,93.49000000000001
Z2.1.E.05,2018,MMR Dose 2 by Age 17,2001,92.39000000000001,1.9000000000000001,-0.52,93.37
Z2.1.E.05,2019,MMR Dose 2 by Age 17,2002,96.94000000000001,1.11,3.04,93.56
Z2.1.E.05,2020,MMR Dose 2 by Age 17,2003,91.54,2.2,-1.2700000000000002,94.32000000000001
Z2.1.E.05,2021,MMR Dose 2 by Age 17,2004,90.06,2.27,-1.8900000000000001,94.35000000000001
Z2.1.E.05,2022,MMR Dose 2 by Age 17,2005,91.42,1.9500000000000002,-1.12,93.60000000000001
Z2.1.E.05,2023,MMR Dose 2 by Age 17,2006,87.98,2.33,-1.9900000000000002,92.62
Z2.1.E.05,2023,MMR Dose 2 by Age 2,2021,71.45,2.87,0.7400000000000001,69.32
Z2.1.E.05,2014,MMR Dose 2 by Age 7,2007,76.84000000000002,3.07,-1.2100000000000002,80.57
Z2.1.E.05,2015,MMR Dose 2 by Age 7,2008,70.46000000000001,3.24,-3.35,81.30000000000001
Z2.1.E.05,2016,MMR Dose 2 by Age 7,2009,81.32000000000001,2.66,-0.29000000000000004,82.10000000000001
Z2.1.E.05,2017,MMR Dose 2 by Age 7,2010,73.25,3.01,-2.7800000000000002,81.63000000000001
Z2.1.E.05,2018,MMR Dose 2 by Age 7,2011,78.54,2.59,-0.98,81.08
Z2.1.E.05,2019,MMR Dose 2 by Age 7,2012,75.04,2.8800000000000003,-2.3200000000000003,81.72
Z2.1.E.05,2020,MMR Dose 2 by Age 7,2013,74.66000000000001,3.03,-0.97,77.60000000000001
Z2.1.E.05,2021,MMR Dose 2 by Age 7,2014,73.34,2.85,-0.49,74.73
Z2.1.E.05,2022,MMR Dose 2 by Age 7,2015,73.05,2.69,-0.38000000000000006,74.08
Z2.1.E.05,2023,MMR Dose 2 by Age 7,2016,72.32,2.71,-0.11,72.63000000000001
Z2.1.F.06,2014,MMR Dose 1 by Age 13,2001,98.45,0.46,4.49,96.38000000000001
Z2.1.F.06,2015,MMR Dose 1 by Age 13,2002,97.26,0.78,0.97,96.51
Z2.1.F.06,2016,MMR Dose 1 by Age 13,2003,98.47,0.47000000000000003,3.89,96.66000000000001
Z2.1.F.06,2017,MMR Dose 1 by Age 13,2004,97.80000000000001,0.6600000000000001,1.35,96.92
Z2.1.F.06,2018,MMR Dose 1 by Age 13,2005,98.79,0.38000000000000006,4.5,97.09
Z2.1.F.06,2019,MMR Dose 1 by Age 13,2006,97.67,0.6200000000000001,1.3900000000000001,96.81000000000002
Z2.1.F.06,2020,MMR Dose 1 by Age 13,2007,98.65,0.38000000000000006,6.19,96.30000000000001
Z2.1.F.06,2021,MMR Dose 1 by Age 13,2008,96.11000000000001,0.77,0.6200000000000001,95.64000000000001
Z2.1.F.06,2022,MMR Dose 1 by Age 13,2009,96.48,0.68,1.7900000000000003,95.25
Z2.1.F.06,2023,MMR Dose 1 by Age 13,2010,96.86000000000001,0.6200000000000001,3.05,94.95
Z2.1.F.06,2014,MMR Dose 1 by Age 17,1997,98.06,0.59,3.09,96.23
Z2.1.F.06,2015,MMR Dose 1 by Age 17,1998,98.69000000000001,0.46,4.800000000000001,96.51
Z2.1.F.06,2016,MMR Dose 1 by Age 17,1999,96.92,0.77,0.28,96.71000000000001
Z2.1.F.06,2017,MMR Dose 1 by Age 17,2000,98.36000000000001,0.52,2.74,96.94000000000001
Z2.1.F.06,2018,MMR Dose 1 by Age 17,2001,99.16000000000001,0.27,7.78,97.03
Z2.1.F.06,2019,MMR Dose 1 by Age 17,2002,99.26,0.27,7.49,97.22
Z2.1.F.06,2020,MMR Dose 1 by Age 17,2003,99.27,0.25,6.12,97.75
Z2.1.F.06,2021,MMR Dose 1 by Age 17,2004,98.85000000000001,0.39,2.62,97.84000000000002
Z2.1.F.06,2022,MMR Dose 1 by Age 17,2005,99.27,0.24000000000000002,5.91,97.83000000000001
Z2.1.F.06,2023,MMR Dose 1 by Age 17,2006,98.27,0.49,2.05,97.27
Z2.1.F.06,2014,MMR Dose 1 by Age 2,2012,90.55,1.2700000000000002,1.9800000000000002,88.05
Z2.1.F.06,2015,MMR Dose 1 by Age 2,2013,85.7,1.62,-0.8700000000000001,87.11000000000001
Z2.1.F.06,2016,MMR Dose 1 by Age 2,2014,89.03,1.33,1.3,87.29
Z2.1.F.06,2017,MMR Dose 1 by Age 2,2015,86.08,1.51,-0.6400000000000001,87.05
Z2.1.F.06,2018,MMR Dose 1 by Age 2,2016,88.11000000000001,1.5,0.92,86.73
Z2.1.F.06,2019,MMR Dose 1 by Age 2,2017,89.07,1.37,1.54,86.96000000000001
Z2.1.F.06,2020,MMR Dose 1 by Age 2,2018,91.7,1.2300000000000002,4.1000000000000005,86.65
Z2.1.F.06,2021,MMR Dose 1 by Age 2,2019,87.17,1.57,2.54,83.2
Z2.1.F.06,2022,MMR Dose 1 by Age 2,2020,85.26,1.6900000000000002,1.8800000000000001,82.07
Z2.1.F.06,2023,MMR Dose 1 by Age 2,2021,87.99000000000001,1.4100000000000001,4.49,81.67
Z2.1.F.06,2014,MMR Dose 2 by Age 13,2001,94.87,1.1300000000000001,2.7600000000000002,91.76
Z2.1.F.06,2015,MMR Dose 2 by Age 13,2002,92.46000000000001,1.4900000000000002,0.52,91.68
Z2.1.F.06,2016,MMR Dose 2 by Age 13,2003,94.63000000000001,1.1,3.14,91.18
Z2.1.F.06,2017,MMR Dose 2 by Age 13,2004,92.44000000000001,1.4700000000000002,0.6700000000000002,91.45
Z2.1.F.06,2018,MMR Dose 2 by Age 13,2005,91.16000000000001,1.4100000000000001,-0.13,91.34000000000002
Z2.1.F.06,2019,MMR Dose 2 by Age 13,2006,92.14000000000001,1.2700000000000002,0.54,91.46000000000001
Z2.1.F.06,2020,MMR Dose 2 by Age 13,2007,92.54,1.1700000000000002,1.31,91.01
Z2.1.F.06,2021,MMR Dose 2 by Age 13,2008,90.9,1.2500000000000002,0.8700000000000001,89.81000000000002
Z2.1.F.06,2022,MMR Dose 2 by Age 13,2009,88.0,1.4500000000000002,-1.2600000000000002,89.83000000000001
Z2.1.F.06,2023,MMR Dose 2 by Age 13,2010,89.96000000000001,1.3,0.27,89.61000000000001
Z2.1.F.06,2014,MMR Dose 2 by Age 17,1997,93.75,1.32,1.01,92.41000000000001
Z2.1.F.06,2015,MMR Dose 2 by Age 17,1998,95.42,1.1400000000000001,2.33,92.75
Z2.1.F.06,2016,MMR Dose 2 by Age 17,1999,94.07,1.2400000000000002,0.6900000000000001,93.22
Z2.1.F.06,2017,MMR Dose 2 by Age 17,2000,96.30000000000001,0.92,3.05,93.49000000000001
Z2.1.F.06,2018,MMR Dose 2 by Age 17,2001,97.04,0.7400000000000001,4.96,93.37
Z2.1.F.06,2019,MMR Dose 2 by Age 17,2002,97.04,0.76,4.59,93.56
Z2.1.F.06,2020,MMR Dose 2 by Age 17,2003,97.35000000000001,0.6500000000000001,4.69,94.32000000000001
Z2.1.F.06,2021,MMR Dose 2 by Age 17,2004,95.82000000000001,0.9500000000000001,1.55,94.35000000000001
Z2.1.F.06,2022,MMR Dose 2 by Age 17,2005,94.77,1.0,1.1700000000000002,93.60000000000001
Z2.1.F.06,2023,MMR Dose 2 by Age 17,2006,92.94000000000001,1.1800000000000002,0.27,92.62
Z2.1.F.06,2023,MMR Dose 2 by Age 2,2021,75.86,1.86,3.51,69.32
Z2.1.F.06,2014,MMR Dose 2 by Age 7,2007,82.02,1.87,0.78,80.57
Z2.1.F.06,2015,MMR Dose 2 by Age 7,2008,82.88000000000001,1.7500000000000002,0.9,81.30000000000001
Z2.1.F.06,2016,MMR Dose 2 by Age 7,2009,80.87,1.8,-0.6900000000000001,82.10000000000001
Z2.1.F.06,2017,MMR Dose 2 by Age 7,2010,82.51,1.6900000000000002,0.51,81.63000000000001
Z2.1.F.06,2018,MMR Dose 2 by Age 7,2011,82.61000000000001,1.6800000000000002,0.91,81.08
Z2.1.F.06,2019,MMR Dose 2 by Age 7,2012,81.83000000000001,1.7700000000000002,0.06,81.72
Z2.1.F.06,2020,MMR Dose 2 by Age 7,2013,78.88000000000001,1.9300000000000002,0.6600000000000001,77.60000000000001
Z2.1.F.06,2021,MMR Dose 2 by Age 7,2014,79.11000000000001,1.82,2.4000000000000004,74.73
Z2.1.F.06,2022,MMR Dose 2 by Age 7,2015,79.60000000000001,1.7500000000000002,3.16,74.08
Z2.1.F.06,2023,MMR Dose 2 by Age 7,2016,76.91000000000001,1.9000000000000001,2.2600000000000002,72.63000000000001
Z2.2.A.01,2014,MMR Dose 1 by Age 13,2001,99.59,0.11,29.770000000000003,96.38000000000001
Z2.2.A.01,2015,MMR Dose 1 by Age 13,2002,99.65,0.09,35.05,96.51
Z2.2.A.01,2016,MMR Dose 1 by Age 13,2003,99.06,0.19,12.89,96.66000000000001
Z2.2.A.01,2017,MMR Dose 1 by Age 13,2004,99.17,0.16,13.72,96.92
Z2.2.A.01,2018,MMR Dose 1 by Age 13,2005,99.11000000000001,0.17,11.610000000000001,97.09
Z2.2.A.01,2019,MMR Dose 1 by Age 13,2006,99.4,0.12000000000000001,22.01,96.81000000000002
Z2.2.A.01,2020,MMR Dose 1 by Age 13,2007,98.85000000000001,0.19,13.42,96.30000000000001
Z2.2.A.01,2021,MMR Dose 1 by Age 13,2008,98.65,0.19,15.700000000000001,95.64000000000001
Z2.2.A.01,2022,MMR Dose 1 by Age 13,2009,98.29,0.24000000000000002,12.47,95.25
Z2.2.A.01,2023,MMR Dose 1 by Age 13,2010,98.83000000000001,0.17,22.17,94.95
Z2.2.A.01,2014,MMR Dose 1 by Age 17,1997,99.72,0.08,44.690000000000005,96.23
Z2.2.A.01,2015,MMR Dose 1 by Age 17,1998,99.81000000000002,0.05,60.28,96.51
Z2.2.A.01,2016,MMR Dose 1 by Age 17,1999,99.89000000000001,0.03,92.06,96.71000000000001
Z2.2.A.01,2017,MMR Dose 1 by Age 17,2000,99.91000000000001,0.03,101.21000000000001,96.94000000000001
Z2.2.A.01,2018,MMR Dose 1 by Age 17,2001,99.81000000000002,0.05,52.46000000000001,97.03
Z2.2.A.01,2019,MMR Dose 1 by Age 17,2002,99.82000000000001,0.05,53.82000000000001,97.22
Z2.2.A.01,2020,MMR Dose 1 by Age 17,2003,99.52,0.1,16.930000000000003,97.75
Z2.2.A.01,2021,MMR Dose 1 by Age 17,2004,99.59,0.09,20.06,97.84000000000002
Z2.2.A.01,2022,MMR Dose 1 by Age 17,2005,99.51,0.1,16.37,97.83000000000001
Z2.2.A.01,2023,MMR Dose 1 by Age 17,2006,99.61000000000001,0.08,29.06,97.27
Z2.2.A.01,2014,MMR Dose 1 by Age 2,2012,93.02,0.6000000000000001,8.23,88.05
Z2.2.A.01,2015,MMR Dose 1 by Age 2,2013,91.18,0.6900000000000001,5.91,87.11000000000001
Z2.2.A.01,2016,MMR Dose 1 by Age 2,2014,91.75,0.6400000000000001,6.970000000000001,87.29
Z2.2.A.01,2017,MMR Dose 1 by Age 2,2015,91.60000000000001,0.6700000000000002,6.800000000000001,87.05
Z2.2.A.01,2018,MMR Dose 1 by Age 2,2016,93.11000000000001,0.6000000000000001,10.670000000000002,86.73
Z2.2.A.01,2019,MMR Dose 1 by Age 2,2017,93.17,0.58,10.780000000000001,86.96000000000001
Z2.2.A.01,2020,MMR Dose 1 by Age 2,2018,92.53,0.6100000000000001,9.700000000000001,86.65
Z2.2.A.01,2021,MMR Dose 1 by Age 2,2019,91.60000000000001,0.6100000000000001,13.670000000000002,83.2
Z2.2.A.01,2022,MMR Dose 1 by Age 2,2020,91.31000000000002,0.6000000000000001,15.41,82.07
Z2.2.A.01,2023,MMR Dose 1 by Age 2,2021,90.54,0.6000000000000001,14.8,81.67
Z2.2.A.01,2014,MMR Dose 2 by Age 13,2001,97.76,0.34,17.410000000000004,91.76
Z2.2.A.01,2015,MMR Dose 2 by Age 13,2002,97.96000000000001,0.32000000000000006,19.87,91.68
Z2.2.A.01,2016,MMR Dose 2 by Age 13,2003,96.36000000000001,0.46,11.280000000000001,91.18
Z2.2.A.01,2017,MMR Dose 2 by Age 13,2004,97.15,0.35000000000000003,16.17,91.45
Z2.2.A.01,2018,MMR Dose 2 by Age 13,2005,96.76,0.39,14.05,91.34000000000002
Z2.2.A.01,2019,MMR Dose 2 by Age 13,2006,96.13000000000001,0.4,11.780000000000001,91.46000000000001
Z2.2.A.01,2020,MMR Dose 2 by Age 13,2007,96.10000000000001,0.4,12.770000000000001,91.01
Z2.2.A.01,2021,MMR Dose 2 by Age 13,2008,94.29,0.47000000000000003,9.52,89.81000000000002
Z2.2.A.01,2022,MMR Dose 2 by Age 13,2009,95.24000000000001,0.43000000000000005,12.57,89.83000000000001
Z2.2.A.01,2023,MMR Dose 2 by Age 13,2010,95.61000000000001,0.4,15.110000000000001,89.61000000000001
Z2.2.A.01,2014,MMR Dose 2 by Age 17,1997,98.41000000000001,0.27,22.51,92.41000000000001
Z2.2.A.01,2015,MMR Dose 2 by Age 17,1998,99.2,0.16,40.06,92.75
Z2.2.A.01,2016,MMR Dose 2 by Age 17,1999,99.21000000000001,0.16,37.790000000000006,93.22
Z2.2.A.01,2017,MMR Dose 2 by Age 17,2000,99.38000000000001,0.12000000000000001,47.81,93.49000000000001
Z2.2.A.01,2018,MMR Dose 2 by Age 17,2001,98.96000000000001,0.18,30.55,93.37
Z2.2.A.01,2019,MMR Dose 2 by Age 17,2002,98.97,0.18,30.01,93.56
Z2.2.A.01,2020,MMR Dose 2 by Age 17,2003,98.02,0.28,13.07,94.32000000000001
Z2.2.A.01,2021,MMR Dose 2 by Age 17,2004,98.48,0.21000000000000002,19.490000000000002,94.35000000000001
Z2.2.A.01,2022,MMR Dose 2 by Age 17,2005,98.04,0.26,16.970000000000002,93.60000000000001
Z2.2.A.01,2023,MMR Dose 2 by Age 17,2006,96.89000000000001,0.34,12.690000000000001,92.62
Z2.2.A.01,2023,MMR Dose 2 by Age 2,2021,79.56,0.8200000000000001,12.46,69.32
Z2.2.A.01,2014,MMR Dose 2 by Age 7,2007,87.37,0.81,8.39,80.57
Z2.2.A.01,2015,MMR Dose 2 by Age 7,2008,85.99000000000001,0.8200000000000001,5.74,81.30000000000001
Z2.2.A.01,2016,MMR Dose 2 by Age 7,2009,88.47,0.7400000000000001,8.65,82.10000000000001
Z2.2.A.01,2017,MMR Dose 2 by Age 7,2010,88.5,0.7300000000000001,9.360000000000001,81.63000000000001
Z2.2.A.01,2018,MMR Dose 2 by Age 7,2011,88.28,0.7500000000000001,9.660000000000002,81.08
Z2.2.A.01,2019,MMR Dose 2 by Age 7,2012,88.17,0.7200000000000001,8.94,81.72
Z2.2.A.01,2020,MMR Dose 2 by Age 7,2013,84.77,0.81,8.88,77.60000000000001
Z2.2.A.01,2021,MMR Dose 2 by Age 7,2014,79.71000000000001,0.89,5.58,74.73
Z2.2.A.01,2022,MMR Dose 2 by Age 7,2015,82.91000000000001,0.8300000000000001,10.59,74.08
Z2.2.A.01,2023,MMR Dose 2 by Age 7,2016,82.78,0.79,12.93,72.63000000000001
Z2.2.B.02,2014,MMR Dose 1 by Age 13,2001,99.34000000000002,0.14,20.82,96.38000000000001
Z2.2.B.02,2015,MMR Dose 1 by Age 13,2002,99.30000000000001,0.15000000000000002,18.85,96.51
Z2.2.B.02,2016,MMR Dose 1 by Age 13,2003,99.25,0.15000000000000002,16.930000000000003,96.66000000000001
Z2.2.B.02,2017,MMR Dose 1 by Age 13,2004,99.23,0.15000000000000002,15.38,96.92
Z2.2.B.02,2018,MMR Dose 1 by Age 13,2005,99.02,0.17,11.14,97.09
Z2.2.B.02,2019,MMR Dose 1 by Age 13,2006,99.47,0.11,23.54,96.81000000000002
Z2.2.B.02,2020,MMR Dose 1 by Age 13,2007,99.0,0.17,15.600000000000001,96.30000000000001
Z2.2.B.02,2021,MMR Dose 1 by Age 13,2008,98.41000000000001,0.22,12.51,95.64000000000001
Z2.2.B.02,2022,MMR Dose 1 by Age 13,2009,98.63000000000001,0.21000000000000002,15.84,95.25
Z2.2.B.02,2023,MMR Dose 1 by Age 13,2010,97.99000000000001,0.28,10.8,94.95
Z2.2.B.02,2014,MMR Dose 1 by Age 17,1997,99.75,0.06,54.7,96.23
Z2.2.B.02,2015,MMR Dose 1 by Age 17,1998,99.83000000000001,0.05,72.96000000000001,96.51
Z2.2.B.02,2016,MMR Dose 1 by Age 17,1999,99.64000000000001,0.08,34.52,96.71000000000001
Z2.2.B.02,2017,MMR Dose 1 by Age 17,2000,99.82000000000001,0.05,59.88,96.94000000000001
Z2.2.B.02,2018,MMR Dose 1 by Age 17,2001,99.71000000000001,0.07,39.410000000000004,97.03
Z2.2.B.02,2019,MMR Dose 1 by Age 17,2002,99.66000000000001,0.08,31.610000000000003,97.22
Z2.2.B.02,2020,MMR Dose 1 by Age 17,2003,99.73,0.06,31.14,97.75
Z2.2.B.02,2021,MMR Dose 1 by Age 17,2004,99.67,0.07,26.19,97.84000000000002
Z2.2.B.02,2022,MMR Dose 1 by Age 17,2005,99.52,0.09,18.24,97.83000000000001
Z2.2.B.02,2023,MMR Dose 1 by Age 17,2006,99.65,0.08,30.67,97.27
Z2.2.B.02,2014,MMR Dose 1 by Age 2,2012,89.56,0.8300000000000001,1.81,88.05
Z2.2.B.02,2015,MMR Dose 1 by Age 2,2013,88.53,0.88,1.61,87.11000000000001
Z2.2.B.02,2016,MMR Dose 1 by Age 2,2014,89.81000000000002,0.8400000000000001,2.9800000000000004,87.29
Z2.2.B.02,2017,MMR Dose 1 by Age 2,2015,90.12,0.81,3.8000000000000003,87.05
Z2.2.B.02,2018,MMR Dose 1 by Age 2,2016,89.25,0.8700000000000001,2.89,86.73
Z2.2.B.02,2019,MMR Dose 1 by Age 2,2017,89.82000000000001,0.8400000000000001,3.4200000000000004,86.96000000000001
Z2.2.B.02,2020,MMR Dose 1 by Age 2,2018,87.97,0.9500000000000001,1.3900000000000001,86.65
Z2.2.B.02,2021,MMR Dose 1 by Age 2,2019,84.04,1.09,0.78,83.2
Z2.2.B.02,2022,MMR Dose 1 by Age 2,2020,83.77,1.08,1.57,82.07
Z2.2.B.02,2023,MMR Dose 1 by Age 2,2021,82.4,1.1,0.6600000000000001,81.67
Z2.2.B.02,2014,MMR Dose 2 by Age 13,2001,98.02,0.31000000000000005,19.970000000000002,91.76
Z2.2.B.02,2015,MMR Dose 2 by Age 13,2002,97.12,0.39,13.84,91.68
Z2.2.B.02,2016,MMR Dose 2 by Age 13,2003,96.02,0.48000000000000004,10.100000000000001,91.18
Z2.2.B.02,2017,MMR Dose 2 by Age 13,2004,95.96000000000001,0.46,9.74,91.45
Z2.2.B.02,2018,MMR Dose 2 by Age 13,2005,94.77,0.53,6.52,91.34000000000002
Z2.2.B.02,2019,MMR Dose 2 by Age 13,2006,95.11000000000001,0.51,7.1000000000000005,91.46000000000001
Z2.2.B.02,2020,MMR Dose 2 by Age 13,2007,94.72,0.51,7.25,91.01
Z2.2.B.02,2021,MMR Dose 2 by Age 13,2008,92.38000000000001,0.6200000000000001,4.170000000000001,89.81000000000002
Z2.2.B.02,2022,MMR Dose 2 by Age 13,2009,93.96000000000001,0.56,7.4,89.83000000000001
Z2.2.B.02,2023,MMR Dose 2 by Age 13,2010,93.85000000000001,0.55,7.680000000000001,89.61000000000001
Z2.2.B.02,2014,MMR Dose 2 by Age 17,1997,98.65,0.22,28.0,92.41000000000001
Z2.2.B.02,2015,MMR Dose 2 by Age 17,1998,98.91000000000001,0.19,32.660000000000004,92.75
Z2.2.B.02,2016,MMR Dose 2 by Age 17,1999,98.78,0.2,27.150000000000002,93.22
Z2.2.B.02,2017,MMR Dose 2 by Age 17,2000,99.16000000000001,0.15000000000000002,37.690000000000005,93.49000000000001
Z2.2.B.02,2018,MMR Dose 2 by Age 17,2001,99.05,0.17,33.84,93.37
Z2.2.B.02,2019,MMR Dose 2 by Age 17,2002,98.52,0.23,21.770000000000003,93.56
Z2.2.B.02,2020,MMR Dose 2 by Age 17,2003,98.2,0.26,14.96,94.32000000000001
Z2.2.B.02,2021,MMR Dose 2 by Age 17,2004,97.98,0.27,13.57,94.35000000000001
Z2.2.B.02,2022,MMR Dose 2 by Age 17,2005,96.84000000000002,0.36000000000000004,9.02,93.60000000000001
Z2.2.B.02,2023,MMR Dose 2 by Age 17,2006,96.4,0.41000000000000003,9.260000000000002,92.62
Z2.2.B.02,2023,MMR Dose 2 by Age 2,2021,65.47,1.37,-2.8000000000000003,69.32
Z2.2.B.02,2014,MMR Dose 2 by Age 7,2007,83.10000000000001,1.0,2.53,80.57
Z2.2.B.02,2015,MMR Dose 2 by Age 7,2008,82.57,0.98,1.2900000000000003,81.30000000000001
Z2.2.B.02,2016,MMR Dose 2 by Age 7,2009,84.88000000000001,0.9500000000000001,2.93,82.10000000000001
Z2.2.B.02,2017,MMR Dose 2 by Age 7,2010,85.04,0.93,3.67,81.63000000000001
Z2.2.B.02,2018,MMR Dose 2 by Age 7,2011,85.67,0.93,4.94,81.08
Z2.2.B.02,2019,MMR Dose 2 by Age 7,2012,85.35000000000001,0.92,3.9400000000000004,81.72
Z2.2.B.02,2020,MMR Dose 2 by Age 7,2013,83.71000000000001,0.98,6.21,77.60000000000001
Z2.2.B.02,2021,MMR Dose 2 by Age 7,2014,75.4,1.1500000000000001,0.58,74.73
Z2.2.B.02,2022,MMR Dose 2 by Age 7,2015,77.30000000000001,1.1300000000000001,2.85,74.08
Z2.2.B.02,2023,MMR Dose 2 by Age 7,2016,74.48,1.1700000000000002,1.58,72.63000000000001
Z2.3.A.01,2014,MMR Dose 1 by Age 13,2001,98.96000000000001,0.22,11.83,96.38000000000001
Z2.3.A.01,2015,MMR Dose 1 by Age 13,2002,99.29,0.17,15.97,96.51
Z2.3.A.01,2016,MMR Dose 1 by Age 13,2003,98.35000000000001,0.30000000000000004,5.630000000000001,96.66000000000001
Z2.3.A.01,2017,MMR Dose 1 by Age 13,2004,98.95,0.22,9.08,96.92
Z2.3.A.01,2018,MMR Dose 1 by Age 13,2005,98.75,0.27,6.1000000000000005,97.09
Z2.3.A.01,2019,MMR Dose 1 by Age 13,2006,98.26,0.31000000000000005,4.640000000000001,96.81000000000002
Z2.3.A.01,2020,MMR Dose 1 by Age 13,2007,97.59,0.38000000000000006,3.4000000000000004,96.30000000000001
Z2.3.A.01,2021,MMR Dose 1 by Age 13,2008,97.78,0.36000000000000004,5.970000000000001,95.64000000000001
Z2.3.A.01,2022,MMR Dose 1 by Age 13,2009,95.81000000000002,0.56,1.0,95.25
Z2.3.A.01,2023,MMR Dose 1 by Age 13,2010,97.23,0.41000000000000003,5.51,94.95
Z2.3.A.01,2014,MMR Dose 1 by Age 17,1997,99.51,0.12000000000000001,27.02,96.23
Z2.3.A.01,2015,MMR Dose 1 by Age 17,1998,99.34000000000002,0.15000000000000002,19.12,96.51
Z2.3.A.01,2016,MMR Dose 1 by Age 17,1999,99.25,0.17,15.05,96.71000000000001
Z2.3.A.01,2017,MMR Dose 1 by Age 17,2000,99.39000000000001,0.14,17.68,96.94000000000001
Z2.3.A.01,2018,MMR Dose 1 by Age 17,2001,99.39000000000001,0.14,16.86,97.03
Z2.3.A.01,2019,MMR Dose 1 by Age 17,2002,99.60000000000001,0.11,22.650000000000002,97.22
Z2.3.A.01,2020,MMR Dose 1 by Age 17,2003,98.87,0.22,5.07,97.75
Z2.3.A.01,2021,MMR Dose 1 by Age 17,2004,99.47,0.12000000000000001,13.13,97.84000000000002
Z2.3.A.01,2022,MMR Dose 1 by Age 17,2005,99.4,0.15000000000000002,10.750000000000002,97.83000000000001
Z2.3.A.01,2023,MMR Dose 1 by Age 17,2006,98.62,0.26,5.180000000000001,97.27
Z2.3.A.01,2014,MMR Dose 1 by Age 2,2012,85.9,1.1300000000000001,-1.8900000000000001,88.05
Z2.3.A.01,2015,MMR Dose 1 by Age 2,2013,86.17,1.1300000000000001,-0.8400000000000001,87.11000000000001
Z2.3.A.01,2016,MMR Dose 1 by Age 2,2014,84.92,1.1400000000000001,-2.08,87.29
Z2.3.A.01,2017,MMR Dose 1 by Age 2,2015,87.78,1.07,0.68,87.05
Z2.3.A.01,2018,MMR Dose 1 by Age 2,2016,82.35000000000001,1.34,-3.2800000000000002,86.73
Z2.3.A.01,2019,MMR Dose 1 by Age 2,2017,84.0,1.2400000000000002,-2.39,86.96000000000001
Z2.3.A.01,2020,MMR Dose 1 by Age 2,2018,84.95,1.31,-1.3,86.65
Z2.3.A.01,2021,MMR Dose 1 by Age 2,2019,80.64000000000001,1.4300000000000002,-1.7900000000000003,83.2
Z2.3.A.01,2022,MMR Dose 1 by Age 2,2020,83.57,1.4300000000000002,1.05,82.07
Z2.3.A.01,2023,MMR Dose 1 by Age 2,2021,84.73,1.2900000000000003,2.3800000000000003,81.67
Z2.3.A.01,2014,MMR Dose 2 by Age 13,2001,95.91000000000001,0.5700000000000001,7.28,91.76
Z2.3.A.01,2015,MMR Dose 2 by Age 13,2002,96.45,0.53,8.950000000000001,91.68
Z2.3.A.01,2016,MMR Dose 2 by Age 13,2003,93.52,0.7400000000000001,3.18,91.18
Z2.3.A.01,2017,MMR Dose 2 by Age 13,2004,95.42,0.6000000000000001,6.56,91.45
Z2.3.A.01,2018,MMR Dose 2 by Age 13,2005,92.95,0.81,1.9800000000000002,91.34000000000002
Z2.3.A.01,2019,MMR Dose 2 by Age 13,2006,93.17,0.7400000000000001,2.3000000000000003,91.46000000000001
Z2.3.A.01,2020,MMR Dose 2 by Age 13,2007,92.28,0.76,1.6700000000000002,91.01
Z2.3.A.01,2021,MMR Dose 2 by Age 13,2008,91.96000000000001,0.79,2.72,89.81000000000002
Z2.3.A.01,2022,MMR Dose 2 by Age 13,2009,89.55,0.9400000000000001,-0.30000000000000004,89.83000000000001
Z2.3.A.01,2023,MMR Dose 2 by Age 13,2010,92.56,0.76,3.91,89.61000000000001
Z2.3.A.01,2014,MMR Dose 2 by Age 17,1997,97.38000000000001,0.41000000000000003,12.21,92.41000000000001
Z2.3.A.01,2015,MMR Dose 2 by Age 17,1998,96.98,0.42000000000000004,10.08,92.75
Z2.3.A.01,2016,MMR Dose 2 by Age 17,1999,97.53,0.4,10.84,93.22
Z2.3.A.01,2017,MMR Dose 2 by Age 17,2000,97.53,0.4,10.13,93.49000000000001
Z2.3.A.01,2018,MMR Dose 2 by Age 17,2001,97.7,0.37000000000000005,11.8,93.37
Z2.3.A.01,2019,MMR Dose 2 by Age 17,2002,98.13000000000001,0.33000000000000007,13.860000000000001,93.56
Z2.3.A.01,2020,MMR Dose 2 by Age 17,2003,95.91000000000001,0.53,2.99,94.32000000000001
Z2.3.A.01,2021,MMR Dose 2 by Age 17,2004,97.45,0.39,7.94,94.35000000000001
Z2.3.A.01,2022,MMR Dose 2 by Age 17,2005,95.56,0.59,3.3400000000000003,93.60000000000001
Z2.3.A.01,2023,MMR Dose 2 by Age 17,2006,94.03,0.68,2.07,92.62
Z2.3.A.01,2023,MMR Dose 2 by Age 2,2021,66.81,1.6900000000000002,-1.4900000000000002,69.32
Z2.3.A.01,2014,MMR Dose 2 by Age 7,2007,78.37,1.3,-1.6900000000000002,80.57
Z2.3.A.01,2015,MMR Dose 2 by Age 7,2008,81.77,1.2100000000000002,0.39,81.30000000000001
Z2.3.A.01,2016,MMR Dose 2 by Age 7,2009,79.53,1.2900000000000003,-1.9900000000000002,82.10000000000001
Z2.3.A.01,2017,MMR Dose 2 by Age 7,2010,82.91000000000001,1.1800000000000002,1.09,81.63000000000001
Z2.3.A.01,2018,MMR Dose 2 by Age 7,2011,80.96000000000001,1.2500000000000002,-0.1,81.08
Z2.3.A.01,2019,MMR Dose 2 by Age 7,2012,81.89000000000001,1.2800000000000002,0.14,81.72
Z2.3.A.01,2020,MMR Dose 2 by Age 7,2013,79.21000000000001,1.35,1.1900000000000002,77.60000000000001
Z2.3.A.01,2021,MMR Dose 2 by Age 7,2014,67.78,1.51,-4.61,74.73
Z2.3.A.01,2022,MMR Dose 2 by Age 7,2015,74.08,1.4300000000000002,0.0,74.08
Z2.3.A.01,2023,MMR Dose 2 by Age 7,2016,71.63000000000001,1.55,-0.6400000000000001,72.63000000000001
Z2.3.B.02,2014,MMR Dose 1 by Age 13,2001,98.77,0.31000000000000005,7.61,96.38000000000001
Z2.3.B.02,2015,MMR Dose 1 by Age 13,2002,98.53,0.36000000000000004,5.670000000000001,96.51
Z2.3.B.02,2016,MMR Dose 1 by Age 13,2003,98.69000000000001,0.30000000000000004,6.79,96.66000000000001
Z2.3.B.02,2017,MMR Dose 1 by Age 13,2004,98.49000000000001,0.32000000000000006,4.8500000000000005,96.92
Z2.3.B.02,2018,MMR Dose 1 by Age 13,2005,97.99000000000001,0.38000000000000006,2.3600000000000003,97.09
Z2.3.B.02,2019,MMR Dose 1 by Age 13,2006,98.15,0.32000000000000006,4.11,96.81000000000002
Z2.3.B.02,2020,MMR Dose 1 by Age 13,2007,96.87,0.44,1.31,96.30000000000001
Z2.3.B.02,2021,MMR Dose 1 by Age 13,2008,96.26,0.45,1.4000000000000001,95.64000000000001
Z2.3.B.02,2022,MMR Dose 1 by Age 13,2009,96.86000000000001,0.4,4.04,95.25
Z2.3.B.02,2023,MMR Dose 1 by Age 13,2010,96.27,0.43000000000000005,3.07,94.95
Z2.3.B.02,2014,MMR Dose 1 by Age 17,1997,98.95,0.31000000000000005,8.860000000000001,96.23
Z2.3.B.02,2015,MMR Dose 1 by Age 17,1998,98.83000000000001,0.31000000000000005,7.41,96.51
Z2.3.B.02,2016,MMR Dose 1 by Age 17,1999,98.91000000000001,0.29000000000000004,7.72,96.71000000000001
Z2.3.B.02,2017,MMR Dose 1 by Age 17,2000,99.12,0.24000000000000002,9.03,96.94000000000001
Z2.3.B.02,2018,MMR Dose 1 by Age 17,2001,99.22,0.21000000000000002,10.22,97.03
Z2.3.B.02,2019,MMR Dose 1 by Age 17,2002,99.0,0.26,6.800000000000001,97.22
Z2.3.B.02,2020,MMR Dose 1 by Age 17,2003,99.16000000000001,0.21000000000000002,6.8500000000000005,97.75
Z2.3.B.02,2021,MMR Dose 1 by Age 17,2004,98.75,0.27,3.3200000000000003,97.84000000000002
Z2.3.B.02,2022,MMR Dose 1 by Age 17,2005,98.39000000000001,0.32000000000000006,1.7600000000000002,97.83000000000001
Z2.3.B.02,2023,MMR Dose 1 by Age 17,2006,98.38000000000001,0.29000000000000004,3.79,97.27
Z2.3.B.02,2014,MMR Dose 1 by Age 2,2012,92.92,0.6000000000000001,8.17,88.05
Z2.3.B.02,2015,MMR Dose 1 by Age 2,2013,91.60000000000001,0.6300000000000001,7.07,87.11000000000001
Z2.3.B.02,2016,MMR Dose 1 by Age 2,2014,91.39000000000001,0.6200000000000001,6.61,87.29
Z2.3.B.02,2017,MMR Dose 1 by Age 2,2015,90.47,0.6200000000000001,5.5,87.05
Z2.3.B.02,2018,MMR Dose 1 by Age 2,2016,92.06,0.58,9.16,86.73
Z2.3.B.02,2019,MMR Dose 1 by Age 2,2017,92.02,0.6000000000000001,8.42,86.96000000000001
Z2.3.B.02,2020,MMR Dose 1 by Age 2,2018,92.2,0.6100000000000001,9.1,86.65
Z2.3.B.02,2021,MMR Dose 1 by Age 2,2019,90.21000000000001,0.6700000000000002,10.43,83.2
Z2.3.B.02,2022,MMR Dose 1 by Age 2,2020,89.15,0.7300000000000001,9.73,82.07
Z2.3.B.02,2023,MMR Dose 1 by Age 2,2021,89.13000000000001,0.6900000000000001,10.88,81.67
Z2.3.B.02,2014,MMR Dose 2 by Age 13,2001,97.09,0.5,10.660000000000002,91.76
Z2.3.B.02,2015,MMR Dose 2 by Age 13,2002,97.12,0.46,11.82,91.68
Z2.3.B.02,2016,MMR Dose 2 by Age 13,2003,95.5,0.58,7.42,91.18
Z2.3.B.02,2017,MMR Dose 2 by Age 13,2004,95.91000000000001,0.53,8.370000000000001,91.45
Z2.3.B.02,2018,MMR Dose 2 by Age 13,2005,94.49000000000001,0.6200000000000001,5.07,91.34000000000002
Z2.3.B.02,2019,MMR Dose 2 by Age 13,2006,94.25,0.59,4.74,91.46000000000001
Z2.3.B.02,2020,MMR Dose 2 by Age 13,2007,93.9,0.56,5.180000000000001,91.01
Z2.3.B.02,2021,MMR Dose 2 by Age 13,2008,92.21000000000001,0.6100000000000001,3.9200000000000004,89.81000000000002
Z2.3.B.02,2022,MMR Dose 2 by Age 13,2009,93.61000000000001,0.54,7.05,89.83000000000001
Z2.3.B.02,2023,MMR Dose 2 by Age 13,2010,92.95,0.55,6.1000000000000005,89.61000000000001
Z2.3.B.02,2014,MMR Dose 2 by Age 17,1997,98.11000000000001,0.37000000000000005,15.33,92.41000000000001
Z2.3.B.02,2015,MMR Dose 2 by Age 17,1998,97.98,0.38000000000000006,13.64,92.75
Z2.3.B.02,2016,MMR Dose 2 by Age 17,1999,97.86000000000001,0.41000000000000003,11.290000000000001,93.22
Z2.3.B.02,2017,MMR Dose 2 by Age 17,2000,98.03,0.37000000000000005,12.350000000000001,93.49000000000001
Z2.3.B.02,2018,MMR Dose 2 by Age 17,2001,98.38000000000001,0.32000000000000006,15.680000000000001,93.37
Z2.3.B.02,2019,MMR Dose 2 by Age 17,2002,98.31000000000002,0.31000000000000005,15.370000000000001,93.56
Z2.3.B.02,2020,MMR Dose 2 by Age 17,2003,97.26,0.41000000000000003,7.21,94.32000000000001
Z2.3.B.02,2021,MMR Dose 2 by Age 17,2004,97.04,0.42000000000000004,6.46,94.35000000000001
Z2.3.B.02,2022,MMR Dose 2 by Age 17,2005,95.67,0.53,3.9400000000000004,93.60000000000001
Z2.3.B.02,2023,MMR Dose 2 by Age 17,2006,94.89000000000001,0.54,4.170000000000001,92.62
Z2.3.B.02,2023,MMR Dose 2 by Age 2,2021,79.46000000000001,0.88,11.48,69.32
Z2.3.B.02,2014,MMR Dose 2 by Age 7,2007,87.62,0.8200000000000001,8.66,80.57
Z2.3.B.02,2015,MMR Dose 2 by Age 7,2008,87.35000000000001,0.79,7.69,81.30000000000001
Z2.3.B.02,2016,MMR Dose 2 by Age 7,2009,88.21000000000001,0.7400000000000001,8.21,82.10000000000001
Z2.3.B.02,2017,MMR Dose 2 by Age 7,2010,87.02,0.7500000000000001,7.130000000000001,81.63000000000001
Z2.3.B.02,2018,MMR Dose 2 by Age 7,2011,86.91000000000001,0.7400000000000001,7.830000000000001,81.08
Z2.3.B.02,2019,MMR Dose 2 by Age 7,2012,87.88000000000001,0.7000000000000001,8.790000000000001,81.72
Z2.3.B.02,2020,MMR Dose 2 by Age 7,2013,82.16000000000001,0.81,5.61,77.60000000000001
Z2.3.B.02,2021,MMR Dose 2 by Age 7,2014,76.99000000000001,0.8700000000000001,2.59,74.73
Z2.3.B.02,2022,MMR Dose 2 by Age 7,2015,78.91000000000001,0.8300000000000001,5.830000000000001,74.08
Z2.3.B.02,2023,MMR Dose 2 by Age 7,2016,81.53,0.79,11.33,72.63000000000001
Z2.4.A.01,2014,MMR Dose 1 by Age 13,2001,97.75,0.47000000000000003,2.9000000000000004,96.38000000000001
Z2.4.A.01,2015,MMR Dose 1 by Age 13,2002,96.7,0.58,0.32000000000000006,96.51
Z2.4.A.01,2016,MMR Dose 1 by Age 13,2003,96.82000000000001,0.52,0.31000000000000005,96.66000000000001
Z2.4.A.01,2017,MMR Dose 1 by Age 13,2004,98.26,0.37000000000000005,3.63,96.92
Z2.4.A.01,2018,MMR Dose 1 by Age 13,2005,97.11000000000001,0.45,0.04,97.09
Z2.4.A.01,2019,MMR Dose 1 by Age 13,2006,96.87,0.48000000000000004,0.12000000000000001,96.81000000000002
Z2.4.A.01,2020,MMR Dose 1 by Age 13,2007,96.58,0.49,0.5700000000000001,96.30000000000001
Z2.4.A.01,2021,MMR Dose 1 by Age 13,2008,95.95,0.52,0.6000000000000001,95.64000000000001
Z2.4.A.01,2022,MMR Dose 1 by Age 13,2009,95.65,0.55,0.7200000000000001,95.25
Z2.4.A.01,2023,MMR Dose 1 by Age 13,2010,96.68,0.49,3.51,94.95
Z2.4.A.01,2014,MMR Dose 1 by Age 17,1997,98.38000000000001,0.38000000000000006,5.7,96.23
Z2.4.A.01,2015,MMR Dose 1 by Age 17,1998,98.46000000000001,0.37000000000000005,5.29,96.51
Z2.4.A.01,2016,MMR Dose 1 by Age 17,1999,97.98,0.46,2.75,96.71000000000001
Z2.4.A.01,2017,MMR Dose 1 by Age 17,2000,98.53,0.36000000000000004,4.42,96.94000000000001
Z2.4.A.01,2018,MMR Dose 1 by Age 17,2001,98.36000000000001,0.36000000000000004,3.66,97.03
Z2.4.A.01,2019,MMR Dose 1 by Age 17,2002,97.77,0.43000000000000005,1.2900000000000003,97.22
Z2.4.A.01,2020,MMR Dose 1 by Age 17,2003,97.95,0.37000000000000005,0.55,97.75
Z2.4.A.01,2021,MMR Dose 1 by Age 17,2004,98.68,0.29000000000000004,2.87,97.84000000000002
Z2.4.A.01,2022,MMR Dose 1 by Age 17,2005,97.75,0.38000000000000006,-0.2,97.83000000000001
Z2.4.A.01,2023,MMR Dose 1 by Age 17,2006,97.30000000000001,0.44,0.06,97.27
Z2.4.A.01,2014,MMR Dose 1 by Age 2,2012,91.64000000000001,0.81,4.41,88.05
Z2.4.A.01,2015,MMR Dose 1 by Age 2,2013,89.46000000000001,0.9400000000000001,2.51,87.11000000000001
Z2.4.A.01,2016,MMR Dose 1 by Age 2,2014,92.23,0.8200000000000001,6.02,87.29
Z2.4.A.01,2017,MMR Dose 1 by Age 2,2015,90.97,0.8700000000000001,4.51,87.05
Z2.4.A.01,2018,MMR Dose 1 by Age 2,2016,89.19000000000001,0.98,2.5,86.73
Z2.4.A.01,2019,MMR Dose 1 by Age 2,2017,92.33000000000001,0.88,6.07,86.96000000000001
Z2.4.A.01,2020,MMR Dose 1 by Age 2,2018,93.47,0.8400000000000001,8.1,86.65
Z2.4.A.01,2021,MMR Dose 1 by Age 2,2019,89.71000000000001,1.05,6.19,83.2
Z2.4.A.01,2022,MMR Dose 1 by Age 2,2020,88.11000000000001,1.1600000000000001,5.2,82.07
Z2.4.A.01,2023,MMR Dose 1 by Age 2,2021,88.36000000000001,1.09,6.140000000000001,81.67
Z2.4.A.01,2014,MMR Dose 2 by Age 13,2001,95.86000000000001,0.59,6.94,91.76
Z2.4.A.01,2015,MMR Dose 2 by Age 13,2002,93.10000000000001,0.78,1.83,91.68
Z2.4.A.01,2016,MMR Dose 2 by Age 13,2003,94.18,0.6700000000000002,4.5,91.18
Z2.4.A.01,2017,MMR Dose 2 by Age 13,2004,94.58,0.6300000000000001,4.96,91.45
Z2.4.A.01,2018,MMR Dose 2 by Age 13,2005,92.76,0.7100000000000001,1.9900000000000002,91.34000000000002
Z2.4.A.01,2019,MMR Dose 2 by Age 13,2006,92.11000000000001,0.76,0.8600000000000001,91.46000000000001
Z2.4.A.01,2020,MMR Dose 2 by Age 13,2007,93.04,0.68,3.01,91.01
Z2.4.A.01,2021,MMR Dose 2 by Age 13,2008,92.72,0.6700000000000002,4.359999999999999,89.81000000000002
Z2.4.A.01,2022,MMR Dose 2 by Age 13,2009,92.34000000000002,0.7000000000000001,3.61,89.83000000000001
Z2.4.A.01,2023,MMR Dose 2 by Age 13,2010,94.48,0.59,8.24,89.61000000000001
Z2.4.A.01,2014,MMR Dose 2 by Age 17,1997,95.14000000000001,0.6900000000000001,3.93,92.41000000000001
Z2.4.A.01,2015,MMR Dose 2 by Age 17,1998,96.06,0.59,5.57,92.75
Z2.4.A.01,2016,MMR Dose 2 by Age 17,1999,96.85000000000001,0.5,7.2,93.22
Z2.4.A.01,2017,MMR Dose 2 by Age 17,2000,97.43,0.46,8.56,93.49000000000001
Z2.4.A.01,2018,MMR Dose 2 by Age 17,2001,97.13000000000001,0.45,8.39,93.37
Z2.4.A.01,2019,MMR Dose 2 by Age 17,2002,95.24000000000001,0.6100000000000001,2.7600000000000002,93.56
Z2.4.A.01,2020,MMR Dose 2 by Age 17,2003,96.06,0.51,3.4200000000000004,94.32000000000001
Z2.4.A.01,2021,MMR Dose 2 by Age 17,2004,95.97,0.51,3.15,94.35000000000001
Z2.4.A.01,2022,MMR Dose 2 by Age 17,2005,94.59,0.59,1.6800000000000002,93.60000000000001
Z2.4.A.01,2023,MMR Dose 2 by Age 17,2006,93.02,0.7000000000000001,0.5700000000000001,92.62
Z2.4.A.01,2023,MMR Dose 2 by Age 2,2021,80.32000000000001,1.33,8.250000000000002,69.32
Z2.4.A.01,2014,MMR Dose 2 by Age 7,2007,86.87,0.96,6.55,80.57
Z2.4.A.01,2015,MMR Dose 2 by Age 7,2008,86.27,0.9400000000000001,5.2700000000000005,81.30000000000001
Z2.4.A.01,2016,MMR Dose 2 by Age 7,2009,86.59,0.92,4.870000000000001,82.10000000000001
Z2.4.A.01,2017,MMR Dose 2 by Age 7,2010,89.59,0.8500000000000001,9.39,81.63000000000001
Z2.4.A.01,2018,MMR Dose 2 by Age 7,2011,85.19000000000001,1.01,4.07,81.08
Z2.4.A.01,2019,MMR Dose 2 by Age 7,2012,88.52,0.89,7.62,81.72
Z2.4.A.01,2020,MMR Dose 2 by Age 7,2013,82.89000000000001,1.1,4.800000000000001,77.60000000000001
Z2.4.A.01,2021,MMR Dose 2 by Age 7,2014,81.85000000000001,1.11,6.4,74.73
Z2.4.A.01,2022,MMR Dose 2 by Age 7,2015,80.23,1.1600000000000001,5.28,74.08
Z2.4.A.01,2023,MMR Dose 2 by Age 7,2016,83.02,1.07,9.760000000000002,72.63000000000001
Z2.4.B.02,2014,MMR Dose 1 by Age 13,2001,97.65,0.6400000000000001,1.9600000000000002,96.38000000000001
Z2.4.B.02,2015,MMR Dose 1 by Age 13,2002,95.53,0.92,-1.07,96.51
Z2.4.B.02,2016,MMR Dose 1 by Age 13,2003,97.34000000000002,0.6500000000000001,1.05,96.66000000000001
Z2.4.B.02,2017,MMR Dose 1 by Age 13,2004,95.58,0.91,-1.4800000000000002,96.92
Z2.4.B.02,2018,MMR Dose 1 by Age 13,2005,96.4,0.7500000000000001,-0.92,97.09
Z2.4.B.02,2019,MMR Dose 1 by Age 13,2006,95.0,0.93,-1.9400000000000002,96.81000000000002
Z2.4.B.02,2020,MMR Dose 1 by Age 13,2007,95.47,0.88,-0.9500000000000001,96.30000000000001
Z2.4.B.02,2021,MMR Dose 1 by Age 13,2008,93.75,0.99,-1.9100000000000001,95.64000000000001
Z2.4.B.02,2022,MMR Dose 1 by Age 13,2009,92.25,1.07,-2.79,95.25
Z2.4.B.02,2023,MMR Dose 1 by Age 13,2010,92.65,1.02,-2.2600000000000002,94.95
Z2.4.B.02,2014,MMR Dose 1 by Age 17,1997,98.59,0.4,5.890000000000001,96.23
Z2.4.B.02,2015,MMR Dose 1 by Age 17,1998,97.48,0.6400000000000001,1.51,96.51
Z2.4.B.02,2016,MMR Dose 1 by Age 17,1999,97.48,0.6100000000000001,1.2700000000000002,96.71000000000001
Z2.4.B.02,2017,MMR Dose 1 by Age 17,2000,97.42,0.6600000000000001,0.7200000000000001,96.94000000000001
Z2.4.B.02,2018,MMR Dose 1 by Age 17,2001,98.28,0.5,2.5,97.03
Z2.4.B.02,2019,MMR Dose 1 by Age 17,2002,96.96000000000001,0.6900000000000001,-0.37000000000000005,97.22
Z2.4.B.02,2020,MMR Dose 1 by Age 17,2003,98.13000000000001,0.49,0.78,97.75
Z2.4.B.02,2021,MMR Dose 1 by Age 17,2004,96.65,0.7300000000000001,-1.62,97.84000000000002
Z2.4.B.02,2022,MMR Dose 1 by Age 17,2005,97.26,0.6100000000000001,-0.93,97.83000000000001
Z2.4.B.02,2023,MMR Dose 1 by Age 17,2006,95.39000000000001,0.88,-2.14,97.27
Z2.4.B.02,2014,MMR Dose 1 by Age 2,2012,85.34000000000002,1.4600000000000002,-1.86,88.05
Z2.4.B.02,2015,MMR Dose 1 by Age 2,2013,87.14000000000001,1.37,0.02,87.11000000000001
Z2.4.B.02,2016,MMR Dose 1 by Age 2,2014,85.28,1.4500000000000002,-1.3900000000000001,87.29
Z2.4.B.02,2017,MMR Dose 1 by Age 2,2015,83.76,1.54,-2.14,87.05
Z2.4.B.02,2018,MMR Dose 1 by Age 2,2016,88.48,1.32,1.32,86.73
Z2.4.B.02,2019,MMR Dose 1 by Age 2,2017,86.65,1.36,-0.23,86.96000000000001
Z2.4.B.02,2020,MMR Dose 1 by Age 2,2018,89.27,1.2400000000000002,2.11,86.65
Z2.4.B.02,2021,MMR Dose 1 by Age 2,2019,84.86000000000001,1.4700000000000002,1.1300000000000001,83.2
Z2.4.B.02,2022,MMR Dose 1 by Age 2,2020,84.65,1.5,1.7200000000000002,82.07
Z2.4.B.02,2023,MMR Dose 1 by Age 2,2021,84.9,1.36,2.3800000000000003,81.67
Z2.4.B.02,2014,MMR Dose 2 by Age 13,2001,88.24000000000001,1.83,-1.9200000000000002,91.76
Z2.4.B.02,2015,MMR Dose 2 by Age 13,2002,87.97,1.85,-2.01,91.68
Z2.4.B.02,2016,MMR Dose 2 by Age 13,2003,88.74000000000001,1.7100000000000002,-1.4200000000000002,91.18
Z2.4.B.02,2017,MMR Dose 2 by Age 13,2004,89.38000000000001,1.57,-1.32,91.45
Z2.4.B.02,2018,MMR Dose 2 by Age 13,2005,89.2,1.4200000000000002,-1.5,91.34000000000002
Z2.4.B.02,2019,MMR Dose 2 by Age 13,2006,85.03,1.7400000000000002,-3.7,91.46000000000001
Z2.4.B.02,2020,MMR Dose 2 by Age 13,2007,88.4,1.4800000000000002,-1.7600000000000002,91.01
Z2.4.B.02,2021,MMR Dose 2 by Age 13,2008,80.62,1.8800000000000001,-4.9,89.81000000000002
Z2.4.B.02,2022,MMR Dose 2 by Age 13,2009,82.57,1.7300000000000002,-4.2,89.83000000000001
Z2.4.B.02,2023,MMR Dose 2 by Age 13,2010,84.7,1.52,-3.23,89.61000000000001
Z2.4.B.02,2014,MMR Dose 2 by Age 17,1997,93.10000000000001,1.2600000000000002,0.55,92.41000000000001
Z2.4.B.02,2015,MMR Dose 2 by Age 17,1998,94.43,1.1300000000000001,1.4900000000000002,92.75
Z2.4.B.02,2016,MMR Dose 2 by Age 17,1999,91.39000000000001,1.4400000000000002,-1.2600000000000002,93.22
Z2.4.B.02,2017,MMR Dose 2 by Age 17,2000,93.91000000000001,1.1600000000000001,0.36000000000000004,93.49000000000001
Z2.4.B.02,2018,MMR Dose 2 by Age 17,2001,91.32000000000001,1.52,-1.35,93.37
Z2.4.B.02,2019,MMR Dose 2 by Age 17,2002,91.32000000000001,1.5,-1.5,93.56
Z2.4.B.02,2020,MMR Dose 2 by Age 17,2003,92.30000000000001,1.33,-1.52,94.32000000000001
Z2.4.B.02,2021,MMR Dose 2 by Age 17,2004,92.25,1.2600000000000002,-1.6600000000000001,94.35000000000001
Z2.4.B.02,2022,MMR Dose 2 by Age 17,2005,91.13000000000001,1.2700000000000002,-1.9500000000000002,93.60000000000001
Z2.4.B.02,2023,MMR Dose 2 by Age 17,2006,86.95,1.6,-3.54,92.62
Z2.4.B.02,2023,MMR Dose 2 by Age 2,2021,69.23,1.7400000000000002,-0.05,69.32
Z2.4.B.02,2014,MMR Dose 2 by Age 7,2007,76.95,2.03,-1.7800000000000002,80.57
Z2.4.B.02,2015,MMR Dose 2 by Age 7,2008,70.01,2.2,-5.140000000000001,81.30000000000001
Z2.4.B.02,2016,MMR Dose 2 by Age 7,2009,73.22,2.05,-4.319999999999999,82.10000000000001
Z2.4.B.02,2017,MMR Dose 2 by Age 7,2010,74.05,1.9300000000000002,-3.93,81.63000000000001
Z2.4.B.02,2018,MMR Dose 2 by Age 7,2011,74.06,2.01,-3.5,81.08
Z2.4.B.02,2019,MMR Dose 2 by Age 7,2012,73.51,2.01,-4.09,81.72
Z2.4.B.02,2020,MMR Dose 2 by Age 7,2013,69.94000000000001,2.1,-3.65,77.60000000000001
Z2.4.B.02,2021,MMR Dose 2 by Age 7,2014,64.04,2.08,-5.15,74.73
Z2.4.B.02,2022,MMR Dose 2 by Age 7,2015,70.52,1.9700000000000002,-1.81,74.08
Z2.4.B.02,2023,MMR Dose 2 by Age 7,2016,72.2,1.87,-0.23,72.63000000000001
Z2.4.C.03,2014,MMR Dose 1 by Age 13,2001,95.36000000000001,0.9,-1.1400000000000001,96.38000000000001
Z2.4.C.03,2015,MMR Dose 1 by Age 13,2002,97.72,0.56,2.15,96.51
Z2.4.C.03,2016,MMR Dose 1 by Age 13,2003,97.57,0.56,1.6300000000000001,96.66000000000001
Z2.4.C.03,2017,MMR Dose 1 by Age 13,2004,97.45,0.59,0.89,96.92
Z2.4.C.03,2018,MMR Dose 1 by Age 13,2005,96.24000000000001,0.6900000000000001,-1.2300000000000002,97.09
Z2.4.C.03,2019,MMR Dose 1 by Age 13,2006,97.35000000000001,0.52,1.02,96.81000000000002
Z2.4.C.03,2020,MMR Dose 1 by Age 13,2007,96.74000000000001,0.6000000000000001,0.7400000000000001,96.30000000000001
Z2.4.C.03,2021,MMR Dose 1 by Age 13,2008,96.06,0.6300000000000001,0.6700000000000002,95.64000000000001
Z2.4.C.03,2022,MMR Dose 1 by Age 13,2009,95.34000000000002,0.7100000000000001,0.13,95.25
Z2.4.C.03,2023,MMR Dose 1 by Age 13,2010,97.03,0.53,3.9000000000000004,94.95
Z2.4.C.03,2014,MMR Dose 1 by Age 17,1997,96.45,0.7100000000000001,0.32000000000000006,96.23
Z2.4.C.03,2015,MMR Dose 1 by Age 17,1998,98.09,0.48000000000000004,3.3000000000000003,96.51
Z2.4.C.03,2016,MMR Dose 1 by Age 17,1999,98.59,0.41000000000000003,4.58,96.71000000000001
Z2.4.C.03,2017,MMR Dose 1 by Age 17,2000,97.96000000000001,0.49,2.08,96.94000000000001
Z2.4.C.03,2018,MMR Dose 1 by Age 17,2001,97.13000000000001,0.6400000000000001,0.16,97.03
Z2.4.C.03,2019,MMR Dose 1 by Age 17,2002,98.81000000000002,0.34,4.65,97.22
Z2.4.C.03,2020,MMR Dose 1 by Age 17,2003,98.73,0.35000000000000003,2.8000000000000003,97.75
Z2.4.C.03,2021,MMR Dose 1 by Age 17,2004,98.31000000000002,0.43000000000000005,1.09,97.84000000000002
Z2.4.C.03,2022,MMR Dose 1 by Age 17,2005,97.9,0.46,0.17,97.83000000000001
Z2.4.C.03,2023,MMR Dose 1 by Age 17,2006,97.76,0.46,1.07,97.27
Z2.4.C.03,2014,MMR Dose 1 by Age 2,2012,90.55,1.03,2.43,88.05
Z2.4.C.03,2015,MMR Dose 1 by Age 2,2013,88.95,1.1,1.6800000000000002,87.11000000000001
Z2.4.C.03,2016,MMR Dose 1 by Age 2,2014,90.17,1.04,2.7600000000000002,87.29
Z2.4.C.03,2017,MMR Dose 1 by Age 2,2015,91.14000000000001,1.0,4.07,87.05
Z2.4.C.03,2018,MMR Dose 1 by Age 2,2016,90.62,1.01,3.87,86.73
Z2.4.C.03,2019,MMR Dose 1 by Age 2,2017,90.84000000000002,1.01,3.8400000000000003,86.96000000000001
Z2.4.C.03,2020,MMR Dose 1 by Age 2,2018,90.73,1.02,4.0,86.65
Z2.4.C.03,2021,MMR Dose 1 by Age 2,2019,89.55,1.11,5.73,83.2
Z2.4.C.03,2022,MMR Dose 1 by Age 2,2020,89.66000000000001,1.1,6.91,82.07
Z2.4.C.03,2023,MMR Dose 1 by Age 2,2021,88.5,1.09,6.2700000000000005,81.67
Z2.4.C.03,2014,MMR Dose 2 by Age 13,2001,90.62,1.36,-0.8400000000000001,91.76
Z2.4.C.03,2015,MMR Dose 2 by Age 13,2002,94.35000000000001,1.0,2.67,91.68
Z2.4.C.03,2016,MMR Dose 2 by Age 13,2003,92.26,1.11,0.98,91.18
Z2.4.C.03,2017,MMR Dose 2 by Age 13,2004,92.55,1.11,0.99,91.45
Z2.4.C.03,2018,MMR Dose 2 by Age 13,2005,91.80000000000001,1.03,0.44,91.34000000000002
Z2.4.C.03,2019,MMR Dose 2 by Age 13,2006,91.88000000000001,1.01,0.42000000000000004,91.46000000000001
Z2.4.C.03,2020,MMR Dose 2 by Age 13,2007,91.27,1.02,0.25,91.01
Z2.4.C.03,2021,MMR Dose 2 by Age 13,2008,89.66000000000001,1.07,-0.14,89.81000000000002
Z2.4.C.03,2022,MMR Dose 2 by Age 13,2009,91.15,0.98,1.35,89.83000000000001
Z2.4.C.03,2023,MMR Dose 2 by Age 13,2010,91.66000000000001,0.9400000000000001,2.18,89.61000000000001
Z2.4.C.03,2014,MMR Dose 2 by Age 17,1997,93.71000000000001,0.99,1.31,92.41000000000001
Z2.4.C.03,2015,MMR Dose 2 by Age 17,1998,94.42,0.9500000000000001,1.7600000000000002,92.75
Z2.4.C.03,2016,MMR Dose 2 by Age 17,1999,96.15,0.8,3.65,93.22
Z2.4.C.03,2017,MMR Dose 2 by Age 17,2000,96.10000000000001,0.7500000000000001,3.4600000000000004,93.49000000000001
Z2.4.C.03,2018,MMR Dose 2 by Age 17,2001,94.62,0.9500000000000001,1.32,93.37
Z2.4.C.03,2019,MMR Dose 2 by Age 17,2002,97.23,0.6000000000000001,6.09,93.56
Z2.4.C.03,2020,MMR Dose 2 by Age 17,2003,95.71000000000001,0.76,1.82,94.32000000000001
Z2.4.C.03,2021,MMR Dose 2 by Age 17,2004,94.96000000000001,0.8600000000000001,0.7200000000000001,94.35000000000001
Z2.4.C.03,2022,MMR Dose 2 by Age 17,2005,94.37,0.81,0.96,93.60000000000001
Z2.4.C.03,2023,MMR Dose 2 by Age 17,2006,93.32000000000001,0.89,0.78,92.62
Z2.4.C.03,2023,MMR Dose 2 by Age 2,2021,78.66000000000001,1.3900000000000001,6.71,69.32
Z2.4.C.03,2014,MMR Dose 2 by Age 7,2007,82.0,1.4600000000000002,0.98,80.57
Z2.4.C.03,2015,MMR Dose 2 by Age 7,2008,82.46000000000001,1.37,0.8400000000000001,81.30000000000001
Z2.4.C.03,2016,MMR Dose 2 by Age 7,2009,83.22,1.34,0.8400000000000001,82.10000000000001
Z2.4.C.03,2017,MMR Dose 2 by Age 7,2010,84.4,1.2800000000000002,2.16,81.63000000000001
Z2.4.C.03,2018,MMR Dose 2 by Age 7,2011,83.92,1.2800000000000002,2.21,81.08
Z2.4.C.03,2019,MMR Dose 2 by Age 7,2012,86.21000000000001,1.2500000000000002,3.59,81.72
Z2.4.C.03,2020,MMR Dose 2 by Age 7,2013,81.38000000000001,1.3800000000000001,2.73,77.60000000000001
Z2.4.C.03,2021,MMR Dose 2 by Age 7,2014,77.75,1.4400000000000002,2.09,74.73
Z2.4.C.03,2022,MMR Dose 2 by Age 7,2015,78.02,1.4600000000000002,2.69,74.08
Z2.4.C.03,2023,MMR Dose 2 by Age 7,2016,80.89000000000001,1.32,6.25,72.63000000000001
Z2.4.D.04,2014,MMR Dose 1 by Age 13,2001,96.13000000000001,1.1,-0.23,96.38000000000001
Z2.4.D.04,2015,MMR Dose 1 by Age 13,2002,97.81000000000002,0.76,1.7100000000000002,96.51
Z2.4.D.04,2016,MMR Dose 1 by Age 13,2003,97.77,0.7200000000000001,1.55,96.66000000000001
Z2.4.D.04,2017,MMR Dose 1 by Age 13,2004,95.5,1.1400000000000001,-1.2500000000000002,96.92
Z2.4.D.04,2018,MMR Dose 1 by Age 13,2005,98.09,0.7300000000000001,1.37,97.09
Z2.4.D.04,2019,MMR Dose 1 by Age 13,2006,96.60000000000001,0.9400000000000001,-0.23,96.81000000000002
Z2.4.D.04,2020,MMR Dose 1 by Age 13,2007,96.45,0.97,0.15000000000000002,96.30000000000001
Z2.4.D.04,2021,MMR Dose 1 by Age 13,2008,93.89000000000001,1.2900000000000003,-1.35,95.64000000000001
Z2.4.D.04,2022,MMR Dose 1 by Age 13,2009,95.79,1.03,0.53,95.25
Z2.4.D.04,2023,MMR Dose 1 by Age 13,2010,94.21000000000001,1.1800000000000002,-0.6300000000000001,94.95
Z2.4.D.04,2014,MMR Dose 1 by Age 17,1997,99.06,0.39,7.21,96.23
Z2.4.D.04,2015,MMR Dose 1 by Age 17,1998,97.60000000000001,0.7300000000000001,1.4900000000000002,96.51
Z2.4.D.04,2016,MMR Dose 1 by Age 17,1999,98.95,0.44,5.12,96.71000000000001
Z2.4.D.04,2017,MMR Dose 1 by Age 17,2000,98.42,0.52,2.85,96.94000000000001
Z2.4.D.04,2018,MMR Dose 1 by Age 17,2001,97.47,0.81,0.54,97.03
Z2.4.D.04,2019,MMR Dose 1 by Age 17,2002,98.57,0.55,2.4600000000000004,97.22
Z2.4.D.04,2020,MMR Dose 1 by Age 17,2003,98.78,0.45,2.27,97.75
Z2.4.D.04,2021,MMR Dose 1 by Age 17,2004,97.39000000000001,0.76,-0.58,97.84000000000002
Z2.4.D.04,2022,MMR Dose 1 by Age 17,2005,98.68,0.54,1.58,97.83000000000001
Z2.4.D.04,2023,MMR Dose 1 by Age 17,2006,97.25,0.81,-0.02,97.27
Z2.4.D.04,2014,MMR Dose 1 by Age 2,2012,90.4,1.62,1.4600000000000002,88.05
Z2.4.D.04,2015,MMR Dose 1 by Age 2,2013,90.41000000000001,1.59,2.07,87.11000000000001
Z2.4.D.04,2016,MMR Dose 1 by Age 2,2014,92.06,1.57,3.03,87.29
Z2.4.D.04,2017,MMR Dose 1 by Age 2,2015,91.37,1.55,2.7800000000000002,87.05
Z2.4.D.04,2018,MMR Dose 1 by Age 2,2016,86.79,1.87,0.03,86.73
Z2.4.D.04,2019,MMR Dose 1 by Age 2,2017,89.02,1.6500000000000001,1.2500000000000002,86.96000000000001
Z2.4.D.04,2020,MMR Dose 1 by Age 2,2018,90.18,1.6700000000000002,2.12,86.65
Z2.4.D.04,2021,MMR Dose 1 by Age 2,2019,89.74000000000001,1.7800000000000002,3.67,83.2
Z2.4.D.04,2022,MMR Dose 1 by Age 2,2020,88.09,1.85,3.2600000000000002,82.07
Z2.4.D.04,2023,MMR Dose 1 by Age 2,2021,85.39000000000001,1.9100000000000001,1.9500000000000002,81.67
Z2.4.D.04,2014,MMR Dose 2 by Age 13,2001,94.64000000000001,1.2200000000000002,2.3600000000000003,91.76
Z2.4.D.04,2015,MMR Dose 2 by Age 13,2002,96.67,0.9,5.56,91.68
Z2.4.D.04,2016,MMR Dose 2 by Age 13,2003,91.33000000000001,1.58,0.1,91.18
Z2.4.D.04,2017,MMR Dose 2 by Age 13,2004,93.9,1.2500000000000002,1.9600000000000002,91.45
Z2.4.D.04,2018,MMR Dose 2 by Age 13,2005,93.17,1.3900000000000001,1.31,91.34000000000002
Z2.4.D.04,2019,MMR Dose 2 by Age 13,2006,93.5,1.2700000000000002,1.61,91.46000000000001
Z2.4.D.04,2020,MMR Dose 2 by Age 13,2007,94.13000000000001,1.1600000000000001,2.68,91.01
Z2.4.D.04,2021,MMR Dose 2 by Age 13,2008,92.03,1.34,1.6600000000000001,89.81000000000002
Z2.4.D.04,2022,MMR Dose 2 by Age 13,2009,90.04,1.53,0.14,89.83000000000001
Z2.4.D.04,2023,MMR Dose 2 by Age 13,2010,90.65,1.3900000000000001,0.7500000000000001,89.61000000000001
Z2.4.D.04,2014,MMR Dose 2 by Age 17,1997,97.19000000000001,0.78,6.16,92.41000000000001
Z2.4.D.04,2015,MMR Dose 2 by Age 17,1998,96.77,0.8300000000000001,4.82,92.75
Z2.4.D.04,2016,MMR Dose 2 by Age 17,1999,98.16000000000001,0.6200000000000001,7.91,93.22
Z2.4.D.04,2017,MMR Dose 2 by Age 17,2000,97.02,0.79,4.470000000000001,93.49000000000001
Z2.4.D.04,2018,MMR Dose 2 by Age 17,2001,96.34000000000002,0.96,3.1,93.37
Z2.4.D.04,2019,MMR Dose 2 by Age 17,2002,97.98,0.6200000000000001,7.15,93.56
Z2.4.D.04,2020,MMR Dose 2 by Age 17,2003,95.12,1.11,0.7200000000000001,94.32000000000001
Z2.4.D.04,2021,MMR Dose 2 by Age 17,2004,96.11000000000001,0.89,1.9800000000000002,94.35000000000001
Z2.4.D.04,2022,MMR Dose 2 by Age 17,2005,94.91000000000001,1.1500000000000001,1.1400000000000001,93.60000000000001
Z2.4.D.04,2023,MMR Dose 2 by Age 17,2006,94.63000000000001,1.12,1.7900000000000003,92.62
Z2.4.D.04,2023,MMR Dose 2 by Age 2,2021,74.38,2.3200000000000003,2.18,69.32
Z2.4.D.04,2014,MMR Dose 2 by Age 7,2007,88.10000000000001,1.6900000000000002,4.46,80.57
Z2.4.D.04,2015,MMR Dose 2 by Age 7,2008,86.22,1.83,2.69,81.30000000000001
Z2.4.D.04,2016,MMR Dose 2 by Age 7,2009,82.75,1.9900000000000002,0.33000000000000007,82.10000000000001
Z2.4.D.04,2017,MMR Dose 2 by Age 7,2010,84.60000000000001,1.7800000000000002,1.6700000000000002,81.63000000000001
Z2.4.D.04,2018,MMR Dose 2 by Age 7,2011,85.60000000000001,1.83,2.4600000000000004,81.08
Z2.4.D.04,2019,MMR Dose 2 by Age 7,2012,83.71000000000001,1.9700000000000002,1.01,81.72
Z2.4.D.04,2020,MMR Dose 2 by Age 7,2013,79.71000000000001,2.13,0.99,77.60000000000001
Z2.4.D.04,2021,MMR Dose 2 by Age 7,2014,76.60000000000001,2.35,0.8,74.73
Z2.4.D.04,2022,MMR Dose 2 by Age 7,2015,79.38000000000001,2.14,2.4800000000000004,74.08
Z2.4.D.04,2023,MMR Dose 2 by Age 7,2016,78.23,2.17,2.58,72.63000000000001
Z2.4.E.05,2014,MMR Dose 1 by Age 13,2001,98.61000000000001,0.28,8.02,96.38000000000001
Z2.4.E.05,2015,MMR Dose 1 by Age 13,2002,97.33000000000001,0.45,1.84,96.51
Z2.4.E.05,2016,MMR Dose 1 by Age 13,2003,97.95,0.38000000000000006,3.39,96.66000000000001
Z2.4.E.05,2017,MMR Dose 1 by Age 13,2004,97.87,0.39,2.43,96.92
Z2.4.E.05,2018,MMR Dose 1 by Age 13,2005,97.11000000000001,0.45,0.05,97.09
Z2.4.E.05,2019,MMR Dose 1 by Age 13,2006,98.04,0.33000000000000007,3.67,96.81000000000002
Z2.4.E.05,2020,MMR Dose 1 by Age 13,2007,96.36000000000001,0.49,0.12000000000000001,96.30000000000001
Z2.4.E.05,2021,MMR Dose 1 by Age 13,2008,95.65,0.52,0.02,95.64000000000001
Z2.4.E.05,2022,MMR Dose 1 by Age 13,2009,96.26,0.5,2.01,95.25
Z2.4.E.05,2023,MMR Dose 1 by Age 13,2010,95.0,0.58,0.08,94.95
Z2.4.E.05,2014,MMR Dose 1 by Age 17,1997,98.83000000000001,0.23,11.14,96.23
Z2.4.E.05,2015,MMR Dose 1 by Age 17,1998,98.83000000000001,0.24000000000000002,9.850000000000001,96.51
Z2.4.E.05,2016,MMR Dose 1 by Age 17,1999,98.91000000000001,0.23,9.450000000000001,96.71000000000001
Z2.4.E.05,2017,MMR Dose 1 by Age 17,2000,98.78,0.25,7.22,96.94000000000001
Z2.4.E.05,2018,MMR Dose 1 by Age 17,2001,99.15,0.18,11.49,97.03
Z2.4.E.05,2019,MMR Dose 1 by Age 17,2002,98.23,0.32000000000000006,3.14,97.22
Z2.4.E.05,2020,MMR Dose 1 by Age 17,2003,98.91000000000001,0.23,5.01,97.75
Z2.4.E.05,2021,MMR Dose 1 by Age 17,2004,98.65,0.27,2.97,97.84000000000002
Z2.4.E.05,2022,MMR Dose 1 by Age 17,2005,97.97,0.35000000000000003,0.41000000000000003,97.83000000000001
Z2.4.E.05,2023,MMR Dose 1 by Age 17,2006,98.24000000000001,0.31000000000000005,3.17,97.27
Z2.4.E.05,2014,MMR Dose 1 by Age 2,2012,87.97,0.9400000000000001,-0.08,88.05
Z2.4.E.05,2015,MMR Dose 1 by Age 2,2013,88.67,0.92,1.7000000000000002,87.11000000000001
Z2.4.E.05,2016,MMR Dose 1 by Age 2,2014,85.83000000000001,1.0,-1.4700000000000002,87.29
Z2.4.E.05,2017,MMR Dose 1 by Age 2,2015,86.83000000000001,0.98,-0.22,87.05
Z2.4.E.05,2018,MMR Dose 1 by Age 2,2016,87.64000000000001,0.9500000000000001,0.9500000000000001,86.73
Z2.4.E.05,2019,MMR Dose 1 by Age 2,2017,88.74000000000001,0.93,1.9200000000000002,86.96000000000001
Z2.4.E.05,2020,MMR Dose 1 by Age 2,2018,87.25,1.01,0.6000000000000001,86.65
Z2.4.E.05,2021,MMR Dose 1 by Age 2,2019,87.24000000000001,1.06,3.81,83.2
Z2.4.E.05,2022,MMR Dose 1 by Age 2,2020,86.89000000000001,1.11,4.33,82.07
Z2.4.E.05,2023,MMR Dose 1 by Age 2,2021,86.4,1.09,4.34,81.67
Z2.4.E.05,2014,MMR Dose 2 by Age 13,2001,96.45,0.49,9.620000000000001,91.76
Z2.4.E.05,2015,MMR Dose 2 by Age 13,2002,95.59,0.58,6.79,91.68
Z2.4.E.05,2016,MMR Dose 2 by Age 13,2003,94.11000000000001,0.6700000000000002,4.39,91.18
Z2.4.E.05,2017,MMR Dose 2 by Age 13,2004,94.16000000000001,0.6900000000000001,3.95,91.45
Z2.4.E.05,2018,MMR Dose 2 by Age 13,2005,93.06,0.7000000000000001,2.45,91.34000000000002
Z2.4.E.05,2019,MMR Dose 2 by Age 13,2006,93.22,0.6700000000000002,2.61,91.46000000000001
Z2.4.E.05,2020,MMR Dose 2 by Age 13,2007,90.41000000000001,0.8300000000000001,-0.7300000000000001,91.01
Z2.4.E.05,2021,MMR Dose 2 by Age 13,2008,89.89000000000001,0.81,0.11,89.81000000000002
Z2.4.E.05,2022,MMR Dose 2 by Age 13,2009,90.63000000000001,0.8,1.0,89.83000000000001
Z2.4.E.05,2023,MMR Dose 2 by Age 13,2010,89.01,0.8600000000000001,-0.6900000000000001,89.61000000000001
Z2.4.E.05,2014,MMR Dose 2 by Age 17,1997,97.44000000000001,0.39,12.94,92.41000000000001
Z2.4.E.05,2015,MMR Dose 2 by Age 17,1998,97.27,0.4,11.41,92.75
Z2.4.E.05,2016,MMR Dose 2 by Age 17,1999,97.46000000000001,0.39,10.770000000000001,93.22
Z2.4.E.05,2017,MMR Dose 2 by Age 17,2000,97.57,0.38000000000000006,10.8,93.49000000000001
Z2.4.E.05,2018,MMR Dose 2 by Age 17,2001,97.81000000000002,0.34,13.180000000000001,93.37
Z2.4.E.05,2019,MMR Dose 2 by Age 17,2002,97.16000000000001,0.42000000000000004,8.629999999999999,93.56
Z2.4.E.05,2020,MMR Dose 2 by Age 17,2003,96.69000000000001,0.45,5.23,94.32000000000001
Z2.4.E.05,2021,MMR Dose 2 by Age 17,2004,96.63000000000001,0.46,4.91,94.35000000000001
Z2.4.E.05,2022,MMR Dose 2 by Age 17,2005,94.5,0.6000000000000001,1.51,93.60000000000001
Z2.4.E.05,2023,MMR Dose 2 by Age 17,2006,93.86000000000001,0.6300000000000001,1.9600000000000002,92.62
Z2.4.E.05,2023,MMR Dose 2 by Age 2,2021,74.5,1.36,3.8000000000000003,69.32
Z2.4.E.05,2014,MMR Dose 2 by Age 7,2007,79.72,1.1700000000000002,-0.7300000000000001,80.57
Z2.4.E.05,2015,MMR Dose 2 by Age 7,2008,81.78,1.09,0.43000000000000005,81.30000000000001
Z2.4.E.05,2016,MMR Dose 2 by Age 7,2009,83.98,1.04,1.81,82.10000000000001
Z2.4.E.05,2017,MMR Dose 2 by Age 7,2010,82.9,1.06,1.2000000000000002,81.63000000000001
Z2.4.E.05,2018,MMR Dose 2 by Age 7,2011,83.11000000000001,1.05,1.9300000000000002,81.08
Z2.4.E.05,2019,MMR Dose 2 by Age 7,2012,84.77,1.01,3.01,81.72
Z2.4.E.05,2020,MMR Dose 2 by Age 7,2013,76.57,1.2100000000000002,-0.8500000000000001,77.60000000000001
Z2.4.E.05,2021,MMR Dose 2 by Age 7,2014,72.58,1.2600000000000002,-1.7100000000000002,74.73
Z2.4.E.05,2022,MMR Dose 2 by Age 7,2015,74.88,1.2200000000000002,0.6500000000000001,74.08
Z2.4.E.05,2023,MMR Dose 2 by Age 7,2016,77.09,1.1900000000000002,3.7600000000000002,72.63000000000001
Z2.4.F.06,2014,MMR Dose 1 by Age 13,2001,98.85000000000001,0.27,9.139999999999999,96.38000000000001
Z2.4.F.06,2015,MMR Dose 1 by Age 13,2002,98.27,0.34,5.180000000000001,96.51
Z2.4.F.06,2016,MMR Dose 1 by Age 13,2003,98.68,0.28,7.300000000000001,96.66000000000001
Z2.4.F.06,2017,MMR Dose 1 by Age 13,2004,98.79,0.25,7.46,96.92
Z2.4.F.06,2018,MMR Dose 1 by Age 13,2005,98.34000000000002,0.30000000000000004,4.22,97.09
Z2.4.F.06,2019,MMR Dose 1 by Age 13,2006,98.12,0.31000000000000005,4.2,96.81000000000002
Z2.4.F.06,2020,MMR Dose 1 by Age 13,2007,97.87,0.32000000000000006,4.970000000000001,96.30000000000001
Z2.4.F.06,2021,MMR Dose 1 by Age 13,2008,97.32000000000001,0.37000000000000005,4.49,95.64000000000001
Z2.4.F.06,2022,MMR Dose 1 by Age 13,2009,96.2,0.46,2.05,95.25
Z2.4.F.06,2023,MMR Dose 1 by Age 13,2010,97.21000000000001,0.39,5.79,94.95
Z2.4.F.06,2014,MMR Dose 1 by Age 17,1997,99.13000000000001,0.24000000000000002,12.350000000000001,96.23
Z2.4.F.06,2015,MMR Dose 1 by Age 17,1998,99.03,0.25,10.07,96.51
Z2.4.F.06,2016,MMR Dose 1 by Age 17,1999,99.30000000000001,0.19,13.49,96.71000000000001
Z2.4.F.06,2017,MMR Dose 1 by Age 17,2000,99.13000000000001,0.22,9.770000000000001,96.94000000000001
Z2.4.F.06,2018,MMR Dose 1 by Age 17,2001,99.28,0.18,12.54,97.03
Z2.4.F.06,2019,MMR Dose 1 by Age 17,2002,98.95,0.22,7.69,97.22
Z2.4.F.06,2020,MMR Dose 1 by Age 17,2003,99.16000000000001,0.19,7.46,97.75
Z2.4.F.06,2021,MMR Dose 1 by Age 17,2004,99.16000000000001,0.18,7.25,97.84000000000002
Z2.4.F.06,2022,MMR Dose 1 by Age 17,2005,98.75,0.23,3.97,97.83000000000001
Z2.4.F.06,2023,MMR Dose 1 by Age 17,2006,98.4,0.27,4.170000000000001,97.27
Z2.4.F.06,2014,MMR Dose 1 by Age 2,2012,91.4,0.76,4.39,88.05
Z2.4.F.06,2015,MMR Dose 1 by Age 2,2013,89.96000000000001,0.8300000000000001,3.4200000000000004,87.11000000000001
Z2.4.F.06,2016,MMR Dose 1 by Age 2,2014,91.0,0.78,4.76,87.29
Z2.4.F.06,2017,MMR Dose 1 by Age 2,2015,89.30000000000001,0.8400000000000001,2.69,87.05
Z2.4.F.06,2018,MMR Dose 1 by Age 2,2016,90.42,0.8200000000000001,4.5,86.73
Z2.4.F.06,2019,MMR Dose 1 by Age 2,2017,90.74000000000001,0.8,4.72,86.96000000000001
Z2.4.F.06,2020,MMR Dose 1 by Age 2,2018,90.68,0.81,4.95,86.65
Z2.4.F.06,2021,MMR Dose 1 by Age 2,2019,88.26,0.92,5.51,83.2
Z2.4.F.06,2022,MMR Dose 1 by Age 2,2020,87.95,0.9500000000000001,6.2,82.07
Z2.4.F.06,2023,MMR Dose 1 by Age 2,2021,87.87,0.88,7.01,81.67
Z2.4.F.06,2014,MMR Dose 2 by Age 13,2001,97.57,0.39,14.860000000000001,91.76
Z2.4.F.06,2015,MMR Dose 2 by Age 13,2002,96.81000000000002,0.45,11.46,91.68
Z2.4.F.06,2016,MMR Dose 2 by Age 13,2003,96.66000000000001,0.44,12.33,91.18
Z2.4.F.06,2017,MMR Dose 2 by Age 13,2004,95.7,0.49,8.69,91.45
Z2.4.F.06,2018,MMR Dose 2 by Age 13,2005,94.73,0.54,6.23,91.34000000000002
Z2.4.F.06,2019,MMR Dose 2 by Age 13,2006,93.9,0.59,4.170000000000001,91.46000000000001
Z2.4.F.06,2020,MMR Dose 2 by Age 13,2007,94.4,0.52,6.49,91.01
Z2.4.F.06,2021,MMR Dose 2 by Age 13,2008,92.57,0.6300000000000001,4.39,89.81000000000002
Z2.4.F.06,2022,MMR Dose 2 by Age 13,2009,92.89000000000001,0.6000000000000001,5.140000000000001,89.83000000000001
Z2.4.F.06,2023,MMR Dose 2 by Age 13,2010,94.26,0.53,8.8,89.61000000000001
Z2.4.F.06,2014,MMR Dose 2 by Age 17,1997,97.52,0.41000000000000003,12.610000000000001,92.41000000000001
Z2.4.F.06,2015,MMR Dose 2 by Age 17,1998,97.97,0.36000000000000004,14.4,92.75
Z2.4.F.06,2016,MMR Dose 2 by Age 17,1999,98.66000000000001,0.26,20.98,93.22
Z2.4.F.06,2017,MMR Dose 2 by Age 17,2000,98.35000000000001,0.30000000000000004,16.03,93.49000000000001
Z2.4.F.06,2018,MMR Dose 2 by Age 17,2001,98.56,0.25,20.400000000000002,93.37
Z2.4.F.06,2019,MMR Dose 2 by Age 17,2002,98.11000000000001,0.30000000000000004,15.21,93.56
Z2.4.F.06,2020,MMR Dose 2 by Age 17,2003,97.86000000000001,0.32000000000000006,11.21,94.32000000000001
Z2.4.F.06,2021,MMR Dose 2 by Age 17,2004,97.06,0.37000000000000005,7.390000000000001,94.35000000000001
Z2.4.F.06,2022,MMR Dose 2 by Age 17,2005,96.07,0.44,5.57,93.60000000000001
Z2.4.F.06,2023,MMR Dose 2 by Age 17,2006,94.53,0.54,3.52,92.62
Z2.4.F.06,2023,MMR Dose 2 by Age 2,2021,78.39000000000001,1.09,8.32,69.32
Z2.4.F.06,2014,MMR Dose 2 by Age 7,2007,87.49000000000001,0.8400000000000001,8.22,80.57
Z2.4.F.06,2015,MMR Dose 2 by Age 7,2008,86.91000000000001,0.8600000000000001,6.53,81.30000000000001
Z2.4.F.06,2016,MMR Dose 2 by Age 7,2009,87.5,0.8200000000000001,6.55,82.10000000000001
Z2.4.F.06,2017,MMR Dose 2 by Age 7,2010,88.03,0.8,7.96,81.63000000000001
Z2.4.F.06,2018,MMR Dose 2 by Age 7,2011,85.69000000000001,0.8700000000000001,5.300000000000001,81.08
Z2.4.F.06,2019,MMR Dose 2 by Age 7,2012,83.27,0.97,1.6,81.72
Z2.4.F.06,2020,MMR Dose 2 by Age 7,2013,80.2,1.03,2.51,77.60000000000001
Z2.4.F.06,2021,MMR Dose 2 by Age 7,2014,73.21000000000001,1.1500000000000001,-1.32,74.73
Z2.4.F.06,2022,MMR Dose 2 by Age 7,2015,76.39,1.07,2.16,74.08
Z2.4.F.06,2023,MMR Dose 2 by Age 7,2016,79.84000000000002,1.0,7.21,72.63000000000001
Z2.5.A.01,2014,MMR Dose 1 by Age 13,2001,94.74000000000001,1.37,-1.2000000000000002,96.38000000000001
Z2.5.A.01,2015,MMR Dose 1 by Age 13,2002,96.06,1.04,-0.44,96.51
Z2.5.A.01,2016,MMR Dose 1 by Age 13,2003,95.55,1.07,-1.04,96.66000000000001
Z2.5.A.01,2017,MMR Dose 1 by Age 13,2004,96.4,0.88,-0.59,96.92
Z2.5.A.01,2018,MMR Dose 1 by Age 13,2005,95.86000000000001,0.96,-1.2800000000000002,97.09
Z2.5.A.01,2019,MMR Dose 1 by Age 13,2006,94.86000000000001,1.01,-1.9300000000000002,96.81000000000002
Z2.5.A.01,2020,MMR Dose 1 by Age 13,2007,95.38000000000001,0.89,-1.04,96.30000000000001
Z2.5.A.01,2021,MMR Dose 1 by Age 13,2008,94.73,0.98,-0.93,95.64000000000001
Z2.5.A.01,2022,MMR Dose 1 by Age 13,2009,93.45,1.09,-1.6500000000000001,95.25
Z2.5.A.01,2023,MMR Dose 1 by Age 13,2010,93.63000000000001,1.12,-1.1900000000000002,94.95
Z2.5.A.01,2014,MMR Dose 1 by Age 17,1997,94.03,1.51,-1.4500000000000002,96.23
Z2.5.A.01,2015,MMR Dose 1 by Age 17,1998,96.22,1.08,-0.27,96.51
Z2.5.A.01,2016,MMR Dose 1 by Age 17,1999,97.67,0.8300000000000001,1.1700000000000002,96.71000000000001
Z2.5.A.01,2017,MMR Dose 1 by Age 17,2000,95.19000000000001,1.2300000000000002,-1.4200000000000002,96.94000000000001
Z2.5.A.01,2018,MMR Dose 1 by Age 17,2001,96.10000000000001,1.09,-0.8500000000000001,97.03
Z2.5.A.01,2019,MMR Dose 1 by Age 17,2002,96.75,0.89,-0.53,97.22
Z2.5.A.01,2020,MMR Dose 1 by Age 17,2003,96.48,0.89,-1.4300000000000002,97.75
Z2.5.A.01,2021,MMR Dose 1 by Age 17,2004,97.2,0.7400000000000001,-0.8700000000000001,97.84000000000002
Z2.5.A.01,2022,MMR Dose 1 by Age 17,2005,96.76,0.8,-1.33,97.83000000000001
Z2.5.A.01,2023,MMR Dose 1 by Age 17,2006,95.63000000000001,0.91,-1.81,97.27
Z2.5.A.01,2014,MMR Dose 1 by Age 2,2012,88.99000000000001,1.5,0.6300000000000001,88.05
Z2.5.A.01,2015,MMR Dose 1 by Age 2,2013,89.94000000000001,1.4100000000000001,2.01,87.11000000000001
Z2.5.A.01,2016,MMR Dose 1 by Age 2,2014,87.99000000000001,1.57,0.44,87.29
Z2.5.A.01,2017,MMR Dose 1 by Age 2,2015,87.25,1.6400000000000001,0.12000000000000001,87.05
Z2.5.A.01,2018,MMR Dose 1 by Age 2,2016,86.71000000000001,1.6800000000000002,-0.01,86.73
Z2.5.A.01,2019,MMR Dose 1 by Age 2,2017,88.04,1.6900000000000002,0.6400000000000001,86.96000000000001
Z2.5.A.01,2020,MMR Dose 1 by Age 2,2018,87.76,1.6700000000000002,0.6600000000000001,86.65
Z2.5.A.01,2021,MMR Dose 1 by Age 2,2019,80.67,2.07,-1.2200000000000002,83.2
Z2.5.A.01,2022,MMR Dose 1 by Age 2,2020,81.74000000000001,2.04,-0.16,82.07
Z2.5.A.01,2023,MMR Dose 1 by Age 2,2021,78.2,2.09,-1.6500000000000001,81.67
Z2.5.A.01,2014,MMR Dose 2 by Age 13,2001,94.22,1.06,2.31,91.76
Z2.5.A.01,2015,MMR Dose 2 by Age 13,2002,94.73,0.98,3.11,91.68
Z2.5.A.01,2016,MMR Dose 2 by Age 13,2003,90.60000000000001,1.34,-0.43000000000000005,91.18
Z2.5.A.01,2017,MMR Dose 2 by Age 13,2004,92.07,1.1700000000000002,0.52,91.45
Z2.5.A.01,2018,MMR Dose 2 by Age 13,2005,91.99000000000001,1.1,0.59,91.34000000000002
Z2.5.A.01,2019,MMR Dose 2 by Age 13,2006,89.59,1.3,-1.4300000000000002,91.46000000000001
Z2.5.A.01,2020,MMR Dose 2 by Age 13,2007,91.63000000000001,1.11,0.55,91.01
Z2.5.A.01,2021,MMR Dose 2 by Age 13,2008,89.09,1.31,-0.54,89.81000000000002
Z2.5.A.01,2022,MMR Dose 2 by Age 13,2009,90.36000000000001,1.2200000000000002,0.43000000000000005,89.83000000000001
Z2.5.A.01,2023,MMR Dose 2 by Age 13,2010,89.77,1.31,0.12000000000000001,89.61000000000001
Z2.5.A.01,2014,MMR Dose 2 by Age 17,1997,89.23,1.6900000000000002,-1.8900000000000001,92.41000000000001
Z2.5.A.01,2015,MMR Dose 2 by Age 17,1998,93.06,1.2800000000000002,0.25,92.75
Z2.5.A.01,2016,MMR Dose 2 by Age 17,1999,95.53,0.99,2.3400000000000003,93.22
Z2.5.A.01,2017,MMR Dose 2 by Age 17,2000,93.84000000000002,1.12,0.31000000000000005,93.49000000000001
Z2.5.A.01,2018,MMR Dose 2 by Age 17,2001,95.59,0.88,2.52,93.37
Z2.5.A.01,2019,MMR Dose 2 by Age 17,2002,96.47,0.7400000000000001,3.95,93.56
Z2.5.A.01,2020,MMR Dose 2 by Age 17,2003,92.60000000000001,1.1400000000000001,-1.51,94.32000000000001
Z2.5.A.01,2021,MMR Dose 2 by Age 17,2004,93.38000000000001,1.06,-0.92,94.35000000000001
Z2.5.A.01,2022,MMR Dose 2 by Age 17,2005,93.46000000000001,0.97,-0.14,93.60000000000001
Z2.5.A.01,2023,MMR Dose 2 by Age 17,2006,90.13000000000001,1.2600000000000002,-1.9700000000000002,92.62
Z2.5.A.01,2023,MMR Dose 2 by Age 2,2021,69.88,2.27,0.25,69.32
Z2.5.A.01,2014,MMR Dose 2 by Age 7,2007,85.59,1.4900000000000002,3.37,80.57
Z2.5.A.01,2015,MMR Dose 2 by Age 7,2008,84.39000000000001,1.54,2.0,81.30000000000001
Z2.5.A.01,2016,MMR Dose 2 by Age 7,2009,87.12,1.4100000000000001,3.57,82.10000000000001
Z2.5.A.01,2017,MMR Dose 2 by Age 7,2010,85.86000000000001,1.55,2.72,81.63000000000001
Z2.5.A.01,2018,MMR Dose 2 by Age 7,2011,86.45,1.4700000000000002,3.67,81.08
Z2.5.A.01,2019,MMR Dose 2 by Age 7,2012,84.57,1.56,1.82,81.72
Z2.5.A.01,2020,MMR Dose 2 by Age 7,2013,87.25,1.4000000000000001,6.880000000000001,77.60000000000001
Z2.5.A.01,2021,MMR Dose 2 by Age 7,2014,81.7,1.6500000000000001,4.23,74.73
Z2.5.A.01,2022,MMR Dose 2 by Age 7,2015,79.38000000000001,1.7600000000000002,3.0,74.08
Z2.5.A.01,2023,MMR Dose 2 by Age 7,2016,79.4,1.7500000000000002,3.8800000000000003,72.63000000000001
Z2.5.B.02,2014,MMR Dose 1 by Age 13,2001,87.71000000000001,4.05,-2.14,96.38000000000001
Z2.5.B.02,2015,MMR Dose 1 by Age 13,2002,84.42,4.24,-2.85,96.51
Z2.5.B.02,2016,MMR Dose 1 by Age 13,2003,87.72,3.69,-2.4200000000000004,96.66000000000001
Z2.5.B.02,2017,MMR Dose 1 by Age 13,2004,81.29,4.7,-3.33,96.92
Z2.5.B.02,2018,MMR Dose 1 by Age 13,2005,92.44000000000001,2.55,-1.82,97.09
Z2.5.B.02,2019,MMR Dose 1 by Age 13,2006,91.04,2.99,-1.9300000000000002,96.81000000000002
Z2.5.B.02,2020,MMR Dose 1 by Age 13,2007,89.5,3.01,-2.2600000000000002,96.30000000000001
Z2.5.B.02,2021,MMR Dose 1 by Age 13,2008,90.2,2.72,-2.0,95.64000000000001
Z2.5.B.02,2022,MMR Dose 1 by Age 13,2009,88.55,3.31,-2.03,95.25
Z2.5.B.02,2023,MMR Dose 1 by Age 13,2010,86.84000000000002,3.3800000000000003,-2.4000000000000004,94.95
Z2.5.B.02,2014,MMR Dose 1 by Age 17,1997,88.01,3.66,-2.24,96.23
Z2.5.B.02,2015,MMR Dose 1 by Age 17,1998,83.81000000000002,4.55,-2.79,96.51
Z2.5.B.02,2016,MMR Dose 1 by Age 17,1999,86.66000000000001,4.62,-2.18,96.71000000000001
Z2.5.B.02,2017,MMR Dose 1 by Age 17,2000,87.2,3.9200000000000004,-2.4800000000000004,96.94000000000001
Z2.5.B.02,2018,MMR Dose 1 by Age 17,2001,87.71000000000001,4.05,-2.3000000000000003,97.03
Z2.5.B.02,2019,MMR Dose 1 by Age 17,2002,84.42,4.24,-3.02,97.22
Z2.5.B.02,2020,MMR Dose 1 by Age 17,2003,90.38000000000001,3.2,-2.31,97.75
Z2.5.B.02,2021,MMR Dose 1 by Age 17,2004,81.29,4.7,-3.52,97.84000000000002
Z2.5.B.02,2022,MMR Dose 1 by Age 17,2005,92.44000000000001,2.55,-2.11,97.83000000000001
Z2.5.B.02,2023,MMR Dose 1 by Age 17,2006,91.04,2.99,-2.09,97.27
Z2.5.B.02,2014,MMR Dose 1 by Age 2,2012,91.53,3.16,1.1,88.05
Z2.5.B.02,2015,MMR Dose 1 by Age 2,2013,74.08,4.8100000000000005,-2.71,87.11000000000001
Z2.5.B.02,2016,MMR Dose 1 by Age 2,2014,75.39,4.359999999999999,-2.73,87.29
Z2.5.B.02,2017,MMR Dose 1 by Age 2,2015,74.04,4.7,-2.77,87.05
Z2.5.B.02,2018,MMR Dose 1 by Age 2,2016,77.56,4.130000000000001,-2.22,86.73
Z2.5.B.02,2019,MMR Dose 1 by Age 2,2017,75.08,4.73,-2.51,86.96000000000001
Z2.5.B.02,2020,MMR Dose 1 by Age 2,2018,67.5,5.21,-3.68,86.65
Z2.5.B.02,2021,MMR Dose 1 by Age 2,2019,65.02,5.140000000000001,-3.53,83.2
Z2.5.B.02,2022,MMR Dose 1 by Age 2,2020,68.77,5.09,-2.61,82.07
Z2.5.B.02,2023,MMR Dose 1 by Age 2,2021,58.2,6.21,-3.7800000000000002,81.67
Z2.5.B.02,2014,MMR Dose 2 by Age 13,2001,88.04,3.21,-1.1600000000000001,91.76
Z2.5.B.02,2015,MMR Dose 2 by Age 13,2002,83.38000000000001,3.85,-2.16,91.68
Z2.5.B.02,2016,MMR Dose 2 by Age 13,2003,87.29,3.54,-1.1,91.18
Z2.5.B.02,2017,MMR Dose 2 by Age 13,2004,77.12,4.53,-3.17,91.45
Z2.5.B.02,2018,MMR Dose 2 by Age 13,2005,87.01,3.37,-1.2800000000000002,91.34000000000002
Z2.5.B.02,2019,MMR Dose 2 by Age 13,2006,80.18,4.09,-2.7600000000000002,91.46000000000001
Z2.5.B.02,2020,MMR Dose 2 by Age 13,2007,83.68,3.59,-2.04,91.01
Z2.5.B.02,2021,MMR Dose 2 by Age 13,2008,85.60000000000001,3.05,-1.3800000000000001,89.81000000000002
Z2.5.B.02,2022,MMR Dose 2 by Age 13,2009,83.84000000000002,3.72,-1.61,89.83000000000001
Z2.5.B.02,2023,MMR Dose 2 by Age 13,2010,86.56,3.11,-0.98,89.61000000000001
Z2.5.B.02,2014,MMR Dose 2 by Age 17,1997,79.36000000000001,4.56,-2.8600000000000003,92.41000000000001
Z2.5.B.02,2015,MMR Dose 2 by Age 17,1998,86.72,3.93,-1.53,92.75
Z2.5.B.02,2016,MMR Dose 2 by Age 17,1999,81.38000000000001,4.61,-2.57,93.22
Z2.5.B.02,2017,MMR Dose 2 by Age 17,2000,80.09,4.22,-3.18,93.49000000000001
Z2.5.B.02,2018,MMR Dose 2 by Age 17,2001,88.04,3.21,-1.6600000000000001,93.37
Z2.5.B.02,2019,MMR Dose 2 by Age 17,2002,83.38000000000001,3.85,-2.65,93.56
Z2.5.B.02,2020,MMR Dose 2 by Age 17,2003,89.04,3.2600000000000002,-1.62,94.32000000000001
Z2.5.B.02,2021,MMR Dose 2 by Age 17,2004,78.81000000000002,4.5,-3.45,94.35000000000001
Z2.5.B.02,2022,MMR Dose 2 by Age 17,2005,87.01,3.37,-1.9500000000000002,93.60000000000001
Z2.5.B.02,2023,MMR Dose 2 by Age 17,2006,80.18,4.09,-3.04,92.62
Z2.5.B.02,2023,MMR Dose 2 by Age 2,2021,42.470000000000006,6.21,-4.319999999999999,69.32
Z2.5.B.02,2014,MMR Dose 2 by Age 7,2007,74.86999999999999,4.180000000000001,-1.36,80.57
Z2.5.B.02,2015,MMR Dose 2 by Age 7,2008,80.22,3.55,-0.30000000000000004,81.30000000000001
Z2.5.B.02,2016,MMR Dose 2 by Age 7,2009,80.58,3.9600000000000004,-0.38000000000000006,82.10000000000001
Z2.5.B.02,2017,MMR Dose 2 by Age 7,2010,84.26,3.35,0.78,81.63000000000001
Z2.5.B.02,2018,MMR Dose 2 by Age 7,2011,76.18,4.06,-1.2100000000000002,81.08
Z2.5.B.02,2019,MMR Dose 2 by Age 7,2012,86.84000000000002,3.66,1.4000000000000001,81.72
Z2.5.B.02,2020,MMR Dose 2 by Age 7,2013,81.61000000000001,3.97,1.01,77.60000000000001
Z2.5.B.02,2021,MMR Dose 2 by Age 7,2014,72.39,4.56,-0.51,74.73
Z2.5.B.02,2022,MMR Dose 2 by Age 7,2015,67.73,4.99,-1.2700000000000002,74.08
Z2.5.B.02,2023,MMR Dose 2 by Age 7,2016,72.13000000000001,4.45,-0.11,72.63000000000001
Z2.5.B.03,2014,MMR Dose 1 by Age 13,2001,98.48,0.6300000000000001,3.35,96.38000000000001
Z2.5.B.03,2015,MMR Dose 1 by Age 13,2002,97.43,0.89,1.04,96.51
Z2.5.B.03,2016,MMR Dose 1 by Age 13,2003,99.45,0.30000000000000004,9.280000000000001,96.66000000000001
Z2.5.B.03,2017,MMR Dose 1 by Age 13,2004,99.0,0.44,4.75,96.92
Z2.5.B.03,2018,MMR Dose 1 by Age 13,2005,97.34000000000002,0.91,0.28,97.09
Z2.5.B.03,2019,MMR Dose 1 by Age 13,2006,99.54,0.23,11.600000000000001,96.81000000000002
Z2.5.B.03,2020,MMR Dose 1 by Age 13,2007,97.92,0.6900000000000001,2.3600000000000003,96.30000000000001
Z2.5.B.03,2021,MMR Dose 1 by Age 13,2008,98.35000000000001,0.6100000000000001,4.42,95.64000000000001
Z2.5.B.03,2022,MMR Dose 1 by Age 13,2009,96.43,1.04,1.1300000000000001,95.25
Z2.5.B.03,2023,MMR Dose 1 by Age 13,2010,97.62,0.81,3.2800000000000002,94.95
Z2.5.B.03,2014,MMR Dose 1 by Age 17,1997,96.71000000000001,1.1900000000000002,0.41000000000000003,96.23
Z2.5.B.03,2015,MMR Dose 1 by Age 17,1998,98.35000000000001,0.6600000000000001,2.77,96.51
Z2.5.B.03,2016,MMR Dose 1 by Age 17,1999,99.21000000000001,0.4,6.2,96.71000000000001
Z2.5.B.03,2017,MMR Dose 1 by Age 17,2000,98.79,0.54,3.41,96.94000000000001
Z2.5.B.03,2018,MMR Dose 1 by Age 17,2001,99.38000000000001,0.32000000000000006,7.24,97.03
Z2.5.B.03,2019,MMR Dose 1 by Age 17,2002,98.69000000000001,0.53,2.79,97.22
Z2.5.B.03,2020,MMR Dose 1 by Age 17,2003,99.63000000000001,0.21000000000000002,8.88,97.75
Z2.5.B.03,2021,MMR Dose 1 by Age 17,2004,99.31000000000002,0.32000000000000006,4.6000000000000005,97.84000000000002
Z2.5.B.03,2022,MMR Dose 1 by Age 17,2005,98.15,0.6900000000000001,0.47000000000000003,97.83000000000001
Z2.5.B.03,2023,MMR Dose 1 by Age 17,2006,99.62,0.2,11.870000000000001,97.27
Z2.5.B.03,2014,MMR Dose 1 by Age 2,2012,90.62,1.9200000000000002,1.34,88.05
Z2.5.B.03,2015,MMR Dose 1 by Age 2,2013,94.14000000000001,1.4500000000000002,4.830000000000001,87.11000000000001
Z2.5.B.03,2016,MMR Dose 1 by Age 2,2014,89.73,1.9900000000000002,1.2300000000000002,87.29
Z2.5.B.03,2017,MMR Dose 1 by Age 2,2015,91.4,1.86,2.3400000000000003,87.05
Z2.5.B.03,2018,MMR Dose 1 by Age 2,2016,90.97,1.9400000000000002,2.19,86.73
Z2.5.B.03,2019,MMR Dose 1 by Age 2,2017,91.93,1.8900000000000001,2.63,86.96000000000001
Z2.5.B.03,2020,MMR Dose 1 by Age 2,2018,86.5,2.3400000000000003,-0.06,86.65
Z2.5.B.03,2021,MMR Dose 1 by Age 2,2019,85.66000000000001,2.3800000000000003,1.03,83.2
Z2.5.B.03,2022,MMR Dose 1 by Age 2,2020,85.83000000000001,2.4400000000000004,1.54,82.07
Z2.5.B.03,2023,MMR Dose 1 by Age 2,2021,84.86000000000001,2.41,1.32,81.67
Z2.5.B.03,2014,MMR Dose 2 by Age 13,2001,95.94000000000001,1.1,3.7800000000000002,91.76
Z2.5.B.03,2015,MMR Dose 2 by Age 13,2002,97.2,0.8700000000000001,6.36,91.68
Z2.5.B.03,2016,MMR Dose 2 by Age 13,2003,99.23,0.34,23.730000000000004,91.18
Z2.5.B.03,2017,MMR Dose 2 by Age 13,2004,98.45,0.52,13.44,91.45
Z2.5.B.03,2018,MMR Dose 2 by Age 13,2005,95.84000000000002,1.08,4.15,91.34000000000002
Z2.5.B.03,2019,MMR Dose 2 by Age 13,2006,97.67,0.68,9.1,91.46000000000001
Z2.5.B.03,2020,MMR Dose 2 by Age 13,2007,95.86000000000001,0.97,4.99,91.01
Z2.5.B.03,2021,MMR Dose 2 by Age 13,2008,95.59,1.04,5.56,89.81000000000002
Z2.5.B.03,2022,MMR Dose 2 by Age 13,2009,93.4,1.3900000000000001,2.57,89.83000000000001
Z2.5.B.03,2023,MMR Dose 2 by Age 13,2010,94.82000000000001,1.2500000000000002,4.15,89.61000000000001
Z2.5.B.03,2014,MMR Dose 2 by Age 17,1997,95.64000000000001,1.2700000000000002,2.54,92.41000000000001
Z2.5.B.03,2015,MMR Dose 2 by Age 17,1998,96.34000000000002,1.03,3.4800000000000004,92.75
Z2.5.B.03,2016,MMR Dose 2 by Age 17,1999,95.41000000000001,1.2000000000000002,1.83,93.22
Z2.5.B.03,2017,MMR Dose 2 by Age 17,2000,96.95,0.9400000000000001,3.68,93.49000000000001
Z2.5.B.03,2018,MMR Dose 2 by Age 17,2001,97.9,0.7100000000000001,6.4,93.37
Z2.5.B.03,2019,MMR Dose 2 by Age 17,2002,98.38000000000001,0.5700000000000001,8.450000000000001,93.56
Z2.5.B.03,2020,MMR Dose 2 by Age 17,2003,99.59,0.2,26.930000000000003,94.32000000000001
Z2.5.B.03,2021,MMR Dose 2 by Age 17,2004,98.98,0.37000000000000005,12.680000000000001,94.35000000000001
Z2.5.B.03,2022,MMR Dose 2 by Age 17,2005,97.33000000000001,0.78,4.78,93.60000000000001
Z2.5.B.03,2023,MMR Dose 2 by Age 17,2006,98.25,0.55,10.32,92.62
Z2.5.B.03,2023,MMR Dose 2 by Age 2,2021,66.63000000000001,3.1,-0.8700000000000001,69.32
Z2.5.B.03,2014,MMR Dose 2 by Age 7,2007,90.82000000000001,1.6300000000000001,6.28,80.57
Z2.5.B.03,2015,MMR Dose 2 by Age 7,2008,92.52,1.4800000000000002,7.59,81.30000000000001
Z2.5.B.03,2016,MMR Dose 2 by Age 7,2009,89.57,1.7800000000000002,4.180000000000001,82.10000000000001
Z2.5.B.03,2017,MMR Dose 2 by Age 7,2010,89.61000000000001,1.8900000000000001,4.22,81.63000000000001
Z2.5.B.03,2018,MMR Dose 2 by Age 7,2011,89.97,1.7500000000000002,5.09,81.08
Z2.5.B.03,2019,MMR Dose 2 by Age 7,2012,90.24000000000001,1.8,4.74,81.72
Z2.5.B.03,2020,MMR Dose 2 by Age 7,2013,91.7,1.58,8.92,77.60000000000001
Z2.5.B.03,2021,MMR Dose 2 by Age 7,2014,85.64000000000001,2.15,5.08,74.73
Z2.5.B.03,2022,MMR Dose 2 by Age 7,2015,83.31000000000002,2.3600000000000003,3.91,74.08
Z2.5.B.03,2023,MMR Dose 2 by Age 7,2016,77.51,2.56,1.9100000000000001,72.63000000000001
Z2.5.C.04,2014,MMR Dose 1 by Age 13,2001,98.43,1.8900000000000001,1.08,96.38000000000001
Z2.5.C.04,2015,MMR Dose 1 by Age 13,2002,94.31000000000002,3.68,-0.6000000000000001,96.51
Z2.5.C.04,2016,MMR Dose 1 by Age 13,2003,97.82000000000001,1.9900000000000002,0.58,96.66000000000001
Z2.5.C.04,2017,MMR Dose 1 by Age 13,2004,93.78,3.65,-0.8600000000000001,96.92
Z2.5.C.04,2018,MMR Dose 1 by Age 13,2005,96.11000000000001,2.5,-0.39,97.09
Z2.5.C.04,2019,MMR Dose 1 by Age 13,2006,99.4,0.51,5.09,96.81000000000002
Z2.5.C.04,2020,MMR Dose 1 by Age 13,2007,99.76,0.34,10.09,96.30000000000001
Z2.5.C.04,2021,MMR Dose 1 by Age 13,2008,96.45,2.19,0.37000000000000005,95.64000000000001
Z2.5.C.04,2022,MMR Dose 1 by Age 13,2009,94.21000000000001,2.71,-0.38000000000000006,95.25
Z2.5.C.04,2023,MMR Dose 1 by Age 13,2010,97.14000000000001,1.82,1.2000000000000002,94.95
Z2.5.C.04,2014,MMR Dose 1 by Age 17,1997,97.39000000000001,1.7000000000000002,0.68,96.23
Z2.5.C.04,2015,MMR Dose 1 by Age 17,1998,91.25,3.41,-1.54,96.51
Z2.5.C.04,2016,MMR Dose 1 by Age 17,1999,95.25,2.87,-0.51,96.71000000000001
Z2.5.C.04,2017,MMR Dose 1 by Age 17,2000,91.15,3.67,-1.58,96.94000000000001
Z2.5.C.04,2018,MMR Dose 1 by Age 17,2001,98.43,1.8900000000000001,0.7400000000000001,97.03
Z2.5.C.04,2019,MMR Dose 1 by Age 17,2002,94.31000000000002,3.68,-0.79,97.22
Z2.5.C.04,2020,MMR Dose 1 by Age 17,2003,97.82000000000001,1.9900000000000002,0.04,97.75
Z2.5.C.04,2021,MMR Dose 1 by Age 17,2004,93.78,3.65,-1.11,97.84000000000002
Z2.5.C.04,2022,MMR Dose 1 by Age 17,2005,97.21000000000001,2.02,-0.30000000000000004,97.83000000000001
Z2.5.C.04,2023,MMR Dose 1 by Age 17,2006,99.4,0.51,4.19,97.27
Z2.5.C.04,2014,MMR Dose 1 by Age 2,2012,81.89000000000001,5.180000000000001,-1.1900000000000002,88.05
Z2.5.C.04,2015,MMR Dose 1 by Age 2,2013,83.77,5.06,-0.6600000000000001,87.11000000000001
Z2.5.C.04,2016,MMR Dose 1 by Age 2,2014,88.75,4.2,0.35000000000000003,87.29
Z2.5.C.04,2017,MMR Dose 1 by Age 2,2015,89.26,4.01,0.55,87.05
Z2.5.C.04,2018,MMR Dose 1 by Age 2,2016,86.42,4.319999999999999,-0.07,86.73
Z2.5.C.04,2019,MMR Dose 1 by Age 2,2017,91.13000000000001,4.06,1.03,86.96000000000001
Z2.5.C.04,2020,MMR Dose 1 by Age 2,2018,83.78,5.300000000000001,-0.54,86.65
Z2.5.C.04,2021,MMR Dose 1 by Age 2,2019,81.55,5.630000000000001,-0.29000000000000004,83.2
Z2.5.C.04,2022,MMR Dose 1 by Age 2,2020,77.14000000000001,5.8100000000000005,-0.8500000000000001,82.07
Z2.5.C.04,2023,MMR Dose 1 by Age 2,2021,82.29,5.140000000000001,0.12000000000000001,81.67
Z2.5.C.04,2014,MMR Dose 2 by Age 13,2001,93.5,3.27,0.53,91.76
Z2.5.C.04,2015,MMR Dose 2 by Age 13,2002,82.14000000000001,5.86,-1.6300000000000001,91.68
Z2.5.C.04,2016,MMR Dose 2 by Age 13,2003,94.9,2.63,1.4200000000000002,91.18
Z2.5.C.04,2017,MMR Dose 2 by Age 13,2004,96.33000000000001,2.43,2.01,91.45
Z2.5.C.04,2018,MMR Dose 2 by Age 13,2005,92.11000000000001,3.9600000000000004,0.19,91.34000000000002
Z2.5.C.04,2019,MMR Dose 2 by Age 13,2006,96.41000000000001,1.7300000000000002,2.8600000000000003,91.46000000000001
Z2.5.C.04,2020,MMR Dose 2 by Age 13,2007,98.19000000000001,1.53,4.69,91.01
Z2.5.C.04,2021,MMR Dose 2 by Age 13,2008,85.69000000000001,4.48,-0.92,89.81000000000002
Z2.5.C.04,2022,MMR Dose 2 by Age 13,2009,87.57,3.7600000000000002,-0.6000000000000001,89.83000000000001
Z2.5.C.04,2023,MMR Dose 2 by Age 13,2010,92.66000000000001,3.13,0.97,89.61000000000001
Z2.5.C.04,2014,MMR Dose 2 by Age 17,1997,95.05,2.15,1.2300000000000002,92.41000000000001
Z2.5.C.04,2015,MMR Dose 2 by Age 17,1998,92.03,3.17,-0.23,92.75
Z2.5.C.04,2016,MMR Dose 2 by Age 17,1999,96.97,1.85,2.03,93.22
Z2.5.C.04,2017,MMR Dose 2 by Age 17,2000,89.88000000000001,3.65,-0.99,93.49000000000001
Z2.5.C.04,2018,MMR Dose 2 by Age 17,2001,93.5,3.27,0.04,93.37
Z2.5.C.04,2019,MMR Dose 2 by Age 17,2002,84.88000000000001,5.57,-1.56,93.56
Z2.5.C.04,2020,MMR Dose 2 by Age 17,2003,94.9,2.63,0.22,94.32000000000001
Z2.5.C.04,2021,MMR Dose 2 by Age 17,2004,96.33000000000001,2.43,0.8200000000000001,94.35000000000001
Z2.5.C.04,2022,MMR Dose 2 by Age 17,2005,93.32000000000001,3.54,-0.08,93.60000000000001
Z2.5.C.04,2023,MMR Dose 2 by Age 17,2006,96.83000000000001,1.58,2.66,92.62
Z2.5.C.04,2023,MMR Dose 2 by Age 2,2021,62.81,6.55,-0.99,69.32
Z2.5.C.04,2014,MMR Dose 2 by Age 7,2007,88.87,4.430000000000001,1.87,80.57
Z2.5.C.04,2015,MMR Dose 2 by Age 7,2008,85.69000000000001,4.48,0.98,81.30000000000001
Z2.5.C.04,2016,MMR Dose 2 by Age 7,2009,85.17,4.07,0.7500000000000001,82.10000000000001
Z2.5.C.04,2017,MMR Dose 2 by Age 7,2010,86.14000000000001,4.38,1.03,81.63000000000001
Z2.5.C.04,2018,MMR Dose 2 by Age 7,2011,81.13000000000001,5.08,0.01,81.08
Z2.5.C.04,2019,MMR Dose 2 by Age 7,2012,81.03,4.99,-0.14,81.72
Z2.5.C.04,2020,MMR Dose 2 by Age 7,2013,82.4,4.86,0.99,77.60000000000001
Z2.5.C.04,2021,MMR Dose 2 by Age 7,2014,81.24000000000001,4.800000000000001,1.36,74.73
Z2.5.C.04,2022,MMR Dose 2 by Age 7,2015,81.2,4.840000000000001,1.4700000000000002,74.08
Z2.5.C.04,2023,MMR Dose 2 by Age 7,2016,72.38,5.04,-0.05,72.63000000000001
Z2.5.C.05,2014,MMR Dose 1 by Age 13,2001,96.27,1.7800000000000002,-0.07,96.38000000000001
Z2.5.C.05,2015,MMR Dose 1 by Age 13,2002,97.25,1.58,0.47000000000000003,96.51
Z2.5.C.05,2016,MMR Dose 1 by Age 13,2003,93.46000000000001,2.63,-1.2200000000000002,96.66000000000001
Z2.5.C.05,2017,MMR Dose 1 by Age 13,2004,97.74000000000001,1.1900000000000002,0.68,96.92
Z2.5.C.05,2018,MMR Dose 1 by Age 13,2005,98.99000000000001,0.8300000000000001,2.27,97.09
Z2.5.C.05,2019,MMR Dose 1 by Age 13,2006,91.25,3.09,-1.8,96.81000000000002
Z2.5.C.05,2020,MMR Dose 1 by Age 13,2007,96.25,1.6600000000000001,-0.03,96.30000000000001
Z2.5.C.05,2021,MMR Dose 1 by Age 13,2008,94.92,2.22,-0.32000000000000006,95.64000000000001
Z2.5.C.05,2022,MMR Dose 1 by Age 13,2009,93.59,2.58,-0.6500000000000001,95.25
Z2.5.C.05,2023,MMR Dose 1 by Age 13,2010,92.38000000000001,2.89,-0.89,94.95
Z2.5.C.05,2014,MMR Dose 1 by Age 17,1997,99.09,0.78,3.68,96.23
Z2.5.C.05,2015,MMR Dose 1 by Age 17,1998,97.57,1.4600000000000002,0.7300000000000001,96.51
Z2.5.C.05,2016,MMR Dose 1 by Age 17,1999,98.2,1.32,1.1400000000000001,96.71000000000001
Z2.5.C.05,2017,MMR Dose 1 by Age 17,2000,99.27,0.7100000000000001,3.3000000000000003,96.94000000000001
Z2.5.C.05,2018,MMR Dose 1 by Age 17,2001,97.05,1.4900000000000002,0.02,97.03
Z2.5.C.05,2019,MMR Dose 1 by Age 17,2002,97.25,1.58,0.02,97.22
Z2.5.C.05,2020,MMR Dose 1 by Age 17,2003,93.46000000000001,2.63,-1.6300000000000001,97.75
Z2.5.C.05,2021,MMR Dose 1 by Age 17,2004,97.74000000000001,1.1900000000000002,-0.08,97.84000000000002
Z2.5.C.05,2022,MMR Dose 1 by Age 17,2005,99.21000000000001,0.68,2.04,97.83000000000001
Z2.5.C.05,2023,MMR Dose 1 by Age 17,2006,91.25,3.09,-1.9500000000000002,97.27
Z2.5.C.05,2014,MMR Dose 1 by Age 2,2012,84.99000000000001,4.15,-0.7400000000000001,88.05
Z2.5.C.05,2015,MMR Dose 1 by Age 2,2013,85.77,3.8400000000000003,-0.35000000000000003,87.11000000000001
Z2.5.C.05,2016,MMR Dose 1 by Age 2,2014,79.82000000000001,4.5,-1.6600000000000001,87.29
Z2.5.C.05,2017,MMR Dose 1 by Age 2,2015,80.47,3.9800000000000004,-1.6500000000000001,87.05
Z2.5.C.05,2018,MMR Dose 1 by Age 2,2016,76.9,4.8500000000000005,-2.03,86.73
Z2.5.C.05,2019,MMR Dose 1 by Age 2,2017,77.95,4.73,-1.9000000000000001,86.96000000000001
Z2.5.C.05,2020,MMR Dose 1 by Age 2,2018,69.04,4.75,-3.71,86.65
Z2.5.C.05,2021,MMR Dose 1 by Age 2,2019,57.52,5.78,-4.45,83.2
Z2.5.C.05,2022,MMR Dose 1 by Age 2,2020,78.36000000000001,4.49,-0.8300000000000001,82.07
Z2.5.C.05,2023,MMR Dose 1 by Age 2,2021,60.46000000000001,5.3100000000000005,-4.0,81.67
Z2.5.C.05,2014,MMR Dose 2 by Age 13,2001,93.55,2.4000000000000004,0.7500000000000001,91.76
Z2.5.C.05,2015,MMR Dose 2 by Age 13,2002,94.77,2.15,1.4400000000000002,91.68
Z2.5.C.05,2016,MMR Dose 2 by Age 13,2003,92.37,2.83,0.42000000000000004,91.18
Z2.5.C.05,2017,MMR Dose 2 by Age 13,2004,91.78,2.6,0.12000000000000001,91.45
Z2.5.C.05,2018,MMR Dose 2 by Age 13,2005,95.0,1.9500000000000002,1.8800000000000001,91.34000000000002
Z2.5.C.05,2019,MMR Dose 2 by Age 13,2006,94.38000000000001,2.3400000000000003,1.2500000000000002,91.46000000000001
Z2.5.C.05,2020,MMR Dose 2 by Age 13,2007,89.26,2.79,-0.6300000000000001,91.01
Z2.5.C.05,2021,MMR Dose 2 by Age 13,2008,91.39000000000001,2.91,0.55,89.81000000000002
Z2.5.C.05,2022,MMR Dose 2 by Age 13,2009,86.69000000000001,3.66,-0.8600000000000001,89.83000000000001
Z2.5.C.05,2023,MMR Dose 2 by Age 13,2010,85.46000000000001,3.8800000000000003,-1.07,89.61000000000001
Z2.5.C.05,2014,MMR Dose 2 by Age 17,1997,90.49000000000001,2.91,-0.6600000000000001,92.41000000000001
Z2.5.C.05,2015,MMR Dose 2 by Age 17,1998,93.88000000000001,2.59,0.44,92.75
Z2.5.C.05,2016,MMR Dose 2 by Age 17,1999,95.0,2.23,0.8,93.22
Z2.5.C.05,2017,MMR Dose 2 by Age 17,2000,96.64000000000001,1.7000000000000002,1.84,93.49000000000001
Z2.5.C.05,2018,MMR Dose 2 by Age 17,2001,94.78,2.1,0.6700000000000002,93.37
Z2.5.C.05,2019,MMR Dose 2 by Age 17,2002,95.47,1.9700000000000002,0.96,93.56
Z2.5.C.05,2020,MMR Dose 2 by Age 17,2003,92.37,2.83,-0.6900000000000001,94.32000000000001
Z2.5.C.05,2021,MMR Dose 2 by Age 17,2004,92.43,2.47,-0.77,94.35000000000001
Z2.5.C.05,2022,MMR Dose 2 by Age 17,2005,95.91000000000001,1.7000000000000002,1.36,93.60000000000001
Z2.5.C.05,2023,MMR Dose 2 by Age 17,2006,94.38000000000001,2.3400000000000003,0.7500000000000001,92.62
Z2.5.C.05,2023,MMR Dose 2 by Age 2,2021,47.67,5.4,-4.01,69.32
Z2.5.C.05,2014,MMR Dose 2 by Age 7,2007,84.54,3.4000000000000004,1.1700000000000002,80.57
Z2.5.C.05,2015,MMR Dose 2 by Age 7,2008,85.23,3.9800000000000004,0.99,81.30000000000001
Z2.5.C.05,2016,MMR Dose 2 by Age 7,2009,84.48,3.91,0.6100000000000001,82.10000000000001
Z2.5.C.05,2017,MMR Dose 2 by Age 7,2010,81.76,4.23,0.03,81.63000000000001
Z2.5.C.05,2018,MMR Dose 2 by Age 7,2011,77.17,4.470000000000001,-0.88,81.08
Z2.5.C.05,2019,MMR Dose 2 by Age 7,2012,68.34,4.7700000000000005,-2.8000000000000003,81.72
Z2.5.C.05,2020,MMR Dose 2 by Age 7,2013,72.14000000000001,5.06,-1.08,77.60000000000001
Z2.5.C.05,2021,MMR Dose 2 by Age 7,2014,61.21,5.41,-2.5,74.73
Z2.5.C.05,2022,MMR Dose 2 by Age 7,2015,72.68,4.3,-0.33000000000000007,74.08
Z2.5.C.05,2023,MMR Dose 2 by Age 7,2016,63.790000000000006,5.29,-1.6700000000000002,72.63000000000001
Z2.6.A.01,2014,MMR Dose 1 by Age 13,2001,98.11000000000001,0.59,2.9400000000000004,96.38000000000001
Z2.6.A.01,2015,MMR Dose 1 by Age 13,2002,96.32000000000001,0.8400000000000001,-0.22,96.51
Z2.6.A.01,2016,MMR Dose 1 by Age 13,2003,96.69000000000001,0.7500000000000001,0.04,96.66000000000001
Z2.6.A.01,2017,MMR Dose 1 by Age 13,2004,96.93,0.68,0.01,96.92
Z2.6.A.01,2018,MMR Dose 1 by Age 13,2005,97.16000000000001,0.59,0.12000000000000001,97.09
Z2.6.A.01,2019,MMR Dose 1 by Age 13,2006,95.7,0.76,-1.4700000000000002,96.81000000000002
Z2.6.A.01,2020,MMR Dose 1 by Age 13,2007,96.97,0.55,1.2200000000000002,96.30000000000001
Z2.6.A.01,2021,MMR Dose 1 by Age 13,2008,96.42,0.56,1.4000000000000001,95.64000000000001
Z2.6.A.01,2022,MMR Dose 1 by Age 13,2009,96.05,0.6100000000000001,1.32,95.25
Z2.6.A.01,2023,MMR Dose 1 by Age 13,2010,96.0,0.6000000000000001,1.7500000000000002,94.95
Z2.6.A.01,2014,MMR Dose 1 by Age 17,1997,99.0,0.45,6.23,96.23
Z2.6.A.01,2015,MMR Dose 1 by Age 17,1998,97.31000000000002,0.8600000000000001,0.9400000000000001,96.51
Z2.6.A.01,2016,MMR Dose 1 by Age 17,1999,96.24000000000001,0.98,-0.48000000000000004,96.71000000000001
Z2.6.A.01,2017,MMR Dose 1 by Age 17,2000,97.11000000000001,0.8200000000000001,0.21000000000000002,96.94000000000001
Z2.6.A.01,2018,MMR Dose 1 by Age 17,2001,98.61000000000001,0.45,3.5,97.03
Z2.6.A.01,2019,MMR Dose 1 by Age 17,2002,97.06,0.7000000000000001,-0.23,97.22
Z2.6.A.01,2020,MMR Dose 1 by Age 17,2003,97.2,0.6500000000000001,-0.8400000000000001,97.75
Z2.6.A.01,2021,MMR Dose 1 by Age 17,2004,97.80000000000001,0.53,-0.07,97.84000000000002
Z2.6.A.01,2022,MMR Dose 1 by Age 17,2005,97.75,0.5,-0.16,97.83000000000001
Z2.6.A.01,2023,MMR Dose 1 by Age 17,2006,96.45,0.6600000000000001,-1.2500000000000002,97.27
Z2.6.A.01,2014,MMR Dose 1 by Age 2,2012,90.5,0.97,2.53,88.05
Z2.6.A.01,2015,MMR Dose 1 by Age 2,2013,87.80000000000001,1.05,0.6500000000000001,87.11000000000001
Z2.6.A.01,2016,MMR Dose 1 by Age 2,2014,90.07,0.92,3.01,87.29
Z2.6.A.01,2017,MMR Dose 1 by Age 2,2015,89.49000000000001,0.9500000000000001,2.56,87.05
Z2.6.A.01,2018,MMR Dose 1 by Age 2,2016,90.11000000000001,0.91,3.71,86.73
Z2.6.A.01,2019,MMR Dose 1 by Age 2,2017,91.57,0.8200000000000001,5.6000000000000005,86.96000000000001
Z2.6.A.01,2020,MMR Dose 1 by Age 2,2018,89.62,0.9500000000000001,3.14,86.65
Z2.6.A.01,2021,MMR Dose 1 by Age 2,2019,88.74000000000001,1.01,5.49,83.2
Z2.6.A.01,2022,MMR Dose 1 by Age 2,2020,85.85000000000001,1.1400000000000001,3.31,82.07
Z2.6.A.01,2023,MMR Dose 1 by Age 2,2021,87.23,1.04,5.370000000000001,81.67
Z2.6.A.01,2014,MMR Dose 2 by Age 13,2001,94.13000000000001,1.0,2.3600000000000003,91.76
Z2.6.A.01,2015,MMR Dose 2 by Age 13,2002,93.5,0.97,1.8800000000000001,91.68
Z2.6.A.01,2016,MMR Dose 2 by Age 13,2003,93.42,0.91,2.4600000000000004,91.18
Z2.6.A.01,2017,MMR Dose 2 by Age 13,2004,93.33000000000001,0.92,2.03,91.45
Z2.6.A.01,2018,MMR Dose 2 by Age 13,2005,92.93,0.8700000000000001,1.81,91.34000000000002
Z2.6.A.01,2019,MMR Dose 2 by Age 13,2006,92.67,0.88,1.3800000000000001,91.46000000000001
Z2.6.A.01,2020,MMR Dose 2 by Age 13,2007,92.14000000000001,0.8500000000000001,1.34,91.01
Z2.6.A.01,2021,MMR Dose 2 by Age 13,2008,91.38000000000001,0.8400000000000001,1.86,89.81000000000002
Z2.6.A.01,2022,MMR Dose 2 by Age 13,2009,92.89000000000001,0.7500000000000001,4.09,89.83000000000001
Z2.6.A.01,2023,MMR Dose 2 by Age 13,2010,91.55,0.8300000000000001,2.35,89.61000000000001
Z2.6.A.01,2014,MMR Dose 2 by Age 17,1997,94.96000000000001,1.0,2.55,92.41000000000001
Z2.6.A.01,2015,MMR Dose 2 by Age 17,1998,94.85000000000001,0.98,2.15,92.75
Z2.6.A.01,2016,MMR Dose 2 by Age 17,1999,95.71000000000001,0.8400000000000001,2.9800000000000004,93.22
Z2.6.A.01,2017,MMR Dose 2 by Age 17,2000,95.38000000000001,0.8600000000000001,2.19,93.49000000000001
Z2.6.A.01,2018,MMR Dose 2 by Age 17,2001,95.92,0.77,3.3200000000000003,93.37
Z2.6.A.01,2019,MMR Dose 2 by Age 17,2002,94.7,0.8400000000000001,1.36,93.56
Z2.6.A.01,2020,MMR Dose 2 by Age 17,2003,95.21000000000001,0.7300000000000001,1.2100000000000002,94.32000000000001
Z2.6.A.01,2021,MMR Dose 2 by Age 17,2004,95.27,0.7300000000000001,1.2600000000000002,94.35000000000001
Z2.6.A.01,2022,MMR Dose 2 by Age 17,2005,94.72,0.7200000000000001,1.55,93.60000000000001
Z2.6.A.01,2023,MMR Dose 2 by Age 17,2006,93.79,0.79,1.4800000000000002,92.62
Z2.6.A.01,2023,MMR Dose 2 by Age 2,2021,77.0,1.2800000000000002,6.0,69.32
Z2.6.A.01,2014,MMR Dose 2 by Age 7,2007,85.19000000000001,1.1900000000000002,3.8800000000000003,80.57
Z2.6.A.01,2015,MMR Dose 2 by Age 7,2008,84.34000000000002,1.1600000000000001,2.62,81.30000000000001
Z2.6.A.01,2016,MMR Dose 2 by Age 7,2009,86.42,1.06,4.07,82.10000000000001
Z2.6.A.01,2017,MMR Dose 2 by Age 7,2010,83.81000000000002,1.1300000000000001,1.9200000000000002,81.63000000000001
Z2.6.A.01,2018,MMR Dose 2 by Age 7,2011,86.04,1.01,4.9,81.08
Z2.6.A.01,2019,MMR Dose 2 by Age 7,2012,82.45,1.12,0.6500000000000001,81.72
Z2.6.A.01,2020,MMR Dose 2 by Age 7,2013,77.11000000000001,1.2200000000000002,-0.4,77.60000000000001
Z2.6.A.01,2021,MMR Dose 2 by Age 7,2014,78.12,1.1800000000000002,2.8800000000000003,74.73
Z2.6.A.01,2022,MMR Dose 2 by Age 7,2015,79.07,1.1700000000000002,4.2700000000000005,74.08
Z2.6.A.01,2023,MMR Dose 2 by Age 7,2016,77.11000000000001,1.1800000000000002,3.81,72.63000000000001
Z2.6.B.02,2014,MMR Dose 1 by Age 13,2001,99.25,0.6900000000000001,4.170000000000001,96.38000000000001
Z2.6.B.02,2015,MMR Dose 1 by Age 13,2002,96.81000000000002,1.4900000000000002,0.2,96.51
Z2.6.B.02,2016,MMR Dose 1 by Age 13,2003,95.55,1.6900000000000002,-0.6600000000000001,96.66000000000001
Z2.6.B.02,2017,MMR Dose 1 by Age 13,2004,97.21000000000001,1.2100000000000002,0.24000000000000002,96.92
Z2.6.B.02,2018,MMR Dose 1 by Age 13,2005,97.92,0.89,0.93,97.09
Z2.6.B.02,2019,MMR Dose 1 by Age 13,2006,95.73,1.33,-0.8200000000000001,96.81000000000002
Z2.6.B.02,2020,MMR Dose 1 by Age 13,2007,97.77,0.9500000000000001,1.55,96.30000000000001
Z2.6.B.02,2021,MMR Dose 1 by Age 13,2008,97.44000000000001,0.8500000000000001,2.12,95.64000000000001
Z2.6.B.02,2022,MMR Dose 1 by Age 13,2009,97.53,0.89,2.57,95.25
Z2.6.B.02,2023,MMR Dose 1 by Age 13,2010,96.85000000000001,1.03,1.83,94.95
Z2.6.B.02,2014,MMR Dose 1 by Age 17,1997,97.67,2.05,0.7100000000000001,96.23
Z2.6.B.02,2015,MMR Dose 1 by Age 17,1998,97.96000000000001,1.6300000000000001,0.89,96.51
Z2.6.B.02,2016,MMR Dose 1 by Age 17,1999,99.13000000000001,0.81,2.9800000000000004,96.71000000000001
Z2.6.B.02,2017,MMR Dose 1 by Age 17,2000,98.24000000000001,1.2700000000000002,1.02,96.94000000000001
Z2.6.B.02,2018,MMR Dose 1 by Age 17,2001,99.32000000000001,0.6200000000000001,3.72,97.03
Z2.6.B.02,2019,MMR Dose 1 by Age 17,2002,97.13000000000001,1.35,-0.07,97.22
Z2.6.B.02,2020,MMR Dose 1 by Age 17,2003,97.03,1.2000000000000002,-0.6000000000000001,97.75
Z2.6.B.02,2021,MMR Dose 1 by Age 17,2004,97.91000000000001,0.9500000000000001,0.07,97.84000000000002
Z2.6.B.02,2022,MMR Dose 1 by Age 17,2005,98.21000000000001,0.79,0.49,97.83000000000001
Z2.6.B.02,2023,MMR Dose 1 by Age 17,2006,96.45,1.1700000000000002,-0.7100000000000001,97.27
Z2.6.B.02,2014,MMR Dose 1 by Age 2,2012,92.02,1.7200000000000002,2.31,88.05
Z2.6.B.02,2015,MMR Dose 1 by Age 2,2013,88.83000000000001,1.9800000000000002,0.8700000000000001,87.11000000000001
Z2.6.B.02,2016,MMR Dose 1 by Age 2,2014,90.88000000000001,1.7500000000000002,2.05,87.29
Z2.6.B.02,2017,MMR Dose 1 by Age 2,2015,91.78,1.62,2.9200000000000004,87.05
Z2.6.B.02,2018,MMR Dose 1 by Age 2,2016,90.02,1.7100000000000002,1.9300000000000002,86.73
Z2.6.B.02,2019,MMR Dose 1 by Age 2,2017,86.80000000000001,2.11,-0.08,86.96000000000001
Z2.6.B.02,2020,MMR Dose 1 by Age 2,2018,86.99000000000001,1.9900000000000002,0.17,86.65
Z2.6.B.02,2021,MMR Dose 1 by Age 2,2019,86.31000000000002,2.23,1.4000000000000001,83.2
Z2.6.B.02,2022,MMR Dose 1 by Age 2,2020,88.66000000000001,2.0,3.3000000000000003,82.07
Z2.6.B.02,2023,MMR Dose 1 by Age 2,2021,84.83000000000001,2.02,1.56,81.67
Z2.6.B.02,2014,MMR Dose 2 by Age 13,2001,96.75,1.2200000000000002,4.08,91.76
Z2.6.B.02,2015,MMR Dose 2 by Age 13,2002,95.49000000000001,1.4900000000000002,2.56,91.68
Z2.6.B.02,2016,MMR Dose 2 by Age 13,2003,93.04,1.59,1.1800000000000002,91.18
Z2.6.B.02,2017,MMR Dose 2 by Age 13,2004,92.84000000000002,1.6800000000000002,0.8300000000000001,91.45
Z2.6.B.02,2018,MMR Dose 2 by Age 13,2005,94.72,1.2800000000000002,2.63,91.34000000000002
Z2.6.B.02,2019,MMR Dose 2 by Age 13,2006,94.59,1.2500000000000002,2.5,91.46000000000001
Z2.6.B.02,2020,MMR Dose 2 by Age 13,2007,95.24000000000001,1.1900000000000002,3.56,91.01
Z2.6.B.02,2021,MMR Dose 2 by Age 13,2008,93.83000000000001,1.2800000000000002,3.15,89.81000000000002
Z2.6.B.02,2022,MMR Dose 2 by Age 13,2009,95.71000000000001,1.07,5.5,89.83000000000001
Z2.6.B.02,2023,MMR Dose 2 by Age 13,2010,94.72,1.2100000000000002,4.22,89.61000000000001
Z2.6.B.02,2014,MMR Dose 2 by Age 17,1997,96.38000000000001,1.84,2.15,92.41000000000001
Z2.6.B.02,2015,MMR Dose 2 by Age 17,1998,96.09,1.62,2.06,92.75
Z2.6.B.02,2016,MMR Dose 2 by Age 17,1999,97.60000000000001,1.06,4.140000000000001,93.22
Z2.6.B.02,2017,MMR Dose 2 by Age 17,2000,99.19000000000001,0.45,12.600000000000001,93.49000000000001
Z2.6.B.02,2018,MMR Dose 2 by Age 17,2001,97.15,1.1,3.45,93.37
Z2.6.B.02,2019,MMR Dose 2 by Age 17,2002,96.31000000000002,1.2700000000000002,2.16,93.56
Z2.6.B.02,2020,MMR Dose 2 by Age 17,2003,95.15,1.2500000000000002,0.6600000000000001,94.32000000000001
Z2.6.B.02,2021,MMR Dose 2 by Age 17,2004,94.78,1.37,0.32000000000000006,94.35000000000001
Z2.6.B.02,2022,MMR Dose 2 by Age 17,2005,95.71000000000001,1.11,1.9000000000000001,93.60000000000001
Z2.6.B.02,2023,MMR Dose 2 by Age 17,2006,95.61000000000001,1.1,2.72,92.62
Z2.6.B.02,2023,MMR Dose 2 by Age 2,2021,72.4,2.4200000000000004,1.2700000000000002,69.32
Z2.6.B.02,2014,MMR Dose 2 by Age 7,2007,88.9,1.9500000000000002,4.2700000000000005,80.57
Z2.6.B.02,2015,MMR Dose 2 by Age 7,2008,85.61000000000001,1.9200000000000002,2.24,81.30000000000001
Z2.6.B.02,2016,MMR Dose 2 by Age 7,2009,91.12,1.6300000000000001,5.52,82.10000000000001
Z2.6.B.02,2017,MMR Dose 2 by Age 7,2010,89.75,1.7600000000000002,4.62,81.63000000000001
Z2.6.B.02,2018,MMR Dose 2 by Age 7,2011,88.23,1.7900000000000003,3.99,81.08
Z2.6.B.02,2019,MMR Dose 2 by Age 7,2012,90.03,1.62,5.130000000000001,81.72
Z2.6.B.02,2020,MMR Dose 2 by Age 7,2013,84.86000000000001,1.9600000000000002,3.69,77.60000000000001
Z2.6.B.02,2021,MMR Dose 2 by Age 7,2014,78.02,2.18,1.51,74.73
Z2.6.B.02,2022,MMR Dose 2 by Age 7,2015,82.88000000000001,2.01,4.359999999999999,74.08
Z2.6.B.02,2023,MMR Dose 2 by Age 7,2016,81.37,2.04,4.28,72.63000000000001
Z2.6.C.03,2014,MMR Dose 1 by Age 13,2001,96.37,0.9400000000000001,-0.02,96.38000000000001
Z2.6.C.03,2015,MMR Dose 1 by Age 13,2002,97.80000000000001,0.7100000000000001,1.81,96.51
Z2.6.C.03,2016,MMR Dose 1 by Age 13,2003,96.4,0.97,-0.26,96.66000000000001
Z2.6.C.03,2017,MMR Dose 1 by Age 13,2004,97.74000000000001,0.6600000000000001,1.2400000000000002,96.92
Z2.6.C.03,2018,MMR Dose 1 by Age 13,2005,97.31000000000002,0.7100000000000001,0.30000000000000004,97.09
Z2.6.C.03,2019,MMR Dose 1 by Age 13,2006,97.02,0.8200000000000001,0.25,96.81000000000002
Z2.6.C.03,2020,MMR Dose 1 by Age 13,2007,97.01,0.7000000000000001,1.02,96.30000000000001
Z2.6.C.03,2021,MMR Dose 1 by Age 13,2008,96.43,0.78,1.01,95.64000000000001
Z2.6.C.03,2022,MMR Dose 1 by Age 13,2009,97.27,0.7200000000000001,2.81,95.25
Z2.6.C.03,2023,MMR Dose 1 by Age 13,2010,96.97,0.8,2.51,94.95
Z2.6.C.03,2014,MMR Dose 1 by Age 17,1997,96.61000000000001,1.02,0.37000000000000005,96.23
Z2.6.C.03,2015,MMR Dose 1 by Age 17,1998,98.2,0.6200000000000001,2.73,96.51
Z2.6.C.03,2016,MMR Dose 1 by Age 17,1999,97.15,0.81,0.54,96.71000000000001
Z2.6.C.03,2017,MMR Dose 1 by Age 17,2000,96.42,0.9500000000000001,-0.55,96.94000000000001
Z2.6.C.03,2018,MMR Dose 1 by Age 17,2001,97.04,0.8300000000000001,0.02,97.03
Z2.6.C.03,2019,MMR Dose 1 by Age 17,2002,98.41000000000001,0.5700000000000001,2.08,97.22
Z2.6.C.03,2020,MMR Dose 1 by Age 17,2003,97.08,0.8500000000000001,-0.79,97.75
Z2.6.C.03,2021,MMR Dose 1 by Age 17,2004,97.97,0.6100000000000001,0.22,97.84000000000002
Z2.6.C.03,2022,MMR Dose 1 by Age 17,2005,98.06,0.56,0.41000000000000003,97.83000000000001
Z2.6.C.03,2023,MMR Dose 1 by Age 17,2006,97.18,0.79,-0.12000000000000001,97.27
Z2.6.C.03,2014,MMR Dose 1 by Age 2,2012,88.23,1.4800000000000002,0.12000000000000001,88.05
Z2.6.C.03,2015,MMR Dose 1 by Age 2,2013,88.24000000000001,1.52,0.7400000000000001,87.11000000000001
Z2.6.C.03,2016,MMR Dose 1 by Age 2,2014,89.89000000000001,1.4100000000000001,1.84,87.29
Z2.6.C.03,2017,MMR Dose 1 by Age 2,2015,89.98,1.4300000000000002,2.05,87.05
Z2.6.C.03,2018,MMR Dose 1 by Age 2,2016,90.03,1.3900000000000001,2.37,86.73
Z2.6.C.03,2019,MMR Dose 1 by Age 2,2017,87.88000000000001,1.61,0.5700000000000001,86.96000000000001
Z2.6.C.03,2020,MMR Dose 1 by Age 2,2018,88.88000000000001,1.54,1.4500000000000002,86.65
Z2.6.C.03,2021,MMR Dose 1 by Age 2,2019,81.41000000000001,1.9600000000000002,-0.91,83.2
Z2.6.C.03,2022,MMR Dose 1 by Age 2,2020,79.61000000000001,2.13,-1.1500000000000001,82.07
Z2.6.C.03,2023,MMR Dose 1 by Age 2,2021,75.68,2.21,-2.72,81.67
Z2.6.C.03,2014,MMR Dose 2 by Age 13,2001,93.79,1.1900000000000002,1.7100000000000002,91.76
Z2.6.C.03,2015,MMR Dose 2 by Age 13,2002,95.38000000000001,0.98,3.79,91.68
Z2.6.C.03,2016,MMR Dose 2 by Age 13,2003,94.04,1.1,2.6,91.18
Z2.6.C.03,2017,MMR Dose 2 by Age 13,2004,94.07,1.05,2.49,91.45
Z2.6.C.03,2018,MMR Dose 2 by Age 13,2005,94.07,0.99,2.7600000000000002,91.34000000000002
Z2.6.C.03,2019,MMR Dose 2 by Age 13,2006,94.09,1.04,2.52,91.46000000000001
Z2.6.C.03,2020,MMR Dose 2 by Age 13,2007,93.58,1.0,2.58,91.01
Z2.6.C.03,2021,MMR Dose 2 by Age 13,2008,91.60000000000001,1.1800000000000002,1.52,89.81000000000002
Z2.6.C.03,2022,MMR Dose 2 by Age 13,2009,93.29,1.08,3.21,89.83000000000001
Z2.6.C.03,2023,MMR Dose 2 by Age 13,2010,94.27,0.99,4.69,89.61000000000001
Z2.6.C.03,2014,MMR Dose 2 by Age 17,1997,95.9,0.98,3.57,92.41000000000001
Z2.6.C.03,2015,MMR Dose 2 by Age 17,1998,95.16000000000001,0.96,2.51,92.75
Z2.6.C.03,2016,MMR Dose 2 by Age 17,1999,93.64000000000001,1.2200000000000002,0.35000000000000003,93.22
Z2.6.C.03,2017,MMR Dose 2 by Age 17,2000,95.08,1.03,1.54,93.49000000000001
Z2.6.C.03,2018,MMR Dose 2 by Age 17,2001,94.98,1.06,1.53,93.37
Z2.6.C.03,2019,MMR Dose 2 by Age 17,2002,96.42,0.8400000000000001,3.39,93.56
Z2.6.C.03,2020,MMR Dose 2 by Age 17,2003,94.98,0.99,0.6600000000000001,94.32000000000001
Z2.6.C.03,2021,MMR Dose 2 by Age 17,2004,95.51,0.9,1.3,94.35000000000001
Z2.6.C.03,2022,MMR Dose 2 by Age 17,2005,95.37,0.8500000000000001,2.1,93.60000000000001
Z2.6.C.03,2023,MMR Dose 2 by Age 17,2006,94.41000000000001,1.01,1.7700000000000002,92.62
Z2.6.C.03,2023,MMR Dose 2 by Age 2,2021,59.65,2.49,-3.89,69.32
Z2.6.C.03,2014,MMR Dose 2 by Age 7,2007,83.25,1.59,1.6800000000000002,80.57
Z2.6.C.03,2015,MMR Dose 2 by Age 7,2008,80.31000000000002,1.7000000000000002,-0.58,81.30000000000001
Z2.6.C.03,2016,MMR Dose 2 by Age 7,2009,82.62,1.6700000000000002,0.31000000000000005,82.10000000000001
Z2.6.C.03,2017,MMR Dose 2 by Age 7,2010,87.10000000000001,1.4900000000000002,3.68,81.63000000000001
Z2.6.C.03,2018,MMR Dose 2 by Age 7,2011,84.80000000000001,1.6,2.33,81.08
Z2.6.C.03,2019,MMR Dose 2 by Age 7,2012,87.64000000000001,1.3900000000000001,4.2700000000000005,81.72
Z2.6.C.03,2020,MMR Dose 2 by Age 7,2013,80.34000000000002,1.8,1.52,77.60000000000001
Z2.6.C.03,2021,MMR Dose 2 by Age 7,2014,80.16000000000001,1.83,2.97,74.73
Z2.6.C.03,2022,MMR Dose 2 by Age 7,2015,77.61000000000001,1.9000000000000001,1.86,74.08
Z2.6.C.03,2023,MMR Dose 2 by Age 7,2016,72.56,2.05,-0.03,72.63000000000001
Z2.6.C.04,2014,MMR Dose 1 by Age 13,2001,97.56,1.4400000000000002,0.8200000000000001,96.38000000000001
Z2.6.C.04,2015,MMR Dose 1 by Age 13,2002,95.74000000000001,1.8800000000000001,-0.41000000000000003,96.51
Z2.6.C.04,2016,MMR Dose 1 by Age 13,2003,94.26,2.87,-0.8400000000000001,96.66000000000001
Z2.6.C.04,2017,MMR Dose 1 by Age 13,2004,96.5,1.7100000000000002,-0.25,96.92
Z2.6.C.04,2018,MMR Dose 1 by Age 13,2005,96.93,1.6500000000000001,-0.1,97.09
Z2.6.C.04,2019,MMR Dose 1 by Age 13,2006,97.04,1.6500000000000001,0.14,96.81000000000002
Z2.6.C.04,2020,MMR Dose 1 by Age 13,2007,98.07,1.1500000000000001,1.54,96.30000000000001
Z2.6.C.04,2021,MMR Dose 1 by Age 13,2008,94.58,2.03,-0.52,95.64000000000001
Z2.6.C.04,2022,MMR Dose 1 by Age 13,2009,92.97,2.54,-0.9,95.25
Z2.6.C.04,2023,MMR Dose 1 by Age 13,2010,95.89000000000001,1.9600000000000002,0.48000000000000004,94.95
Z2.6.C.04,2014,MMR Dose 1 by Age 17,1997,97.84000000000002,1.7200000000000002,0.9400000000000001,96.23
Z2.6.C.04,2015,MMR Dose 1 by Age 17,1998,95.87,2.0,-0.32000000000000006,96.51
Z2.6.C.04,2016,MMR Dose 1 by Age 17,1999,95.9,2.06,-0.39,96.71000000000001
Z2.6.C.04,2017,MMR Dose 1 by Age 17,2000,97.45,1.4500000000000002,0.36000000000000004,96.94000000000001
Z2.6.C.04,2018,MMR Dose 1 by Age 17,2001,97.56,1.4400000000000002,0.37000000000000005,97.03
Z2.6.C.04,2019,MMR Dose 1 by Age 17,2002,95.74000000000001,1.8800000000000001,-0.79,97.22
Z2.6.C.04,2020,MMR Dose 1 by Age 17,2003,94.26,2.87,-1.2200000000000002,97.75
Z2.6.C.04,2021,MMR Dose 1 by Age 17,2004,97.04,1.53,-0.53,97.84000000000002
Z2.6.C.04,2022,MMR Dose 1 by Age 17,2005,96.93,1.6500000000000001,-0.54,97.83000000000001
Z2.6.C.04,2023,MMR Dose 1 by Age 17,2006,97.69000000000001,1.4100000000000001,0.30000000000000004,97.27
Z2.6.C.04,2014,MMR Dose 1 by Age 2,2012,82.04,3.7800000000000002,-1.59,88.05
Z2.6.C.04,2015,MMR Dose 1 by Age 2,2013,87.26,3.57,0.04,87.11000000000001
Z2.6.C.04,2016,MMR Dose 1 by Age 2,2014,84.61000000000001,3.9400000000000004,-0.68,87.29
Z2.6.C.04,2017,MMR Dose 1 by Age 2,2015,83.10000000000001,3.74,-1.06,87.05
Z2.6.C.04,2018,MMR Dose 1 by Age 2,2016,84.07,3.6,-0.7400000000000001,86.73
Z2.6.C.04,2019,MMR Dose 1 by Age 2,2017,92.36000000000001,3.04,1.7800000000000002,86.96000000000001
Z2.6.C.04,2020,MMR Dose 1 by Age 2,2018,77.19000000000001,4.16,-2.2800000000000002,86.65
Z2.6.C.04,2021,MMR Dose 1 by Age 2,2019,76.79,4.31,-1.4900000000000002,83.2
Z2.6.C.04,2022,MMR Dose 1 by Age 2,2020,76.13000000000001,3.99,-1.4900000000000002,82.07
Z2.6.C.04,2023,MMR Dose 1 by Age 2,2021,73.22,4.33,-1.9500000000000002,81.67
Z2.6.C.04,2014,MMR Dose 2 by Age 13,2001,93.57,2.31,0.78,91.76
Z2.6.C.04,2015,MMR Dose 2 by Age 13,2002,93.11000000000001,2.33,0.6100000000000001,91.68
Z2.6.C.04,2016,MMR Dose 2 by Age 13,2003,93.79,2.4400000000000004,1.07,91.18
Z2.6.C.04,2017,MMR Dose 2 by Age 13,2004,91.06,2.73,-0.15000000000000002,91.45
Z2.6.C.04,2018,MMR Dose 2 by Age 13,2005,93.32000000000001,2.22,0.89,91.34000000000002
Z2.6.C.04,2019,MMR Dose 2 by Age 13,2006,90.30000000000001,2.7600000000000002,-0.42000000000000004,91.46000000000001
Z2.6.C.04,2020,MMR Dose 2 by Age 13,2007,95.74000000000001,1.6700000000000002,2.83,91.01
Z2.6.C.04,2021,MMR Dose 2 by Age 13,2008,90.80000000000001,2.66,0.37000000000000005,89.81000000000002
Z2.6.C.04,2022,MMR Dose 2 by Age 13,2009,84.02,3.66,-1.59,89.83000000000001
Z2.6.C.04,2023,MMR Dose 2 by Age 13,2010,91.28,2.77,0.6000000000000001,89.61000000000001
Z2.6.C.04,2014,MMR Dose 2 by Age 17,1997,97.18,1.53,3.12,92.41000000000001
Z2.6.C.04,2015,MMR Dose 2 by Age 17,1998,95.85000000000001,1.86,1.6600000000000001,92.75
Z2.6.C.04,2016,MMR Dose 2 by Age 17,1999,93.21000000000001,2.5,0.0,93.22
Z2.6.C.04,2017,MMR Dose 2 by Age 17,2000,96.61000000000001,1.7200000000000002,1.81,93.49000000000001
Z2.6.C.04,2018,MMR Dose 2 by Age 17,2001,94.56,2.15,0.55,93.37
Z2.6.C.04,2019,MMR Dose 2 by Age 17,2002,94.36000000000001,2.22,0.36000000000000004,93.56
Z2.6.C.04,2020,MMR Dose 2 by Age 17,2003,95.16000000000001,2.2600000000000002,0.37000000000000005,94.32000000000001
Z2.6.C.04,2021,MMR Dose 2 by Age 17,2004,92.76,2.4600000000000004,-0.6500000000000001,94.35000000000001
Z2.6.C.04,2022,MMR Dose 2 by Age 17,2005,93.32000000000001,2.22,-0.12000000000000001,93.60000000000001
Z2.6.C.04,2023,MMR Dose 2 by Age 17,2006,91.98,2.52,-0.25,92.62
Z2.6.C.04,2023,MMR Dose 2 by Age 2,2021,57.13,4.880000000000001,-2.5,69.32
Z2.6.C.04,2014,MMR Dose 2 by Age 7,2007,84.69000000000001,3.22,1.2800000000000002,80.57
Z2.6.C.04,2015,MMR Dose 2 by Age 7,2008,86.52,3.15,1.6600000000000001,81.30000000000001
Z2.6.C.04,2016,MMR Dose 2 by Age 7,2009,80.15,4.01,-0.49,82.10000000000001
Z2.6.C.04,2017,MMR Dose 2 by Age 7,2010,84.94000000000001,3.63,0.91,81.63000000000001
Z2.6.C.04,2018,MMR Dose 2 by Age 7,2011,82.25,3.93,0.30000000000000004,81.08
Z2.6.C.04,2019,MMR Dose 2 by Age 7,2012,76.18,4.55,-1.2200000000000002,81.72
Z2.6.C.04,2020,MMR Dose 2 by Age 7,2013,67.91000000000001,4.6000000000000005,-2.11,77.60000000000001
Z2.6.C.04,2021,MMR Dose 2 by Age 7,2014,77.03,4.25,0.54,74.73
Z2.6.C.04,2022,MMR Dose 2 by Age 7,2015,63.75,4.57,-2.2600000000000002,74.08
Z2.6.C.04,2023,MMR Dose 2 by Age 7,2016,70.98,3.97,-0.41000000000000003,72.63000000000001
Z2.6.C.05,2014,MMR Dose 1 by Age 13,2001,95.71000000000001,1.7300000000000002,-0.39,96.38000000000001
Z2.6.C.05,2015,MMR Dose 1 by Age 13,2002,94.98,1.82,-0.8400000000000001,96.51
Z2.6.C.05,2016,MMR Dose 1 by Age 13,2003,97.71000000000001,1.1,0.9500000000000001,96.66000000000001
Z2.6.C.05,2017,MMR Dose 1 by Age 13,2004,97.14000000000001,1.1600000000000001,0.19,96.92
Z2.6.C.05,2018,MMR Dose 1 by Age 13,2005,96.32000000000001,1.5,-0.52,97.09
Z2.6.C.05,2019,MMR Dose 1 by Age 13,2006,94.52,1.6700000000000002,-1.37,96.81000000000002
Z2.6.C.05,2020,MMR Dose 1 by Age 13,2007,94.58,1.6600000000000001,-1.04,96.30000000000001
Z2.6.C.05,2021,MMR Dose 1 by Age 13,2008,93.63000000000001,1.7400000000000002,-1.1500000000000001,95.64000000000001
Z2.6.C.05,2022,MMR Dose 1 by Age 13,2009,92.86000000000001,1.9100000000000001,-1.2500000000000002,95.25
Z2.6.C.05,2023,MMR Dose 1 by Age 13,2010,95.92,1.4000000000000001,0.6900000000000001,94.95
Z2.6.C.05,2014,MMR Dose 1 by Age 17,1997,95.13000000000001,1.8,-0.6100000000000001,96.23
Z2.6.C.05,2015,MMR Dose 1 by Age 17,1998,94.66000000000001,1.8900000000000001,-0.98,96.51
Z2.6.C.05,2016,MMR Dose 1 by Age 17,1999,95.54,1.57,-0.7500000000000001,96.71000000000001
Z2.6.C.05,2017,MMR Dose 1 by Age 17,2000,93.09,2.2600000000000002,-1.7000000000000002,96.94000000000001
Z2.6.C.05,2018,MMR Dose 1 by Age 17,2001,96.12,1.61,-0.56,97.03
Z2.6.C.05,2019,MMR Dose 1 by Age 17,2002,95.42,1.7100000000000002,-1.05,97.22
Z2.6.C.05,2020,MMR Dose 1 by Age 17,2003,98.31000000000002,0.8600000000000001,0.6500000000000001,97.75
Z2.6.C.05,2021,MMR Dose 1 by Age 17,2004,98.21000000000001,0.8400000000000001,0.44,97.84000000000002
Z2.6.C.05,2022,MMR Dose 1 by Age 17,2005,97.48,1.1600000000000001,-0.30000000000000004,97.83000000000001
Z2.6.C.05,2023,MMR Dose 1 by Age 17,2006,94.52,1.6700000000000002,-1.6500000000000001,97.27
Z2.6.C.05,2014,MMR Dose 1 by Age 2,2012,89.59,2.3200000000000003,0.6600000000000001,88.05
Z2.6.C.05,2015,MMR Dose 1 by Age 2,2013,87.07,2.59,-0.02,87.11000000000001
Z2.6.C.05,2016,MMR Dose 1 by Age 2,2014,87.02,2.41,-0.11,87.29
Z2.6.C.05,2017,MMR Dose 1 by Age 2,2015,91.12,2.03,2.0,87.05
Z2.6.C.05,2018,MMR Dose 1 by Age 2,2016,89.77,2.4800000000000004,1.2300000000000002,86.73
Z2.6.C.05,2019,MMR Dose 1 by Age 2,2017,89.11000000000001,2.2600000000000002,0.9500000000000001,86.96000000000001
Z2.6.C.05,2020,MMR Dose 1 by Age 2,2018,85.37,2.81,-0.45,86.65
Z2.6.C.05,2021,MMR Dose 1 by Age 2,2019,82.64000000000001,3.06,-0.18,83.2
Z2.6.C.05,2022,MMR Dose 1 by Age 2,2020,79.30000000000001,3.39,-0.8200000000000001,82.07
Z2.6.C.05,2023,MMR Dose 1 by Age 2,2021,72.85,3.7800000000000002,-2.3400000000000003,81.67
Z2.6.C.05,2014,MMR Dose 2 by Age 13,2001,92.44000000000001,2.12,0.32000000000000006,91.76
Z2.6.C.05,2015,MMR Dose 2 by Age 13,2002,88.46000000000001,2.5,-1.2900000000000003,91.68
Z2.6.C.05,2016,MMR Dose 2 by Age 13,2003,90.04,2.24,-0.51,91.18
Z2.6.C.05,2017,MMR Dose 2 by Age 13,2004,90.24000000000001,2.15,-0.56,91.45
Z2.6.C.05,2018,MMR Dose 2 by Age 13,2005,93.99000000000001,1.7000000000000002,1.56,91.34000000000002
Z2.6.C.05,2019,MMR Dose 2 by Age 13,2006,87.89000000000001,2.37,-1.51,91.46000000000001
Z2.6.C.05,2020,MMR Dose 2 by Age 13,2007,90.25,2.08,-0.36000000000000004,91.01
Z2.6.C.05,2021,MMR Dose 2 by Age 13,2008,90.89000000000001,1.9500000000000002,0.56,89.81000000000002
Z2.6.C.05,2022,MMR Dose 2 by Age 13,2009,89.42,2.0,-0.2,89.83000000000001
Z2.6.C.05,2023,MMR Dose 2 by Age 13,2010,91.35000000000001,1.9000000000000001,0.92,89.61000000000001
Z2.6.C.05,2014,MMR Dose 2 by Age 17,1997,91.06,2.31,-0.58,92.41000000000001
Z2.6.C.05,2015,MMR Dose 2 by Age 17,1998,91.62,2.29,-0.49,92.75
Z2.6.C.05,2016,MMR Dose 2 by Age 17,1999,93.07,1.8800000000000001,-0.08,93.22
Z2.6.C.05,2017,MMR Dose 2 by Age 17,2000,94.29,1.86,0.43000000000000005,93.49000000000001
Z2.6.C.05,2018,MMR Dose 2 by Age 17,2001,93.42,1.9600000000000002,0.02,93.37
Z2.6.C.05,2019,MMR Dose 2 by Age 17,2002,90.09,2.3200000000000003,-1.5,93.56
Z2.6.C.05,2020,MMR Dose 2 by Age 17,2003,92.71000000000001,1.85,-0.8700000000000001,94.32000000000001
Z2.6.C.05,2021,MMR Dose 2 by Age 17,2004,92.07,1.9300000000000002,-1.1800000000000002,94.35000000000001
Z2.6.C.05,2022,MMR Dose 2 by Age 17,2005,95.06,1.51,0.97,93.60000000000001
Z2.6.C.05,2023,MMR Dose 2 by Age 17,2006,87.89000000000001,2.37,-2.0,92.62
Z2.6.C.05,2023,MMR Dose 2 by Age 2,2021,60.02,4.140000000000001,-2.25,69.32
Z2.6.C.05,2014,MMR Dose 2 by Age 7,2007,84.25,2.62,1.4000000000000001,80.57
Z2.6.C.05,2015,MMR Dose 2 by Age 7,2008,84.76,2.4800000000000004,1.3900000000000001,81.30000000000001
Z2.6.C.05,2016,MMR Dose 2 by Age 7,2009,86.39000000000001,2.27,1.8900000000000001,82.10000000000001
Z2.6.C.05,2017,MMR Dose 2 by Age 7,2010,85.35000000000001,2.52,1.4800000000000002,81.63000000000001
Z2.6.C.05,2018,MMR Dose 2 by Age 7,2011,81.71000000000001,2.7800000000000002,0.23,81.08
Z2.6.C.05,2019,MMR Dose 2 by Age 7,2012,81.25,2.72,-0.17,81.72
Z2.6.C.05,2020,MMR Dose 2 by Age 7,2013,84.76,2.43,2.9400000000000004,77.60000000000001
Z2.6.C.05,2021,MMR Dose 2 by Age 7,2014,84.38000000000001,2.43,3.97,74.73
Z2.6.C.05,2022,MMR Dose 2 by Age 7,2015,83.06,2.4800000000000004,3.62,74.08
Z2.6.C.05,2023,MMR Dose 2 by Age 7,2016,71.19000000000001,3.4600000000000004,-0.42000000000000004,72.63000000000001
Z2.7.A.01,2014,MMR Dose 1 by Age 13,2001,95.51,1.1700000000000002,-0.7500000000000001,96.38000000000001
Z2.7.A.01,2015,MMR Dose 1 by Age 13,2002,94.99000000000001,1.2100000000000002,-1.2500000000000002,96.51
Z2.7.A.01,2016,MMR Dose 1 by Age 13,2003,95.53,1.08,-1.05,96.66000000000001
Z2.7.A.01,2017,MMR Dose 1 by Age 13,2004,93.79,1.3,-2.41,96.92
Z2.7.A.01,2018,MMR Dose 1 by Age 13,2005,95.59,1.06,-1.4300000000000002,97.09
Z2.7.A.01,2019,MMR Dose 1 by Age 13,2006,95.41000000000001,1.08,-1.31,96.81000000000002
Z2.7.A.01,2020,MMR Dose 1 by Age 13,2007,91.16000000000001,1.55,-3.33,96.30000000000001
Z2.7.A.01,2021,MMR Dose 1 by Age 13,2008,95.17,1.0,-0.47000000000000003,95.64000000000001
Z2.7.A.01,2022,MMR Dose 1 by Age 13,2009,92.35000000000001,1.36,-2.14,95.25
Z2.7.A.01,2023,MMR Dose 1 by Age 13,2010,91.53,1.4600000000000002,-2.35,94.95
Z2.7.A.01,2014,MMR Dose 1 by Age 17,1997,95.88000000000001,1.3900000000000001,-0.25,96.23
Z2.7.A.01,2015,MMR Dose 1 by Age 17,1998,95.26,1.36,-0.91,96.51
Z2.7.A.01,2016,MMR Dose 1 by Age 17,1999,96.68,1.01,-0.03,96.71000000000001
Z2.7.A.01,2017,MMR Dose 1 by Age 17,2000,97.29,0.8700000000000001,0.41000000000000003,96.94000000000001
Z2.7.A.01,2018,MMR Dose 1 by Age 17,2001,96.7,0.9500000000000001,-0.34,97.03
Z2.7.A.01,2019,MMR Dose 1 by Age 17,2002,96.27,0.96,-0.98,97.22
Z2.7.A.01,2020,MMR Dose 1 by Age 17,2003,96.44000000000001,0.91,-1.4400000000000002,97.75
Z2.7.A.01,2021,MMR Dose 1 by Age 17,2004,95.53,1.03,-2.24,97.84000000000002
Z2.7.A.01,2022,MMR Dose 1 by Age 17,2005,96.48,0.89,-1.51,97.83000000000001
Z2.7.A.01,2023,MMR Dose 1 by Age 17,2006,95.51,1.06,-1.6700000000000002,97.27
Z2.7.A.01,2014,MMR Dose 1 by Age 2,2012,85.39000000000001,1.8900000000000001,-1.4100000000000001,88.05
Z2.7.A.01,2015,MMR Dose 1 by Age 2,2013,87.96000000000001,1.62,0.52,87.11000000000001
Z2.7.A.01,2016,MMR Dose 1 by Age 2,2014,86.29,1.61,-0.6200000000000001,87.29
Z2.7.A.01,2017,MMR Dose 1 by Age 2,2015,88.24000000000001,1.4600000000000002,0.81,87.05
Z2.7.A.01,2018,MMR Dose 1 by Age 2,2016,87.11000000000001,1.4800000000000002,0.26,86.73
Z2.7.A.01,2019,MMR Dose 1 by Age 2,2017,86.86000000000001,1.4800000000000002,-0.07,86.96000000000001
Z2.7.A.01,2020,MMR Dose 1 by Age 2,2018,87.76,1.4200000000000002,0.78,86.65
Z2.7.A.01,2021,MMR Dose 1 by Age 2,2019,84.49000000000001,1.6300000000000001,0.79,83.2
Z2.7.A.01,2022,MMR Dose 1 by Age 2,2020,82.11000000000001,1.7900000000000003,0.02,82.07
Z2.7.A.01,2023,MMR Dose 1 by Age 2,2021,82.0,1.6600000000000001,0.2,81.67
Z2.7.A.01,2014,MMR Dose 2 by Age 13,2001,93.7,1.2000000000000002,1.62,91.76
Z2.7.A.01,2015,MMR Dose 2 by Age 13,2002,90.88000000000001,1.4400000000000002,-0.56,91.68
Z2.7.A.01,2016,MMR Dose 2 by Age 13,2003,90.64000000000001,1.4100000000000001,-0.38000000000000006,91.18
Z2.7.A.01,2017,MMR Dose 2 by Age 13,2004,89.03,1.54,-1.57,91.45
Z2.7.A.01,2018,MMR Dose 2 by Age 13,2005,89.9,1.5,-0.96,91.34000000000002
Z2.7.A.01,2019,MMR Dose 2 by Age 13,2006,91.84000000000002,1.2400000000000002,0.31000000000000005,91.46000000000001
Z2.7.A.01,2020,MMR Dose 2 by Age 13,2007,87.81000000000002,1.4800000000000002,-2.16,91.01
Z2.7.A.01,2021,MMR Dose 2 by Age 13,2008,90.51,1.2900000000000003,0.55,89.81000000000002
Z2.7.A.01,2022,MMR Dose 2 by Age 13,2009,87.24000000000001,1.4900000000000002,-1.7300000000000002,89.83000000000001
Z2.7.A.01,2023,MMR Dose 2 by Age 13,2010,87.97,1.4700000000000002,-1.11,89.61000000000001
Z2.7.A.01,2014,MMR Dose 2 by Age 17,1997,91.85000000000001,1.4700000000000002,-0.38000000000000006,92.41000000000001
Z2.7.A.01,2015,MMR Dose 2 by Age 17,1998,93.07,1.2500000000000002,0.26,92.75
Z2.7.A.01,2016,MMR Dose 2 by Age 17,1999,94.58,1.09,1.2500000000000002,93.22
Z2.7.A.01,2017,MMR Dose 2 by Age 17,2000,95.9,0.9400000000000001,2.55,93.49000000000001
Z2.7.A.01,2018,MMR Dose 2 by Age 17,2001,95.94000000000001,0.92,2.79,93.37
Z2.7.A.01,2019,MMR Dose 2 by Age 17,2002,93.85000000000001,1.12,0.25,93.56
Z2.7.A.01,2020,MMR Dose 2 by Age 17,2003,93.09,1.1600000000000001,-1.06,94.32000000000001
Z2.7.A.01,2021,MMR Dose 2 by Age 17,2004,92.29,1.2400000000000002,-1.6500000000000001,94.35000000000001
Z2.7.A.01,2022,MMR Dose 2 by Age 17,2005,91.06,1.3900000000000001,-1.83,93.60000000000001
Z2.7.A.01,2023,MMR Dose 2 by Age 17,2006,92.09,1.2100000000000002,-0.44,92.62
Z2.7.A.01,2023,MMR Dose 2 by Age 2,2021,71.01,1.9200000000000002,0.88,69.32
Z2.7.A.01,2014,MMR Dose 2 by Age 7,2007,80.24000000000001,1.9400000000000002,-0.17,80.57
Z2.7.A.01,2015,MMR Dose 2 by Age 7,2008,83.60000000000001,1.7500000000000002,1.31,81.30000000000001
Z2.7.A.01,2016,MMR Dose 2 by Age 7,2009,79.09,1.9000000000000001,-1.59,82.10000000000001
Z2.7.A.01,2017,MMR Dose 2 by Age 7,2010,81.39000000000001,1.82,-0.13,81.63000000000001
Z2.7.A.01,2018,MMR Dose 2 by Age 7,2011,82.85000000000001,1.6300000000000001,1.09,81.08
Z2.7.A.01,2019,MMR Dose 2 by Age 7,2012,83.04,1.55,0.8500000000000001,81.72
Z2.7.A.01,2020,MMR Dose 2 by Age 7,2013,81.01,1.59,2.14,77.60000000000001
Z2.7.A.01,2021,MMR Dose 2 by Age 7,2014,73.28,1.83,-0.79,74.73
Z2.7.A.01,2022,MMR Dose 2 by Age 7,2015,77.93,1.6400000000000001,2.3400000000000003,74.08
Z2.7.A.01,2023,MMR Dose 2 by Age 7,2016,75.47,1.6900000000000002,1.6800000000000002,72.63000000000001
Z2.7.B.02,2014,MMR Dose 1 by Age 13,2001,95.06,1.4000000000000001,-0.9400000000000001,96.38000000000001
Z2.7.B.02,2015,MMR Dose 1 by Age 13,2002,94.24000000000001,1.37,-1.6500000000000001,96.51
Z2.7.B.02,2016,MMR Dose 1 by Age 13,2003,93.28,1.54,-2.19,96.66000000000001
Z2.7.B.02,2017,MMR Dose 1 by Age 13,2004,95.95,1.1600000000000001,-0.8400000000000001,96.92
Z2.7.B.02,2018,MMR Dose 1 by Age 13,2005,93.05,1.4500000000000002,-2.79,97.09
Z2.7.B.02,2019,MMR Dose 1 by Age 13,2006,93.41000000000001,1.36,-2.5,96.81000000000002
Z2.7.B.02,2020,MMR Dose 1 by Age 13,2007,93.86000000000001,1.2300000000000002,-1.9800000000000002,96.30000000000001
Z2.7.B.02,2021,MMR Dose 1 by Age 13,2008,89.86000000000001,1.7700000000000002,-3.27,95.64000000000001
Z2.7.B.02,2022,MMR Dose 1 by Age 13,2009,91.71000000000001,1.56,-2.27,95.25
Z2.7.B.02,2023,MMR Dose 1 by Age 13,2010,91.85000000000001,1.56,-1.9900000000000002,94.95
Z2.7.B.02,2014,MMR Dose 1 by Age 17,1997,93.57,1.4800000000000002,-1.8,96.23
Z2.7.B.02,2015,MMR Dose 1 by Age 17,1998,95.77,1.09,-0.68,96.51
Z2.7.B.02,2016,MMR Dose 1 by Age 17,1999,91.82000000000001,1.6700000000000002,-2.9200000000000004,96.71000000000001
Z2.7.B.02,2017,MMR Dose 1 by Age 17,2000,93.46000000000001,1.4900000000000002,-2.3400000000000003,96.94000000000001
Z2.7.B.02,2018,MMR Dose 1 by Age 17,2001,96.16000000000001,1.1900000000000002,-0.7300000000000001,97.03
Z2.7.B.02,2019,MMR Dose 1 by Age 17,2002,94.52,1.34,-2.02,97.22
Z2.7.B.02,2020,MMR Dose 1 by Age 17,2003,95.24000000000001,1.2800000000000002,-1.9600000000000002,97.75
Z2.7.B.02,2021,MMR Dose 1 by Age 17,2004,96.55,1.04,-1.2400000000000002,97.84000000000002
Z2.7.B.02,2022,MMR Dose 1 by Age 17,2005,94.72,1.2500000000000002,-2.49,97.83000000000001
Z2.7.B.02,2023,MMR Dose 1 by Age 17,2006,93.64000000000001,1.33,-2.72,97.27
Z2.7.B.02,2014,MMR Dose 1 by Age 2,2012,87.45,1.9800000000000002,-0.30000000000000004,88.05
Z2.7.B.02,2015,MMR Dose 1 by Age 2,2013,81.62,2.3200000000000003,-2.37,87.11000000000001
Z2.7.B.02,2016,MMR Dose 1 by Age 2,2014,86.49000000000001,1.9900000000000002,-0.4,87.29
Z2.7.B.02,2017,MMR Dose 1 by Age 2,2015,84.64000000000001,2.07,-1.1600000000000001,87.05
Z2.7.B.02,2018,MMR Dose 1 by Age 2,2016,82.94000000000001,2.2600000000000002,-1.6800000000000002,86.73
Z2.7.B.02,2019,MMR Dose 1 by Age 2,2017,84.05,2.13,-1.36,86.96000000000001
Z2.7.B.02,2020,MMR Dose 1 by Age 2,2018,82.34000000000002,2.4400000000000004,-1.7700000000000002,86.65
Z2.7.B.02,2021,MMR Dose 1 by Age 2,2019,69.8,2.8600000000000003,-4.69,83.2
Z2.7.B.02,2022,MMR Dose 1 by Age 2,2020,78.61000000000001,2.51,-1.3800000000000001,82.07
Z2.7.B.02,2023,MMR Dose 1 by Age 2,2021,82.09,2.3200000000000003,0.18,81.67
Z2.7.B.02,2014,MMR Dose 2 by Age 13,2001,90.61000000000001,1.86,-0.6200000000000001,91.76
Z2.7.B.02,2015,MMR Dose 2 by Age 13,2002,90.06,1.83,-0.89,91.68
Z2.7.B.02,2016,MMR Dose 2 by Age 13,2003,90.23,1.7200000000000002,-0.55,91.18
Z2.7.B.02,2017,MMR Dose 2 by Age 13,2004,90.17,1.6900000000000002,-0.76,91.45
Z2.7.B.02,2018,MMR Dose 2 by Age 13,2005,86.15,1.9700000000000002,-2.64,91.34000000000002
Z2.7.B.02,2019,MMR Dose 2 by Age 13,2006,83.88000000000001,2.13,-3.56,91.46000000000001
Z2.7.B.02,2020,MMR Dose 2 by Age 13,2007,86.96000000000001,1.83,-2.21,91.01
Z2.7.B.02,2021,MMR Dose 2 by Age 13,2008,84.10000000000001,2.02,-2.8200000000000003,89.81000000000002
Z2.7.B.02,2022,MMR Dose 2 by Age 13,2009,87.37,1.8900000000000001,-1.3,89.83000000000001
Z2.7.B.02,2023,MMR Dose 2 by Age 13,2010,84.08,2.11,-2.62,89.61000000000001
Z2.7.B.02,2014,MMR Dose 2 by Age 17,1997,88.88000000000001,1.85,-1.9100000000000001,92.41000000000001
Z2.7.B.02,2015,MMR Dose 2 by Age 17,1998,88.96000000000001,1.8,-2.1,92.75
Z2.7.B.02,2016,MMR Dose 2 by Age 17,1999,85.93,2.14,-3.41,93.22
Z2.7.B.02,2017,MMR Dose 2 by Age 17,2000,93.47,1.3800000000000001,-0.02,93.49000000000001
Z2.7.B.02,2018,MMR Dose 2 by Age 17,2001,93.05,1.59,-0.2,93.37
Z2.7.B.02,2019,MMR Dose 2 by Age 17,2002,92.25,1.6,-0.8200000000000001,93.56
Z2.7.B.02,2020,MMR Dose 2 by Age 17,2003,92.73,1.4700000000000002,-1.09,94.32000000000001
Z2.7.B.02,2021,MMR Dose 2 by Age 17,2004,91.86000000000001,1.53,-1.62,94.35000000000001
Z2.7.B.02,2022,MMR Dose 2 by Age 17,2005,87.30000000000001,1.8900000000000001,-3.3400000000000003,93.60000000000001
Z2.7.B.02,2023,MMR Dose 2 by Age 17,2006,84.86000000000001,2.07,-3.74,92.62
Z2.7.B.02,2023,MMR Dose 2 by Age 2,2021,62.03,2.9200000000000004,-2.5,69.32
Z2.7.B.02,2014,MMR Dose 2 by Age 7,2007,76.87,2.3200000000000003,-1.6,80.57
Z2.7.B.02,2015,MMR Dose 2 by Age 7,2008,78.63000000000001,2.3200000000000003,-1.1500000000000001,81.30000000000001
Z2.7.B.02,2016,MMR Dose 2 by Age 7,2009,82.83000000000001,2.17,0.34,82.10000000000001
Z2.7.B.02,2017,MMR Dose 2 by Age 7,2010,76.43,2.4600000000000004,-2.12,81.63000000000001
Z2.7.B.02,2018,MMR Dose 2 by Age 7,2011,83.10000000000001,2.14,0.9400000000000001,81.08
Z2.7.B.02,2019,MMR Dose 2 by Age 7,2012,77.88000000000001,2.4200000000000004,-1.59,81.72
Z2.7.B.02,2020,MMR Dose 2 by Age 7,2013,72.31,2.64,-2.0,77.60000000000001
Z2.7.B.02,2021,MMR Dose 2 by Age 7,2014,69.3,2.74,-1.9900000000000002,74.73
Z2.7.B.02,2022,MMR Dose 2 by Age 7,2015,68.86,2.59,-2.02,74.08
Z2.7.B.02,2023,MMR Dose 2 by Age 7,2016,72.95,2.41,0.13,72.63000000000001
Z2.7.B.03,2014,MMR Dose 1 by Age 13,2001,97.96000000000001,1.2800000000000002,1.2300000000000002,96.38000000000001
Z2.7.B.03,2015,MMR Dose 1 by Age 13,2002,99.01,0.8500000000000001,2.95,96.51
Z2.7.B.03,2016,MMR Dose 1 by Age 13,2003,98.69000000000001,0.93,2.19,96.66000000000001
Z2.7.B.03,2017,MMR Dose 1 by Age 13,2004,99.39000000000001,0.6000000000000001,4.130000000000001,96.92
Z2.7.B.03,2018,MMR Dose 1 by Age 13,2005,98.47,0.8600000000000001,1.6,97.09
Z2.7.B.03,2019,MMR Dose 1 by Age 13,2006,97.10000000000001,1.55,0.19,96.81000000000002
Z2.7.B.03,2020,MMR Dose 1 by Age 13,2007,96.15,2.17,-0.07,96.30000000000001
Z2.7.B.03,2021,MMR Dose 1 by Age 13,2008,99.91000000000001,0.13,32.68,95.64000000000001
Z2.7.B.03,2022,MMR Dose 1 by Age 13,2009,95.79,1.9200000000000002,0.28,95.25
Z2.7.B.03,2023,MMR Dose 1 by Age 13,2010,95.18,1.9800000000000002,0.11,94.95
Z2.7.B.03,2014,MMR Dose 1 by Age 17,1997,95.43,1.9800000000000002,-0.4,96.23
Z2.7.B.03,2015,MMR Dose 1 by Age 17,1998,90.83000000000001,3.2800000000000002,-1.7300000000000002,96.51
Z2.7.B.03,2016,MMR Dose 1 by Age 17,1999,99.60000000000001,0.34,8.52,96.71000000000001
Z2.7.B.03,2017,MMR Dose 1 by Age 17,2000,97.52,1.33,0.44,96.94000000000001
Z2.7.B.03,2018,MMR Dose 1 by Age 17,2001,98.92,0.7500000000000001,2.53,97.03
Z2.7.B.03,2019,MMR Dose 1 by Age 17,2002,99.5,0.46,4.91,97.22
Z2.7.B.03,2020,MMR Dose 1 by Age 17,2003,99.76,0.23,8.88,97.75
Z2.7.B.03,2021,MMR Dose 1 by Age 17,2004,99.65,0.36000000000000004,5.1000000000000005,97.84000000000002
Z2.7.B.03,2022,MMR Dose 1 by Age 17,2005,99.03,0.6100000000000001,1.9800000000000002,97.83000000000001
Z2.7.B.03,2023,MMR Dose 1 by Age 17,2006,97.10000000000001,1.55,-0.11,97.27
Z2.7.B.03,2014,MMR Dose 1 by Age 2,2012,95.25,2.4400000000000004,2.95,88.05
Z2.7.B.03,2015,MMR Dose 1 by Age 2,2013,83.18,3.9200000000000004,-1.0,87.11000000000001
Z2.7.B.03,2016,MMR Dose 1 by Age 2,2014,90.63000000000001,3.43,0.97,87.29
Z2.7.B.03,2017,MMR Dose 1 by Age 2,2015,88.14000000000001,3.51,0.31000000000000005,87.05
Z2.7.B.03,2018,MMR Dose 1 by Age 2,2016,87.49000000000001,3.9600000000000004,0.19,86.73
Z2.7.B.03,2019,MMR Dose 1 by Age 2,2017,84.46000000000001,4.319999999999999,-0.58,86.96000000000001
Z2.7.B.03,2020,MMR Dose 1 by Age 2,2018,91.26,3.52,1.31,86.65
Z2.7.B.03,2021,MMR Dose 1 by Age 2,2019,88.2,3.83,1.3,83.2
Z2.7.B.03,2022,MMR Dose 1 by Age 2,2020,94.76,3.19,3.9800000000000004,82.07
Z2.7.B.03,2023,MMR Dose 1 by Age 2,2021,85.15,4.800000000000001,0.7200000000000001,81.67
Z2.7.B.03,2014,MMR Dose 2 by Age 13,2001,94.80000000000001,2.27,1.34,91.76
Z2.7.B.03,2015,MMR Dose 2 by Age 13,2002,96.88000000000001,1.7400000000000002,2.99,91.68
Z2.7.B.03,2016,MMR Dose 2 by Age 13,2003,93.48,2.73,0.8500000000000001,91.18
Z2.7.B.03,2017,MMR Dose 2 by Age 13,2004,94.97,2.2800000000000002,1.54,91.45
Z2.7.B.03,2018,MMR Dose 2 by Age 13,2005,90.54,2.87,-0.28,91.34000000000002
Z2.7.B.03,2019,MMR Dose 2 by Age 13,2006,91.37,2.71,-0.03,91.46000000000001
Z2.7.B.03,2020,MMR Dose 2 by Age 13,2007,96.71000000000001,1.6400000000000001,3.49,91.01
Z2.7.B.03,2021,MMR Dose 2 by Age 13,2008,93.23,2.4800000000000004,1.3800000000000001,89.81000000000002
Z2.7.B.03,2022,MMR Dose 2 by Age 13,2009,87.91000000000001,3.33,-0.5700000000000001,89.83000000000001
Z2.7.B.03,2023,MMR Dose 2 by Age 13,2010,93.84000000000002,2.3200000000000003,1.82,89.61000000000001
Z2.7.B.03,2014,MMR Dose 2 by Age 17,1997,91.21000000000001,3.07,-0.39,92.41000000000001
Z2.7.B.03,2015,MMR Dose 2 by Age 17,1998,88.36000000000001,3.63,-1.2100000000000002,92.75
Z2.7.B.03,2016,MMR Dose 2 by Age 17,1999,95.0,2.17,0.8300000000000001,93.22
Z2.7.B.03,2017,MMR Dose 2 by Age 17,2000,98.21000000000001,0.98,4.840000000000001,93.49000000000001
Z2.7.B.03,2018,MMR Dose 2 by Age 17,2001,96.57,1.61,1.9900000000000002,93.37
Z2.7.B.03,2019,MMR Dose 2 by Age 17,2002,98.31000000000002,1.05,4.53,93.56
Z2.7.B.03,2020,MMR Dose 2 by Age 17,2003,97.25,1.4000000000000001,2.1,94.32000000000001
Z2.7.B.03,2021,MMR Dose 2 by Age 17,2004,96.80000000000001,1.57,1.56,94.35000000000001
Z2.7.B.03,2022,MMR Dose 2 by Age 17,2005,95.17,1.83,0.8600000000000001,93.60000000000001
Z2.7.B.03,2023,MMR Dose 2 by Age 17,2006,93.34000000000002,2.2600000000000002,0.32000000000000006,92.62
Z2.7.B.03,2023,MMR Dose 2 by Age 2,2021,71.25,6.03,0.32000000000000006,69.32
Z2.7.B.03,2014,MMR Dose 2 by Age 7,2007,87.75,3.7600000000000002,1.9100000000000001,80.57
Z2.7.B.03,2015,MMR Dose 2 by Age 7,2008,85.58,3.8200000000000003,1.12,81.30000000000001
Z2.7.B.03,2016,MMR Dose 2 by Age 7,2009,80.66000000000001,4.06,-0.36000000000000004,82.10000000000001
Z2.7.B.03,2017,MMR Dose 2 by Age 7,2010,86.99000000000001,3.4400000000000004,1.56,81.63000000000001
Z2.7.B.03,2018,MMR Dose 2 by Age 7,2011,81.14000000000001,4.26,0.02,81.08
Z2.7.B.03,2019,MMR Dose 2 by Age 7,2012,86.68,3.8600000000000003,1.2900000000000003,81.72
Z2.7.B.03,2020,MMR Dose 2 by Age 7,2013,83.06,4.26,1.2800000000000002,77.60000000000001
Z2.7.B.03,2021,MMR Dose 2 by Age 7,2014,80.92,4.78,1.2900000000000003,74.73
Z2.7.B.03,2022,MMR Dose 2 by Age 7,2015,81.96000000000001,4.35,1.81,74.08
Z2.7.B.03,2023,MMR Dose 2 by Age 7,2016,81.5,4.470000000000001,1.9800000000000002,72.63000000000001
Z3.1.A.01,2014,MMR Dose 1 by Age 13,2001,87.09,2.07,-4.49,96.38000000000001
Z3.1.A.01,2015,MMR Dose 1 by Age 13,2002,89.97,1.7200000000000002,-3.8000000000000003,96.51
Z3.1.A.01,2016,MMR Dose 1 by Age 13,2003,91.88000000000001,1.6500000000000001,-2.91,96.66000000000001
Z3.1.A.01,2017,MMR Dose 1 by Age 13,2004,91.67,1.7000000000000002,-3.1,96.92
Z3.1.A.01,2018,MMR Dose 1 by Age 13,2005,91.81000000000002,1.6700000000000002,-3.16,97.09
Z3.1.A.01,2019,MMR Dose 1 by Age 13,2006,88.59,1.82,-4.53,96.81000000000002
Z3.1.A.01,2020,MMR Dose 1 by Age 13,2007,91.07,1.6600000000000001,-3.15,96.30000000000001
Z3.1.A.01,2021,MMR Dose 1 by Age 13,2008,86.97,1.9700000000000002,-4.4,95.64000000000001
Z3.1.A.01,2022,MMR Dose 1 by Age 13,2009,89.83000000000001,1.6600000000000001,-3.27,95.25
Z3.1.A.01,2023,MMR Dose 1 by Age 13,2010,81.76,2.24,-5.880000000000001,94.95
Z3.1.A.01,2014,MMR Dose 1 by Age 17,1997,90.98,1.6700000000000002,-3.15,96.23
Z3.1.A.01,2015,MMR Dose 1 by Age 17,1998,86.75,2.07,-4.72,96.51
Z3.1.A.01,2016,MMR Dose 1 by Age 17,1999,88.53,1.82,-4.51,96.71000000000001
Z3.1.A.01,2017,MMR Dose 1 by Age 17,2000,89.85000000000001,1.84,-3.8600000000000003,96.94000000000001
Z3.1.A.01,2018,MMR Dose 1 by Age 17,2001,88.76,1.9300000000000002,-4.2700000000000005,97.03
Z3.1.A.01,2019,MMR Dose 1 by Age 17,2002,90.64000000000001,1.6500000000000001,-3.99,97.22
Z3.1.A.01,2020,MMR Dose 1 by Age 17,2003,93.4,1.5,-2.89,97.75
Z3.1.A.01,2021,MMR Dose 1 by Age 17,2004,91.98,1.6600000000000001,-3.52,97.84000000000002
Z3.1.A.01,2022,MMR Dose 1 by Age 17,2005,92.67,1.6,-3.22,97.83000000000001
Z3.1.A.01,2023,MMR Dose 1 by Age 17,2006,88.86000000000001,1.7900000000000003,-4.69,97.27
Z3.1.A.01,2014,MMR Dose 1 by Age 2,2012,76.35,2.5,-4.680000000000001,88.05
Z3.1.A.01,2015,MMR Dose 1 by Age 2,2013,76.45,2.59,-4.12,87.11000000000001
Z3.1.A.01,2016,MMR Dose 1 by Age 2,2014,76.36999999999999,2.4800000000000004,-4.4,87.29
Z3.1.A.01,2017,MMR Dose 1 by Age 2,2015,80.31000000000002,2.4400000000000004,-2.7600000000000002,87.05
Z3.1.A.01,2018,MMR Dose 1 by Age 2,2016,78.21000000000001,2.71,-3.14,86.73
Z3.1.A.01,2019,MMR Dose 1 by Age 2,2017,75.23,2.75,-4.2700000000000005,86.96000000000001
Z3.1.A.01,2020,MMR Dose 1 by Age 2,2018,74.68,2.7600000000000002,-4.34,86.65
Z3.1.A.01,2021,MMR Dose 1 by Age 2,2019,74.07,2.87,-3.18,83.2
Z3.1.A.01,2022,MMR Dose 1 by Age 2,2020,66.56,3.07,-5.04,82.07
Z3.1.A.01,2023,MMR Dose 1 by Age 2,2021,71.57,3.07,-3.29,81.67
Z3.1.A.01,2014,MMR Dose 2 by Age 13,2001,79.99000000000001,2.45,-4.8100000000000005,91.76
Z3.1.A.01,2015,MMR Dose 2 by Age 13,2002,84.35000000000001,2.14,-3.43,91.68
Z3.1.A.01,2016,MMR Dose 2 by Age 13,2003,83.4,2.24,-3.47,91.18
Z3.1.A.01,2017,MMR Dose 2 by Age 13,2004,86.52,2.01,-2.4600000000000004,91.45
Z3.1.A.01,2018,MMR Dose 2 by Age 13,2005,84.07,2.19,-3.3200000000000003,91.34000000000002
Z3.1.A.01,2019,MMR Dose 2 by Age 13,2006,83.02,2.08,-4.05,91.46000000000001
Z3.1.A.01,2020,MMR Dose 2 by Age 13,2007,85.68,1.9800000000000002,-2.7,91.01
Z3.1.A.01,2021,MMR Dose 2 by Age 13,2008,79.49000000000001,2.3400000000000003,-4.41,89.81000000000002
Z3.1.A.01,2022,MMR Dose 2 by Age 13,2009,84.28,2.07,-2.68,89.83000000000001
Z3.1.A.01,2023,MMR Dose 2 by Age 13,2010,72.21000000000001,2.61,-6.66,89.61000000000001
Z3.1.A.01,2014,MMR Dose 2 by Age 17,1997,85.74000000000001,2.03,-3.2800000000000002,92.41000000000001
Z3.1.A.01,2015,MMR Dose 2 by Age 17,1998,85.87,2.07,-3.33,92.75
Z3.1.A.01,2016,MMR Dose 2 by Age 17,1999,82.86000000000001,2.19,-4.72,93.22
Z3.1.A.01,2017,MMR Dose 2 by Age 17,2000,84.24000000000001,2.2,-4.21,93.49000000000001
Z3.1.A.01,2018,MMR Dose 2 by Age 17,2001,82.55,2.3200000000000003,-4.670000000000001,93.37
Z3.1.A.01,2019,MMR Dose 2 by Age 17,2002,86.02,2.02,-3.74,93.56
Z3.1.A.01,2020,MMR Dose 2 by Age 17,2003,87.4,2.03,-3.41,94.32000000000001
Z3.1.A.01,2021,MMR Dose 2 by Age 17,2004,88.09,1.8900000000000001,-3.3000000000000003,94.35000000000001
Z3.1.A.01,2022,MMR Dose 2 by Age 17,2005,86.28,2.06,-3.55,93.60000000000001
Z3.1.A.01,2023,MMR Dose 2 by Age 17,2006,84.11000000000001,2.02,-4.22,92.62
Z3.1.A.01,2023,MMR Dose 2 by Age 2,2021,48.160000000000004,3.3600000000000003,-6.300000000000001,69.32
Z3.1.A.01,2014,MMR Dose 2 by Age 7,2007,73.75,2.52,-2.71,80.57
Z3.1.A.01,2015,MMR Dose 2 by Age 7,2008,67.73,2.72,-4.99,81.30000000000001
Z3.1.A.01,2016,MMR Dose 2 by Age 7,2009,74.04,2.47,-3.2600000000000002,82.10000000000001
Z3.1.A.01,2017,MMR Dose 2 by Age 7,2010,63.470000000000006,2.7800000000000002,-6.54,81.63000000000001
Z3.1.A.01,2018,MMR Dose 2 by Age 7,2011,70.97,2.7,-3.74,81.08
Z3.1.A.01,2019,MMR Dose 2 by Age 7,2012,72.99000000000001,2.56,-3.41,81.72
Z3.1.A.01,2020,MMR Dose 2 by Age 7,2013,69.01,2.83,-3.04,77.60000000000001
Z3.1.A.01,2021,MMR Dose 2 by Age 7,2014,70.21000000000001,2.74,-1.6500000000000001,74.73
Z3.1.A.01,2022,MMR Dose 2 by Age 7,2015,71.12,2.79,-1.06,74.08
Z3.1.A.01,2023,MMR Dose 2 by Age 7,2016,61.38,3.07,-3.67,72.63000000000001
Z3.1.B.02,2014,MMR Dose 1 by Age 13,2001,96.64000000000001,1.12,0.23,96.38000000000001
Z3.1.B.02,2015,MMR Dose 1 by Age 13,2002,96.61000000000001,1.09,0.09,96.51
Z3.1.B.02,2016,MMR Dose 1 by Age 13,2003,94.10000000000001,1.54,-1.6600000000000001,96.66000000000001
Z3.1.B.02,2017,MMR Dose 1 by Age 13,2004,96.4,1.2100000000000002,-0.44,96.92
Z3.1.B.02,2018,MMR Dose 1 by Age 13,2005,93.95,1.4900000000000002,-2.11,97.09
Z3.1.B.02,2019,MMR Dose 1 by Age 13,2006,96.44000000000001,1.06,-0.35000000000000003,96.81000000000002
Z3.1.B.02,2020,MMR Dose 1 by Age 13,2007,93.38000000000001,1.56,-1.87,96.30000000000001
Z3.1.B.02,2021,MMR Dose 1 by Age 13,2008,92.62,1.54,-1.9600000000000002,95.64000000000001
Z3.1.B.02,2022,MMR Dose 1 by Age 13,2009,95.14000000000001,1.31,-0.09,95.25
Z3.1.B.02,2023,MMR Dose 1 by Age 13,2010,92.5,1.62,-1.51,94.95
Z3.1.B.02,2014,MMR Dose 1 by Age 17,1997,94.82000000000001,1.53,-0.92,96.23
Z3.1.B.02,2015,MMR Dose 1 by Age 17,1998,95.9,1.2200000000000002,-0.5,96.51
Z3.1.B.02,2016,MMR Dose 1 by Age 17,1999,94.73,1.52,-1.3,96.71000000000001
Z3.1.B.02,2017,MMR Dose 1 by Age 17,2000,95.78,1.4500000000000002,-0.8,96.94000000000001
Z3.1.B.02,2018,MMR Dose 1 by Age 17,2001,96.64000000000001,1.12,-0.34,97.03
Z3.1.B.02,2019,MMR Dose 1 by Age 17,2002,96.78,1.05,-0.42000000000000004,97.22
Z3.1.B.02,2020,MMR Dose 1 by Age 17,2003,94.36000000000001,1.5,-2.2600000000000002,97.75
Z3.1.B.02,2021,MMR Dose 1 by Age 17,2004,96.4,1.2100000000000002,-1.2000000000000002,97.84000000000002
Z3.1.B.02,2022,MMR Dose 1 by Age 17,2005,94.96000000000001,1.35,-2.12,97.83000000000001
Z3.1.B.02,2023,MMR Dose 1 by Age 17,2006,96.7,1.01,-0.56,97.27
Z3.1.B.02,2014,MMR Dose 1 by Age 2,2012,88.14000000000001,1.9600000000000002,0.05,88.05
Z3.1.B.02,2015,MMR Dose 1 by Age 2,2013,86.02,2.23,-0.49,87.11000000000001
Z3.1.B.02,2016,MMR Dose 1 by Age 2,2014,88.5,1.9700000000000002,0.6100000000000001,87.29
Z3.1.B.02,2017,MMR Dose 1 by Age 2,2015,85.66000000000001,2.22,-0.6300000000000001,87.05
Z3.1.B.02,2018,MMR Dose 1 by Age 2,2016,88.0,2.13,0.6000000000000001,86.73
Z3.1.B.02,2019,MMR Dose 1 by Age 2,2017,85.58,2.41,-0.5700000000000001,86.96000000000001
Z3.1.B.02,2020,MMR Dose 1 by Age 2,2018,84.29,2.4800000000000004,-0.9500000000000001,86.65
Z3.1.B.02,2021,MMR Dose 1 by Age 2,2019,84.19000000000001,2.57,0.39,83.2
Z3.1.B.02,2022,MMR Dose 1 by Age 2,2020,74.47,3.3800000000000003,-2.25,82.07
Z3.1.B.02,2023,MMR Dose 1 by Age 2,2021,77.35000000000001,3.15,-1.37,81.67
Z3.1.B.02,2014,MMR Dose 2 by Age 13,2001,88.17,2.12,-1.7000000000000002,91.76
Z3.1.B.02,2015,MMR Dose 2 by Age 13,2002,86.97,2.2600000000000002,-2.08,91.68
Z3.1.B.02,2016,MMR Dose 2 by Age 13,2003,89.10000000000001,2.02,-1.03,91.18
Z3.1.B.02,2017,MMR Dose 2 by Age 13,2004,88.39000000000001,2.13,-1.4400000000000002,91.45
Z3.1.B.02,2018,MMR Dose 2 by Age 13,2005,87.53,2.03,-1.87,91.34000000000002
Z3.1.B.02,2019,MMR Dose 2 by Age 13,2006,89.65,1.8900000000000001,-0.96,91.46000000000001
Z3.1.B.02,2020,MMR Dose 2 by Age 13,2007,87.99000000000001,2.02,-1.4900000000000002,91.01
Z3.1.B.02,2021,MMR Dose 2 by Age 13,2008,85.26,2.12,-2.15,89.81000000000002
Z3.1.B.02,2022,MMR Dose 2 by Age 13,2009,89.99000000000001,1.7700000000000002,0.09,89.83000000000001
Z3.1.B.02,2023,MMR Dose 2 by Age 13,2010,81.73,2.5,-3.15,89.61000000000001
Z3.1.B.02,2014,MMR Dose 2 by Age 17,1997,91.33000000000001,1.9000000000000001,-0.5700000000000001,92.41000000000001
Z3.1.B.02,2015,MMR Dose 2 by Age 17,1998,91.72,1.7900000000000003,-0.58,92.75
Z3.1.B.02,2016,MMR Dose 2 by Age 17,1999,91.05,1.7700000000000002,-1.2200000000000002,93.22
Z3.1.B.02,2017,MMR Dose 2 by Age 17,2000,92.89000000000001,1.7500000000000002,-0.35000000000000003,93.49000000000001
Z3.1.B.02,2018,MMR Dose 2 by Age 17,2001,89.9,1.9500000000000002,-1.7800000000000002,93.37
Z3.1.B.02,2019,MMR Dose 2 by Age 17,2002,90.39000000000001,1.9300000000000002,-1.6400000000000001,93.56
Z3.1.B.02,2020,MMR Dose 2 by Age 17,2003,89.89000000000001,1.9500000000000002,-2.27,94.32000000000001
Z3.1.B.02,2021,MMR Dose 2 by Age 17,2004,90.34000000000002,1.9800000000000002,-2.02,94.35000000000001
Z3.1.B.02,2022,MMR Dose 2 by Age 17,2005,88.72,1.9500000000000002,-2.5,93.60000000000001
Z3.1.B.02,2023,MMR Dose 2 by Age 17,2006,91.13000000000001,1.7600000000000002,-0.8500000000000001,92.62
Z3.1.B.02,2023,MMR Dose 2 by Age 2,2021,60.32000000000001,3.64,-2.47,69.32
Z3.1.B.02,2014,MMR Dose 2 by Age 7,2007,79.25,2.58,-0.51,80.57
Z3.1.B.02,2015,MMR Dose 2 by Age 7,2008,77.69000000000001,2.47,-1.4600000000000002,81.30000000000001
Z3.1.B.02,2016,MMR Dose 2 by Age 7,2009,81.45,2.3800000000000003,-0.28,82.10000000000001
Z3.1.B.02,2017,MMR Dose 2 by Age 7,2010,72.39,2.8800000000000003,-3.21,81.63000000000001
Z3.1.B.02,2018,MMR Dose 2 by Age 7,2011,77.2,2.67,-1.4500000000000002,81.08
Z3.1.B.02,2019,MMR Dose 2 by Age 7,2012,80.02,2.45,-0.6900000000000001,81.72
Z3.1.B.02,2020,MMR Dose 2 by Age 7,2013,75.26,2.75,-0.8500000000000001,77.60000000000001
Z3.1.B.02,2021,MMR Dose 2 by Age 7,2014,80.23,2.4600000000000004,2.23,74.73
Z3.1.B.02,2022,MMR Dose 2 by Age 7,2015,74.29,2.83,0.07,74.08
Z3.1.B.02,2023,MMR Dose 2 by Age 7,2016,75.39,2.73,1.01,72.63000000000001
Z3.2.A.01,2014,MMR Dose 1 by Age 13,2001,90.66000000000001,3.72,-1.54,96.38000000000001
Z3.2.A.01,2015,MMR Dose 1 by Age 13,2002,95.72,2.12,-0.37000000000000005,96.51
Z3.2.A.01,2016,MMR Dose 1 by Age 13,2003,97.93,1.7200000000000002,0.7400000000000001,96.66000000000001
Z3.2.A.01,2017,MMR Dose 1 by Age 13,2004,97.66000000000001,1.6600000000000001,0.45,96.92
Z3.2.A.01,2018,MMR Dose 1 by Age 13,2005,97.93,1.6400000000000001,0.51,97.09
Z3.2.A.01,2019,MMR Dose 1 by Age 13,2006,97.21000000000001,1.7900000000000003,0.22,96.81000000000002
Z3.2.A.01,2020,MMR Dose 1 by Age 13,2007,96.72,2.0,0.21000000000000002,96.30000000000001
Z3.2.A.01,2021,MMR Dose 1 by Age 13,2008,96.82000000000001,1.9200000000000002,0.6200000000000001,95.64000000000001
Z3.2.A.01,2022,MMR Dose 1 by Age 13,2009,94.92,2.58,-0.13,95.25
Z3.2.A.01,2023,MMR Dose 1 by Age 13,2010,94.59,2.57,-0.14,94.95
Z3.2.A.01,2014,MMR Dose 1 by Age 17,1997,93.61000000000001,3.0,-0.8700000000000001,96.23
Z3.2.A.01,2015,MMR Dose 1 by Age 17,1998,97.53,1.82,0.56,96.51
Z3.2.A.01,2016,MMR Dose 1 by Age 17,1999,97.06,1.7700000000000002,0.2,96.71000000000001
Z3.2.A.01,2017,MMR Dose 1 by Age 17,2000,97.87,1.7500000000000002,0.53,96.94000000000001
Z3.2.A.01,2018,MMR Dose 1 by Age 17,2001,92.35000000000001,3.41,-1.37,97.03
Z3.2.A.01,2019,MMR Dose 1 by Age 17,2002,96.29,1.9100000000000001,-0.49,97.22
Z3.2.A.01,2020,MMR Dose 1 by Age 17,2003,98.39000000000001,1.4000000000000001,0.46,97.75
Z3.2.A.01,2021,MMR Dose 1 by Age 17,2004,97.66000000000001,1.6600000000000001,-0.11,97.84000000000002
Z3.2.A.01,2022,MMR Dose 1 by Age 17,2005,97.93,1.6400000000000001,0.06,97.83000000000001
Z3.2.A.01,2023,MMR Dose 1 by Age 17,2006,97.72,1.54,0.29000000000000004,97.27
Z3.2.A.01,2014,MMR Dose 1 by Age 2,2012,87.85000000000001,3.87,-0.05,88.05
Z3.2.A.01,2015,MMR Dose 1 by Age 2,2013,86.60000000000001,4.74,-0.11,87.11000000000001
Z3.2.A.01,2016,MMR Dose 1 by Age 2,2014,88.57,3.8800000000000003,0.33000000000000007,87.29
Z3.2.A.01,2017,MMR Dose 1 by Age 2,2015,83.96000000000001,4.98,-0.6200000000000001,87.05
Z3.2.A.01,2018,MMR Dose 1 by Age 2,2016,94.80000000000001,3.12,2.58,86.73
Z3.2.A.01,2019,MMR Dose 1 by Age 2,2017,85.4,4.91,-0.32000000000000006,86.96000000000001
Z3.2.A.01,2020,MMR Dose 1 by Age 2,2018,82.01,5.36,-0.8700000000000001,86.65
Z3.2.A.01,2021,MMR Dose 1 by Age 2,2019,74.21000000000001,5.7700000000000005,-1.56,83.2
Z3.2.A.01,2022,MMR Dose 1 by Age 2,2020,80.0,5.430000000000001,-0.38000000000000006,82.07
Z3.2.A.01,2023,MMR Dose 1 by Age 2,2021,73.75,5.8100000000000005,-1.36,81.67
Z3.2.A.01,2014,MMR Dose 2 by Age 13,2001,81.04,4.73,-2.27,91.76
Z3.2.A.01,2015,MMR Dose 2 by Age 13,2002,91.61000000000001,2.8000000000000003,-0.02,91.68
Z3.2.A.01,2016,MMR Dose 2 by Age 13,2003,93.33000000000001,2.81,0.77,91.18
Z3.2.A.01,2017,MMR Dose 2 by Age 13,2004,94.11000000000001,2.65,1.0,91.45
Z3.2.A.01,2018,MMR Dose 2 by Age 13,2005,92.28,2.9200000000000004,0.32000000000000006,91.34000000000002
Z3.2.A.01,2019,MMR Dose 2 by Age 13,2006,91.58,2.9200000000000004,0.04,91.46000000000001
Z3.2.A.01,2020,MMR Dose 2 by Age 13,2007,92.2,3.18,0.38000000000000006,91.01
Z3.2.A.01,2021,MMR Dose 2 by Age 13,2008,92.21000000000001,3.24,0.7400000000000001,89.81000000000002
Z3.2.A.01,2022,MMR Dose 2 by Age 13,2009,91.98,3.3800000000000003,0.6400000000000001,89.83000000000001
Z3.2.A.01,2023,MMR Dose 2 by Age 13,2010,90.62,3.1,0.33000000000000007,89.61000000000001
Z3.2.A.01,2014,MMR Dose 2 by Age 17,1997,86.01,4.41,-1.4500000000000002,92.41000000000001
Z3.2.A.01,2015,MMR Dose 2 by Age 17,1998,95.73,2.22,1.34,92.75
Z3.2.A.01,2016,MMR Dose 2 by Age 17,1999,94.39000000000001,2.4600000000000004,0.48000000000000004,93.22
Z3.2.A.01,2017,MMR Dose 2 by Age 17,2000,85.89000000000001,4.46,-1.7100000000000002,93.49000000000001
Z3.2.A.01,2018,MMR Dose 2 by Age 17,2001,85.98,4.2700000000000005,-1.7300000000000002,93.37
Z3.2.A.01,2019,MMR Dose 2 by Age 17,2002,93.48,2.3800000000000003,-0.04,93.56
Z3.2.A.01,2020,MMR Dose 2 by Age 17,2003,96.69000000000001,1.9400000000000002,1.2200000000000002,94.32000000000001
Z3.2.A.01,2021,MMR Dose 2 by Age 17,2004,94.81000000000002,2.43,0.19,94.35000000000001
Z3.2.A.01,2022,MMR Dose 2 by Age 17,2005,93.19000000000001,2.71,-0.15000000000000002,93.60000000000001
Z3.2.A.01,2023,MMR Dose 2 by Age 17,2006,92.92,2.61,0.12000000000000001,92.62
Z3.2.A.01,2023,MMR Dose 2 by Age 2,2021,58.370000000000005,6.28,-1.7400000000000002,69.32
Z3.2.A.01,2014,MMR Dose 2 by Age 7,2007,83.72,4.359999999999999,0.7200000000000001,80.57
Z3.2.A.01,2015,MMR Dose 2 by Age 7,2008,83.56,4.6000000000000005,0.49,81.30000000000001
Z3.2.A.01,2016,MMR Dose 2 by Age 7,2009,77.32000000000001,5.29,-0.9,82.10000000000001
Z3.2.A.01,2017,MMR Dose 2 by Age 7,2010,79.71000000000001,4.48,-0.43000000000000005,81.63000000000001
Z3.2.A.01,2018,MMR Dose 2 by Age 7,2011,82.45,4.76,0.29000000000000004,81.08
Z3.2.A.01,2019,MMR Dose 2 by Age 7,2012,85.2,3.99,0.8700000000000001,81.72
Z3.2.A.01,2020,MMR Dose 2 by Age 7,2013,75.33,5.390000000000001,-0.42000000000000004,77.60000000000001
Z3.2.A.01,2021,MMR Dose 2 by Age 7,2014,79.93,4.670000000000001,1.12,74.73
Z3.2.A.01,2022,MMR Dose 2 by Age 7,2015,67.02,6.11,-1.1600000000000001,74.08
Z3.2.A.01,2023,MMR Dose 2 by Age 7,2016,76.61000000000001,5.2700000000000005,0.76,72.63000000000001
Z3.2.A.02,2014,MMR Dose 1 by Age 13,2001,97.04,1.4000000000000001,0.47000000000000003,96.38000000000001
Z3.2.A.02,2015,MMR Dose 1 by Age 13,2002,94.64000000000001,2.08,-0.9,96.51
Z3.2.A.02,2016,MMR Dose 1 by Age 13,2003,95.2,1.7200000000000002,-0.8500000000000001,96.66000000000001
Z3.2.A.02,2017,MMR Dose 1 by Age 13,2004,90.99000000000001,2.71,-2.19,96.92
Z3.2.A.02,2018,MMR Dose 1 by Age 13,2005,95.65,1.84,-0.79,97.09
Z3.2.A.02,2019,MMR Dose 1 by Age 13,2006,94.83000000000001,1.84,-1.08,96.81000000000002
Z3.2.A.02,2020,MMR Dose 1 by Age 13,2007,94.59,1.9100000000000001,-0.9,96.30000000000001
Z3.2.A.02,2021,MMR Dose 1 by Age 13,2008,96.62,1.36,0.7200000000000001,95.64000000000001
Z3.2.A.02,2022,MMR Dose 1 by Age 13,2009,92.10000000000001,2.12,-1.4900000000000002,95.25
Z3.2.A.02,2023,MMR Dose 1 by Age 13,2010,90.81000000000002,2.63,-1.58,94.95
Z3.2.A.02,2014,MMR Dose 1 by Age 17,1997,94.22,2.21,-0.91,96.23
Z3.2.A.02,2015,MMR Dose 1 by Age 17,1998,94.23,2.2,-1.04,96.51
Z3.2.A.02,2016,MMR Dose 1 by Age 17,1999,96.4,1.58,-0.2,96.71000000000001
Z3.2.A.02,2017,MMR Dose 1 by Age 17,2000,94.13000000000001,2.17,-1.2900000000000003,96.94000000000001
Z3.2.A.02,2018,MMR Dose 1 by Age 17,2001,97.58,1.2000000000000002,0.46,97.03
Z3.2.A.02,2019,MMR Dose 1 by Age 17,2002,97.12,1.34,-0.07,97.22
Z3.2.A.02,2020,MMR Dose 1 by Age 17,2003,97.16000000000001,1.2200000000000002,-0.48000000000000004,97.75
Z3.2.A.02,2021,MMR Dose 1 by Age 17,2004,92.56,2.3800000000000003,-2.22,97.84000000000002
Z3.2.A.02,2022,MMR Dose 1 by Age 17,2005,96.11000000000001,1.7000000000000002,-1.01,97.83000000000001
Z3.2.A.02,2023,MMR Dose 1 by Age 17,2006,95.16000000000001,1.7500000000000002,-1.2100000000000002,97.27
Z3.2.A.02,2014,MMR Dose 1 by Age 2,2012,89.68,2.6,0.6300000000000001,88.05
Z3.2.A.02,2015,MMR Dose 1 by Age 2,2013,76.96000000000001,3.66,-2.77,87.11000000000001
Z3.2.A.02,2016,MMR Dose 1 by Age 2,2014,90.60000000000001,2.33,1.4200000000000002,87.29
Z3.2.A.02,2017,MMR Dose 1 by Age 2,2015,87.98,2.68,0.34,87.05
Z3.2.A.02,2018,MMR Dose 1 by Age 2,2016,87.73,2.9600000000000004,0.34,86.73
Z3.2.A.02,2019,MMR Dose 1 by Age 2,2017,84.38000000000001,3.16,-0.8200000000000001,86.96000000000001
Z3.2.A.02,2020,MMR Dose 1 by Age 2,2018,86.72,2.8600000000000003,0.03,86.65
Z3.2.A.02,2021,MMR Dose 1 by Age 2,2019,84.84000000000002,3.25,0.51,83.2
Z3.2.A.02,2022,MMR Dose 1 by Age 2,2020,79.86000000000001,4.2,-0.53,82.07
Z3.2.A.02,2023,MMR Dose 1 by Age 2,2021,79.47,3.91,-0.56,81.67
Z3.2.A.02,2014,MMR Dose 2 by Age 13,2001,86.84000000000002,3.15,-1.56,91.76
Z3.2.A.02,2015,MMR Dose 2 by Age 13,2002,86.69000000000001,2.9400000000000004,-1.7000000000000002,91.68
Z3.2.A.02,2016,MMR Dose 2 by Age 13,2003,82.58,3.33,-2.58,91.18
Z3.2.A.02,2017,MMR Dose 2 by Age 13,2004,86.19000000000001,2.9400000000000004,-1.7900000000000003,91.45
Z3.2.A.02,2018,MMR Dose 2 by Age 13,2005,87.48,2.8200000000000003,-1.37,91.34000000000002
Z3.2.A.02,2019,MMR Dose 2 by Age 13,2006,90.95,2.3200000000000003,-0.22,91.46000000000001
Z3.2.A.02,2020,MMR Dose 2 by Age 13,2007,86.74000000000001,2.8600000000000003,-1.4900000000000002,91.01
Z3.2.A.02,2021,MMR Dose 2 by Age 13,2008,92.44000000000001,1.9600000000000002,1.34,89.81000000000002
Z3.2.A.02,2022,MMR Dose 2 by Age 13,2009,79.36000000000001,3.4200000000000004,-3.06,89.83000000000001
Z3.2.A.02,2023,MMR Dose 2 by Age 13,2010,85.77,3.09,-1.2400000000000002,89.61000000000001
Z3.2.A.02,2014,MMR Dose 2 by Age 17,1997,88.75,2.8600000000000003,-1.2800000000000002,92.41000000000001
Z3.2.A.02,2015,MMR Dose 2 by Age 17,1998,92.69000000000001,2.35,-0.02,92.75
Z3.2.A.02,2016,MMR Dose 2 by Age 17,1999,94.35000000000001,1.86,0.6100000000000001,93.22
Z3.2.A.02,2017,MMR Dose 2 by Age 17,2000,85.69000000000001,3.03,-2.58,93.49000000000001
Z3.2.A.02,2018,MMR Dose 2 by Age 17,2001,88.26,2.97,-1.7200000000000002,93.37
Z3.2.A.02,2019,MMR Dose 2 by Age 17,2002,91.29,2.33,-0.98,93.56
Z3.2.A.02,2020,MMR Dose 2 by Age 17,2003,86.84000000000002,2.9400000000000004,-2.54,94.32000000000001
Z3.2.A.02,2021,MMR Dose 2 by Age 17,2004,89.47,2.53,-1.9300000000000002,94.35000000000001
Z3.2.A.02,2022,MMR Dose 2 by Age 17,2005,90.56,2.4400000000000004,-1.2500000000000002,93.60000000000001
Z3.2.A.02,2023,MMR Dose 2 by Age 17,2006,92.26,2.11,-0.17,92.62
Z3.2.A.02,2023,MMR Dose 2 by Age 2,2021,67.41000000000001,4.470000000000001,-0.43000000000000005,69.32
Z3.2.A.02,2014,MMR Dose 2 by Age 7,2007,74.92,3.72,-1.52,80.57
Z3.2.A.02,2015,MMR Dose 2 by Age 7,2008,86.21000000000001,2.65,1.85,81.30000000000001
Z3.2.A.02,2016,MMR Dose 2 by Age 7,2009,71.51,3.79,-2.79,82.10000000000001
Z3.2.A.02,2017,MMR Dose 2 by Age 7,2010,78.68,3.62,-0.8200000000000001,81.63000000000001
Z3.2.A.02,2018,MMR Dose 2 by Age 7,2011,77.46000000000001,3.37,-1.07,81.08
Z3.2.A.02,2019,MMR Dose 2 by Age 7,2012,85.24000000000001,2.93,1.2000000000000002,81.72
Z3.2.A.02,2020,MMR Dose 2 by Age 7,2013,71.64000000000001,3.73,-1.6,77.60000000000001
Z3.2.A.02,2021,MMR Dose 2 by Age 7,2014,81.02,3.15,2.0,74.73
Z3.2.A.02,2022,MMR Dose 2 by Age 7,2015,75.04,3.66,0.26,74.08
Z3.2.A.02,2023,MMR Dose 2 by Age 7,2016,76.42,3.47,1.09,72.63000000000001
Z3.2.B.03,2014,MMR Dose 1 by Age 13,2001,94.29,1.6500000000000001,-1.2600000000000002,96.38000000000001
Z3.2.B.03,2015,MMR Dose 1 by Age 13,2002,95.77,1.62,-0.46,96.51
Z3.2.B.03,2016,MMR Dose 1 by Age 13,2003,91.32000000000001,2.03,-2.62,96.66000000000001
Z3.2.B.03,2017,MMR Dose 1 by Age 13,2004,95.67,1.4800000000000002,-0.8500000000000001,96.92
Z3.2.B.03,2018,MMR Dose 1 by Age 13,2005,91.79,2.19,-2.4200000000000004,97.09
Z3.2.B.03,2019,MMR Dose 1 by Age 13,2006,95.96000000000001,1.3,-0.6600000000000001,96.81000000000002
Z3.2.B.03,2020,MMR Dose 1 by Age 13,2007,95.51,1.4200000000000002,-0.56,96.30000000000001
Z3.2.B.03,2021,MMR Dose 1 by Age 13,2008,92.12,2.05,-1.7200000000000002,95.64000000000001
Z3.2.B.03,2022,MMR Dose 1 by Age 13,2009,92.7,1.9300000000000002,-1.33,95.25
Z3.2.B.03,2023,MMR Dose 1 by Age 13,2010,92.16000000000001,2.05,-1.37,94.95
Z3.2.B.03,2014,MMR Dose 1 by Age 17,1997,96.53,1.2600000000000002,0.24000000000000002,96.23
Z3.2.B.03,2015,MMR Dose 1 by Age 17,1998,94.9,1.58,-1.02,96.51
Z3.2.B.03,2016,MMR Dose 1 by Age 17,1999,94.16000000000001,1.6900000000000002,-1.5,96.71000000000001
Z3.2.B.03,2017,MMR Dose 1 by Age 17,2000,95.34000000000002,1.62,-0.98,96.94000000000001
Z3.2.B.03,2018,MMR Dose 1 by Age 17,2001,94.99000000000001,1.52,-1.34,97.03
Z3.2.B.03,2019,MMR Dose 1 by Age 17,2002,96.5,1.4200000000000002,-0.5,97.22
Z3.2.B.03,2020,MMR Dose 1 by Age 17,2003,92.51,1.87,-2.8000000000000003,97.75
Z3.2.B.03,2021,MMR Dose 1 by Age 17,2004,96.36000000000001,1.32,-1.12,97.84000000000002
Z3.2.B.03,2022,MMR Dose 1 by Age 17,2005,92.75,2.04,-2.49,97.83000000000001
Z3.2.B.03,2023,MMR Dose 1 by Age 17,2006,96.26,1.2300000000000002,-0.8200000000000001,97.27
Z3.2.B.03,2014,MMR Dose 1 by Age 2,2012,86.61000000000001,2.83,-0.51,88.05
Z3.2.B.03,2015,MMR Dose 1 by Age 2,2013,88.46000000000001,2.73,0.49,87.11000000000001
Z3.2.B.03,2016,MMR Dose 1 by Age 2,2014,83.7,2.81,-1.2800000000000002,87.29
Z3.2.B.03,2017,MMR Dose 1 by Age 2,2015,84.77,2.8400000000000003,-0.81,87.05
Z3.2.B.03,2018,MMR Dose 1 by Age 2,2016,84.06,2.8000000000000003,-0.9500000000000001,86.73
Z3.2.B.03,2019,MMR Dose 1 by Age 2,2017,79.83000000000001,3.19,-2.23,86.96000000000001
Z3.2.B.03,2020,MMR Dose 1 by Age 2,2018,85.05,3.07,-0.52,86.65
Z3.2.B.03,2021,MMR Dose 1 by Age 2,2019,79.95,3.69,-0.88,83.2
Z3.2.B.03,2022,MMR Dose 1 by Age 2,2020,78.57,3.4800000000000004,-1.0,82.07
Z3.2.B.03,2023,MMR Dose 1 by Age 2,2021,74.33,4.01,-1.83,81.67
Z3.2.B.03,2014,MMR Dose 2 by Age 13,2001,83.35000000000001,2.77,-3.04,91.76
Z3.2.B.03,2015,MMR Dose 2 by Age 13,2002,91.9,1.9400000000000002,0.12000000000000001,91.68
Z3.2.B.03,2016,MMR Dose 2 by Age 13,2003,86.41000000000001,2.4600000000000004,-1.9400000000000002,91.18
Z3.2.B.03,2017,MMR Dose 2 by Age 13,2004,91.54,1.9300000000000002,0.04,91.45
Z3.2.B.03,2018,MMR Dose 2 by Age 13,2005,84.11000000000001,2.7800000000000002,-2.6,91.34000000000002
Z3.2.B.03,2019,MMR Dose 2 by Age 13,2006,87.45,2.41,-1.6600000000000001,91.46000000000001
Z3.2.B.03,2020,MMR Dose 2 by Age 13,2007,86.18,2.47,-1.9500000000000002,91.01
Z3.2.B.03,2021,MMR Dose 2 by Age 13,2008,83.88000000000001,2.69,-2.21,89.81000000000002
Z3.2.B.03,2022,MMR Dose 2 by Age 13,2009,89.62,2.14,-0.1,89.83000000000001
Z3.2.B.03,2023,MMR Dose 2 by Age 13,2010,86.55,2.55,-1.2000000000000002,89.61000000000001
Z3.2.B.03,2014,MMR Dose 2 by Age 17,1997,92.23,1.8,-0.1,92.41000000000001
Z3.2.B.03,2015,MMR Dose 2 by Age 17,1998,90.21000000000001,2.23,-1.1400000000000001,92.75
Z3.2.B.03,2016,MMR Dose 2 by Age 17,1999,89.81000000000002,1.9800000000000002,-1.7200000000000002,93.22
Z3.2.B.03,2017,MMR Dose 2 by Age 17,2000,93.05,1.85,-0.24000000000000002,93.49000000000001
Z3.2.B.03,2018,MMR Dose 2 by Age 17,2001,87.76,2.39,-2.3400000000000003,93.37
Z3.2.B.03,2019,MMR Dose 2 by Age 17,2002,94.34000000000002,1.59,0.49,93.56
Z3.2.B.03,2020,MMR Dose 2 by Age 17,2003,88.51,2.25,-2.59,94.32000000000001
Z3.2.B.03,2021,MMR Dose 2 by Age 17,2004,92.7,1.7700000000000002,-0.93,94.35000000000001
Z3.2.B.03,2022,MMR Dose 2 by Age 17,2005,85.82000000000001,2.65,-2.93,93.60000000000001
Z3.2.B.03,2023,MMR Dose 2 by Age 17,2006,88.52,2.3200000000000003,-1.7700000000000002,92.62
Z3.2.B.03,2023,MMR Dose 2 by Age 2,2021,63.970000000000006,4.22,-1.2700000000000002,69.32
Z3.2.B.03,2014,MMR Dose 2 by Age 7,2007,77.39000000000001,2.97,-1.07,80.57
Z3.2.B.03,2015,MMR Dose 2 by Age 7,2008,73.84,3.24,-2.31,81.30000000000001
Z3.2.B.03,2016,MMR Dose 2 by Age 7,2009,83.35000000000001,2.7,0.46,82.10000000000001
Z3.2.B.03,2017,MMR Dose 2 by Age 7,2010,78.15,3.09,-1.1300000000000001,81.63000000000001
Z3.2.B.03,2018,MMR Dose 2 by Age 7,2011,76.86000000000001,2.9800000000000004,-1.4200000000000002,81.08
Z3.2.B.03,2019,MMR Dose 2 by Age 7,2012,82.87,2.9000000000000004,0.39,81.72
Z3.2.B.03,2020,MMR Dose 2 by Age 7,2013,77.57,3.4000000000000004,-0.01,77.60000000000001
Z3.2.B.03,2021,MMR Dose 2 by Age 7,2014,75.36,3.27,0.19,74.73
Z3.2.B.03,2022,MMR Dose 2 by Age 7,2015,77.26,3.18,1.0,74.08
Z3.2.B.03,2023,MMR Dose 2 by Age 7,2016,67.92,3.41,-1.3800000000000001,72.63000000000001
Z3.2.C.04,2014,MMR Dose 1 by Age 13,2001,91.96000000000001,1.8,-2.45,96.38000000000001
Z3.2.C.04,2015,MMR Dose 1 by Age 13,2002,92.7,1.6,-2.37,96.51
Z3.2.C.04,2016,MMR Dose 1 by Age 13,2003,95.71000000000001,1.06,-0.89,96.66000000000001
Z3.2.C.04,2017,MMR Dose 1 by Age 13,2004,94.64000000000001,1.3900000000000001,-1.6400000000000001,96.92
Z3.2.C.04,2018,MMR Dose 1 by Age 13,2005,94.03,1.36,-2.2600000000000002,97.09
Z3.2.C.04,2019,MMR Dose 1 by Age 13,2006,95.71000000000001,1.11,-1.0,96.81000000000002
Z3.2.C.04,2020,MMR Dose 1 by Age 13,2007,91.14000000000001,1.6300000000000001,-3.16,96.30000000000001
Z3.2.C.04,2021,MMR Dose 1 by Age 13,2008,90.24000000000001,1.6300000000000001,-3.31,95.64000000000001
Z3.2.C.04,2022,MMR Dose 1 by Age 13,2009,90.87,1.52,-2.8800000000000003,95.25
Z3.2.C.04,2023,MMR Dose 1 by Age 13,2010,88.61000000000001,1.7500000000000002,-3.63,94.95
Z3.2.C.04,2014,MMR Dose 1 by Age 17,1997,93.41000000000001,1.9000000000000001,-1.4800000000000002,96.23
Z3.2.C.04,2015,MMR Dose 1 by Age 17,1998,93.36000000000001,1.6500000000000001,-1.9000000000000001,96.51
Z3.2.C.04,2016,MMR Dose 1 by Age 17,1999,94.11000000000001,1.53,-1.7000000000000002,96.71000000000001
Z3.2.C.04,2017,MMR Dose 1 by Age 17,2000,95.91000000000001,1.2300000000000002,-0.8400000000000001,96.94000000000001
Z3.2.C.04,2018,MMR Dose 1 by Age 17,2001,91.96000000000001,1.8,-2.81,97.03
Z3.2.C.04,2019,MMR Dose 1 by Age 17,2002,93.55,1.4900000000000002,-2.4600000000000004,97.22
Z3.2.C.04,2020,MMR Dose 1 by Age 17,2003,96.34000000000002,0.9500000000000001,-1.4800000000000002,97.75
Z3.2.C.04,2021,MMR Dose 1 by Age 17,2004,95.14000000000001,1.3,-2.07,97.84000000000002
Z3.2.C.04,2022,MMR Dose 1 by Age 17,2005,94.5,1.2900000000000003,-2.58,97.83000000000001
Z3.2.C.04,2023,MMR Dose 1 by Age 17,2006,96.56,0.9500000000000001,-0.7500000000000001,97.27
Z3.2.C.04,2014,MMR Dose 1 by Age 2,2012,86.7,1.84,-0.7300000000000001,88.05
Z3.2.C.04,2015,MMR Dose 1 by Age 2,2013,84.4,1.83,-1.4800000000000002,87.11000000000001
Z3.2.C.04,2016,MMR Dose 1 by Age 2,2014,81.99000000000001,1.9500000000000002,-2.71,87.29
Z3.2.C.04,2017,MMR Dose 1 by Age 2,2015,82.05,1.8,-2.77,87.05
Z3.2.C.04,2018,MMR Dose 1 by Age 2,2016,81.66000000000001,1.85,-2.74,86.73
Z3.2.C.04,2019,MMR Dose 1 by Age 2,2017,82.06,1.8,-2.73,86.96000000000001
Z3.2.C.04,2020,MMR Dose 1 by Age 2,2018,84.91000000000001,1.82,-0.96,86.65
Z3.2.C.04,2021,MMR Dose 1 by Age 2,2019,80.19000000000001,2.05,-1.4600000000000002,83.2
Z3.2.C.04,2022,MMR Dose 1 by Age 2,2020,73.41000000000001,2.35,-3.69,82.07
Z3.2.C.04,2023,MMR Dose 1 by Age 2,2021,72.4,2.3600000000000003,-3.9200000000000004,81.67
Z3.2.C.04,2014,MMR Dose 2 by Age 13,2001,88.83000000000001,1.9400000000000002,-1.51,91.76
Z3.2.C.04,2015,MMR Dose 2 by Age 13,2002,88.80000000000001,1.8800000000000001,-1.53,91.68
Z3.2.C.04,2016,MMR Dose 2 by Age 13,2003,88.49000000000001,1.81,-1.4900000000000002,91.18
Z3.2.C.04,2017,MMR Dose 2 by Age 13,2004,92.81000000000002,1.4600000000000002,0.92,91.45
Z3.2.C.04,2018,MMR Dose 2 by Age 13,2005,87.59,1.82,-2.06,91.34000000000002
Z3.2.C.04,2019,MMR Dose 2 by Age 13,2006,89.31000000000002,1.6700000000000002,-1.2900000000000003,91.46000000000001
Z3.2.C.04,2020,MMR Dose 2 by Age 13,2007,84.09,2.0,-3.4600000000000004,91.01
Z3.2.C.04,2021,MMR Dose 2 by Age 13,2008,83.42,1.9500000000000002,-3.27,89.81000000000002
Z3.2.C.04,2022,MMR Dose 2 by Age 13,2009,87.15,1.7100000000000002,-1.56,89.83000000000001
Z3.2.C.04,2023,MMR Dose 2 by Age 13,2010,83.88000000000001,1.8900000000000001,-3.03,89.61000000000001
Z3.2.C.04,2014,MMR Dose 2 by Age 17,1997,93.47,1.6300000000000001,0.6500000000000001,92.41000000000001
Z3.2.C.04,2015,MMR Dose 2 by Age 17,1998,88.93,2.03,-1.8800000000000001,92.75
Z3.2.C.04,2016,MMR Dose 2 by Age 17,1999,92.95,1.57,-0.17,93.22
Z3.2.C.04,2017,MMR Dose 2 by Age 17,2000,92.39000000000001,1.52,-0.7200000000000001,93.49000000000001
Z3.2.C.04,2018,MMR Dose 2 by Age 17,2001,90.62,1.7900000000000003,-1.54,93.37
Z3.2.C.04,2019,MMR Dose 2 by Age 17,2002,91.46000000000001,1.61,-1.3,93.56
Z3.2.C.04,2020,MMR Dose 2 by Age 17,2003,90.94000000000001,1.58,-2.14,94.32000000000001
Z3.2.C.04,2021,MMR Dose 2 by Age 17,2004,94.24000000000001,1.2700000000000002,-0.09,94.35000000000001
Z3.2.C.04,2022,MMR Dose 2 by Age 17,2005,88.41000000000001,1.7600000000000002,-2.9400000000000004,93.60000000000001
Z3.2.C.04,2023,MMR Dose 2 by Age 17,2006,90.74000000000001,1.54,-1.2200000000000002,92.62
Z3.2.C.04,2023,MMR Dose 2 by Age 2,2021,55.370000000000005,2.58,-5.4,69.32
Z3.2.C.04,2014,MMR Dose 2 by Age 7,2007,74.10000000000001,2.3800000000000003,-2.72,80.57
Z3.2.C.04,2015,MMR Dose 2 by Age 7,2008,76.31,2.27,-2.2,81.30000000000001
Z3.2.C.04,2016,MMR Dose 2 by Age 7,2009,80.08,2.09,-0.97,82.10000000000001
Z3.2.C.04,2017,MMR Dose 2 by Age 7,2010,71.9,2.3400000000000003,-4.15,81.63000000000001
Z3.2.C.04,2018,MMR Dose 2 by Age 7,2011,75.2,2.13,-2.7600000000000002,81.08
Z3.2.C.04,2019,MMR Dose 2 by Age 7,2012,81.29,1.9200000000000002,-0.23,81.72
Z3.2.C.04,2020,MMR Dose 2 by Age 7,2013,74.18,2.08,-1.6500000000000001,77.60000000000001
Z3.2.C.04,2021,MMR Dose 2 by Age 7,2014,65.68,2.24,-4.05,74.73
Z3.2.C.04,2022,MMR Dose 2 by Age 7,2015,67.26,2.14,-3.19,74.08
Z3.2.C.04,2023,MMR Dose 2 by Age 7,2016,65.01,2.2600000000000002,-3.3800000000000003,72.63000000000001
Z3.2.C.05,2014,MMR Dose 1 by Age 13,2001,93.60000000000001,2.11,-1.32,96.38000000000001
Z3.2.C.05,2015,MMR Dose 1 by Age 13,2002,95.78,1.7500000000000002,-0.42000000000000004,96.51
Z3.2.C.05,2016,MMR Dose 1 by Age 13,2003,95.76,1.35,-0.6700000000000002,96.66000000000001
Z3.2.C.05,2017,MMR Dose 1 by Age 13,2004,94.58,1.6300000000000001,-1.4400000000000002,96.92
Z3.2.C.05,2018,MMR Dose 1 by Age 13,2005,93.93,1.7400000000000002,-1.82,97.09
Z3.2.C.05,2019,MMR Dose 1 by Age 13,2006,94.31000000000002,1.6800000000000002,-1.4900000000000002,96.81000000000002
Z3.2.C.05,2020,MMR Dose 1 by Age 13,2007,90.2,1.86,-3.29,96.30000000000001
Z3.2.C.05,2021,MMR Dose 1 by Age 13,2008,92.72,1.6300000000000001,-1.7900000000000003,95.64000000000001
Z3.2.C.05,2022,MMR Dose 1 by Age 13,2009,92.03,1.7800000000000002,-1.81,95.25
Z3.2.C.05,2023,MMR Dose 1 by Age 13,2010,88.49000000000001,1.9000000000000001,-3.41,94.95
Z3.2.C.05,2014,MMR Dose 1 by Age 17,1997,96.02,1.57,-0.13,96.23
Z3.2.C.05,2015,MMR Dose 1 by Age 17,1998,96.97,1.33,0.35000000000000003,96.51
Z3.2.C.05,2016,MMR Dose 1 by Age 17,1999,94.33000000000001,1.9100000000000001,-1.2500000000000002,96.71000000000001
Z3.2.C.05,2017,MMR Dose 1 by Age 17,2000,96.12,1.4100000000000001,-0.58,96.94000000000001
Z3.2.C.05,2018,MMR Dose 1 by Age 17,2001,94.2,1.9600000000000002,-1.4500000000000002,97.03
Z3.2.C.05,2019,MMR Dose 1 by Age 17,2002,95.78,1.7500000000000002,-0.8200000000000001,97.22
Z3.2.C.05,2020,MMR Dose 1 by Age 17,2003,96.17,1.2500000000000002,-1.2600000000000002,97.75
Z3.2.C.05,2021,MMR Dose 1 by Age 17,2004,95.51,1.4300000000000002,-1.6300000000000001,97.84000000000002
Z3.2.C.05,2022,MMR Dose 1 by Age 17,2005,94.35000000000001,1.6700000000000002,-2.08,97.83000000000001
Z3.2.C.05,2023,MMR Dose 1 by Age 17,2006,94.31000000000002,1.6800000000000002,-1.7600000000000002,97.27
Z3.2.C.05,2014,MMR Dose 1 by Age 2,2012,84.64000000000001,2.24,-1.52,88.05
Z3.2.C.05,2015,MMR Dose 1 by Age 2,2013,82.10000000000001,2.41,-2.08,87.11000000000001
Z3.2.C.05,2016,MMR Dose 1 by Age 2,2014,85.10000000000001,2.37,-0.93,87.29
Z3.2.C.05,2017,MMR Dose 1 by Age 2,2015,82.44000000000001,2.3400000000000003,-1.9700000000000002,87.05
Z3.2.C.05,2018,MMR Dose 1 by Age 2,2016,85.7,2.31,-0.45,86.73
Z3.2.C.05,2019,MMR Dose 1 by Age 2,2017,84.12,2.3800000000000003,-1.1900000000000002,86.96000000000001
Z3.2.C.05,2020,MMR Dose 1 by Age 2,2018,83.63000000000001,2.45,-1.2300000000000002,86.65
Z3.2.C.05,2021,MMR Dose 1 by Age 2,2019,82.55,2.68,-0.24000000000000002,83.2
Z3.2.C.05,2022,MMR Dose 1 by Age 2,2020,76.49000000000001,3.04,-1.83,82.07
Z3.2.C.05,2023,MMR Dose 1 by Age 2,2021,66.43,3.05,-5.0,81.67
Z3.2.C.05,2014,MMR Dose 2 by Age 13,2001,90.16000000000001,2.24,-0.7100000000000001,91.76
Z3.2.C.05,2015,MMR Dose 2 by Age 13,2002,91.82000000000001,2.13,0.07,91.68
Z3.2.C.05,2016,MMR Dose 2 by Age 13,2003,88.24000000000001,2.27,-1.2900000000000003,91.18
Z3.2.C.05,2017,MMR Dose 2 by Age 13,2004,87.07,2.35,-1.87,91.45
Z3.2.C.05,2018,MMR Dose 2 by Age 13,2005,89.66000000000001,2.01,-0.8400000000000001,91.34000000000002
Z3.2.C.05,2019,MMR Dose 2 by Age 13,2006,86.91000000000001,2.43,-1.8800000000000001,91.46000000000001
Z3.2.C.05,2020,MMR Dose 2 by Age 13,2007,84.05,2.24,-3.11,91.01
Z3.2.C.05,2021,MMR Dose 2 by Age 13,2008,81.84000000000002,2.41,-3.31,89.81000000000002
Z3.2.C.05,2022,MMR Dose 2 by Age 13,2009,86.75,2.14,-1.4400000000000002,89.83000000000001
Z3.2.C.05,2023,MMR Dose 2 by Age 13,2010,80.52,2.35,-3.87,89.61000000000001
Z3.2.C.05,2014,MMR Dose 2 by Age 17,1997,94.74000000000001,1.7600000000000002,1.33,92.41000000000001
Z3.2.C.05,2015,MMR Dose 2 by Age 17,1998,94.23,1.7200000000000002,0.8600000000000001,92.75
Z3.2.C.05,2016,MMR Dose 2 by Age 17,1999,93.36000000000001,1.6700000000000002,0.08,93.22
Z3.2.C.05,2017,MMR Dose 2 by Age 17,2000,89.36000000000001,2.29,-1.8,93.49000000000001
Z3.2.C.05,2018,MMR Dose 2 by Age 17,2001,92.83000000000001,1.8,-0.30000000000000004,93.37
Z3.2.C.05,2019,MMR Dose 2 by Age 17,2002,92.7,1.9900000000000002,-0.43000000000000005,93.56
Z3.2.C.05,2020,MMR Dose 2 by Age 17,2003,90.48,2.02,-1.9100000000000001,94.32000000000001
Z3.2.C.05,2021,MMR Dose 2 by Age 17,2004,89.78,2.07,-2.21,94.35000000000001
Z3.2.C.05,2022,MMR Dose 2 by Age 17,2005,92.25,1.7300000000000002,-0.78,93.60000000000001
Z3.2.C.05,2023,MMR Dose 2 by Age 17,2006,89.10000000000001,2.21,-1.59,92.62
Z3.2.C.05,2023,MMR Dose 2 by Age 2,2021,47.65,3.23,-6.7,69.32
Z3.2.C.05,2014,MMR Dose 2 by Age 7,2007,73.23,2.8000000000000003,-2.62,80.57
Z3.2.C.05,2015,MMR Dose 2 by Age 7,2008,71.77,2.87,-3.33,81.30000000000001
Z3.2.C.05,2016,MMR Dose 2 by Age 7,2009,80.12,2.59,-0.77,82.10000000000001
Z3.2.C.05,2017,MMR Dose 2 by Age 7,2010,73.44000000000001,2.62,-3.13,81.63000000000001
Z3.2.C.05,2018,MMR Dose 2 by Age 7,2011,77.95,2.54,-1.2300000000000002,81.08
Z3.2.C.05,2019,MMR Dose 2 by Age 7,2012,78.51,2.39,-1.34,81.72
Z3.2.C.05,2020,MMR Dose 2 by Age 7,2013,70.05,2.9000000000000004,-2.61,77.60000000000001
Z3.2.C.05,2021,MMR Dose 2 by Age 7,2014,69.62,2.93,-1.7400000000000002,74.73
Z3.2.C.05,2022,MMR Dose 2 by Age 7,2015,69.88,2.74,-1.53,74.08
Z3.2.C.05,2023,MMR Dose 2 by Age 7,2016,62.86000000000001,3.12,-3.13,72.63000000000001
Z3.3.A.01,2014,MMR Dose 1 by Age 13,2001,97.24000000000001,1.1,0.78,96.38000000000001
Z3.3.A.01,2015,MMR Dose 1 by Age 13,2002,93.30000000000001,1.9800000000000002,-1.62,96.51
Z3.3.A.01,2016,MMR Dose 1 by Age 13,2003,95.55,1.61,-0.6900000000000001,96.66000000000001
Z3.3.A.01,2017,MMR Dose 1 by Age 13,2004,95.52,1.56,-0.9,96.92
Z3.3.A.01,2018,MMR Dose 1 by Age 13,2005,95.97,1.58,-0.7100000000000001,97.09
Z3.3.A.01,2019,MMR Dose 1 by Age 13,2006,95.77,1.4100000000000001,-0.7400000000000001,96.81000000000002
Z3.3.A.01,2020,MMR Dose 1 by Age 13,2007,95.31000000000002,1.57,-0.6300000000000001,96.30000000000001
Z3.3.A.01,2021,MMR Dose 1 by Age 13,2008,90.68,2.16,-2.3000000000000003,95.64000000000001
Z3.3.A.01,2022,MMR Dose 1 by Age 13,2009,92.09,2.06,-1.53,95.25
Z3.3.A.01,2023,MMR Dose 1 by Age 13,2010,87.33000000000001,2.91,-2.62,94.95
Z3.3.A.01,2014,MMR Dose 1 by Age 17,1997,97.77,1.03,1.4900000000000002,96.23
Z3.3.A.01,2015,MMR Dose 1 by Age 17,1998,94.60000000000001,1.8800000000000001,-1.01,96.51
Z3.3.A.01,2016,MMR Dose 1 by Age 17,1999,96.57,1.31,-0.11,96.71000000000001
Z3.3.A.01,2017,MMR Dose 1 by Age 17,2000,94.63000000000001,1.7200000000000002,-1.34,96.94000000000001
Z3.3.A.01,2018,MMR Dose 1 by Age 17,2001,98.55,0.7200000000000001,2.13,97.03
Z3.3.A.01,2019,MMR Dose 1 by Age 17,2002,96.69000000000001,1.2300000000000002,-0.43000000000000005,97.22
Z3.3.A.01,2020,MMR Dose 1 by Age 17,2003,97.49000000000001,1.06,-0.24000000000000002,97.75
Z3.3.A.01,2021,MMR Dose 1 by Age 17,2004,97.46000000000001,1.04,-0.37000000000000005,97.84000000000002
Z3.3.A.01,2022,MMR Dose 1 by Age 17,2005,96.95,1.3,-0.68,97.83000000000001
Z3.3.A.01,2023,MMR Dose 1 by Age 17,2006,95.77,1.4100000000000001,-1.06,97.27
Z3.3.A.01,2014,MMR Dose 1 by Age 2,2012,74.42,3.83,-3.56,88.05
Z3.3.A.01,2015,MMR Dose 1 by Age 2,2013,83.72,3.16,-1.07,87.11000000000001
Z3.3.A.01,2016,MMR Dose 1 by Age 2,2014,83.36000000000001,3.19,-1.2300000000000002,87.29
Z3.3.A.01,2017,MMR Dose 1 by Age 2,2015,89.32000000000001,2.69,0.8400000000000001,87.05
Z3.3.A.01,2018,MMR Dose 1 by Age 2,2016,81.54,3.25,-1.6,86.73
Z3.3.A.01,2019,MMR Dose 1 by Age 2,2017,79.45,3.85,-1.9500000000000002,86.96000000000001
Z3.3.A.01,2020,MMR Dose 1 by Age 2,2018,77.10000000000001,4.1000000000000005,-2.33,86.65
Z3.3.A.01,2021,MMR Dose 1 by Age 2,2019,79.08,3.83,-1.08,83.2
Z3.3.A.01,2022,MMR Dose 1 by Age 2,2020,73.55,4.430000000000001,-1.9200000000000002,82.07
Z3.3.A.01,2023,MMR Dose 1 by Age 2,2021,70.74000000000001,4.05,-2.7,81.67
Z3.3.A.01,2014,MMR Dose 2 by Age 13,2001,92.59,1.9500000000000002,0.43000000000000005,91.76
Z3.3.A.01,2015,MMR Dose 2 by Age 13,2002,87.58,2.66,-1.54,91.68
Z3.3.A.01,2016,MMR Dose 2 by Age 13,2003,87.05,2.8200000000000003,-1.4700000000000002,91.18
Z3.3.A.01,2017,MMR Dose 2 by Age 13,2004,89.74000000000001,2.52,-0.68,91.45
Z3.3.A.01,2018,MMR Dose 2 by Age 13,2005,89.15,2.62,-0.8400000000000001,91.34000000000002
Z3.3.A.01,2019,MMR Dose 2 by Age 13,2006,83.49000000000001,2.93,-2.72,91.46000000000001
Z3.3.A.01,2020,MMR Dose 2 by Age 13,2007,82.9,3.2,-2.53,91.01
Z3.3.A.01,2021,MMR Dose 2 by Age 13,2008,83.30000000000001,2.83,-2.3000000000000003,89.81000000000002
Z3.3.A.01,2022,MMR Dose 2 by Age 13,2009,83.86000000000001,2.89,-2.06,89.83000000000001
Z3.3.A.01,2023,MMR Dose 2 by Age 13,2010,82.25,3.21,-2.29,89.61000000000001
Z3.3.A.01,2014,MMR Dose 2 by Age 17,1997,94.33000000000001,1.6700000000000002,1.1500000000000001,92.41000000000001
Z3.3.A.01,2015,MMR Dose 2 by Age 17,1998,92.06,2.09,-0.33000000000000007,92.75
Z3.3.A.01,2016,MMR Dose 2 by Age 17,1999,95.24000000000001,1.53,1.32,93.22
Z3.3.A.01,2017,MMR Dose 2 by Age 17,2000,88.51,2.65,-1.8800000000000001,93.49000000000001
Z3.3.A.01,2018,MMR Dose 2 by Age 17,2001,96.29,1.3,2.24,93.37
Z3.3.A.01,2019,MMR Dose 2 by Age 17,2002,93.75,1.87,0.1,93.56
Z3.3.A.01,2020,MMR Dose 2 by Age 17,2003,92.01,2.17,-1.07,94.32000000000001
Z3.3.A.01,2021,MMR Dose 2 by Age 17,2004,93.31000000000002,1.9700000000000002,-0.53,94.35000000000001
Z3.3.A.01,2022,MMR Dose 2 by Age 17,2005,90.66000000000001,2.39,-1.2300000000000002,93.60000000000001
Z3.3.A.01,2023,MMR Dose 2 by Age 17,2006,84.51,2.83,-2.8600000000000003,92.62
Z3.3.A.01,2023,MMR Dose 2 by Age 2,2021,56.260000000000005,4.31,-3.03,69.32
Z3.3.A.01,2014,MMR Dose 2 by Age 7,2007,73.77,3.79,-1.7900000000000003,80.57
Z3.3.A.01,2015,MMR Dose 2 by Age 7,2008,75.10000000000001,3.3400000000000003,-1.86,81.30000000000001
Z3.3.A.01,2016,MMR Dose 2 by Age 7,2009,73.7,3.4200000000000004,-2.45,82.10000000000001
Z3.3.A.01,2017,MMR Dose 2 by Age 7,2010,76.16000000000001,3.61,-1.51,81.63000000000001
Z3.3.A.01,2018,MMR Dose 2 by Age 7,2011,76.3,3.54,-1.35,81.08
Z3.3.A.01,2019,MMR Dose 2 by Age 7,2012,70.02,3.9600000000000004,-2.95,81.72
Z3.3.A.01,2020,MMR Dose 2 by Age 7,2013,76.97,3.55,-0.18,77.60000000000001
Z3.3.A.01,2021,MMR Dose 2 by Age 7,2014,70.07,3.7800000000000002,-1.2300000000000002,74.73
Z3.3.A.01,2022,MMR Dose 2 by Age 7,2015,72.74000000000001,3.72,-0.36000000000000004,74.08
Z3.3.A.01,2023,MMR Dose 2 by Age 7,2016,64.78,3.8000000000000003,-2.06,72.63000000000001
Z3.3.A.02,2014,MMR Dose 1 by Age 13,2001,99.15,0.6600000000000001,4.2,96.38000000000001
Z3.3.A.02,2015,MMR Dose 1 by Age 13,2002,99.14000000000001,0.7000000000000001,3.75,96.51
Z3.3.A.02,2016,MMR Dose 1 by Age 13,2003,98.18,0.99,1.53,96.66000000000001
Z3.3.A.02,2017,MMR Dose 1 by Age 13,2004,97.68,1.2300000000000002,0.6200000000000001,96.92
Z3.3.A.02,2018,MMR Dose 1 by Age 13,2005,98.83000000000001,0.7500000000000001,2.31,97.09
Z3.3.A.02,2019,MMR Dose 1 by Age 13,2006,97.26,1.34,0.34,96.81000000000002
Z3.3.A.02,2020,MMR Dose 1 by Age 13,2007,98.04,1.1400000000000001,1.53,96.30000000000001
Z3.3.A.02,2021,MMR Dose 1 by Age 13,2008,97.94000000000001,1.07,2.15,95.64000000000001
Z3.3.A.02,2022,MMR Dose 1 by Age 13,2009,98.83000000000001,0.76,4.7,95.25
Z3.3.A.02,2023,MMR Dose 1 by Age 13,2010,95.46000000000001,1.81,0.28,94.95
Z3.3.A.02,2014,MMR Dose 1 by Age 17,1997,98.47,1.0,2.24,96.23
Z3.3.A.02,2015,MMR Dose 1 by Age 17,1998,98.64000000000001,0.8600000000000001,2.4800000000000004,96.51
Z3.3.A.02,2016,MMR Dose 1 by Age 17,1999,98.54,0.8600000000000001,2.12,96.71000000000001
Z3.3.A.02,2017,MMR Dose 1 by Age 17,2000,98.27,0.96,1.3900000000000001,96.94000000000001
Z3.3.A.02,2018,MMR Dose 1 by Age 17,2001,99.25,0.59,3.7800000000000002,97.03
Z3.3.A.02,2019,MMR Dose 1 by Age 17,2002,99.38000000000001,0.54,3.99,97.22
Z3.3.A.02,2020,MMR Dose 1 by Age 17,2003,98.42,0.89,0.76,97.75
Z3.3.A.02,2021,MMR Dose 1 by Age 17,2004,98.39000000000001,0.9500000000000001,0.58,97.84000000000002
Z3.3.A.02,2022,MMR Dose 1 by Age 17,2005,99.45,0.43000000000000005,3.73,97.83000000000001
Z3.3.A.02,2023,MMR Dose 1 by Age 17,2006,97.26,1.34,0.0,97.27
Z3.3.A.02,2014,MMR Dose 1 by Age 2,2012,91.33000000000001,2.3400000000000003,1.4000000000000001,88.05
Z3.3.A.02,2015,MMR Dose 1 by Age 2,2013,94.13000000000001,1.9800000000000002,3.55,87.11000000000001
Z3.3.A.02,2016,MMR Dose 1 by Age 2,2014,87.71000000000001,2.81,0.15000000000000002,87.29
Z3.3.A.02,2017,MMR Dose 1 by Age 2,2015,87.91000000000001,2.74,0.31000000000000005,87.05
Z3.3.A.02,2018,MMR Dose 1 by Age 2,2016,87.94000000000001,3.05,0.4,86.73
Z3.3.A.02,2019,MMR Dose 1 by Age 2,2017,90.47,2.99,1.1800000000000002,86.96000000000001
Z3.3.A.02,2020,MMR Dose 1 by Age 2,2018,93.72,2.41,2.9400000000000004,86.65
Z3.3.A.02,2021,MMR Dose 1 by Age 2,2019,83.25,3.51,0.01,83.2
Z3.3.A.02,2022,MMR Dose 1 by Age 2,2020,80.66000000000001,4.26,-0.33000000000000007,82.07
Z3.3.A.02,2023,MMR Dose 1 by Age 2,2021,83.61000000000001,3.54,0.55,81.67
Z3.3.A.02,2014,MMR Dose 2 by Age 13,2001,98.9,0.68,10.42,91.76
Z3.3.A.02,2015,MMR Dose 2 by Age 13,2002,97.24000000000001,1.2600000000000002,4.41,91.68
Z3.3.A.02,2016,MMR Dose 2 by Age 13,2003,93.57,1.9100000000000001,1.2600000000000002,91.18
Z3.3.A.02,2017,MMR Dose 2 by Age 13,2004,96.92,1.3,4.22,91.45
Z3.3.A.02,2018,MMR Dose 2 by Age 13,2005,96.0,1.4900000000000002,3.13,91.34000000000002
Z3.3.A.02,2019,MMR Dose 2 by Age 13,2006,94.37,1.86,1.56,91.46000000000001
Z3.3.A.02,2020,MMR Dose 2 by Age 13,2007,95.09,1.6800000000000002,2.4400000000000004,91.01
Z3.3.A.02,2021,MMR Dose 2 by Age 13,2008,94.59,1.6700000000000002,2.8600000000000003,89.81000000000002
Z3.3.A.02,2022,MMR Dose 2 by Age 13,2009,95.59,1.57,3.67,89.83000000000001
Z3.3.A.02,2023,MMR Dose 2 by Age 13,2010,92.64000000000001,2.11,1.4400000000000002,89.61000000000001
Z3.3.A.02,2014,MMR Dose 2 by Age 17,1997,97.74000000000001,1.1400000000000001,4.69,92.41000000000001
Z3.3.A.02,2015,MMR Dose 2 by Age 17,1998,95.95,1.7500000000000002,1.83,92.75
Z3.3.A.02,2016,MMR Dose 2 by Age 17,1999,95.29,1.6800000000000002,1.2400000000000002,93.22
Z3.3.A.02,2017,MMR Dose 2 by Age 17,2000,95.57,1.59,1.3,93.49000000000001
Z3.3.A.02,2018,MMR Dose 2 by Age 17,2001,99.26,0.48000000000000004,12.13,93.37
Z3.3.A.02,2019,MMR Dose 2 by Age 17,2002,97.79,1.07,3.9600000000000004,93.56
Z3.3.A.02,2020,MMR Dose 2 by Age 17,2003,95.17,1.59,0.53,94.32000000000001
Z3.3.A.02,2021,MMR Dose 2 by Age 17,2004,97.96000000000001,0.96,3.77,94.35000000000001
Z3.3.A.02,2022,MMR Dose 2 by Age 17,2005,97.45,1.11,3.47,93.60000000000001
Z3.3.A.02,2023,MMR Dose 2 by Age 17,2006,94.96000000000001,1.7600000000000002,1.33,92.62
Z3.3.A.02,2023,MMR Dose 2 by Age 2,2021,73.64000000000001,4.3,1.01,69.32
Z3.3.A.02,2014,MMR Dose 2 by Age 7,2007,91.75,2.3000000000000003,4.86,80.57
Z3.3.A.02,2015,MMR Dose 2 by Age 7,2008,90.37,2.33,3.9000000000000004,81.30000000000001
Z3.3.A.02,2016,MMR Dose 2 by Age 7,2009,89.87,2.54,3.06,82.10000000000001
Z3.3.A.02,2017,MMR Dose 2 by Age 7,2010,89.21000000000001,2.59,2.93,81.63000000000001
Z3.3.A.02,2018,MMR Dose 2 by Age 7,2011,88.4,2.7,2.71,81.08
Z3.3.A.02,2019,MMR Dose 2 by Age 7,2012,90.88000000000001,2.3600000000000003,3.8800000000000003,81.72
Z3.3.A.02,2020,MMR Dose 2 by Age 7,2013,86.53,2.93,3.04,77.60000000000001
Z3.3.A.02,2021,MMR Dose 2 by Age 7,2014,83.02,3.2,2.59,74.73
Z3.3.A.02,2022,MMR Dose 2 by Age 7,2015,85.72,2.87,4.06,74.08
Z3.3.A.02,2023,MMR Dose 2 by Age 7,2016,84.87,3.07,3.9800000000000004,72.63000000000001
Z3.3.A.04,2014,MMR Dose 1 by Age 13,2001,95.82000000000001,3.27,-0.17,96.38000000000001
Z3.3.A.04,2015,MMR Dose 1 by Age 13,2002,91.82000000000001,4.31,-1.09,96.51
Z3.3.A.04,2016,MMR Dose 1 by Age 13,2003,94.24000000000001,3.5,-0.6900000000000001,96.66000000000001
Z3.3.A.04,2017,MMR Dose 1 by Age 13,2004,98.36000000000001,1.9700000000000002,0.7300000000000001,96.92
Z3.3.A.04,2018,MMR Dose 1 by Age 13,2005,89.46000000000001,4.82,-1.58,97.09
Z3.3.A.04,2019,MMR Dose 1 by Age 13,2006,98.28,2.03,0.7200000000000001,96.81000000000002
Z3.3.A.04,2020,MMR Dose 1 by Age 13,2007,94.83000000000001,3.24,-0.45,96.30000000000001
Z3.3.A.04,2021,MMR Dose 1 by Age 13,2008,95.58,3.19,-0.02,95.64000000000001
Z3.3.A.04,2022,MMR Dose 1 by Age 13,2009,95.91000000000001,3.21,0.21000000000000002,95.25
Z3.3.A.04,2023,MMR Dose 1 by Age 13,2010,92.88000000000001,3.71,-0.56,94.95
Z3.3.A.04,2014,MMR Dose 1 by Age 17,1997,98.96000000000001,1.11,2.47,96.23
Z3.3.A.04,2015,MMR Dose 1 by Age 17,1998,95.97,2.75,-0.2,96.51
Z3.3.A.04,2016,MMR Dose 1 by Age 17,1999,99.82000000000001,0.34,9.250000000000002,96.71000000000001
Z3.3.A.04,2017,MMR Dose 1 by Age 17,2000,95.16000000000001,3.39,-0.53,96.94000000000001
Z3.3.A.04,2018,MMR Dose 1 by Age 17,2001,97.46000000000001,2.3600000000000003,0.19,97.03
Z3.3.A.04,2019,MMR Dose 1 by Age 17,2002,95.80000000000001,2.97,-0.48000000000000004,97.22
Z3.3.A.04,2020,MMR Dose 1 by Age 17,2003,94.24000000000001,3.5,-1.0,97.75
Z3.3.A.04,2021,MMR Dose 1 by Age 17,2004,99.4,0.9400000000000001,1.6500000000000001,97.84000000000002
Z3.3.A.04,2022,MMR Dose 1 by Age 17,2005,89.46000000000001,4.82,-1.7400000000000002,97.83000000000001
Z3.3.A.04,2023,MMR Dose 1 by Age 17,2006,98.28,2.03,0.49,97.27
Z3.3.A.04,2014,MMR Dose 1 by Age 2,2012,86.02,5.71,-0.36000000000000004,88.05
Z3.3.A.04,2015,MMR Dose 1 by Age 2,2013,89.71000000000001,5.180000000000001,0.5,87.11000000000001
Z3.3.A.04,2016,MMR Dose 1 by Age 2,2014,81.59,6.51,-0.88,87.29
Z3.3.A.04,2017,MMR Dose 1 by Age 2,2015,91.09,4.62,0.8700000000000001,87.05
Z3.3.A.04,2018,MMR Dose 1 by Age 2,2016,85.13000000000001,5.3500000000000005,-0.30000000000000004,86.73
Z3.3.A.04,2019,MMR Dose 1 by Age 2,2017,89.72,5.8100000000000005,0.48000000000000004,86.96000000000001
Z3.3.A.04,2020,MMR Dose 1 by Age 2,2018,87.09,5.86,0.08,86.65
Z3.3.A.04,2021,MMR Dose 1 by Age 2,2019,71.98,9.280000000000001,-1.2100000000000002,83.2
Z3.3.A.04,2022,MMR Dose 1 by Age 2,2020,93.52,4.930000000000001,2.3200000000000003,82.07
Z3.3.A.04,2023,MMR Dose 1 by Age 2,2021,86.56,6.21,0.79,81.67
Z3.3.A.04,2014,MMR Dose 2 by Age 13,2001,93.11000000000001,3.7600000000000002,0.36000000000000004,91.76
Z3.3.A.04,2015,MMR Dose 2 by Age 13,2002,96.16000000000001,2.8800000000000003,1.56,91.68
Z3.3.A.04,2016,MMR Dose 2 by Age 13,2003,95.16000000000001,3.59,1.11,91.18
Z3.3.A.04,2017,MMR Dose 2 by Age 13,2004,94.37,3.39,0.8600000000000001,91.45
Z3.3.A.04,2018,MMR Dose 2 by Age 13,2005,86.23,5.1000000000000005,-1.0,91.34000000000002
Z3.3.A.04,2019,MMR Dose 2 by Age 13,2006,95.54,3.35,1.2200000000000002,91.46000000000001
Z3.3.A.04,2020,MMR Dose 2 by Age 13,2007,92.66000000000001,3.41,0.48000000000000004,91.01
Z3.3.A.04,2021,MMR Dose 2 by Age 13,2008,94.27,3.27,1.36,89.81000000000002
Z3.3.A.04,2022,MMR Dose 2 by Age 13,2009,99.03,1.08,8.5,89.83000000000001
Z3.3.A.04,2023,MMR Dose 2 by Age 13,2010,85.45,5.430000000000001,-0.77,89.61000000000001
Z3.3.A.04,2014,MMR Dose 2 by Age 17,1997,95.26,2.8200000000000003,1.01,92.41000000000001
Z3.3.A.04,2015,MMR Dose 2 by Age 17,1998,95.83000000000001,2.69,1.1500000000000001,92.75
Z3.3.A.04,2016,MMR Dose 2 by Age 17,1999,97.95,1.9700000000000002,2.4000000000000004,93.22
Z3.3.A.04,2017,MMR Dose 2 by Age 17,2000,97.60000000000001,1.9800000000000002,2.07,93.49000000000001
Z3.3.A.04,2018,MMR Dose 2 by Age 17,2001,95.06,3.16,0.54,93.37
Z3.3.A.04,2019,MMR Dose 2 by Age 17,2002,98.03,1.7400000000000002,2.56,93.56
Z3.3.A.04,2020,MMR Dose 2 by Age 17,2003,96.23,2.95,0.6500000000000001,94.32000000000001
Z3.3.A.04,2021,MMR Dose 2 by Age 17,2004,96.59,2.67,0.8400000000000001,94.35000000000001
Z3.3.A.04,2022,MMR Dose 2 by Age 17,2005,89.28,4.79,-0.9,93.60000000000001
Z3.3.A.04,2023,MMR Dose 2 by Age 17,2006,95.54,3.35,0.8700000000000001,92.62
Z3.3.A.04,2023,MMR Dose 2 by Age 2,2021,64.16000000000001,8.780000000000001,-0.59,69.32
Z3.3.A.04,2014,MMR Dose 2 by Age 7,2007,89.41000000000001,4.07,2.17,80.57
Z3.3.A.04,2015,MMR Dose 2 by Age 7,2008,80.07,5.76,-0.21000000000000002,81.30000000000001
Z3.3.A.04,2016,MMR Dose 2 by Age 7,2009,96.30000000000001,2.91,4.870000000000001,82.10000000000001
Z3.3.A.04,2017,MMR Dose 2 by Age 7,2010,74.21000000000001,6.99,-1.06,81.63000000000001
Z3.3.A.04,2018,MMR Dose 2 by Age 7,2011,84.87,6.330000000000001,0.6000000000000001,81.08
Z3.3.A.04,2019,MMR Dose 2 by Age 7,2012,85.29,5.330000000000001,0.6700000000000002,81.72
Z3.3.A.04,2020,MMR Dose 2 by Age 7,2013,83.15,6.180000000000001,0.9,77.60000000000001
Z3.3.A.04,2021,MMR Dose 2 by Age 7,2014,80.03,6.52,0.81,74.73
Z3.3.A.04,2022,MMR Dose 2 by Age 7,2015,88.17,5.26,2.68,74.08
Z3.3.A.04,2023,MMR Dose 2 by Age 7,2016,76.73,6.1000000000000005,0.6700000000000002,72.63000000000001
Z3.3.B.03,2014,MMR Dose 1 by Age 13,2001,96.87,1.3800000000000001,0.36000000000000004,96.38000000000001
Z3.3.B.03,2015,MMR Dose 1 by Age 13,2002,97.93,1.1400000000000001,1.2500000000000002,96.51
Z3.3.B.03,2016,MMR Dose 1 by Age 13,2003,94.18,1.8,-1.3800000000000001,96.66000000000001
Z3.3.B.03,2017,MMR Dose 1 by Age 13,2004,96.32000000000001,1.4700000000000002,-0.41000000000000003,96.92
Z3.3.B.03,2018,MMR Dose 1 by Age 13,2005,96.37,1.52,-0.48000000000000004,97.09
Z3.3.B.03,2019,MMR Dose 1 by Age 13,2006,94.2,1.83,-1.4300000000000002,96.81000000000002
Z3.3.B.03,2020,MMR Dose 1 by Age 13,2007,93.14000000000001,2.19,-1.4400000000000002,96.30000000000001
Z3.3.B.03,2021,MMR Dose 1 by Age 13,2008,95.24000000000001,1.7400000000000002,-0.23,95.64000000000001
Z3.3.B.03,2022,MMR Dose 1 by Age 13,2009,94.96000000000001,1.81,-0.16,95.25
Z3.3.B.03,2023,MMR Dose 1 by Age 13,2010,94.80000000000001,1.7400000000000002,-0.09,94.95
Z3.3.B.03,2014,MMR Dose 1 by Age 17,1997,96.61000000000001,1.57,0.24000000000000002,96.23
Z3.3.B.03,2015,MMR Dose 1 by Age 17,1998,96.61000000000001,1.4800000000000002,0.07,96.51
Z3.3.B.03,2016,MMR Dose 1 by Age 17,1999,98.51,0.97,1.86,96.71000000000001
Z3.3.B.03,2017,MMR Dose 1 by Age 17,2000,95.5,1.86,-0.77,96.94000000000001
Z3.3.B.03,2018,MMR Dose 1 by Age 17,2001,97.82000000000001,1.06,0.7500000000000001,97.03
Z3.3.B.03,2019,MMR Dose 1 by Age 17,2002,97.93,1.1400000000000001,0.6200000000000001,97.22
Z3.3.B.03,2020,MMR Dose 1 by Age 17,2003,94.61000000000001,1.7200000000000002,-1.83,97.75
Z3.3.B.03,2021,MMR Dose 1 by Age 17,2004,97.37,1.1700000000000002,-0.4,97.84000000000002
Z3.3.B.03,2022,MMR Dose 1 by Age 17,2005,96.85000000000001,1.3900000000000001,-0.7000000000000001,97.83000000000001
Z3.3.B.03,2023,MMR Dose 1 by Age 17,2006,94.81000000000002,1.7400000000000002,-1.4200000000000002,97.27
Z3.3.B.03,2014,MMR Dose 1 by Age 2,2012,88.64000000000001,2.47,0.24000000000000002,88.05
Z3.3.B.03,2015,MMR Dose 1 by Age 2,2013,89.24000000000001,2.3400000000000003,0.91,87.11000000000001
Z3.3.B.03,2016,MMR Dose 1 by Age 2,2014,91.38000000000001,2.29,1.7900000000000003,87.29
Z3.3.B.03,2017,MMR Dose 1 by Age 2,2015,86.79,2.54,-0.1,87.05
Z3.3.B.03,2018,MMR Dose 1 by Age 2,2016,90.24000000000001,2.4000000000000004,1.4600000000000002,86.73
Z3.3.B.03,2019,MMR Dose 1 by Age 2,2017,90.4,2.4000000000000004,1.4400000000000002,86.96000000000001
Z3.3.B.03,2020,MMR Dose 1 by Age 2,2018,90.31000000000002,2.3400000000000003,1.57,86.65
Z3.3.B.03,2021,MMR Dose 1 by Age 2,2019,80.36000000000001,3.7,-0.77,83.2
Z3.3.B.03,2022,MMR Dose 1 by Age 2,2020,79.77,3.27,-0.7000000000000001,82.07
Z3.3.B.03,2023,MMR Dose 1 by Age 2,2021,70.45,3.8600000000000003,-2.9000000000000004,81.67
Z3.3.B.03,2014,MMR Dose 2 by Age 13,2001,91.88000000000001,2.16,0.06,91.76
Z3.3.B.03,2015,MMR Dose 2 by Age 13,2002,93.74000000000001,1.83,1.1300000000000001,91.68
Z3.3.B.03,2016,MMR Dose 2 by Age 13,2003,87.71000000000001,2.5,-1.3900000000000001,91.18
Z3.3.B.03,2017,MMR Dose 2 by Age 13,2004,92.84000000000002,2.07,0.6700000000000002,91.45
Z3.3.B.03,2018,MMR Dose 2 by Age 13,2005,93.16000000000001,2.01,0.9,91.34000000000002
Z3.3.B.03,2019,MMR Dose 2 by Age 13,2006,89.43,2.55,-0.8,91.46000000000001
Z3.3.B.03,2020,MMR Dose 2 by Age 13,2007,92.11000000000001,2.17,0.51,91.01
Z3.3.B.03,2021,MMR Dose 2 by Age 13,2008,92.75,2.01,1.4700000000000002,89.81000000000002
Z3.3.B.03,2022,MMR Dose 2 by Age 13,2009,91.97,2.17,0.98,89.83000000000001
Z3.3.B.03,2023,MMR Dose 2 by Age 13,2010,90.71000000000001,2.21,0.5,89.61000000000001
Z3.3.B.03,2014,MMR Dose 2 by Age 17,1997,92.57,2.12,0.08,92.41000000000001
Z3.3.B.03,2015,MMR Dose 2 by Age 17,1998,91.99000000000001,2.23,-0.34,92.75
Z3.3.B.03,2016,MMR Dose 2 by Age 17,1999,95.12,1.7700000000000002,1.07,93.22
Z3.3.B.03,2017,MMR Dose 2 by Age 17,2000,94.65,1.86,0.6200000000000001,93.49000000000001
Z3.3.B.03,2018,MMR Dose 2 by Age 17,2001,93.89000000000001,1.85,0.28,93.37
Z3.3.B.03,2019,MMR Dose 2 by Age 17,2002,95.92,1.4800000000000002,1.59,93.56
Z3.3.B.03,2020,MMR Dose 2 by Age 17,2003,89.42,2.3400000000000003,-2.09,94.32000000000001
Z3.3.B.03,2021,MMR Dose 2 by Age 17,2004,94.11000000000001,1.83,-0.13,94.35000000000001
Z3.3.B.03,2022,MMR Dose 2 by Age 17,2005,94.99000000000001,1.7300000000000002,0.8,93.60000000000001
Z3.3.B.03,2023,MMR Dose 2 by Age 17,2006,90.11000000000001,2.4800000000000004,-1.01,92.62
Z3.3.B.03,2023,MMR Dose 2 by Age 2,2021,55.67,4.130000000000001,-3.3000000000000003,69.32
Z3.3.B.03,2014,MMR Dose 2 by Age 7,2007,85.03,2.87,1.56,80.57
Z3.3.B.03,2015,MMR Dose 2 by Age 7,2008,83.44000000000001,2.95,0.7300000000000001,81.30000000000001
Z3.3.B.03,2016,MMR Dose 2 by Age 7,2009,83.58,2.9400000000000004,0.5,82.10000000000001
Z3.3.B.03,2017,MMR Dose 2 by Age 7,2010,81.85000000000001,2.9600000000000004,0.07,81.63000000000001
Z3.3.B.03,2018,MMR Dose 2 by Age 7,2011,83.17,2.87,0.7300000000000001,81.08
Z3.3.B.03,2019,MMR Dose 2 by Age 7,2012,80.54,2.9600000000000004,-0.4,81.72
Z3.3.B.03,2020,MMR Dose 2 by Age 7,2013,83.10000000000001,2.7600000000000002,1.9900000000000002,77.60000000000001
Z3.3.B.03,2021,MMR Dose 2 by Age 7,2014,86.55,2.73,4.34,74.73
Z3.3.B.03,2022,MMR Dose 2 by Age 7,2015,75.59,3.24,0.46,74.08
Z3.3.B.03,2023,MMR Dose 2 by Age 7,2016,69.2,3.8200000000000003,-0.9,72.63000000000001
Z3.3.B.05,2014,MMR Dose 1 by Age 13,2001,97.66000000000001,1.4300000000000002,0.9,96.38000000000001
Z3.3.B.05,2015,MMR Dose 1 by Age 13,2002,98.81000000000002,1.07,2.16,96.51
Z3.3.B.05,2016,MMR Dose 1 by Age 13,2003,98.65,1.12,1.7700000000000002,96.66000000000001
Z3.3.B.05,2017,MMR Dose 1 by Age 13,2004,98.93,1.01,2.0,96.92
Z3.3.B.05,2018,MMR Dose 1 by Age 13,2005,94.53,2.69,-0.9500000000000001,97.09
Z3.3.B.05,2019,MMR Dose 1 by Age 13,2006,98.13000000000001,1.52,0.8700000000000001,96.81000000000002
Z3.3.B.05,2020,MMR Dose 1 by Age 13,2007,96.11000000000001,2.13,-0.09,96.30000000000001
Z3.3.B.05,2021,MMR Dose 1 by Age 13,2008,97.99000000000001,1.4900000000000002,1.59,95.64000000000001
Z3.3.B.05,2022,MMR Dose 1 by Age 13,2009,96.2,1.84,0.51,95.25
Z3.3.B.05,2023,MMR Dose 1 by Age 13,2010,91.42,2.89,-1.2200000000000002,94.95
Z3.3.B.05,2014,MMR Dose 1 by Age 17,1997,96.29,2.29,0.03,96.23
Z3.3.B.05,2015,MMR Dose 1 by Age 17,1998,96.24000000000001,1.9100000000000001,-0.14,96.51
Z3.3.B.05,2016,MMR Dose 1 by Age 17,1999,97.63000000000001,1.3800000000000001,0.6700000000000002,96.71000000000001
Z3.3.B.05,2017,MMR Dose 1 by Age 17,2000,98.05,1.31,0.8400000000000001,96.94000000000001
Z3.3.B.05,2018,MMR Dose 1 by Age 17,2001,98.08,1.2300000000000002,0.8600000000000001,97.03
Z3.3.B.05,2019,MMR Dose 1 by Age 17,2002,98.81000000000002,1.07,1.4900000000000002,97.22
Z3.3.B.05,2020,MMR Dose 1 by Age 17,2003,98.65,1.12,0.8,97.75
Z3.3.B.05,2021,MMR Dose 1 by Age 17,2004,99.61000000000001,0.54,3.2800000000000002,97.84000000000002
Z3.3.B.05,2022,MMR Dose 1 by Age 17,2005,94.53,2.69,-1.2300000000000002,97.83000000000001
Z3.3.B.05,2023,MMR Dose 1 by Age 17,2006,98.13000000000001,1.52,0.5700000000000001,97.27
Z3.3.B.05,2014,MMR Dose 1 by Age 2,2012,92.10000000000001,3.14,1.2900000000000003,88.05
Z3.3.B.05,2015,MMR Dose 1 by Age 2,2013,89.39000000000001,3.24,0.7000000000000001,87.11000000000001
Z3.3.B.05,2016,MMR Dose 1 by Age 2,2014,88.2,4.2,0.22,87.29
Z3.3.B.05,2017,MMR Dose 1 by Age 2,2015,92.45,2.9400000000000004,1.84,87.05
Z3.3.B.05,2018,MMR Dose 1 by Age 2,2016,88.22,3.77,0.39,86.73
Z3.3.B.05,2019,MMR Dose 1 by Age 2,2017,92.78,3.14,1.85,86.96000000000001
Z3.3.B.05,2020,MMR Dose 1 by Age 2,2018,88.59,3.9000000000000004,0.5,86.65
Z3.3.B.05,2021,MMR Dose 1 by Age 2,2019,94.58,3.14,3.63,83.2
Z3.3.B.05,2022,MMR Dose 1 by Age 2,2020,85.72,4.1000000000000005,0.89,82.07
Z3.3.B.05,2023,MMR Dose 1 by Age 2,2021,68.15,6.09,-2.22,81.67
Z3.3.B.05,2014,MMR Dose 2 by Age 13,2001,90.77,2.8800000000000003,-0.35000000000000003,91.76
Z3.3.B.05,2015,MMR Dose 2 by Age 13,2002,96.35000000000001,1.9700000000000002,2.37,91.68
Z3.3.B.05,2016,MMR Dose 2 by Age 13,2003,93.09,2.64,0.7200000000000001,91.18
Z3.3.B.05,2017,MMR Dose 2 by Age 13,2004,93.77,2.71,0.8500000000000001,91.45
Z3.3.B.05,2018,MMR Dose 2 by Age 13,2005,97.46000000000001,1.4900000000000002,4.11,91.34000000000002
Z3.3.B.05,2019,MMR Dose 2 by Age 13,2006,95.25,2.27,1.6700000000000002,91.46000000000001
Z3.3.B.05,2020,MMR Dose 2 by Age 13,2007,93.12,2.68,0.79,91.01
Z3.3.B.05,2021,MMR Dose 2 by Age 13,2008,85.35000000000001,4.170000000000001,-1.07,89.81000000000002
Z3.3.B.05,2022,MMR Dose 2 by Age 13,2009,90.62,3.25,0.24000000000000002,89.83000000000001
Z3.3.B.05,2023,MMR Dose 2 by Age 13,2010,89.5,3.16,-0.03,89.61000000000001
Z3.3.B.05,2014,MMR Dose 2 by Age 17,1997,94.42,2.2800000000000002,0.88,92.41000000000001
Z3.3.B.05,2015,MMR Dose 2 by Age 17,1998,92.66000000000001,2.85,-0.03,92.75
Z3.3.B.05,2016,MMR Dose 2 by Age 17,1999,94.87,1.9200000000000002,0.8600000000000001,93.22
Z3.3.B.05,2017,MMR Dose 2 by Age 17,2000,96.91000000000001,1.53,2.22,93.49000000000001
Z3.3.B.05,2018,MMR Dose 2 by Age 17,2001,93.48,2.4200000000000004,0.04,93.37
Z3.3.B.05,2019,MMR Dose 2 by Age 17,2002,97.78,1.6300000000000001,2.59,93.56
Z3.3.B.05,2020,MMR Dose 2 by Age 17,2003,93.09,2.64,-0.47000000000000003,94.32000000000001
Z3.3.B.05,2021,MMR Dose 2 by Age 17,2004,95.14000000000001,2.4400000000000004,0.33000000000000007,94.35000000000001
Z3.3.B.05,2022,MMR Dose 2 by Age 17,2005,97.46000000000001,1.4900000000000002,2.59,93.60000000000001
Z3.3.B.05,2023,MMR Dose 2 by Age 17,2006,95.98,2.03,1.6500000000000001,92.62
Z3.3.B.05,2023,MMR Dose 2 by Age 2,2021,50.190000000000005,6.470000000000001,-2.9600000000000004,69.32
Z3.3.B.05,2014,MMR Dose 2 by Age 7,2007,89.63000000000001,3.2,2.83,80.57
Z3.3.B.05,2015,MMR Dose 2 by Age 7,2008,85.35000000000001,4.170000000000001,0.97,81.30000000000001
Z3.3.B.05,2016,MMR Dose 2 by Age 7,2009,87.62,3.49,1.58,82.10000000000001
Z3.3.B.05,2017,MMR Dose 2 by Age 7,2010,88.4,3.3000000000000003,2.05,81.63000000000001
Z3.3.B.05,2018,MMR Dose 2 by Age 7,2011,88.12,3.62,1.9500000000000002,81.08
Z3.3.B.05,2019,MMR Dose 2 by Age 7,2012,88.58,3.69,1.86,81.72
Z3.3.B.05,2020,MMR Dose 2 by Age 7,2013,90.57,3.03,4.2700000000000005,77.60000000000001
Z3.3.B.05,2021,MMR Dose 2 by Age 7,2014,82.79,4.630000000000001,1.7400000000000002,74.73
Z3.3.B.05,2022,MMR Dose 2 by Age 7,2015,91.38000000000001,3.0,5.7700000000000005,74.08
Z3.3.B.05,2023,MMR Dose 2 by Age 7,2016,84.84000000000002,4.170000000000001,2.93,72.63000000000001
Z3.4.A.01,2014,MMR Dose 1 by Age 13,2001,94.86000000000001,0.98,-1.56,96.38000000000001
Z3.4.A.01,2015,MMR Dose 1 by Age 13,2002,96.34000000000002,0.78,-0.21000000000000002,96.51
Z3.4.A.01,2016,MMR Dose 1 by Age 13,2003,95.23,0.91,-1.57,96.66000000000001
Z3.4.A.01,2017,MMR Dose 1 by Age 13,2004,96.36000000000001,0.77,-0.7300000000000001,96.92
Z3.4.A.01,2018,MMR Dose 1 by Age 13,2005,95.13000000000001,0.89,-2.22,97.09
Z3.4.A.01,2019,MMR Dose 1 by Age 13,2006,96.15,0.7300000000000001,-0.91,96.81000000000002
Z3.4.A.01,2020,MMR Dose 1 by Age 13,2007,95.19000000000001,0.8500000000000001,-1.31,96.30000000000001
Z3.4.A.01,2021,MMR Dose 1 by Age 13,2008,93.10000000000001,1.03,-2.45,95.64000000000001
Z3.4.A.01,2022,MMR Dose 1 by Age 13,2009,92.54,1.09,-2.4800000000000004,95.25
Z3.4.A.01,2023,MMR Dose 1 by Age 13,2010,92.21000000000001,1.12,-2.4600000000000004,94.95
Z3.4.A.01,2014,MMR Dose 1 by Age 17,1997,90.56,1.2600000000000002,-4.49,96.23
Z3.4.A.01,2015,MMR Dose 1 by Age 17,1998,93.25,1.08,-3.0,96.51
Z3.4.A.01,2016,MMR Dose 1 by Age 17,1999,93.2,1.09,-3.21,96.71000000000001
Z3.4.A.01,2017,MMR Dose 1 by Age 17,2000,94.59,0.9400000000000001,-2.49,96.94000000000001
Z3.4.A.01,2018,MMR Dose 1 by Age 17,2001,95.56,0.91,-1.62,97.03
Z3.4.A.01,2019,MMR Dose 1 by Age 17,2002,97.23,0.6700000000000002,0.02,97.22
Z3.4.A.01,2020,MMR Dose 1 by Age 17,2003,95.86000000000001,0.8400000000000001,-2.24,97.75
Z3.4.A.01,2021,MMR Dose 1 by Age 17,2004,97.25,0.6500000000000001,-0.91,97.84000000000002
Z3.4.A.01,2022,MMR Dose 1 by Age 17,2005,95.59,0.8400000000000001,-2.66,97.83000000000001
Z3.4.A.01,2023,MMR Dose 1 by Age 17,2006,96.53,0.6900000000000001,-1.07,97.27
Z3.4.A.01,2014,MMR Dose 1 by Age 2,2012,72.61000000000001,1.9800000000000002,-7.78,88.05
Z3.4.A.01,2015,MMR Dose 1 by Age 2,2013,69.7,1.9200000000000002,-9.06,87.11000000000001
Z3.4.A.01,2016,MMR Dose 1 by Age 2,2014,69.45,2.0,-8.92,87.29
Z3.4.A.01,2017,MMR Dose 1 by Age 2,2015,69.57,2.03,-8.6,87.05
Z3.4.A.01,2018,MMR Dose 1 by Age 2,2016,65.06,2.09,-10.38,86.73
Z3.4.A.01,2019,MMR Dose 1 by Age 2,2017,66.82,2.13,-9.47,86.96000000000001
Z3.4.A.01,2020,MMR Dose 1 by Age 2,2018,66.65,2.18,-9.16,86.65
Z3.4.A.01,2021,MMR Dose 1 by Age 2,2019,52.53,2.29,-13.360000000000001,83.2
Z3.4.A.01,2022,MMR Dose 1 by Age 2,2020,56.52,2.39,-10.680000000000001,82.07
Z3.4.A.01,2023,MMR Dose 1 by Age 2,2021,56.21,2.65,-9.610000000000001,81.67
Z3.4.A.01,2014,MMR Dose 2 by Age 13,2001,89.30000000000001,1.37,-1.8,91.76
Z3.4.A.01,2015,MMR Dose 2 by Age 13,2002,88.91000000000001,1.3800000000000001,-2.01,91.68
Z3.4.A.01,2016,MMR Dose 2 by Age 13,2003,89.9,1.2200000000000002,-1.04,91.18
Z3.4.A.01,2017,MMR Dose 2 by Age 13,2004,89.04,1.35,-1.7900000000000003,91.45
Z3.4.A.01,2018,MMR Dose 2 by Age 13,2005,85.24000000000001,1.4900000000000002,-4.08,91.34000000000002
Z3.4.A.01,2019,MMR Dose 2 by Age 13,2006,87.11000000000001,1.36,-3.21,91.46000000000001
Z3.4.A.01,2020,MMR Dose 2 by Age 13,2007,86.55,1.4400000000000002,-3.11,91.01
Z3.4.A.01,2021,MMR Dose 2 by Age 13,2008,81.59,1.62,-5.06,89.81000000000002
Z3.4.A.01,2022,MMR Dose 2 by Age 13,2009,82.39000000000001,1.57,-4.73,89.83000000000001
Z3.4.A.01,2023,MMR Dose 2 by Age 13,2010,82.66000000000001,1.58,-4.4,89.61000000000001
Z3.4.A.01,2014,MMR Dose 2 by Age 17,1997,89.65,1.2500000000000002,-2.21,92.41000000000001
Z3.4.A.01,2015,MMR Dose 2 by Age 17,1998,89.41000000000001,1.32,-2.52,92.75
Z3.4.A.01,2016,MMR Dose 2 by Age 17,1999,91.92,1.12,-1.1600000000000001,93.22
Z3.4.A.01,2017,MMR Dose 2 by Age 17,2000,89.62,1.3,-2.97,93.49000000000001
Z3.4.A.01,2018,MMR Dose 2 by Age 17,2001,91.2,1.2500000000000002,-1.7400000000000002,93.37
Z3.4.A.01,2019,MMR Dose 2 by Age 17,2002,91.76,1.2200000000000002,-1.4800000000000002,93.56
Z3.4.A.01,2020,MMR Dose 2 by Age 17,2003,92.85000000000001,1.04,-1.4200000000000002,94.32000000000001
Z3.4.A.01,2021,MMR Dose 2 by Age 17,2004,92.9,1.09,-1.32,94.35000000000001
Z3.4.A.01,2022,MMR Dose 2 by Age 17,2005,89.05,1.32,-3.45,93.60000000000001
Z3.4.A.01,2023,MMR Dose 2 by Age 17,2006,88.84000000000002,1.2800000000000002,-2.9600000000000004,92.62
Z3.4.A.01,2023,MMR Dose 2 by Age 2,2021,34.0,2.52,-14.0,69.32
Z3.4.A.01,2014,MMR Dose 2 by Age 7,2007,65.06,1.9500000000000002,-7.94,80.57
Z3.4.A.01,2015,MMR Dose 2 by Age 7,2008,61.09,1.9900000000000002,-10.150000000000002,81.30000000000001
Z3.4.A.01,2016,MMR Dose 2 by Age 7,2009,69.17,1.9100000000000001,-6.76,82.10000000000001
Z3.4.A.01,2017,MMR Dose 2 by Age 7,2010,67.4,1.9500000000000002,-7.3100000000000005,81.63000000000001
Z3.4.A.01,2018,MMR Dose 2 by Age 7,2011,69.27,1.8900000000000001,-6.26,81.08
Z3.4.A.01,2019,MMR Dose 2 by Age 7,2012,61.38,2.16,-9.43,81.72
Z3.4.A.01,2020,MMR Dose 2 by Age 7,2013,54.51,2.17,-10.64,77.60000000000001
Z3.4.A.01,2021,MMR Dose 2 by Age 7,2014,56.370000000000005,2.15,-8.55,74.73
Z3.4.A.01,2022,MMR Dose 2 by Age 7,2015,52.0,2.24,-9.850000000000001,74.08
Z3.4.A.01,2023,MMR Dose 2 by Age 7,2016,49.2,2.2,-10.670000000000002,72.63000000000001
Z3.4.B.02,2014,MMR Dose 1 by Age 13,2001,93.95,2.63,-0.92,96.38000000000001
Z3.4.B.02,2015,MMR Dose 1 by Age 13,2002,93.26,2.2600000000000002,-1.4400000000000002,96.51
Z3.4.B.02,2016,MMR Dose 1 by Age 13,2003,96.84000000000002,1.4300000000000002,0.13,96.66000000000001
Z3.4.B.02,2017,MMR Dose 1 by Age 13,2004,96.54,1.4800000000000002,-0.26,96.92
Z3.4.B.02,2018,MMR Dose 1 by Age 13,2005,97.10000000000001,1.36,0.0,97.09
Z3.4.B.02,2019,MMR Dose 1 by Age 13,2006,98.52,0.88,1.9400000000000002,96.81000000000002
Z3.4.B.02,2020,MMR Dose 1 by Age 13,2007,95.10000000000001,1.7900000000000003,-0.6700000000000002,96.30000000000001
Z3.4.B.02,2021,MMR Dose 1 by Age 13,2008,97.46000000000001,1.06,1.7200000000000002,95.64000000000001
Z3.4.B.02,2022,MMR Dose 1 by Age 13,2009,90.43,2.55,-1.8900000000000001,95.25
Z3.4.B.02,2023,MMR Dose 1 by Age 13,2010,94.33000000000001,1.9700000000000002,-0.32000000000000006,94.95
Z3.4.B.02,2014,MMR Dose 1 by Age 17,1997,98.24000000000001,0.9500000000000001,2.12,96.23
Z3.4.B.02,2015,MMR Dose 1 by Age 17,1998,95.02,1.85,-0.8,96.51
Z3.4.B.02,2016,MMR Dose 1 by Age 17,1999,98.64000000000001,0.81,2.39,96.71000000000001
Z3.4.B.02,2017,MMR Dose 1 by Age 17,2000,98.47,0.8700000000000001,1.7700000000000002,96.94000000000001
Z3.4.B.02,2018,MMR Dose 1 by Age 17,2001,97.03,1.56,0.01,97.03
Z3.4.B.02,2019,MMR Dose 1 by Age 17,2002,95.64000000000001,1.7400000000000002,-0.9,97.22
Z3.4.B.02,2020,MMR Dose 1 by Age 17,2003,97.48,1.2100000000000002,-0.22,97.75
Z3.4.B.02,2021,MMR Dose 1 by Age 17,2004,96.54,1.4800000000000002,-0.8700000000000001,97.84000000000002
Z3.4.B.02,2022,MMR Dose 1 by Age 17,2005,97.56,1.1800000000000002,-0.23,97.83000000000001
Z3.4.B.02,2023,MMR Dose 1 by Age 17,2006,98.79,0.76,2.0,97.27
Z3.4.B.02,2014,MMR Dose 1 by Age 2,2012,83.08,3.1,-1.6,88.05
Z3.4.B.02,2015,MMR Dose 1 by Age 2,2013,85.0,2.7600000000000002,-0.77,87.11000000000001
Z3.4.B.02,2016,MMR Dose 1 by Age 2,2014,86.03,2.81,-0.45,87.29
Z3.4.B.02,2017,MMR Dose 1 by Age 2,2015,86.4,2.8600000000000003,-0.23,87.05
Z3.4.B.02,2018,MMR Dose 1 by Age 2,2016,84.92,2.85,-0.6400000000000001,86.73
Z3.4.B.02,2019,MMR Dose 1 by Age 2,2017,86.57,2.7600000000000002,-0.14,86.96000000000001
Z3.4.B.02,2020,MMR Dose 1 by Age 2,2018,84.42,3.18,-0.7000000000000001,86.65
Z3.4.B.02,2021,MMR Dose 1 by Age 2,2019,70.16000000000001,3.79,-3.4400000000000004,83.2
Z3.4.B.02,2022,MMR Dose 1 by Age 2,2020,74.74000000000001,3.81,-1.9200000000000002,82.07
Z3.4.B.02,2023,MMR Dose 1 by Age 2,2021,71.73,3.8000000000000003,-2.62,81.67
Z3.4.B.02,2014,MMR Dose 2 by Age 13,2001,93.07,2.43,0.54,91.76
Z3.4.B.02,2015,MMR Dose 2 by Age 13,2002,89.46000000000001,2.69,-0.8300000000000001,91.68
Z3.4.B.02,2016,MMR Dose 2 by Age 13,2003,90.02,2.55,-0.45,91.18
Z3.4.B.02,2017,MMR Dose 2 by Age 13,2004,91.19000000000001,2.35,-0.11,91.45
Z3.4.B.02,2018,MMR Dose 2 by Age 13,2005,87.35000000000001,2.9000000000000004,-1.3800000000000001,91.34000000000002
Z3.4.B.02,2019,MMR Dose 2 by Age 13,2006,95.21000000000001,1.6300000000000001,2.3000000000000003,91.46000000000001
Z3.4.B.02,2020,MMR Dose 2 by Age 13,2007,93.79,1.8900000000000001,1.4800000000000002,91.01
Z3.4.B.02,2021,MMR Dose 2 by Age 13,2008,91.80000000000001,2.08,0.96,89.81000000000002
Z3.4.B.02,2022,MMR Dose 2 by Age 13,2009,87.53,2.66,-0.8600000000000001,89.83000000000001
Z3.4.B.02,2023,MMR Dose 2 by Age 13,2010,91.61000000000001,2.22,0.9,89.61000000000001
Z3.4.B.02,2014,MMR Dose 2 by Age 17,1997,97.45,1.09,4.630000000000001,92.41000000000001
Z3.4.B.02,2015,MMR Dose 2 by Age 17,1998,93.64000000000001,2.01,0.44,92.75
Z3.4.B.02,2016,MMR Dose 2 by Age 17,1999,95.99000000000001,1.5,1.85,93.22
Z3.4.B.02,2017,MMR Dose 2 by Age 17,2000,95.82000000000001,1.61,1.4400000000000002,93.49000000000001
Z3.4.B.02,2018,MMR Dose 2 by Age 17,2001,95.52,1.7400000000000002,1.2300000000000002,93.37
Z3.4.B.02,2019,MMR Dose 2 by Age 17,2002,92.76,2.21,-0.37000000000000005,93.56
Z3.4.B.02,2020,MMR Dose 2 by Age 17,2003,91.66000000000001,2.3000000000000003,-1.1600000000000001,94.32000000000001
Z3.4.B.02,2021,MMR Dose 2 by Age 17,2004,92.36000000000001,2.18,-0.91,94.35000000000001
Z3.4.B.02,2022,MMR Dose 2 by Age 17,2005,90.76,2.39,-1.1900000000000002,93.60000000000001
Z3.4.B.02,2023,MMR Dose 2 by Age 17,2006,95.98,1.4600000000000002,2.3000000000000003,92.62
Z3.4.B.02,2023,MMR Dose 2 by Age 2,2021,52.06,4.21,-4.1000000000000005,69.32
Z3.4.B.02,2014,MMR Dose 2 by Age 7,2007,80.14000000000001,3.5,-0.12000000000000001,80.57
Z3.4.B.02,2015,MMR Dose 2 by Age 7,2008,82.77,2.9200000000000004,0.5,81.30000000000001
Z3.4.B.02,2016,MMR Dose 2 by Age 7,2009,71.48,3.81,-2.79,82.10000000000001
Z3.4.B.02,2017,MMR Dose 2 by Age 7,2010,81.17,3.31,-0.14,81.63000000000001
Z3.4.B.02,2018,MMR Dose 2 by Age 7,2011,81.37,3.07,0.1,81.08
Z3.4.B.02,2019,MMR Dose 2 by Age 7,2012,82.32000000000001,2.91,0.2,81.72
Z3.4.B.02,2020,MMR Dose 2 by Age 7,2013,80.2,2.8800000000000003,0.9,77.60000000000001
Z3.4.B.02,2021,MMR Dose 2 by Age 7,2014,75.89,3.21,0.36000000000000004,74.73
Z3.4.B.02,2022,MMR Dose 2 by Age 7,2015,75.55,3.51,0.42000000000000004,74.08
Z3.4.B.02,2023,MMR Dose 2 by Age 7,2016,68.56,3.52,-1.1500000000000001,72.63000000000001
Z3.4.B.03,2014,MMR Dose 1 by Age 13,2001,92.55,2.99,-1.2800000000000002,96.38000000000001
Z3.4.B.03,2015,MMR Dose 1 by Age 13,2002,97.16000000000001,1.6600000000000001,0.39,96.51
Z3.4.B.03,2016,MMR Dose 1 by Age 13,2003,93.9,2.3400000000000003,-1.1800000000000002,96.66000000000001
Z3.4.B.03,2017,MMR Dose 1 by Age 13,2004,94.27,2.15,-1.2400000000000002,96.92
Z3.4.B.03,2018,MMR Dose 1 by Age 13,2005,88.73,3.39,-2.47,97.09
Z3.4.B.03,2019,MMR Dose 1 by Age 13,2006,92.10000000000001,2.6,-1.81,96.81000000000002
Z3.4.B.03,2020,MMR Dose 1 by Age 13,2007,85.4,3.51,-3.1,96.30000000000001
Z3.4.B.03,2021,MMR Dose 1 by Age 13,2008,89.30000000000001,3.05,-2.08,95.64000000000001
Z3.4.B.03,2022,MMR Dose 1 by Age 13,2009,90.98,2.58,-1.6600000000000001,95.25
Z3.4.B.03,2023,MMR Dose 1 by Age 13,2010,90.75,2.7600000000000002,-1.52,94.95
Z3.4.B.03,2014,MMR Dose 1 by Age 17,1997,91.76,2.99,-1.4900000000000002,96.23
Z3.4.B.03,2015,MMR Dose 1 by Age 17,1998,95.34000000000002,2.4000000000000004,-0.48000000000000004,96.51
Z3.4.B.03,2016,MMR Dose 1 by Age 17,1999,94.33000000000001,2.21,-1.08,96.71000000000001
Z3.4.B.03,2017,MMR Dose 1 by Age 17,2000,94.4,2.54,-1.0,96.94000000000001
Z3.4.B.03,2018,MMR Dose 1 by Age 17,2001,94.16000000000001,2.56,-1.12,97.03
Z3.4.B.03,2019,MMR Dose 1 by Age 17,2002,97.16000000000001,1.6600000000000001,-0.03,97.22
Z3.4.B.03,2020,MMR Dose 1 by Age 17,2003,93.9,2.3400000000000003,-1.6400000000000001,97.75
Z3.4.B.03,2021,MMR Dose 1 by Age 17,2004,94.27,2.15,-1.6600000000000001,97.84000000000002
Z3.4.B.03,2022,MMR Dose 1 by Age 17,2005,89.37,3.25,-2.6,97.83000000000001
Z3.4.B.03,2023,MMR Dose 1 by Age 17,2006,92.73,2.47,-1.84,97.27
Z3.4.B.03,2014,MMR Dose 1 by Age 2,2012,82.87,3.61,-1.4300000000000002,88.05
Z3.4.B.03,2015,MMR Dose 1 by Age 2,2013,84.68,3.37,-0.7200000000000001,87.11000000000001
Z3.4.B.03,2016,MMR Dose 1 by Age 2,2014,78.88000000000001,4.180000000000001,-2.01,87.29
Z3.4.B.03,2017,MMR Dose 1 by Age 2,2015,76.62,3.93,-2.65,87.05
Z3.4.B.03,2018,MMR Dose 1 by Age 2,2016,84.41000000000001,3.4000000000000004,-0.68,86.73
Z3.4.B.03,2019,MMR Dose 1 by Age 2,2017,75.86,3.8600000000000003,-2.8800000000000003,86.96000000000001
Z3.4.B.03,2020,MMR Dose 1 by Age 2,2018,76.77,4.5,-2.19,86.65
Z3.4.B.03,2021,MMR Dose 1 by Age 2,2019,76.9,4.15,-1.52,83.2
Z3.4.B.03,2022,MMR Dose 1 by Age 2,2020,62.96000000000001,4.71,-4.06,82.07
Z3.4.B.03,2023,MMR Dose 1 by Age 2,2021,59.86000000000001,4.92,-4.430000000000001,81.67
Z3.4.B.03,2014,MMR Dose 2 by Age 13,2001,87.49000000000001,3.5,-1.2200000000000002,91.76
Z3.4.B.03,2015,MMR Dose 2 by Age 13,2002,90.93,2.85,-0.26,91.68
Z3.4.B.03,2016,MMR Dose 2 by Age 13,2003,89.79,3.04,-0.45,91.18
Z3.4.B.03,2017,MMR Dose 2 by Age 13,2004,86.42,3.1,-1.62,91.45
Z3.4.B.03,2018,MMR Dose 2 by Age 13,2005,80.36000000000001,4.04,-2.72,91.34000000000002
Z3.4.B.03,2019,MMR Dose 2 by Age 13,2006,87.62,3.1,-1.2400000000000002,91.46000000000001
Z3.4.B.03,2020,MMR Dose 2 by Age 13,2007,78.83000000000001,4.03,-3.02,91.01
Z3.4.B.03,2021,MMR Dose 2 by Age 13,2008,82.27,3.75,-2.01,89.81000000000002
Z3.4.B.03,2022,MMR Dose 2 by Age 13,2009,86.59,2.93,-1.11,89.83000000000001
Z3.4.B.03,2023,MMR Dose 2 by Age 13,2010,86.2,3.19,-1.07,89.61000000000001
Z3.4.B.03,2014,MMR Dose 2 by Age 17,1997,90.15,3.4000000000000004,-0.6600000000000001,92.41000000000001
Z3.4.B.03,2015,MMR Dose 2 by Age 17,1998,93.9,2.27,0.51,92.75
Z3.4.B.03,2016,MMR Dose 2 by Age 17,1999,91.19000000000001,2.56,-0.79,93.22
Z3.4.B.03,2017,MMR Dose 2 by Age 17,2000,89.67,3.15,-1.2200000000000002,93.49000000000001
Z3.4.B.03,2018,MMR Dose 2 by Age 17,2001,89.28,3.22,-1.2700000000000002,93.37
Z3.4.B.03,2019,MMR Dose 2 by Age 17,2002,92.75,2.56,-0.32000000000000006,93.56
Z3.4.B.03,2020,MMR Dose 2 by Age 17,2003,91.43,2.77,-1.05,94.32000000000001
Z3.4.B.03,2021,MMR Dose 2 by Age 17,2004,87.81000000000002,2.9400000000000004,-2.23,94.35000000000001
Z3.4.B.03,2022,MMR Dose 2 by Age 17,2005,83.66000000000001,3.7800000000000002,-2.63,93.60000000000001
Z3.4.B.03,2023,MMR Dose 2 by Age 17,2006,90.03,2.72,-0.9500000000000001,92.62
Z3.4.B.03,2023,MMR Dose 2 by Age 2,2021,45.99000000000001,4.98,-4.680000000000001,69.32
Z3.4.B.03,2014,MMR Dose 2 by Age 7,2007,69.57,4.44,-2.47,80.57
Z3.4.B.03,2015,MMR Dose 2 by Age 7,2008,77.53,4.11,-0.92,81.30000000000001
Z3.4.B.03,2016,MMR Dose 2 by Age 7,2009,75.06,3.8000000000000003,-1.85,82.10000000000001
Z3.4.B.03,2017,MMR Dose 2 by Age 7,2010,76.88000000000001,3.9400000000000004,-1.2100000000000002,81.63000000000001
Z3.4.B.03,2018,MMR Dose 2 by Age 7,2011,74.33,3.66,-1.85,81.08
Z3.4.B.03,2019,MMR Dose 2 by Age 7,2012,77.42,3.79,-1.1300000000000001,81.72
Z3.4.B.03,2020,MMR Dose 2 by Age 7,2013,71.72,4.07,-1.4500000000000002,77.60000000000001
Z3.4.B.03,2021,MMR Dose 2 by Age 7,2014,71.85,4.58,-0.6300000000000001,74.73
Z3.4.B.03,2022,MMR Dose 2 by Age 7,2015,59.7,4.34,-3.31,74.08
Z3.4.B.03,2023,MMR Dose 2 by Age 7,2016,67.78,4.319999999999999,-1.12,72.63000000000001
Z3.4.B.04,2014,MMR Dose 1 by Age 13,2001,92.19000000000001,1.6300000000000001,-2.57,96.38000000000001
Z3.4.B.04,2015,MMR Dose 1 by Age 13,2002,95.80000000000001,1.1800000000000002,-0.6000000000000001,96.51
Z3.4.B.04,2016,MMR Dose 1 by Age 13,2003,91.97,1.85,-2.53,96.66000000000001
Z3.4.B.04,2017,MMR Dose 1 by Age 13,2004,94.03,1.4000000000000001,-2.06,96.92
Z3.4.B.04,2018,MMR Dose 1 by Age 13,2005,94.01,1.3800000000000001,-2.24,97.09
Z3.4.B.04,2019,MMR Dose 1 by Age 13,2006,90.37,1.8,-3.58,96.81000000000002
Z3.4.B.04,2020,MMR Dose 1 by Age 13,2007,93.92,1.2600000000000002,-1.8900000000000001,96.30000000000001
Z3.4.B.04,2021,MMR Dose 1 by Age 13,2008,90.57,1.7600000000000002,-2.87,95.64000000000001
Z3.4.B.04,2022,MMR Dose 1 by Age 13,2009,91.12,1.57,-2.64,95.25
Z3.4.B.04,2023,MMR Dose 1 by Age 13,2010,94.58,1.31,-0.29000000000000004,94.95
Z3.4.B.04,2014,MMR Dose 1 by Age 17,1997,95.17,1.34,-0.79,96.23
Z3.4.B.04,2015,MMR Dose 1 by Age 17,1998,93.43,1.7700000000000002,-1.7400000000000002,96.51
Z3.4.B.04,2016,MMR Dose 1 by Age 17,1999,94.0,1.52,-1.7900000000000003,96.71000000000001
Z3.4.B.04,2017,MMR Dose 1 by Age 17,2000,95.58,1.2300000000000002,-1.1,96.94000000000001
Z3.4.B.04,2018,MMR Dose 1 by Age 17,2001,94.02,1.37,-2.19,97.03
Z3.4.B.04,2019,MMR Dose 1 by Age 17,2002,96.52,1.03,-0.68,97.22
Z3.4.B.04,2020,MMR Dose 1 by Age 17,2003,92.83000000000001,1.7200000000000002,-2.8600000000000003,97.75
Z3.4.B.04,2021,MMR Dose 1 by Age 17,2004,95.61000000000001,1.1400000000000001,-1.9600000000000002,97.84000000000002
Z3.4.B.04,2022,MMR Dose 1 by Age 17,2005,94.45,1.31,-2.58,97.83000000000001
Z3.4.B.04,2023,MMR Dose 1 by Age 17,2006,90.7,1.7700000000000002,-3.71,97.27
Z3.4.B.04,2014,MMR Dose 1 by Age 2,2012,81.33000000000001,2.31,-2.91,88.05
Z3.4.B.04,2015,MMR Dose 1 by Age 2,2013,82.77,2.4000000000000004,-1.81,87.11000000000001
Z3.4.B.04,2016,MMR Dose 1 by Age 2,2014,82.87,2.3000000000000003,-1.9200000000000002,87.29
Z3.4.B.04,2017,MMR Dose 1 by Age 2,2015,80.21000000000001,2.3800000000000003,-2.87,87.05
Z3.4.B.04,2018,MMR Dose 1 by Age 2,2016,84.96000000000001,2.23,-0.8,86.73
Z3.4.B.04,2019,MMR Dose 1 by Age 2,2017,81.93,2.43,-2.07,86.96000000000001
Z3.4.B.04,2020,MMR Dose 1 by Age 2,2018,83.22,2.24,-1.53,86.65
Z3.4.B.04,2021,MMR Dose 1 by Age 2,2019,79.68,2.43,-1.4500000000000002,83.2
Z3.4.B.04,2022,MMR Dose 1 by Age 2,2020,71.06,2.81,-3.91,82.07
Z3.4.B.04,2023,MMR Dose 1 by Age 2,2021,75.22,2.58,-2.51,81.67
Z3.4.B.04,2014,MMR Dose 2 by Age 13,2001,84.79,2.1,-3.31,91.76
Z3.4.B.04,2015,MMR Dose 2 by Age 13,2002,84.98,2.22,-3.02,91.68
Z3.4.B.04,2016,MMR Dose 2 by Age 13,2003,84.30000000000001,2.2800000000000002,-3.02,91.18
Z3.4.B.04,2017,MMR Dose 2 by Age 13,2004,86.80000000000001,2.0,-2.33,91.45
Z3.4.B.04,2018,MMR Dose 2 by Age 13,2005,82.89000000000001,2.33,-3.63,91.34000000000002
Z3.4.B.04,2019,MMR Dose 2 by Age 13,2006,89.09,1.84,-1.2900000000000003,91.46000000000001
Z3.4.B.04,2020,MMR Dose 2 by Age 13,2007,87.69000000000001,1.84,-1.81,91.01
Z3.4.B.04,2021,MMR Dose 2 by Age 13,2008,84.22,2.12,-2.63,89.81000000000002
Z3.4.B.04,2022,MMR Dose 2 by Age 13,2009,85.43,1.9500000000000002,-2.2600000000000002,89.83000000000001
Z3.4.B.04,2023,MMR Dose 2 by Age 13,2010,85.64000000000001,2.07,-1.9200000000000002,89.61000000000001
Z3.4.B.04,2014,MMR Dose 2 by Age 17,1997,89.99000000000001,1.87,-1.2900000000000003,92.41000000000001
Z3.4.B.04,2015,MMR Dose 2 by Age 17,1998,89.12,1.9800000000000002,-1.84,92.75
Z3.4.B.04,2016,MMR Dose 2 by Age 17,1999,89.60000000000001,1.8,-2.01,93.22
Z3.4.B.04,2017,MMR Dose 2 by Age 17,2000,91.35000000000001,1.6700000000000002,-1.2800000000000002,93.49000000000001
Z3.4.B.04,2018,MMR Dose 2 by Age 17,2001,88.17,1.85,-2.81,93.37
Z3.4.B.04,2019,MMR Dose 2 by Age 17,2002,87.22,2.04,-3.11,93.56
Z3.4.B.04,2020,MMR Dose 2 by Age 17,2003,87.33000000000001,2.05,-3.41,94.32000000000001
Z3.4.B.04,2021,MMR Dose 2 by Age 17,2004,90.55,1.6600000000000001,-2.2800000000000002,94.35000000000001
Z3.4.B.04,2022,MMR Dose 2 by Age 17,2005,86.53,2.07,-3.41,93.60000000000001
Z3.4.B.04,2023,MMR Dose 2 by Age 17,2006,90.13000000000001,1.7400000000000002,-1.4400000000000002,92.62
Z3.4.B.04,2023,MMR Dose 2 by Age 2,2021,61.75,2.8800000000000003,-2.62,69.32
Z3.4.B.04,2014,MMR Dose 2 by Age 7,2007,77.08,2.39,-1.4600000000000002,80.57
Z3.4.B.04,2015,MMR Dose 2 by Age 7,2008,72.76,2.64,-3.23,81.30000000000001
Z3.4.B.04,2016,MMR Dose 2 by Age 7,2009,76.31,2.39,-2.43,82.10000000000001
Z3.4.B.04,2017,MMR Dose 2 by Age 7,2010,75.9,2.57,-2.23,81.63000000000001
Z3.4.B.04,2018,MMR Dose 2 by Age 7,2011,73.57,2.52,-2.9800000000000004,81.08
Z3.4.B.04,2019,MMR Dose 2 by Age 7,2012,73.83,2.57,-3.07,81.72
Z3.4.B.04,2020,MMR Dose 2 by Age 7,2013,74.16000000000001,2.53,-1.36,77.60000000000001
Z3.4.B.04,2021,MMR Dose 2 by Age 7,2014,72.66000000000001,2.55,-0.81,74.73
Z3.4.B.04,2022,MMR Dose 2 by Age 7,2015,72.86,2.4400000000000004,-0.5,74.08
Z3.4.B.04,2023,MMR Dose 2 by Age 7,2016,74.49000000000001,2.5,0.7500000000000001,72.63000000000001
Z3.5.A.01,2014,MMR Dose 1 by Age 13,2001,94.08,1.4500000000000002,-1.59,96.38000000000001
Z3.5.A.01,2015,MMR Dose 1 by Age 13,2002,93.44000000000001,1.4600000000000002,-2.11,96.51
Z3.5.A.01,2016,MMR Dose 1 by Age 13,2003,96.10000000000001,1.1600000000000001,-0.48000000000000004,96.66000000000001
Z3.5.A.01,2017,MMR Dose 1 by Age 13,2004,93.59,1.4100000000000001,-2.35,96.92
Z3.5.A.01,2018,MMR Dose 1 by Age 13,2005,95.76,1.08,-1.2300000000000002,97.09
Z3.5.A.01,2019,MMR Dose 1 by Age 13,2006,98.10000000000001,0.6600000000000001,1.9500000000000002,96.81000000000002
Z3.5.A.01,2020,MMR Dose 1 by Age 13,2007,96.21000000000001,0.8700000000000001,-0.1,96.30000000000001
Z3.5.A.01,2021,MMR Dose 1 by Age 13,2008,95.84000000000002,0.9400000000000001,0.22,95.64000000000001
Z3.5.A.01,2022,MMR Dose 1 by Age 13,2009,96.33000000000001,0.89,1.2100000000000002,95.25
Z3.5.A.01,2023,MMR Dose 1 by Age 13,2010,94.29,1.2300000000000002,-0.54,94.95
Z3.5.A.01,2014,MMR Dose 1 by Age 17,1997,96.02,1.2100000000000002,-0.17,96.23
Z3.5.A.01,2015,MMR Dose 1 by Age 17,1998,95.69000000000001,1.1500000000000001,-0.7100000000000001,96.51
Z3.5.A.01,2016,MMR Dose 1 by Age 17,1999,95.71000000000001,1.1600000000000001,-0.8600000000000001,96.71000000000001
Z3.5.A.01,2017,MMR Dose 1 by Age 17,2000,95.48,1.2500000000000002,-1.1600000000000001,96.94000000000001
Z3.5.A.01,2018,MMR Dose 1 by Age 17,2001,95.39000000000001,1.2200000000000002,-1.34,97.03
Z3.5.A.01,2019,MMR Dose 1 by Age 17,2002,95.35000000000001,1.1800000000000002,-1.58,97.22
Z3.5.A.01,2020,MMR Dose 1 by Age 17,2003,97.38000000000001,0.88,-0.42000000000000004,97.75
Z3.5.A.01,2021,MMR Dose 1 by Age 17,2004,96.45,1.0,-1.4000000000000001,97.84000000000002
Z3.5.A.01,2022,MMR Dose 1 by Age 17,2005,96.7,0.92,-1.2300000000000002,97.83000000000001
Z3.5.A.01,2023,MMR Dose 1 by Age 17,2006,98.10000000000001,0.6600000000000001,1.2600000000000002,97.27
Z3.5.A.01,2014,MMR Dose 1 by Age 2,2012,88.86000000000001,1.6700000000000002,0.49,88.05
Z3.5.A.01,2015,MMR Dose 1 by Age 2,2013,90.35000000000001,1.53,2.12,87.11000000000001
Z3.5.A.01,2016,MMR Dose 1 by Age 2,2014,91.80000000000001,1.4200000000000002,3.17,87.29
Z3.5.A.01,2017,MMR Dose 1 by Age 2,2015,90.2,1.6,1.9700000000000002,87.05
Z3.5.A.01,2018,MMR Dose 1 by Age 2,2016,88.54,1.7100000000000002,1.06,86.73
Z3.5.A.01,2019,MMR Dose 1 by Age 2,2017,88.67,1.85,0.92,86.96000000000001
Z3.5.A.01,2020,MMR Dose 1 by Age 2,2018,89.64000000000001,1.6600000000000001,1.8,86.65
Z3.5.A.01,2021,MMR Dose 1 by Age 2,2019,84.89000000000001,2.09,0.81,83.2
Z3.5.A.01,2022,MMR Dose 1 by Age 2,2020,86.11000000000001,2.05,1.9700000000000002,82.07
Z3.5.A.01,2023,MMR Dose 1 by Age 2,2021,83.07,2.08,0.68,81.67
Z3.5.A.01,2014,MMR Dose 2 by Age 13,2001,83.4,2.33,-3.59,91.76
Z3.5.A.01,2015,MMR Dose 2 by Age 13,2002,86.77,1.9800000000000002,-2.4800000000000004,91.68
Z3.5.A.01,2016,MMR Dose 2 by Age 13,2003,87.61000000000001,1.87,-1.9100000000000001,91.18
Z3.5.A.01,2017,MMR Dose 2 by Age 13,2004,86.7,1.9000000000000001,-2.5,91.45
Z3.5.A.01,2018,MMR Dose 2 by Age 13,2005,87.64000000000001,1.82,-2.04,91.34000000000002
Z3.5.A.01,2019,MMR Dose 2 by Age 13,2006,90.13000000000001,1.59,-0.8400000000000001,91.46000000000001
Z3.5.A.01,2020,MMR Dose 2 by Age 13,2007,90.2,1.4100000000000001,-0.5700000000000001,91.01
Z3.5.A.01,2021,MMR Dose 2 by Age 13,2008,89.34000000000002,1.55,-0.30000000000000004,89.81000000000002
Z3.5.A.01,2022,MMR Dose 2 by Age 13,2009,92.74000000000001,1.2900000000000003,2.2600000000000002,89.83000000000001
Z3.5.A.01,2023,MMR Dose 2 by Age 13,2010,87.63000000000001,1.6700000000000002,-1.1800000000000002,89.61000000000001
Z3.5.A.01,2014,MMR Dose 2 by Age 17,1997,88.93,1.86,-1.87,92.41000000000001
Z3.5.A.01,2015,MMR Dose 2 by Age 17,1998,90.54,1.6800000000000002,-1.31,92.75
Z3.5.A.01,2016,MMR Dose 2 by Age 17,1999,88.92,1.83,-2.35,93.22
Z3.5.A.01,2017,MMR Dose 2 by Age 17,2000,88.45,1.83,-2.7600000000000002,93.49000000000001
Z3.5.A.01,2018,MMR Dose 2 by Age 17,2001,89.14000000000001,1.87,-2.2600000000000002,93.37
Z3.5.A.01,2019,MMR Dose 2 by Age 17,2002,91.7,1.53,-1.2200000000000002,93.56
Z3.5.A.01,2020,MMR Dose 2 by Age 17,2003,92.32000000000001,1.4200000000000002,-1.4100000000000001,94.32000000000001
Z3.5.A.01,2021,MMR Dose 2 by Age 17,2004,91.16000000000001,1.56,-2.04,94.35000000000001
Z3.5.A.01,2022,MMR Dose 2 by Age 17,2005,90.28,1.6300000000000001,-2.04,93.60000000000001
Z3.5.A.01,2023,MMR Dose 2 by Age 17,2006,91.96000000000001,1.4600000000000002,-0.45,92.62
Z3.5.A.01,2023,MMR Dose 2 by Age 2,2021,70.56,2.49,0.5,69.32
Z3.5.A.01,2014,MMR Dose 2 by Age 7,2007,78.17,2.04,-1.1800000000000002,80.57
Z3.5.A.01,2015,MMR Dose 2 by Age 7,2008,78.97,2.07,-1.1300000000000001,81.30000000000001
Z3.5.A.01,2016,MMR Dose 2 by Age 7,2009,83.76,1.9300000000000002,0.8600000000000001,82.10000000000001
Z3.5.A.01,2017,MMR Dose 2 by Age 7,2010,79.76,2.08,-0.9,81.63000000000001
Z3.5.A.01,2018,MMR Dose 2 by Age 7,2011,83.67,1.9300000000000002,1.34,81.08
Z3.5.A.01,2019,MMR Dose 2 by Age 7,2012,83.86000000000001,1.8800000000000001,1.1400000000000001,81.72
Z3.5.A.01,2020,MMR Dose 2 by Age 7,2013,85.48,1.7500000000000002,4.5,77.60000000000001
Z3.5.A.01,2021,MMR Dose 2 by Age 7,2014,83.51,1.87,4.7,74.73
Z3.5.A.01,2022,MMR Dose 2 by Age 7,2015,84.41000000000001,1.9300000000000002,5.340000000000001,74.08
Z3.5.A.01,2023,MMR Dose 2 by Age 7,2016,78.45,2.15,2.7,72.63000000000001
Z3.5.B.02,2014,MMR Dose 1 by Age 13,2001,88.11000000000001,3.77,-2.19,96.38000000000001
Z3.5.B.02,2015,MMR Dose 1 by Age 13,2002,97.17,1.61,0.41000000000000003,96.51
Z3.5.B.02,2016,MMR Dose 1 by Age 13,2003,92.28,3.03,-1.4500000000000002,96.66000000000001
Z3.5.B.02,2017,MMR Dose 1 by Age 13,2004,93.23,2.79,-1.33,96.92
Z3.5.B.02,2018,MMR Dose 1 by Age 13,2005,87.47,3.63,-2.65,97.09
Z3.5.B.02,2019,MMR Dose 1 by Age 13,2006,96.26,1.81,-0.30000000000000004,96.81000000000002
Z3.5.B.02,2020,MMR Dose 1 by Age 13,2007,93.63000000000001,2.4200000000000004,-1.1,96.30000000000001
Z3.5.B.02,2021,MMR Dose 1 by Age 13,2008,94.64000000000001,2.2,-0.45,95.64000000000001
Z3.5.B.02,2022,MMR Dose 1 by Age 13,2009,92.68,2.4400000000000004,-1.06,95.25
Z3.5.B.02,2023,MMR Dose 1 by Age 13,2010,89.66000000000001,2.9000000000000004,-1.82,94.95
Z3.5.B.02,2014,MMR Dose 1 by Age 17,1997,88.13000000000001,3.4800000000000004,-2.33,96.23
Z3.5.B.02,2015,MMR Dose 1 by Age 17,1998,93.7,2.68,-1.05,96.51
Z3.5.B.02,2016,MMR Dose 1 by Age 17,1999,95.95,1.9100000000000001,-0.39,96.71000000000001
Z3.5.B.02,2017,MMR Dose 1 by Age 17,2000,90.32000000000001,3.33,-1.9900000000000002,96.94000000000001
Z3.5.B.02,2018,MMR Dose 1 by Age 17,2001,89.06,3.59,-2.22,97.03
Z3.5.B.02,2019,MMR Dose 1 by Age 17,2002,97.69000000000001,1.4000000000000001,0.33000000000000007,97.22
Z3.5.B.02,2020,MMR Dose 1 by Age 17,2003,92.28,3.03,-1.81,97.75
Z3.5.B.02,2021,MMR Dose 1 by Age 17,2004,93.23,2.79,-1.6600000000000001,97.84000000000002
Z3.5.B.02,2022,MMR Dose 1 by Age 17,2005,88.79,3.4800000000000004,-2.6,97.83000000000001
Z3.5.B.02,2023,MMR Dose 1 by Age 17,2006,96.26,1.81,-0.56,97.27
Z3.5.B.02,2014,MMR Dose 1 by Age 2,2012,79.29,4.2700000000000005,-2.05,88.05
Z3.5.B.02,2015,MMR Dose 1 by Age 2,2013,88.32000000000001,3.4600000000000004,0.35000000000000003,87.11000000000001
Z3.5.B.02,2016,MMR Dose 1 by Age 2,2014,88.27,3.31,0.29000000000000004,87.29
Z3.5.B.02,2017,MMR Dose 1 by Age 2,2015,89.82000000000001,3.14,0.88,87.05
Z3.5.B.02,2018,MMR Dose 1 by Age 2,2016,87.59,3.4400000000000004,0.25,86.73
Z3.5.B.02,2019,MMR Dose 1 by Age 2,2017,83.57,4.1000000000000005,-0.8300000000000001,86.96000000000001
Z3.5.B.02,2020,MMR Dose 1 by Age 2,2018,84.61000000000001,4.25,-0.48000000000000004,86.65
Z3.5.B.02,2021,MMR Dose 1 by Age 2,2019,76.88000000000001,5.49,-1.1500000000000001,83.2
Z3.5.B.02,2022,MMR Dose 1 by Age 2,2020,83.85000000000001,4.54,0.39,82.07
Z3.5.B.02,2023,MMR Dose 1 by Age 2,2021,73.76,4.890000000000001,-1.62,81.67
Z3.5.B.02,2014,MMR Dose 2 by Age 13,2001,82.37,4.12,-2.2800000000000002,91.76
Z3.5.B.02,2015,MMR Dose 2 by Age 13,2002,87.29,3.69,-1.1900000000000002,91.68
Z3.5.B.02,2016,MMR Dose 2 by Age 13,2003,82.10000000000001,4.34,-2.09,91.18
Z3.5.B.02,2017,MMR Dose 2 by Age 13,2004,90.45,2.8800000000000003,-0.35000000000000003,91.45
Z3.5.B.02,2018,MMR Dose 2 by Age 13,2005,80.43,4.51,-2.4200000000000004,91.34000000000002
Z3.5.B.02,2019,MMR Dose 2 by Age 13,2006,88.34000000000002,2.95,-1.06,91.46000000000001
Z3.5.B.02,2020,MMR Dose 2 by Age 13,2007,90.9,2.9600000000000004,-0.04,91.01
Z3.5.B.02,2021,MMR Dose 2 by Age 13,2008,89.08,2.87,-0.25,89.81000000000002
Z3.5.B.02,2022,MMR Dose 2 by Age 13,2009,86.5,3.3000000000000003,-1.01,89.83000000000001
Z3.5.B.02,2023,MMR Dose 2 by Age 13,2010,86.7,3.16,-0.92,89.61000000000001
Z3.5.B.02,2014,MMR Dose 2 by Age 17,1997,69.51,4.880000000000001,-4.69,92.41000000000001
Z3.5.B.02,2015,MMR Dose 2 by Age 17,1998,92.03,2.62,-0.28,92.75
Z3.5.B.02,2016,MMR Dose 2 by Age 17,1999,91.05,2.93,-0.7400000000000001,93.22
Z3.5.B.02,2017,MMR Dose 2 by Age 17,2000,81.08,4.07,-3.05,93.49000000000001
Z3.5.B.02,2018,MMR Dose 2 by Age 17,2001,85.44000000000001,3.77,-2.1,93.37
Z3.5.B.02,2019,MMR Dose 2 by Age 17,2002,89.5,3.37,-1.2100000000000002,93.56
Z3.5.B.02,2020,MMR Dose 2 by Age 17,2003,83.25,4.21,-2.63,94.32000000000001
Z3.5.B.02,2021,MMR Dose 2 by Age 17,2004,92.11000000000001,2.61,-0.8600000000000001,94.35000000000001
Z3.5.B.02,2022,MMR Dose 2 by Age 17,2005,81.99000000000001,4.41,-2.63,93.60000000000001
Z3.5.B.02,2023,MMR Dose 2 by Age 17,2006,90.42,2.66,-0.8300000000000001,92.62
Z3.5.B.02,2023,MMR Dose 2 by Age 2,2021,58.5,5.5,-1.9700000000000002,69.32
Z3.5.B.02,2014,MMR Dose 2 by Age 7,2007,81.59,4.09,0.25,80.57
Z3.5.B.02,2015,MMR Dose 2 by Age 7,2008,79.13000000000001,3.8200000000000003,-0.5700000000000001,81.30000000000001
Z3.5.B.02,2016,MMR Dose 2 by Age 7,2009,73.86999999999999,4.24,-1.9400000000000002,82.10000000000001
Z3.5.B.02,2017,MMR Dose 2 by Age 7,2010,75.69000000000001,4.04,-1.4700000000000002,81.63000000000001
Z3.5.B.02,2018,MMR Dose 2 by Age 7,2011,74.91000000000001,4.26,-1.4500000000000002,81.08
Z3.5.B.02,2019,MMR Dose 2 by Age 7,2012,79.31000000000002,4.15,-0.58,81.72
Z3.5.B.02,2020,MMR Dose 2 by Age 7,2013,79.07,4.15,0.35000000000000003,77.60000000000001
Z3.5.B.02,2021,MMR Dose 2 by Age 7,2014,80.26,4.04,1.37,74.73
Z3.5.B.02,2022,MMR Dose 2 by Age 7,2015,80.35000000000001,4.1000000000000005,1.53,74.08
Z3.5.B.02,2023,MMR Dose 2 by Age 7,2016,71.22,4.39,-0.32000000000000006,72.63000000000001
Z3.5.B.03,2014,MMR Dose 1 by Age 13,2001,95.08,3.6,-0.36000000000000004,96.38000000000001
Z3.5.B.03,2015,MMR Dose 1 by Age 13,2002,94.03,4.25,-0.58,96.51
Z3.5.B.03,2016,MMR Dose 1 by Age 13,2003,97.08,3.69,0.11,96.66000000000001
Z3.5.B.03,2017,MMR Dose 1 by Age 13,2004,92.61000000000001,4.319999999999999,-1.0,96.92
Z3.5.B.03,2018,MMR Dose 1 by Age 13,2005,96.24000000000001,3.23,-0.27,97.09
Z3.5.B.03,2019,MMR Dose 1 by Age 13,2006,98.12,2.3800000000000003,0.55,96.81000000000002
Z3.5.B.03,2020,MMR Dose 1 by Age 13,2007,95.48,3.8200000000000003,-0.22,96.30000000000001
Z3.5.B.03,2021,MMR Dose 1 by Age 13,2008,99.26,1.2000000000000002,3.03,95.64000000000001
Z3.5.B.03,2022,MMR Dose 1 by Age 13,2009,99.31000000000002,0.97,4.19,95.25
Z3.5.B.03,2023,MMR Dose 1 by Age 13,2010,91.09,6.800000000000001,-0.5700000000000001,94.95
Z3.5.B.03,2014,MMR Dose 1 by Age 17,1997,96.37,3.08,0.05,96.23
Z3.5.B.03,2015,MMR Dose 1 by Age 17,1998,98.4,2.03,0.93,96.51
Z3.5.B.03,2016,MMR Dose 1 by Age 17,1999,98.13000000000001,2.37,0.6000000000000001,96.71000000000001
Z3.5.B.03,2017,MMR Dose 1 by Age 17,2000,96.63000000000001,3.12,-0.1,96.94000000000001
Z3.5.B.03,2018,MMR Dose 1 by Age 17,2001,95.08,3.6,-0.54,97.03
Z3.5.B.03,2019,MMR Dose 1 by Age 17,2002,94.03,4.25,-0.7500000000000001,97.22
Z3.5.B.03,2020,MMR Dose 1 by Age 17,2003,97.08,3.69,-0.18,97.75
Z3.5.B.03,2021,MMR Dose 1 by Age 17,2004,97.28,2.5,-0.22,97.84000000000002
Z3.5.B.03,2022,MMR Dose 1 by Age 17,2005,96.24000000000001,3.23,-0.49,97.83000000000001
Z3.5.B.03,2023,MMR Dose 1 by Age 17,2006,98.12,2.3800000000000003,0.36000000000000004,97.27
Z3.5.B.03,2014,MMR Dose 1 by Age 2,2012,92.57,5.58,0.81,88.05
Z3.5.B.03,2015,MMR Dose 1 by Age 2,2013,86.5,6.670000000000001,-0.09,87.11000000000001
Z3.5.B.03,2016,MMR Dose 1 by Age 2,2014,90.62,7.07,0.47000000000000003,87.29
Z3.5.B.03,2017,MMR Dose 1 by Age 2,2015,94.97,3.97,2.0,87.05
Z3.5.B.03,2018,MMR Dose 1 by Age 2,2016,82.16000000000001,7.54,-0.6100000000000001,86.73
Z3.5.B.03,2019,MMR Dose 1 by Age 2,2017,84.72,7.09,-0.32000000000000006,86.96000000000001
Z3.5.B.03,2020,MMR Dose 1 by Age 2,2018,85.84000000000002,6.6000000000000005,-0.12000000000000001,86.65
Z3.5.B.03,2021,MMR Dose 1 by Age 2,2019,94.05,4.61,2.35,83.2
Z3.5.B.03,2022,MMR Dose 1 by Age 2,2020,62.58,11.190000000000001,-1.7400000000000002,82.07
Z3.5.B.03,2023,MMR Dose 1 by Age 2,2021,81.46000000000001,8.52,-0.02,81.67
Z3.5.B.03,2014,MMR Dose 2 by Age 13,2001,83.74000000000001,6.78,-1.1800000000000002,91.76
Z3.5.B.03,2015,MMR Dose 2 by Age 13,2002,88.69000000000001,6.54,-0.46,91.68
Z3.5.B.03,2016,MMR Dose 2 by Age 13,2003,92.78,5.16,0.31000000000000005,91.18
Z3.5.B.03,2017,MMR Dose 2 by Age 13,2004,91.9,4.76,0.09,91.45
Z3.5.B.03,2018,MMR Dose 2 by Age 13,2005,96.89000000000001,3.67,1.51,91.34000000000002
Z3.5.B.03,2019,MMR Dose 2 by Age 13,2006,94.35000000000001,3.89,0.7400000000000001,91.46000000000001
Z3.5.B.03,2020,MMR Dose 2 by Age 13,2007,83.2,7.800000000000001,-1.0,91.01
Z3.5.B.03,2021,MMR Dose 2 by Age 13,2008,92.2,4.22,0.5700000000000001,89.81000000000002
Z3.5.B.03,2022,MMR Dose 2 by Age 13,2009,91.60000000000001,5.04,0.35000000000000003,89.83000000000001
Z3.5.B.03,2023,MMR Dose 2 by Age 13,2010,90.46000000000001,6.380000000000001,0.13,89.61000000000001
Z3.5.B.03,2014,MMR Dose 2 by Age 17,1997,93.32000000000001,4.08,0.22,92.41000000000001
Z3.5.B.03,2015,MMR Dose 2 by Age 17,1998,95.77,3.1,0.97,92.75
Z3.5.B.03,2016,MMR Dose 2 by Age 17,1999,95.81000000000002,3.33,0.78,93.22
Z3.5.B.03,2017,MMR Dose 2 by Age 17,2000,90.74000000000001,5.5,-0.5,93.49000000000001
Z3.5.B.03,2018,MMR Dose 2 by Age 17,2001,88.35000000000001,6.22,-0.81,93.37
Z3.5.B.03,2019,MMR Dose 2 by Age 17,2002,93.14000000000001,5.25,-0.08,93.56
Z3.5.B.03,2020,MMR Dose 2 by Age 17,2003,97.34000000000002,3.27,0.92,94.32000000000001
Z3.5.B.03,2021,MMR Dose 2 by Age 17,2004,95.09,3.79,0.2,94.35000000000001
Z3.5.B.03,2022,MMR Dose 2 by Age 17,2005,96.89000000000001,3.67,0.9,93.60000000000001
Z3.5.B.03,2023,MMR Dose 2 by Age 17,2006,94.35000000000001,3.89,0.44,92.62
Z3.5.B.03,2023,MMR Dose 2 by Age 2,2021,59.870000000000005,10.56,-0.89,69.32
Z3.5.B.03,2014,MMR Dose 2 by Age 7,2007,83.2,7.800000000000001,0.34,80.57
Z3.5.B.03,2015,MMR Dose 2 by Age 7,2008,86.7,5.91,0.91,81.30000000000001
Z3.5.B.03,2016,MMR Dose 2 by Age 7,2009,88.28,5.8500000000000005,1.06,82.10000000000001
Z3.5.B.03,2017,MMR Dose 2 by Age 7,2010,86.68,7.72,0.6500000000000001,81.63000000000001
Z3.5.B.03,2018,MMR Dose 2 by Age 7,2011,96.21000000000001,4.56,3.3200000000000003,81.08
Z3.5.B.03,2019,MMR Dose 2 by Age 7,2012,92.88000000000001,5.51,2.03,81.72
Z3.5.B.03,2020,MMR Dose 2 by Age 7,2013,76.78,9.18,-0.09,77.60000000000001
Z3.5.B.03,2021,MMR Dose 2 by Age 7,2014,85.16000000000001,8.55,1.2200000000000002,74.73
Z3.5.B.03,2022,MMR Dose 2 by Age 7,2015,94.69000000000001,3.87,5.330000000000001,74.08
Z3.5.B.03,2023,MMR Dose 2 by Age 7,2016,77.07,7.2,0.6200000000000001,72.63000000000001
Z3.5.B.04,2014,MMR Dose 1 by Age 13,2001,95.47,2.04,-0.45,96.38000000000001
Z3.5.B.04,2015,MMR Dose 1 by Age 13,2002,96.81000000000002,1.81,0.17,96.51
Z3.5.B.04,2016,MMR Dose 1 by Age 13,2003,98.17,1.1500000000000001,1.32,96.66000000000001
Z3.5.B.04,2017,MMR Dose 1 by Age 13,2004,96.60000000000001,1.6600000000000001,-0.2,96.92
Z3.5.B.04,2018,MMR Dose 1 by Age 13,2005,96.15,2.17,-0.44,97.09
Z3.5.B.04,2019,MMR Dose 1 by Age 13,2006,97.86000000000001,1.3900000000000001,0.7500000000000001,96.81000000000002
Z3.5.B.04,2020,MMR Dose 1 by Age 13,2007,93.72,2.49,-1.04,96.30000000000001
Z3.5.B.04,2021,MMR Dose 1 by Age 13,2008,98.42,1.32,2.11,95.64000000000001
Z3.5.B.04,2022,MMR Dose 1 by Age 13,2009,96.52,1.7300000000000002,0.7400000000000001,95.25
Z3.5.B.04,2023,MMR Dose 1 by Age 13,2010,96.46000000000001,2.0,0.7500000000000001,94.95
Z3.5.B.04,2014,MMR Dose 1 by Age 17,1997,96.92,1.6400000000000001,0.43000000000000005,96.23
Z3.5.B.04,2015,MMR Dose 1 by Age 17,1998,95.07,2.1,-0.68,96.51
Z3.5.B.04,2016,MMR Dose 1 by Age 17,1999,98.55,1.09,1.6900000000000002,96.71000000000001
Z3.5.B.04,2017,MMR Dose 1 by Age 17,2000,94.47,2.3200000000000003,-1.06,96.94000000000001
Z3.5.B.04,2018,MMR Dose 1 by Age 17,2001,95.47,2.04,-0.76,97.03
Z3.5.B.04,2019,MMR Dose 1 by Age 17,2002,96.81000000000002,1.81,-0.22,97.22
Z3.5.B.04,2020,MMR Dose 1 by Age 17,2003,99.06,0.7400000000000001,1.7800000000000002,97.75
Z3.5.B.04,2021,MMR Dose 1 by Age 17,2004,96.60000000000001,1.6600000000000001,-0.7500000000000001,97.84000000000002
Z3.5.B.04,2022,MMR Dose 1 by Age 17,2005,96.15,2.17,-0.78,97.83000000000001
Z3.5.B.04,2023,MMR Dose 1 by Age 17,2006,97.86000000000001,1.3900000000000001,0.42000000000000004,97.27
Z3.5.B.04,2014,MMR Dose 1 by Age 2,2012,90.93,2.7,1.07,88.05
Z3.5.B.04,2015,MMR Dose 1 by Age 2,2013,87.2,3.7,0.02,87.11000000000001
Z3.5.B.04,2016,MMR Dose 1 by Age 2,2014,93.41000000000001,2.43,2.52,87.29
Z3.5.B.04,2017,MMR Dose 1 by Age 2,2015,92.55,2.58,2.13,87.05
Z3.5.B.04,2018,MMR Dose 1 by Age 2,2016,93.7,2.56,2.72,86.73
Z3.5.B.04,2019,MMR Dose 1 by Age 2,2017,92.14000000000001,2.9200000000000004,1.7800000000000002,86.96000000000001
Z3.5.B.04,2020,MMR Dose 1 by Age 2,2018,87.07,3.27,0.13,86.65
Z3.5.B.04,2021,MMR Dose 1 by Age 2,2019,89.34000000000002,3.83,1.6,83.2
Z3.5.B.04,2022,MMR Dose 1 by Age 2,2020,76.21000000000001,4.930000000000001,-1.1900000000000002,82.07
Z3.5.B.04,2023,MMR Dose 1 by Age 2,2021,79.99000000000001,4.28,-0.39,81.67
Z3.5.B.04,2014,MMR Dose 2 by Age 13,2001,95.61000000000001,1.7900000000000003,2.15,91.76
Z3.5.B.04,2015,MMR Dose 2 by Age 13,2002,95.24000000000001,1.9900000000000002,1.7900000000000003,91.68
Z3.5.B.04,2016,MMR Dose 2 by Age 13,2003,92.75,2.33,0.68,91.18
Z3.5.B.04,2017,MMR Dose 2 by Age 13,2004,92.08,2.53,0.25,91.45
Z3.5.B.04,2018,MMR Dose 2 by Age 13,2005,89.99000000000001,2.99,-0.45,91.34000000000002
Z3.5.B.04,2019,MMR Dose 2 by Age 13,2006,92.52,2.8400000000000003,0.37000000000000005,91.46000000000001
Z3.5.B.04,2020,MMR Dose 2 by Age 13,2007,91.64000000000001,2.77,0.23,91.01
Z3.5.B.04,2021,MMR Dose 2 by Age 13,2008,93.27,2.4000000000000004,1.4400000000000002,89.81000000000002
Z3.5.B.04,2022,MMR Dose 2 by Age 13,2009,88.4,3.1,-0.46,89.83000000000001
Z3.5.B.04,2023,MMR Dose 2 by Age 13,2010,92.04,3.17,0.77,89.61000000000001
Z3.5.B.04,2014,MMR Dose 2 by Age 17,1997,93.33000000000001,2.17,0.43000000000000005,92.41000000000001
Z3.5.B.04,2015,MMR Dose 2 by Age 17,1998,95.18,1.9200000000000002,1.2600000000000002,92.75
Z3.5.B.04,2016,MMR Dose 2 by Age 17,1999,94.18,2.11,0.46,93.22
Z3.5.B.04,2017,MMR Dose 2 by Age 17,2000,93.10000000000001,2.4400000000000004,-0.16,93.49000000000001
Z3.5.B.04,2018,MMR Dose 2 by Age 17,2001,96.19000000000001,1.6400000000000001,1.7200000000000002,93.37
Z3.5.B.04,2019,MMR Dose 2 by Age 17,2002,95.24000000000001,1.9900000000000002,0.8400000000000001,93.56
Z3.5.B.04,2020,MMR Dose 2 by Age 17,2003,94.49000000000001,1.9800000000000002,0.08,94.32000000000001
Z3.5.B.04,2021,MMR Dose 2 by Age 17,2004,92.72,2.41,-0.68,94.35000000000001
Z3.5.B.04,2022,MMR Dose 2 by Age 17,2005,89.99000000000001,2.99,-1.2100000000000002,93.60000000000001
Z3.5.B.04,2023,MMR Dose 2 by Age 17,2006,94.64000000000001,2.4000000000000004,0.8400000000000001,92.62
Z3.5.B.04,2023,MMR Dose 2 by Age 2,2021,70.35,4.82,0.21000000000000002,69.32
Z3.5.B.04,2014,MMR Dose 2 by Age 7,2007,85.89000000000001,3.54,1.5,80.57
Z3.5.B.04,2015,MMR Dose 2 by Age 7,2008,84.06,3.43,0.8,81.30000000000001
Z3.5.B.04,2016,MMR Dose 2 by Age 7,2009,80.98,3.81,-0.29000000000000004,82.10000000000001
Z3.5.B.04,2017,MMR Dose 2 by Age 7,2010,86.21000000000001,3.87,1.1800000000000002,81.63000000000001
Z3.5.B.04,2018,MMR Dose 2 by Age 7,2011,84.35000000000001,3.9600000000000004,0.8300000000000001,81.08
Z3.5.B.04,2019,MMR Dose 2 by Age 7,2012,77.87,4.0,-0.96,81.72
Z3.5.B.04,2020,MMR Dose 2 by Age 7,2013,80.85000000000001,4.11,0.79,77.60000000000001
Z3.5.B.04,2021,MMR Dose 2 by Age 7,2014,86.72,3.23,3.71,74.73
Z3.5.B.04,2022,MMR Dose 2 by Age 7,2015,73.66000000000001,4.33,-0.1,74.08
Z3.5.B.04,2023,MMR Dose 2 by Age 7,2016,75.73,4.22,0.7400000000000001,72.63000000000001
Z3.5.C.05,2014,MMR Dose 1 by Age 13,2001,98.75,1.4700000000000002,1.61,96.38000000000001
Z3.5.C.05,2015,MMR Dose 1 by Age 13,2002,97.41000000000001,1.7100000000000002,0.53,96.51
Z3.5.C.05,2016,MMR Dose 1 by Age 13,2003,98.67,1.1,1.84,96.66000000000001
Z3.5.C.05,2017,MMR Dose 1 by Age 13,2004,98.59,0.98,1.7000000000000002,96.92
Z3.5.C.05,2018,MMR Dose 1 by Age 13,2005,97.61000000000001,1.7200000000000002,0.30000000000000004,97.09
Z3.5.C.05,2019,MMR Dose 1 by Age 13,2006,96.66000000000001,1.9800000000000002,-0.08,96.81000000000002
Z3.5.C.05,2020,MMR Dose 1 by Age 13,2007,97.02,1.7500000000000002,0.41000000000000003,96.30000000000001
Z3.5.C.05,2021,MMR Dose 1 by Age 13,2008,93.26,2.77,-0.8600000000000001,95.64000000000001
Z3.5.C.05,2022,MMR Dose 1 by Age 13,2009,95.57,2.3000000000000003,0.14,95.25
Z3.5.C.05,2023,MMR Dose 1 by Age 13,2010,96.81000000000002,2.06,0.9,94.95
Z3.5.C.05,2014,MMR Dose 1 by Age 17,1997,98.4,1.3900000000000001,1.57,96.23
Z3.5.C.05,2015,MMR Dose 1 by Age 17,1998,96.38000000000001,2.12,-0.06,96.51
Z3.5.C.05,2016,MMR Dose 1 by Age 17,1999,98.71000000000001,1.51,1.33,96.71000000000001
Z3.5.C.05,2017,MMR Dose 1 by Age 17,2000,98.42,1.36,1.08,96.94000000000001
Z3.5.C.05,2018,MMR Dose 1 by Age 17,2001,98.75,1.4700000000000002,1.1700000000000002,97.03
Z3.5.C.05,2019,MMR Dose 1 by Age 17,2002,98.43,1.1800000000000002,1.03,97.22
Z3.5.C.05,2020,MMR Dose 1 by Age 17,2003,99.05,0.8500000000000001,1.54,97.75
Z3.5.C.05,2021,MMR Dose 1 by Age 17,2004,98.85000000000001,0.8400000000000001,1.2000000000000002,97.84000000000002
Z3.5.C.05,2022,MMR Dose 1 by Age 17,2005,98.04,1.4600000000000002,0.15000000000000002,97.83000000000001
Z3.5.C.05,2023,MMR Dose 1 by Age 17,2006,96.66000000000001,1.9800000000000002,-0.31000000000000005,97.27
Z3.5.C.05,2014,MMR Dose 1 by Age 2,2012,95.5,2.77,2.69,88.05
Z3.5.C.05,2015,MMR Dose 1 by Age 2,2013,93.79,3.07,2.18,87.11000000000001
Z3.5.C.05,2016,MMR Dose 1 by Age 2,2014,91.36000000000001,4.170000000000001,0.98,87.29
Z3.5.C.05,2017,MMR Dose 1 by Age 2,2015,92.93,3.56,1.6500000000000001,87.05
Z3.5.C.05,2018,MMR Dose 1 by Age 2,2016,94.43,3.3600000000000003,2.29,86.73
Z3.5.C.05,2019,MMR Dose 1 by Age 2,2017,91.64000000000001,3.73,1.2500000000000002,86.96000000000001
Z3.5.C.05,2020,MMR Dose 1 by Age 2,2018,91.73,4.19,1.2100000000000002,86.65
Z3.5.C.05,2021,MMR Dose 1 by Age 2,2019,91.17,3.9000000000000004,2.04,83.2
Z3.5.C.05,2022,MMR Dose 1 by Age 2,2020,92.72,3.72,2.8600000000000003,82.07
Z3.5.C.05,2023,MMR Dose 1 by Age 2,2021,91.12,3.87,2.4400000000000004,81.67
Z3.5.C.05,2014,MMR Dose 2 by Age 13,2001,99.29,0.93,8.1,91.76
Z3.5.C.05,2015,MMR Dose 2 by Age 13,2002,97.25,1.6500000000000001,3.37,91.68
Z3.5.C.05,2016,MMR Dose 2 by Age 13,2003,94.19000000000001,2.7800000000000002,1.08,91.18
Z3.5.C.05,2017,MMR Dose 2 by Age 13,2004,96.21000000000001,1.81,2.63,91.45
Z3.5.C.05,2018,MMR Dose 2 by Age 13,2005,92.79,3.02,0.48000000000000004,91.34000000000002
Z3.5.C.05,2019,MMR Dose 2 by Age 13,2006,84.51,4.22,-1.6500000000000001,91.46000000000001
Z3.5.C.05,2020,MMR Dose 2 by Age 13,2007,89.41000000000001,3.66,-0.44,91.01
Z3.5.C.05,2021,MMR Dose 2 by Age 13,2008,86.2,3.95,-0.92,89.81000000000002
Z3.5.C.05,2022,MMR Dose 2 by Age 13,2009,90.24000000000001,3.3200000000000003,0.12000000000000001,89.83000000000001
Z3.5.C.05,2023,MMR Dose 2 by Age 13,2010,97.64000000000001,1.7300000000000002,4.640000000000001,89.61000000000001
Z3.5.C.05,2014,MMR Dose 2 by Age 17,1997,98.84000000000002,1.02,6.3100000000000005,92.41000000000001
Z3.5.C.05,2015,MMR Dose 2 by Age 17,1998,95.7,2.39,1.2400000000000002,92.75
Z3.5.C.05,2016,MMR Dose 2 by Age 17,1999,98.23,1.4000000000000001,3.59,93.22
Z3.5.C.05,2017,MMR Dose 2 by Age 17,2000,97.78,1.7900000000000003,2.4000000000000004,93.49000000000001
Z3.5.C.05,2018,MMR Dose 2 by Age 17,2001,99.29,0.93,6.370000000000001,93.37
Z3.5.C.05,2019,MMR Dose 2 by Age 17,2002,98.15,1.2200000000000002,3.75,93.56
Z3.5.C.05,2020,MMR Dose 2 by Age 17,2003,96.29,2.13,0.92,94.32000000000001
Z3.5.C.05,2021,MMR Dose 2 by Age 17,2004,96.79,1.62,1.51,94.35000000000001
Z3.5.C.05,2022,MMR Dose 2 by Age 17,2005,93.75,2.7600000000000002,0.06,93.60000000000001
Z3.5.C.05,2023,MMR Dose 2 by Age 17,2006,84.51,4.22,-1.9200000000000002,92.62
Z3.5.C.05,2023,MMR Dose 2 by Age 2,2021,80.54,5.72,1.9600000000000002,69.32
Z3.5.C.05,2014,MMR Dose 2 by Age 7,2007,85.39000000000001,4.26,1.1300000000000001,80.57
Z3.5.C.05,2015,MMR Dose 2 by Age 7,2008,86.2,3.95,1.2400000000000002,81.30000000000001
Z3.5.C.05,2016,MMR Dose 2 by Age 7,2009,86.35000000000001,3.81,1.11,82.10000000000001
Z3.5.C.05,2017,MMR Dose 2 by Age 7,2010,94.10000000000001,2.97,4.2,81.63000000000001
Z3.5.C.05,2018,MMR Dose 2 by Age 7,2011,87.58,4.16,1.56,81.08
Z3.5.C.05,2019,MMR Dose 2 by Age 7,2012,92.29,3.43,3.08,81.72
Z3.5.C.05,2020,MMR Dose 2 by Age 7,2013,87.13000000000001,4.11,2.3200000000000003,77.60000000000001
Z3.5.C.05,2021,MMR Dose 2 by Age 7,2014,84.57,5.3500000000000005,1.84,74.73
Z3.5.C.05,2022,MMR Dose 2 by Age 7,2015,80.43,5.390000000000001,1.1800000000000002,74.08
Z3.5.C.05,2023,MMR Dose 2 by Age 7,2016,94.72,3.08,7.170000000000001,72.63000000000001
Z3.5.C.06,2014,MMR Dose 1 by Age 13,2001,98.32000000000001,1.04,1.87,96.38000000000001
Z3.5.C.06,2015,MMR Dose 1 by Age 13,2002,99.08,0.68,3.79,96.51
Z3.5.C.06,2016,MMR Dose 1 by Age 13,2003,99.12,0.7300000000000001,3.3800000000000003,96.66000000000001
Z3.5.C.06,2017,MMR Dose 1 by Age 13,2004,98.45,1.05,1.4600000000000002,96.92
Z3.5.C.06,2018,MMR Dose 1 by Age 13,2005,97.93,1.03,0.8200000000000001,97.09
Z3.5.C.06,2019,MMR Dose 1 by Age 13,2006,98.59,0.7500000000000001,2.3800000000000003,96.81000000000002
Z3.5.C.06,2020,MMR Dose 1 by Age 13,2007,97.85000000000001,1.07,1.4500000000000002,96.30000000000001
Z3.5.C.06,2021,MMR Dose 1 by Age 13,2008,96.92,1.1800000000000002,1.08,95.64000000000001
Z3.5.C.06,2022,MMR Dose 1 by Age 13,2009,98.35000000000001,0.91,3.41,95.25
Z3.5.C.06,2023,MMR Dose 1 by Age 13,2010,98.83000000000001,0.79,4.91,94.95
Z3.5.C.06,2014,MMR Dose 1 by Age 17,1997,96.77,1.4100000000000001,0.38000000000000006,96.23
Z3.5.C.06,2015,MMR Dose 1 by Age 17,1998,96.11000000000001,1.52,-0.26,96.51
Z3.5.C.06,2016,MMR Dose 1 by Age 17,1999,97.98,1.03,1.2300000000000002,96.71000000000001
Z3.5.C.06,2017,MMR Dose 1 by Age 17,2000,96.68,1.51,-0.17,96.94000000000001
Z3.5.C.06,2018,MMR Dose 1 by Age 17,2001,98.71000000000001,0.8200000000000001,2.06,97.03
Z3.5.C.06,2019,MMR Dose 1 by Age 17,2002,99.32000000000001,0.52,4.06,97.22
Z3.5.C.06,2020,MMR Dose 1 by Age 17,2003,99.26,0.6200000000000001,2.45,97.75
Z3.5.C.06,2021,MMR Dose 1 by Age 17,2004,98.80000000000001,0.8700000000000001,1.1,97.84000000000002
Z3.5.C.06,2022,MMR Dose 1 by Age 17,2005,98.25,0.92,0.46,97.83000000000001
Z3.5.C.06,2023,MMR Dose 1 by Age 17,2006,98.59,0.7500000000000001,1.7700000000000002,97.27
Z3.5.C.06,2014,MMR Dose 1 by Age 2,2012,95.18,1.7700000000000002,4.03,88.05
Z3.5.C.06,2015,MMR Dose 1 by Age 2,2013,93.82000000000001,1.9500000000000002,3.4400000000000004,87.11000000000001
Z3.5.C.06,2016,MMR Dose 1 by Age 2,2014,96.61000000000001,1.4400000000000002,6.46,87.29
Z3.5.C.06,2017,MMR Dose 1 by Age 2,2015,94.19000000000001,1.87,3.8200000000000003,87.05
Z3.5.C.06,2018,MMR Dose 1 by Age 2,2016,96.58,1.54,6.4,86.73
Z3.5.C.06,2019,MMR Dose 1 by Age 2,2017,94.93,1.7300000000000002,4.61,86.96000000000001
Z3.5.C.06,2020,MMR Dose 1 by Age 2,2018,90.33000000000001,2.59,1.4200000000000002,86.65
Z3.5.C.06,2021,MMR Dose 1 by Age 2,2019,92.42,2.13,4.33,83.2
Z3.5.C.06,2022,MMR Dose 1 by Age 2,2020,88.89000000000001,2.7600000000000002,2.47,82.07
Z3.5.C.06,2023,MMR Dose 1 by Age 2,2021,86.98,2.8600000000000003,1.86,81.67
Z3.5.C.06,2014,MMR Dose 2 by Age 13,2001,94.92,1.7600000000000002,1.7900000000000003,91.76
Z3.5.C.06,2015,MMR Dose 2 by Age 13,2002,95.30000000000001,1.56,2.3200000000000003,91.68
Z3.5.C.06,2016,MMR Dose 2 by Age 13,2003,90.02,2.51,-0.46,91.18
Z3.5.C.06,2017,MMR Dose 2 by Age 13,2004,96.71000000000001,1.4600000000000002,3.61,91.45
Z3.5.C.06,2018,MMR Dose 2 by Age 13,2005,91.39000000000001,2.18,0.02,91.34000000000002
Z3.5.C.06,2019,MMR Dose 2 by Age 13,2006,92.32000000000001,2.07,0.41000000000000003,91.46000000000001
Z3.5.C.06,2020,MMR Dose 2 by Age 13,2007,93.82000000000001,1.7600000000000002,1.59,91.01
Z3.5.C.06,2021,MMR Dose 2 by Age 13,2008,88.13000000000001,2.67,-0.6300000000000001,89.81000000000002
Z3.5.C.06,2022,MMR Dose 2 by Age 13,2009,90.53,2.24,0.31000000000000005,89.83000000000001
Z3.5.C.06,2023,MMR Dose 2 by Age 13,2010,93.56,1.85,2.13,89.61000000000001
Z3.5.C.06,2014,MMR Dose 2 by Age 17,1997,93.97,1.8,0.8700000000000001,92.41000000000001
Z3.5.C.06,2015,MMR Dose 2 by Age 17,1998,88.48,2.8200000000000003,-1.52,92.75
Z3.5.C.06,2016,MMR Dose 2 by Age 17,1999,95.52,1.51,1.53,93.22
Z3.5.C.06,2017,MMR Dose 2 by Age 17,2000,96.21000000000001,1.4100000000000001,1.9300000000000002,93.49000000000001
Z3.5.C.06,2018,MMR Dose 2 by Age 17,2001,95.82000000000001,1.53,1.6,93.37
Z3.5.C.06,2019,MMR Dose 2 by Age 17,2002,96.82000000000001,1.2700000000000002,2.56,93.56
Z3.5.C.06,2020,MMR Dose 2 by Age 17,2003,92.26,2.18,-0.9500000000000001,94.32000000000001
Z3.5.C.06,2021,MMR Dose 2 by Age 17,2004,96.99000000000001,1.36,1.9500000000000002,94.35000000000001
Z3.5.C.06,2022,MMR Dose 2 by Age 17,2005,92.58,2.04,-0.5,93.60000000000001
Z3.5.C.06,2023,MMR Dose 2 by Age 17,2006,92.32000000000001,2.07,-0.15000000000000002,92.62
Z3.5.C.06,2023,MMR Dose 2 by Age 2,2021,84.66000000000001,3.03,5.06,69.32
Z3.5.C.06,2014,MMR Dose 2 by Age 7,2007,87.5,2.56,2.71,80.57
Z3.5.C.06,2015,MMR Dose 2 by Age 7,2008,78.34000000000002,3.35,-0.89,81.30000000000001
Z3.5.C.06,2016,MMR Dose 2 by Age 7,2009,83.08,2.89,0.34,82.10000000000001
Z3.5.C.06,2017,MMR Dose 2 by Age 7,2010,86.92,2.62,2.02,81.63000000000001
Z3.5.C.06,2018,MMR Dose 2 by Age 7,2011,87.47,2.53,2.52,81.08
Z3.5.C.06,2019,MMR Dose 2 by Age 7,2012,84.5,2.79,1.0,81.72
Z3.5.C.06,2020,MMR Dose 2 by Age 7,2013,91.41000000000001,2.15,6.42,77.60000000000001
Z3.5.C.06,2021,MMR Dose 2 by Age 7,2014,92.51,2.09,8.52,74.73
Z3.5.C.06,2022,MMR Dose 2 by Age 7,2015,90.63000000000001,2.13,7.76,74.08
Z3.5.C.06,2023,MMR Dose 2 by Age 7,2016,83.10000000000001,3.01,3.4800000000000004,72.63000000000001
Z3.6.A.01,2014,MMR Dose 1 by Age 13,2001,91.80000000000001,4.04,-1.1300000000000001,96.38000000000001
Z3.6.A.01,2015,MMR Dose 1 by Age 13,2002,95.88000000000001,2.21,-0.29000000000000004,96.51
Z3.6.A.01,2016,MMR Dose 1 by Age 13,2003,97.87,1.6900000000000002,0.7200000000000001,96.66000000000001
Z3.6.A.01,2017,MMR Dose 1 by Age 13,2004,92.30000000000001,3.23,-1.4300000000000002,96.92
Z3.6.A.01,2018,MMR Dose 1 by Age 13,2005,93.21000000000001,3.33,-1.1700000000000002,97.09
Z3.6.A.01,2019,MMR Dose 1 by Age 13,2006,95.81000000000002,2.25,-0.45,96.81000000000002
Z3.6.A.01,2020,MMR Dose 1 by Age 13,2007,94.86000000000001,2.4400000000000004,-0.59,96.30000000000001
Z3.6.A.01,2021,MMR Dose 1 by Age 13,2008,96.5,2.23,0.39,95.64000000000001
Z3.6.A.01,2022,MMR Dose 1 by Age 13,2009,89.84000000000002,3.4600000000000004,-1.56,95.25
Z3.6.A.01,2023,MMR Dose 1 by Age 13,2010,97.57,1.9500000000000002,1.34,94.95
Z3.6.A.01,2014,MMR Dose 1 by Age 17,1997,97.12,1.9300000000000002,0.46,96.23
Z3.6.A.01,2015,MMR Dose 1 by Age 17,1998,94.43,2.81,-0.7400000000000001,96.51
Z3.6.A.01,2016,MMR Dose 1 by Age 17,1999,95.56,2.3200000000000003,-0.49,96.71000000000001
Z3.6.A.01,2017,MMR Dose 1 by Age 17,2000,95.56,3.15,-0.44,96.94000000000001
Z3.6.A.01,2018,MMR Dose 1 by Age 17,2001,91.80000000000001,4.04,-1.2900000000000003,97.03
Z3.6.A.01,2019,MMR Dose 1 by Age 17,2002,95.88000000000001,2.21,-0.6100000000000001,97.22
Z3.6.A.01,2020,MMR Dose 1 by Age 17,2003,97.87,1.6900000000000002,0.07,97.75
Z3.6.A.01,2021,MMR Dose 1 by Age 17,2004,94.49000000000001,2.95,-1.1300000000000001,97.84000000000002
Z3.6.A.01,2022,MMR Dose 1 by Age 17,2005,94.44000000000001,2.9400000000000004,-1.1500000000000001,97.83000000000001
Z3.6.A.01,2023,MMR Dose 1 by Age 17,2006,96.74000000000001,1.9300000000000002,-0.28,97.27
Z3.6.A.01,2014,MMR Dose 1 by Age 2,2012,91.4,3.21,1.04,88.05
Z3.6.A.01,2015,MMR Dose 1 by Age 2,2013,84.06,5.05,-0.6000000000000001,87.11000000000001
Z3.6.A.01,2016,MMR Dose 1 by Age 2,2014,87.4,4.140000000000001,0.03,87.29
Z3.6.A.01,2017,MMR Dose 1 by Age 2,2015,91.83000000000001,3.3000000000000003,1.4500000000000002,87.05
Z3.6.A.01,2018,MMR Dose 1 by Age 2,2016,83.96000000000001,4.319999999999999,-0.6400000000000001,86.73
Z3.6.A.01,2019,MMR Dose 1 by Age 2,2017,95.08,2.35,3.45,86.96000000000001
Z3.6.A.01,2020,MMR Dose 1 by Age 2,2018,92.24000000000001,3.2600000000000002,1.7200000000000002,86.65
Z3.6.A.01,2021,MMR Dose 1 by Age 2,2019,84.83000000000001,4.44,0.37000000000000005,83.2
Z3.6.A.01,2022,MMR Dose 1 by Age 2,2020,79.32000000000001,5.06,-0.54,82.07
Z3.6.A.01,2023,MMR Dose 1 by Age 2,2021,72.45,5.58,-1.6500000000000001,81.67
Z3.6.A.01,2014,MMR Dose 2 by Age 13,2001,93.08,3.1,0.43000000000000005,91.76
Z3.6.A.01,2015,MMR Dose 2 by Age 13,2002,87.57,4.21,-0.98,91.68
Z3.6.A.01,2016,MMR Dose 2 by Age 13,2003,87.28,4.0,-0.97,91.18
Z3.6.A.01,2017,MMR Dose 2 by Age 13,2004,89.39000000000001,3.2600000000000002,-0.6300000000000001,91.45
Z3.6.A.01,2018,MMR Dose 2 by Age 13,2005,88.81000000000002,3.63,-0.7000000000000001,91.34000000000002
Z3.6.A.01,2019,MMR Dose 2 by Age 13,2006,91.59,3.2800000000000002,0.04,91.46000000000001
Z3.6.A.01,2020,MMR Dose 2 by Age 13,2007,86.96000000000001,3.9800000000000004,-1.02,91.01
Z3.6.A.01,2021,MMR Dose 2 by Age 13,2008,89.77,3.56,-0.01,89.81000000000002
Z3.6.A.01,2022,MMR Dose 2 by Age 13,2009,91.64000000000001,3.24,0.56,89.83000000000001
Z3.6.A.01,2023,MMR Dose 2 by Age 13,2010,95.03,2.62,2.07,89.61000000000001
Z3.6.A.01,2014,MMR Dose 2 by Age 17,1997,76.81000000000002,5.09,-3.06,92.41000000000001
Z3.6.A.01,2015,MMR Dose 2 by Age 17,1998,85.51,4.3,-1.6800000000000002,92.75
Z3.6.A.01,2016,MMR Dose 2 by Age 17,1999,88.83000000000001,3.89,-1.1300000000000001,93.22
Z3.6.A.01,2017,MMR Dose 2 by Age 17,2000,88.96000000000001,4.180000000000001,-1.09,93.49000000000001
Z3.6.A.01,2018,MMR Dose 2 by Age 17,2001,96.12,2.07,1.32,93.37
Z3.6.A.01,2019,MMR Dose 2 by Age 17,2002,89.48,3.97,-1.03,93.56
Z3.6.A.01,2020,MMR Dose 2 by Age 17,2003,94.43,3.02,0.03,94.32000000000001
Z3.6.A.01,2021,MMR Dose 2 by Age 17,2004,93.0,3.0,-0.45,94.35000000000001
Z3.6.A.01,2022,MMR Dose 2 by Age 17,2005,90.75,3.25,-0.88,93.60000000000001
Z3.6.A.01,2023,MMR Dose 2 by Age 17,2006,92.58,3.04,-0.01,92.62
Z3.6.A.01,2023,MMR Dose 2 by Age 2,2021,67.35,5.800000000000001,-0.34,69.32
Z3.6.A.01,2014,MMR Dose 2 by Age 7,2007,80.05,4.7700000000000005,-0.11,80.57
Z3.6.A.01,2015,MMR Dose 2 by Age 7,2008,86.67,4.16,1.2900000000000003,81.30000000000001
Z3.6.A.01,2016,MMR Dose 2 by Age 7,2009,85.84000000000002,3.99,0.9400000000000001,82.10000000000001
Z3.6.A.01,2017,MMR Dose 2 by Age 7,2010,78.86000000000001,5.15,-0.54,81.63000000000001
Z3.6.A.01,2018,MMR Dose 2 by Age 7,2011,76.55,5.12,-0.88,81.08
Z3.6.A.01,2019,MMR Dose 2 by Age 7,2012,81.87,4.23,0.03,81.72
Z3.6.A.01,2020,MMR Dose 2 by Age 7,2013,83.18,4.45,1.2500000000000002,77.60000000000001
Z3.6.A.01,2021,MMR Dose 2 by Age 7,2014,85.93,4.23,2.65,74.73
Z3.6.A.01,2022,MMR Dose 2 by Age 7,2015,79.61000000000001,4.71,1.1700000000000002,74.08
Z3.6.A.01,2023,MMR Dose 2 by Age 7,2016,79.10000000000001,4.69,1.3800000000000001,72.63000000000001
Z3.6.A.02,2014,MMR Dose 1 by Age 13,2001,98.0,1.6,1.01,96.38000000000001
Z3.6.A.02,2015,MMR Dose 1 by Age 13,2002,94.66000000000001,2.63,-0.7000000000000001,96.51
Z3.6.A.02,2016,MMR Dose 1 by Age 13,2003,99.49000000000001,0.52,5.44,96.66000000000001
Z3.6.A.02,2017,MMR Dose 1 by Age 13,2004,95.67,2.14,-0.58,96.92
Z3.6.A.02,2018,MMR Dose 1 by Age 13,2005,97.55,1.4500000000000002,0.31000000000000005,97.09
Z3.6.A.02,2019,MMR Dose 1 by Age 13,2006,91.07,3.0,-1.9100000000000001,96.81000000000002
Z3.6.A.02,2020,MMR Dose 1 by Age 13,2007,93.29,2.4200000000000004,-1.2500000000000002,96.30000000000001
Z3.6.A.02,2021,MMR Dose 1 by Age 13,2008,92.63000000000001,2.55,-1.1800000000000002,95.64000000000001
Z3.6.A.02,2022,MMR Dose 1 by Age 13,2009,82.34000000000002,3.55,-3.63,95.25
Z3.6.A.02,2023,MMR Dose 1 by Age 13,2010,82.79,3.75,-3.24,94.95
Z3.6.A.02,2014,MMR Dose 1 by Age 17,1997,97.42,2.07,0.5700000000000001,96.23
Z3.6.A.02,2015,MMR Dose 1 by Age 17,1998,99.87,0.2,17.130000000000003,96.51
Z3.6.A.02,2016,MMR Dose 1 by Age 17,1999,97.66000000000001,1.6,0.59,96.71000000000001
Z3.6.A.02,2017,MMR Dose 1 by Age 17,2000,98.64000000000001,1.31,1.3,96.94000000000001
Z3.6.A.02,2018,MMR Dose 1 by Age 17,2001,98.0,1.6,0.6100000000000001,97.03
Z3.6.A.02,2019,MMR Dose 1 by Age 17,2002,95.9,2.09,-0.6300000000000001,97.22
Z3.6.A.02,2020,MMR Dose 1 by Age 17,2003,99.49000000000001,0.52,3.35,97.75
Z3.6.A.02,2021,MMR Dose 1 by Age 17,2004,95.67,2.14,-1.01,97.84000000000002
Z3.6.A.02,2022,MMR Dose 1 by Age 17,2005,97.55,1.4500000000000002,-0.19,97.83000000000001
Z3.6.A.02,2023,MMR Dose 1 by Age 17,2006,91.07,3.0,-2.07,97.27
Z3.6.A.02,2014,MMR Dose 1 by Age 2,2012,63.160000000000004,4.98,-5.0,88.05
Z3.6.A.02,2015,MMR Dose 1 by Age 2,2013,61.55,4.62,-5.53,87.11000000000001
Z3.6.A.02,2016,MMR Dose 1 by Age 2,2014,59.34,4.42,-6.32,87.29
Z3.6.A.02,2017,MMR Dose 1 by Age 2,2015,60.260000000000005,4.970000000000001,-5.390000000000001,87.05
Z3.6.A.02,2018,MMR Dose 1 by Age 2,2016,47.290000000000006,4.96,-7.96,86.73
Z3.6.A.02,2019,MMR Dose 1 by Age 2,2017,41.830000000000005,5.04,-8.96,86.96000000000001
Z3.6.A.02,2020,MMR Dose 1 by Age 2,2018,44.660000000000004,5.130000000000001,-8.19,86.65
Z3.6.A.02,2021,MMR Dose 1 by Age 2,2019,36.09,4.630000000000001,-10.180000000000001,83.2
Z3.6.A.02,2022,MMR Dose 1 by Age 2,2020,22.900000000000002,4.19,-14.110000000000001,82.07
Z3.6.A.02,2023,MMR Dose 1 by Age 2,2021,34.86000000000001,4.75,-9.850000000000001,81.67
Z3.6.A.02,2014,MMR Dose 2 by Age 13,2001,96.14000000000001,2.03,2.16,91.76
Z3.6.A.02,2015,MMR Dose 2 by Age 13,2002,87.54,3.7600000000000002,-1.1,91.68
Z3.6.A.02,2016,MMR Dose 2 by Age 13,2003,93.03,2.43,0.77,91.18
Z3.6.A.02,2017,MMR Dose 2 by Age 13,2004,86.26,3.55,-1.4600000000000002,91.45
Z3.6.A.02,2018,MMR Dose 2 by Age 13,2005,87.24000000000001,3.3400000000000003,-1.2300000000000002,91.34000000000002
Z3.6.A.02,2019,MMR Dose 2 by Age 13,2006,79.31000000000002,4.0,-3.04,91.46000000000001
Z3.6.A.02,2020,MMR Dose 2 by Age 13,2007,80.72,3.79,-2.71,91.01
Z3.6.A.02,2021,MMR Dose 2 by Age 13,2008,77.73,3.8800000000000003,-3.11,89.81000000000002
Z3.6.A.02,2022,MMR Dose 2 by Age 13,2009,68.4,3.8800000000000003,-5.52,89.83000000000001
Z3.6.A.02,2023,MMR Dose 2 by Age 13,2010,72.85,3.99,-4.2,89.61000000000001
Z3.6.A.02,2014,MMR Dose 2 by Age 17,1997,97.12,1.84,2.56,92.41000000000001
Z3.6.A.02,2015,MMR Dose 2 by Age 17,1998,97.74000000000001,1.4000000000000001,3.56,92.75
Z3.6.A.02,2016,MMR Dose 2 by Age 17,1999,96.88000000000001,1.6,2.29,93.22
Z3.6.A.02,2017,MMR Dose 2 by Age 17,2000,95.18,2.33,0.7200000000000001,93.49000000000001
Z3.6.A.02,2018,MMR Dose 2 by Age 17,2001,96.47,1.8800000000000001,1.6500000000000001,93.37
Z3.6.A.02,2019,MMR Dose 2 by Age 17,2002,89.28,3.3600000000000003,-1.2800000000000002,93.56
Z3.6.A.02,2020,MMR Dose 2 by Age 17,2003,93.03,2.43,-0.53,94.32000000000001
Z3.6.A.02,2021,MMR Dose 2 by Age 17,2004,86.26,3.55,-2.2800000000000002,94.35000000000001
Z3.6.A.02,2022,MMR Dose 2 by Age 17,2005,87.24000000000001,3.3400000000000003,-1.9000000000000001,93.60000000000001
Z3.6.A.02,2023,MMR Dose 2 by Age 17,2006,79.31000000000002,4.0,-3.33,92.62
Z3.6.A.02,2023,MMR Dose 2 by Age 2,2021,24.310000000000002,4.23,-10.650000000000002,69.32
Z3.6.A.02,2014,MMR Dose 2 by Age 7,2007,72.99000000000001,4.34,-1.7500000000000002,80.57
Z3.6.A.02,2015,MMR Dose 2 by Age 7,2008,73.11000000000001,4.2,-1.9500000000000002,81.30000000000001
Z3.6.A.02,2016,MMR Dose 2 by Age 7,2009,64.39,4.02,-4.41,82.10000000000001
Z3.6.A.02,2017,MMR Dose 2 by Age 7,2010,65.85,4.28,-3.69,81.63000000000001
Z3.6.A.02,2018,MMR Dose 2 by Age 7,2011,58.38,4.19,-5.42,81.08
Z3.6.A.02,2019,MMR Dose 2 by Age 7,2012,47.480000000000004,5.02,-6.82,81.72
Z3.6.A.02,2020,MMR Dose 2 by Age 7,2013,44.470000000000006,4.69,-7.07,77.60000000000001
Z3.6.A.02,2021,MMR Dose 2 by Age 7,2014,36.55,4.4,-8.68,74.73
Z3.6.A.02,2022,MMR Dose 2 by Age 7,2015,31.710000000000004,4.79,-8.850000000000001,74.08
Z3.6.A.02,2023,MMR Dose 2 by Age 7,2016,24.430000000000003,4.08,-11.8,72.63000000000001
Z3.6.A.03,2014,MMR Dose 1 by Age 13,2001,95.64000000000001,2.12,-0.35000000000000003,96.38000000000001
Z3.6.A.03,2015,MMR Dose 1 by Age 13,2002,98.45,1.35,1.4400000000000002,96.51
Z3.6.A.03,2016,MMR Dose 1 by Age 13,2003,99.28,0.6500000000000001,4.05,96.66000000000001
Z3.6.A.03,2017,MMR Dose 1 by Age 13,2004,95.79,1.9200000000000002,-0.59,96.92
Z3.6.A.03,2018,MMR Dose 1 by Age 13,2005,96.14000000000001,1.86,-0.51,97.09
Z3.6.A.03,2019,MMR Dose 1 by Age 13,2006,94.19000000000001,2.22,-1.1800000000000002,96.81000000000002
Z3.6.A.03,2020,MMR Dose 1 by Age 13,2007,96.05,1.6800000000000002,-0.15000000000000002,96.30000000000001
Z3.6.A.03,2021,MMR Dose 1 by Age 13,2008,94.41000000000001,2.22,-0.55,95.64000000000001
Z3.6.A.03,2022,MMR Dose 1 by Age 13,2009,96.07,1.57,0.52,95.25
Z3.6.A.03,2023,MMR Dose 1 by Age 13,2010,94.25,2.41,-0.29000000000000004,94.95
Z3.6.A.03,2014,MMR Dose 1 by Age 17,1997,98.74000000000001,0.97,2.6,96.23
Z3.6.A.03,2015,MMR Dose 1 by Age 17,1998,98.09,1.2100000000000002,1.31,96.51
Z3.6.A.03,2016,MMR Dose 1 by Age 17,1999,97.12,1.4800000000000002,0.28,96.71000000000001
Z3.6.A.03,2017,MMR Dose 1 by Age 17,2000,97.4,1.2600000000000002,0.36000000000000004,96.94000000000001
Z3.6.A.03,2018,MMR Dose 1 by Age 17,2001,96.72,1.7200000000000002,-0.18,97.03
Z3.6.A.03,2019,MMR Dose 1 by Age 17,2002,98.45,1.35,0.91,97.22
Z3.6.A.03,2020,MMR Dose 1 by Age 17,2003,99.39000000000001,0.56,2.95,97.75
Z3.6.A.03,2021,MMR Dose 1 by Age 17,2004,95.79,1.9200000000000002,-1.06,97.84000000000002
Z3.6.A.03,2022,MMR Dose 1 by Age 17,2005,96.73,1.6700000000000002,-0.6600000000000001,97.83000000000001
Z3.6.A.03,2023,MMR Dose 1 by Age 17,2006,95.47,2.07,-0.8700000000000001,97.27
Z3.6.A.03,2014,MMR Dose 1 by Age 2,2012,83.14000000000001,3.59,-1.37,88.05
Z3.6.A.03,2015,MMR Dose 1 by Age 2,2013,82.26,3.53,-1.37,87.11000000000001
Z3.6.A.03,2016,MMR Dose 1 by Age 2,2014,86.79,2.9600000000000004,-0.17,87.29
Z3.6.A.03,2017,MMR Dose 1 by Age 2,2015,86.16000000000001,3.13,-0.28,87.05
Z3.6.A.03,2018,MMR Dose 1 by Age 2,2016,78.86000000000001,3.9000000000000004,-2.02,86.73
Z3.6.A.03,2019,MMR Dose 1 by Age 2,2017,83.27,3.4400000000000004,-1.07,86.96000000000001
Z3.6.A.03,2020,MMR Dose 1 by Age 2,2018,78.92,4.12,-1.87,86.65
Z3.6.A.03,2021,MMR Dose 1 by Age 2,2019,66.69000000000001,4.930000000000001,-3.35,83.2
Z3.6.A.03,2022,MMR Dose 1 by Age 2,2020,72.33,4.54,-2.15,82.07
Z3.6.A.03,2023,MMR Dose 1 by Age 2,2021,60.36000000000001,4.61,-4.630000000000001,81.67
Z3.6.A.03,2014,MMR Dose 2 by Age 13,2001,87.32000000000001,3.43,-1.2900000000000003,91.76
Z3.6.A.03,2015,MMR Dose 2 by Age 13,2002,91.67,2.63,0.0,91.68
Z3.6.A.03,2016,MMR Dose 2 by Age 13,2003,93.19000000000001,2.2800000000000002,0.88,91.18
Z3.6.A.03,2017,MMR Dose 2 by Age 13,2004,90.11000000000001,2.89,-0.47000000000000003,91.45
Z3.6.A.03,2018,MMR Dose 2 by Age 13,2005,95.5,1.84,2.2600000000000002,91.34000000000002
Z3.6.A.03,2019,MMR Dose 2 by Age 13,2006,90.65,2.53,-0.32000000000000006,91.46000000000001
Z3.6.A.03,2020,MMR Dose 2 by Age 13,2007,90.11000000000001,2.8800000000000003,-0.31000000000000005,91.01
Z3.6.A.03,2021,MMR Dose 2 by Age 13,2008,94.29,1.8900000000000001,2.3800000000000003,89.81000000000002
Z3.6.A.03,2022,MMR Dose 2 by Age 13,2009,90.54,2.65,0.27,89.83000000000001
Z3.6.A.03,2023,MMR Dose 2 by Age 13,2010,90.25,2.74,0.23,89.61000000000001
Z3.6.A.03,2014,MMR Dose 2 by Age 17,1997,94.98,2.01,1.2800000000000002,92.41000000000001
Z3.6.A.03,2015,MMR Dose 2 by Age 17,1998,91.87,2.49,-0.35000000000000003,92.75
Z3.6.A.03,2016,MMR Dose 2 by Age 17,1999,91.66000000000001,2.4800000000000004,-0.6300000000000001,93.22
Z3.6.A.03,2017,MMR Dose 2 by Age 17,2000,92.7,2.3200000000000003,-0.34,93.49000000000001
Z3.6.A.03,2018,MMR Dose 2 by Age 17,2001,90.36000000000001,3.02,-1.0,93.37
Z3.6.A.03,2019,MMR Dose 2 by Age 17,2002,91.67,2.63,-0.7200000000000001,93.56
Z3.6.A.03,2020,MMR Dose 2 by Age 17,2003,96.0,1.6400000000000001,1.02,94.32000000000001
Z3.6.A.03,2021,MMR Dose 2 by Age 17,2004,93.58,2.2600000000000002,-0.34,94.35000000000001
Z3.6.A.03,2022,MMR Dose 2 by Age 17,2005,96.59,1.55,1.9300000000000002,93.60000000000001
Z3.6.A.03,2023,MMR Dose 2 by Age 17,2006,91.46000000000001,2.4400000000000004,-0.47000000000000003,92.62
Z3.6.A.03,2023,MMR Dose 2 by Age 2,2021,55.410000000000004,4.670000000000001,-2.9800000000000004,69.32
Z3.6.A.03,2014,MMR Dose 2 by Age 7,2007,82.84000000000002,3.61,0.6300000000000001,80.57
Z3.6.A.03,2015,MMR Dose 2 by Age 7,2008,83.68,3.35,0.7100000000000001,81.30000000000001
Z3.6.A.03,2016,MMR Dose 2 by Age 7,2009,81.18,3.5,-0.26,82.10000000000001
Z3.6.A.03,2017,MMR Dose 2 by Age 7,2010,80.28,3.77,-0.36000000000000004,81.63000000000001
Z3.6.A.03,2018,MMR Dose 2 by Age 7,2011,81.2,3.53,0.04,81.08
Z3.6.A.03,2019,MMR Dose 2 by Age 7,2012,81.86000000000001,3.53,0.04,81.72
Z3.6.A.03,2020,MMR Dose 2 by Age 7,2013,78.10000000000001,3.71,0.13,77.60000000000001
Z3.6.A.03,2021,MMR Dose 2 by Age 7,2014,77.30000000000001,3.7600000000000002,0.68,74.73
Z3.6.A.03,2022,MMR Dose 2 by Age 7,2015,76.22,3.7600000000000002,0.5700000000000001,74.08
Z3.6.A.03,2023,MMR Dose 2 by Age 7,2016,63.64,4.54,-1.9800000000000002,72.63000000000001
Z3.6.B.04,2014,MMR Dose 1 by Age 13,2001,95.08,1.7200000000000002,-0.76,96.38000000000001
Z3.6.B.04,2015,MMR Dose 1 by Age 13,2002,96.98,1.2700000000000002,0.37000000000000005,96.51
Z3.6.B.04,2016,MMR Dose 1 by Age 13,2003,97.64000000000001,1.1300000000000001,0.8700000000000001,96.66000000000001
Z3.6.B.04,2017,MMR Dose 1 by Age 13,2004,98.79,0.6700000000000002,2.81,96.92
Z3.6.B.04,2018,MMR Dose 1 by Age 13,2005,97.2,1.1800000000000002,0.09,97.09
Z3.6.B.04,2019,MMR Dose 1 by Age 13,2006,93.59,1.7900000000000003,-1.8,96.81000000000002
Z3.6.B.04,2020,MMR Dose 1 by Age 13,2007,96.65,1.2000000000000002,0.29000000000000004,96.30000000000001
Z3.6.B.04,2021,MMR Dose 1 by Age 13,2008,95.96000000000001,1.3,0.25,95.64000000000001
Z3.6.B.04,2022,MMR Dose 1 by Age 13,2009,95.93,1.32,0.51,95.25
Z3.6.B.04,2023,MMR Dose 1 by Age 13,2010,96.26,1.2400000000000002,1.05,94.95
Z3.6.B.04,2014,MMR Dose 1 by Age 17,1997,95.30000000000001,1.6400000000000001,-0.56,96.23
Z3.6.B.04,2015,MMR Dose 1 by Age 17,1998,94.72,1.6700000000000002,-1.07,96.51
Z3.6.B.04,2016,MMR Dose 1 by Age 17,1999,95.61000000000001,1.58,-0.6900000000000001,96.71000000000001
Z3.6.B.04,2017,MMR Dose 1 by Age 17,2000,95.55,1.58,-0.88,96.94000000000001
Z3.6.B.04,2018,MMR Dose 1 by Age 17,2001,95.33000000000001,1.6500000000000001,-1.03,97.03
Z3.6.B.04,2019,MMR Dose 1 by Age 17,2002,97.30000000000001,1.1800000000000002,0.07,97.22
Z3.6.B.04,2020,MMR Dose 1 by Age 17,2003,98.16000000000001,0.92,0.44,97.75
Z3.6.B.04,2021,MMR Dose 1 by Age 17,2004,99.07,0.53,2.31,97.84000000000002
Z3.6.B.04,2022,MMR Dose 1 by Age 17,2005,97.2,1.1800000000000002,-0.54,97.83000000000001
Z3.6.B.04,2023,MMR Dose 1 by Age 17,2006,93.94000000000001,1.7300000000000002,-1.9300000000000002,97.27
Z3.6.B.04,2014,MMR Dose 1 by Age 2,2012,86.44000000000001,2.58,-0.6200000000000001,88.05
Z3.6.B.04,2015,MMR Dose 1 by Age 2,2013,87.65,2.4800000000000004,0.22,87.11000000000001
Z3.6.B.04,2016,MMR Dose 1 by Age 2,2014,87.51,2.3600000000000003,0.09,87.29
Z3.6.B.04,2017,MMR Dose 1 by Age 2,2015,87.31000000000002,2.3600000000000003,0.11,87.05
Z3.6.B.04,2018,MMR Dose 1 by Age 2,2016,87.25,2.58,0.2,86.73
Z3.6.B.04,2019,MMR Dose 1 by Age 2,2017,86.81000000000002,2.72,-0.05,86.96000000000001
Z3.6.B.04,2020,MMR Dose 1 by Age 2,2018,88.76,2.4400000000000004,0.8600000000000001,86.65
Z3.6.B.04,2021,MMR Dose 1 by Age 2,2019,81.56,2.9400000000000004,-0.56,83.2
Z3.6.B.04,2022,MMR Dose 1 by Age 2,2020,81.5,3.16,-0.18,82.07
Z3.6.B.04,2023,MMR Dose 1 by Age 2,2021,74.99000000000001,3.33,-2.01,81.67
Z3.6.B.04,2014,MMR Dose 2 by Age 13,2001,91.4,2.12,-0.17,91.76
Z3.6.B.04,2015,MMR Dose 2 by Age 13,2002,94.26,1.7100000000000002,1.51,91.68
Z3.6.B.04,2016,MMR Dose 2 by Age 13,2003,88.54,2.45,-1.08,91.18
Z3.6.B.04,2017,MMR Dose 2 by Age 13,2004,94.76,1.4200000000000002,2.33,91.45
Z3.6.B.04,2018,MMR Dose 2 by Age 13,2005,91.04,2.08,-0.14,91.34000000000002
Z3.6.B.04,2019,MMR Dose 2 by Age 13,2006,89.95,2.11,-0.7100000000000001,91.46000000000001
Z3.6.B.04,2020,MMR Dose 2 by Age 13,2007,88.81000000000002,2.13,-1.03,91.01
Z3.6.B.04,2021,MMR Dose 2 by Age 13,2008,91.32000000000001,1.9500000000000002,0.77,89.81000000000002
Z3.6.B.04,2022,MMR Dose 2 by Age 13,2009,87.25,2.2800000000000002,-1.1300000000000001,89.83000000000001
Z3.6.B.04,2023,MMR Dose 2 by Age 13,2010,90.08,2.01,0.23,89.61000000000001
Z3.6.B.04,2014,MMR Dose 2 by Age 17,1997,92.78,1.9300000000000002,0.19,92.41000000000001
Z3.6.B.04,2015,MMR Dose 2 by Age 17,1998,93.31000000000002,1.81,0.31000000000000005,92.75
Z3.6.B.04,2016,MMR Dose 2 by Age 17,1999,93.23,1.8800000000000001,0.01,93.22
Z3.6.B.04,2017,MMR Dose 2 by Age 17,2000,91.17,2.16,-1.08,93.49000000000001
Z3.6.B.04,2018,MMR Dose 2 by Age 17,2001,92.30000000000001,1.9600000000000002,-0.55,93.37
Z3.6.B.04,2019,MMR Dose 2 by Age 17,2002,95.51,1.4800000000000002,1.31,93.56
Z3.6.B.04,2020,MMR Dose 2 by Age 17,2003,91.29,2.15,-1.4100000000000001,94.32000000000001
Z3.6.B.04,2021,MMR Dose 2 by Age 17,2004,95.9,1.2200000000000002,1.2800000000000002,94.35000000000001
Z3.6.B.04,2022,MMR Dose 2 by Age 17,2005,92.67,1.9000000000000001,-0.49,93.60000000000001
Z3.6.B.04,2023,MMR Dose 2 by Age 17,2006,90.81000000000002,2.02,-0.9,92.62
Z3.6.B.04,2023,MMR Dose 2 by Age 2,2021,64.81,3.61,-1.2500000000000002,69.32
Z3.6.B.04,2014,MMR Dose 2 by Age 7,2007,81.43,2.74,0.31000000000000005,80.57
Z3.6.B.04,2015,MMR Dose 2 by Age 7,2008,83.10000000000001,2.57,0.7000000000000001,81.30000000000001
Z3.6.B.04,2016,MMR Dose 2 by Age 7,2009,81.39000000000001,2.68,-0.26,82.10000000000001
Z3.6.B.04,2017,MMR Dose 2 by Age 7,2010,86.22,2.35,1.9500000000000002,81.63000000000001
Z3.6.B.04,2018,MMR Dose 2 by Age 7,2011,82.99000000000001,2.72,0.7000000000000001,81.08
Z3.6.B.04,2019,MMR Dose 2 by Age 7,2012,79.67,2.99,-0.68,81.72
Z3.6.B.04,2020,MMR Dose 2 by Age 7,2013,81.46000000000001,2.8800000000000003,1.34,77.60000000000001
Z3.6.B.04,2021,MMR Dose 2 by Age 7,2014,79.91000000000001,2.97,1.7400000000000002,74.73
Z3.6.B.04,2022,MMR Dose 2 by Age 7,2015,84.24000000000001,2.59,3.9200000000000004,74.08
Z3.6.B.04,2023,MMR Dose 2 by Age 7,2016,64.39,3.65,-2.2600000000000002,72.63000000000001
Z3.7.A.01,2014,MMR Dose 1 by Age 13,2001,93.84000000000002,1.1900000000000002,-2.14,96.38000000000001
Z3.7.A.01,2015,MMR Dose 1 by Age 13,2002,95.65,0.91,-0.9500000000000001,96.51
Z3.7.A.01,2016,MMR Dose 1 by Age 13,2003,94.94000000000001,0.97,-1.7700000000000002,96.66000000000001
Z3.7.A.01,2017,MMR Dose 1 by Age 13,2004,93.35000000000001,1.1300000000000001,-3.17,96.92
Z3.7.A.01,2018,MMR Dose 1 by Age 13,2005,94.35000000000001,1.02,-2.69,97.09
Z3.7.A.01,2019,MMR Dose 1 by Age 13,2006,93.64000000000001,1.03,-3.08,96.81000000000002
Z3.7.A.01,2020,MMR Dose 1 by Age 13,2007,92.48,1.1,-3.4600000000000004,96.30000000000001
Z3.7.A.01,2021,MMR Dose 1 by Age 13,2008,92.72,1.05,-2.7800000000000002,95.64000000000001
Z3.7.A.01,2022,MMR Dose 1 by Age 13,2009,90.81000000000002,1.2400000000000002,-3.57,95.25
Z3.7.A.01,2023,MMR Dose 1 by Age 13,2010,92.25,1.06,-2.54,94.95
Z3.7.A.01,2014,MMR Dose 1 by Age 17,1997,95.54,1.0,-0.6900000000000001,96.23
Z3.7.A.01,2015,MMR Dose 1 by Age 17,1998,95.34000000000002,1.02,-1.1500000000000001,96.51
Z3.7.A.01,2016,MMR Dose 1 by Age 17,1999,97.68,0.6000000000000001,1.6300000000000001,96.71000000000001
Z3.7.A.01,2017,MMR Dose 1 by Age 17,2000,95.53,0.98,-1.4400000000000002,96.94000000000001
Z3.7.A.01,2018,MMR Dose 1 by Age 17,2001,94.95,1.03,-2.03,97.03
Z3.7.A.01,2019,MMR Dose 1 by Age 17,2002,97.17,0.6600000000000001,-0.08,97.22
Z3.7.A.01,2020,MMR Dose 1 by Age 17,2003,96.33000000000001,0.76,-1.87,97.75
Z3.7.A.01,2021,MMR Dose 1 by Age 17,2004,95.17,0.9,-2.97,97.84000000000002
Z3.7.A.01,2022,MMR Dose 1 by Age 17,2005,95.02,0.93,-3.0,97.83000000000001
Z3.7.A.01,2023,MMR Dose 1 by Age 17,2006,94.37,0.9500000000000001,-3.04,97.27
Z3.7.A.01,2014,MMR Dose 1 by Age 2,2012,79.99000000000001,1.6,-5.03,88.05
Z3.7.A.01,2015,MMR Dose 1 by Age 2,2013,79.49000000000001,1.7100000000000002,-4.46,87.11000000000001
Z3.7.A.01,2016,MMR Dose 1 by Age 2,2014,80.81000000000002,1.7000000000000002,-3.8200000000000003,87.29
Z3.7.A.01,2017,MMR Dose 1 by Age 2,2015,76.75,1.86,-5.53,87.05
Z3.7.A.01,2018,MMR Dose 1 by Age 2,2016,75.35,1.9900000000000002,-5.73,86.73
Z3.7.A.01,2019,MMR Dose 1 by Age 2,2017,81.04,1.84,-3.22,86.96000000000001
Z3.7.A.01,2020,MMR Dose 1 by Age 2,2018,82.74000000000001,1.81,-2.16,86.65
Z3.7.A.01,2021,MMR Dose 1 by Age 2,2019,76.25,2.07,-3.35,83.2
Z3.7.A.01,2022,MMR Dose 1 by Age 2,2020,73.0,2.3600000000000003,-3.85,82.07
Z3.7.A.01,2023,MMR Dose 1 by Age 2,2021,74.10000000000001,2.2600000000000002,-3.35,81.67
Z3.7.A.01,2014,MMR Dose 2 by Age 13,2001,90.25,1.4300000000000002,-1.06,91.76
Z3.7.A.01,2015,MMR Dose 2 by Age 13,2002,88.60000000000001,1.51,-2.04,91.68
Z3.7.A.01,2016,MMR Dose 2 by Age 13,2003,88.33000000000001,1.4500000000000002,-1.9600000000000002,91.18
Z3.7.A.01,2017,MMR Dose 2 by Age 13,2004,86.05,1.6300000000000001,-3.31,91.45
Z3.7.A.01,2018,MMR Dose 2 by Age 13,2005,86.48,1.53,-3.18,91.34000000000002
Z3.7.A.01,2019,MMR Dose 2 by Age 13,2006,87.05,1.4500000000000002,-3.05,91.46000000000001
Z3.7.A.01,2020,MMR Dose 2 by Age 13,2007,86.76,1.4000000000000001,-3.03,91.01
Z3.7.A.01,2021,MMR Dose 2 by Age 13,2008,86.37,1.3800000000000001,-2.5,89.81000000000002
Z3.7.A.01,2022,MMR Dose 2 by Age 13,2009,85.05,1.4900000000000002,-3.2,89.83000000000001
Z3.7.A.01,2023,MMR Dose 2 by Age 13,2010,82.84000000000002,1.6,-4.23,89.61000000000001
Z3.7.A.01,2014,MMR Dose 2 by Age 17,1997,92.06,1.37,-0.25,92.41000000000001
Z3.7.A.01,2015,MMR Dose 2 by Age 17,1998,93.95,1.1300000000000001,1.06,92.75
Z3.7.A.01,2016,MMR Dose 2 by Age 17,1999,92.88000000000001,1.2400000000000002,-0.27,93.22
Z3.7.A.01,2017,MMR Dose 2 by Age 17,2000,94.03,1.07,0.5,93.49000000000001
Z3.7.A.01,2018,MMR Dose 2 by Age 17,2001,91.41000000000001,1.31,-1.5,93.37
Z3.7.A.01,2019,MMR Dose 2 by Age 17,2002,93.24000000000001,1.11,-0.29000000000000004,93.56
Z3.7.A.01,2020,MMR Dose 2 by Age 17,2003,91.08,1.2300000000000002,-2.64,94.32000000000001
Z3.7.A.01,2021,MMR Dose 2 by Age 17,2004,89.89000000000001,1.37,-3.2600000000000002,94.35000000000001
Z3.7.A.01,2022,MMR Dose 2 by Age 17,2005,88.80000000000001,1.37,-3.49,93.60000000000001
Z3.7.A.01,2023,MMR Dose 2 by Age 17,2006,88.24000000000001,1.3800000000000001,-3.17,92.62
Z3.7.A.01,2023,MMR Dose 2 by Age 2,2021,54.220000000000006,2.56,-5.890000000000001,69.32
Z3.7.A.01,2014,MMR Dose 2 by Age 7,2007,73.41000000000001,1.86,-3.85,80.57
Z3.7.A.01,2015,MMR Dose 2 by Age 7,2008,75.23,1.7900000000000003,-3.39,81.30000000000001
Z3.7.A.01,2016,MMR Dose 2 by Age 7,2009,73.8,1.86,-4.46,82.10000000000001
Z3.7.A.01,2017,MMR Dose 2 by Age 7,2010,72.69000000000001,1.9200000000000002,-4.65,81.63000000000001
Z3.7.A.01,2018,MMR Dose 2 by Age 7,2011,70.03,2.08,-5.3100000000000005,81.08
Z3.7.A.01,2019,MMR Dose 2 by Age 7,2012,69.60000000000001,1.9500000000000002,-6.21,81.72
Z3.7.A.01,2020,MMR Dose 2 by Age 7,2013,66.16000000000001,2.08,-5.5,77.60000000000001
Z3.7.A.01,2021,MMR Dose 2 by Age 7,2014,59.470000000000006,2.21,-6.91,74.73
Z3.7.A.01,2022,MMR Dose 2 by Age 7,2015,69.65,2.02,-2.19,74.08
Z3.7.A.01,2023,MMR Dose 2 by Age 7,2016,60.84,2.2600000000000002,-5.2,72.63000000000001
Z3.7.B.02,2014,MMR Dose 1 by Age 13,2001,96.67,1.07,0.27,96.38000000000001
Z3.7.B.02,2015,MMR Dose 1 by Age 13,2002,97.04,1.09,0.49,96.51
Z3.7.B.02,2016,MMR Dose 1 by Age 13,2003,95.13000000000001,1.51,-1.01,96.66000000000001
Z3.7.B.02,2017,MMR Dose 1 by Age 13,2004,96.67,1.2100000000000002,-0.2,96.92
Z3.7.B.02,2018,MMR Dose 1 by Age 13,2005,94.55,1.4700000000000002,-1.7300000000000002,97.09
Z3.7.B.02,2019,MMR Dose 1 by Age 13,2006,93.89000000000001,1.4700000000000002,-1.9900000000000002,96.81000000000002
Z3.7.B.02,2020,MMR Dose 1 by Age 13,2007,95.37,1.2300000000000002,-0.7500000000000001,96.30000000000001
Z3.7.B.02,2021,MMR Dose 1 by Age 13,2008,95.11000000000001,1.3,-0.4,95.64000000000001
Z3.7.B.02,2022,MMR Dose 1 by Age 13,2009,92.85000000000001,1.7200000000000002,-1.4000000000000001,95.25
Z3.7.B.02,2023,MMR Dose 1 by Age 13,2010,92.63000000000001,1.7700000000000002,-1.31,94.95
Z3.7.B.02,2014,MMR Dose 1 by Age 17,1997,95.54,1.4900000000000002,-0.46,96.23
Z3.7.B.02,2015,MMR Dose 1 by Age 17,1998,96.4,1.2000000000000002,-0.09,96.51
Z3.7.B.02,2016,MMR Dose 1 by Age 17,1999,96.93,1.05,0.21000000000000002,96.71000000000001
Z3.7.B.02,2017,MMR Dose 1 by Age 17,2000,97.03,1.09,0.08,96.94000000000001
Z3.7.B.02,2018,MMR Dose 1 by Age 17,2001,98.35000000000001,0.6000000000000001,2.22,97.03
Z3.7.B.02,2019,MMR Dose 1 by Age 17,2002,98.86000000000001,0.48000000000000004,3.4000000000000004,97.22
Z3.7.B.02,2020,MMR Dose 1 by Age 17,2003,96.97,1.03,-0.7500000000000001,97.75
Z3.7.B.02,2021,MMR Dose 1 by Age 17,2004,98.49000000000001,0.6300000000000001,1.04,97.84000000000002
Z3.7.B.02,2022,MMR Dose 1 by Age 17,2005,95.72,1.2300000000000002,-1.7100000000000002,97.83000000000001
Z3.7.B.02,2023,MMR Dose 1 by Age 17,2006,95.67,1.1600000000000001,-1.3800000000000001,97.27
Z3.7.B.02,2014,MMR Dose 1 by Age 2,2012,75.2,3.3000000000000003,-3.9000000000000004,88.05
Z3.7.B.02,2015,MMR Dose 1 by Age 2,2013,76.95,2.9800000000000004,-3.41,87.11000000000001
Z3.7.B.02,2016,MMR Dose 1 by Age 2,2014,77.9,3.01,-3.12,87.29
Z3.7.B.02,2017,MMR Dose 1 by Age 2,2015,77.22,2.99,-3.2800000000000002,87.05
Z3.7.B.02,2018,MMR Dose 1 by Age 2,2016,70.34,3.37,-4.86,86.73
Z3.7.B.02,2019,MMR Dose 1 by Age 2,2017,77.71000000000001,3.21,-2.8800000000000003,86.96000000000001
Z3.7.B.02,2020,MMR Dose 1 by Age 2,2018,79.51,2.9000000000000004,-2.4600000000000004,86.65
Z3.7.B.02,2021,MMR Dose 1 by Age 2,2019,74.65,3.39,-2.52,83.2
Z3.7.B.02,2022,MMR Dose 1 by Age 2,2020,74.28,3.3600000000000003,-2.3200000000000003,82.07
Z3.7.B.02,2023,MMR Dose 1 by Age 2,2021,69.66000000000001,3.73,-3.22,81.67
Z3.7.B.02,2014,MMR Dose 2 by Age 13,2001,83.47,3.21,-2.58,91.76
Z3.7.B.02,2015,MMR Dose 2 by Age 13,2002,90.88000000000001,2.31,-0.34,91.68
Z3.7.B.02,2016,MMR Dose 2 by Age 13,2003,85.68,2.77,-1.9800000000000002,91.18
Z3.7.B.02,2017,MMR Dose 2 by Age 13,2004,90.57,2.33,-0.38000000000000006,91.45
Z3.7.B.02,2018,MMR Dose 2 by Age 13,2005,84.62,2.62,-2.57,91.34000000000002
Z3.7.B.02,2019,MMR Dose 2 by Age 13,2006,84.46000000000001,2.67,-2.63,91.46000000000001
Z3.7.B.02,2020,MMR Dose 2 by Age 13,2007,87.83000000000001,2.21,-1.4400000000000002,91.01
Z3.7.B.02,2021,MMR Dose 2 by Age 13,2008,85.51,2.52,-1.7100000000000002,89.81000000000002
Z3.7.B.02,2022,MMR Dose 2 by Age 13,2009,81.87,2.83,-2.81,89.83000000000001
Z3.7.B.02,2023,MMR Dose 2 by Age 13,2010,87.80000000000001,2.16,-0.8400000000000001,89.61000000000001
Z3.7.B.02,2014,MMR Dose 2 by Age 17,1997,90.97,2.21,-0.6500000000000001,92.41000000000001
Z3.7.B.02,2015,MMR Dose 2 by Age 17,1998,89.83000000000001,2.35,-1.2400000000000002,92.75
Z3.7.B.02,2016,MMR Dose 2 by Age 17,1999,89.23,2.45,-1.6300000000000001,93.22
Z3.7.B.02,2017,MMR Dose 2 by Age 17,2000,92.31000000000002,2.1,-0.56,93.49000000000001
Z3.7.B.02,2018,MMR Dose 2 by Age 17,2001,89.96000000000001,2.2800000000000002,-1.5,93.37
Z3.7.B.02,2019,MMR Dose 2 by Age 17,2002,95.95,1.2400000000000002,1.9400000000000002,93.56
Z3.7.B.02,2020,MMR Dose 2 by Age 17,2003,91.65,1.9200000000000002,-1.3900000000000001,94.32000000000001
Z3.7.B.02,2021,MMR Dose 2 by Age 17,2004,95.51,1.34,0.8600000000000001,94.35000000000001
Z3.7.B.02,2022,MMR Dose 2 by Age 17,2005,87.68,2.29,-2.59,93.60000000000001
Z3.7.B.02,2023,MMR Dose 2 by Age 17,2006,87.9,2.29,-2.06,92.62
Z3.7.B.02,2023,MMR Dose 2 by Age 2,2021,56.2,4.0,-3.2800000000000002,69.32
Z3.7.B.02,2014,MMR Dose 2 by Age 7,2007,64.93,3.69,-4.24,80.57
Z3.7.B.02,2015,MMR Dose 2 by Age 7,2008,65.61000000000001,3.75,-4.19,81.30000000000001
Z3.7.B.02,2016,MMR Dose 2 by Age 7,2009,66.61000000000001,3.62,-4.28,82.10000000000001
Z3.7.B.02,2017,MMR Dose 2 by Age 7,2010,72.14000000000001,3.25,-2.9200000000000004,81.63000000000001
Z3.7.B.02,2018,MMR Dose 2 by Age 7,2011,65.38,3.62,-4.33,81.08
Z3.7.B.02,2019,MMR Dose 2 by Age 7,2012,68.23,3.4000000000000004,-3.97,81.72
Z3.7.B.02,2020,MMR Dose 2 by Age 7,2013,65.92,3.5,-3.3400000000000003,77.60000000000001
Z3.7.B.02,2021,MMR Dose 2 by Age 7,2014,57.6,4.02,-4.26,74.73
Z3.7.B.02,2022,MMR Dose 2 by Age 7,2015,67.67,3.54,-1.81,74.08
Z3.7.B.02,2023,MMR Dose 2 by Age 7,2016,53.05,3.8200000000000003,-5.12,72.63000000000001
Z3.7.C.03,2014,MMR Dose 1 by Age 13,2001,94.04,1.1,-2.12,96.38000000000001
Z3.7.C.03,2015,MMR Dose 1 by Age 13,2002,95.56,0.89,-1.06,96.51
Z3.7.C.03,2016,MMR Dose 1 by Age 13,2003,93.5,1.09,-2.89,96.66000000000001
Z3.7.C.03,2017,MMR Dose 1 by Age 13,2004,95.23,0.8600000000000001,-1.9700000000000002,96.92
Z3.7.C.03,2018,MMR Dose 1 by Age 13,2005,93.92,1.0,-3.16,97.09
Z3.7.C.03,2019,MMR Dose 1 by Age 13,2006,93.80000000000001,0.96,-3.13,96.81000000000002
Z3.7.C.03,2020,MMR Dose 1 by Age 13,2007,92.71000000000001,0.96,-3.74,96.30000000000001
Z3.7.C.03,2021,MMR Dose 1 by Age 13,2008,91.97,1.02,-3.59,95.64000000000001
Z3.7.C.03,2022,MMR Dose 1 by Age 13,2009,92.72,0.96,-2.64,95.25
Z3.7.C.03,2023,MMR Dose 1 by Age 13,2010,90.71000000000001,1.09,-3.89,94.95
Z3.7.C.03,2014,MMR Dose 1 by Age 17,1997,92.56,1.4200000000000002,-2.59,96.23
Z3.7.C.03,2015,MMR Dose 1 by Age 17,1998,96.84000000000002,0.76,0.43000000000000005,96.51
Z3.7.C.03,2016,MMR Dose 1 by Age 17,1999,96.34000000000002,0.9,-0.41000000000000003,96.71000000000001
Z3.7.C.03,2017,MMR Dose 1 by Age 17,2000,96.10000000000001,0.81,-1.04,96.94000000000001
Z3.7.C.03,2018,MMR Dose 1 by Age 17,2001,95.37,0.92,-1.8,97.03
Z3.7.C.03,2019,MMR Dose 1 by Age 17,2002,96.48,0.7500000000000001,-0.98,97.22
Z3.7.C.03,2020,MMR Dose 1 by Age 17,2003,94.30000000000001,1.01,-3.4200000000000004,97.75
Z3.7.C.03,2021,MMR Dose 1 by Age 17,2004,96.4,0.7000000000000001,-2.05,97.84000000000002
Z3.7.C.03,2022,MMR Dose 1 by Age 17,2005,95.30000000000001,0.8500000000000001,-2.97,97.83000000000001
Z3.7.C.03,2023,MMR Dose 1 by Age 17,2006,94.18,0.92,-3.35,97.27
Z3.7.C.03,2014,MMR Dose 1 by Age 2,2012,84.32000000000001,1.37,-2.72,88.05
Z3.7.C.03,2015,MMR Dose 1 by Age 2,2013,83.34000000000002,1.4300000000000002,-2.64,87.11000000000001
Z3.7.C.03,2016,MMR Dose 1 by Age 2,2014,86.82000000000001,1.2700000000000002,-0.37000000000000005,87.29
Z3.7.C.03,2017,MMR Dose 1 by Age 2,2015,81.85000000000001,1.4700000000000002,-3.54,87.05
Z3.7.C.03,2018,MMR Dose 1 by Age 2,2016,82.79,1.4500000000000002,-2.71,86.73
Z3.7.C.03,2019,MMR Dose 1 by Age 2,2017,87.46000000000001,1.31,0.38000000000000006,86.96000000000001
Z3.7.C.03,2020,MMR Dose 1 by Age 2,2018,87.78,1.33,0.8500000000000001,86.65
Z3.7.C.03,2021,MMR Dose 1 by Age 2,2019,81.21000000000001,1.6700000000000002,-1.1900000000000002,83.2
Z3.7.C.03,2022,MMR Dose 1 by Age 2,2020,83.99000000000001,1.55,1.2400000000000002,82.07
Z3.7.C.03,2023,MMR Dose 1 by Age 2,2021,80.45,1.6600000000000001,-0.7300000000000001,81.67
Z3.7.C.03,2014,MMR Dose 2 by Age 13,2001,90.11000000000001,1.2900000000000003,-1.2800000000000002,91.76
Z3.7.C.03,2015,MMR Dose 2 by Age 13,2002,91.29,1.12,-0.35000000000000003,91.68
Z3.7.C.03,2016,MMR Dose 2 by Age 13,2003,90.03,1.2600000000000002,-0.91,91.18
Z3.7.C.03,2017,MMR Dose 2 by Age 13,2004,88.73,1.32,-2.06,91.45
Z3.7.C.03,2018,MMR Dose 2 by Age 13,2005,89.30000000000001,1.2300000000000002,-1.6600000000000001,91.34000000000002
Z3.7.C.03,2019,MMR Dose 2 by Age 13,2006,88.59,1.2000000000000002,-2.3800000000000003,91.46000000000001
Z3.7.C.03,2020,MMR Dose 2 by Age 13,2007,87.27,1.2100000000000002,-3.08,91.01
Z3.7.C.03,2021,MMR Dose 2 by Age 13,2008,86.98,1.2700000000000002,-2.22,89.81000000000002
Z3.7.C.03,2022,MMR Dose 2 by Age 13,2009,87.25,1.2500000000000002,-2.07,89.83000000000001
Z3.7.C.03,2023,MMR Dose 2 by Age 13,2010,85.5,1.2700000000000002,-3.23,89.61000000000001
Z3.7.C.03,2014,MMR Dose 2 by Age 17,1997,92.61000000000001,1.1800000000000002,0.17,92.41000000000001
Z3.7.C.03,2015,MMR Dose 2 by Age 17,1998,92.91000000000001,1.08,0.15000000000000002,92.75
Z3.7.C.03,2016,MMR Dose 2 by Age 17,1999,94.30000000000001,0.98,1.11,93.22
Z3.7.C.03,2017,MMR Dose 2 by Age 17,2000,93.48,0.98,-0.01,93.49000000000001
Z3.7.C.03,2018,MMR Dose 2 by Age 17,2001,92.57,1.09,-0.7400000000000001,93.37
Z3.7.C.03,2019,MMR Dose 2 by Age 17,2002,93.18,0.97,-0.4,93.56
Z3.7.C.03,2020,MMR Dose 2 by Age 17,2003,92.29,1.08,-1.8800000000000001,94.32000000000001
Z3.7.C.03,2021,MMR Dose 2 by Age 17,2004,92.17,1.07,-2.04,94.35000000000001
Z3.7.C.03,2022,MMR Dose 2 by Age 17,2005,91.36000000000001,1.09,-2.05,93.60000000000001
Z3.7.C.03,2023,MMR Dose 2 by Age 17,2006,90.0,1.12,-2.35,92.62
Z3.7.C.03,2023,MMR Dose 2 by Age 2,2021,63.05,2.0,-3.14,69.32
Z3.7.C.03,2014,MMR Dose 2 by Age 7,2007,78.36000000000001,1.53,-1.4400000000000002,80.57
Z3.7.C.03,2015,MMR Dose 2 by Age 7,2008,78.71000000000001,1.59,-1.6400000000000001,81.30000000000001
Z3.7.C.03,2016,MMR Dose 2 by Age 7,2009,79.77,1.51,-1.55,82.10000000000001
Z3.7.C.03,2017,MMR Dose 2 by Age 7,2010,76.85000000000001,1.54,-3.1,81.63000000000001
Z3.7.C.03,2018,MMR Dose 2 by Age 7,2011,78.29,1.4900000000000002,-1.8800000000000001,81.08
Z3.7.C.03,2019,MMR Dose 2 by Age 7,2012,75.45,1.57,-3.9800000000000004,81.72
Z3.7.C.03,2020,MMR Dose 2 by Age 7,2013,71.4,1.7200000000000002,-3.62,77.60000000000001
Z3.7.C.03,2021,MMR Dose 2 by Age 7,2014,70.08,1.7000000000000002,-2.73,74.73
Z3.7.C.03,2022,MMR Dose 2 by Age 7,2015,71.01,1.7300000000000002,-1.7700000000000002,74.08
Z3.7.C.03,2023,MMR Dose 2 by Age 7,2016,70.41000000000001,1.6900000000000002,-1.31,72.63000000000001
Z4.1.A.01,2014,MMR Dose 1 by Age 13,2001,96.61000000000001,0.7300000000000001,0.32000000000000006,96.38000000000001
Z4.1.A.01,2015,MMR Dose 1 by Age 13,2002,94.86000000000001,0.91,-1.82,96.51
Z4.1.A.01,2016,MMR Dose 1 by Age 13,2003,96.07,0.79,-0.7500000000000001,96.66000000000001
Z4.1.A.01,2017,MMR Dose 1 by Age 13,2004,95.5,0.8,-1.7800000000000002,96.92
Z4.1.A.01,2018,MMR Dose 1 by Age 13,2005,97.83000000000001,0.48000000000000004,1.54,97.09
Z4.1.A.01,2019,MMR Dose 1 by Age 13,2006,97.13000000000001,0.5700000000000001,0.56,96.81000000000002
Z4.1.A.01,2020,MMR Dose 1 by Age 13,2007,96.26,0.6600000000000001,-0.05,96.30000000000001
Z4.1.A.01,2021,MMR Dose 1 by Age 13,2008,95.93,0.6700000000000002,0.44,95.64000000000001
Z4.1.A.01,2022,MMR Dose 1 by Age 13,2009,95.92,0.6700000000000002,0.99,95.25
Z4.1.A.01,2023,MMR Dose 1 by Age 13,2010,94.88000000000001,0.7500000000000001,-0.09,94.95
Z4.1.A.01,2014,MMR Dose 1 by Age 17,1997,94.65,0.9400000000000001,-1.6800000000000002,96.23
Z4.1.A.01,2015,MMR Dose 1 by Age 17,1998,94.54,0.91,-2.16,96.51
Z4.1.A.01,2016,MMR Dose 1 by Age 17,1999,94.69000000000001,0.96,-2.11,96.71000000000001
Z4.1.A.01,2017,MMR Dose 1 by Age 17,2000,95.44000000000001,0.8400000000000001,-1.7800000000000002,96.94000000000001
Z4.1.A.01,2018,MMR Dose 1 by Age 17,2001,96.92,0.6700000000000002,-0.15000000000000002,97.03
Z4.1.A.01,2019,MMR Dose 1 by Age 17,2002,95.59,0.8,-2.04,97.22
Z4.1.A.01,2020,MMR Dose 1 by Age 17,2003,97.62,0.52,-0.24000000000000002,97.75
Z4.1.A.01,2021,MMR Dose 1 by Age 17,2004,97.28,0.55,-1.03,97.84000000000002
Z4.1.A.01,2022,MMR Dose 1 by Age 17,2005,98.30000000000001,0.39,1.2100000000000002,97.83000000000001
Z4.1.A.01,2023,MMR Dose 1 by Age 17,2006,97.89000000000001,0.45,1.37,97.27
Z4.1.A.01,2014,MMR Dose 1 by Age 2,2012,87.87,1.2400000000000002,-0.15000000000000002,88.05
Z4.1.A.01,2015,MMR Dose 1 by Age 2,2013,87.71000000000001,1.2300000000000002,0.49,87.11000000000001
Z4.1.A.01,2016,MMR Dose 1 by Age 2,2014,85.27,1.2900000000000003,-1.56,87.29
Z4.1.A.01,2017,MMR Dose 1 by Age 2,2015,87.0,1.2300000000000002,-0.04,87.05
Z4.1.A.01,2018,MMR Dose 1 by Age 2,2016,83.27,1.4100000000000001,-2.4600000000000004,86.73
Z4.1.A.01,2019,MMR Dose 1 by Age 2,2017,86.54,1.2800000000000002,-0.32000000000000006,86.96000000000001
Z4.1.A.01,2020,MMR Dose 1 by Age 2,2018,83.81000000000002,1.4200000000000002,-2.0,86.65
Z4.1.A.01,2021,MMR Dose 1 by Age 2,2019,79.22,1.57,-2.53,83.2
Z4.1.A.01,2022,MMR Dose 1 by Age 2,2020,75.14000000000001,1.7100000000000002,-4.04,82.07
Z4.1.A.01,2023,MMR Dose 1 by Age 2,2021,75.78,1.6900000000000002,-3.49,81.67
Z4.1.A.01,2014,MMR Dose 2 by Age 13,2001,88.73,1.4900000000000002,-2.04,91.76
Z4.1.A.01,2015,MMR Dose 2 by Age 13,2002,84.45,1.81,-4.0,91.68
Z4.1.A.01,2016,MMR Dose 2 by Age 13,2003,85.27,1.6900000000000002,-3.49,91.18
Z4.1.A.01,2017,MMR Dose 2 by Age 13,2004,84.43,1.7200000000000002,-4.08,91.45
Z4.1.A.01,2018,MMR Dose 2 by Age 13,2005,88.02,1.4400000000000002,-2.31,91.34000000000002
Z4.1.A.01,2019,MMR Dose 2 by Age 13,2006,88.51,1.3800000000000001,-2.14,91.46000000000001
Z4.1.A.01,2020,MMR Dose 2 by Age 13,2007,87.71000000000001,1.33,-2.4800000000000004,91.01
Z4.1.A.01,2021,MMR Dose 2 by Age 13,2008,83.45,1.53,-4.140000000000001,89.81000000000002
Z4.1.A.01,2022,MMR Dose 2 by Age 13,2009,85.81000000000002,1.4400000000000002,-2.79,89.83000000000001
Z4.1.A.01,2023,MMR Dose 2 by Age 13,2010,83.08,1.51,-4.319999999999999,89.61000000000001
Z4.1.A.01,2014,MMR Dose 2 by Age 17,1997,87.27,1.56,-3.3000000000000003,92.41000000000001
Z4.1.A.01,2015,MMR Dose 2 by Age 17,1998,85.92,1.59,-4.3,92.75
Z4.1.A.01,2016,MMR Dose 2 by Age 17,1999,87.31000000000002,1.58,-3.75,93.22
Z4.1.A.01,2017,MMR Dose 2 by Age 17,2000,88.33000000000001,1.4500000000000002,-3.56,93.49000000000001
Z4.1.A.01,2018,MMR Dose 2 by Age 17,2001,89.30000000000001,1.4300000000000002,-2.8400000000000003,93.37
Z4.1.A.01,2019,MMR Dose 2 by Age 17,2002,86.43,1.6400000000000001,-4.35,93.56
Z4.1.A.01,2020,MMR Dose 2 by Age 17,2003,91.82000000000001,1.1400000000000001,-2.19,94.32000000000001
Z4.1.A.01,2021,MMR Dose 2 by Age 17,2004,90.57,1.2600000000000002,-3.0,94.35000000000001
Z4.1.A.01,2022,MMR Dose 2 by Age 17,2005,91.2,1.1700000000000002,-2.05,93.60000000000001
Z4.1.A.01,2023,MMR Dose 2 by Age 17,2006,90.72,1.2000000000000002,-1.59,92.62
Z4.1.A.01,2023,MMR Dose 2 by Age 2,2021,60.03,1.9300000000000002,-4.82,69.32
Z4.1.A.01,2014,MMR Dose 2 by Age 7,2007,71.85,1.9800000000000002,-4.39,80.57
Z4.1.A.01,2015,MMR Dose 2 by Age 7,2008,70.69000000000001,1.9600000000000002,-5.430000000000001,81.30000000000001
Z4.1.A.01,2016,MMR Dose 2 by Age 7,2009,75.2,1.9100000000000001,-3.61,82.10000000000001
Z4.1.A.01,2017,MMR Dose 2 by Age 7,2010,73.02,1.84,-4.680000000000001,81.63000000000001
Z4.1.A.01,2018,MMR Dose 2 by Age 7,2011,71.13000000000001,1.86,-5.36,81.08
Z4.1.A.01,2019,MMR Dose 2 by Age 7,2012,72.55,1.7900000000000003,-5.11,81.72
Z4.1.A.01,2020,MMR Dose 2 by Age 7,2013,65.74000000000001,1.9200000000000002,-6.180000000000001,77.60000000000001
Z4.1.A.01,2021,MMR Dose 2 by Age 7,2014,64.14000000000001,1.9400000000000002,-5.44,74.73
Z4.1.A.01,2022,MMR Dose 2 by Age 7,2015,61.260000000000005,1.9700000000000002,-6.52,74.08
Z4.1.A.01,2023,MMR Dose 2 by Age 7,2016,60.14,1.9600000000000002,-6.36,72.63000000000001
Z4.1.B.02,2014,MMR Dose 1 by Age 13,2001,96.55,0.99,0.17,96.38000000000001
Z4.1.B.02,2015,MMR Dose 1 by Age 13,2002,95.66000000000001,1.1400000000000001,-0.7400000000000001,96.51
Z4.1.B.02,2016,MMR Dose 1 by Age 13,2003,96.81000000000002,0.9,0.17,96.66000000000001
Z4.1.B.02,2017,MMR Dose 1 by Age 13,2004,97.85000000000001,0.6700000000000002,1.4000000000000001,96.92
Z4.1.B.02,2018,MMR Dose 1 by Age 13,2005,98.36000000000001,0.55,2.3000000000000003,97.09
Z4.1.B.02,2019,MMR Dose 1 by Age 13,2006,96.33000000000001,0.91,-0.53,96.81000000000002
Z4.1.B.02,2020,MMR Dose 1 by Age 13,2007,94.92,1.05,-1.32,96.30000000000001
Z4.1.B.02,2021,MMR Dose 1 by Age 13,2008,95.67,0.96,0.03,95.64000000000001
Z4.1.B.02,2022,MMR Dose 1 by Age 13,2009,93.34000000000002,1.2400000000000002,-1.53,95.25
Z4.1.B.02,2023,MMR Dose 1 by Age 13,2010,94.11000000000001,1.1600000000000001,-0.7300000000000001,94.95
Z4.1.B.02,2014,MMR Dose 1 by Age 17,1997,92.43,1.4600000000000002,-2.61,96.23
Z4.1.B.02,2015,MMR Dose 1 by Age 17,1998,94.19000000000001,1.2800000000000002,-1.8,96.51
Z4.1.B.02,2016,MMR Dose 1 by Age 17,1999,91.83000000000001,1.51,-3.23,96.71000000000001
Z4.1.B.02,2017,MMR Dose 1 by Age 17,2000,95.53,1.12,-1.2600000000000002,96.94000000000001
Z4.1.B.02,2018,MMR Dose 1 by Age 17,2001,96.83000000000001,0.91,-0.22,97.03
Z4.1.B.02,2019,MMR Dose 1 by Age 17,2002,96.32000000000001,0.99,-0.91,97.22
Z4.1.B.02,2020,MMR Dose 1 by Age 17,2003,98.27,0.54,0.9500000000000001,97.75
Z4.1.B.02,2021,MMR Dose 1 by Age 17,2004,98.74000000000001,0.44,2.04,97.84000000000002
Z4.1.B.02,2022,MMR Dose 1 by Age 17,2005,98.75,0.43000000000000005,2.13,97.83000000000001
Z4.1.B.02,2023,MMR Dose 1 by Age 17,2006,96.68,0.8500000000000001,-0.7000000000000001,97.27
Z4.1.B.02,2014,MMR Dose 1 by Age 2,2012,87.58,1.6400000000000001,-0.28,88.05
Z4.1.B.02,2015,MMR Dose 1 by Age 2,2013,87.01,1.7000000000000002,-0.06,87.11000000000001
Z4.1.B.02,2016,MMR Dose 1 by Age 2,2014,89.53,1.4600000000000002,1.53,87.29
Z4.1.B.02,2017,MMR Dose 1 by Age 2,2015,90.47,1.36,2.52,87.05
Z4.1.B.02,2018,MMR Dose 1 by Age 2,2016,89.17,1.4500000000000002,1.6900000000000002,86.73
Z4.1.B.02,2019,MMR Dose 1 by Age 2,2017,87.59,1.57,0.41000000000000003,86.96000000000001
Z4.1.B.02,2020,MMR Dose 1 by Age 2,2018,89.02,1.57,1.51,86.65
Z4.1.B.02,2021,MMR Dose 1 by Age 2,2019,86.58,1.54,2.19,83.2
Z4.1.B.02,2022,MMR Dose 1 by Age 2,2020,87.07,1.6900000000000002,2.9600000000000004,82.07
Z4.1.B.02,2023,MMR Dose 1 by Age 2,2021,86.19000000000001,1.53,2.9600000000000004,81.67
Z4.1.B.02,2014,MMR Dose 2 by Age 13,2001,90.22,1.6800000000000002,-0.92,91.76
Z4.1.B.02,2015,MMR Dose 2 by Age 13,2002,89.76,1.7300000000000002,-1.11,91.68
Z4.1.B.02,2016,MMR Dose 2 by Age 13,2003,86.72,1.87,-2.39,91.18
Z4.1.B.02,2017,MMR Dose 2 by Age 13,2004,90.30000000000001,1.6,-0.7200000000000001,91.45
Z4.1.B.02,2018,MMR Dose 2 by Age 13,2005,89.42,1.6600000000000001,-1.1600000000000001,91.34000000000002
Z4.1.B.02,2019,MMR Dose 2 by Age 13,2006,91.47,1.3900000000000001,0.01,91.46000000000001
Z4.1.B.02,2020,MMR Dose 2 by Age 13,2007,86.79,1.7500000000000002,-2.41,91.01
Z4.1.B.02,2021,MMR Dose 2 by Age 13,2008,89.26,1.56,-0.35000000000000003,89.81000000000002
Z4.1.B.02,2022,MMR Dose 2 by Age 13,2009,87.14000000000001,1.6500000000000001,-1.6300000000000001,89.83000000000001
Z4.1.B.02,2023,MMR Dose 2 by Age 13,2010,88.66000000000001,1.56,-0.6100000000000001,89.61000000000001
Z4.1.B.02,2014,MMR Dose 2 by Age 17,1997,83.93,2.08,-4.08,92.41000000000001
Z4.1.B.02,2015,MMR Dose 2 by Age 17,1998,88.85000000000001,1.7700000000000002,-2.2,92.75
Z4.1.B.02,2016,MMR Dose 2 by Age 17,1999,89.57,1.6800000000000002,-2.17,93.22
Z4.1.B.02,2017,MMR Dose 2 by Age 17,2000,89.08,1.84,-2.4000000000000004,93.49000000000001
Z4.1.B.02,2018,MMR Dose 2 by Age 17,2001,90.84000000000002,1.59,-1.59,93.37
Z4.1.B.02,2019,MMR Dose 2 by Age 17,2002,91.98,1.4400000000000002,-1.1,93.56
Z4.1.B.02,2020,MMR Dose 2 by Age 17,2003,92.77,1.2700000000000002,-1.2300000000000002,94.32000000000001
Z4.1.B.02,2021,MMR Dose 2 by Age 17,2004,95.04,1.05,0.6600000000000001,94.35000000000001
Z4.1.B.02,2022,MMR Dose 2 by Age 17,2005,92.07,1.3800000000000001,-1.11,93.60000000000001
Z4.1.B.02,2023,MMR Dose 2 by Age 17,2006,91.99000000000001,1.34,-0.48000000000000004,92.62
Z4.1.B.02,2023,MMR Dose 2 by Age 2,2021,73.59,1.9600000000000002,2.18,69.32
Z4.1.B.02,2014,MMR Dose 2 by Age 7,2007,73.06,2.33,-3.22,80.57
Z4.1.B.02,2015,MMR Dose 2 by Age 7,2008,78.92,2.1,-1.1400000000000001,81.30000000000001
Z4.1.B.02,2016,MMR Dose 2 by Age 7,2009,77.76,2.11,-2.06,82.10000000000001
Z4.1.B.02,2017,MMR Dose 2 by Age 7,2010,78.49000000000001,2.08,-1.51,81.63000000000001
Z4.1.B.02,2018,MMR Dose 2 by Age 7,2011,76.15,2.18,-2.2600000000000002,81.08
Z4.1.B.02,2019,MMR Dose 2 by Age 7,2012,78.87,2.02,-1.4100000000000001,81.72
Z4.1.B.02,2020,MMR Dose 2 by Age 7,2013,71.25,2.25,-2.8200000000000003,77.60000000000001
Z4.1.B.02,2021,MMR Dose 2 by Age 7,2014,70.06,2.21,-2.11,74.73
Z4.1.B.02,2022,MMR Dose 2 by Age 7,2015,68.94000000000001,2.11,-2.43,74.08
Z4.1.B.02,2023,MMR Dose 2 by Age 7,2016,66.8,2.1,-2.77,72.63000000000001
Z4.1.C.03,2014,MMR Dose 1 by Age 13,2001,95.79,0.8300000000000001,-0.7200000000000001,96.38000000000001
Z4.1.C.03,2015,MMR Dose 1 by Age 13,2002,97.30000000000001,0.6400000000000001,1.2300000000000002,96.51
Z4.1.C.03,2016,MMR Dose 1 by Age 13,2003,96.38000000000001,0.78,-0.36000000000000004,96.66000000000001
Z4.1.C.03,2017,MMR Dose 1 by Age 13,2004,96.06,0.8400000000000001,-1.03,96.92
Z4.1.C.03,2018,MMR Dose 1 by Age 13,2005,98.32000000000001,0.41000000000000003,2.95,97.09
Z4.1.C.03,2019,MMR Dose 1 by Age 13,2006,99.07,0.24000000000000002,9.280000000000001,96.81000000000002
Z4.1.C.03,2020,MMR Dose 1 by Age 13,2007,97.13000000000001,0.59,1.4100000000000001,96.30000000000001
Z4.1.C.03,2021,MMR Dose 1 by Age 13,2008,96.12,0.68,0.7100000000000001,95.64000000000001
Z4.1.C.03,2022,MMR Dose 1 by Age 13,2009,95.95,0.77,0.91,95.25
Z4.1.C.03,2023,MMR Dose 1 by Age 13,2010,95.81000000000002,0.7500000000000001,1.1300000000000001,94.95
Z4.1.C.03,2014,MMR Dose 1 by Age 17,1997,93.32000000000001,1.06,-2.7600000000000002,96.23
Z4.1.C.03,2015,MMR Dose 1 by Age 17,1998,96.07,0.8,-0.54,96.51
Z4.1.C.03,2016,MMR Dose 1 by Age 17,1999,95.71000000000001,0.8,-1.2500000000000002,96.71000000000001
Z4.1.C.03,2017,MMR Dose 1 by Age 17,2000,95.54,0.8500000000000001,-1.6400000000000001,96.94000000000001
Z4.1.C.03,2018,MMR Dose 1 by Age 17,2001,96.14000000000001,0.76,-1.1600000000000001,97.03
Z4.1.C.03,2019,MMR Dose 1 by Age 17,2002,97.54,0.59,0.54,97.22
Z4.1.C.03,2020,MMR Dose 1 by Age 17,2003,97.93,0.48000000000000004,0.38000000000000006,97.75
Z4.1.C.03,2021,MMR Dose 1 by Age 17,2004,97.45,0.58,-0.6700000000000002,97.84000000000002
Z4.1.C.03,2022,MMR Dose 1 by Age 17,2005,98.80000000000001,0.31000000000000005,3.14,97.83000000000001
Z4.1.C.03,2023,MMR Dose 1 by Age 17,2006,99.15,0.23,8.270000000000001,97.27
Z4.1.C.03,2014,MMR Dose 1 by Age 2,2012,87.35000000000001,1.34,-0.52,88.05
Z4.1.C.03,2015,MMR Dose 1 by Age 2,2013,89.7,1.2600000000000002,2.05,87.11000000000001
Z4.1.C.03,2016,MMR Dose 1 by Age 2,2014,89.99000000000001,1.2600000000000002,2.15,87.29
Z4.1.C.03,2017,MMR Dose 1 by Age 2,2015,88.16000000000001,1.3,0.8500000000000001,87.05
Z4.1.C.03,2018,MMR Dose 1 by Age 2,2016,88.04,1.4000000000000001,0.93,86.73
Z4.1.C.03,2019,MMR Dose 1 by Age 2,2017,85.62,1.4900000000000002,-0.9,86.96000000000001
Z4.1.C.03,2020,MMR Dose 1 by Age 2,2018,88.48,1.37,1.34,86.65
Z4.1.C.03,2021,MMR Dose 1 by Age 2,2019,85.66000000000001,1.59,1.55,83.2
Z4.1.C.03,2022,MMR Dose 1 by Age 2,2020,84.36000000000001,1.7400000000000002,1.32,82.07
Z4.1.C.03,2023,MMR Dose 1 by Age 2,2021,79.48,1.9400000000000002,-1.1300000000000001,81.67
Z4.1.C.03,2014,MMR Dose 2 by Age 13,2001,87.84000000000002,1.4500000000000002,-2.71,91.76
Z4.1.C.03,2015,MMR Dose 2 by Age 13,2002,84.5,1.6400000000000001,-4.38,91.68
Z4.1.C.03,2016,MMR Dose 2 by Age 13,2003,85.32000000000001,1.6600000000000001,-3.52,91.18
Z4.1.C.03,2017,MMR Dose 2 by Age 13,2004,88.64000000000001,1.4000000000000001,-2.02,91.45
Z4.1.C.03,2018,MMR Dose 2 by Age 13,2005,89.57,1.2500000000000002,-1.4200000000000002,91.34000000000002
Z4.1.C.03,2019,MMR Dose 2 by Age 13,2006,93.25,0.92,1.9600000000000002,91.46000000000001
Z4.1.C.03,2020,MMR Dose 2 by Age 13,2007,90.93,1.09,-0.07,91.01
Z4.1.C.03,2021,MMR Dose 2 by Age 13,2008,85.49000000000001,1.4100000000000001,-3.06,89.81000000000002
Z4.1.C.03,2022,MMR Dose 2 by Age 13,2009,88.30000000000001,1.2900000000000003,-1.1900000000000002,89.83000000000001
Z4.1.C.03,2023,MMR Dose 2 by Age 13,2010,86.96000000000001,1.3900000000000001,-1.9000000000000001,89.61000000000001
Z4.1.C.03,2014,MMR Dose 2 by Age 17,1997,82.96000000000001,1.6700000000000002,-5.66,92.41000000000001
Z4.1.C.03,2015,MMR Dose 2 by Age 17,1998,87.0,1.54,-3.73,92.75
Z4.1.C.03,2016,MMR Dose 2 by Age 17,1999,89.60000000000001,1.34,-2.7,93.22
Z4.1.C.03,2017,MMR Dose 2 by Age 17,2000,89.56,1.4100000000000001,-2.79,93.49000000000001
Z4.1.C.03,2018,MMR Dose 2 by Age 17,2001,89.04,1.34,-3.24,93.37
Z4.1.C.03,2019,MMR Dose 2 by Age 17,2002,86.84000000000002,1.4500000000000002,-4.62,93.56
Z4.1.C.03,2020,MMR Dose 2 by Age 17,2003,91.75,1.12,-2.31,94.32000000000001
Z4.1.C.03,2021,MMR Dose 2 by Age 17,2004,93.59,0.9,-0.8400000000000001,94.35000000000001
Z4.1.C.03,2022,MMR Dose 2 by Age 17,2005,93.01,0.96,-0.6100000000000001,93.60000000000001
Z4.1.C.03,2023,MMR Dose 2 by Age 17,2006,94.39000000000001,0.81,2.18,92.62
Z4.1.C.03,2023,MMR Dose 2 by Age 2,2021,67.05,2.2,-1.03,69.32
Z4.1.C.03,2014,MMR Dose 2 by Age 7,2007,73.29,1.9200000000000002,-3.79,80.57
Z4.1.C.03,2015,MMR Dose 2 by Age 7,2008,74.0,1.85,-3.95,81.30000000000001
Z4.1.C.03,2016,MMR Dose 2 by Age 7,2009,81.58,1.6400000000000001,-0.32000000000000006,82.10000000000001
Z4.1.C.03,2017,MMR Dose 2 by Age 7,2010,76.53,1.81,-2.83,81.63000000000001
Z4.1.C.03,2018,MMR Dose 2 by Age 7,2011,77.94000000000001,1.7200000000000002,-1.83,81.08
Z4.1.C.03,2019,MMR Dose 2 by Age 7,2012,75.24000000000001,1.81,-3.59,81.72
Z4.1.C.03,2020,MMR Dose 2 by Age 7,2013,64.7,2.04,-6.32,77.60000000000001
Z4.1.C.03,2021,MMR Dose 2 by Age 7,2014,65.47,2.01,-4.61,74.73
Z4.1.C.03,2022,MMR Dose 2 by Age 7,2015,61.49000000000001,2.07,-6.09,74.08
Z4.1.C.03,2023,MMR Dose 2 by Age 7,2016,63.1,2.01,-4.73,72.63000000000001
Z4.1.D.04,2014,MMR Dose 1 by Age 13,2001,97.46000000000001,0.53,2.03,96.38000000000001
Z4.1.D.04,2015,MMR Dose 1 by Age 13,2002,97.28,0.56,1.37,96.51
Z4.1.D.04,2016,MMR Dose 1 by Age 13,2003,97.53,0.51,1.7200000000000002,96.66000000000001
Z4.1.D.04,2017,MMR Dose 1 by Age 13,2004,97.4,0.49,0.97,96.92
Z4.1.D.04,2018,MMR Dose 1 by Age 13,2005,98.05,0.38000000000000006,2.55,97.09
Z4.1.D.04,2019,MMR Dose 1 by Age 13,2006,98.31000000000002,0.33000000000000007,4.5,96.81000000000002
Z4.1.D.04,2020,MMR Dose 1 by Age 13,2007,97.54,0.41000000000000003,3.05,96.30000000000001
Z4.1.D.04,2021,MMR Dose 1 by Age 13,2008,97.32000000000001,0.44,3.8400000000000003,95.64000000000001
Z4.1.D.04,2022,MMR Dose 1 by Age 13,2009,96.79,0.47000000000000003,3.31,95.25
Z4.1.D.04,2023,MMR Dose 1 by Age 13,2010,95.92,0.55,1.7500000000000002,94.95
Z4.1.D.04,2014,MMR Dose 1 by Age 17,1997,96.36000000000001,0.6700000000000002,0.2,96.23
Z4.1.D.04,2015,MMR Dose 1 by Age 17,1998,95.25,0.81,-1.55,96.51
Z4.1.D.04,2016,MMR Dose 1 by Age 17,1999,97.75,0.51,2.05,96.71000000000001
Z4.1.D.04,2017,MMR Dose 1 by Age 17,2000,98.17,0.43000000000000005,2.87,96.94000000000001
Z4.1.D.04,2018,MMR Dose 1 by Age 17,2001,97.55,0.51,1.02,97.03
Z4.1.D.04,2019,MMR Dose 1 by Age 17,2002,97.52,0.51,0.59,97.22
Z4.1.D.04,2020,MMR Dose 1 by Age 17,2003,98.75,0.28,3.57,97.75
Z4.1.D.04,2021,MMR Dose 1 by Age 17,2004,98.04,0.39,0.52,97.84000000000002
Z4.1.D.04,2022,MMR Dose 1 by Age 17,2005,98.65,0.27,3.0,97.83000000000001
Z4.1.D.04,2023,MMR Dose 1 by Age 17,2006,98.5,0.30000000000000004,4.1000000000000005,97.27
Z4.1.D.04,2014,MMR Dose 1 by Age 2,2012,92.26,0.79,5.340000000000001,88.05
Z4.1.D.04,2015,MMR Dose 1 by Age 2,2013,93.97,0.6900000000000001,9.88,87.11000000000001
Z4.1.D.04,2016,MMR Dose 1 by Age 2,2014,92.69000000000001,0.7300000000000001,7.390000000000001,87.29
Z4.1.D.04,2017,MMR Dose 1 by Age 2,2015,93.69000000000001,0.68,9.82,87.05
Z4.1.D.04,2018,MMR Dose 1 by Age 2,2016,92.18,0.7500000000000001,7.29,86.73
Z4.1.D.04,2019,MMR Dose 1 by Age 2,2017,92.65,0.7300000000000001,7.8500000000000005,86.96000000000001
Z4.1.D.04,2020,MMR Dose 1 by Age 2,2018,92.33000000000001,0.76,7.430000000000001,86.65
Z4.1.D.04,2021,MMR Dose 1 by Age 2,2019,90.16000000000001,0.8600000000000001,8.06,83.2
Z4.1.D.04,2022,MMR Dose 1 by Age 2,2020,88.84000000000002,0.88,7.680000000000001,82.07
Z4.1.D.04,2023,MMR Dose 1 by Age 2,2021,89.64000000000001,0.81,9.82,81.67
Z4.1.D.04,2014,MMR Dose 2 by Age 13,2001,91.93,0.92,0.19,91.76
Z4.1.D.04,2015,MMR Dose 2 by Age 13,2002,91.49000000000001,0.9400000000000001,-0.2,91.68
Z4.1.D.04,2016,MMR Dose 2 by Age 13,2003,90.69000000000001,0.9500000000000001,-0.51,91.18
Z4.1.D.04,2017,MMR Dose 2 by Age 13,2004,91.61000000000001,0.8500000000000001,0.19,91.45
Z4.1.D.04,2018,MMR Dose 2 by Age 13,2005,91.07,0.88,-0.31000000000000005,91.34000000000002
Z4.1.D.04,2019,MMR Dose 2 by Age 13,2006,94.71000000000001,0.6100000000000001,5.3500000000000005,91.46000000000001
Z4.1.D.04,2020,MMR Dose 2 by Age 13,2007,92.31000000000002,0.7300000000000001,1.7800000000000002,91.01
Z4.1.D.04,2021,MMR Dose 2 by Age 13,2008,92.42,0.7100000000000001,3.68,89.81000000000002
Z4.1.D.04,2022,MMR Dose 2 by Age 13,2009,91.32000000000001,0.7500000000000001,1.9800000000000002,89.83000000000001
Z4.1.D.04,2023,MMR Dose 2 by Age 13,2010,92.09,0.7000000000000001,3.53,89.61000000000001
Z4.1.D.04,2014,MMR Dose 2 by Age 17,1997,91.12,0.98,-1.31,92.41000000000001
Z4.1.D.04,2015,MMR Dose 2 by Age 17,1998,90.69000000000001,0.98,-2.09,92.75
Z4.1.D.04,2016,MMR Dose 2 by Age 17,1999,92.36000000000001,0.93,-0.91,93.22
Z4.1.D.04,2017,MMR Dose 2 by Age 17,2000,92.60000000000001,0.8700000000000001,-1.02,93.49000000000001
Z4.1.D.04,2018,MMR Dose 2 by Age 17,2001,92.5,0.8700000000000001,-1.01,93.37
Z4.1.D.04,2019,MMR Dose 2 by Age 17,2002,92.54,0.8400000000000001,-1.2100000000000002,93.56
Z4.1.D.04,2020,MMR Dose 2 by Age 17,2003,95.14000000000001,0.59,1.3900000000000001,94.32000000000001
Z4.1.D.04,2021,MMR Dose 2 by Age 17,2004,94.47,0.6300000000000001,0.19,94.35000000000001
Z4.1.D.04,2022,MMR Dose 2 by Age 17,2005,93.94000000000001,0.6700000000000002,0.51,93.60000000000001
Z4.1.D.04,2023,MMR Dose 2 by Age 17,2006,95.75,0.52,6.01,92.62
Z4.1.D.04,2023,MMR Dose 2 by Age 2,2021,79.45,1.06,9.53,69.32
Z4.1.D.04,2014,MMR Dose 2 by Age 7,2007,82.51,1.1300000000000001,1.7100000000000002,80.57
Z4.1.D.04,2015,MMR Dose 2 by Age 7,2008,85.4,1.03,3.9800000000000004,81.30000000000001
Z4.1.D.04,2016,MMR Dose 2 by Age 7,2009,84.28,1.03,2.11,82.10000000000001
Z4.1.D.04,2017,MMR Dose 2 by Age 7,2010,84.80000000000001,1.01,3.14,81.63000000000001
Z4.1.D.04,2018,MMR Dose 2 by Age 7,2011,84.12,1.02,2.9800000000000004,81.08
Z4.1.D.04,2019,MMR Dose 2 by Age 7,2012,84.54,0.98,2.89,81.72
Z4.1.D.04,2020,MMR Dose 2 by Age 7,2013,77.01,1.1300000000000001,-0.53,77.60000000000001
Z4.1.D.04,2021,MMR Dose 2 by Age 7,2014,77.80000000000001,1.05,2.9200000000000004,74.73
Z4.1.D.04,2022,MMR Dose 2 by Age 7,2015,73.45,1.1300000000000001,-0.56,74.08
Z4.1.D.04,2023,MMR Dose 2 by Age 7,2016,74.19000000000001,1.08,1.4500000000000002,72.63000000000001
Z4.2.A.01,2014,MMR Dose 1 by Age 13,2001,97.83000000000001,0.53,2.75,96.38000000000001
Z4.2.A.01,2015,MMR Dose 1 by Age 13,2002,96.78,0.6600000000000001,0.41000000000000003,96.51
Z4.2.A.01,2016,MMR Dose 1 by Age 13,2003,96.91000000000001,0.6000000000000001,0.42000000000000004,96.66000000000001
Z4.2.A.01,2017,MMR Dose 1 by Age 13,2004,97.14000000000001,0.58,0.37000000000000005,96.92
Z4.2.A.01,2018,MMR Dose 1 by Age 13,2005,98.92,0.26,7.03,97.09
Z4.2.A.01,2019,MMR Dose 1 by Age 13,2006,98.28,0.35000000000000003,4.21,96.81000000000002
Z4.2.A.01,2020,MMR Dose 1 by Age 13,2007,97.83000000000001,0.4,3.8200000000000003,96.30000000000001
Z4.2.A.01,2021,MMR Dose 1 by Age 13,2008,96.29,0.56,1.1800000000000002,95.64000000000001
Z4.2.A.01,2022,MMR Dose 1 by Age 13,2009,97.57,0.42000000000000004,5.49,95.25
Z4.2.A.01,2023,MMR Dose 1 by Age 13,2010,95.28,0.6600000000000001,0.49,94.95
Z4.2.A.01,2014,MMR Dose 1 by Age 17,1997,94.76,0.96,-1.52,96.23
Z4.2.A.01,2015,MMR Dose 1 by Age 17,1998,95.87,0.8,-0.8,96.51
Z4.2.A.01,2016,MMR Dose 1 by Age 17,1999,96.63000000000001,0.7200000000000001,-0.1,96.71000000000001
Z4.2.A.01,2017,MMR Dose 1 by Age 17,2000,97.08,0.7000000000000001,0.21000000000000002,96.94000000000001
Z4.2.A.01,2018,MMR Dose 1 by Age 17,2001,97.95,0.5,1.83,97.03
Z4.2.A.01,2019,MMR Dose 1 by Age 17,2002,97.06,0.6100000000000001,-0.26,97.22
Z4.2.A.01,2020,MMR Dose 1 by Age 17,2003,98.31000000000002,0.36000000000000004,1.55,97.75
Z4.2.A.01,2021,MMR Dose 1 by Age 17,2004,97.97,0.43000000000000005,0.32000000000000006,97.84000000000002
Z4.2.A.01,2022,MMR Dose 1 by Age 17,2005,99.11000000000001,0.22,5.82,97.83000000000001
Z4.2.A.01,2023,MMR Dose 1 by Age 17,2006,98.59,0.29000000000000004,4.5,97.27
Z4.2.A.01,2014,MMR Dose 1 by Age 2,2012,89.53,1.04,1.4200000000000002,88.05
Z4.2.A.01,2015,MMR Dose 1 by Age 2,2013,88.51,1.05,1.33,87.11000000000001
Z4.2.A.01,2016,MMR Dose 1 by Age 2,2014,89.99000000000001,0.97,2.79,87.29
Z4.2.A.01,2017,MMR Dose 1 by Age 2,2015,89.79,0.92,2.97,87.05
Z4.2.A.01,2018,MMR Dose 1 by Age 2,2016,89.15,0.97,2.5,86.73
Z4.2.A.01,2019,MMR Dose 1 by Age 2,2017,88.79,0.98,1.87,86.96000000000001
Z4.2.A.01,2020,MMR Dose 1 by Age 2,2018,85.35000000000001,1.11,-1.1700000000000002,86.65
Z4.2.A.01,2021,MMR Dose 1 by Age 2,2019,85.47,1.1500000000000001,1.9700000000000002,83.2
Z4.2.A.01,2022,MMR Dose 1 by Age 2,2020,84.32000000000001,1.2300000000000002,1.83,82.07
Z4.2.A.01,2023,MMR Dose 1 by Age 2,2021,83.43,1.1900000000000002,1.4700000000000002,81.67
Z4.2.A.01,2014,MMR Dose 2 by Age 13,2001,91.71000000000001,1.02,-0.05,91.76
Z4.2.A.01,2015,MMR Dose 2 by Age 13,2002,89.58,1.1,-1.9100000000000001,91.68
Z4.2.A.01,2016,MMR Dose 2 by Age 13,2003,88.88000000000001,1.1300000000000001,-2.04,91.18
Z4.2.A.01,2017,MMR Dose 2 by Age 13,2004,88.75,1.09,-2.47,91.45
Z4.2.A.01,2018,MMR Dose 2 by Age 13,2005,92.22,0.88,1.0,91.34000000000002
Z4.2.A.01,2019,MMR Dose 2 by Age 13,2006,93.38000000000001,0.77,2.4800000000000004,91.46000000000001
Z4.2.A.01,2020,MMR Dose 2 by Age 13,2007,92.03,0.8200000000000001,1.2400000000000002,91.01
Z4.2.A.01,2021,MMR Dose 2 by Age 13,2008,91.21000000000001,0.8400000000000001,1.6700000000000002,89.81000000000002
Z4.2.A.01,2022,MMR Dose 2 by Age 13,2009,92.36000000000001,0.78,3.23,89.83000000000001
Z4.2.A.01,2023,MMR Dose 2 by Age 13,2010,89.95,0.8700000000000001,0.39,89.61000000000001
Z4.2.A.01,2014,MMR Dose 2 by Age 17,1997,90.72,1.1600000000000001,-1.4600000000000002,92.41000000000001
Z4.2.A.01,2015,MMR Dose 2 by Age 17,1998,88.83000000000001,1.1900000000000002,-3.29,92.75
Z4.2.A.01,2016,MMR Dose 2 by Age 17,1999,90.78,1.08,-2.2600000000000002,93.22
Z4.2.A.01,2017,MMR Dose 2 by Age 17,2000,91.78,1.01,-1.6900000000000002,93.49000000000001
Z4.2.A.01,2018,MMR Dose 2 by Age 17,2001,92.33000000000001,0.9500000000000001,-1.09,93.37
Z4.2.A.01,2019,MMR Dose 2 by Age 17,2002,90.56,1.02,-2.9400000000000004,93.56
Z4.2.A.01,2020,MMR Dose 2 by Age 17,2003,94.33000000000001,0.7100000000000001,0.0,94.32000000000001
Z4.2.A.01,2021,MMR Dose 2 by Age 17,2004,92.94000000000001,0.8,-1.7500000000000002,94.35000000000001
Z4.2.A.01,2022,MMR Dose 2 by Age 17,2005,94.39000000000001,0.7000000000000001,1.1300000000000001,93.60000000000001
Z4.2.A.01,2023,MMR Dose 2 by Age 17,2006,94.34000000000002,0.6900000000000001,2.4800000000000004,92.62
Z4.2.A.01,2023,MMR Dose 2 by Age 2,2021,66.53,1.5,-1.86,69.32
Z4.2.A.01,2014,MMR Dose 2 by Age 7,2007,80.63000000000001,1.33,0.05,80.57
Z4.2.A.01,2015,MMR Dose 2 by Age 7,2008,83.14000000000001,1.1900000000000002,1.54,81.30000000000001
Z4.2.A.01,2016,MMR Dose 2 by Age 7,2009,85.01,1.1400000000000001,2.55,82.10000000000001
Z4.2.A.01,2017,MMR Dose 2 by Age 7,2010,79.51,1.2800000000000002,-1.6600000000000001,81.63000000000001
Z4.2.A.01,2018,MMR Dose 2 by Age 7,2011,78.59,1.2700000000000002,-1.9700000000000002,81.08
Z4.2.A.01,2019,MMR Dose 2 by Age 7,2012,81.36000000000001,1.1900000000000002,-0.30000000000000004,81.72
Z4.2.A.01,2020,MMR Dose 2 by Age 7,2013,72.07,1.4000000000000001,-3.9600000000000004,77.60000000000001
Z4.2.A.01,2021,MMR Dose 2 by Age 7,2014,67.76,1.4100000000000001,-4.95,74.73
Z4.2.A.01,2022,MMR Dose 2 by Age 7,2015,66.34,1.4100000000000001,-5.51,74.08
Z4.2.A.01,2023,MMR Dose 2 by Age 7,2016,64.85,1.4100000000000001,-5.51,72.63000000000001
Z4.2.B.02,2014,MMR Dose 1 by Age 13,2001,97.22,0.49,1.7200000000000002,96.38000000000001
Z4.2.B.02,2015,MMR Dose 1 by Age 13,2002,96.58,0.54,0.13,96.51
Z4.2.B.02,2016,MMR Dose 1 by Age 13,2003,97.93,0.4,3.21,96.66000000000001
Z4.2.B.02,2017,MMR Dose 1 by Age 13,2004,96.97,0.49,0.1,96.92
Z4.2.B.02,2018,MMR Dose 1 by Age 13,2005,98.89000000000001,0.23,7.680000000000001,97.09
Z4.2.B.02,2019,MMR Dose 1 by Age 13,2006,97.79,0.37000000000000005,2.62,96.81000000000002
Z4.2.B.02,2020,MMR Dose 1 by Age 13,2007,97.08,0.44,1.7600000000000002,96.30000000000001
Z4.2.B.02,2021,MMR Dose 1 by Age 13,2008,96.97,0.45,2.97,95.64000000000001
Z4.2.B.02,2022,MMR Dose 1 by Age 13,2009,96.71000000000001,0.48000000000000004,3.06,95.25
Z4.2.B.02,2023,MMR Dose 1 by Age 13,2010,95.62,0.56,1.1900000000000002,94.95
Z4.2.B.02,2014,MMR Dose 1 by Age 17,1997,97.08,0.53,1.62,96.23
Z4.2.B.02,2015,MMR Dose 1 by Age 17,1998,96.62,0.56,0.19,96.51
Z4.2.B.02,2016,MMR Dose 1 by Age 17,1999,97.92,0.41000000000000003,2.93,96.71000000000001
Z4.2.B.02,2017,MMR Dose 1 by Age 17,2000,96.67,0.54,-0.49,96.94000000000001
Z4.2.B.02,2018,MMR Dose 1 by Age 17,2001,97.41000000000001,0.46,0.8500000000000001,97.03
Z4.2.B.02,2019,MMR Dose 1 by Age 17,2002,97.06,0.47000000000000003,-0.34,97.22
Z4.2.B.02,2020,MMR Dose 1 by Age 17,2003,98.92,0.22,5.300000000000001,97.75
Z4.2.B.02,2021,MMR Dose 1 by Age 17,2004,98.22,0.32000000000000006,1.2200000000000002,97.84000000000002
Z4.2.B.02,2022,MMR Dose 1 by Age 17,2005,99.36000000000001,0.15000000000000002,10.49,97.83000000000001
Z4.2.B.02,2023,MMR Dose 1 by Age 17,2006,98.22,0.32000000000000006,3.0,97.27
Z4.2.B.02,2014,MMR Dose 1 by Age 2,2012,89.98,0.96,2.01,88.05
Z4.2.B.02,2015,MMR Dose 1 by Age 2,2013,88.09,1.02,0.96,87.11000000000001
Z4.2.B.02,2016,MMR Dose 1 by Age 2,2014,88.27,1.01,0.96,87.29
Z4.2.B.02,2017,MMR Dose 1 by Age 2,2015,87.0,1.06,-0.05,87.05
Z4.2.B.02,2018,MMR Dose 1 by Age 2,2016,84.86000000000001,1.07,-1.7600000000000002,86.73
Z4.2.B.02,2019,MMR Dose 1 by Age 2,2017,84.91000000000001,1.1300000000000001,-1.81,86.96000000000001
Z4.2.B.02,2020,MMR Dose 1 by Age 2,2018,85.48,1.1,-1.06,86.65
Z4.2.B.02,2021,MMR Dose 1 by Age 2,2019,79.56,1.2600000000000002,-2.89,83.2
Z4.2.B.02,2022,MMR Dose 1 by Age 2,2020,81.72,1.2200000000000002,-0.28,82.07
Z4.2.B.02,2023,MMR Dose 1 by Age 2,2021,78.64000000000001,1.2700000000000002,-2.39,81.67
Z4.2.B.02,2014,MMR Dose 2 by Age 13,2001,89.7,0.9500000000000001,-2.16,91.76
Z4.2.B.02,2015,MMR Dose 2 by Age 13,2002,86.62,1.11,-4.55,91.68
Z4.2.B.02,2016,MMR Dose 2 by Age 13,2003,87.98,1.02,-3.13,91.18
Z4.2.B.02,2017,MMR Dose 2 by Age 13,2004,86.29,1.1300000000000001,-4.59,91.45
Z4.2.B.02,2018,MMR Dose 2 by Age 13,2005,92.15,0.81,0.99,91.34000000000002
Z4.2.B.02,2019,MMR Dose 2 by Age 13,2006,92.42,0.76,1.2600000000000002,91.46000000000001
Z4.2.B.02,2020,MMR Dose 2 by Age 13,2007,91.98,0.77,1.2700000000000002,91.01
Z4.2.B.02,2021,MMR Dose 2 by Age 13,2008,88.32000000000001,0.97,-1.54,89.81000000000002
Z4.2.B.02,2022,MMR Dose 2 by Age 13,2009,89.12,0.93,-0.77,89.83000000000001
Z4.2.B.02,2023,MMR Dose 2 by Age 13,2010,88.63000000000001,0.9,-1.08,89.61000000000001
Z4.2.B.02,2014,MMR Dose 2 by Age 17,1997,92.07,0.8700000000000001,-0.39,92.41000000000001
Z4.2.B.02,2015,MMR Dose 2 by Age 17,1998,91.44000000000001,0.89,-1.4700000000000002,92.75
Z4.2.B.02,2016,MMR Dose 2 by Age 17,1999,91.37,0.8600000000000001,-2.14,93.22
Z4.2.B.02,2017,MMR Dose 2 by Age 17,2000,91.28,0.8600000000000001,-2.58,93.49000000000001
Z4.2.B.02,2018,MMR Dose 2 by Age 17,2001,90.25,0.91,-3.41,93.37
Z4.2.B.02,2019,MMR Dose 2 by Age 17,2002,88.33000000000001,1.01,-5.170000000000001,93.56
Z4.2.B.02,2020,MMR Dose 2 by Age 17,2003,93.35000000000001,0.68,-1.4300000000000002,94.32000000000001
Z4.2.B.02,2021,MMR Dose 2 by Age 17,2004,92.22,0.78,-2.71,94.35000000000001
Z4.2.B.02,2022,MMR Dose 2 by Age 17,2005,95.36000000000001,0.56,3.14,93.60000000000001
Z4.2.B.02,2023,MMR Dose 2 by Age 17,2006,93.65,0.68,1.52,92.62
Z4.2.B.02,2023,MMR Dose 2 by Age 2,2021,60.55,1.52,-5.7700000000000005,69.32
Z4.2.B.02,2014,MMR Dose 2 by Age 7,2007,77.71000000000001,1.31,-2.18,80.57
Z4.2.B.02,2015,MMR Dose 2 by Age 7,2008,78.54,1.2700000000000002,-2.18,81.30000000000001
Z4.2.B.02,2016,MMR Dose 2 by Age 7,2009,80.26,1.2500000000000002,-1.4700000000000002,82.10000000000001
Z4.2.B.02,2017,MMR Dose 2 by Age 7,2010,79.42,1.2100000000000002,-1.82,81.63000000000001
Z4.2.B.02,2018,MMR Dose 2 by Age 7,2011,77.11000000000001,1.2800000000000002,-3.1,81.08
Z4.2.B.02,2019,MMR Dose 2 by Age 7,2012,82.61000000000001,1.1300000000000001,0.79,81.72
Z4.2.B.02,2020,MMR Dose 2 by Age 7,2013,69.63000000000001,1.4000000000000001,-5.71,77.60000000000001
Z4.2.B.02,2021,MMR Dose 2 by Age 7,2014,64.25,1.4500000000000002,-7.24,74.73
Z4.2.B.02,2022,MMR Dose 2 by Age 7,2015,61.17,1.4900000000000002,-8.65,74.08
Z4.2.B.02,2023,MMR Dose 2 by Age 7,2016,59.34,1.4000000000000001,-9.5,72.63000000000001
Z4.2.C.03,2014,MMR Dose 1 by Age 13,2001,94.2,0.8200000000000001,-2.66,96.38000000000001
Z4.2.C.03,2015,MMR Dose 1 by Age 13,2002,95.18,0.7200000000000001,-1.83,96.51
Z4.2.C.03,2016,MMR Dose 1 by Age 13,2003,96.98,0.53,0.6100000000000001,96.66000000000001
Z4.2.C.03,2017,MMR Dose 1 by Age 13,2004,96.95,0.52,0.06,96.92
Z4.2.C.03,2018,MMR Dose 1 by Age 13,2005,97.58,0.41000000000000003,1.2000000000000002,97.09
Z4.2.C.03,2019,MMR Dose 1 by Age 13,2006,96.59,0.54,-0.41000000000000003,96.81000000000002
Z4.2.C.03,2020,MMR Dose 1 by Age 13,2007,97.85000000000001,0.37000000000000005,4.19,96.30000000000001
Z4.2.C.03,2021,MMR Dose 1 by Age 13,2008,97.32000000000001,0.43000000000000005,3.9400000000000004,95.64000000000001
Z4.2.C.03,2022,MMR Dose 1 by Age 13,2009,97.33000000000001,0.41000000000000003,5.130000000000001,95.25
Z4.2.C.03,2023,MMR Dose 1 by Age 13,2010,95.26,0.6000000000000001,0.51,94.95
Z4.2.C.03,2014,MMR Dose 1 by Age 17,1997,92.5,0.9500000000000001,-3.91,96.23
Z4.2.C.03,2015,MMR Dose 1 by Age 17,1998,94.29,0.77,-2.9000000000000004,96.51
Z4.2.C.03,2016,MMR Dose 1 by Age 17,1999,95.66000000000001,0.68,-1.55,96.71000000000001
Z4.2.C.03,2017,MMR Dose 1 by Age 17,2000,97.32000000000001,0.46,0.8200000000000001,96.94000000000001
Z4.2.C.03,2018,MMR Dose 1 by Age 17,2001,96.18,0.58,-1.4600000000000002,97.03
Z4.2.C.03,2019,MMR Dose 1 by Age 17,2002,96.38000000000001,0.5700000000000001,-1.4700000000000002,97.22
Z4.2.C.03,2020,MMR Dose 1 by Age 17,2003,98.45,0.30000000000000004,2.3400000000000003,97.75
Z4.2.C.03,2021,MMR Dose 1 by Age 17,2004,98.11000000000001,0.35000000000000003,0.77,97.84000000000002
Z4.2.C.03,2022,MMR Dose 1 by Age 17,2005,98.18,0.32000000000000006,1.08,97.83000000000001
Z4.2.C.03,2023,MMR Dose 1 by Age 17,2006,97.54,0.43000000000000005,0.6300000000000001,97.27
Z4.2.C.03,2014,MMR Dose 1 by Age 2,2012,81.0,1.34,-5.26,88.05
Z4.2.C.03,2015,MMR Dose 1 by Age 2,2013,80.44000000000001,1.37,-4.890000000000001,87.11000000000001
Z4.2.C.03,2016,MMR Dose 1 by Age 2,2014,84.32000000000001,1.2300000000000002,-2.4200000000000004,87.29
Z4.2.C.03,2017,MMR Dose 1 by Age 2,2015,80.91000000000001,1.32,-4.640000000000001,87.05
Z4.2.C.03,2018,MMR Dose 1 by Age 2,2016,82.84000000000002,1.31,-2.97,86.73
Z4.2.C.03,2019,MMR Dose 1 by Age 2,2017,83.43,1.34,-2.64,86.96000000000001
Z4.2.C.03,2020,MMR Dose 1 by Age 2,2018,79.80000000000001,1.4800000000000002,-4.62,86.65
Z4.2.C.03,2021,MMR Dose 1 by Age 2,2019,76.01,1.58,-4.53,83.2
Z4.2.C.03,2022,MMR Dose 1 by Age 2,2020,75.4,1.6900000000000002,-3.9400000000000004,82.07
Z4.2.C.03,2023,MMR Dose 1 by Age 2,2021,74.69000000000001,1.6700000000000002,-4.170000000000001,81.67
Z4.2.C.03,2014,MMR Dose 2 by Age 13,2001,82.76,1.54,-5.830000000000001,91.76
Z4.2.C.03,2015,MMR Dose 2 by Age 13,2002,81.49000000000001,1.59,-6.390000000000001,91.68
Z4.2.C.03,2016,MMR Dose 2 by Age 13,2003,84.78,1.4400000000000002,-4.430000000000001,91.18
Z4.2.C.03,2017,MMR Dose 2 by Age 13,2004,88.86000000000001,1.1700000000000002,-2.21,91.45
Z4.2.C.03,2018,MMR Dose 2 by Age 13,2005,86.76,1.2100000000000002,-3.7800000000000002,91.34000000000002
Z4.2.C.03,2019,MMR Dose 2 by Age 13,2006,88.33000000000001,1.1400000000000001,-2.75,91.46000000000001
Z4.2.C.03,2020,MMR Dose 2 by Age 13,2007,89.12,1.06,-1.7900000000000003,91.01
Z4.2.C.03,2021,MMR Dose 2 by Age 13,2008,88.46000000000001,1.08,-1.2500000000000002,89.81000000000002
Z4.2.C.03,2022,MMR Dose 2 by Age 13,2009,86.95,1.12,-2.56,89.83000000000001
Z4.2.C.03,2023,MMR Dose 2 by Age 13,2010,84.39000000000001,1.2200000000000002,-4.29,89.61000000000001
Z4.2.C.03,2014,MMR Dose 2 by Age 17,1997,81.99000000000001,1.56,-6.680000000000001,92.41000000000001
Z4.2.C.03,2015,MMR Dose 2 by Age 17,1998,84.81000000000002,1.34,-5.95,92.75
Z4.2.C.03,2016,MMR Dose 2 by Age 17,1999,86.98,1.36,-4.58,93.22
Z4.2.C.03,2017,MMR Dose 2 by Age 17,2000,88.88000000000001,1.1800000000000002,-3.9000000000000004,93.49000000000001
Z4.2.C.03,2018,MMR Dose 2 by Age 17,2001,87.05,1.2700000000000002,-4.99,93.37
Z4.2.C.03,2019,MMR Dose 2 by Age 17,2002,85.04,1.3800000000000001,-6.19,93.56
Z4.2.C.03,2020,MMR Dose 2 by Age 17,2003,91.35000000000001,0.98,-3.03,94.32000000000001
Z4.2.C.03,2021,MMR Dose 2 by Age 17,2004,93.2,0.8300000000000001,-1.3900000000000001,94.35000000000001
Z4.2.C.03,2022,MMR Dose 2 by Age 17,2005,90.81000000000002,0.96,-2.9000000000000004,93.60000000000001
Z4.2.C.03,2023,MMR Dose 2 by Age 17,2006,91.31000000000002,0.96,-1.37,92.62
Z4.2.C.03,2023,MMR Dose 2 by Age 2,2021,57.74,1.8800000000000001,-6.16,69.32
Z4.2.C.03,2014,MMR Dose 2 by Age 7,2007,70.18,1.7300000000000002,-6.01,80.57
Z4.2.C.03,2015,MMR Dose 2 by Age 7,2008,71.45,1.7200000000000002,-5.74,81.30000000000001
Z4.2.C.03,2016,MMR Dose 2 by Age 7,2009,72.15,1.59,-6.2700000000000005,82.10000000000001
Z4.2.C.03,2017,MMR Dose 2 by Age 7,2010,72.85,1.54,-5.7,81.63000000000001
Z4.2.C.03,2018,MMR Dose 2 by Age 7,2011,73.05,1.58,-5.08,81.08
Z4.2.C.03,2019,MMR Dose 2 by Age 7,2012,70.14000000000001,1.6500000000000001,-7.03,81.72
Z4.2.C.03,2020,MMR Dose 2 by Age 7,2013,63.800000000000004,1.7800000000000002,-7.76,77.60000000000001
Z4.2.C.03,2021,MMR Dose 2 by Age 7,2014,59.43000000000001,1.84,-8.34,74.73
Z4.2.C.03,2022,MMR Dose 2 by Age 7,2015,57.04,1.87,-9.129999999999999,74.08
Z4.2.C.03,2023,MMR Dose 2 by Age 7,2016,59.400000000000006,1.84,-7.21,72.63000000000001
Z4.2.D.04,2014,MMR Dose 1 by Age 13,2001,89.98,2.1,-3.04,96.38000000000001
Z4.2.D.04,2015,MMR Dose 1 by Age 13,2002,91.38000000000001,2.02,-2.54,96.51
Z4.2.D.04,2016,MMR Dose 1 by Age 13,2003,95.63000000000001,1.3,-0.79,96.66000000000001
Z4.2.D.04,2017,MMR Dose 1 by Age 13,2004,94.58,1.4800000000000002,-1.58,96.92
Z4.2.D.04,2018,MMR Dose 1 by Age 13,2005,96.71000000000001,1.02,-0.37000000000000005,97.09
Z4.2.D.04,2019,MMR Dose 1 by Age 13,2006,93.9,1.6400000000000001,-1.7700000000000002,96.81000000000002
Z4.2.D.04,2020,MMR Dose 1 by Age 13,2007,95.06,1.4000000000000001,-0.88,96.30000000000001
Z4.2.D.04,2021,MMR Dose 1 by Age 13,2008,94.89000000000001,1.31,-0.5700000000000001,95.64000000000001
Z4.2.D.04,2022,MMR Dose 1 by Age 13,2009,92.59,1.7500000000000002,-1.52,95.25
Z4.2.D.04,2023,MMR Dose 1 by Age 13,2010,94.85000000000001,1.4100000000000001,-0.07,94.95
Z4.2.D.04,2014,MMR Dose 1 by Age 17,1997,94.39000000000001,1.54,-1.2000000000000002,96.23
Z4.2.D.04,2015,MMR Dose 1 by Age 17,1998,89.78,2.01,-3.35,96.51
Z4.2.D.04,2016,MMR Dose 1 by Age 17,1999,94.99000000000001,1.4200000000000002,-1.2100000000000002,96.71000000000001
Z4.2.D.04,2017,MMR Dose 1 by Age 17,2000,95.43,1.4400000000000002,-1.05,96.94000000000001
Z4.2.D.04,2018,MMR Dose 1 by Age 17,2001,90.66000000000001,2.0,-3.19,97.03
Z4.2.D.04,2019,MMR Dose 1 by Age 17,2002,91.66000000000001,1.9700000000000002,-2.8200000000000003,97.22
Z4.2.D.04,2020,MMR Dose 1 by Age 17,2003,97.11000000000001,0.9500000000000001,-0.6700000000000002,97.75
Z4.2.D.04,2021,MMR Dose 1 by Age 17,2004,96.14000000000001,1.1400000000000001,-1.4900000000000002,97.84000000000002
Z4.2.D.04,2022,MMR Dose 1 by Age 17,2005,97.53,0.8300000000000001,-0.36000000000000004,97.83000000000001
Z4.2.D.04,2023,MMR Dose 1 by Age 17,2006,95.89000000000001,1.2500000000000002,-1.1,97.27
Z4.2.D.04,2014,MMR Dose 1 by Age 2,2012,83.33000000000001,2.54,-1.86,88.05
Z4.2.D.04,2015,MMR Dose 1 by Age 2,2013,88.14000000000001,2.12,0.48000000000000004,87.11000000000001
Z4.2.D.04,2016,MMR Dose 1 by Age 2,2014,85.33000000000001,2.3400000000000003,-0.8400000000000001,87.29
Z4.2.D.04,2017,MMR Dose 1 by Age 2,2015,82.32000000000001,2.71,-1.7400000000000002,87.05
Z4.2.D.04,2018,MMR Dose 1 by Age 2,2016,76.12,3.16,-3.3600000000000003,86.73
Z4.2.D.04,2019,MMR Dose 1 by Age 2,2017,78.85000000000001,2.99,-2.71,86.96000000000001
Z4.2.D.04,2020,MMR Dose 1 by Age 2,2018,81.29,2.75,-1.9500000000000002,86.65
Z4.2.D.04,2021,MMR Dose 1 by Age 2,2019,78.97,3.11,-1.36,83.2
Z4.2.D.04,2022,MMR Dose 1 by Age 2,2020,82.03,3.01,-0.01,82.07
Z4.2.D.04,2023,MMR Dose 1 by Age 2,2021,80.46000000000001,2.9600000000000004,-0.41000000000000003,81.67
Z4.2.D.04,2014,MMR Dose 2 by Age 13,2001,77.30000000000001,2.89,-5.01,91.76
Z4.2.D.04,2015,MMR Dose 2 by Age 13,2002,87.12,2.2800000000000002,-2.0,91.68
Z4.2.D.04,2016,MMR Dose 2 by Age 13,2003,80.72,2.87,-3.65,91.18
Z4.2.D.04,2017,MMR Dose 2 by Age 13,2004,81.88000000000001,2.71,-3.53,91.45
Z4.2.D.04,2018,MMR Dose 2 by Age 13,2005,89.66000000000001,2.05,-0.8200000000000001,91.34000000000002
Z4.2.D.04,2019,MMR Dose 2 by Age 13,2006,87.11000000000001,2.3200000000000003,-1.8800000000000001,91.46000000000001
Z4.2.D.04,2020,MMR Dose 2 by Age 13,2007,92.61000000000001,1.51,1.05,91.01
Z4.2.D.04,2021,MMR Dose 2 by Age 13,2008,88.11000000000001,1.9000000000000001,-0.89,89.81000000000002
Z4.2.D.04,2022,MMR Dose 2 by Age 13,2009,83.04,2.59,-2.62,89.83000000000001
Z4.2.D.04,2023,MMR Dose 2 by Age 13,2010,90.86000000000001,1.82,0.6900000000000001,89.61000000000001
Z4.2.D.04,2014,MMR Dose 2 by Age 17,1997,83.22,2.81,-3.27,92.41000000000001
Z4.2.D.04,2015,MMR Dose 2 by Age 17,1998,80.37,2.79,-4.430000000000001,92.75
Z4.2.D.04,2016,MMR Dose 2 by Age 17,1999,88.10000000000001,2.22,-2.3000000000000003,93.22
Z4.2.D.04,2017,MMR Dose 2 by Age 17,2000,88.06,2.3800000000000003,-2.2800000000000002,93.49000000000001
Z4.2.D.04,2018,MMR Dose 2 by Age 17,2001,79.14000000000001,2.75,-5.180000000000001,93.37
Z4.2.D.04,2019,MMR Dose 2 by Age 17,2002,87.75,2.21,-2.63,93.56
Z4.2.D.04,2020,MMR Dose 2 by Age 17,2003,88.98,2.06,-2.6,94.32000000000001
Z4.2.D.04,2021,MMR Dose 2 by Age 17,2004,87.89000000000001,2.19,-2.95,94.35000000000001
Z4.2.D.04,2022,MMR Dose 2 by Age 17,2005,93.23,1.58,-0.23,93.60000000000001
Z4.2.D.04,2023,MMR Dose 2 by Age 17,2006,89.21000000000001,2.1,-1.6300000000000001,92.62
Z4.2.D.04,2023,MMR Dose 2 by Age 2,2021,59.54,3.7600000000000002,-2.61,69.32
Z4.2.D.04,2014,MMR Dose 2 by Age 7,2007,74.53,2.8800000000000003,-2.1,80.57
Z4.2.D.04,2015,MMR Dose 2 by Age 7,2008,74.28,2.71,-2.59,81.30000000000001
Z4.2.D.04,2016,MMR Dose 2 by Age 7,2009,70.23,3.23,-3.67,82.10000000000001
Z4.2.D.04,2017,MMR Dose 2 by Age 7,2010,80.83000000000001,2.59,-0.31000000000000005,81.63000000000001
Z4.2.D.04,2018,MMR Dose 2 by Age 7,2011,75.7,2.93,-1.83,81.08
Z4.2.D.04,2019,MMR Dose 2 by Age 7,2012,72.92,3.05,-2.89,81.72
Z4.2.D.04,2020,MMR Dose 2 by Age 7,2013,66.24000000000001,3.07,-3.7,77.60000000000001
Z4.2.D.04,2021,MMR Dose 2 by Age 7,2014,54.14,3.12,-6.6000000000000005,74.73
Z4.2.D.04,2022,MMR Dose 2 by Age 7,2015,54.49000000000001,3.35,-5.840000000000001,74.08
Z4.2.D.04,2023,MMR Dose 2 by Age 7,2016,61.790000000000006,3.4200000000000004,-3.17,72.63000000000001
Z4.2.E.05,2014,MMR Dose 1 by Age 13,2001,97.44000000000001,0.47000000000000003,2.24,96.38000000000001
Z4.2.E.05,2015,MMR Dose 1 by Age 13,2002,96.48,0.59,-0.04,96.51
Z4.2.E.05,2016,MMR Dose 1 by Age 13,2003,97.03,0.53,0.7000000000000001,96.66000000000001
Z4.2.E.05,2017,MMR Dose 1 by Age 13,2004,97.58,0.46,1.4500000000000002,96.92
Z4.2.E.05,2018,MMR Dose 1 by Age 13,2005,98.89000000000001,0.24000000000000002,7.62,97.09
Z4.2.E.05,2019,MMR Dose 1 by Age 13,2006,98.34000000000002,0.30000000000000004,5.130000000000001,96.81000000000002
Z4.2.E.05,2020,MMR Dose 1 by Age 13,2007,97.61000000000001,0.38000000000000006,3.47,96.30000000000001
Z4.2.E.05,2021,MMR Dose 1 by Age 13,2008,97.76,0.35000000000000003,6.07,95.64000000000001
Z4.2.E.05,2022,MMR Dose 1 by Age 13,2009,97.75,0.35000000000000003,7.21,95.25
Z4.2.E.05,2023,MMR Dose 1 by Age 13,2010,95.92,0.51,1.9000000000000001,94.95
Z4.2.E.05,2014,MMR Dose 1 by Age 17,1997,96.08,0.6600000000000001,-0.23,96.23
Z4.2.E.05,2015,MMR Dose 1 by Age 17,1998,96.78,0.54,0.5,96.51
Z4.2.E.05,2016,MMR Dose 1 by Age 17,1999,96.87,0.56,0.29000000000000004,96.71000000000001
Z4.2.E.05,2017,MMR Dose 1 by Age 17,2000,96.91000000000001,0.55,-0.05,96.94000000000001
Z4.2.E.05,2018,MMR Dose 1 by Age 17,2001,97.64000000000001,0.44,1.3800000000000001,97.03
Z4.2.E.05,2019,MMR Dose 1 by Age 17,2002,96.93,0.52,-0.55,97.22
Z4.2.E.05,2020,MMR Dose 1 by Age 17,2003,98.39000000000001,0.32000000000000006,2.02,97.75
Z4.2.E.05,2021,MMR Dose 1 by Age 17,2004,98.5,0.30000000000000004,2.2,97.84000000000002
Z4.2.E.05,2022,MMR Dose 1 by Age 17,2005,99.18,0.18,7.4,97.83000000000001
Z4.2.E.05,2023,MMR Dose 1 by Age 17,2006,98.64000000000001,0.25,5.4,97.27
Z4.2.E.05,2014,MMR Dose 1 by Age 2,2012,88.68,0.93,0.68,88.05
Z4.2.E.05,2015,MMR Dose 1 by Age 2,2013,88.53,0.9,1.57,87.11000000000001
Z4.2.E.05,2016,MMR Dose 1 by Age 2,2014,87.39000000000001,0.93,0.1,87.29
Z4.2.E.05,2017,MMR Dose 1 by Age 2,2015,86.39000000000001,0.93,-0.7100000000000001,87.05
Z4.2.E.05,2018,MMR Dose 1 by Age 2,2016,85.35000000000001,0.97,-1.4200000000000002,86.73
Z4.2.E.05,2019,MMR Dose 1 by Age 2,2017,85.54,0.99,-1.4300000000000002,86.96000000000001
Z4.2.E.05,2020,MMR Dose 1 by Age 2,2018,85.92,0.9400000000000001,-0.78,86.65
Z4.2.E.05,2021,MMR Dose 1 by Age 2,2019,82.02,1.05,-1.12,83.2
Z4.2.E.05,2022,MMR Dose 1 by Age 2,2020,81.84000000000002,1.07,-0.21000000000000002,82.07
Z4.2.E.05,2023,MMR Dose 1 by Age 2,2021,79.88000000000001,1.09,-1.6400000000000001,81.67
Z4.2.E.05,2014,MMR Dose 2 by Age 13,2001,90.92,0.98,-0.8600000000000001,91.76
Z4.2.E.05,2015,MMR Dose 2 by Age 13,2002,88.99000000000001,1.05,-2.57,91.68
Z4.2.E.05,2016,MMR Dose 2 by Age 13,2003,90.68,0.9500000000000001,-0.53,91.18
Z4.2.E.05,2017,MMR Dose 2 by Age 13,2004,89.63000000000001,0.98,-1.86,91.45
Z4.2.E.05,2018,MMR Dose 2 by Age 13,2005,93.06,0.7400000000000001,2.31,91.34000000000002
Z4.2.E.05,2019,MMR Dose 2 by Age 13,2006,93.74000000000001,0.6700000000000002,3.39,91.46000000000001
Z4.2.E.05,2020,MMR Dose 2 by Age 13,2007,92.0,0.7500000000000001,1.33,91.01
Z4.2.E.05,2021,MMR Dose 2 by Age 13,2008,93.06,0.6700000000000002,4.86,89.81000000000002
Z4.2.E.05,2022,MMR Dose 2 by Age 13,2009,92.82000000000001,0.68,4.42,89.83000000000001
Z4.2.E.05,2023,MMR Dose 2 by Age 13,2010,91.27,0.7500000000000001,2.2,89.61000000000001
Z4.2.E.05,2014,MMR Dose 2 by Age 17,1997,90.65,0.98,-1.7900000000000003,92.41000000000001
Z4.2.E.05,2015,MMR Dose 2 by Age 17,1998,89.10000000000001,1.02,-3.56,92.75
Z4.2.E.05,2016,MMR Dose 2 by Age 17,1999,90.83000000000001,0.98,-2.45,93.22
Z4.2.E.05,2017,MMR Dose 2 by Age 17,2000,91.59,0.93,-2.05,93.49000000000001
Z4.2.E.05,2018,MMR Dose 2 by Age 17,2001,91.53,0.92,-1.9900000000000002,93.37
Z4.2.E.05,2019,MMR Dose 2 by Age 17,2002,90.57,0.93,-3.21,93.56
Z4.2.E.05,2020,MMR Dose 2 by Age 17,2003,95.22,0.6000000000000001,1.5,94.32000000000001
Z4.2.E.05,2021,MMR Dose 2 by Age 17,2004,94.23,0.6600000000000001,-0.17,94.35000000000001
Z4.2.E.05,2022,MMR Dose 2 by Age 17,2005,95.72,0.54,3.9200000000000004,93.60000000000001
Z4.2.E.05,2023,MMR Dose 2 by Age 17,2006,95.14000000000001,0.5700000000000001,4.44,92.62
Z4.2.E.05,2023,MMR Dose 2 by Age 2,2021,69.86,1.2200000000000002,0.44,69.32
Z4.2.E.05,2014,MMR Dose 2 by Age 7,2007,80.73,1.1600000000000001,0.14,80.57
Z4.2.E.05,2015,MMR Dose 2 by Age 7,2008,83.18,1.09,1.7300000000000002,81.30000000000001
Z4.2.E.05,2016,MMR Dose 2 by Age 7,2009,83.12,1.08,0.9400000000000001,82.10000000000001
Z4.2.E.05,2017,MMR Dose 2 by Age 7,2010,80.62,1.12,-0.91,81.63000000000001
Z4.2.E.05,2018,MMR Dose 2 by Age 7,2011,80.29,1.12,-0.7000000000000001,81.08
Z4.2.E.05,2019,MMR Dose 2 by Age 7,2012,80.31000000000002,1.11,-1.2600000000000002,81.72
Z4.2.E.05,2020,MMR Dose 2 by Age 7,2013,76.92,1.1400000000000001,-0.6000000000000001,77.60000000000001
Z4.2.E.05,2021,MMR Dose 2 by Age 7,2014,69.27,1.2200000000000002,-4.48,74.73
Z4.2.E.05,2022,MMR Dose 2 by Age 7,2015,68.73,1.2000000000000002,-4.46,74.08
Z4.2.E.05,2023,MMR Dose 2 by Age 7,2016,68.9,1.1900000000000002,-3.12,72.63000000000001
Z4.3.A.01,2014,MMR Dose 1 by Age 13,2001,94.87,0.7200000000000001,-2.1,96.38000000000001
Z4.3.A.01,2015,MMR Dose 1 by Age 13,2002,95.11000000000001,0.7300000000000001,-1.9100000000000001,96.51
Z4.3.A.01,2016,MMR Dose 1 by Age 13,2003,95.34000000000002,0.68,-1.9400000000000002,96.66000000000001
Z4.3.A.01,2017,MMR Dose 1 by Age 13,2004,96.04,0.6100000000000001,-1.4500000000000002,96.92
Z4.3.A.01,2018,MMR Dose 1 by Age 13,2005,97.41000000000001,0.46,0.6900000000000001,97.09
Z4.3.A.01,2019,MMR Dose 1 by Age 13,2006,95.75,0.6200000000000001,-1.7100000000000002,96.81000000000002
Z4.3.A.01,2020,MMR Dose 1 by Age 13,2007,94.97,0.7100000000000001,-1.8800000000000001,96.30000000000001
Z4.3.A.01,2021,MMR Dose 1 by Age 13,2008,93.74000000000001,0.79,-2.41,95.64000000000001
Z4.3.A.01,2022,MMR Dose 1 by Age 13,2009,94.87,0.6600000000000001,-0.58,95.25
Z4.3.A.01,2023,MMR Dose 1 by Age 13,2010,95.26,0.6400000000000001,0.47000000000000003,94.95
Z4.3.A.01,2014,MMR Dose 1 by Age 17,1997,92.84000000000002,0.8700000000000001,-3.9000000000000004,96.23
Z4.3.A.01,2015,MMR Dose 1 by Age 17,1998,94.53,0.78,-2.54,96.51
Z4.3.A.01,2016,MMR Dose 1 by Age 17,1999,95.52,0.6500000000000001,-1.83,96.71000000000001
Z4.3.A.01,2017,MMR Dose 1 by Age 17,2000,96.03,0.6300000000000001,-1.4400000000000002,96.94000000000001
Z4.3.A.01,2018,MMR Dose 1 by Age 17,2001,95.2,0.68,-2.67,97.03
Z4.3.A.01,2019,MMR Dose 1 by Age 17,2002,95.65,0.6700000000000002,-2.35,97.22
Z4.3.A.01,2020,MMR Dose 1 by Age 17,2003,97.12,0.48000000000000004,-1.3,97.75
Z4.3.A.01,2021,MMR Dose 1 by Age 17,2004,97.10000000000001,0.49,-1.51,97.84000000000002
Z4.3.A.01,2022,MMR Dose 1 by Age 17,2005,98.17,0.36000000000000004,0.96,97.83000000000001
Z4.3.A.01,2023,MMR Dose 1 by Age 17,2006,96.47,0.55,-1.4600000000000002,97.27
Z4.3.A.01,2014,MMR Dose 1 by Age 2,2012,90.07,0.9500000000000001,2.13,88.05
Z4.3.A.01,2015,MMR Dose 1 by Age 2,2013,89.64000000000001,0.98,2.58,87.11000000000001
Z4.3.A.01,2016,MMR Dose 1 by Age 2,2014,90.85000000000001,0.9,3.9600000000000004,87.29
Z4.3.A.01,2017,MMR Dose 1 by Age 2,2015,90.37,0.9500000000000001,3.49,87.05
Z4.3.A.01,2018,MMR Dose 1 by Age 2,2016,89.64000000000001,0.99,2.9400000000000004,86.73
Z4.3.A.01,2019,MMR Dose 1 by Age 2,2017,89.76,0.98,2.85,86.96000000000001
Z4.3.A.01,2020,MMR Dose 1 by Age 2,2018,90.27,1.01,3.57,86.65
Z4.3.A.01,2021,MMR Dose 1 by Age 2,2019,89.73,1.06,6.170000000000001,83.2
Z4.3.A.01,2022,MMR Dose 1 by Age 2,2020,88.82000000000001,1.09,6.180000000000001,82.07
Z4.3.A.01,2023,MMR Dose 1 by Age 2,2021,84.79,1.2100000000000002,2.57,81.67
Z4.3.A.01,2014,MMR Dose 2 by Age 13,2001,87.81000000000002,1.2000000000000002,-3.2800000000000002,91.76
Z4.3.A.01,2015,MMR Dose 2 by Age 13,2002,87.98,1.2000000000000002,-3.08,91.68
Z4.3.A.01,2016,MMR Dose 2 by Age 13,2003,87.53,1.2100000000000002,-3.03,91.18
Z4.3.A.01,2017,MMR Dose 2 by Age 13,2004,87.54,1.2000000000000002,-3.2600000000000002,91.45
Z4.3.A.01,2018,MMR Dose 2 by Age 13,2005,88.73,1.1300000000000001,-2.31,91.34000000000002
Z4.3.A.01,2019,MMR Dose 2 by Age 13,2006,89.2,1.08,-2.1,91.46000000000001
Z4.3.A.01,2020,MMR Dose 2 by Age 13,2007,88.68,1.09,-2.13,91.01
Z4.3.A.01,2021,MMR Dose 2 by Age 13,2008,87.98,1.12,-1.62,89.81000000000002
Z4.3.A.01,2022,MMR Dose 2 by Age 13,2009,86.28,1.1400000000000001,-3.12,89.83000000000001
Z4.3.A.01,2023,MMR Dose 2 by Age 13,2010,86.39000000000001,1.1600000000000001,-2.7800000000000002,89.61000000000001
Z4.3.A.01,2014,MMR Dose 2 by Age 17,1997,88.0,1.1600000000000001,-3.81,92.41000000000001
Z4.3.A.01,2015,MMR Dose 2 by Age 17,1998,89.59,1.1,-2.8800000000000003,92.75
Z4.3.A.01,2016,MMR Dose 2 by Age 17,1999,89.36000000000001,1.09,-3.54,93.22
Z4.3.A.01,2017,MMR Dose 2 by Age 17,2000,91.03,1.0,-2.47,93.49000000000001
Z4.3.A.01,2018,MMR Dose 2 by Age 17,2001,88.27,1.1700000000000002,-4.35,93.37
Z4.3.A.01,2019,MMR Dose 2 by Age 17,2002,89.44000000000001,1.11,-3.73,93.56
Z4.3.A.01,2020,MMR Dose 2 by Age 17,2003,92.86000000000001,0.8600000000000001,-1.7000000000000002,94.32000000000001
Z4.3.A.01,2021,MMR Dose 2 by Age 17,2004,92.44000000000001,0.9,-2.12,94.35000000000001
Z4.3.A.01,2022,MMR Dose 2 by Age 17,2005,91.95,0.9400000000000001,-1.7600000000000002,93.60000000000001
Z4.3.A.01,2023,MMR Dose 2 by Age 17,2006,90.97,0.97,-1.7000000000000002,92.62
Z4.3.A.01,2023,MMR Dose 2 by Age 2,2021,73.62,1.4800000000000002,2.9000000000000004,69.32
Z4.3.A.01,2014,MMR Dose 2 by Age 7,2007,78.81000000000002,1.4400000000000002,-1.2200000000000002,80.57
Z4.3.A.01,2015,MMR Dose 2 by Age 7,2008,80.13000000000001,1.3900000000000001,-0.8500000000000001,81.30000000000001
Z4.3.A.01,2016,MMR Dose 2 by Age 7,2009,78.55,1.3900000000000001,-2.56,82.10000000000001
Z4.3.A.01,2017,MMR Dose 2 by Age 7,2010,79.22,1.3900000000000001,-1.7400000000000002,81.63000000000001
Z4.3.A.01,2018,MMR Dose 2 by Age 7,2011,78.65,1.36,-1.7900000000000003,81.08
Z4.3.A.01,2019,MMR Dose 2 by Age 7,2012,80.65,1.32,-0.8200000000000001,81.72
Z4.3.A.01,2020,MMR Dose 2 by Age 7,2013,75.31,1.4500000000000002,-1.58,77.60000000000001
Z4.3.A.01,2021,MMR Dose 2 by Age 7,2014,78.41000000000001,1.37,2.68,74.73
Z4.3.A.01,2022,MMR Dose 2 by Age 7,2015,81.41000000000001,1.2900000000000003,5.7,74.08
Z4.3.A.01,2023,MMR Dose 2 by Age 7,2016,79.68,1.31,5.390000000000001,72.63000000000001
Z4.3.B.02,2014,MMR Dose 1 by Age 13,2001,96.92,0.59,0.92,96.38000000000001
Z4.3.B.02,2015,MMR Dose 1 by Age 13,2002,97.36000000000001,0.48000000000000004,1.7600000000000002,96.51
Z4.3.B.02,2016,MMR Dose 1 by Age 13,2003,97.24000000000001,0.5,1.1500000000000001,96.66000000000001
Z4.3.B.02,2017,MMR Dose 1 by Age 13,2004,97.05,0.54,0.24000000000000002,96.92
Z4.3.B.02,2018,MMR Dose 1 by Age 13,2005,98.45,0.34,4.04,97.09
Z4.3.B.02,2019,MMR Dose 1 by Age 13,2006,97.77,0.43000000000000005,2.2,96.81000000000002
Z4.3.B.02,2020,MMR Dose 1 by Age 13,2007,97.27,0.49,1.9800000000000002,96.30000000000001
Z4.3.B.02,2021,MMR Dose 1 by Age 13,2008,96.69000000000001,0.54,1.9500000000000002,95.64000000000001
Z4.3.B.02,2022,MMR Dose 1 by Age 13,2009,96.15,0.6000000000000001,1.51,95.25
Z4.3.B.02,2023,MMR Dose 1 by Age 13,2010,96.01,0.6100000000000001,1.7200000000000002,94.95
Z4.3.B.02,2014,MMR Dose 1 by Age 17,1997,96.26,0.6300000000000001,0.05,96.23
Z4.3.B.02,2015,MMR Dose 1 by Age 17,1998,97.13000000000001,0.53,1.1700000000000002,96.51
Z4.3.B.02,2016,MMR Dose 1 by Age 17,1999,95.37,0.7400000000000001,-1.82,96.71000000000001
Z4.3.B.02,2017,MMR Dose 1 by Age 17,2000,97.34000000000002,0.52,0.78,96.94000000000001
Z4.3.B.02,2018,MMR Dose 1 by Age 17,2001,97.13000000000001,0.55,0.19,97.03
Z4.3.B.02,2019,MMR Dose 1 by Age 17,2002,97.60000000000001,0.44,0.8700000000000001,97.22
Z4.3.B.02,2020,MMR Dose 1 by Age 17,2003,98.19000000000001,0.35000000000000003,1.2700000000000002,97.75
Z4.3.B.02,2021,MMR Dose 1 by Age 17,2004,98.42,0.32000000000000006,1.84,97.84000000000002
Z4.3.B.02,2022,MMR Dose 1 by Age 17,2005,98.91000000000001,0.25,4.35,97.83000000000001
Z4.3.B.02,2023,MMR Dose 1 by Age 17,2006,98.11000000000001,0.38000000000000006,2.21,97.27
Z4.3.B.02,2014,MMR Dose 1 by Age 2,2012,88.35000000000001,1.2300000000000002,0.24000000000000002,88.05
Z4.3.B.02,2015,MMR Dose 1 by Age 2,2013,89.9,1.1400000000000001,2.4400000000000004,87.11000000000001
Z4.3.B.02,2016,MMR Dose 1 by Age 2,2014,88.71000000000001,1.1500000000000001,1.2300000000000002,87.29
Z4.3.B.02,2017,MMR Dose 1 by Age 2,2015,87.42,1.2900000000000003,0.28,87.05
Z4.3.B.02,2018,MMR Dose 1 by Age 2,2016,88.25,1.2200000000000002,1.2400000000000002,86.73
Z4.3.B.02,2019,MMR Dose 1 by Age 2,2017,87.71000000000001,1.37,0.55,86.96000000000001
Z4.3.B.02,2020,MMR Dose 1 by Age 2,2018,85.86000000000001,1.4600000000000002,-0.54,86.65
Z4.3.B.02,2021,MMR Dose 1 by Age 2,2019,78.04,1.7800000000000002,-2.89,83.2
Z4.3.B.02,2022,MMR Dose 1 by Age 2,2020,78.88000000000001,1.7100000000000002,-1.86,82.07
Z4.3.B.02,2023,MMR Dose 1 by Age 2,2021,80.99000000000001,1.7700000000000002,-0.38000000000000006,81.67
Z4.3.B.02,2014,MMR Dose 2 by Age 13,2001,89.43,1.11,-2.09,91.76
Z4.3.B.02,2015,MMR Dose 2 by Age 13,2002,90.03,1.0,-1.6500000000000001,91.68
Z4.3.B.02,2016,MMR Dose 2 by Age 13,2003,88.96000000000001,1.11,-2.0,91.18
Z4.3.B.02,2017,MMR Dose 2 by Age 13,2004,86.87,1.1900000000000002,-3.85,91.45
Z4.3.B.02,2018,MMR Dose 2 by Age 13,2005,91.33000000000001,0.97,-0.01,91.34000000000002
Z4.3.B.02,2019,MMR Dose 2 by Age 13,2006,92.03,0.8700000000000001,0.6600000000000001,91.46000000000001
Z4.3.B.02,2020,MMR Dose 2 by Age 13,2007,91.91000000000001,0.9,1.0,91.01
Z4.3.B.02,2021,MMR Dose 2 by Age 13,2008,86.94000000000001,1.1600000000000001,-2.47,89.81000000000002
Z4.3.B.02,2022,MMR Dose 2 by Age 13,2009,88.92,1.05,-0.8700000000000001,89.83000000000001
Z4.3.B.02,2023,MMR Dose 2 by Age 13,2010,88.4,1.07,-1.12,89.61000000000001
Z4.3.B.02,2014,MMR Dose 2 by Age 17,1997,86.95,1.1900000000000002,-4.58,92.41000000000001
Z4.3.B.02,2015,MMR Dose 2 by Age 17,1998,90.79,0.98,-1.9900000000000002,92.75
Z4.3.B.02,2016,MMR Dose 2 by Age 17,1999,91.98,0.96,-1.2800000000000002,93.22
Z4.3.B.02,2017,MMR Dose 2 by Age 17,2000,92.46000000000001,0.8700000000000001,-1.1900000000000002,93.49000000000001
Z4.3.B.02,2018,MMR Dose 2 by Age 17,2001,90.48,1.03,-2.8200000000000003,93.37
Z4.3.B.02,2019,MMR Dose 2 by Age 17,2002,91.2,0.91,-2.59,93.56
Z4.3.B.02,2020,MMR Dose 2 by Age 17,2003,93.76,0.7500000000000001,-0.76,94.32000000000001
Z4.3.B.02,2021,MMR Dose 2 by Age 17,2004,93.4,0.76,-1.2400000000000002,94.35000000000001
Z4.3.B.02,2022,MMR Dose 2 by Age 17,2005,94.94000000000001,0.6700000000000002,1.9900000000000002,93.60000000000001
Z4.3.B.02,2023,MMR Dose 2 by Age 17,2006,93.79,0.7400000000000001,1.59,92.62
Z4.3.B.02,2023,MMR Dose 2 by Age 2,2021,67.21000000000001,2.09,-1.01,69.32
Z4.3.B.02,2014,MMR Dose 2 by Age 7,2007,76.16000000000001,1.54,-2.8600000000000003,80.57
Z4.3.B.02,2015,MMR Dose 2 by Age 7,2008,75.69000000000001,1.55,-3.63,81.30000000000001
Z4.3.B.02,2016,MMR Dose 2 by Age 7,2009,77.80000000000001,1.4500000000000002,-2.97,82.10000000000001
Z4.3.B.02,2017,MMR Dose 2 by Age 7,2010,77.17,1.4900000000000002,-2.99,81.63000000000001
Z4.3.B.02,2018,MMR Dose 2 by Age 7,2011,77.80000000000001,1.53,-2.14,81.08
Z4.3.B.02,2019,MMR Dose 2 by Age 7,2012,74.21000000000001,1.62,-4.630000000000001,81.72
Z4.3.B.02,2020,MMR Dose 2 by Age 7,2013,70.31,1.7200000000000002,-4.25,77.60000000000001
Z4.3.B.02,2021,MMR Dose 2 by Age 7,2014,68.15,1.7400000000000002,-3.79,74.73
Z4.3.B.02,2022,MMR Dose 2 by Age 7,2015,67.05,1.7900000000000003,-3.9200000000000004,74.08
Z4.3.B.02,2023,MMR Dose 2 by Age 7,2016,62.64,1.83,-5.470000000000001,72.63000000000001
Z4.3.C.03,2014,MMR Dose 1 by Age 13,2001,98.04,0.44,3.8000000000000003,96.38000000000001
Z4.3.C.03,2015,MMR Dose 1 by Age 13,2002,98.14000000000001,0.41000000000000003,4.01,96.51
Z4.3.C.03,2016,MMR Dose 1 by Age 13,2003,96.94000000000001,0.55,0.52,96.66000000000001
Z4.3.C.03,2017,MMR Dose 1 by Age 13,2004,98.48,0.33000000000000007,4.640000000000001,96.92
Z4.3.C.03,2018,MMR Dose 1 by Age 13,2005,97.86000000000001,0.4,1.9000000000000001,97.09
Z4.3.C.03,2019,MMR Dose 1 by Age 13,2006,97.58,0.43000000000000005,1.7900000000000003,96.81000000000002
Z4.3.C.03,2020,MMR Dose 1 by Age 13,2007,98.55,0.29000000000000004,7.79,96.30000000000001
Z4.3.C.03,2021,MMR Dose 1 by Age 13,2008,97.85000000000001,0.38000000000000006,5.82,95.64000000000001
Z4.3.C.03,2022,MMR Dose 1 by Age 13,2009,96.95,0.48000000000000004,3.55,95.25
Z4.3.C.03,2023,MMR Dose 1 by Age 13,2010,97.05,0.44,4.71,94.95
Z4.3.C.03,2014,MMR Dose 1 by Age 17,1997,96.37,0.68,0.21000000000000002,96.23
Z4.3.C.03,2015,MMR Dose 1 by Age 17,1998,97.09,0.6000000000000001,0.96,96.51
Z4.3.C.03,2016,MMR Dose 1 by Age 17,1999,95.18,0.77,-1.9700000000000002,96.71000000000001
Z4.3.C.03,2017,MMR Dose 1 by Age 17,2000,97.55,0.52,1.1900000000000002,96.94000000000001
Z4.3.C.03,2018,MMR Dose 1 by Age 17,2001,98.2,0.4,2.9000000000000004,97.03
Z4.3.C.03,2019,MMR Dose 1 by Age 17,2002,98.31000000000002,0.37000000000000005,2.91,97.22
Z4.3.C.03,2020,MMR Dose 1 by Age 17,2003,98.17,0.35000000000000003,1.2000000000000002,97.75
Z4.3.C.03,2021,MMR Dose 1 by Age 17,2004,99.02,0.23,5.24,97.84000000000002
Z4.3.C.03,2022,MMR Dose 1 by Age 17,2005,98.35000000000001,0.32000000000000006,1.61,97.83000000000001
Z4.3.C.03,2023,MMR Dose 1 by Age 17,2006,97.87,0.38000000000000006,1.57,97.27
Z4.3.C.03,2014,MMR Dose 1 by Age 2,2012,92.22,0.8400000000000001,4.99,88.05
Z4.3.C.03,2015,MMR Dose 1 by Age 2,2013,91.43,0.88,4.94,87.11000000000001
Z4.3.C.03,2016,MMR Dose 1 by Age 2,2014,92.98,0.76,7.52,87.29
Z4.3.C.03,2017,MMR Dose 1 by Age 2,2015,92.83000000000001,0.7400000000000001,7.78,87.05
Z4.3.C.03,2018,MMR Dose 1 by Age 2,2016,91.80000000000001,0.81,6.26,86.73
Z4.3.C.03,2019,MMR Dose 1 by Age 2,2017,91.11000000000001,0.8400000000000001,4.95,86.96000000000001
Z4.3.C.03,2020,MMR Dose 1 by Age 2,2018,90.96000000000001,0.8300000000000001,5.180000000000001,86.65
Z4.3.C.03,2021,MMR Dose 1 by Age 2,2019,89.22,0.91,6.62,83.2
Z4.3.C.03,2022,MMR Dose 1 by Age 2,2020,88.89000000000001,0.9400000000000001,7.22,82.07
Z4.3.C.03,2023,MMR Dose 1 by Age 2,2021,88.05,0.92,6.91,81.67
Z4.3.C.03,2014,MMR Dose 2 by Age 13,2001,93.24000000000001,0.81,1.84,91.76
Z4.3.C.03,2015,MMR Dose 2 by Age 13,2002,93.77,0.77,2.71,91.68
Z4.3.C.03,2016,MMR Dose 2 by Age 13,2003,89.82000000000001,0.99,-1.3800000000000001,91.18
Z4.3.C.03,2017,MMR Dose 2 by Age 13,2004,92.45,0.8200000000000001,1.2200000000000002,91.45
Z4.3.C.03,2018,MMR Dose 2 by Age 13,2005,93.05,0.7500000000000001,2.27,91.34000000000002
Z4.3.C.03,2019,MMR Dose 2 by Age 13,2006,92.99000000000001,0.7400000000000001,2.05,91.46000000000001
Z4.3.C.03,2020,MMR Dose 2 by Age 13,2007,94.0,0.6600000000000001,4.51,91.01
Z4.3.C.03,2021,MMR Dose 2 by Age 13,2008,93.74000000000001,0.6500000000000001,6.01,89.81000000000002
Z4.3.C.03,2022,MMR Dose 2 by Age 13,2009,92.96000000000001,0.6900000000000001,4.54,89.83000000000001
Z4.3.C.03,2023,MMR Dose 2 by Age 13,2010,91.08,0.7500000000000001,1.9500000000000002,89.61000000000001
Z4.3.C.03,2014,MMR Dose 2 by Age 17,1997,93.51,0.8200000000000001,1.34,92.41000000000001
Z4.3.C.03,2015,MMR Dose 2 by Age 17,1998,91.66000000000001,0.97,-1.12,92.75
Z4.3.C.03,2016,MMR Dose 2 by Age 17,1999,92.99000000000001,0.8200000000000001,-0.28,93.22
Z4.3.C.03,2017,MMR Dose 2 by Age 17,2000,93.35000000000001,0.8400000000000001,-0.18,93.49000000000001
Z4.3.C.03,2018,MMR Dose 2 by Age 17,2001,93.84000000000002,0.7500000000000001,0.6300000000000001,93.37
Z4.3.C.03,2019,MMR Dose 2 by Age 17,2002,94.53,0.6900000000000001,1.4100000000000001,93.56
Z4.3.C.03,2020,MMR Dose 2 by Age 17,2003,94.79,0.6100000000000001,0.76,94.32000000000001
Z4.3.C.03,2021,MMR Dose 2 by Age 17,2004,95.92,0.51,3.07,94.35000000000001
Z4.3.C.03,2022,MMR Dose 2 by Age 17,2005,95.36000000000001,0.56,3.13,93.60000000000001
Z4.3.C.03,2023,MMR Dose 2 by Age 17,2006,94.31000000000002,0.6400000000000001,2.62,92.62
Z4.3.C.03,2023,MMR Dose 2 by Age 2,2021,76.52,1.2000000000000002,6.02,69.32
Z4.3.C.03,2014,MMR Dose 2 by Age 7,2007,81.89000000000001,1.2400000000000002,1.06,80.57
Z4.3.C.03,2015,MMR Dose 2 by Age 7,2008,86.89000000000001,1.02,5.49,81.30000000000001
Z4.3.C.03,2016,MMR Dose 2 by Age 7,2009,84.74000000000001,1.08,2.45,82.10000000000001
Z4.3.C.03,2017,MMR Dose 2 by Age 7,2010,83.07,1.06,1.35,81.63000000000001
Z4.3.C.03,2018,MMR Dose 2 by Age 7,2011,82.71000000000001,1.12,1.4600000000000002,81.08
Z4.3.C.03,2019,MMR Dose 2 by Age 7,2012,85.14000000000001,1.04,3.3000000000000003,81.72
Z4.3.C.03,2020,MMR Dose 2 by Age 7,2013,80.66000000000001,1.1400000000000001,2.67,77.60000000000001
Z4.3.C.03,2021,MMR Dose 2 by Age 7,2014,77.5,1.1800000000000002,2.3400000000000003,74.73
Z4.3.C.03,2022,MMR Dose 2 by Age 7,2015,78.15,1.1500000000000001,3.55,74.08
Z4.3.C.03,2023,MMR Dose 2 by Age 7,2016,75.08,1.2300000000000002,2.0,72.63000000000001
Z4.4.A.01,2014,MMR Dose 1 by Age 13,2001,97.09,0.7200000000000001,0.99,96.38000000000001
Z4.4.A.01,2015,MMR Dose 1 by Age 13,2002,97.74000000000001,0.56,2.2,96.51
Z4.4.A.01,2016,MMR Dose 1 by Age 13,2003,96.82000000000001,0.7000000000000001,0.23,96.66000000000001
Z4.4.A.01,2017,MMR Dose 1 by Age 13,2004,99.18,0.28,8.129999999999999,96.92
Z4.4.A.01,2018,MMR Dose 1 by Age 13,2005,99.09,0.27,7.3100000000000005,97.09
Z4.4.A.01,2019,MMR Dose 1 by Age 13,2006,98.31000000000002,0.44,3.45,96.81000000000002
Z4.4.A.01,2020,MMR Dose 1 by Age 13,2007,97.96000000000001,0.46,3.61,96.30000000000001
Z4.4.A.01,2021,MMR Dose 1 by Age 13,2008,97.33000000000001,0.53,3.21,95.64000000000001
Z4.4.A.01,2022,MMR Dose 1 by Age 13,2009,96.83000000000001,0.6100000000000001,2.6,95.25
Z4.4.A.01,2023,MMR Dose 1 by Age 13,2010,93.58,0.96,-1.4300000000000002,94.95
Z4.4.A.01,2014,MMR Dose 1 by Age 17,1997,95.79,0.8500000000000001,-0.51,96.23
Z4.4.A.01,2015,MMR Dose 1 by Age 17,1998,97.33000000000001,0.6300000000000001,1.31,96.51
Z4.4.A.01,2016,MMR Dose 1 by Age 17,1999,96.88000000000001,0.7100000000000001,0.24000000000000002,96.71000000000001
Z4.4.A.01,2017,MMR Dose 1 by Age 17,2000,98.11000000000001,0.48000000000000004,2.4200000000000004,96.94000000000001
Z4.4.A.01,2018,MMR Dose 1 by Age 17,2001,97.2,0.7000000000000001,0.25,97.03
Z4.4.A.01,2019,MMR Dose 1 by Age 17,2002,97.97,0.51,1.4900000000000002,97.22
Z4.4.A.01,2020,MMR Dose 1 by Age 17,2003,98.07,0.46,0.7100000000000001,97.75
Z4.4.A.01,2021,MMR Dose 1 by Age 17,2004,99.53,0.17,10.01,97.84000000000002
Z4.4.A.01,2022,MMR Dose 1 by Age 17,2005,99.52,0.16,10.370000000000001,97.83000000000001
Z4.4.A.01,2023,MMR Dose 1 by Age 17,2006,98.74000000000001,0.34,4.26,97.27
Z4.4.A.01,2014,MMR Dose 1 by Age 2,2012,89.48,1.34,1.07,88.05
Z4.4.A.01,2015,MMR Dose 1 by Age 2,2013,92.27,1.12,4.59,87.11000000000001
Z4.4.A.01,2016,MMR Dose 1 by Age 2,2014,90.47,1.2300000000000002,2.58,87.29
Z4.4.A.01,2017,MMR Dose 1 by Age 2,2015,90.77,1.2700000000000002,2.9200000000000004,87.05
Z4.4.A.01,2018,MMR Dose 1 by Age 2,2016,91.16000000000001,1.2200000000000002,3.64,86.73
Z4.4.A.01,2019,MMR Dose 1 by Age 2,2017,89.16000000000001,1.4500000000000002,1.52,86.96000000000001
Z4.4.A.01,2020,MMR Dose 1 by Age 2,2018,90.89000000000001,1.33,3.2,86.65
Z4.4.A.01,2021,MMR Dose 1 by Age 2,2019,85.96000000000001,1.6600000000000001,1.6600000000000001,83.2
Z4.4.A.01,2022,MMR Dose 1 by Age 2,2020,87.21000000000001,1.7000000000000002,3.02,82.07
Z4.4.A.01,2023,MMR Dose 1 by Age 2,2021,82.46000000000001,1.9300000000000002,0.41000000000000003,81.67
Z4.4.A.01,2014,MMR Dose 2 by Age 13,2001,90.88000000000001,1.2900000000000003,-0.68,91.76
Z4.4.A.01,2015,MMR Dose 2 by Age 13,2002,89.30000000000001,1.4000000000000001,-1.7000000000000002,91.68
Z4.4.A.01,2016,MMR Dose 2 by Age 13,2003,91.38000000000001,1.1900000000000002,0.17,91.18
Z4.4.A.01,2017,MMR Dose 2 by Age 13,2004,90.67,1.2700000000000002,-0.6100000000000001,91.45
Z4.4.A.01,2018,MMR Dose 2 by Age 13,2005,94.81000000000002,0.8300000000000001,4.170000000000001,91.34000000000002
Z4.4.A.01,2019,MMR Dose 2 by Age 13,2006,92.97,0.99,1.53,91.46000000000001
Z4.4.A.01,2020,MMR Dose 2 by Age 13,2007,91.08,1.1300000000000001,0.07,91.01
Z4.4.A.01,2021,MMR Dose 2 by Age 13,2008,90.04,1.1600000000000001,0.21000000000000002,89.81000000000002
Z4.4.A.01,2022,MMR Dose 2 by Age 13,2009,89.39000000000001,1.2200000000000002,-0.36000000000000004,89.83000000000001
Z4.4.A.01,2023,MMR Dose 2 by Age 13,2010,84.79,1.4700000000000002,-3.29,89.61000000000001
Z4.4.A.01,2014,MMR Dose 2 by Age 17,1997,87.14000000000001,1.5,-3.5,92.41000000000001
Z4.4.A.01,2015,MMR Dose 2 by Age 17,1998,90.84000000000002,1.2800000000000002,-1.4900000000000002,92.75
Z4.4.A.01,2016,MMR Dose 2 by Age 17,1999,90.46000000000001,1.2500000000000002,-2.2,93.22
Z4.4.A.01,2017,MMR Dose 2 by Age 17,2000,90.58,1.2600000000000002,-2.3200000000000003,93.49000000000001
Z4.4.A.01,2018,MMR Dose 2 by Age 17,2001,91.18,1.2500000000000002,-1.7500000000000002,93.37
Z4.4.A.01,2019,MMR Dose 2 by Age 17,2002,90.61000000000001,1.2600000000000002,-2.3400000000000003,93.56
Z4.4.A.01,2020,MMR Dose 2 by Age 17,2003,95.51,0.7400000000000001,1.61,94.32000000000001
Z4.4.A.01,2021,MMR Dose 2 by Age 17,2004,94.24000000000001,0.9,-0.12000000000000001,94.35000000000001
Z4.4.A.01,2022,MMR Dose 2 by Age 17,2005,96.86000000000001,0.58,5.66,93.60000000000001
Z4.4.A.01,2023,MMR Dose 2 by Age 17,2006,94.05,0.88,1.62,92.62
Z4.4.A.01,2023,MMR Dose 2 by Age 2,2021,69.86999999999999,2.2800000000000002,0.24000000000000002,69.32
Z4.4.A.01,2014,MMR Dose 2 by Age 7,2007,79.31000000000002,1.7500000000000002,-0.7200000000000001,80.57
Z4.4.A.01,2015,MMR Dose 2 by Age 7,2008,80.55,1.6400000000000001,-0.46,81.30000000000001
Z4.4.A.01,2016,MMR Dose 2 by Age 7,2009,81.82000000000001,1.62,-0.17,82.10000000000001
Z4.4.A.01,2017,MMR Dose 2 by Age 7,2010,78.23,1.7300000000000002,-1.9700000000000002,81.63000000000001
Z4.4.A.01,2018,MMR Dose 2 by Age 7,2011,78.94000000000001,1.7400000000000002,-1.2300000000000002,81.08
Z4.4.A.01,2019,MMR Dose 2 by Age 7,2012,78.78,1.8,-1.6400000000000001,81.72
Z4.4.A.01,2020,MMR Dose 2 by Age 7,2013,71.47,2.01,-3.05,77.60000000000001
Z4.4.A.01,2021,MMR Dose 2 by Age 7,2014,73.55,1.9200000000000002,-0.6100000000000001,74.73
Z4.4.A.01,2022,MMR Dose 2 by Age 7,2015,73.62,1.9500000000000002,-0.24000000000000002,74.08
Z4.4.A.01,2023,MMR Dose 2 by Age 7,2016,68.32,2.08,-2.07,72.63000000000001
Z4.4.B.02,2014,MMR Dose 1 by Age 13,2001,96.87,0.6900000000000001,0.7100000000000001,96.38000000000001
Z4.4.B.02,2015,MMR Dose 1 by Age 13,2002,97.37,0.6200000000000001,1.4000000000000001,96.51
Z4.4.B.02,2016,MMR Dose 1 by Age 13,2003,98.27,0.43000000000000005,3.75,96.66000000000001
Z4.4.B.02,2017,MMR Dose 1 by Age 13,2004,98.9,0.33000000000000007,6.0,96.92
Z4.4.B.02,2018,MMR Dose 1 by Age 13,2005,97.43,0.54,0.6200000000000001,97.09
Z4.4.B.02,2019,MMR Dose 1 by Age 13,2006,98.36000000000001,0.36000000000000004,4.34,96.81000000000002
Z4.4.B.02,2020,MMR Dose 1 by Age 13,2007,97.04,0.52,1.4300000000000002,96.30000000000001
Z4.4.B.02,2021,MMR Dose 1 by Age 13,2008,96.51,0.5700000000000001,1.54,95.64000000000001
Z4.4.B.02,2022,MMR Dose 1 by Age 13,2009,95.46000000000001,0.6500000000000001,0.32000000000000006,95.25
Z4.4.B.02,2023,MMR Dose 1 by Age 13,2010,96.58,0.56,2.91,94.95
Z4.4.B.02,2014,MMR Dose 1 by Age 17,1997,96.06,0.92,-0.18,96.23
Z4.4.B.02,2015,MMR Dose 1 by Age 17,1998,96.08,0.8600000000000001,-0.49,96.51
Z4.4.B.02,2016,MMR Dose 1 by Age 17,1999,96.80000000000001,0.7300000000000001,0.13,96.71000000000001
Z4.4.B.02,2017,MMR Dose 1 by Age 17,2000,97.88000000000001,0.5700000000000001,1.6500000000000001,96.94000000000001
Z4.4.B.02,2018,MMR Dose 1 by Age 17,2001,97.01,0.6600000000000001,-0.02,97.03
Z4.4.B.02,2019,MMR Dose 1 by Age 17,2002,97.54,0.58,0.56,97.22
Z4.4.B.02,2020,MMR Dose 1 by Age 17,2003,98.97,0.28,4.4,97.75
Z4.4.B.02,2021,MMR Dose 1 by Age 17,2004,99.07,0.28,4.319999999999999,97.84000000000002
Z4.4.B.02,2022,MMR Dose 1 by Age 17,2005,97.89000000000001,0.46,0.14,97.83000000000001
Z4.4.B.02,2023,MMR Dose 1 by Age 17,2006,98.54,0.32000000000000006,3.9400000000000004,97.27
Z4.4.B.02,2014,MMR Dose 1 by Age 2,2012,93.53,0.81,6.75,88.05
Z4.4.B.02,2015,MMR Dose 1 by Age 2,2013,94.22,0.8,8.860000000000001,87.11000000000001
Z4.4.B.02,2016,MMR Dose 1 by Age 2,2014,92.91000000000001,0.88,6.4,87.29
Z4.4.B.02,2017,MMR Dose 1 by Age 2,2015,92.42,0.9500000000000001,5.640000000000001,87.05
Z4.4.B.02,2018,MMR Dose 1 by Age 2,2016,92.82000000000001,0.9500000000000001,6.4,86.73
Z4.4.B.02,2019,MMR Dose 1 by Age 2,2017,91.84000000000002,0.98,4.99,86.96000000000001
Z4.4.B.02,2020,MMR Dose 1 by Age 2,2018,92.16000000000001,1.03,5.370000000000001,86.65
Z4.4.B.02,2021,MMR Dose 1 by Age 2,2019,88.06,1.2600000000000002,3.87,83.2
Z4.4.B.02,2022,MMR Dose 1 by Age 2,2020,89.94000000000001,1.2100000000000002,6.51,82.07
Z4.4.B.02,2023,MMR Dose 1 by Age 2,2021,88.18,1.2800000000000002,5.1000000000000005,81.67
Z4.4.B.02,2014,MMR Dose 2 by Age 13,2001,92.59,0.98,0.8400000000000001,91.76
Z4.4.B.02,2015,MMR Dose 2 by Age 13,2002,92.95,0.91,1.4000000000000001,91.68
Z4.4.B.02,2016,MMR Dose 2 by Age 13,2003,93.45,0.8500000000000001,2.69,91.18
Z4.4.B.02,2017,MMR Dose 2 by Age 13,2004,92.78,0.8600000000000001,1.54,91.45
Z4.4.B.02,2018,MMR Dose 2 by Age 13,2005,93.86000000000001,0.78,3.21,91.34000000000002
Z4.4.B.02,2019,MMR Dose 2 by Age 13,2006,94.60000000000001,0.68,4.59,91.46000000000001
Z4.4.B.02,2020,MMR Dose 2 by Age 13,2007,92.57,0.81,1.9200000000000002,91.01
Z4.4.B.02,2021,MMR Dose 2 by Age 13,2008,92.66000000000001,0.79,3.6,89.81000000000002
Z4.4.B.02,2022,MMR Dose 2 by Age 13,2009,91.23,0.8600000000000001,1.6400000000000001,89.83000000000001
Z4.4.B.02,2023,MMR Dose 2 by Age 13,2010,91.85000000000001,0.8300000000000001,2.71,89.61000000000001
Z4.4.B.02,2014,MMR Dose 2 by Age 17,1997,93.93,0.93,1.6300000000000001,92.41000000000001
Z4.4.B.02,2015,MMR Dose 2 by Age 17,1998,93.69000000000001,0.92,1.03,92.75
Z4.4.B.02,2016,MMR Dose 2 by Age 17,1999,93.52,0.93,0.32000000000000006,93.22
Z4.4.B.02,2017,MMR Dose 2 by Age 17,2000,94.19000000000001,0.8700000000000001,0.79,93.49000000000001
Z4.4.B.02,2018,MMR Dose 2 by Age 17,2001,93.30000000000001,0.91,-0.08,93.37
Z4.4.B.02,2019,MMR Dose 2 by Age 17,2002,93.69000000000001,0.8300000000000001,0.15000000000000002,93.56
Z4.4.B.02,2020,MMR Dose 2 by Age 17,2003,96.66000000000001,0.53,4.42,94.32000000000001
Z4.4.B.02,2021,MMR Dose 2 by Age 17,2004,95.49000000000001,0.6500000000000001,1.7800000000000002,94.35000000000001
Z4.4.B.02,2022,MMR Dose 2 by Age 17,2005,95.35000000000001,0.6500000000000001,2.69,93.60000000000001
Z4.4.B.02,2023,MMR Dose 2 by Age 17,2006,95.58,0.6000000000000001,4.96,92.62
Z4.4.B.02,2023,MMR Dose 2 by Age 2,2021,78.08,1.61,5.44,69.32
Z4.4.B.02,2014,MMR Dose 2 by Age 7,2007,86.10000000000001,1.11,4.96,80.57
Z4.4.B.02,2015,MMR Dose 2 by Age 7,2008,87.16000000000001,1.07,5.45,81.30000000000001
Z4.4.B.02,2016,MMR Dose 2 by Age 7,2009,85.44000000000001,1.11,3.02,82.10000000000001
Z4.4.B.02,2017,MMR Dose 2 by Age 7,2010,87.2,1.04,5.340000000000001,81.63000000000001
Z4.4.B.02,2018,MMR Dose 2 by Age 7,2011,86.0,1.1400000000000001,4.34,81.08
Z4.4.B.02,2019,MMR Dose 2 by Age 7,2012,84.48,1.1400000000000001,2.43,81.72
Z4.4.B.02,2020,MMR Dose 2 by Age 7,2013,82.21000000000001,1.2700000000000002,3.64,77.60000000000001
Z4.4.B.02,2021,MMR Dose 2 by Age 7,2014,81.23,1.2900000000000003,5.03,74.73
Z4.4.B.02,2022,MMR Dose 2 by Age 7,2015,81.11000000000001,1.37,5.11,74.08
Z4.4.B.02,2023,MMR Dose 2 by Age 7,2016,77.49000000000001,1.4600000000000002,3.3200000000000003,72.63000000000001
Z4.4.C.03,2014,MMR Dose 1 by Age 13,2001,94.45,2.9400000000000004,-0.6600000000000001,96.38000000000001
Z4.4.C.03,2015,MMR Dose 1 by Age 13,2002,98.48,1.03,1.9200000000000002,96.51
Z4.4.C.03,2016,MMR Dose 1 by Age 13,2003,98.01,0.8500000000000001,1.6,96.66000000000001
Z4.4.C.03,2017,MMR Dose 1 by Age 13,2004,98.75,0.49,3.7600000000000002,96.92
Z4.4.C.03,2018,MMR Dose 1 by Age 13,2005,98.76,0.44,3.8000000000000003,97.09
Z4.4.C.03,2019,MMR Dose 1 by Age 13,2006,98.77,0.35000000000000003,5.640000000000001,96.81000000000002
Z4.4.C.03,2020,MMR Dose 1 by Age 13,2007,98.61000000000001,0.36000000000000004,6.45,96.30000000000001
Z4.4.C.03,2021,MMR Dose 1 by Age 13,2008,97.34000000000002,0.49,3.4600000000000004,95.64000000000001
Z4.4.C.03,2022,MMR Dose 1 by Age 13,2009,97.73,0.45,5.51,95.25
Z4.4.C.03,2023,MMR Dose 1 by Age 13,2010,98.04,0.39,7.840000000000001,94.95
Z4.4.C.03,2014,MMR Dose 1 by Age 17,1997,96.10000000000001,3.23,-0.04,96.23
Z4.4.C.03,2015,MMR Dose 1 by Age 17,1998,93.36000000000001,4.12,-0.76,96.51
Z4.4.C.03,2016,MMR Dose 1 by Age 17,1999,96.95,2.49,0.1,96.71000000000001
Z4.4.C.03,2017,MMR Dose 1 by Age 17,2000,94.16000000000001,3.09,-0.9,96.94000000000001
Z4.4.C.03,2018,MMR Dose 1 by Age 17,2001,94.74000000000001,2.7800000000000002,-0.8200000000000001,97.03
Z4.4.C.03,2019,MMR Dose 1 by Age 17,2002,98.59,0.96,1.4300000000000002,97.22
Z4.4.C.03,2020,MMR Dose 1 by Age 17,2003,98.74000000000001,0.55,1.8,97.75
Z4.4.C.03,2021,MMR Dose 1 by Age 17,2004,99.32000000000001,0.27,5.390000000000001,97.84000000000002
Z4.4.C.03,2022,MMR Dose 1 by Age 17,2005,99.11000000000001,0.32000000000000006,3.99,97.83000000000001
Z4.4.C.03,2023,MMR Dose 1 by Age 17,2006,98.92,0.31000000000000005,5.340000000000001,97.27
Z4.4.C.03,2014,MMR Dose 1 by Age 2,2012,94.37,0.6600000000000001,9.600000000000001,88.05
Z4.4.C.03,2015,MMR Dose 1 by Age 2,2013,94.04,0.6400000000000001,10.750000000000002,87.11000000000001
Z4.4.C.03,2016,MMR Dose 1 by Age 2,2014,94.26,0.58,12.05,87.29
Z4.4.C.03,2017,MMR Dose 1 by Age 2,2015,93.94000000000001,0.56,12.200000000000001,87.05
Z4.4.C.03,2018,MMR Dose 1 by Age 2,2016,94.10000000000001,0.53,13.94,86.73
Z4.4.C.03,2019,MMR Dose 1 by Age 2,2017,94.45,0.49,15.24,86.96000000000001
Z4.4.C.03,2020,MMR Dose 1 by Age 2,2018,93.06,0.55,11.72,86.65
Z4.4.C.03,2021,MMR Dose 1 by Age 2,2019,91.58,0.6000000000000001,14.09,83.2
Z4.4.C.03,2022,MMR Dose 1 by Age 2,2020,91.53,0.59,16.1,82.07
Z4.4.C.03,2023,MMR Dose 1 by Age 2,2021,89.80000000000001,0.6000000000000001,13.43,81.67
Z4.4.C.03,2014,MMR Dose 2 by Age 13,2001,95.01,1.2000000000000002,2.71,91.76
Z4.4.C.03,2015,MMR Dose 2 by Age 13,2002,94.89000000000001,1.1500000000000001,2.79,91.68
Z4.4.C.03,2016,MMR Dose 2 by Age 13,2003,94.57,1.07,3.16,91.18
Z4.4.C.03,2017,MMR Dose 2 by Age 13,2004,94.42,0.8700000000000001,3.4000000000000004,91.45
Z4.4.C.03,2018,MMR Dose 2 by Age 13,2005,95.84000000000002,0.7200000000000001,6.25,91.34000000000002
Z4.4.C.03,2019,MMR Dose 2 by Age 13,2006,96.76,0.52,10.22,91.46000000000001
Z4.4.C.03,2020,MMR Dose 2 by Age 13,2007,96.23,0.52,10.04,91.01
Z4.4.C.03,2021,MMR Dose 2 by Age 13,2008,94.54,0.6300000000000001,7.52,89.81000000000002
Z4.4.C.03,2022,MMR Dose 2 by Age 13,2009,94.39000000000001,0.6100000000000001,7.470000000000001,89.83000000000001
Z4.4.C.03,2023,MMR Dose 2 by Age 13,2010,94.89000000000001,0.53,9.99,89.61000000000001
Z4.4.C.03,2014,MMR Dose 2 by Age 17,1997,96.0,1.9500000000000002,1.84,92.41000000000001
Z4.4.C.03,2015,MMR Dose 2 by Age 17,1998,92.58,2.3600000000000003,-0.07,92.75
Z4.4.C.03,2016,MMR Dose 2 by Age 17,1999,95.37,1.82,1.1800000000000002,93.22
Z4.4.C.03,2017,MMR Dose 2 by Age 17,2000,92.9,1.81,-0.33000000000000007,93.49000000000001
Z4.4.C.03,2018,MMR Dose 2 by Age 17,2001,95.34000000000002,1.12,1.7500000000000002,93.37
Z4.4.C.03,2019,MMR Dose 2 by Age 17,2002,95.52,1.02,1.9200000000000002,93.56
Z4.4.C.03,2020,MMR Dose 2 by Age 17,2003,97.17,0.6000000000000001,4.78,94.32000000000001
Z4.4.C.03,2021,MMR Dose 2 by Age 17,2004,97.41000000000001,0.46,6.72,94.35000000000001
Z4.4.C.03,2022,MMR Dose 2 by Age 17,2005,97.41000000000001,0.48000000000000004,7.870000000000001,93.60000000000001
Z4.4.C.03,2023,MMR Dose 2 by Age 17,2006,97.5,0.42000000000000004,11.63,92.62
Z4.4.C.03,2023,MMR Dose 2 by Age 2,2021,80.93,0.77,14.98,69.32
Z4.4.C.03,2014,MMR Dose 2 by Age 7,2007,88.62,1.08,7.49,80.57
Z4.4.C.03,2015,MMR Dose 2 by Age 7,2008,87.74000000000001,1.07,6.02,81.30000000000001
Z4.4.C.03,2016,MMR Dose 2 by Age 7,2009,89.62,0.92,8.200000000000001,82.10000000000001
Z4.4.C.03,2017,MMR Dose 2 by Age 7,2010,90.87,0.77,11.99,81.63000000000001
Z4.4.C.03,2018,MMR Dose 2 by Age 7,2011,86.82000000000001,0.89,6.46,81.08
Z4.4.C.03,2019,MMR Dose 2 by Age 7,2012,88.86000000000001,0.7500000000000001,9.46,81.72
Z4.4.C.03,2020,MMR Dose 2 by Age 7,2013,85.60000000000001,0.81,9.850000000000001,77.60000000000001
Z4.4.C.03,2021,MMR Dose 2 by Age 7,2014,82.16000000000001,0.8400000000000001,8.790000000000001,74.73
Z4.4.C.03,2022,MMR Dose 2 by Age 7,2015,81.52,0.8200000000000001,9.11,74.08
Z4.4.C.03,2023,MMR Dose 2 by Age 7,2016,77.92,0.8200000000000001,6.430000000000001,72.63000000000001
Z4.5.A.01,2014,MMR Dose 1 by Age 13,2001,93.24000000000001,1.4300000000000002,-2.19,96.38000000000001
Z4.5.A.01,2015,MMR Dose 1 by Age 13,2002,91.18,1.6900000000000002,-3.15,96.51
Z4.5.A.01,2016,MMR Dose 1 by Age 13,2003,92.21000000000001,1.61,-2.7600000000000002,96.66000000000001
Z4.5.A.01,2017,MMR Dose 1 by Age 13,2004,91.76,1.7400000000000002,-2.97,96.92
Z4.5.A.01,2018,MMR Dose 1 by Age 13,2005,91.38000000000001,1.7000000000000002,-3.37,97.09
Z4.5.A.01,2019,MMR Dose 1 by Age 13,2006,93.71000000000001,1.31,-2.37,96.81000000000002
Z4.5.A.01,2020,MMR Dose 1 by Age 13,2007,92.71000000000001,1.3800000000000001,-2.61,96.30000000000001
Z4.5.A.01,2021,MMR Dose 1 by Age 13,2008,93.37,1.2400000000000002,-1.83,95.64000000000001
Z4.5.A.01,2022,MMR Dose 1 by Age 13,2009,92.03,1.34,-2.4000000000000004,95.25
Z4.5.A.01,2023,MMR Dose 1 by Age 13,2010,91.60000000000001,1.32,-2.55,94.95
Z4.5.A.01,2014,MMR Dose 1 by Age 17,1997,91.22,1.62,-3.09,96.23
Z4.5.A.01,2015,MMR Dose 1 by Age 17,1998,91.58,1.6700000000000002,-2.95,96.51
Z4.5.A.01,2016,MMR Dose 1 by Age 17,1999,93.47,1.4600000000000002,-2.22,96.71000000000001
Z4.5.A.01,2017,MMR Dose 1 by Age 17,2000,91.88000000000001,1.6500000000000001,-3.08,96.94000000000001
Z4.5.A.01,2018,MMR Dose 1 by Age 17,2001,93.60000000000001,1.37,-2.5,97.03
Z4.5.A.01,2019,MMR Dose 1 by Age 17,2002,91.67,1.62,-3.43,97.22
Z4.5.A.01,2020,MMR Dose 1 by Age 17,2003,93.09,1.4800000000000002,-3.15,97.75
Z4.5.A.01,2021,MMR Dose 1 by Age 17,2004,92.82000000000001,1.6,-3.15,97.84000000000002
Z4.5.A.01,2022,MMR Dose 1 by Age 17,2005,91.38000000000001,1.7000000000000002,-3.8000000000000003,97.83000000000001
Z4.5.A.01,2023,MMR Dose 1 by Age 17,2006,94.42,1.2300000000000002,-2.33,97.27
Z4.5.A.01,2014,MMR Dose 1 by Age 2,2012,89.12,1.4300000000000002,0.7500000000000001,88.05
Z4.5.A.01,2015,MMR Dose 1 by Age 2,2013,88.87,1.4900000000000002,1.1800000000000002,87.11000000000001
Z4.5.A.01,2016,MMR Dose 1 by Age 2,2014,87.51,1.59,0.14,87.29
Z4.5.A.01,2017,MMR Dose 1 by Age 2,2015,88.44000000000001,1.59,0.8700000000000001,87.05
Z4.5.A.01,2018,MMR Dose 1 by Age 2,2016,90.60000000000001,1.4600000000000002,2.64,86.73
Z4.5.A.01,2019,MMR Dose 1 by Age 2,2017,88.4,1.6700000000000002,0.8600000000000001,86.96000000000001
Z4.5.A.01,2020,MMR Dose 1 by Age 2,2018,82.60000000000001,1.9900000000000002,-2.03,86.65
Z4.5.A.01,2021,MMR Dose 1 by Age 2,2019,84.98,2.04,0.88,83.2
Z4.5.A.01,2022,MMR Dose 1 by Age 2,2020,83.46000000000001,2.1,0.6600000000000001,82.07
Z4.5.A.01,2023,MMR Dose 1 by Age 2,2021,80.67,2.12,-0.47000000000000003,81.67
Z4.5.A.01,2014,MMR Dose 2 by Age 13,2001,83.30000000000001,2.12,-3.99,91.76
Z4.5.A.01,2015,MMR Dose 2 by Age 13,2002,80.84000000000002,2.2,-4.930000000000001,91.68
Z4.5.A.01,2016,MMR Dose 2 by Age 13,2003,85.43,1.9500000000000002,-2.95,91.18
Z4.5.A.01,2017,MMR Dose 2 by Age 13,2004,85.05,2.0,-3.2,91.45
Z4.5.A.01,2018,MMR Dose 2 by Age 13,2005,84.91000000000001,1.9400000000000002,-3.3200000000000003,91.34000000000002
Z4.5.A.01,2019,MMR Dose 2 by Age 13,2006,86.43,1.7300000000000002,-2.9000000000000004,91.46000000000001
Z4.5.A.01,2020,MMR Dose 2 by Age 13,2007,87.56,1.55,-2.23,91.01
Z4.5.A.01,2021,MMR Dose 2 by Age 13,2008,87.18,1.53,-1.7200000000000002,89.81000000000002
Z4.5.A.01,2022,MMR Dose 2 by Age 13,2009,85.35000000000001,1.6400000000000001,-2.72,89.83000000000001
Z4.5.A.01,2023,MMR Dose 2 by Age 13,2010,86.98,1.52,-1.7300000000000002,89.61000000000001
Z4.5.A.01,2014,MMR Dose 2 by Age 17,1997,81.65,2.14,-5.04,92.41000000000001
Z4.5.A.01,2015,MMR Dose 2 by Age 17,1998,81.09,2.17,-5.36,92.75
Z4.5.A.01,2016,MMR Dose 2 by Age 17,1999,83.78,2.05,-4.61,93.22
Z4.5.A.01,2017,MMR Dose 2 by Age 17,2000,80.11000000000001,2.4200000000000004,-5.52,93.49000000000001
Z4.5.A.01,2018,MMR Dose 2 by Age 17,2001,84.45,2.03,-4.4,93.37
Z4.5.A.01,2019,MMR Dose 2 by Age 17,2002,82.65,2.08,-5.24,93.56
Z4.5.A.01,2020,MMR Dose 2 by Age 17,2003,88.22,1.7200000000000002,-3.55,94.32000000000001
Z4.5.A.01,2021,MMR Dose 2 by Age 17,2004,88.32000000000001,1.7600000000000002,-3.43,94.35000000000001
Z4.5.A.01,2022,MMR Dose 2 by Age 17,2005,85.75,1.8900000000000001,-4.15,93.60000000000001
Z4.5.A.01,2023,MMR Dose 2 by Age 17,2006,87.9,1.6500000000000001,-2.87,92.62
Z4.5.A.01,2023,MMR Dose 2 by Age 2,2021,69.89,2.45,0.23,69.32
Z4.5.A.01,2014,MMR Dose 2 by Age 7,2007,77.33000000000001,2.02,-1.6,80.57
Z4.5.A.01,2015,MMR Dose 2 by Age 7,2008,79.63000000000001,1.8900000000000001,-0.89,81.30000000000001
Z4.5.A.01,2016,MMR Dose 2 by Age 7,2009,80.11000000000001,1.85,-1.08,82.10000000000001
Z4.5.A.01,2017,MMR Dose 2 by Age 7,2010,78.13000000000001,1.86,-1.8800000000000001,81.63000000000001
Z4.5.A.01,2018,MMR Dose 2 by Age 7,2011,79.22,1.81,-1.03,81.08
Z4.5.A.01,2019,MMR Dose 2 by Age 7,2012,82.63000000000001,1.6900000000000002,0.54,81.72
Z4.5.A.01,2020,MMR Dose 2 by Age 7,2013,78.34000000000002,1.9200000000000002,0.38000000000000006,77.60000000000001
Z4.5.A.01,2021,MMR Dose 2 by Age 7,2014,76.99000000000001,1.9700000000000002,1.1500000000000001,74.73
Z4.5.A.01,2022,MMR Dose 2 by Age 7,2015,76.34,2.07,1.09,74.08
Z4.5.A.01,2023,MMR Dose 2 by Age 7,2016,75.94000000000001,1.9900000000000002,1.6700000000000002,72.63000000000001
Z4.5.B.02,2014,MMR Dose 1 by Age 13,2001,97.17,2.23,0.35000000000000003,96.38000000000001
Z4.5.B.02,2015,MMR Dose 1 by Age 13,2002,88.44000000000001,4.53,-1.7800000000000002,96.51
Z4.5.B.02,2016,MMR Dose 1 by Age 13,2003,99.2,0.8500000000000001,2.99,96.66000000000001
Z4.5.B.02,2017,MMR Dose 1 by Age 13,2004,92.28,3.51,-1.32,96.92
Z4.5.B.02,2018,MMR Dose 1 by Age 13,2005,95.57,2.9800000000000004,-0.51,97.09
Z4.5.B.02,2019,MMR Dose 1 by Age 13,2006,94.5,2.7,-0.8600000000000001,96.81000000000002
Z4.5.B.02,2020,MMR Dose 1 by Age 13,2007,96.22,2.2800000000000002,-0.03,96.30000000000001
Z4.5.B.02,2021,MMR Dose 1 by Age 13,2008,95.18,2.55,-0.18,95.64000000000001
Z4.5.B.02,2022,MMR Dose 1 by Age 13,2009,95.59,2.3200000000000003,0.14,95.25
Z4.5.B.02,2023,MMR Dose 1 by Age 13,2010,98.08,1.3800000000000001,2.2600000000000002,94.95
Z4.5.B.02,2014,MMR Dose 1 by Age 17,1997,96.53,2.71,0.11,96.23
Z4.5.B.02,2015,MMR Dose 1 by Age 17,1998,93.98,2.9600000000000004,-0.8600000000000001,96.51
Z4.5.B.02,2016,MMR Dose 1 by Age 17,1999,99.52,0.6700000000000002,4.19,96.71000000000001
Z4.5.B.02,2017,MMR Dose 1 by Age 17,2000,89.37,4.35,-1.7400000000000002,96.94000000000001
Z4.5.B.02,2018,MMR Dose 1 by Age 17,2001,97.17,2.23,0.06,97.03
Z4.5.B.02,2019,MMR Dose 1 by Age 17,2002,90.53,3.9400000000000004,-1.6900000000000002,97.22
Z4.5.B.02,2020,MMR Dose 1 by Age 17,2003,99.34000000000002,0.7100000000000001,2.25,97.75
Z4.5.B.02,2021,MMR Dose 1 by Age 17,2004,94.47,3.12,-1.08,97.84000000000002
Z4.5.B.02,2022,MMR Dose 1 by Age 17,2005,95.57,2.9800000000000004,-0.76,97.83000000000001
Z4.5.B.02,2023,MMR Dose 1 by Age 17,2006,96.93,1.9800000000000002,-0.17,97.27
Z4.5.B.02,2014,MMR Dose 1 by Age 2,2012,93.14000000000001,2.85,1.7900000000000003,88.05
Z4.5.B.02,2015,MMR Dose 1 by Age 2,2013,89.57,3.56,0.6900000000000001,87.11000000000001
Z4.5.B.02,2016,MMR Dose 1 by Age 2,2014,91.21000000000001,3.3600000000000003,1.1600000000000001,87.29
Z4.5.B.02,2017,MMR Dose 1 by Age 2,2015,96.4,2.17,4.3,87.05
Z4.5.B.02,2018,MMR Dose 1 by Age 2,2016,95.16000000000001,2.61,3.22,86.73
Z4.5.B.02,2019,MMR Dose 1 by Age 2,2017,87.44000000000001,4.46,0.11,86.96000000000001
Z4.5.B.02,2020,MMR Dose 1 by Age 2,2018,94.64000000000001,2.72,2.9400000000000004,86.65
Z4.5.B.02,2021,MMR Dose 1 by Age 2,2019,90.11000000000001,3.9600000000000004,1.7400000000000002,83.2
Z4.5.B.02,2022,MMR Dose 1 by Age 2,2020,88.31000000000002,4.76,1.31,82.07
Z4.5.B.02,2023,MMR Dose 1 by Age 2,2021,87.82000000000001,4.640000000000001,1.32,81.67
Z4.5.B.02,2014,MMR Dose 2 by Age 13,2001,96.56,2.11,2.2800000000000002,91.76
Z4.5.B.02,2015,MMR Dose 2 by Age 13,2002,87.43,3.9000000000000004,-1.09,91.68
Z4.5.B.02,2016,MMR Dose 2 by Age 13,2003,93.64000000000001,2.8200000000000003,0.8700000000000001,91.18
Z4.5.B.02,2017,MMR Dose 2 by Age 13,2004,91.4,3.4000000000000004,-0.01,91.45
Z4.5.B.02,2018,MMR Dose 2 by Age 13,2005,92.16000000000001,2.83,0.29000000000000004,91.34000000000002
Z4.5.B.02,2019,MMR Dose 2 by Age 13,2006,85.61000000000001,4.03,-1.4500000000000002,91.46000000000001
Z4.5.B.02,2020,MMR Dose 2 by Age 13,2007,94.03,2.3600000000000003,1.2800000000000002,91.01
Z4.5.B.02,2021,MMR Dose 2 by Age 13,2008,91.88000000000001,2.71,0.77,89.81000000000002
Z4.5.B.02,2022,MMR Dose 2 by Age 13,2009,90.30000000000001,3.04,0.16,89.83000000000001
Z4.5.B.02,2023,MMR Dose 2 by Age 13,2010,85.53,4.1000000000000005,-0.99,89.61000000000001
Z4.5.B.02,2014,MMR Dose 2 by Age 17,1997,86.60000000000001,4.359999999999999,-1.33,92.41000000000001
Z4.5.B.02,2015,MMR Dose 2 by Age 17,1998,88.77,3.8600000000000003,-1.03,92.75
Z4.5.B.02,2016,MMR Dose 2 by Age 17,1999,96.13000000000001,1.9200000000000002,1.52,93.22
Z4.5.B.02,2017,MMR Dose 2 by Age 17,2000,83.89000000000001,4.42,-2.17,93.49000000000001
Z4.5.B.02,2018,MMR Dose 2 by Age 17,2001,96.56,2.11,1.51,93.37
Z4.5.B.02,2019,MMR Dose 2 by Age 17,2002,90.15,3.3600000000000003,-1.02,93.56
Z4.5.B.02,2020,MMR Dose 2 by Age 17,2003,95.48,2.29,0.51,94.32000000000001
Z4.5.B.02,2021,MMR Dose 2 by Age 17,2004,93.84000000000002,2.8400000000000003,-0.18,94.35000000000001
Z4.5.B.02,2022,MMR Dose 2 by Age 17,2005,94.71000000000001,2.2600000000000002,0.49,93.60000000000001
Z4.5.B.02,2023,MMR Dose 2 by Age 17,2006,86.86000000000001,3.87,-1.4900000000000002,92.62
Z4.5.B.02,2023,MMR Dose 2 by Age 2,2021,73.28,6.19,0.6400000000000001,69.32
Z4.5.B.02,2014,MMR Dose 2 by Age 7,2007,85.51,3.71,1.33,80.57
Z4.5.B.02,2015,MMR Dose 2 by Age 7,2008,86.28,3.49,1.4300000000000002,81.30000000000001
Z4.5.B.02,2016,MMR Dose 2 by Age 7,2009,88.26,3.3200000000000003,1.86,82.10000000000001
Z4.5.B.02,2017,MMR Dose 2 by Age 7,2010,81.23,4.5,-0.09,81.63000000000001
Z4.5.B.02,2018,MMR Dose 2 by Age 7,2011,78.73,4.58,-0.51,81.08
Z4.5.B.02,2019,MMR Dose 2 by Age 7,2012,85.80000000000001,3.9400000000000004,1.03,81.72
Z4.5.B.02,2020,MMR Dose 2 by Age 7,2013,82.82000000000001,3.9200000000000004,1.33,77.60000000000001
Z4.5.B.02,2021,MMR Dose 2 by Age 7,2014,85.84000000000002,3.75,2.9600000000000004,74.73
Z4.5.B.02,2022,MMR Dose 2 by Age 7,2015,80.52,3.95,1.6300000000000001,74.08
Z4.5.B.02,2023,MMR Dose 2 by Age 7,2016,85.2,4.55,2.7600000000000002,72.63000000000001
Z4.5.B.03,2014,MMR Dose 1 by Age 13,2001,93.54,1.9000000000000001,-1.4900000000000002,96.38000000000001
Z4.5.B.03,2015,MMR Dose 1 by Age 13,2002,95.5,1.59,-0.6300000000000001,96.51
Z4.5.B.03,2016,MMR Dose 1 by Age 13,2003,97.08,1.31,0.32000000000000006,96.66000000000001
Z4.5.B.03,2017,MMR Dose 1 by Age 13,2004,97.19000000000001,1.1900000000000002,0.22,96.92
Z4.5.B.03,2018,MMR Dose 1 by Age 13,2005,99.28,0.4,5.470000000000001,97.09
Z4.5.B.03,2019,MMR Dose 1 by Age 13,2006,98.88000000000001,0.5700000000000001,3.61,96.81000000000002
Z4.5.B.03,2020,MMR Dose 1 by Age 13,2007,97.48,0.8500000000000001,1.3800000000000001,96.30000000000001
Z4.5.B.03,2021,MMR Dose 1 by Age 13,2008,97.38000000000001,0.89,1.9500000000000002,95.64000000000001
Z4.5.B.03,2022,MMR Dose 1 by Age 13,2009,95.80000000000001,1.1600000000000001,0.47000000000000003,95.25
Z4.5.B.03,2023,MMR Dose 1 by Age 13,2010,96.11000000000001,1.08,1.07,94.95
Z4.5.B.03,2014,MMR Dose 1 by Age 17,1997,95.10000000000001,1.57,-0.7200000000000001,96.23
Z4.5.B.03,2015,MMR Dose 1 by Age 17,1998,94.91000000000001,1.81,-0.88,96.51
Z4.5.B.03,2016,MMR Dose 1 by Age 17,1999,93.33000000000001,1.7900000000000003,-1.8900000000000001,96.71000000000001
Z4.5.B.03,2017,MMR Dose 1 by Age 17,2000,97.01,1.2800000000000002,0.06,96.94000000000001
Z4.5.B.03,2018,MMR Dose 1 by Age 17,2001,94.03,1.7900000000000003,-1.6700000000000002,97.03
Z4.5.B.03,2019,MMR Dose 1 by Age 17,2002,96.77,1.2200000000000002,-0.37000000000000005,97.22
Z4.5.B.03,2020,MMR Dose 1 by Age 17,2003,98.37,0.8300000000000001,0.76,97.75
Z4.5.B.03,2021,MMR Dose 1 by Age 17,2004,98.17,0.8500000000000001,0.39,97.84000000000002
Z4.5.B.03,2022,MMR Dose 1 by Age 17,2005,99.62,0.24000000000000002,7.57,97.83000000000001
Z4.5.B.03,2023,MMR Dose 1 by Age 17,2006,98.99000000000001,0.53,3.25,97.27
Z4.5.B.03,2014,MMR Dose 1 by Age 2,2012,91.71000000000001,1.4700000000000002,2.49,88.05
Z4.5.B.03,2015,MMR Dose 1 by Age 2,2013,90.35000000000001,1.6700000000000002,1.9300000000000002,87.11000000000001
Z4.5.B.03,2016,MMR Dose 1 by Age 2,2014,91.80000000000001,1.4800000000000002,3.04,87.29
Z4.5.B.03,2017,MMR Dose 1 by Age 2,2015,92.94000000000001,1.2500000000000002,4.7,87.05
Z4.5.B.03,2018,MMR Dose 1 by Age 2,2016,89.78,1.6400000000000001,1.85,86.73
Z4.5.B.03,2019,MMR Dose 1 by Age 2,2017,92.2,1.35,3.8800000000000003,86.96000000000001
Z4.5.B.03,2020,MMR Dose 1 by Age 2,2018,92.94000000000001,1.3,4.82,86.65
Z4.5.B.03,2021,MMR Dose 1 by Age 2,2019,89.98,1.6300000000000001,4.16,83.2
Z4.5.B.03,2022,MMR Dose 1 by Age 2,2020,88.64000000000001,1.83,3.58,82.07
Z4.5.B.03,2023,MMR Dose 1 by Age 2,2021,87.81000000000002,1.7100000000000002,3.6,81.67
Z4.5.B.03,2014,MMR Dose 2 by Age 13,2001,89.71000000000001,2.13,-0.96,91.76
Z4.5.B.03,2015,MMR Dose 2 by Age 13,2002,90.75,1.9600000000000002,-0.48000000000000004,91.68
Z4.5.B.03,2016,MMR Dose 2 by Age 13,2003,92.79,1.7600000000000002,0.91,91.18
Z4.5.B.03,2017,MMR Dose 2 by Age 13,2004,95.10000000000001,1.3,2.8000000000000003,91.45
Z4.5.B.03,2018,MMR Dose 2 by Age 13,2005,94.13000000000001,1.4200000000000002,1.9600000000000002,91.34000000000002
Z4.5.B.03,2019,MMR Dose 2 by Age 13,2006,95.01,1.2400000000000002,2.87,91.46000000000001
Z4.5.B.03,2020,MMR Dose 2 by Age 13,2007,93.62,1.4100000000000001,1.86,91.01
Z4.5.B.03,2021,MMR Dose 2 by Age 13,2008,96.84000000000002,0.89,7.930000000000001,89.81000000000002
Z4.5.B.03,2022,MMR Dose 2 by Age 13,2009,91.41000000000001,1.6,0.99,89.83000000000001
Z4.5.B.03,2023,MMR Dose 2 by Age 13,2010,91.06,1.55,0.9400000000000001,89.61000000000001
Z4.5.B.03,2014,MMR Dose 2 by Age 17,1997,92.56,1.9800000000000002,0.07,92.41000000000001
Z4.5.B.03,2015,MMR Dose 2 by Age 17,1998,91.15,1.9900000000000002,-0.8,92.75
Z4.5.B.03,2016,MMR Dose 2 by Age 17,1999,89.28,2.13,-1.85,93.22
Z4.5.B.03,2017,MMR Dose 2 by Age 17,2000,88.76,2.11,-2.24,93.49000000000001
Z4.5.B.03,2018,MMR Dose 2 by Age 17,2001,90.33000000000001,2.05,-1.4900000000000002,93.37
Z4.5.B.03,2019,MMR Dose 2 by Age 17,2002,92.49000000000001,1.6900000000000002,-0.6300000000000001,93.56
Z4.5.B.03,2020,MMR Dose 2 by Age 17,2003,96.80000000000001,1.0,2.47,94.32000000000001
Z4.5.B.03,2021,MMR Dose 2 by Age 17,2004,97.37,0.8400000000000001,3.61,94.35000000000001
Z4.5.B.03,2022,MMR Dose 2 by Age 17,2005,97.04,0.92,3.7600000000000002,93.60000000000001
Z4.5.B.03,2023,MMR Dose 2 by Age 17,2006,95.79,1.12,2.8200000000000003,92.62
Z4.5.B.03,2023,MMR Dose 2 by Age 2,2021,75.34,2.24,2.69,69.32
Z4.5.B.03,2014,MMR Dose 2 by Age 7,2007,84.38000000000001,2.08,1.83,80.57
Z4.5.B.03,2015,MMR Dose 2 by Age 7,2008,90.09,1.6800000000000002,5.24,81.30000000000001
Z4.5.B.03,2016,MMR Dose 2 by Age 7,2009,86.59,1.9700000000000002,2.29,82.10000000000001
Z4.5.B.03,2017,MMR Dose 2 by Age 7,2010,83.88000000000001,2.02,1.11,81.63000000000001
Z4.5.B.03,2018,MMR Dose 2 by Age 7,2011,87.85000000000001,1.83,3.69,81.08
Z4.5.B.03,2019,MMR Dose 2 by Age 7,2012,88.25,1.62,4.04,81.72
Z4.5.B.03,2020,MMR Dose 2 by Age 7,2013,79.61000000000001,2.17,0.93,77.60000000000001
Z4.5.B.03,2021,MMR Dose 2 by Age 7,2014,85.9,1.7700000000000002,6.300000000000001,74.73
Z4.5.B.03,2022,MMR Dose 2 by Age 7,2015,83.4,1.7500000000000002,5.32,74.08
Z4.5.B.03,2023,MMR Dose 2 by Age 7,2016,80.16000000000001,1.9600000000000002,3.85,72.63000000000001
Z4.6.A.01,2014,MMR Dose 1 by Age 13,2001,96.88000000000001,0.6000000000000001,0.8300000000000001,96.38000000000001
Z4.6.A.01,2015,MMR Dose 1 by Age 13,2002,97.15,0.5700000000000001,1.12,96.51
Z4.6.A.01,2016,MMR Dose 1 by Age 13,2003,96.86000000000001,0.58,0.34,96.66000000000001
Z4.6.A.01,2017,MMR Dose 1 by Age 13,2004,97.22,0.55,0.54,96.92
Z4.6.A.01,2018,MMR Dose 1 by Age 13,2005,97.67,0.48000000000000004,1.2100000000000002,97.09
Z4.6.A.01,2019,MMR Dose 1 by Age 13,2006,96.57,0.6000000000000001,-0.4,96.81000000000002
Z4.6.A.01,2020,MMR Dose 1 by Age 13,2007,97.39000000000001,0.47000000000000003,2.3200000000000003,96.30000000000001
Z4.6.A.01,2021,MMR Dose 1 by Age 13,2008,97.23,0.48000000000000004,3.29,95.64000000000001
Z4.6.A.01,2022,MMR Dose 1 by Age 13,2009,97.23,0.53,3.73,95.25
Z4.6.A.01,2023,MMR Dose 1 by Age 13,2010,97.65,0.45,5.96,94.95
Z4.6.A.01,2014,MMR Dose 1 by Age 17,1997,95.78,0.8300000000000001,-0.54,96.23
Z4.6.A.01,2015,MMR Dose 1 by Age 17,1998,95.88000000000001,0.7500000000000001,-0.8400000000000001,96.51
Z4.6.A.01,2016,MMR Dose 1 by Age 17,1999,96.36000000000001,0.68,-0.5,96.71000000000001
Z4.6.A.01,2017,MMR Dose 1 by Age 17,2000,97.24000000000001,0.5700000000000001,0.53,96.94000000000001
Z4.6.A.01,2018,MMR Dose 1 by Age 17,2001,97.08,0.5700000000000001,0.09,97.03
Z4.6.A.01,2019,MMR Dose 1 by Age 17,2002,97.42,0.52,0.4,97.22
Z4.6.A.01,2020,MMR Dose 1 by Age 17,2003,97.99000000000001,0.41000000000000003,0.59,97.75
Z4.6.A.01,2021,MMR Dose 1 by Age 17,2004,98.06,0.41000000000000003,0.54,97.84000000000002
Z4.6.A.01,2022,MMR Dose 1 by Age 17,2005,98.09,0.41000000000000003,0.6300000000000001,97.83000000000001
Z4.6.A.01,2023,MMR Dose 1 by Age 17,2006,96.87,0.5700000000000001,-0.7000000000000001,97.27
Z4.6.A.01,2014,MMR Dose 1 by Age 2,2012,91.65,0.96,3.73,88.05
Z4.6.A.01,2015,MMR Dose 1 by Age 2,2013,93.83000000000001,0.8300000000000001,8.08,87.11000000000001
Z4.6.A.01,2016,MMR Dose 1 by Age 2,2014,94.04,0.8,8.43,87.29
Z4.6.A.01,2017,MMR Dose 1 by Age 2,2015,93.7,0.8300000000000001,7.970000000000001,87.05
Z4.6.A.01,2018,MMR Dose 1 by Age 2,2016,93.17,0.88,7.340000000000001,86.73
Z4.6.A.01,2019,MMR Dose 1 by Age 2,2017,91.83000000000001,0.98,4.99,86.96000000000001
Z4.6.A.01,2020,MMR Dose 1 by Age 2,2018,93.71000000000001,0.9,7.880000000000001,86.65
Z4.6.A.01,2021,MMR Dose 1 by Age 2,2019,91.75,1.03,8.33,83.2
Z4.6.A.01,2022,MMR Dose 1 by Age 2,2020,92.25,1.04,9.81,82.07
Z4.6.A.01,2023,MMR Dose 1 by Age 2,2021,88.5,1.1600000000000001,5.880000000000001,81.67
Z4.6.A.01,2014,MMR Dose 2 by Age 13,2001,92.25,0.8700000000000001,0.56,91.76
Z4.6.A.01,2015,MMR Dose 2 by Age 13,2002,92.84000000000002,0.8300000000000001,1.4100000000000001,91.68
Z4.6.A.01,2016,MMR Dose 2 by Age 13,2003,91.53,0.88,0.4,91.18
Z4.6.A.01,2017,MMR Dose 2 by Age 13,2004,92.54,0.8400000000000001,1.2900000000000003,91.45
Z4.6.A.01,2018,MMR Dose 2 by Age 13,2005,93.34000000000002,0.78,2.57,91.34000000000002
Z4.6.A.01,2019,MMR Dose 2 by Age 13,2006,92.97,0.8200000000000001,1.85,91.46000000000001
Z4.6.A.01,2020,MMR Dose 2 by Age 13,2007,93.79,0.7400000000000001,3.77,91.01
Z4.6.A.01,2021,MMR Dose 2 by Age 13,2008,94.60000000000001,0.6700000000000002,7.180000000000001,89.81000000000002
Z4.6.A.01,2022,MMR Dose 2 by Age 13,2009,94.34000000000002,0.7300000000000001,6.22,89.83000000000001
Z4.6.A.01,2023,MMR Dose 2 by Age 13,2010,94.46000000000001,0.6900000000000001,7.02,89.61000000000001
Z4.6.A.01,2014,MMR Dose 2 by Age 17,1997,94.29,0.8200000000000001,2.2800000000000002,92.41000000000001
Z4.6.A.01,2015,MMR Dose 2 by Age 17,1998,92.5,0.92,-0.27,92.75
Z4.6.A.01,2016,MMR Dose 2 by Age 17,1999,92.59,0.8700000000000001,-0.7200000000000001,93.22
Z4.6.A.01,2017,MMR Dose 2 by Age 17,2000,94.19000000000001,0.79,0.89,93.49000000000001
Z4.6.A.01,2018,MMR Dose 2 by Age 17,2001,92.64000000000001,0.8400000000000001,-0.8700000000000001,93.37
Z4.6.A.01,2019,MMR Dose 2 by Age 17,2002,93.84000000000002,0.7400000000000001,0.37000000000000005,93.56
Z4.6.A.01,2020,MMR Dose 2 by Age 17,2003,95.02,0.6400000000000001,1.08,94.32000000000001
Z4.6.A.01,2021,MMR Dose 2 by Age 17,2004,95.11000000000001,0.6400000000000001,1.1900000000000002,94.35000000000001
Z4.6.A.01,2022,MMR Dose 2 by Age 17,2005,95.15,0.6500000000000001,2.4000000000000004,93.60000000000001
Z4.6.A.01,2023,MMR Dose 2 by Age 17,2006,93.98,0.7500000000000001,1.8,92.62
Z4.6.A.01,2023,MMR Dose 2 by Age 2,2021,73.07,1.59,2.3600000000000003,69.32
Z4.6.A.01,2014,MMR Dose 2 by Age 7,2007,86.96000000000001,1.07,5.98,80.57
Z4.6.A.01,2015,MMR Dose 2 by Age 7,2008,86.54,1.04,5.02,81.30000000000001
Z4.6.A.01,2016,MMR Dose 2 by Age 7,2009,87.74000000000001,1.05,5.380000000000001,82.10000000000001
Z4.6.A.01,2017,MMR Dose 2 by Age 7,2010,87.30000000000001,1.05,5.390000000000001,81.63000000000001
Z4.6.A.01,2018,MMR Dose 2 by Age 7,2011,87.54,1.04,6.24,81.08
Z4.6.A.01,2019,MMR Dose 2 by Age 7,2012,87.24000000000001,1.07,5.170000000000001,81.72
Z4.6.A.01,2020,MMR Dose 2 by Age 7,2013,81.98,1.2300000000000002,3.56,77.60000000000001
Z4.6.A.01,2021,MMR Dose 2 by Age 7,2014,85.29,1.12,9.42,74.73
Z4.6.A.01,2022,MMR Dose 2 by Age 7,2015,82.32000000000001,1.2200000000000002,6.76,74.08
Z4.6.A.01,2023,MMR Dose 2 by Age 7,2016,80.44000000000001,1.2900000000000003,6.04,72.63000000000001
Z4.6.B.02,2014,MMR Dose 1 by Age 13,2001,94.83000000000001,1.55,-1.0,96.38000000000001
Z4.6.B.02,2015,MMR Dose 1 by Age 13,2002,90.46000000000001,2.15,-2.81,96.51
Z4.6.B.02,2016,MMR Dose 1 by Age 13,2003,95.27,1.51,-0.92,96.66000000000001
Z4.6.B.02,2017,MMR Dose 1 by Age 13,2004,95.88000000000001,1.4100000000000001,-0.7400000000000001,96.92
Z4.6.B.02,2018,MMR Dose 1 by Age 13,2005,91.89000000000001,2.02,-2.58,97.09
Z4.6.B.02,2019,MMR Dose 1 by Age 13,2006,94.22,1.7000000000000002,-1.53,96.81000000000002
Z4.6.B.02,2020,MMR Dose 1 by Age 13,2007,95.72,1.2800000000000002,-0.45,96.30000000000001
Z4.6.B.02,2021,MMR Dose 1 by Age 13,2008,94.89000000000001,1.4700000000000002,-0.51,95.64000000000001
Z4.6.B.02,2022,MMR Dose 1 by Age 13,2009,93.23,1.7700000000000002,-1.1400000000000001,95.25
Z4.6.B.02,2023,MMR Dose 1 by Age 13,2010,90.39000000000001,2.25,-2.03,94.95
Z4.6.B.02,2014,MMR Dose 1 by Age 17,1997,97.25,1.2000000000000002,0.8600000000000001,96.23
Z4.6.B.02,2015,MMR Dose 1 by Age 17,1998,94.67,1.7500000000000002,-1.05,96.51
Z4.6.B.02,2016,MMR Dose 1 by Age 17,1999,92.34000000000002,2.11,-2.07,96.71000000000001
Z4.6.B.02,2017,MMR Dose 1 by Age 17,2000,95.13000000000001,1.7500000000000002,-1.03,96.94000000000001
Z4.6.B.02,2018,MMR Dose 1 by Age 17,2001,94.83000000000001,1.55,-1.4200000000000002,97.03
Z4.6.B.02,2019,MMR Dose 1 by Age 17,2002,91.79,1.9500000000000002,-2.7800000000000002,97.22
Z4.6.B.02,2020,MMR Dose 1 by Age 17,2003,95.92,1.37,-1.33,97.75
Z4.6.B.02,2021,MMR Dose 1 by Age 17,2004,97.19000000000001,1.1,-0.59,97.84000000000002
Z4.6.B.02,2022,MMR Dose 1 by Age 17,2005,94.38000000000001,1.6300000000000001,-2.11,97.83000000000001
Z4.6.B.02,2023,MMR Dose 1 by Age 17,2006,95.54,1.4300000000000002,-1.2100000000000002,97.27
Z4.6.B.02,2014,MMR Dose 1 by Age 2,2012,89.15,2.56,0.43000000000000005,88.05
Z4.6.B.02,2015,MMR Dose 1 by Age 2,2013,89.86000000000001,2.29,1.2000000000000002,87.11000000000001
Z4.6.B.02,2016,MMR Dose 1 by Age 2,2014,84.43,3.0,-0.9500000000000001,87.29
Z4.6.B.02,2017,MMR Dose 1 by Age 2,2015,91.86000000000001,2.12,2.27,87.05
Z4.6.B.02,2018,MMR Dose 1 by Age 2,2016,86.58,2.8400000000000003,-0.05,86.73
Z4.6.B.02,2019,MMR Dose 1 by Age 2,2017,83.4,2.9600000000000004,-1.2000000000000002,86.96000000000001
Z4.6.B.02,2020,MMR Dose 1 by Age 2,2018,84.76,3.23,-0.58,86.65
Z4.6.B.02,2021,MMR Dose 1 by Age 2,2019,80.87,3.49,-0.6700000000000002,83.2
Z4.6.B.02,2022,MMR Dose 1 by Age 2,2020,77.22,3.89,-1.2500000000000002,82.07
Z4.6.B.02,2023,MMR Dose 1 by Age 2,2021,79.24000000000001,3.4400000000000004,-0.7100000000000001,81.67
Z4.6.B.02,2014,MMR Dose 2 by Age 13,2001,90.61000000000001,1.9400000000000002,-0.59,91.76
Z4.6.B.02,2015,MMR Dose 2 by Age 13,2002,86.04,2.3600000000000003,-2.39,91.68
Z4.6.B.02,2016,MMR Dose 2 by Age 13,2003,91.06,1.9200000000000002,-0.06,91.18
Z4.6.B.02,2017,MMR Dose 2 by Age 13,2004,91.57,1.9300000000000002,0.06,91.45
Z4.6.B.02,2018,MMR Dose 2 by Age 13,2005,88.88000000000001,2.16,-1.1400000000000001,91.34000000000002
Z4.6.B.02,2019,MMR Dose 2 by Age 13,2006,86.69000000000001,2.53,-1.8800000000000001,91.46000000000001
Z4.6.B.02,2020,MMR Dose 2 by Age 13,2007,90.86000000000001,1.7800000000000002,-0.08,91.01
Z4.6.B.02,2021,MMR Dose 2 by Age 13,2008,89.45,2.13,-0.17,89.81000000000002
Z4.6.B.02,2022,MMR Dose 2 by Age 13,2009,89.66000000000001,2.1,-0.08,89.83000000000001
Z4.6.B.02,2023,MMR Dose 2 by Age 13,2010,85.35000000000001,2.57,-1.6500000000000001,89.61000000000001
Z4.6.B.02,2014,MMR Dose 2 by Age 17,1997,92.44000000000001,1.86,0.02,92.41000000000001
Z4.6.B.02,2015,MMR Dose 2 by Age 17,1998,91.9,1.9400000000000002,-0.44,92.75
Z4.6.B.02,2016,MMR Dose 2 by Age 17,1999,93.27,1.7600000000000002,0.03,93.22
Z4.6.B.02,2017,MMR Dose 2 by Age 17,2000,91.23,1.9800000000000002,-1.1400000000000001,93.49000000000001
Z4.6.B.02,2018,MMR Dose 2 by Age 17,2001,90.61000000000001,1.9400000000000002,-1.4200000000000002,93.37
Z4.6.B.02,2019,MMR Dose 2 by Age 17,2002,86.48,2.33,-3.04,93.56
Z4.6.B.02,2020,MMR Dose 2 by Age 17,2003,93.02,1.6800000000000002,-0.77,94.32000000000001
Z4.6.B.02,2021,MMR Dose 2 by Age 17,2004,94.61000000000001,1.54,0.17,94.35000000000001
Z4.6.B.02,2022,MMR Dose 2 by Age 17,2005,92.24000000000001,1.81,-0.7500000000000001,93.60000000000001
Z4.6.B.02,2023,MMR Dose 2 by Age 17,2006,88.33000000000001,2.39,-1.8,92.62
Z4.6.B.02,2023,MMR Dose 2 by Age 2,2021,62.230000000000004,4.03,-1.7600000000000002,69.32
Z4.6.B.02,2014,MMR Dose 2 by Age 7,2007,84.05,2.35,1.4800000000000002,80.57
Z4.6.B.02,2015,MMR Dose 2 by Age 7,2008,81.71000000000001,2.7600000000000002,0.15000000000000002,81.30000000000001
Z4.6.B.02,2016,MMR Dose 2 by Age 7,2009,83.29,2.61,0.46,82.10000000000001
Z4.6.B.02,2017,MMR Dose 2 by Age 7,2010,79.24000000000001,2.99,-0.8,81.63000000000001
Z4.6.B.02,2018,MMR Dose 2 by Age 7,2011,85.18,2.52,1.6300000000000001,81.08
Z4.6.B.02,2019,MMR Dose 2 by Age 7,2012,77.5,3.14,-1.34,81.72
Z4.6.B.02,2020,MMR Dose 2 by Age 7,2013,75.8,3.27,-0.55,77.60000000000001
Z4.6.B.02,2021,MMR Dose 2 by Age 7,2014,79.17,3.02,1.4700000000000002,74.73
Z4.6.B.02,2022,MMR Dose 2 by Age 7,2015,79.5,3.15,1.7200000000000002,74.08
Z4.6.B.02,2023,MMR Dose 2 by Age 7,2016,74.01,3.2,0.43000000000000005,72.63000000000001
Z4.7.A.01,2014,MMR Dose 1 by Age 13,2001,98.09,0.99,1.7200000000000002,96.38000000000001
Z4.7.A.01,2015,MMR Dose 1 by Age 13,2002,93.05,2.2800000000000002,-1.51,96.51
Z4.7.A.01,2016,MMR Dose 1 by Age 13,2003,99.07,0.55,4.35,96.66000000000001
Z4.7.A.01,2017,MMR Dose 1 by Age 13,2004,96.49000000000001,1.37,-0.31000000000000005,96.92
Z4.7.A.01,2018,MMR Dose 1 by Age 13,2005,96.45,1.35,-0.48000000000000004,97.09
Z4.7.A.01,2019,MMR Dose 1 by Age 13,2006,97.96000000000001,0.78,1.4800000000000002,96.81000000000002
Z4.7.A.01,2020,MMR Dose 1 by Age 13,2007,97.45,0.8300000000000001,1.3800000000000001,96.30000000000001
Z4.7.A.01,2021,MMR Dose 1 by Age 13,2008,98.48,0.6400000000000001,4.46,95.64000000000001
Z4.7.A.01,2022,MMR Dose 1 by Age 13,2009,96.5,0.99,1.2700000000000002,95.25
Z4.7.A.01,2023,MMR Dose 1 by Age 13,2010,95.80000000000001,1.0,0.8400000000000001,94.95
Z4.7.A.01,2014,MMR Dose 1 by Age 17,1997,96.23,1.7000000000000002,0.0,96.23
Z4.7.A.01,2015,MMR Dose 1 by Age 17,1998,97.31000000000002,1.35,0.59,96.51
Z4.7.A.01,2016,MMR Dose 1 by Age 17,1999,95.76,1.54,-0.6200000000000001,96.71000000000001
Z4.7.A.01,2017,MMR Dose 1 by Age 17,2000,96.21000000000001,1.6400000000000001,-0.45,96.94000000000001
Z4.7.A.01,2018,MMR Dose 1 by Age 17,2001,98.09,0.99,1.07,97.03
Z4.7.A.01,2019,MMR Dose 1 by Age 17,2002,93.33000000000001,2.21,-1.7600000000000002,97.22
Z4.7.A.01,2020,MMR Dose 1 by Age 17,2003,99.32000000000001,0.42000000000000004,3.74,97.75
Z4.7.A.01,2021,MMR Dose 1 by Age 17,2004,96.83000000000001,1.2800000000000002,-0.79,97.84000000000002
Z4.7.A.01,2022,MMR Dose 1 by Age 17,2005,96.95,1.2100000000000002,-0.7200000000000001,97.83000000000001
Z4.7.A.01,2023,MMR Dose 1 by Age 17,2006,98.16000000000001,0.7100000000000001,1.2400000000000002,97.27
Z4.7.A.01,2014,MMR Dose 1 by Age 2,2012,92.78,1.4000000000000001,3.39,88.05
Z4.7.A.01,2015,MMR Dose 1 by Age 2,2013,90.14000000000001,1.7400000000000002,1.7400000000000002,87.11000000000001
Z4.7.A.01,2016,MMR Dose 1 by Age 2,2014,91.71000000000001,1.4500000000000002,3.04,87.29
Z4.7.A.01,2017,MMR Dose 1 by Age 2,2015,88.86000000000001,1.7400000000000002,1.04,87.05
Z4.7.A.01,2018,MMR Dose 1 by Age 2,2016,88.64000000000001,1.7100000000000002,1.11,86.73
Z4.7.A.01,2019,MMR Dose 1 by Age 2,2017,88.28,1.83,0.7200000000000001,86.96000000000001
Z4.7.A.01,2020,MMR Dose 1 by Age 2,2018,90.81000000000002,1.6300000000000001,2.55,86.65
Z4.7.A.01,2021,MMR Dose 1 by Age 2,2019,88.04,1.7800000000000002,2.72,83.2
Z4.7.A.01,2022,MMR Dose 1 by Age 2,2020,85.66000000000001,1.9600000000000002,1.84,82.07
Z4.7.A.01,2023,MMR Dose 1 by Age 2,2021,86.42,1.8,2.64,81.67
Z4.7.A.01,2014,MMR Dose 2 by Age 13,2001,94.72,1.4800000000000002,2.01,91.76
Z4.7.A.01,2015,MMR Dose 2 by Age 13,2002,91.66000000000001,2.1,-0.01,91.68
Z4.7.A.01,2016,MMR Dose 2 by Age 13,2003,90.95,1.82,-0.12000000000000001,91.18
Z4.7.A.01,2017,MMR Dose 2 by Age 13,2004,90.2,1.9300000000000002,-0.6500000000000001,91.45
Z4.7.A.01,2018,MMR Dose 2 by Age 13,2005,89.30000000000001,1.9800000000000002,-1.03,91.34000000000002
Z4.7.A.01,2019,MMR Dose 2 by Age 13,2006,91.32000000000001,1.6,-0.09,91.46000000000001
Z4.7.A.01,2020,MMR Dose 2 by Age 13,2007,91.96000000000001,1.4100000000000001,0.68,91.01
Z4.7.A.01,2021,MMR Dose 2 by Age 13,2008,94.80000000000001,1.1,4.56,89.81000000000002
Z4.7.A.01,2022,MMR Dose 2 by Age 13,2009,89.80000000000001,1.56,-0.02,89.83000000000001
Z4.7.A.01,2023,MMR Dose 2 by Age 13,2010,90.68,1.3800000000000001,0.77,89.61000000000001
Z4.7.A.01,2014,MMR Dose 2 by Age 17,1997,95.25,1.6700000000000002,1.7000000000000002,92.41000000000001
Z4.7.A.01,2015,MMR Dose 2 by Age 17,1998,93.10000000000001,1.9000000000000001,0.18,92.75
Z4.7.A.01,2016,MMR Dose 2 by Age 17,1999,90.21000000000001,1.9900000000000002,-1.51,93.22
Z4.7.A.01,2017,MMR Dose 2 by Age 17,2000,92.05,1.9900000000000002,-0.7300000000000001,93.49000000000001
Z4.7.A.01,2018,MMR Dose 2 by Age 17,2001,95.09,1.3900000000000001,1.2400000000000002,93.37
Z4.7.A.01,2019,MMR Dose 2 by Age 17,2002,92.37,1.9600000000000002,-0.6100000000000001,93.56
Z4.7.A.01,2020,MMR Dose 2 by Age 17,2003,93.83000000000001,1.4300000000000002,-0.34,94.32000000000001
Z4.7.A.01,2021,MMR Dose 2 by Age 17,2004,94.18,1.3900000000000001,-0.12000000000000001,94.35000000000001
Z4.7.A.01,2022,MMR Dose 2 by Age 17,2005,93.53,1.53,-0.04,93.60000000000001
Z4.7.A.01,2023,MMR Dose 2 by Age 17,2006,92.18,1.52,-0.29000000000000004,92.62
Z4.7.A.01,2023,MMR Dose 2 by Age 2,2021,79.10000000000001,2.06,4.74,69.32
Z4.7.A.01,2014,MMR Dose 2 by Age 7,2007,81.94000000000001,2.13,0.6400000000000001,80.57
Z4.7.A.01,2015,MMR Dose 2 by Age 7,2008,86.73,1.85,2.93,81.30000000000001
Z4.7.A.01,2016,MMR Dose 2 by Age 7,2009,86.67,1.7800000000000002,2.56,82.10000000000001
Z4.7.A.01,2017,MMR Dose 2 by Age 7,2010,86.51,1.6600000000000001,2.9400000000000004,81.63000000000001
Z4.7.A.01,2018,MMR Dose 2 by Age 7,2011,83.91000000000001,1.87,1.51,81.08
Z4.7.A.01,2019,MMR Dose 2 by Age 7,2012,81.66000000000001,1.84,-0.03,81.72
Z4.7.A.01,2020,MMR Dose 2 by Age 7,2013,77.61000000000001,2.14,0.0,77.60000000000001
Z4.7.A.01,2021,MMR Dose 2 by Age 7,2014,83.84000000000002,1.7600000000000002,5.170000000000001,74.73
Z4.7.A.01,2022,MMR Dose 2 by Age 7,2015,75.25,2.21,0.53,74.08
Z4.7.A.01,2023,MMR Dose 2 by Age 7,2016,71.88,2.22,-0.34,72.63000000000001
Z4.7.A.02,2014,MMR Dose 1 by Age 13,2001,97.03,0.89,0.7200000000000001,96.38000000000001
Z4.7.A.02,2015,MMR Dose 1 by Age 13,2002,96.30000000000001,0.96,-0.22,96.51
Z4.7.A.02,2016,MMR Dose 1 by Age 13,2003,97.27,0.8200000000000001,0.7500000000000001,96.66000000000001
Z4.7.A.02,2017,MMR Dose 1 by Age 13,2004,97.41000000000001,0.7300000000000001,0.6700000000000002,96.92
Z4.7.A.02,2018,MMR Dose 1 by Age 13,2005,97.61000000000001,0.68,0.76,97.09
Z4.7.A.02,2019,MMR Dose 1 by Age 13,2006,96.55,0.8300000000000001,-0.31000000000000005,96.81000000000002
Z4.7.A.02,2020,MMR Dose 1 by Age 13,2007,96.9,0.7200000000000001,0.8300000000000001,96.30000000000001
Z4.7.A.02,2021,MMR Dose 1 by Age 13,2008,94.86000000000001,0.97,-0.8,95.64000000000001
Z4.7.A.02,2022,MMR Dose 1 by Age 13,2009,96.7,0.6900000000000001,2.09,95.25
Z4.7.A.02,2023,MMR Dose 1 by Age 13,2010,96.10000000000001,0.8,1.4400000000000002,94.95
Z4.7.A.02,2014,MMR Dose 1 by Age 17,1997,96.39000000000001,1.1300000000000001,0.14,96.23
Z4.7.A.02,2015,MMR Dose 1 by Age 17,1998,97.17,0.91,0.7300000000000001,96.51
Z4.7.A.02,2016,MMR Dose 1 by Age 17,1999,95.14000000000001,1.2300000000000002,-1.2800000000000002,96.71000000000001
Z4.7.A.02,2017,MMR Dose 1 by Age 17,2000,95.48,1.1800000000000002,-1.2300000000000002,96.94000000000001
Z4.7.A.02,2018,MMR Dose 1 by Age 17,2001,97.19000000000001,0.8500000000000001,0.19,97.03
Z4.7.A.02,2019,MMR Dose 1 by Age 17,2002,96.43,0.93,-0.8500000000000001,97.22
Z4.7.A.02,2020,MMR Dose 1 by Age 17,2003,97.88000000000001,0.6700000000000002,0.2,97.75
Z4.7.A.02,2021,MMR Dose 1 by Age 17,2004,97.72,0.6600000000000001,-0.18,97.84000000000002
Z4.7.A.02,2022,MMR Dose 1 by Age 17,2005,98.35000000000001,0.51,1.03,97.83000000000001
Z4.7.A.02,2023,MMR Dose 1 by Age 17,2006,97.11000000000001,0.7300000000000001,-0.22,97.27
Z4.7.A.02,2014,MMR Dose 1 by Age 2,2012,90.84000000000002,1.2300000000000002,2.27,88.05
Z4.7.A.02,2015,MMR Dose 1 by Age 2,2013,91.09,1.2200000000000002,3.27,87.11000000000001
Z4.7.A.02,2016,MMR Dose 1 by Age 2,2014,90.53,1.2200000000000002,2.64,87.29
Z4.7.A.02,2017,MMR Dose 1 by Age 2,2015,90.64000000000001,1.2200000000000002,2.93,87.05
Z4.7.A.02,2018,MMR Dose 1 by Age 2,2016,90.56,1.1900000000000002,3.21,86.73
Z4.7.A.02,2019,MMR Dose 1 by Age 2,2017,86.76,1.4800000000000002,-0.14,86.96000000000001
Z4.7.A.02,2020,MMR Dose 1 by Age 2,2018,88.26,1.36,1.1800000000000002,86.65
Z4.7.A.02,2021,MMR Dose 1 by Age 2,2019,85.32000000000001,1.57,1.35,83.2
Z4.7.A.02,2022,MMR Dose 1 by Age 2,2020,85.49000000000001,1.62,2.11,82.07
Z4.7.A.02,2023,MMR Dose 1 by Age 2,2021,81.08,1.7300000000000002,-0.34,81.67
Z4.7.A.02,2014,MMR Dose 2 by Age 13,2001,90.94000000000001,1.4600000000000002,-0.56,91.76
Z4.7.A.02,2015,MMR Dose 2 by Age 13,2002,91.66000000000001,1.2800000000000002,-0.01,91.68
Z4.7.A.02,2016,MMR Dose 2 by Age 13,2003,90.34000000000002,1.4700000000000002,-0.5700000000000001,91.18
Z4.7.A.02,2017,MMR Dose 2 by Age 13,2004,91.18,1.2900000000000003,-0.21000000000000002,91.45
Z4.7.A.02,2018,MMR Dose 2 by Age 13,2005,91.06,1.32,-0.21000000000000002,91.34000000000002
Z4.7.A.02,2019,MMR Dose 2 by Age 13,2006,91.48,1.2500000000000002,0.01,91.46000000000001
Z4.7.A.02,2020,MMR Dose 2 by Age 13,2007,92.96000000000001,1.04,1.87,91.01
Z4.7.A.02,2021,MMR Dose 2 by Age 13,2008,88.80000000000001,1.33,-0.7500000000000001,89.81000000000002
Z4.7.A.02,2022,MMR Dose 2 by Age 13,2009,91.48,1.12,1.4800000000000002,89.83000000000001
Z4.7.A.02,2023,MMR Dose 2 by Age 13,2010,89.77,1.2400000000000002,0.13,89.61000000000001
Z4.7.A.02,2014,MMR Dose 2 by Age 17,1997,91.54,1.51,-0.58,92.41000000000001
Z4.7.A.02,2015,MMR Dose 2 by Age 17,1998,89.22,1.6700000000000002,-2.11,92.75
Z4.7.A.02,2016,MMR Dose 2 by Age 17,1999,89.58,1.6,-2.27,93.22
Z4.7.A.02,2017,MMR Dose 2 by Age 17,2000,90.39000000000001,1.52,-2.04,93.49000000000001
Z4.7.A.02,2018,MMR Dose 2 by Age 17,2001,91.73,1.36,-1.2100000000000002,93.37
Z4.7.A.02,2019,MMR Dose 2 by Age 17,2002,92.49000000000001,1.1800000000000002,-0.92,93.56
Z4.7.A.02,2020,MMR Dose 2 by Age 17,2003,94.26,1.05,-0.06,94.32000000000001
Z4.7.A.02,2021,MMR Dose 2 by Age 17,2004,93.95,1.0,-0.4,94.35000000000001
Z4.7.A.02,2022,MMR Dose 2 by Age 17,2005,93.86000000000001,1.05,0.25,93.60000000000001
Z4.7.A.02,2023,MMR Dose 2 by Age 17,2006,92.64000000000001,1.1500000000000001,0.02,92.62
Z4.7.A.02,2023,MMR Dose 2 by Age 2,2021,72.45,1.9200000000000002,1.6300000000000001,69.32
Z4.7.A.02,2014,MMR Dose 2 by Age 7,2007,85.41000000000001,1.57,3.08,80.57
Z4.7.A.02,2015,MMR Dose 2 by Age 7,2008,80.79,1.7200000000000002,-0.30000000000000004,81.30000000000001
Z4.7.A.02,2016,MMR Dose 2 by Age 7,2009,85.41000000000001,1.4600000000000002,2.2600000000000002,82.10000000000001
Z4.7.A.02,2017,MMR Dose 2 by Age 7,2010,81.94000000000001,1.6300000000000001,0.19,81.63000000000001
Z4.7.A.02,2018,MMR Dose 2 by Age 7,2011,82.12,1.59,0.6600000000000001,81.08
Z4.7.A.02,2019,MMR Dose 2 by Age 7,2012,79.73,1.58,-1.2600000000000002,81.72
Z4.7.A.02,2020,MMR Dose 2 by Age 7,2013,73.55,1.7600000000000002,-2.3000000000000003,77.60000000000001
Z4.7.A.02,2021,MMR Dose 2 by Age 7,2014,80.88000000000001,1.55,3.97,74.73
Z4.7.A.02,2022,MMR Dose 2 by Age 7,2015,72.56,1.7600000000000002,-0.8700000000000001,74.08
Z4.7.A.02,2023,MMR Dose 2 by Age 7,2016,69.21000000000001,1.83,-1.86,72.63000000000001
Z4.7.A.03,2014,MMR Dose 1 by Age 13,2001,96.81000000000002,1.62,0.27,96.38000000000001
Z4.7.A.03,2015,MMR Dose 1 by Age 13,2002,97.16000000000001,1.3,0.5,96.51
Z4.7.A.03,2016,MMR Dose 1 by Age 13,2003,93.29,2.45,-1.37,96.66000000000001
Z4.7.A.03,2017,MMR Dose 1 by Age 13,2004,93.38000000000001,2.59,-1.37,96.92
Z4.7.A.03,2018,MMR Dose 1 by Age 13,2005,92.7,2.49,-1.7600000000000002,97.09
Z4.7.A.03,2019,MMR Dose 1 by Age 13,2006,96.01,1.85,-0.44,96.81000000000002
Z4.7.A.03,2020,MMR Dose 1 by Age 13,2007,92.03,2.71,-1.58,96.30000000000001
Z4.7.A.03,2021,MMR Dose 1 by Age 13,2008,96.07,1.83,0.24000000000000002,95.64000000000001
Z4.7.A.03,2022,MMR Dose 1 by Age 13,2009,94.72,2.18,-0.24000000000000002,95.25
Z4.7.A.03,2023,MMR Dose 1 by Age 13,2010,96.84000000000002,1.57,1.2000000000000002,94.95
Z4.7.A.03,2014,MMR Dose 1 by Age 17,1997,96.12,1.6500000000000001,-0.06,96.23
Z4.7.A.03,2015,MMR Dose 1 by Age 17,1998,91.13000000000001,2.55,-2.11,96.51
Z4.7.A.03,2016,MMR Dose 1 by Age 17,1999,94.95,1.9900000000000002,-0.88,96.71000000000001
Z4.7.A.03,2017,MMR Dose 1 by Age 17,2000,96.08,1.7700000000000002,-0.49,96.94000000000001
Z4.7.A.03,2018,MMR Dose 1 by Age 17,2001,96.81000000000002,1.62,-0.13,97.03
Z4.7.A.03,2019,MMR Dose 1 by Age 17,2002,97.16000000000001,1.3,-0.04,97.22
Z4.7.A.03,2020,MMR Dose 1 by Age 17,2003,93.29,2.45,-1.82,97.75
Z4.7.A.03,2021,MMR Dose 1 by Age 17,2004,94.4,2.3800000000000003,-1.4400000000000002,97.84000000000002
Z4.7.A.03,2022,MMR Dose 1 by Age 17,2005,94.02,2.37,-1.61,97.83000000000001
Z4.7.A.03,2023,MMR Dose 1 by Age 17,2006,96.73,1.6500000000000001,-0.33000000000000007,97.27
Z4.7.A.03,2014,MMR Dose 1 by Age 2,2012,85.86000000000001,3.2600000000000002,-0.6700000000000002,88.05
Z4.7.A.03,2015,MMR Dose 1 by Age 2,2013,88.71000000000001,3.11,0.51,87.11000000000001
Z4.7.A.03,2016,MMR Dose 1 by Age 2,2014,89.75,3.0,0.8200000000000001,87.29
Z4.7.A.03,2017,MMR Dose 1 by Age 2,2015,91.60000000000001,2.56,1.7800000000000002,87.05
Z4.7.A.03,2018,MMR Dose 1 by Age 2,2016,91.09,2.7800000000000002,1.57,86.73
Z4.7.A.03,2019,MMR Dose 1 by Age 2,2017,86.09,3.69,-0.24000000000000002,86.96000000000001
Z4.7.A.03,2020,MMR Dose 1 by Age 2,2018,84.25,3.6,-0.6600000000000001,86.65
Z4.7.A.03,2021,MMR Dose 1 by Age 2,2019,81.23,4.28,-0.46,83.2
Z4.7.A.03,2022,MMR Dose 1 by Age 2,2020,79.95,4.33,-0.49,82.07
Z4.7.A.03,2023,MMR Dose 1 by Age 2,2021,79.37,4.23,-0.54,81.67
Z4.7.A.03,2014,MMR Dose 2 by Age 13,2001,86.26,3.22,-1.7100000000000002,91.76
Z4.7.A.03,2015,MMR Dose 2 by Age 13,2002,85.45,3.18,-1.9600000000000002,91.68
Z4.7.A.03,2016,MMR Dose 2 by Age 13,2003,83.39000000000001,3.57,-2.18,91.18
Z4.7.A.03,2017,MMR Dose 2 by Age 13,2004,87.17,3.3400000000000003,-1.2800000000000002,91.45
Z4.7.A.03,2018,MMR Dose 2 by Age 13,2005,89.54,3.13,-0.58,91.34000000000002
Z4.7.A.03,2019,MMR Dose 2 by Age 13,2006,93.22,2.21,0.79,91.46000000000001
Z4.7.A.03,2020,MMR Dose 2 by Age 13,2007,86.85000000000001,3.37,-1.2400000000000002,91.01
Z4.7.A.03,2021,MMR Dose 2 by Age 13,2008,89.2,2.9600000000000004,-0.2,89.81000000000002
Z4.7.A.03,2022,MMR Dose 2 by Age 13,2009,92.17,2.49,0.9400000000000001,89.83000000000001
Z4.7.A.03,2023,MMR Dose 2 by Age 13,2010,90.72,2.65,0.42000000000000004,89.61000000000001
Z4.7.A.03,2014,MMR Dose 2 by Age 17,1997,83.07,3.56,-2.63,92.41000000000001
Z4.7.A.03,2015,MMR Dose 2 by Age 17,1998,79.54,3.68,-3.6,92.75
Z4.7.A.03,2016,MMR Dose 2 by Age 17,1999,86.30000000000001,3.31,-2.09,93.22
Z4.7.A.03,2017,MMR Dose 2 by Age 17,2000,90.08,2.8200000000000003,-1.2100000000000002,93.49000000000001
Z4.7.A.03,2018,MMR Dose 2 by Age 17,2001,87.04,3.13,-2.02,93.37
Z4.7.A.03,2019,MMR Dose 2 by Age 17,2002,86.33000000000001,3.11,-2.33,93.56
Z4.7.A.03,2020,MMR Dose 2 by Age 17,2003,88.58,3.2600000000000002,-1.7600000000000002,94.32000000000001
Z4.7.A.03,2021,MMR Dose 2 by Age 17,2004,93.56,2.61,-0.30000000000000004,94.35000000000001
Z4.7.A.03,2022,MMR Dose 2 by Age 17,2005,92.32000000000001,2.85,-0.45,93.60000000000001
Z4.7.A.03,2023,MMR Dose 2 by Age 17,2006,93.76,2.1,0.54,92.62
Z4.7.A.03,2023,MMR Dose 2 by Age 2,2021,67.19000000000001,4.8500000000000005,-0.44,69.32
Z4.7.A.03,2014,MMR Dose 2 by Age 7,2007,76.57,4.130000000000001,-0.97,80.57
Z4.7.A.03,2015,MMR Dose 2 by Age 7,2008,81.72,3.62,0.12000000000000001,81.30000000000001
Z4.7.A.03,2016,MMR Dose 2 by Age 7,2009,83.33000000000001,3.41,0.36000000000000004,82.10000000000001
Z4.7.A.03,2017,MMR Dose 2 by Age 7,2010,82.64000000000001,3.68,0.27,81.63000000000001
Z4.7.A.03,2018,MMR Dose 2 by Age 7,2011,78.56,3.7800000000000002,-0.6600000000000001,81.08
Z4.7.A.03,2019,MMR Dose 2 by Age 7,2012,77.11000000000001,3.77,-1.2200000000000002,81.72
Z4.7.A.03,2020,MMR Dose 2 by Age 7,2013,75.75,3.8600000000000003,-0.48000000000000004,77.60000000000001
Z4.7.A.03,2021,MMR Dose 2 by Age 7,2014,75.74000000000001,3.9600000000000004,0.25,74.73
Z4.7.A.03,2022,MMR Dose 2 by Age 7,2015,73.65,3.95,-0.11,74.08
Z4.7.A.03,2023,MMR Dose 2 by Age 7,2016,69.07,4.3,-0.8300000000000001,72.63000000000001
Z4.8.A.01,2014,MMR Dose 1 by Age 13,2001,94.29,1.11,-1.8900000000000001,96.38000000000001
Z4.8.A.01,2015,MMR Dose 1 by Age 13,2002,96.87,0.7100000000000001,0.51,96.51
Z4.8.A.01,2016,MMR Dose 1 by Age 13,2003,96.05,0.8,-0.77,96.66000000000001
Z4.8.A.01,2017,MMR Dose 1 by Age 13,2004,97.41000000000001,0.6100000000000001,0.8,96.92
Z4.8.A.01,2018,MMR Dose 1 by Age 13,2005,95.64000000000001,0.8,-1.81,97.09
Z4.8.A.01,2019,MMR Dose 1 by Age 13,2006,96.45,0.7100000000000001,-0.51,96.81000000000002
Z4.8.A.01,2020,MMR Dose 1 by Age 13,2007,97.23,0.55,1.6900000000000002,96.30000000000001
Z4.8.A.01,2021,MMR Dose 1 by Age 13,2008,95.30000000000001,0.76,-0.44,95.64000000000001
Z4.8.A.01,2022,MMR Dose 1 by Age 13,2009,94.86000000000001,0.79,-0.49,95.25
Z4.8.A.01,2023,MMR Dose 1 by Age 13,2010,94.93,0.76,-0.04,94.95
Z4.8.A.01,2014,MMR Dose 1 by Age 17,1997,94.58,1.09,-1.52,96.23
Z4.8.A.01,2015,MMR Dose 1 by Age 17,1998,94.88000000000001,1.03,-1.58,96.51
Z4.8.A.01,2016,MMR Dose 1 by Age 17,1999,94.62,1.06,-1.9700000000000002,96.71000000000001
Z4.8.A.01,2017,MMR Dose 1 by Age 17,2000,95.55,0.89,-1.56,96.94000000000001
Z4.8.A.01,2018,MMR Dose 1 by Age 17,2001,94.49000000000001,1.08,-2.3600000000000003,97.03
Z4.8.A.01,2019,MMR Dose 1 by Age 17,2002,97.22,0.6400000000000001,0.0,97.22
Z4.8.A.01,2020,MMR Dose 1 by Age 17,2003,97.05,0.6400000000000001,-1.09,97.75
Z4.8.A.01,2021,MMR Dose 1 by Age 17,2004,97.65,0.56,-0.33000000000000007,97.84000000000002
Z4.8.A.01,2022,MMR Dose 1 by Age 17,2005,96.54,0.6900000000000001,-1.8800000000000001,97.83000000000001
Z4.8.A.01,2023,MMR Dose 1 by Age 17,2006,96.77,0.6700000000000002,-0.7500000000000001,97.27
Z4.8.A.01,2014,MMR Dose 1 by Age 2,2012,90.19000000000001,1.07,2.0,88.05
Z4.8.A.01,2015,MMR Dose 1 by Age 2,2013,88.97,1.11,1.6800000000000002,87.11000000000001
Z4.8.A.01,2016,MMR Dose 1 by Age 2,2014,89.81000000000002,1.04,2.4200000000000004,87.29
Z4.8.A.01,2017,MMR Dose 1 by Age 2,2015,89.23,1.08,2.02,87.05
Z4.8.A.01,2018,MMR Dose 1 by Age 2,2016,85.82000000000001,1.2500000000000002,-0.7400000000000001,86.73
Z4.8.A.01,2019,MMR Dose 1 by Age 2,2017,89.82000000000001,1.1400000000000001,2.52,86.96000000000001
Z4.8.A.01,2020,MMR Dose 1 by Age 2,2018,88.61000000000001,1.2300000000000002,1.59,86.65
Z4.8.A.01,2021,MMR Dose 1 by Age 2,2019,84.87,1.4000000000000001,1.2000000000000002,83.2
Z4.8.A.01,2022,MMR Dose 1 by Age 2,2020,83.05,1.52,0.6500000000000001,82.07
Z4.8.A.01,2023,MMR Dose 1 by Age 2,2021,82.86000000000001,1.4700000000000002,0.81,81.67
Z4.8.A.01,2014,MMR Dose 2 by Age 13,2001,87.09,1.4700000000000002,-3.17,91.76
Z4.8.A.01,2015,MMR Dose 2 by Age 13,2002,88.24000000000001,1.3,-2.65,91.68
Z4.8.A.01,2016,MMR Dose 2 by Age 13,2003,88.4,1.2800000000000002,-2.17,91.18
Z4.8.A.01,2017,MMR Dose 2 by Age 13,2004,89.09,1.2600000000000002,-1.8800000000000001,91.45
Z4.8.A.01,2018,MMR Dose 2 by Age 13,2005,90.08,1.1300000000000001,-1.12,91.34000000000002
Z4.8.A.01,2019,MMR Dose 2 by Age 13,2006,92.33000000000001,0.97,0.9,91.46000000000001
Z4.8.A.01,2020,MMR Dose 2 by Age 13,2007,92.0,0.96,1.03,91.01
Z4.8.A.01,2021,MMR Dose 2 by Age 13,2008,91.12,0.9500000000000001,1.3800000000000001,89.81000000000002
Z4.8.A.01,2022,MMR Dose 2 by Age 13,2009,91.84000000000002,0.89,2.2600000000000002,89.83000000000001
Z4.8.A.01,2023,MMR Dose 2 by Age 13,2010,90.63000000000001,1.01,1.01,89.61000000000001
Z4.8.A.01,2014,MMR Dose 2 by Age 17,1997,87.39000000000001,1.53,-3.2800000000000002,92.41000000000001
Z4.8.A.01,2015,MMR Dose 2 by Age 17,1998,84.24000000000001,1.6600000000000001,-5.130000000000001,92.75
Z4.8.A.01,2016,MMR Dose 2 by Age 17,1999,87.17,1.3900000000000001,-4.34,93.22
Z4.8.A.01,2017,MMR Dose 2 by Age 17,2000,85.89000000000001,1.4500000000000002,-5.26,93.49000000000001
Z4.8.A.01,2018,MMR Dose 2 by Age 17,2001,87.9,1.4100000000000001,-3.89,93.37
Z4.8.A.01,2019,MMR Dose 2 by Age 17,2002,90.07,1.1600000000000001,-3.02,93.56
Z4.8.A.01,2020,MMR Dose 2 by Age 17,2003,92.07,1.01,-2.23,94.32000000000001
Z4.8.A.01,2021,MMR Dose 2 by Age 17,2004,92.78,0.98,-1.6,94.35000000000001
Z4.8.A.01,2022,MMR Dose 2 by Age 17,2005,91.99000000000001,1.01,-1.6,93.60000000000001
Z4.8.A.01,2023,MMR Dose 2 by Age 17,2006,93.09,0.92,0.51,92.62
Z4.8.A.01,2023,MMR Dose 2 by Age 2,2021,72.10000000000001,1.7200000000000002,1.61,69.32
Z4.8.A.01,2014,MMR Dose 2 by Age 7,2007,80.91000000000001,1.4500000000000002,0.24000000000000002,80.57
Z4.8.A.01,2015,MMR Dose 2 by Age 7,2008,82.98,1.31,1.2800000000000002,81.30000000000001
Z4.8.A.01,2016,MMR Dose 2 by Age 7,2009,84.85000000000001,1.2100000000000002,2.2800000000000002,82.10000000000001
Z4.8.A.01,2017,MMR Dose 2 by Age 7,2010,82.65,1.32,0.77,81.63000000000001
Z4.8.A.01,2018,MMR Dose 2 by Age 7,2011,81.45,1.32,0.28,81.08
Z4.8.A.01,2019,MMR Dose 2 by Age 7,2012,80.83000000000001,1.34,-0.6700000000000002,81.72
Z4.8.A.01,2020,MMR Dose 2 by Age 7,2013,71.32,1.56,-4.03,77.60000000000001
Z4.8.A.01,2021,MMR Dose 2 by Age 7,2014,77.12,1.4100000000000001,1.6900000000000002,74.73
Z4.8.A.01,2022,MMR Dose 2 by Age 7,2015,73.05,1.5,-0.6900000000000001,74.08
Z4.8.A.01,2023,MMR Dose 2 by Age 7,2016,69.73,1.6,-1.81,72.63000000000001
Z4.8.B.02,2014,MMR Dose 1 by Age 13,2001,87.5,1.8,-4.94,96.38000000000001
Z4.8.B.02,2015,MMR Dose 1 by Age 13,2002,87.49000000000001,1.84,-4.91,96.51
Z4.8.B.02,2016,MMR Dose 1 by Age 13,2003,90.84000000000002,1.6700000000000002,-3.49,96.66000000000001
Z4.8.B.02,2017,MMR Dose 1 by Age 13,2004,83.45,2.25,-5.98,96.92
Z4.8.B.02,2018,MMR Dose 1 by Age 13,2005,90.97,1.56,-3.9200000000000004,97.09
Z4.8.B.02,2019,MMR Dose 1 by Age 13,2006,89.41000000000001,1.7300000000000002,-4.29,96.81000000000002
Z4.8.B.02,2020,MMR Dose 1 by Age 13,2007,89.0,1.61,-4.53,96.30000000000001
Z4.8.B.02,2021,MMR Dose 1 by Age 13,2008,87.55,1.7600000000000002,-4.6000000000000005,95.64000000000001
Z4.8.B.02,2022,MMR Dose 1 by Age 13,2009,89.29,1.62,-3.69,95.25
Z4.8.B.02,2023,MMR Dose 1 by Age 13,2010,87.18,1.7900000000000003,-4.35,94.95
Z4.8.B.02,2014,MMR Dose 1 by Age 17,1997,87.73,1.87,-4.54,96.23
Z4.8.B.02,2015,MMR Dose 1 by Age 17,1998,84.07,2.11,-5.890000000000001,96.51
Z4.8.B.02,2016,MMR Dose 1 by Age 17,1999,86.94000000000001,1.9100000000000001,-5.11,96.71000000000001
Z4.8.B.02,2017,MMR Dose 1 by Age 17,2000,85.28,2.13,-5.48,96.94000000000001
Z4.8.B.02,2018,MMR Dose 1 by Age 17,2001,87.95,1.7600000000000002,-5.15,97.03
Z4.8.B.02,2019,MMR Dose 1 by Age 17,2002,87.79,1.82,-5.19,97.22
Z4.8.B.02,2020,MMR Dose 1 by Age 17,2003,91.97,1.54,-3.77,97.75
Z4.8.B.02,2021,MMR Dose 1 by Age 17,2004,84.54,2.19,-6.07,97.84000000000002
Z4.8.B.02,2022,MMR Dose 1 by Age 17,2005,91.47,1.52,-4.19,97.83000000000001
Z4.8.B.02,2023,MMR Dose 1 by Age 17,2006,90.19000000000001,1.6600000000000001,-4.28,97.27
Z4.8.B.02,2014,MMR Dose 1 by Age 2,2012,79.84000000000002,2.25,-3.65,88.05
Z4.8.B.02,2015,MMR Dose 1 by Age 2,2013,73.85,2.4200000000000004,-5.49,87.11000000000001
Z4.8.B.02,2016,MMR Dose 1 by Age 2,2014,75.35,2.47,-4.840000000000001,87.29
Z4.8.B.02,2017,MMR Dose 1 by Age 2,2015,77.48,2.24,-4.28,87.05
Z4.8.B.02,2018,MMR Dose 1 by Age 2,2016,75.36,2.16,-5.26,86.73
Z4.8.B.02,2019,MMR Dose 1 by Age 2,2017,75.82,2.31,-4.830000000000001,86.96000000000001
Z4.8.B.02,2020,MMR Dose 1 by Age 2,2018,73.95,2.37,-5.370000000000001,86.65
Z4.8.B.02,2021,MMR Dose 1 by Age 2,2019,74.32,2.3600000000000003,-3.7600000000000002,83.2
Z4.8.B.02,2022,MMR Dose 1 by Age 2,2020,74.04,2.4000000000000004,-3.35,82.07
Z4.8.B.02,2023,MMR Dose 1 by Age 2,2021,71.41000000000001,2.3400000000000003,-4.38,81.67
Z4.8.B.02,2014,MMR Dose 2 by Age 13,2001,77.49000000000001,2.12,-6.72,91.76
Z4.8.B.02,2015,MMR Dose 2 by Age 13,2002,80.55,2.13,-5.24,91.68
Z4.8.B.02,2016,MMR Dose 2 by Age 13,2003,83.01,1.9900000000000002,-4.1000000000000005,91.18
Z4.8.B.02,2017,MMR Dose 2 by Age 13,2004,81.73,2.17,-4.48,91.45
Z4.8.B.02,2018,MMR Dose 2 by Age 13,2005,86.25,1.7100000000000002,-2.97,91.34000000000002
Z4.8.B.02,2019,MMR Dose 2 by Age 13,2006,84.13000000000001,1.9100000000000001,-3.8400000000000003,91.46000000000001
Z4.8.B.02,2020,MMR Dose 2 by Age 13,2007,82.61000000000001,1.86,-4.53,91.01
Z4.8.B.02,2021,MMR Dose 2 by Age 13,2008,83.7,1.9200000000000002,-3.18,89.81000000000002
Z4.8.B.02,2022,MMR Dose 2 by Age 13,2009,82.07,1.9400000000000002,-4.01,89.83000000000001
Z4.8.B.02,2023,MMR Dose 2 by Age 13,2010,84.04,1.81,-3.08,89.61000000000001
Z4.8.B.02,2014,MMR Dose 2 by Age 17,1997,81.64000000000001,2.05,-5.25,92.41000000000001
Z4.8.B.02,2015,MMR Dose 2 by Age 17,1998,81.02,2.03,-5.78,92.75
Z4.8.B.02,2016,MMR Dose 2 by Age 17,1999,77.68,2.17,-7.16,93.22
Z4.8.B.02,2017,MMR Dose 2 by Age 17,2000,77.08,2.3600000000000003,-6.94,93.49000000000001
Z4.8.B.02,2018,MMR Dose 2 by Age 17,2001,78.46000000000001,2.09,-7.15,93.37
Z4.8.B.02,2019,MMR Dose 2 by Age 17,2002,81.88000000000001,2.06,-5.670000000000001,93.56
Z4.8.B.02,2020,MMR Dose 2 by Age 17,2003,87.24000000000001,1.7100000000000002,-4.15,94.32000000000001
Z4.8.B.02,2021,MMR Dose 2 by Age 17,2004,84.82000000000001,1.9800000000000002,-4.8100000000000005,94.35000000000001
Z4.8.B.02,2022,MMR Dose 2 by Age 17,2005,88.13000000000001,1.59,-3.4400000000000004,93.60000000000001
Z4.8.B.02,2023,MMR Dose 2 by Age 17,2006,85.04,1.85,-4.09,92.62
Z4.8.B.02,2023,MMR Dose 2 by Age 2,2021,58.85,2.52,-4.16,69.32
Z4.8.B.02,2014,MMR Dose 2 by Age 7,2007,72.43,2.23,-3.65,80.57
Z4.8.B.02,2015,MMR Dose 2 by Age 7,2008,76.39,2.25,-2.19,81.30000000000001
Z4.8.B.02,2016,MMR Dose 2 by Age 7,2009,74.25,2.2600000000000002,-3.4800000000000004,82.10000000000001
Z4.8.B.02,2017,MMR Dose 2 by Age 7,2010,76.93,2.17,-2.17,81.63000000000001
Z4.8.B.02,2018,MMR Dose 2 by Age 7,2011,71.86,2.21,-4.170000000000001,81.08
Z4.8.B.02,2019,MMR Dose 2 by Age 7,2012,76.59,2.07,-2.49,81.72
Z4.8.B.02,2020,MMR Dose 2 by Age 7,2013,66.26,2.16,-5.24,77.60000000000001
Z4.8.B.02,2021,MMR Dose 2 by Age 7,2014,64.98,2.3200000000000003,-4.21,74.73
Z4.8.B.02,2022,MMR Dose 2 by Age 7,2015,61.25,2.2800000000000002,-5.62,74.08
Z4.8.B.02,2023,MMR Dose 2 by Age 7,2016,57.970000000000006,2.2800000000000002,-6.41,72.63000000000001
Z4.9.A.01,2014,MMR Dose 1 by Age 13,2001,96.62,0.7400000000000001,0.33000000000000007,96.38000000000001
Z4.9.A.01,2015,MMR Dose 1 by Age 13,2002,96.19000000000001,0.7300000000000001,-0.44,96.51
Z4.9.A.01,2016,MMR Dose 1 by Age 13,2003,97.06,0.6100000000000001,0.6600000000000001,96.66000000000001
Z4.9.A.01,2017,MMR Dose 1 by Age 13,2004,97.36000000000001,0.59,0.7400000000000001,96.92
Z4.9.A.01,2018,MMR Dose 1 by Age 13,2005,98.22,0.41000000000000003,2.74,97.09
Z4.9.A.01,2019,MMR Dose 1 by Age 13,2006,97.78,0.49,1.9900000000000002,96.81000000000002
Z4.9.A.01,2020,MMR Dose 1 by Age 13,2007,97.36000000000001,0.52,2.03,96.30000000000001
Z4.9.A.01,2021,MMR Dose 1 by Age 13,2008,96.74000000000001,0.6100000000000001,1.7900000000000003,95.64000000000001
Z4.9.A.01,2022,MMR Dose 1 by Age 13,2009,97.02,0.6000000000000001,2.9600000000000004,95.25
Z4.9.A.01,2023,MMR Dose 1 by Age 13,2010,95.92,0.7000000000000001,1.3900000000000001,94.95
Z4.9.A.01,2014,MMR Dose 1 by Age 17,1997,96.15,0.7500000000000001,-0.11,96.23
Z4.9.A.01,2015,MMR Dose 1 by Age 17,1998,96.91000000000001,0.6600000000000001,0.6100000000000001,96.51
Z4.9.A.01,2016,MMR Dose 1 by Age 17,1999,96.45,0.6700000000000002,-0.39,96.71000000000001
Z4.9.A.01,2017,MMR Dose 1 by Age 17,2000,96.39000000000001,0.7400000000000001,-0.7400000000000001,96.94000000000001
Z4.9.A.01,2018,MMR Dose 1 by Age 17,2001,96.78,0.7100000000000001,-0.35000000000000003,97.03
Z4.9.A.01,2019,MMR Dose 1 by Age 17,2002,96.63000000000001,0.6500000000000001,-0.9,97.22
Z4.9.A.01,2020,MMR Dose 1 by Age 17,2003,98.22,0.41000000000000003,1.1400000000000001,97.75
Z4.9.A.01,2021,MMR Dose 1 by Age 17,2004,98.37,0.4,1.33,97.84000000000002
Z4.9.A.01,2022,MMR Dose 1 by Age 17,2005,98.84000000000002,0.30000000000000004,3.39,97.83000000000001
Z4.9.A.01,2023,MMR Dose 1 by Age 17,2006,98.26,0.4,2.4400000000000004,97.27
Z4.9.A.01,2014,MMR Dose 1 by Age 2,2012,92.26,1.0,4.21,88.05
Z4.9.A.01,2015,MMR Dose 1 by Age 2,2013,91.77,1.08,4.33,87.11000000000001
Z4.9.A.01,2016,MMR Dose 1 by Age 2,2014,92.24000000000001,1.07,4.62,87.29
Z4.9.A.01,2017,MMR Dose 1 by Age 2,2015,91.06,1.11,3.59,87.05
Z4.9.A.01,2018,MMR Dose 1 by Age 2,2016,91.48,1.09,4.37,86.73
Z4.9.A.01,2019,MMR Dose 1 by Age 2,2017,92.32000000000001,1.05,5.12,86.96000000000001
Z4.9.A.01,2020,MMR Dose 1 by Age 2,2018,91.76,1.07,4.800000000000001,86.65
Z4.9.A.01,2021,MMR Dose 1 by Age 2,2019,92.17,1.1500000000000001,7.830000000000001,83.2
Z4.9.A.01,2022,MMR Dose 1 by Age 2,2020,88.17,1.37,4.46,82.07
Z4.9.A.01,2023,MMR Dose 1 by Age 2,2021,88.23,1.32,4.96,81.67
Z4.9.A.01,2014,MMR Dose 2 by Age 13,2001,92.41000000000001,0.99,0.6600000000000001,91.76
Z4.9.A.01,2015,MMR Dose 2 by Age 13,2002,91.57,0.97,-0.12000000000000001,91.68
Z4.9.A.01,2016,MMR Dose 2 by Age 13,2003,89.19000000000001,1.11,-1.7800000000000002,91.18
Z4.9.A.01,2017,MMR Dose 2 by Age 13,2004,92.33000000000001,0.96,0.91,91.45
Z4.9.A.01,2018,MMR Dose 2 by Age 13,2005,94.22,0.77,3.73,91.34000000000002
Z4.9.A.01,2019,MMR Dose 2 by Age 13,2006,93.91000000000001,0.8,3.08,91.46000000000001
Z4.9.A.01,2020,MMR Dose 2 by Age 13,2007,94.43,0.76,4.51,91.01
Z4.9.A.01,2021,MMR Dose 2 by Age 13,2008,93.39000000000001,0.8300000000000001,4.3,89.81000000000002
Z4.9.A.01,2022,MMR Dose 2 by Age 13,2009,93.60000000000001,0.8400000000000001,4.52,89.83000000000001
Z4.9.A.01,2023,MMR Dose 2 by Age 13,2010,92.18,0.92,2.81,89.61000000000001
Z4.9.A.01,2014,MMR Dose 2 by Age 17,1997,89.48,1.1,-2.67,92.41000000000001
Z4.9.A.01,2015,MMR Dose 2 by Age 17,1998,90.55,1.05,-2.09,92.75
Z4.9.A.01,2016,MMR Dose 2 by Age 17,1999,90.22,1.02,-2.93,93.22
Z4.9.A.01,2017,MMR Dose 2 by Age 17,2000,91.06,1.05,-2.3200000000000003,93.49000000000001
Z4.9.A.01,2018,MMR Dose 2 by Age 17,2001,93.01,0.93,-0.39,93.37
Z4.9.A.01,2019,MMR Dose 2 by Age 17,2002,92.41000000000001,0.9,-1.2800000000000002,93.56
Z4.9.A.01,2020,MMR Dose 2 by Age 17,2003,93.72,0.8200000000000001,-0.7400000000000001,94.32000000000001
Z4.9.A.01,2021,MMR Dose 2 by Age 17,2004,95.08,0.7100000000000001,1.03,94.35000000000001
Z4.9.A.01,2022,MMR Dose 2 by Age 17,2005,96.16000000000001,0.59,4.33,93.60000000000001
Z4.9.A.01,2023,MMR Dose 2 by Age 17,2006,94.98,0.7100000000000001,3.3400000000000003,92.62
Z4.9.A.01,2023,MMR Dose 2 by Age 2,2021,77.69000000000001,1.6700000000000002,5.02,69.32
Z4.9.A.01,2014,MMR Dose 2 by Age 7,2007,88.59,1.11,7.2,80.57
Z4.9.A.01,2015,MMR Dose 2 by Age 7,2008,86.83000000000001,1.2000000000000002,4.6000000000000005,81.30000000000001
Z4.9.A.01,2016,MMR Dose 2 by Age 7,2009,87.49000000000001,1.1600000000000001,4.640000000000001,82.10000000000001
Z4.9.A.01,2017,MMR Dose 2 by Age 7,2010,85.33000000000001,1.2500000000000002,2.9400000000000004,81.63000000000001
Z4.9.A.01,2018,MMR Dose 2 by Age 7,2011,85.07,1.2500000000000002,3.19,81.08
Z4.9.A.01,2019,MMR Dose 2 by Age 7,2012,85.62,1.2200000000000002,3.21,81.72
Z4.9.A.01,2020,MMR Dose 2 by Age 7,2013,80.28,1.3900000000000001,1.9200000000000002,77.60000000000001
Z4.9.A.01,2021,MMR Dose 2 by Age 7,2014,79.67,1.4200000000000002,3.49,74.73
Z4.9.A.01,2022,MMR Dose 2 by Age 7,2015,75.69000000000001,1.4800000000000002,1.08,74.08
Z4.9.A.01,2023,MMR Dose 2 by Age 7,2016,69.85,1.6300000000000001,-1.7100000000000002,72.63000000000001
Z5.1.A.01,2014,MMR Dose 1 by Age 13,2001,96.52,2.73,0.05,96.38000000000001
Z5.1.A.01,2015,MMR Dose 1 by Age 13,2002,93.01,3.6,-0.97,96.51
Z5.1.A.01,2016,MMR Dose 1 by Age 13,2003,94.07,3.14,-0.8200000000000001,96.66000000000001
Z5.1.A.01,2017,MMR Dose 1 by Age 13,2004,95.39000000000001,3.04,-0.5,96.92
Z5.1.A.01,2018,MMR Dose 1 by Age 13,2005,93.61000000000001,3.67,-0.9500000000000001,97.09
Z5.1.A.01,2019,MMR Dose 1 by Age 13,2006,95.81000000000002,2.4600000000000004,-0.41000000000000003,96.81000000000002
Z5.1.A.01,2020,MMR Dose 1 by Age 13,2007,89.04,4.57,-1.59,96.30000000000001
Z5.1.A.01,2021,MMR Dose 1 by Age 13,2008,90.73,4.140000000000001,-1.1800000000000002,95.64000000000001
Z5.1.A.01,2022,MMR Dose 1 by Age 13,2009,91.19000000000001,3.7600000000000002,-1.08,95.25
Z5.1.A.01,2023,MMR Dose 1 by Age 13,2010,91.96000000000001,3.8800000000000003,-0.77,94.95
Z5.1.A.01,2014,MMR Dose 1 by Age 17,1997,93.06,4.53,-0.7000000000000001,96.23
Z5.1.A.01,2015,MMR Dose 1 by Age 17,1998,99.07,1.1600000000000001,2.21,96.51
Z5.1.A.01,2016,MMR Dose 1 by Age 17,1999,96.53,2.04,-0.09,96.71000000000001
Z5.1.A.01,2017,MMR Dose 1 by Age 17,2000,94.41000000000001,3.33,-0.76,96.94000000000001
Z5.1.A.01,2018,MMR Dose 1 by Age 17,2001,97.05,2.37,0.01,97.03
Z5.1.A.01,2019,MMR Dose 1 by Age 17,2002,94.56,3.11,-0.8500000000000001,97.22
Z5.1.A.01,2020,MMR Dose 1 by Age 17,2003,97.51,1.7100000000000002,-0.14,97.75
Z5.1.A.01,2021,MMR Dose 1 by Age 17,2004,98.72,1.2100000000000002,0.7300000000000001,97.84000000000002
Z5.1.A.01,2022,MMR Dose 1 by Age 17,2005,95.42,3.04,-0.79,97.83000000000001
Z5.1.A.01,2023,MMR Dose 1 by Age 17,2006,96.46000000000001,2.17,-0.38000000000000006,97.27
Z5.1.A.01,2014,MMR Dose 1 by Age 2,2012,90.07,3.99,0.51,88.05
Z5.1.A.01,2015,MMR Dose 1 by Age 2,2013,92.67,4.26,1.31,87.11000000000001
Z5.1.A.01,2016,MMR Dose 1 by Age 2,2014,92.30000000000001,3.7800000000000002,1.33,87.29
Z5.1.A.01,2017,MMR Dose 1 by Age 2,2015,88.79,4.24,0.41000000000000003,87.05
Z5.1.A.01,2018,MMR Dose 1 by Age 2,2016,85.52,4.870000000000001,-0.25,86.73
Z5.1.A.01,2019,MMR Dose 1 by Age 2,2017,91.79,4.180000000000001,1.1600000000000001,86.96000000000001
Z5.1.A.01,2020,MMR Dose 1 by Age 2,2018,86.58,5.140000000000001,-0.01,86.65
Z5.1.A.01,2021,MMR Dose 1 by Age 2,2019,88.53,4.7,1.1300000000000001,83.2
Z5.1.A.01,2022,MMR Dose 1 by Age 2,2020,84.28,5.62,0.39,82.07
Z5.1.A.01,2023,MMR Dose 1 by Age 2,2021,85.78,5.91,0.6900000000000001,81.67
Z5.1.A.01,2014,MMR Dose 2 by Age 13,2001,90.76,4.22,-0.24000000000000002,91.76
Z5.1.A.01,2015,MMR Dose 2 by Age 13,2002,86.77,5.11,-0.96,91.68
Z5.1.A.01,2016,MMR Dose 2 by Age 13,2003,76.52,6.22,-2.3600000000000003,91.18
Z5.1.A.01,2017,MMR Dose 2 by Age 13,2004,83.7,6.02,-1.2900000000000003,91.45
Z5.1.A.01,2018,MMR Dose 2 by Age 13,2005,78.03,6.23,-2.14,91.34000000000002
Z5.1.A.01,2019,MMR Dose 2 by Age 13,2006,85.85000000000001,4.76,-1.1800000000000002,91.46000000000001
Z5.1.A.01,2020,MMR Dose 2 by Age 13,2007,76.88000000000001,6.390000000000001,-2.21,91.01
Z5.1.A.01,2021,MMR Dose 2 by Age 13,2008,92.73,3.33,0.88,89.81000000000002
Z5.1.A.01,2022,MMR Dose 2 by Age 13,2009,85.23,5.0,-0.92,89.83000000000001
Z5.1.A.01,2023,MMR Dose 2 by Age 13,2010,89.51,4.4,-0.02,89.61000000000001
Z5.1.A.01,2014,MMR Dose 2 by Age 17,1997,93.43,3.66,0.28,92.41000000000001
Z5.1.A.01,2015,MMR Dose 2 by Age 17,1998,82.19000000000001,5.62,-1.8800000000000001,92.75
Z5.1.A.01,2016,MMR Dose 2 by Age 17,1999,88.16000000000001,4.08,-1.2400000000000002,93.22
Z5.1.A.01,2017,MMR Dose 2 by Age 17,2000,91.85000000000001,3.8800000000000003,-0.42000000000000004,93.49000000000001
Z5.1.A.01,2018,MMR Dose 2 by Age 17,2001,92.7,3.55,-0.19,93.37
Z5.1.A.01,2019,MMR Dose 2 by Age 17,2002,94.67,3.0,0.37000000000000005,93.56
Z5.1.A.01,2020,MMR Dose 2 by Age 17,2003,86.5,5.170000000000001,-1.51,94.32000000000001
Z5.1.A.01,2021,MMR Dose 2 by Age 17,2004,94.65,3.08,0.1,94.35000000000001
Z5.1.A.01,2022,MMR Dose 2 by Age 17,2005,90.67,4.26,-0.6900000000000001,93.60000000000001
Z5.1.A.01,2023,MMR Dose 2 by Age 17,2006,88.44000000000001,4.23,-0.99,92.62
Z5.1.A.01,2023,MMR Dose 2 by Age 2,2021,81.77,6.4,1.9400000000000002,69.32
Z5.1.A.01,2014,MMR Dose 2 by Age 7,2007,70.28,6.98,-1.4700000000000002,80.57
Z5.1.A.01,2015,MMR Dose 2 by Age 7,2008,78.46000000000001,5.880000000000001,-0.48000000000000004,81.30000000000001
Z5.1.A.01,2016,MMR Dose 2 by Age 7,2009,70.68,6.7700000000000005,-1.6900000000000002,82.10000000000001
Z5.1.A.01,2017,MMR Dose 2 by Age 7,2010,77.16000000000001,6.2,-0.7200000000000001,81.63000000000001
Z5.1.A.01,2018,MMR Dose 2 by Age 7,2011,81.08,5.630000000000001,0.0,81.08
Z5.1.A.01,2019,MMR Dose 2 by Age 7,2012,81.55,5.330000000000001,-0.03,81.72
Z5.1.A.01,2020,MMR Dose 2 by Age 7,2013,87.07,4.82,1.9600000000000002,77.60000000000001
Z5.1.A.01,2021,MMR Dose 2 by Age 7,2014,85.64000000000001,5.26,2.07,74.73
Z5.1.A.01,2022,MMR Dose 2 by Age 7,2015,79.91000000000001,5.45,1.07,74.08
Z5.1.A.01,2023,MMR Dose 2 by Age 7,2016,78.95,5.78,1.09,72.63000000000001
Z5.1.A.02,2014,MMR Dose 1 by Age 13,2001,97.31000000000002,1.1900000000000002,0.78,96.38000000000001
Z5.1.A.02,2015,MMR Dose 1 by Age 13,2002,94.77,1.9400000000000002,-0.9,96.51
Z5.1.A.02,2016,MMR Dose 1 by Age 13,2003,96.32000000000001,1.5,-0.22,96.66000000000001
Z5.1.A.02,2017,MMR Dose 1 by Age 13,2004,96.56,1.4500000000000002,-0.25,96.92
Z5.1.A.02,2018,MMR Dose 1 by Age 13,2005,97.33000000000001,1.1,0.22,97.09
Z5.1.A.02,2019,MMR Dose 1 by Age 13,2006,96.42,1.3800000000000001,-0.28,96.81000000000002
Z5.1.A.02,2020,MMR Dose 1 by Age 13,2007,92.27,2.09,-1.9300000000000002,96.30000000000001
Z5.1.A.02,2021,MMR Dose 1 by Age 13,2008,92.93,2.02,-1.34,95.64000000000001
Z5.1.A.02,2022,MMR Dose 1 by Age 13,2009,93.84000000000002,1.8,-0.78,95.25
Z5.1.A.02,2023,MMR Dose 1 by Age 13,2010,94.07,1.8,-0.49,94.95
Z5.1.A.02,2014,MMR Dose 1 by Age 17,1997,97.23,1.32,0.76,96.23
Z5.1.A.02,2015,MMR Dose 1 by Age 17,1998,94.68,1.7100000000000002,-1.07,96.51
Z5.1.A.02,2016,MMR Dose 1 by Age 17,1999,96.51,1.34,-0.15000000000000002,96.71000000000001
Z5.1.A.02,2017,MMR Dose 1 by Age 17,2000,97.74000000000001,0.96,0.8300000000000001,96.94000000000001
Z5.1.A.02,2018,MMR Dose 1 by Age 17,2001,97.99000000000001,0.9500000000000001,1.02,97.03
Z5.1.A.02,2019,MMR Dose 1 by Age 17,2002,95.93,1.62,-0.79,97.22
Z5.1.A.02,2020,MMR Dose 1 by Age 17,2003,97.88000000000001,0.97,0.14,97.75
Z5.1.A.02,2021,MMR Dose 1 by Age 17,2004,97.98,0.96,0.15000000000000002,97.84000000000002
Z5.1.A.02,2022,MMR Dose 1 by Age 17,2005,97.53,1.04,-0.29000000000000004,97.83000000000001
Z5.1.A.02,2023,MMR Dose 1 by Age 17,2006,96.82000000000001,1.2600000000000002,-0.36000000000000004,97.27
Z5.1.A.02,2014,MMR Dose 1 by Age 2,2012,90.61000000000001,2.2,1.1700000000000002,88.05
Z5.1.A.02,2015,MMR Dose 1 by Age 2,2013,86.37,2.64,-0.28,87.11000000000001
Z5.1.A.02,2016,MMR Dose 1 by Age 2,2014,88.66000000000001,2.45,0.56,87.29
Z5.1.A.02,2017,MMR Dose 1 by Age 2,2015,77.67,3.39,-2.77,87.05
Z5.1.A.02,2018,MMR Dose 1 by Age 2,2016,78.18,3.47,-2.4600000000000004,86.73
Z5.1.A.02,2019,MMR Dose 1 by Age 2,2017,87.56,2.77,0.22,86.96000000000001
Z5.1.A.02,2020,MMR Dose 1 by Age 2,2018,83.45,3.3000000000000003,-0.97,86.65
Z5.1.A.02,2021,MMR Dose 1 by Age 2,2019,88.53,2.79,1.9200000000000002,83.2
Z5.1.A.02,2022,MMR Dose 1 by Age 2,2020,89.71000000000001,2.79,2.74,82.07
Z5.1.A.02,2023,MMR Dose 1 by Age 2,2021,83.30000000000001,3.54,0.46,81.67
Z5.1.A.02,2014,MMR Dose 2 by Age 13,2001,91.60000000000001,2.25,-0.07,91.76
Z5.1.A.02,2015,MMR Dose 2 by Age 13,2002,90.2,2.47,-0.6000000000000001,91.68
Z5.1.A.02,2016,MMR Dose 2 by Age 13,2003,91.85000000000001,2.22,0.30000000000000004,91.18
Z5.1.A.02,2017,MMR Dose 2 by Age 13,2004,90.64000000000001,2.2600000000000002,-0.36000000000000004,91.45
Z5.1.A.02,2018,MMR Dose 2 by Age 13,2005,91.36000000000001,2.15,0.01,91.34000000000002
Z5.1.A.02,2019,MMR Dose 2 by Age 13,2006,88.5,2.41,-1.2300000000000002,91.46000000000001
Z5.1.A.02,2020,MMR Dose 2 by Age 13,2007,87.92,2.49,-1.2400000000000002,91.01
Z5.1.A.02,2021,MMR Dose 2 by Age 13,2008,85.30000000000001,2.8600000000000003,-1.57,89.81000000000002
Z5.1.A.02,2022,MMR Dose 2 by Age 13,2009,88.88000000000001,2.37,-0.4,89.83000000000001
Z5.1.A.02,2023,MMR Dose 2 by Age 13,2010,87.92,2.56,-0.6600000000000001,89.61000000000001
Z5.1.A.02,2014,MMR Dose 2 by Age 17,1997,93.7,1.7900000000000003,0.7200000000000001,92.41000000000001
Z5.1.A.02,2015,MMR Dose 2 by Age 17,1998,95.30000000000001,1.6800000000000002,1.52,92.75
Z5.1.A.02,2016,MMR Dose 2 by Age 17,1999,91.58,2.27,-0.7200000000000001,93.22
Z5.1.A.02,2017,MMR Dose 2 by Age 17,2000,93.89000000000001,1.84,0.22,93.49000000000001
Z5.1.A.02,2018,MMR Dose 2 by Age 17,2001,93.87,1.85,0.27,93.37
Z5.1.A.02,2019,MMR Dose 2 by Age 17,2002,92.38000000000001,2.11,-0.56,93.56
Z5.1.A.02,2020,MMR Dose 2 by Age 17,2003,94.7,1.6900000000000002,0.22,94.32000000000001
Z5.1.A.02,2021,MMR Dose 2 by Age 17,2004,93.27,1.86,-0.58,94.35000000000001
Z5.1.A.02,2022,MMR Dose 2 by Age 17,2005,93.0,1.8900000000000001,-0.31000000000000005,93.60000000000001
Z5.1.A.02,2023,MMR Dose 2 by Age 17,2006,89.69000000000001,2.25,-1.3,92.62
Z5.1.A.02,2023,MMR Dose 2 by Age 2,2021,76.75,3.99,1.86,69.32
Z5.1.A.02,2014,MMR Dose 2 by Age 7,2007,77.74000000000001,3.21,-0.88,80.57
Z5.1.A.02,2015,MMR Dose 2 by Age 7,2008,78.69000000000001,3.39,-0.77,81.30000000000001
Z5.1.A.02,2016,MMR Dose 2 by Age 7,2009,80.79,3.04,-0.43000000000000005,82.10000000000001
Z5.1.A.02,2017,MMR Dose 2 by Age 7,2010,81.77,3.04,0.05,81.63000000000001
Z5.1.A.02,2018,MMR Dose 2 by Age 7,2011,82.27,3.15,0.38000000000000006,81.08
Z5.1.A.02,2019,MMR Dose 2 by Age 7,2012,86.66000000000001,2.4800000000000004,1.9900000000000002,81.72
Z5.1.A.02,2020,MMR Dose 2 by Age 7,2013,82.36000000000001,3.0,1.58,77.60000000000001
Z5.1.A.02,2021,MMR Dose 2 by Age 7,2014,81.62,2.8600000000000003,2.41,74.73
Z5.1.A.02,2022,MMR Dose 2 by Age 7,2015,72.86999999999999,3.37,-0.36000000000000004,74.08
Z5.1.A.02,2023,MMR Dose 2 by Age 7,2016,70.96000000000001,3.65,-0.46,72.63000000000001
Z5.1.A.03,2014,MMR Dose 1 by Age 13,2001,96.48,1.2700000000000002,0.08,96.38000000000001
Z5.1.A.03,2015,MMR Dose 1 by Age 13,2002,94.84000000000002,1.6,-1.04,96.51
Z5.1.A.03,2016,MMR Dose 1 by Age 13,2003,94.27,1.7500000000000002,-1.36,96.66000000000001
Z5.1.A.03,2017,MMR Dose 1 by Age 13,2004,97.08,1.1,0.14,96.92
Z5.1.A.03,2018,MMR Dose 1 by Age 13,2005,97.77,0.8300000000000001,0.8200000000000001,97.09
Z5.1.A.03,2019,MMR Dose 1 by Age 13,2006,98.47,0.7100000000000001,2.33,96.81000000000002
Z5.1.A.03,2020,MMR Dose 1 by Age 13,2007,95.5,1.31,-0.6100000000000001,96.30000000000001
Z5.1.A.03,2021,MMR Dose 1 by Age 13,2008,92.5,1.7200000000000002,-1.82,95.64000000000001
Z5.1.A.03,2022,MMR Dose 1 by Age 13,2009,92.54,1.7400000000000002,-1.56,95.25
Z5.1.A.03,2023,MMR Dose 1 by Age 13,2010,93.05,1.6900000000000002,-1.1300000000000001,94.95
Z5.1.A.03,2014,MMR Dose 1 by Age 17,1997,95.83000000000001,1.3900000000000001,-0.28,96.23
Z5.1.A.03,2015,MMR Dose 1 by Age 17,1998,96.11000000000001,1.4000000000000001,-0.28,96.51
Z5.1.A.03,2016,MMR Dose 1 by Age 17,1999,96.73,1.2700000000000002,0.02,96.71000000000001
Z5.1.A.03,2017,MMR Dose 1 by Age 17,2000,94.18,1.62,-1.7000000000000002,96.94000000000001
Z5.1.A.03,2018,MMR Dose 1 by Age 17,2001,97.28,1.06,0.24000000000000002,97.03
Z5.1.A.03,2019,MMR Dose 1 by Age 17,2002,95.61000000000001,1.4200000000000002,-1.1300000000000001,97.22
Z5.1.A.03,2020,MMR Dose 1 by Age 17,2003,94.64000000000001,1.6700000000000002,-1.85,97.75
Z5.1.A.03,2021,MMR Dose 1 by Age 17,2004,97.31000000000002,1.03,-0.51,97.84000000000002
Z5.1.A.03,2022,MMR Dose 1 by Age 17,2005,98.02,0.7500000000000001,0.26,97.83000000000001
Z5.1.A.03,2023,MMR Dose 1 by Age 17,2006,98.47,0.7100000000000001,1.6900000000000002,97.27
Z5.1.A.03,2014,MMR Dose 1 by Age 2,2012,87.05,2.31,-0.43000000000000005,88.05
Z5.1.A.03,2015,MMR Dose 1 by Age 2,2013,86.35000000000001,2.3000000000000003,-0.33000000000000007,87.11000000000001
Z5.1.A.03,2016,MMR Dose 1 by Age 2,2014,84.49000000000001,2.57,-1.09,87.29
Z5.1.A.03,2017,MMR Dose 1 by Age 2,2015,87.82000000000001,2.23,0.34,87.05
Z5.1.A.03,2018,MMR Dose 1 by Age 2,2016,87.10000000000001,2.3800000000000003,0.15000000000000002,86.73
Z5.1.A.03,2019,MMR Dose 1 by Age 2,2017,89.28,2.27,1.02,86.96000000000001
Z5.1.A.03,2020,MMR Dose 1 by Age 2,2018,89.47,2.21,1.2700000000000002,86.65
Z5.1.A.03,2021,MMR Dose 1 by Age 2,2019,82.66000000000001,2.89,-0.19,83.2
Z5.1.A.03,2022,MMR Dose 1 by Age 2,2020,85.42,2.7800000000000002,1.2100000000000002,82.07
Z5.1.A.03,2023,MMR Dose 1 by Age 2,2021,84.01,3.19,0.7300000000000001,81.67
Z5.1.A.03,2014,MMR Dose 2 by Age 13,2001,90.24000000000001,2.15,-0.7100000000000001,91.76
Z5.1.A.03,2015,MMR Dose 2 by Age 13,2002,93.75,1.6600000000000001,1.2500000000000002,91.68
Z5.1.A.03,2016,MMR Dose 2 by Age 13,2003,94.46000000000001,1.55,2.12,91.18
Z5.1.A.03,2017,MMR Dose 2 by Age 13,2004,92.51,1.7400000000000002,0.6100000000000001,91.45
Z5.1.A.03,2018,MMR Dose 2 by Age 13,2005,90.45,2.01,-0.45,91.34000000000002
Z5.1.A.03,2019,MMR Dose 2 by Age 13,2006,92.48,1.7400000000000002,0.59,91.46000000000001
Z5.1.A.03,2020,MMR Dose 2 by Age 13,2007,90.02,1.84,-0.54,91.01
Z5.1.A.03,2021,MMR Dose 2 by Age 13,2008,84.24000000000001,2.3600000000000003,-2.3600000000000003,89.81000000000002
Z5.1.A.03,2022,MMR Dose 2 by Age 13,2009,85.71000000000001,2.29,-1.7900000000000003,89.83000000000001
Z5.1.A.03,2023,MMR Dose 2 by Age 13,2010,84.46000000000001,2.52,-2.04,89.61000000000001
Z5.1.A.03,2014,MMR Dose 2 by Age 17,1997,91.42,2.03,-0.49,92.41000000000001
Z5.1.A.03,2015,MMR Dose 2 by Age 17,1998,95.09,1.4000000000000001,1.6700000000000002,92.75
Z5.1.A.03,2016,MMR Dose 2 by Age 17,1999,94.34000000000002,1.58,0.7100000000000001,93.22
Z5.1.A.03,2017,MMR Dose 2 by Age 17,2000,90.76,1.9200000000000002,-1.4200000000000002,93.49000000000001
Z5.1.A.03,2018,MMR Dose 2 by Age 17,2001,92.93,1.82,-0.24000000000000002,93.37
Z5.1.A.03,2019,MMR Dose 2 by Age 17,2002,95.61000000000001,1.31,1.56,93.56
Z5.1.A.03,2020,MMR Dose 2 by Age 17,2003,95.11000000000001,1.4300000000000002,0.55,94.32000000000001
Z5.1.A.03,2021,MMR Dose 2 by Age 17,2004,94.55,1.4300000000000002,0.14,94.35000000000001
Z5.1.A.03,2022,MMR Dose 2 by Age 17,2005,91.61000000000001,1.87,-1.06,93.60000000000001
Z5.1.A.03,2023,MMR Dose 2 by Age 17,2006,93.03,1.6600000000000001,0.24000000000000002,92.62
Z5.1.A.03,2023,MMR Dose 2 by Age 2,2021,74.03,3.68,1.2800000000000002,69.32
Z5.1.A.03,2014,MMR Dose 2 by Age 7,2007,78.51,2.63,-0.78,80.57
Z5.1.A.03,2015,MMR Dose 2 by Age 7,2008,79.5,2.6,-0.6900000000000001,81.30000000000001
Z5.1.A.03,2016,MMR Dose 2 by Age 7,2009,76.98,2.85,-1.8,82.10000000000001
Z5.1.A.03,2017,MMR Dose 2 by Age 7,2010,77.32000000000001,2.93,-1.4800000000000002,81.63000000000001
Z5.1.A.03,2018,MMR Dose 2 by Age 7,2011,76.83000000000001,2.7800000000000002,-1.53,81.08
Z5.1.A.03,2019,MMR Dose 2 by Age 7,2012,78.79,2.7,-1.09,81.72
Z5.1.A.03,2020,MMR Dose 2 by Age 7,2013,83.9,2.3400000000000003,2.69,77.60000000000001
Z5.1.A.03,2021,MMR Dose 2 by Age 7,2014,80.25,2.8000000000000003,1.9700000000000002,74.73
Z5.1.A.03,2022,MMR Dose 2 by Age 7,2015,81.04,2.64,2.63,74.08
Z5.1.A.03,2023,MMR Dose 2 by Age 7,2016,79.0,2.83,2.25,72.63000000000001
Z5.1.B.04,2014,MMR Dose 1 by Age 13,2001,99.59,0.32000000000000006,10.03,96.38000000000001
Z5.1.B.04,2015,MMR Dose 1 by Age 13,2002,97.65,1.01,1.1300000000000001,96.51
Z5.1.B.04,2016,MMR Dose 1 by Age 13,2003,93.95,1.9000000000000001,-1.4200000000000002,96.66000000000001
Z5.1.B.04,2017,MMR Dose 1 by Age 13,2004,97.27,1.2100000000000002,0.29000000000000004,96.92
Z5.1.B.04,2018,MMR Dose 1 by Age 13,2005,98.47,0.7500000000000001,1.85,97.09
Z5.1.B.04,2019,MMR Dose 1 by Age 13,2006,97.35000000000001,1.1500000000000001,0.47000000000000003,96.81000000000002
Z5.1.B.04,2020,MMR Dose 1 by Age 13,2007,92.44000000000001,2.0,-1.9300000000000002,96.30000000000001
Z5.1.B.04,2021,MMR Dose 1 by Age 13,2008,94.64000000000001,1.4200000000000002,-0.7000000000000001,95.64000000000001
Z5.1.B.04,2022,MMR Dose 1 by Age 13,2009,95.41000000000001,1.36,0.11,95.25
Z5.1.B.04,2023,MMR Dose 1 by Age 13,2010,93.01,1.7300000000000002,-1.12,94.95
Z5.1.B.04,2014,MMR Dose 1 by Age 17,1997,97.69000000000001,1.11,1.31,96.23
Z5.1.B.04,2015,MMR Dose 1 by Age 17,1998,94.88000000000001,1.6700000000000002,-0.97,96.51
Z5.1.B.04,2016,MMR Dose 1 by Age 17,1999,97.18,1.11,0.43000000000000005,96.71000000000001
Z5.1.B.04,2017,MMR Dose 1 by Age 17,2000,95.21000000000001,1.55,-1.12,96.94000000000001
Z5.1.B.04,2018,MMR Dose 1 by Age 17,2001,99.71000000000001,0.24000000000000002,11.34,97.03
Z5.1.B.04,2019,MMR Dose 1 by Age 17,2002,97.99000000000001,0.89,0.8600000000000001,97.22
Z5.1.B.04,2020,MMR Dose 1 by Age 17,2003,96.31000000000002,1.33,-1.08,97.75
Z5.1.B.04,2021,MMR Dose 1 by Age 17,2004,98.07,0.9400000000000001,0.25,97.84000000000002
Z5.1.B.04,2022,MMR Dose 1 by Age 17,2005,99.05,0.52,2.35,97.83000000000001
Z5.1.B.04,2023,MMR Dose 1 by Age 17,2006,97.95,0.97,0.7000000000000001,97.27
Z5.1.B.04,2014,MMR Dose 1 by Age 2,2012,90.05,2.16,0.93,88.05
Z5.1.B.04,2015,MMR Dose 1 by Age 2,2013,88.23,2.22,0.5,87.11000000000001
Z5.1.B.04,2016,MMR Dose 1 by Age 2,2014,84.2,2.53,-1.2200000000000002,87.29
Z5.1.B.04,2017,MMR Dose 1 by Age 2,2015,83.43,2.52,-1.4400000000000002,87.05
Z5.1.B.04,2018,MMR Dose 1 by Age 2,2016,90.61000000000001,2.09,1.86,86.73
Z5.1.B.04,2019,MMR Dose 1 by Age 2,2017,84.24000000000001,2.9600000000000004,-0.92,86.96000000000001
Z5.1.B.04,2020,MMR Dose 1 by Age 2,2018,89.10000000000001,2.4400000000000004,1.01,86.65
Z5.1.B.04,2021,MMR Dose 1 by Age 2,2019,79.99000000000001,3.16,-1.01,83.2
Z5.1.B.04,2022,MMR Dose 1 by Age 2,2020,76.67,3.64,-1.4800000000000002,82.07
Z5.1.B.04,2023,MMR Dose 1 by Age 2,2021,77.09,3.3400000000000003,-1.37,81.67
Z5.1.B.04,2014,MMR Dose 2 by Age 13,2001,97.2,1.1300000000000001,4.830000000000001,91.76
Z5.1.B.04,2015,MMR Dose 2 by Age 13,2002,94.03,1.7000000000000002,1.3800000000000001,91.68
Z5.1.B.04,2016,MMR Dose 2 by Age 13,2003,92.87,1.9700000000000002,0.8600000000000001,91.18
Z5.1.B.04,2017,MMR Dose 2 by Age 13,2004,95.51,1.6500000000000001,2.4600000000000004,91.45
Z5.1.B.04,2018,MMR Dose 2 by Age 13,2005,95.24000000000001,1.3800000000000001,2.8200000000000003,91.34000000000002
Z5.1.B.04,2019,MMR Dose 2 by Age 13,2006,93.31000000000002,1.7100000000000002,1.08,91.46000000000001
Z5.1.B.04,2020,MMR Dose 2 by Age 13,2007,87.79,2.3600000000000003,-1.37,91.01
Z5.1.B.04,2021,MMR Dose 2 by Age 13,2008,85.96000000000001,2.2600000000000002,-1.7000000000000002,89.81000000000002
Z5.1.B.04,2022,MMR Dose 2 by Age 13,2009,90.79,1.7800000000000002,0.54,89.83000000000001
Z5.1.B.04,2023,MMR Dose 2 by Age 13,2010,89.66000000000001,1.9300000000000002,0.03,89.61000000000001
Z5.1.B.04,2014,MMR Dose 2 by Age 17,1997,96.23,1.3,2.9400000000000004,92.41000000000001
Z5.1.B.04,2015,MMR Dose 2 by Age 17,1998,92.86000000000001,1.7800000000000002,0.06,92.75
Z5.1.B.04,2016,MMR Dose 2 by Age 17,1999,97.02,1.01,3.7800000000000002,93.22
Z5.1.B.04,2017,MMR Dose 2 by Age 17,2000,90.61000000000001,2.23,-1.3,93.49000000000001
Z5.1.B.04,2018,MMR Dose 2 by Age 17,2001,98.22,0.79,6.12,93.37
Z5.1.B.04,2019,MMR Dose 2 by Age 17,2002,95.34000000000002,1.4500000000000002,1.2300000000000002,93.56
Z5.1.B.04,2020,MMR Dose 2 by Age 17,2003,96.11000000000001,1.2800000000000002,1.4000000000000001,94.32000000000001
Z5.1.B.04,2021,MMR Dose 2 by Age 17,2004,96.87,1.2600000000000002,2.01,94.35000000000001
Z5.1.B.04,2022,MMR Dose 2 by Age 17,2005,96.24000000000001,1.1800000000000002,2.24,93.60000000000001
Z5.1.B.04,2023,MMR Dose 2 by Age 17,2006,93.98,1.6,0.8500000000000001,92.62
Z5.1.B.04,2023,MMR Dose 2 by Age 2,2021,68.04,3.64,-0.35000000000000003,69.32
Z5.1.B.04,2014,MMR Dose 2 by Age 7,2007,80.78,2.8800000000000003,0.07,80.57
Z5.1.B.04,2015,MMR Dose 2 by Age 7,2008,79.9,2.64,-0.53,81.30000000000001
Z5.1.B.04,2016,MMR Dose 2 by Age 7,2009,84.23,2.33,0.91,82.10000000000001
Z5.1.B.04,2017,MMR Dose 2 by Age 7,2010,83.64000000000001,2.4400000000000004,0.8200000000000001,81.63000000000001
Z5.1.B.04,2018,MMR Dose 2 by Age 7,2011,80.29,2.62,-0.30000000000000004,81.08
Z5.1.B.04,2019,MMR Dose 2 by Age 7,2012,82.52,2.54,0.32000000000000006,81.72
Z5.1.B.04,2020,MMR Dose 2 by Age 7,2013,84.56,2.4000000000000004,2.9000000000000004,77.60000000000001
Z5.1.B.04,2021,MMR Dose 2 by Age 7,2014,79.16000000000001,2.69,1.6500000000000001,74.73
Z5.1.B.04,2022,MMR Dose 2 by Age 7,2015,72.4,3.05,-0.55,74.08
Z5.1.B.04,2023,MMR Dose 2 by Age 7,2016,73.26,3.0,0.21000000000000002,72.63000000000001
Z5.1.B.05,2014,MMR Dose 1 by Age 13,2001,94.53,1.85,-1.0,96.38000000000001
Z5.1.B.05,2015,MMR Dose 1 by Age 13,2002,94.66000000000001,1.7600000000000002,-1.05,96.51
Z5.1.B.05,2016,MMR Dose 1 by Age 13,2003,95.60000000000001,1.55,-0.68,96.66000000000001
Z5.1.B.05,2017,MMR Dose 1 by Age 13,2004,91.27,2.25,-2.51,96.92
Z5.1.B.05,2018,MMR Dose 1 by Age 13,2005,95.14000000000001,1.7300000000000002,-1.12,97.09
Z5.1.B.05,2019,MMR Dose 1 by Age 13,2006,93.94000000000001,1.83,-1.57,96.81000000000002
Z5.1.B.05,2020,MMR Dose 1 by Age 13,2007,92.08,1.81,-2.3400000000000003,96.30000000000001
Z5.1.B.05,2021,MMR Dose 1 by Age 13,2008,93.87,1.7600000000000002,-1.0,95.64000000000001
Z5.1.B.05,2022,MMR Dose 1 by Age 13,2009,92.82000000000001,1.8900000000000001,-1.2900000000000003,95.25
Z5.1.B.05,2023,MMR Dose 1 by Age 13,2010,95.27,1.4100000000000001,0.22,94.95
Z5.1.B.05,2014,MMR Dose 1 by Age 17,1997,97.55,0.99,1.34,96.23
Z5.1.B.05,2015,MMR Dose 1 by Age 17,1998,91.25,2.08,-2.52,96.51
Z5.1.B.05,2016,MMR Dose 1 by Age 17,1999,95.71000000000001,1.4200000000000002,-0.7000000000000001,96.71000000000001
Z5.1.B.05,2017,MMR Dose 1 by Age 17,2000,93.93,1.9100000000000001,-1.58,96.94000000000001
Z5.1.B.05,2018,MMR Dose 1 by Age 17,2001,95.45,1.61,-0.98,97.03
Z5.1.B.05,2019,MMR Dose 1 by Age 17,2002,94.66000000000001,1.7600000000000002,-1.4500000000000002,97.22
Z5.1.B.05,2020,MMR Dose 1 by Age 17,2003,96.36000000000001,1.37,-1.01,97.75
Z5.1.B.05,2021,MMR Dose 1 by Age 17,2004,91.27,2.25,-2.9200000000000004,97.84000000000002
Z5.1.B.05,2022,MMR Dose 1 by Age 17,2005,96.85000000000001,1.3800000000000001,-0.7100000000000001,97.83000000000001
Z5.1.B.05,2023,MMR Dose 1 by Age 17,2006,94.39000000000001,1.7500000000000002,-1.6500000000000001,97.27
Z5.1.B.05,2014,MMR Dose 1 by Age 2,2012,86.19000000000001,2.64,-0.7100000000000001,88.05
Z5.1.B.05,2015,MMR Dose 1 by Age 2,2013,79.74000000000001,2.95,-2.5,87.11000000000001
Z5.1.B.05,2016,MMR Dose 1 by Age 2,2014,77.66000000000001,3.14,-3.07,87.29
Z5.1.B.05,2017,MMR Dose 1 by Age 2,2015,78.25,3.11,-2.83,87.05
Z5.1.B.05,2018,MMR Dose 1 by Age 2,2016,84.34000000000002,2.71,-0.88,86.73
Z5.1.B.05,2019,MMR Dose 1 by Age 2,2017,81.71000000000001,2.9600000000000004,-1.7700000000000002,86.96000000000001
Z5.1.B.05,2020,MMR Dose 1 by Age 2,2018,82.79,2.9600000000000004,-1.31,86.65
Z5.1.B.05,2021,MMR Dose 1 by Age 2,2019,87.19000000000001,2.7,1.4800000000000002,83.2
Z5.1.B.05,2022,MMR Dose 1 by Age 2,2020,84.01,3.06,0.6300000000000001,82.07
Z5.1.B.05,2023,MMR Dose 1 by Age 2,2021,71.65,3.71,-2.7,81.67
Z5.1.B.05,2014,MMR Dose 2 by Age 13,2001,88.61000000000001,2.3600000000000003,-1.34,91.76
Z5.1.B.05,2015,MMR Dose 2 by Age 13,2002,87.31000000000002,2.49,-1.7500000000000002,91.68
Z5.1.B.05,2016,MMR Dose 2 by Age 13,2003,85.2,2.67,-2.24,91.18
Z5.1.B.05,2017,MMR Dose 2 by Age 13,2004,86.63000000000001,2.52,-1.9100000000000001,91.45
Z5.1.B.05,2018,MMR Dose 2 by Age 13,2005,88.19000000000001,2.29,-1.3800000000000001,91.34000000000002
Z5.1.B.05,2019,MMR Dose 2 by Age 13,2006,89.13000000000001,2.17,-1.07,91.46000000000001
Z5.1.B.05,2020,MMR Dose 2 by Age 13,2007,82.93,2.55,-3.16,91.01
Z5.1.B.05,2021,MMR Dose 2 by Age 13,2008,88.48,2.3000000000000003,-0.5700000000000001,89.81000000000002
Z5.1.B.05,2022,MMR Dose 2 by Age 13,2009,90.55,1.9700000000000002,0.37000000000000005,89.83000000000001
Z5.1.B.05,2023,MMR Dose 2 by Age 13,2010,89.21000000000001,2.06,-0.19,89.61000000000001
Z5.1.B.05,2014,MMR Dose 2 by Age 17,1997,93.78,1.6900000000000002,0.81,92.41000000000001
Z5.1.B.05,2015,MMR Dose 2 by Age 17,1998,91.65,1.86,-0.59,92.75
Z5.1.B.05,2016,MMR Dose 2 by Age 17,1999,91.77,1.9200000000000002,-0.76,93.22
Z5.1.B.05,2017,MMR Dose 2 by Age 17,2000,91.59,1.9300000000000002,-0.99,93.49000000000001
Z5.1.B.05,2018,MMR Dose 2 by Age 17,2001,90.72,2.1,-1.2600000000000002,93.37
Z5.1.B.05,2019,MMR Dose 2 by Age 17,2002,90.47,2.18,-1.4200000000000002,93.56
Z5.1.B.05,2020,MMR Dose 2 by Age 17,2003,89.43,2.25,-2.18,94.32000000000001
Z5.1.B.05,2021,MMR Dose 2 by Age 17,2004,90.97,2.08,-1.62,94.35000000000001
Z5.1.B.05,2022,MMR Dose 2 by Age 17,2005,89.22,2.21,-1.9900000000000002,93.60000000000001
Z5.1.B.05,2023,MMR Dose 2 by Age 17,2006,89.55,2.13,-1.4400000000000002,92.62
Z5.1.B.05,2023,MMR Dose 2 by Age 2,2021,60.75,3.9800000000000004,-2.15,69.32
Z5.1.B.05,2014,MMR Dose 2 by Age 7,2007,72.99000000000001,3.09,-2.45,80.57
Z5.1.B.05,2015,MMR Dose 2 by Age 7,2008,83.49000000000001,2.7,0.81,81.30000000000001
Z5.1.B.05,2016,MMR Dose 2 by Age 7,2009,81.41000000000001,2.68,-0.26,82.10000000000001
Z5.1.B.05,2017,MMR Dose 2 by Age 7,2010,79.05,2.74,-0.9400000000000001,81.63000000000001
Z5.1.B.05,2018,MMR Dose 2 by Age 7,2011,71.4,3.22,-3.01,81.08
Z5.1.B.05,2019,MMR Dose 2 by Age 7,2012,79.23,2.87,-0.8600000000000001,81.72
Z5.1.B.05,2020,MMR Dose 2 by Age 7,2013,76.21000000000001,2.97,-0.47000000000000003,77.60000000000001
Z5.1.B.05,2021,MMR Dose 2 by Age 7,2014,73.75,3.31,-0.30000000000000004,74.73
Z5.1.B.05,2022,MMR Dose 2 by Age 7,2015,69.96000000000001,3.3600000000000003,-1.2300000000000002,74.08
Z5.1.B.05,2023,MMR Dose 2 by Age 7,2016,69.55,3.41,-0.9,72.63000000000001
Z5.1.C.06,2014,MMR Dose 1 by Age 13,2001,89.71000000000001,2.71,-2.4600000000000004,96.38000000000001
Z5.1.C.06,2015,MMR Dose 1 by Age 13,2002,96.98,1.52,0.31000000000000005,96.51
Z5.1.C.06,2016,MMR Dose 1 by Age 13,2003,90.01,2.77,-2.4000000000000004,96.66000000000001
Z5.1.C.06,2017,MMR Dose 1 by Age 13,2004,95.08,1.9400000000000002,-0.9500000000000001,96.92
Z5.1.C.06,2018,MMR Dose 1 by Age 13,2005,93.92,2.06,-1.54,97.09
Z5.1.C.06,2019,MMR Dose 1 by Age 13,2006,92.69000000000001,2.11,-1.9500000000000002,96.81000000000002
Z5.1.C.06,2020,MMR Dose 1 by Age 13,2007,97.85000000000001,1.06,1.4700000000000002,96.30000000000001
Z5.1.C.06,2021,MMR Dose 1 by Age 13,2008,92.76,2.17,-1.33,95.64000000000001
Z5.1.C.06,2022,MMR Dose 1 by Age 13,2009,94.29,1.85,-0.52,95.25
Z5.1.C.06,2023,MMR Dose 1 by Age 13,2010,95.03,2.07,0.04,94.95
Z5.1.C.06,2014,MMR Dose 1 by Age 17,1997,93.42,2.29,-1.2300000000000002,96.23
Z5.1.C.06,2015,MMR Dose 1 by Age 17,1998,92.02,2.4200000000000004,-1.86,96.51
Z5.1.C.06,2016,MMR Dose 1 by Age 17,1999,93.29,2.21,-1.55,96.71000000000001
Z5.1.C.06,2017,MMR Dose 1 by Age 17,2000,93.03,2.45,-1.59,96.94000000000001
Z5.1.C.06,2018,MMR Dose 1 by Age 17,2001,91.65,2.4200000000000004,-2.22,97.03
Z5.1.C.06,2019,MMR Dose 1 by Age 17,2002,98.25,1.05,0.98,97.22
Z5.1.C.06,2020,MMR Dose 1 by Age 17,2003,91.22,2.57,-2.54,97.75
Z5.1.C.06,2021,MMR Dose 1 by Age 17,2004,95.83000000000001,1.7900000000000003,-1.12,97.84000000000002
Z5.1.C.06,2022,MMR Dose 1 by Age 17,2005,93.92,2.06,-1.9000000000000001,97.83000000000001
Z5.1.C.06,2023,MMR Dose 1 by Age 17,2006,93.19000000000001,2.03,-2.01,97.27
Z5.1.C.06,2014,MMR Dose 1 by Age 2,2012,80.74000000000001,3.64,-2.01,88.05
Z5.1.C.06,2015,MMR Dose 1 by Age 2,2013,91.41000000000001,2.2600000000000002,1.9000000000000001,87.11000000000001
Z5.1.C.06,2016,MMR Dose 1 by Age 2,2014,87.87,2.8200000000000003,0.2,87.29
Z5.1.C.06,2017,MMR Dose 1 by Age 2,2015,85.7,2.95,-0.46,87.05
Z5.1.C.06,2018,MMR Dose 1 by Age 2,2016,85.35000000000001,2.91,-0.47000000000000003,86.73
Z5.1.C.06,2019,MMR Dose 1 by Age 2,2017,89.7,2.8200000000000003,0.97,86.96000000000001
Z5.1.C.06,2020,MMR Dose 1 by Age 2,2018,82.95,3.1,-1.1900000000000002,86.65
Z5.1.C.06,2021,MMR Dose 1 by Age 2,2019,79.71000000000001,3.4200000000000004,-1.02,83.2
Z5.1.C.06,2022,MMR Dose 1 by Age 2,2020,77.58,3.69,-1.2200000000000002,82.07
Z5.1.C.06,2023,MMR Dose 1 by Age 2,2021,74.34,3.65,-2.01,81.67
Z5.1.C.06,2014,MMR Dose 2 by Age 13,2001,84.14000000000001,3.19,-2.39,91.76
Z5.1.C.06,2015,MMR Dose 2 by Age 13,2002,97.03,1.3,4.1000000000000005,91.68
Z5.1.C.06,2016,MMR Dose 2 by Age 13,2003,87.75,2.8000000000000003,-1.2200000000000002,91.18
Z5.1.C.06,2017,MMR Dose 2 by Age 13,2004,93.39000000000001,2.0,0.97,91.45
Z5.1.C.06,2018,MMR Dose 2 by Age 13,2005,88.13000000000001,2.7800000000000002,-1.1500000000000001,91.34000000000002
Z5.1.C.06,2019,MMR Dose 2 by Age 13,2006,89.4,2.3600000000000003,-0.8700000000000001,91.46000000000001
Z5.1.C.06,2020,MMR Dose 2 by Age 13,2007,92.75,2.12,0.8200000000000001,91.01
Z5.1.C.06,2021,MMR Dose 2 by Age 13,2008,92.01,2.02,1.09,89.81000000000002
Z5.1.C.06,2022,MMR Dose 2 by Age 13,2009,91.9,2.13,0.98,89.83000000000001
Z5.1.C.06,2023,MMR Dose 2 by Age 13,2010,91.45,2.4200000000000004,0.76,89.61000000000001
Z5.1.C.06,2014,MMR Dose 2 by Age 17,1997,93.0,2.33,0.26,92.41000000000001
Z5.1.C.06,2015,MMR Dose 2 by Age 17,1998,88.16000000000001,2.9000000000000004,-1.58,92.75
Z5.1.C.06,2016,MMR Dose 2 by Age 17,1999,93.39000000000001,2.11,0.08,93.22
Z5.1.C.06,2017,MMR Dose 2 by Age 17,2000,93.26,2.27,-0.1,93.49000000000001
Z5.1.C.06,2018,MMR Dose 2 by Age 17,2001,87.79,2.85,-1.9600000000000002,93.37
Z5.1.C.06,2019,MMR Dose 2 by Age 17,2002,98.29,0.89,5.340000000000001,93.56
Z5.1.C.06,2020,MMR Dose 2 by Age 17,2003,89.15,2.65,-1.9500000000000002,94.32000000000001
Z5.1.C.06,2021,MMR Dose 2 by Age 17,2004,94.37,1.82,0.01,94.35000000000001
Z5.1.C.06,2022,MMR Dose 2 by Age 17,2005,88.13000000000001,2.7800000000000002,-1.9700000000000002,93.60000000000001
Z5.1.C.06,2023,MMR Dose 2 by Age 17,2006,90.34000000000002,2.25,-1.02,92.62
Z5.1.C.06,2023,MMR Dose 2 by Age 2,2021,64.16000000000001,3.99,-1.2900000000000003,69.32
Z5.1.C.06,2014,MMR Dose 2 by Age 7,2007,84.13000000000001,3.23,1.1,80.57
Z5.1.C.06,2015,MMR Dose 2 by Age 7,2008,87.84000000000002,2.56,2.56,81.30000000000001
Z5.1.C.06,2016,MMR Dose 2 by Age 7,2009,87.33000000000001,2.65,1.9700000000000002,82.10000000000001
Z5.1.C.06,2017,MMR Dose 2 by Age 7,2010,88.63000000000001,2.7800000000000002,2.52,81.63000000000001
Z5.1.C.06,2018,MMR Dose 2 by Age 7,2011,85.85000000000001,2.83,1.6900000000000002,81.08
Z5.1.C.06,2019,MMR Dose 2 by Age 7,2012,81.04,3.27,-0.21000000000000002,81.72
Z5.1.C.06,2020,MMR Dose 2 by Age 7,2013,89.26,2.52,4.630000000000001,77.60000000000001
Z5.1.C.06,2021,MMR Dose 2 by Age 7,2014,87.16000000000001,2.68,4.65,74.73
Z5.1.C.06,2022,MMR Dose 2 by Age 7,2015,78.79,3.29,1.4300000000000002,74.08
Z5.1.C.06,2023,MMR Dose 2 by Age 7,2016,72.49000000000001,3.49,-0.04,72.63000000000001
Z5.1.C.07,2014,MMR Dose 1 by Age 13,2001,95.99000000000001,1.35,-0.29000000000000004,96.38000000000001
Z5.1.C.07,2015,MMR Dose 1 by Age 13,2002,97.32000000000001,0.99,0.8200000000000001,96.51
Z5.1.C.07,2016,MMR Dose 1 by Age 13,2003,96.85000000000001,1.07,0.18,96.66000000000001
Z5.1.C.07,2017,MMR Dose 1 by Age 13,2004,96.49000000000001,1.2300000000000002,-0.35000000000000003,96.92
Z5.1.C.07,2018,MMR Dose 1 by Age 13,2005,96.72,1.1,-0.33000000000000007,97.09
Z5.1.C.07,2019,MMR Dose 1 by Age 13,2006,98.05,0.8600000000000001,1.4300000000000002,96.81000000000002
Z5.1.C.07,2020,MMR Dose 1 by Age 13,2007,93.67,1.62,-1.62,96.30000000000001
Z5.1.C.07,2021,MMR Dose 1 by Age 13,2008,93.16000000000001,1.7000000000000002,-1.4600000000000002,95.64000000000001
Z5.1.C.07,2022,MMR Dose 1 by Age 13,2009,96.43,1.2300000000000002,0.96,95.25
Z5.1.C.07,2023,MMR Dose 1 by Age 13,2010,91.32000000000001,1.8900000000000001,-1.9200000000000002,94.95
Z5.1.C.07,2014,MMR Dose 1 by Age 17,1997,97.81000000000002,1.04,1.52,96.23
Z5.1.C.07,2015,MMR Dose 1 by Age 17,1998,98.34000000000002,0.8500000000000001,2.16,96.51
Z5.1.C.07,2016,MMR Dose 1 by Age 17,1999,94.88000000000001,1.4400000000000002,-1.2700000000000002,96.71000000000001
Z5.1.C.07,2017,MMR Dose 1 by Age 17,2000,96.87,1.1600000000000001,-0.06,96.94000000000001
Z5.1.C.07,2018,MMR Dose 1 by Age 17,2001,96.38000000000001,1.2400000000000002,-0.52,97.03
Z5.1.C.07,2019,MMR Dose 1 by Age 17,2002,97.47,0.9500000000000001,0.27,97.22
Z5.1.C.07,2020,MMR Dose 1 by Age 17,2003,97.71000000000001,0.8400000000000001,-0.05,97.75
Z5.1.C.07,2021,MMR Dose 1 by Age 17,2004,97.2,1.04,-0.6100000000000001,97.84000000000002
Z5.1.C.07,2022,MMR Dose 1 by Age 17,2005,96.93,1.05,-0.8500000000000001,97.83000000000001
Z5.1.C.07,2023,MMR Dose 1 by Age 17,2006,98.53,0.6900000000000001,1.81,97.27
Z5.1.C.07,2014,MMR Dose 1 by Age 2,2012,89.16000000000001,2.27,0.49,88.05
Z5.1.C.07,2015,MMR Dose 1 by Age 2,2013,87.79,2.3600000000000003,0.29000000000000004,87.11000000000001
Z5.1.C.07,2016,MMR Dose 1 by Age 2,2014,87.05,2.3600000000000003,-0.1,87.29
Z5.1.C.07,2017,MMR Dose 1 by Age 2,2015,89.21000000000001,2.3600000000000003,0.91,87.05
Z5.1.C.07,2018,MMR Dose 1 by Age 2,2016,82.49000000000001,2.75,-1.55,86.73
Z5.1.C.07,2019,MMR Dose 1 by Age 2,2017,92.80000000000001,1.81,3.23,86.96000000000001
Z5.1.C.07,2020,MMR Dose 1 by Age 2,2018,86.31000000000002,2.9000000000000004,-0.12000000000000001,86.65
Z5.1.C.07,2021,MMR Dose 1 by Age 2,2019,85.65,2.57,0.96,83.2
Z5.1.C.07,2022,MMR Dose 1 by Age 2,2020,80.86000000000001,2.95,-0.41000000000000003,82.07
Z5.1.C.07,2023,MMR Dose 1 by Age 2,2021,78.09,3.3000000000000003,-1.08,81.67
Z5.1.C.07,2014,MMR Dose 2 by Age 13,2001,95.08,1.37,2.43,91.76
Z5.1.C.07,2015,MMR Dose 2 by Age 13,2002,92.37,1.61,0.43000000000000005,91.68
Z5.1.C.07,2016,MMR Dose 2 by Age 13,2003,93.14000000000001,1.53,1.2800000000000002,91.18
Z5.1.C.07,2017,MMR Dose 2 by Age 13,2004,92.79,1.62,0.8300000000000001,91.45
Z5.1.C.07,2018,MMR Dose 2 by Age 13,2005,89.96000000000001,1.8900000000000001,-0.7300000000000001,91.34000000000002
Z5.1.C.07,2019,MMR Dose 2 by Age 13,2006,90.79,1.9200000000000002,-0.35000000000000003,91.46000000000001
Z5.1.C.07,2020,MMR Dose 2 by Age 13,2007,88.65,2.09,-1.1300000000000001,91.01
Z5.1.C.07,2021,MMR Dose 2 by Age 13,2008,88.4,2.04,-0.6900000000000001,89.81000000000002
Z5.1.C.07,2022,MMR Dose 2 by Age 13,2009,92.43,1.7200000000000002,1.51,89.83000000000001
Z5.1.C.07,2023,MMR Dose 2 by Age 13,2010,87.67,2.11,-0.92,89.61000000000001
Z5.1.C.07,2014,MMR Dose 2 by Age 17,1997,94.18,1.5,1.1800000000000002,92.41000000000001
Z5.1.C.07,2015,MMR Dose 2 by Age 17,1998,93.09,1.52,0.23,92.75
Z5.1.C.07,2016,MMR Dose 2 by Age 17,1999,91.93,1.6800000000000002,-0.77,93.22
Z5.1.C.07,2017,MMR Dose 2 by Age 17,2000,93.7,1.53,0.13,93.49000000000001
Z5.1.C.07,2018,MMR Dose 2 by Age 17,2001,95.51,1.2800000000000002,1.6700000000000002,93.37
Z5.1.C.07,2019,MMR Dose 2 by Age 17,2002,93.59,1.4400000000000002,0.02,93.56
Z5.1.C.07,2020,MMR Dose 2 by Age 17,2003,95.79,1.1300000000000001,1.3,94.32000000000001
Z5.1.C.07,2021,MMR Dose 2 by Age 17,2004,94.84000000000002,1.33,0.37000000000000005,94.35000000000001
Z5.1.C.07,2022,MMR Dose 2 by Age 17,2005,92.7,1.58,-0.5700000000000001,93.60000000000001
Z5.1.C.07,2023,MMR Dose 2 by Age 17,2006,92.24000000000001,1.7500000000000002,-0.22,92.62
Z5.1.C.07,2023,MMR Dose 2 by Age 2,2021,74.46000000000001,3.4400000000000004,1.4900000000000002,69.32
Z5.1.C.07,2014,MMR Dose 2 by Age 7,2007,80.92,2.61,0.14,80.57
Z5.1.C.07,2015,MMR Dose 2 by Age 7,2008,77.30000000000001,2.75,-1.4600000000000002,81.30000000000001
Z5.1.C.07,2016,MMR Dose 2 by Age 7,2009,86.82000000000001,2.27,2.08,82.10000000000001
Z5.1.C.07,2017,MMR Dose 2 by Age 7,2010,81.65,2.51,0.0,81.63000000000001
Z5.1.C.07,2018,MMR Dose 2 by Age 7,2011,84.29,2.4400000000000004,1.32,81.08
Z5.1.C.07,2019,MMR Dose 2 by Age 7,2012,86.72,2.41,2.08,81.72
Z5.1.C.07,2020,MMR Dose 2 by Age 7,2013,83.07,2.61,2.1,77.60000000000001
Z5.1.C.07,2021,MMR Dose 2 by Age 7,2014,79.33000000000001,2.73,1.6900000000000002,74.73
Z5.1.C.07,2022,MMR Dose 2 by Age 7,2015,81.09,2.75,2.55,74.08
Z5.1.C.07,2023,MMR Dose 2 by Age 7,2016,72.66000000000001,3.25,0.01,72.63000000000001
Z5.2.A.01,2014,MMR Dose 1 by Age 13,2001,81.94000000000001,4.51,-3.2,96.38000000000001
Z5.2.A.01,2015,MMR Dose 1 by Age 13,2002,84.63000000000001,3.75,-3.17,96.51
Z5.2.A.01,2016,MMR Dose 1 by Age 13,2003,83.67,4.11,-3.16,96.66000000000001
Z5.2.A.01,2017,MMR Dose 1 by Age 13,2004,88.16000000000001,3.8800000000000003,-2.2600000000000002,96.92
Z5.2.A.01,2018,MMR Dose 1 by Age 13,2005,86.45,3.57,-2.9800000000000004,97.09
Z5.2.A.01,2019,MMR Dose 1 by Age 13,2006,88.47,3.69,-2.2600000000000002,96.81000000000002
Z5.2.A.01,2020,MMR Dose 1 by Age 13,2007,80.19000000000001,4.33,-3.72,96.30000000000001
Z5.2.A.01,2021,MMR Dose 1 by Age 13,2008,91.05,3.2,-1.4400000000000002,95.64000000000001
Z5.2.A.01,2022,MMR Dose 1 by Age 13,2009,91.12,2.7800000000000002,-1.4800000000000002,95.25
Z5.2.A.01,2023,MMR Dose 1 by Age 13,2010,84.83000000000001,3.8000000000000003,-2.67,94.95
Z5.2.A.01,2014,MMR Dose 1 by Age 17,1997,88.0,3.73,-2.21,96.23
Z5.2.A.01,2015,MMR Dose 1 by Age 17,1998,90.67,3.3400000000000003,-1.7500000000000002,96.51
Z5.2.A.01,2016,MMR Dose 1 by Age 17,1999,90.34000000000002,3.41,-1.87,96.71000000000001
Z5.2.A.01,2017,MMR Dose 1 by Age 17,2000,82.98,4.59,-3.04,96.94000000000001
Z5.2.A.01,2018,MMR Dose 1 by Age 17,2001,81.94000000000001,4.51,-3.3400000000000003,97.03
Z5.2.A.01,2019,MMR Dose 1 by Age 17,2002,84.63000000000001,3.75,-3.3600000000000003,97.22
Z5.2.A.01,2020,MMR Dose 1 by Age 17,2003,87.16000000000001,3.7,-2.8600000000000003,97.75
Z5.2.A.01,2021,MMR Dose 1 by Age 17,2004,88.16000000000001,3.8800000000000003,-2.5,97.84000000000002
Z5.2.A.01,2022,MMR Dose 1 by Age 17,2005,86.45,3.57,-3.18,97.83000000000001
Z5.2.A.01,2023,MMR Dose 1 by Age 17,2006,88.47,3.69,-2.39,97.27
Z5.2.A.01,2014,MMR Dose 1 by Age 2,2012,79.84000000000002,4.7,-1.7500000000000002,88.05
Z5.2.A.01,2015,MMR Dose 1 by Age 2,2013,60.910000000000004,5.470000000000001,-4.79,87.11000000000001
Z5.2.A.01,2016,MMR Dose 1 by Age 2,2014,64.10000000000001,5.61,-4.140000000000001,87.29
Z5.2.A.01,2017,MMR Dose 1 by Age 2,2015,65.69000000000001,5.16,-4.140000000000001,87.05
Z5.2.A.01,2018,MMR Dose 1 by Age 2,2016,67.79,5.65,-3.3600000000000003,86.73
Z5.2.A.01,2019,MMR Dose 1 by Age 2,2017,67.60000000000001,5.3500000000000005,-3.62,86.96000000000001
Z5.2.A.01,2020,MMR Dose 1 by Age 2,2018,66.85,5.71,-3.4600000000000004,86.65
Z5.2.A.01,2021,MMR Dose 1 by Age 2,2019,72.55,5.380000000000001,-1.9800000000000002,83.2
Z5.2.A.01,2022,MMR Dose 1 by Age 2,2020,65.57,5.79,-2.85,82.07
Z5.2.A.01,2023,MMR Dose 1 by Age 2,2021,73.56,5.11,-1.59,81.67
Z5.2.A.01,2014,MMR Dose 2 by Age 13,2001,79.31000000000002,4.79,-2.6,91.76
Z5.2.A.01,2015,MMR Dose 2 by Age 13,2002,73.27,4.680000000000001,-3.93,91.68
Z5.2.A.01,2016,MMR Dose 2 by Age 13,2003,76.99000000000001,4.71,-3.01,91.18
Z5.2.A.01,2017,MMR Dose 2 by Age 13,2004,79.33000000000001,4.73,-2.56,91.45
Z5.2.A.01,2018,MMR Dose 2 by Age 13,2005,71.07,4.74,-4.28,91.34000000000002
Z5.2.A.01,2019,MMR Dose 2 by Age 13,2006,80.89000000000001,4.55,-2.3200000000000003,91.46000000000001
Z5.2.A.01,2020,MMR Dose 2 by Age 13,2007,70.04,5.11,-4.1000000000000005,91.01
Z5.2.A.01,2021,MMR Dose 2 by Age 13,2008,79.38000000000001,4.640000000000001,-2.25,89.81000000000002
Z5.2.A.01,2022,MMR Dose 2 by Age 13,2009,82.12,3.61,-2.13,89.83000000000001
Z5.2.A.01,2023,MMR Dose 2 by Age 13,2010,69.55,4.76,-4.21,89.61000000000001
Z5.2.A.01,2014,MMR Dose 2 by Age 17,1997,86.32000000000001,4.140000000000001,-1.4700000000000002,92.41000000000001
Z5.2.A.01,2015,MMR Dose 2 by Age 17,1998,85.39000000000001,3.85,-1.9100000000000001,92.75
Z5.2.A.01,2016,MMR Dose 2 by Age 17,1999,88.01,3.66,-1.4200000000000002,93.22
Z5.2.A.01,2017,MMR Dose 2 by Age 17,2000,83.72,4.25,-2.3000000000000003,93.49000000000001
Z5.2.A.01,2018,MMR Dose 2 by Age 17,2001,81.10000000000001,4.7,-2.61,93.37
Z5.2.A.01,2019,MMR Dose 2 by Age 17,2002,75.41000000000001,4.55,-3.99,93.56
Z5.2.A.01,2020,MMR Dose 2 by Age 17,2003,79.2,4.51,-3.35,94.32000000000001
Z5.2.A.01,2021,MMR Dose 2 by Age 17,2004,80.45,4.61,-3.02,94.35000000000001
Z5.2.A.01,2022,MMR Dose 2 by Age 17,2005,72.42,4.7,-4.5,93.60000000000001
Z5.2.A.01,2023,MMR Dose 2 by Age 17,2006,84.36000000000001,4.140000000000001,-2.0,92.62
Z5.2.A.01,2023,MMR Dose 2 by Age 2,2021,55.790000000000006,5.8100000000000005,-2.33,69.32
Z5.2.A.01,2014,MMR Dose 2 by Age 7,2007,60.160000000000004,5.46,-3.74,80.57
Z5.2.A.01,2015,MMR Dose 2 by Age 7,2008,72.51,5.03,-1.7500000000000002,81.30000000000001
Z5.2.A.01,2016,MMR Dose 2 by Age 7,2009,79.72,3.8200000000000003,-0.6200000000000001,82.10000000000001
Z5.2.A.01,2017,MMR Dose 2 by Age 7,2010,64.95,4.890000000000001,-3.41,81.63000000000001
Z5.2.A.01,2018,MMR Dose 2 by Age 7,2011,61.51,5.09,-3.85,81.08
Z5.2.A.01,2019,MMR Dose 2 by Age 7,2012,63.160000000000004,5.59,-3.3200000000000003,81.72
Z5.2.A.01,2020,MMR Dose 2 by Age 7,2013,55.25,5.57,-4.01,77.60000000000001
Z5.2.A.01,2021,MMR Dose 2 by Age 7,2014,62.14,5.95,-2.11,74.73
Z5.2.A.01,2022,MMR Dose 2 by Age 7,2015,50.5,5.6000000000000005,-4.21,74.08
Z5.2.A.01,2023,MMR Dose 2 by Age 7,2016,54.82000000000001,6.26,-2.8400000000000003,72.63000000000001
Z5.2.A.04,2014,MMR Dose 1 by Age 13,2001,91.7,1.9200000000000002,-2.4400000000000004,96.38000000000001
Z5.2.A.04,2015,MMR Dose 1 by Age 13,2002,95.62,1.36,-0.6600000000000001,96.51
Z5.2.A.04,2016,MMR Dose 1 by Age 13,2003,96.16000000000001,1.1300000000000001,-0.44,96.66000000000001
Z5.2.A.04,2017,MMR Dose 1 by Age 13,2004,95.87,1.1500000000000001,-0.91,96.92
Z5.2.A.04,2018,MMR Dose 1 by Age 13,2005,94.56,1.4200000000000002,-1.7800000000000002,97.09
Z5.2.A.04,2019,MMR Dose 1 by Age 13,2006,94.01,1.3800000000000001,-2.03,96.81000000000002
Z5.2.A.04,2020,MMR Dose 1 by Age 13,2007,95.42,1.1600000000000001,-0.76,96.30000000000001
Z5.2.A.04,2021,MMR Dose 1 by Age 13,2008,92.53,1.62,-1.9200000000000002,95.64000000000001
Z5.2.A.04,2022,MMR Dose 1 by Age 13,2009,93.9,1.4100000000000001,-0.96,95.25
Z5.2.A.04,2023,MMR Dose 1 by Age 13,2010,91.53,1.7100000000000002,-2.0,94.95
Z5.2.A.04,2014,MMR Dose 1 by Age 17,1997,93.93,1.4800000000000002,-1.55,96.23
Z5.2.A.04,2015,MMR Dose 1 by Age 17,1998,92.47,1.6800000000000002,-2.41,96.51
Z5.2.A.04,2016,MMR Dose 1 by Age 17,1999,92.21000000000001,1.6600000000000001,-2.72,96.71000000000001
Z5.2.A.04,2017,MMR Dose 1 by Age 17,2000,98.06,0.8400000000000001,1.34,96.94000000000001
Z5.2.A.04,2018,MMR Dose 1 by Age 17,2001,92.89000000000001,1.82,-2.2800000000000002,97.03
Z5.2.A.04,2019,MMR Dose 1 by Age 17,2002,96.2,1.3,-0.79,97.22
Z5.2.A.04,2020,MMR Dose 1 by Age 17,2003,96.57,1.04,-1.1300000000000001,97.75
Z5.2.A.04,2021,MMR Dose 1 by Age 17,2004,96.57,1.03,-1.2400000000000002,97.84000000000002
Z5.2.A.04,2022,MMR Dose 1 by Age 17,2005,95.7,1.2300000000000002,-1.7200000000000002,97.83000000000001
Z5.2.A.04,2023,MMR Dose 1 by Age 17,2006,95.55,1.1900000000000002,-1.4500000000000002,97.27
Z5.2.A.04,2014,MMR Dose 1 by Age 2,2012,83.48,2.2800000000000002,-2.0,88.05
Z5.2.A.04,2015,MMR Dose 1 by Age 2,2013,79.98,2.52,-2.83,87.11000000000001
Z5.2.A.04,2016,MMR Dose 1 by Age 2,2014,78.58,2.53,-3.4400000000000004,87.29
Z5.2.A.04,2017,MMR Dose 1 by Age 2,2015,76.39,2.57,-4.15,87.05
Z5.2.A.04,2018,MMR Dose 1 by Age 2,2016,71.0,2.8000000000000003,-5.61,86.73
Z5.2.A.04,2019,MMR Dose 1 by Age 2,2017,74.7,2.73,-4.48,86.96000000000001
Z5.2.A.04,2020,MMR Dose 1 by Age 2,2018,73.43,2.89,-4.58,86.65
Z5.2.A.04,2021,MMR Dose 1 by Age 2,2019,64.22,3.3000000000000003,-5.75,83.2
Z5.2.A.04,2022,MMR Dose 1 by Age 2,2020,65.83,3.4800000000000004,-4.66,82.07
Z5.2.A.04,2023,MMR Dose 1 by Age 2,2021,72.99000000000001,3.15,-2.75,81.67
Z5.2.A.04,2014,MMR Dose 2 by Age 13,2001,86.93,2.3600000000000003,-2.04,91.76
Z5.2.A.04,2015,MMR Dose 2 by Age 13,2002,90.56,1.9100000000000001,-0.59,91.68
Z5.2.A.04,2016,MMR Dose 2 by Age 13,2003,89.18,1.9000000000000001,-1.05,91.18
Z5.2.A.04,2017,MMR Dose 2 by Age 13,2004,88.36000000000001,2.06,-1.5,91.45
Z5.2.A.04,2018,MMR Dose 2 by Age 13,2005,92.16000000000001,1.7200000000000002,0.48000000000000004,91.34000000000002
Z5.2.A.04,2019,MMR Dose 2 by Age 13,2006,85.62,2.12,-2.75,91.46000000000001
Z5.2.A.04,2020,MMR Dose 2 by Age 13,2007,89.37,1.87,-0.88,91.01
Z5.2.A.04,2021,MMR Dose 2 by Age 13,2008,80.16000000000001,2.45,-3.93,89.81000000000002
Z5.2.A.04,2022,MMR Dose 2 by Age 13,2009,85.13000000000001,2.09,-2.25,89.83000000000001
Z5.2.A.04,2023,MMR Dose 2 by Age 13,2010,83.58,2.2600000000000002,-2.67,89.61000000000001
Z5.2.A.04,2014,MMR Dose 2 by Age 17,1997,91.58,1.7400000000000002,-0.47000000000000003,92.41000000000001
Z5.2.A.04,2015,MMR Dose 2 by Age 17,1998,91.30000000000001,1.82,-0.79,92.75
Z5.2.A.04,2016,MMR Dose 2 by Age 17,1999,88.88000000000001,1.9300000000000002,-2.25,93.22
Z5.2.A.04,2017,MMR Dose 2 by Age 17,2000,96.66000000000001,1.04,3.04,93.49000000000001
Z5.2.A.04,2018,MMR Dose 2 by Age 17,2001,91.57,1.9200000000000002,-0.9400000000000001,93.37
Z5.2.A.04,2019,MMR Dose 2 by Age 17,2002,91.94000000000001,1.7900000000000003,-0.91,93.56
Z5.2.A.04,2020,MMR Dose 2 by Age 17,2003,91.38000000000001,1.6800000000000002,-1.7500000000000002,94.32000000000001
Z5.2.A.04,2021,MMR Dose 2 by Age 17,2004,91.49000000000001,1.7500000000000002,-1.6300000000000001,94.35000000000001
Z5.2.A.04,2022,MMR Dose 2 by Age 17,2005,93.86000000000001,1.4800000000000002,0.17,93.60000000000001
Z5.2.A.04,2023,MMR Dose 2 by Age 17,2006,87.71000000000001,1.9800000000000002,-2.4800000000000004,92.62
Z5.2.A.04,2023,MMR Dose 2 by Age 2,2021,51.32000000000001,3.56,-5.06,69.32
Z5.2.A.04,2014,MMR Dose 2 by Age 7,2007,77.07,2.63,-1.33,80.57
Z5.2.A.04,2015,MMR Dose 2 by Age 7,2008,73.54,2.74,-2.8400000000000003,81.30000000000001
Z5.2.A.04,2016,MMR Dose 2 by Age 7,2009,74.28,2.62,-2.99,82.10000000000001
Z5.2.A.04,2017,MMR Dose 2 by Age 7,2010,75.72,2.59,-2.2800000000000002,81.63000000000001
Z5.2.A.04,2018,MMR Dose 2 by Age 7,2011,73.86999999999999,2.6,-2.7800000000000002,81.08
Z5.2.A.04,2019,MMR Dose 2 by Age 7,2012,78.34000000000002,2.53,-1.34,81.72
Z5.2.A.04,2020,MMR Dose 2 by Age 7,2013,63.970000000000006,3.07,-4.45,77.60000000000001
Z5.2.A.04,2021,MMR Dose 2 by Age 7,2014,67.01,2.97,-2.6,74.73
Z5.2.A.04,2022,MMR Dose 2 by Age 7,2015,62.970000000000006,2.97,-3.74,74.08
Z5.2.A.04,2023,MMR Dose 2 by Age 7,2016,63.870000000000005,3.02,-2.9000000000000004,72.63000000000001
Z5.2.A.05,2014,MMR Dose 1 by Age 13,2001,88.93,4.870000000000001,-1.53,96.38000000000001
Z5.2.A.05,2015,MMR Dose 1 by Age 13,2002,89.73,4.7700000000000005,-1.4200000000000002,96.51
Z5.2.A.05,2016,MMR Dose 1 by Age 13,2003,98.54,1.85,1.02,96.66000000000001
Z5.2.A.05,2017,MMR Dose 1 by Age 13,2004,92.76,3.83,-1.09,96.92
Z5.2.A.05,2018,MMR Dose 1 by Age 13,2005,86.28,5.430000000000001,-1.9900000000000002,97.09
Z5.2.A.05,2019,MMR Dose 1 by Age 13,2006,89.47,4.71,-1.56,96.81000000000002
Z5.2.A.05,2020,MMR Dose 1 by Age 13,2007,89.06,4.4,-1.6400000000000001,96.30000000000001
Z5.2.A.05,2021,MMR Dose 1 by Age 13,2008,91.33000000000001,4.58,-0.9400000000000001,95.64000000000001
Z5.2.A.05,2022,MMR Dose 1 by Age 13,2009,89.42,4.21,-1.3900000000000001,95.25
Z5.2.A.05,2023,MMR Dose 1 by Age 13,2010,85.0,5.470000000000001,-1.82,94.95
Z5.2.A.05,2014,MMR Dose 1 by Age 17,1997,90.56,4.11,-1.3800000000000001,96.23
Z5.2.A.05,2015,MMR Dose 1 by Age 17,1998,94.32000000000001,2.8200000000000003,-0.77,96.51
Z5.2.A.05,2016,MMR Dose 1 by Age 17,1999,88.22,4.640000000000001,-1.83,96.71000000000001
Z5.2.A.05,2017,MMR Dose 1 by Age 17,2000,95.22,2.91,-0.59,96.94000000000001
Z5.2.A.05,2018,MMR Dose 1 by Age 17,2001,88.93,4.870000000000001,-1.6600000000000001,97.03
Z5.2.A.05,2019,MMR Dose 1 by Age 17,2002,89.73,4.7700000000000005,-1.57,97.22
Z5.2.A.05,2020,MMR Dose 1 by Age 17,2003,98.54,1.85,0.43000000000000005,97.75
Z5.2.A.05,2021,MMR Dose 1 by Age 17,2004,92.76,3.83,-1.33,97.84000000000002
Z5.2.A.05,2022,MMR Dose 1 by Age 17,2005,88.76,4.98,-1.82,97.83000000000001
Z5.2.A.05,2023,MMR Dose 1 by Age 17,2006,89.47,4.71,-1.6500000000000001,97.27
Z5.2.A.05,2014,MMR Dose 1 by Age 2,2012,93.99000000000001,3.62,1.6400000000000001,88.05
Z5.2.A.05,2015,MMR Dose 1 by Age 2,2013,82.91000000000001,5.680000000000001,-0.7400000000000001,87.11000000000001
Z5.2.A.05,2016,MMR Dose 1 by Age 2,2014,91.24000000000001,3.65,1.08,87.29
Z5.2.A.05,2017,MMR Dose 1 by Age 2,2015,84.09,4.78,-0.6200000000000001,87.05
Z5.2.A.05,2018,MMR Dose 1 by Age 2,2016,77.45,6.670000000000001,-1.3900000000000001,86.73
Z5.2.A.05,2019,MMR Dose 1 by Age 2,2017,75.47,6.630000000000001,-1.7300000000000002,86.96000000000001
Z5.2.A.05,2020,MMR Dose 1 by Age 2,2018,79.06,7.2700000000000005,-1.04,86.65
Z5.2.A.05,2021,MMR Dose 1 by Age 2,2019,81.38000000000001,6.56,-0.28,83.2
Z5.2.A.05,2022,MMR Dose 1 by Age 2,2020,65.92,8.07,-2.0,82.07
Z5.2.A.05,2023,MMR Dose 1 by Age 2,2021,67.44000000000001,7.380000000000001,-1.9300000000000002,81.67
Z5.2.A.05,2014,MMR Dose 2 by Age 13,2001,83.85000000000001,5.08,-1.56,91.76
Z5.2.A.05,2015,MMR Dose 2 by Age 13,2002,83.19000000000001,5.23,-1.62,91.68
Z5.2.A.05,2016,MMR Dose 2 by Age 13,2003,92.99000000000001,3.56,0.51,91.18
Z5.2.A.05,2017,MMR Dose 2 by Age 13,2004,86.53,6.48,-0.76,91.45
Z5.2.A.05,2018,MMR Dose 2 by Age 13,2005,79.25,5.65,-2.14,91.34000000000002
Z5.2.A.05,2019,MMR Dose 2 by Age 13,2006,89.94000000000001,4.28,-0.36000000000000004,91.46000000000001
Z5.2.A.05,2020,MMR Dose 2 by Age 13,2007,83.79,4.680000000000001,-1.54,91.01
Z5.2.A.05,2021,MMR Dose 2 by Age 13,2008,80.13000000000001,5.91,-1.6400000000000001,89.81000000000002
Z5.2.A.05,2022,MMR Dose 2 by Age 13,2009,76.93,6.02,-2.14,89.83000000000001
Z5.2.A.05,2023,MMR Dose 2 by Age 13,2010,86.83000000000001,4.5,-0.6200000000000001,89.61000000000001
Z5.2.A.05,2014,MMR Dose 2 by Age 17,1997,92.21000000000001,3.59,-0.06,92.41000000000001
Z5.2.A.05,2015,MMR Dose 2 by Age 17,1998,92.84000000000002,3.16,0.03,92.75
Z5.2.A.05,2016,MMR Dose 2 by Age 17,1999,80.10000000000001,5.91,-2.22,93.22
Z5.2.A.05,2017,MMR Dose 2 by Age 17,2000,83.39000000000001,5.79,-1.7400000000000002,93.49000000000001
Z5.2.A.05,2018,MMR Dose 2 by Age 17,2001,86.33000000000001,4.86,-1.4500000000000002,93.37
Z5.2.A.05,2019,MMR Dose 2 by Age 17,2002,86.24000000000001,5.09,-1.4400000000000002,93.56
Z5.2.A.05,2020,MMR Dose 2 by Age 17,2003,97.29,2.12,1.4000000000000001,94.32000000000001
Z5.2.A.05,2021,MMR Dose 2 by Age 17,2004,92.48,4.79,-0.39,94.35000000000001
Z5.2.A.05,2022,MMR Dose 2 by Age 17,2005,82.72,5.22,-2.09,93.60000000000001
Z5.2.A.05,2023,MMR Dose 2 by Age 17,2006,89.94000000000001,4.28,-0.6300000000000001,92.62
Z5.2.A.05,2023,MMR Dose 2 by Age 2,2021,52.39000000000001,7.7,-2.2,69.32
Z5.2.A.05,2014,MMR Dose 2 by Age 7,2007,63.95,6.55,-2.54,80.57
Z5.2.A.05,2015,MMR Dose 2 by Age 7,2008,75.34,6.2700000000000005,-0.9500000000000001,81.30000000000001
Z5.2.A.05,2016,MMR Dose 2 by Age 7,2009,71.34,6.55,-1.6400000000000001,82.10000000000001
Z5.2.A.05,2017,MMR Dose 2 by Age 7,2010,74.04,6.26,-1.2100000000000002,81.63000000000001
Z5.2.A.05,2018,MMR Dose 2 by Age 7,2011,73.86,6.53,-1.1,81.08
Z5.2.A.05,2019,MMR Dose 2 by Age 7,2012,70.62,7.180000000000001,-1.55,81.72
Z5.2.A.05,2020,MMR Dose 2 by Age 7,2013,69.0,6.58,-1.31,77.60000000000001
Z5.2.A.05,2021,MMR Dose 2 by Age 7,2014,88.92,4.25,3.3400000000000003,74.73
Z5.2.A.05,2022,MMR Dose 2 by Age 7,2015,78.35000000000001,5.3500000000000005,0.8,74.08
Z5.2.A.05,2023,MMR Dose 2 by Age 7,2016,53.95,8.12,-2.3000000000000003,72.63000000000001
Z5.2.B.02,2014,MMR Dose 1 by Age 13,2001,92.08,2.3000000000000003,-1.87,96.38000000000001
Z5.2.B.02,2015,MMR Dose 1 by Age 13,2002,95.18,1.4900000000000002,-0.89,96.51
Z5.2.B.02,2016,MMR Dose 1 by Age 13,2003,96.88000000000001,0.97,0.23,96.66000000000001
Z5.2.B.02,2017,MMR Dose 1 by Age 13,2004,96.92,0.96,0.0,96.92
Z5.2.B.02,2018,MMR Dose 1 by Age 13,2005,97.80000000000001,0.79,0.89,97.09
Z5.2.B.02,2019,MMR Dose 1 by Age 13,2006,97.2,0.8300000000000001,0.46,96.81000000000002
Z5.2.B.02,2020,MMR Dose 1 by Age 13,2007,97.71000000000001,0.6900000000000001,2.04,96.30000000000001
Z5.2.B.02,2021,MMR Dose 1 by Age 13,2008,95.87,0.97,0.24000000000000002,95.64000000000001
Z5.2.B.02,2022,MMR Dose 1 by Age 13,2009,96.2,0.91,1.04,95.25
Z5.2.B.02,2023,MMR Dose 1 by Age 13,2010,92.79,1.4100000000000001,-1.53,94.95
Z5.2.B.02,2014,MMR Dose 1 by Age 17,1997,80.19000000000001,2.65,-6.05,96.23
Z5.2.B.02,2015,MMR Dose 1 by Age 17,1998,82.07,2.69,-5.370000000000001,96.51
Z5.2.B.02,2016,MMR Dose 1 by Age 17,1999,83.92,2.9000000000000004,-4.42,96.71000000000001
Z5.2.B.02,2017,MMR Dose 1 by Age 17,2000,89.41000000000001,2.3000000000000003,-3.27,96.94000000000001
Z5.2.B.02,2018,MMR Dose 1 by Age 17,2001,93.4,2.1,-1.7300000000000002,97.03
Z5.2.B.02,2019,MMR Dose 1 by Age 17,2002,96.17,1.2500000000000002,-0.8400000000000001,97.22
Z5.2.B.02,2020,MMR Dose 1 by Age 17,2003,97.67,0.78,-0.1,97.75
Z5.2.B.02,2021,MMR Dose 1 by Age 17,2004,97.98,0.7000000000000001,0.2,97.84000000000002
Z5.2.B.02,2022,MMR Dose 1 by Age 17,2005,97.93,0.7500000000000001,0.14,97.83000000000001
Z5.2.B.02,2023,MMR Dose 1 by Age 17,2006,97.89000000000001,0.68,0.91,97.27
Z5.2.B.02,2014,MMR Dose 1 by Age 2,2012,92.2,1.4200000000000002,2.9200000000000004,88.05
Z5.2.B.02,2015,MMR Dose 1 by Age 2,2013,88.25,1.58,0.7200000000000001,87.11000000000001
Z5.2.B.02,2016,MMR Dose 1 by Age 2,2014,88.42,1.7200000000000002,0.6600000000000001,87.29
Z5.2.B.02,2017,MMR Dose 1 by Age 2,2015,91.19000000000001,1.4400000000000002,2.87,87.05
Z5.2.B.02,2018,MMR Dose 1 by Age 2,2016,88.75,1.6,1.2600000000000002,86.73
Z5.2.B.02,2019,MMR Dose 1 by Age 2,2017,86.15,1.9000000000000001,-0.42000000000000004,86.96000000000001
Z5.2.B.02,2020,MMR Dose 1 by Age 2,2018,87.53,1.81,0.48000000000000004,86.65
Z5.2.B.02,2021,MMR Dose 1 by Age 2,2019,87.12,1.9400000000000002,2.03,83.2
Z5.2.B.02,2022,MMR Dose 1 by Age 2,2020,80.84000000000002,2.3000000000000003,-0.53,82.07
Z5.2.B.02,2023,MMR Dose 1 by Age 2,2021,88.18,1.83,3.57,81.67
Z5.2.B.02,2014,MMR Dose 2 by Age 13,2001,91.87,1.7900000000000003,0.06,91.76
Z5.2.B.02,2015,MMR Dose 2 by Age 13,2002,91.5,1.6700000000000002,-0.11,91.68
Z5.2.B.02,2016,MMR Dose 2 by Age 13,2003,91.21000000000001,1.6900000000000002,0.02,91.18
Z5.2.B.02,2017,MMR Dose 2 by Age 13,2004,91.72,1.55,0.17,91.45
Z5.2.B.02,2018,MMR Dose 2 by Age 13,2005,89.53,1.7300000000000002,-1.04,91.34000000000002
Z5.2.B.02,2019,MMR Dose 2 by Age 13,2006,88.65,1.7100000000000002,-1.6400000000000001,91.46000000000001
Z5.2.B.02,2020,MMR Dose 2 by Age 13,2007,91.48,1.4200000000000002,0.33000000000000007,91.01
Z5.2.B.02,2021,MMR Dose 2 by Age 13,2008,90.27,1.4700000000000002,0.32000000000000006,89.81000000000002
Z5.2.B.02,2022,MMR Dose 2 by Age 13,2009,90.56,1.4300000000000002,0.51,89.83000000000001
Z5.2.B.02,2023,MMR Dose 2 by Age 13,2010,88.53,1.61,-0.6600000000000001,89.61000000000001
Z5.2.B.02,2014,MMR Dose 2 by Age 17,1997,81.39000000000001,2.58,-4.2700000000000005,92.41000000000001
Z5.2.B.02,2015,MMR Dose 2 by Age 17,1998,82.68,2.57,-3.91,92.75
Z5.2.B.02,2016,MMR Dose 2 by Age 17,1999,91.48,1.8,-0.96,93.22
Z5.2.B.02,2017,MMR Dose 2 by Age 17,2000,92.67,1.6800000000000002,-0.49,93.49000000000001
Z5.2.B.02,2018,MMR Dose 2 by Age 17,2001,93.62,1.57,0.16,93.37
Z5.2.B.02,2019,MMR Dose 2 by Age 17,2002,93.77,1.3900000000000001,0.15000000000000002,93.56
Z5.2.B.02,2020,MMR Dose 2 by Age 17,2003,94.34000000000002,1.2900000000000003,0.01,94.32000000000001
Z5.2.B.02,2021,MMR Dose 2 by Age 17,2004,94.81000000000002,1.1500000000000001,0.4,94.35000000000001
Z5.2.B.02,2022,MMR Dose 2 by Age 17,2005,91.38000000000001,1.54,-1.4400000000000002,93.60000000000001
Z5.2.B.02,2023,MMR Dose 2 by Age 17,2006,90.28,1.57,-1.4900000000000002,92.62
Z5.2.B.02,2023,MMR Dose 2 by Age 2,2021,70.62,2.57,0.51,69.32
Z5.2.B.02,2014,MMR Dose 2 by Age 7,2007,82.81000000000002,2.03,1.1,80.57
Z5.2.B.02,2015,MMR Dose 2 by Age 7,2008,82.71000000000001,1.9200000000000002,0.7300000000000001,81.30000000000001
Z5.2.B.02,2016,MMR Dose 2 by Age 7,2009,84.37,1.86,1.2200000000000002,82.10000000000001
Z5.2.B.02,2017,MMR Dose 2 by Age 7,2010,84.25,1.8900000000000001,1.3800000000000001,81.63000000000001
Z5.2.B.02,2018,MMR Dose 2 by Age 7,2011,83.37,1.7800000000000002,1.2900000000000003,81.08
Z5.2.B.02,2019,MMR Dose 2 by Age 7,2012,87.87,1.58,3.8800000000000003,81.72
Z5.2.B.02,2020,MMR Dose 2 by Age 7,2013,80.16000000000001,1.9200000000000002,1.33,77.60000000000001
Z5.2.B.02,2021,MMR Dose 2 by Age 7,2014,73.07,2.4400000000000004,-0.68,74.73
Z5.2.B.02,2022,MMR Dose 2 by Age 7,2015,77.33000000000001,2.13,1.52,74.08
Z5.2.B.02,2023,MMR Dose 2 by Age 7,2016,76.65,2.19,1.84,72.63000000000001
Z5.2.B.03,2014,MMR Dose 1 by Age 13,2001,94.03,1.55,-1.52,96.38000000000001
Z5.2.B.03,2015,MMR Dose 1 by Age 13,2002,93.66000000000001,1.6400000000000001,-1.7400000000000002,96.51
Z5.2.B.03,2016,MMR Dose 1 by Age 13,2003,90.19000000000001,2.0,-3.23,96.66000000000001
Z5.2.B.03,2017,MMR Dose 1 by Age 13,2004,97.22,1.01,0.30000000000000004,96.92
Z5.2.B.03,2018,MMR Dose 1 by Age 13,2005,93.37,1.59,-2.35,97.09
Z5.2.B.03,2019,MMR Dose 1 by Age 13,2006,92.79,1.6700000000000002,-2.4000000000000004,96.81000000000002
Z5.2.B.03,2020,MMR Dose 1 by Age 13,2007,92.83000000000001,1.57,-2.21,96.30000000000001
Z5.2.B.03,2021,MMR Dose 1 by Age 13,2008,92.60000000000001,1.6600000000000001,-1.83,95.64000000000001
Z5.2.B.03,2022,MMR Dose 1 by Age 13,2009,90.32000000000001,1.85,-2.67,95.25
Z5.2.B.03,2023,MMR Dose 1 by Age 13,2010,93.92,1.36,-0.76,94.95
Z5.2.B.03,2014,MMR Dose 1 by Age 17,1997,90.11000000000001,2.1,-2.9200000000000004,96.23
Z5.2.B.03,2015,MMR Dose 1 by Age 17,1998,93.31000000000002,1.7500000000000002,-1.83,96.51
Z5.2.B.03,2016,MMR Dose 1 by Age 17,1999,92.7,1.82,-2.2,96.71000000000001
Z5.2.B.03,2017,MMR Dose 1 by Age 17,2000,92.73,1.85,-2.27,96.94000000000001
Z5.2.B.03,2018,MMR Dose 1 by Age 17,2001,94.37,1.5,-1.7700000000000002,97.03
Z5.2.B.03,2019,MMR Dose 1 by Age 17,2002,94.88000000000001,1.4300000000000002,-1.6300000000000001,97.22
Z5.2.B.03,2020,MMR Dose 1 by Age 17,2003,90.19000000000001,2.0,-3.7800000000000002,97.75
Z5.2.B.03,2021,MMR Dose 1 by Age 17,2004,97.41000000000001,0.9500000000000001,-0.45,97.84000000000002
Z5.2.B.03,2022,MMR Dose 1 by Age 17,2005,93.37,1.59,-2.81,97.83000000000001
Z5.2.B.03,2023,MMR Dose 1 by Age 17,2006,93.60000000000001,1.55,-2.37,97.27
Z5.2.B.03,2014,MMR Dose 1 by Age 2,2012,89.0,1.9500000000000002,0.49,88.05
Z5.2.B.03,2015,MMR Dose 1 by Age 2,2013,87.89000000000001,2.04,0.38000000000000006,87.11000000000001
Z5.2.B.03,2016,MMR Dose 1 by Age 2,2014,86.88000000000001,2.19,-0.19,87.29
Z5.2.B.03,2017,MMR Dose 1 by Age 2,2015,85.08,2.29,-0.8600000000000001,87.05
Z5.2.B.03,2018,MMR Dose 1 by Age 2,2016,82.08,2.69,-1.7300000000000002,86.73
Z5.2.B.03,2019,MMR Dose 1 by Age 2,2017,82.97,2.57,-1.55,86.96000000000001
Z5.2.B.03,2020,MMR Dose 1 by Age 2,2018,82.67,2.75,-1.4500000000000002,86.65
Z5.2.B.03,2021,MMR Dose 1 by Age 2,2019,82.39000000000001,2.74,-0.29000000000000004,83.2
Z5.2.B.03,2022,MMR Dose 1 by Age 2,2020,78.53,2.97,-1.1900000000000002,82.07
Z5.2.B.03,2023,MMR Dose 1 by Age 2,2021,78.16000000000001,3.06,-1.1500000000000001,81.67
Z5.2.B.03,2014,MMR Dose 2 by Age 13,2001,91.21000000000001,1.84,-0.30000000000000004,91.76
Z5.2.B.03,2015,MMR Dose 2 by Age 13,2002,93.31000000000002,1.56,1.04,91.68
Z5.2.B.03,2016,MMR Dose 2 by Age 13,2003,88.95,2.12,-1.05,91.18
Z5.2.B.03,2017,MMR Dose 2 by Age 13,2004,94.56,1.4500000000000002,2.14,91.45
Z5.2.B.03,2018,MMR Dose 2 by Age 13,2005,90.87,1.81,-0.26,91.34000000000002
Z5.2.B.03,2019,MMR Dose 2 by Age 13,2006,87.69000000000001,2.2600000000000002,-1.6700000000000002,91.46000000000001
Z5.2.B.03,2020,MMR Dose 2 by Age 13,2007,85.99000000000001,2.1,-2.39,91.01
Z5.2.B.03,2021,MMR Dose 2 by Age 13,2008,87.38000000000001,2.06,-1.1800000000000002,89.81000000000002
Z5.2.B.03,2022,MMR Dose 2 by Age 13,2009,83.43,2.2600000000000002,-2.83,89.83000000000001
Z5.2.B.03,2023,MMR Dose 2 by Age 13,2010,89.16000000000001,1.82,-0.25,89.61000000000001
Z5.2.B.03,2014,MMR Dose 2 by Age 17,1997,91.30000000000001,1.8900000000000001,-0.59,92.41000000000001
Z5.2.B.03,2015,MMR Dose 2 by Age 17,1998,89.99000000000001,2.07,-1.33,92.75
Z5.2.B.03,2016,MMR Dose 2 by Age 17,1999,92.83000000000001,1.7400000000000002,-0.22,93.22
Z5.2.B.03,2017,MMR Dose 2 by Age 17,2000,90.29,2.06,-1.55,93.49000000000001
Z5.2.B.03,2018,MMR Dose 2 by Age 17,2001,92.32000000000001,1.7200000000000002,-0.6100000000000001,93.37
Z5.2.B.03,2019,MMR Dose 2 by Age 17,2002,95.24000000000001,1.2500000000000002,1.34,93.56
Z5.2.B.03,2020,MMR Dose 2 by Age 17,2003,90.64000000000001,1.9500000000000002,-1.8800000000000001,94.32000000000001
Z5.2.B.03,2021,MMR Dose 2 by Age 17,2004,95.15,1.35,0.59,94.35000000000001
Z5.2.B.03,2022,MMR Dose 2 by Age 17,2005,91.97,1.7000000000000002,-0.96,93.60000000000001
Z5.2.B.03,2023,MMR Dose 2 by Age 17,2006,88.57,2.18,-1.86,92.62
Z5.2.B.03,2023,MMR Dose 2 by Age 2,2021,67.96000000000001,3.43,-0.4,69.32
Z5.2.B.03,2014,MMR Dose 2 by Age 7,2007,78.9,2.4800000000000004,-0.6700000000000002,80.57
Z5.2.B.03,2015,MMR Dose 2 by Age 7,2008,83.30000000000001,2.33,0.8600000000000001,81.30000000000001
Z5.2.B.03,2016,MMR Dose 2 by Age 7,2009,78.21000000000001,2.5,-1.55,82.10000000000001
Z5.2.B.03,2017,MMR Dose 2 by Age 7,2010,84.66000000000001,2.18,1.3900000000000001,81.63000000000001
Z5.2.B.03,2018,MMR Dose 2 by Age 7,2011,82.56,2.29,0.6500000000000001,81.08
Z5.2.B.03,2019,MMR Dose 2 by Age 7,2012,80.34000000000002,2.52,-0.55,81.72
Z5.2.B.03,2020,MMR Dose 2 by Age 7,2013,81.94000000000001,2.5,1.7300000000000002,77.60000000000001
Z5.2.B.03,2021,MMR Dose 2 by Age 7,2014,76.68,2.7600000000000002,0.7100000000000001,74.73
Z5.2.B.03,2022,MMR Dose 2 by Age 7,2015,78.81000000000002,2.65,1.7800000000000002,74.08
Z5.2.B.03,2023,MMR Dose 2 by Age 7,2016,71.3,3.07,-0.43000000000000005,72.63000000000001
Z5.2.C.06,2014,MMR Dose 1 by Age 13,2001,88.17,4.49,-1.83,96.38000000000001
Z5.2.C.06,2015,MMR Dose 1 by Age 13,2002,93.15,3.8800000000000003,-0.8600000000000001,96.51
Z5.2.C.06,2016,MMR Dose 1 by Age 13,2003,98.53,1.55,1.2100000000000002,96.66000000000001
Z5.2.C.06,2017,MMR Dose 1 by Age 13,2004,88.74000000000001,5.51,-1.4800000000000002,96.92
Z5.2.C.06,2018,MMR Dose 1 by Age 13,2005,90.51,4.54,-1.4500000000000002,97.09
Z5.2.C.06,2019,MMR Dose 1 by Age 13,2006,98.96000000000001,1.6400000000000001,1.31,96.81000000000002
Z5.2.C.06,2020,MMR Dose 1 by Age 13,2007,92.49000000000001,4.15,-0.92,96.30000000000001
Z5.2.C.06,2021,MMR Dose 1 by Age 13,2008,98.89000000000001,1.4700000000000002,2.22,95.64000000000001
Z5.2.C.06,2022,MMR Dose 1 by Age 13,2009,93.32000000000001,4.8100000000000005,-0.4,95.25
Z5.2.C.06,2023,MMR Dose 1 by Age 13,2010,94.33000000000001,3.51,-0.18,94.95
Z5.2.C.06,2014,MMR Dose 1 by Age 17,1997,99.60000000000001,0.56,6.05,96.23
Z5.2.C.06,2015,MMR Dose 1 by Age 17,1998,96.33000000000001,2.63,-0.07,96.51
Z5.2.C.06,2016,MMR Dose 1 by Age 17,1999,89.06,4.680000000000001,-1.6300000000000001,96.71000000000001
Z5.2.C.06,2017,MMR Dose 1 by Age 17,2000,99.39000000000001,0.98,2.51,96.94000000000001
Z5.2.C.06,2018,MMR Dose 1 by Age 17,2001,88.17,4.49,-1.9700000000000002,97.03
Z5.2.C.06,2019,MMR Dose 1 by Age 17,2002,93.15,3.8800000000000003,-1.05,97.22
Z5.2.C.06,2020,MMR Dose 1 by Age 17,2003,98.53,1.55,0.51,97.75
Z5.2.C.06,2021,MMR Dose 1 by Age 17,2004,92.82000000000001,4.2,-1.2000000000000002,97.84000000000002
Z5.2.C.06,2022,MMR Dose 1 by Age 17,2005,90.51,4.54,-1.61,97.83000000000001
Z5.2.C.06,2023,MMR Dose 1 by Age 17,2006,98.96000000000001,1.6400000000000001,1.03,97.27
Z5.2.C.06,2014,MMR Dose 1 by Age 2,2012,88.69000000000001,5.19,0.12000000000000001,88.05
Z5.2.C.06,2015,MMR Dose 1 by Age 2,2013,87.28,4.65,0.04,87.11000000000001
Z5.2.C.06,2016,MMR Dose 1 by Age 2,2014,83.30000000000001,5.470000000000001,-0.7300000000000001,87.29
Z5.2.C.06,2017,MMR Dose 1 by Age 2,2015,82.49000000000001,6.86,-0.6700000000000002,87.05
Z5.2.C.06,2018,MMR Dose 1 by Age 2,2016,83.86000000000001,6.170000000000001,-0.47000000000000003,86.73
Z5.2.C.06,2019,MMR Dose 1 by Age 2,2017,75.35,7.09,-1.6400000000000001,86.96000000000001
Z5.2.C.06,2020,MMR Dose 1 by Age 2,2018,78.68,6.830000000000001,-1.1700000000000002,86.65
Z5.2.C.06,2021,MMR Dose 1 by Age 2,2019,81.31000000000002,7.180000000000001,-0.26,83.2
Z5.2.C.06,2022,MMR Dose 1 by Age 2,2020,78.4,6.28,-0.58,82.07
Z5.2.C.06,2023,MMR Dose 1 by Age 2,2021,69.62,8.01,-1.5,81.67
Z5.2.C.06,2014,MMR Dose 2 by Age 13,2001,85.01,5.28,-1.2800000000000002,91.76
Z5.2.C.06,2015,MMR Dose 2 by Age 13,2002,86.2,5.92,-0.93,91.68
Z5.2.C.06,2016,MMR Dose 2 by Age 13,2003,93.91000000000001,3.17,0.8600000000000001,91.18
Z5.2.C.06,2017,MMR Dose 2 by Age 13,2004,88.61000000000001,5.170000000000001,-0.55,91.45
Z5.2.C.06,2018,MMR Dose 2 by Age 13,2005,87.37,5.42,-0.7300000000000001,91.34000000000002
Z5.2.C.06,2019,MMR Dose 2 by Age 13,2006,98.99000000000001,1.02,7.380000000000001,91.46000000000001
Z5.2.C.06,2020,MMR Dose 2 by Age 13,2007,82.77,6.03,-1.37,91.01
Z5.2.C.06,2021,MMR Dose 2 by Age 13,2008,93.42,3.45,1.05,89.81000000000002
Z5.2.C.06,2022,MMR Dose 2 by Age 13,2009,93.45,4.12,0.88,89.83000000000001
Z5.2.C.06,2023,MMR Dose 2 by Age 13,2010,87.5,5.16,-0.41000000000000003,89.61000000000001
Z5.2.C.06,2014,MMR Dose 2 by Age 17,1997,98.87,1.1700000000000002,5.53,92.41000000000001
Z5.2.C.06,2015,MMR Dose 2 by Age 17,1998,91.73,3.99,-0.26,92.75
Z5.2.C.06,2016,MMR Dose 2 by Age 17,1999,90.19000000000001,4.78,-0.6300000000000001,93.22
Z5.2.C.06,2017,MMR Dose 2 by Age 17,2000,89.25,5.07,-0.8400000000000001,93.49000000000001
Z5.2.C.06,2018,MMR Dose 2 by Age 17,2001,86.77,4.94,-1.34,93.37
Z5.2.C.06,2019,MMR Dose 2 by Age 17,2002,86.2,5.92,-1.2400000000000002,93.56
Z5.2.C.06,2020,MMR Dose 2 by Age 17,2003,94.84000000000002,2.8200000000000003,0.18,94.32000000000001
Z5.2.C.06,2021,MMR Dose 2 by Age 17,2004,93.85000000000001,3.56,-0.14,94.35000000000001
Z5.2.C.06,2022,MMR Dose 2 by Age 17,2005,90.16000000000001,4.880000000000001,-0.7000000000000001,93.60000000000001
Z5.2.C.06,2023,MMR Dose 2 by Age 17,2006,98.99000000000001,1.02,6.24,92.62
Z5.2.C.06,2023,MMR Dose 2 by Age 2,2021,58.14,8.32,-1.34,69.32
Z5.2.C.06,2014,MMR Dose 2 by Age 7,2007,80.13000000000001,6.3500000000000005,-0.07,80.57
Z5.2.C.06,2015,MMR Dose 2 by Age 7,2008,84.92,5.32,0.68,81.30000000000001
Z5.2.C.06,2016,MMR Dose 2 by Age 7,2009,81.59,6.3500000000000005,-0.08,82.10000000000001
Z5.2.C.06,2017,MMR Dose 2 by Age 7,2010,73.66000000000001,6.130000000000001,-1.3,81.63000000000001
Z5.2.C.06,2018,MMR Dose 2 by Age 7,2011,74.97,6.56,-0.93,81.08
Z5.2.C.06,2019,MMR Dose 2 by Age 7,2012,86.79,4.800000000000001,1.06,81.72
Z5.2.C.06,2020,MMR Dose 2 by Age 7,2013,87.99000000000001,4.830000000000001,2.15,77.60000000000001
Z5.2.C.06,2021,MMR Dose 2 by Age 7,2014,75.65,6.66,0.14,74.73
Z5.2.C.06,2022,MMR Dose 2 by Age 7,2015,76.78,6.5,0.41000000000000003,74.08
Z5.2.C.06,2023,MMR Dose 2 by Age 7,2016,69.66000000000001,6.930000000000001,-0.43000000000000005,72.63000000000001
Z5.2.C.07,2014,MMR Dose 1 by Age 13,2001,95.54,2.03,-0.41000000000000003,96.38000000000001
Z5.2.C.07,2015,MMR Dose 1 by Age 13,2002,95.58,1.82,-0.51,96.51
Z5.2.C.07,2016,MMR Dose 1 by Age 13,2003,98.24000000000001,1.1,1.4400000000000002,96.66000000000001
Z5.2.C.07,2017,MMR Dose 1 by Age 13,2004,94.39000000000001,2.3000000000000003,-1.1,96.92
Z5.2.C.07,2018,MMR Dose 1 by Age 13,2005,94.87,2.18,-1.02,97.09
Z5.2.C.07,2019,MMR Dose 1 by Age 13,2006,98.47,1.0,1.6600000000000001,96.81000000000002
Z5.2.C.07,2020,MMR Dose 1 by Age 13,2007,98.22,1.06,1.82,96.30000000000001
Z5.2.C.07,2021,MMR Dose 1 by Age 13,2008,97.66000000000001,1.1,1.84,95.64000000000001
Z5.2.C.07,2022,MMR Dose 1 by Age 13,2009,96.41000000000001,1.5,0.77,95.25
Z5.2.C.07,2023,MMR Dose 1 by Age 13,2010,97.03,1.31,1.59,94.95
Z5.2.C.07,2014,MMR Dose 1 by Age 17,1997,97.67,1.2900000000000003,1.12,96.23
Z5.2.C.07,2015,MMR Dose 1 by Age 17,1998,95.62,1.6900000000000002,-0.52,96.51
Z5.2.C.07,2016,MMR Dose 1 by Age 17,1999,96.63000000000001,1.56,-0.05,96.71000000000001
Z5.2.C.07,2017,MMR Dose 1 by Age 17,2000,96.0,1.81,-0.52,96.94000000000001
Z5.2.C.07,2018,MMR Dose 1 by Age 17,2001,96.01,1.87,-0.54,97.03
Z5.2.C.07,2019,MMR Dose 1 by Age 17,2002,96.62,1.53,-0.39,97.22
Z5.2.C.07,2020,MMR Dose 1 by Age 17,2003,98.74000000000001,0.89,1.11,97.75
Z5.2.C.07,2021,MMR Dose 1 by Age 17,2004,96.75,1.6,-0.68,97.84000000000002
Z5.2.C.07,2022,MMR Dose 1 by Age 17,2005,95.66000000000001,1.9800000000000002,-1.09,97.83000000000001
Z5.2.C.07,2023,MMR Dose 1 by Age 17,2006,98.47,1.0,1.2000000000000002,97.27
Z5.2.C.07,2014,MMR Dose 1 by Age 2,2012,85.03,3.29,-0.92,88.05
Z5.2.C.07,2015,MMR Dose 1 by Age 2,2013,84.01,3.3600000000000003,-0.92,87.11000000000001
Z5.2.C.07,2016,MMR Dose 1 by Age 2,2014,91.21000000000001,2.79,1.4100000000000001,87.29
Z5.2.C.07,2017,MMR Dose 1 by Age 2,2015,90.86000000000001,2.55,1.4900000000000002,87.05
Z5.2.C.07,2018,MMR Dose 1 by Age 2,2016,89.19000000000001,3.12,0.79,86.73
Z5.2.C.07,2019,MMR Dose 1 by Age 2,2017,86.7,3.66,-0.07,86.96000000000001
Z5.2.C.07,2020,MMR Dose 1 by Age 2,2018,79.62,3.97,-1.7700000000000002,86.65
Z5.2.C.07,2021,MMR Dose 1 by Age 2,2019,83.07,3.66,-0.04,83.2
Z5.2.C.07,2022,MMR Dose 1 by Age 2,2020,82.24000000000001,3.9400000000000004,0.04,82.07
Z5.2.C.07,2023,MMR Dose 1 by Age 2,2021,75.32,4.86,-1.31,81.67
Z5.2.C.07,2014,MMR Dose 2 by Age 13,2001,92.38000000000001,2.6,0.24000000000000002,91.76
Z5.2.C.07,2015,MMR Dose 2 by Age 13,2002,92.4,2.1,0.34,91.68
Z5.2.C.07,2016,MMR Dose 2 by Age 13,2003,94.61000000000001,1.84,1.87,91.18
Z5.2.C.07,2017,MMR Dose 2 by Age 13,2004,93.69000000000001,2.2,1.02,91.45
Z5.2.C.07,2018,MMR Dose 2 by Age 13,2005,92.92,2.33,0.68,91.34000000000002
Z5.2.C.07,2019,MMR Dose 2 by Age 13,2006,96.26,1.4500000000000002,3.3200000000000003,91.46000000000001
Z5.2.C.07,2020,MMR Dose 2 by Age 13,2007,96.58,1.58,3.53,91.01
Z5.2.C.07,2021,MMR Dose 2 by Age 13,2008,92.62,2.23,1.2600000000000002,89.81000000000002
Z5.2.C.07,2022,MMR Dose 2 by Age 13,2009,92.04,2.3200000000000003,0.9500000000000001,89.83000000000001
Z5.2.C.07,2023,MMR Dose 2 by Age 13,2010,88.86000000000001,2.8400000000000003,-0.26,89.61000000000001
Z5.2.C.07,2014,MMR Dose 2 by Age 17,1997,95.05,1.82,1.4500000000000002,92.41000000000001
Z5.2.C.07,2015,MMR Dose 2 by Age 17,1998,94.46000000000001,1.86,0.92,92.75
Z5.2.C.07,2016,MMR Dose 2 by Age 17,1999,91.27,2.35,-0.8300000000000001,93.22
Z5.2.C.07,2017,MMR Dose 2 by Age 17,2000,91.44000000000001,2.47,-0.8300000000000001,93.49000000000001
Z5.2.C.07,2018,MMR Dose 2 by Age 17,2001,93.10000000000001,2.45,-0.11,93.37
Z5.2.C.07,2019,MMR Dose 2 by Age 17,2002,94.24000000000001,1.7800000000000002,0.38000000000000006,93.56
Z5.2.C.07,2020,MMR Dose 2 by Age 17,2003,95.75,1.62,0.88,94.32000000000001
Z5.2.C.07,2021,MMR Dose 2 by Age 17,2004,97.55,1.1600000000000001,2.7600000000000002,94.35000000000001
Z5.2.C.07,2022,MMR Dose 2 by Age 17,2005,95.03,1.9300000000000002,0.7400000000000001,93.60000000000001
Z5.2.C.07,2023,MMR Dose 2 by Age 17,2006,97.21000000000001,1.2300000000000002,3.74,92.62
Z5.2.C.07,2023,MMR Dose 2 by Age 2,2021,66.14000000000001,5.28,-0.6000000000000001,69.32
Z5.2.C.07,2014,MMR Dose 2 by Age 7,2007,87.9,2.73,2.69,80.57
Z5.2.C.07,2015,MMR Dose 2 by Age 7,2008,87.58,2.8200000000000003,2.23,81.30000000000001
Z5.2.C.07,2016,MMR Dose 2 by Age 7,2009,85.98,2.9200000000000004,1.33,82.10000000000001
Z5.2.C.07,2017,MMR Dose 2 by Age 7,2010,81.57,3.4600000000000004,-0.02,81.63000000000001
Z5.2.C.07,2018,MMR Dose 2 by Age 7,2011,87.78,2.64,2.54,81.08
Z5.2.C.07,2019,MMR Dose 2 by Age 7,2012,86.95,3.05,1.7200000000000002,81.72
Z5.2.C.07,2020,MMR Dose 2 by Age 7,2013,82.97,3.43,1.57,77.60000000000001
Z5.2.C.07,2021,MMR Dose 2 by Age 7,2014,80.28,4.05,1.37,74.73
Z5.2.C.07,2022,MMR Dose 2 by Age 7,2015,76.68,3.89,0.6700000000000002,74.08
Z5.2.C.07,2023,MMR Dose 2 by Age 7,2016,79.62,4.04,1.7300000000000002,72.63000000000001
Z5.2.C.08,2014,MMR Dose 1 by Age 13,2001,90.96000000000001,2.2600000000000002,-2.4000000000000004,96.38000000000001
Z5.2.C.08,2015,MMR Dose 1 by Age 13,2002,91.2,2.25,-2.3600000000000003,96.51
Z5.2.C.08,2016,MMR Dose 1 by Age 13,2003,89.01,2.59,-2.9600000000000004,96.66000000000001
Z5.2.C.08,2017,MMR Dose 1 by Age 13,2004,92.36000000000001,2.1,-2.18,96.92
Z5.2.C.08,2018,MMR Dose 1 by Age 13,2005,87.96000000000001,2.71,-3.37,97.09
Z5.2.C.08,2019,MMR Dose 1 by Age 13,2006,90.59,2.18,-2.85,96.81000000000002
Z5.2.C.08,2020,MMR Dose 1 by Age 13,2007,86.98,2.51,-3.72,96.30000000000001
Z5.2.C.08,2021,MMR Dose 1 by Age 13,2008,85.58,2.85,-3.53,95.64000000000001
Z5.2.C.08,2022,MMR Dose 1 by Age 13,2009,92.25,2.02,-1.4800000000000002,95.25
Z5.2.C.08,2023,MMR Dose 1 by Age 13,2010,89.4,2.47,-2.25,94.95
Z5.2.C.08,2014,MMR Dose 1 by Age 17,1997,90.69000000000001,2.27,-2.43,96.23
Z5.2.C.08,2015,MMR Dose 1 by Age 17,1998,92.18,2.13,-2.03,96.51
Z5.2.C.08,2016,MMR Dose 1 by Age 17,1999,91.37,2.2600000000000002,-2.3600000000000003,96.71000000000001
Z5.2.C.08,2017,MMR Dose 1 by Age 17,2000,87.79,2.6,-3.51,96.94000000000001
Z5.2.C.08,2018,MMR Dose 1 by Age 17,2001,91.88000000000001,2.12,-2.4200000000000004,97.03
Z5.2.C.08,2019,MMR Dose 1 by Age 17,2002,91.77,2.18,-2.5,97.22
Z5.2.C.08,2020,MMR Dose 1 by Age 17,2003,90.7,2.3600000000000003,-2.9800000000000004,97.75
Z5.2.C.08,2021,MMR Dose 1 by Age 17,2004,93.7,1.87,-2.22,97.84000000000002
Z5.2.C.08,2022,MMR Dose 1 by Age 17,2005,87.96000000000001,2.71,-3.64,97.83000000000001
Z5.2.C.08,2023,MMR Dose 1 by Age 17,2006,90.59,2.18,-3.06,97.27
Z5.2.C.08,2014,MMR Dose 1 by Age 2,2012,79.82000000000001,3.09,-2.66,88.05
Z5.2.C.08,2015,MMR Dose 1 by Age 2,2013,76.26,3.3800000000000003,-3.21,87.11000000000001
Z5.2.C.08,2016,MMR Dose 1 by Age 2,2014,76.41000000000001,3.35,-3.25,87.29
Z5.2.C.08,2017,MMR Dose 1 by Age 2,2015,75.45,3.41,-3.4000000000000004,87.05
Z5.2.C.08,2018,MMR Dose 1 by Age 2,2016,74.47,3.53,-3.47,86.73
Z5.2.C.08,2019,MMR Dose 1 by Age 2,2017,69.55,3.62,-4.8100000000000005,86.96000000000001
Z5.2.C.08,2020,MMR Dose 1 by Age 2,2018,71.14000000000001,3.83,-4.05,86.65
Z5.2.C.08,2021,MMR Dose 1 by Age 2,2019,66.24000000000001,4.15,-4.09,83.2
Z5.2.C.08,2022,MMR Dose 1 by Age 2,2020,60.160000000000004,4.4,-4.98,82.07
Z5.2.C.08,2023,MMR Dose 1 by Age 2,2021,68.48,3.95,-3.3400000000000003,81.67
Z5.2.C.08,2014,MMR Dose 2 by Age 13,2001,84.85000000000001,2.8600000000000003,-2.41,91.76
Z5.2.C.08,2015,MMR Dose 2 by Age 13,2002,88.7,2.53,-1.1800000000000002,91.68
Z5.2.C.08,2016,MMR Dose 2 by Age 13,2003,84.67,2.9000000000000004,-2.24,91.18
Z5.2.C.08,2017,MMR Dose 2 by Age 13,2004,88.82000000000001,2.3800000000000003,-1.11,91.45
Z5.2.C.08,2018,MMR Dose 2 by Age 13,2005,85.11000000000001,2.97,-2.1,91.34000000000002
Z5.2.C.08,2019,MMR Dose 2 by Age 13,2006,86.54,2.58,-1.9100000000000001,91.46000000000001
Z5.2.C.08,2020,MMR Dose 2 by Age 13,2007,87.18,2.4000000000000004,-1.6,91.01
Z5.2.C.08,2021,MMR Dose 2 by Age 13,2008,81.63000000000001,3.05,-2.68,89.81000000000002
Z5.2.C.08,2022,MMR Dose 2 by Age 13,2009,84.83000000000001,2.81,-1.7800000000000002,89.83000000000001
Z5.2.C.08,2023,MMR Dose 2 by Age 13,2010,85.49000000000001,2.89,-1.4300000000000002,89.61000000000001
Z5.2.C.08,2014,MMR Dose 2 by Age 17,1997,90.65,2.13,-0.8200000000000001,92.41000000000001
Z5.2.C.08,2015,MMR Dose 2 by Age 17,1998,90.12,2.33,-1.1300000000000001,92.75
Z5.2.C.08,2016,MMR Dose 2 by Age 17,1999,92.30000000000001,2.02,-0.45,93.22
Z5.2.C.08,2017,MMR Dose 2 by Age 17,2000,85.38000000000001,2.81,-2.8800000000000003,93.49000000000001
Z5.2.C.08,2018,MMR Dose 2 by Age 17,2001,87.56,2.59,-2.24,93.37
Z5.2.C.08,2019,MMR Dose 2 by Age 17,2002,89.35000000000001,2.47,-1.7100000000000002,93.56
Z5.2.C.08,2020,MMR Dose 2 by Age 17,2003,88.65,2.51,-2.27,94.32000000000001
Z5.2.C.08,2021,MMR Dose 2 by Age 17,2004,91.47,2.05,-1.4000000000000001,94.35000000000001
Z5.2.C.08,2022,MMR Dose 2 by Age 17,2005,85.11000000000001,2.97,-2.8600000000000003,93.60000000000001
Z5.2.C.08,2023,MMR Dose 2 by Age 17,2006,87.07,2.53,-2.19,92.62
Z5.2.C.08,2023,MMR Dose 2 by Age 2,2021,53.71,4.19,-3.73,69.32
Z5.2.C.08,2014,MMR Dose 2 by Age 7,2007,70.42,3.4600000000000004,-2.9400000000000004,80.57
Z5.2.C.08,2015,MMR Dose 2 by Age 7,2008,72.43,3.62,-2.45,81.30000000000001
Z5.2.C.08,2016,MMR Dose 2 by Age 7,2009,75.22,3.5,-1.9700000000000002,82.10000000000001
Z5.2.C.08,2017,MMR Dose 2 by Age 7,2010,75.71000000000001,3.45,-1.7200000000000002,81.63000000000001
Z5.2.C.08,2018,MMR Dose 2 by Age 7,2011,67.78,3.79,-3.51,81.08
Z5.2.C.08,2019,MMR Dose 2 by Age 7,2012,76.36999999999999,3.45,-1.55,81.72
Z5.2.C.08,2020,MMR Dose 2 by Age 7,2013,71.49000000000001,3.56,-1.7200000000000002,77.60000000000001
Z5.2.C.08,2021,MMR Dose 2 by Age 7,2014,68.48,3.75,-1.6700000000000002,74.73
Z5.2.C.08,2022,MMR Dose 2 by Age 7,2015,58.900000000000006,3.85,-3.9400000000000004,74.08
Z5.2.C.08,2023,MMR Dose 2 by Age 7,2016,55.410000000000004,4.06,-4.24,72.63000000000001
Z5.3.A.01,2014,MMR Dose 1 by Age 13,2001,92.67,3.4000000000000004,-1.09,96.38000000000001
Z5.3.A.01,2015,MMR Dose 1 by Age 13,2002,91.54,4.51,-1.1,96.51
Z5.3.A.01,2016,MMR Dose 1 by Age 13,2003,98.43,1.3900000000000001,1.2800000000000002,96.66000000000001
Z5.3.A.01,2017,MMR Dose 1 by Age 13,2004,87.48,4.65,-2.03,96.92
Z5.3.A.01,2018,MMR Dose 1 by Age 13,2005,94.02,2.85,-1.08,97.09
Z5.3.A.01,2019,MMR Dose 1 by Age 13,2006,98.08,1.56,0.8200000000000001,96.81000000000002
Z5.3.A.01,2020,MMR Dose 1 by Age 13,2007,91.03,3.31,-1.59,96.30000000000001
Z5.3.A.01,2021,MMR Dose 1 by Age 13,2008,86.36000000000001,4.53,-2.05,95.64000000000001
Z5.3.A.01,2022,MMR Dose 1 by Age 13,2009,89.49000000000001,3.6,-1.6,95.25
Z5.3.A.01,2023,MMR Dose 1 by Age 13,2010,97.17,1.7900000000000003,1.2400000000000002,94.95
Z5.3.A.01,2014,MMR Dose 1 by Age 17,1997,81.77,4.66,-3.11,96.23
Z5.3.A.01,2015,MMR Dose 1 by Age 17,1998,95.86000000000001,2.37,-0.27,96.51
Z5.3.A.01,2016,MMR Dose 1 by Age 17,1999,91.94000000000001,3.64,-1.31,96.71000000000001
Z5.3.A.01,2017,MMR Dose 1 by Age 17,2000,98.31000000000002,2.01,0.68,96.94000000000001
Z5.3.A.01,2018,MMR Dose 1 by Age 17,2001,92.67,3.4000000000000004,-1.2800000000000002,97.03
Z5.3.A.01,2019,MMR Dose 1 by Age 17,2002,91.54,4.51,-1.2600000000000002,97.22
Z5.3.A.01,2020,MMR Dose 1 by Age 17,2003,98.43,1.3900000000000001,0.49,97.75
Z5.3.A.01,2021,MMR Dose 1 by Age 17,2004,87.48,4.65,-2.23,97.84000000000002
Z5.3.A.01,2022,MMR Dose 1 by Age 17,2005,94.94000000000001,2.56,-1.1300000000000001,97.83000000000001
Z5.3.A.01,2023,MMR Dose 1 by Age 17,2006,98.08,1.56,0.52,97.27
Z5.3.A.01,2014,MMR Dose 1 by Age 2,2012,84.11000000000001,4.7,-0.8400000000000001,88.05
Z5.3.A.01,2015,MMR Dose 1 by Age 2,2013,84.08,4.82,-0.6300000000000001,87.11000000000001
Z5.3.A.01,2016,MMR Dose 1 by Age 2,2014,85.30000000000001,5.75,-0.35000000000000003,87.29
Z5.3.A.01,2017,MMR Dose 1 by Age 2,2015,83.78,5.26,-0.6200000000000001,87.05
Z5.3.A.01,2018,MMR Dose 1 by Age 2,2016,92.24000000000001,3.7,1.4900000000000002,86.73
Z5.3.A.01,2019,MMR Dose 1 by Age 2,2017,85.02,5.06,-0.38000000000000006,86.96000000000001
Z5.3.A.01,2020,MMR Dose 1 by Age 2,2018,79.5,5.2,-1.3800000000000001,86.65
Z5.3.A.01,2021,MMR Dose 1 by Age 2,2019,88.75,3.9200000000000004,1.4200000000000002,83.2
Z5.3.A.01,2022,MMR Dose 1 by Age 2,2020,79.35000000000001,6.0,-0.45,82.07
Z5.3.A.01,2023,MMR Dose 1 by Age 2,2021,81.89000000000001,6.880000000000001,0.03,81.67
Z5.3.A.01,2014,MMR Dose 2 by Age 13,2001,88.28,4.48,-0.78,91.76
Z5.3.A.01,2015,MMR Dose 2 by Age 13,2002,86.37,4.57,-1.1600000000000001,91.68
Z5.3.A.01,2016,MMR Dose 2 by Age 13,2003,90.24000000000001,4.08,-0.23,91.18
Z5.3.A.01,2017,MMR Dose 2 by Age 13,2004,82.93,4.930000000000001,-1.7300000000000002,91.45
Z5.3.A.01,2018,MMR Dose 2 by Age 13,2005,84.80000000000001,4.73,-1.3800000000000001,91.34000000000002
Z5.3.A.01,2019,MMR Dose 2 by Age 13,2006,86.19000000000001,4.22,-1.2500000000000002,91.46000000000001
Z5.3.A.01,2020,MMR Dose 2 by Age 13,2007,81.47,4.53,-2.11,91.01
Z5.3.A.01,2021,MMR Dose 2 by Age 13,2008,87.14000000000001,4.3,-0.6200000000000001,89.81000000000002
Z5.3.A.01,2022,MMR Dose 2 by Age 13,2009,74.55,5.29,-2.89,89.83000000000001
Z5.3.A.01,2023,MMR Dose 2 by Age 13,2010,90.59,3.49,0.28,89.61000000000001
Z5.3.A.01,2014,MMR Dose 2 by Age 17,1997,86.5,4.69,-1.2600000000000002,92.41000000000001
Z5.3.A.01,2015,MMR Dose 2 by Age 17,1998,92.71000000000001,3.72,-0.01,92.75
Z5.3.A.01,2016,MMR Dose 2 by Age 17,1999,91.15,3.7800000000000002,-0.55,93.22
Z5.3.A.01,2017,MMR Dose 2 by Age 17,2000,97.58,1.9300000000000002,2.12,93.49000000000001
Z5.3.A.01,2018,MMR Dose 2 by Age 17,2001,89.30000000000001,4.21,-0.97,93.37
Z5.3.A.01,2019,MMR Dose 2 by Age 17,2002,88.47,4.319999999999999,-1.1800000000000002,93.56
Z5.3.A.01,2020,MMR Dose 2 by Age 17,2003,90.24000000000001,4.08,-1.0,94.32000000000001
Z5.3.A.01,2021,MMR Dose 2 by Age 17,2004,82.93,4.930000000000001,-2.31,94.35000000000001
Z5.3.A.01,2022,MMR Dose 2 by Age 17,2005,87.69000000000001,4.25,-1.3900000000000001,93.60000000000001
Z5.3.A.01,2023,MMR Dose 2 by Age 17,2006,87.81000000000002,4.03,-1.2000000000000002,92.62
Z5.3.A.01,2023,MMR Dose 2 by Age 2,2021,69.61000000000001,7.82,0.04,69.32
Z5.3.A.01,2014,MMR Dose 2 by Age 7,2007,73.16000000000001,5.1000000000000005,-1.4500000000000002,80.57
Z5.3.A.01,2015,MMR Dose 2 by Age 7,2008,76.54,5.74,-0.8300000000000001,81.30000000000001
Z5.3.A.01,2016,MMR Dose 2 by Age 7,2009,69.17,5.69,-2.27,82.10000000000001
Z5.3.A.01,2017,MMR Dose 2 by Age 7,2010,79.7,4.670000000000001,-0.41000000000000003,81.63000000000001
Z5.3.A.01,2018,MMR Dose 2 by Age 7,2011,60.42000000000001,6.670000000000001,-3.1,81.08
Z5.3.A.01,2019,MMR Dose 2 by Age 7,2012,61.220000000000006,6.66,-3.08,81.72
Z5.3.A.01,2020,MMR Dose 2 by Age 7,2013,68.13000000000001,6.330000000000001,-1.5,77.60000000000001
Z5.3.A.01,2021,MMR Dose 2 by Age 7,2014,57.1,8.17,-2.16,74.73
Z5.3.A.01,2022,MMR Dose 2 by Age 7,2015,75.21000000000001,6.05,0.19,74.08
Z5.3.A.01,2023,MMR Dose 2 by Age 7,2016,71.44000000000001,6.470000000000001,-0.18,72.63000000000001
Z5.3.A.02,2014,MMR Dose 1 by Age 13,2001,96.64000000000001,2.5,0.1,96.38000000000001
Z5.3.A.02,2015,MMR Dose 1 by Age 13,2002,95.18,2.95,-0.45,96.51
Z5.3.A.02,2016,MMR Dose 1 by Age 13,2003,91.35000000000001,4.45,-1.1900000000000002,96.66000000000001
Z5.3.A.02,2017,MMR Dose 1 by Age 13,2004,93.84000000000002,3.83,-0.8,96.92
Z5.3.A.02,2018,MMR Dose 1 by Age 13,2005,97.94000000000001,1.7100000000000002,0.49,97.09
Z5.3.A.02,2019,MMR Dose 1 by Age 13,2006,95.96000000000001,2.74,-0.31000000000000005,96.81000000000002
Z5.3.A.02,2020,MMR Dose 1 by Age 13,2007,97.23,2.3400000000000003,0.4,96.30000000000001
Z5.3.A.02,2021,MMR Dose 1 by Age 13,2008,91.88000000000001,4.69,-0.8,95.64000000000001
Z5.3.A.02,2022,MMR Dose 1 by Age 13,2009,96.56,2.41,0.54,95.25
Z5.3.A.02,2023,MMR Dose 1 by Age 13,2010,98.64000000000001,2.05,1.8,94.95
Z5.3.A.02,2014,MMR Dose 1 by Age 17,1997,97.03,3.33,0.24000000000000002,96.23
Z5.3.A.02,2015,MMR Dose 1 by Age 17,1998,93.94000000000001,4.07,-0.6300000000000001,96.51
Z5.3.A.02,2016,MMR Dose 1 by Age 17,1999,96.25,2.7600000000000002,-0.17,96.71000000000001
Z5.3.A.02,2017,MMR Dose 1 by Age 17,2000,95.61000000000001,3.2800000000000002,-0.41000000000000003,96.94000000000001
Z5.3.A.02,2018,MMR Dose 1 by Age 17,2001,97.96000000000001,1.83,0.51,97.03
Z5.3.A.02,2019,MMR Dose 1 by Age 17,2002,95.18,2.95,-0.6900000000000001,97.22
Z5.3.A.02,2020,MMR Dose 1 by Age 17,2003,91.35000000000001,4.45,-1.4400000000000002,97.75
Z5.3.A.02,2021,MMR Dose 1 by Age 17,2004,95.59,3.12,-0.7200000000000001,97.84000000000002
Z5.3.A.02,2022,MMR Dose 1 by Age 17,2005,99.54,0.6400000000000001,2.67,97.83000000000001
Z5.3.A.02,2023,MMR Dose 1 by Age 17,2006,95.96000000000001,2.74,-0.48000000000000004,97.27
Z5.3.A.02,2014,MMR Dose 1 by Age 2,2012,80.9,7.12,-1.0,88.05
Z5.3.A.02,2015,MMR Dose 1 by Age 2,2013,88.65,5.680000000000001,0.27,87.11000000000001
Z5.3.A.02,2016,MMR Dose 1 by Age 2,2014,90.55,4.680000000000001,0.7000000000000001,87.29
Z5.3.A.02,2017,MMR Dose 1 by Age 2,2015,88.94000000000001,5.7700000000000005,0.33000000000000007,87.05
Z5.3.A.02,2018,MMR Dose 1 by Age 2,2016,94.67,4.140000000000001,1.9200000000000002,86.73
Z5.3.A.02,2019,MMR Dose 1 by Age 2,2017,87.62,6.130000000000001,0.11,86.96000000000001
Z5.3.A.02,2020,MMR Dose 1 by Age 2,2018,92.66000000000001,5.180000000000001,1.1600000000000001,86.65
Z5.3.A.02,2021,MMR Dose 1 by Age 2,2019,97.87,2.69,5.46,83.2
Z5.3.A.02,2022,MMR Dose 1 by Age 2,2020,90.22,6.57,1.2400000000000002,82.07
Z5.3.A.02,2023,MMR Dose 1 by Age 2,2021,85.89000000000001,7.630000000000001,0.55,81.67
Z5.3.A.02,2014,MMR Dose 2 by Age 13,2001,83.34000000000002,6.42,-1.31,91.76
Z5.3.A.02,2015,MMR Dose 2 by Age 13,2002,95.66000000000001,3.4600000000000004,1.1500000000000001,91.68
Z5.3.A.02,2016,MMR Dose 2 by Age 13,2003,90.65,4.45,-0.12000000000000001,91.18
Z5.3.A.02,2017,MMR Dose 2 by Age 13,2004,80.43,7.42,-1.4900000000000002,91.45
Z5.3.A.02,2018,MMR Dose 2 by Age 13,2005,93.55,3.81,0.58,91.34000000000002
Z5.3.A.02,2019,MMR Dose 2 by Age 13,2006,84.08,6.300000000000001,-1.1700000000000002,91.46000000000001
Z5.3.A.02,2020,MMR Dose 2 by Age 13,2007,89.12,4.930000000000001,-0.38000000000000006,91.01
Z5.3.A.02,2021,MMR Dose 2 by Age 13,2008,84.69000000000001,6.25,-0.8200000000000001,89.81000000000002
Z5.3.A.02,2022,MMR Dose 2 by Age 13,2009,86.93,5.05,-0.5700000000000001,89.83000000000001
Z5.3.A.02,2023,MMR Dose 2 by Age 13,2010,82.9,7.07,-0.9500000000000001,89.61000000000001
Z5.3.A.02,2014,MMR Dose 2 by Age 17,1997,97.27,2.2,2.21,92.41000000000001
Z5.3.A.02,2015,MMR Dose 2 by Age 17,1998,87.93,7.2,-0.6700000000000002,92.75
Z5.3.A.02,2016,MMR Dose 2 by Age 17,1999,83.99000000000001,5.41,-1.7100000000000002,93.22
Z5.3.A.02,2017,MMR Dose 2 by Age 17,2000,82.77,6.75,-1.59,93.49000000000001
Z5.3.A.02,2018,MMR Dose 2 by Age 17,2001,93.56,4.02,0.05,93.37
Z5.3.A.02,2019,MMR Dose 2 by Age 17,2002,95.66000000000001,3.4600000000000004,0.6000000000000001,93.56
Z5.3.A.02,2020,MMR Dose 2 by Age 17,2003,90.65,4.45,-0.8200000000000001,94.32000000000001
Z5.3.A.02,2021,MMR Dose 2 by Age 17,2004,83.98,6.870000000000001,-1.51,94.35000000000001
Z5.3.A.02,2022,MMR Dose 2 by Age 17,2005,96.09,3.03,0.8200000000000001,93.60000000000001
Z5.3.A.02,2023,MMR Dose 2 by Age 17,2006,87.60000000000001,5.8100000000000005,-0.8700000000000001,92.62
Z5.3.A.02,2023,MMR Dose 2 by Age 2,2021,58.730000000000004,10.34,-1.02,69.32
Z5.3.A.02,2014,MMR Dose 2 by Age 7,2007,74.02,7.07,-0.93,80.57
Z5.3.A.02,2015,MMR Dose 2 by Age 7,2008,75.35,7.42,-0.8,81.30000000000001
Z5.3.A.02,2016,MMR Dose 2 by Age 7,2009,72.69000000000001,6.380000000000001,-1.4700000000000002,82.10000000000001
Z5.3.A.02,2017,MMR Dose 2 by Age 7,2010,78.04,7.23,-0.5,81.63000000000001
Z5.3.A.02,2018,MMR Dose 2 by Age 7,2011,64.78,8.81,-1.85,81.08
Z5.3.A.02,2019,MMR Dose 2 by Age 7,2012,82.86000000000001,7.02,0.16,81.72
Z5.3.A.02,2020,MMR Dose 2 by Age 7,2013,87.67,5.4,1.86,77.60000000000001
Z5.3.A.02,2021,MMR Dose 2 by Age 7,2014,72.2,7.830000000000001,-0.32000000000000006,74.73
Z5.3.A.02,2022,MMR Dose 2 by Age 7,2015,71.86999999999999,9.860000000000001,-0.22,74.08
Z5.3.A.02,2023,MMR Dose 2 by Age 7,2016,82.03,7.07,1.33,72.63000000000001
Z5.3.A.03,2014,MMR Dose 1 by Age 13,2001,96.82000000000001,1.7100000000000002,0.25,96.38000000000001
Z5.3.A.03,2015,MMR Dose 1 by Age 13,2002,89.99000000000001,2.99,-2.18,96.51
Z5.3.A.03,2016,MMR Dose 1 by Age 13,2003,94.58,1.9200000000000002,-1.08,96.66000000000001
Z5.3.A.03,2017,MMR Dose 1 by Age 13,2004,95.61000000000001,1.7700000000000002,-0.7400000000000001,96.92
Z5.3.A.03,2018,MMR Dose 1 by Age 13,2005,94.46000000000001,2.27,-1.1600000000000001,97.09
Z5.3.A.03,2019,MMR Dose 1 by Age 13,2006,88.67,3.27,-2.49,96.81000000000002
Z5.3.A.03,2020,MMR Dose 1 by Age 13,2007,89.46000000000001,3.23,-2.12,96.30000000000001
Z5.3.A.03,2021,MMR Dose 1 by Age 13,2008,92.4,2.47,-1.31,95.64000000000001
Z5.3.A.03,2022,MMR Dose 1 by Age 13,2009,89.43,2.9600000000000004,-1.9700000000000002,95.25
Z5.3.A.03,2023,MMR Dose 1 by Age 13,2010,83.03,3.67,-3.25,94.95
Z5.3.A.03,2014,MMR Dose 1 by Age 17,1997,94.26,2.1,-0.9400000000000001,96.23
Z5.3.A.03,2015,MMR Dose 1 by Age 17,1998,91.57,2.53,-1.9500000000000002,96.51
Z5.3.A.03,2016,MMR Dose 1 by Age 17,1999,96.9,1.4300000000000002,0.13,96.71000000000001
Z5.3.A.03,2017,MMR Dose 1 by Age 17,2000,96.51,1.6900000000000002,-0.26,96.94000000000001
Z5.3.A.03,2018,MMR Dose 1 by Age 17,2001,96.82000000000001,1.7100000000000002,-0.12000000000000001,97.03
Z5.3.A.03,2019,MMR Dose 1 by Age 17,2002,89.99000000000001,2.99,-2.41,97.22
Z5.3.A.03,2020,MMR Dose 1 by Age 17,2003,95.15,1.8,-1.4400000000000002,97.75
Z5.3.A.03,2021,MMR Dose 1 by Age 17,2004,95.61000000000001,1.7700000000000002,-1.2600000000000002,97.84000000000002
Z5.3.A.03,2022,MMR Dose 1 by Age 17,2005,97.11000000000001,1.61,-0.45,97.83000000000001
Z5.3.A.03,2023,MMR Dose 1 by Age 17,2006,89.75,3.13,-2.4000000000000004,97.27
Z5.3.A.03,2014,MMR Dose 1 by Age 2,2012,79.56,3.9200000000000004,-2.16,88.05
Z5.3.A.03,2015,MMR Dose 1 by Age 2,2013,67.55,4.7700000000000005,-4.1000000000000005,87.11000000000001
Z5.3.A.03,2016,MMR Dose 1 by Age 2,2014,66.14000000000001,4.430000000000001,-4.78,87.29
Z5.3.A.03,2017,MMR Dose 1 by Age 2,2015,67.04,4.08,-4.9,87.05
Z5.3.A.03,2018,MMR Dose 1 by Age 2,2016,69.54,4.2700000000000005,-4.03,86.73
Z5.3.A.03,2019,MMR Dose 1 by Age 2,2017,64.93,4.41,-5.0,86.96000000000001
Z5.3.A.03,2020,MMR Dose 1 by Age 2,2018,72.18,4.44,-3.2600000000000002,86.65
Z5.3.A.03,2021,MMR Dose 1 by Age 2,2019,65.34,4.45,-4.01,83.2
Z5.3.A.03,2022,MMR Dose 1 by Age 2,2020,59.56,5.370000000000001,-4.19,82.07
Z5.3.A.03,2023,MMR Dose 1 by Age 2,2021,70.5,4.640000000000001,-2.41,81.67
Z5.3.A.03,2014,MMR Dose 2 by Age 13,2001,89.08,2.95,-0.91,91.76
Z5.3.A.03,2015,MMR Dose 2 by Age 13,2002,84.76,3.5,-1.9700000000000002,91.68
Z5.3.A.03,2016,MMR Dose 2 by Age 13,2003,89.7,2.63,-0.56,91.18
Z5.3.A.03,2017,MMR Dose 2 by Age 13,2004,87.47,3.2,-1.2400000000000002,91.45
Z5.3.A.03,2018,MMR Dose 2 by Age 13,2005,87.75,3.07,-1.1700000000000002,91.34000000000002
Z5.3.A.03,2019,MMR Dose 2 by Age 13,2006,82.01,3.7800000000000002,-2.5,91.46000000000001
Z5.3.A.03,2020,MMR Dose 2 by Age 13,2007,85.06,3.4800000000000004,-1.7100000000000002,91.01
Z5.3.A.03,2021,MMR Dose 2 by Age 13,2008,90.69000000000001,2.59,0.34,89.81000000000002
Z5.3.A.03,2022,MMR Dose 2 by Age 13,2009,79.2,3.9400000000000004,-2.7,89.83000000000001
Z5.3.A.03,2023,MMR Dose 2 by Age 13,2010,73.86,4.170000000000001,-3.7800000000000002,89.61000000000001
Z5.3.A.03,2014,MMR Dose 2 by Age 17,1997,89.38000000000001,2.9200000000000004,-1.04,92.41000000000001
Z5.3.A.03,2015,MMR Dose 2 by Age 17,1998,88.4,2.69,-1.62,92.75
Z5.3.A.03,2016,MMR Dose 2 by Age 17,1999,91.89000000000001,2.29,-0.58,93.22
Z5.3.A.03,2017,MMR Dose 2 by Age 17,2000,94.67,2.09,0.56,93.49000000000001
Z5.3.A.03,2018,MMR Dose 2 by Age 17,2001,90.4,2.74,-1.08,93.37
Z5.3.A.03,2019,MMR Dose 2 by Age 17,2002,86.67,3.3200000000000003,-2.08,93.56
Z5.3.A.03,2020,MMR Dose 2 by Age 17,2003,92.66000000000001,2.19,-0.76,94.32000000000001
Z5.3.A.03,2021,MMR Dose 2 by Age 17,2004,89.10000000000001,2.99,-1.7500000000000002,94.35000000000001
Z5.3.A.03,2022,MMR Dose 2 by Age 17,2005,91.06,2.65,-0.96,93.60000000000001
Z5.3.A.03,2023,MMR Dose 2 by Age 17,2006,82.99000000000001,3.7,-2.6,92.62
Z5.3.A.03,2023,MMR Dose 2 by Age 2,2021,49.71,5.170000000000001,-3.8000000000000003,69.32
Z5.3.A.03,2014,MMR Dose 2 by Age 7,2007,70.69000000000001,4.57,-2.16,80.57
Z5.3.A.03,2015,MMR Dose 2 by Age 7,2008,79.80000000000001,3.8400000000000003,-0.39,81.30000000000001
Z5.3.A.03,2016,MMR Dose 2 by Age 7,2009,66.74000000000001,4.5,-3.4200000000000004,82.10000000000001
Z5.3.A.03,2017,MMR Dose 2 by Age 7,2010,61.17,4.6000000000000005,-4.45,81.63000000000001
Z5.3.A.03,2018,MMR Dose 2 by Age 7,2011,64.43,4.41,-3.77,81.08
Z5.3.A.03,2019,MMR Dose 2 by Age 7,2012,69.71000000000001,4.21,-2.8600000000000003,81.72
Z5.3.A.03,2020,MMR Dose 2 by Age 7,2013,59.11,5.1000000000000005,-3.63,77.60000000000001
Z5.3.A.03,2021,MMR Dose 2 by Age 7,2014,62.05,4.51,-2.81,74.73
Z5.3.A.03,2022,MMR Dose 2 by Age 7,2015,56.85,4.62,-3.73,74.08
Z5.3.A.03,2023,MMR Dose 2 by Age 7,2016,52.620000000000005,4.680000000000001,-4.2700000000000005,72.63000000000001
Z5.3.A.05,2014,MMR Dose 1 by Age 13,2001,90.36000000000001,2.53,-2.3800000000000003,96.38000000000001
Z5.3.A.05,2015,MMR Dose 1 by Age 13,2002,93.5,2.07,-1.4500000000000002,96.51
Z5.3.A.05,2016,MMR Dose 1 by Age 13,2003,93.57,1.86,-1.6600000000000001,96.66000000000001
Z5.3.A.05,2017,MMR Dose 1 by Age 13,2004,92.96000000000001,1.9000000000000001,-2.09,96.92
Z5.3.A.05,2018,MMR Dose 1 by Age 13,2005,92.93,1.9100000000000001,-2.17,97.09
Z5.3.A.05,2019,MMR Dose 1 by Age 13,2006,91.67,2.07,-2.49,96.81000000000002
Z5.3.A.05,2020,MMR Dose 1 by Age 13,2007,88.31000000000002,2.23,-3.59,96.30000000000001
Z5.3.A.05,2021,MMR Dose 1 by Age 13,2008,86.34000000000002,2.4200000000000004,-3.8400000000000003,95.64000000000001
Z5.3.A.05,2022,MMR Dose 1 by Age 13,2009,87.08,2.39,-3.4200000000000004,95.25
Z5.3.A.05,2023,MMR Dose 1 by Age 13,2010,82.2,2.9400000000000004,-4.34,94.95
Z5.3.A.05,2014,MMR Dose 1 by Age 17,1997,95.46000000000001,1.6700000000000002,-0.46,96.23
Z5.3.A.05,2015,MMR Dose 1 by Age 17,1998,93.30000000000001,2.09,-1.53,96.51
Z5.3.A.05,2016,MMR Dose 1 by Age 17,1999,91.27,2.4000000000000004,-2.2600000000000002,96.71000000000001
Z5.3.A.05,2017,MMR Dose 1 by Age 17,2000,93.27,2.02,-1.82,96.94000000000001
Z5.3.A.05,2018,MMR Dose 1 by Age 17,2001,91.69000000000001,2.3000000000000003,-2.3200000000000003,97.03
Z5.3.A.05,2019,MMR Dose 1 by Age 17,2002,94.07,1.9300000000000002,-1.6300000000000001,97.22
Z5.3.A.05,2020,MMR Dose 1 by Age 17,2003,93.89000000000001,1.8,-2.15,97.75
Z5.3.A.05,2021,MMR Dose 1 by Age 17,2004,93.67,1.7700000000000002,-2.35,97.84000000000002
Z5.3.A.05,2022,MMR Dose 1 by Age 17,2005,93.34000000000002,1.85,-2.43,97.83000000000001
Z5.3.A.05,2023,MMR Dose 1 by Age 17,2006,92.37,1.9500000000000002,-2.5,97.27
Z5.3.A.05,2014,MMR Dose 1 by Age 2,2012,67.36999999999999,3.3400000000000003,-6.19,88.05
Z5.3.A.05,2015,MMR Dose 1 by Age 2,2013,71.85,3.4000000000000004,-4.49,87.11000000000001
Z5.3.A.05,2016,MMR Dose 1 by Age 2,2014,67.44000000000001,3.56,-5.57,87.29
Z5.3.A.05,2017,MMR Dose 1 by Age 2,2015,76.43,3.0,-3.54,87.05
Z5.3.A.05,2018,MMR Dose 1 by Age 2,2016,81.62,2.8600000000000003,-1.7900000000000003,86.73
Z5.3.A.05,2019,MMR Dose 1 by Age 2,2017,72.31,3.51,-4.170000000000001,86.96000000000001
Z5.3.A.05,2020,MMR Dose 1 by Age 2,2018,72.21000000000001,3.74,-3.8600000000000003,86.65
Z5.3.A.05,2021,MMR Dose 1 by Age 2,2019,64.73,4.05,-4.56,83.2
Z5.3.A.05,2022,MMR Dose 1 by Age 2,2020,76.06,3.59,-1.6700000000000002,82.07
Z5.3.A.05,2023,MMR Dose 1 by Age 2,2021,69.98,4.21,-2.7800000000000002,81.67
Z5.3.A.05,2014,MMR Dose 2 by Age 13,2001,79.23,3.2,-3.9200000000000004,91.76
Z5.3.A.05,2015,MMR Dose 2 by Age 13,2002,85.28,2.75,-2.33,91.68
Z5.3.A.05,2016,MMR Dose 2 by Age 13,2003,85.55,2.67,-2.1,91.18
Z5.3.A.05,2017,MMR Dose 2 by Age 13,2004,78.19000000000001,3.27,-4.05,91.45
Z5.3.A.05,2018,MMR Dose 2 by Age 13,2005,79.57,3.19,-3.69,91.34000000000002
Z5.3.A.05,2019,MMR Dose 2 by Age 13,2006,78.57,3.16,-4.08,91.46000000000001
Z5.3.A.05,2020,MMR Dose 2 by Age 13,2007,79.60000000000001,2.85,-4.01,91.01
Z5.3.A.05,2021,MMR Dose 2 by Age 13,2008,79.18,2.83,-3.7600000000000002,89.81000000000002
Z5.3.A.05,2022,MMR Dose 2 by Age 13,2009,78.86000000000001,2.9600000000000004,-3.7,89.83000000000001
Z5.3.A.05,2023,MMR Dose 2 by Age 13,2010,77.28,2.9800000000000004,-4.140000000000001,89.61000000000001
Z5.3.A.05,2014,MMR Dose 2 by Age 17,1997,91.98,2.11,-0.21000000000000002,92.41000000000001
Z5.3.A.05,2015,MMR Dose 2 by Age 17,1998,90.98,2.25,-0.78,92.75
Z5.3.A.05,2016,MMR Dose 2 by Age 17,1999,87.91000000000001,2.56,-2.07,93.22
Z5.3.A.05,2017,MMR Dose 2 by Age 17,2000,85.12,2.93,-2.85,93.49000000000001
Z5.3.A.05,2018,MMR Dose 2 by Age 17,2001,81.29,3.04,-3.97,93.37
Z5.3.A.05,2019,MMR Dose 2 by Age 17,2002,87.31000000000002,2.55,-2.45,93.56
Z5.3.A.05,2020,MMR Dose 2 by Age 17,2003,86.93,2.53,-2.9200000000000004,94.32000000000001
Z5.3.A.05,2021,MMR Dose 2 by Age 17,2004,81.78,3.1,-4.05,94.35000000000001
Z5.3.A.05,2022,MMR Dose 2 by Age 17,2005,81.80000000000001,3.09,-3.8200000000000003,93.60000000000001
Z5.3.A.05,2023,MMR Dose 2 by Age 17,2006,79.71000000000001,3.09,-4.170000000000001,92.62
Z5.3.A.05,2023,MMR Dose 2 by Age 2,2021,57.99000000000001,4.44,-2.56,69.32
Z5.3.A.05,2014,MMR Dose 2 by Age 7,2007,68.94000000000001,3.3600000000000003,-3.4600000000000004,80.57
Z5.3.A.05,2015,MMR Dose 2 by Age 7,2008,70.31,3.31,-3.3200000000000003,81.30000000000001
Z5.3.A.05,2016,MMR Dose 2 by Age 7,2009,66.49000000000001,3.4000000000000004,-4.59,82.10000000000001
Z5.3.A.05,2017,MMR Dose 2 by Age 7,2010,69.91000000000001,3.3200000000000003,-3.53,81.63000000000001
Z5.3.A.05,2018,MMR Dose 2 by Age 7,2011,69.05,3.2800000000000002,-3.67,81.08
Z5.3.A.05,2019,MMR Dose 2 by Age 7,2012,69.05,3.2600000000000002,-3.8800000000000003,81.72
Z5.3.A.05,2020,MMR Dose 2 by Age 7,2013,67.21000000000001,3.3200000000000003,-3.13,77.60000000000001
Z5.3.A.05,2021,MMR Dose 2 by Age 7,2014,67.21000000000001,3.54,-2.12,74.73
Z5.3.A.05,2022,MMR Dose 2 by Age 7,2015,66.86,3.29,-2.2,74.08
Z5.3.A.05,2023,MMR Dose 2 by Age 7,2016,64.33,3.4600000000000004,-2.4000000000000004,72.63000000000001
Z5.3.B.04,2014,MMR Dose 1 by Age 13,2001,93.53,2.4800000000000004,-1.1500000000000001,96.38000000000001
Z5.3.B.04,2015,MMR Dose 1 by Age 13,2002,96.92,1.31,0.31000000000000005,96.51
Z5.3.B.04,2016,MMR Dose 1 by Age 13,2003,93.07,2.05,-1.7500000000000002,96.66000000000001
Z5.3.B.04,2017,MMR Dose 1 by Age 13,2004,89.4,2.37,-3.17,96.92
Z5.3.B.04,2018,MMR Dose 1 by Age 13,2005,92.37,2.18,-2.17,97.09
Z5.3.B.04,2019,MMR Dose 1 by Age 13,2006,84.93,2.49,-4.7700000000000005,96.81000000000002
Z5.3.B.04,2020,MMR Dose 1 by Age 13,2007,88.79,2.35,-3.2,96.30000000000001
Z5.3.B.04,2021,MMR Dose 1 by Age 13,2008,90.65,1.9700000000000002,-2.54,95.64000000000001
Z5.3.B.04,2022,MMR Dose 1 by Age 13,2009,88.23,2.25,-3.12,95.25
Z5.3.B.04,2023,MMR Dose 1 by Age 13,2010,89.99000000000001,1.9300000000000002,-2.57,94.95
Z5.3.B.04,2014,MMR Dose 1 by Age 17,1997,93.16000000000001,2.3400000000000003,-1.31,96.23
Z5.3.B.04,2015,MMR Dose 1 by Age 17,1998,86.59,3.24,-3.06,96.51
Z5.3.B.04,2016,MMR Dose 1 by Age 17,1999,94.23,2.08,-1.1900000000000002,96.71000000000001
Z5.3.B.04,2017,MMR Dose 1 by Age 17,2000,95.60000000000001,1.7900000000000003,-0.7500000000000001,96.94000000000001
Z5.3.B.04,2018,MMR Dose 1 by Age 17,2001,94.2,2.27,-1.2500000000000002,97.03
Z5.3.B.04,2019,MMR Dose 1 by Age 17,2002,97.08,1.2500000000000002,-0.11,97.22
Z5.3.B.04,2020,MMR Dose 1 by Age 17,2003,94.33000000000001,1.7700000000000002,-1.9300000000000002,97.75
Z5.3.B.04,2021,MMR Dose 1 by Age 17,2004,90.18,2.2600000000000002,-3.3800000000000003,97.84000000000002
Z5.3.B.04,2022,MMR Dose 1 by Age 17,2005,93.57,1.9400000000000002,-2.19,97.83000000000001
Z5.3.B.04,2023,MMR Dose 1 by Age 17,2006,85.62,2.43,-4.800000000000001,97.27
Z5.3.B.04,2014,MMR Dose 1 by Age 2,2012,79.83000000000001,2.61,-3.15,88.05
Z5.3.B.04,2015,MMR Dose 1 by Age 2,2013,81.42,2.37,-2.41,87.11000000000001
Z5.3.B.04,2016,MMR Dose 1 by Age 2,2014,79.57,2.31,-3.3400000000000003,87.29
Z5.3.B.04,2017,MMR Dose 1 by Age 2,2015,81.63000000000001,2.31,-2.35,87.05
Z5.3.B.04,2018,MMR Dose 1 by Age 2,2016,81.51,2.3800000000000003,-2.2,86.73
Z5.3.B.04,2019,MMR Dose 1 by Age 2,2017,84.36000000000001,2.24,-1.1600000000000001,86.96000000000001
Z5.3.B.04,2020,MMR Dose 1 by Age 2,2018,80.25,2.43,-2.63,86.65
Z5.3.B.04,2021,MMR Dose 1 by Age 2,2019,73.12,2.7800000000000002,-3.63,83.2
Z5.3.B.04,2022,MMR Dose 1 by Age 2,2020,72.91000000000001,2.97,-3.09,82.07
Z5.3.B.04,2023,MMR Dose 1 by Age 2,2021,76.01,2.81,-2.01,81.67
Z5.3.B.04,2014,MMR Dose 2 by Age 13,2001,90.26,2.49,-0.6000000000000001,91.76
Z5.3.B.04,2015,MMR Dose 2 by Age 13,2002,90.79,2.11,-0.42000000000000004,91.68
Z5.3.B.04,2016,MMR Dose 2 by Age 13,2003,84.10000000000001,2.8400000000000003,-2.49,91.18
Z5.3.B.04,2017,MMR Dose 2 by Age 13,2004,85.96000000000001,2.43,-2.2600000000000002,91.45
Z5.3.B.04,2018,MMR Dose 2 by Age 13,2005,86.69000000000001,2.3200000000000003,-2.01,91.34000000000002
Z5.3.B.04,2019,MMR Dose 2 by Age 13,2006,77.84000000000002,2.55,-5.3500000000000005,91.46000000000001
Z5.3.B.04,2020,MMR Dose 2 by Age 13,2007,81.07,2.57,-3.87,91.01
Z5.3.B.04,2021,MMR Dose 2 by Age 13,2008,84.34000000000002,2.22,-2.4600000000000004,89.81000000000002
Z5.3.B.04,2022,MMR Dose 2 by Age 13,2009,85.96000000000001,2.06,-1.8800000000000001,89.83000000000001
Z5.3.B.04,2023,MMR Dose 2 by Age 13,2010,85.10000000000001,1.9700000000000002,-2.29,89.61000000000001
Z5.3.B.04,2014,MMR Dose 2 by Age 17,1997,89.59,2.59,-1.09,92.41000000000001
Z5.3.B.04,2015,MMR Dose 2 by Age 17,1998,85.34000000000002,3.11,-2.3800000000000003,92.75
Z5.3.B.04,2016,MMR Dose 2 by Age 17,1999,92.65,2.1,-0.27,93.22
Z5.3.B.04,2017,MMR Dose 2 by Age 17,2000,91.14000000000001,2.3000000000000003,-1.02,93.49000000000001
Z5.3.B.04,2018,MMR Dose 2 by Age 17,2001,90.69000000000001,2.4200000000000004,-1.11,93.37
Z5.3.B.04,2019,MMR Dose 2 by Age 17,2002,92.24000000000001,1.8800000000000001,-0.7100000000000001,93.56
Z5.3.B.04,2020,MMR Dose 2 by Age 17,2003,86.23,2.62,-3.09,94.32000000000001
Z5.3.B.04,2021,MMR Dose 2 by Age 17,2004,87.5,2.29,-3.0,94.35000000000001
Z5.3.B.04,2022,MMR Dose 2 by Age 17,2005,89.22,2.07,-2.12,93.60000000000001
Z5.3.B.04,2023,MMR Dose 2 by Age 17,2006,78.52,2.51,-5.61,92.62
Z5.3.B.04,2023,MMR Dose 2 by Age 2,2021,66.48,3.08,-0.92,69.32
Z5.3.B.04,2014,MMR Dose 2 by Age 7,2007,66.67,3.24,-4.29,80.57
Z5.3.B.04,2015,MMR Dose 2 by Age 7,2008,67.97,2.99,-4.46,81.30000000000001
Z5.3.B.04,2016,MMR Dose 2 by Age 7,2009,72.44000000000001,2.8200000000000003,-3.43,82.10000000000001
Z5.3.B.04,2017,MMR Dose 2 by Age 7,2010,73.02,2.62,-3.29,81.63000000000001
Z5.3.B.04,2018,MMR Dose 2 by Age 7,2011,69.49000000000001,2.53,-4.58,81.08
Z5.3.B.04,2019,MMR Dose 2 by Age 7,2012,74.54,2.4200000000000004,-2.9600000000000004,81.72
Z5.3.B.04,2020,MMR Dose 2 by Age 7,2013,72.16000000000001,2.51,-2.17,77.60000000000001
Z5.3.B.04,2021,MMR Dose 2 by Age 7,2014,69.04,2.4800000000000004,-2.29,74.73
Z5.3.B.04,2022,MMR Dose 2 by Age 7,2015,66.57,2.62,-2.87,74.08
Z5.3.B.04,2023,MMR Dose 2 by Age 7,2016,67.11000000000001,2.62,-2.11,72.63000000000001
Z5.4.A.01,2014,MMR Dose 1 by Age 13,2001,90.77,5.59,-1.0,96.38000000000001
Z5.4.A.01,2015,MMR Dose 1 by Age 13,2002,97.36000000000001,3.35,0.26,96.51
Z5.4.A.01,2016,MMR Dose 1 by Age 13,2003,97.71000000000001,2.83,0.37000000000000005,96.66000000000001
Z5.4.A.01,2017,MMR Dose 1 by Age 13,2004,92.76,5.59,-0.7400000000000001,96.92
Z5.4.A.01,2018,MMR Dose 1 by Age 13,2005,96.21000000000001,4.71,-0.19,97.09
Z5.4.A.01,2019,MMR Dose 1 by Age 13,2006,96.83000000000001,3.71,0.0,96.81000000000002
Z5.4.A.01,2020,MMR Dose 1 by Age 13,2007,97.13000000000001,2.66,0.31000000000000005,96.30000000000001
Z5.4.A.01,2021,MMR Dose 1 by Age 13,2008,96.43,2.71,0.29000000000000004,95.64000000000001
Z5.4.A.01,2022,MMR Dose 1 by Age 13,2009,98.31000000000002,2.18,1.4000000000000001,95.25
Z5.4.A.01,2023,MMR Dose 1 by Age 13,2010,95.35000000000001,3.64,0.11,94.95
Z5.4.A.01,2014,MMR Dose 1 by Age 17,1997,98.21000000000001,2.25,0.88,96.23
Z5.4.A.01,2015,MMR Dose 1 by Age 17,1998,99.18,1.1400000000000001,2.3600000000000003,96.51
Z5.4.A.01,2016,MMR Dose 1 by Age 17,1999,94.41000000000001,4.34,-0.53,96.71000000000001
Z5.4.A.01,2017,MMR Dose 1 by Age 17,2000,81.84000000000002,8.47,-1.7800000000000002,96.94000000000001
Z5.4.A.01,2018,MMR Dose 1 by Age 17,2001,90.77,5.59,-1.12,97.03
Z5.4.A.01,2019,MMR Dose 1 by Age 17,2002,97.36000000000001,3.35,0.04,97.22
Z5.4.A.01,2020,MMR Dose 1 by Age 17,2003,97.71000000000001,2.83,-0.01,97.75
Z5.4.A.01,2021,MMR Dose 1 by Age 17,2004,97.34000000000002,3.3600000000000003,-0.15000000000000002,97.84000000000002
Z5.4.A.01,2022,MMR Dose 1 by Age 17,2005,96.21000000000001,4.71,-0.34,97.83000000000001
Z5.4.A.01,2023,MMR Dose 1 by Age 17,2006,96.83000000000001,3.71,-0.12000000000000001,97.27
Z5.4.A.01,2014,MMR Dose 1 by Age 2,2012,88.63000000000001,6.71,0.09,88.05
Z5.4.A.01,2015,MMR Dose 1 by Age 2,2013,92.55,5.24,1.04,87.11000000000001
Z5.4.A.01,2016,MMR Dose 1 by Age 2,2014,86.33000000000001,7.56,-0.13,87.29
Z5.4.A.01,2017,MMR Dose 1 by Age 2,2015,96.56,4.3,2.21,87.05
Z5.4.A.01,2018,MMR Dose 1 by Age 2,2016,97.14000000000001,3.6,2.89,86.73
Z5.4.A.01,2019,MMR Dose 1 by Age 2,2017,80.82000000000001,10.750000000000002,-0.5700000000000001,86.96000000000001
Z5.4.A.01,2020,MMR Dose 1 by Age 2,2018,97.18,3.55,2.9600000000000004,86.65
Z5.4.A.01,2021,MMR Dose 1 by Age 2,2019,92.81000000000002,6.470000000000001,1.4900000000000002,83.2
Z5.4.A.01,2022,MMR Dose 1 by Age 2,2020,95.12,6.09,2.14,82.07
Z5.4.A.01,2023,MMR Dose 1 by Age 2,2021,68.64000000000001,13.680000000000001,-0.9500000000000001,81.67
Z5.4.A.01,2014,MMR Dose 2 by Age 13,2001,92.24000000000001,4.82,0.1,91.76
Z5.4.A.01,2015,MMR Dose 2 by Age 13,2002,99.01,1.6300000000000001,4.51,91.68
Z5.4.A.01,2016,MMR Dose 2 by Age 13,2003,97.74000000000001,2.79,2.3600000000000003,91.18
Z5.4.A.01,2017,MMR Dose 2 by Age 13,2004,97.33000000000001,3.4200000000000004,1.7200000000000002,91.45
Z5.4.A.01,2018,MMR Dose 2 by Age 13,2005,89.97,6.15,-0.22,91.34000000000002
Z5.4.A.01,2019,MMR Dose 2 by Age 13,2006,98.49000000000001,2.3200000000000003,3.03,91.46000000000001
Z5.4.A.01,2020,MMR Dose 2 by Age 13,2007,96.28,3.0,1.7600000000000002,91.01
Z5.4.A.01,2021,MMR Dose 2 by Age 13,2008,92.11000000000001,5.32,0.43000000000000005,89.81000000000002
Z5.4.A.01,2022,MMR Dose 2 by Age 13,2009,95.76,4.86,1.2200000000000002,89.83000000000001
Z5.4.A.01,2023,MMR Dose 2 by Age 13,2010,92.52,5.49,0.53,89.61000000000001
Z5.4.A.01,2014,MMR Dose 2 by Age 17,1997,91.06,4.9,-0.27,92.41000000000001
Z5.4.A.01,2015,MMR Dose 2 by Age 17,1998,98.86000000000001,1.4300000000000002,4.28,92.75
Z5.4.A.01,2016,MMR Dose 2 by Age 17,1999,84.80000000000001,6.09,-1.3800000000000001,93.22
Z5.4.A.01,2017,MMR Dose 2 by Age 17,2000,86.41000000000001,7.75,-0.91,93.49000000000001
Z5.4.A.01,2018,MMR Dose 2 by Age 17,2001,92.24000000000001,4.82,-0.24000000000000002,93.37
Z5.4.A.01,2019,MMR Dose 2 by Age 17,2002,99.01,1.6300000000000001,3.35,93.56
Z5.4.A.01,2020,MMR Dose 2 by Age 17,2003,97.74000000000001,2.79,1.2300000000000002,94.32000000000001
Z5.4.A.01,2021,MMR Dose 2 by Age 17,2004,99.02,1.6,2.93,94.35000000000001
Z5.4.A.01,2022,MMR Dose 2 by Age 17,2005,89.97,6.15,-0.59,93.60000000000001
Z5.4.A.01,2023,MMR Dose 2 by Age 17,2006,98.49000000000001,2.3200000000000003,2.53,92.62
Z5.4.A.01,2023,MMR Dose 2 by Age 2,2021,66.57,14.52,-0.19,69.32
Z5.4.A.01,2014,MMR Dose 2 by Age 7,2007,91.45,4.62,2.35,80.57
Z5.4.A.01,2015,MMR Dose 2 by Age 7,2008,87.0,5.890000000000001,0.97,81.30000000000001
Z5.4.A.01,2016,MMR Dose 2 by Age 7,2009,88.47,6.44,0.99,82.10000000000001
Z5.4.A.01,2017,MMR Dose 2 by Age 7,2010,87.66000000000001,6.630000000000001,0.91,81.63000000000001
Z5.4.A.01,2018,MMR Dose 2 by Age 7,2011,79.44000000000001,8.83,-0.19,81.08
Z5.4.A.01,2019,MMR Dose 2 by Age 7,2012,74.69000000000001,9.34,-0.7500000000000001,81.72
Z5.4.A.01,2020,MMR Dose 2 by Age 7,2013,91.46000000000001,5.45,2.54,77.60000000000001
Z5.4.A.01,2021,MMR Dose 2 by Age 7,2014,87.69000000000001,7.24,1.7900000000000003,74.73
Z5.4.A.01,2022,MMR Dose 2 by Age 7,2015,91.75,6.340000000000001,2.79,74.08
Z5.4.A.01,2023,MMR Dose 2 by Age 7,2016,84.86000000000001,7.54,1.62,72.63000000000001
Z5.4.A.02,2014,MMR Dose 1 by Age 13,2001,94.03,1.7000000000000002,-1.3800000000000001,96.38000000000001
Z5.4.A.02,2015,MMR Dose 1 by Age 13,2002,97.24000000000001,1.12,0.6500000000000001,96.51
Z5.4.A.02,2016,MMR Dose 1 by Age 13,2003,94.05,1.7100000000000002,-1.52,96.66000000000001
Z5.4.A.02,2017,MMR Dose 1 by Age 13,2004,95.72,1.33,-0.91,96.92
Z5.4.A.02,2018,MMR Dose 1 by Age 13,2005,90.88000000000001,2.11,-2.9400000000000004,97.09
Z5.4.A.02,2019,MMR Dose 1 by Age 13,2006,95.88000000000001,1.3900000000000001,-0.6700000000000002,96.81000000000002
Z5.4.A.02,2020,MMR Dose 1 by Age 13,2007,94.56,1.52,-1.1400000000000001,96.30000000000001
Z5.4.A.02,2021,MMR Dose 1 by Age 13,2008,88.61000000000001,2.37,-2.97,95.64000000000001
Z5.4.A.02,2022,MMR Dose 1 by Age 13,2009,91.69000000000001,1.82,-1.9500000000000002,95.25
Z5.4.A.02,2023,MMR Dose 1 by Age 13,2010,93.04,1.7400000000000002,-1.1,94.95
Z5.4.A.02,2014,MMR Dose 1 by Age 17,1997,96.37,1.1900000000000002,0.12000000000000001,96.23
Z5.4.A.02,2015,MMR Dose 1 by Age 17,1998,95.49000000000001,1.4000000000000001,-0.7200000000000001,96.51
Z5.4.A.02,2016,MMR Dose 1 by Age 17,1999,97.34000000000002,1.11,0.5700000000000001,96.71000000000001
Z5.4.A.02,2017,MMR Dose 1 by Age 17,2000,95.43,1.4700000000000002,-1.03,96.94000000000001
Z5.4.A.02,2018,MMR Dose 1 by Age 17,2001,95.04,1.4800000000000002,-1.34,97.03
Z5.4.A.02,2019,MMR Dose 1 by Age 17,2002,97.96000000000001,0.9,0.8200000000000001,97.22
Z5.4.A.02,2020,MMR Dose 1 by Age 17,2003,94.36000000000001,1.6500000000000001,-2.05,97.75
Z5.4.A.02,2021,MMR Dose 1 by Age 17,2004,96.26,1.1900000000000002,-1.32,97.84000000000002
Z5.4.A.02,2022,MMR Dose 1 by Age 17,2005,92.21000000000001,1.9400000000000002,-2.9000000000000004,97.83000000000001
Z5.4.A.02,2023,MMR Dose 1 by Age 17,2006,96.08,1.34,-0.89,97.27
Z5.4.A.02,2014,MMR Dose 1 by Age 2,2012,85.43,2.63,-0.99,88.05
Z5.4.A.02,2015,MMR Dose 1 by Age 2,2013,82.97,2.79,-1.4800000000000002,87.11000000000001
Z5.4.A.02,2016,MMR Dose 1 by Age 2,2014,82.23,2.59,-1.9600000000000002,87.29
Z5.4.A.02,2017,MMR Dose 1 by Age 2,2015,81.73,2.71,-1.9700000000000002,87.05
Z5.4.A.02,2018,MMR Dose 1 by Age 2,2016,78.06,2.9600000000000004,-2.93,86.73
Z5.4.A.02,2019,MMR Dose 1 by Age 2,2017,79.14000000000001,3.07,-2.54,86.96000000000001
Z5.4.A.02,2020,MMR Dose 1 by Age 2,2018,77.63000000000001,2.9600000000000004,-3.05,86.65
Z5.4.A.02,2021,MMR Dose 1 by Age 2,2019,72.42,3.25,-3.31,83.2
Z5.4.A.02,2022,MMR Dose 1 by Age 2,2020,69.16000000000001,3.43,-3.7600000000000002,82.07
Z5.4.A.02,2023,MMR Dose 1 by Age 2,2021,67.25,4.08,-3.53,81.67
Z5.4.A.02,2014,MMR Dose 2 by Age 13,2001,87.01,2.54,-1.87,91.76
Z5.4.A.02,2015,MMR Dose 2 by Age 13,2002,87.22,2.8000000000000003,-1.59,91.68
Z5.4.A.02,2016,MMR Dose 2 by Age 13,2003,83.99000000000001,2.87,-2.5,91.18
Z5.4.A.02,2017,MMR Dose 2 by Age 13,2004,89.61000000000001,2.12,-0.8700000000000001,91.45
Z5.4.A.02,2018,MMR Dose 2 by Age 13,2005,81.64000000000001,2.91,-3.3400000000000003,91.34000000000002
Z5.4.A.02,2019,MMR Dose 2 by Age 13,2006,89.76,2.24,-0.76,91.46000000000001
Z5.4.A.02,2020,MMR Dose 2 by Age 13,2007,82.08,2.75,-3.24,91.01
Z5.4.A.02,2021,MMR Dose 2 by Age 13,2008,83.85000000000001,2.66,-2.24,89.81000000000002
Z5.4.A.02,2022,MMR Dose 2 by Age 13,2009,83.98,2.4800000000000004,-2.3600000000000003,89.83000000000001
Z5.4.A.02,2023,MMR Dose 2 by Age 13,2010,85.18,2.47,-1.7900000000000003,89.61000000000001
Z5.4.A.02,2014,MMR Dose 2 by Age 17,1997,90.03,2.12,-1.12,92.41000000000001
Z5.4.A.02,2015,MMR Dose 2 by Age 17,1998,91.92,1.82,-0.46,92.75
Z5.4.A.02,2016,MMR Dose 2 by Age 17,1999,93.75,1.7300000000000002,0.31000000000000005,93.22
Z5.4.A.02,2017,MMR Dose 2 by Age 17,2000,89.85000000000001,2.35,-1.55,93.49000000000001
Z5.4.A.02,2018,MMR Dose 2 by Age 17,2001,89.69000000000001,2.21,-1.6700000000000002,93.37
Z5.4.A.02,2019,MMR Dose 2 by Age 17,2002,89.03,2.59,-1.7500000000000002,93.56
Z5.4.A.02,2020,MMR Dose 2 by Age 17,2003,85.80000000000001,2.69,-3.17,94.32000000000001
Z5.4.A.02,2021,MMR Dose 2 by Age 17,2004,90.88000000000001,1.9500000000000002,-1.7700000000000002,94.35000000000001
Z5.4.A.02,2022,MMR Dose 2 by Age 17,2005,85.72,2.6,-3.04,93.60000000000001
Z5.4.A.02,2023,MMR Dose 2 by Age 17,2006,90.21000000000001,2.19,-1.1,92.62
Z5.4.A.02,2023,MMR Dose 2 by Age 2,2021,53.42000000000001,4.3,-3.69,69.32
Z5.4.A.02,2014,MMR Dose 2 by Age 7,2007,70.19000000000001,3.37,-3.08,80.57
Z5.4.A.02,2015,MMR Dose 2 by Age 7,2008,73.34,3.27,-2.4400000000000004,81.30000000000001
Z5.4.A.02,2016,MMR Dose 2 by Age 7,2009,78.73,2.79,-1.2100000000000002,82.10000000000001
Z5.4.A.02,2017,MMR Dose 2 by Age 7,2010,75.0,3.1,-2.14,81.63000000000001
Z5.4.A.02,2018,MMR Dose 2 by Age 7,2011,73.16000000000001,3.17,-2.49,81.08
Z5.4.A.02,2019,MMR Dose 2 by Age 7,2012,69.69000000000001,3.37,-3.57,81.72
Z5.4.A.02,2020,MMR Dose 2 by Age 7,2013,78.93,2.97,0.45,77.60000000000001
Z5.4.A.02,2021,MMR Dose 2 by Age 7,2014,74.36999999999999,2.97,-0.12000000000000001,74.73
Z5.4.A.02,2022,MMR Dose 2 by Age 7,2015,66.55,3.3800000000000003,-2.23,74.08
Z5.4.A.02,2023,MMR Dose 2 by Age 7,2016,67.54,3.4800000000000004,-1.4600000000000002,72.63000000000001
Z5.4.A.03,2014,MMR Dose 1 by Age 13,2001,96.10000000000001,1.9500000000000002,-0.14,96.38000000000001
Z5.4.A.03,2015,MMR Dose 1 by Age 13,2002,97.86000000000001,1.57,0.8600000000000001,96.51
Z5.4.A.03,2016,MMR Dose 1 by Age 13,2003,93.52,3.15,-1.0,96.66000000000001
Z5.4.A.03,2017,MMR Dose 1 by Age 13,2004,95.99000000000001,1.8900000000000001,-0.49,96.92
Z5.4.A.03,2018,MMR Dose 1 by Age 13,2005,95.21000000000001,2.3800000000000003,-0.79,97.09
Z5.4.A.03,2019,MMR Dose 1 by Age 13,2006,94.9,2.2600000000000002,-0.8500000000000001,96.81000000000002
Z5.4.A.03,2020,MMR Dose 1 by Age 13,2007,95.10000000000001,1.9900000000000002,-0.6000000000000001,96.30000000000001
Z5.4.A.03,2021,MMR Dose 1 by Age 13,2008,94.96000000000001,2.18,-0.31000000000000005,95.64000000000001
Z5.4.A.03,2022,MMR Dose 1 by Age 13,2009,96.65,1.54,0.91,95.25
Z5.4.A.03,2023,MMR Dose 1 by Age 13,2010,96.27,1.7300000000000002,0.76,94.95
Z5.4.A.03,2014,MMR Dose 1 by Age 17,1997,90.12,3.11,-1.9600000000000002,96.23
Z5.4.A.03,2015,MMR Dose 1 by Age 17,1998,94.64000000000001,2.83,-0.6600000000000001,96.51
Z5.4.A.03,2016,MMR Dose 1 by Age 17,1999,95.58,2.41,-0.47000000000000003,96.71000000000001
Z5.4.A.03,2017,MMR Dose 1 by Age 17,2000,98.47,1.2200000000000002,1.2600000000000002,96.94000000000001
Z5.4.A.03,2018,MMR Dose 1 by Age 17,2001,96.10000000000001,1.9500000000000002,-0.48000000000000004,97.03
Z5.4.A.03,2019,MMR Dose 1 by Age 17,2002,98.47,1.2400000000000002,1.01,97.22
Z5.4.A.03,2020,MMR Dose 1 by Age 17,2003,95.36000000000001,2.74,-0.8700000000000001,97.75
Z5.4.A.03,2021,MMR Dose 1 by Age 17,2004,97.22,1.5,-0.41000000000000003,97.84000000000002
Z5.4.A.03,2022,MMR Dose 1 by Age 17,2005,95.21000000000001,2.3800000000000003,-1.1,97.83000000000001
Z5.4.A.03,2023,MMR Dose 1 by Age 17,2006,94.9,2.2600000000000002,-1.05,97.27
Z5.4.A.03,2014,MMR Dose 1 by Age 2,2012,83.36000000000001,3.3400000000000003,-1.4000000000000001,88.05
Z5.4.A.03,2015,MMR Dose 1 by Age 2,2013,85.73,3.33,-0.42000000000000004,87.11000000000001
Z5.4.A.03,2016,MMR Dose 1 by Age 2,2014,72.85,4.170000000000001,-3.47,87.29
Z5.4.A.03,2017,MMR Dose 1 by Age 2,2015,70.47,4.7700000000000005,-3.4800000000000004,87.05
Z5.4.A.03,2018,MMR Dose 1 by Age 2,2016,78.33000000000001,4.28,-1.9600000000000002,86.73
Z5.4.A.03,2019,MMR Dose 1 by Age 2,2017,75.43,4.96,-2.33,86.96000000000001
Z5.4.A.03,2020,MMR Dose 1 by Age 2,2018,73.01,4.6000000000000005,-2.9600000000000004,86.65
Z5.4.A.03,2021,MMR Dose 1 by Age 2,2019,77.25,4.72,-1.2600000000000002,83.2
Z5.4.A.03,2022,MMR Dose 1 by Age 2,2020,67.68,5.62,-2.56,82.07
Z5.4.A.03,2023,MMR Dose 1 by Age 2,2021,71.99000000000001,5.32,-1.82,81.67
Z5.4.A.03,2014,MMR Dose 2 by Age 13,2001,89.59,3.2,-0.68,91.76
Z5.4.A.03,2015,MMR Dose 2 by Age 13,2002,82.01,4.56,-2.12,91.68
Z5.4.A.03,2016,MMR Dose 2 by Age 13,2003,87.87,3.75,-0.88,91.18
Z5.4.A.03,2017,MMR Dose 2 by Age 13,2004,86.31000000000002,3.52,-1.4600000000000002,91.45
Z5.4.A.03,2018,MMR Dose 2 by Age 13,2005,88.23,3.23,-0.96,91.34000000000002
Z5.4.A.03,2019,MMR Dose 2 by Age 13,2006,85.54,3.33,-1.7800000000000002,91.46000000000001
Z5.4.A.03,2020,MMR Dose 2 by Age 13,2007,84.11000000000001,3.37,-2.05,91.01
Z5.4.A.03,2021,MMR Dose 2 by Age 13,2008,90.58,3.03,0.26,89.81000000000002
Z5.4.A.03,2022,MMR Dose 2 by Age 13,2009,82.72,3.7,-1.9200000000000002,89.83000000000001
Z5.4.A.03,2023,MMR Dose 2 by Age 13,2010,84.32000000000001,3.61,-1.4600000000000002,89.61000000000001
Z5.4.A.03,2014,MMR Dose 2 by Age 17,1997,81.2,4.28,-2.62,92.41000000000001
Z5.4.A.03,2015,MMR Dose 2 by Age 17,1998,94.25,2.59,0.58,92.75
Z5.4.A.03,2016,MMR Dose 2 by Age 17,1999,95.44000000000001,2.81,0.79,93.22
Z5.4.A.03,2017,MMR Dose 2 by Age 17,2000,92.33000000000001,2.95,-0.4,93.49000000000001
Z5.4.A.03,2018,MMR Dose 2 by Age 17,2001,93.60000000000001,2.51,0.09,93.37
Z5.4.A.03,2019,MMR Dose 2 by Age 17,2002,88.51,3.72,-1.36,93.56
Z5.4.A.03,2020,MMR Dose 2 by Age 17,2003,88.93,3.57,-1.51,94.32000000000001
Z5.4.A.03,2021,MMR Dose 2 by Age 17,2004,92.56,2.51,-0.7100000000000001,94.35000000000001
Z5.4.A.03,2022,MMR Dose 2 by Age 17,2005,89.10000000000001,3.11,-1.4500000000000002,93.60000000000001
Z5.4.A.03,2023,MMR Dose 2 by Age 17,2006,87.36000000000001,3.15,-1.6700000000000002,92.62
Z5.4.A.03,2023,MMR Dose 2 by Age 2,2021,30.39,5.4,-7.21,69.32
Z5.4.A.03,2014,MMR Dose 2 by Age 7,2007,60.970000000000006,4.65,-4.22,80.57
Z5.4.A.03,2015,MMR Dose 2 by Age 7,2008,77.74000000000001,4.23,-0.8400000000000001,81.30000000000001
Z5.4.A.03,2016,MMR Dose 2 by Age 7,2009,74.03,4.26,-1.8900000000000001,82.10000000000001
Z5.4.A.03,2017,MMR Dose 2 by Age 7,2010,72.32,4.42,-2.11,81.63000000000001
Z5.4.A.03,2018,MMR Dose 2 by Age 7,2011,77.23,4.19,-0.92,81.08
Z5.4.A.03,2019,MMR Dose 2 by Age 7,2012,76.04,4.03,-1.4100000000000001,81.72
Z5.4.A.03,2020,MMR Dose 2 by Age 7,2013,84.05,3.63,1.7700000000000002,77.60000000000001
Z5.4.A.03,2021,MMR Dose 2 by Age 7,2014,79.09,4.130000000000001,1.06,74.73
Z5.4.A.03,2022,MMR Dose 2 by Age 7,2015,73.59,4.7700000000000005,-0.1,74.08
Z5.4.A.03,2023,MMR Dose 2 by Age 7,2016,73.25,4.95,0.13,72.63000000000001
Z5.4.A.07,2014,MMR Dose 1 by Age 13,2001,91.10000000000001,1.9200000000000002,-2.75,96.38000000000001
Z5.4.A.07,2015,MMR Dose 1 by Age 13,2002,94.14000000000001,1.6,-1.4800000000000002,96.51
Z5.4.A.07,2016,MMR Dose 1 by Age 13,2003,93.27,1.8,-1.8900000000000001,96.66000000000001
Z5.4.A.07,2017,MMR Dose 1 by Age 13,2004,92.22,1.8,-2.61,96.92
Z5.4.A.07,2018,MMR Dose 1 by Age 13,2005,95.14000000000001,1.37,-1.4300000000000002,97.09
Z5.4.A.07,2019,MMR Dose 1 by Age 13,2006,91.42,1.9500000000000002,-2.7600000000000002,96.81000000000002
Z5.4.A.07,2020,MMR Dose 1 by Age 13,2007,93.87,1.57,-1.54,96.30000000000001
Z5.4.A.07,2021,MMR Dose 1 by Age 13,2008,93.08,1.6600000000000001,-1.53,95.64000000000001
Z5.4.A.07,2022,MMR Dose 1 by Age 13,2009,93.29,1.61,-1.2200000000000002,95.25
Z5.4.A.07,2023,MMR Dose 1 by Age 13,2010,89.74000000000001,2.07,-2.52,94.95
Z5.4.A.07,2014,MMR Dose 1 by Age 17,1997,90.5,2.06,-2.7800000000000002,96.23
Z5.4.A.07,2015,MMR Dose 1 by Age 17,1998,95.2,1.3800000000000001,-0.9500000000000001,96.51
Z5.4.A.07,2016,MMR Dose 1 by Age 17,1999,92.0,1.9800000000000002,-2.3800000000000003,96.71000000000001
Z5.4.A.07,2017,MMR Dose 1 by Age 17,2000,94.47,1.6600000000000001,-1.4800000000000002,96.94000000000001
Z5.4.A.07,2018,MMR Dose 1 by Age 17,2001,92.4,1.7800000000000002,-2.6,97.03
Z5.4.A.07,2019,MMR Dose 1 by Age 17,2002,95.63000000000001,1.35,-1.1700000000000002,97.22
Z5.4.A.07,2020,MMR Dose 1 by Age 17,2003,94.06,1.6700000000000002,-2.21,97.75
Z5.4.A.07,2021,MMR Dose 1 by Age 17,2004,93.32000000000001,1.6500000000000001,-2.73,97.84000000000002
Z5.4.A.07,2022,MMR Dose 1 by Age 17,2005,95.66000000000001,1.2700000000000002,-1.7100000000000002,97.83000000000001
Z5.4.A.07,2023,MMR Dose 1 by Age 17,2006,91.42,1.9500000000000002,-3.0,97.27
Z5.4.A.07,2014,MMR Dose 1 by Age 2,2012,72.53,3.25,-4.7700000000000005,88.05
Z5.4.A.07,2015,MMR Dose 1 by Age 2,2013,74.69000000000001,3.05,-4.07,87.11000000000001
Z5.4.A.07,2016,MMR Dose 1 by Age 2,2014,69.63000000000001,3.5,-5.05,87.29
Z5.4.A.07,2017,MMR Dose 1 by Age 2,2015,71.75,3.39,-4.51,87.05
Z5.4.A.07,2018,MMR Dose 1 by Age 2,2016,65.84,3.43,-6.09,86.73
Z5.4.A.07,2019,MMR Dose 1 by Age 2,2017,62.67,3.47,-7.0,86.96000000000001
Z5.4.A.07,2020,MMR Dose 1 by Age 2,2018,65.53,3.62,-5.830000000000001,86.65
Z5.4.A.07,2021,MMR Dose 1 by Age 2,2019,51.800000000000004,3.8200000000000003,-8.22,83.2
Z5.4.A.07,2022,MMR Dose 1 by Age 2,2020,64.36,3.9800000000000004,-4.44,82.07
Z5.4.A.07,2023,MMR Dose 1 by Age 2,2021,70.38,3.87,-2.9200000000000004,81.67
Z5.4.A.07,2014,MMR Dose 2 by Age 13,2001,86.34000000000002,2.4600000000000004,-2.2,91.76
Z5.4.A.07,2015,MMR Dose 2 by Age 13,2002,89.11000000000001,2.27,-1.1300000000000001,91.68
Z5.4.A.07,2016,MMR Dose 2 by Age 13,2003,90.0,2.02,-0.58,91.18
Z5.4.A.07,2017,MMR Dose 2 by Age 13,2004,87.49000000000001,2.3400000000000003,-1.6900000000000002,91.45
Z5.4.A.07,2018,MMR Dose 2 by Age 13,2005,89.47,2.0,-0.9400000000000001,91.34000000000002
Z5.4.A.07,2019,MMR Dose 2 by Age 13,2006,88.57,2.08,-1.3900000000000001,91.46000000000001
Z5.4.A.07,2020,MMR Dose 2 by Age 13,2007,87.54,2.22,-1.56,91.01
Z5.4.A.07,2021,MMR Dose 2 by Age 13,2008,88.49000000000001,2.08,-0.6300000000000001,89.81000000000002
Z5.4.A.07,2022,MMR Dose 2 by Age 13,2009,84.34000000000002,2.41,-2.27,89.83000000000001
Z5.4.A.07,2023,MMR Dose 2 by Age 13,2010,80.30000000000001,2.71,-3.43,89.61000000000001
Z5.4.A.07,2014,MMR Dose 2 by Age 17,1997,89.55,2.09,-1.37,92.41000000000001
Z5.4.A.07,2015,MMR Dose 2 by Age 17,1998,92.29,1.86,-0.25,92.75
Z5.4.A.07,2016,MMR Dose 2 by Age 17,1999,88.53,2.31,-2.03,93.22
Z5.4.A.07,2017,MMR Dose 2 by Age 17,2000,94.53,1.5,0.6900000000000001,93.49000000000001
Z5.4.A.07,2018,MMR Dose 2 by Age 17,2001,89.24000000000001,2.2,-1.87,93.37
Z5.4.A.07,2019,MMR Dose 2 by Age 17,2002,91.49000000000001,1.9700000000000002,-1.05,93.56
Z5.4.A.07,2020,MMR Dose 2 by Age 17,2003,91.80000000000001,1.81,-1.3900000000000001,94.32000000000001
Z5.4.A.07,2021,MMR Dose 2 by Age 17,2004,89.41000000000001,2.14,-2.31,94.35000000000001
Z5.4.A.07,2022,MMR Dose 2 by Age 17,2005,91.09,1.82,-1.3800000000000001,93.60000000000001
Z5.4.A.07,2023,MMR Dose 2 by Age 17,2006,90.38000000000001,1.9000000000000001,-1.1800000000000002,92.62
Z5.4.A.07,2023,MMR Dose 2 by Age 2,2021,45.45,4.2700000000000005,-5.59,69.32
Z5.4.A.07,2014,MMR Dose 2 by Age 7,2007,71.83,3.16,-2.77,80.57
Z5.4.A.07,2015,MMR Dose 2 by Age 7,2008,76.02,2.8400000000000003,-1.86,81.30000000000001
Z5.4.A.07,2016,MMR Dose 2 by Age 7,2009,77.30000000000001,2.8400000000000003,-1.6900000000000002,82.10000000000001
Z5.4.A.07,2017,MMR Dose 2 by Age 7,2010,64.68,3.35,-5.06,81.63000000000001
Z5.4.A.07,2018,MMR Dose 2 by Age 7,2011,73.32,3.02,-2.57,81.08
Z5.4.A.07,2019,MMR Dose 2 by Age 7,2012,71.09,3.3800000000000003,-3.15,81.72
Z5.4.A.07,2020,MMR Dose 2 by Age 7,2013,67.31,3.22,-3.2,77.60000000000001
Z5.4.A.07,2021,MMR Dose 2 by Age 7,2014,59.54,3.52,-4.319999999999999,74.73
Z5.4.A.07,2022,MMR Dose 2 by Age 7,2015,57.18,3.62,-4.670000000000001,74.08
Z5.4.A.07,2023,MMR Dose 2 by Age 7,2016,53.71,3.66,-5.170000000000001,72.63000000000001
Z5.4.B.04,2014,MMR Dose 1 by Age 13,2001,83.80000000000001,1.62,-7.75,96.38000000000001
Z5.4.B.04,2015,MMR Dose 1 by Age 13,2002,86.74000000000001,1.4700000000000002,-6.66,96.51
Z5.4.B.04,2016,MMR Dose 1 by Age 13,2003,86.01,1.54,-6.91,96.66000000000001
Z5.4.B.04,2017,MMR Dose 1 by Age 13,2004,85.13000000000001,1.52,-7.7700000000000005,96.92
Z5.4.B.04,2018,MMR Dose 1 by Age 13,2005,86.64000000000001,1.4000000000000001,-7.470000000000001,97.09
Z5.4.B.04,2019,MMR Dose 1 by Age 13,2006,81.34000000000002,1.6400000000000001,-9.450000000000001,96.81000000000002
Z5.4.B.04,2020,MMR Dose 1 by Age 13,2007,84.16000000000001,1.4500000000000002,-8.360000000000001,96.30000000000001
Z5.4.B.04,2021,MMR Dose 1 by Age 13,2008,82.07,1.4900000000000002,-9.12,95.64000000000001
Z5.4.B.04,2022,MMR Dose 1 by Age 13,2009,78.87,1.6500000000000001,-9.91,95.25
Z5.4.B.04,2023,MMR Dose 1 by Age 13,2010,80.74000000000001,1.58,-9.02,94.95
Z5.4.B.04,2014,MMR Dose 1 by Age 17,1997,83.67,1.55,-8.08,96.23
Z5.4.B.04,2015,MMR Dose 1 by Age 17,1998,82.79,1.6300000000000001,-8.42,96.51
Z5.4.B.04,2016,MMR Dose 1 by Age 17,1999,83.41000000000001,1.6400000000000001,-8.09,96.71000000000001
Z5.4.B.04,2017,MMR Dose 1 by Age 17,2000,85.07,1.56,-7.6000000000000005,96.94000000000001
Z5.4.B.04,2018,MMR Dose 1 by Age 17,2001,84.73,1.58,-7.7700000000000005,97.03
Z5.4.B.04,2019,MMR Dose 1 by Age 17,2002,87.54,1.4200000000000002,-6.8100000000000005,97.22
Z5.4.B.04,2020,MMR Dose 1 by Age 17,2003,86.75,1.5,-7.32,97.75
Z5.4.B.04,2021,MMR Dose 1 by Age 17,2004,86.12,1.4700000000000002,-7.98,97.84000000000002
Z5.4.B.04,2022,MMR Dose 1 by Age 17,2005,87.36000000000001,1.36,-7.7,97.83000000000001
Z5.4.B.04,2023,MMR Dose 1 by Age 17,2006,81.66000000000001,1.6300000000000001,-9.600000000000001,97.27
Z5.4.B.04,2014,MMR Dose 1 by Age 2,2012,56.160000000000004,1.9500000000000002,-16.35,88.05
Z5.4.B.04,2015,MMR Dose 1 by Age 2,2013,53.7,1.9700000000000002,-16.930000000000003,87.11000000000001
Z5.4.B.04,2016,MMR Dose 1 by Age 2,2014,51.04,1.9600000000000002,-18.48,87.29
Z5.4.B.04,2017,MMR Dose 1 by Age 2,2015,48.35,1.9400000000000002,-19.990000000000002,87.05
Z5.4.B.04,2018,MMR Dose 1 by Age 2,2016,46.870000000000005,1.84,-21.64,86.73
Z5.4.B.04,2019,MMR Dose 1 by Age 2,2017,49.07,1.9100000000000001,-19.8,86.96000000000001
Z5.4.B.04,2020,MMR Dose 1 by Age 2,2018,41.230000000000004,1.8900000000000001,-24.09,86.65
Z5.4.B.04,2021,MMR Dose 1 by Age 2,2019,32.94,1.8,-27.930000000000003,83.2
Z5.4.B.04,2022,MMR Dose 1 by Age 2,2020,28.750000000000004,1.7000000000000002,-31.37,82.07
Z5.4.B.04,2023,MMR Dose 1 by Age 2,2021,24.56,1.6700000000000002,-34.18,81.67
Z5.4.B.04,2014,MMR Dose 2 by Age 13,2001,78.0,1.83,-7.5,91.76
Z5.4.B.04,2015,MMR Dose 2 by Age 13,2002,81.88000000000001,1.6700000000000002,-5.86,91.68
Z5.4.B.04,2016,MMR Dose 2 by Age 13,2003,77.11000000000001,1.8900000000000001,-7.430000000000001,91.18
Z5.4.B.04,2017,MMR Dose 2 by Age 13,2004,72.17,1.9800000000000002,-9.760000000000002,91.45
Z5.4.B.04,2018,MMR Dose 2 by Age 13,2005,73.01,1.8900000000000001,-9.690000000000001,91.34000000000002
Z5.4.B.04,2019,MMR Dose 2 by Age 13,2006,69.85,1.9500000000000002,-11.06,91.46000000000001
Z5.4.B.04,2020,MMR Dose 2 by Age 13,2007,71.48,1.82,-10.71,91.01
Z5.4.B.04,2021,MMR Dose 2 by Age 13,2008,71.52,1.7700000000000002,-10.33,89.81000000000002
Z5.4.B.04,2022,MMR Dose 2 by Age 13,2009,67.45,1.9100000000000001,-11.72,89.83000000000001
Z5.4.B.04,2023,MMR Dose 2 by Age 13,2010,65.7,1.9300000000000002,-12.360000000000001,89.61000000000001
Z5.4.B.04,2014,MMR Dose 2 by Age 17,1997,79.36000000000001,1.7200000000000002,-7.59,92.41000000000001
Z5.4.B.04,2015,MMR Dose 2 by Age 17,1998,76.33,1.8800000000000001,-8.72,92.75
Z5.4.B.04,2016,MMR Dose 2 by Age 17,1999,79.04,1.7900000000000003,-7.91,93.22
Z5.4.B.04,2017,MMR Dose 2 by Age 17,2000,79.14000000000001,1.7700000000000002,-8.11,93.49000000000001
Z5.4.B.04,2018,MMR Dose 2 by Age 17,2001,78.98,1.8,-7.98,93.37
Z5.4.B.04,2019,MMR Dose 2 by Age 17,2002,83.53,1.6,-6.28,93.56
Z5.4.B.04,2020,MMR Dose 2 by Age 17,2003,78.93,1.84,-8.38,94.32000000000001
Z5.4.B.04,2021,MMR Dose 2 by Age 17,2004,75.27,1.8900000000000001,-10.07,94.35000000000001
Z5.4.B.04,2022,MMR Dose 2 by Age 17,2005,74.22,1.86,-10.41,93.60000000000001
Z5.4.B.04,2023,MMR Dose 2 by Age 17,2006,70.74000000000001,1.9400000000000002,-11.31,92.62
Z5.4.B.04,2023,MMR Dose 2 by Age 2,2021,10.54,1.1900000000000002,-49.36000000000001,69.32
Z5.4.B.04,2014,MMR Dose 2 by Age 7,2007,53.75,2.01,-13.31,80.57
Z5.4.B.04,2015,MMR Dose 2 by Age 7,2008,57.330000000000005,1.9400000000000002,-12.370000000000001,81.30000000000001
Z5.4.B.04,2016,MMR Dose 2 by Age 7,2009,53.5,2.02,-14.14,82.10000000000001
Z5.4.B.04,2017,MMR Dose 2 by Age 7,2010,53.480000000000004,2.03,-13.89,81.63000000000001
Z5.4.B.04,2018,MMR Dose 2 by Age 7,2011,53.75,2.0,-13.660000000000002,81.08
Z5.4.B.04,2019,MMR Dose 2 by Age 7,2012,50.260000000000005,1.9600000000000002,-16.06,81.72
Z5.4.B.04,2020,MMR Dose 2 by Age 7,2013,46.92000000000001,1.9600000000000002,-15.63,77.60000000000001
Z5.4.B.04,2021,MMR Dose 2 by Age 7,2014,45.63,1.9500000000000002,-14.94,74.73
Z5.4.B.04,2022,MMR Dose 2 by Age 7,2015,32.290000000000006,1.84,-22.740000000000002,74.08
Z5.4.B.04,2023,MMR Dose 2 by Age 7,2016,31.200000000000003,1.7300000000000002,-24.0,72.63000000000001
Z5.4.B.05,2014,MMR Dose 1 by Age 13,2001,99.56,0.6300000000000001,5.04,96.38000000000001
Z5.4.B.05,2015,MMR Dose 1 by Age 13,2002,93.65,3.67,-0.78,96.51
Z5.4.B.05,2016,MMR Dose 1 by Age 13,2003,97.02,2.03,0.18,96.66000000000001
Z5.4.B.05,2017,MMR Dose 1 by Age 13,2004,97.81000000000002,1.6300000000000001,0.54,96.92
Z5.4.B.05,2018,MMR Dose 1 by Age 13,2005,99.12,1.1400000000000001,1.7800000000000002,97.09
Z5.4.B.05,2019,MMR Dose 1 by Age 13,2006,98.48,1.4400000000000002,1.1600000000000001,96.81000000000002
Z5.4.B.05,2020,MMR Dose 1 by Age 13,2007,94.96000000000001,3.8000000000000003,-0.35000000000000003,96.30000000000001
Z5.4.B.05,2021,MMR Dose 1 by Age 13,2008,99.73,0.46,8.83,95.64000000000001
Z5.4.B.05,2022,MMR Dose 1 by Age 13,2009,95.93,3.06,0.22,95.25
Z5.4.B.05,2023,MMR Dose 1 by Age 13,2010,98.95,1.4100000000000001,2.8200000000000003,94.95
Z5.4.B.05,2014,MMR Dose 1 by Age 17,1997,94.94000000000001,2.9000000000000004,-0.44,96.23
Z5.4.B.05,2015,MMR Dose 1 by Age 17,1998,99.28,0.93,2.97,96.51
Z5.4.B.05,2016,MMR Dose 1 by Age 17,1999,92.22,3.71,-1.2100000000000002,96.71000000000001
Z5.4.B.05,2017,MMR Dose 1 by Age 17,2000,93.82000000000001,3.16,-0.99,96.94000000000001
Z5.4.B.05,2018,MMR Dose 1 by Age 17,2001,99.84000000000002,0.28,9.96,97.03
Z5.4.B.05,2019,MMR Dose 1 by Age 17,2002,98.09,1.6700000000000002,0.52,97.22
Z5.4.B.05,2020,MMR Dose 1 by Age 17,2003,97.02,2.03,-0.36000000000000004,97.75
Z5.4.B.05,2021,MMR Dose 1 by Age 17,2004,97.81000000000002,1.6300000000000001,-0.02,97.84000000000002
Z5.4.B.05,2022,MMR Dose 1 by Age 17,2005,99.12,1.1400000000000001,1.1300000000000001,97.83000000000001
Z5.4.B.05,2023,MMR Dose 1 by Age 17,2006,98.48,1.4400000000000002,0.8400000000000001,97.27
Z5.4.B.05,2014,MMR Dose 1 by Age 2,2012,93.44000000000001,3.9800000000000004,1.35,88.05
Z5.4.B.05,2015,MMR Dose 1 by Age 2,2013,88.32000000000001,4.75,0.25,87.11000000000001
Z5.4.B.05,2016,MMR Dose 1 by Age 2,2014,84.94000000000001,5.91,-0.4,87.29
Z5.4.B.05,2017,MMR Dose 1 by Age 2,2015,93.24000000000001,4.09,1.51,87.05
Z5.4.B.05,2018,MMR Dose 1 by Age 2,2016,86.18,5.86,-0.09,86.73
Z5.4.B.05,2019,MMR Dose 1 by Age 2,2017,80.44000000000001,5.76,-1.1300000000000001,86.96000000000001
Z5.4.B.05,2020,MMR Dose 1 by Age 2,2018,85.95,5.2700000000000005,-0.13,86.65
Z5.4.B.05,2021,MMR Dose 1 by Age 2,2019,67.46000000000001,7.66,-2.06,83.2
Z5.4.B.05,2022,MMR Dose 1 by Age 2,2020,74.23,6.3500000000000005,-1.2300000000000002,82.07
Z5.4.B.05,2023,MMR Dose 1 by Age 2,2021,61.68,6.82,-2.93,81.67
Z5.4.B.05,2014,MMR Dose 2 by Age 13,2001,97.44000000000001,2.1,2.7,91.76
Z5.4.B.05,2015,MMR Dose 2 by Age 13,2002,92.44000000000001,3.87,0.2,91.68
Z5.4.B.05,2016,MMR Dose 2 by Age 13,2003,91.5,3.54,0.09,91.18
Z5.4.B.05,2017,MMR Dose 2 by Age 13,2004,87.73,4.470000000000001,-0.8300000000000001,91.45
Z5.4.B.05,2018,MMR Dose 2 by Age 13,2005,92.60000000000001,3.7800000000000002,0.33000000000000007,91.34000000000002
Z5.4.B.05,2019,MMR Dose 2 by Age 13,2006,92.35000000000001,3.85,0.23,91.46000000000001
Z5.4.B.05,2020,MMR Dose 2 by Age 13,2007,94.44000000000001,3.05,1.1300000000000001,91.01
Z5.4.B.05,2021,MMR Dose 2 by Age 13,2008,92.87,4.08,0.7500000000000001,89.81000000000002
Z5.4.B.05,2022,MMR Dose 2 by Age 13,2009,91.0,4.75,0.25,89.83000000000001
Z5.4.B.05,2023,MMR Dose 2 by Age 13,2010,97.25,1.9200000000000002,3.9800000000000004,89.61000000000001
Z5.4.B.05,2014,MMR Dose 2 by Age 17,1997,91.52,3.8800000000000003,-0.23,92.41000000000001
Z5.4.B.05,2015,MMR Dose 2 by Age 17,1998,96.93,1.9600000000000002,2.14,92.75
Z5.4.B.05,2016,MMR Dose 2 by Age 17,1999,89.77,4.51,-0.76,93.22
Z5.4.B.05,2017,MMR Dose 2 by Age 17,2000,93.4,3.3000000000000003,-0.03,93.49000000000001
Z5.4.B.05,2018,MMR Dose 2 by Age 17,2001,99.06,1.2200000000000002,4.670000000000001,93.37
Z5.4.B.05,2019,MMR Dose 2 by Age 17,2002,97.03,1.9800000000000002,1.7500000000000002,93.56
Z5.4.B.05,2020,MMR Dose 2 by Age 17,2003,93.97,2.9200000000000004,-0.12000000000000001,94.32000000000001
Z5.4.B.05,2021,MMR Dose 2 by Age 17,2004,92.89000000000001,3.25,-0.45,94.35000000000001
Z5.4.B.05,2022,MMR Dose 2 by Age 17,2005,92.60000000000001,3.7800000000000002,-0.27,93.60000000000001
Z5.4.B.05,2023,MMR Dose 2 by Age 17,2006,93.74000000000001,3.39,0.33000000000000007,92.62
Z5.4.B.05,2023,MMR Dose 2 by Age 2,2021,44.07,6.880000000000001,-3.67,69.32
Z5.4.B.05,2014,MMR Dose 2 by Age 7,2007,91.28,3.8800000000000003,2.7600000000000002,80.57
Z5.4.B.05,2015,MMR Dose 2 by Age 7,2008,85.63000000000001,5.7700000000000005,0.7500000000000001,81.30000000000001
Z5.4.B.05,2016,MMR Dose 2 by Age 7,2009,83.87,5.22,0.34,82.10000000000001
Z5.4.B.05,2017,MMR Dose 2 by Age 7,2010,96.04,2.57,5.6000000000000005,81.63000000000001
Z5.4.B.05,2018,MMR Dose 2 by Age 7,2011,78.79,6.09,-0.38000000000000006,81.08
Z5.4.B.05,2019,MMR Dose 2 by Age 7,2012,95.91000000000001,2.87,4.94,81.72
Z5.4.B.05,2020,MMR Dose 2 by Age 7,2013,88.42,4.82,2.24,77.60000000000001
Z5.4.B.05,2021,MMR Dose 2 by Age 7,2014,80.36000000000001,6.45,0.8700000000000001,74.73
Z5.4.B.05,2022,MMR Dose 2 by Age 7,2015,71.03,6.92,-0.44,74.08
Z5.4.B.05,2023,MMR Dose 2 by Age 7,2016,79.98,6.42,1.1500000000000001,72.63000000000001
Z5.4.C.06,2014,MMR Dose 1 by Age 13,2001,92.9,1.58,-2.2,96.38000000000001
Z5.4.C.06,2015,MMR Dose 1 by Age 13,2002,89.82000000000001,1.9900000000000002,-3.37,96.51
Z5.4.C.06,2016,MMR Dose 1 by Age 13,2003,93.19000000000001,1.4500000000000002,-2.4000000000000004,96.66000000000001
Z5.4.C.06,2017,MMR Dose 1 by Age 13,2004,92.08,1.6900000000000002,-2.8600000000000003,96.92
Z5.4.C.06,2018,MMR Dose 1 by Age 13,2005,91.59,1.6300000000000001,-3.37,97.09
Z5.4.C.06,2019,MMR Dose 1 by Age 13,2006,91.54,1.61,-3.27,96.81000000000002
Z5.4.C.06,2020,MMR Dose 1 by Age 13,2007,92.13000000000001,1.55,-2.7,96.30000000000001
Z5.4.C.06,2021,MMR Dose 1 by Age 13,2008,92.53,1.53,-2.03,95.64000000000001
Z5.4.C.06,2022,MMR Dose 1 by Age 13,2009,89.97,1.7200000000000002,-3.07,95.25
Z5.4.C.06,2023,MMR Dose 1 by Age 13,2010,86.88000000000001,2.07,-3.91,94.95
Z5.4.C.06,2014,MMR Dose 1 by Age 17,1997,90.37,1.9200000000000002,-3.05,96.23
Z5.4.C.06,2015,MMR Dose 1 by Age 17,1998,91.18,1.6500000000000001,-3.24,96.51
Z5.4.C.06,2016,MMR Dose 1 by Age 17,1999,91.41000000000001,1.6900000000000002,-3.14,96.71000000000001
Z5.4.C.06,2017,MMR Dose 1 by Age 17,2000,91.22,1.7600000000000002,-3.25,96.94000000000001
Z5.4.C.06,2018,MMR Dose 1 by Age 17,2001,94.21000000000001,1.36,-2.06,97.03
Z5.4.C.06,2019,MMR Dose 1 by Age 17,2002,92.07,1.6800000000000002,-3.06,97.22
Z5.4.C.06,2020,MMR Dose 1 by Age 17,2003,95.66000000000001,1.04,-2.0,97.75
Z5.4.C.06,2021,MMR Dose 1 by Age 17,2004,94.48,1.34,-2.51,97.84000000000002
Z5.4.C.06,2022,MMR Dose 1 by Age 17,2005,93.82000000000001,1.34,-2.9800000000000004,97.83000000000001
Z5.4.C.06,2023,MMR Dose 1 by Age 17,2006,92.06,1.56,-3.35,97.27
Z5.4.C.06,2014,MMR Dose 1 by Age 2,2012,73.43,2.57,-5.680000000000001,88.05
Z5.4.C.06,2015,MMR Dose 1 by Age 2,2013,70.61000000000001,2.7,-6.11,87.11000000000001
Z5.4.C.06,2016,MMR Dose 1 by Age 2,2014,73.28,2.55,-5.49,87.29
Z5.4.C.06,2017,MMR Dose 1 by Age 2,2015,79.55,2.2800000000000002,-3.29,87.05
Z5.4.C.06,2018,MMR Dose 1 by Age 2,2016,71.66000000000001,2.7600000000000002,-5.46,86.73
Z5.4.C.06,2019,MMR Dose 1 by Age 2,2017,75.71000000000001,2.59,-4.34,86.96000000000001
Z5.4.C.06,2020,MMR Dose 1 by Age 2,2018,69.5,3.0,-5.71,86.65
Z5.4.C.06,2021,MMR Dose 1 by Age 2,2019,63.330000000000005,3.05,-6.52,83.2
Z5.4.C.06,2022,MMR Dose 1 by Age 2,2020,65.08,3.07,-5.53,82.07
Z5.4.C.06,2023,MMR Dose 1 by Age 2,2021,66.03,3.2,-4.9,81.67
Z5.4.C.06,2014,MMR Dose 2 by Age 13,2001,77.98,2.66,-5.180000000000001,91.76
Z5.4.C.06,2015,MMR Dose 2 by Age 13,2002,80.96000000000001,2.4600000000000004,-4.359999999999999,91.68
Z5.4.C.06,2016,MMR Dose 2 by Age 13,2003,78.84000000000002,2.56,-4.8100000000000005,91.18
Z5.4.C.06,2017,MMR Dose 2 by Age 13,2004,81.08,2.53,-4.1000000000000005,91.45
Z5.4.C.06,2018,MMR Dose 2 by Age 13,2005,78.27,2.43,-5.390000000000001,91.34000000000002
Z5.4.C.06,2019,MMR Dose 2 by Age 13,2006,83.75,2.15,-3.58,91.46000000000001
Z5.4.C.06,2020,MMR Dose 2 by Age 13,2007,83.79,2.2800000000000002,-3.17,91.01
Z5.4.C.06,2021,MMR Dose 2 by Age 13,2008,79.13000000000001,2.33,-4.58,89.81000000000002
Z5.4.C.06,2022,MMR Dose 2 by Age 13,2009,80.12,2.33,-4.16,89.83000000000001
Z5.4.C.06,2023,MMR Dose 2 by Age 13,2010,75.66000000000001,2.6,-5.370000000000001,89.61000000000001
Z5.4.C.06,2014,MMR Dose 2 by Age 17,1997,84.85000000000001,2.33,-3.24,92.41000000000001
Z5.4.C.06,2015,MMR Dose 2 by Age 17,1998,82.74000000000001,2.3200000000000003,-4.31,92.75
Z5.4.C.06,2016,MMR Dose 2 by Age 17,1999,82.99000000000001,2.35,-4.35,93.22
Z5.4.C.06,2017,MMR Dose 2 by Age 17,2000,81.67,2.4400000000000004,-4.8500000000000005,93.49000000000001
Z5.4.C.06,2018,MMR Dose 2 by Age 17,2001,83.17,2.33,-4.39,93.37
Z5.4.C.06,2019,MMR Dose 2 by Age 17,2002,86.51,2.05,-3.45,93.56
Z5.4.C.06,2020,MMR Dose 2 by Age 17,2003,86.99000000000001,1.9900000000000002,-3.67,94.32000000000001
Z5.4.C.06,2021,MMR Dose 2 by Age 17,2004,87.49000000000001,2.04,-3.3600000000000003,94.35000000000001
Z5.4.C.06,2022,MMR Dose 2 by Age 17,2005,86.56,1.9200000000000002,-3.68,93.60000000000001
Z5.4.C.06,2023,MMR Dose 2 by Age 17,2006,84.38000000000001,2.12,-3.89,92.62
Z5.4.C.06,2023,MMR Dose 2 by Age 2,2021,47.89000000000001,3.3600000000000003,-6.380000000000001,69.32
Z5.4.C.06,2014,MMR Dose 2 by Age 7,2007,62.620000000000005,3.14,-5.72,80.57
Z5.4.C.06,2015,MMR Dose 2 by Age 7,2008,67.97,2.74,-4.870000000000001,81.30000000000001
Z5.4.C.06,2016,MMR Dose 2 by Age 7,2009,68.16000000000001,2.7800000000000002,-5.01,82.10000000000001
Z5.4.C.06,2017,MMR Dose 2 by Age 7,2010,64.02,2.91,-6.06,81.63000000000001
Z5.4.C.06,2018,MMR Dose 2 by Age 7,2011,73.26,2.57,-3.04,81.08
Z5.4.C.06,2019,MMR Dose 2 by Age 7,2012,75.01,2.43,-2.7600000000000002,81.72
Z5.4.C.06,2020,MMR Dose 2 by Age 7,2013,70.56,2.69,-2.62,77.60000000000001
Z5.4.C.06,2021,MMR Dose 2 by Age 7,2014,65.48,2.67,-3.47,74.73
Z5.4.C.06,2022,MMR Dose 2 by Age 7,2015,66.06,2.67,-3.01,74.08
Z5.4.C.06,2023,MMR Dose 2 by Age 7,2016,55.52,3.01,-5.680000000000001,72.63000000000001
Z5.4.D.08,2014,MMR Dose 1 by Age 13,2001,96.69000000000001,2.55,0.12000000000000001,96.38000000000001
Z5.4.D.08,2015,MMR Dose 1 by Age 13,2002,95.91000000000001,2.95,-0.2,96.51
Z5.4.D.08,2016,MMR Dose 1 by Age 13,2003,98.13000000000001,1.34,1.1,96.66000000000001
Z5.4.D.08,2017,MMR Dose 1 by Age 13,2004,92.82000000000001,4.08,-1.0,96.92
Z5.4.D.08,2018,MMR Dose 1 by Age 13,2005,96.57,2.15,-0.24000000000000002,97.09
Z5.4.D.08,2019,MMR Dose 1 by Age 13,2006,95.89000000000001,2.64,-0.35000000000000003,96.81000000000002
Z5.4.D.08,2020,MMR Dose 1 by Age 13,2007,92.08,3.47,-1.2200000000000002,96.30000000000001
Z5.4.D.08,2021,MMR Dose 1 by Age 13,2008,94.86000000000001,2.54,-0.30000000000000004,95.64000000000001
Z5.4.D.08,2022,MMR Dose 1 by Age 13,2009,95.62,2.3200000000000003,0.16,95.25
Z5.4.D.08,2023,MMR Dose 1 by Age 13,2010,87.25,4.2700000000000005,-1.81,94.95
Z5.4.D.08,2014,MMR Dose 1 by Age 17,1997,98.03,1.4800000000000002,1.2200000000000002,96.23
Z5.4.D.08,2015,MMR Dose 1 by Age 17,1998,97.47,1.83,0.53,96.51
Z5.4.D.08,2016,MMR Dose 1 by Age 17,1999,97.48,1.8800000000000001,0.41000000000000003,96.71000000000001
Z5.4.D.08,2017,MMR Dose 1 by Age 17,2000,96.74000000000001,2.06,-0.1,96.94000000000001
Z5.4.D.08,2018,MMR Dose 1 by Age 17,2001,96.69000000000001,2.55,-0.13,97.03
Z5.4.D.08,2019,MMR Dose 1 by Age 17,2002,96.65,2.51,-0.22,97.22
Z5.4.D.08,2020,MMR Dose 1 by Age 17,2003,98.66000000000001,1.06,0.8600000000000001,97.75
Z5.4.D.08,2021,MMR Dose 1 by Age 17,2004,92.82000000000001,4.08,-1.2300000000000002,97.84000000000002
Z5.4.D.08,2022,MMR Dose 1 by Age 17,2005,96.57,2.15,-0.58,97.83000000000001
Z5.4.D.08,2023,MMR Dose 1 by Age 17,2006,95.89000000000001,2.64,-0.52,97.27
Z5.4.D.08,2014,MMR Dose 1 by Age 2,2012,83.66000000000001,4.22,-1.04,88.05
Z5.4.D.08,2015,MMR Dose 1 by Age 2,2013,67.69000000000001,6.19,-3.14,87.11000000000001
Z5.4.D.08,2016,MMR Dose 1 by Age 2,2014,80.83000000000001,5.48,-1.1800000000000002,87.29
Z5.4.D.08,2017,MMR Dose 1 by Age 2,2015,85.33000000000001,4.680000000000001,-0.37000000000000005,87.05
Z5.4.D.08,2018,MMR Dose 1 by Age 2,2016,75.74000000000001,6.29,-1.7500000000000002,86.73
Z5.4.D.08,2019,MMR Dose 1 by Age 2,2017,83.86000000000001,5.28,-0.59,86.96000000000001
Z5.4.D.08,2020,MMR Dose 1 by Age 2,2018,77.48,6.06,-1.51,86.65
Z5.4.D.08,2021,MMR Dose 1 by Age 2,2019,70.32,6.04,-2.13,83.2
Z5.4.D.08,2022,MMR Dose 1 by Age 2,2020,69.27,6.7,-1.9100000000000001,82.07
Z5.4.D.08,2023,MMR Dose 1 by Age 2,2021,73.91000000000001,5.930000000000001,-1.31,81.67
Z5.4.D.08,2014,MMR Dose 2 by Age 13,2001,87.61000000000001,4.37,-0.9500000000000001,91.76
Z5.4.D.08,2015,MMR Dose 2 by Age 13,2002,90.99000000000001,3.81,-0.18,91.68
Z5.4.D.08,2016,MMR Dose 2 by Age 13,2003,92.72,3.18,0.48000000000000004,91.18
Z5.4.D.08,2017,MMR Dose 2 by Age 13,2004,82.99000000000001,5.54,-1.53,91.45
Z5.4.D.08,2018,MMR Dose 2 by Age 13,2005,89.21000000000001,3.85,-0.55,91.34000000000002
Z5.4.D.08,2019,MMR Dose 2 by Age 13,2006,81.76,5.130000000000001,-1.8900000000000001,91.46000000000001
Z5.4.D.08,2020,MMR Dose 2 by Age 13,2007,88.71000000000001,4.15,-0.55,91.01
Z5.4.D.08,2021,MMR Dose 2 by Age 13,2008,89.12,4.06,-0.17,89.81000000000002
Z5.4.D.08,2022,MMR Dose 2 by Age 13,2009,93.32000000000001,2.67,1.31,89.83000000000001
Z5.4.D.08,2023,MMR Dose 2 by Age 13,2010,80.65,4.75,-1.8900000000000001,89.61000000000001
Z5.4.D.08,2014,MMR Dose 2 by Age 17,1997,91.83000000000001,3.21,-0.18,92.41000000000001
Z5.4.D.08,2015,MMR Dose 2 by Age 17,1998,94.91000000000001,2.47,0.8700000000000001,92.75
Z5.4.D.08,2016,MMR Dose 2 by Age 17,1999,95.21000000000001,2.55,0.78,93.22
Z5.4.D.08,2017,MMR Dose 2 by Age 17,2000,95.9,2.18,1.11,93.49000000000001
Z5.4.D.08,2018,MMR Dose 2 by Age 17,2001,87.61000000000001,4.37,-1.32,93.37
Z5.4.D.08,2019,MMR Dose 2 by Age 17,2002,92.88000000000001,3.24,-0.21000000000000002,93.56
Z5.4.D.08,2020,MMR Dose 2 by Age 17,2003,94.04,2.8600000000000003,-0.1,94.32000000000001
Z5.4.D.08,2021,MMR Dose 2 by Age 17,2004,88.21000000000001,4.92,-1.2500000000000002,94.35000000000001
Z5.4.D.08,2022,MMR Dose 2 by Age 17,2005,90.24000000000001,3.61,-0.93,93.60000000000001
Z5.4.D.08,2023,MMR Dose 2 by Age 17,2006,83.68,4.930000000000001,-1.81,92.62
Z5.4.D.08,2023,MMR Dose 2 by Age 2,2021,46.65,6.680000000000001,-3.39,69.32
Z5.4.D.08,2014,MMR Dose 2 by Age 7,2007,60.370000000000005,6.24,-3.24,80.57
Z5.4.D.08,2015,MMR Dose 2 by Age 7,2008,65.88,6.36,-2.4200000000000004,81.30000000000001
Z5.4.D.08,2016,MMR Dose 2 by Age 7,2009,84.31000000000002,4.34,0.51,82.10000000000001
Z5.4.D.08,2017,MMR Dose 2 by Age 7,2010,68.12,5.670000000000001,-2.3800000000000003,81.63000000000001
Z5.4.D.08,2018,MMR Dose 2 by Age 7,2011,70.0,5.96,-1.86,81.08
Z5.4.D.08,2019,MMR Dose 2 by Age 7,2012,75.7,4.71,-1.2800000000000002,81.72
Z5.4.D.08,2020,MMR Dose 2 by Age 7,2013,65.81,6.28,-1.8800000000000001,77.60000000000001
Z5.4.D.08,2021,MMR Dose 2 by Age 7,2014,74.07,5.870000000000001,-0.11,74.73
Z5.4.D.08,2022,MMR Dose 2 by Age 7,2015,59.690000000000005,6.25,-2.3000000000000003,74.08
Z5.4.D.08,2023,MMR Dose 2 by Age 7,2016,52.92000000000001,7.42,-2.66,72.63000000000001
Z5.4.D.09,2014,MMR Dose 1 by Age 13,2001,94.34000000000002,3.2,-0.6400000000000001,96.38000000000001
Z5.4.D.09,2015,MMR Dose 1 by Age 13,2002,92.47,2.8800000000000003,-1.4000000000000001,96.51
Z5.4.D.09,2016,MMR Dose 1 by Age 13,2003,94.23,2.62,-0.93,96.66000000000001
Z5.4.D.09,2017,MMR Dose 1 by Age 13,2004,91.65,3.25,-1.62,96.92
Z5.4.D.09,2018,MMR Dose 1 by Age 13,2005,94.45,2.52,-1.05,97.09
Z5.4.D.09,2019,MMR Dose 1 by Age 13,2006,94.34000000000002,2.8400000000000003,-0.8700000000000001,96.81000000000002
Z5.4.D.09,2020,MMR Dose 1 by Age 13,2007,95.39000000000001,2.08,-0.44,96.30000000000001
Z5.4.D.09,2021,MMR Dose 1 by Age 13,2008,92.18,2.99,-1.1600000000000001,95.64000000000001
Z5.4.D.09,2022,MMR Dose 1 by Age 13,2009,93.92,2.19,-0.6100000000000001,95.25
Z5.4.D.09,2023,MMR Dose 1 by Age 13,2010,95.55,2.02,0.29000000000000004,94.95
Z5.4.D.09,2014,MMR Dose 1 by Age 17,1997,92.53,2.83,-1.31,96.23
Z5.4.D.09,2015,MMR Dose 1 by Age 17,1998,93.76,2.41,-1.1400000000000001,96.51
Z5.4.D.09,2016,MMR Dose 1 by Age 17,1999,92.24000000000001,2.9800000000000004,-1.5,96.71000000000001
Z5.4.D.09,2017,MMR Dose 1 by Age 17,2000,94.28,2.56,-1.04,96.94000000000001
Z5.4.D.09,2018,MMR Dose 1 by Age 17,2001,94.34000000000002,3.2,-0.8400000000000001,97.03
Z5.4.D.09,2019,MMR Dose 1 by Age 17,2002,92.47,2.8800000000000003,-1.6500000000000001,97.22
Z5.4.D.09,2020,MMR Dose 1 by Age 17,2003,94.23,2.62,-1.34,97.75
Z5.4.D.09,2021,MMR Dose 1 by Age 17,2004,91.65,3.25,-1.9000000000000001,97.84000000000002
Z5.4.D.09,2022,MMR Dose 1 by Age 17,2005,95.30000000000001,2.27,-1.11,97.83000000000001
Z5.4.D.09,2023,MMR Dose 1 by Age 17,2006,94.34000000000002,2.8400000000000003,-1.03,97.27
Z5.4.D.09,2014,MMR Dose 1 by Age 2,2012,88.87,3.69,0.22,88.05
Z5.4.D.09,2015,MMR Dose 1 by Age 2,2013,82.64000000000001,4.38,-1.02,87.11000000000001
Z5.4.D.09,2016,MMR Dose 1 by Age 2,2014,81.71000000000001,3.74,-1.4900000000000002,87.29
Z5.4.D.09,2017,MMR Dose 1 by Age 2,2015,73.85,5.02,-2.63,87.05
Z5.4.D.09,2018,MMR Dose 1 by Age 2,2016,72.89,5.07,-2.73,86.73
Z5.4.D.09,2019,MMR Dose 1 by Age 2,2017,71.73,5.180000000000001,-2.9400000000000004,86.96000000000001
Z5.4.D.09,2020,MMR Dose 1 by Age 2,2018,71.51,5.8100000000000005,-2.61,86.65
Z5.4.D.09,2021,MMR Dose 1 by Age 2,2019,61.71,5.7700000000000005,-3.72,83.2
Z5.4.D.09,2022,MMR Dose 1 by Age 2,2020,58.93000000000001,5.840000000000001,-3.9600000000000004,82.07
Z5.4.D.09,2023,MMR Dose 1 by Age 2,2021,42.900000000000006,6.16,-6.29,81.67
Z5.4.D.09,2014,MMR Dose 2 by Age 13,2001,93.92,2.41,0.9,91.76
Z5.4.D.09,2015,MMR Dose 2 by Age 13,2002,84.89000000000001,3.73,-1.82,91.68
Z5.4.D.09,2016,MMR Dose 2 by Age 13,2003,84.21000000000001,3.8000000000000003,-1.83,91.18
Z5.4.D.09,2017,MMR Dose 2 by Age 13,2004,80.92,4.3,-2.45,91.45
Z5.4.D.09,2018,MMR Dose 2 by Age 13,2005,81.95,3.97,-2.3600000000000003,91.34000000000002
Z5.4.D.09,2019,MMR Dose 2 by Age 13,2006,82.24000000000001,4.7,-1.9600000000000002,91.46000000000001
Z5.4.D.09,2020,MMR Dose 2 by Age 13,2007,83.26,3.89,-1.9900000000000002,91.01
Z5.4.D.09,2021,MMR Dose 2 by Age 13,2008,84.7,4.04,-1.2600000000000002,89.81000000000002
Z5.4.D.09,2022,MMR Dose 2 by Age 13,2009,84.63000000000001,3.4800000000000004,-1.4900000000000002,89.83000000000001
Z5.4.D.09,2023,MMR Dose 2 by Age 13,2010,83.7,3.85,-1.53,89.61000000000001
Z5.4.D.09,2014,MMR Dose 2 by Age 17,1997,89.33000000000001,3.39,-0.91,92.41000000000001
Z5.4.D.09,2015,MMR Dose 2 by Age 17,1998,92.31000000000002,2.64,-0.17,92.75
Z5.4.D.09,2016,MMR Dose 2 by Age 17,1999,87.08,3.97,-1.55,93.22
Z5.4.D.09,2017,MMR Dose 2 by Age 17,2000,89.63000000000001,3.22,-1.2000000000000002,93.49000000000001
Z5.4.D.09,2018,MMR Dose 2 by Age 17,2001,93.92,2.41,0.23,93.37
Z5.4.D.09,2019,MMR Dose 2 by Age 17,2002,84.89000000000001,3.73,-2.33,93.56
Z5.4.D.09,2020,MMR Dose 2 by Age 17,2003,84.21000000000001,3.8000000000000003,-2.66,94.32000000000001
Z5.4.D.09,2021,MMR Dose 2 by Age 17,2004,83.74000000000001,4.1000000000000005,-2.59,94.35000000000001
Z5.4.D.09,2022,MMR Dose 2 by Age 17,2005,87.89000000000001,3.3200000000000003,-1.7200000000000002,93.60000000000001
Z5.4.D.09,2023,MMR Dose 2 by Age 17,2006,83.93,4.55,-1.9100000000000001,92.62
Z5.4.D.09,2023,MMR Dose 2 by Age 2,2021,32.42,5.82,-6.3500000000000005,69.32
Z5.4.D.09,2014,MMR Dose 2 by Age 7,2007,72.36,4.62,-1.7800000000000002,80.57
Z5.4.D.09,2015,MMR Dose 2 by Age 7,2008,79.57,4.7,-0.37000000000000005,81.30000000000001
Z5.4.D.09,2016,MMR Dose 2 by Age 7,2009,77.36000000000001,4.07,-1.1600000000000001,82.10000000000001
Z5.4.D.09,2017,MMR Dose 2 by Age 7,2010,70.73,4.79,-2.2800000000000002,81.63000000000001
Z5.4.D.09,2018,MMR Dose 2 by Age 7,2011,66.17,5.180000000000001,-2.8800000000000003,81.08
Z5.4.D.09,2019,MMR Dose 2 by Age 7,2012,83.65,3.8800000000000003,0.5,81.72
Z5.4.D.09,2020,MMR Dose 2 by Age 7,2013,67.36999999999999,5.09,-2.01,77.60000000000001
Z5.4.D.09,2021,MMR Dose 2 by Age 7,2014,65.53,4.46,-2.06,74.73
Z5.4.D.09,2022,MMR Dose 2 by Age 7,2015,57.74,5.340000000000001,-3.06,74.08
Z5.4.D.09,2023,MMR Dose 2 by Age 7,2016,56.400000000000006,5.2,-3.12,72.63000000000001
Z5.4.D.10,2014,MMR Dose 1 by Age 13,2001,88.53,2.67,-2.9400000000000004,96.38000000000001
Z5.4.D.10,2015,MMR Dose 1 by Age 13,2002,91.43,2.06,-2.4600000000000004,96.51
Z5.4.D.10,2016,MMR Dose 1 by Age 13,2003,92.21000000000001,2.19,-2.03,96.66000000000001
Z5.4.D.10,2017,MMR Dose 1 by Age 13,2004,92.22,2.2800000000000002,-2.06,96.92
Z5.4.D.10,2018,MMR Dose 1 by Age 13,2005,85.54,3.08,-3.75,97.09
Z5.4.D.10,2019,MMR Dose 1 by Age 13,2006,87.55,2.68,-3.4600000000000004,96.81000000000002
Z5.4.D.10,2020,MMR Dose 1 by Age 13,2007,82.89000000000001,3.2,-4.19,96.30000000000001
Z5.4.D.10,2021,MMR Dose 1 by Age 13,2008,82.81000000000002,3.22,-3.9800000000000004,95.64000000000001
Z5.4.D.10,2022,MMR Dose 1 by Age 13,2009,85.89000000000001,3.02,-3.1,95.25
Z5.4.D.10,2023,MMR Dose 1 by Age 13,2010,78.92,3.72,-4.31,94.95
Z5.4.D.10,2014,MMR Dose 1 by Age 17,1997,92.29,2.1,-1.8800000000000001,96.23
Z5.4.D.10,2015,MMR Dose 1 by Age 17,1998,90.28,2.62,-2.37,96.51
Z5.4.D.10,2016,MMR Dose 1 by Age 17,1999,93.31000000000002,1.9900000000000002,-1.7100000000000002,96.71000000000001
Z5.4.D.10,2017,MMR Dose 1 by Age 17,2000,92.68,2.11,-2.02,96.94000000000001
Z5.4.D.10,2018,MMR Dose 1 by Age 17,2001,89.52,2.53,-2.97,97.03
Z5.4.D.10,2019,MMR Dose 1 by Age 17,2002,92.21000000000001,1.9500000000000002,-2.57,97.22
Z5.4.D.10,2020,MMR Dose 1 by Age 17,2003,92.21000000000001,2.19,-2.53,97.75
Z5.4.D.10,2021,MMR Dose 1 by Age 17,2004,93.46000000000001,2.08,-2.1,97.84000000000002
Z5.4.D.10,2022,MMR Dose 1 by Age 17,2005,85.54,3.08,-3.99,97.83000000000001
Z5.4.D.10,2023,MMR Dose 1 by Age 17,2006,87.55,2.68,-3.63,97.27
Z5.4.D.10,2014,MMR Dose 1 by Age 2,2012,72.16000000000001,4.39,-3.62,88.05
Z5.4.D.10,2015,MMR Dose 1 by Age 2,2013,72.71000000000001,4.06,-3.55,87.11000000000001
Z5.4.D.10,2016,MMR Dose 1 by Age 2,2014,58.06,4.5,-6.5,87.29
Z5.4.D.10,2017,MMR Dose 1 by Age 2,2015,61.940000000000005,4.39,-5.72,87.05
Z5.4.D.10,2018,MMR Dose 1 by Age 2,2016,62.38,4.12,-5.91,86.73
Z5.4.D.10,2019,MMR Dose 1 by Age 2,2017,50.43000000000001,4.630000000000001,-7.880000000000001,86.96000000000001
Z5.4.D.10,2020,MMR Dose 1 by Age 2,2018,67.47,3.97,-4.840000000000001,86.65
Z5.4.D.10,2021,MMR Dose 1 by Age 2,2019,49.86000000000001,4.53,-7.36,83.2
Z5.4.D.10,2022,MMR Dose 1 by Age 2,2020,36.47,4.24,-10.74,82.07
Z5.4.D.10,2023,MMR Dose 1 by Age 2,2021,49.24,4.53,-7.16,81.67
Z5.4.D.10,2014,MMR Dose 2 by Age 13,2001,81.71000000000001,3.27,-3.08,91.76
Z5.4.D.10,2015,MMR Dose 2 by Age 13,2002,84.48,2.7600000000000002,-2.61,91.68
Z5.4.D.10,2016,MMR Dose 2 by Age 13,2003,84.81000000000002,2.97,-2.15,91.18
Z5.4.D.10,2017,MMR Dose 2 by Age 13,2004,89.0,2.55,-0.96,91.45
Z5.4.D.10,2018,MMR Dose 2 by Age 13,2005,78.03,3.7600000000000002,-3.54,91.34000000000002
Z5.4.D.10,2019,MMR Dose 2 by Age 13,2006,79.80000000000001,3.4000000000000004,-3.43,91.46000000000001
Z5.4.D.10,2020,MMR Dose 2 by Age 13,2007,77.4,3.57,-3.8200000000000003,91.01
Z5.4.D.10,2021,MMR Dose 2 by Age 13,2008,83.0,3.13,-2.17,89.81000000000002
Z5.4.D.10,2022,MMR Dose 2 by Age 13,2009,80.94000000000001,3.35,-2.65,89.83000000000001
Z5.4.D.10,2023,MMR Dose 2 by Age 13,2010,79.5,3.52,-2.87,89.61000000000001
Z5.4.D.10,2014,MMR Dose 2 by Age 17,1997,86.93,2.8600000000000003,-1.9200000000000002,92.41000000000001
Z5.4.D.10,2015,MMR Dose 2 by Age 17,1998,84.33000000000001,3.24,-2.59,92.75
Z5.4.D.10,2016,MMR Dose 2 by Age 17,1999,89.97,2.43,-1.34,93.22
Z5.4.D.10,2017,MMR Dose 2 by Age 17,2000,88.44000000000001,2.61,-1.9400000000000002,93.49000000000001
Z5.4.D.10,2018,MMR Dose 2 by Age 17,2001,85.03,2.99,-2.79,93.37
Z5.4.D.10,2019,MMR Dose 2 by Age 17,2002,86.53,2.58,-2.73,93.56
Z5.4.D.10,2020,MMR Dose 2 by Age 17,2003,85.4,2.91,-3.07,94.32000000000001
Z5.4.D.10,2021,MMR Dose 2 by Age 17,2004,91.34000000000002,2.2600000000000002,-1.33,94.35000000000001
Z5.4.D.10,2022,MMR Dose 2 by Age 17,2005,79.57,3.65,-3.8400000000000003,93.60000000000001
Z5.4.D.10,2023,MMR Dose 2 by Age 17,2006,80.56,3.3600000000000003,-3.59,92.62
Z5.4.D.10,2023,MMR Dose 2 by Age 2,2021,43.46000000000001,4.49,-5.76,69.32
Z5.4.D.10,2014,MMR Dose 2 by Age 7,2007,68.67,3.9600000000000004,-3.01,80.57
Z5.4.D.10,2015,MMR Dose 2 by Age 7,2008,73.99000000000001,3.7600000000000002,-1.9500000000000002,81.30000000000001
Z5.4.D.10,2016,MMR Dose 2 by Age 7,2009,71.43,3.9400000000000004,-2.71,82.10000000000001
Z5.4.D.10,2017,MMR Dose 2 by Age 7,2010,73.69000000000001,3.87,-2.05,81.63000000000001
Z5.4.D.10,2018,MMR Dose 2 by Age 7,2011,63.04,4.16,-4.33,81.08
Z5.4.D.10,2019,MMR Dose 2 by Age 7,2012,64.73,4.65,-3.66,81.72
Z5.4.D.10,2020,MMR Dose 2 by Age 7,2013,69.43,4.23,-1.9300000000000002,77.60000000000001
Z5.4.D.10,2021,MMR Dose 2 by Age 7,2014,53.38,4.630000000000001,-4.61,74.73
Z5.4.D.10,2022,MMR Dose 2 by Age 7,2015,55.370000000000005,4.56,-4.1000000000000005,74.08
Z5.4.D.10,2023,MMR Dose 2 by Age 7,2016,49.300000000000004,4.19,-5.56,72.63000000000001
Z5.5.A.01,2014,MMR Dose 1 by Age 13,2001,90.71000000000001,3.18,-1.7800000000000002,96.38000000000001
Z5.5.A.01,2015,MMR Dose 1 by Age 13,2002,83.25,4.71,-2.81,96.51
Z5.5.A.01,2016,MMR Dose 1 by Age 13,2003,89.12,3.85,-1.9500000000000002,96.66000000000001
Z5.5.A.01,2017,MMR Dose 1 by Age 13,2004,94.37,3.04,-0.8400000000000001,96.92
Z5.5.A.01,2018,MMR Dose 1 by Age 13,2005,91.91000000000001,3.62,-1.4300000000000002,97.09
Z5.5.A.01,2019,MMR Dose 1 by Age 13,2006,96.71000000000001,2.4200000000000004,-0.04,96.81000000000002
Z5.5.A.01,2020,MMR Dose 1 by Age 13,2007,90.75,3.4600000000000004,-1.61,96.30000000000001
Z5.5.A.01,2021,MMR Dose 1 by Age 13,2008,88.53,3.72,-1.9100000000000001,95.64000000000001
Z5.5.A.01,2022,MMR Dose 1 by Age 13,2009,91.85000000000001,3.14,-1.08,95.25
Z5.5.A.01,2023,MMR Dose 1 by Age 13,2010,92.64000000000001,3.25,-0.7100000000000001,94.95
Z5.5.A.01,2014,MMR Dose 1 by Age 17,1997,86.14000000000001,4.28,-2.3600000000000003,96.23
Z5.5.A.01,2015,MMR Dose 1 by Age 17,1998,80.78,4.78,-3.29,96.51
Z5.5.A.01,2016,MMR Dose 1 by Age 17,1999,72.59,5.98,-4.03,96.71000000000001
Z5.5.A.01,2017,MMR Dose 1 by Age 17,2000,85.09,4.52,-2.62,96.94000000000001
Z5.5.A.01,2018,MMR Dose 1 by Age 17,2001,90.71000000000001,3.18,-1.9800000000000002,97.03
Z5.5.A.01,2019,MMR Dose 1 by Age 17,2002,84.21000000000001,4.54,-2.87,97.22
Z5.5.A.01,2020,MMR Dose 1 by Age 17,2003,89.12,3.85,-2.24,97.75
Z5.5.A.01,2021,MMR Dose 1 by Age 17,2004,94.37,3.04,-1.1400000000000001,97.84000000000002
Z5.5.A.01,2022,MMR Dose 1 by Age 17,2005,91.91000000000001,3.62,-1.6400000000000001,97.83000000000001
Z5.5.A.01,2023,MMR Dose 1 by Age 17,2006,96.71000000000001,2.4200000000000004,-0.23,97.27
Z5.5.A.01,2014,MMR Dose 1 by Age 2,2012,87.44000000000001,3.67,-0.17,88.05
Z5.5.A.01,2015,MMR Dose 1 by Age 2,2013,82.7,4.130000000000001,-1.07,87.11000000000001
Z5.5.A.01,2016,MMR Dose 1 by Age 2,2014,88.5,3.8600000000000003,0.31000000000000005,87.29
Z5.5.A.01,2017,MMR Dose 1 by Age 2,2015,89.48,3.53,0.6900000000000001,87.05
Z5.5.A.01,2018,MMR Dose 1 by Age 2,2016,84.28,4.53,-0.54,86.73
Z5.5.A.01,2019,MMR Dose 1 by Age 2,2017,71.23,6.23,-2.52,86.96000000000001
Z5.5.A.01,2020,MMR Dose 1 by Age 2,2018,70.94000000000001,7.42,-2.12,86.65
Z5.5.A.01,2021,MMR Dose 1 by Age 2,2019,70.39,5.79,-2.21,83.2
Z5.5.A.01,2022,MMR Dose 1 by Age 2,2020,73.3,6.370000000000001,-1.3800000000000001,82.07
Z5.5.A.01,2023,MMR Dose 1 by Age 2,2021,74.46000000000001,6.74,-1.07,81.67
Z5.5.A.01,2014,MMR Dose 2 by Age 13,2001,77.31000000000002,5.1000000000000005,-2.83,91.76
Z5.5.A.01,2015,MMR Dose 2 by Age 13,2002,71.98,5.71,-3.45,91.68
Z5.5.A.01,2016,MMR Dose 2 by Age 13,2003,79.34000000000002,4.78,-2.4800000000000004,91.18
Z5.5.A.01,2017,MMR Dose 2 by Age 13,2004,86.24000000000001,4.56,-1.1400000000000001,91.45
Z5.5.A.01,2018,MMR Dose 2 by Age 13,2005,90.37,3.3600000000000003,-0.29000000000000004,91.34000000000002
Z5.5.A.01,2019,MMR Dose 2 by Age 13,2006,90.39000000000001,3.63,-0.29000000000000004,91.46000000000001
Z5.5.A.01,2020,MMR Dose 2 by Age 13,2007,87.5,3.93,-0.89,91.01
Z5.5.A.01,2021,MMR Dose 2 by Age 13,2008,78.91000000000001,4.79,-2.27,89.81000000000002
Z5.5.A.01,2022,MMR Dose 2 by Age 13,2009,90.35000000000001,3.4400000000000004,0.15000000000000002,89.83000000000001
Z5.5.A.01,2023,MMR Dose 2 by Age 13,2010,91.61000000000001,3.24,0.6200000000000001,89.61000000000001
Z5.5.A.01,2014,MMR Dose 2 by Age 17,1997,83.91000000000001,4.44,-1.9100000000000001,92.41000000000001
Z5.5.A.01,2015,MMR Dose 2 by Age 17,1998,70.82,5.73,-3.8200000000000003,92.75
Z5.5.A.01,2016,MMR Dose 2 by Age 17,1999,73.4,6.05,-3.2800000000000002,93.22
Z5.5.A.01,2017,MMR Dose 2 by Age 17,2000,84.01,4.31,-2.2,93.49000000000001
Z5.5.A.01,2018,MMR Dose 2 by Age 17,2001,80.43,4.86,-2.66,93.37
Z5.5.A.01,2019,MMR Dose 2 by Age 17,2002,74.71000000000001,5.470000000000001,-3.4400000000000004,93.56
Z5.5.A.01,2020,MMR Dose 2 by Age 17,2003,81.92,4.52,-2.75,94.32000000000001
Z5.5.A.01,2021,MMR Dose 2 by Age 17,2004,86.24000000000001,4.56,-1.7800000000000002,94.35000000000001
Z5.5.A.01,2022,MMR Dose 2 by Age 17,2005,90.37,3.3600000000000003,-0.96,93.60000000000001
Z5.5.A.01,2023,MMR Dose 2 by Age 17,2006,93.66000000000001,3.06,0.34,92.62
Z5.5.A.01,2023,MMR Dose 2 by Age 2,2021,52.09,7.630000000000001,-2.2600000000000002,69.32
Z5.5.A.01,2014,MMR Dose 2 by Age 7,2007,69.68,5.24,-2.08,80.57
Z5.5.A.01,2015,MMR Dose 2 by Age 7,2008,66.86,5.5,-2.62,81.30000000000001
Z5.5.A.01,2016,MMR Dose 2 by Age 7,2009,83.09,4.2700000000000005,0.23,82.10000000000001
Z5.5.A.01,2017,MMR Dose 2 by Age 7,2010,84.89000000000001,4.19,0.78,81.63000000000001
Z5.5.A.01,2018,MMR Dose 2 by Age 7,2011,78.21000000000001,5.06,-0.5700000000000001,81.08
Z5.5.A.01,2019,MMR Dose 2 by Age 7,2012,74.3,4.840000000000001,-1.53,81.72
Z5.5.A.01,2020,MMR Dose 2 by Age 7,2013,60.21,5.75,-3.02,77.60000000000001
Z5.5.A.01,2021,MMR Dose 2 by Age 7,2014,68.78,5.470000000000001,-1.09,74.73
Z5.5.A.01,2022,MMR Dose 2 by Age 7,2015,74.84,5.16,0.15000000000000002,74.08
Z5.5.A.01,2023,MMR Dose 2 by Age 7,2016,66.16000000000001,5.870000000000001,-1.1,72.63000000000001
Z5.6.A.01,2014,MMR Dose 1 by Age 13,2001,98.01,0.47000000000000003,3.49,96.38000000000001
Z5.6.A.01,2015,MMR Dose 1 by Age 13,2002,98.0,0.44,3.3800000000000003,96.51
Z5.6.A.01,2016,MMR Dose 1 by Age 13,2003,96.97,0.55,0.58,96.66000000000001
Z5.6.A.01,2017,MMR Dose 1 by Age 13,2004,96.4,0.59,-0.88,96.92
Z5.6.A.01,2018,MMR Dose 1 by Age 13,2005,98.01,0.4,2.29,97.09
Z5.6.A.01,2019,MMR Dose 1 by Age 13,2006,98.04,0.36000000000000004,3.4000000000000004,96.81000000000002
Z5.6.A.01,2020,MMR Dose 1 by Age 13,2007,97.21000000000001,0.44,2.08,96.30000000000001
Z5.6.A.01,2021,MMR Dose 1 by Age 13,2008,95.29,0.58,-0.6000000000000001,95.64000000000001
Z5.6.A.01,2022,MMR Dose 1 by Age 13,2009,95.94000000000001,0.52,1.31,95.25
Z5.6.A.01,2023,MMR Dose 1 by Age 13,2010,96.36000000000001,0.49,2.89,94.95
Z5.6.A.01,2014,MMR Dose 1 by Age 17,1997,97.54,0.6200000000000001,2.11,96.23
Z5.6.A.01,2015,MMR Dose 1 by Age 17,1998,97.15,0.6300000000000001,1.02,96.51
Z5.6.A.01,2016,MMR Dose 1 by Age 17,1999,98.31000000000002,0.44,3.63,96.71000000000001
Z5.6.A.01,2017,MMR Dose 1 by Age 17,2000,98.02,0.42000000000000004,2.59,96.94000000000001
Z5.6.A.01,2018,MMR Dose 1 by Age 17,2001,98.69000000000001,0.32000000000000006,5.180000000000001,97.03
Z5.6.A.01,2019,MMR Dose 1 by Age 17,2002,98.79,0.29000000000000004,5.470000000000001,97.22
Z5.6.A.01,2020,MMR Dose 1 by Age 17,2003,97.65,0.44,-0.22,97.75
Z5.6.A.01,2021,MMR Dose 1 by Age 17,2004,97.30000000000001,0.47000000000000003,-1.1600000000000001,97.84000000000002
Z5.6.A.01,2022,MMR Dose 1 by Age 17,2005,98.63000000000001,0.29000000000000004,2.75,97.83000000000001
Z5.6.A.01,2023,MMR Dose 1 by Age 17,2006,98.30000000000001,0.32000000000000006,3.19,97.27
Z5.6.A.01,2014,MMR Dose 1 by Age 2,2012,91.11000000000001,0.7400000000000001,4.170000000000001,88.05
Z5.6.A.01,2015,MMR Dose 1 by Age 2,2013,90.03,0.8,3.66,87.11000000000001
Z5.6.A.01,2016,MMR Dose 1 by Age 2,2014,89.37,0.81,2.58,87.29
Z5.6.A.01,2017,MMR Dose 1 by Age 2,2015,88.55,0.8400000000000001,1.7800000000000002,87.05
Z5.6.A.01,2018,MMR Dose 1 by Age 2,2016,89.39000000000001,0.8700000000000001,3.04,86.73
Z5.6.A.01,2019,MMR Dose 1 by Age 2,2017,91.97,0.7300000000000001,6.840000000000001,86.96000000000001
Z5.6.A.01,2020,MMR Dose 1 by Age 2,2018,89.74000000000001,0.8600000000000001,3.6,86.65
Z5.6.A.01,2021,MMR Dose 1 by Age 2,2019,84.61000000000001,1.02,1.3800000000000001,83.2
Z5.6.A.01,2022,MMR Dose 1 by Age 2,2020,83.07,1.1600000000000001,0.8700000000000001,82.07
Z5.6.A.01,2023,MMR Dose 1 by Age 2,2021,83.73,1.1,1.87,81.67
Z5.6.A.01,2014,MMR Dose 2 by Age 13,2001,93.77,0.8700000000000001,2.31,91.76
Z5.6.A.01,2015,MMR Dose 2 by Age 13,2002,91.80000000000001,0.97,0.13,91.68
Z5.6.A.01,2016,MMR Dose 2 by Age 13,2003,92.05,0.9,0.97,91.18
Z5.6.A.01,2017,MMR Dose 2 by Age 13,2004,90.31000000000002,0.99,-1.1500000000000001,91.45
Z5.6.A.01,2018,MMR Dose 2 by Age 13,2005,92.01,0.91,0.7300000000000001,91.34000000000002
Z5.6.A.01,2019,MMR Dose 2 by Age 13,2006,91.56,0.88,0.11,91.46000000000001
Z5.6.A.01,2020,MMR Dose 2 by Age 13,2007,91.84000000000002,0.81,1.03,91.01
Z5.6.A.01,2021,MMR Dose 2 by Age 13,2008,88.37,0.93,-1.54,89.81000000000002
Z5.6.A.01,2022,MMR Dose 2 by Age 13,2009,87.96000000000001,0.93,-2.0,89.83000000000001
Z5.6.A.01,2023,MMR Dose 2 by Age 13,2010,88.44000000000001,0.93,-1.2600000000000002,89.61000000000001
Z5.6.A.01,2014,MMR Dose 2 by Age 17,1997,96.78,0.6000000000000001,7.25,92.41000000000001
Z5.6.A.01,2015,MMR Dose 2 by Age 17,1998,95.51,0.7200000000000001,3.8400000000000003,92.75
Z5.6.A.01,2016,MMR Dose 2 by Age 17,1999,96.37,0.6300000000000001,4.98,93.22
Z5.6.A.01,2017,MMR Dose 2 by Age 17,2000,95.22,0.6600000000000001,2.61,93.49000000000001
Z5.6.A.01,2018,MMR Dose 2 by Age 17,2001,96.07,0.6000000000000001,4.5,93.37
Z5.6.A.01,2019,MMR Dose 2 by Age 17,2002,94.99000000000001,0.68,2.09,93.56
Z5.6.A.01,2020,MMR Dose 2 by Age 17,2003,94.58,0.68,0.38000000000000006,94.32000000000001
Z5.6.A.01,2021,MMR Dose 2 by Age 17,2004,93.46000000000001,0.7500000000000001,-1.1800000000000002,94.35000000000001
Z5.6.A.01,2022,MMR Dose 2 by Age 17,2005,94.07,0.7300000000000001,0.6400000000000001,93.60000000000001
Z5.6.A.01,2023,MMR Dose 2 by Age 17,2006,92.73,0.8,0.13,92.62
Z5.6.A.01,2023,MMR Dose 2 by Age 2,2021,68.22,1.3800000000000001,-0.79,69.32
Z5.6.A.01,2014,MMR Dose 2 by Age 7,2007,77.73,1.33,-2.15,80.57
Z5.6.A.01,2015,MMR Dose 2 by Age 7,2008,77.24000000000001,1.2600000000000002,-3.24,81.30000000000001
Z5.6.A.01,2016,MMR Dose 2 by Age 7,2009,81.14000000000001,1.1400000000000001,-0.8400000000000001,82.10000000000001
Z5.6.A.01,2017,MMR Dose 2 by Age 7,2010,82.7,1.12,0.9500000000000001,81.63000000000001
Z5.6.A.01,2018,MMR Dose 2 by Age 7,2011,80.82000000000001,1.1300000000000001,-0.23,81.08
Z5.6.A.01,2019,MMR Dose 2 by Age 7,2012,83.31000000000002,1.01,1.57,81.72
Z5.6.A.01,2020,MMR Dose 2 by Age 7,2013,80.62,1.09,2.77,77.60000000000001
Z5.6.A.01,2021,MMR Dose 2 by Age 7,2014,75.54,1.1500000000000001,0.7000000000000001,74.73
Z5.6.A.01,2022,MMR Dose 2 by Age 7,2015,72.79,1.1800000000000002,-1.1,74.08
Z5.6.A.01,2023,MMR Dose 2 by Age 7,2016,68.10000000000001,1.3,-3.47,72.63000000000001
Z5.7.A.01,2014,MMR Dose 1 by Age 13,2001,96.37,0.6200000000000001,-0.03,96.38000000000001
Z5.7.A.01,2015,MMR Dose 1 by Age 13,2002,94.93,0.7400000000000001,-2.13,96.51
Z5.7.A.01,2016,MMR Dose 1 by Age 13,2003,95.95,0.6300000000000001,-1.12,96.66000000000001
Z5.7.A.01,2017,MMR Dose 1 by Age 13,2004,95.91000000000001,0.6100000000000001,-1.6700000000000002,96.92
Z5.7.A.01,2018,MMR Dose 1 by Age 13,2005,96.59,0.54,-0.9400000000000001,97.09
Z5.7.A.01,2019,MMR Dose 1 by Age 13,2006,94.47,0.6500000000000001,-3.6,96.81000000000002
Z5.7.A.01,2020,MMR Dose 1 by Age 13,2007,93.7,0.7000000000000001,-3.71,96.30000000000001
Z5.7.A.01,2021,MMR Dose 1 by Age 13,2008,92.34000000000002,0.76,-4.359999999999999,95.64000000000001
Z5.7.A.01,2022,MMR Dose 1 by Age 13,2009,91.28,0.8,-4.95,95.25
Z5.7.A.01,2023,MMR Dose 1 by Age 13,2010,90.43,0.8400000000000001,-5.380000000000001,94.95
Z5.7.A.01,2014,MMR Dose 1 by Age 17,1997,95.38000000000001,0.8700000000000001,-0.97,96.23
Z5.7.A.01,2015,MMR Dose 1 by Age 17,1998,95.97,0.77,-0.7000000000000001,96.51
Z5.7.A.01,2016,MMR Dose 1 by Age 17,1999,95.60000000000001,0.7200000000000001,-1.55,96.71000000000001
Z5.7.A.01,2017,MMR Dose 1 by Age 17,2000,96.25,0.6700000000000002,-1.03,96.94000000000001
Z5.7.A.01,2018,MMR Dose 1 by Age 17,2001,96.91000000000001,0.54,-0.21000000000000002,97.03
Z5.7.A.01,2019,MMR Dose 1 by Age 17,2002,95.77,0.6500000000000001,-2.24,97.22
Z5.7.A.01,2020,MMR Dose 1 by Age 17,2003,96.60000000000001,0.55,-2.09,97.75
Z5.7.A.01,2021,MMR Dose 1 by Age 17,2004,96.25,0.5700000000000001,-2.79,97.84000000000002
Z5.7.A.01,2022,MMR Dose 1 by Age 17,2005,97.2,0.46,-1.37,97.83000000000001
Z5.7.A.01,2023,MMR Dose 1 by Age 17,2006,94.96000000000001,0.6100000000000001,-3.8000000000000003,97.27
Z5.7.A.01,2014,MMR Dose 1 by Age 2,2012,83.62,1.07,-4.130000000000001,88.05
Z5.7.A.01,2015,MMR Dose 1 by Age 2,2013,82.04,1.1,-4.62,87.11000000000001
Z5.7.A.01,2016,MMR Dose 1 by Age 2,2014,80.07,1.1600000000000001,-6.25,87.29
Z5.7.A.01,2017,MMR Dose 1 by Age 2,2015,82.33000000000001,1.1,-4.28,87.05
Z5.7.A.01,2018,MMR Dose 1 by Age 2,2016,84.60000000000001,1.06,-2.02,86.73
Z5.7.A.01,2019,MMR Dose 1 by Age 2,2017,83.98,1.11,-2.69,86.96000000000001
Z5.7.A.01,2020,MMR Dose 1 by Age 2,2018,85.65,1.06,-0.9400000000000001,86.65
Z5.7.A.01,2021,MMR Dose 1 by Age 2,2019,82.7,1.2000000000000002,-0.41000000000000003,83.2
Z5.7.A.01,2022,MMR Dose 1 by Age 2,2020,77.63000000000001,1.34,-3.31,82.07
Z5.7.A.01,2023,MMR Dose 1 by Age 2,2021,80.51,1.32,-0.88,81.67
Z5.7.A.01,2014,MMR Dose 2 by Age 13,2001,88.67,1.11,-2.7800000000000002,91.76
Z5.7.A.01,2015,MMR Dose 2 by Age 13,2002,88.55,1.1,-2.8400000000000003,91.68
Z5.7.A.01,2016,MMR Dose 2 by Age 13,2003,88.33000000000001,1.06,-2.68,91.18
Z5.7.A.01,2017,MMR Dose 2 by Age 13,2004,86.84000000000002,1.1,-4.180000000000001,91.45
Z5.7.A.01,2018,MMR Dose 2 by Age 13,2005,86.91000000000001,1.06,-4.2,91.34000000000002
Z5.7.A.01,2019,MMR Dose 2 by Age 13,2006,84.78,1.09,-6.130000000000001,91.46000000000001
Z5.7.A.01,2020,MMR Dose 2 by Age 13,2007,85.4,1.05,-5.36,91.01
Z5.7.A.01,2021,MMR Dose 2 by Age 13,2008,81.35000000000001,1.1600000000000001,-7.26,89.81000000000002
Z5.7.A.01,2022,MMR Dose 2 by Age 13,2009,82.21000000000001,1.1400000000000001,-6.71,89.83000000000001
Z5.7.A.01,2023,MMR Dose 2 by Age 13,2010,81.99000000000001,1.1400000000000001,-6.670000000000001,89.61000000000001
Z5.7.A.01,2014,MMR Dose 2 by Age 17,1997,92.34000000000002,0.9500000000000001,-0.08,92.41000000000001
Z5.7.A.01,2015,MMR Dose 2 by Age 17,1998,92.89000000000001,0.9,0.15000000000000002,92.75
Z5.7.A.01,2016,MMR Dose 2 by Age 17,1999,89.33000000000001,1.1,-3.52,93.22
Z5.7.A.01,2017,MMR Dose 2 by Age 17,2000,92.74000000000001,0.8700000000000001,-0.8600000000000001,93.49000000000001
Z5.7.A.01,2018,MMR Dose 2 by Age 17,2001,90.48,0.99,-2.9200000000000004,93.37
Z5.7.A.01,2019,MMR Dose 2 by Age 17,2002,90.05,1.01,-3.49,93.56
Z5.7.A.01,2020,MMR Dose 2 by Age 17,2003,91.21000000000001,0.89,-3.49,94.32000000000001
Z5.7.A.01,2021,MMR Dose 2 by Age 17,2004,89.23,0.99,-5.19,94.35000000000001
Z5.7.A.01,2022,MMR Dose 2 by Age 17,2005,89.15,0.9500000000000001,-4.680000000000001,93.60000000000001
Z5.7.A.01,2023,MMR Dose 2 by Age 17,2006,86.12,1.04,-6.25,92.62
Z5.7.A.01,2023,MMR Dose 2 by Age 2,2021,69.16000000000001,1.5,-0.11,69.32
Z5.7.A.01,2014,MMR Dose 2 by Age 7,2007,67.65,1.4000000000000001,-9.19,80.57
Z5.7.A.01,2015,MMR Dose 2 by Age 7,2008,67.91000000000001,1.3900000000000001,-9.63,81.30000000000001
Z5.7.A.01,2016,MMR Dose 2 by Age 7,2009,70.39,1.3800000000000001,-8.51,82.10000000000001
Z5.7.A.01,2017,MMR Dose 2 by Age 7,2010,67.60000000000001,1.4000000000000001,-10.05,81.63000000000001
Z5.7.A.01,2018,MMR Dose 2 by Age 7,2011,65.72,1.3900000000000001,-11.06,81.08
Z5.7.A.01,2019,MMR Dose 2 by Age 7,2012,70.96000000000001,1.33,-8.12,81.72
Z5.7.A.01,2020,MMR Dose 2 by Age 7,2013,69.45,1.33,-6.140000000000001,77.60000000000001
Z5.7.A.01,2021,MMR Dose 2 by Age 7,2014,69.03,1.33,-4.28,74.73
Z5.7.A.01,2022,MMR Dose 2 by Age 7,2015,67.09,1.34,-5.24,74.08
Z5.7.A.01,2023,MMR Dose 2 by Age 7,2016,65.27,1.3900000000000001,-5.300000000000001,72.63000000000001
