model_no,k_name,l1,l2,b,meas_error,lppd_exact
1,ksqexp,1,0.2,0.5,0.5,-48.02290930026893
2,ksqexp,1,0.2,0.5,0.1,-68.50146206994887
3,ksqexp,1,0.2,0.5,0.05,-535.5766424586637
4,ksqexp,1,0.2,0.5,0.01,-16985.751682869137
5,ksqexp,1,0.2,0.5,0,-794328874694.4762
6,ksqexp,1,0.2,1,0.5,-45.451187748349355
7,ksqexp,1,0.2,1,0.1,-60.999983606958374
8,ksqexp,1,0.2,1,0.05,-495.8466216973557
9,ksqexp,1,0.2,1,0.01,-17234.194365407668
10,ksqexp,1,0.2,1,0,-797451907438.4694
11,ksqexp,1,0.2,1.5,0.5,-44.35793243671934
12,ksqexp,1,0.2,1.5,0.1,-55.90028299566519
13,ksqexp,1,0.2,1.5,0.05,-479.57835640984104
14,ksqexp,1,0.2,1.5,0.01,-17173.590186604335
15,ksqexp,1,0.2,1.5,0,-810569533693.3386
16,ksqexp,1,0.5,0.5,0.5,-42.91942950244716
17,ksqexp,1,0.5,0.5,0.1,-40.99156928054194
18,ksqexp,1,0.5,0.5,0.05,-411.64954435144335
19,ksqexp,1,0.5,0.5,0.01,-8324.449994618177
20,ksqexp,1,0.5,0.5,0,-496437739808.05084
21,ksqexp,1,0.5,1,0.5,-43.56562747667084
22,ksqexp,1,0.5,1,0.1,-37.89456464358984
23,ksqexp,1,0.5,1,0.05,-342.7172724671631
24,ksqexp,1,0.5,1,0.01,-8119.280025858473
25,ksqexp,1,0.5,1,0,-484993331769.3385
26,ksqexp,1,0.5,1.5,0.5,-44.34218089211942
27,ksqexp,1,0.5,1.5,0.1,-33.775100837527184
28,ksqexp,1,0.5,1.5,0.05,-297.2769726867304
29,ksqexp,1,0.5,1.5,0.01,-8054.668613473857
30,ksqexp,1,0.5,1.5,0,-480983607495.02637
31,ksqexp,1,1,0.5,0.5,-45.32013250044162
32,ksqexp,1,1,0.5,0.1,19.66486194750095
33,ksqexp,1,1,0.5,0.05,-155.0374506681693
34,ksqexp,1,1,0.5,0.01,-7467.775063742762
35,ksqexp,1,1,0.5,0,-816829237687.5499
36,ksqexp,1,1,1,0.5,-47.65110588508996
37,ksqexp,1,1,1,0.1,22.67742150615781
38,ksqexp,1,1,1,0.05,-148.6455045167997
39,ksqexp,1,1,1,0.01,-7459.622329201424
40,ksqexp,1,1,1,0,-905607789475.7858
41,ksqexp,1,1,1.5,0.5,-49.20590238590086
42,ksqexp,1,1,1.5,0.1,22.410757326419414
43,ksqexp,1,1,1.5,0.05,-147.56932429439772
44,ksqexp,1,1,1.5,0.01,-7434.187299516018
45,ksqexp,1,1,1.5,0,-953835740293.1135
46,ksqexp,1,1.5,0.5,0.5,-46.89250134073541
47,ksqexp,1,1.5,0.5,0.1,24.11011625120324
48,ksqexp,1,1.5,0.5,0.05,-146.7705047638937
49,ksqexp,1,1.5,0.5,0.01,-7467.9529260879
50,ksqexp,1,1.5,0.5,0,-127123163361.316
51,ksqexp,1,1.5,1,0.5,-50.1235184938933
52,ksqexp,1,1.5,1,0.1,18.59738166900031
53,ksqexp,1,1.5,1,0.05,-151.3570909137075
54,ksqexp,1,1.5,1,0.01,-7558.749220457106
55,ksqexp,1,1.5,1,0,-93077787462.80879
56,ksqexp,1,1.5,1.5,0.5,-52.56484057934547
57,ksqexp,1,1.5,1.5,0.1,14.516365250196127
58,ksqexp,1,1.5,1.5,0.05,-154.87880347792313
59,ksqexp,1,1.5,1.5,0.01,-7524.080051088145
60,ksqexp,1,1.5,1.5,0,-77095624985.7305
61,ksqexp,1,2,0.5,0.5,-48.524571002753866
62,ksqexp,1,2,0.5,0.1,18.739358078772188
63,ksqexp,1,2,0.5,0.05,-148.75974940828067
64,ksqexp,1,2,0.5,0.01,-5350.489123991906
65,ksqexp,1,2,0.5,0,-5407909711.210388
66,ksqexp,1,2,1,0.5,-53.203286025724715
67,ksqexp,1,2,1,0.1,9.99229515776183
68,ksqexp,1,2,1,0.05,-158.78637546156136
69,ksqexp,1,2,1,0.01,-4786.063252861969
70,ksqexp,1,2,1,0,-2768001088.6346664
71,ksqexp,1,2,1.5,0.5,-56.62278583137563
72,ksqexp,1,2,1.5,0.1,3.9284882394017524
73,ksqexp,1,2,1.5,0.05,-162.93123632432875
74,ksqexp,1,2,1.5,0.01,-4580.271808699159
75,ksqexp,1,2,1.5,0,-1860056590.500571
76,ksqexp,1,2.5,0.5,0.5,-50.360650852317214
77,ksqexp,1,2.5,0.5,0.1,15.326047388235091
78,ksqexp,1,2.5,0.5,0.05,-116.14484749015767
79,ksqexp,1,2.5,0.5,0.01,-4264.429133029847
80,ksqexp,1,2.5,0.5,0,-192992482.9922876
81,ksqexp,1,2.5,1,0.5,-56.163645824302066
82,ksqexp,1,2.5,1,0.1,6.0977865557848325
83,ksqexp,1,2.5,1,0.05,-104.85422115797688
84,ksqexp,1,2.5,1,0.01,-4317.6755467984685
85,ksqexp,1,2.5,1,0,-96583822.95039693
86,ksqexp,1,2.5,1.5,0.5,-60.33707006671814
87,ksqexp,1,2.5,1.5,0.1,0.9891617217002917
88,ksqexp,1,2.5,1.5,0.05,-98.93710078162589
89,ksqexp,1,2.5,1.5,0.01,-4374.065225532083
90,ksqexp,1,2.5,1.5,0,-64408628.87324401
91,ksqexp,1,3,0.5,0.5,-51.99882854419658
92,ksqexp,1,3,0.5,0.1,19.897978216256753
93,ksqexp,1,3,0.5,0.05,-67.37814331502472
94,ksqexp,1,3,0.5,0.01,-4435.852286622206
95,ksqexp,1,3,0.5,0,-14781583.111439126
96,ksqexp,1,3,1,0.5,-58.65529110809804
97,ksqexp,1,3,1,0.1,11.847202991741314
98,ksqexp,1,3,1,0.05,-72.6076622368531
99,ksqexp,1,3,1,0.01,-4661.496337555028
100,ksqexp,1,3,1,0,-7391165.829995474
101,ksqexp,1,3,1.5,0.5,-63.411431235426676
102,ksqexp,1,3,1.5,0.1,6.10454623776298
103,ksqexp,1,3,1.5,0.05,-79.76096203328653
104,ksqexp,1,3,1.5,0.01,-4829.410265427469
105,ksqexp,1,3,1.5,0,-4927454.162246454
106,ksqexp,1,3.5,0.5,0.5,-53.36013375380921
107,ksqexp,1,3.5,0.5,0.1,24.130064012026526
108,ksqexp,1,3.5,0.5,0.05,-60.44122287313335
109,ksqexp,1,3.5,0.5,0.01,-4846.168352236343
110,ksqexp,1,3.5,0.5,0,-2046777.4269221402
111,ksqexp,1,3.5,1,0.5,-60.6429629977967
112,ksqexp,1,3.5,1,0.1,11.950774735184531
113,ksqexp,1,3.5,1,0.05,-78.65225454014508
114,ksqexp,1,3.5,1,0.01,-5148.798138645849
115,ksqexp,1,3.5,1,0,-1023253.3382782309
116,ksqexp,1,3.5,1.5,0.5,-65.82271825573325
117,ksqexp,1,3.5,1.5,0.1,3.2207500619341403
118,ksqexp,1,3.5,1.5,0.05,-91.28863258003459
119,ksqexp,1,3.5,1.5,0.01,-5306.381525342719
120,ksqexp,1,3.5,1.5,0,-682082.9463096841
121,ksqexp,1,4,0.5,0.5,-54.47964941035121
122,ksqexp,1,4,0.5,0.1,23.031717042708856
123,ksqexp,1,4,0.5,0.05,-68.72923795372974
124,ksqexp,1,4,0.5,0.01,-5023.188226484957
125,ksqexp,1,4,0.5,0,-425388.90728275036
126,ksqexp,1,4,1,0.5,-62.25944475289266
127,ksqexp,1,4,1,0.1,7.282428596193688
128,ksqexp,1,4,1,0.05,-92.53989586799104
129,ksqexp,1,4,1,0.01,-4978.416363133928
130,ksqexp,1,4,1,0,-212576.31742443118
131,ksqexp,1,4,1.5,0.5,-67.79720521646611
132,ksqexp,1,4,1.5,0.1,-3.2277267455657044
133,ksqexp,1,4,1.5,0.05,-107.98617506197854
134,ksqexp,1,4,1.5,0.01,-4780.306695681817
135,ksqexp,1,4,1.5,0,-141647.97075382565
136,ksqexp,1,6,0.5,0.5,-57.85587871932277
137,ksqexp,1,6,0.5,0.1,8.166607265536678
138,ksqexp,1,6,0.5,0.05,-80.56949365979744
139,ksqexp,1,6,0.5,0.01,-796.3195984909462
140,ksqexp,1,6,0.5,0,-5795.051198862269
141,ksqexp,1,6,1,0.5,-67.30728266948638
142,ksqexp,1,6,1,0.1,-11.62996986513627
143,ksqexp,1,6,1,0.05,-82.7970420600763
144,ksqexp,1,6,1,0.01,-543.7302314269454
145,ksqexp,1,6,1,0,-2845.760182984648
146,ksqexp,1,6,1.5,0.5,-74.05652399131218
147,ksqexp,1,6,1.5,0.1,-23.271110833865276
148,ksqexp,1,6,1.5,0.05,-78.8985137021766
149,ksqexp,1,6,1.5,0.01,-455.94215447486084
150,ksqexp,1,6,1.5,0,-1872.08158456961
151,ksqexp,1,8,0.5,0.5,-60.541446024836794
152,ksqexp,1,8,0.5,0.1,11.994078899354635
153,ksqexp,1,8,0.5,0.05,14.363579453570262
154,ksqexp,1,8,0.5,0.01,-130.212150163498
155,ksqexp,1,8,0.5,0,-304.35720469571555
156,ksqexp,1,8,1,0.5,-71.3539486296471
157,ksqexp,1,8,1,0.1,-3.2203319726760675
158,ksqexp,1,8,1,0.05,6.201331321262159
159,ksqexp,1,8,1,0.01,-80.49491921792416
160,ksqexp,1,8,1,0,-134.84138273192985
161,ksqexp,1,8,1.5,0.5,-79.04341831226346
162,ksqexp,1,8,1.5,0.1,-13.520095472853681
163,ksqexp,1,8,1.5,0.05,-3.4953805166002
164,ksqexp,1,8,1.5,0.01,-61.992717133605154
165,ksqexp,1,8,1.5,0,-87.7545749577315
166,ksqexp,1,10,0.5,0.5,-62.58653297388581
167,ksqexp,1,10,0.5,0.1,18.673329713640943
168,ksqexp,1,10,0.5,0.05,31.51928930120587
169,ksqexp,1,10,0.5,0.01,7.799621302327965
170,ksqexp,1,10,0.5,0,-0.448179216562845
171,ksqexp,1,10,1,0.5,-74.3338750033165
172,ksqexp,1,10,1,0.1,-3.3111749239204507
173,ksqexp,1,10,1,0.05,6.396900798116307
174,ksqexp,1,10,1,0.01,-0.3884811779873949
175,ksqexp,1,10,1,0,-2.113100816571624
176,ksqexp,1,10,1.5,0.5,-82.67283306777841
177,ksqexp,1,10,1.5,0.1,-18.276930511584553
178,ksqexp,1,10,1.5,0.05,-9.900126200474128
179,ksqexp,1,10,1.5,0.01,-11.530685859510069
180,ksqexp,1,10,1.5,0,-12.086541257516098
181,ksqexp,1,25,0.5,0.5,-67.82185975925233
182,ksqexp,1,25,0.5,0.1,1.683169468395389
183,ksqexp,1,25,0.5,0.05,9.32252675409116
184,ksqexp,1,25,0.5,0.01,12.221336325781786
185,ksqexp,1,25,0.5,0,12.348239060170155
186,ksqexp,1,25,1,0.5,-82.26676961358986
187,ksqexp,1,25,1,0.1,-28.934002560404586
188,ksqexp,1,25,1,0.05,-24.521900797673602
189,ksqexp,1,25,1,0.01,-22.960557835020584
190,ksqexp,1,25,1,0,-22.89367284138524
191,ksqexp,1,25,1.5,0.5,-92.56974768087414
192,ksqexp,1,25,1.5,0.1,-48.28008806661745
193,ksqexp,1,25,1.5,0.05,-45.172672531640764
194,ksqexp,1,25,1.5,0.01,-44.10479956409618
195,ksqexp,1,25,1.5,0,-44.05944339631717
196,ksqexp,1,50,0.5,0.5,-68.31677302246277
197,ksqexp,1,50,0.5,0.1,0.46453008453980316
198,ksqexp,1,50,0.5,0.05,7.886327409335592
199,ksqexp,1,50,0.5,0.01,10.68116461201682
200,ksqexp,1,50,0.5,0,10.80319676798992
201,ksqexp,1,50,1,0.5,-82.85977345158922
202,ksqexp,1,50,1,0.1,-30.418540280020526
203,ksqexp,1,50,1,0.05,-26.213931692652807
204,ksqexp,1,50,1,0.01,-24.73932015578815
205,ksqexp,1,50,1,0,-24.676329344930537
206,ksqexp,1,50,1.5,0.5,-93.24163753118597
207,ksqexp,1,50,1.5,0.1,-49.90090032426238
208,ksqexp,1,50,1.5,0.05,-46.96505454331873
209,ksqexp,1,50,1.5,0.01,-45.96373868757023
210,ksqexp,1,50,1.5,0,-45.92130463699069
211,ksqexp,1,75,0.5,0.5,-68.31987045078745
212,ksqexp,1,75,0.5,0.1,0.46618329675989123
213,ksqexp,1,75,0.5,0.05,7.890835818880058
214,ksqexp,1,75,0.5,0.01,10.687183586095205
215,ksqexp,1,75,0.5,0,10.809288696925966
216,ksqexp,1,75,1,0.5,-82.8613952360776
217,ksqexp,1,75,1,0.1,-30.417296824166925
218,ksqexp,1,75,1,0.05,-26.211789982440678
219,ksqexp,1,75,1,0.01,-24.73679871878375
220,ksqexp,1,75,1,0,-24.67379082957023
221,ksqexp,1,75,1.5,0.5,-93.24275197936664
222,ksqexp,1,75,1.5,0.1,-49.9001283729613
223,ksqexp,1,75,1.5,0.05,-46.96386838116501
224,ksqexp,1,75,1.5,0.01,-45.96239170008314
225,ksqexp,1,75,1.5,0,-45.91995059282236
226,ksqexp,1,100,0.5,0.5,-68.31987515912502
227,ksqexp,1,100,0.5,0.1,0.46619309122719244
228,ksqexp,1,100,0.5,0.05,7.89085460628219
229,ksqexp,1,100,0.5,0.01,10.687207195192851
230,ksqexp,1,100,0.5,0,10.80931253973201
231,ksqexp,1,100,1,0.5,-82.86139727192982
232,ksqexp,1,100,1,0.1,-30.41728932530705
233,ksqexp,1,100,1,0.05,-26.211779423695816
234,ksqexp,1,100,1,0.01,-24.73678685893748
235,ksqexp,1,100,1,0,-24.673778911116308
236,ksqexp,1,100,1.5,0.5,-93.24275305266266
237,ksqexp,1,100,1.5,0.1,-49.90012257361448
238,ksqexp,1,100,1.5,0.05,-46.96386105729816
239,ksqexp,1,100,1.5,0.01,-45.962383782485865
240,ksqexp,1,100,1.5,0,-45.91994264915249
241,ksqexp,1,150,0.5,0.5,-68.31987515998247
242,ksqexp,1,150,0.5,0.1,0.4661930939233989
243,ksqexp,1,150,0.5,0.05,7.890854611234868
244,ksqexp,1,150,0.5,0.01,10.687207201362275
245,ksqexp,1,150,0.5,0,10.809312545960502
246,ksqexp,1,150,1,0.5,-82.86139727227847
247,ksqexp,1,150,1,0.1,-30.417289323306782
248,ksqexp,1,150,1,0.05,-26.21177942092501
249,ksqexp,1,150,1,0.01,-24.73678685583805
250,ksqexp,1,150,1,0,-24.673778908002063
251,ksqexp,1,150,1.5,0.5,-93.2427530528276
252,ksqexp,1,150,1.5,0.1,-49.90012257207935
253,ksqexp,1,150,1.5,0.05,-46.96386105537861
254,ksqexp,1,150,1.5,0.01,-45.962383780416296
255,ksqexp,1,150,1.5,0,-45.919942647076326
256,ksqexp,1,200,0.5,0.5,-68.31987515998247
257,ksqexp,1,200,0.5,0.1,0.4661930939233989
258,ksqexp,1,200,0.5,0.05,7.890854611234868
259,ksqexp,1,200,0.5,0.01,10.687207201362275
260,ksqexp,1,200,0.5,0,10.809312545960502
261,ksqexp,1,200,1,0.5,-82.86139727227847
262,ksqexp,1,200,1,0.1,-30.417289323306782
263,ksqexp,1,200,1,0.05,-26.21177942092501
264,ksqexp,1,200,1,0.01,-24.73678685583805
265,ksqexp,1,200,1,0,-24.673778908002063
266,ksqexp,1,200,1.5,0.5,-93.2427530528276
267,ksqexp,1,200,1.5,0.1,-49.90012257207935
268,ksqexp,1,200,1.5,0.05,-46.96386105537861
269,ksqexp,1,200,1.5,0.01,-45.962383780416296
270,ksqexp,1,200,1.5,0,-45.919942647076326
271,ksqexp,1,250,0.5,0.5,-68.31987515998247
272,ksqexp,1,250,0.5,0.1,0.4661930939233989
273,ksqexp,1,250,0.5,0.05,7.890854611234868
274,ksqexp,1,250,0.5,0.01,10.687207201362275
275,ksqexp,1,250,0.5,0,10.809312545960502
276,ksqexp,1,250,1,0.5,-82.86139727227847
277,ksqexp,1,250,1,0.1,-30.417289323306782
278,ksqexp,1,250,1,0.05,-26.21177942092501
279,ksqexp,1,250,1,0.01,-24.73678685583805
280,ksqexp,1,250,1,0,-24.673778908002063
281,ksqexp,1,250,1.5,0.5,-93.2427530528276
282,ksqexp,1,250,1.5,0.1,-49.90012257207935
283,ksqexp,1,250,1.5,0.05,-46.96386105537861
284,ksqexp,1,250,1.5,0.01,-45.962383780416296
285,ksqexp,1,250,1.5,0,-45.919942647076326
286,ksqexp,1,500,0.5,0.5,-68.31987515998247
287,ksqexp,1,500,0.5,0.1,0.4661930939233989
288,ksqexp,1,500,0.5,0.05,7.890854611234868
289,ksqexp,1,500,0.5,0.01,10.687207201362275
290,ksqexp,1,500,0.5,0,10.809312545960502
291,ksqexp,1,500,1,0.5,-82.86139727227847
292,ksqexp,1,500,1,0.1,-30.417289323306782
293,ksqexp,1,500,1,0.05,-26.21177942092501
294,ksqexp,1,500,1,0.01,-24.73678685583805
295,ksqexp,1,500,1,0,-24.673778908002063
296,ksqexp,1,500,1.5,0.5,-93.2427530528276
297,ksqexp,1,500,1.5,0.1,-49.90012257207935
298,ksqexp,1,500,1.5,0.05,-46.96386105537861
299,ksqexp,1,500,1.5,0.01,-45.962383780416296
300,ksqexp,1,500,1.5,0,-45.919942647076326
301,ksqexp,1.25,0.2,0.5,0.5,-47.834784428426396
302,ksqexp,1.25,0.2,0.5,0.1,-65.94388352328941
303,ksqexp,1.25,0.2,0.5,0.05,-546.8091483411183
304,ksqexp,1.25,0.2,0.5,0.01,-15895.62987746765
305,ksqexp,1.25,0.2,0.5,0,-836057762758.019
306,ksqexp,1.25,0.2,1,0.5,-45.02142701481216
307,ksqexp,1.25,0.2,1,0.1,-59.87032534376775
308,ksqexp,1.25,0.2,1,0.05,-506.0876810983864
309,ksqexp,1.25,0.2,1,0.01,-16189.477574539216
310,ksqexp,1.25,0.2,1,0,-818324064406.411
311,ksqexp,1.25,0.2,1.5,0.5,-43.652258973017695
312,ksqexp,1.25,0.2,1.5,0.1,-56.054048598668444
313,ksqexp,1.25,0.2,1.5,0.05,-482.0706606081345
314,ksqexp,1.25,0.2,1.5,0.01,-16352.539656542109
315,ksqexp,1.25,0.2,1.5,0,-803552958013.2169
316,ksqexp,1.25,0.5,0.5,0.5,-41.27732308591716
317,ksqexp,1.25,0.5,0.5,0.1,-29.29578361716781
318,ksqexp,1.25,0.5,0.5,0.05,-422.028812892342
319,ksqexp,1.25,0.5,0.5,0.01,-9025.018188513592
320,ksqexp,1.25,0.5,0.5,0,-713905709353.7651
321,ksqexp,1.25,0.5,1,0.5,-41.282964755400705
322,ksqexp,1.25,0.5,1,0.1,-28.38659841873681
323,ksqexp,1.25,0.5,1,0.05,-394.87736487164545
324,ksqexp,1.25,0.5,1,0.01,-8282.822913058508
325,ksqexp,1.25,0.5,1,0,-600960305675.1188
326,ksqexp,1.25,0.5,1.5,0.5,-41.69514188929008
327,ksqexp,1.25,0.5,1.5,0.1,-28.003112441105845
328,ksqexp,1.25,0.5,1.5,0.05,-367.93948519081727
329,ksqexp,1.25,0.5,1.5,0.01,-8051.462636976802
330,ksqexp,1.25,0.5,1.5,0,-554236715546.134
331,ksqexp,1.25,1,0.5,0.5,-41.940001247877554
332,ksqexp,1.25,1,0.5,0.1,17.475632626891464
333,ksqexp,1.25,1,0.5,0.05,-153.77536109663703
334,ksqexp,1.25,1,0.5,0.01,-7185.369331643819
335,ksqexp,1.25,1,0.5,0,-543434399878.32825
336,ksqexp,1.25,1,1,0.5,-43.58228905325074
337,ksqexp,1.25,1,1,0.1,27.625486736712762
338,ksqexp,1.25,1,1,0.05,-140.40171982831612
339,ksqexp,1.25,1,1,0.01,-7181.586421100576
340,ksqexp,1.25,1,1,0,-571942568178.629
341,ksqexp,1.25,1,1.5,0.5,-44.71960486148972
342,ksqexp,1.25,1,1.5,0.1,30.538119337480747
343,ksqexp,1.25,1,1.5,0.05,-135.99531518220374
344,ksqexp,1.25,1,1.5,0.01,-7197.514375151157
345,ksqexp,1.25,1,1.5,0,-592040162171.3273
346,ksqexp,1.25,1.5,0.5,0.5,-43.26451880993369
347,ksqexp,1.25,1.5,0.5,0.1,36.816164477269936
348,ksqexp,1.25,1.5,0.5,0.05,-122.3322659704998
349,ksqexp,1.25,1.5,0.5,0.01,-6953.946242555552
350,ksqexp,1.25,1.5,0.5,0,-627353644737.4901
351,ksqexp,1.25,1.5,1,0.5,-45.1047412534088
352,ksqexp,1.25,1.5,1,0.1,35.510123253066226
353,ksqexp,1.25,1.5,1,0.05,-124.71697433111397
354,ksqexp,1.25,1.5,1,0.01,-6953.556563092138
355,ksqexp,1.25,1.5,1,0,-494041837658.9376
356,ksqexp,1.25,1.5,1.5,0.5,-46.48372517728139
357,ksqexp,1.25,1.5,1.5,0.1,33.60744821552665
358,ksqexp,1.25,1.5,1.5,0.05,-127.35088098527639
359,ksqexp,1.25,1.5,1.5,0.01,-6994.521721836709
360,ksqexp,1.25,1.5,1.5,0,-403578150412.87317
361,ksqexp,1.25,2,0.5,0.5,-43.9364417914242
362,ksqexp,1.25,2,0.5,0.1,36.543539465529
363,ksqexp,1.25,2,0.5,0.05,-118.96099862097273
364,ksqexp,1.25,2,0.5,0.01,-6836.725096731062
365,ksqexp,1.25,2,0.5,0,-99335511608.08252
366,ksqexp,1.25,2,1,0.5,-46.67317682304015
367,ksqexp,1.25,2,1,0.1,31.71583123489517
368,ksqexp,1.25,2,1,0.05,-123.08653236305959
369,ksqexp,1.25,2,1,0.01,-6556.041045174757
370,ksqexp,1.25,2,1,0,-95393243231.27196
371,ksqexp,1.25,2,1.5,0.5,-48.7324032042072
372,ksqexp,1.25,2,1.5,0.1,28.354409958040147
373,ksqexp,1.25,2,1.5,0.05,-127.16760501381418
374,ksqexp,1.25,2,1.5,0.01,-6264.755103504478
375,ksqexp,1.25,2,1.5,0,-90824350719.7823
376,ksqexp,1.25,2.5,0.5,0.5,-45.02419121470112
377,ksqexp,1.25,2.5,0.5,0.1,34.79279239539282
378,ksqexp,1.25,2.5,0.5,0.05,-115.38337419899355
379,ksqexp,1.25,2.5,0.5,0.01,-4780.469688343719
380,ksqexp,1.25,2.5,0.5,0,-30680951119.2292
381,ksqexp,1.25,2.5,1,0.5,-48.63532199745232
382,ksqexp,1.25,2.5,1,0.1,28.244479503590615
383,ksqexp,1.25,2.5,1,0.05,-120.44471949399703
384,ksqexp,1.25,2.5,1,0.01,-4361.238859798562
385,ksqexp,1.25,2.5,1,0,-18031961229.03028
386,ksqexp,1.25,2.5,1.5,0.5,-51.23041163539926
387,ksqexp,1.25,2.5,1.5,0.1,23.6616259232447
388,ksqexp,1.25,2.5,1.5,0.05,-121.12662772704746
389,ksqexp,1.25,2.5,1.5,0.01,-4231.428357829703
390,ksqexp,1.25,2.5,1.5,0,-12777454613.394888
391,ksqexp,1.25,3,0.5,0.5,-46.221602666443815
392,ksqexp,1.25,3,0.5,0.1,34.21973108627788
393,ksqexp,1.25,3,0.5,0.05,-85.94521706420129
394,ksqexp,1.25,3,0.5,0.01,-4070.5964401488127
395,ksqexp,1.25,3,0.5,0,-2654986395.9069166
396,ksqexp,1.25,3,1,0.5,-50.49728609554737
397,ksqexp,1.25,3,1,0.1,27.906872638408593
398,ksqexp,1.25,3,1,0.05,-73.9959506062013
399,ksqexp,1.25,3,1,0.01,-4148.131883112576
400,ksqexp,1.25,3,1,0,-1346812650.6111524
401,ksqexp,1.25,3,1.5,0.5,-53.50808240651028
402,ksqexp,1.25,3,1.5,0.1,24.390452498946278
403,ksqexp,1.25,3,1.5,0.05,-67.04751425662705
404,ksqexp,1.25,3,1.5,0.01,-4226.865790138751
405,ksqexp,1.25,3,1.5,0,-902256747.7372974
406,ksqexp,1.25,3.5,0.5,0.5,-47.322150172802516
407,ksqexp,1.25,3.5,0.5,0.1,38.61836061756445
408,ksqexp,1.25,3.5,0.5,0.05,-41.617956392436426
409,ksqexp,1.25,3.5,0.5,0.01,-4226.098965643839
410,ksqexp,1.25,3.5,0.5,0,-292941752.8129344
411,ksqexp,1.25,3.5,1,0.5,-52.11554191165802
412,ksqexp,1.25,3.5,1,0.1,34.21908728657742
413,ksqexp,1.25,3.5,1,0.05,-39.507004874138644
414,ksqexp,1.25,3.5,1,0.01,-4416.386305867409
415,ksqexp,1.25,3.5,1,0,-146720145.48079655
416,ksqexp,1.25,3.5,1.5,0.5,-55.45752842488081
417,ksqexp,1.25,3.5,1.5,0.1,31.05230394751567
418,ksqexp,1.25,3.5,1.5,0.05,-42.86888264630847
419,ksqexp,1.25,3.5,1.5,0.01,-4535.87766573756
420,ksqexp,1.25,3.5,1.5,0,-97868849.62793887
421,ksqexp,1.25,4,0.5,0.5,-48.27154862075826
422,ksqexp,1.25,4,0.5,0.1,44.46985232128637
423,ksqexp,1.25,4,0.5,0.05,-25.853245284827906
424,ksqexp,1.25,4,0.5,0.01,-4482.708614595988
425,ksqexp,1.25,4,0.5,0,-48586931.490846664
426,ksqexp,1.25,4,1,0.5,-53.45579301039525
427,ksqexp,1.25,4,1,0.1,38.03526917829812
428,ksqexp,1.25,4,1,0.05,-37.25769538865983
429,ksqexp,1.25,4,1,0.01,-4681.939380921384
430,ksqexp,1.25,4,1,0,-24300548.774192147
431,ksqexp,1.25,4,1.5,0.5,-57.041064976984984
432,ksqexp,1.25,4,1.5,0.1,32.67466955547041
433,ksqexp,1.25,4,1.5,0.05,-46.91941127005053
434,ksqexp,1.25,4,1.5,0.01,-4785.216456650757
435,ksqexp,1.25,4,1.5,0,-16201855.66500115
436,ksqexp,1.25,6,0.5,0.5,-50.91560766327969
437,ksqexp,1.25,6,0.5,0.1,41.78293405723502
438,ksqexp,1.25,6,0.5,0.05,-45.2513149098021
439,ksqexp,1.25,6,0.5,0.01,-2540.678789596339
440,ksqexp,1.25,6,0.5,0,-439401.0776911037
441,ksqexp,1.25,6,1,0.5,-57.16269317930039
442,ksqexp,1.25,6,1,0.1,27.77399095103706
443,ksqexp,1.25,6,1,0.05,-64.76394509157103
444,ksqexp,1.25,6,1,0.01,-1672.669318115851
445,ksqexp,1.25,6,1,0,-219574.4883895638
446,ksqexp,1.25,6,1.5,0.5,-61.48758614102518
447,ksqexp,1.25,6,1.5,0.1,18.497246186501297
448,ksqexp,1.25,6,1.5,0.05,-74.49769240947637
449,ksqexp,1.25,6,1.5,0.01,-1255.0025943547091
450,ksqexp,1.25,6,1.5,0,-146308.0498046092
451,ksqexp,1.25,8,0.5,0.5,-52.90122835294994
452,ksqexp,1.25,8,0.5,0.1,36.83351806295418
453,ksqexp,1.25,8,0.5,0.05,-3.2711086606692144
454,ksqexp,1.25,8,0.5,0.01,-345.9907130137069
455,ksqexp,1.25,8,0.5,0,-23591.53164851315
456,ksqexp,1.25,8,1,0.5,-60.04070608478093
457,ksqexp,1.25,8,1,0.1,24.98072191593514
458,ksqexp,1.25,8,1,0.05,8.549149924770328
459,ksqexp,1.25,8,1,0.01,-307.36987306314694
460,ksqexp,1.25,8,1,0,-11711.377551797163
461,ksqexp,1.25,8,1.5,0.5,-64.97312263016602
462,ksqexp,1.25,8,1.5,0.1,18.239771467870575
463,ksqexp,1.25,8,1.5,0.05,14.864809495811233
464,ksqexp,1.25,8,1.5,0.01,-313.0936184090575
465,ksqexp,1.25,8,1.5,0,-7760.743442128504
466,ksqexp,1.25,10,0.5,0.5,-54.602781623524855
467,ksqexp,1.25,10,0.5,0.1,45.94243521972045
468,ksqexp,1.25,10,0.5,0.05,65.5378310660288
469,ksqexp,1.25,10,0.5,0.01,-197.3091613639162
470,ksqexp,1.25,10,0.5,0,-2831.0731501568266
471,ksqexp,1.25,10,1,0.5,-62.455956857957815
472,ksqexp,1.25,10,1,0.1,36.57549447646674
473,ksqexp,1.25,10,1,0.05,58.61625031639163
474,ksqexp,1.25,10,1,0.01,-195.87419513899874
475,ksqexp,1.25,10,1,0,-1356.980356007253
476,ksqexp,1.25,10,1.5,0.5,-67.83569779719211
477,ksqexp,1.25,10,1.5,0.1,29.286551232741168
478,ksqexp,1.25,10,1.5,0.05,50.097748012224905
479,ksqexp,1.25,10,1.5,0.01,-183.31145780942248
480,ksqexp,1.25,10,1.5,0,-875.0345331372233
481,ksqexp,1.25,25,0.5,0.5,-59.65580285700172
482,ksqexp,1.25,25,0.5,0.1,44.528130539639655
483,ksqexp,1.25,25,0.5,0.05,66.48514144511697
484,ksqexp,1.25,25,0.5,0.01,73.41883918409047
485,ksqexp,1.25,25,0.5,0,73.11023696655505
486,ksqexp,1.25,25,1,0.5,-69.59162135700151
487,ksqexp,1.25,25,1,0.1,24.971525609952092
488,ksqexp,1.25,25,1,0.05,42.778918359596894
489,ksqexp,1.25,25,1,0.01,50.455946963703056
490,ksqexp,1.25,25,1,0,50.73522298190669
491,ksqexp,1.25,25,1.5,0.5,-76.36765461764085
492,ksqexp,1.25,25,1.5,0.1,11.829328579009792
493,ksqexp,1.25,25,1.5,0.05,26.945771170592078
494,ksqexp,1.25,25,1.5,0.01,33.570674265096464
495,ksqexp,1.25,25,1.5,0,33.858418401384164
496,ksqexp,1.25,50,0.5,0.5,-60.54133932429858
497,ksqexp,1.25,50,0.5,0.1,42.78608012149852
498,ksqexp,1.25,50,0.5,0.05,65.23041456417785
499,ksqexp,1.25,50,0.5,0.01,76.09217196845424
500,ksqexp,1.25,50,0.5,0,76.54187391522515
501,ksqexp,1.25,50,1,0.5,-70.65745956185705
502,ksqexp,1.25,50,1,0.1,22.89405226520565
503,ksqexp,1.25,50,1,0.05,40.59446041348473
504,ksqexp,1.25,50,1,0.01,49.030969544688965
505,ksqexp,1.25,50,1,0,49.42932659566167
506,ksqexp,1.25,50,1.5,0.5,-77.54052124834355
507,ksqexp,1.25,50,1.5,0.1,9.442282656398639
508,ksqexp,1.25,50,1.5,0.05,24.094691464389303
509,ksqexp,1.25,50,1.5,0.01,30.668237617960692
510,ksqexp,1.25,50,1.5,0,30.97334423550381
511,ksqexp,1.25,75,0.5,0.5,-60.55990182478972
512,ksqexp,1.25,75,0.5,0.1,42.792664415979836
513,ksqexp,1.25,75,0.5,0.05,65.33302765573895
514,ksqexp,1.25,75,0.5,0.01,76.4433475871718
515,ksqexp,1.25,75,0.5,0,76.91954139484028
516,ksqexp,1.25,75,1,0.5,-70.670144413847
517,ksqexp,1.25,75,1,0.1,22.90772366007728
518,ksqexp,1.25,75,1,0.05,40.67122761541124
519,ksqexp,1.25,75,1,0.01,49.1956015264273
520,ksqexp,1.25,75,1,0,49.60039684134458
521,ksqexp,1.25,75,1.5,0.5,-77.55157764515904
522,ksqexp,1.25,75,1.5,0.1,9.45539607847429
523,ksqexp,1.25,75,1.5,0.05,24.150640645747398
524,ksqexp,1.25,75,1.5,0.01,30.767719867648218
525,ksqexp,1.25,75,1.5,0,31.075548736509887
526,ksqexp,1.25,100,0.5,0.5,-60.56011773598991
527,ksqexp,1.25,100,0.5,0.1,42.793159430716145
528,ksqexp,1.25,100,0.5,0.05,65.33620840925069
529,ksqexp,1.25,100,0.5,0.01,76.45389042495366
530,ksqexp,1.25,100,0.5,0,76.9308668827601
531,ksqexp,1.25,100,1,0.5,-70.67024254953367
532,ksqexp,1.25,100,1,0.1,22.9084602780268
533,ksqexp,1.25,100,1,0.05,40.673920466737755
534,ksqexp,1.25,100,1,0.01,49.201056322208565
535,ksqexp,1.25,100,1,0,49.6060525380298
536,ksqexp,1.25,100,1.5,0.5,-77.55163827339294
537,ksqexp,1.25,100,1.5,0.1,9.456187545972021
538,ksqexp,1.25,100,1.5,0.05,24.152864667704545
539,ksqexp,1.25,100,1.5,0.01,30.77139558693147
540,ksqexp,1.25,100,1.5,0,31.079314502782513
541,ksqexp,1.25,150,0.5,0.5,-60.56011846156269
542,ksqexp,1.25,150,0.5,0.1,42.79316214458807
543,ksqexp,1.25,150,0.5,0.05,65.33622565492067
544,ksqexp,1.25,150,0.5,0.01,76.45394922036013
545,ksqexp,1.25,150,0.5,0,76.93093013295886
546,ksqexp,1.25,150,1,0.5,-70.67024285767121
547,ksqexp,1.25,150,1,0.1,22.90846423584839
548,ksqexp,1.25,150,1,0.05,40.673935283710605
549,ksqexp,1.25,150,1,0.01,49.20108680258636
550,ksqexp,1.25,150,1,0,49.60608416297685
551,ksqexp,1.25,150,1.5,0.5,-77.55163845138081
552,ksqexp,1.25,150,1.5,0.1,9.456191835823116
553,ksqexp,1.25,150,1.5,0.05,24.152876986065074
554,ksqexp,1.25,150,1.5,0.01,30.77141615670692
555,ksqexp,1.25,150,1.5,0,31.079335585979074
556,ksqexp,1.25,200,0.5,0.5,-60.56011846156282
557,ksqexp,1.25,200,0.5,0.1,42.79316214458875
558,ksqexp,1.25,200,0.5,0.05,65.336225654925
559,ksqexp,1.25,200,0.5,0.01,76.45394922037512
560,ksqexp,1.25,200,0.5,0,76.93093013297499
561,ksqexp,1.25,200,1,0.5,-70.67024285767127
562,ksqexp,1.25,200,1,0.1,22.90846423584938
563,ksqexp,1.25,200,1,0.05,40.67393528371436
564,ksqexp,1.25,200,1,0.01,49.201086802594126
565,ksqexp,1.25,200,1,0,49.606084162984914
566,ksqexp,1.25,200,1.5,0.5,-77.55163845138084
567,ksqexp,1.25,200,1.5,0.1,9.456191835824193
568,ksqexp,1.25,200,1.5,0.05,24.1528769860682
569,ksqexp,1.25,200,1.5,0.01,30.771416156712164
570,ksqexp,1.25,200,1.5,0,31.07933558598445
571,ksqexp,1.25,250,0.5,0.5,-60.56011846156282
572,ksqexp,1.25,250,0.5,0.1,42.79316214458875
573,ksqexp,1.25,250,0.5,0.05,65.336225654925
574,ksqexp,1.25,250,0.5,0.01,76.45394922037512
575,ksqexp,1.25,250,0.5,0,76.93093013297499
576,ksqexp,1.25,250,1,0.5,-70.67024285767127
577,ksqexp,1.25,250,1,0.1,22.90846423584938
578,ksqexp,1.25,250,1,0.05,40.67393528371436
579,ksqexp,1.25,250,1,0.01,49.201086802594126
580,ksqexp,1.25,250,1,0,49.606084162984914
581,ksqexp,1.25,250,1.5,0.5,-77.55163845138084
582,ksqexp,1.25,250,1.5,0.1,9.456191835824193
583,ksqexp,1.25,250,1.5,0.05,24.1528769860682
584,ksqexp,1.25,250,1.5,0.01,30.771416156712164
585,ksqexp,1.25,250,1.5,0,31.07933558598445
586,ksqexp,1.25,500,0.5,0.5,-60.56011846156282
587,ksqexp,1.25,500,0.5,0.1,42.79316214458875
588,ksqexp,1.25,500,0.5,0.05,65.336225654925
589,ksqexp,1.25,500,0.5,0.01,76.45394922037512
590,ksqexp,1.25,500,0.5,0,76.93093013297499
591,ksqexp,1.25,500,1,0.5,-70.67024285767127
592,ksqexp,1.25,500,1,0.1,22.90846423584938
593,ksqexp,1.25,500,1,0.05,40.67393528371436
594,ksqexp,1.25,500,1,0.01,49.201086802594126
595,ksqexp,1.25,500,1,0,49.606084162984914
596,ksqexp,1.25,500,1.5,0.5,-77.55163845138084
597,ksqexp,1.25,500,1.5,0.1,9.456191835824193
598,ksqexp,1.25,500,1.5,0.05,24.1528769860682
599,ksqexp,1.25,500,1.5,0.01,30.771416156712164
600,ksqexp,1.25,500,1.5,0,31.07933558598445
601,ksqexp,1.5,0.2,0.5,0.5,-47.81073330680695
602,ksqexp,1.5,0.2,0.5,0.1,-63.16656804841346
603,ksqexp,1.5,0.2,0.5,0.05,-551.5437437550156
604,ksqexp,1.5,0.2,0.5,0.01,-15243.090414774259
605,ksqexp,1.5,0.2,0.5,0,-802907104958.3398
606,ksqexp,1.5,0.2,1,0.5,-44.8353688088022
607,ksqexp,1.5,0.2,1,0.1,-57.55035896997387
608,ksqexp,1.5,0.2,1,0.05,-518.647041447153
609,ksqexp,1.5,0.2,1,0.01,-15347.1253510286
610,ksqexp,1.5,0.2,1,0,-810227398830.9236
611,ksqexp,1.5,0.2,1.5,0.5,-43.227936245151355
612,ksqexp,1.5,0.2,1.5,0.1,-54.87090960916669
613,ksqexp,1.5,0.2,1.5,0.05,-494.73638521210665
614,ksqexp,1.5,0.2,1.5,0.01,-15488.491246357038
615,ksqexp,1.5,0.2,1.5,0,-811169967034.014
616,ksqexp,1.5,0.5,0.5,0.5,-40.384426289200164
617,ksqexp,1.5,0.5,0.5,0.1,-23.152698817869265
618,ksqexp,1.5,0.5,0.5,0.05,-404.34788837465186
619,ksqexp,1.5,0.5,0.5,0.01,-10418.339480652237
620,ksqexp,1.5,0.5,0.5,0,-882504269004.9202
621,ksqexp,1.5,0.5,1,0.5,-39.881287415655066
622,ksqexp,1.5,0.5,1,0.1,-20.127001670585415
623,ksqexp,1.5,0.5,1,0.05,-396.2311982705962
624,ksqexp,1.5,0.5,1,0.01,-9093.702621192879
625,ksqexp,1.5,0.5,1,0,-848520446244.6022
626,ksqexp,1.5,0.5,1.5,0.5,-40.031452745838614
627,ksqexp,1.5,0.5,1.5,0.1,-19.74827404940978
628,ksqexp,1.5,0.5,1.5,0.05,-386.2505270591366
629,ksqexp,1.5,0.5,1.5,0.01,-8557.73536372526
630,ksqexp,1.5,0.5,1.5,0,-807428041734.1663
631,ksqexp,1.5,1,0.5,0.5,-39.83245436927622
632,ksqexp,1.5,1,0.5,0.1,8.835968854902156
633,ksqexp,1.5,1,0.5,0.05,-169.86101607874497
634,ksqexp,1.5,1,0.5,0.01,-7166.535771529102
635,ksqexp,1.5,1,0.5,0,-529707810087.5251
636,ksqexp,1.5,1,1,0.5,-40.92277347083255
637,ksqexp,1.5,1,1,0.1,23.48172235621842
638,ksqexp,1.5,1,1,0.05,-142.88771235270497
639,ksqexp,1.5,1,1,0.01,-7038.334822208181
640,ksqexp,1.5,1,1,0,-541798331744.99097
641,ksqexp,1.5,1,1.5,0.5,-41.762416767754864
642,ksqexp,1.5,1,1.5,0.1,30.01945029034444
643,ksqexp,1.5,1,1.5,0.05,-134.2321079732374
644,ksqexp,1.5,1,1.5,0.01,-6999.9557774737195
645,ksqexp,1.5,1,1.5,0,-546484223460.44525
646,ksqexp,1.5,1.5,0.5,0.5,-41.00150831007254
647,ksqexp,1.5,1.5,0.5,0.1,41.73789466963476
648,ksqexp,1.5,1.5,0.5,0.05,-112.5634568788207
649,ksqexp,1.5,1.5,0.5,0.01,-6920.062372301884
650,ksqexp,1.5,1.5,0.5,0,-638053519124.909
651,ksqexp,1.5,1.5,1,0.5,-42.25418843047829
652,ksqexp,1.5,1.5,1,0.1,43.39187283646447
653,ksqexp,1.5,1.5,1,0.05,-108.28174946964117
654,ksqexp,1.5,1.5,1,0.01,-6850.800555567773
655,ksqexp,1.5,1.5,1,0,-655087427393.227
656,ksqexp,1.5,1.5,1.5,0.5,-43.10676430411845
657,ksqexp,1.5,1.5,1.5,0.1,43.28932525037324
658,ksqexp,1.5,1.5,1.5,0.05,-108.05584617513338
659,ksqexp,1.5,1.5,1.5,0.01,-6801.612382661497
660,ksqexp,1.5,1.5,1.5,0,-656748295140.2681
661,ksqexp,1.5,2,0.5,0.5,-41.34436352438513
662,ksqexp,1.5,2,0.5,0.1,46.48196157061438
663,ksqexp,1.5,2,0.5,0.05,-103.25181844922984
664,ksqexp,1.5,2,0.5,0.01,-6672.892131075176
665,ksqexp,1.5,2,0.5,0,-192753844966.44608
666,ksqexp,1.5,2,1,0.5,-42.956790705996454
667,ksqexp,1.5,2,1,0.1,44.354652408047684
668,ksqexp,1.5,2,1,0.05,-105.32002315778091
669,ksqexp,1.5,2,1,0.01,-6729.181590311483
670,ksqexp,1.5,2,1,0,-128601885007.18556
671,ksqexp,1.5,2,1.5,0.5,-44.233017914605796
672,ksqexp,1.5,2,1.5,0.1,42.316057991354086
673,ksqexp,1.5,2,1.5,0.05,-106.47846120444972
674,ksqexp,1.5,2,1.5,0.01,-6750.876178463544
675,ksqexp,1.5,2,1.5,0,-107614943146.68094
676,ksqexp,1.5,2.5,0.5,0.5,-41.84266531257986
677,ksqexp,1.5,2.5,0.5,0.1,46.12975206738677
678,ksqexp,1.5,2.5,0.5,0.05,-96.18293134940089
679,ksqexp,1.5,2.5,0.5,0.01,-6179.307770604711
680,ksqexp,1.5,2.5,0.5,0,-86190086702.35089
681,ksqexp,1.5,2.5,1,0.5,-44.169628766301514
682,ksqexp,1.5,2.5,1,0.1,42.69782930513985
683,ksqexp,1.5,2.5,1,0.05,-99.79555187788083
684,ksqexp,1.5,2.5,1,0.01,-5680.363194869727
685,ksqexp,1.5,2.5,1,0,-93811845607.58427
686,ksqexp,1.5,2.5,1.5,0.5,-45.888186813867655
687,ksqexp,1.5,2.5,1.5,0.1,40.236638709352604
688,ksqexp,1.5,2.5,1.5,0.05,-103.19959889736762
689,ksqexp,1.5,2.5,1.5,0.01,-5312.205052087508
690,ksqexp,1.5,2.5,1.5,0,-97545966026.68974
691,ksqexp,1.5,3,0.5,0.5,-42.63980611624034
692,ksqexp,1.5,3,0.5,0.1,46.02013122680901
693,ksqexp,1.5,3,0.5,0.05,-89.86608453661559
694,ksqexp,1.5,3,0.5,0.01,-4433.933276682078
695,ksqexp,1.5,3,0.5,0,-82445850512.21368
696,ksqexp,1.5,3,1,0.5,-45.54100719679853
697,ksqexp,1.5,3,1,0.1,41.516012172510834
698,ksqexp,1.5,3,1,0.05,-90.79714778070166
699,ksqexp,1.5,3,1,0.01,-4079.391642667257
700,ksqexp,1.5,3,1,0,-67727403224.874405
701,ksqexp,1.5,3,1.5,0.5,-47.589360839117994
702,ksqexp,1.5,3,1.5,0.1,38.3764436890979
703,ksqexp,1.5,3,1.5,0.05,-88.79510515653892
704,ksqexp,1.5,3,1.5,0.01,-3973.210223763985
705,ksqexp,1.5,3,1.5,0,-57963789577.56039
706,ksqexp,1.5,3.5,0.5,0.5,-43.494633845745604
707,ksqexp,1.5,3.5,0.5,0.1,46.57892790262351
708,ksqexp,1.5,3.5,0.5,0.05,-63.60769315649695
709,ksqexp,1.5,3.5,0.5,0.01,-3862.7115909603554
710,ksqexp,1.5,3.5,0.5,0,-28371797342.156017
711,ksqexp,1.5,3.5,1,0.5,-46.83583687389791
712,ksqexp,1.5,3.5,1,0.1,42.648796860099104
713,ksqexp,1.5,3.5,1,0.05,-50.48302581104439
714,ksqexp,1.5,3.5,1,0.01,-3892.6059033751017
715,ksqexp,1.5,3.5,1,0,-17018911505.406122
716,ksqexp,1.5,3.5,1.5,0.5,-49.14580913027433
717,ksqexp,1.5,3.5,1.5,0.1,40.60706372032873
718,ksqexp,1.5,3.5,1.5,0.05,-42.17602020888904
719,ksqexp,1.5,3.5,1.5,0.01,-3945.8415374456235
720,ksqexp,1.5,3.5,1.5,0,-12166547996.1062
721,ksqexp,1.5,4,0.5,0.5,-44.29435511382477
722,ksqexp,1.5,4,0.5,0.1,50.421755593771856
723,ksqexp,1.5,4,0.5,0.05,-24.496683614659908
724,ksqexp,1.5,4,0.5,0.01,-3922.4743511240154
725,ksqexp,1.5,4,0.5,0,-5574643621.21636
726,ksqexp,1.5,4,1,0.5,-47.985503081310625
727,ksqexp,1.5,4,1,0.1,48.52968638062595
728,ksqexp,1.5,4,1,0.05,-16.069368856683685
729,ksqexp,1.5,4,1,0.01,-4070.618547823123
730,ksqexp,1.5,4,1,0,-2890331832.2013774
731,ksqexp,1.5,4,1.5,0.5,-50.50968136062433
732,ksqexp,1.5,4,1.5,0.1,47.321280282459384
733,ksqexp,1.5,4,1.5,0.05,-15.113887179202209
734,ksqexp,1.5,4,1.5,0.01,-4178.401701973719
735,ksqexp,1.5,4,1.5,0,-1950946370.770107
736,ksqexp,1.5,6,0.5,0.5,-46.59498273989756
737,ksqexp,1.5,6,0.5,0.1,61.05424910456505
738,ksqexp,1.5,6,0.5,0.05,-4.000155604229751
739,ksqexp,1.5,6,0.5,0.01,-4054.0718375239976
740,ksqexp,1.5,6,0.5,0,-32951132.962688144
741,ksqexp,1.5,6,1,0.5,-51.10215978985156
742,ksqexp,1.5,6,1,0.1,53.01700275461848
743,ksqexp,1.5,6,1,0.05,-19.519458677641865
744,ksqexp,1.5,6,1,0.01,-3681.8283668576482
745,ksqexp,1.5,6,1,0,-16479623.298366485
746,ksqexp,1.5,6,1.5,0.5,-54.142304611288516
747,ksqexp,1.5,6,1.5,0.1,47.35224652332032
748,ksqexp,1.5,6,1.5,0.05,-29.59729561365321
749,ksqexp,1.5,6,1.5,0.01,-3317.1378042346555
750,ksqexp,1.5,6,1.5,0,-10987234.062421111
751,ksqexp,1.5,8,0.5,0.5,-48.14127035179509
752,ksqexp,1.5,8,0.5,0.1,56.141230818238654
753,ksqexp,1.5,8,0.5,0.05,-5.395675145286821
754,ksqexp,1.5,8,0.5,0.01,-1084.5701233158682
755,ksqexp,1.5,8,0.5,0,-1460656.3222976702
756,ksqexp,1.5,8,1,0.5,-53.276279965641145
757,ksqexp,1.5,8,1,0.1,46.66260655121599
758,ksqexp,1.5,8,1,0.05,-7.887275351003958
759,ksqexp,1.5,8,1,0.01,-679.467534735113
760,ksqexp,1.5,8,1,0,-730178.3140236733
761,ksqexp,1.5,8,1.5,0.5,-56.74853464162407
762,ksqexp,1.5,8,1.5,0.1,40.83838374362952
763,ksqexp,1.5,8,1.5,0.05,-5.338135561674435
764,ksqexp,1.5,8,1.5,0.01,-526.3108659413494
765,ksqexp,1.5,8,1.5,0,-486690.53607019753
766,ksqexp,1.5,10,0.5,0.5,-49.48904354327165
767,ksqexp,1.5,10,0.5,0.1,57.37542101616418
768,ksqexp,1.5,10,0.5,0.05,52.64637548414075
769,ksqexp,1.5,10,0.5,0.01,-321.2443494790747
770,ksqexp,1.5,10,0.5,0,-158243.94814534643
771,ksqexp,1.5,10,1,0.5,-55.176727972701
772,ksqexp,1.5,10,1,0.1,51.84362170156527
773,ksqexp,1.5,10,1,0.05,65.09107437993131
774,ksqexp,1.5,10,1,0.01,-251.32939157037222
775,ksqexp,1.5,10,1,0,-78992.8702705662
776,ksqexp,1.5,10,1.5,0.5,-59.00775235374423
777,ksqexp,1.5,10,1.5,0.1,48.80234650880341
778,ksqexp,1.5,10,1.5,0.05,68.98266479901955
779,ksqexp,1.5,10,1.5,0.01,-233.7654197812514
780,ksqexp,1.5,10,1.5,0,-52585.196787333145
781,ksqexp,1.5,25,0.5,0.5,-54.2314636552306
782,ksqexp,1.5,25,0.5,0.1,68.02073970162664
783,ksqexp,1.5,25,0.5,0.05,97.66068053132629
784,ksqexp,1.5,25,0.5,0.01,-19.539265201124437
785,ksqexp,1.5,25,0.5,0,-205.97318035833425
786,ksqexp,1.5,25,1,0.5,-61.653129472192106
787,ksqexp,1.5,25,1,0.1,55.7800191278074
788,ksqexp,1.5,25,1,0.05,83.34113049254108
789,ksqexp,1.5,25,1,0.01,27.483061873772105
790,ksqexp,1.5,25,1,0,-35.59595227426637
791,ksqexp,1.5,25,1.5,0.5,-66.59100790909412
792,ksqexp,1.5,25,1.5,0.1,47.72089978220857
793,ksqexp,1.5,25,1.5,0.05,74.14284911178889
794,ksqexp,1.5,25,1.5,0.01,43.015369873393546
795,ksqexp,1.5,25,1.5,0,11.77799109809217
796,ksqexp,1.5,50,0.5,0.5,-55.45222025307981
797,ksqexp,1.5,50,0.5,0.1,65.63642213689556
798,ksqexp,1.5,50,0.5,0.05,95.31326372487403
799,ksqexp,1.5,50,0.5,0.01,23.047822994060724
800,ksqexp,1.5,50,0.5,0,-34.79768142588276
801,ksqexp,1.5,50,1,0.5,-63.13744243193707
802,ksqexp,1.5,50,1,0.1,53.106483455634404
803,ksqexp,1.5,50,1,0.05,81.28892774483414
804,ksqexp,1.5,50,1,0.01,58.19702213024513
805,ksqexp,1.5,50,1,0,43.911610416436005
806,ksqexp,1.5,50,1.5,0.5,-68.21054537779065
807,ksqexp,1.5,50,1.5,0.1,44.87874697546081
808,ksqexp,1.5,50,1.5,0.05,72.12374151365385
809,ksqexp,1.5,50,1.5,0.01,66.17083644820008
810,ksqexp,1.5,50,1.5,0,60.72957455337647
811,ksqexp,1.5,75,0.5,0.5,-55.50752334850075
812,ksqexp,1.5,75,0.5,0.1,65.57377378624632
813,ksqexp,1.5,75,0.5,0.05,95.44365534084027
814,ksqexp,1.5,75,0.5,0.01,27.982403483461663
815,ksqexp,1.5,75,0.5,0,-25.049411748156153
816,ksqexp,1.5,75,1,0.5,-63.18403339786525
817,ksqexp,1.5,75,1,0.1,53.069111359482875
818,ksqexp,1.5,75,1,0.05,81.47641410093293
819,ksqexp,1.5,75,1,0.01,61.43072133223308
820,ksqexp,1.5,75,1,0,48.658519806799085
821,ksqexp,1.5,75,1.5,0.5,-68.2558290465966
822,ksqexp,1.5,75,1.5,0.1,44.85158180263409
823,ksqexp,1.5,75,1.5,0.05,72.32187931208003
824,ksqexp,1.5,75,1.5,0.01,68.52351939768845
825,ksqexp,1.5,75,1.5,0,63.80936383852064
826,ksqexp,1.5,100,0.5,0.5,-55.50929275149523
827,ksqexp,1.5,100,0.5,0.1,65.57300906118525
828,ksqexp,1.5,100,0.5,0.05,95.45661867537817
829,ksqexp,1.5,100,0.5,0.01,28.454558093501355
830,ksqexp,1.5,100,0.5,0,-24.13625966728156
831,ksqexp,1.5,100,1,0.5,-63.184911393011014
832,ksqexp,1.5,100,1,0.1,53.07038087318086
833,ksqexp,1.5,100,1,0.05,81.49505516839345
834,ksqexp,1.5,100,1,0.01,61.74894077814062
835,ksqexp,1.5,100,1,0,49.11458866935241
836,ksqexp,1.5,100,1.5,0.5,-68.25646081242444
837,ksqexp,1.5,100,1.5,0.1,44.85391335738369
838,ksqexp,1.5,100,1.5,0.05,72.3430041877351
839,ksqexp,1.5,100,1.5,0.01,68.76060090075286
840,ksqexp,1.5,100,1.5,0,64.11307162750214
841,ksqexp,1.5,150,0.5,0.5,-55.50932270470777
842,ksqexp,1.5,150,0.5,0.1,65.5729981354093
843,ksqexp,1.5,150,0.5,0.05,95.45693288282139
844,ksqexp,1.5,150,0.5,0.01,28.469495847109584
845,ksqexp,1.5,150,0.5,0,-24.106942727664325
846,ksqexp,1.5,150,1,0.5,-63.184924270462105
847,ksqexp,1.5,150,1,0.1,53.070411750915966
848,ksqexp,1.5,150,1,0.05,81.49555616608684
849,ksqexp,1.5,150,1,0.01,61.75910219113052
850,ksqexp,1.5,150,1,0,49.129246866866396
851,ksqexp,1.5,150,1.5,0.5,-68.25646896251907
852,ksqexp,1.5,150,1.5,0.1,44.85397164971003
853,ksqexp,1.5,150,1.5,0.05,72.34360146352333
854,ksqexp,1.5,150,1.5,0.01,68.7681983298761
855,ksqexp,1.5,150,1.5,0,64.12284357762627
856,ksqexp,1.5,200,0.5,0.5,-55.5093227052001
857,ksqexp,1.5,200,0.5,0.1,65.57299813520382
858,ksqexp,1.5,200,0.5,0.05,95.45693289033879
859,ksqexp,1.5,200,0.5,0.01,28.469496289011378
860,ksqexp,1.5,200,0.5,0,-24.106941851926056
861,ksqexp,1.5,200,1,0.5,-63.184924270655635
862,ksqexp,1.5,200,1,0.1,53.07041175154159
863,ksqexp,1.5,200,1,0.05,81.49555617925232
864,ksqexp,1.5,200,1,0.01,61.759102493270696
865,ksqexp,1.5,200,1,0,49.12924730473542
866,ksqexp,1.5,200,1.5,0.5,-68.25646896263213
867,ksqexp,1.5,200,1.5,0.1,44.85397165103036
868,ksqexp,1.5,200,1.5,0.05,72.3436014798253
869,ksqexp,1.5,200,1.5,0.01,68.76819855614431
870,ksqexp,1.5,200,1.5,0,64.12284386953917
871,ksqexp,1.5,250,0.5,0.5,-55.5093227052001
872,ksqexp,1.5,250,0.5,0.1,65.57299813520382
873,ksqexp,1.5,250,0.5,0.05,95.45693289033879
874,ksqexp,1.5,250,0.5,0.01,28.469496289011538
875,ksqexp,1.5,250,0.5,0,-24.106941851925708
876,ksqexp,1.5,250,1,0.5,-63.184924270655635
877,ksqexp,1.5,250,1,0.1,53.07041175154159
878,ksqexp,1.5,250,1,0.05,81.49555617925232
879,ksqexp,1.5,250,1,0.01,61.75910249327082
880,ksqexp,1.5,250,1,0,49.12924730473559
881,ksqexp,1.5,250,1.5,0.5,-68.25646896263213
882,ksqexp,1.5,250,1.5,0.1,44.85397165103036
883,ksqexp,1.5,250,1.5,0.05,72.3436014798253
884,ksqexp,1.5,250,1.5,0.01,68.7681985561444
885,ksqexp,1.5,250,1.5,0,64.12284386953928
886,ksqexp,1.5,500,0.5,0.5,-55.5093227052001
887,ksqexp,1.5,500,0.5,0.1,65.57299813520382
888,ksqexp,1.5,500,0.5,0.05,95.45693289033879
889,ksqexp,1.5,500,0.5,0.01,28.469496289011538
890,ksqexp,1.5,500,0.5,0,-24.106941851925708
891,ksqexp,1.5,500,1,0.5,-63.184924270655635
892,ksqexp,1.5,500,1,0.1,53.07041175154159
893,ksqexp,1.5,500,1,0.05,81.49555617925232
894,ksqexp,1.5,500,1,0.01,61.75910249327082
895,ksqexp,1.5,500,1,0,49.12924730473559
896,ksqexp,1.5,500,1.5,0.5,-68.25646896263213
897,ksqexp,1.5,500,1.5,0.1,44.85397165103036
898,ksqexp,1.5,500,1.5,0.05,72.3436014798253
899,ksqexp,1.5,500,1.5,0.01,68.7681985561444
900,ksqexp,1.5,500,1.5,0,64.12284386953928
901,ksqexp,1.75,0.2,0.5,0.5,-47.922368624406396
902,ksqexp,1.75,0.2,0.5,0.1,-61.21664229482916
903,ksqexp,1.75,0.2,0.5,0.05,-550.4995574906416
904,ksqexp,1.75,0.2,0.5,0.01,-14994.774822363705
905,ksqexp,1.75,0.2,0.5,0,-766851936320.425
906,ksqexp,1.75,0.2,1,0.5,-44.895323269702146
907,ksqexp,1.75,0.2,1,0.1,-55.01805183626356
908,ksqexp,1.75,0.2,1,0.05,-525.7084280691749
909,ksqexp,1.75,0.2,1,0.01,-14860.263729879505
910,ksqexp,1.75,0.2,1,0,-777385582409.0109
911,ksqexp,1.75,0.2,1.5,0.5,-43.12788121683347
912,ksqexp,1.75,0.2,1.5,0.1,-52.854129594996444
913,ksqexp,1.75,0.2,1.5,0.05,-505.58078239200194
914,ksqexp,1.75,0.2,1.5,0.01,-14908.897979707544
915,ksqexp,1.75,0.2,1.5,0,-783216861627.8561
916,ksqexp,1.75,0.5,0.5,0.5,-39.94668521716187
917,ksqexp,1.75,0.5,0.5,0.1,-21.680514862816203
918,ksqexp,1.75,0.5,0.5,0.05,-388.8667006814465
919,ksqexp,1.75,0.5,0.5,0.01,-11822.380388627776
920,ksqexp,1.75,0.5,0.5,0,-813975478131.1991
921,ksqexp,1.75,0.5,1,0.5,-39.02764594728908
922,ksqexp,1.75,0.5,1,0.1,-15.810138203428815
923,ksqexp,1.75,0.5,1,0.05,-383.85056525301195
924,ksqexp,1.75,0.5,1,0.01,-10297.003755534985
925,ksqexp,1.75,0.5,1,0,-835890517507.4321
926,ksqexp,1.75,0.5,1.5,0.5,-38.98231152821301
927,ksqexp,1.75,0.5,1.5,0.1,-14.203887794141059
928,ksqexp,1.75,0.5,1.5,0.05,-380.64371992474844
929,ksqexp,1.75,0.5,1.5,0.01,-9495.55593277615
930,ksqexp,1.75,0.5,1.5,0,-843618839182.5315
931,ksqexp,1.75,1,0.5,0.5,-38.530054107154896
932,ksqexp,1.75,1,0.5,0.1,1.4415124342982937
933,ksqexp,1.75,1,0.5,0.05,-203.6073535424298
934,ksqexp,1.75,1,0.5,0.01,-7292.595083573248
935,ksqexp,1.75,1,0.5,0,-446353689256.3362
936,ksqexp,1.75,1,1,0.5,-39.20226804528922
937,ksqexp,1.75,1,1,0.1,15.000759556855414
938,ksqexp,1.75,1,1,0.05,-158.29672271847397
939,ksqexp,1.75,1,1,0.01,-7119.017662648004
940,ksqexp,1.75,1,1,0,-461630195422.45496
941,ksqexp,1.75,1,1.5,0.5,-39.80890230707269
942,ksqexp,1.75,1,1.5,0.1,23.281884956889176
943,ksqexp,1.75,1,1.5,0.05,-141.49871442279678
944,ksqexp,1.75,1,1.5,0.01,-7024.801633446631
945,ksqexp,1.75,1,1.5,0,-472680839053.8801
946,ksqexp,1.75,1.5,0.5,0.5,-39.39974744266811
947,ksqexp,1.75,1.5,0.5,0.1,41.74128007069268
948,ksqexp,1.75,1.5,0.5,0.05,-112.85371650724208
949,ksqexp,1.75,1.5,0.5,0.01,-6822.499054740006
950,ksqexp,1.75,1.5,0.5,0,-593022456814.55
951,ksqexp,1.75,1.5,1,0.5,-40.40816954333921
952,ksqexp,1.75,1.5,1,0.1,46.43081251106611
953,ksqexp,1.75,1.5,1,0.05,-104.39305518641389
954,ksqexp,1.75,1.5,1,0.01,-6824.866457264739
955,ksqexp,1.75,1.5,1,0,-611403396932.296
956,ksqexp,1.75,1.5,1.5,0.5,-41.05411514916573
957,ksqexp,1.75,1.5,1.5,0.1,47.471824183686756
958,ksqexp,1.75,1.5,1.5,0.05,-100.93362670261254
959,ksqexp,1.75,1.5,1.5,0.01,-6812.637417021794
960,ksqexp,1.75,1.5,1.5,0,-619009593167.9026
961,ksqexp,1.75,2,0.5,0.5,-39.778103070742674
962,ksqexp,1.75,2,0.5,0.1,50.466672431864716
963,ksqexp,1.75,2,0.5,0.05,-92.75405413605066
964,ksqexp,1.75,2,0.5,0.01,-6558.255847500478
965,ksqexp,1.75,2,0.5,0,-528671925772.1179
966,ksqexp,1.75,2,1,0.5,-40.77222551383951
967,ksqexp,1.75,2,1,0.1,50.873235585630475
968,ksqexp,1.75,2,1,0.05,-92.8352923662868
969,ksqexp,1.75,2,1,0.01,-6508.466709495889
970,ksqexp,1.75,2,1,0,-437107207319.28186
971,ksqexp,1.75,2,1.5,0.5,-41.56844198969017
972,ksqexp,1.75,2,1.5,0.1,50.2715070175147
973,ksqexp,1.75,2,1.5,0.05,-94.14766860344838
974,ksqexp,1.75,2,1.5,0.01,-6510.930500349339
975,ksqexp,1.75,2,1.5,0,-371086676292.3351
976,ksqexp,1.75,2.5,0.5,0.5,-39.89884327685397
977,ksqexp,1.75,2.5,0.5,0.1,52.4209199684994
978,ksqexp,1.75,2.5,0.5,0.05,-87.38200566544974
979,ksqexp,1.75,2.5,0.5,0.01,-6435.271504415707
980,ksqexp,1.75,2.5,0.5,0,-94054826781.77142
981,ksqexp,1.75,2.5,1,0.5,-41.402389545047335
982,ksqexp,1.75,2.5,1,0.1,50.6241550223252
983,ksqexp,1.75,2.5,1,0.05,-87.47681046819517
984,ksqexp,1.75,2.5,1,0.01,-6390.521838434365
985,ksqexp,1.75,2.5,1,0,-74120773565.72852
986,ksqexp,1.75,2.5,1.5,0.5,-42.58298461557704
987,ksqexp,1.75,2.5,1.5,0.1,49.08765890646383
988,ksqexp,1.75,2.5,1.5,0.05,-87.98372430531133
989,ksqexp,1.75,2.5,1.5,0.01,-6301.706342881263
990,ksqexp,1.75,2.5,1.5,0,-68361671361.814896
991,ksqexp,1.75,3,0.5,0.5,-40.33294857609543
992,ksqexp,1.75,3,0.5,0.1,52.60183243015362
993,ksqexp,1.75,3,0.5,0.05,-79.34675872115893
994,ksqexp,1.75,3,0.5,0.01,-5624.024592608942
995,ksqexp,1.75,3,0.5,0,-67029960594.91582
996,ksqexp,1.75,3,1,0.5,-42.36406429285792
997,ksqexp,1.75,3,1,0.1,50.36769817311448
998,ksqexp,1.75,3,1,0.05,-82.07047634498483
999,ksqexp,1.75,3,1,0.01,-5065.918255465939
1000,ksqexp,1.75,3,1,0,-75733306084.71036
1001,ksqexp,1.75,3,1.5,0.5,-43.84023585390473
1002,ksqexp,1.75,3,1.5,0.1,48.571972870537664
1003,ksqexp,1.75,3,1.5,0.05,-84.36301165832731
1004,ksqexp,1.75,3,1.5,0.01,-4721.614848211213
1005,ksqexp,1.75,3,1.5,0,-82052515912.45697
1006,ksqexp,1.75,3.5,0.5,0.5,-40.94809134705465
1007,ksqexp,1.75,3.5,0.5,0.1,53.1870717369941
1008,ksqexp,1.75,3.5,0.5,0.05,-71.91330508443627
1009,ksqexp,1.75,3.5,0.5,0.01,-4208.203588827474
1010,ksqexp,1.75,3.5,0.5,0,-92927887284.1882
1011,ksqexp,1.75,3.5,1,0.5,-43.38387266518048
1012,ksqexp,1.75,3.5,1,0.1,50.16222210805699
1013,ksqexp,1.75,3.5,1,0.05,-70.02434218360301
1014,ksqexp,1.75,3.5,1,0.01,-3901.4962886624435
1015,ksqexp,1.75,3.5,1,0,-95542146800.55539
1016,ksqexp,1.75,3.5,1.5,0.5,-45.08323257615596
1017,ksqexp,1.75,3.5,1.5,0.1,47.985060178701715
1018,ksqexp,1.75,3.5,1.5,0.05,-66.3070056991471
1019,ksqexp,1.75,3.5,1.5,0.01,-3809.4337332955683
1020,ksqexp,1.75,3.5,1.5,0,-93800782328.57779
1021,ksqexp,1.75,4,0.5,0.5,-41.59533098834024
1022,ksqexp,1.75,4,0.5,0.1,54.14945981148925
1023,ksqexp,1.75,4,0.5,0.05,-48.81498746713587
1024,ksqexp,1.75,4,0.5,0.01,-3720.6335829049453
1025,ksqexp,1.75,4,0.5,0,-77277130441.98941
1026,ksqexp,1.75,4,1,0.5,-44.346382994980196
1027,ksqexp,1.75,4,1,0.1,51.743793810932566
1028,ksqexp,1.75,4,1,0.05,-35.039825339633985
1029,ksqexp,1.75,4,1,0.01,-3721.786614509889
1030,ksqexp,1.75,4,1,0,-64490851277.05197
1031,ksqexp,1.75,4,1.5,0.5,-46.226509185215235
1032,ksqexp,1.75,4,1.5,0.1,50.582958781276204
1033,ksqexp,1.75,4,1.5,0.05,-26.03710619030879
1034,ksqexp,1.75,4,1.5,0.01,-3755.735042372244
1035,ksqexp,1.75,4,1.5,0,-56775501669.72189
1036,ksqexp,1.75,6,0.5,0.5,-43.66946010113161
1037,ksqexp,1.75,6,0.5,0.1,69.48760438369429
1038,ksqexp,1.75,6,0.5,0.05,19.25854019934339
1039,ksqexp,1.75,6,0.5,0.01,-4005.5918652443943
1040,ksqexp,1.75,6,0.5,0,-2103472782.8302035
1041,ksqexp,1.75,6,1,0.5,-47.16141083806633
1042,ksqexp,1.75,6,1,0.1,65.99776681808261
1043,ksqexp,1.75,6,1,0.05,10.695170889638556
1044,ksqexp,1.75,6,1,0.01,-4077.0372410123255
1045,ksqexp,1.75,6,1,0,-1070284078.1220409
1046,ksqexp,1.75,6,1.5,0.5,-49.475401456683464
1047,ksqexp,1.75,6,1.5,0.1,62.867701700857936
1048,ksqexp,1.75,6,1.5,0.05,4.13091958586522
1049,ksqexp,1.75,6,1.5,0.01,-4067.055712995819
1050,ksqexp,1.75,6,1.5,0,-717738712.5013928
1051,ksqexp,1.75,8,0.5,0.5,-44.96888684934172
1052,ksqexp,1.75,8,0.5,0.1,68.5497756728829
1053,ksqexp,1.75,8,0.5,0.05,12.219041152440319
1054,ksqexp,1.75,8,0.5,0.01,-2412.727742065273
1055,ksqexp,1.75,8,0.5,0,-77730941.03603563
1056,ksqexp,1.75,8,1,0.5,-48.90820574501067
1057,ksqexp,1.75,8,1,0.1,61.78028416120513
1058,ksqexp,1.75,8,1,0.05,2.8556782840083343
1059,ksqexp,1.75,8,1,0.01,-1730.553344362297
1060,ksqexp,1.75,8,1,0,-38894851.93325159
1061,ksqexp,1.75,8,1.5,0.5,-51.535094238905195
1062,ksqexp,1.75,8,1.5,0.1,57.26492802182509
1063,ksqexp,1.75,8,1.5,0.05,-1.5303861875846163
1064,ksqexp,1.75,8,1.5,0.01,-1382.788627710691
1065,ksqexp,1.75,8,1.5,0,-25936337.565074492
1066,ksqexp,1.75,10,0.5,0.5,-46.048185332166
1067,ksqexp,1.75,10,0.5,0.1,66.32419907543621
1068,ksqexp,1.75,10,0.5,0.05,32.79044667823868
1069,ksqexp,1.75,10,0.5,0.01,-714.8546262926236
1070,ksqexp,1.75,10,0.5,0,-7468012.942537411
1071,ksqexp,1.75,10,1,0.5,-50.41320580540786
1072,ksqexp,1.75,10,1,0.1,60.5961473948188
1073,ksqexp,1.75,10,1,0.05,43.39876039424687
1074,ksqexp,1.75,10,1,0.01,-564.1889085979473
1075,ksqexp,1.75,10,1,0,-3734132.457462096
1076,ksqexp,1.75,10,1.5,0.5,-53.32222649531295
1077,ksqexp,1.75,10,1.5,0.1,57.502609282693065
1078,ksqexp,1.75,10,1.5,0.05,51.98703011847747
1079,ksqexp,1.75,10,1.5,0.01,-506.6989336042169
1080,ksqexp,1.75,10,1.5,0,-2489368.8107824163
1081,ksqexp,1.75,25,0.5,0.5,-50.40734025285884
1082,ksqexp,1.75,25,0.5,0.1,81.4586321197292
1083,ksqexp,1.75,25,0.5,0.05,116.25179693783512
1084,ksqexp,1.75,25,0.5,0.01,-317.43588941695094
1085,ksqexp,1.75,25,0.5,0,-6446.1891917662915
1086,ksqexp,1.75,25,1,0.5,-56.25504977319889
1087,ksqexp,1.75,25,1,0.1,72.9410671848467
1088,ksqexp,1.75,25,1,0.05,105.40982316023317
1089,ksqexp,1.75,25,1,0.01,-252.20448252017906
1090,ksqexp,1.75,25,1,0,-3097.959971680006
1091,ksqexp,1.75,25,1.5,0.5,-60.105953209186815
1092,ksqexp,1.75,25,1.5,0.1,67.28632594066234
1093,ksqexp,1.75,25,1.5,0.05,98.37524913238236
1094,ksqexp,1.75,25,1.5,0.01,-205.65850780878625
1095,ksqexp,1.75,25,1.5,0,-1991.301803997962
1096,ksqexp,1.75,50,0.5,0.5,-51.860596974065956
1097,ksqexp,1.75,50,0.5,0.1,78.70074382340658
1098,ksqexp,1.75,50,0.5,0.05,112.21686634565964
1099,ksqexp,1.75,50,0.5,0.01,-252.47951292569223
1100,ksqexp,1.75,50,0.5,0,-2554.218045542767
1101,ksqexp,1.75,50,1,0.5,-58.05497170821523
1102,ksqexp,1.75,50,1,0.1,69.7925955134848
1103,ksqexp,1.75,50,1,0.05,101.1191772330402
1104,ksqexp,1.75,50,1,0.01,-181.06509801994088
1105,ksqexp,1.75,50,1,0,-1161.9340554391802
1106,ksqexp,1.75,50,1.5,0.5,-62.07550372484196
1107,ksqexp,1.75,50,1.5,0.1,63.89561210899314
1108,ksqexp,1.75,50,1.5,0.05,94.10658191960675
1109,ksqexp,1.75,50,1.5,0.01,-138.78106709910918
1110,ksqexp,1.75,50,1.5,0,-707.2578420003639
1111,ksqexp,1.75,75,0.5,0.5,-51.974762769403334
1112,ksqexp,1.75,75,0.5,0.1,78.48548545451912
1113,ksqexp,1.75,75,0.5,0.05,112.07973520552964
1114,ksqexp,1.75,75,0.5,0.01,-241.49409051506467
1115,ksqexp,1.75,75,0.5,0,-2394.861073347524
1116,ksqexp,1.75,75,1,0.5,-58.16184825910668
1117,ksqexp,1.75,75,1,0.1,69.61342142563866
1118,ksqexp,1.75,75,1,0.05,101.08563254892853
1119,ksqexp,1.75,75,1,0.01,-171.56960969751407
1120,ksqexp,1.75,75,1,0,-1082.684797521947
1121,ksqexp,1.75,75,1.5,0.5,-62.18316608702392
1122,ksqexp,1.75,75,1.5,0.1,63.731076468818976
1123,ksqexp,1.75,75,1.5,0.05,94.1229633459751
1124,ksqexp,1.75,75,1.5,0.01,-130.2436623113262
1125,ksqexp,1.75,75,1.5,0,-654.7111576006378
1126,ksqexp,1.75,100,0.5,0.5,-51.981443452267456
1127,ksqexp,1.75,100,0.5,0.1,78.47236349862119
1128,ksqexp,1.75,100,0.5,0.05,112.08183938229402
1129,ksqexp,1.75,100,0.5,0.01,-240.074382323586
1130,ksqexp,1.75,100,0.5,0,-2364.3464471355283
1131,ksqexp,1.75,100,1,0.5,-58.16565271618417
1132,ksqexp,1.75,100,1,0.1,69.60704124898032
1133,ksqexp,1.75,100,1,0.05,101.10215972761975
1134,ksqexp,1.75,100,1,0.01,-169.98026219470995
1135,ksqexp,1.75,100,1,0,-1067.4343839121593
1136,ksqexp,1.75,100,1.5,0.5,-62.18626727387423
1137,ksqexp,1.75,100,1.5,0.1,63.727818231153364
1138,ksqexp,1.75,100,1.5,0.05,94.14681165627273
1139,ksqexp,1.75,100,1.5,0.01,-128.5759861992545
1140,ksqexp,1.75,100,1.5,0,-644.5488151746707
1141,ksqexp,1.75,150,0.5,0.5,-51.981738716048106
1142,ksqexp,1.75,150,0.5,0.1,78.47180897415895
1143,ksqexp,1.75,150,0.5,0.05,112.08176070396063
1144,ksqexp,1.75,150,0.5,0.01,-239.96086861981792
1145,ksqexp,1.75,150,0.5,0,-2361.4075711007163
1146,ksqexp,1.75,150,1,0.5,-58.165779704751344
1147,ksqexp,1.75,150,1,0.1,69.6067886303206
1148,ksqexp,1.75,150,1,0.05,101.10289788124206
1149,ksqexp,1.75,150,1,0.01,-169.83907328424763
1150,ksqexp,1.75,150,1,0,-1065.964971570775
1151,ksqexp,1.75,150,1.5,0.5,-62.186351174264196
1152,ksqexp,1.75,150,1.5,0.1,63.72770557648817
1153,ksqexp,1.75,150,1.5,0.05,94.14811568748624
1154,ksqexp,1.75,150,1.5,0.01,-128.42165762997556
1155,ksqexp,1.75,150,1.5,0,-643.5692240913324
1156,ksqexp,1.75,200,0.5,0.5,-51.98173879089988
1157,ksqexp,1.75,200,0.5,0.1,78.47180885429319
1158,ksqexp,1.75,200,0.5,0.05,112.0817604678356
1159,ksqexp,1.75,200,0.5,0.01,-239.96081264866558
1160,ksqexp,1.75,200,0.5,0,-2361.405942984805
1161,ksqexp,1.75,200,1,0.5,-58.16577973384274
1162,ksqexp,1.75,200,1,0.1,69.60678854417787
1163,ksqexp,1.75,200,1,0.05,101.10289789246754
1164,ksqexp,1.75,200,1,0.01,-169.83899907336354
1165,ksqexp,1.75,200,1,0,-1065.964157512884
1166,ksqexp,1.75,200,1.5,0.5,-62.186351191939295
1167,ksqexp,1.75,200,1.5,0.1,63.727705504886934
1168,ksqexp,1.75,200,1.5,0.05,94.14811596421616
1169,ksqexp,1.75,200,1.5,0.01,-128.42157476876565
1170,ksqexp,1.75,200,1.5,0,-643.5686813870867
1171,ksqexp,1.75,250,0.5,0.5,-51.98173879090104
1172,ksqexp,1.75,250,0.5,0.1,78.47180885429151
1173,ksqexp,1.75,250,0.5,0.05,112.0817604678302
1174,ksqexp,1.75,250,0.5,0.01,-239.96081264758513
1175,ksqexp,1.75,250,0.5,0,-2361.405942952636
1176,ksqexp,1.75,250,1,0.5,-58.165779733843166
1177,ksqexp,1.75,250,1,0.1,69.60678854417635
1178,ksqexp,1.75,250,1,0.05,101.10289789246626
1179,ksqexp,1.75,250,1,0.01,-169.83899907191218
1180,ksqexp,1.75,250,1,0,-1065.9641574967993
1181,ksqexp,1.75,250,1.5,0.5,-62.18635119193954
1182,ksqexp,1.75,250,1.5,0.1,63.72770550488546
1183,ksqexp,1.75,250,1.5,0.05,94.14811596421995
1184,ksqexp,1.75,250,1.5,0.01,-128.42157476713842
1185,ksqexp,1.75,250,1.5,0,-643.5686813763637
1186,ksqexp,1.75,500,0.5,0.5,-51.98173879090104
1187,ksqexp,1.75,500,0.5,0.1,78.47180885429151
1188,ksqexp,1.75,500,0.5,0.05,112.0817604678302
1189,ksqexp,1.75,500,0.5,0.01,-239.96081264758513
1190,ksqexp,1.75,500,0.5,0,-2361.405942952636
1191,ksqexp,1.75,500,1,0.5,-58.165779733843166
1192,ksqexp,1.75,500,1,0.1,69.60678854417635
1193,ksqexp,1.75,500,1,0.05,101.10289789246626
1194,ksqexp,1.75,500,1,0.01,-169.83899907191218
1195,ksqexp,1.75,500,1,0,-1065.9641574967993
1196,ksqexp,1.75,500,1.5,0.5,-62.18635119193954
1197,ksqexp,1.75,500,1.5,0.1,63.72770550488546
1198,ksqexp,1.75,500,1.5,0.05,94.14811596421995
1199,ksqexp,1.75,500,1.5,0.01,-128.42157476713842
1200,ksqexp,1.75,500,1.5,0,-643.5686813763637
1201,ksqexp,2,0.2,0.5,0.5,-48.10279714132019
1202,ksqexp,2,0.2,0.5,0.1,-60.34195889024127
1203,ksqexp,2,0.2,0.5,0.05,-548.0773711275529
1204,ksqexp,2,0.2,0.5,0.01,-14971.504534431826
1205,ksqexp,2,0.2,0.5,0,-742873286079.0477
1206,ksqexp,2,0.2,1,0.5,-45.09592508727281
1207,ksqexp,2,0.2,1,0.1,-52.96224468244448
1208,ksqexp,2,0.2,1,0.05,-529.9098146180318
1209,ksqexp,2,0.2,1,0.01,-14599.992477648642
1210,ksqexp,2,0.2,1,0,-750149079162.441
1211,ksqexp,2,0.2,1.5,0.5,-43.229871126735276
1212,ksqexp,2,0.2,1.5,0.1,-50.99805671733365
1213,ksqexp,2,0.2,1.5,0.05,-513.9810653940243
1214,ksqexp,2,0.2,1.5,0.01,-14551.766892643387
1215,ksqexp,2,0.2,1.5,0,-754518592146.8556
1216,ksqexp,2,0.5,0.5,0.5,-39.78925958726091
1217,ksqexp,2,0.5,0.5,0.1,-22.920520212751118
1218,ksqexp,2,0.5,0.5,0.05,-381.83987047418765
1219,ksqexp,2,0.5,0.5,0.01,-12780.641118595824
1220,ksqexp,2,0.5,0.5,0,-751940112054.1366
1221,ksqexp,2,0.5,1,0.5,-38.50725188195439
1222,ksqexp,2,0.5,1,0.1,-14.895940419196451
1223,ksqexp,2,0.5,1,0.05,-373.08014504356856
1224,ksqexp,2,0.5,1,0.01,-11502.928855317803
1225,ksqexp,2,0.5,1,0,-770082887601.3469
1226,ksqexp,2,0.5,1.5,0.5,-38.292137551961794
1227,ksqexp,2,0.5,1.5,0.1,-11.831456613466209
1228,ksqexp,2,0.5,1.5,0.05,-370.8960915029658
1229,ksqexp,2,0.5,1.5,0.01,-10640.880527230433
1230,ksqexp,2,0.5,1.5,0,-780825074038.3384
1231,ksqexp,2,1,0.5,0.5,-37.71188903236147
1232,ksqexp,2,1,0.5,0.1,-2.2852569473637656
1233,ksqexp,2,1,0.5,0.05,-245.70500248185158
1234,ksqexp,2,1,0.5,0.01,-7378.680715002035
1235,ksqexp,2,1,0.5,0,-418132262878.29
1236,ksqexp,2,1,1,0.5,-38.06900112781289
1237,ksqexp,2,1,1,0.1,7.483059949419449
1238,ksqexp,2,1,1,0.05,-188.46429692211427
1239,ksqexp,2,1,1,0.01,-7226.552014534974
1240,ksqexp,2,1,1,0,-419854504264.2088
1241,ksqexp,2,1,1.5,0.5,-38.49076828227681
1242,ksqexp,2,1,1.5,0.1,14.859123892448617
1243,ksqexp,2,1,1.5,0.05,-161.68266310708623
1244,ksqexp,2,1,1.5,0.01,-7137.810110427567
1245,ksqexp,2,1,1.5,0,-422508352335.7276
1246,ksqexp,2,1.5,0.5,0.5,-38.21616129797353
1247,ksqexp,2,1.5,0.5,0.1,37.295782270224024
1248,ksqexp,2,1.5,0.5,0.05,-116.7662878036995
1249,ksqexp,2,1.5,0.5,0.01,-6716.472386514782
1250,ksqexp,2,1.5,0.5,0,-491871553124.4703
1251,ksqexp,2,1.5,1,0.5,-39.05550050290969
1252,ksqexp,2,1.5,1,0.1,46.18883606659664
1253,ksqexp,2,1.5,1,0.05,-105.83376222773063
1254,ksqexp,2,1.5,1,0.01,-6705.851668312371
1255,ksqexp,2,1.5,1,0,-517557131769.34344
1256,ksqexp,2,1.5,1.5,0.5,-39.61490250382977
1257,ksqexp,2,1.5,1.5,0.1,48.85406949835167
1258,ksqexp,2,1.5,1.5,0.05,-101.44491667058621
1259,ksqexp,2,1.5,1.5,0.01,-6718.103280035744
1260,ksqexp,2,1.5,1.5,0,-533889663922.87976
1261,ksqexp,2,2,0.5,0.5,-38.697543918360616
1262,ksqexp,2,2,0.5,0.1,51.5823186455909
1263,ksqexp,2,2,0.5,0.05,-91.42623095954103
1264,ksqexp,2,2,0.5,0.01,-6593.736434571322
1265,ksqexp,2,2,0.5,0,-612489285249.1812
1266,ksqexp,2,2,1,0.5,-39.413243751841286
1267,ksqexp,2,2,1,0.1,53.39473721200763
1268,ksqexp,2,2,1,0.05,-86.27119068428519
1269,ksqexp,2,2,1,0.01,-6517.424689191173
1270,ksqexp,2,2,1,0,-618157242277.5979
1271,ksqexp,2,2,1.5,0.5,-39.93240103874574
1272,ksqexp,2,2,1.5,0.1,53.75824604310085
1273,ksqexp,2,2,1.5,0.05,-85.3380233920506
1274,ksqexp,2,2,1.5,0.01,-6465.60739779435
1275,ksqexp,2,2,1.5,0,-609881629333.9854
1276,ksqexp,2,2.5,0.5,0.5,-38.68563033481017
1277,ksqexp,2,2.5,0.5,0.1,55.296083002708194
1278,ksqexp,2,2.5,0.5,0.05,-82.30610447101515
1279,ksqexp,2,2.5,0.5,0.01,-6311.884157265717
1280,ksqexp,2,2.5,0.5,0,-309240280206.2216
1281,ksqexp,2,2.5,1,0.5,-39.633279900674346
1282,ksqexp,2,2.5,1,0.1,55.19626434220014
1283,ksqexp,2,2.5,1,0.05,-81.82917954365232
1284,ksqexp,2,2.5,1,0.01,-6327.9652636482515
1285,ksqexp,2,2.5,1,0,-211436006225.66373
1286,ksqexp,2,2.5,1.5,0.5,-40.440015328184344
1287,ksqexp,2,2.5,1.5,0.1,54.44885117778763
1288,ksqexp,2,2.5,1.5,0.05,-81.88641843085927
1289,ksqexp,2,2.5,1.5,0.01,-6343.968511370212
1290,ksqexp,2,2.5,1.5,0,-169664964745.2843
1291,ksqexp,2,3,0.5,0.5,-38.81662281039997
1292,ksqexp,2,3,0.5,0.1,56.13706739167804
1293,ksqexp,2,3,0.5,0.05,-75.58401294702544
1294,ksqexp,2,3,0.5,0.01,-6148.628195681227
1295,ksqexp,2,3,0.5,0,-87995377273.75386
1296,ksqexp,2,3,1,0.5,-40.23497068857879
1297,ksqexp,2,3,1,0.1,55.00048920043889
1298,ksqexp,2,3,1,0.05,-74.0288320013242
1299,ksqexp,2,3,1,0.01,-5960.930777729076
1300,ksqexp,2,3,1,0,-73350385881.59044
1301,ksqexp,2,3,1.5,0.5,-41.32550458284472
1302,ksqexp,2,3,1.5,0.1,54.02990198292381
1303,ksqexp,2,3,1.5,0.05,-74.2941612670543
1304,ksqexp,2,3,1.5,0.01,-5762.1195078816345
1305,ksqexp,2,3,1.5,0,-67001514063.815575
1306,ksqexp,2,3.5,0.5,0.5,-39.199004636221176
1307,ksqexp,2,3.5,0.5,0.1,56.69586917244065
1308,ksqexp,2,3.5,0.5,0.05,-67.95967335894139
1309,ksqexp,2,3.5,0.5,0.01,-5191.064658451298
1310,ksqexp,2,3.5,0.5,0,-57949129995.43092
1311,ksqexp,2,3.5,1,0.5,-41.00835859506691
1312,ksqexp,2,3.5,1,0.1,55.41988226464928
1313,ksqexp,2,3.5,1,0.05,-68.88608618541129
1314,ksqexp,2,3.5,1,0.01,-4634.377295011921
1315,ksqexp,2,3.5,1,0,-60620125950.56562
1316,ksqexp,2,3.5,1.5,0.5,-42.307634850425956
1317,ksqexp,2,3.5,1.5,0.1,54.18786867592518
1318,ksqexp,2,3.5,1.5,0.05,-69.79656330016685
1319,ksqexp,2,3.5,1.5,0.01,-4330.625261493964
1320,ksqexp,2,3.5,1.5,0,-64410546502.26822
1321,ksqexp,2,4,0.5,0.5,-39.69027222989626
1322,ksqexp,2,4,0.5,0.1,57.549995698847745
1323,ksqexp,2,4,0.5,0.05,-60.03575595773209
1324,ksqexp,2,4,0.5,0.01,-4037.2346337143854
1325,ksqexp,2,4,0.5,0,-73261363832.0404
1326,ksqexp,2,4,1,0.5,-41.80021247720437
1327,ksqexp,2,4,1,0.1,55.70962223497432
1328,ksqexp,2,4,1,0.05,-55.66067281260911
1329,ksqexp,2,4,1,0.01,-3757.4719775623953
1330,ksqexp,2,4,1,0,-82563398272.84392
1331,ksqexp,2,4,1.5,0.5,-43.26133580051268
1332,ksqexp,2,4,1.5,0.1,54.284538847659235
1333,ksqexp,2,4,1.5,0.05,-50.688848877794534
1334,ksqexp,2,4,1.5,0.01,-3673.829953393396
1335,ksqexp,2,4,1.5,0,-87212940693.86526
1336,ksqexp,2,6,0.5,0.5,-41.534692041657934
1337,ksqexp,2,6,0.5,0.1,70.24080572612402
1338,ksqexp,2,6,0.5,0.05,25.292737596444084
1339,ksqexp,2,6,0.5,0.01,-3699.297012307838
1340,ksqexp,2,6,0.5,0,-38566665172.70001
1341,ksqexp,2,6,1,0.5,-44.362125932738174
1342,ksqexp,2,6,1,0.1,70.65695584767872
1343,ksqexp,2,6,1,0.05,25.635945144343456
1344,ksqexp,2,6,1,0.01,-3824.814659112505
1345,ksqexp,2,6,1,0,-29151686775.585495
1346,ksqexp,2,6,1.5,0.5,-46.228141425348085
1347,ksqexp,2,6,1.5,0.1,69.90516104086998
1348,ksqexp,2,6,1.5,0.05,23.08936820957252
1349,ksqexp,2,6,1.5,0.01,-3892.074397576276
1350,ksqexp,2,6,1.5,0,-23513036483.74948
1351,ksqexp,2,8,0.5,0.5,-42.721935920159595
1352,ksqexp,2,8,0.5,0.1,75.5461789939466
1353,ksqexp,2,8,0.5,0.05,27.929418332176088
1354,ksqexp,2,8,0.5,0.01,-3311.819677136705
1355,ksqexp,2,8,0.5,0,-3139314324.0436316
1356,ksqexp,2,8,1,0.5,-45.89442389023259
1357,ksqexp,2,8,1,0.1,71.38612334639836
1358,ksqexp,2,8,1,0.05,19.874443151169924
1359,ksqexp,2,8,1,0.01,-2891.868480474137
1360,ksqexp,2,8,1,0,-1621715129.0647712
1361,ksqexp,2,8,1.5,0.5,-47.98367277375476
1362,ksqexp,2,8,1.5,0.1,68.2440000465429
1363,ksqexp,2,8,1.5,0.05,14.599698742869064
1364,ksqexp,2,8,1.5,0.01,-2546.7178539224856
1365,ksqexp,2,8,1.5,0,-1093206100.6791353
1366,ksqexp,2,10,0.5,0.5,-43.61578734900135
1367,ksqexp,2,10,0.5,0.1,73.44323281809811
1368,ksqexp,2,10,0.5,0.05,29.51398680444574
1369,ksqexp,2,10,0.5,0.01,-1279.031263925383
1370,ksqexp,2,10,0.5,0,-283929331.68820107
1371,ksqexp,2,10,1,0.5,-47.11723496872942
1372,ksqexp,2,10,1,0.1,68.4877595378324
1373,ksqexp,2,10,1,0.05,30.16866669030951
1374,ksqexp,2,10,1,0.01,-911.0738008410545
1375,ksqexp,2,10,1,0,-142450569.48102894
1376,ksqexp,2,10,1.5,0.5,-49.432023219556406
1377,ksqexp,2,10,1.5,0.1,65.37941196274383
1378,ksqexp,2,10,1.5,0.05,33.31537303764219
1379,ksqexp,2,10,1.5,0.01,-781.023229185485
1380,ksqexp,2,10,1.5,0,-95075511.71240568
1381,ksqexp,2,25,0.5,0.5,-47.59483079398516
1382,ksqexp,2,25,0.5,0.1,89.41362854427521
1383,ksqexp,2,25,0.5,0.05,128.11142126122533
1384,ksqexp,2,25,0.5,0.01,-461.8384002078243
1385,ksqexp,2,25,0.5,0,-112597.72503564128
1386,ksqexp,2,25,1,0.5,-52.36255467073872
1387,ksqexp,2,25,1,0.1,83.46727692521985
1388,ksqexp,2,25,1,0.05,120.94841262872995
1389,ksqexp,2,25,1,0.01,-455.966372302976
1390,ksqexp,2,25,1,0,-56115.11191508064
1391,ksqexp,2,25,1.5,0.5,-55.487076815825894
1392,ksqexp,2,25,1.5,0.1,79.39790543948821
1393,ksqexp,2,25,1.5,0.05,115.7951810371233
1394,ksqexp,2,25,1.5,0.01,-439.2199657892977
1395,ksqexp,2,25,1.5,0,-37296.90977726722
1396,ksqexp,2,50,0.5,0.5,-49.17489034778833
1397,ksqexp,2,50,0.5,0.1,86.47696272808439
1398,ksqexp,2,50,0.5,0.05,123.81837577785525
1399,ksqexp,2,50,0.5,0.01,-461.4718855101113
1400,ksqexp,2,50,0.5,0,-31703.06069146754
1401,ksqexp,2,50,1,0.5,-54.36782929432819
1402,ksqexp,2,50,1,0.1,80.11129529622119
1403,ksqexp,2,50,1,0.05,115.71470999504304
1404,ksqexp,2,50,1,0.01,-425.2303325885565
1405,ksqexp,2,50,1,0,-15682.089428245597
1406,ksqexp,2,50,1.5,0.5,-57.70466973351265
1407,ksqexp,2,50,1.5,0.1,75.78194103281423
1408,ksqexp,2,50,1.5,0.05,110.08248030995678
1409,ksqexp,2,50,1.5,0.01,-390.66152950574514
1410,ksqexp,2,50,1.5,0,-10351.182010684186
1411,ksqexp,2,75,0.5,0.5,-49.36316244228035
1412,ksqexp,2,75,0.5,0.1,86.06951131401176
1413,ksqexp,2,75,0.5,0.05,123.27286452716345
1414,ksqexp,2,75,0.5,0.01,-454.1721496412813
1415,ksqexp,2,75,0.5,0,-29927.474892121896
1416,ksqexp,2,75,1,0.5,-54.553894091456755
1417,ksqexp,2,75,1,0.1,79.73041149656109
1418,ksqexp,2,75,1,0.05,115.31525163720065
1419,ksqexp,2,75,1,0.01,-414.0546565524138
1420,ksqexp,2,75,1,0,-14795.26777181213
1421,ksqexp,2,75,1.5,0.5,-57.89389453037592
1422,ksqexp,2,75,1.5,0.1,75.42363472775848
1423,ksqexp,2,75,1.5,0.05,109.73417911593295
1424,ksqexp,2,75,1.5,0.01,-376.8506265835206
1425,ksqexp,2,75,1.5,0,-9760.61541324678
1426,ksqexp,2,100,0.5,0.5,-49.38015571050339
1427,ksqexp,2,100,0.5,0.1,86.019183508354
1428,ksqexp,2,100,0.5,0.05,123.21465029920982
1429,ksqexp,2,100,0.5,0.01,-452.82706043774994
1430,ksqexp,2,100,0.5,0,-29347.955048055326
1431,ksqexp,2,100,1,0.5,-54.56519080030195
1432,ksqexp,2,100,1,0.1,79.69177551502574
1433,ksqexp,2,100,1,0.05,115.30499313419232
1434,ksqexp,2,100,1,0.01,-412.3017896934874
1435,ksqexp,2,100,1,0,-14505.545813184852
1436,ksqexp,2,100,1.5,0.5,-57.90385346687582
1437,ksqexp,2,100,1.5,0.1,75.39438686580507
1438,ksqexp,2,100,1.5,0.05,109.73929396076643
1439,ksqexp,2,100,1.5,0.01,-374.8757767453346
1440,ksqexp,2,100,1.5,0,-9567.492817767754
1441,ksqexp,2,150,0.5,0.5,-49.381525985575934
1442,ksqexp,2,150,0.5,0.1,86.0146627187709
1443,ksqexp,2,150,0.5,0.05,123.20958580139438
1444,ksqexp,2,150,0.5,0.01,-452.6801270663274
1445,ksqexp,2,150,0.5,0,-29229.65495091354
1446,ksqexp,2,150,1,0.5,-54.56580035421458
1447,ksqexp,2,150,1,0.1,79.68864020173078
1448,ksqexp,2,150,1,0.05,115.30478451526417
1449,ksqexp,2,150,1,0.01,-412.08441502805664
1450,ksqexp,2,150,1,0,-14446.396243508378
1451,ksqexp,2,150,1.5,0.5,-57.90426993461543
1452,ksqexp,2,150,1.5,0.1,75.3923037345146
1453,ksqexp,2,150,1.5,0.05,109.74042386823123
1454,ksqexp,2,150,1.5,0.01,-374.6224102626997
1455,ksqexp,2,150,1.5,0,-9528.060102750884
1456,ksqexp,2,200,0.5,0.5,-49.381528073550086
1457,ksqexp,2,200,0.5,0.1,86.01465654668468
1458,ksqexp,2,200,0.5,0.05,123.20957836704645
1459,ksqexp,2,200,0.5,0.01,-452.6798587614995
1460,ksqexp,2,200,0.5,0,-29229.20992661278
1461,ksqexp,2,200,1,0.5,-54.565801142566464
1462,ksqexp,2,200,1,0.1,79.68863618296115
1463,ksqexp,2,200,1,0.05,115.30478108699215
1464,ksqexp,2,200,1,0.01,-412.0838450170771
1465,ksqexp,2,200,1,0,-14446.173730707455
1466,ksqexp,2,200,1.5,0.5,-57.90427041121863
1467,ksqexp,2,200,1.5,0.1,75.39230106826206
1468,ksqexp,2,200,1.5,0.05,109.74042039699002
1469,ksqexp,2,200,1.5,0.01,-374.6216802331481
1470,ksqexp,2,200,1.5,0,-9527.911761035899
1471,ksqexp,2,250,0.5,0.5,-49.38152807392884
1472,ksqexp,2,250,0.5,0.1,86.0146565456996
1473,ksqexp,2,250,0.5,0.05,123.20957836575788
1474,ksqexp,2,250,0.5,0.01,-452.67985870763516
1475,ksqexp,2,250,0.5,0,-29229.20980751652
1476,ksqexp,2,250,1,0.5,-54.565801142701545
1477,ksqexp,2,250,1,0.1,79.68863618235206
1478,ksqexp,2,250,1,0.05,115.30478108585018
1479,ksqexp,2,250,1,0.01,-412.08384487965355
1480,ksqexp,2,250,1,0,-14446.17367115927
1481,ksqexp,2,250,1.5,0.5,-57.90427041129841
1482,ksqexp,2,250,1.5,0.1,75.39230106784487
1483,ksqexp,2,250,1.5,0.05,109.74042039550864
1484,ksqexp,2,250,1.5,0.01,-374.62168005102046
1485,ksqexp,2,250,1.5,0,-9527.911721337861
1486,ksqexp,2,500,0.5,0.5,-49.38152807392885
1487,ksqexp,2,500,0.5,0.1,86.01465654569958
1488,ksqexp,2,500,0.5,0.05,123.20957836575785
1489,ksqexp,2,500,0.5,0.01,-452.679858707634
1490,ksqexp,2,500,0.5,0,-29229.20980751384
1491,ksqexp,2,500,1,0.5,-54.56580114270155
1492,ksqexp,2,500,1,0.1,79.68863618235204
1493,ksqexp,2,500,1,0.05,115.30478108585015
1494,ksqexp,2,500,1,0.01,-412.08384487965054
1495,ksqexp,2,500,1,0,-14446.173671157929
1496,ksqexp,2,500,1.5,0.5,-57.90427041129841
1497,ksqexp,2,500,1.5,0.1,75.39230106784485
1498,ksqexp,2,500,1.5,0.05,109.7404203955086
1499,ksqexp,2,500,1.5,0.01,-374.62168005101637
1500,ksqexp,2,500,1.5,0,-9527.911721336966
1501,ksqexp,2.25,0.2,0.5,0.5,-48.31533176790923
1502,ksqexp,2.25,0.2,0.5,0.1,-60.53922513174266
1503,ksqexp,2.25,0.2,0.5,0.05,-544.6413046149339
1504,ksqexp,2.25,0.2,0.5,0.01,-15131.599162562365
1505,ksqexp,2.25,0.2,0.5,0,-727434516299.9124
1506,ksqexp,2.25,0.2,1,0.5,-45.37300297071159
1507,ksqexp,2.25,0.2,1,0.1,-51.38650252617582
1508,ksqexp,2.25,0.2,1,0.05,-531.6357418062995
1509,ksqexp,2.25,0.2,1,0.01,-14520.788164638985
1510,ksqexp,2.25,0.2,1,0,-733505041625.5433
1511,ksqexp,2.25,0.2,1.5,0.5,-43.45456353713773
1512,ksqexp,2.25,0.2,1.5,0.1,-49.29872859996528
1513,ksqexp,2.25,0.2,1.5,0.05,-519.8717038686303
1514,ksqexp,2.25,0.2,1.5,0.01,-14358.72094829427
1515,ksqexp,2.25,0.2,1.5,0,-737281267091.9564
1516,ksqexp,2.25,0.5,0.5,0.5,-39.81460405028312
1517,ksqexp,2.25,0.5,0.5,0.1,-25.13049392909039
1518,ksqexp,2.25,0.5,0.5,0.05,-382.67080322191225
1519,ksqexp,2.25,0.5,0.5,0.01,-13278.576592757941
1520,ksqexp,2.25,0.5,0.5,0,-712369504669.3799
1521,ksqexp,2.25,0.5,1,0.5,-38.21086404564422
1522,ksqexp,2.25,0.5,1,0.1,-16.04895248428522
1523,ksqexp,2.25,0.5,1,0.05,-367.7166800069527
1524,ksqexp,2.25,0.5,1,0.01,-12409.9842724911
1525,ksqexp,2.25,0.5,1,0,-728133419081.3401
1526,ksqexp,2.25,0.5,1.5,0.5,-37.83921086546889
1527,ksqexp,2.25,0.5,1.5,0.1,-11.828302439358401
1528,ksqexp,2.25,0.5,1.5,0.05,-363.89634784418644
1529,ksqexp,2.25,0.5,1.5,0.01,-11694.480747613308
1530,ksqexp,2.25,0.5,1.5,0,-738379682139.4916
1531,ksqexp,2.25,1,0.5,0.5,-37.19489564161938
1532,ksqexp,2.25,1,0.5,0.1,-3.5654249902377027
1533,ksqexp,2.25,1,0.5,0.05,-283.2047718223844
1534,ksqexp,2.25,1,0.5,0.01,-7452.777572937314
1535,ksqexp,2.25,1,0.5,0,-434100855385.38794
1536,ksqexp,2.25,1,1,0.5,-37.311273893022644
1537,ksqexp,2.25,1,1,0.1,2.759804257283632
1538,ksqexp,2.25,1,1,0.05,-226.9131779865553
1539,ksqexp,2.25,1,1,0.01,-7287.215713167365
1540,ksqexp,2.25,1,1,0,-414863318566.109
1541,ksqexp,2.25,1,1.5,0.5,-37.58868192096006
1542,ksqexp,2.25,1,1.5,0.1,8.143318355186006
1543,ksqexp,2.25,1,1.5,0.05,-194.02953513277978
1544,ksqexp,2.25,1,1.5,0.01,-7214.7175623154535
1545,ksqexp,2.25,1,1.5,0,-410509498344.86426
1546,ksqexp,2.25,1.5,0.5,0.5,-37.3485429039875
1547,ksqexp,2.25,1.5,0.5,0.1,29.410644910505287
1548,ksqexp,2.25,1.5,0.5,0.05,-126.35862323071466
1549,ksqexp,2.25,1.5,0.5,0.01,-6743.2649070859725
1550,ksqexp,2.25,1.5,0.5,0,-436564491644.0791
1551,ksqexp,2.25,1.5,1,0.5,-38.01714269577826
1552,ksqexp,2.25,1.5,1,0.1,42.290447828531974
1553,ksqexp,2.25,1.5,1,0.05,-108.84744743604026
1554,ksqexp,2.25,1.5,1,0.01,-6639.639614810034
1555,ksqexp,2.25,1.5,1,0,-447376231513.7498
1556,ksqexp,2.25,1.5,1.5,0.5,-38.51055849701513
1557,ksqexp,2.25,1.5,1.5,0.1,47.290608446730424
1558,ksqexp,2.25,1.5,1.5,0.05,-103.21438641745908
1559,ksqexp,2.25,1.5,1.5,0.01,-6616.1267464636985
1560,ksqexp,2.25,1.5,1.5,0,-454974841955.5986
1561,ksqexp,2.25,2,0.5,0.5,-37.855809396353436
1562,ksqexp,2.25,2,0.5,0.1,50.81259557099138
1563,ksqexp,2.25,2,0.5,0.05,-95.35971885933955
1564,ksqexp,2.25,2,0.5,0.01,-6554.976662826486
1565,ksqexp,2.25,2,0.5,0,-520381388915.28125
1566,ksqexp,2.25,2,1,0.5,-38.47010281749396
1567,ksqexp,2.25,2,1,0.1,54.177605819388255
1568,ksqexp,2.25,2,1,0.05,-87.09880398774695
1569,ksqexp,2.25,2,1,0.01,-6542.251781289829
1570,ksqexp,2.25,2,1,0,-544969194497.81946
1571,ksqexp,2.25,2,1.5,0.5,-38.86434040245794
1572,ksqexp,2.25,2,1.5,0.1,55.076846128587896
1573,ksqexp,2.25,2,1.5,0.05,-83.62332676190098
1574,ksqexp,2.25,2,1.5,0.01,-6517.226197972818
1575,ksqexp,2.25,2,1.5,0,-558888782275.3458
1576,ksqexp,2.25,2.5,0.5,0.5,-37.88901339641715
1577,ksqexp,2.25,2.5,0.5,0.1,55.8495507835301
1578,ksqexp,2.25,2.5,0.5,0.05,-81.08084667028169
1579,ksqexp,2.25,2.5,0.5,0.01,-6304.525185077366
1580,ksqexp,2.25,2.5,0.5,0,-519130723481.9052
1581,ksqexp,2.25,2.5,1,0.5,-38.49039648580425
1582,ksqexp,2.25,2.5,1,0.1,57.17597340211234
1583,ksqexp,2.25,2.5,1,0.05,-78.23342449659238
1584,ksqexp,2.25,2.5,1,0.01,-6239.628045347707
1585,ksqexp,2.25,2.5,1,0,-461245155109.46277
1586,ksqexp,2.25,2.5,1.5,0.5,-39.02590051007821
1587,ksqexp,2.25,2.5,1.5,0.1,57.296709002626486
1588,ksqexp,2.25,2.5,1.5,0.05,-77.87049746116931
1589,ksqexp,2.25,2.5,1.5,0.01,-6227.518931692057
1590,ksqexp,2.25,2.5,1.5,0,-415144918613.9694
1591,ksqexp,2.25,3,0.5,0.5,-37.82088040658648
1592,ksqexp,2.25,3,0.5,0.1,57.85960620507813
1593,ksqexp,2.25,3,0.5,0.05,-75.99468751517226
1594,ksqexp,2.25,3,0.5,0.01,-6138.823828721674
1595,ksqexp,2.25,3,0.5,0,-210966613346.89395
1596,ksqexp,2.25,3,1,0.5,-38.775489403597895
1597,ksqexp,2.25,3,1,0.1,57.732782033427654
1598,ksqexp,2.25,3,1,0.05,-73.30986169597283
1599,ksqexp,2.25,3,1,0.01,-6140.029856785673
1600,ksqexp,2.25,3,1,0,-173821210761.17624
1601,ksqexp,2.25,3,1.5,0.5,-39.57995625628757
1602,ksqexp,2.25,3,1.5,0.1,57.168224803134834
1603,ksqexp,2.25,3,1.5,0.05,-71.90921439479871
1604,ksqexp,2.25,3,1.5,0.01,-6115.26414242912
1605,ksqexp,2.25,3,1.5,0,-155253236981.15533
1606,ksqexp,2.25,3.5,0.5,0.5,-37.98441244580027
1607,ksqexp,2.25,3.5,0.5,0.1,58.3140635387486
1608,ksqexp,2.25,3.5,0.5,0.05,-68.49844610592241
1609,ksqexp,2.25,3.5,0.5,0.01,-5841.503179451423
1610,ksqexp,2.25,3.5,0.5,0,-114423010995.16423
1611,ksqexp,2.25,3.5,1,0.5,-39.32099043734792
1612,ksqexp,2.25,3.5,1,0.1,57.860149791537374
1613,ksqexp,2.25,3.5,1,0.05,-65.59607738840877
1614,ksqexp,2.25,3.5,1,0.01,-5534.439863025
1615,ksqexp,2.25,3.5,1,0,-93752464235.52603
1616,ksqexp,2.25,3.5,1.5,0.5,-40.331589729634594
1617,ksqexp,2.25,3.5,1.5,0.1,57.34805490921238
1618,ksqexp,2.25,3.5,1.5,0.05,-65.29676086242667
1619,ksqexp,2.25,3.5,1.5,0.01,-5269.989691764991
1620,ksqexp,2.25,3.5,1.5,0,-84336486575.66028
1621,ksqexp,2.25,4,0.5,0.5,-38.31918763574978
1622,ksqexp,2.25,4,0.5,0.1,59.02619808313792
1623,ksqexp,2.25,4,0.5,0.05,-61.73198289538777
1624,ksqexp,2.25,4,0.5,0.01,-4862.141032035856
1625,ksqexp,2.25,4,0.5,0,-71038236894.58737
1626,ksqexp,2.25,4,1,0.5,-39.952954467978756
1627,ksqexp,2.25,4,1,0.1,58.49632526531398
1628,ksqexp,2.25,4,1,0.05,-60.320163809697995
1629,ksqexp,2.25,4,1,0.01,-4336.637552320425
1630,ksqexp,2.25,4,1,0,-63571748926.824684
1631,ksqexp,2.25,4,1.5,0.5,-41.11830065335878
1632,ksqexp,2.25,4,1.5,0.1,57.73462698821289
1633,ksqexp,2.25,4,1.5,0.05,-59.54144318078952
1634,ksqexp,2.25,4,1.5,0.01,-4074.1663603333914
1635,ksqexp,2.25,4,1.5,0,-61768045983.53827
1636,ksqexp,2.25,6,0.5,0.5,-39.904710294036036
1637,ksqexp,2.25,6,0.5,0.1,66.9979054873205
1638,ksqexp,2.25,6,0.5,0.05,12.457591829338162
1639,ksqexp,2.25,6,0.5,0.01,-3456.9311813474073
1640,ksqexp,2.25,6,0.5,0,-78214679375.685
1641,ksqexp,2.25,6,1,0.5,-42.242602707170384
1642,ksqexp,2.25,6,1,0.1,69.1878091222271
1643,ksqexp,2.25,6,1,0.05,24.163516940510902
1644,ksqexp,2.25,6,1,0.01,-3556.3183133243656
1645,ksqexp,2.25,6,1,0,-74607178004.62547
1646,ksqexp,2.25,6,1.5,0.5,-43.79423147308525
1647,ksqexp,2.25,6,1.5,0.1,70.21658440014815
1648,ksqexp,2.25,6,1.5,0.05,27.463020387860126
1649,ksqexp,2.25,6,1.5,0.01,-3623.4187407463455
1650,ksqexp,2.25,6,1.5,0,-70187682872.95311
1651,ksqexp,2.25,8,0.5,0.5,-41.03831615328016
1652,ksqexp,2.25,8,0.5,0.1,77.94333020057896
1653,ksqexp,2.25,8,0.5,0.05,35.883059351121204
1654,ksqexp,2.25,8,0.5,0.01,-3513.861439013279
1655,ksqexp,2.25,8,0.5,0,-32038687334.416367
1656,ksqexp,2.25,8,1,0.5,-43.69337678111115
1657,ksqexp,2.25,8,1,0.1,76.47460344800928
1658,ksqexp,2.25,8,1,0.05,32.01525511047506
1659,ksqexp,2.25,8,1,0.01,-3435.377955266941
1660,ksqexp,2.25,8,1,0,-25300611098.31685
1661,ksqexp,2.25,8,1.5,0.5,-45.426258968981415
1662,ksqexp,2.25,8,1.5,0.1,74.73933269261462
1663,ksqexp,2.25,8,1.5,0.05,28.38781384079242
1664,ksqexp,2.25,8,1.5,0.01,-3313.9926156019555
1665,ksqexp,2.25,8,1.5,0,-20894043565.257587
1666,ksqexp,2.25,10,0.5,0.5,-41.818614596864684
1667,ksqexp,2.25,10,0.5,0.1,77.78671439171517
1668,ksqexp,2.25,10,0.5,0.05,33.373506122563
1669,ksqexp,2.25,10,0.5,0.01,-2145.5475802752867
1670,ksqexp,2.25,10,0.5,0,-7162576608.092954
1671,ksqexp,2.25,10,1,0.5,-44.723416949482605
1672,ksqexp,2.25,10,1,0.1,74.36727160004644
1673,ksqexp,2.25,10,1,0.05,30.3434168021058
1674,ksqexp,2.25,10,1,0.01,-1557.1216673781416
1675,ksqexp,2.25,10,1,0,-3935202651.561105
1676,ksqexp,2.25,10,1.5,0.5,-46.63212007843395
1677,ksqexp,2.25,10,1.5,0.1,71.88445237866469
1678,ksqexp,2.25,10,1.5,0.05,29.314673613249816
1679,ksqexp,2.25,10,1.5,0.01,-1262.6819519169178
1680,ksqexp,2.25,10,1.5,0,-2711972015.8916383
1681,ksqexp,2.25,25,0.5,0.5,-45.45241353892129
1682,ksqexp,2.25,25,0.5,0.1,93.70960920421923
1683,ksqexp,2.25,25,0.5,0.05,132.6577091862366
1684,ksqexp,2.25,25,0.5,0.01,-432.26217156151813
1685,ksqexp,2.25,25,0.5,0,-1807260.8822388747
1686,ksqexp,2.25,25,1,0.5,-49.44742776335999
1687,ksqexp,2.25,25,1,0.1,89.68145037786513
1688,ksqexp,2.25,25,1,0.05,129.34278559518577
1689,ksqexp,2.25,25,1,0.01,-471.04954427169616
1690,ksqexp,2.25,25,1,0,-903444.0991990889
1691,ksqexp,2.25,25,1.5,0.5,-52.048732030650505
1692,ksqexp,2.25,25,1.5,0.1,86.79480023585289
1693,ksqexp,2.25,25,1.5,0.05,126.38909580999216
1694,ksqexp,2.25,25,1.5,0.01,-493.9957703387664
1695,ksqexp,2.25,25,1.5,0,-602156.5489863158
1696,ksqexp,2.25,50,0.5,0.5,-47.07429733682319
1697,ksqexp,2.25,50,0.5,0.1,90.73041913863
1698,ksqexp,2.25,50,0.5,0.05,128.7627654016218
1699,ksqexp,2.25,50,0.5,0.01,-495.2631340362448
1700,ksqexp,2.25,50,0.5,0,-310578.7650423777
1701,ksqexp,2.25,50,1,0.5,-51.552225666684535
1702,ksqexp,2.25,50,1,0.1,86.18233237096912
1703,ksqexp,2.25,50,1,0.05,124.60071746597464
1704,ksqexp,2.25,50,1,0.01,-515.3559170880113
1705,ksqexp,2.25,50,1,0,-155067.47522624553
1706,ksqexp,2.25,50,1.5,0.5,-54.41225803190193
1707,ksqexp,2.25,50,1.5,0.1,83.06498765520166
1708,ksqexp,2.25,50,1.5,0.05,120.94982739511883
1709,ksqexp,2.25,50,1.5,0.01,-521.6528515454004
1710,ksqexp,2.25,50,1.5,0,-103239.58654639259
1711,ksqexp,2.25,75,0.5,0.5,-47.3423205704094
1712,ksqexp,2.25,75,0.5,0.1,90.19131443665138
1713,ksqexp,2.25,75,0.5,0.05,127.64270430510524
1714,ksqexp,2.25,75,0.5,0.01,-495.6966681556063
1715,ksqexp,2.25,75,0.5,0,-296222.6745596422
1716,ksqexp,2.25,75,1,0.5,-51.826554026263835
1717,ksqexp,2.25,75,1,0.1,85.59360716417653
1718,ksqexp,2.25,75,1,0.05,123.73616500367629
1719,ksqexp,2.25,75,1,0.01,-511.8567403121011
1720,ksqexp,2.25,75,1,0,-147891.08079128797
1721,ksqexp,2.25,75,1.5,0.5,-54.69235147602749
1722,ksqexp,2.25,75,1.5,0.1,82.4756864915874
1723,ksqexp,2.25,75,1.5,0.05,120.20673593970145
1724,ksqexp,2.25,75,1.5,0.01,-516.4998468628269
1725,ksqexp,2.25,75,1.5,0,-98456.46803924968
1726,ksqexp,2.25,100,0.5,0.5,-47.37609662737824
1727,ksqexp,2.25,100,0.5,0.1,90.09375546300228
1728,ksqexp,2.25,100,0.5,0.05,127.38014559006098
1729,ksqexp,2.25,100,0.5,0.01,-494.8045528467765
1730,ksqexp,2.25,100,0.5,0,-289109.1103101112
1731,ksqexp,2.25,100,1,0.5,-51.85215540952264
1732,ksqexp,2.25,100,1,0.1,85.49130175626323
1733,ksqexp,2.25,100,1,0.05,123.59477311069365
1734,ksqexp,2.25,100,1,0.01,-510.99975678123354
1735,ksqexp,2.25,100,1,0,-144334.40332012883
1736,ksqexp,2.25,100,1.5,0.5,-54.71600592924987
1737,ksqexp,2.25,100,1.5,0.1,82.37968085208931
1738,ksqexp,2.25,100,1.5,0.05,120.13154307071021
1739,ksqexp,2.25,100,1.5,0.01,-515.5559587873685
1740,ksqexp,2.25,100,1.5,0,-96085.42798681532
1741,ksqexp,2.25,150,0.5,0.5,-47.38023418402764
1742,ksqexp,2.25,150,0.5,0.1,90.07830616882147
1743,ksqexp,2.25,150,0.5,0.05,127.33546095343837
1744,ksqexp,2.25,150,0.5,0.01,-494.68387482880513
1745,ksqexp,2.25,150,0.5,0,-286516.86685447843
1746,ksqexp,2.25,150,1,0.5,-51.85417395184509
1747,ksqexp,2.25,150,1,0.1,85.47586970818068
1748,ksqexp,2.25,150,1,0.05,123.57453739068447
1749,ksqexp,2.25,150,1,0.01,-510.938378339606
1750,ksqexp,2.25,150,1,0,-143038.27949557014
1751,ksqexp,2.25,150,1.5,0.5,-54.71746541182025
1752,ksqexp,2.25,150,1.5,0.1,82.36589175997482
1753,ksqexp,2.25,150,1.5,0.05,120.12476723532373
1754,ksqexp,2.25,150,1.5,0.01,-515.4642522108677
1755,ksqexp,2.25,150,1.5,0,-95221.34676767615
1756,ksqexp,2.25,200,0.5,0.5,-47.380255766184646
1757,ksqexp,2.25,200,0.5,0.1,90.07821443660524
1758,ksqexp,2.25,200,0.5,0.05,127.33523159610446
1759,ksqexp,2.25,200,0.5,0.01,-494.6848773534311
1760,ksqexp,2.25,200,0.5,0,-286480.3546645865
1761,ksqexp,2.25,200,1,0.5,-51.854181862556985
1762,ksqexp,2.25,200,1,0.1,85.4757862903387
1763,ksqexp,2.25,200,1,0.05,123.5744478864009
1764,ksqexp,2.25,200,1,0.01,-510.9395718105987
1765,ksqexp,2.25,200,1,0,-143020.0233292626
1766,ksqexp,2.25,200,1.5,0.5,-54.71746989113732
1767,ksqexp,2.25,200,1.5,0.1,82.3658217362907
1768,ksqexp,2.25,200,1.5,0.05,120.12474784736105
1769,ksqexp,2.25,200,1.5,0.01,-515.4646863670868
1770,ksqexp,2.25,200,1.5,0,-95209.17597452206
1771,ksqexp,2.25,250,0.5,0.5,-47.380255787541564
1772,ksqexp,2.25,250,0.5,0.1,90.07821434028418
1773,ksqexp,2.25,250,0.5,0.05,127.33523139944563
1774,ksqexp,2.25,250,0.5,0.01,-494.68488026787145
1775,ksqexp,2.25,250,0.5,0,-286480.29526209476
1776,ksqexp,2.25,250,1,0.5,-51.854181869713734
1777,ksqexp,2.25,250,1,0.1,85.47578621045149
1778,ksqexp,2.25,250,1,0.05,123.57444782217881
1779,ksqexp,2.25,250,1,0.01,-510.9395746563895
1780,ksqexp,2.25,250,1,0,-143019.99361777163
1781,ksqexp,2.25,250,1.5,0.5,-54.717469894980766
1782,ksqexp,2.25,250,1.5,0.1,82.36582167336955
1783,ksqexp,2.25,250,1.5,0.05,120.12474784117539
1784,ksqexp,2.25,250,1.5,0.01,-515.4646878015961
1785,ksqexp,2.25,250,1.5,0,-95209.15616991463
1786,ksqexp,2.25,500,0.5,0.5,-47.38025578754546
1787,ksqexp,2.25,500,0.5,0.1,90.0782143402661
1788,ksqexp,2.25,500,0.5,0.05,127.33523139941268
1789,ksqexp,2.25,500,0.5,0.01,-494.6848802685852
1790,ksqexp,2.25,500,0.5,0,-286480.2952490539
1791,ksqexp,2.25,500,1,0.5,-51.85418186971498
1792,ksqexp,2.25,500,1,0.1,85.47578621043719
1793,ksqexp,2.25,500,1,0.05,123.57444782216943
1794,ksqexp,2.25,500,1,0.01,-510.93957465706615
1795,ksqexp,2.25,500,1,0,-143019.99361125118
1796,ksqexp,2.25,500,1.5,0.5,-54.71746989498141
1797,ksqexp,2.25,500,1.5,0.1,82.3658216733587
1798,ksqexp,2.25,500,1.5,0.05,120.1247478411755
1799,ksqexp,2.25,500,1.5,0.01,-515.464687801953
1800,ksqexp,2.25,500,1.5,0,-95209.15616556768
1801,ksqexp,2.5,0.2,0.5,0.5,-48.53881608077107
1802,ksqexp,2.5,0.2,0.5,0.1,-61.92979393185851
1803,ksqexp,2.5,0.2,0.5,0.05,-541.0657121660032
1804,ksqexp,2.5,0.2,0.5,0.01,-15423.869926156078
1805,ksqexp,2.5,0.2,0.5,0,-717045496678.5114
1806,ksqexp,2.5,0.2,1,0.5,-45.68697474237852
1807,ksqexp,2.5,0.2,1,0.1,-50.47362745879943
1808,ksqexp,2.5,0.2,1,0.05,-531.159355906513
1809,ksqexp,2.5,0.2,1,0.01,-14604.519827326303
1810,ksqexp,2.5,0.2,1,0,-720444146219.6105
1811,ksqexp,2.5,0.2,1.5,0.5,-43.7492686537732
1812,ksqexp,2.5,0.2,1.5,0.1,-47.9312409856855
1813,ksqexp,2.5,0.2,1.5,0.05,-522.7894989422181
1814,ksqexp,2.5,0.2,1.5,0.01,-14318.012979450474
1815,ksqexp,2.5,0.2,1.5,0,-724293639587.3228
1816,ksqexp,2.5,0.5,0.5,0.5,-39.960113884991515
1817,ksqexp,2.5,0.5,0.5,0.1,-27.602409859523966
1818,ksqexp,2.5,0.5,0.5,0.05,-388.5136233265627
1819,ksqexp,2.5,0.5,0.5,0.01,-13490.705417960748
1820,ksqexp,2.5,0.5,0.5,0,-688211358743.7845
1821,ksqexp,2.5,0.5,1,0.5,-38.071448511114106
1822,ksqexp,2.5,0.5,1,0.1,-18.183356379856942
1823,ksqexp,2.5,0.5,1,0.05,-367.27987491757114
1824,ksqexp,2.5,0.5,1,0.01,-12957.283876305486
1825,ksqexp,2.5,0.5,1,0,-695148706954.935
1826,ksqexp,2.5,0.5,1.5,0.5,-37.553025398726994
1827,ksqexp,2.5,0.5,1.5,0.1,-13.182183544919996
1828,ksqexp,2.5,0.5,1.5,0.05,-360.93990107818667
1829,ksqexp,2.5,0.5,1.5,0.01,-12451.822051389816
1830,ksqexp,2.5,0.5,1.5,0,-701988698105.7928
1831,ksqexp,2.5,1,0.5,0.5,-36.87231440524829
1832,ksqexp,2.5,1,0.5,0.1,-3.750908994120981
1833,ksqexp,2.5,1,0.5,0.05,-310.3631446721381
1834,ksqexp,2.5,1,0.5,0.01,-7599.522048621561
1835,ksqexp,2.5,1,0.5,0,-519111149676.5607
1836,ksqexp,2.5,1,1,0.5,-36.79884586090047
1837,ksqexp,2.5,1,1,0.1,0.3688996306481489
1838,ksqexp,2.5,1,1,0.05,-263.95563712846246
1839,ksqexp,2.5,1,1,0.01,-7332.626641895078
1840,ksqexp,2.5,1,1,0,-462503612135.2347
1841,ksqexp,2.5,1,1.5,0.5,-36.96513470603143
1842,ksqexp,2.5,1,1.5,0.1,3.90678243157877
1843,ksqexp,2.5,1,1.5,0.05,-231.5419893473268
1844,ksqexp,2.5,1,1.5,0.01,-7248.739893544674
1845,ksqexp,2.5,1,1.5,0,-439072188825.8012
1846,ksqexp,2.5,1.5,0.5,0.5,-36.72508214856247
1847,ksqexp,2.5,1.5,0.5,0.1,20.561077848428358
1848,ksqexp,2.5,1.5,0.5,0.05,-145.8146986870343
1849,ksqexp,2.5,1.5,0.5,0.01,-6861.395693269736
1850,ksqexp,2.5,1.5,0.5,0,-412423688087.85187
1851,ksqexp,2.5,1.5,1,0.5,-37.219577279905764
1852,ksqexp,2.5,1.5,1,0.1,35.24712647908016
1853,ksqexp,2.5,1.5,1,0.05,-116.71005276355127
1854,ksqexp,2.5,1.5,1,0.01,-6698.265846892814
1855,ksqexp,2.5,1.5,1,0,-420341055578.5229
1856,ksqexp,2.5,1.5,1.5,0.5,-37.64003213089384
1857,ksqexp,2.5,1.5,1.5,0.1,42.4129996415096
1858,ksqexp,2.5,1.5,1.5,0.05,-107.24688865885415
1859,ksqexp,2.5,1.5,1.5,0.01,-6623.30013301709
1860,ksqexp,2.5,1.5,1.5,0,-425563739191.3752
1861,ksqexp,2.5,2,0.5,0.5,-37.167743432373165
1862,ksqexp,2.5,2,0.5,0.1,47.6944775903574
1863,ksqexp,2.5,2,0.5,0.05,-101.03850194308029
1864,ksqexp,2.5,2,0.5,0.01,-6504.567813502786
1865,ksqexp,2.5,2,0.5,0,-461385656781.28845
1866,ksqexp,2.5,2,1,0.5,-37.73334973868322
1867,ksqexp,2.5,2,1,0.1,53.535601476047425
1868,ksqexp,2.5,2,1,0.05,-91.46716678156284
1869,ksqexp,2.5,2,1,0.01,-6495.19904789504
1870,ksqexp,2.5,2,1,0,-475943154072.31445
1871,ksqexp,2.5,2,1.5,0.5,-38.085133613400224
1872,ksqexp,2.5,2,1.5,0.1,55.22189133322689
1873,ksqexp,2.5,2,1.5,0.05,-86.88491326954514
1874,ksqexp,2.5,2,1.5,0.01,-6496.036392311095
1875,ksqexp,2.5,2,1.5,0,-485624611798.30396
1876,ksqexp,2.5,2.5,0.5,0.5,-37.30807672037306
1877,ksqexp,2.5,2.5,0.5,0.1,55.11345555013214
1878,ksqexp,2.5,2.5,0.5,0.05,-84.91632694342023
1879,ksqexp,2.5,2.5,0.5,0.01,-6376.4717445814795
1880,ksqexp,2.5,2.5,0.5,0,-513641197944.4698
1881,ksqexp,2.5,2.5,1,0.5,-37.73354961404856
1882,ksqexp,2.5,2.5,1,0.1,57.31350240070809
1883,ksqexp,2.5,2.5,1,0.05,-78.18746638075405
1884,ksqexp,2.5,2.5,1,0.01,-6287.494854880404
1885,ksqexp,2.5,2.5,1,0,-515724076493.5523
1886,ksqexp,2.5,2.5,1.5,0.5,-38.08805383626257
1887,ksqexp,2.5,2.5,1.5,0.1,58.075932071974194
1888,ksqexp,2.5,2.5,1.5,0.05,-76.13013550983132
1889,ksqexp,2.5,2.5,1.5,0.01,-6234.379301965164
1890,ksqexp,2.5,2.5,1.5,0,-509329661956.5905
1891,ksqexp,2.5,3,0.5,0.5,-37.16751212221609
1892,ksqexp,2.5,3,0.5,0.1,57.87145392999728
1893,ksqexp,2.5,3,0.5,0.05,-77.44909344388229
1894,ksqexp,2.5,3,0.5,0.01,-6110.377886033114
1895,ksqexp,2.5,3,0.5,0,-341934170530.19934
1896,ksqexp,2.5,3,1,0.5,-37.77491523657369
1897,ksqexp,2.5,3,1,0.1,58.93092248751632
1898,ksqexp,2.5,3,1,0.05,-74.15920208583887
1899,ksqexp,2.5,3,1,0.01,-6084.517469266089
1900,ksqexp,2.5,3,1,0,-265253445528.46222
1901,ksqexp,2.5,3,1.5,0.5,-38.349040692348574
1902,ksqexp,2.5,3,1.5,0.1,58.97642255632303
1903,ksqexp,2.5,3,1.5,0.05,-72.82572510446397
1904,ksqexp,2.5,3,1.5,0.01,-6088.894696362436
1905,ksqexp,2.5,3,1.5,0,-229190771783.15698
1906,ksqexp,2.5,3.5,0.5,0.5,-37.14669093466476
1907,ksqexp,2.5,3.5,0.5,0.1,58.92626802931497
1908,ksqexp,2.5,3.5,0.5,0.05,-72.80999277419912
1909,ksqexp,2.5,3.5,0.5,0.01,-5991.056168745921
1910,ksqexp,2.5,3.5,0.5,0,-159212214028.67917
1911,ksqexp,2.5,3.5,1,0.5,-38.10272955169711
1912,ksqexp,2.5,3.5,1,0.1,59.04863013526918
1913,ksqexp,2.5,3.5,1,0.05,-67.99744788871976
1914,ksqexp,2.5,3.5,1,0.01,-5916.754985503719
1915,ksqexp,2.5,3.5,1,0,-157164475157.7074
1916,ksqexp,2.5,3.5,1.5,0.5,-38.887442197311934
1917,ksqexp,2.5,3.5,1.5,0.1,58.83023424292798
1918,ksqexp,2.5,3.5,1.5,0.05,-65.7088687499876
1919,ksqexp,2.5,3.5,1.5,0.01,-5823.517889167743
1920,ksqexp,2.5,3.5,1.5,0,-157574713088.7973
1921,ksqexp,2.5,4,0.5,0.5,-37.32604985496386
1922,ksqexp,2.5,4,0.5,0.1,59.3124136197961
1923,ksqexp,2.5,4,0.5,0.05,-65.67276191098077
1924,ksqexp,2.5,4,0.5,0.01,-5565.886317247997
1925,ksqexp,2.5,4,0.5,0,-143663247693.96378
1926,ksqexp,2.5,4,1,0.5,-38.583269008869294
1927,ksqexp,2.5,4,1,0.1,59.428262031510805
1928,ksqexp,2.5,4,1,0.05,-61.55431703519632
1929,ksqexp,2.5,4,1,0.01,-5163.293195224569
1930,ksqexp,2.5,4,1,0,-133384299718.02501
1931,ksqexp,2.5,4,1.5,0.5,-39.521983402176865
1932,ksqexp,2.5,4,1.5,0.1,59.29354418311307
1933,ksqexp,2.5,4,1.5,0.05,-60.468992224736894
1934,ksqexp,2.5,4,1.5,0.01,-4865.767280375175
1935,ksqexp,2.5,4,1.5,0,-123243087358.80006
1936,ksqexp,2.5,6,0.5,0.5,-38.63016457932731
1937,ksqexp,2.5,6,0.5,0.1,63.78017738713241
1938,ksqexp,2.5,6,0.5,0.05,-13.885368145324358
1939,ksqexp,2.5,6,0.5,0.01,-3356.6099538409267
1940,ksqexp,2.5,6,0.5,0,-72095424199.6489
1941,ksqexp,2.5,6,1,0.5,-40.58623044092849
1942,ksqexp,2.5,6,1,0.1,65.36847330385243
1943,ksqexp,2.5,6,1,0.05,5.7986429293863475
1944,ksqexp,2.5,6,1,0.01,-3378.5790002703784
1945,ksqexp,2.5,6,1,0,-75915092994.16415
1946,ksqexp,2.5,6,1.5,0.5,-41.89528153148029
1947,ksqexp,2.5,6,1.5,0.1,66.70345287559934
1948,ksqexp,2.5,6,1.5,0.05,15.26483988611532
1949,ksqexp,2.5,6,1.5,0.01,-3415.757777502419
1950,ksqexp,2.5,6,1.5,0,-77639822858.84973
1951,ksqexp,2.5,8,0.5,0.5,-39.71347575071107
1952,ksqexp,2.5,8,0.5,0.1,76.52750490080318
1953,ksqexp,2.5,8,0.5,0.05,34.38822854721396
1954,ksqexp,2.5,8,0.5,0.01,-3446.9348089047835
1955,ksqexp,2.5,8,0.5,0,-63594396629.61432
1956,ksqexp,2.5,8,1,0.5,-41.993447611492485
1957,ksqexp,2.5,8,1,0.1,77.58221201123726
1958,ksqexp,2.5,8,1,0.05,36.48323980203745
1959,ksqexp,2.5,8,1,0.01,-3490.624140130863
1960,ksqexp,2.5,8,1,0,-56342617144.48934
1961,ksqexp,2.5,8,1.5,0.5,-43.47906689705083
1962,ksqexp,2.5,8,1.5,0.1,77.32492145393284
1963,ksqexp,2.5,8,1.5,0.05,35.57318975770582
1964,ksqexp,2.5,8,1.5,0.01,-3493.260213864827
1965,ksqexp,2.5,8,1.5,0,-50885635866.633934
1966,ksqexp,2.5,10,0.5,0.5,-40.43623517819558
1967,ksqexp,2.5,10,0.5,0.1,79.47688682120987
1968,ksqexp,2.5,10,0.5,0.05,35.37031340036893
1969,ksqexp,2.5,10,0.5,0.01,-2872.0712911196497
1970,ksqexp,2.5,10,0.5,0,-30643801656.364433
1971,ksqexp,2.5,10,1,0.5,-42.913673669827794
1972,ksqexp,2.5,10,1,0.1,77.70218180671621
1973,ksqexp,2.5,10,1,0.05,33.55703937314319
1974,ksqexp,2.5,10,1,0.01,-2405.560810326136
1975,ksqexp,2.5,10,1,0,-26792148125.309376
1976,ksqexp,2.5,10,1.5,0.5,-44.5312215016682
1977,ksqexp,2.5,10,1.5,0.1,76.1064891182339
1978,ksqexp,2.5,10,1.5,0.05,31.913476266657245
1979,ksqexp,2.5,10,1.5,0.01,-2067.74673618553
1980,ksqexp,2.5,10,1.5,0,-24098971422.01094
1981,ksqexp,2.5,25,0.5,0.5,-43.760023019442016
1982,ksqexp,2.5,25,0.5,0.1,95.63978121765093
1983,ksqexp,2.5,25,0.5,0.05,131.13163645420067
1984,ksqexp,2.5,25,0.5,0.01,-405.6817027023534
1985,ksqexp,2.5,25,0.5,0,-26652401.502469175
1986,ksqexp,2.5,25,1,0.5,-47.198288006595995
1987,ksqexp,2.5,25,1,0.1,93.06467489597449
1988,ksqexp,2.5,25,1,0.05,130.97636946468643
1989,ksqexp,2.5,25,1,0.01,-413.42320787828027
1990,ksqexp,2.5,25,1,0,-13338753.805901295
1991,ksqexp,2.5,25,1.5,0.5,-49.414800275944
1992,ksqexp,2.5,25,1.5,0.1,91.05520789996852
1993,ksqexp,2.5,25,1.5,0.05,129.94805814653134
1994,ksqexp,2.5,25,1.5,0.01,-428.4308051737982
1995,ksqexp,2.5,25,1.5,0,-8895173.80281763
1996,ksqexp,2.5,50,0.5,0.5,-45.37119912776792
1997,ksqexp,2.5,50,0.5,0.1,92.86503800494155
1998,ksqexp,2.5,50,0.5,0.05,127.15001944078907
1999,ksqexp,2.5,50,0.5,0.01,-482.6515464372853
2000,ksqexp,2.5,50,0.5,0,-2580426.297513223
2001,ksqexp,2.5,50,1,0.5,-49.312948415614784
2002,ksqexp,2.5,50,1,0.1,89.45670000024285
2003,ksqexp,2.5,50,1,0.05,126.63238737298089
2004,ksqexp,2.5,50,1,0.01,-504.8079157390812
2005,ksqexp,2.5,50,1,0,-1289976.0951492994
2006,ksqexp,2.5,50,1.5,0.5,-51.823286489364065
2007,ksqexp,2.5,50,1.5,0.1,87.14621836461971
2008,ksqexp,2.5,50,1.5,0.05,125.33694310583577
2009,ksqexp,2.5,50,1.5,0.01,-519.3053322278463
2010,ksqexp,2.5,50,1.5,0,-859819.3916750734
2011,ksqexp,2.5,75,0.5,0.5,-45.71651393205334
2012,ksqexp,2.5,75,0.5,0.1,92.28643799767104
2013,ksqexp,2.5,75,0.5,0.05,125.58224358144578
2014,ksqexp,2.5,75,0.5,0.01,-488.82012647197445
2015,ksqexp,2.5,75,0.5,0,-2477160.5549524412
2016,ksqexp,2.5,75,1,0.5,-49.67585959532426
2017,ksqexp,2.5,75,1,0.1,88.76131364429922
2018,ksqexp,2.5,75,1,0.05,125.13195553646183
2019,ksqexp,2.5,75,1,0.01,-511.9354520089122
2020,ksqexp,2.5,75,1,0,-1238335.51719842
2021,ksqexp,2.5,75,1.5,0.5,-52.19575874528023
2022,ksqexp,2.5,75,1.5,0.1,86.39474343572466
2023,ksqexp,2.5,75,1.5,0.05,123.97750167439305
2024,ksqexp,2.5,75,1.5,0.01,-525.7239230127242
2025,ksqexp,2.5,75,1.5,0,-825391.8304126622
2026,ksqexp,2.5,100,0.5,0.5,-45.77292419232683
2027,ksqexp,2.5,100,0.5,0.1,92.15890550508473
2028,ksqexp,2.5,100,0.5,0.05,125.06680728063009
2029,ksqexp,2.5,100,0.5,0.01,-487.0131731511842
2030,ksqexp,2.5,100,0.5,0,-2418889.748269928
2031,ksqexp,2.5,100,1,0.5,-49.722889547724435
2032,ksqexp,2.5,100,1,0.1,88.6029901533585
2033,ksqexp,2.5,100,1,0.05,124.68224390739434
2034,ksqexp,2.5,100,1,0.01,-511.04078916054215
2035,ksqexp,2.5,100,1,0,-1209198.9238114227
2036,ksqexp,2.5,100,1.5,0.5,-52.24060640935794
2037,ksqexp,2.5,100,1.5,0.1,86.22616560420056
2038,ksqexp,2.5,100,1.5,0.05,123.61734668906904
2039,ksqexp,2.5,100,1.5,0.01,-525.4770789315046
2040,ksqexp,2.5,100,1.5,0,-805967.3010241963
2041,ksqexp,2.5,150,0.5,0.5,-45.78246829153439
2042,ksqexp,2.5,150,0.5,0.1,92.12908514823555
2043,ksqexp,2.5,150,0.5,0.05,124.92620375618905
2044,ksqexp,2.5,150,0.5,0.01,-486.13888416755276
2045,ksqexp,2.5,150,0.5,0,-2382427.185372283
2046,ksqexp,2.5,150,1,0.5,-49.72813360910251
2047,ksqexp,2.5,150,1,0.1,88.56639510962148
2048,ksqexp,2.5,150,1,0.05,124.56521255154077
2049,ksqexp,2.5,150,1,0.01,-510.51737543713176
2050,ksqexp,2.5,150,1,0,-1190966.9499690845
2051,ksqexp,2.5,150,1.5,0.5,-52.244687748731614
2052,ksqexp,2.5,150,1.5,0.1,86.18814991412317
2053,ksqexp,2.5,150,1.5,0.05,123.52853858746587
2054,ksqexp,2.5,150,1.5,0.01,-525.2856857602742
2055,ksqexp,2.5,150,1.5,0,-793812.5050738157
2056,ksqexp,2.5,200,0.5,0.5,-45.782587766463706
2057,ksqexp,2.5,200,0.5,0.1,92.12859515628439
2058,ksqexp,2.5,200,0.5,0.05,124.92404440905027
2059,ksqexp,2.5,200,0.5,0.01,-486.12507889703033
2060,ksqexp,2.5,200,0.5,0,-2381096.128217029
2061,ksqexp,2.5,200,1,0.5,-49.72817727683006
2062,ksqexp,2.5,200,1,0.1,88.56582088384314
2063,ksqexp,2.5,200,1,0.05,124.56356759508563
2064,ksqexp,2.5,200,1,0.01,-510.5124148743244
2065,ksqexp,2.5,200,1,0,-1190301.3976753314
2066,ksqexp,2.5,200,1.5,0.5,-52.24471135824349
2067,ksqexp,2.5,200,1.5,0.1,86.18758290331985
2068,ksqexp,2.5,200,1.5,0.05,123.52736405582391
2069,ksqexp,2.5,200,1.5,0.01,-525.2882175338136
2070,ksqexp,2.5,200,1.5,0,-793368.798117679
2071,ksqexp,2.5,250,0.5,0.5,-45.78258817473746
2072,ksqexp,2.5,250,0.5,0.1,92.12859318453582
2073,ksqexp,2.5,250,0.5,0.05,124.9240368189197
2074,ksqexp,2.5,250,0.5,0.01,-486.125036603813
2075,ksqexp,2.5,250,0.5,0,-2381088.1471818704
2076,ksqexp,2.5,250,1,0.5,-49.72817740923207
2077,ksqexp,2.5,250,1,0.1,88.56581867607167
2078,ksqexp,2.5,250,1,0.05,124.56356240528436
2079,ksqexp,2.5,250,1,0.01,-510.51241804714084
2080,ksqexp,2.5,250,1,0,-1190297.4071360843
2081,ksqexp,2.5,250,1.5,0.5,-52.244711421620096
2082,ksqexp,2.5,250,1.5,0.1,86.187580829049665
2083,ksqexp,2.5,250,1.5,0.05,123.52736061841917
2084,ksqexp,2.5,250,1.5,0.01,-525.2882551259733
2085,ksqexp,2.5,250,1.5,0,-793366.1362637205
2086,ksqexp,2.5,500,0.5,0.5,-45.78258817509189
2087,ksqexp,2.5,500,0.5,0.1,92.12859318264468
2088,ksqexp,2.5,500,0.5,0.05,124.92403681222606
2089,ksqexp,2.5,500,0.5,0.01,-486.12503657039014
2090,ksqexp,2.5,500,0.5,0,-2381088.1381516843
2091,ksqexp,2.5,500,1,0.5,-49.72817740933792
2092,ksqexp,2.5,500,1,0.1,88.56581867400843
2093,ksqexp,2.5,500,1,0.05,124.56356240106425
2094,ksqexp,2.5,500,1,0.01,-510.5124180624968
2095,ksqexp,2.5,500,1,0,-1190297.4026159747
2096,ksqexp,2.5,500,1.5,0.5,-52.2447114216661
2097,ksqexp,2.5,500,1.5,0.1,86.1875808271693
2098,ksqexp,2.5,500,1.5,0.05,123.52736061580312
2099,ksqexp,2.5,500,1.5,0.01,-525.2882551765414
2100,ksqexp,2.5,500,1.5,0,-793366.1332391533
2101,kexp,1,0.2,0.5,0.5,-53.63627842387913
2102,kexp,1,0.2,0.5,0.1,-5.593182095194122
2103,kexp,1,0.2,0.5,0.05,-32.48644292121164
2104,kexp,1,0.2,0.5,0.01,-69.9326821124034
2105,kexp,1,0.2,0.5,0,-72.65954050186315
2106,kexp,1,0.2,1,0.5,-56.90976955663968
2107,kexp,1,0.2,1,0.1,-2.741725482997974
2108,kexp,1,0.2,1,0.05,-10.862303046508648
2109,kexp,1,0.2,1,0.01,-19.98443430186123
2110,kexp,1,0.2,1,0,-20.536124260208467
2111,kexp,1,0.2,1.5,0.5,-60.39937776573162
2112,kexp,1,0.2,1.5,0.1,-6.709665013314617
2113,kexp,1,0.2,1.5,0.05,-9.207486078778853
2114,kexp,1,0.2,1.5,0.01,-12.395787463317353
2115,kexp,1,0.2,1.5,0,-12.580118763677046
2116,kexp,1,0.5,0.5,0.5,-56.21783464024411
2117,kexp,1,0.5,0.5,0.1,-1.323489200474298
2118,kexp,1,0.5,0.5,0.05,-5.928296997849704
2119,kexp,1,0.5,0.5,0.01,-11.208949890208789
2120,kexp,1,0.5,0.5,0,-11.518241553078783
2121,kexp,1,0.5,1,0.5,-64.22801306106794
2122,kexp,1,0.5,1,0.1,-14.011638486460756
2123,kexp,1,0.5,1,0.05,-13.128718279228965
2124,kexp,1,0.5,1,0.01,-13.409019207807237
2125,kexp,1,0.5,1,0,-13.430764522550575
2126,kexp,1,0.5,1.5,0.5,-70.90493308080279
2127,kexp,1,0.5,1.5,0.1,-25.688603727173547
2128,kexp,1,0.5,1.5,0.05,-23.92401855087631
2129,kexp,1,0.5,1.5,0.01,-23.50197810767182
2130,kexp,1,0.5,1.5,0,-23.486738766204386
2131,kexp,1,1,0.5,0.5,-60.79508647158593
2132,kexp,1,1,0.5,0.1,-9.38112956193831
2133,kexp,1,1,0.5,0.05,-8.424360976352576
2134,kexp,1,1,0.5,0.01,-8.67987568412653
2135,kexp,1,1,0.5,0,-8.70057534204367
2136,kexp,1,1,1,0.5,-72.75605398531323
2137,kexp,1,1,1,0.1,-31.025095427202103
2138,kexp,1,1,1,0.05,-29.119868724057778
2139,kexp,1,1,1,0.01,-28.550970080395324
2140,kexp,1,1,1,0,-28.527945526132036
2141,kexp,1,1,1.5,0.5,-82.06307379922609
2142,kexp,1,1,1.5,0.1,-46.82635223523496
2143,kexp,1,1,1.5,0.05,-45.12547637116316
2144,kexp,1,1,1.5,0.01,-44.57832732324243
2145,kexp,1,1,1.5,0,-44.555535508440805
2146,kexp,1,1.5,0.5,0.5,-64.09980708975921
2147,kexp,1,1.5,0.5,0.1,-16.530618430518537
2148,kexp,1,1.5,0.5,0.05,-14.628401976104684
2149,kexp,1,1.5,0.5,0.01,-14.160339830789578
2150,kexp,1,1.5,0.5,0,-14.14316043747208
2151,kexp,1,1.5,1,0.5,-78.39057664810154
2152,kexp,1,1.5,1,0.1,-42.29843982815231
2153,kexp,1,1.5,1,0.05,-40.55800059963285
2154,kexp,1,1.5,1,0.01,-39.99790464410212
2155,kexp,1,1.5,1,0,-39.97457023675618
2156,kexp,1,1.5,1.5,0.5,-89.23182194136186
2157,kexp,1,1.5,1.5,0.1,-59.851561121277996
2158,kexp,1,1.5,1.5,0.05,-58.47237062747547
2159,kexp,1,1.5,1.5,0.01,-58.02234721893879
2160,kexp,1,1.5,1.5,0,-58.00350675754697
2161,kexp,1,2,0.5,0.5,-66.57098146631508
2162,kexp,1,2,0.5,0.1,-22.13756047338548
2163,kexp,1,2,0.5,0.05,-20.073379458718765
2164,kexp,1,2,0.5,0.01,-19.451476176375174
2165,kexp,1,2,0.5,0,-19.42621919276428
2166,kexp,1,2,1,0.5,-82.46335263414319
2167,kexp,1,2,1,0.1,-50.27271066057245
2168,kexp,1,2,1,0.05,-48.74413136500007
2169,kexp,1,2,1,0.01,-48.24614258974045
2170,kexp,1,2,1,0,-48.22530589473324
2171,kexp,1,2,1.5,0.5,-94.33834339204276
2172,kexp,1,2,1.5,0.1,-68.78494575884484
2173,kexp,1,2,1.5,0.05,-67.6345640514742
2174,kexp,1,2,1.5,0.01,-67.25918642059693
2175,kexp,1,2,1.5,0,-67.24346804978147
2176,kexp,1,2.5,0.5,0.5,-68.51598020856997
2177,kexp,1,2.5,0.5,0.1,-26.601403297109165
2178,kexp,1,2.5,0.5,0.05,-24.568086156821852
2179,kexp,1,2.5,0.5,0.01,-23.923643200854485
2180,kexp,1,2.5,0.5,0,-23.896946050436483
2181,kexp,1,2.5,1,0.5,-85.58447009612136
2182,kexp,1,2.5,1,0.1,-56.24409145962655
2183,kexp,1,2.5,1,0.05,-54.88799888316207
2184,kexp,1,2.5,1,0.01,-54.44532087488558
2185,kexp,1,2.5,1,0,-54.42678398290361
2186,kexp,1,2.5,1.5,0.5,-98.20754849087804
2187,kexp,1,2.5,1.5,0.1,-75.34938229463577
2188,kexp,1,2.5,1.5,0.05,-74.35821353003115
2189,kexp,1,2.5,1.5,0.01,-74.03537573349647
2190,kexp,1,2.5,1.5,0,-74.02186321479809
2191,kexp,1,3,0.5,0.5,-70.09922793370737
2192,kexp,1,3,0.5,0.1,-30.2326474965034
2193,kexp,1,3,0.5,0.05,-28.280413191712167
2194,kexp,1,3,0.5,0.01,-27.650176748519478
2195,kexp,1,3,0.5,0,-27.623893869030937
2196,kexp,1,3,1,0.5,-88.069914040855
2197,kexp,1,3,1,0.1,-60.90142370832813
2198,kexp,1,3,1,0.05,-59.67931963538877
2199,kexp,1,3,1,0.01,-59.280581570793814
2200,kexp,1,3,1,0,-59.263885447269686
2201,kexp,1,3,1.5,0.5,-101.26104845786202
2202,kexp,1,3,1.5,0.1,-80.40244231651258
2203,kexp,1,3,1.5,0.05,-79.52590171386798
2204,kexp,1,3,1.5,0.01,-79.24093751359328
2205,kexp,1,3,1.5,0,-79.22901589442866
2206,kexp,1,3.5,0.5,0.5,-71.41780747683718
2207,kexp,1,3.5,0.5,0.1,-33.24038397168966
2208,kexp,1,3.5,0.5,0.05,-31.37720344620219
2209,kexp,1,3.5,0.5,0.01,-30.77103989290219
2210,kexp,1,3.5,0.5,0,-30.745692286830128
2211,kexp,1,3.5,1,0.5,-90.10358732192302
2212,kexp,1,3.5,1,0.1,-64.64218800301654
2213,kexp,1,3.5,1,0.05,-63.52453878044446
2214,kexp,1,3.5,1,0.01,-63.16029448568707
2215,kexp,1,3.5,1,0,-63.14504671609011
2216,kexp,1,3.5,1.5,0.5,-103.74126097767554
2217,kexp,1,3.5,1.5,0.1,-84.42192772482021
2218,kexp,1,3.5,1.5,0.05,-83.63080959089007
2219,kexp,1,3.5,1.5,0.01,-83.37403587484265
2220,kexp,1,3.5,1.5,0,-83.36329811359387
2221,kexp,1,4,0.5,0.5,-72.53433824262541
2222,kexp,1,4,0.5,0.1,-35.7663017370641
2223,kexp,1,4,0.5,0.05,-33.98668492926743
2224,kexp,1,4,0.5,0.01,-33.405707156899055
2225,kexp,1,4,0.5,0,-33.38138343735377
2226,kexp,1,4,1,0.5,-91.80119292160367
2227,kexp,1,4,1,0.1,-67.71209998087424
2228,kexp,1,4,1,0.05,-66.67692849594249
2229,kexp,1,4,1,0.01,-66.33997240979079
2230,kexp,1,4,1,0,-66.32587121274524
2231,kexp,1,4,1.5,0.5,-105.79889456288758
2232,kexp,1,4,1.5,0.1,-87.69649609842683
2233,kexp,1,4,1.5,0.05,-86.97086558412165
2234,kexp,1,4,1.5,0.01,-86.73566587881673
2235,kexp,1,4,1.5,0,-86.72583372562896
2236,kexp,1,6,0.5,0.5,-75.67929959033772
2237,kexp,1,6,0.5,0.1,-42.688970206060546
2238,kexp,1,6,0.5,0.05,-41.15033410653471
2239,kexp,1,6,0.5,0.01,-40.64695880185947
2240,kexp,1,6,0.5,0,-40.625866022591076
2241,kexp,1,6,1,0.5,-96.47039641575638
2242,kexp,1,6,1,0.1,-75.86047310951783
2243,kexp,1,6,1,0.05,-75.0247684294502
2244,kexp,1,6,1,0.01,-74.75373561814378
2245,kexp,1,6,1,0,-74.74240386675845
2246,kexp,1,6,1.5,0.5,-111.39576359321747
2247,kexp,1,6,1.5,0.1,-96.29869094043516
2248,kexp,1,6,1.5,0.05,-95.72583250798671
2249,kexp,1,6,1.5,0.01,-95.54077886860455
2250,kexp,1,6,1.5,0,-95.53304973590595
2251,kexp,1,8,0.5,0.5,-77.57481936899684
2252,kexp,1,8,0.5,0.1,-46.627012821429275
2253,kexp,1,8,0.5,0.05,-45.218938039151354
2254,kexp,1,8,0.5,0.01,-44.75876628135095
2255,kexp,1,8,0.5,0,-44.73948854489501
2256,kexp,1,8,1,0.5,-99.20569433906897
2257,kexp,1,8,1,0.1,-80.37843097457558
2258,kexp,1,8,1,0.05,-79.63789945212353
2259,kexp,1,8,1,0.01,-79.39819909164241
2260,kexp,1,8,1,0,-79.38818235756139
2261,kexp,1,8,1.5,0.5,-114.62759230998137
2262,kexp,1,8,1.5,0.1,-101.02710842199474
2263,kexp,1,8,1.5,0.05,-100.5249359843561
2264,kexp,1,8,1.5,0.01,-100.362975380018
2265,kexp,1,8,1.5,0,-100.35621354954368
2266,kexp,1,10,0.5,0.5,-78.7930712954969
2267,kexp,1,10,0.5,0.1,-49.012906497330015
2268,kexp,1,10,0.5,0.05,-47.677767747411544
2269,kexp,1,10,0.5,0.01,-47.24185862693833
2270,kexp,1,10,0.5,0,-47.223601906024804
2271,kexp,1,10,1,0.5,-100.9263905430433
2272,kexp,1,10,1,0.1,-83.09156092715516
2273,kexp,1,10,1,0.05,-82.40142382964717
2274,kexp,1,10,1,0.01,-82.17826343529347
2275,kexp,1,10,1,0,-82.16894033798349
2276,kexp,1,10,1.5,0.5,-116.63849659504588
2277,kexp,1,10,1.5,0.1,-103.85732407665448
2278,kexp,1,10,1.5,0.05,-103.39205166132226
2279,kexp,1,10,1.5,0.01,-103.24211175712655
2280,kexp,1,10,1.5,0,-103.23585306973071
2281,kexp,1,25,0.5,0.5,-81.46724381006898
2282,kexp,1,25,0.5,0.1,-53.54261526786758
2283,kexp,1,25,0.5,0.05,-52.31455697280428
2284,kexp,1,25,0.5,0.01,-51.9142051735866
2285,kexp,1,25,0.5,0,-51.89744420894727
2286,kexp,1,25,1,0.5,-104.43936706453145
2287,kexp,1,25,1,0.1,-88.09271377100599
2288,kexp,1,25,1,0.05,-87.47182101403627
2289,kexp,1,25,1,0.01,-87.27127456744662
2290,kexp,1,25,1,0,-87.26289862500093
2291,kexp,1,25,1.5,0.5,-120.61512573775978
2292,kexp,1,25,1.5,0.1,-109.02468043305801
2293,kexp,1,25,1.5,0.05,-108.60921241148735
2294,kexp,1,25,1.5,0.01,-108.4754329692758
2295,kexp,1,25,1.5,0,-108.46985001811402
2296,kexp,1,50,0.5,0.5,-81.9126120481785
2297,kexp,1,50,0.5,0.1,-54.11006180592099
2298,kexp,1,50,0.5,0.05,-52.88625682281589
2299,kexp,1,50,0.5,0.01,-52.48727104972026
2300,kexp,1,50,0.5,0,-52.47056705516942
2301,kexp,1,50,1,0.5,-104.8820759436753
2302,kexp,1,50,1,0.1,-88.6089348872796
2303,kexp,1,50,1,0.05,-87.99058392868865
2304,kexp,1,50,1,0.01,-87.79085426631879
2305,kexp,1,50,1,0,-87.78251239258687
2306,kexp,1,50,1.5,0.5,-121.06154177265863
2307,kexp,1,50,1.5,0.1,-109.52407015742571
2308,kexp,1,50,1.5,0.05,-109.11039144665044
2309,kexp,1,50,1.5,0.01,-108.97718642375258
2310,kexp,1,50,1.5,0,-108.97162742615458
2311,kexp,1,75,0.5,0.5,-81.96784210761282
2312,kexp,1,75,0.5,0.1,-54.17618169245473
2313,kexp,1,75,0.5,0.05,-52.95256533924143
2314,kexp,1,75,0.5,0.01,-52.553635452025176
2315,kexp,1,75,0.5,0,-52.53693373710492
2316,kexp,1,75,1,0.5,-104.9200005277087
2317,kexp,1,75,1,0.1,-88.65005202782996
2318,kexp,1,75,1,0.05,-88.03176842390958
2319,kexp,1,75,1,0.01,-87.83205965415114
2320,kexp,1,75,1,0,-87.82371864384925
2321,kexp,1,75,1.5,0.5,-121.09264376968758
2322,kexp,1,75,1.5,0.1,-109.55683723668652
2323,kexp,1,75,1.5,0.05,-109.14319797382636
2324,kexp,1,75,1.5,0.01,-109.0100053505276
2325,kexp,1,75,1.5,0,-109.0044468671926
2326,kexp,1,100,0.5,0.5,-81.97794026120854
2327,kexp,1,100,0.5,0.1,-54.18851220454022
2328,kexp,1,100,0.5,0.05,-52.96493727485727
2329,kexp,1,100,0.5,0.01,-52.566019760617436
2330,kexp,1,100,0.5,0,-52.54931855156508
2331,kexp,1,100,1,0.5,-104.92599960560182
2332,kexp,1,100,1,0.1,-88.65657374356391
2333,kexp,1,100,1,0.05,-88.03830070014855
2334,kexp,1,100,1,0.01,-87.83859519134413
2335,kexp,1,100,1,0,-87.8302543156437
2336,kexp,1,100,1.5,0.5,-121.09699938480323
2337,kexp,1,100,1.5,0.1,-109.5614166945859
2338,kexp,1,100,1.5,0.05,-109.14778233564057
2339,kexp,1,100,1.5,0.01,-109.01459124464814
2340,kexp,1,100,1.5,0,-109.00903282476514
2341,kexp,1,150,0.5,0.5,-81.98024039756953
2342,kexp,1,150,0.5,0.1,-54.19133890802153
2343,kexp,1,150,0.5,0.05,-52.96777397221543
2344,kexp,1,150,0.5,0.01,-52.56885945082178
2345,kexp,1,150,0.5,0,-52.552158364220475
2346,kexp,1,150,1,0.5,-104.9273136923386
2347,kexp,1,150,1,0.1,-88.6580064334292
2348,kexp,1,150,1,0.05,-88.0397358116908
2349,kexp,1,150,1,0.01,-87.84003105122636
2350,kexp,1,150,1,0,-87.83169020642103
2351,kexp,1,150,1.5,0.5,-121.09791715194217
2352,kexp,1,150,1.5,0.1,-109.56238319183511
2353,kexp,1,150,1.5,0.05,-109.14874990390352
2354,kexp,1,150,1.5,0.01,-109.01555914760617
2355,kexp,1,150,1.5,0,-109.01000074158313
2356,kexp,1,200,0.5,0.5,-81.98032379146667
2357,kexp,1,200,0.5,0.1,-54.19144106762315
2358,kexp,1,200,0.5,0.05,-52.96787646751007
2359,kexp,1,200,0.5,0.01,-52.56896204565977
2360,kexp,1,200,0.5,0,-52.55226096311968
2361,kexp,1,200,1,0.5,-104.92736078711275
2362,kexp,1,200,1,0.1,-88.65805765997398
2363,kexp,1,200,1,0.05,-88.03978711836105
2364,kexp,1,200,1,0.01,-87.84008238252524
2365,kexp,1,200,1,0,-87.83174153873523
2366,kexp,1,200,1.5,0.5,-121.09794968241005
2367,kexp,1,200,1.5,0.1,-109.5624173888833
2368,kexp,1,200,1.5,0.05,-109.14878413599372
2369,kexp,1,200,1.5,0.01,-109.01559339060731
2370,kexp,1,200,1.5,0,-109.01003498503565
2371,kexp,1,250,0.5,0.5,-81.98032677166555
2372,kexp,1,250,0.5,0.1,-54.1914446880691
2373,kexp,1,250,0.5,0.05,-52.96788009796294
2374,kexp,1,250,0.5,0.01,-52.56896567900781
2375,kexp,1,250,0.5,0,-52.55226459658499
2376,kexp,1,250,1,0.5,-104.92736246397013
2377,kexp,1,250,1,0.1,-88.65805947368077
2378,kexp,1,250,1,0.05,-88.03978893442017
2379,kexp,1,250,1,0.01,-87.84008419929773
2380,kexp,1,250,1,0,-87.83174335553703
2381,kexp,1,250,1.5,0.5,-121.09795083825603
2382,kexp,1,250,1.5,0.1,-109.56241859877936
2383,kexp,1,250,1.5,0.05,-109.14878534691249
2384,kexp,1,250,1.5,0.01,-109.01559460184157
2385,kexp,1,250,1.5,0,-109.01003619628293
2386,kexp,1,500,0.5,0.5,-81.98032688146311
2387,kexp,1,500,0.5,0.1,-54.19144481978106
2388,kexp,1,500,0.5,0.05,-52.96788022993431
2389,kexp,1,500,0.5,0.01,-52.56896581104949
2390,kexp,1,500,0.5,0,-52.55226472862945
2391,kexp,1,500,1,0.5,-104.92736252546496
2392,kexp,1,500,1,0.1,-88.65805953962665
2393,kexp,1,500,1,0.05,-88.03978900042472
2394,kexp,1,500,1,0.01,-87.84008426531942
2395,kexp,1,500,1,0,-87.83174342155941
2396,kexp,1,500,1.5,0.5,-121.09795088054665
2397,kexp,1,500,1.5,0.1,-109.56241864276137
2398,kexp,1,500,1.5,0.05,-109.14878539091966
2399,kexp,1,500,1.5,0.01,-109.01559464585628
2400,kexp,1,500,1.5,0,-109.01003624029795
2401,kexp,1.25,0.2,0.5,0.5,-52.84398966802432
2402,kexp,1.25,0.2,0.5,0.1,-7.501102601517613
2403,kexp,1.25,0.2,0.5,0.05,-43.25482752299727
2404,kexp,1.25,0.2,0.5,0.01,-98.7329107191656
2405,kexp,1.25,0.2,0.5,0,-103.13184410803836
2406,kexp,1.25,0.2,1,0.5,-55.265451957716955
2407,kexp,1.25,0.2,1,0.1,-1.35556396276665
2408,kexp,1.25,0.2,1,0.05,-14.015244250267308
2409,kexp,1.25,0.2,1,0.01,-28.906872268931764
2410,kexp,1.25,0.2,1,0,-29.851243995334915
2411,kexp,1.25,0.2,1.5,0.5,-58.14748804293953
2412,kexp,1.25,0.2,1.5,0.1,-3.485739079728999
2413,kexp,1.25,0.2,1.5,0.05,-8.640701300559746
2414,kexp,1.25,0.2,1.5,0.01,-14.498106446222144
2415,kexp,1.25,0.2,1.5,0,-14.84284387302166
2416,kexp,1.25,0.5,0.5,0.5,-54.13264665293666
2417,kexp,1.25,0.5,0.5,0.1,1.701647663665537
2418,kexp,1.25,0.5,0.5,0.05,-6.282973959577072
2419,kexp,1.25,0.5,0.5,0.01,-15.360778499874092
2420,kexp,1.25,0.5,0.5,0,-15.910651580924391
2421,kexp,1.25,0.5,1,0.5,-61.133334745733045
2422,kexp,1.25,0.5,1,0.1,-8.475239189088107
2423,kexp,1.25,0.5,1,0.05,-8.63828891972933
2424,kexp,1.25,0.5,1,0.01,-9.779706419654929
2425,kexp,1.25,0.5,1,0,-9.848203695758492
2426,kexp,1.25,0.5,1.5,0.5,-67.10224324180082
2427,kexp,1.25,0.5,1.5,0.1,-18.817853543326763
2428,kexp,1.25,0.5,1.5,0.05,-17.389610374966992
2429,kexp,1.25,0.5,1.5,0.01,-17.246458844936082
2430,kexp,1.25,0.5,1.5,0,-17.245854320864442
2431,kexp,1.25,1,0.5,0.5,-57.861328543495546
2432,kexp,1.25,1,0.5,0.1,-3.692839901711787
2433,kexp,1.25,1,0.5,0.05,-3.7471240417837026
2434,kexp,1.25,1,0.5,0.01,-4.851242031690671
2435,kexp,1.25,1,0.5,0,-4.9181541952390075
2436,kexp,1.25,1,1,0.5,-68.66725774371345
2437,kexp,1.25,1,1,0.1,-23.439041859399012
2438,kexp,1.25,1,1,0.05,-21.57642867626179
2439,kexp,1.25,1,1,0.01,-21.09097777185138
2440,kexp,1.25,1,1,0,-21.072561889056335
2441,kexp,1.25,1,1.5,0.5,-77.1803754571098
2442,kexp,1.25,1,1.5,0.1,-38.32487687009875
2443,kexp,1.25,1,1.5,0.05,-36.47801490608972
2444,kexp,1.25,1,1.5,0.01,-35.8996852099942
2445,kexp,1.25,1,1.5,0,-35.87583104119149
2446,kexp,1.25,1.5,0.5,0.5,-60.7419096648669
2447,kexp,1.25,1.5,0.5,0.1,-9.698806814684989
2448,kexp,1.25,1.5,0.5,0.05,-8.090727990028645
2449,kexp,1.25,1.5,0.5,0.01,-7.886544427242651
2450,kexp,1.25,1.5,0.5,0,-7.8833550891235475
2451,kexp,1.25,1.5,1,0.5,-73.80121575155654
2452,kexp,1.25,1.5,1,0.1,-33.982405777742116
2453,kexp,1.25,1.5,1,0.05,-32.08769299774184
2454,kexp,1.25,1.5,1,0.01,-31.493599767144676
2455,kexp,1.25,1.5,1,0,-31.469083729410915
2456,kexp,1.25,1.5,1.5,0.5,-83.82585339795854
2457,kexp,1.25,1.5,1.5,0.1,-50.86397765303678
2458,kexp,1.25,1.5,1.5,0.05,-49.284134761098564
2459,kexp,1.25,1.5,1.5,0.01,-48.7709123074523
2460,kexp,1.25,1.5,1.5,0,-48.749459863832804
2461,kexp,1.25,2,0.5,0.5,-62.946285005873754
2462,kexp,1.25,2,0.5,0.1,-14.701452761249163
2463,kexp,1.25,2,0.5,0.05,-12.643477579206651
2464,kexp,1.25,2,0.5,0.01,-12.092110095605591
2465,kexp,1.25,2,0.5,0,-12.070908419331738
2466,kexp,1.25,2,1,0.5,-77.58181114475506
2467,kexp,1.25,2,1,0.1,-41.65249296353999
2468,kexp,1.25,2,1,0.05,-39.92034531492548
2469,kexp,1.25,2,1,0.01,-39.36034580767272
2470,kexp,1.25,2,1,0,-39.33697760956401
2471,kexp,1.25,2,1.5,0.5,-88.64239704771391
2472,kexp,1.25,2,1.5,0.1,-59.65043142438558
2473,kexp,1.25,2,1.5,0.05,-58.302521485077236
2474,kexp,1.25,2,1.5,0.01,-57.86255614403149
2475,kexp,1.25,2,1.5,0,-57.844133927346334
2476,kexp,1.25,2.5,0.5,0.5,-64.7088833638604
2477,kexp,1.25,2.5,0.5,0.1,-18.808524615121748
2478,kexp,1.25,2.5,0.5,0.05,-16.647732559434562
2479,kexp,1.25,2.5,0.5,0.01,-15.993283730948994
2480,kexp,1.25,2.5,0.5,0,-15.966651987247394
2481,kexp,1.25,2.5,1,0.5,-80.51888485666106
2482,kexp,1.25,2.5,1,0.1,-47.496189834929304
2483,kexp,1.25,2.5,1,0.05,-45.9271671076918
2484,kexp,1.25,2.5,1,0.01,-45.41592635078903
2485,kexp,1.25,2.5,1,0,-45.39453411147015
2486,kexp,1.25,2.5,1.5,0.5,-92.33896440398581
2487,kexp,1.25,2.5,1.5,0.1,-66.19736840071722
2488,kexp,1.25,2.5,1.5,0.05,-65.02188568320678
2489,kexp,1.25,2.5,1.5,0.01,-64.63835416111681
2490,kexp,1.25,2.5,1.5,0,-64.62229474060356
2491,kexp,1.25,3,0.5,0.5,-66.16095125462951
2492,kexp,1.25,3,0.5,0.1,-22.213906054448422
2493,kexp,1.25,3,0.5,0.05,-20.066863831536477
2494,kexp,1.25,3,0.5,0.01,-19.388528986255864
2495,kexp,1.25,3,0.5,0,-19.360463906861018
2496,kexp,1.25,3,1,0.5,-82.88147189798174
2497,kexp,1.25,3,1,0.1,-52.108913019069114
2498,kexp,1.25,3,1,0.05,-50.67717046219187
2499,kexp,1.25,3,1,0.01,-50.20979988540062
2500,kexp,1.25,3,1,0,-50.19022952670143
2501,kexp,1.25,3,1.5,0.5,-95.28456695193252
2502,kexp,1.25,3,1.5,0.1,-71.28773071626371
2503,kexp,1.25,3,1.5,0.05,-70.2406983856701
2504,kexp,1.25,3,1.5,0.01,-69.89956401943323
2505,kexp,1.25,3,1.5,0,-69.88528465438543
2506,kexp,1.25,3.5,0.5,0.5,-67.38211064142695
2507,kexp,1.25,3.5,0.5,0.1,-25.07338331287553
2508,kexp,1.25,3.5,0.5,0.05,-22.979940517105632
2509,kexp,1.25,3.5,0.5,0.01,-22.306265270685515
2510,kexp,1.25,3.5,0.5,0,-22.278205080956752
2511,kexp,1.25,3.5,1,0.5,-84.83007634604387
2512,kexp,1.25,3.5,1,0.1,-55.848084171587175
2513,kexp,1.25,3.5,1,0.05,-54.52808857842059
2514,kexp,1.25,3.5,1,0.01,-54.09722554884704
2515,kexp,1.25,3.5,1,0,-54.079182627533505
2516,kexp,1.25,3.5,1.5,0.5,-97.69591794281361
2517,kexp,1.25,3.5,1.5,0.1,-75.36897467259692
2518,kexp,1.25,3.5,1.5,0.05,-74.41970896220292
2519,kexp,1.25,3.5,1.5,0.01,-74.11089656537857
2520,kexp,1.25,3.5,1.5,0,-74.09797506413645
2521,kexp,1.25,4,0.5,0.5,-68.42526931400832
2522,kexp,1.25,4,0.5,0.1,-27.501311440182437
2523,kexp,1.25,4,0.5,0.05,-25.472416447961557
2524,kexp,1.25,4,0.5,0.01,-24.813595120248433
2525,kexp,1.25,4,0.5,0,-24.786066352012124
2526,kexp,1.25,4,1,0.5,-86.46811379682788
2527,kexp,1.25,4,1,0.1,-58.940419841407284
2528,kexp,1.25,4,1,0.05,-57.71108898808145
2529,kexp,1.25,4,1,0.01,-57.31010091853715
2530,kexp,1.25,4,1,0,-57.29331146282
2531,kexp,1.25,4,1.5,0.5,-99.7103237614253
2532,kexp,1.25,4,1.5,0.1,-78.716299763068
2533,kexp,1.25,4,1.5,0.05,-77.843077708752
2534,kexp,1.25,4,1.5,0.01,-77.5593923920559
2535,kexp,1.25,4,1.5,0,-77.54752642083768
2536,kexp,1.25,6,0.5,0.5,-71.42571250785272
2537,kexp,1.25,6,0.5,0.1,-34.2942134937739
2538,kexp,1.25,6,0.5,0.05,-32.487765852563015
2539,kexp,1.25,6,0.5,0.01,-31.89555204635307
2540,kexp,1.25,6,0.5,0,-31.870724855976228
2541,kexp,1.25,6,1,0.5,-91.04682069317356
2542,kexp,1.25,6,1,0.1,-67.27378550864434
2543,kexp,1.25,6,1,0.05,-66.27116866492568
2544,kexp,1.25,6,1,0.01,-65.94519301978761
2545,kexp,1.25,6,1,0,-65.93155538875295
2546,kexp,1.25,6,1.5,0.5,-105.27495740643973
2547,kexp,1.25,6,1.5,0.1,-87.62939207889754
2548,kexp,1.25,6,1.5,0.05,-86.9370783207103
2549,kexp,1.25,6,1.5,0.01,-86.71299612432145
2550,kexp,1.25,6,1.5,0,-86.70363215410163
2551,kexp,1.25,8,0.5,0.5,-73.30579667449243
2552,kexp,1.25,8,0.5,0.1,-38.27860485405422
2553,kexp,1.25,8,0.5,0.05,-36.60587542717187
2554,kexp,1.25,8,0.5,0.01,-36.05723547953092
2555,kexp,1.25,8,0.5,0,-36.0342299991895
2556,kexp,1.25,8,1,0.5,-93.81198790346025
2557,kexp,1.25,8,1,0.1,-72.00955475985043
2558,kexp,1.25,8,1,0.05,-71.1186063551503
2559,kexp,1.25,8,1,0.01,-70.82953104608949
2560,kexp,1.25,8,1,0,-70.81744358835657
2561,kexp,1.25,8,1.5,0.5,-108.58034459243805
2562,kexp,1.25,8,1.5,0.1,-92.64134946603689
2563,kexp,1.25,8,1.5,0.05,-92.0345449807081
2564,kexp,1.25,8,1.5,0.01,-91.83850302156645
2565,kexp,1.25,8,1.5,0,-91.83031470583818
2566,kexp,1.25,10,0.5,0.5,-74.55997025249357
2567,kexp,1.25,10,0.5,0.1,-40.75918651470149
2568,kexp,1.25,10,0.5,0.05,-39.16488998378697
2569,kexp,1.25,10,0.5,0.01,-38.642305393761696
2570,kexp,1.25,10,0.5,0,-38.62039584182118
2571,kexp,1.25,10,1,0.5,-95.60731322015411
2572,kexp,1.25,10,1,0.1,-74.92322389180165
2573,kexp,1.25,10,1,0.05,-74.09262609596726
2574,kexp,1.25,10,1,0.01,-73.82344334652792
2575,kexp,1.25,10,1,0,-73.81219104727033
2576,kexp,1.25,10,1.5,0.5,-110.69873573786116
2577,kexp,1.25,10,1.5,0.1,-95.7115360290602
2578,kexp,1.25,10,1.5,0.05,-95.15005106020585
2579,kexp,1.25,10,1.5,0.01,-94.96882371467399
2580,kexp,1.25,10,1.5,0,-94.96125603684725
2581,kexp,1.25,25,0.5,0.5,-77.54436575572545
2582,kexp,1.25,25,0.5,0.1,-45.779227974312775
2583,kexp,1.25,25,0.5,0.05,-44.308994680613466
2584,kexp,1.25,25,0.5,0.01,-43.82785797122071
2585,kexp,1.25,25,0.5,0,-43.807694811358665
2586,kexp,1.25,25,1,0.5,-99.5906696962707
2587,kexp,1.25,25,1,0.1,-80.64730294853663
2588,kexp,1.25,25,1,0.05,-79.90221445631931
2589,kexp,1.25,25,1,0.01,-79.66106723303595
2590,kexp,1.25,25,1,0,-79.65099035917514
2591,kexp,1.25,25,1.5,0.5,-115.24252520323031
2592,kexp,1.25,25,1.5,0.1,-101.683826276557
2593,kexp,1.25,25,1.5,0.05,-101.18483332783009
2594,kexp,1.25,25,1.5,0.01,-101.02393899974994
2595,kexp,1.25,25,1.5,0,-101.01722212954252
2596,kexp,1.25,50,0.5,0.5,-78.12823215946369
2597,kexp,1.25,50,0.5,0.1,-46.4880044525809
2598,kexp,1.25,50,0.5,0.05,-45.02193012182551
2599,kexp,1.25,50,0.5,0.01,-44.542128168708786
2600,kexp,1.25,50,0.5,0,-44.522020667008995
2601,kexp,1.25,50,1,0.5,-100.2051424927637
2602,kexp,1.25,50,1,0.1,-81.34402051805911
2603,kexp,1.25,50,1,0.05,-80.60168248332806
2604,kexp,1.25,50,1,0.01,-80.36141785920317
2605,kexp,1.25,50,1,0,-80.3513777863197
2606,kexp,1.25,50,1.5,0.5,-115.87526634288686
2607,kexp,1.25,50,1.5,0.1,-102.37692022059724
2608,kexp,1.25,50,1.5,0.05,-101.87991174549272
2609,kexp,1.25,50,1.5,0.01,-101.71965375614103
2610,kexp,1.25,50,1.5,0,-101.71296341385184
2611,kexp,1.25,75,0.5,0.5,-78.21095478558544
2612,kexp,1.25,75,0.5,0.1,-46.575838679404754
2613,kexp,1.25,75,0.5,0.05,-45.10952821235496
2614,kexp,1.25,75,0.5,0.01,-44.62964109466665
2615,kexp,1.25,75,0.5,0,-44.609529940141734
2616,kexp,1.25,75,1,0.5,-100.26701711152472
2617,kexp,1.25,75,1,0.1,-81.40685300365455
2618,kexp,1.25,75,1,0.05,-80.66445585403868
2619,kexp,1.25,75,1,0.01,-80.42417066877978
2620,kexp,1.25,75,1,0,-80.41412972159048
2621,kexp,1.25,75,1.5,0.5,-115.92942571790208
2622,kexp,1.25,75,1.5,0.1,-102.43145425485238
2623,kexp,1.25,75,1.5,0.05,-101.93442035721101
2624,kexp,1.25,75,1.5,0.01,-101.77415361664694
2625,kexp,1.25,75,1.5,0,-101.76746290316865
2626,kexp,1.25,100,0.5,0.5,-78.22971906019762
2627,kexp,1.25,100,0.5,0.1,-46.5959530460906
2628,kexp,1.25,100,0.5,0.05,-45.12958279667093
2629,kexp,1.25,100,0.5,0.01,-44.64967402270114
2630,kexp,1.25,100,0.5,0,-44.629561938363274
2631,kexp,1.25,100,1,0.5,-100.2784314761833
2632,kexp,1.25,100,1,0.1,-81.41832970073756
2633,kexp,1.25,100,1,0.05,-80.67591493468991
2634,kexp,1.25,100,1,0.01,-80.4356237522455
2635,kexp,1.25,100,1,0,-80.42558255132343
2636,kexp,1.25,100,1.5,0.5,-115.93807813192456
2637,kexp,1.25,100,1.5,0.1,-102.44005908539964
2638,kexp,1.25,100,1.5,0.05,-101.94301648862289
2639,kexp,1.25,100,1.5,0.01,-101.78274684574184
2640,kexp,1.25,100,1.5,0,-101.77605601007208
2641,kexp,1.25,150,0.5,0.5,-78.23565589046069
2642,kexp,1.25,150,0.5,0.1,-46.602396875261455
2643,kexp,1.25,150,0.5,0.05,-45.13600942528231
2644,kexp,1.25,150,0.5,0.01,-44.65609431152756
2645,kexp,1.25,150,0.5,0,-44.63598195393411
2646,kexp,1.25,150,1,0.5,-100.28174169867357
2647,kexp,1.25,150,1,0.1,-81.42167253225755
2648,kexp,1.25,150,1,0.05,-80.67925286862223
2649,kexp,1.25,150,1,0.01,-80.43896000880467
2650,kexp,1.25,150,1,0,-80.4289187368131
2651,kexp,1.25,150,1.5,0.5,-115.94039857068947
2652,kexp,1.25,150,1.5,0.1,-102.442370465705
2653,kexp,1.25,150,1.5,0.05,-101.94532554204534
2654,kexp,1.25,150,1.5,0.01,-101.7850551206691
2655,kexp,1.25,150,1.5,0,-101.77836425220134
2656,kexp,1.25,200,0.5,0.5,-78.23604531347358
2657,kexp,1.25,200,0.5,0.1,-46.602819545012494
2658,kexp,1.25,200,0.5,0.05,-45.13643087176457
2659,kexp,1.25,200,0.5,0.01,-44.65651530864573
2660,kexp,1.25,200,0.5,0,-44.63640293169741
2661,kexp,1.25,200,1,0.5,-100.28195162547145
2662,kexp,1.25,200,1,0.1,-81.42188435111925
2663,kexp,1.25,200,1,0.05,-80.67946435178511
2664,kexp,1.25,200,1,0.01,-80.4391713771175
2665,kexp,1.25,200,1,0,-80.42913010026098
2666,kexp,1.25,200,1.5,0.5,-115.94054095264933
2667,kexp,1.25,200,1.5,0.1,-102.44251216571277
2668,kexp,1.25,200,1.5,0.05,-101.94546708780965
2669,kexp,1.25,200,1.5,0.01,-101.78519661485143
2670,kexp,1.25,200,1.5,0,-101.77850574421075
2671,kexp,1.25,250,0.5,0.5,-78.23607066501125
2672,kexp,1.25,250,0.5,0.1,-46.602846768418594
2673,kexp,1.25,250,0.5,0.05,-45.13645799524115
2674,kexp,1.25,250,0.5,0.01,-44.65654239606448
2675,kexp,1.25,250,0.5,0,-44.63643001756923
2676,kexp,1.25,250,1,0.5,-100.28196519241213
2677,kexp,1.25,250,1,0.1,-81.42189793679674
2678,kexp,1.25,250,1,0.05,-80.6794779104785
2679,kexp,1.25,250,1,0.01,-80.43918492665394
2680,kexp,1.25,250,1,0,-80.42914364941026
2681,kexp,1.25,250,1.5,0.5,-115.94055010327241
2682,kexp,1.25,250,1.5,0.1,-102.4425212191866
2683,kexp,1.25,250,1.5,0.05,-101.9454761289825
2684,kexp,1.25,250,1.5,0.01,-101.78520565193206
2685,kexp,1.25,250,1.5,0,-101.77851478111921
2686,kexp,1.25,500,0.5,0.5,-78.23607241188253
2687,kexp,1.25,500,0.5,0.1,-46.602848608360304
2688,kexp,1.25,500,0.5,0.05,-45.13645982588584
2689,kexp,1.25,500,0.5,0.01,-44.65654422341799
2690,kexp,1.25,500,0.5,0,-44.63643184478215
2691,kexp,1.25,500,1,0.5,-100.28196612081442
2692,kexp,1.25,500,1,0.1,-81.42189885379543
2693,kexp,1.25,500,1,0.05,-80.67947882499875
2694,kexp,1.25,500,1,0.01,-80.43918584034064
2695,kexp,1.25,500,1,0,-80.42914456306181
2696,kexp,1.25,500,1.5,0.5,-115.94055072707734
2697,kexp,1.25,500,1.5,0.1,-102.44252182983038
2698,kexp,1.25,500,1.5,0.05,-101.94547673850131
2699,kexp,1.25,500,1.5,0.01,-101.78520626107877
2700,kexp,1.25,500,1.5,0,-101.77851539025029
2701,kexp,1.5,0.2,0.5,0.5,-52.34389634543287
2702,kexp,1.5,0.2,0.5,0.1,-9.766263891741604
2703,kexp,1.5,0.2,0.5,0.05,-53.92454857759848
2704,kexp,1.5,0.2,0.5,0.01,-129.17919370054253
2705,kexp,1.5,0.2,0.5,0,-135.63143343572025
2706,kexp,1.5,0.2,1,0.5,-54.12104254407018
2707,kexp,1.5,0.2,1,0.1,-0.9290690076563908
2708,kexp,1.5,0.2,1,0.05,-18.209282329684953
2709,kexp,1.5,0.2,1,0.01,-39.80518954636569
2710,kexp,1.5,0.2,1,0,-41.242168095548536
2711,kexp,1.5,0.2,1.5,0.5,-56.529781898527155
2712,kexp,1.5,0.2,1.5,0.1,-1.5261726295140663
2713,kexp,1.5,0.2,1.5,0.05,-9.557726915024686
2714,kexp,1.5,0.2,1.5,0.01,-18.647277169092305
2715,kexp,1.5,0.2,1.5,0,-19.197546228186532
2716,kexp,1.5,0.5,0.5,0.5,-52.60142883365972
2717,kexp,1.5,0.5,0.5,0.1,3.5983424986129613
2718,kexp,1.5,0.5,0.5,0.05,-7.926097790710506
2719,kexp,1.5,0.5,0.5,0.01,-21.510407143640354
2720,kexp,1.5,0.5,0.5,0,-22.365174955110547
2721,kexp,1.5,0.5,1,0.5,-58.809606424417446
2722,kexp,1.5,0.5,1,0.1,-4.462282143150041
2723,kexp,1.5,0.5,1,0.05,-5.903507530399962
2724,kexp,1.5,0.5,1,0.01,-8.169690989114041
2725,kexp,1.5,0.5,1,0,-8.301328457516401
2726,kexp,1.5,0.5,1.5,0.5,-64.22388609515623
2727,kexp,1.5,0.5,1.5,0.1,-13.648667572007296
2728,kexp,1.5,0.5,1.5,0.05,-12.739260779431822
2729,kexp,1.5,0.5,1.5,0.01,-13.01048666695819
2730,kexp,1.5,0.5,1.5,0,-13.03184621140402
2731,kexp,1.5,1,0.5,0.5,-55.62839858640779
2732,kexp,1.5,1,0.5,0.1,0.5447543696492505
2733,kexp,1.5,1,0.5,0.05,-0.7456791014906146
2734,kexp,1.5,1,0.5,0.01,-2.959025246105624
2735,kexp,1.5,1,0.5,0,-3.0883997452966816
2736,kexp,1.5,1,1,0.5,-65.50940406983197
2737,kexp,1.5,1,1,0.1,-17.523987610771922
2738,kexp,1.5,1,1,0.05,-15.839907917144881
2739,kexp,1.5,1,1,0.01,-15.519153594506706
2740,kexp,1.5,1,1,0,-15.509441170558445
2741,kexp,1.5,1,1.5,0.5,-73.37991156820142
2742,kexp,1.5,1,1.5,0.1,-31.571916491396077
2743,kexp,1.5,1,1.5,0.05,-29.66188413201127
2744,kexp,1.5,1,1.5,0.01,-29.091348932573556
2745,kexp,1.5,1,1.5,0,-29.068254899740122
2746,kexp,1.5,1.5,0.5,0.5,-58.15003066197794
2747,kexp,1.5,1.5,0.5,0.1,-4.395680208278938
2748,kexp,1.5,1.5,0.5,0.05,-3.256475673189919
2749,kexp,1.5,1.5,0.5,0.01,-3.448448021786352
2750,kexp,1.5,1.5,0.5,0,-3.4664330933655996
2751,kexp,1.5,1.5,1,0.5,-70.1937667017839
2752,kexp,1.5,1.5,1,0.1,-27.30363054328678
2753,kexp,1.5,1.5,1,0.05,-25.3358491049387
2754,kexp,1.5,1.5,1,0.01,-24.746140631289926
2755,kexp,1.5,1.5,1,0,-24.722239738362106
2756,kexp,1.5,1.5,1.5,0.5,-79.53831791080759
2757,kexp,1.5,1.5,1.5,0.1,-43.543403646363984
2758,kexp,1.5,1.5,1.5,0.05,-41.80777647655179
2759,kexp,1.5,1.5,1.5,0.01,-41.2492442705381
2760,kexp,1.5,1.5,1.5,0,-41.225975207642236
2761,kexp,1.5,2,0.5,0.5,-60.120534068557234
2762,kexp,1.5,2,0.5,0.1,-8.801053036128836
2763,kexp,1.5,2,0.5,0.05,-6.8798458118661845
2764,kexp,1.5,2,0.5,0.01,-6.478020982823616
2765,kexp,1.5,2,0.5,0,-6.464868577829523
2766,kexp,1.5,2,1,0.5,-73.69328415720551
2767,kexp,1.5,2,1,0.1,-34.600393059276826
2768,kexp,1.5,2,1,0.05,-32.71721597616122
2769,kexp,1.5,2,1,0.01,-32.117147864994976
2770,kexp,1.5,2,1,0,-32.092237356564766
2771,kexp,1.5,2,1.5,0.5,-84.06021321646729
2772,kexp,1.5,2,1.5,0.1,-52.0864166237075
2773,kexp,1.5,2,1.5,0.05,-50.568388352539785
2774,kexp,1.5,2,1.5,0.01,-50.07385223820235
2775,kexp,1.5,2,1.5,0,-50.0531602038232
2776,kexp,1.5,2.5,0.5,0.5,-61.71825375685273
2777,kexp,1.5,2.5,0.5,0.1,-12.53422381724035
2778,kexp,1.5,2.5,0.5,0.05,-10.344805387118525
2779,kexp,1.5,2.5,0.5,0.01,-9.732328081249426
2780,kexp,1.5,2.5,0.5,0,-9.708276109516316
2781,kexp,1.5,2.5,1,0.5,-76.4420466177083
2782,kexp,1.5,2.5,1,0.1,-40.24422685262965
2783,kexp,1.5,2.5,1,0.05,-38.4983453783595
2784,kexp,1.5,2.5,1,0.01,-37.93248410321561
2785,kexp,1.5,2.5,1,0,-37.90885074046803
2786,kexp,1.5,2.5,1.5,0.5,-87.56495476166914
2787,kexp,1.5,2.5,1.5,0.1,-58.525607040438985
2788,kexp,1.5,2.5,1.5,0.05,-57.18383991801084
2789,kexp,1.5,2.5,1.5,0.01,-56.74584934778167
2790,kexp,1.5,2.5,1.5,0,-56.72750887182871
2791,kexp,1.5,3,0.5,0.5,-63.04858407572531
2792,kexp,1.5,3,0.5,0.1,-15.68802738580539
2793,kexp,1.5,3,0.5,0.05,-13.422578285983967
2794,kexp,1.5,3,0.5,0.01,-12.732581890380535
2795,kexp,1.5,3,0.5,0,-12.704445148715418
2796,kexp,1.5,3,1,0.5,-78.67132727203797
2797,kexp,1.5,3,1,0.1,-44.74521349823456
2798,kexp,1.5,3,1,0.05,-43.12965904139882
2799,kexp,1.5,3,1,0.01,-42.60311064883288
2800,kexp,1.5,3,1,0,-42.581076020050034
2801,kexp,1.5,3,1.5,0.5,-90.37852860368845
2802,kexp,1.5,3,1.5,0.1,-63.57316259063773
2803,kexp,1.5,3,1.5,0.05,-62.36806118603773
2804,kexp,1.5,3,1.5,0.01,-61.974882758383416
2805,kexp,1.5,3,1.5,0,-61.958419564887905
2806,kexp,1.5,3.5,0.5,0.5,-64.176544143988
2807,kexp,1.5,3.5,0.5,0.1,-18.3700464624213
2808,kexp,1.5,3.5,0.5,0.05,-16.106555124616456
2809,kexp,1.5,3.5,0.5,0.01,-15.39206053287469
2810,kexp,1.5,3.5,0.5,0,-15.362513528456809
2811,kexp,1.5,3.5,1,0.5,-80.521463088216
2812,kexp,1.5,3.5,1,0.1,-48.42181586392057
2813,kexp,1.5,3.5,1,0.05,-46.918508632321696
2814,kexp,1.5,3.5,1,0.01,-46.4277094826435
2815,kexp,1.5,3.5,1,0,-46.40715770076391
2816,kexp,1.5,3.5,1.5,0.5,-92.69531399407596
2817,kexp,1.5,3.5,1.5,0.1,-67.64546455420538
2818,kexp,1.5,3.5,1.5,0.05,-66.5468507905196
2819,kexp,1.5,3.5,1.5,0.01,-66.18882624253021
2820,kexp,1.5,3.5,1.5,0,-66.17383901260237
2821,kexp,1.5,4,0.5,0.5,-65.14645253145446
2822,kexp,1.5,4,0.5,0.1,-20.66891797809357
2823,kexp,1.5,4,0.5,0.05,-18.438971360857785
2824,kexp,1.5,4,0.5,0.01,-17.72247614791114
2825,kexp,1.5,4,0.5,0,-17.692652724274403
2826,kexp,1.5,4,1,0.5,-82.08465620327802
2827,kexp,1.5,4,1,0.1,-51.48096376739348
2828,kexp,1.5,4,1,0.05,-50.07176518037274
2829,kexp,1.5,4,1,0.01,-49.611588369100204
2830,kexp,1.5,4,1,0,-49.59231606600183
2831,kexp,1.5,4,1.5,0.5,-94.64031184918859
2832,kexp,1.5,4,1.5,0.1,-71.00253142943173
2833,kexp,1.5,4,1.5,0.05,-69.98802940888658
2834,kexp,1.5,4,1.5,0.01,-69.65782230526688
2835,kexp,1.5,4,1.5,0,-69.6440037676534
2836,kexp,1.5,6,0.5,0.5,-67.97369819217651
2837,kexp,1.5,6,0.5,0.1,-27.199679345975643
2838,kexp,1.5,6,0.5,0.05,-25.14701930421045
2839,kexp,1.5,6,0.5,0.01,-24.473567580744106
2840,kexp,1.5,6,0.5,0,-24.445332393254482
2841,kexp,1.5,6,1,0.5,-86.50006364829909
2842,kexp,1.5,6,1,0.1,-59.81322358858729
2843,kexp,1.5,6,1,0.05,-58.648235371168816
2844,kexp,1.5,6,1,0.01,-58.26863312199472
2845,kexp,1.5,6,1,0,-58.2527429532705
2846,kexp,1.5,6,1.5,0.5,-100.06824522037627
2847,kexp,1.5,6,1.5,0.1,-80.02462950679602
2848,kexp,1.5,6,1.5,0.05,-79.21414798208606
2849,kexp,1.5,6,1.5,0.01,-78.95133410425672
2850,kexp,1.5,6,1.5,0,-78.94034639436313
2851,kexp,1.5,8,0.5,0.5,-69.78895055944233
2852,kexp,1.5,8,0.5,0.1,-31.104674410889515
2853,kexp,1.5,8,0.5,0.05,-29.176710930769197
2854,kexp,1.5,8,0.5,0.01,-28.54230681953726
2855,kexp,1.5,8,0.5,0,-28.515682776621244
2856,kexp,1.5,8,1,0.5,-89.21756335616296
2857,kexp,1.5,8,1,0.1,-64.62076062032196
2858,kexp,1.5,8,1,0.05,-63.57980717016662
2859,kexp,1.5,8,1,0.01,-63.24128530915603
2860,kexp,1.5,8,1,0,-63.227121872743986
2861,kexp,1.5,8,1.5,0.5,-103.35017294225783
2862,kexp,1.5,8,1.5,0.1,-85.16845552005232
2863,kexp,1.5,8,1.5,0.05,-84.45619741128897
2864,kexp,1.5,8,1.5,0.01,-84.2256997794191
2865,kexp,1.5,8,1.5,0,-84.21606815920964
2866,kexp,1.5,10,0.5,0.5,-71.03166640624784
2867,kexp,1.5,10,0.5,0.1,-33.576730887694104
2868,kexp,1.5,10,0.5,0.05,-31.726231764603313
2869,kexp,1.5,10,0.5,0.01,-31.117305416122964
2870,kexp,1.5,10,0.5,0,-31.091749781129046
2871,kexp,1.5,10,1,0.5,-91.0182753312201
2872,kexp,1.5,10,1,0.1,-67.62153553128506
2873,kexp,1.5,10,1,0.05,-66.64876669653181
2874,kexp,1.5,10,1,0.01,-66.33280305258424
2875,kexp,1.5,10,1,0,-66.31958759840519
2876,kexp,1.5,10,1.5,0.5,-105.49320746085608
2877,kexp,1.5,10,1.5,0.1,-88.36241500711088
2878,kexp,1.5,10,1.5,0.05,-87.70280460209959
2879,kexp,1.5,10,1.5,0.01,-87.48957439679572
2880,kexp,1.5,10,1.5,0,-87.48066679192382
2881,kexp,1.5,25,0.5,0.5,-74.17965525603336
2882,kexp,1.5,25,0.5,0.1,-38.82514457952015
2883,kexp,1.5,25,0.5,0.05,-37.107840786757556
2884,kexp,1.5,25,0.5,0.01,-36.543646591746224
2885,kexp,1.5,25,0.5,0,-36.51997842459623
2886,kexp,1.5,25,1,0.5,-95.2554742276672
2887,kexp,1.5,25,1,0.1,-73.77291726026691
2888,kexp,1.5,25,1,0.05,-72.89918093765752
2889,kexp,1.5,25,1,0.01,-72.61581748318086
2890,kexp,1.5,25,1,0,-72.603970267481
2891,kexp,1.5,25,1.5,0.5,-110.35363043173903
2892,kexp,1.5,25,1.5,0.1,-94.83347414227181
2893,kexp,1.5,25,1.5,0.05,-94.24752836960846
2894,kexp,1.5,25,1.5,0.01,-94.05833520060527
2895,kexp,1.5,25,1.5,0,-94.0504341362044
2896,kexp,1.5,50,0.5,0.5,-74.87833678635432
2897,kexp,1.5,50,0.5,0.1,-39.64755623931075
2898,kexp,1.5,50,0.5,0.05,-37.93423573100658
2899,kexp,1.5,50,0.5,0.01,-37.37132081431445
2900,kexp,1.5,50,0.5,0,-37.34770600572907
2901,kexp,1.5,50,1,0.5,-96.01297980993988
2902,kexp,1.5,50,1,0.1,-74.61546434718949
2903,kexp,1.5,50,1,0.05,-73.74448016019035
2904,kexp,1.5,50,1,0.01,-73.46199866992077
2905,kexp,1.5,50,1,0,-73.45018821656744
2906,kexp,1.5,50,1.5,0.5,-111.14071924634199
2907,kexp,1.5,50,1.5,0.1,-95.68318306461916
2908,kexp,1.5,50,1.5,0.05,-95.09924119900141
2909,kexp,1.5,50,1.5,0.01,-94.91068985676829
2910,kexp,1.5,50,1.5,0,-94.90281554127539
2911,kexp,1.5,75,0.5,0.5,-74.98744777604064
2912,kexp,1.5,75,0.5,0.1,-39.75432787215202
2913,kexp,1.5,75,0.5,0.05,-38.040298915559504
2914,kexp,1.5,75,0.5,0.01,-37.47714251353987
2915,kexp,1.5,75,0.5,0,-37.45351748255975
2916,kexp,1.5,75,1,0.5,-96.10062972910912
2917,kexp,1.5,75,1,0.1,-74.70052604780768
2918,kexp,1.5,75,1,0.05,-73.82930375277589
2919,kexp,1.5,75,1,0.01,-73.54674322192021
2920,kexp,1.5,75,1,0,-73.53492944477496
2921,kexp,1.5,75,1.5,0.5,-111.2206140088863
2922,kexp,1.5,75,1.5,0.1,-95.76107798505785
2923,kexp,1.5,75,1.5,0.05,-95.17700418458296
2924,kexp,1.5,75,1.5,0.01,-94.98840948731099
2925,kexp,1.5,75,1.5,0,-94.98053335327523
2926,kexp,1.5,100,0.5,0.5,-75.01511319946565
2927,kexp,1.5,100,0.5,0.1,-39.78106656263478
2928,kexp,1.5,100,0.5,0.05,-38.06681656201125
2929,kexp,1.5,100,0.5,0.01,-37.50358493306119
2930,kexp,1.5,100,0.5,0,-37.4799567188239
2931,kexp,1.5,100,1,0.5,-96.11835264949316
2932,kexp,1.5,100,1,0.1,-74.7172880981483
2933,kexp,1.5,100,1,0.05,-73.84599732497695
2934,kexp,1.5,100,1,0.01,-73.5634141932032
2935,kexp,1.5,100,1,0,-73.55159946700005
2936,kexp,1.5,100,1.5,0.5,-111.23474634290248
2937,kexp,1.5,100,1.5,0.1,-95.77453958765662
2938,kexp,1.5,100,1.5,0.05,-95.19042998736924
2939,kexp,1.5,100,1.5,0.01,-95.00182359470989
2940,kexp,1.5,100,1.5,0,-94.99394697082063
2941,kexp,1.5,150,0.5,0.5,-75.0258106541705
2942,kexp,1.5,150,0.5,0.1,-39.79155430691125
2943,kexp,1.5,150,0.5,0.05,-38.077219421828275
2944,kexp,1.5,150,0.5,0.01,-37.51395875399121
2945,kexp,1.5,150,0.5,0,-37.490329309387946
2946,kexp,1.5,150,1,0.5,-96.12435131477264
2947,kexp,1.5,150,1,0.1,-74.7229714534759
2948,kexp,1.5,150,1,0.05,-73.85165678502189
2949,kexp,1.5,150,1,0.01,-73.56906575166602
2950,kexp,1.5,150,1,0,-73.55725069350092
2951,kexp,1.5,150,1.5,0.5,-111.23905081504462
2952,kexp,1.5,150,1.5,0.1,-95.77863252281783
2953,kexp,1.5,150,1.5,0.05,-95.19451136376271
2954,kexp,1.5,150,1.5,0.01,-95.00590119153117
2955,kexp,1.5,150,1.5,0,-94.99802440930044
2956,kexp,1.5,200,0.5,0.5,-75.02683488693788
2957,kexp,1.5,200,0.5,0.1,-39.792562436376265
2958,kexp,1.5,200,0.5,0.05,-38.078219159983206
2959,kexp,1.5,200,0.5,0.01,-37.514955613193834
2960,kexp,1.5,200,0.5,0,-37.49132604652079
2961,kexp,1.5,200,1,0.5,-96.12488789233548
2962,kexp,1.5,200,1,0.1,-74.72348003956019
2963,kexp,1.5,200,1,0.05,-73.85216314875017
2964,kexp,1.5,200,1,0.01,-73.56957137923013
2965,kexp,1.5,200,1,0,-73.55775629012352
2966,kexp,1.5,200,1.5,0.5,-111.23941205676087
2967,kexp,1.5,200,1.5,0.1,-95.77897576814267
2968,kexp,1.5,200,1.5,0.05,-95.19485359338297
2969,kexp,1.5,200,1.5,0.01,-95.00624308858745
2970,kexp,1.5,200,1.5,0,-94.99836629241963
2971,kexp,1.5,250,0.5,0.5,-75.0269338095567
2972,kexp,1.5,250,0.5,0.1,-39.792658621630814
2973,kexp,1.5,250,0.5,0.05,-38.07831444231707
2974,kexp,1.5,250,0.5,0.01,-37.51505058609241
2975,kexp,1.5,250,0.5,0,-37.49142100630203
2976,kexp,1.5,250,1,0.5,-96.12493891087401
2977,kexp,1.5,250,1,0.1,-74.72352795286642
2978,kexp,1.5,250,1,0.05,-73.85221082584366
2979,kexp,1.5,250,1,0.01,-73.56961897810658
2980,kexp,1.5,250,1,0,-73.55780388571273
2981,kexp,1.5,250,1.5,0.5,-111.23944593160378
2982,kexp,1.5,250,1.5,0.1,-95.77900771879865
2983,kexp,1.5,250,1.5,0.05,-95.19488543731157
2984,kexp,1.5,250,1.5,0.01,-95.00627489757683
2985,kexp,1.5,250,1.5,0,-94.99839809994482
2986,kexp,1.5,500,0.5,0.5,-75.02694428458842
2987,kexp,1.5,500,0.5,0.1,-39.792668538345964
2988,kexp,1.5,500,0.5,0.05,-38.07832424441128
2989,kexp,1.5,500,0.5,0.01,-37.515060349009616
2990,kexp,1.5,500,0.5,0,-37.49143076755947
2991,kexp,1.5,500,1,0.5,-96.12494425760566
2992,kexp,1.5,500,1,0.1,-74.72353287558043
2993,kexp,1.5,500,1,0.05,-73.85221571867812
2994,kexp,1.5,500,1,0.01,-73.56962386105904
2995,kexp,1.5,500,1,0,-73.55780876825
2996,kexp,1.5,500,1.5,0.5,-111.23944945823912
2997,kexp,1.5,500,1.5,0.1,-95.7790109931553
2998,kexp,1.5,500,1.5,0.05,-95.19488869819928
2999,kexp,1.5,500,1.5,0.01,-95.00627815405865
3000,kexp,1.5,500,1.5,0,-94.99840135624204
3001,kexp,1.75,0.2,0.5,0.5,-52.019038295008144
3002,kexp,1.75,0.2,0.5,0.1,-12.179315842554026
3003,kexp,1.75,0.2,0.5,0.05,-64.29364406239732
3004,kexp,1.75,0.2,0.5,0.01,-160.66339116372262
3005,kexp,1.75,0.2,0.5,0,-169.54309417892492
3006,kexp,1.75,0.2,1,0.5,-53.292470996964
3007,kexp,1.75,0.2,1,0.1,-1.0780221117886977
3008,kexp,1.75,0.2,1,0.05,-22.960591022438464
3009,kexp,1.75,0.2,1,0.01,-52.04982340699059
3010,kexp,1.75,0.2,1,0,-54.07838251612316
3011,kexp,1.75,0.2,1.5,0.5,-55.31757932369202
3012,kexp,1.75,0.2,1.5,0.1,-0.3624007132614732
3013,kexp,1.75,0.2,1.5,0.05,-11.389986322068946
3014,kexp,1.75,0.2,1.5,0.01,-24.207974555340034
3015,kexp,1.75,0.2,1.5,0,-25.00861187151784
3016,kexp,1.75,0.5,0.5,0.5,-51.43346693801712
3017,kexp,1.75,0.5,0.5,0.1,4.779747464932923
3018,kexp,1.75,0.5,0.5,0.05,-10.341816090865041
3019,kexp,1.75,0.5,0.5,0.01,-29.045966072279878
3020,kexp,1.75,0.5,0.5,0,-30.269454304432166
3021,kexp,1.75,0.5,1,0.5,-56.993895712494606
3022,kexp,1.75,0.5,1,0.1,-1.458708265554323
3023,kexp,1.75,0.5,1,0.05,-4.344101765404609
3024,kexp,1.75,0.5,1,0.01,-7.977491904162868
3025,kexp,1.75,0.5,1,0,-8.188597350595805
3026,kexp,1.75,0.5,1.5,0.5,-61.95682145594076
3027,kexp,1.75,0.5,1.5,0.1,-9.628752864706852
3028,kexp,1.75,0.5,1.5,0.05,-9.38279309020286
3029,kexp,1.75,0.5,1.5,0.01,-10.196142314726123
3030,kexp,1.75,0.5,1.5,0,-10.24677828525364
3031,kexp,1.75,1,0.5,0.5,-53.86717150393847
3032,kexp,1.75,1,0.5,0.1,3.804727819608557
3033,kexp,1.75,1,0.5,0.05,1.118352485351687
3034,kexp,1.75,1,0.5,0.01,-2.4438572014798607
3035,kexp,1.75,1,0.5,0,-2.6518902151635646
3036,kexp,1.75,1,1,0.5,-62.98695480910993
3037,kexp,1.75,1,1,0.1,-12.774073127421174
3038,kexp,1.75,1,1,0.05,-11.38187151701591
3039,kexp,1.75,1,1,0.01,-11.303540686349628
3040,kexp,1.75,1,1,0,-11.306624352904972
3041,kexp,1.75,1,1.5,0.5,-70.32375955402293
3042,kexp,1.75,1,1.5,0.1,-26.055587715601813
3043,kexp,1.75,1,1.5,0.05,-24.15539424889191
3044,kexp,1.75,1,1.5,0.01,-23.630511966874394
3045,kexp,1.75,1,1.5,0,-23.610002319460158
3046,kexp,1.75,1.5,0.5,0.5,-56.083924080406305
3047,kexp,1.75,1.5,0.5,0.1,-0.15546531597536117
3048,kexp,1.75,1.5,0.5,0.05,0.37685307777800814
3049,kexp,1.75,1.5,0.5,0.01,-0.3361084903924476
3050,kexp,1.75,1.5,0.5,0,-0.38244585568650724
3051,kexp,1.75,1.5,1,0.5,-67.27636596639152
3052,kexp,1.75,1.5,1,0.1,-21.80368583975278
3053,kexp,1.75,1.5,1,0.05,-19.834588913625428
3054,kexp,1.75,1.5,1,0.01,-19.2866346603278
3055,kexp,1.75,1.5,1,0,-19.265151609410744
3056,kexp,1.75,1.5,1.5,0.5,-76.04454812523699
3057,kexp,1.75,1.5,1.5,0.1,-37.43839098039368
3058,kexp,1.75,1.5,1.5,0.05,-35.58833527629492
3059,kexp,1.75,1.5,1.5,0.01,-35.00213847166283
3060,kexp,1.75,1.5,1.5,0,-34.9778534482141
3061,kexp,1.75,2,0.5,0.5,-57.85157378089299
3062,kexp,1.75,2,0.5,0.1,-3.9911021951067593
3063,kexp,1.75,2,0.5,0.05,-2.3155475462241863
3064,kexp,1.75,2,0.5,0.01,-2.1389858124576104
3065,kexp,1.75,2,0.5,0,-2.1378830635536032
3066,kexp,1.75,2,1,0.5,-70.51874212432298
3067,kexp,1.75,2,1,0.1,-28.704885821012372
3068,kexp,1.75,2,1,0.05,-26.718770925552572
3069,kexp,1.75,2,1,0.01,-26.10028490319082
3070,kexp,1.75,2,1,0,-26.07483061841642
3071,kexp,1.75,2,1.5,0.5,-80.28888305510853
3072,kexp,1.75,2,1.5,0.1,-45.6959759728507
3073,kexp,1.75,2,1.5,0.05,-44.03387761093865
3074,kexp,1.75,2,1.5,0.01,-43.494800249667065
3075,kexp,1.75,2,1.5,0,-43.47227972435452
3076,kexp,1.75,2.5,0.5,0.5,-59.303127107373776
3077,kexp,1.75,2.5,0.5,0.1,-7.35464873172603
3078,kexp,1.75,2.5,0.5,0.05,-5.221998921009003
3079,kexp,1.75,2.5,0.5,0.01,-4.7018661004416025
3080,kexp,1.75,2.5,0.5,0,-4.682919865005837
3081,kexp,1.75,2.5,1,0.5,-73.08916837011559
3082,kexp,1.75,2.5,1,0.1,-34.11714666368445
3083,kexp,1.75,2.5,1,0.05,-32.22834017269024
3084,kexp,1.75,2.5,1,0.01,-31.621802977039298
3085,kexp,1.75,2.5,1,0,-31.596554177102238
3086,kexp,1.75,2.5,1.5,0.5,-83.60487536692943
3087,kexp,1.75,2.5,1.5,0.1,-51.98310266133281
3088,kexp,1.75,2.5,1.5,0.05,-50.492669051466436
3089,kexp,1.75,2.5,1.5,0.01,-50.00657913641578
3090,kexp,1.75,2.5,1.5,0,-49.98623220215912
3091,kexp,1.75,3,0.5,0.5,-60.523826315098624
3092,kexp,1.75,3,0.5,0.1,-10.251169688847153
3093,kexp,1.75,3,0.5,0.05,-7.935043036742147
3094,kexp,1.75,3,0.5,0.01,-7.269022174146503
3095,kexp,1.75,3,0.5,0,-7.242538369308906
3096,kexp,1.75,3,1,0.5,-75.1884833903298
3097,kexp,1.75,3,1,0.1,-38.47358820346505
3098,kexp,1.75,3,1,0.05,-36.699130986329415
3099,kexp,1.75,3,1,0.01,-36.12300999934592
3100,kexp,1.75,3,1,0,-36.09893404604049
3101,kexp,1.75,3,1.5,0.5,-86.28307074767018
3102,kexp,1.75,3,1.5,0.1,-56.94623278636666
3103,kexp,1.75,3,1.5,0.05,-55.59557123454922
3104,kexp,1.75,3,1.5,0.01,-55.154662407497774
3105,kexp,1.75,3,1.5,0,-55.13619919266465
3106,kexp,1.75,3.5,0.5,0.5,-61.56682529815863
3107,kexp,1.75,3.5,0.5,0.1,-12.745529160231815
3108,kexp,1.75,3.5,0.5,0.05,-10.366483260716551
3109,kexp,1.75,3.5,0.5,0.01,-9.63749537143336
3110,kexp,1.75,3.5,0.5,0,-9.607702748640436
3111,kexp,1.75,3.5,1,0.5,-76.94002325564387
3112,kexp,1.75,3.5,1,0.1,-42.05635825427324
3113,kexp,1.75,3.5,1,0.05,-40.38857256978571
3114,kexp,1.75,3.5,1,0.01,-39.84475784651127
3115,kexp,1.75,3.5,1,0,-39.82199768389943
3116,kexp,1.75,3.5,1.5,0.5,-88.49879773535812
3117,kexp,1.75,3.5,1.5,0.1,-60.971780524292164
3118,kexp,1.75,3.5,1.5,0.05,-59.73300149966583
3119,kexp,1.75,3.5,1.5,0.01,-59.32882001996942
3120,kexp,1.75,3.5,1.5,0,-59.311895916712565
3121,kexp,1.75,4,0.5,0.5,-62.46906390710251
3122,kexp,1.75,4,0.5,0.1,-14.902970296614583
3123,kexp,1.75,4,0.5,0.05,-12.516408333274086
3124,kexp,1.75,4,0.5,0.01,-11.762301017739407
3125,kexp,1.75,4,0.5,0,-11.731109753274799
3126,kexp,1.75,4,1,0.5,-78.42614562230885
3127,kexp,1.75,4,1,0.1,-45.053237744040906
3128,kexp,1.75,4,1,0.05,-43.4787209093203
3129,kexp,1.75,4,1,0.01,-42.96449549015255
3130,kexp,1.75,4,1,0,-42.94296100042514
3131,kexp,1.75,4,1.5,0.5,-90.36621614613445
3132,kexp,1.75,4,1.5,0.1,-64.30445154793696
3133,kexp,1.75,4,1.5,0.05,-63.155561742465125
3134,kexp,1.75,4,1.5,0.01,-62.781056161593796
3135,kexp,1.75,4,1.5,0,-62.765378003877345
3136,kexp,1.75,6,0.5,0.5,-65.12685321812104
3137,kexp,1.75,6,0.5,0.1,-21.11428371404183
3138,kexp,1.75,6,0.5,0.05,-18.836832981707246
3139,kexp,1.75,6,0.5,0.01,-18.090103416317902
3140,kexp,1.75,6,0.5,0,-18.05880769932193
3141,kexp,1.75,6,1,0.5,-82.6572905868426
3142,kexp,1.75,6,1,0.1,-53.28685252198004
3143,kexp,1.75,6,1,0.05,-51.96519003027127
3144,kexp,1.75,6,1,0.01,-51.533717316461136
3145,kexp,1.75,6,1,0,-51.51564709961
3146,kexp,1.75,6,1.5,0.5,-95.61768319093737
3147,kexp,1.75,6,1.5,0.1,-73.32623391268864
3148,kexp,1.75,6,1.5,0.05,-72.39988175744011
3149,kexp,1.75,6,1.5,0.01,-72.09897916802915
3150,kexp,1.75,6,1.5,0,-72.08639348745712
3151,kexp,1.75,8,0.5,0.5,-66.86240958062386
3152,kexp,1.75,8,0.5,0.1,-24.880736516005662
3153,kexp,1.75,8,0.5,0.05,-22.708239383414355
3154,kexp,1.75,8,0.5,0.01,-21.99136605108196
3155,kexp,1.75,8,0.5,0,-21.961259462182344
3156,kexp,1.75,8,1,0.5,-85.29638875722841
3157,kexp,1.75,8,1,0.1,-58.08918916509757
3158,kexp,1.75,8,1,0.05,-56.900226858422656
3159,kexp,1.75,8,1,0.01,-56.512722545615155
3160,kexp,1.75,8,1,0,-56.496500498155186
3161,kexp,1.75,8,1.5,0.5,-98.83332332938195
3162,kexp,1.75,8,1.5,0.1,-78.51999313626946
3163,kexp,1.75,8,1.5,0.05,-77.70270762867057
3164,kexp,1.75,8,1.5,0.01,-77.43778871774096
3165,kexp,1.75,8,1.5,0,-77.42671409790276
3166,kexp,1.75,10,0.5,0.5,-68.0726017222805
3167,kexp,1.75,10,0.5,0.1,-27.2908026806837
3168,kexp,1.75,10,0.5,0.05,-25.18910295570023
3169,kexp,1.75,10,0.5,0.01,-24.494912106954153
3170,kexp,1.75,10,0.5,0,-24.46574902600425
3171,kexp,1.75,10,1,0.5,-87.07028690938074
3172,kexp,1.75,10,1,0.1,-61.11509787974364
3173,kexp,1.75,10,1,0.05,-60.00029574927753
3174,kexp,1.75,10,1,0.01,-59.63739810144363
3175,kexp,1.75,10,1,0,-59.62221089703801
3176,kexp,1.75,10,1.5,0.5,-100.9606241501672
3177,kexp,1.75,10,1.5,0.1,-81.773493339546
3178,kexp,1.75,10,1.5,0.05,-81.0152512120451
3179,kexp,1.75,10,1.5,0.01,-80.76975758125037
3180,kexp,1.75,10,1.5,0,-80.75949810847509
3181,kexp,1.75,25,0.5,0.5,-71.29439994899265
3182,kexp,1.75,25,0.5,0.1,-32.60312141488383
3183,kexp,1.75,25,0.5,0.05,-30.63688724483117
3184,kexp,1.75,25,0.5,0.01,-29.988361207029154
3185,kexp,1.75,25,0.5,0,-29.96112698099453
3186,kexp,1.75,25,1,0.5,-91.43177860170152
3187,kexp,1.75,25,1,0.1,-67.51014804338982
3188,kexp,1.75,25,1,0.05,-66.50570057581614
3189,kexp,1.75,25,1,0.01,-66.1792754255801
3190,kexp,1.75,25,1,0,-66.16562058262328
3191,kexp,1.75,25,1.5,0.5,-105.9873666533664
3192,kexp,1.75,25,1.5,0.1,-88.55400706658138
3193,kexp,1.75,25,1.5,0.05,-87.87946576183276
3194,kexp,1.75,25,1.5,0.01,-87.66136332244761
3195,kexp,1.75,25,1.5,0,-87.65225170426122
3196,kexp,1.75,50,0.5,0.5,-72.08620127899177
3197,kexp,1.75,50,0.5,0.1,-33.51440721966955
3198,kexp,1.75,50,0.5,0.05,-31.551916523498534
3199,kexp,1.75,50,0.5,0.01,-30.904595892014203
3200,kexp,1.75,50,0.5,0,-30.877411983702956
3201,kexp,1.75,50,1,0.5,-92.30474209481525
3202,kexp,1.75,50,1,0.1,-68.46779508611253
3203,kexp,1.75,50,1,0.05,-67.46600112161815
3204,kexp,1.75,50,1,0.01,-67.14042532928048
3205,kexp,1.75,50,1,0,-67.12680587946116
3206,kexp,1.75,50,1.5,0.5,-106.89857790113513
3207,kexp,1.75,50,1.5,0.1,-89.52757152558138
3208,kexp,1.75,50,1.5,0.05,-88.85497104915302
3209,kexp,1.75,50,1.5,0.01,-88.63748951453114
3210,kexp,1.75,50,1.5,0,-88.62840376580897
3211,kexp,1.75,75,0.5,0.5,-72.22082676708088
3212,kexp,1.75,75,0.5,0.1,-33.63890264338894
3213,kexp,1.75,75,0.5,0.05,-31.675221535341887
3214,kexp,1.75,75,0.5,0.01,-31.027499721324652
3215,kexp,1.75,75,0.5,0,-31.00029887691694
3216,kexp,1.75,75,1,0.5,-92.41836934944592
3217,kexp,1.75,75,1,0.1,-68.57449893017512
3218,kexp,1.75,75,1,0.05,-67.57225500852755
3219,kexp,1.75,75,1,0.01,-67.24653100361685
3220,kexp,1.75,75,1,0,-67.23290533306209
3221,kexp,1.75,75,1.5,0.5,-107.00454660464737
3222,kexp,1.75,75,1.5,0.1,-89.62843261310088
3223,kexp,1.75,75,1.5,0.05,-88.95556543329752
3224,kexp,1.75,75,1.5,0.01,-88.73799680256217
3225,kexp,1.75,75,1.5,0,-88.72890740620554
3226,kexp,1.75,100,0.5,0.5,-72.25740238430633
3227,kexp,1.75,100,0.5,0.1,-33.67148471820648
3228,kexp,1.75,100,0.5,0.05,-31.707389847106754
3229,kexp,1.75,100,0.5,0.01,-31.059528972138946
3230,kexp,1.75,100,0.5,0,-31.032322261150618
3231,kexp,1.75,100,1,0.5,-92.4431532390166
3232,kexp,1.75,100,1,0.1,-68.59685860089859
3233,kexp,1.75,100,1,0.05,-67.59447780417158
3234,kexp,1.75,100,1,0.01,-67.26870891346628
3235,kexp,1.75,100,1,0,-67.2550813610624
3236,kexp,1.75,100,1.5,0.5,-107.02515509048509
3237,kexp,1.75,100,1.5,0.1,-89.64742662522022
3238,kexp,1.75,100,1.5,0.05,-88.97448442946855
3239,kexp,1.75,100,1.5,0.01,-88.75689139931906
3240,kexp,1.75,100,1.5,0,-88.74780098212806
3241,kexp,1.75,150,0.5,0.5,-72.27347414705676
3242,kexp,1.75,150,0.5,0.1,-33.68594820421
3243,kexp,1.75,150,0.5,0.05,-31.72166530850234
3244,kexp,1.75,150,0.5,0.01,-31.073741004009527
3245,kexp,1.75,150,0.5,0,-31.04653161456739
3246,kexp,1.75,150,1,0.5,-92.45240446404134
3247,kexp,1.75,150,1,0.1,-68.60516543597501
3248,kexp,1.75,150,1,0.05,-67.60272978186093
3249,kexp,1.75,150,1,0.01,-67.27694287759316
3250,kexp,1.75,150,1,0,-67.26331456970753
3251,kexp,1.75,150,1.5,0.5,-107.03201763856386
3252,kexp,1.75,150,1.5,0.1,-89.6537045487677
3253,kexp,1.75,150,1.5,0.05,-88.98073489876847
3254,kexp,1.75,150,1.5,0.01,-88.76313293359257
3255,kexp,1.75,150,1.5,0,-88.75404214251598
3256,kexp,1.75,200,0.5,0.5,-72.27545655531172
3257,kexp,1.75,200,0.5,0.1,-33.68774401631155
3258,kexp,1.75,200,0.5,0.05,-31.72343708630112
3259,kexp,1.75,200,0.5,0.01,-31.07550464285264
3260,kexp,1.75,200,0.5,0,-31.048294909382854
3261,kexp,1.75,200,1,0.5,-92.45343114010372
3262,kexp,1.75,200,1,0.1,-68.60608681455811
3263,kexp,1.75,200,1,0.05,-67.6036447496144
3264,kexp,1.75,200,1,0.01,-67.27785573535328
3265,kexp,1.75,200,1,0,-67.26422733892298
3266,kexp,1.75,200,1.5,0.5,-107.03271183708122
3267,kexp,1.75,200,1.5,0.1,-89.65433778233117
3268,kexp,1.75,200,1.5,0.05,-88.98136516673684
3269,kexp,1.75,200,1.5,0.01,-88.76376223474855
3270,kexp,1.75,200,1.5,0,-88.75467140319809
3271,kexp,1.75,250,0.5,0.5,-72.27570864196875
3272,kexp,1.75,250,0.5,0.1,-33.687969360135554
3273,kexp,1.75,250,0.5,0.05,-31.72365909542044
3274,kexp,1.75,250,0.5,0.01,-31.075725521114386
3275,kexp,1.75,250,0.5,0,-31.048515739824655
3276,kexp,1.75,250,1,0.5,-92.45355784992773
3277,kexp,1.75,250,1,0.1,-68.6061992887397
3278,kexp,1.75,250,1,0.05,-67.60375635377271
3279,kexp,1.75,250,1,0.01,-67.27796705288272
3280,kexp,1.75,250,1,0,-67.26433864442109
3281,kexp,1.75,250,1.5,0.5,-107.03279518557551
3282,kexp,1.75,250,1.5,0.1,-89.6544131072064
3283,kexp,1.75,250,1.5,0.05,-88.98144009779125
3284,kexp,1.75,250,1.5,0.01,-88.76383703731223
3285,kexp,1.75,250,1.5,0,-88.75474620038162
3286,kexp,1.75,500,0.5,0.5,-72.2757452446464
3287,kexp,1.75,500,0.5,0.1,-33.68800096201874
3288,kexp,1.75,500,0.5,0.05,-31.72369012838624
3289,kexp,1.75,500,0.5,0.01,-31.07575636102356
3290,kexp,1.75,500,0.5,0,-31.048546571568252
3291,kexp,1.75,500,1,0.5,-92.45357595151641
3292,kexp,1.75,500,1,0.1,-68.60621492968475
3293,kexp,1.75,500,1,0.05,-67.60377184698532
3294,kexp,1.75,500,1,0.01,-67.27798249740225
3295,kexp,1.75,500,1,0,-67.26435408689643
3296,kexp,1.75,500,1.5,0.5,-107.03280695073349
3297,kexp,1.75,500,1.5,0.1,-89.65442350910554
3298,kexp,1.75,500,1.5,0.05,-88.98145043314094
3299,kexp,1.75,500,1.5,0.01,-88.76384735094109
3300,kexp,1.75,500,1.5,0,-88.7547565131009
3301,kexp,2,0.2,0.5,0.5,-51.80545196832117
3302,kexp,2,0.2,0.5,0.1,-14.63738313551993
3303,kexp,2,0.2,0.5,0.05,-74.29166592584889
3304,kexp,2,0.2,0.5,0.01,-192.8203678515554
3305,kexp,2,0.2,0.5,0,-204.49480060970205
3306,kexp,2,0.2,1,0.5,-52.67621681176686
3307,kexp,2,0.2,1,0.1,-1.5909663516293095
3308,kexp,2,0.2,1,0.05,-28.00599619123678
3309,kexp,2,0.2,1,0.01,-65.26062666569213
3310,kexp,2,0.2,1,0,-67.97880165836803
3311,kexp,2,0.2,1.5,0.5,-54.381968911253146
3312,kexp,2,0.2,1.5,0.1,0.27037874562209074
3313,kexp,2,0.2,1.5,0.05,-13.810191358499067
3314,kexp,2,0.2,1.5,0.01,-30.796379347850596
3315,kexp,2,0.2,1.5,0,-31.89193524742318
3316,kexp,2,0.5,0.5,0.5,-50.517621930284875
3317,kexp,2,0.5,0.5,0.1,5.482313807253656
3318,kexp,2,0.5,0.5,0.05,-13.234062861704816
3319,kexp,2,0.5,0.5,0.01,-37.59191911107498
3320,kexp,2,0.5,0.5,0,-39.24746879284719
3321,kexp,2,0.5,1,0.5,-55.5329466711934
3322,kexp,2,0.5,1,0.1,0.8392977450493662
3323,kexp,2,0.5,1,0.05,-3.608832807267554
3324,kexp,2,0.5,1,0.01,-8.832870371601363
3325,kexp,2,0.5,1,0,-9.139710039903127
3326,kexp,2,0.5,1.5,0.5,-60.11798012749382
3327,kexp,2,0.5,1.5,0.1,-6.426380949710607
3328,kexp,2,0.5,1.5,0.05,-6.959008629114142
3329,kexp,2,0.5,1.5,0.01,-8.435050138845929
3330,kexp,2,0.5,1.5,0,-8.5222570409662
3331,kexp,2,1,0.5,0.5,-52.43974609332951
3332,kexp,2,1,0.5,0.1,6.372555164640234
3333,kexp,2,1,0.5,0.05,2.177229331047888
3334,kexp,2,1,0.5,0.01,-2.9546267217223607
3335,kexp,2,1,0.5,0,-3.2574568826588326
3336,kexp,2,1,1,0.5,-60.918985805752136
3337,kexp,2,1,1,0.1,-8.873112743458321
3338,kexp,2,1,1,0.05,-7.867599564889586
3339,kexp,2,1,1,0.01,-8.106044697582023
3340,kexp,2,1,1,0,-8.126012074215064
3341,kexp,2,1,1.5,0.5,-67.803490856647
3342,kexp,2,1,1.5,0.1,-21.451831877469704
3343,kexp,2,1,1.5,0.05,-19.62591955778659
3344,kexp,2,1,1.5,0.01,-19.18343172855278
3345,kexp,2,1,1.5,0,-19.167330391903025
3346,kexp,2,1.5,0.5,0.5,-54.39488716901572
3347,kexp,2,1.5,0.5,0.1,3.3125864968924876
3348,kexp,2,1.5,0.5,0.05,3.1286894290373293
3349,kexp,2,1.5,0.5,0.01,1.7768881456539516
3350,kexp,2,1.5,0.5,0,1.6950322451678161
3351,kexp,2,1.5,1,0.5,-64.86262624505585
3352,kexp,2,1.5,1,0.1,-17.183935062183203
3353,kexp,2,1.5,1,0.05,-15.276909155958037
3354,kexp,2,1.5,1,0.01,-14.807017640262682
3355,kexp,2,1.5,1,0,-14.78975696435485
3356,kexp,2,1.5,1.5,0.5,-73.13478355277533
3357,kexp,2,1.5,1.5,0.1,-32.25064669562285
3358,kexp,2,1.5,1.5,0.05,-30.324174098462937
3359,kexp,2,1.5,1.5,0.01,-29.727651370915932
3360,kexp,2,1.5,1.5,0,-29.703153288363264
3361,kexp,2,2,0.5,0.5,-55.98645649733917
3362,kexp,2,2,0.5,0.1,0.01258603587660867
3363,kexp,2,2,0.5,0.05,1.3514735657557209
3364,kexp,2,2,0.5,0.01,1.2302557632860256
3365,kexp,2,2,0.5,0,1.215307541104972
3366,kexp,2,2,1,0.5,-67.87373512935162
3367,kexp,2,2,1,0.1,-23.6885471672005
3368,kexp,2,2,1,0.05,-21.643339552649785
3369,kexp,2,2,1,0.01,-21.02769145767141
3370,kexp,2,2,1,0,-21.002696255131436
3371,kexp,2,2,1.5,0.5,-77.1245440453024
3372,kexp,2,2,1.5,0.1,-40.20635149619895
3373,kexp,2,2,1.5,0.05,-38.42473352357733
3374,kexp,2,2,1.5,0.01,-37.85106834681776
3375,kexp,2,2,1.5,0,-37.82716410816014
3376,kexp,2,2.5,0.5,0.5,-57.30899033359526
3377,kexp,2,2.5,0.5,0.1,-2.9951418802001797
3378,kexp,2,2.5,0.5,0.05,-0.9931233970046747
3379,kexp,2,2.5,0.5,0.01,-0.6140724295093942
3380,kexp,2,2.5,0.5,0,-0.6027642128271462
3381,kexp,2,2.5,1,0.5,-70.28006883044962
3382,kexp,2,2.5,1,0.1,-28.85726378775473
3383,kexp,2,2.5,1,0.05,-26.857181295849294
3384,kexp,2,2.5,1,0.01,-26.22378583726436
3385,kexp,2,2.5,1,0,-26.197553057010726
3386,kexp,2,2.5,1.5,0.5,-80.26283953972641
3387,kexp,2,2.5,1.5,0.1,-46.31965938980845
3388,kexp,2,2.5,1.5,0.05,-44.69750073293843
3389,kexp,2,2.5,1.5,0.01,-44.16969044274747
3390,kexp,2,2.5,1.5,0,-44.14761592607532
3391,kexp,2,3,0.5,0.5,-58.43169117685798
3392,kexp,2,3,0.5,0.1,-5.638387091874716
3393,kexp,2,3,0.5,0.05,-3.3316481315502813
3394,kexp,2,3,0.5,0.01,-2.7243731725549263
3395,kexp,2,3,0.5,0,-2.701276149438002
3396,kexp,2,3,1,0.5,-72.25761866423096
3397,kexp,2,3,1,0.1,-33.05367765693265
3398,kexp,2,3,1,0.05,-31.143996234627128
3399,kexp,2,3,1,0.01,-30.527913333946763
3400,kexp,2,3,1,0,-30.50222578577374
3401,kexp,2,3,1.5,0.5,-82.8105830939942
3402,kexp,2,3,1.5,0.1,-51.17616892897883
3403,kexp,2,3,1.5,0.05,-49.69220665058131
3404,kexp,2,3,1.5,0.01,-49.207950097588856
3405,kexp,2,3,1.5,0,-49.18767558558444
3406,kexp,2,3.5,0.5,0.5,-59.398123174560254
3407,kexp,2,3.5,0.5,0.1,-7.944105669913967
3408,kexp,2,3.5,0.5,0.05,-5.498808721182872
3409,kexp,2,3.5,0.5,0.01,-4.781209939455362
3410,kexp,2,3.5,0.5,0,-4.752423967969225
3411,kexp,2,3.5,1,0.5,-73.91537201496912
3412,kexp,2,3.5,1,0.1,-36.52645969679184
3413,kexp,2,3.5,1,0.05,-34.71241972160555
3414,kexp,2,3.5,1,0.01,-34.12259100761748
3415,kexp,2,3.5,1,0,-34.09793051032975
3416,kexp,2,3.5,1.5,0.5,-84.92677861730137
3417,kexp,2,3.5,1.5,0.1,-55.133904830116826
3418,kexp,2,3.5,1.5,0.05,-53.76414299708569
3419,kexp,2,3.5,1.5,0.01,-53.31695929213508
3420,kexp,2,3.5,1.5,0,-53.29823261216598
3421,kexp,2,4,0.5,0.5,-60.239001607492696
3422,kexp,2,4,0.5,0.1,-9.956487672500636
3423,kexp,2,4,0.5,0.05,-7.454210105314003
3424,kexp,2,4,0.5,0.01,-6.682362989013967
3425,kexp,2,4,0.5,0,-6.650743043055526
3426,kexp,2,4,1,0.5,-75.32712894502478
3427,kexp,2,4,1,0.1,-39.44533409681284
3428,kexp,2,4,1,0.05,-37.71983470416648
3429,kexp,2,4,1,0.01,-37.15683010158904
3430,kexp,2,4,1,0,-37.13326229963667
3431,kexp,2,4,1.5,0.5,-86.71610351087308
3432,kexp,2,4,1.5,0.1,-58.42269404215466
3433,kexp,2,4,1.5,0.05,-57.1464677618496
3434,kexp,2,4,1.5,0.01,-56.730007577528774
3435,kexp,2,4,1.5,0,-56.712568639557674
3436,kexp,2,6,0.5,0.5,-62.739691214518146
3437,kexp,2,6,0.5,0.1,-15.8240324392859
3438,kexp,2,6,0.5,0.05,-13.342766436371184
3439,kexp,2,6,0.5,0.01,-12.530952861419246
3440,kexp,2,6,0.5,0,-12.49695976967913
3441,kexp,2,6,1,0.5,-79.37327094689978
3442,kexp,2,6,1,0.1,-47.52564800824199
3443,kexp,2,6,1,0.05,-46.053511178806176
3444,kexp,2,6,1,0.01,-45.57215089305493
3445,kexp,2,6,1,0,-45.551983368266264
3446,kexp,2,6,1.5,0.5,-91.77923060486361
3447,kexp,2,6,1.5,0.1,-67.38057976995967
3448,kexp,2,6,1.5,0.05,-66.3411192687788
3449,kexp,2,6,1.5,0.01,-66.00294167887564
3450,kexp,2,6,1.5,0,-65.98879115554304
3451,kexp,2,8,0.5,0.5,-64.39436305659585
3452,kexp,2,8,0.5,0.1,-19.423300036603802
3453,kexp,2,8,0.5,0.05,-17.017655720403035
3454,kexp,2,8,0.5,0.01,-16.22199808403534
3455,kexp,2,8,0.5,0,-16.188563407033794
3456,kexp,2,8,1,0.5,-81.92338654933283
3457,kexp,2,8,1,0.1,-52.27923160959244
3458,kexp,2,8,1,0.05,-50.94504120915755
3459,kexp,2,8,1,0.01,-50.50929672883247
3460,kexp,2,8,1,0,-50.491045321586064
3461,kexp,2,8,1.5,0.5,-94.91027071921187
3462,kexp,2,8,1.5,0.1,-72.57656757767417
3463,kexp,2,8,1.5,0.05,-71.65528503523564
3464,kexp,2,8,1.5,0.01,-71.35618135131057
3465,kexp,2,8,1.5,0,-71.34367254752516
3466,kexp,2,10,0.5,0.5,-65.5640077779933
3467,kexp,2,10,0.5,0.1,-21.743281291895496
3468,kexp,2,10,0.5,0.05,-19.396597789878946
3469,kexp,2,10,0.5,0.01,-18.618694214612724
3470,kexp,2,10,0.5,0,-18.585983008720504
3471,kexp,2,10,1,0.5,-83.65605781636049
3472,kexp,2,10,1,0.1,-55.29460162539419
3473,kexp,2,10,1,0.05,-54.03883954894782
3474,kexp,2,10,1,0.01,-53.62916720933819
3475,kexp,2,10,1,0,-53.612012800212476
3476,kexp,2,10,1.5,0.5,-97.00215107905676
3477,kexp,2,10,1.5,0.1,-75.85192251833374
3478,kexp,2,10,1.5,0.05,-74.99522994737893
3479,kexp,2,10,1.5,0.01,-74.71743655211834
3480,kexp,2,10,1.5,0,-74.70582265180145
3481,kexp,2,25,0.5,0.5,-68.80515213788102
3482,kexp,2,25,0.5,0.1,-27.01566927984564
3483,kexp,2,25,0.5,0.05,-24.80050853384201
3484,kexp,2,25,0.5,0.01,-24.06699840727768
3485,kexp,2,25,0.5,0,-24.036163154024162
3486,kexp,2,25,1,0.5,-88.06448459329546
3487,kexp,2,25,1,0.1,-61.816975916448484
3488,kexp,2,25,1,0.05,-60.680969431748764
3489,kexp,2,25,1,0.01,-60.311030254591195
3490,kexp,2,25,1,0,-60.29554690730077
3491,kexp,2,25,1.5,0.5,-102.10457662351563
3492,kexp,2,25,1.5,0.1,-82.82206190616249
3493,kexp,2,25,1.5,0.05,-82.05815349264165
3494,kexp,2,25,1.5,0.01,-81.81081159077301
3495,kexp,2,25,1.5,0,-81.80047474615453
3496,kexp,2,50,0.5,0.5,-69.67184826488345
3497,kexp,2,50,0.5,0.1,-27.995511905260056
3498,kexp,2,50,0.5,0.05,-25.78383010491528
3499,kexp,2,50,0.5,0.01,-25.051446449593556
3500,kexp,2,50,0.5,0,-25.02065829604532
3501,kexp,2,50,1,0.5,-89.02994533694414
3502,kexp,2,50,1,0.1,-62.86530874965635
3503,kexp,2,50,1,0.05,-61.73182018723928
3504,kexp,2,50,1,0.01,-61.3626862675315
3505,kexp,2,50,1,0,-61.34723646901222
3506,kexp,2,50,1.5,0.5,-103.11516869224968
3507,kexp,2,50,1.5,0.1,-83.8936875215525
3508,kexp,2,50,1.5,0.05,-83.13162631307294
3509,kexp,2,50,1.5,0.01,-82.88487470509419
3510,kexp,2,50,1.5,0,-82.8745624477628
3511,kexp,2,75,0.5,0.5,-69.83084307989044
3512,kexp,2,75,0.5,0.1,-28.136645535403712
3513,kexp,2,75,0.5,0.05,-25.9232905245016
3514,kexp,2,75,0.5,0.01,-25.190345363155725
3515,kexp,2,75,0.5,0,-25.15953352950998
3516,kexp,2,75,1,0.5,-89.16858756007686
3517,kexp,2,75,1,0.1,-62.99228918306488
3518,kexp,2,75,1,0.05,-61.858120656824696
3519,kexp,2,75,1,0.01,-61.48876340260505
3520,kexp,2,75,1,0,-61.47330423696969
3521,kexp,2,75,1.5,0.5,-103.24614526322274
3522,kexp,2,75,1.5,0.1,-84.01604546543273
3523,kexp,2,75,1.5,0.05,-83.25356668087888
3524,kexp,2,75,1.5,0.01,-83.0066790129693
3525,kexp,2,75,1.5,0,-82.99636106055124
3526,kexp,2,100,0.5,0.5,-69.87636624018563
3527,kexp,2,100,0.5,0.1,-28.174686630429573
3528,kexp,2,100,0.5,0.05,-25.960707214061568
3529,kexp,2,100,0.5,0.01,-25.227553233510665
3530,kexp,2,100,0.5,0,-25.196732600944742
3531,kexp,2,100,1,0.5,-89.20096521103015
3532,kexp,2,100,1,0.1,-63.020454619705944
3533,kexp,2,100,1,0.05,-61.88606774605743
3534,kexp,2,100,1,0.01,-61.5166390790405
3535,kexp,2,100,1,0,-61.50117692138261
3536,kexp,2,100,1.5,0.5,-103.27388978660127
3537,kexp,2,100,1.5,0.1,-84.0409751282249
3538,kexp,2,100,1.5,0.05,-83.27837246803665
3539,kexp,2,100,1.5,0.01,-83.03144458352904
3540,kexp,2,100,1.5,0,-83.0211249492902
3541,kexp,2,150,0.5,0.5,-69.89819861104384
3542,kexp,2,150,0.5,0.1,-28.19295133195799
3543,kexp,2,150,0.5,0.05,-25.978652323745788
3544,kexp,2,150,0.5,0.01,-25.245391116317627
3545,kexp,2,150,0.5,0,-25.214565961760698
3546,kexp,2,150,1,0.5,-89.21398748771917
3547,kexp,2,150,1,0.1,-63.03163448737608
3548,kexp,2,150,1,0.05,-61.89715053320465
3549,kexp,2,150,1,0.01,-61.52769008058414
3550,kexp,2,150,1,0,-61.512226590809846
3551,kexp,2,150,1.5,0.5,-103.28388081003332
3552,kexp,2,150,1.5,0.1,-84.04983072194948
3553,kexp,2,150,1.5,0.05,-83.28717788533494
3554,kexp,2,150,1.5,0.01,-83.040233704083107
3555,kexp,2,150,1.5,0,-83.02991338825454
3556,kexp,2,200,0.5,0.5,-69.90141237154423
3557,kexp,2,200,0.5,0.1,-28.19565680886031
3558,kexp,2,200,0.5,0.05,-25.981308341950584
3559,kexp,2,200,0.5,0.01,-25.248030464229668
3560,kexp,2,200,0.5,0,-25.217204605794613
3561,kexp,2,200,1,0.5,-89.21565773828037
3562,kexp,2,200,1,0.1,-63.03306183013682
3563,kexp,2,200,1,0.05,-61.898564447565235
3564,kexp,2,200,1,0.01,-61.52909958606349
3565,kexp,2,200,1,0,-61.51363591138267
3566,kexp,2,200,1.5,0.5,-103.28502678407695
3567,kexp,2,200,1.5,0.1,-84.05083873792012
3568,kexp,2,200,1.5,0.05,-83.2881795760728
3569,kexp,2,200,1.5,0.01,-83.04123333630805
3570,kexp,2,200,1.5,0,-83.03091293434032
3571,kexp,2,250,0.5,0.5,-69.90191111233415
3572,kexp,2,250,0.5,0.1,-28.196070592175122
3573,kexp,2,250,0.5,0.05,-25.981713782774023
3574,kexp,2,250,0.5,0.01,-25.248433085023965
3575,kexp,2,250,0.5,0,-25.217607107422005
3576,kexp,2,250,1,0.5,-89.21590467160615
3577,kexp,2,250,1,0.1,-63.03326999651639
3578,kexp,2,250,1,0.05,-61.898770426264825
3579,kexp,2,250,1,0.01,-61.529304845152254
3580,kexp,2,250,1,0,-61.513841140276504
3581,kexp,2,250,1.5,0.5,-103.28518886513872
3582,kexp,2,250,1.5,0.1,-84.05097954421883
3583,kexp,2,250,1.5,0.05,-83.2883193857905
3584,kexp,2,250,1.5,0.01,-83.04137282122073
3585,kexp,2,250,1.5,0,-83.03105240565631
3586,kexp,2,500,0.5,0.5,-69.90200341164473
3587,kexp,2,500,0.5,0.1,-28.196143900706534
3588,kexp,2,500,0.5,0.05,-25.9817852806203
3589,kexp,2,500,0.5,0.01,-25.24850396911377
3590,kexp,2,500,0.5,0,-25.21767796555574
3591,kexp,2,500,1,0.5,-89.21594921723157
3592,kexp,2,500,1,0.1,-63.03330624480819
3593,kexp,2,500,1,0.05,-61.89880620390163
3594,kexp,2,500,1,0.01,-61.52934046772309
3595,kexp,2,500,1,0,-61.51387675633794
3596,kexp,2,500,1.5,0.5,-103.28521750366006
3597,kexp,2,500,1.5,0.1,-84.05100369747043
3598,kexp,2,500,1.5,0.05,-83.2883433266881
3599,kexp,2,500,1.5,0.01,-83.0413966928263
3600,kexp,2,500,1.5,0,-83.03107627436033
3601,kexp,2.25,0.2,0.5,0.5,-51.6654451222975
3602,kexp,2.25,0.2,0.5,0.1,-17.087165843687586
3603,kexp,2.25,0.2,0.5,0.05,-83.90316025144769
3604,kexp,2.25,0.2,0.5,0.01,-225.41476811385735
3605,kexp,2.25,0.2,0.5,0,-240.2444842265547
3606,kexp,2.25,0.2,1,0.5,-52.209209441871195
3607,kexp,2.25,0.2,1,0.1,-2.3423103881700755
3608,kexp,2.25,0.2,1,0.05,-33.193606620622354
3609,kexp,2.25,0.2,1,0.01,-79.19061684627873
3610,kexp,2.25,0.2,1,0,-82.69551738551905
3611,kexp,2.25,0.2,1.5,0.5,-53.64405615715277
3612,kexp,2.25,0.2,1.5,0.1,0.5336749970763921
3613,kexp,2.25,0.2,1.5,0.05,-16.616990571928753
3614,kexp,2.25,0.2,1.5,0.01,-38.162920499633664
3615,kexp,2.25,0.2,1.5,0,-39.59766167405623
3616,kexp,2.25,0.5,0.5,0.5,-49.784406428495444
3617,kexp,2.25,0.5,0.5,0.1,5.851284874700952
3618,kexp,2.25,0.5,0.5,0.05,-16.422618278630207
3619,kexp,2.25,0.5,0.5,0.01,-46.90166779592816
3620,kexp,2.25,0.5,0.5,0,-49.052139419083176
3621,kexp,2.25,0.5,1,0.5,-54.33080560076249
3622,kexp,2.25,0.5,1,0.1,2.6238821685576488
3623,kexp,2.25,0.5,1,0.05,-3.471015767818984
3624,kexp,2.25,0.5,1,0.01,-10.492079040542118
3625,kexp,2.25,0.5,1,0,-10.910857335321193
3626,kexp,2.25,0.5,1.5,0.5,-58.59240664191472
3627,kexp,2.25,0.5,1.5,0.1,-3.82867608911211
3628,kexp,2.25,0.5,1.5,0.05,-5.23185911700742
3629,kexp,2.25,0.5,1.5,0.01,-7.484509121511477
3630,kexp,2.25,0.5,1.5,0,-7.615563225482152
3631,kexp,2.25,1,0.5,0.5,-51.2579915417711
3632,kexp,2.25,1,0.5,0.1,8.431460604787627
3633,kexp,2.25,1,0.5,0.05,2.648230128524527
3634,kexp,2.25,1,0.5,0.01,-4.2571001265693
3635,kexp,2.25,1,0.5,0,-4.670806713860216
3636,kexp,2.25,1,1,0.5,-59.18831056770946
3637,kexp,2.25,1,1,0.1,-5.612273851179296
3638,kexp,2.25,1,1,0.05,-5.072975935719221
3639,kexp,2.25,1,1,0.01,-5.699344558698587
3640,kexp,2.25,1,1,0,-5.7402769724138665
3641,kexp,2.25,1,1.5,0.5,-65.68321188532683
3642,kexp,2.25,1,1.5,0.1,-17.544202182637328
3643,kexp,2.25,1,1.5,0.05,-15.849547372554241
3644,kexp,2.25,1,1.5,0.01,-15.525103985145172
3645,kexp,2.25,1,1.5,0,-15.51523364561074
3646,kexp,2.25,1.5,0.5,0.5,-52.98595803627138
3647,kexp,2.25,1.5,0.5,0.1,6.200320427894065
3648,kexp,2.25,1.5,0.5,0.05,5.213486046205239
3649,kexp,2.25,1.5,0.5,0.01,3.111514250611744
3650,kexp,2.25,1.5,0.5,0,2.9869880379529867
3651,kexp,2.25,1.5,1,0.5,-62.82822244251899
3652,kexp,2.25,1.5,1,0.1,-13.241089090070796
3653,kexp,2.25,1.5,1,0.05,-11.452180332322696
3654,kexp,2.25,1.5,1,0.01,-11.095601459770371
3655,kexp,2.25,1.5,1,0,-11.084367659731344
3656,kexp,2.25,1.5,1.5,0.5,-70.66789885276995
3657,kexp,2.25,1.5,1.5,0.1,-27.775004312193044
3658,kexp,2.25,1.5,1.5,0.05,-25.807031613915584
3659,kexp,2.25,1.5,1.5,0.01,-25.217193486211524
3660,kexp,2.25,1.5,1.5,0,-25.19328614639125
3661,kexp,2.25,2,0.5,0.5,-54.423900187453015
3662,kexp,2.25,2,0.5,0.1,3.4012586815214654
3663,kexp,2.25,2,0.5,0.05,4.327273405617306
3664,kexp,2.25,2,0.5,0.01,3.8388481090131026
3665,kexp,2.25,2,0.5,0,3.8038501452612707
3666,kexp,2.25,2,1,0.5,-65.6322680203168
3667,kexp,2.25,2,1,0.1,-19.357881453168027
3668,kexp,2.25,2,1,0.05,-17.2935040869945
3669,kexp,2.25,2,1,0.01,-16.701514450559394
3670,kexp,2.25,2,1,0,-16.677983147950865
3671,kexp,2.25,2,1.5,0.5,-74.42628922791516
3672,kexp,2.25,2,1.5,0.1,-35.42505774657219
3673,kexp,2.25,2,1.5,0.05,-33.546982208976445
3674,kexp,2.25,2,1.5,0.01,-32.94856893868168
3675,kexp,2.25,2,1.5,0,-32.92372749993318
3676,kexp,2.25,2.5,0.5,0.5,-55.63240527426754
3677,kexp,2.25,2.5,0.5,0.1,0.7317890865519661
3678,kexp,2.25,2.5,0.5,0.05,2.539246119788817
3679,kexp,2.25,2.5,0.5,0.01,2.7301178859150146
3680,kexp,2.25,2.5,0.5,0,2.7312534290697306
3681,kexp,2.25,2.5,1,0.5,-67.88923292906998
3682,kexp,2.25,2.5,1,0.1,-24.28110504865067
3683,kexp,2.25,2.5,1,0.05,-22.19915201885909
3684,kexp,2.25,2.5,1,0.01,-21.55252948073386
3685,kexp,2.25,2.5,1,0,-21.525947172965513
3686,kexp,2.25,2.5,1.5,0.5,-77.40022512247236
3687,kexp,2.25,2.5,1.5,0.1,-41.354553821214324
3688,kexp,2.25,2.5,1.5,0.05,-39.616847838171864
3689,kexp,2.25,2.5,1.5,0.01,-39.053668266486625
3690,kexp,2.25,2.5,1.5,0,-39.03014729462274
3691,kexp,2.25,3,0.5,0.5,-56.66754724092245
3692,kexp,2.25,3,0.5,0.1,-1.6668343413808593
3693,kexp,2.25,3,0.5,0.05,0.5772823578476971
3694,kexp,2.25,3,0.5,0.01,1.09196341802258
3695,kexp,2.25,3,0.5,0,1.1099348294289944
3696,kexp,2.25,3,1,0.5,-69.75454050438877
3697,kexp,2.25,3,1,0.1,-28.31121420384191
3698,kexp,2.25,3,1,0.05,-26.28866083795068
3699,kexp,2.25,3,1,0.01,-25.642161160667925
3700,kexp,2.25,3,1,0,-25.615295425480227
3701,kexp,2.25,3,1.5,0.5,-79.82549063221005
3702,kexp,2.25,3,1.5,0.1,-46.09266353167836
3703,kexp,2.25,3,1.5,0.05,-44.48727328000563
3704,kexp,2.25,3,1.5,0.01,-43.96406655320876
3705,kexp,2.25,3,1.5,0,-43.94217209813199
3706,kexp,2.25,3.5,0.5,0.5,-57.56508993993873
3707,kexp,2.25,3.5,0.5,0.1,-3.7876509204143485
3708,kexp,2.25,3.5,0.5,0.05,-1.3206190468979118
3709,kexp,2.25,3.5,0.5,0.01,-0.6397672689077816
3710,kexp,2.25,3.5,0.5,0,-0.6132468235723444
3711,kexp,2.25,3.5,1,0.5,-71.32497532990227
3712,kexp,2.25,3.5,1,0.1,-31.66606238351874
3713,kexp,2.25,3.5,1,0.05,-29.723211272101842
3714,kexp,2.25,3.5,1,0.01,-29.094372014639045
3715,kexp,2.25,3.5,1,0,-29.068123413881676
3716,kexp,2.25,3.5,1.5,0.5,-81.84696353761049
3717,kexp,2.25,3.5,1.5,0.1,-49.970663164688
3718,kexp,2.25,3.5,1.5,0.05,-48.47893241346499
3719,kexp,2.25,3.5,1.5,0.01,-47.991940892624115
3720,kexp,2.25,3.5,1.5,0,-47.97154886502211
3721,kexp,2.25,4,0.5,0.5,-58.35052356920484
3722,kexp,2.25,4,0.5,0.1,-5.655890992422399
3723,kexp,2.25,4,0.5,0.05,-3.075406689564873
3724,kexp,2.25,4,0.5,0.01,-2.3054075916208157
3725,kexp,2.25,4,0.5,0,-2.27430584316288
3726,kexp,2.25,4,1,0.5,-72.6668841359734
3727,kexp,2.25,4,1,0.1,-34.498497384406406
3728,kexp,2.25,4,1,0.05,-32.63591718306835
3729,kexp,2.25,4,1,0.01,-32.02944638190537
3730,kexp,2.25,4,1,0,-32.004078733775934
3731,kexp,2.25,4,1.5,0.5,-83.56099064238842
3732,kexp,2.25,4,1.5,0.1,-53.20412515735891
3733,kexp,2.25,4,1.5,0.05,-51.807582327183354
3734,kexp,2.25,4,1.5,0.01,-51.35156730877587
3735,kexp,2.25,4,1.5,0,-51.33246961836499
3736,kexp,2.25,6,0.5,0.5,-60.707820899489285
3737,kexp,2.25,6,0.5,0.1,-11.171877700858783
3738,kexp,2.25,6,0.5,0.05,-8.507048884065881
3739,kexp,2.25,6,0.5,0.01,-7.638452556697693
3740,kexp,2.25,6,0.5,0,-7.602135523845669
3741,kexp,2.25,6,1,0.5,-76.53539745805558
3742,kexp,2.25,6,1,0.1,-42.39390600232179
3743,kexp,2.25,6,1,0.05,-40.77767419962261
3744,kexp,2.25,6,1,0.01,-40.24852883521661
3745,kexp,2.25,6,1,0,-40.22635251549844
3746,kexp,2.25,6,1.5,0.5,-88.43658123635169
3747,kexp,2.25,6,1.5,0.1,-62.059377237749054
3748,kexp,2.25,6,1.5,0.05,-60.90978551119169
3749,kexp,2.25,6,1.5,0.01,-60.53523635905402
3750,kexp,2.25,6,1.5,0,-60.51955810046
3751,kexp,2.25,8,0.5,0.5,-62.28541482251231
3752,kexp,2.25,8,0.5,0.1,-14.59036251271391
3753,kexp,2.25,8,0.5,0.05,-11.963198860471891
3754,kexp,2.25,8,0.5,0.01,-11.092676638763379
3755,kexp,2.25,8,0.5,0,-11.056080257020229
3756,kexp,2.25,8,1,0.5,-78.99485800649919
3757,kexp,2.25,8,1,0.1,-47.072726500134
3758,kexp,2.25,8,1,0.05,-45.596485495369
3759,kexp,2.25,8,1,0.01,-45.113395826279074
3760,kexp,2.25,8,1,0,-45.09315095825736
3761,kexp,2.25,8,1.5,0.5,-91.47635744908536
3762,kexp,2.25,8,1.5,0.1,-67.2281198039743
3763,kexp,2.25,8,1.5,0.05,-66.20418146730957
3764,kexp,2.25,8,1.5,0.01,-65.87123737111948
3765,kexp,2.25,8,1.5,0,-65.85730777975634
3766,kexp,2.25,10,0.5,0.5,-63.412600492816026
3767,kexp,2.25,10,0.5,0.1,-16.80538391561315
3768,kexp,2.25,10,0.5,0.05,-14.220599955761415
3769,kexp,2.25,10,0.5,0.01,-13.360829163729651
3770,kexp,2.25,10,0.5,0,-13.32464228103071
3771,kexp,2.25,10,1,0.5,-80.68050280561819
3772,kexp,2.25,10,1,0.1,-50.05596725622346
3773,kexp,2.25,10,1,0.05,-48.66081898411648
3774,kexp,2.25,10,1,0.01,-48.2047036525116
3775,kexp,2.25,10,1,0,-48.18559388463229
3776,kexp,2.25,10,1.5,0.5,-93.52350589389094
3777,kexp,2.25,10,1.5,0.1,-70.50195264230945
3778,kexp,2.25,10,1.5,0.05,-69.54735318587038
3779,kexp,2.25,10,1.5,0.01,-69.23734353166134
3780,kexp,2.25,10,1.5,0,-69.22437767359017
3781,kexp,2.25,25,0.5,0.5,-66.64028233721643
3782,kexp,2.25,25,0.5,0.1,-21.97124482192444
3783,kexp,2.25,25,0.5,0.05,-19.508266938132582
3784,kexp,2.25,25,0.5,0.01,-18.689497361017203
3785,kexp,2.25,25,0.5,0,-18.65504195495479
3786,kexp,2.25,25,1,0.5,-85.08934815808077
3787,kexp,2.25,25,1,0.1,-56.62967846619434
3788,kexp,2.25,25,1,0.05,-55.361917525238105
3789,kexp,2.25,25,1,0.01,-54.948224227956224
3790,kexp,2.25,25,1,0,-54.93090036293939
3791,kexp,2.25,25,1.5,0.5,-98.64614957006805
3792,kexp,2.25,25,1.5,0.1,-77.58324753622057
3793,kexp,2.25,25,1.5,0.05,-76.72965525839375
3794,kexp,2.25,25,1.5,0.01,-76.45289037866208
3795,kexp,2.25,25,1.5,0,-76.44131975336242
3796,kexp,2.25,50,0.5,0.5,-67.56709858378271
3797,kexp,2.25,50,0.5,0.1,-23.00345795199593
3798,kexp,2.25,50,0.5,0.05,-20.543696992732457
3799,kexp,2.25,50,0.5,0.01,-19.725979228925134
3800,kexp,2.25,50,0.5,0,-19.69156792426177
3801,kexp,2.25,50,1,0.5,-86.12898663637603
3802,kexp,2.25,50,1,0.1,-57.74980644910655
3803,kexp,2.25,50,1,0.05,-56.48442288786057
3804,kexp,2.25,50,1,0.01,-56.07148960501363
3805,kexp,2.25,50,1,0,-56.05419740186486
3806,kexp,2.25,50,1.5,0.5,-99.73664123305616
3807,kexp,2.25,50,1.5,0.1,-78.73313847270444
3808,kexp,2.25,50,1.5,0.05,-77.88129459117198
3809,kexp,2.25,50,1.5,0.01,-77.60508786463888
3810,kexp,2.25,50,1.5,0,-77.59354048216069
3811,kexp,2.25,75,0.5,0.5,-67.74901869192657
3812,kexp,2.25,75,0.5,0.1,-23.160011430118654
3813,kexp,2.25,75,0.5,0.05,-20.698098935991442
3814,kexp,2.25,75,0.5,0.01,-19.879660455410043
3815,kexp,2.25,75,0.5,0,-19.845218769276563
3816,kexp,2.25,75,1,0.5,-86.29109511955572
3817,kexp,2.25,75,1,0.1,-57.895376894663784
3818,kexp,2.25,75,1,0.05,-56.62907531883828
3819,kexp,2.25,75,1,0.01,-56.21584089598437
3820,kexp,2.25,75,1,0,-56.19853606632203
3821,kexp,2.25,75,1.5,0.5,-99.89094638827058
3822,kexp,2.25,75,1.5,0.1,-78.87514458914997
3823,kexp,2.25,75,1.5,0.05,-78.02272457792881
3824,kexp,2.25,75,1.5,0.01,-77.74633031664814
3825,kexp,2.25,75,1.5,0,-77.73477508643202
3826,kexp,2.25,100,0.5,0.5,-67.80349772696657
3827,kexp,2.25,100,0.5,0.1,-23.203302177755397
3828,kexp,2.25,100,0.5,0.05,-20.74054334214676
3829,kexp,2.25,100,0.5,0.01,-19.921822484537422
3830,kexp,2.25,100,0.5,0,-19.887368906699724
3831,kexp,2.25,100,1,0.5,-86.33134063738044
3832,kexp,2.25,100,1,0.1,-57.92940089612303
3833,kexp,2.25,100,1,0.05,-56.662790341692
3834,kexp,2.25,100,1,0.01,-56.24945500203223
3835,kexp,2.25,100,1,0,-56.23214594563205
3836,kexp,2.25,100,1.5,0.5,-99.92614750888146
3837,kexp,2.25,100,1.5,0.1,-78.90614803037572
3838,kexp,2.25,100,1.5,0.05,-78.05354839782338
3839,kexp,2.25,100,1.5,0.01,-77.77709587893713
3840,kexp,2.25,100,1.5,0,-77.76553821303766
3841,kexp,2.25,150,0.5,0.5,-67.83138824719316
3842,kexp,2.25,150,0.5,0.1,-23.225225198952145
3843,kexp,2.25,150,0.5,0.05,-20.76199235436243
3844,kexp,2.25,150,0.5,0.01,-19.943112869743498
3845,kexp,2.25,150,0.5,0,-19.90865260626201
3846,kexp,2.25,150,1,0.5,-86.34860017199146
3847,kexp,2.25,150,1,0.1,-57.943677948662085
3848,kexp,2.25,150,1,0.05,-56.67691800497717
3849,kexp,2.25,150,1,0.01,-56.263533828140986
3850,kexp,2.25,150,1,0,-56.24622272577486
3851,kexp,2.25,150,1.5,0.5,-99.9397828878313
3852,kexp,2.25,150,1.5,0.1,-78.91792860732943
3853,kexp,2.25,150,1.5,0.05,-78.06524967408613
3854,kexp,2.25,150,1.5,0.01,-77.78877142829774
3855,kexp,2.25,150,1.5,0,-77.77721268670733
3856,kexp,2.25,200,0.5,0.5,-67.83606043238676
3857,kexp,2.25,200,0.5,0.1,-23.228906542600754
3858,kexp,2.25,200,0.5,0.05,-20.765588690302813
3859,kexp,2.25,200,0.5,0.01,-19.946680606054834
3860,kexp,2.25,200,0.5,0,-19.912219135454297
3861,kexp,2.25,200,1,0.5,-86.35106476601719
3862,kexp,2.25,200,1,0.1,-57.94569366757441
3863,kexp,2.25,200,1,0.05,-56.67891012693551
3864,kexp,2.25,200,1,0.01,-56.265518211297824
3865,kexp,2.25,200,1,0,-56.24820678445495
3866,kexp,2.25,200,1.5,0.5,-99.94151022065715
3867,kexp,2.25,200,1.5,0.1,-78.91940035891861
3868,kexp,2.25,200,1.5,0.05,-78.06671008451205
3869,kexp,2.25,200,1.5,0.01,-77.79022815108428
3870,kexp,2.25,200,1.5,0,-77.77866925521668
3871,kexp,2.25,250,0.5,0.5,-67.83690170420452
3872,kexp,2.25,250,0.5,0.1,-23.229558372457536
3873,kexp,2.25,250,0.5,0.05,-20.76622383033807
3874,kexp,2.25,250,0.5,0.01,-19.947310107704364
3875,kexp,2.25,250,0.5,0,-19.91284839884837
3876,kexp,2.25,250,1,0.5,-86.3514792498409
3877,kexp,2.25,250,1,0.1,-57.946026671992335
3878,kexp,2.25,250,1,0.05,-56.67923871162195
3879,kexp,2.25,250,1,0.01,-56.26584534263302
3880,kexp,2.25,250,1,0,-56.24853385481049
3881,kexp,2.25,250,1.5,0.5,-99.94178372308414
3882,kexp,2.25,250,1.5,0.1,-78.91962942129831
3883,kexp,2.25,250,1.5,0.05,-78.0669371139621
3884,kexp,2.25,250,1.5,0.01,-77.79045451815334
3885,kexp,2.25,250,1.5,0,-77.77889559455939
3886,kexp,2.25,500,0.5,0.5,-67.83709040180226
3887,kexp,2.25,500,0.5,0.1,-23.229696959181865
3888,kexp,2.25,500,0.5,0.05,-20.766358004416084
3889,kexp,2.25,500,0.5,0.01,-19.947442784120494
3890,kexp,2.25,500,0.5,0,-19.912981011897273
3891,kexp,2.25,500,1,0.5,-86.35156872527436
3892,kexp,2.25,500,1,0.1,-57.946095362746405
3893,kexp,2.25,500,1,0.05,-56.67930625102517
3894,kexp,2.25,500,1,0.01,-56.26591250240957
3895,kexp,2.25,500,1,0,-56.24860099864726
3896,kexp,2.25,500,1.5,0.5,-99.94184087153097
3897,kexp,2.25,500,1.5,0.1,-78.91967544056574
3898,kexp,2.25,500,1.5,0.05,-78.06698261201676
3899,kexp,2.25,500,1.5,0.01,-77.79049984604585
3900,kexp,2.25,500,1.5,0,-77.77894091532545
3901,kexp,2.5,0.2,0.5,0.5,-51.575555557302536
3902,kexp,2.5,0.2,0.5,0.1,-19.50048833717759
3903,kexp,2.5,0.2,0.5,0.05,-93.13640335332289
3904,kexp,2.5,0.2,0.5,0.01,-258.28683771472595
3905,kexp,2.5,0.2,0.5,0,-276.6258494063414
3906,kexp,2.5,0.2,1,0.5,-51.85069830974667
3907,kexp,2.5,0.2,1,0.1,-3.25319596622239
3908,kexp,2.5,0.2,1,0.05,-38.43223502154898
3909,kexp,2.5,0.2,1,0.01,-93.67040881167843
3910,kexp,2.5,0.2,1,0,-98.05823137947107
3911,kexp,2.5,0.2,1.5,0.5,-53.052537391720094
3912,kexp,2.5,0.2,1.5,0.1,0.5317296574415653
3913,kexp,2.5,0.2,1.5,0.05,-19.680435822811575
3914,kexp,2.5,0.2,1.5,0.01,-46.13624645686506
3915,kexp,2.5,0.2,1.5,0,-47.95415860163321
3916,kexp,2.5,0.5,0.5,0.5,-49.187971451887215
3917,kexp,2.5,0.5,0.5,0.1,5.980768533771913
3918,kexp,2.5,0.5,0.5,0.05,-19.79299617118065
3919,kexp,2.5,0.5,0.5,0.01,-56.80481013301596
3920,kexp,2.5,0.5,0.5,0,-59.512588190662306
3921,kexp,2.5,0.5,1,0.5,-53.324028308881935
3922,kexp,2.5,0.5,1,0.1,4.0230022167258355
3923,kexp,2.5,0.5,1,0.05,-3.7771857708976486
3924,kexp,2.5,0.5,1,0.01,-12.786289125091182
3925,kexp,2.5,0.5,1,0,-13.333148625855063
3926,kexp,2.5,0.5,1.5,0.5,-57.30390343529376
3927,kexp,2.5,0.5,1.5,0.1,-1.6919992970431077
3928,kexp,2.5,0.5,1.5,0.05,-4.039307021235543
3929,kexp,2.5,0.5,1.5,0.01,-7.176309505694804
3930,kexp,2.5,0.5,1.5,0,-7.35846868829653
3931,kexp,2.5,1,0.5,0.5,-50.26283045910948
3932,kexp,2.5,1,0.5,0.1,10.104800232287072
3933,kexp,2.5,1,0.5,0.05,2.6798299725671297
3934,kexp,2.5,1,0.5,0.01,-6.187522542054405
3935,kexp,2.5,1,0.5,0,-6.728124653578082
3936,kexp,2.5,1,1,0.5,-57.715524696855084
3937,kexp,2.5,1,1,0.1,-2.847496328767887
3938,kexp,2.5,1,1,0.05,-2.8412678274283274
3939,kexp,2.5,1,1,0.01,-3.923673013398301
3940,kexp,2.5,1,1,0,-3.989644862528968
3941,kexp,2.5,1,1.5,0.5,-63.87029366472527
3942,kexp,2.5,1,1.5,0.1,-14.181844393750794
3943,kexp,2.5,1,1.5,0.05,-12.668909626283133
3944,kexp,2.5,1,1.5,0.01,-12.49710319859279
3945,kexp,2.5,1,1.5,0,-12.495284852350636
3946,kexp,2.5,1.5,0.5,0.5,-51.791177708604714
3947,kexp,2.5,1.5,0.5,0.1,8.639870994013291
3948,kexp,2.5,1.5,0.5,0.05,6.781344665498157
3949,kexp,2.5,1.5,0.5,0.01,3.8239458307916685
3950,kexp,2.5,1.5,0.5,0,3.6496135201691002
3951,kexp,2.5,1.5,1,0.5,-61.08708394288987
3952,kexp,2.5,1.5,1,0.1,-9.83159675408606
3953,kexp,2.5,1.5,1,0.05,-8.21042369999663
3954,kexp,2.5,1.5,1,0.01,-8.001371081726456
3955,kexp,2.5,1.5,1,0,-7.997967690253407
3956,kexp,2.5,1.5,1.5,0.5,-68.5454995100011
3957,kexp,2.5,1.5,1.5,0.1,-23.865341680815238
3958,kexp,2.5,1.5,1.5,0.05,-21.887950677950847
3959,kexp,2.5,1.5,1.5,0.01,-21.321473900515482
3960,kexp,2.5,1.5,1.5,0,-21.29896134774907
3961,kexp,2.5,2,0.5,0.5,-53.09416046495845
3962,kexp,2.5,2,0.5,0.1,6.308872800366015
3963,kexp,2.5,2,0.5,0.05,6.758128560259544
3964,kexp,2.5,2,0.5,0.01,5.836019454850451
3965,kexp,2.5,2,0.5,0,5.776977514984563
3966,kexp,2.5,2,1,0.5,-63.70559915409863
3967,kexp,2.5,2,1,0.1,-15.57374982157909
3968,kexp,2.5,2,1,0.05,-13.526551587204793
3969,kexp,2.5,2,1,0.01,-12.978592572120853
3970,kexp,2.5,2,1,0,-12.957530748665988
3971,kexp,2.5,2,1.5,0.5,-72.0940033500586
3972,kexp,2.5,2,1.5,0.1,-31.212514241155706
3973,kexp,2.5,2,1.5,0.05,-29.259616762256687
3974,kexp,2.5,2,1.5,0.01,-28.646164655837026
3975,kexp,2.5,2,1.5,0,-28.62083342408484
3976,kexp,2.5,2.5,0.5,0.5,-54.20151339350093
3977,kexp,2.5,2.5,0.5,0.1,3.959152746651881
3978,kexp,2.5,2.5,0.5,0.05,5.51667076890901
3979,kexp,2.5,2.5,0.5,0.01,5.4738780763288375
3980,kexp,2.5,2.5,0.5,0,5.462306296667752
3981,kexp,2.5,2.5,1,0.5,-65.82700514547265
3982,kexp,2.5,2.5,1,0.1,-20.254733716864177
3983,kexp,2.5,2.5,1,0.05,-18.11818784467782
3984,kexp,2.5,2.5,1,0.01,-17.471755621673015
3985,kexp,2.5,2.5,1,0,-17.44545981248745
3986,kexp,2.5,2.5,1.5,0.5,-74.91692279303766
3987,kexp,2.5,2.5,1.5,0.1,-36.954636190644976
3988,kexp,2.5,2.5,1.5,0.05,-35.11678164028821
3989,kexp,2.5,2.5,1.5,0.01,-34.52453348476953
3990,kexp,2.5,2.5,1.5,0,-34.49984843649091
3991,kexp,2.5,3,0.5,0.5,-55.158241900794714
3992,kexp,2.5,3,0.5,0.1,1.794482909878867
3993,kexp,2.5,3,0.5,0.05,3.9288027778384116
3994,kexp,2.5,3,0.5,0.01,4.317984524159243
3995,kexp,2.5,3,0.5,0,4.3290891967614655
3996,kexp,2.5,3,1,0.5,-67.5894828465844
3997,kexp,2.5,3,1,0.1,-24.117321972770114
3998,kexp,2.5,3,1,0.05,-22.002926158148796
3999,kexp,2.5,3,1,0.01,-21.335454051289066
4000,kexp,2.5,3,1,0,-21.3078456035587
4001,kexp,2.5,3,1.5,0.5,-77.22847760010012
4002,kexp,2.5,3,1.5,0.1,-41.568434789872036
4003,kexp,2.5,3,1.5,0.05,-39.85304961383345
4004,kexp,2.5,3,1.5,0.01,-39.29527867235319
4005,kexp,2.5,3,1.5,0,-39.27195712466223
4006,kexp,2.5,3.5,0.5,0.5,-55.993692543161416
4007,kexp,2.5,3.5,0.5,0.1,-0.14753187862705008
4008,kexp,2.5,3.5,0.5,0.05,2.3010913061554303
4009,kexp,2.5,3.5,0.5,0.01,2.9204078179009887
4010,kexp,2.5,3.5,0.5,0,2.943400189188082
4011,kexp,2.5,3.5,1,0.5,-69.07934993266716
4012,kexp,2.5,3.5,1,0.1,-27.350945044627277
4013,kexp,2.5,3.5,1,0.05,-25.295886812770906
4014,kexp,2.5,3.5,1,0.01,-24.635001720304366
4015,kexp,2.5,3.5,1,0,-24.60747966110623
4016,kexp,2.5,3.5,1.5,0.5,-79.16120023713559
4017,kexp,2.5,3.5,1.5,0.1,-45.36001547886679
4018,kexp,2.5,3.5,1.5,0.05,-43.75508611078198
4019,kexp,2.5,3.5,1.5,0.01,-43.23149132783197
4020,kexp,2.5,3.5,1.5,0,-43.20957286556147
4021,kexp,2.5,4,0.5,0.5,-56.72896172432051
4022,kexp,2.5,4,0.5,0.1,-1.874960579019897
4023,kexp,2.5,4,0.5,0.05,0.7494170539131442
4024,kexp,2.5,4,0.5,0.01,1.498324487771601
4025,kexp,2.5,4,0.5,0,1.5279565677026632
4026,kexp,2.5,4,1,0.5,-70.35642469915672
4027,kexp,2.5,4,1,0.1,-30.092715163604474
4028,kexp,2.5,4,1,0.05,-28.10642614394543
4029,kexp,2.5,4,1,0.01,-27.46180099943613
4030,kexp,2.5,4,1,0,-27.434869652970427
4031,kexp,2.5,4,1.5,0.5,-80.80406337173828
4032,kexp,2.5,4,1.5,0.1,-48.53137110903831
4033,kexp,2.5,4,1.5,0.05,-47.02141056734438
4034,kexp,2.5,4,1.5,0.01,-46.52826422468505
4035,kexp,2.5,4,1.5,0,-46.507611647569256
4036,kexp,2.5,6,0.5,0.5,-58.95578314989131
4037,kexp,2.5,6,0.5,0.1,-7.04054726895122
4038,kexp,2.5,6,0.5,0.05,-4.211521565940937
4039,kexp,2.5,6,0.5,0.01,-3.2944649352263524
4040,kexp,2.5,6,0.5,0,-3.2562039447970923
4041,kexp,2.5,6,1,0.5,-74.05774181554098
4042,kexp,2.5,6,1,0.1,-37.784936904422466
4043,kexp,2.5,6,1,0.05,-36.03100304236113
4044,kexp,2.5,6,1,0.01,-35.45623831693395
4045,kexp,2.5,6,1,0,-35.432145128251776
4046,kexp,2.5,6,1.5,0.5,-85.49872456246558
4047,kexp,2.5,6,1.5,0.1,-57.25971450190842
4048,kexp,2.5,6,1.5,0.05,-56.00305991821327
4049,kexp,2.5,6,1.5,0.01,-55.593092033888254
4050,kexp,2.5,6,1.5,0,-55.57592544380975
4051,kexp,2.5,8,0.5,0.5,-60.46163967202531
4052,kexp,2.5,8,0.5,0.1,-10.272655810844652
4053,kexp,2.5,8,0.5,0.05,-7.435560970083721
4054,kexp,2.5,8,0.5,0.01,-6.494226916562157
4055,kexp,2.5,8,0.5,0,-6.454642852023438
4056,kexp,2.5,8,1,0.5,-76.4288606194291
4057,kexp,2.5,8,1,0.1,-42.37292006751943
4058,kexp,2.5,8,1,0.05,-40.75800220155829
4059,kexp,2.5,8,1,0.01,-40.22854972375321
4060,kexp,2.5,8,1,0,-40.20635121621
4061,kexp,2.5,8,1.5,0.5,-88.4463207052677
4062,kexp,2.5,8,1.5,0.1,-62.3821875144702
4063,kexp,2.5,8,1.5,0.05,-61.257100574605566
4064,kexp,2.5,8,1.5,0.01,-60.89072160691225
4065,kexp,2.5,8,1.5,0,-60.87538725869006
4066,kexp,2.5,10,0.5,0.5,-61.54719528204009
4067,kexp,2.5,10,0.5,0.1,-12.375046521863695
4068,kexp,2.5,10,0.5,0.05,-9.559373473647979
4069,kexp,2.5,10,0.5,0.01,-8.61976138451904
4070,kexp,2.5,10,0.5,0,-8.580179655206326
4071,kexp,2.5,10,1,0.5,-78.06591805642815
4072,kexp,2.5,10,1,0.1,-45.310424618797455
4073,kexp,2.5,10,1,0.05,-43.77774098848545
4074,kexp,2.5,10,1,0.01,-43.27561473190309
4075,kexp,2.5,10,1,0,-43.25456574736711
4076,kexp,2.5,10,1.5,0.5,-90.44480502817163
4077,kexp,2.5,10,1.5,0.1,-65.63930807136452
4078,kexp,2.5,10,1.5,0.05,-64.58754746275012
4079,kexp,2.5,10,1.5,0.01,-64.24547349240116
4080,kexp,2.5,10,1.5,0,-64.23116103251034
4081,kexp,2.5,25,0.5,0.5,-64.74189049375781
4082,kexp,2.5,25,0.5,0.1,-17.391002219757034
4083,kexp,2.5,25,0.5,0.05,-14.681974914373084
4084,kexp,2.5,25,0.5,0.01,-13.77790220453273
4085,kexp,2.5,25,0.5,0,-13.73981729630183
4086,kexp,2.5,25,1,0.5,-82.4470901611428
4087,kexp,2.5,25,1,0.1,-51.88429987205248
4088,kexp,2.5,25,1,0.05,-50.48495873334587
4089,kexp,2.5,25,1,0.01,-50.02739260469899
4090,kexp,2.5,25,1,0,-50.008221282963405
4091,kexp,2.5,25,1.5,0.5,-95.55327860855469
4092,kexp,2.5,25,1.5,0.1,-72.77859426320012
4093,kexp,2.5,25,1.5,0.05,-71.83525472198794
4094,kexp,2.5,25,1.5,0.01,-71.52896540230209
4095,kexp,2.5,25,1.5,0,-71.51615586627861
4096,kexp,2.5,50,0.5,0.5,-65.71697348792523
4097,kexp,2.5,50,0.5,0.1,-18.46272561330996
4098,kexp,2.5,50,0.5,0.05,-15.756669613288972
4099,kexp,2.5,50,0.5,0.01,-14.853583305760862
4100,kexp,2.5,50,0.5,0,-14.815539934083391
4101,kexp,2.5,50,1,0.5,-83.54642653676125
4102,kexp,2.5,50,1,0.1,-53.06158870489863
4103,kexp,2.5,50,1,0.05,-51.66449411601583
4104,kexp,2.5,50,1,0.01,-51.207646388875446
4105,kexp,2.5,50,1,0,-51.1885049993258
4106,kexp,2.5,50,1.5,0.5,-96.7084213457489
4107,kexp,2.5,50,1.5,0.1,-73.99152567649675
4108,kexp,2.5,50,1.5,0.05,-73.04984197412931
4109,kexp,2.5,50,1.5,0.01,-72.74408082165475
4110,kexp,2.5,50,1.5,0,-72.73129327550132
4111,kexp,2.5,75,0.5,0.5,-65.92022523007066
4112,kexp,2.5,75,0.5,0.1,-18.633416624381624
4113,kexp,2.5,75,0.5,0.05,-15.924739111699065
4114,kexp,2.5,75,0.5,0.01,-15.020775288151567
4115,kexp,2.5,75,0.5,0,-14.982694931061967
4116,kexp,2.5,75,1,0.5,-83.73025602108123
4117,kexp,2.5,75,1,0.1,-53.2240285537309
4118,kexp,2.5,75,1,0.05,-51.825776017957104
4119,kexp,2.5,75,1,0.01,-51.368548653124876
4120,kexp,2.5,75,1,0,-51.34939134782869
4121,kexp,2.5,75,1.5,0.5,-96.88421185202762
4122,kexp,2.5,75,1.5,0.1,-74.15130971919938
4123,kexp,2.5,75,1.5,0.05,-73.20888870537524
4124,kexp,2.5,75,1.5,0.01,-72.90288765840361
4125,kexp,2.5,75,1.5,0,-72.89009007451229
4126,kexp,2.5,100,0.5,0.5,-65.98358817886518
4127,kexp,2.5,100,0.5,0.1,-18.681789790282
4128,kexp,2.5,100,0.5,0.05,-15.97203665891722
4129,kexp,2.5,100,0.5,0.01,-15.067714379939396
4130,kexp,2.5,100,0.5,0,-15.029618931392637
4131,kexp,2.5,100,1,0.5,-83.77842360538543
4132,kexp,2.5,100,1,0.1,-53.26382823865562
4133,kexp,2.5,100,1,0.05,-51.865170078033174
4134,kexp,2.5,100,1,0.01,-51.40781033185996
4135,kexp,2.5,100,1,0,-51.388647483036166
4136,kexp,2.5,100,1.5,0.5,-96.92693065669559
4137,kexp,2.5,100,1.5,0.1,-74.18833080018813
4138,kexp,2.5,100,1.5,0.05,-73.24566989666216
4139,kexp,2.5,100,1.5,0.01,-72.93959108918438
4140,kexp,2.5,100,1.5,0,-72.9267902546787
4141,kexp,2.5,150,0.5,0.5,-66.0177779998458
4142,kexp,2.5,150,0.5,0.1,-18.707273766959307
4143,kexp,2.5,150,0.5,0.05,-15.996873659228672
4144,kexp,2.5,150,0.5,0.01,-15.092335145076932
4145,kexp,2.5,150,0.5,0,-15.054230585421772
4146,kexp,2.5,150,1,0.5,-83.80030593516784
4147,kexp,2.5,150,1,0.1,-53.28138203090224
4148,kexp,2.5,150,1,0.05,-51.88251356635403
4149,kexp,2.5,150,1,0.01,-51.425085131736424
4150,kexp,2.5,150,1,0,-51.405919405942754
4151,kexp,2.5,150,1.5,0.5,-96.94463020176111
4152,kexp,2.5,150,1.5,0.1,-74.20330863238117
4153,kexp,2.5,150,1.5,0.05,-73.26053374116917
4154,kexp,2.5,150,1.5,0.01,-72.95441797988575
4155,kexp,2.5,150,1.5,0,-72.9416156005445
4156,kexp,2.5,200,0.5,0.5,-66.02410491707279
4157,kexp,2.5,200,0.5,0.1,-18.711967758090402
4158,kexp,2.5,200,0.5,0.05,-16.001437104270895
4159,kexp,2.5,200,0.5,0.01,-15.096854695112013
4160,kexp,2.5,200,0.5,0,-15.058748282876719
4161,kexp,2.5,200,1,0.5,-83.80371727786584
4162,kexp,2.5,200,1,0.1,-53.2840657153947
4163,kexp,2.5,200,1,0.05,-51.88516017022602
4164,kexp,2.5,200,1,0.01,-51.42771958146536
4165,kexp,2.5,200,1,0,-51.408553346127555
4166,kexp,2.5,200,1.5,0.5,-96.94707894925686
4167,kexp,2.5,200,1.5,0.1,-74.20533897968082
4168,kexp,2.5,200,1.5,0.05,-73.26254591527582
4169,kexp,2.5,200,1.5,0.01,-72.9564242480326
4170,kexp,2.5,200,1.5,0,-72.94362162163924
4171,kexp,2.5,250,0.5,0.5,-66.02538220101361
4172,kexp,2.5,250,0.5,0.1,-18.712896282893322
4173,kexp,2.5,250,0.5,0.05,-16.00233669912247
4174,kexp,2.5,250,0.5,0.01,-15.097744510862304
4175,kexp,2.5,250,0.5,0,-15.05963768529243
4176,kexp,2.5,250,1,0.5,-83.80434920955375
4177,kexp,2.5,250,1,0.1,-53.284551233286514
4178,kexp,2.5,250,1,0.05,-51.885637928595976
4179,kexp,2.5,250,1,0.01,-51.42819478777361
4180,kexp,2.5,250,1,0,-51.40902844534817
4181,kexp,2.5,250,1.5,0.5,-96.94750089365259
4182,kexp,2.5,250,1.5,0.1,-74.20568081503536
4183,kexp,2.5,250,1.5,0.05,-73.26288413934722
4184,kexp,2.5,250,1.5,0.01,-72.9567612954424
4185,kexp,2.5,250,1.5,0,-72.9439586197948
4186,kexp,2.5,500,0.5,0.5,-66.02571708297415
4187,kexp,2.5,500,0.5,0.1,-18.713124475320715
4188,kexp,2.5,500,0.5,0.05,-16.002555874930255
4189,kexp,2.5,500,0.5,0.01,-15.097960618986175
4190,kexp,2.5,500,0.5,0,-15.059853663519059
4191,kexp,2.5,500,1,0.5,-83.8045062653201
4192,kexp,2.5,500,1,0.1,-53.284665146324585
4193,kexp,2.5,500,1,0.05,-51.88574947530966
4194,kexp,2.5,500,1,0.01,-51.42830555323359
4195,kexp,2.5,500,1,0,-51.409139177992536
4196,kexp,2.5,500,1.5,0.5,-96.9476010374809
4197,kexp,2.5,500,1.5,0.1,-74.20575790865476
4198,kexp,2.5,500,1.5,0.05,-73.26296015657651
4199,kexp,2.5,500,1.5,0.01,-72.95683696095931
4200,kexp,2.5,500,1.5,0,-72.94403427057841
