model_no,k_name,l1,l2,b,meas_error,lppd_exact,lppd_LOPO
1,ksqexp,1,0.2,0.5,0.5,-30.86321371245351,-30.930697816619784
2,ksqexp,1,0.2,0.5,0.1,-252.8089190510193,-259.83255961329274
3,ksqexp,1,0.2,0.5,0.05,-902.9009584917823,-928.5033647315875
4,ksqexp,1,0.2,0.5,0.01,-15157.262466490962,-15446.931371618892
5,ksqexp,1,0.2,0.5,0,-8838691095.182642,-8838698036.683943
6,ksqexp,1,0.2,1,0.5,-31.168996866340255,-31.330969242797764
7,ksqexp,1,0.2,1,0.1,-235.7203548018643,-243.08286254626378
8,ksqexp,1,0.2,1,0.05,-842.4802199281812,-862.7038746904734
9,ksqexp,1,0.2,1,0.01,-13253.653512773984,-13506.796521723887
10,ksqexp,1,0.2,1,0,-6472440250.184837,-6472443447.717883
11,ksqexp,1,0.2,1.5,0.5,-31.85277948896917,-32.080265097266434
12,ksqexp,1,0.2,1.5,0.1,-226.5170180805471,-233.50318764751594
13,ksqexp,1,0.2,1.5,0.05,-811.4552979411262,-828.8820958394741
14,ksqexp,1,0.2,1.5,0.01,-12271.483152713505,-12496.627401658176
15,ksqexp,1,0.2,1.5,0,-5094844324.726036,-5094846346.952918
16,ksqexp,1,0.5,0.5,0.5,-29.95213619957335,-29.98804741979254
17,ksqexp,1,0.5,0.5,0.1,-120.8205042465266,-124.21365786900625
18,ksqexp,1,0.5,0.5,0.05,-354.9546924872964,-372.0668794800508
19,ksqexp,1,0.5,0.5,0.01,-1408.5429930268888,-1488.3548067558545
20,ksqexp,1,0.5,0.5,0,-471739.7947262547,-471875.9620357348
21,ksqexp,1,0.5,1,0.5,-31.23078104864496,-31.37730798078023
22,ksqexp,1,0.5,1,0.1,-104.6417448217554,-109.19702306259572
23,ksqexp,1,0.5,1,0.05,-281.59617709237517,-296.89402487446193
24,ksqexp,1,0.5,1,0.01,-857.5602313129916,-899.2017691026928
25,ksqexp,1,0.5,1,0,-235855.60637008736,-235923.99487318477
26,ksqexp,1,0.5,1.5,0.5,-32.37020564478306,-32.60191058609728
27,ksqexp,1,0.5,1.5,0.1,-97.6194000296497,-102.34971143456593
28,ksqexp,1,0.5,1.5,0.05,-234.74563068224995,-248.3394991427546
29,ksqexp,1,0.5,1.5,0.01,-656.7349903852504,-684.998185041176
30,ksqexp,1,0.5,1.5,0,-157228.59172945688,-157274.3876208614
31,ksqexp,1,1,0.5,0.5,-31.170040767201296,-31.524335898391445
32,ksqexp,1,1,0.5,0.1,-54.77930716856521,-56.37887081717811
33,ksqexp,1,1,0.5,0.05,-82.60044828774046,-85.02529240829423
34,ksqexp,1,1,0.5,0.01,-227.39128186618194,-231.3141288698285
35,ksqexp,1,1,0.5,0,-545.7192901339531,-547.2620753990003
36,ksqexp,1,1,1,0.5,-32.55825817435743,-33.06840246513924
37,ksqexp,1,1,1,0.1,-41.01689894924346,-42.6206134859935
38,ksqexp,1,1,1,0.05,-54.1374496535394,-55.99313959454578
39,ksqexp,1,1,1,0.01,-154.04539393856115,-156.51574611435146
40,ksqexp,1,1,1,0,-274.02660261654984,-275.3427389380753
41,ksqexp,1,1,1.5,0.5,-33.97648488097532,-34.604922962865274
42,ksqexp,1,1,1.5,0.1,-36.75655888781986,-38.26829111136078
43,ksqexp,1,1,1.5,0.05,-44.95094614620881,-46.60060833435186
44,ksqexp,1,1,1.5,0.01,-122.32285410919528,-124.24740740275729
45,ksqexp,1,1,1.5,0,-186.25302911278385,-187.49361580082495
46,ksqexp,1,1.5,0.5,0.5,-31.914138039714693,-32.40428988153776
47,ksqexp,1,1.5,0.5,0.1,-42.58178621874686,-41.38396451734284
48,ksqexp,1,1.5,0.5,0.05,-54.939397594892014,-52.65856438123373
49,ksqexp,1,1.5,0.5,0.01,-76.18507050626538,-72.06625763609887
50,ksqexp,1,1.5,0.5,0,-78.25683776195658,-73.95236882691688
51,ksqexp,1,1.5,1,0.5,-33.674005803678526,-34.248268566947864
52,ksqexp,1,1.5,1,0.1,-34.98141998534013,-34.8587181706801
53,ksqexp,1,1.5,1,0.05,-40.68678319638443,-39.9939893454519
54,ksqexp,1,1.5,1,0.01,-47.62648640681099,-46.272382588957505
55,ksqexp,1,1.5,1,0,-48.12218879644417,-46.72043666916115
56,ksqexp,1,1.5,1.5,0.5,-35.58659830045491,-36.27081899201879
57,ksqexp,1,1.5,1.5,0.1,-34.06026812178316,-34.366177891437765
58,ksqexp,1,1.5,1.5,0.05,-37.3653293815015,-37.296071581410175
59,ksqexp,1,1.5,1.5,0.01,-40.66167115004504,-40.24883374128972
60,ksqexp,1,1.5,1.5,0,-40.86796257209573,-40.4337827142835
61,ksqexp,1,2,0.5,0.5,-32.57483923464873,-33.080132127171616
62,ksqexp,1,2,0.5,0.1,-38.857338050060186,-37.079422941051014
63,ksqexp,1,2,0.5,0.05,-43.664929845884906,-40.934823421489575
64,ksqexp,1,2,0.5,0.01,-46.5575051415756,-43.27994237476137
65,ksqexp,1,2,0.5,0,-46.705486976003904,-43.40030800097441
66,ksqexp,1,2,1,0.5,-34.706550714695425,-35.30140651892388
67,ksqexp,1,2,1,0.1,-34.21003333963263,-33.92846209945862
68,ksqexp,1,2,1,0.05,-35.46381851152577,-34.88158840913711
69,ksqexp,1,2,1,0.01,-36.08730343320886,-35.36648459954966
70,ksqexp,1,2,1,0,-36.11675124140427,-35.38951304785239
71,ksqexp,1,2,1.5,0.5,-36.98397989895746,-37.721071182734605
72,ksqexp,1,2,1.5,0.1,-34.720026915716076,-35.05201216574784
73,ksqexp,1,2,1.5,0.05,-35.159013352697635,-35.35219157705757
74,ksqexp,1,2,1.5,0.01,-35.36815005345628,-35.50285421890849
75,ksqexp,1,2,1.5,0,-35.3778294297484,-35.50990483005563
76,ksqexp,1,2.5,0.5,0.5,-33.18975141027756,-33.7268845779953
77,ksqexp,1,2.5,0.5,0.1,-36.08791787104718,-34.802533393735054
78,ksqexp,1,2.5,0.5,0.05,-37.88503462192619,-36.15742129820415
79,ksqexp,1,2.5,0.5,0.01,-38.720999018604466,-36.80619056475226
80,ksqexp,1,2.5,0.5,0,-38.759987711893935,-36.836717172035385
81,ksqexp,1,2.5,1,0.5,-35.51765617729289,-36.187465757989166
82,ksqexp,1,2.5,1,0.1,-33.572403629335625,-33.80194825983381
83,ksqexp,1,2.5,1,0.05,-33.84299853453107,-33.97878259714838
84,ksqexp,1,2.5,1,0.01,-33.9634592901873,-34.0631907196399
85,ksqexp,1,2.5,1,0,-33.96893629387474,-34.06708892769699
86,ksqexp,1,2.5,1.5,0.5,-38.000489952120205,-38.847338317956684
87,ksqexp,1,2.5,1.5,0.1,-35.14763545218481,-35.9586109859656
88,ksqexp,1,2.5,1.5,0.05,-35.152013167483034,-35.935040953265336
89,ksqexp,1,2.5,1.5,0.01,-35.1620476811575,-35.934469985531415
90,ksqexp,1,2.5,1.5,0,-35.162575921216636,-35.93453627961099
91,ksqexp,1,3,0.5,0.5,-33.72192480095072,-34.29551731194301
92,ksqexp,1,3,0.5,0.1,-34.392709984442725,-33.69553051187491
93,ksqexp,1,3,0.5,0.05,-35.14918111781598,-34.242932310452744
94,ksqexp,1,3,0.5,0.01,-35.472070017673744,-34.487731053506685
95,ksqexp,1,3,0.5,0,-35.48669248722652,-34.49895694644626
96,ksqexp,1,3,1,0.5,-36.10711103274153,-36.858084261160805
97,ksqexp,1,3,1,0.1,-33.28244727319901,-33.963141672400724
98,ksqexp,1,3,1,0.05,-33.28171159270764,-33.942384726718686
99,ksqexp,1,3,1,0.01,-33.28956911606572,-33.94293257885624
100,ksqexp,1,3,1,0,-33.290001236402645,-33.94304933139608
101,ksqexp,1,3,1.5,0.5,-38.68192902250951,-39.6401011157301
102,ksqexp,1,3,1.5,0.1,-35.47858903881381,-36.66848639355938
103,ksqexp,1,3,1.5,0.05,-35.379916398377894,-36.57743411660712
104,ksqexp,1,3,1.5,0.01,-35.34967068137919,-36.54954927053371
105,ksqexp,1,3,1.5,0,-35.34842758617493,-36.54840355976576
106,ksqexp,1,3.5,0.5,0.5,-34.20436812434088,-34.80195119604533
107,ksqexp,1,3.5,0.5,0.1,-33.751890137593875,-33.413410701019025
108,ksqexp,1,3.5,0.5,0.05,-34.08830530605905,-33.63281184594027
109,ksqexp,1,3.5,0.5,0.01,-34.22536695329399,-33.72949373455711
110,ksqexp,1,3.5,0.5,0,-34.23147655195921,-33.73388809147409
111,ksqexp,1,3.5,1,0.5,-36.573664622951405,-37.38484982589042
112,ksqexp,1,3.5,1,0.1,-33.35276666815746,-34.2949392971729
113,ksqexp,1,3.5,1,0.05,-33.25741208138361,-34.20601704594429
114,ksqexp,1,3.5,1,0.01,-33.228523297781635,-34.17938717448001
115,ksqexp,1,3.5,1,0,-33.22734098387527,-34.17830133515717
116,ksqexp,1,3.5,1.5,0.5,-39.17721151996378,-40.217381376936416
117,ksqexp,1,3.5,1.5,0.1,-35.85521465354808,-37.26238437284303
118,ksqexp,1,3.5,1.5,0.05,-35.72649365169556,-37.15345520299339
119,ksqexp,1,3.5,1.5,0.01,-35.68501668449502,-37.118550174896654
120,ksqexp,1,3.5,1.5,0,-35.683285894572684,-37.11709584978116
121,ksqexp,1,4,0.5,0.5,-34.65655586555609,-35.26187610005396
122,ksqexp,1,4,0.5,0.1,-33.84613283470516,-33.66452231111414
123,ksqexp,1,4,0.5,0.05,-34.01299781392877,-33.746710862344926
124,ksqexp,1,4,0.5,0.01,-34.0780355154833,-33.78375565866976
125,ksqexp,1,4,0.5,0,-34.08089405862414,-33.78544060401593
126,ksqexp,1,4,1,0.5,-36.98385407064416,-37.82917821481309
127,ksqexp,1,4,1,0.1,-33.6850290990879,-34.74911044067223
128,ksqexp,1,4,1,0.05,-33.55912821227448,-34.638325765988746
129,ksqexp,1,4,1,0.01,-33.51854197547965,-34.60301633338769
130,ksqexp,1,4,1,0,-33.51684831886282,-34.601547640020996
131,ksqexp,1,4,1.5,0.5,-39.58590167710214,-40.67523841814798
132,ksqexp,1,4,1.5,0.1,-36.29904071172725,-37.8120040735057
133,ksqexp,1,4,1.5,0.05,-36.16490662240081,-37.701474764536194
134,ksqexp,1,4,1.5,0.01,-36.12131342049636,-37.6657332185818
135,ksqexp,1,4,1.5,0,-36.119489839006064,-37.66424008542331
136,ksqexp,1,6,0.5,0.5,-36.041134677001835,-36.60265757950036
137,ksqexp,1,6,0.5,0.1,-36.5277564678384,-36.13486473504081
138,ksqexp,1,6,0.5,0.05,-36.70344224972413,-36.19866458290173
139,ksqexp,1,6,0.5,0.01,-36.76473843509242,-36.22123008694108
140,ksqexp,1,6,0.5,0,-36.76734894389029,-36.22219369260682
141,ksqexp,1,6,1,0.5,-38.229014060951826,-39.06778471668363
142,ksqexp,1,6,1,0.1,-35.66292510907848,-36.660634206238015
143,ksqexp,1,6,1,0.05,-35.56884453287452,-36.573279790323554
144,ksqexp,1,6,1,0.01,-35.53832481668861,-36.54501497799103
145,ksqexp,1,6,1,0,-35.53704853276647,-36.54383382884496
146,ksqexp,1,6,1.5,0.5,-40.76542452904945,-41.874200091694185
147,ksqexp,1,6,1.5,0.1,-38.058196566982495,-39.55627860528357
148,ksqexp,1,6,1.5,0.05,-37.953107160613825,-39.47056103277868
149,ksqexp,1,6,1.5,0.01,-37.91902991909998,-39.44286106317329
150,ksqexp,1,6,1.5,0,-37.917605162457974,-39.44170397432787
151,ksqexp,1,8,0.5,0.5,-36.735293598145155,-37.26475879324089
152,ksqexp,1,8,0.5,0.1,-38.76995825245637,-38.02600087909914
153,ksqexp,1,8,0.5,0.05,-39.101714448858104,-38.193632276067554
154,ksqexp,1,8,0.5,0.01,-39.21846686542642,-38.25205932460118
155,ksqexp,1,8,0.5,0,-39.22345413205097,-38.25454783321264
156,ksqexp,1,8,1,0.5,-38.90279572907754,-39.702151715208075
157,ksqexp,1,8,1,0.1,-37.08632787609409,-37.898238146553126
158,ksqexp,1,8,1,0.05,-37.04345120927368,-37.84757447580105
159,ksqexp,1,8,1,0.01,-37.03021327484138,-37.83154496523529
160,ksqexp,1,8,1,0,-37.02966712944297,-37.83087909461296
161,ksqexp,1,8,1.5,0.5,-41.412387388679576,-42.4844692372144
162,ksqexp,1,8,1.5,0.1,-39.19250816141573,-40.5668424479229
163,ksqexp,1,8,1.5,0.05,-39.11502620514087,-40.502006343297396
164,ksqexp,1,8,1.5,0.01,-39.090101472148575,-40.481181473231274
165,ksqexp,1,8,1.5,0,-39.08906156197104,-40.480312948482165
166,ksqexp,1,10,0.5,0.5,-37.01951044588828,-37.54056845592052
167,ksqexp,1,10,0.5,0.1,-39.7405950845218,-38.854019766501445
168,ksqexp,1,10,0.5,0.05,-40.145291557453014,-39.07202389066029
169,ksqexp,1,10,0.5,0.01,-40.28804677694597,-39.14800988064303
170,ksqexp,1,10,0.5,0,-40.29414934659129,-39.15124687147702
171,ksqexp,1,10,1,0.5,-39.20941020734029,-39.99388914712696
172,ksqexp,1,10,1,0.1,-37.73855168507335,-38.47244388563746
173,ksqexp,1,10,1,0.05,-37.719107802693834,-38.438989056458404
174,ksqexp,1,10,1,0.01,-37.713769022321614,-38.42869858730987
175,ksqexp,1,10,1,0,-37.71355649976352,-38.42827441571555
176,ksqexp,1,10,1.5,0.5,-41.724671630756035,-42.78100587287634
177,ksqexp,1,10,1.5,0.1,-39.73076766901031,-41.05164970066737
178,ksqexp,1,10,1.5,0.05,-39.665700856609924,-40.99636376764361
179,ksqexp,1,10,1.5,0.01,-39.6448829735055,-40.978677230213336
180,ksqexp,1,10,1.5,0,-39.644015650884,-40.97794036386357
181,ksqexp,1,25,0.5,0.5,-37.40660181995595,-37.92779753189649
182,ksqexp,1,25,0.5,0.1,-40.62105668937877,-39.700466456662106
183,ksqexp,1,25,0.5,0.05,-41.06214677610859,-39.94879360025497
184,ksqexp,1,25,0.5,0.01,-41.21742565708336,-40.03502794747056
185,ksqexp,1,25,0.5,0,-41.22406037788651,-40.03869820569964
186,ksqexp,1,25,1,0.5,-39.62114357464041,-40.40325234177
187,ksqexp,1,25,1,0.1,-38.413494511373585,-39.12847394994342
188,ksqexp,1,25,1,0.05,-38.4078093585663,-39.10710411956402
189,ksqexp,1,25,1,0.01,-38.40701900395005,-39.10078075345168
190,ksqexp,1,25,1,0,-38.40699761193718,-39.10052296977808
191,ksqexp,1,25,1.5,0.5,-42.14813456174571,-43.20137972069317
192,ksqexp,1,25,1.5,0.1,-40.33453040416384,-41.642349771164334
193,ksqexp,1,25,1.5,0.05,-40.27756348609545,-41.59439415599973
194,ksqexp,1,25,1.5,0.01,-40.259390025560656,-41.579091770555685
195,ksqexp,1,25,1.5,0,-40.25863345668347,-41.578454657872506
196,ksqexp,1.25,0.2,0.5,0.5,-31.42181025516622,-31.555917139827503
197,ksqexp,1.25,0.2,0.5,0.1,-279.8836656442687,-288.27240413693823
198,ksqexp,1.25,0.2,0.5,0.05,-1030.5165067571309,-1070.4790531724232
199,ksqexp,1.25,0.2,0.5,0.01,-19625.719739685843,-20025.36008720353
200,ksqexp,1.25,0.2,0.5,0,-12320310467.676493,-12320343212.230026
201,ksqexp,1.25,0.2,1,0.5,-30.934733171896436,-31.17676280341456
202,ksqexp,1.25,0.2,1,0.1,-265.1638683657238,-274.7929543293217
203,ksqexp,1.25,0.2,1,0.05,-955.4168221967115,-992.7592310100221
204,ksqexp,1.25,0.2,1,0.01,-17451.26162460319,-17811.494064164694
205,ksqexp,1.25,0.2,1,0,-12394859961.56684,-12394877938.93257
206,ksqexp,1.25,0.2,1.5,0.5,-31.07329816801129,-31.39564401747076
207,ksqexp,1.25,0.2,1.5,0.1,-255.54029201924192,-265.6549943840287
208,ksqexp,1.25,0.2,1.5,0.05,-918.7033790093632,-952.1973202085393
209,ksqexp,1.25,0.2,1.5,0.01,-16094.264579905373,-16432.108548232594
210,ksqexp,1.25,0.2,1.5,0,-12166104579.63242,-12166117049.42406
211,ksqexp,1.25,0.5,0.5,0.5,-29.763426723749333,-29.91883940082224
212,ksqexp,1.25,0.5,0.5,0.1,-165.54629506741796,-166.03529405806395
213,ksqexp,1.25,0.5,0.5,0.05,-485.31382748669506,-501.4237328587283
214,ksqexp,1.25,0.5,0.5,0.01,-4143.152582660136,-4378.902405547412
215,ksqexp,1.25,0.5,0.5,0,-6315990.631832861,-6316693.0607646
216,ksqexp,1.25,0.5,1,0.5,-30.57753472292029,-30.879116748451686
217,ksqexp,1.25,0.5,1,0.1,-137.57732612804625,-140.58975670918252
218,ksqexp,1.25,0.5,1,0.05,-428.9049617352229,-447.3349025204529
219,ksqexp,1.25,0.5,1,0.01,-2477.535662256317,-2624.392730222699
220,ksqexp,1.25,0.5,1,0,-3158670.7291264073,-3159022.422417427
221,ksqexp,1.25,0.5,1.5,0.5,-31.44367529121098,-31.82684500027228
222,ksqexp,1.25,0.5,1.5,0.1,-126.12521347030017,-130.25240659339627
223,ksqexp,1.25,0.5,1.5,0.05,-398.36061617272003,-416.673551803352
224,ksqexp,1.25,0.5,1.5,0.01,-1808.9323850362903,-1913.549048636166
225,ksqexp,1.25,0.5,1.5,0,-2105920.6130318684,-2106155.407625196
226,ksqexp,1.25,1,0.5,0.5,-31.015141601328445,-31.38534567322646
227,ksqexp,1.25,1,0.5,0.1,-84.78598744432918,-86.01101317325087
228,ksqexp,1.25,1,0.5,0.05,-148.81174824488195,-152.66867179602392
229,ksqexp,1.25,1,0.5,0.01,-371.1884814325078,-379.825689538913
230,ksqexp,1.25,1,0.5,0,-3338.7352197392174,-3355.5207622051594
231,ksqexp,1.25,1,1,0.5,-32.084940710246826,-32.71944619023828
232,ksqexp,1.25,1,1,0.1,-59.715652204872065,-61.802644766356686
233,ksqexp,1.25,1,1,0.05,-95.8945508564365,-99.12355398246865
234,ksqexp,1.25,1,1,0.01,-240.26085565971783,-247.50989110003508
235,ksqexp,1.25,1,1,0,-1662.8106245166468,-1672.087502398695
236,ksqexp,1.25,1,1.5,0.5,-33.1022087837808,-33.89984483978553
237,ksqexp,1.25,1,1.5,0.1,-50.13389699053266,-52.3748583190099
238,ksqexp,1.25,1,1.5,0.05,-74.54752309325369,-77.38683137396146
239,ksqexp,1.25,1,1.5,0.01,-197.94549848360555,-204.34656173357766
240,ksqexp,1.25,1,1.5,0,-1106.959682860326,-1113.7336729562853
241,ksqexp,1.25,1.5,0.5,0.5,-31.813285075384176,-32.33356045521196
242,ksqexp,1.25,1.5,0.5,0.1,-65.90651317160174,-63.011576881003236
243,ksqexp,1.25,1.5,0.5,0.05,-93.76820435543873,-89.32284217346509
244,ksqexp,1.25,1.5,0.5,0.01,-189.1539533533148,-181.97251688027808
245,ksqexp,1.25,1.5,0.5,0,-228.38622110819026,-219.70102071904006
246,ksqexp,1.25,1.5,1,0.5,-33.010758308721435,-33.75558441036239
247,ksqexp,1.25,1.5,1,0.1,-46.7771509574052,-46.016803477974136
248,ksqexp,1.25,1.5,1,0.05,-59.67191176500979,-58.36378698847349
249,ksqexp,1.25,1.5,1,0.01,-105.84619811694577,-103.13998785092906
250,ksqexp,1.25,1.5,1,0,-117.01754880612194,-113.85291943266924
251,ksqexp,1.25,1.5,1.5,0.5,-34.351414328720594,-35.26363116294133
252,ksqexp,1.25,1.5,1.5,0.1,-40.452051716450796,-40.59494401897736
253,ksqexp,1.25,1.5,1.5,0.05,-48.875446152289214,-48.70392870022985
254,ksqexp,1.25,1.5,1.5,0.01,-77.53517028297647,-76.43083951040154
255,ksqexp,1.25,1.5,1.5,0,-82.68531474421822,-81.36087571185817
256,ksqexp,1.25,2,0.5,0.5,-32.319860563364095,-32.78204909679404
257,ksqexp,1.25,2,0.5,0.1,-55.48926945633441,-51.279281561722925
258,ksqexp,1.25,2,0.5,0.05,-71.6533246028392,-65.6140769479726
259,ksqexp,1.25,2,0.5,0.01,-89.89115114141903,-81.73510614565737
260,ksqexp,1.25,2,0.5,0,-91.27412565447311,-82.94783748143043
261,ksqexp,1.25,2,1,0.5,-33.83877400533692,-34.47948082151569
262,ksqexp,1.25,2,1,0.1,-41.45972583522841,-40.238071922164174
263,ksqexp,1.25,2,1,0.05,-47.85880839873252,-45.875284186442805
264,ksqexp,1.25,2,1,0.01,-53.27647464947076,-50.612203825032864
265,ksqexp,1.25,2,1,0,-53.601966320299,-50.89548293253579
266,ksqexp,1.25,2,1.5,0.5,-35.55132008886208,-36.39856928286277
267,ksqexp,1.25,2,1.5,0.1,-37.861685012635824,-37.820074257588224
268,ksqexp,1.25,2,1.5,0.05,-41.25387444703471,-40.769189396868676
269,ksqexp,1.25,2,1.5,0.01,-43.70131925985754,-42.88647649286249
270,ksqexp,1.25,2,1.5,0,-43.8352366406133,-43.002021514811496
271,ksqexp,1.25,2.5,0.5,0.5,-32.838916839679094,-33.22398353611551
272,ksqexp,1.25,2.5,0.5,0.1,-48.32313879133244,-44.18327356233397
273,ksqexp,1.25,2.5,0.5,0.05,-55.90700150250756,-50.48427327958748
274,ksqexp,1.25,2.5,0.5,0.01,-60.30122112676501,-54.15709863773692
275,ksqexp,1.25,2.5,0.5,0,-60.52644197341856,-54.34506194127518
276,ksqexp,1.25,2.5,1,0.5,-34.609720290032236,-35.211424708215716
277,ksqexp,1.25,2.5,1,0.1,-37.998354732032595,-37.1163644172477
278,ksqexp,1.25,2.5,1,0.05,-40.04314309932195,-38.818406777012456
279,ksqexp,1.25,2.5,1,0.01,-41.03298114683024,-39.64303809378772
280,ksqexp,1.25,2.5,1,0,-41.079681180573175,-39.6819012292935
281,ksqexp,1.25,2.5,1.5,0.5,-36.55061306295847,-37.42830924160721
282,ksqexp,1.25,2.5,1.5,0.1,-36.2347843606574,-36.62875484351586
283,ksqexp,1.25,2.5,1.5,0.05,-37.015210799554396,-37.275661704202626
284,ksqexp,1.25,2.5,1.5,0.01,-37.37168171055369,-37.5712468789591
285,ksqexp,1.25,2.5,1.5,0,-37.38808434940575,-37.584837758462555
286,ksqexp,1.25,3,0.5,0.5,-33.33959373443035,-33.69631946125046
287,ksqexp,1.25,3,0.5,0.1,-43.49717971224715,-39.91022031343741
288,ksqexp,1.25,3,0.5,0.05,-47.01387826758439,-42.756539749760734
289,ksqexp,1.25,3,0.5,0.01,-48.58121577577513,-44.069261244651095
290,ksqexp,1.25,3,0.5,0,-48.6537211112725,-44.13052411661787
291,ksqexp,1.25,3,1,0.5,-35.25318591606256,-35.890018359363296
292,ksqexp,1.25,3,1,0.1,-35.813692463310304,-35.5483361338525
293,ksqexp,1.25,3,1,0.05,-36.446905794241424,-36.097893547725405
294,ksqexp,1.25,3,1,0.01,-36.70571377713441,-36.32795616635013
295,ksqexp,1.25,3,1,0,-36.717273423083945,-36.33828625737588
296,ksqexp,1.25,3,1.5,0.5,-37.33335204247548,-38.305789151184456
297,ksqexp,1.25,3,1.5,0.1,-35.36936856931524,-36.35870870563228
298,ksqexp,1.25,3,1.5,0.05,-35.47830446176462,-36.4769204582973
299,ksqexp,1.25,3,1.5,0.01,-35.52690972112473,-36.529167859363824
300,ksqexp,1.25,3,1.5,0,-35.52911429365503,-36.531530404282044
301,ksqexp,1.25,3.5,0.5,0.5,-33.78615357371866,-34.144535017430904
302,ksqexp,1.25,3.5,0.5,0.1,-40.24266353049464,-37.27337121988581
303,ksqexp,1.25,3.5,0.5,0.05,-42.012776009928125,-38.668259689402284
304,ksqexp,1.25,3.5,0.5,0.01,-42.69888782977631,-39.24631773602479
305,ksqexp,1.25,3.5,0.5,0,-42.729071652263634,-39.27227509381118
306,ksqexp,1.25,3.5,1,0.5,-35.74984637936845,-36.44812884084537
307,ksqexp,1.25,3.5,1,0.1,-34.49734669327839,-34.759406706581586
308,ksqexp,1.25,3.5,1,0.05,-34.630414975974475,-34.90696594017965
309,ksqexp,1.25,3.5,1,0.01,-34.68004609224539,-34.96755741139951
310,ksqexp,1.25,3.5,1,0,-34.682198353023935,-34.970250981297006
311,ksqexp,1.25,3.5,1.5,0.5,-37.89929839438793,-38.9813638485917
312,ksqexp,1.25,3.5,1.5,0.1,-34.93081034658511,-36.38622422373951
313,ksqexp,1.25,3.5,1.5,0.05,-34.826404527198726,-36.339920724202464
314,ksqexp,1.25,3.5,1.5,0.01,-34.79200870500804,-36.32739353480163
315,ksqexp,1.25,3.5,1.5,0,-34.790564019964016,-36.3268997104907
316,ksqexp,1.25,4,0.5,0.5,-34.19248211405933,-34.56177247141464
317,ksqexp,1.25,4,0.5,0.1,-38.41823236330351,-35.87142954293572
318,ksqexp,1.25,4,0.5,0.05,-39.41685967641779,-36.59331520909166
319,ksqexp,1.25,4,0.5,0.01,-39.76894679356334,-36.87156063655912
320,ksqexp,1.25,4,0.5,0,-39.78391059801418,-36.88373727891083
321,ksqexp,1.25,4,1,0.5,-36.148779561909265,-36.907120849104125
322,ksqexp,1.25,4,1,0.1,-33.88554415849136,-34.478938140347346
323,ksqexp,1.25,4,1,0.05,-33.825792417941564,-34.46061264288145
324,ksqexp,1.25,4,1,0.01,-33.80245378860503,-34.45687931430379
325,ksqexp,1.25,4,1,0,-33.801421229661166,-34.45674656589425
326,ksqexp,1.25,4,1.5,0.5,-38.32343288463675,-39.50138253640312
327,ksqexp,1.25,4,1.5,0.1,-34.83925123513836,-36.58253291609247
328,ksqexp,1.25,4,1.5,0.05,-34.66134087712391,-36.475009445361806
329,ksqexp,1.25,4,1.5,0.01,-34.600496917885536,-36.4398789187707
330,ksqexp,1.25,4,1.5,0,-34.59791487358322,-36.438406428271946
331,ksqexp,1.25,6,0.5,0.5,-35.62596429498122,-35.98499325365464
332,ksqexp,1.25,6,0.5,0.1,-38.80089339142402,-36.350447655049095
333,ksqexp,1.25,6,0.5,0.05,-39.40912705799421,-36.55988689635791
334,ksqexp,1.25,6,0.5,0.01,-39.6337732712205,-36.631679434638116
335,ksqexp,1.25,6,0.5,0,-39.643527320849145,-36.63470652947476
336,ksqexp,1.25,6,1,0.5,-37.446704118988976,-38.28775434527883
337,ksqexp,1.25,6,1,0.1,-34.92326057163392,-35.68055661217956
338,ksqexp,1.25,6,1,0.05,-34.823587052839024,-35.57521904330582
339,ksqexp,1.25,6,1,0.01,-34.79043046870286,-35.53984154377213
340,ksqexp,1.25,6,1,0,-34.7890347439212,-35.53834651191687
341,ksqexp,1.25,6,1.5,0.5,-39.581779289116334,-40.906614476733345
342,ksqexp,1.25,6,1.5,0.1,-36.18519635208975,-38.12499223612766
343,ksqexp,1.25,6,1.5,0.05,-36.01910418349501,-38.00485883078134
344,ksqexp,1.25,6,1.5,0.01,-35.96385316257137,-37.96521554947459
345,ksqexp,1.25,6,1.5,0,-35.96152731832823,-37.96354993946177
346,ksqexp,1.25,8,0.5,0.5,-36.58923551086877,-36.901721828218655
347,ksqexp,1.25,8,0.5,0.1,-41.86807852423473,-38.84159813782072
348,ksqexp,1.25,8,0.5,0.05,-42.83528345057352,-39.22401615224723
349,ksqexp,1.25,8,0.5,0.01,-43.219766444692524,-39.366582958208724
350,ksqexp,1.25,8,0.5,0,-43.23686651787606,-39.37279368889465
351,ksqexp,1.25,8,1,0.5,-38.35780180784209,-39.15866629366189
352,ksqexp,1.25,8,1,0.1,-36.92283484742455,-37.37036478451629
353,ksqexp,1.25,8,1,0.05,-36.95008641090752,-37.33260927094778
354,ksqexp,1.25,8,1,0.01,-36.96502305401712,-37.321663485096195
355,ksqexp,1.25,8,1,0,-36.96572687150508,-37.32122194700281
356,ksqexp,1.25,8,1.5,0.5,-40.44568035951892,-41.74469314552283
357,ksqexp,1.25,8,1.5,0.1,-37.795708368257266,-39.53560141386157
358,ksqexp,1.25,8,1.5,0.05,-37.69808599909134,-39.455060531513965
359,ksqexp,1.25,8,1.5,0.01,-37.6672806270129,-39.429104704376556
360,ksqexp,1.25,8,1.5,0,-37.666003756090724,-39.428021466434004
361,ksqexp,1.25,10,0.5,0.5,-37.102110990021146,-37.395893446549124
362,ksqexp,1.25,10,0.5,0.1,-44.07190428627611,-40.63369788974943
363,ksqexp,1.25,10,0.5,0.05,-45.33577403730721,-41.19430434111823
364,ksqexp,1.25,10,0.5,0.01,-45.84565020582094,-41.40721721754491
365,ksqexp,1.25,10,0.5,0,-45.86842643104405,-41.41654908899706
366,ksqexp,1.25,10,1,0.5,-38.885385958731554,-39.65315479064037
367,ksqexp,1.25,10,1,0.1,-38.30231186207881,-38.514659072382535
368,ksqexp,1.25,10,1,0.05,-38.42406212929721,-38.53433439762256
369,ksqexp,1.25,10,1,0.01,-38.47403059294956,-38.54387140966551
370,ksqexp,1.25,10,1,0,-38.476254666825774,-38.54430934092958
371,ksqexp,1.25,10,1.5,0.5,-40.96375626708119,-42.22907088761751
372,ksqexp,1.25,10,1.5,0.1,-38.8672995970915,-40.44465616469111
373,ksqexp,1.25,10,1.5,0.05,-38.81738552584292,-40.393921544407384
374,ksqexp,1.25,10,1.5,0.01,-38.80341111347831,-40.37820143127928
375,ksqexp,1.25,10,1.5,0,-38.802854178789765,-40.37755285829918
376,ksqexp,1.25,25,0.5,0.5,-37.72220168028843,-38.02076213870055
377,ksqexp,1.25,25,0.5,0.1,-46.14375649454651,-42.46022787511575
378,ksqexp,1.25,25,0.5,0.05,-47.6279068518837,-43.16532016464988
379,ksqexp,1.25,25,0.5,0.01,-48.22828011289138,-43.43379940465115
380,ksqexp,1.25,25,0.5,0,-48.255120707603346,-43.44557723484342
381,ksqexp,1.25,25,1,0.5,-39.576008643857186,-40.33184828628441
382,ksqexp,1.25,25,1,0.1,-39.76445089391833,-39.83274038869875
383,ksqexp,1.25,25,1,0.05,-39.95815685103846,-39.900806263495795
384,ksqexp,1.25,25,1,0.01,-40.03427464983479,-39.9272812863428
385,ksqexp,1.25,25,1,0,-40.03762756980899,-39.92844275259812
386,ksqexp,1.25,25,1.5,0.5,-41.683763700762796,-42.93225116609252
387,ksqexp,1.25,25,1.5,0.1,-40.10279766696401,-41.57875318983878
388,ksqexp,1.25,25,1.5,0.05,-40.090156895498005,-41.55394441089659
389,ksqexp,1.25,25,1.5,0.01,-40.08912553767912,-41.546998763332226
390,ksqexp,1.25,25,1.5,0,-40.08911995724358,-41.546721358572896
391,ksqexp,1.5,0.2,0.5,0.5,-32.40995891672901,-32.565997360862255
392,ksqexp,1.5,0.2,0.5,0.1,-298.10709530549974,-305.8950358198619
393,ksqexp,1.5,0.2,0.5,0.05,-1150.4027538499938,-1186.231032866009
394,ksqexp,1.5,0.2,0.5,0.01,-22321.793052266265,-22888.457348162425
395,ksqexp,1.5,0.2,0.5,0,-10718095824.762894,-10718174274.877636
396,ksqexp,1.5,0.2,1,0.5,-31.447470871937096,-31.70572409059766
397,ksqexp,1.5,0.2,1,0.1,-288.1170321167983,-296.7622206069101
398,ksqexp,1.5,0.2,1,0.05,-1073.3693083187509,-1111.744107908751
399,ksqexp,1.5,0.2,1,0.01,-21058.3411864243,-21536.628001180095
400,ksqexp,1.5,0.2,1,0,-11396466907.283981,-11396517643.037056
401,ksqexp,1.5,0.2,1.5,0.5,-31.14723585212387,-31.484980269448624
402,ksqexp,1.5,0.2,1.5,0.1,-281.0093477534587,-290.06054106855663
403,ksqexp,1.5,0.2,1.5,0.05,-1026.157262105759,-1064.9627968006537
404,ksqexp,1.5,0.2,1.5,0.01,-19997.041583415958,-20444.04617015739
405,ksqexp,1.5,0.2,1.5,0,-11829053479.705557,-11829092414.547535
406,ksqexp,1.5,0.5,0.5,0.5,-29.978751035221652,-30.216228155214612
407,ksqexp,1.5,0.5,0.5,0.1,-221.03987424595482,-216.20976476594217
408,ksqexp,1.5,0.5,0.5,0.05,-659.0065076722797,-657.1908550022429
409,ksqexp,1.5,0.5,0.5,0.01,-8626.515529035325,-8997.588354951415
410,ksqexp,1.5,0.5,0.5,0,-54079472.34114683,-54084663.30470215
411,ksqexp,1.5,0.5,1,0.5,-30.276325547994745,-30.697272933704603
412,ksqexp,1.5,0.5,1,0.1,-189.57862324603082,-186.80906582728852
413,ksqexp,1.5,0.5,1,0.05,-555.5363796925034,-564.9685719730576
414,ksqexp,1.5,0.5,1,0.01,-6248.831250498604,-6550.720498983785
415,ksqexp,1.5,0.5,1,0,-27091222.266747657,-27093818.645327553
416,ksqexp,1.5,0.5,1.5,0.5,-30.848400882088857,-31.354340445053392
417,ksqexp,1.5,0.5,1.5,0.1,-171.11978236378604,-170.19790059439254
418,ksqexp,1.5,0.5,1.5,0.05,-514.1881967482199,-528.015714223354
419,ksqexp,1.5,0.5,1.5,0.01,-4880.662847182016,-5131.716478294433
420,ksqexp,1.5,0.5,1.5,0,-18072271.059433095,-18074002.50807706
421,ksqexp,1.5,1,0.5,0.5,-30.937767644978994,-31.28951274269989
422,ksqexp,1.5,1,0.5,0.1,-134.5410660665444,-132.01579855052262
423,ksqexp,1.5,1,0.5,0.05,-275.1878411179733,-271.91810062280496
424,ksqexp,1.5,1,0.5,0.01,-849.6976913498332,-840.1898755267482
425,ksqexp,1.5,1,0.5,0,-19971.39639313163,-20020.850766460633
426,ksqexp,1.5,1,1,0.5,-31.878147949653513,-32.56873423969459
427,ksqexp,1.5,1,1,0.1,-98.45879420132773,-97.71996876447754
428,ksqexp,1.5,1,1,0.05,-184.27802908414318,-183.81196974274528
429,ksqexp,1.5,1,1,0.01,-483.0945178844027,-481.12726566170227
430,ksqexp,1.5,1,1,0,-9971.367948632585,-9997.31261219123
431,ksqexp,1.5,1,1.5,0.5,-32.713081001193345,-33.593143162159976
432,ksqexp,1.5,1,1.5,0.1,-81.3830577959291,-81.6188854195798
433,ksqexp,1.5,1,1.5,0.05,-145.2215189963626,-145.4853725194971
434,ksqexp,1.5,1,1.5,0.01,-353.2146823787669,-354.1609884705671
435,ksqexp,1.5,1,1.5,0,-6640.812960735292,-6658.921062691462
436,ksqexp,1.5,1.5,0.5,0.5,-31.90167432674377,-32.40337248882246
437,ksqexp,1.5,1.5,0.5,0.1,-104.7922902032966,-99.18698203972107
438,ksqexp,1.5,1.5,0.5,0.05,-187.44955725167782,-174.25388140437877
439,ksqexp,1.5,1.5,0.5,0.01,-406.8782000779679,-388.11728881326115
440,ksqexp,1.5,1.5,0.5,0,-756.9059735202218,-733.8697994686713
441,ksqexp,1.5,1.5,1,0.5,-32.79332605212045,-33.67753959601215
442,ksqexp,1.5,1.5,1,0.1,-75.89924773347738,-72.49860712800327
443,ksqexp,1.5,1.5,1,0.05,-114.9313877732078,-108.41158921526842
444,ksqexp,1.5,1.5,1,0.01,-242.96958514032227,-235.18550633181127
445,ksqexp,1.5,1.5,1,0,-374.9651503987888,-364.9966735915926
446,ksqexp,1.5,1.5,1.5,0.5,-33.75852737322655,-34.8716022838242
447,ksqexp,1.5,1.5,1.5,0.1,-62.76999295918381,-60.780177115495874
448,ksqexp,1.5,1.5,1.5,0.05,-86.68326845961455,-82.93379618845327
449,ksqexp,1.5,1.5,1.5,0.01,-180.00278971823914,-175.72949985566382
450,ksqexp,1.5,1.5,1.5,0,-250.44219824267614,-244.82962054789695
451,ksqexp,1.5,2,0.5,0.5,-32.424714934129945,-32.88078110498059
452,ksqexp,1.5,2,0.5,0.1,-89.54532763209538,-81.35480838691349
453,ksqexp,1.5,2,0.5,0.05,-135.8609726515529,-123.20370571342589
454,ksqexp,1.5,2,0.5,0.01,-214.0886588993569,-196.45488659419482
455,ksqexp,1.5,2,0.5,0,-227.4621106228355,-208.81973651945134
456,ksqexp,1.5,2,1,0.5,-33.41854677434047,-34.18928651233852
457,ksqexp,1.5,2,1,0.1,-62.976535785655955,-59.263467269574186
458,ksqexp,1.5,2,1,0.05,-82.57671213771476,-77.47086183221465
459,ksqexp,1.5,2,1,0.01,-112.96087325714309,-105.82861381338952
460,ksqexp,1.5,2,1,0,-116.43433001238961,-109.02968064051164
461,ksqexp,1.5,2,1.5,0.5,-34.67086765525083,-35.68219395740998
462,ksqexp,1.5,2,1.5,0.1,-52.376752893306175,-50.75722573967489
463,ksqexp,1.5,2,1.5,0.05,-64.11390719773216,-61.748236964924644
464,ksqexp,1.5,2,1.5,0.01,-80.67961556773949,-77.14500785565986
465,ksqexp,1.5,2,1.5,0,-82.21572655815612,-78.55698543144418
466,ksqexp,1.5,2.5,0.5,0.5,-32.87232620714634,-33.16683432981728
467,ksqexp,1.5,2.5,0.5,0.1,-72.59144382280172,-64.60836099773395
468,ksqexp,1.5,2.5,0.5,0.05,-97.49970692861658,-86.69782269084249
469,ksqexp,1.5,2.5,0.5,0.01,-118.37668437084118,-105.55134309107005
470,ksqexp,1.5,2.5,0.5,0,-119.76415847820503,-106.79189198100141
471,ksqexp,1.5,2.5,1,0.5,-34.10278843159684,-34.685779817518984
472,ksqexp,1.5,2.5,1,0.1,-51.34406286796829,-48.49740932028672
473,ksqexp,1.5,2.5,1,0.05,-60.174576231307555,-56.52812639920542
474,ksqexp,1.5,2.5,1,0.01,-66.05903926991904,-61.849808556316425
475,ksqexp,1.5,2.5,1,0,-66.38464323922635,-62.14160220083357
476,ksqexp,1.5,2.5,1.5,0.5,-35.599478487782186,-36.486388520606496
477,ksqexp,1.5,2.5,1.5,0.1,-44.22973036463003,-43.51121507795699
478,ksqexp,1.5,2.5,1.5,0.05,-48.64439483974685,-47.56874185132277
479,ksqexp,1.5,2.5,1.5,0.01,-51.248213892939575,-49.928458600676095
480,ksqexp,1.5,2.5,1.5,0,-51.38212825794879,-50.04882903934404
481,ksqexp,1.5,3,0.5,0.5,-33.344908427120814,-33.49684121234778
482,ksqexp,1.5,3,0.5,0.1,-61.832157279693085,-54.249468879389866
483,ksqexp,1.5,3,0.5,0.05,-74.82121517585898,-65.36347339820188
484,ksqexp,1.5,3,0.5,0.01,-81.57181646585828,-71.46310338051023
485,ksqexp,1.5,3,0.5,0,-81.90544555191893,-71.76938347688657
486,ksqexp,1.5,3,1,0.5,-34.76714915373328,-35.25212811690058
487,ksqexp,1.5,3,1,0.1,-44.700363448377495,-42.52872769482549
488,ksqexp,1.5,3,1,0.05,-48.15044561113561,-45.68924483077033
489,ksqexp,1.5,3,1,0.01,-49.66097787819606,-47.12428224774587
490,ksqexp,1.5,3,1,0,-49.7304097890184,-47.19082477907106
491,ksqexp,1.5,3,1.5,0.5,-36.41128320687711,-37.28399493773299
492,ksqexp,1.5,3,1.5,0.1,-39.893939224307985,-39.8961349322914
493,ksqexp,1.5,3,1.5,0.05,-41.224589075501996,-41.20932302680068
494,ksqexp,1.5,3,1.5,0.01,-41.771515929778204,-41.763614548843
495,ksqexp,1.5,3,1.5,0,-41.79605463435866,-41.78862864615427
496,ksqexp,1.5,3.5,0.5,0.5,-33.805281279970536,-33.87022175840334
497,ksqexp,1.5,3.5,0.5,0.1,-54.783591268047196,-47.72898510234796
498,ksqexp,1.5,3.5,0.5,0.05,-61.86314599293422,-53.56577677439667
499,ksqexp,1.5,3.5,0.5,0.01,-64.71596555770041,-56.143261634127576
500,ksqexp,1.5,3.5,0.5,0,-64.84031851703065,-56.260360814049804
501,ksqexp,1.5,3.5,1,0.5,-35.35232882058279,-35.81490618853352
502,ksqexp,1.5,3.5,1,0.1,-40.69829434873937,-39.183722209911856
503,ksqexp,1.5,3.5,1,0.05,-42.08086818109669,-40.51473700979279
504,ksqexp,1.5,3.5,1,0.01,-42.55757061107831,-41.02556439993464
505,ksqexp,1.5,3.5,1,0,-42.577524571594225,-41.04782956397116
506,ksqexp,1.5,3.5,1.5,0.5,-37.090131298417354,-38.012945294244055
507,ksqexp,1.5,3.5,1.5,0.1,-37.52648205028645,-38.174151071033776
508,ksqexp,1.5,3.5,1.5,0.05,-37.846012624431104,-38.60364955540886
509,ksqexp,1.5,3.5,1.5,0.01,-37.94334384211414,-38.76088092026141
510,ksqexp,1.5,3.5,1.5,0,-37.947250023004855,-38.76764258052715
511,ksqexp,1.5,4,0.5,0.5,-34.22237098711014,-34.24236640900415
512,ksqexp,1.5,4,0.5,0.1,-49.85294275177343,-43.39754014477113
513,ksqexp,1.5,4,0.5,0.05,-54.10883314728051,-46.66819176435482
514,ksqexp,1.5,4,0.5,0.01,-55.6426130820564,-47.94871096963905
515,ksqexp,1.5,4,0.5,0,-55.70628530486635,-48.00392163190149
516,ksqexp,1.5,4,1,0.5,-35.82679368763395,-36.30685176329442
517,ksqexp,1.5,4,1,0.1,-38.16784168074022,-37.204620173797615
518,ksqexp,1.5,4,1,0.05,-38.73198929261006,-37.773337684694546
519,ksqexp,1.5,4,1,0.01,-38.89114249747755,-37.968372019638075
520,ksqexp,1.5,4,1,0,-38.89722241236985,-37.97651095351726
521,ksqexp,1.5,4,1.5,0.5,-37.61181977193045,-38.612676252119115
522,ksqexp,1.5,4,1.5,0.1,-36.15859507925884,-37.303696210132905
523,ksqexp,1.5,4,1.5,0.05,-36.119213306952695,-37.39589929639987
524,ksqexp,1.5,4,1.5,0.01,-36.08653210775418,-37.42360172049631
525,ksqexp,1.5,4,1.5,0,-36.084858214834114,-37.4246974940468
526,ksqexp,1.5,6,0.5,0.5,-35.59941606684076,-35.57814367049768
527,ksqexp,1.5,6,0.5,0.1,-44.31673840492224,-38.65619176953776
528,ksqexp,1.5,6,0.5,0.05,-46.45512057142952,-39.516400780431454
529,ksqexp,1.5,6,0.5,0.01,-47.48221873352319,-39.8513656048301
530,ksqexp,1.5,6,0.5,0,-47.53201997270242,-39.86618459277773
531,ksqexp,1.5,6,1,0.5,-37.14479664552367,-37.734918232207114
532,ksqexp,1.5,6,1,0.1,-36.118106942689245,-35.80655698172494
533,ksqexp,1.5,6,1,0.05,-36.28773760760969,-35.79179150905261
534,ksqexp,1.5,6,1,0.01,-36.37793527846454,-35.78732383000395
535,ksqexp,1.5,6,1,0,-36.382310008840484,-35.78713809525281
536,ksqexp,1.5,6,1.5,0.5,-38.9261846894107,-40.163053075284026
537,ksqexp,1.5,6,1.5,0.1,-35.64379116233274,-37.3875748966727
538,ksqexp,1.5,6,1.5,0.05,-35.499918168473364,-37.262650330426965
539,ksqexp,1.5,6,1.5,0.01,-35.458059105820546,-37.219927226271125
540,ksqexp,1.5,6,1.5,0,-35.456396787538914,-37.21811269612158
541,ksqexp,1.5,8,0.5,0.5,-36.67441523820037,-36.60393766410794
542,ksqexp,1.5,8,0.5,0.1,-46.85124772637495,-40.56878818994963
543,ksqexp,1.5,8,0.5,0.05,-49.50704789686563,-41.5097423893678
544,ksqexp,1.5,8,0.5,0.01,-50.96130615249768,-41.948161341664786
545,ksqexp,1.5,8,0.5,0,-51.03483603570843,-41.969180035661424
546,ksqexp,1.5,8,1,0.5,-38.15998489206476,-38.72966524398331
547,ksqexp,1.5,8,1,0.1,-38.008941266248364,-37.357590623140865
548,ksqexp,1.5,8,1,0.05,-38.433022671499295,-37.420708829094266
549,ksqexp,1.5,8,1,0.01,-38.656792592741844,-37.458015536819424
550,ksqexp,1.5,8,1,0,-38.66758343319065,-37.459851255660844
551,ksqexp,1.5,8,1.5,0.5,-39.89347283041891,-41.14243252096404
552,ksqexp,1.5,8,1.5,0.1,-37.30257879257588,-38.8350767208186
553,ksqexp,1.5,8,1.5,0.05,-37.309370761189186,-38.766500391817154
554,ksqexp,1.5,8,1.5,0.01,-37.334429164650004,-38.748108390700466
555,ksqexp,1.5,8,1.5,0,-37.33582266564572,-38.7473984290328
556,ksqexp,1.5,10,0.5,0.5,-37.36994206078367,-37.26595931260256
557,ksqexp,1.5,10,0.5,0.1,-49.94871871208674,-43.00309754445747
558,ksqexp,1.5,10,0.5,0.05,-53.229745391159604,-44.280901767995715
559,ksqexp,1.5,10,0.5,0.01,-55.062724743855625,-44.897009130057995
560,ksqexp,1.5,10,0.5,0,-55.155923617135656,-44.926892306304595
561,ksqexp,1.5,10,1,0.5,-38.865283292934045,-39.385620283757085
562,ksqexp,1.5,10,1,0.1,-39.97585865993699,-38.94011697293966
563,ksqexp,1.5,10,1,0.05,-40.63508588889946,-39.12623615402379
564,ksqexp,1.5,10,1,0.01,-40.96832824342899,-39.216127725389036
565,ksqexp,1.5,10,1,0,-40.984230117361996,-39.220361731843795
566,ksqexp,1.5,10,1.5,0.5,-40.580968770641185,-41.784167049952885
567,ksqexp,1.5,10,1.5,0.1,-38.83727522930393,-40.10307934775883
568,ksqexp,1.5,10,1.5,0.05,-38.96987678260966,-40.1008948948146
569,ksqexp,1.5,10,1.5,0.01,-39.04724500826078,-40.10840737181423
570,ksqexp,1.5,10,1.5,0,-39.05098905071048,-40.10884164038649
571,ksqexp,1.5,25,0.5,0.5,-38.30842160779081,-38.2179234067845
572,ksqexp,1.5,25,0.5,0.1,-54.38319580622606,-46.71193654239411
573,ksqexp,1.5,25,0.5,0.05,-58.48785132450426,-48.51159060033441
574,ksqexp,1.5,25,0.5,0.01,-60.77836168147292,-49.378425689124285
575,ksqexp,1.5,25,0.5,0,-60.894799346519484,-49.420426670760456
576,ksqexp,1.5,25,1,0.5,-39.92950616861133,-40.415716381414974
577,ksqexp,1.5,25,1,0.1,-42.91096359723618,-41.4419350890396
578,ksqexp,1.5,25,1,0.05,-43.862835539551895,-41.80483790124113
579,ksqexp,1.5,25,1,0.01,-44.32640580879442,-41.966520066541946
580,ksqexp,1.5,25,1,0,-44.34832530283514,-41.973979064091786
581,ksqexp,1.5,25,1.5,0.5,-41.6916691474831,-42.846621244401625
582,ksqexp,1.5,25,1.5,0.1,-41.1919781361224,-42.148623424245386
583,ksqexp,1.5,25,1.5,0.05,-41.477763923540934,-42.23834768373335
584,ksqexp,1.5,25,1.5,0.01,-41.61698747983855,-42.28053513767942
585,ksqexp,1.5,25,1.5,0,-41.623490721521456,-42.282486628552455
586,ksqexp,1.75,0.2,0.5,0.5,-33.4680558360779,-33.607633090540695
587,ksqexp,1.75,0.2,0.5,0.1,-314.36961228919506,-320.56974917821594
588,ksqexp,1.75,0.2,0.5,0.05,-1251.6750386830954,-1274.5199452541074
589,ksqexp,1.75,0.2,0.5,0.01,-24054.68424702041,-24714.060410193037
590,ksqexp,1.75,0.2,0.5,0,-12750366462.673964,-12750505906.37492
591,ksqexp,1.75,0.2,1,0.5,-32.33103607567506,-32.56364697496571
592,ksqexp,1.75,0.2,1,0.1,-305.73067030229663,-312.0502803959488
593,ksqexp,1.75,0.2,1,0.05,-1194.8390072460663,-1217.9451182300174
594,ksqexp,1.75,0.2,1,0.01,-23080.08589635687,-23667.59725273421
595,ksqexp,1.75,0.2,1,0,-10794639346.26082,-10794732399.28438
596,ksqexp,1.75,0.2,1.5,0.5,-31.7735114887367,-32.08394730991015
597,ksqexp,1.75,0.2,1.5,0.1,-301.2889530108854,-307.53132306448686
598,ksqexp,1.75,0.2,1.5,0.05,-1152.2067984477521,-1176.5885734134042
599,ksqexp,1.75,0.2,1.5,0.01,-22481.0952140764,-23036.40122449752
600,ksqexp,1.75,0.2,1.5,0,-10538058284.702093,-10538132774.88993
601,ksqexp,1.75,0.5,0.5,0.5,-30.534903603983995,-30.79355258375141
602,ksqexp,1.75,0.5,0.5,0.1,-266.8865158059308,-258.4515957158061
603,ksqexp,1.75,0.5,0.5,0.05,-909.9568430136588,-871.5494589736993
604,ksqexp,1.75,0.5,0.5,0.01,-12079.906253137673,-12502.140992380018
605,ksqexp,1.75,0.5,0.5,0,-330429532.7788342,-330463168.8752294
606,ksqexp,1.75,0.5,1,0.5,-30.332007927271636,-30.814174987468512
607,ksqexp,1.75,0.5,1,0.1,-246.46119204854654,-236.1340984742849
608,ksqexp,1.75,0.5,1,0.05,-764.7352979652122,-743.4232687143153
609,ksqexp,1.75,0.5,1,0.01,-10382.92065813197,-10798.095785668504
610,ksqexp,1.75,0.5,1,0,-167152905.50495663,-167169754.78158185
611,ksqexp,1.75,0.5,1.5,0.5,-30.589319079817614,-31.180441511787826
612,ksqexp,1.75,0.5,1.5,0.1,-230.83796054587683,-221.14967261961925
613,ksqexp,1.75,0.5,1.5,0.05,-685.6893882208269,-675.7215558779371
614,ksqexp,1.75,0.5,1.5,0.01,-9110.598941628365,-9499.86331693752
615,ksqexp,1.75,0.5,1.5,0,-111872214.35690631,-111883454.56512274
616,ksqexp,1.75,1,0.5,0.5,-30.888092265639727,-31.175205922839837
617,ksqexp,1.75,1,0.5,0.1,-190.99596121615838,-183.94066315468126
618,ksqexp,1.75,1,0.5,0.05,-487.5653955191182,-460.6008941903197
619,ksqexp,1.75,1,0.5,0.01,-2002.0821612145137,-1911.1728588906956
620,ksqexp,1.75,1,0.5,0,-105550.75060563118,-105735.97132767356
621,ksqexp,1.75,1,1,0.5,-31.71068601554189,-32.373027204960756
622,ksqexp,1.75,1,1,0.1,-154.94197193945666,-147.91646622813167
623,ksqexp,1.75,1,1,0.05,-347.5568716092594,-330.3267428085507
624,ksqexp,1.75,1,1,0.01,-1183.9054459798674,-1133.8640800087223
625,ksqexp,1.75,1,1,0,-52753.428833071026,-52847.571081828675
626,ksqexp,1.75,1,1.5,0.5,-32.45546348288953,-33.33219708259671
627,ksqexp,1.75,1,1.5,0.1,-134.19389339573942,-128.2155595822155
628,ksqexp,1.75,1,1.5,0.05,-279.7502395950991,-267.26061572804133
629,ksqexp,1.75,1,1.5,0.01,-855.5643790133151,-822.3065058552779
630,ksqexp,1.75,1,1.5,0,-35157.02840159001,-35220.81119144794
631,ksqexp,1.75,1.5,0.5,0.5,-31.986358328233635,-32.374461656123295
632,ksqexp,1.75,1.5,0.5,0.1,-146.35905850620998,-139.42466816233366
633,ksqexp,1.75,1.5,0.5,0.05,-343.64857268452766,-311.9771353897726
634,ksqexp,1.75,1.5,0.5,0.01,-879.4079890332707,-793.4092348127487
635,ksqexp,1.75,1.5,0.5,0,-2527.1204703560293,-2437.5540554096237
636,ksqexp,1.75,1.5,1,0.5,-32.78133334252388,-33.65576072794238
637,ksqexp,1.75,1.5,1,0.1,-115.9911567581866,-108.88383107553254
638,ksqexp,1.75,1.5,1,0.05,-232.95261922472835,-210.82732184498204
639,ksqexp,1.75,1.5,1,0.01,-503.0001328267807,-462.94899752865155
640,ksqexp,1.75,1.5,1,0,-1253.8059617083009,-1210.888407667389
641,ksqexp,1.75,1.5,1.5,0.5,-33.54981007096668,-34.71838176229985
642,ksqexp,1.75,1.5,1.5,0.1,-100.00867347399439,-93.72163596711681
643,ksqexp,1.75,1.5,1.5,0.05,-179.84517972245615,-163.25300394544286
644,ksqexp,1.75,1.5,1.5,0.01,-371.1341890016661,-346.57131049223875
645,ksqexp,1.75,1.5,1.5,0,-832.158429627745,-804.7904963038375
646,ksqexp,1.75,2,0.5,0.5,-32.703512215793744,-33.079118112346464
647,ksqexp,1.75,2,0.5,0.1,-131.91913685167586,-120.52718769102107
648,ksqexp,1.75,2,0.5,0.05,-265.1654386605371,-236.8817962341102
649,ksqexp,1.75,2,0.5,0.01,-513.286897868988,-468.5452499642318
650,ksqexp,1.75,2,0.5,0,-613.6388582511883,-563.5342085547352
651,ksqexp,1.75,2,1,0.5,-33.38355565297392,-34.22843617780929
652,ksqexp,1.75,2,1,0.1,-101.35174771715263,-93.20252757863888
653,ksqexp,1.75,2,1,0.05,-164.21934750449773,-149.2564868779684
654,ksqexp,1.75,2,1,0.01,-273.7990927589611,-252.77538388215788
655,ksqexp,1.75,2,1,0,-304.1480828268099,-281.38946630416706
656,ksqexp,1.75,2,1.5,0.5,-34.246044390209455,-35.4023430479249
657,ksqexp,1.75,2,1.5,0.1,-84.72421794287978,-79.05573053851985
658,ksqexp,1.75,2,1.5,0.05,-122.61007659348749,-113.29995666850219
659,ksqexp,1.75,2,1.5,0.01,-189.34018774680106,-176.55278728086876
660,ksqexp,1.75,2,1.5,0,-203.77514760726092,-190.13187548669669
661,ksqexp,1.75,2.5,0.5,0.5,-33.1699065077765,-33.38416728724215
662,ksqexp,1.75,2.5,0.5,0.1,-110.06105382905658,-97.54393148494451
663,ksqexp,1.75,2.5,0.5,0.05,-181.98194614469563,-161.30281422280697
664,ksqexp,1.75,2.5,0.5,0.01,-266.04727718341246,-239.65157652360142
665,ksqexp,1.75,2.5,0.5,0,-275.0286863160726,-247.91985312382144
666,ksqexp,1.75,2.5,1,0.5,-33.95017307938511,-34.5616382551287
667,ksqexp,1.75,2.5,1,0.1,-79.06668625318953,-72.63058755232645
668,ksqexp,1.75,2.5,1,0.05,-108.65684060386445,-99.84513537555367
669,ksqexp,1.75,2.5,1,0.01,-137.15830038152328,-126.48654619494381
670,ksqexp,1.75,2.5,1,0,-139.41841265872617,-128.56567282584513
671,ksqexp,1.75,2.5,1.5,0.5,-35.03410427125708,-35.98054235180983
672,ksqexp,1.75,2.5,1.5,0.1,-64.94606485659904,-61.59814515675119
673,ksqexp,1.75,2.5,1.5,0.05,-81.63230180564267,-77.2229686430367
674,ksqexp,1.75,2.5,1.5,0.01,-96.01984257549954,-90.66465162650913
675,ksqexp,1.75,2.5,1.5,0,-97.0056448619173,-91.57160281640898
676,ksqexp,1.75,3,0.5,0.5,-33.61288667787729,-33.6127160894826
677,ksqexp,1.75,3,0.5,0.1,-90.1833916675585,-78.293308521141455
678,ksqexp,1.75,3,0.5,0.05,-130.11976212499576,-113.08842501121599
679,ksqexp,1.75,3,0.5,0.01,-158.09907302624921,-139.15876371655457
680,ksqexp,1.75,3,0.5,0,-159.72137018216978,-140.7105353442697
681,ksqexp,1.75,3,1,0.5,-34.58142426259243,-34.960240046874226
682,ksqexp,1.75,3,1,0.1,-63.134468126475284,-58.13617368605394
683,ksqexp,1.75,3,1,0.05,-76.88344501763892,-70.72933945045428
684,ksqexp,1.75,3,1,0.01,-84.33823392390876,-77.90826401784673
685,ksqexp,1.75,3,1,0,-84.7150494720834,-78.27634242813284
686,ksqexp,1.75,3,1.5,0.5,-35.83358925878902,-36.617955223143255
687,ksqexp,1.75,3,1.5,0.1,-52.51558948712055,-50.60817179874994
688,ksqexp,1.75,3,1.5,0.05,-59.14508306211912,-56.926181261828596
689,ksqexp,1.75,3,1.5,0.01,-62.35002031030237,-60.101946389952964
690,ksqexp,1.75,3,1.5,0,-62.50359933348608,-60.2556015543031
691,ksqexp,1.75,3.5,0.5,0.5,-34.0625567050292,-33.87961548153611
692,ksqexp,1.75,3.5,0.5,0.1,-77.46137231047034,-65.90558601915392
693,ksqexp,1.75,3.5,0.5,0.05,-100.7013220760556,-85.36017570620692
694,ksqexp,1.75,3.5,0.5,0.01,-112.25849874353389,-95.89368693571443
695,ksqexp,1.75,3.5,0.5,0,-112.77925783745386,-96.39739534414184
696,ksqexp,1.75,3.5,1,0.5,-35.201217432362526,-35.434878513734844
697,ksqexp,1.75,3.5,1,0.1,-53.96156573033373,-49.76735393885224
698,ksqexp,1.75,3.5,1,0.05,-60.48350341972305,-55.67933018533028
699,ksqexp,1.75,3.5,1,0.01,-63.014090565555456,-58.20583808243997
700,ksqexp,1.75,3.5,1,0,-63.12102252498864,-58.318183368911896
701,ksqexp,1.75,3.5,1.5,0.5,-36.56383452809093,-37.28661877317132
702,ksqexp,1.75,3.5,1.5,0.1,-45.81267808696758,-44.76479797365776
703,ksqexp,1.75,3.5,1.5,0.05,-48.41850849742226,-47.36246916385392
704,ksqexp,1.75,3.5,1.5,0.01,-49.321802681976536,-48.371980861131
705,ksqexp,1.75,3.5,1.5,0,-49.358934186894636,-48.415769476622096
706,ksqexp,1.75,4,0.5,0.5,-34.49672070687784,-34.18453414202183
707,ksqexp,1.75,4,0.5,0.1,-68.61640464350984,-57.48401404043717
708,ksqexp,1.75,4,0.5,0.05,-82.99317098587865,-68.81099893449749
709,ksqexp,1.75,4,0.5,0.01,-89.35664387240202,-73.98678555520266
710,ksqexp,1.75,4,0.5,0,-89.63419173330607,-74.2137286385679
711,ksqexp,1.75,4,1,0.5,-35.76332402442043,-35.92265602337431
712,ksqexp,1.75,4,1,0.1,-48.099635932059854,-44.59253243813357
713,ksqexp,1.75,4,1,0.05,-51.528268778994594,-47.566716417285896
714,ksqexp,1.75,4,1,0.01,-52.729470147568236,-48.671287136407145
715,ksqexp,1.75,4,1,0,-52.77859362526893,-48.71750591435788
716,ksqexp,1.75,4,1.5,0.5,-37.2000917448812,-37.92284464947912
717,ksqexp,1.75,4,1.5,0.1,-41.83356338563625,-41.46779922922403
718,ksqexp,1.75,4,1.5,0.05,-42.94021721867982,-42.607030436665454
719,ksqexp,1.75,4,1.5,0.01,-43.2712561354478,-42.993565831043156
720,ksqexp,1.75,4,1.5,0,-43.28405102226844,-43.00942177273305
721,ksqexp,1.75,6,0.5,0.5,-35.877925278412015,-35.38526877835797
722,ksqexp,1.75,6,0.5,0.1,-53.63921383545971,-43.98442035164577
723,ksqexp,1.75,6,0.5,0.05,-59.479434198446846,-46.760189402380526
724,ksqexp,1.75,6,0.5,0.01,-63.72494116413466,-48.17948650013411
725,ksqexp,1.75,6,0.5,0,-63.984787920115096,-48.25328605887547
726,ksqexp,1.75,6,1,0.5,-37.24273971478493,-37.408302546060476
727,ksqexp,1.75,6,1,0.1,-39.87713853303517,-37.74361915234697
728,ksqexp,1.75,6,1,0.05,-41.22690615244447,-38.229104183540116
729,ksqexp,1.75,6,1,0.01,-42.12081228213602,-38.463836786649004
730,ksqexp,1.75,6,1,0,-42.16925424454326,-38.475346069472806
731,ksqexp,1.75,6,1.5,0.5,-38.72611497083246,-39.64682544221065
732,ksqexp,1.75,6,1.5,0.1,-37.06421542437603,-37.90974862255119
733,ksqexp,1.75,6,1.5,0.05,-37.41289090151883,-37.96656751631971
734,ksqexp,1.75,6,1.5,0.01,-37.67409638071826,-38.00469824760094
735,ksqexp,1.75,6,1.5,0,-37.68806645239261,-38.00668950630192
736,ksqexp,1.75,8,0.5,0.5,-36.94082202762503,-36.40242803362557
737,ksqexp,1.75,8,0.5,0.1,-53.914724938577834,-43.81313574820915
738,ksqexp,1.75,8,0.5,0.05,-59.840158479070105,-46.01849916603406
739,ksqexp,1.75,8,0.5,0.01,-65.07946594802073,-47.509304942538236
740,ksqexp,1.75,8,0.5,0,-65.41840485479645,-47.59796431526913
741,ksqexp,1.75,8,1,0.5,-38.258105087258386,-38.43795117838935
742,ksqexp,1.75,8,1,0.1,-40.615947515853236,-38.279970792791644
743,ksqexp,1.75,8,1,0.05,-42.29893154829664,-38.72931598047585
744,ksqexp,1.75,8,1,0.01,-43.54906591269917,-39.0281961873372
745,ksqexp,1.75,8,1,0,-43.6182826224428,-39.044299615219735
746,ksqexp,1.75,8,1.5,0.5,-39.70787128356001,-40.69930504125055
747,ksqexp,1.75,8,1.5,0.1,-38.064101120586734,-38.80871152436764
748,ksqexp,1.75,8,1.5,0.05,-38.67350056222055,-38.89869259436693
749,ksqexp,1.75,8,1.5,0.01,-39.118670861658245,-38.979339102486705
750,ksqexp,1.75,8,1.5,0,-39.142231977943844,-38.98373481515251
751,ksqexp,1.75,10,0.5,0.5,-37.72763571242254,-37.14955198189673
752,ksqexp,1.75,10,0.5,0.1,-57.14240547398921,-46.155190953212866
753,ksqexp,1.75,10,0.5,0.05,-63.85542431250948,-48.721200216806324
754,ksqexp,1.75,10,0.5,0.01,-69.96198966300862,-50.55514785527426
755,ksqexp,1.75,10,0.5,0,-70.35992112017037,-50.66628603914166
756,ksqexp,1.75,10,1,0.5,-39.04867641559552,-39.181709626569706
757,ksqexp,1.75,10,1,0.1,-42.73226962307322,-39.91086359244321
758,ksqexp,1.75,10,1,0.05,-44.809608246645546,-40.53783731024759
759,ksqexp,1.75,10,1,0.01,-46.3385380633088,-40.949414835085015
760,ksqexp,1.75,10,1,0,-46.42294941393884,-40.97149437950161
761,ksqexp,1.75,10,1.5,0.5,-40.48294319693682,-41.43646163844514
762,ksqexp,1.75,10,1.5,0.1,-39.77110270604457,-40.18636504733059
763,ksqexp,1.75,10,1.5,0.05,-40.62119906463758,-40.385579083204874
764,ksqexp,1.75,10,1.5,0.01,-41.20415591131407,-40.523362499557855
765,ksqexp,1.75,10,1.5,0,-41.234615611414455,-40.53055392621329
766,ksqexp,1.75,25,0.5,0.5,-39.00355818204804,-38.45069453613438
767,ksqexp,1.75,25,0.5,0.1,-64.87374787775575,-52.32338258628229
768,ksqexp,1.75,25,0.5,0.05,-73.36776670166954,-56.10407525860944
769,ksqexp,1.75,25,0.5,0.01,-80.94864090446237,-58.71557957479598
770,ksqexp,1.75,25,0.5,0,-81.4414977990586,-58.87190029805666
771,ksqexp,1.75,25,1,0.5,-40.50337400002586,-40.57749953433435
772,ksqexp,1.75,25,1,0.1,-47.67058861203503,-43.97187869894872
773,ksqexp,1.75,25,1,0.05,-50.48066232980666,-45.04856324782321
774,ksqexp,1.75,25,1,0.01,-52.46625402583578,-45.6932747748895
775,ksqexp,1.75,25,1,0,-52.574937506980326,-45.72704397672574
776,ksqexp,1.75,25,1.5,0.5,-42.01108965139619,-42.875463692008644
777,ksqexp,1.75,25,1.5,0.1,-43.62877206035437,-43.42896631693491
778,ksqexp,1.75,25,1.5,0.05,-44.89692534493548,-43.872832675836996
779,ksqexp,1.75,25,1.5,0.01,-45.70199824843455,-44.12354906847805
780,ksqexp,1.75,25,1.5,0,-45.743407509067296,-44.136081969490704
781,ksqexp,2,0.2,0.5,0.5,-34.4651264231727,-34.56865298066983
782,ksqexp,2,0.2,0.5,0.1,-330.5331662779981,-336.2342508610049
783,ksqexp,2,0.2,0.5,0.05,-1329.0049131472122,-1339.3582129894949
784,ksqexp,2,0.2,0.5,0.01,-26813.82792397541,-27133.432375740682
785,ksqexp,2,0.2,0.5,0,-24662506145.946274,-24662797645.62298
786,ksqexp,2,0.2,1,0.5,-33.304439663673776,-33.48614279536576
787,ksqexp,2,0.2,1,0.1,-319.900672941931,-324.6818769261112
788,ksqexp,2,0.2,1,0.05,-1300.605289352209,-1303.3131756403511
789,ksqexp,2,0.2,1,0.01,-25049.26548469726,-25509.65296656723
790,ksqexp,2,0.2,1,0,-17018150936.364847,-17018328443.708769
791,ksqexp,2,0.2,1.5,0.5,-32.618758350754376,-32.87418609257574
792,ksqexp,2,0.2,1.5,0.1,-316.72184377606675,-320.56647145892464
793,ksqexp,2,0.2,1.5,0.05,-1276.281433606674,-1276.0240243648095
794,ksqexp,2,0.2,1.5,0.01,-24297.8691012743,-24809.368549503797
795,ksqexp,2,0.2,1.5,0,-14008020582.516235,-14008156096.020596
796,ksqexp,2,0.5,0.5,0.5,-31.34604795488541,-31.576370072482455
797,ksqexp,2,0.5,0.5,0.1,-293.7061594615126,-287.2315774911397
798,ksqexp,2,0.5,0.5,0.05,-1128.422304739552,-1059.3597206385618
799,ksqexp,2,0.5,0.5,0.01,-14823.675127064818,-15074.35436114576
800,ksqexp,2,0.5,0.5,0,-1485941608.728435,-1486098902.7120783
801,ksqexp,2,0.5,1,0.5,-30.69536164447183,-31.18216192784875
802,ksqexp,2,0.5,1,0.1,-284.2454380648883,-271.3842116645127
803,ksqexp,2,0.5,1,0.05,-1022.5693536190581,-956.4927158740915
804,ksqexp,2,0.5,1,0.01,-13261.999740083496,-13694.08369214814
805,ksqexp,2,0.5,1,0,-783851155.5346055,-783930545.2726377
806,ksqexp,2,0.5,1.5,0.5,-30.62946610535565,-31.258670680796882
807,ksqexp,2,0.5,1.5,0.1,-276.7470694503249,-261.47985374393147
808,ksqexp,2,0.5,1.5,0.05,-941.8544046041358,-885.2524188084204
809,ksqexp,2,0.5,1.5,0.01,-12358.25050930904,-12826.041937224643
810,ksqexp,2,0.5,1.5,0,-532329116.332316,-532382207.6706297
811,ksqexp,2,1,0.5,0.5,-30.933095233506165,-31.14356122051329
812,ksqexp,2,1,0.5,0.1,-237.14514715415083,-228.8166501832228
813,ksqexp,2,1,0.5,0.05,-731.0301515388581,-673.6877716822457
814,ksqexp,2,1,0.5,0.01,-4118.28907362307,-3810.199166050673
815,ksqexp,2,1,0.5,0,-476201.21764271805,-477307.99839278753
816,ksqexp,2,1,1,0.5,-31.51500580308602,-32.11368593638806
817,ksqexp,2,1,1,0.1,-207.5957810922667,-195.7682562586345
818,ksqexp,2,1,1,0.05,-584.4215406730074,-534.0650737537727
819,ksqexp,2,1,1,0.01,-2593.5401603851938,-2409.9736446790803
820,ksqexp,2,1,1,0,-238074.75700465377,-238629.9598031609
821,ksqexp,2,1,1.5,0.5,-32.145036111590315,-32.975916561294255
822,ksqexp,2,1,1.5,0.1,-190.05327936596652,-177.46983200619175
823,ksqexp,2,1,1.5,0.05,-496.2717017978619,-453.2626286998144
824,ksqexp,2,1,1.5,0.01,-1937.6864220050102,-1806.266907741608
825,ksqexp,2,1,1.5,0,-158700.3155827787,-159071.65680943464
826,ksqexp,2,1.5,0.5,0.5,-32.01233836404586,-32.25008280092831
827,ksqexp,2,1.5,0.5,0.1,-184.78837322514337,-178.73291967638346
828,ksqexp,2,1.5,0.5,0.05,-516.2901325242148,-466.34540234569175
829,ksqexp,2,1.5,0.5,0.01,-2052.811929458951,-1749.5375621231108
830,ksqexp,2,1.5,0.5,0,-8258.404395361207,-7911.600049092114
831,ksqexp,2,1.5,1,0.5,-32.7501032659188,-33.513059714600324
832,ksqexp,2,1.5,1,0.1,-153.91614908394487,-145.05049942778396
833,ksqexp,2,1.5,1,0.05,-400.8305073818794,-354.49061318531267
834,ksqexp,2,1.5,1,0.01,-1141.4402393984062,-979.308474799038
835,ksqexp,2,1.5,1,0,-4113.252776545945,-3941.979118538079
836,ksqexp,2,1.5,1.5,0.5,-33.43563218575278,-34.530385658687436
837,ksqexp,2,1.5,1.5,0.1,-138.7560303077965,-129.03458271496123
838,ksqexp,2,1.5,1.5,0.05,-333.38286424453077,-292.52961238588983
839,ksqexp,2,1.5,1.5,0.01,-808.8898065869864,-700.916314389323
840,ksqexp,2,1.5,1.5,0,-2734.3259673796547,-2621.5625438149495
841,ksqexp,2,2,0.5,0.5,-32.93705170934527,-33.162095163080366
842,ksqexp,2,2,0.5,0.1,-165.86790749419913,-155.1202851677692
843,ksqexp,2,2,0.5,0.05,-445.133805461227,-394.47234641289543
844,ksqexp,2,2,0.5,0.01,-1150.965123780026,-1018.2756503670956
845,ksqexp,2,2,0.5,0,-1636.560854342656,-1482.0250652625352
846,ksqexp,2,2,1,0.5,-33.534981231792884,-34.32798848229334
847,ksqexp,2,2,1,0.1,-141.480245177355,-129.97449594099072
848,ksqexp,2,2,1,0.05,-312.4646652356633,-276.3073757481064
849,ksqexp,2,2,1,0.01,-631.2962139436494,-565.1346636928166
850,ksqexp,2,2,1,0,-810.2826432500237,-735.6259543316885
851,ksqexp,2,2,1.5,0.5,-34.17467585435402,-35.35014851914602
852,ksqexp,2,2,1.5,0.1,-126.30829514168684,-115.75078908811575
853,ksqexp,2,2,1.5,0.05,-242.83611439663983,-215.6381456838687
854,ksqexp,2,2,1.5,0.01,-442.64514700772463,-399.37346867968586
855,ksqexp,2,2,1.5,0,-537.6472280309886,-489.616905929711
856,ksqexp,2,2.5,0.5,0.5,-33.53694914089471,-33.633791949756386
857,ksqexp,2,2.5,0.5,0.1,-150.00238806560378,-134.7209305600841
858,ksqexp,2,2.5,0.5,0.05,-326.79296850151053,-287.77865935654575
859,ksqexp,2,2.5,0.5,0.01,-609.9609890737121,-548.5858302667626
860,ksqexp,2,2.5,0.5,0,-663.2254698116296,-597.9431941637041
861,ksqexp,2,2.5,1,0.5,-34.07206040017041,-34.6753695632964
862,ksqexp,2,2.5,1,0.1,-119.24641375727852,-108.0264244334728
863,ksqexp,2,2.5,1,0.05,-206.35626402211787,-185.2644405456765
864,ksqexp,2,2.5,1,0.01,-314.2606164321759,-285.8156032462931
865,ksqexp,2,2.5,1,0,-328.8143564301795,-299.261802824936
866,ksqexp,2,2.5,1.5,0.5,-34.81974228943373,-35.81115161068341
867,ksqexp,2,2.5,1.5,0.1,-101.06007820563873,-92.97228401388553
868,ksqexp,2,2.5,1.5,0.05,-153.96363830620047,-140.70250343537055
869,ksqexp,2,2.5,1.5,0.01,-213.5075235900918,-196.37768686638373
870,ksqexp,2,2.5,1.5,0,-220.13464199513282,-202.49199574334347
871,ksqexp,2,3,0.5,0.5,-34.0004000879521,-33.877420515066675
872,ksqexp,2,3,0.5,0.1,-126.46343423100657,-110.61483599202076
873,ksqexp,2,3,0.5,0.05,-227.09333940422096,-198.37289706197026
874,ksqexp,2,3,0.5,0.01,-331.1489405712293,-295.0371628069539
875,ksqexp,2,3,0.5,0,-339.30786231194475,-302.88875709135294
876,ksqexp,2,3,1,0.5,-34.64822015001803,-34.95790615628731
877,ksqexp,2,3,1,0.1,-93.1273451294641,-84.35907356068273
878,ksqexp,2,3,1,0.05,-136.1253866923491,-123.06142096201735
879,ksqexp,2,3,1,0.01,-168.38082114300812,-153.75086414976622
880,ksqexp,2,3,1,0,-170.39135824059883,-155.70266448375733
881,ksqexp,2,3,1.5,0.5,-35.56538274222216,-36.292360130899226
882,ksqexp,2,3,1.5,0.1,-76.69923047586003,-71.65267554159783
883,ksqexp,2,3,1.5,0.05,-100.61733238780515,-93.70753118730615
884,ksqexp,2,3,1.5,0.01,-116.00947963099142,-108.58214354303936
885,ksqexp,2,3,1.5,0,-116.87651364040744,-109.43129037191095
886,ksqexp,2,3.5,0.5,0.5,-34.438021302996226,-34.07650940956028
887,ksqexp,2,3.5,0.5,0.1,-107.12683479376362,-91.52917613481408
888,ksqexp,2,3.5,0.5,0.05,-167.75710344212618,-143.28603405629133
889,ksqexp,2,3.5,0.5,0.01,-211.00031486912678,-182.39330008930096
890,ksqexp,2,3.5,0.5,0,-213.19913116619173,-184.5132633020039
891,ksqexp,2,3.5,1,0.5,-35.25555125202456,-35.307021707094194
892,ksqexp,2,3.5,1,0.1,-75.68352734598463,-68.34850321066943
893,ksqexp,2,3.5,1,0.05,-98.0029775706018,-88.12464457467524
894,ksqexp,2,3.5,1,0.01,-109.20299285842174,-98.77210065273727
895,ksqexp,2,3.5,1,0,-109.70455062989889,-99.27568099438172
896,ksqexp,2,3.5,1.5,0.5,-36.30257960127944,-36.838476238594595
897,ksqexp,2,3.5,1.5,0.1,-62.08682442971653,-58.60807188968582
898,ksqexp,2,3.5,1.5,0.05,-73.09885199218753,-68.75503473169881
899,ksqexp,2,3.5,1.5,0.01,-77.79590733511007,-73.44247421997832
900,ksqexp,2,3.5,1.5,0,-77.99701388187745,-73.65381032274956
901,ksqexp,2,4,0.5,0.5,-34.86497495319946,-34.29923802945363
902,ksqexp,2,4,0.5,0.1,-93.8759155418952,-78.2575848616963
903,ksqexp,2,4,0.5,0.05,-132.08858376697927,-109.56616931987095
904,ksqexp,2,4,0.5,0.01,-155.36462848934445,-128.3209235449458
905,ksqexp,2,4,0.5,0,-156.53476365708698,-129.20312599794306
906,ksqexp,2,4,1,0.5,-35.847334481126964,-35.719550604027184
907,ksqexp,2,4,1,0.1,-64.74104135757122,-58.201206828355545
908,ksqexp,2,4,1,0.05,-77.12302739287571,-68.70320456514256
909,ksqexp,2,4,1,0.01,-82.71775244523933,-73.3616012594131
910,ksqexp,2,4,1,0,-82.97004553408144,-73.56199883060692
911,ksqexp,2,4,1.5,0.5,-36.990288777225544,-37.422421100446726
912,ksqexp,2,4,1.5,0.1,-53.43179413216293,-50.87962899788016
913,ksqexp,2,4,1.5,0.05,-58.9698790912647,-55.80844541487863
914,ksqexp,2,4,1.5,0.01,-61.14535657123139,-57.72554128960095
915,ksqexp,2,4,1.5,0,-61.23912959166013,-57.80561320716913
916,ksqexp,2,6,0.5,0.5,-36.29340668322473,-35.338632441135935
917,ksqexp,2,6,0.5,0.1,-67.6109788857974,-53.24281027342443
918,ksqexp,2,6,0.5,0.05,-79.83557964179434,-60.216786204550075
919,ksqexp,2,6,0.5,0.01,-93.62705266222247,-64.99795976125307
920,ksqexp,2,6,0.5,0,-94.8340303604769,-65.3253021486429
921,ksqexp,2,6,1,0.5,-37.57619665005722,-37.23642218871021
922,ksqexp,2,6,1,0.1,-46.72135509761967,-42.20928286934147
923,ksqexp,2,6,1,0.05,-50.80260056370302,-44.10160573382933
924,ksqexp,2,6,1,0.01,-54.80901095243133,-45.2950688924325
925,ksqexp,2,6,1,0,-55.082375010813784,-45.36531517946329
926,ksqexp,2,6,1.5,0.5,-38.84633349294818,-39.29992175984647
927,ksqexp,2,6,1.5,0.1,-40.8918715670558,-40.27818657650755
928,ksqexp,2,6,1.5,0.05,-42.784564534992356,-41.01600484123976
929,ksqexp,2,6,1.5,0.01,-44.515802043255775,-41.47700567886761
930,ksqexp,2,6,1.5,0,-44.622479992770785,-41.502642956046856
931,ksqexp,2,8,0.5,0.5,-37.316319935056924,-36.29041866244834
932,ksqexp,2,8,0.5,0.1,-63.77791476103682,-49.25898574515126
933,ksqexp,2,8,0.5,0.05,-74.0652348449314,-53.695623143361985
934,ksqexp,2,8,0.5,0.01,-89.65254746194334,-58.15899839226955
935,ksqexp,2,8,0.5,0,-91.11792420838688,-58.53069818661497
936,ksqexp,2,8,1,0.5,-38.5791897437623,-38.26998576977884
937,ksqexp,2,8,1,0.1,-44.95605051418188,-40.54766794543257
938,ksqexp,2,8,1,0.05,-49.02645380346934,-41.882082378057966
939,ksqexp,2,8,1,0.01,-53.86471080889406,-43.13255769277933
940,ksqexp,2,8,1,0,-54.20576893438072,-43.215868031523584
941,ksqexp,2,8,1.5,0.5,-39.826911323888524,-40.405199965012876
942,ksqexp,2,8,1.5,0.1,-40.220264076221476,-39.76755928140735
943,ksqexp,2,8,1.5,0.05,-42.35635611812278,-40.34238201804644
944,ksqexp,2,8,1.5,0.01,-44.5548331182253,-40.86945660745759
945,ksqexp,2,8,1.5,0,-44.69237394125706,-40.901581412753465
946,ksqexp,2,10,0.5,0.5,-38.11759250974791,-37.05756919157888
947,ksqexp,2,10,0.5,0.1,-66.23679043572535,-50.62717963591
948,ksqexp,2,10,0.5,0.05,-77.03912838038306,-55.11618165520961
949,ksqexp,2,10,0.5,0.01,-94.21968240139479,-60.10570881605191
950,ksqexp,2,10,0.5,0,-95.85217912512071,-60.53448579150034
951,ksqexp,2,10,1,0.5,-39.37039836069484,-39.04324522352688
952,ksqexp,2,10,1,0.1,-46.66597992582654,-41.7126244857269
953,ksqexp,2,10,1,0.05,-51.17564023441861,-43.19225177595902
954,ksqexp,2,10,1,0.01,-56.618440113660014,-44.65455569669199
955,ksqexp,2,10,1,0,-57.002791158588174,-44.752996867474465
956,ksqexp,2,10,1.5,0.5,-40.605211962791444,-41.18568800872708
957,ksqexp,2,10,1.5,0.1,-41.69918427496538,-40.90234028511287
958,ksqexp,2,10,1.5,0.05,-44.1678715589515,-41.601281844825834
959,ksqexp,2,10,1.5,0.01,-46.68652714742614,-42.244038452174365
960,ksqexp,2,10,1.5,0,-46.84365193442713,-42.28315732566152
961,ksqexp,2,25,0.5,0.5,-39.690932147758524,-38.67432044873462
962,ksqexp,2,25,0.5,0.1,-77.79481913295034,-59.21684473477515
963,ksqexp,2,25,0.5,0.05,-91.38412180248143,-65.83583058503325
964,ksqexp,2,25,0.5,0.01,-111.93678464643726,-72.62787142050055
965,ksqexp,2,25,0.5,0,-113.88712699942506,-73.19775867759908
966,ksqexp,2,25,1,0.5,-41.14289101170475,-40.75671570462507
967,ksqexp,2,25,1,0.1,-53.90104759335935,-47.38988377663709
968,ksqexp,2,25,1,0.05,-59.64276233383634,-49.713643990058166
969,ksqexp,2,25,1,0.01,-66.28114480114371,-51.77026265981139
970,ksqexp,2,25,1,0,-66.7473755729215,-51.90516741932349
971,ksqexp,2,25,1.5,0.5,-42.47811232507252,-42.95379818850167
972,ksqexp,2,25,1.5,0.1,-47.24943899965641,-45.413573044409134
973,ksqexp,2,25,1.5,0.05,-50.49316919532524,-46.599743524143825
974,ksqexp,2,25,1.5,0.01,-53.63078323786448,-47.542652899332154
975,ksqexp,2,25,1.5,0,-53.82478186173371,-47.598293765932645
976,ksqexp,2.25,0.2,0.5,0.5,-35.3884530906717,-35.452357430406714
977,ksqexp,2.25,0.2,0.5,0.1,-345.57441362001805,-352.23645024056805
978,ksqexp,2.25,0.2,0.5,0.05,-1366.9280343470903,-1377.9715733633727
979,ksqexp,2.25,0.2,0.5,0.01,-31282.21861259103,-30602.267958286586
980,ksqexp,2.25,0.2,0.5,0,-41311274332.163765,-41312008932.627914
981,ksqexp,2.25,0.2,1,0.5,-34.31363307326327,-34.43741018554503
982,ksqexp,2.25,0.2,1,0.1,-328.4087649875741,-334.2181881413688
983,ksqexp,2.25,0.2,1,0.05,-1357.1318102435073,-1352.9679531637366
984,ksqexp,2.25,0.2,1,0.01,-28834.363927415347,-28522.649415192784
985,ksqexp,2.25,0.2,1,0,-31426467931.50298,-31426886550.846832
986,ksqexp,2.25,0.2,1.5,0.5,-33.580031193539014,-33.76669934210954
987,ksqexp,2.25,0.2,1.5,0.1,-324.3068957547573,-328.7677754710503
988,ksqexp,2.25,0.2,1.5,0.05,-1351.755962841986,-1337.6507879975047
989,ksqexp,2.25,0.2,1.5,0.01,-27459.48076434049,-27389.55496586239
990,ksqexp,2.25,0.2,1.5,0,-25731592755.294888,-25731896389.643967
991,ksqexp,2.25,0.5,0.5,0.5,-32.32183498583605,-32.49092804961843
992,ksqexp,2.25,0.5,0.5,0.1,-306.26209863149757,-305.689512395111
993,ksqexp,2.25,0.5,0.5,0.05,-1240.712240004616,-1172.985577172256
994,ksqexp,2.25,0.5,0.5,0.01,-19197.599882446688,-18590.98594436337
995,ksqexp,2.25,0.5,0.5,0,-4582243344.716219,-4582801822.803417
996,ksqexp,2.25,0.5,1,0.5,-31.361074198483724,-31.803083426079297
997,ksqexp,2.25,0.5,1,0.1,-300.8386370033193,-292.1534573487339
998,ksqexp,2.25,0.5,1,0.05,-1191.0981966529132,-1105.2510692315823
999,ksqexp,2.25,0.5,1,0.01,-16334.756509382887,-16378.033301252515
1000,ksqexp,2.25,0.5,1,0,-2733142143.8002763,-2733431412.261334
1001,ksqexp,2.25,0.5,1.5,0.5,-31.0102773289831,-31.62499839144595
1002,ksqexp,2.25,0.5,1.5,0.1,-298.2068264323805,-285.0499594373317
1003,ksqexp,2.25,0.5,1.5,0.05,-1146.7178361140743,-1056.9499116127247
1004,ksqexp,2.25,0.5,1.5,0.01,-15089.233952588032,-15367.818064655046
1005,ksqexp,2.25,0.5,1.5,0,-1946681980.6729596,-1946877084.5828474
1006,ksqexp,2.25,1,0.5,0.5,-31.158761958371652,-31.293077510800444
1007,ksqexp,2.25,1,0.5,0.1,-270.0915955237162,-263.9181372285085
1008,ksqexp,2.25,1,0.5,0.05,-921.7787630807054,-849.6960327705293
1009,ksqexp,2.25,1,0.5,0.01,-7639.402596169022,-6824.561705557796
1010,ksqexp,2.25,1,0.5,0,-1851752.0174418665,-1857323.0885201634
1011,ksqexp,2.25,1,1,0.5,-31.42339950298191,-31.95192703033076
1012,ksqexp,2.25,1,1,0.1,-246.03671116399295,-233.78957582119185
1013,ksqexp,2.25,1,1,0.05,-806.1625808048116,-728.0306789063878
1014,ksqexp,2.25,1,1,0.01,-5020.327693547376,-4525.14187224867
1015,ksqexp,2.25,1,1,0,-925898.8859656939,-928686.5689265843
1016,ksqexp,2.25,1,1.5,0.5,-31.871631900130964,-32.64724676126469
1017,ksqexp,2.25,1,1.5,0.1,-232.01510536130863,-217.1017869910962
1018,ksqexp,2.25,1,1.5,0.05,-731.0078444141571,-654.2988171807913
1019,ksqexp,2.25,1,1.5,0.01,-3852.6581272703133,-3490.4308833590544
1020,ksqexp,2.25,1,1.5,0,-617257.3126166073,-619117.1451706737
1021,ksqexp,2.25,1.5,0.5,0.5,-32.040244785933105,-32.13451534627947
1022,ksqexp,2.25,1.5,0.5,0.1,-222.91020999924396,-218.0931561183933
1023,ksqexp,2.25,1.5,0.5,0.05,-663.753900601955,-606.3712293144001
1024,ksqexp,2.25,1.5,0.5,0.01,-4415.724579539312,-3634.1799049193332
1025,ksqexp,2.25,1.5,0.5,0,-25898.401930513788,-24752.613218730425
1026,ksqexp,2.25,1.5,1,0.5,-32.657354933257295,-33.284941842245445
1027,ksqexp,2.25,1.5,1,0.1,-188.89660393656783,-180.32882566136738
1028,ksqexp,2.25,1.5,1,0.05,-562.4449736596572,-497.37928098599633
1029,ksqexp,2.25,1.5,1,0.01,-2587.916520498862,-2118.969558230176
1030,ksqexp,2.25,1.5,1,0,-12927.172509813441,-12356.61761299698
1031,ksqexp,2.25,1.5,1.5,0.5,-33.26683155563338,-34.242214778440726
1032,ksqexp,2.25,1.5,1.5,0.1,-172.43488442352924,-161.85253729205417
1033,ksqexp,2.25,1.5,1.5,0.05,-502.9652784052299,-437.53541115241796
1034,ksqexp,2.25,1.5,1.5,0.01,-1845.5504727507343,-1512.1714152224197
1035,ksqexp,2.25,1.5,1.5,0,-8606.217022145138,-8227.406775980779
1036,ksqexp,2.25,2,0.5,0.5,-33.05197647367291,-33.107684462656586
1037,ksqexp,2.25,2,0.5,0.1,-192.09977430822593,-184.66793603531625
1038,ksqexp,2.25,2,0.5,0.05,-608.0459070484712,-541.712793381396
1039,ksqexp,2.25,2,0.5,0.01,-2505.4020480120207,-2119.3389059213882
1040,ksqexp,2.25,2,0.5,0,-4205.869106008255,-3728.794684613253
1041,ksqexp,2.25,2,1,0.5,-33.65084374642077,-34.31234710431232
1042,ksqexp,2.25,2,1,0.1,-170.24588286167216,-158.93091332698188
1043,ksqexp,2.25,2,1,0.05,-495.8396640041113,-432.86654477735
1044,ksqexp,2.25,2,1,0.01,-1382.2602671094967,-1179.531749525216
1045,ksqexp,2.25,2,1,0,-2089.7101904467477,-1854.0629538489577
1046,ksqexp,2.25,2,1.5,0.5,-34.211427888325076,-35.29628447164373
1047,ksqexp,2.25,2,1.5,0.1,-159.87284504347443,-147.06253744566177
1048,ksqexp,2.25,2,1.5,0.05,-419.11800216168024,-363.32064545115924
1049,ksqexp,2.25,2,1.5,0.01,-972.6031022925456,-836.6487836273168
1050,ksqexp,2.25,2,1.5,0,-1387.1145289922224,-1231.943021493138
1051,ksqexp,2.25,2.5,0.5,0.5,-33.81298695039668,-33.76306761833414
1052,ksqexp,2.25,2.5,0.5,0.1,-181.01032131690238,-166.8256888113214
1053,ksqexp,2.25,2.5,0.5,0.05,-510.0900660324314,-447.87984341290985
1054,ksqexp,2.25,2.5,0.5,0.01,-1337.227450657423,-1178.8806812901028
1055,ksqexp,2.25,2.5,0.5,0,-1590.4059073134395,-1412.6490475089763
1056,ksqexp,2.25,2.5,1,0.5,-34.28962931380846,-34.82022507491367
1057,ksqexp,2.25,2.5,1,0.1,-157.70181012229585,-143.4645359672701
1058,ksqexp,2.25,2.5,1,0.05,-365.87443191859944,-321.44213133406475
1059,ksqexp,2.25,2.5,1,0.01,-709.5020516126641,-630.2793698683888
1060,ksqexp,2.25,2.5,1,0,-787.7091745201308,-702.2576590154646
1061,ksqexp,2.25,2.5,1.5,0.5,-34.84054899628504,-35.80936435982207
1062,ksqexp,2.25,2.5,1.5,0.1,-142.7350004103617,-129.72001995667588
1063,ksqexp,2.25,2.5,1.5,0.05,-286.23454865443415,-253.0739041945945
1064,ksqexp,2.25,2.5,1.5,0.01,-485.140609922617,-433.54360989620045
1065,ksqexp,2.25,2.5,1.5,0,-522.9342532114566,-468.2511858479245
1066,ksqexp,2.25,3,0.5,0.5,-34.356074335709096,-34.11505315576641
1067,ksqexp,2.25,3,0.5,0.1,-163.15007433789202,-144.98444413885105
1068,ksqexp,2.25,3,0.5,0.05,-371.6920416728626,-325.8526304094147
1069,ksqexp,2.25,3,0.5,0.01,-705.2698160698619,-628.6002502584455
1070,ksqexp,2.25,3,0.5,0,-745.2318049898183,-666.5684663610836
1071,ksqexp,2.25,3,1,0.5,-34.840855943799205,-35.091732700777975
1072,ksqexp,2.25,3,1,0.1,-131.0384043305971,-118.23296663350274
1073,ksqexp,2.25,3,1,0.05,-240.5415904737326,-214.4871367833753
1074,ksqexp,2.25,3,1,0.01,-358.76748473696114,-323.82916363000186
1075,ksqexp,2.25,3,1,0,-369.1429490551953,-333.7263278867231
1076,ksqexp,2.25,3,1.5,0.5,-35.51141218700876,-36.19773960191172
1077,ksqexp,2.25,3,1.5,0.1,-112.17913747196087,-102.83183718621552
1078,ksqexp,2.25,3,1.5,0.05,-180.52597780520824,-163.66807623462142
1079,ksqexp,2.25,3,1.5,0.01,-241.94612274680168,-221.1441480490874
1080,ksqexp,2.25,3,1.5,0,-246.5706537931735,-225.56960511400555
1081,ksqexp,2.25,3.5,0.5,0.5,-34.81267171070584,-34.328079778775034
1082,ksqexp,2.25,3.5,0.5,0.1,-141.47726865786535,-122.391878433329
1083,ksqexp,2.25,3.5,0.5,0.05,-269.76510571293835,-234.1100955125055
1084,ksqexp,2.25,3.5,0.5,0.01,-411.8220033384616,-361.5336105130389
1085,ksqexp,2.25,3.5,0.5,0,-421.09946348530235,-370.36642873097486
1086,ksqexp,2.25,3.5,1,0.5,-35.42258042932213,-35.355038401337325
1087,ksqexp,2.25,3.5,1,0.1,-105.52048538606665,-94.89962573808778
1088,ksqexp,2.25,3.5,1,0.05,-164.68427587140695,-147.1369134997263
1089,ksqexp,2.25,3.5,1,0.01,-207.66037521134697,-186.71989007375848
1090,ksqexp,2.25,3.5,1,0,-209.89062773689386,-188.88857668974606
1091,ksqexp,2.25,3.5,1.5,0.5,-36.231627599128466,-36.627000190502784
1092,ksqexp,2.25,3.5,1.5,0.1,-87.42855966147602,-80.98554630232215
1093,ksqexp,2.25,3.5,1.5,0.05,-121.38830344741214,-111.43369752490588
1094,ksqexp,2.25,3.5,1.5,0.01,-141.33143101432597,-130.24699340535372
1095,ksqexp,2.25,3.5,1.5,0,-142.27833924330182,-131.1866160991504
1096,ksqexp,2.25,4,0.5,0.5,-35.23495741449201,-34.50467468481441
1097,ksqexp,2.25,4,0.5,0.1,-124.32518648784274,-104.5812543991786
1098,ksqexp,2.25,4,0.5,0.05,-206.91764145554302,-175.2841930832465
1099,ksqexp,2.25,4,0.5,0.01,-279.689946139383,-235.3446829088617
1100,ksqexp,2.25,4,0.5,0,-284.20782764709804,-238.60015963517563
1101,ksqexp,2.25,4,1,0.5,-36.00893318721782,-35.67019030324897
1102,ksqexp,2.25,4,1,0.1,-88.27219098755415,-78.65665227784218
1103,ksqexp,2.25,4,1,0.05,-121.912748204404,-107.76890463095216
1104,ksqexp,2.25,4,1,0.01,-142.34755308664936,-124.60453705404714
1105,ksqexp,2.25,4,1,0,-143.40780019694188,-125.37882216179544
1106,ksqexp,2.25,4,1.5,0.5,-36.93099100100077,-37.11221579911089
1107,ksqexp,2.25,4,1.5,0.1,-72.02782976213177,-66.97403185397278
1108,ksqexp,2.25,4,1.5,0.05,-89.796582356128,-82.58774565386238
1109,ksqexp,2.25,4,1.5,0.01,-98.82922989272012,-90.1026264473197
1110,ksqexp,2.25,4,1.5,0,-99.26511447477944,-90.42903310029804
1111,ksqexp,2.25,6,0.5,0.5,-36.69491249683479,-35.361842711179165
1112,ksqexp,2.25,6,0.5,0.1,-87.69075592084305,-67.36933107463399
1113,ksqexp,2.25,6,0.5,0.05,-109.40078643268347,-82.38481907701103
1114,ksqexp,2.25,6,0.5,0.01,-144.07649886559648,-95.2075403444958
1115,ksqexp,2.25,6,0.5,0,-148.88650541834022,-96.45678968436252
1116,ksqexp,2.25,6,1,0.5,-37.94959888532824,-37.12390174577729
1117,ksqexp,2.25,6,1,0.1,-57.5999532807677,-50.10005103325378
1118,ksqexp,2.25,6,1,0.05,-65.983283799476,-54.947046855679154
1119,ksqexp,2.25,6,1,0.01,-78.33700100352821,-58.83734246176197
1120,ksqexp,2.25,6,1,0,-79.52855142807576,-59.137851359845826
1121,ksqexp,2.25,6,1.5,0.5,-39.09958900230846,-39.03044242476901
1122,ksqexp,2.25,6,1.5,0.1,-47.76319650411914,-45.2340880544435
1123,ksqexp,2.25,6,1.5,0.05,-52.42780616713012,-47.55234027268762
1124,ksqexp,2.25,6,1.5,0.01,-58.69296466554486,-49.36411515472501
1125,ksqexp,2.25,6,1.5,0,-59.199890191831905,-49.48886201681014
1126,ksqexp,2.25,8,0.5,0.5,-37.71767385750566,-36.23865918055518
1127,ksqexp,2.25,8,0.5,0.1,-77.96751909405661,-57.74744375659963
1128,ksqexp,2.25,8,0.5,0.05,-92.77851309220375,-65.67449331730882
1129,ksqexp,2.25,8,0.5,0.01,-129.66154920548237,-76.56223945279223
1130,ksqexp,2.25,8,0.5,0,-135.29802441618392,-77.95992455573312
1131,ksqexp,2.25,8,1,0.5,-39.0134360999321,-38.17922876624035
1132,ksqexp,2.25,8,1,0.1,-51.70782033160299,-44.696813087176174
1133,ksqexp,2.25,8,1,0.05,-58.624322082001875,-47.48168430648904
1134,ksqexp,2.25,8,1,0.01,-72.6068836770473,-51.22636422335792
1135,ksqexp,2.25,8,1,0,-74.01947474816123,-51.5704574511723
1136,ksqexp,2.25,8,1.5,0.5,-40.152066834848064,-40.21528386453167
1137,ksqexp,2.25,8,1.5,0.1,-44.08277519486911,-42.084062214183795
1138,ksqexp,2.25,8,1.5,0.05,-48.46089811974412,-43.55419212307399
1139,ksqexp,2.25,8,1.5,0.01,-55.776069202766436,-45.41886070079438
1140,ksqexp,2.25,8,1.5,0,-56.383948284965044,-45.564625181259245
1141,ksqexp,2.25,10,0.5,0.5,-38.500270620159625,-36.989734758811
1142,ksqexp,2.25,10,0.5,0.1,-78.53504815513861,-57.12607490345441
1143,ksqexp,2.25,10,0.5,0.05,-93.02887802173873,-64.24198923381
1144,ksqexp,2.25,10,0.5,0.01,-132.3889217713468,-75.74836813775204
1145,ksqexp,2.25,10,0.5,0,-138.49618129081932,-77.29748386994405
1146,ksqexp,2.25,10,1,0.5,-39.76921461496803,-38.95628969365982
1147,ksqexp,2.25,10,1,0.1,-52.33158983497864,-44.75861652155051
1148,ksqexp,2.25,10,1,0.05,-59.49326012788469,-47.46914500269901
1149,ksqexp,2.25,10,1,0.01,-74.62922074045422,-51.56602700161914
1150,ksqexp,2.25,10,1,0,-76.16654041934237,-51.95090533789465
1151,ksqexp,2.25,10,1.5,0.5,-40.88782084697819,-41.01631136028019
1152,ksqexp,2.25,10,1.5,0.1,-44.838418358903674,-42.522290158068664
1153,ksqexp,2.25,10,1.5,0.05,-49.52831891132925,-44.04615003535023
1154,ksqexp,2.25,10,1.5,0.01,-57.51607452752954,-46.128136949333054
1155,ksqexp,2.25,10,1.5,0,-58.1806502210768,-46.292702591966766
1156,ksqexp,2.25,25,0.5,0.5,-40.313190723284464,-38.86923564168335
1157,ksqexp,2.25,25,0.5,0.1,-93.6030630984714,-67.28982059915408
1158,ksqexp,2.25,25,0.5,0.05,-112.1379363322617,-77.59231483571143
1159,ksqexp,2.25,25,0.5,0.01,-157.6324734807026,-92.52327239154744
1160,ksqexp,2.25,25,0.5,0,-164.70852122024763,-94.47480146152597
1161,ksqexp,2.25,25,1,0.5,-41.750962892110444,-40.91951782109365
1162,ksqexp,2.25,25,1,0.1,-61.863951708465585,-51.69249825223032
1163,ksqexp,2.25,25,1,0.05,-70.6666808208249,-55.71316156831314
1164,ksqexp,2.25,25,1,0.01,-88.33268269368921,-61.06907998545971
1165,ksqexp,2.25,25,1,0,-90.12576516889294,-61.5597486386365
1166,ksqexp,2.25,25,1.5,0.5,-42.97235204060749,-43.03810980875194
1167,ksqexp,2.25,25,1.5,0.1,-52.08901474588642,-48.09601357811103
1168,ksqexp,2.25,25,1.5,0.05,-57.86020150751747,-50.40718325629339
1169,ksqexp,2.25,25,1.5,0.01,-67.27495577344905,-53.16611314683117
1170,ksqexp,2.25,25,1.5,0,-68.0555032428058,-53.37872112860884
1171,ksqexp,2.5,0.2,0.5,0.5,-36.16758365216422,-36.196970341260936
1172,ksqexp,2.5,0.2,0.5,0.1,-365.11036176176435,-372.5703777703191
1173,ksqexp,2.5,0.2,0.5,0.05,-1373.7131252321024,-1395.911446282095
1174,ksqexp,2.5,0.2,0.5,0.01,-34885.15020222888,-33236.582911107645
1175,ksqexp,2.5,0.2,0.5,0,-52708384995.259605,-52710425809.71536
1176,ksqexp,2.5,0.2,1,0.5,-35.30872011572243,-35.37939964248721
1177,ksqexp,2.5,0.2,1,0.1,-336.14056015895903,-344.20377949631103
1178,ksqexp,2.5,0.2,1,0.05,-1360.8116774695109,-1366.865632904802
1179,ksqexp,2.5,0.2,1,0.01,-33516.806066214434,-31952.122130342315
1180,ksqexp,2.5,0.2,1,0,-45924236897.8397,-45925346510.41142
1181,ksqexp,2.5,0.2,1.5,0.5,-34.62584947374379,-34.74495098188644
1182,ksqexp,2.5,0.2,1.5,0.1,-327.13362904194923,-334.2587460466954
1183,ksqexp,2.5,0.2,1.5,0.05,-1362.0969167763399,-1355.809435097482
1184,ksqexp,2.5,0.2,1.5,0.01,-32288.44180978002,-30947.223441247883
1185,ksqexp,2.5,0.2,1.5,0,-40750970700.32553,-40751749754.40044
1186,ksqexp,2.5,0.5,0.5,0.5,-33.310225300581884,-33.40327756722784
1187,ksqexp,2.5,0.5,0.5,0.1,-315.34140231293173,-321.3651493040826
1188,ksqexp,2.5,0.5,0.5,0.05,-1282.0857180756873,-1238.9339282391968
1189,ksqexp,2.5,0.5,0.5,0.01,-25096.77252327831,-23011.1548107521
1190,ksqexp,2.5,0.5,0.5,0,-8838279950.691025,-8839837149.175243
1191,ksqexp,2.5,0.5,1,0.5,-32.239349773980145,-32.59826410559328
1192,ksqexp,2.5,0.5,1,0.1,-306.71683760465646,-305.3732004746897
1193,ksqexp,2.5,0.5,1,0.05,-1263.3672930448345,-1190.204728895132
1194,ksqexp,2.5,0.5,1,0.01,-21353.454372930675,-20172.63282902438
1195,ksqexp,2.5,0.5,1,0,-6472133283.915793,-6472997550.6942005
1196,ksqexp,2.5,0.5,1.5,0.5,-31.70808151481979,-32.25740014252584
1197,ksqexp,2.5,0.5,1.5,0.1,-305.0662777518863,-298.75088862115035
1198,ksqexp,2.5,0.5,1.5,0.05,-1243.814064474855,-1157.0904755190961
1199,ksqexp,2.5,0.5,1.5,0.01,-19290.809664357723,-18643.064637113654
1200,ksqexp,2.5,0.5,1.5,0,-5094911805.781332,-5095509211.12449
1201,ksqexp,2.5,1,0.5,0.5,-31.54119620889276,-31.598775012512313
1202,ksqexp,2.5,1,0.5,0.1,-292.37789406229956,-290.4141488672004
1203,ksqexp,2.5,1,0.5,0.05,-1059.2795707039074,-988.5818748706589
1204,ksqexp,2.5,1,0.5,0.01,-12761.081837070586,-11063.920597056343
1205,ksqexp,2.5,1,0.5,0,-6331258.027553226,-6352948.581171133
1206,ksqexp,2.5,1,1,0.5,-31.5237837986646,-31.97385061688964
1207,ksqexp,2.5,1,1,0.1,-273.091423062565,-263.7875838479544
1208,ksqexp,2.5,1,1,0.05,-967.9457901312204,-880.1383762000429
1209,ksqexp,2.5,1,1,0.01,-8876.578165015726,-7752.954066276995
1210,ksqexp,2.5,1,1,0,-3166288.446351147,-3177137.4656820167
1211,ksqexp,2.5,1,1.5,0.5,-31.778688683689698,-32.488897925465785
1212,ksqexp,2.5,1,1.5,0.1,-261.982292357329,-248.49248976802187
1213,ksqexp,2.5,1,1.5,0.05,-910.7394133251521,-817.5017820005811
1214,ksqexp,2.5,1,1.5,0.01,-6973.777187567433,-6133.842951134312
1215,ksqexp,2.5,1,1.5,0,-2110988.9117038744,-2118223.399069799
1216,ksqexp,2.5,1.5,0.5,0.5,-32.118033448751916,-32.08500538541262
1217,ksqexp,2.5,1.5,0.5,0.1,-258.4347378023871,-254.42722363337907
1218,ksqexp,2.5,1.5,0.5,0.05,-803.3352535945319,-745.0184919586947
1219,ksqexp,2.5,1.5,0.5,0.01,-8062.050762426978,-6533.662510583194
1220,ksqexp,2.5,1.5,0.5,0,-76460.32914422966,-73343.99836193035
1221,ksqexp,2.5,1.5,1,0.5,-32.56655228374711,-33.06411520970302
1222,ksqexp,2.5,1.5,1,0.1,-225.17584721096546,-217.144938430647
1223,ksqexp,2.5,1.5,1,0.05,-694.3069219317381,-621.710250664596
1224,ksqexp,2.5,1.5,1,0.01,-5193.3613277424865,-4161.210666385005
1225,ksqexp,2.5,1.5,1,0,-38202.26830128201,-36646.60995363457
1226,ksqexp,2.5,1.5,1.5,0.5,-33.06782910489528,-33.92193604099256
1227,ksqexp,2.5,1.5,1.5,0.1,-206.62408395839316,-196.1569520246105
1228,ksqexp,2.5,1.5,1.5,0.05,-641.9222144495287,-563.3269688860435
1229,ksqexp,2.5,1.5,1.5,0.01,-3855.111680858648,-3076.5776752974966
1230,ksqexp,2.5,1.5,1.5,0,-25452.342421460762,-24416.908498050212
1231,ksqexp,2.5,2,0.5,0.5,-33.08974365000211,-32.9872866236523
1232,ksqexp,2.5,2,0.5,0.1,-219.11185974823107,-214.95336254630308
1233,ksqexp,2.5,2,0.5,0.05,-717.8847960028401,-649.9672339391097
1234,ksqexp,2.5,2,0.5,0.01,-5124.071626813652,-4176.808925767452
1235,ksqexp,2.5,2,0.5,0,-10362.084648187436,-9002.997422285698
1236,ksqexp,2.5,2,1,0.5,-33.65705794190596,-34.165758766985704
1237,ksqexp,2.5,2,1,0.1,-192.0076129487333,-183.2375070977605
1238,ksqexp,2.5,2,1,0.05,-648.3085547725167,-567.3456051358459
1239,ksqexp,2.5,2,1,0.01,-2932.787490236043,-2388.7287546150023
1240,ksqexp,2.5,2,1,0,-5162.684830693453,-4486.280958774603
1241,ksqexp,2.5,2,1.5,0.5,-34.18698685698808,-35.13286037550031
1242,ksqexp,2.5,2,1.5,0.1,-182.12579547017862,-170.30354439010955
1243,ksqexp,2.5,2,1.5,0.05,-594.580957753399,-512.2101625957325
1244,ksqexp,2.5,2,1.5,0.01,-2072.459864991428,-1694.5444612568353
1245,ksqexp,2.5,2,1.5,0,-3432.342120705805,-2983.4993731231284
1246,ksqexp,2.5,2.5,0.5,0.5,-33.95214520171259,-33.747972024597765
1247,ksqexp,2.5,2.5,0.5,0.1,-204.47945712351682,-193.94068878755863
1248,ksqexp,2.5,2.5,0.5,0.05,-669.4211750159883,-592.5837799074845
1249,ksqexp,2.5,2.5,0.5,0.01,-2778.3103713132264,-2366.709369047545
1250,ksqexp,2.5,2.5,0.5,0,-3714.917209236444,-3217.8119327786585
1251,ksqexp,2.5,2.5,1,0.5,-34.44494046958339,-34.85777924065473
1252,ksqexp,2.5,2.5,1,0.1,-184.3184765455953,-170.88139111233056
1253,ksqexp,2.5,2.5,1,0.05,-554.5901698269996,-481.9867436996932
1254,ksqexp,2.5,2.5,1,0.01,-1518.4182042542513,-1302.5786705990251
1255,ksqexp,2.5,2.5,1,0,-1845.3292692799462,-1600.5095950078837
1256,ksqexp,2.5,2.5,1.5,0.5,-34.919350196603475,-35.801378645668784
1257,ksqexp,2.5,2.5,1.5,0.1,-174.94206996728244,-160.1001000144493
1258,ksqexp,2.5,2.5,1.5,0.05,-471.0993019970285,-407.33242134429355
1259,ksqexp,2.5,2.5,1.5,0.01,-1054.431277488085,-908.9881452591851
1260,ksqexp,2.5,2.5,1.5,0,-1224.9239432468444,-1064.1994699818833
1261,ksqexp,2.5,3,0.5,0.5,-34.59941706910298,-34.23417631936718
1262,ksqexp,2.5,3,0.5,0.1,-193.5597221260945,-175.77928974219347
1263,ksqexp,2.5,3,0.5,0.05,-541.5831449594262,-477.2341498639978
1264,ksqexp,2.5,3,0.5,0.01,-1461.4761187530637,-1284.3302591241095
1265,ksqexp,2.5,3,0.5,0,-1638.4376267637326,-1448.4950365545496
1266,ksqexp,2.5,3,1,0.5,-35.032345157768205,-35.212307091324135
1267,ksqexp,2.5,3,1,0.1,-166.63659292733817,-151.49620430439023
1268,ksqexp,2.5,3,1,0.05,-393.7499645831269,-347.37119057692075
1269,ksqexp,2.5,3,1,0.01,-762.2340501228995,-674.9111649242913
1270,ksqexp,2.5,3,1,0,-811.5153972963652,-720.8095774273786
1271,ksqexp,2.5,3,1.5,0.5,-35.55162436299871,-36.18929074961463
1272,ksqexp,2.5,3,1.5,0.1,-150.65558179595558,-137.43543839891885
1273,ksqexp,2.5,3,1.5,0.05,-310.7806282127244,-275.7334430811304
1274,ksqexp,2.5,3,1.5,0.01,-515.9385196896304,-459.8355160582127
1275,ksqexp,2.5,3,1.5,0,-538.6653106504175,-481.03841424575836
1276,ksqexp,2.5,3.5,0.5,0.5,-35.10929683696738,-34.52527699705087
1277,ksqexp,2.5,3.5,0.5,0.1,-176.1307241259439,-154.3748491863398
1278,ksqexp,2.5,3.5,0.5,0.05,-404.0995400776647,-355.8222687571337
1279,ksqexp,2.5,3.5,0.5,0.01,-805.3684489335346,-712.6922800941289
1280,ksqexp,2.5,3.5,0.5,0,-844.0483681099716,-748.8608302397041
1281,ksqexp,2.5,3.5,1,0.5,-35.59987106419264,-35.46203870697575
1282,ksqexp,2.5,3.5,1,0.1,-140.00293602315406,-126.30246181992642
1283,ksqexp,2.5,3.5,1,0.05,-267.0074754402656,-238.72938599735147
1284,ksqexp,2.5,3.5,1,0.01,-407.87626563768407,-365.5452834830607
1285,ksqexp,2.5,3.5,1,0,-417.523864171632,-374.6888800044361
1286,ksqexp,2.5,3.5,1.5,0.5,-36.23818996012908,-36.54955347703934
1287,ksqexp,2.5,3.5,1.5,0.1,-120.0187316145377,-110.38835026297352
1288,ksqexp,2.5,3.5,1.5,0.05,-202.26214783580957,-183.44116632863046
1289,ksqexp,2.5,3.5,1.5,0.01,-273.9216361779358,-248.71652571837677
1290,ksqexp,2.5,3.5,1.5,0,-278.1396862467725,-252.75555331664236
1291,ksqexp,2.5,4,0.5,0.5,-35.55068838142878,-34.717955672229834
1292,ksqexp,2.5,4,0.5,0.1,-158.15157249971085,-134.21213308065614
1293,ksqexp,2.5,4,0.5,0.05,-308.90734043991773,-267.92438189166353
1294,ksqexp,2.5,4,0.5,0.01,-505.4404822696579,-436.3576198677047
1295,ksqexp,2.5,4,0.5,0,-521.3563829980963,-447.9550024185343
1296,ksqexp,2.5,4,1,0.5,-36.17491580907196,-35.71419549169343
1297,ksqexp,2.5,4,1,0.1,-117.57191180794014,-104.86106716889037
1298,ksqexp,2.5,4,1,0.05,-191.5983252143079,-170.75014218355446
1299,ksqexp,2.5,4,1,0.01,-254.56411695909046,-224.18051738597583
1300,ksqexp,2.5,4,1,0,-258.4836431688927,-227.003911896804
1301,ksqexp,2.5,4,1.5,0.5,-36.93475876815574,-36.944889969086596
1302,ksqexp,2.5,4,1.5,0.1,-97.39726894947488,-89.72172010165269
1303,ksqexp,2.5,4,1.5,0.05,-141.70102907883717,-129.320605906437
1304,ksqexp,2.5,4,1.5,0.01,-171.96560451865403,-154.9249710958958
1305,ksqexp,2.5,4,1.5,0,-173.6500533064722,-156.14420514312582
1306,ksqexp,2.5,6,0.5,0.5,-37.01963635613014,-35.41582507589327
1307,ksqexp,2.5,6,0.5,0.1,-115.43373809064397,-86.92377657723019
1308,ksqexp,2.5,6,0.5,0.05,-152.54214111715987,-116.9207138903758
1309,ksqexp,2.5,6,0.5,0.01,-221.8115804708979,-145.5574352991763
1310,ksqexp,2.5,6,0.5,0,-237.8623674513931,-149.55923105550247
1311,ksqexp,2.5,6,1,0.5,-38.23336000027088,-37.012857664584985
1312,ksqexp,2.5,6,1,0.1,-74.22028073799841,-62.51019858387799
1313,ksqexp,2.5,6,1,0.05,-88.64592283047531,-73.04907311434937
1314,ksqexp,2.5,6,1,0.01,-117.09848437364144,-82.70994021438416
1315,ksqexp,2.5,6,1,0,-121.36891870349031,-83.7445192066576
1316,ksqexp,2.5,6,1.5,0.5,-39.31634081057581,-38.765958162469026
1317,ksqexp,2.5,6,1.5,0.1,-59.01841995595341,-53.80963232904078
1318,ksqexp,2.5,6,1.5,0.05,-67.4047188966558,-59.2148531609561
1319,ksqexp,2.5,6,1.5,0.01,-83.42693241191992,-64.14380038928371
1320,ksqexp,2.5,6,1.5,0,-85.32842586519797,-64.59693868504813
1321,ksqexp,2.5,8,0.5,0.5,-38.08373454176268,-36.21903038627762
1322,ksqexp,2.5,8,0.5,0.1,-98.54402167407466,-70.17652334995962
1323,ksqexp,2.5,8,0.5,0.05,-118.76304769222607,-83.84695022324404
1324,ksqexp,2.5,8,0.5,0.01,-188.69926033902584,-105.65440609636038
1325,ksqexp,2.5,8,0.5,0,-207.35557916449656,-110.17524378737826
1326,ksqexp,2.5,8,1,0.5,-39.44659171711365,-38.1116994442716
1327,ksqexp,2.5,8,1,0.1,-62.34757383568411,-51.50472937729611
1328,ksqexp,2.5,8,1,0.05,-71.63898874040996,-56.421816524706344
1329,ksqexp,2.5,8,1,0.01,-102.76222460968145,-65.05467517768899
1330,ksqexp,2.5,8,1,0,-107.76106621147481,-66.24815203659541
1331,ksqexp,2.5,8,1.5,0.5,-40.552911594605945,-40.065500594022424
1332,ksqexp,2.5,8,1.5,0.1,-50.610313709986734,-46.3447729888002
1333,ksqexp,2.5,8,1.5,0.05,-56.998130120100555,-49.0961046974172
1334,ksqexp,2.5,8,1.5,0.01,-75.11472960947991,-53.866744200536175
1335,ksqexp,2.5,8,1.5,0,-77.35355196785031,-54.396444880190735
1336,ksqexp,2.5,10,0.5,0.5,-38.85415402807097,-36.94118456440794
1337,ksqexp,2.5,10,0.5,0.1,-95.72897005809259,-66.39876518527186
1338,ksqexp,2.5,10,0.5,0.05,-113.98635583835116,-77.42312592446177
1339,ksqexp,2.5,10,0.5,0.01,-187.50279388303164,-99.69468052029569
1340,ksqexp,2.5,10,0.5,0,-207.52513141912254,-104.64204295375836
1341,ksqexp,2.5,10,1,0.5,-40.18514407381132,-38.89628115492461
1342,ksqexp,2.5,10,1,0.1,-60.92799225550231,-49.63175499835385
1343,ksqexp,2.5,10,1,0.05,-69.95774713761087,-53.92346395913137
1344,ksqexp,2.5,10,1,0.01,-103.16302123213815,-63.09683888838472
1345,ksqexp,2.5,10,1,0,-108.53961149061678,-64.4097316124825
1346,ksqexp,2.5,10,1.5,0.5,-41.25657633155741,-40.895539702075595
1347,ksqexp,2.5,10,1.5,0.1,-49.95042426343043,-45.46943611779431
1348,ksqexp,2.5,10,1.5,0.05,-56.4587019618772,-48.041556084057035
1349,ksqexp,2.5,10,1.5,0.01,-75.9220710801031,-53.20437384466747
1350,ksqexp,2.5,10,1.5,0,-78.3350949199813,-53.7896179253383
1351,ksqexp,2.5,25,0.5,0.5,-40.85943833670719,-39.032622231574464
1352,ksqexp,2.5,25,0.5,0.1,-112.35449757184233,-76.29781489842736
1353,ksqexp,2.5,25,0.5,0.05,-136.6867577929783,-91.45348691993863
1354,ksqexp,2.5,25,0.5,0.01,-220.4469044046948,-119.55623518196485
1355,ksqexp,2.5,25,0.5,0,-243.38723558669165,-125.62538169036753
1356,ksqexp,2.5,25,1,0.5,-42.288213932546945,-41.05436624484648
1357,ksqexp,2.5,25,1,0.1,-72.03800200738497,-56.86634503816859
1358,ksqexp,2.5,25,1,0.05,-83.23091051624677,-62.978494547731906
1359,ksqexp,2.5,25,1,0.01,-121.28880555840213,-74.54320027644994
1360,ksqexp,2.5,25,1,0,-127.47134126251869,-76.16253547663186
1361,ksqexp,2.5,25,1.5,0.5,-43.4268670672069,-43.10712780844054
1362,ksqexp,2.5,25,1.5,0.1,-58.51081471532441,-51.49681974697398
1363,ksqexp,2.5,25,1.5,0.05,-66.3843820151743,-55.198628766699976
1364,ksqexp,2.5,25,1.5,0.01,-88.83903628314305,-61.73946084286852
1365,ksqexp,2.5,25,1.5,0,-91.62336655600137,-62.46557683051264
1366,kexp,1,0.2,0.5,0.5,-30.51830522842977,-30.550493844471436
1367,kexp,1,0.2,0.5,0.1,-43.02672243979425,-43.10494528402254
1368,kexp,1,0.2,0.5,0.05,-48.52377744606227,-48.62752567667436
1369,kexp,1,0.2,0.5,0.01,-51.1675699066855,-51.28287617505373
1370,kexp,1,0.2,0.5,0,-51.29305888290978,-51.40889557350331
1371,kexp,1,0.2,1,0.5,-31.962426900847454,-31.9950589189046
1372,kexp,1,0.2,1,0.1,-33.26801636840063,-33.33811739815514
1373,kexp,1,0.2,1,0.05,-34.49318102767835,-34.57131326291873
1374,kexp,1,0.2,1,0.01,-35.01357366856826,-35.09478943826336
1375,kexp,1,0.2,1,0,-35.037089016893965,-35.118439656309754
1376,kexp,1,0.2,1.5,0.5,-33.637395489723275,-33.67401482095745
1377,kexp,1,0.2,1.5,0.1,-31.878870328228075,-31.943338978517062
1378,kexp,1,0.2,1.5,0.05,-32.247493975931384,-32.31587370269615
1379,kexp,1,0.2,1.5,0.01,-32.40215952114679,-32.47195394032743
1380,kexp,1,0.2,1.5,0,-32.409089161457366,-32.47894445047999
1381,kexp,1,0.5,0.5,0.5,-30.33774943458025,-30.440559325167325
1382,kexp,1,0.5,0.5,0.1,-30.5336525967465,-30.712973556080644
1383,kexp,1,0.5,0.5,0.05,-31.36475330793131,-31.56034549012018
1384,kexp,1,0.5,0.5,0.01,-31.70406900370306,-31.905904419933954
1385,kexp,1,0.5,0.5,0,-31.719197170677937,-31.921305452955465
1386,kexp,1,0.5,1,0.5,-33.01158323912759,-33.12101203181302
1387,kexp,1,0.5,1,0.1,-29.761436564500872,-29.9297552025866
1388,kexp,1,0.5,1,0.05,-29.762127482866788,-29.93589099735654
1389,kexp,1,0.5,1,0.01,-29.76933076224637,-29.944982806478492
1390,kexp,1,0.5,1,0,-29.7697168371849,-29.94544923260956
1391,kexp,1,0.5,1.5,0.5,-35.62793583256039,-35.74656558271475
1392,kexp,1,0.5,1.5,0.1,-32.04919189361647,-32.212217044234016
1393,kexp,1,0.5,1.5,0.05,-31.94435816252674,-32.11028362445778
1394,kexp,1,0.5,1.5,0.01,-31.91188664192697,-32.078785989398696
1395,kexp,1,0.5,1.5,0,-31.910546826066174,-32.07748725920629
1396,kexp,1,1,0.5,0.5,-31.61137906967239,-31.84307086632155
1397,kexp,1,1,0.5,0.1,-28.886353325788072,-29.2340895386589
1398,kexp,1,1,0.5,0.05,-28.95398284215723,-29.30805923977818
1399,kexp,1,1,0.5,0.01,-28.985010667873148,-29.34121145895335
1400,kexp,1,1,0.5,0,-28.986418186272626,-29.342708579291447
1401,kexp,1,1,1,0.5,-34.790487422565285,-35.02186828124944
1402,kexp,1,1,1,0.1,-31.16132297765523,-31.472671140742573
1403,kexp,1,1,1,0.05,-31.040282669531404,-31.355182728633107
1404,kexp,1,1,1,0.01,-31.00175835385814,-31.317817256914537
1405,kexp,1,1,1,0,-31.000155913504162,-31.31626334245905
1406,kexp,1,1,1.5,0.5,-37.8532316656287,-38.09153968814639
1407,kexp,1,1,1.5,0.1,-34.61909459151032,-34.91852990703857
1408,kexp,1,1,1.5,0.05,-34.501521012639465,-34.80340712550453
1409,kexp,1,1,1.5,0.01,-34.46363969108055,-34.76631962072622
1410,kexp,1,1,1.5,0,-34.46205858931533,-34.764771696915595
1411,kexp,1,1.5,0.5,0.5,-32.74017621813102,-33.04992804581578
1412,kexp,1,1.5,0.5,0.1,-29.62098054424423,-30.030008150645365
1413,kexp,1,1.5,0.5,0.05,-29.570237226132644,-29.97965080981312
1414,kexp,1,1.5,0.5,0.01,-29.55661128466795,-29.966012441917616
1415,kexp,1,1.5,0.5,0,-29.556074365152337,-29.965473454777726
1416,kexp,1,1.5,1,0.5,-35.98590540746407,-36.287400020959154
1417,kexp,1,1.5,1,0.1,-32.56890896169281,-32.95109142869978
1418,kexp,1,1.5,1,0.05,-32.44643370492235,-32.83129329670067
1419,kexp,1,1.5,1,0.01,-32.40702745055924,-32.79274001821158
1420,kexp,1,1.5,1,0,-32.40538330350214,-32.79113136748945
1421,kexp,1,1.5,1.5,0.5,-39.17499804296463,-39.48276420962077
1422,kexp,1,1.5,1.5,0.1,-36.28502993490535,-36.659728421392224
1423,kexp,1,1.5,1.5,0.05,-36.180798379702765,-36.55786887402733
1424,kexp,1,1.5,1.5,0.01,-36.147211642982064,-36.525044245578876
1425,kexp,1,1.5,1.5,0,-36.14580971635689,-36.523674105131654
1426,kexp,1,2,0.5,0.5,-33.62332666695074,-33.9728982655266
1427,kexp,1,2,0.5,0.1,-30.677620787709355,-31.09551048963913
1428,kexp,1,2,0.5,0.05,-30.608156995393827,-31.022662322807324
1429,kexp,1,2,0.5,0.01,-30.587088151893642,-31.000296190409042
1430,kexp,1,2,0.5,0,-30.586223668689637,-30.99937525022638
1431,kexp,1,2,1,0.5,-36.84254709592751,-37.18162928587198
1432,kexp,1,2,1,0.1,-33.68395844960024,-34.10056883580431
1433,kexp,1,2,1,0.05,-33.570763505313984,-33.98961866117841
1434,kexp,1,2,1,0.01,-33.53431412930373,-33.95387717201477
1435,kexp,1,2,1,0,-33.53279300014354,-33.95238542177556
1436,kexp,1,2,1.5,0.5,-40.06505033907461,-40.413208034716014
1437,kexp,1,2,1.5,0.1,-37.430494863113175,-37.84900329600187
1438,kexp,1,2,1.5,0.05,-37.336996477560646,-37.757926507215615
1439,kexp,1,2,1.5,0.01,-37.30689567431541,-37.72860264921515
1440,kexp,1,2,1.5,0,-37.305639544034264,-37.727378912364955
1441,kexp,1,2.5,0.5,0.5,-34.32091137789948,-34.6884874952801
1442,kexp,1,2.5,0.5,0.1,-31.719855389514297,-32.11874871199598
1443,kexp,1,2.5,0.5,0.05,-31.658363945151134,-32.050758123379154
1444,kexp,1,2.5,0.5,0.01,-31.639497429746072,-32.029555505356626
1445,kexp,1,2.5,0.5,0,-31.63872048181215,-32.02867837005435
1446,kexp,1,2.5,1,0.5,-37.48891017130893,-37.84747742695556
1447,kexp,1,2.5,1,0.1,-34.57001729115781,-35.00052221188133
1448,kexp,1,2.5,1,0.05,-34.466770434364804,-34.89915695103664
1449,kexp,1,2.5,1,0.01,-34.433542827183416,-34.866518230949474
1450,kexp,1,2.5,1,0,-34.43215634110719,-34.8651561364334
1451,kexp,1,2.5,1.5,0.5,-40.70828421225407,-41.080483880469835
1452,kexp,1,2.5,1.5,0.1,-38.267972252103874,-38.71204544856807
1453,kexp,1,2.5,1.5,0.05,-38.18257554874828,-38.6291026248241
1454,kexp,1,2.5,1.5,0.01,-38.15510455020492,-38.60241882775774
1455,kexp,1,2.5,1.5,0,-38.15395839427868,-38.60130549196657
1456,kexp,1,3,0.5,0.5,-34.87683990057067,-35.25132546824919
1457,kexp,1,3,0.5,0.1,-32.655822679731784,-33.02258062508399
1458,kexp,1,3,0.5,0.05,-32.61048165043702,-32.96774358734845
1459,kexp,1,3,0.5,0.01,-32.59676529510044,-32.95069410042258
1460,kexp,1,3,0.5,0,-32.59620258487885,-32.949989254543084
1461,kexp,1,3,1,0.5,-37.98915086704098,-38.357497377348295
1462,kexp,1,3,1,0.1,-35.278940035529565,-35.711688443839414
1463,kexp,1,3,1,0.05,-35.184678478842045,-35.618888102382826
1464,kexp,1,3,1,0.01,-35.15436934079264,-35.58903046197322
1465,kexp,1,3,1,0,-35.15310491774825,-35.587784675762094
1466,kexp,1,3,1.5,0.5,-41.19061391400767,-41.57743294292364
1467,kexp,1,3,1.5,0.1,-38.901718407934894,-39.360132842177336
1468,kexp,1,3,1.5,0.05,-38.82256893605877,-39.28340430595704
1469,kexp,1,3,1.5,0.01,-38.79712391510671,-39.25873566931361
1470,kexp,1,3,1.5,0,-38.79606246211127,-39.25770658290872
1471,kexp,1,3.5,0.5,0.5,-35.322581177585555,-35.69908832723565
1472,kexp,1,3.5,0.5,0.1,-33.46448765215298,-33.79646838226222
1473,kexp,1,3.5,0.5,0.05,-33.43714458660438,-33.75680493506429
1474,kexp,1,3.5,0.5,0.01,-33.429286887064265,-33.744671717288675
1475,kexp,1,3.5,0.5,0,-33.428969298838666,-33.74417231158328
1476,kexp,1,3.5,1,0.5,-38.38220442856653,-38.75553298302836
1477,kexp,1,3.5,1,0.1,-35.84938962661546,-36.27896941326647
1478,kexp,1,3.5,1,0.05,-35.76289966511768,-36.19348846290781
1479,kexp,1,3.5,1,0.01,-35.73511741831101,-36.16600958150563
1480,kexp,1,3.5,1,0,-35.73395870965891,-36.16486330107324
1481,kexp,1,3.5,1.5,0.5,-41.56078914393478,-41.95692132708555
1482,kexp,1,3.5,1.5,0.1,-39.392012503692925,-39.858363060789515
1483,kexp,1,3.5,1.5,0.05,-39.31778857864952,-39.7864791861454
1484,kexp,1,3.5,1.5,0.01,-39.2939399983138,-39.76338052489836
1485,kexp,1,3.5,1.5,0,-39.29294528000546,-39.762417064310156
1486,kexp,1,4,0.5,0.5,-35.68188628621519,-36.05878419100947
1487,kexp,1,4,0.5,0.1,-34.14997311729725,-34.450538391574376
1488,kexp,1,4,0.5,0.05,-34.13998002192374,-34.42572236138089
1489,kexp,1,4,0.5,0.01,-34.13781325168274,-34.41844222824622
1490,kexp,1,4,0.5,0,-34.137734263086394,-34.41814611022612
1491,kexp,1,4,1,0.5,-38.69450664442903,-39.070710978461776
1492,kexp,1,4,1,0.1,-36.31078478272622,-36.73560766155309
1493,kexp,1,4,1,0.05,-36.230900201637134,-36.65629933910609
1494,kexp,1,4,1,0.01,-36.20526693461975,-36.63082734845831
1495,kexp,1,4,1,0,-36.20419814388255,-36.629765026994164
1496,kexp,1,4,1.5,0.5,-41.84980323104296,-42.25233275966244
1497,kexp,1,4,1.5,0.1,-39.77746806172428,-40.2484328709683
1498,kexp,1,4,1.5,0.05,-39.70718815638202,-40.180392998177375
1499,kexp,1,4,1.5,0.01,-39.68461750646477,-40.158539516399
1500,kexp,1,4,1.5,0,-39.683676204220944,-40.1576280993237
1501,kexp,1,6,0.5,0.5,-36.56415402406193,-36.945956916514916
1502,kexp,1,6,0.5,0.1,-35.936752547955024,-36.17143435671696
1503,kexp,1,6,0.5,0.05,-35.978059481488884,-36.191844212868936
1504,kexp,1,6,0.5,0.01,-35.99282216004622,-36.19944630565363
1505,kexp,1,6,0.5,0,-35.993454116117995,-36.19977469955077
1506,kexp,1,6,1,0.5,-39.44733782995052,-39.832295511833436
1507,kexp,1,6,1,0.1,-37.44917810979562,-37.8644221892772
1508,kexp,1,6,1,0.05,-37.38660966759636,-37.801308493697476
1509,kexp,1,6,1,0.01,-37.36661387237779,-37.78110411758172
1510,kexp,1,6,1,0,-37.36578100692013,-37.78026219280814
1511,kexp,1,6,1.5,0.5,-42.53067057113194,-42.94865268505523
1512,kexp,1,6,1.5,0.1,-40.69475952819404,-41.176049378073955
1513,kexp,1,6,1.5,0.05,-40.634133914208036,-41.11735918697304
1514,kexp,1,6,1.5,0.01,-40.61469065962214,-41.09853302539679
1515,kexp,1,6,1.5,0,-40.613880070593325,-41.097748123967044
1516,kexp,1,8,0.5,0.5,-36.976055571264496,-37.37046262682594
1517,kexp,1,8,0.5,0.1,-36.79844302999241,-37.0325257824506
1518,kexp,1,8,0.5,0.05,-36.86606768350595,-37.07753411374139
1519,kexp,1,8,0.5,0.01,-36.88954032004754,-37.093256167748926
1520,kexp,1,8,0.5,0,-36.890538324575104,-37.09392558756491
1521,kexp,1,8,1,0.5,-39.79361005878433,-40.18945130553599
1522,kexp,1,8,1,0.1,-37.979508111461605,-38.40237796229482
1523,kexp,1,8,1,0.05,-37.92525202723614,-38.34727394161697
1524,kexp,1,8,1,0.01,-37.90796314163684,-38.3296752119416
1525,kexp,1,8,1,0,-37.90724356665185,-38.328942310804614
1526,kexp,1,8,1.5,0.5,-42.83864613980464,-43.26779740158093
1527,kexp,1,8,1.5,0.1,-41.11175007970181,-41.603737666671876
1528,kexp,1,8,1.5,0.05,-41.05555960111017,-41.549411067323604
1529,kexp,1,8,1.5,0.01,-41.037552642565444,-41.53199720455192
1530,kexp,1,8,1.5,0,-41.0368020807496,-41.53127131862402
1531,kexp,1,10,0.5,0.5,-37.18583739679009,-37.59330148072598
1532,kexp,1,10,0.5,0.1,-37.230980689545426,-37.48484703028842
1533,kexp,1,10,0.5,0.05,-37.31151594407904,-37.54275031289859
1534,kexp,1,10,0.5,0.01,-37.339259836660595,-37.56272861073597
1535,kexp,1,10,0.5,0,-37.34043733101092,-37.56357678270991
1536,kexp,1,10,1,0.5,-39.96918881438097,-40.37527970597865
1537,kexp,1,10,1,0.1,-38.24604972587541,-38.68161080150291
1538,kexp,1,10,1,0.05,-38.19586491996114,-38.63061723332126
1539,kexp,1,10,1,0.01,-38.17990121124731,-38.614355149905414
1540,kexp,1,10,1,0,-38.17923709128738,-38.61367817005296
1541,kexp,1,10,1.5,0.5,-42.99463941933101,-43.43260547211617
1542,kexp,1,10,1.5,0.1,-41.32154046711776,-41.823883056969656
1543,kexp,1,10,1.5,0.05,-41.26751963880282,-41.771764341108295
1544,kexp,1,10,1.5,0.01,-41.25021499158734,-41.75506477354037
1545,kexp,1,10,1.5,0,-41.24949377811823,-41.75436873257334
1546,kexp,1,25,0.5,0.5,-37.50497333413365,-37.94432332105884
1547,kexp,1,25,0.5,0.1,-37.85125005478862,-38.17626650000086
1548,kexp,1,25,0.5,0.05,-37.94817953618449,-38.25253668561314
1549,kexp,1,25,0.5,0.01,-37.981324945018514,-38.27855995426217
1550,kexp,1,25,0.5,0,-37.98272918635408,-38.279661812326395
1551,kexp,1,25,1,0.5,-40.232566776434254,-40.66332046115949
1552,kexp,1,25,1,0.1,-38.63225143932506,-39.10557923064271
1553,kexp,1,25,1,0.05,-38.58736297823238,-39.06040787791557
1554,kexp,1,25,1,0.01,-38.57311973777786,-39.046036201492264
1555,kexp,1,25,1,0,-38.57252757781262,-39.04543827990645
1556,kexp,1,25,1.5,0.5,-43.228000700930465,-43.68567895098907
1557,kexp,1,25,1.5,0.1,-41.627992861864534,-42.156701159192124
1558,kexp,1,25,1.5,0.05,-41.57684284987777,-42.107699888900974
1559,kexp,1,25,1.5,0.01,-41.56046625327843,-42.092007825410214
1560,kexp,1,25,1.5,0,-41.55978380837064,-42.09135386917229
1561,kexp,1.25,0.2,0.5,0.5,-30.508765510288164,-30.562954366101106
1562,kexp,1.25,0.2,0.5,0.1,-48.50620154485767,-48.67981771513907
1563,kexp,1.25,0.2,0.5,0.05,-56.691714602912285,-56.90527427654243
1564,kexp,1.25,0.2,0.5,0.01,-60.86164904958338,-61.09358263921656
1565,kexp,1.25,0.2,0.5,0,-61.06446937108279,-61.29725332607831
1566,kexp,1.25,0.2,1,0.5,-31.6156771564453,-31.672829182219584
1567,kexp,1.25,0.2,1,0.1,-35.46136948394837,-35.5898179528453
1568,kexp,1.25,0.2,1,0.05,-37.51040157256664,-37.651460005651735
1569,kexp,1.25,0.2,1,0.01,-38.406996999977125,-38.552963369598146
1570,kexp,1.25,0.2,1,0,-38.44798081045575,-38.594162853103484
1571,kexp,1.25,0.2,1.5,0.5,-33.02924547349159,-33.08977051523643
1572,kexp,1.25,0.2,1.5,0.1,-32.6421952249282,-32.751011865789955
1573,kexp,1.25,0.2,1.5,0.05,-33.37784901660144,-33.492817594126045
1574,kexp,1.25,0.2,1.5,0.01,-33.6859704782004,-33.80318813077181
1575,kexp,1.25,0.2,1.5,0,-33.69980805672009,-33.81712279525094
1576,kexp,1.25,0.5,0.5,0.5,-30.014852460657828,-30.130436798622746
1577,kexp,1.25,0.5,0.5,0.1,-32.29403654436288,-32.55533996468733
1578,kexp,1.25,0.5,0.5,0.05,-33.716959477247904,-34.00777834326848
1579,kexp,1.25,0.5,0.5,0.01,-34.31016256258711,-34.61256235206521
1580,kexp,1.25,0.5,0.5,0,-34.33682360379517,-34.639733096437666
1581,kexp,1.25,0.5,1,0.5,-32.317579061862496,-32.45591505581823
1582,kexp,1.25,0.5,1,0.1,-29.599864585385365,-29.836001261732125
1583,kexp,1.25,0.5,1,0.05,-29.724480731206288,-29.97022583912938
1584,kexp,1.25,0.5,1,0.01,-29.779351653572434,-30.028476715526683
1585,kexp,1.25,0.5,1,0,-29.781826622839443,-30.031096055371982
1586,kexp,1.25,0.5,1.5,0.5,-34.665143361636034,-34.818913150515385
1587,kexp,1.25,0.5,1.5,0.1,-31.144033129798032,-31.368662425549857
1588,kexp,1.25,0.5,1.5,0.05,-31.074204047095908,-31.303827879425185
1589,kexp,1.25,0.5,1.5,0.01,-31.05491735476804,-31.286235113147725
1590,kexp,1.25,0.5,1.5,0,-31.054151062550066,-31.28554047504546
1591,kexp,1.25,1,0.5,0.5,-31.0687461630373,-31.286096429463516
1592,kexp,1.25,1,0.5,0.1,-29.17109950671807,-29.546758318947436
1593,kexp,1.25,1,0.5,0.05,-29.39592529519206,-29.783821876972414
1594,kexp,1.25,1,0.5,0.01,-29.486792596762097,-29.878937829780636
1595,kexp,1.25,1,0.5,0,-29.490815785983163,-29.883141977008687
1596,kexp,1.25,1,1,0.5,-33.966301876079065,-34.22456206356013
1597,kexp,1.25,1,1,0.1,-30.307509369178018,-30.683436176331885
1598,kexp,1.25,1,1,0.05,-30.200943885312203,-30.58286780464265
1599,kexp,1.25,1,1,0.01,-30.16785871402887,-30.551761723451047
1600,kexp,1.25,1,1,0,-30.16649249543248,-30.55047863038069
1601,kexp,1.25,1,1.5,0.5,-36.80804343703269,-37.09320128311403
1602,kexp,1.25,1,1.5,0.1,-33.34787643139358,-33.723800054293136
1603,kexp,1.25,1,1.5,0.05,-33.22388523763757,-33.60375278981746
1604,kexp,1.25,1,1.5,0.01,-33.184036854408376,-33.56518919180136
1605,kexp,1.25,1,1.5,0,-33.18237483197814,-33.56358094823388
1606,kexp,1.25,1.5,0.5,0.5,-32.11805979181605,-32.3921232861095
1607,kexp,1.25,1.5,0.5,0.1,-29.413052368561466,-29.754906374764953
1608,kexp,1.25,1.5,0.5,0.05,-29.432136162413716,-29.77223502799362
1609,kexp,1.25,1.5,0.5,0.01,-29.44399996527169,-29.783343677521103
1610,kexp,1.25,1.5,0.5,0,-29.444563212077373,-29.78387325217378
1611,kexp,1.25,1.5,1,0.5,-35.14935119101873,-35.469635630452316
1612,kexp,1.25,1.5,1,0.1,-31.57725974694747,-31.994011837321697
1613,kexp,1.25,1.5,1,0.05,-31.4527960158171,-31.872912626351884
1614,kexp,1.25,1.5,1,0.01,-31.412913801224587,-31.834104572495878
1615,kexp,1.25,1.5,1,0,-31.411251694647852,-31.832487189802325
1616,kexp,1.25,1.5,1.5,0.5,-38.15809572266101,-38.514227881145914
1617,kexp,1.25,1.5,1.5,0.1,-35.01038974423945,-35.45460863543837
1618,kexp,1.25,1.5,1.5,0.05,-34.89590954909976,-35.34336748964564
1619,kexp,1.25,1.5,1.5,0.01,-34.859011514636464,-35.3075119926334
1620,kexp,1.25,1.5,1.5,0,-34.85747128890696,-35.30601526908105
1621,kexp,1.25,2,0.5,0.5,-32.9795261703231,-33.27747393911856
1622,kexp,1.25,2,0.5,0.1,-30.274186750324944,-30.52917832482553
1623,kexp,1.25,2,0.5,0.05,-30.246108308574797,-30.488858532026022
1624,kexp,1.25,2,0.5,0.01,-30.239839352337466,-30.478265868371533
1625,kexp,1.25,2,0.5,0,-30.239609751444053,-30.477851544417696
1626,kexp,1.25,2,1,0.5,-36.03245142020437,-36.38100901757941
1627,kexp,1.25,2,1,0.1,-32.6911840265657,-33.108437269384844
1628,kexp,1.25,2,1,0.05,-32.572424704290164,-32.99117390429386
1629,kexp,1.25,2,1,0.01,-32.534232421286134,-32.95343599352965
1630,kexp,1.25,2,1,0,-32.5326391157359,-32.95186135093008
1631,kexp,1.25,2,1.5,0.5,-39.10607952861909,-39.50046976734171
1632,kexp,1.25,2,1.5,0.1,-36.22580383398219,-36.70164520307614
1633,kexp,1.25,2,1.5,0.05,-36.12235454683974,-36.60097574366318
1634,kexp,1.25,2,1.5,0.01,-36.089029883538444,-36.568541808200116
1635,kexp,1.25,2,1.5,0,-36.08763900390419,-36.56718805317238
1636,kexp,1.25,2.5,0.5,0.5,-33.68839905644222,-33.9932671924461
1637,kexp,1.25,2.5,0.5,0.1,-31.26391302118059,-31.420393466159233
1638,kexp,1.25,2.5,0.5,0.05,-31.233413710361237,-31.369354094749145
1639,kexp,1.25,2.5,0.5,0.01,-31.22547970861124,-31.354323208389015
1640,kexp,1.25,2.5,0.5,0,-31.225169897609998,-31.353711861328595
1641,kexp,1.25,2.5,1,0.5,-36.7249070911274,-37.08580513337004
1642,kexp,1.25,2.5,1,0.1,-33.63117818102287,-34.03470296042631
1643,kexp,1.25,2.5,1,0.05,-33.52211359379471,-33.9256991832454
1644,kexp,1.25,2.5,1,0.01,-33.48703427112414,-33.89060445627814
1645,kexp,1.25,2.5,1,0,-33.48557075241651,-33.88913991497176
1646,kexp,1.25,2.5,1.5,0.5,-39.818273353420295,-40.235325149934106
1647,kexp,1.25,2.5,1.5,0.1,-37.155607151550285,-37.64758843413077
1648,kexp,1.25,2.5,1.5,0.05,-37.06131318411587,-37.55574268274571
1649,kexp,1.25,2.5,1.5,0.01,-37.03096103790181,-37.52617332540072
1650,kexp,1.25,2.5,1.5,0,-37.02969447075711,-37.52493936625858
1651,kexp,1.25,3,0.5,0.5,-34.2738672141395,-34.578148708226436
1652,kexp,1.25,3,0.5,0.1,-32.221397997371,-32.28227972181138
1653,kexp,1.25,3,0.5,0.05,-32.203969560081816,-32.23722889847907
1654,kexp,1.25,3,0.5,0.01,-32.19999503955188,-32.22380031070675
1655,kexp,1.25,3,0.5,0,-32.19984736704856,-32.223251915563864
1656,kexp,1.25,3,1,0.5,-37.278909557345294,-37.64483286075735
1657,kexp,1.25,3,1,0.1,-34.41574906497184,-34.800538270297324
1658,kexp,1.25,3,1,0.05,-34.31653087922871,-34.700138655176154
1659,kexp,1.25,3,1,0.01,-34.284643080415194,-34.66782987414266
1660,kexp,1.25,3,1,0,-34.28331296790132,-34.66648175487172
1661,kexp,1.25,3,1.5,0.5,-40.37016130540439,-40.801819247114715
1662,kexp,1.25,3,1.5,0.1,-37.884454014536765,-38.38468232212917
1663,kexp,1.25,3,1.5,0.05,-37.797571102907014,-38.29994742099741
1664,kexp,1.25,3,1.5,0.01,-37.769624253645134,-38.27268591985363
1665,kexp,1.25,3,1.5,0,-37.76845826825757,-38.27154846804716
1666,kexp,1.25,3.5,0.5,0.5,-34.75780655579977,-35.05913472695902
1667,kexp,1.25,3.5,0.5,0.1,-33.087867246442855,-33.06345677792049
1668,kexp,1.25,3.5,0.5,0.05,-33.08866571818922,-33.030478515843505
1669,kexp,1.25,3.5,0.5,0.01,-33.09055270419375,-33.02086009125958
1670,kexp,1.25,3.5,0.5,0,-33.090649400124185,-33.02046971085065
1671,kexp,1.25,3.5,1,0.5,-37.72613386953696,-38.094142679789435
1672,kexp,1.25,3.5,1,0.1,-35.06684995371174,-35.43262113685793
1673,kexp,1.25,3.5,1,0.05,-34.97663781010218,-35.34011453589191
1674,kexp,1.25,3.5,1,0.01,-34.94767764909331,-35.31036948484238
1675,kexp,1.25,3.5,1,0,-34.94647000765769,-35.3091285916815
1676,kexp,1.25,3.5,1.5,0.5,-40.804949187938305,-41.246919345515934
1677,kexp,1.25,3.5,1.5,0.1,-38.46366906567597,-38.96813433384189
1678,kexp,1.25,3.5,1.5,0.05,-38.382810388311924,-38.88913299643262
1679,kexp,1.25,3.5,1.5,0.01,-38.356817912326655,-38.86373134178168
1680,kexp,1.25,3.5,1.5,0,-38.3557336435742,-38.862671652031395
1681,kexp,1.25,4,0.5,0.5,-35.158370148086426,-35.4569233188908
1682,kexp,1.25,4,0.5,0.1,-33.847311769645934,-33.7514537418147
1683,kexp,1.25,4,0.5,0.05,-33.86723148182459,-33.732341244777835
1684,kexp,1.25,4,0.5,0.01,-33.875366798131544,-33.72721440085394
1685,kexp,1.25,4,0.5,0,-33.875725168824864,-33.727011685538876
1686,kexp,1.25,4,1,0.5,-38.089501435974014,-38.45885994559714
1687,kexp,1.25,4,1,0.1,-35.60619283109969,-35.955284842488126
1688,kexp,1.25,4,1,0.05,-35.52390187920179,-35.86972253433625
1689,kexp,1.25,4,1,0.01,-35.49752026693194,-35.84223592728046
1690,kexp,1.25,4,1,0,-35.4964205325675,-35.841089523505595
1691,kexp,1.25,4,1.5,0.5,-41.151565269629245,-41.601573874342165
1692,kexp,1.25,4,1.5,0.1,-38.92864961594575,-39.43567011477322
1693,kexp,1.25,4,1.5,0.05,-38.85272021457364,-39.36132676764593
1694,kexp,1.25,4,1.5,0.01,-38.82832651188992,-39.33743545063217
1695,kexp,1.25,4,1.5,0,-38.82730908722027,-39.336438902900774
1696,kexp,1.25,6,0.5,0.5,-36.19406516401256,-36.49485746437747
1697,kexp,1.25,6,0.5,0.1,-35.94588527065716,-35.69516511094683
1698,kexp,1.25,6,0.5,0.05,-36.0278797912235,-35.725157312301775
1699,kexp,1.25,6,0.5,0.01,-36.05652465658549,-35.7361768140852
1700,kexp,1.25,6,0.5,0,-36.057744551396745,-35.73665149853331
1701,kexp,1.25,6,1,0.5,-39.00254813916721,-39.381836861570505
1702,kexp,1.25,6,1,0.1,-36.99558008299946,-37.31202328483501
1703,kexp,1.25,6,1,0.05,-36.93518658061197,-37.245872638047764
1704,kexp,1.25,6,1,0.01,-36.91594310181703,-37.22470594741558
1705,kexp,1.25,6,1,0,-36.915142192348675,-37.223824031830944
1706,kexp,1.25,6,1.5,0.5,-41.99822906247797,-42.47226144735128
1707,kexp,1.25,6,1.5,0.1,-40.076174234452495,-40.593654765189676
1708,kexp,1.25,6,1.5,0.05,-40.01277573872287,-40.53110935868203
1709,kexp,1.25,6,1.5,0.01,-39.992445704224444,-40.51104169009847
1710,kexp,1.25,6,1.5,0,-39.9915981727373,-40.5102049763361
1711,kexp,1.25,8,0.5,0.5,-36.71782744196739,-37.035187522302344
1712,kexp,1.25,8,0.5,0.1,-37.05233330910709,-36.772434147899986
1713,kexp,1.25,8,0.5,0.05,-37.16994010675456,-36.83334513538562
1714,kexp,1.25,8,0.5,0.01,-37.21041106446424,-36.85459243843374
1715,kexp,1.25,8,0.5,0,-37.212128404591425,-36.855496910888554
1716,kexp,1.25,8,1,0.5,-39.45115441326611,-39.84627683806474
1717,kexp,1.25,8,1,0.1,-37.68976647959217,-38.00963982345085
1718,kexp,1.25,8,1,0.05,-37.64079377121717,-37.954020068812945
1719,kexp,1.25,8,1,0.01,-37.625276079477075,-37.93628361798339
1720,kexp,1.25,8,1,0,-37.62463117399407,-37.93554527566055
1721,kexp,1.25,8,1.5,0.5,-42.403279431460795,-42.895988581969426
1722,kexp,1.25,8,1.5,0.1,-40.62913456235135,-41.16177913046252
1723,kexp,1.25,8,1.5,0.05,-40.571888261805896,-41.1051319292578
1724,kexp,1.25,8,1.5,0.01,-40.55355300178764,-41.08697501444404
1725,kexp,1.25,8,1.5,0,-40.55278886386585,-41.086218163990175
1726,kexp,1.25,10,0.5,0.5,-37.00212228113523,-37.33855783836937
1727,kexp,1.25,10,0.5,0.1,-37.65005601287341,-37.385826804112476
1728,kexp,1.25,10,0.5,0.05,-37.78680136559832,-37.4646891306785
1729,kexp,1.25,10,0.5,0.01,-37.83363091750823,-37.491878418953014
1730,kexp,1.25,10,0.5,0,-37.835615758399825,-37.49303262585063
1731,kexp,1.25,10,1,0.5,-39.69158352417254,-40.102336184581226
1732,kexp,1.25,10,1,0.1,-38.0604366042496,-38.39558345085268
1733,kexp,1.25,10,1,0.05,-38.01749200397105,-38.34580656907437
1734,kexp,1.25,10,1,0.01,-38.00394043986286,-38.32997284576359
1735,kexp,1.25,10,1,0,-38.003377854601666,-38.329314137294304
1736,kexp,1.25,10,1.5,0.5,-42.61855369327055,-43.125880738275605
1737,kexp,1.25,10,1.5,0.1,-40.92201147766253,-41.47003974038133
1738,kexp,1.25,10,1.5,0.05,-40.86797189345336,-41.41657240592412
1739,kexp,1.25,10,1.5,0.01,-40.85067600968436,-41.39944522314769
1740,kexp,1.25,10,1.5,0,-40.84995532007295,-41.39873140784762
1741,kexp,1.25,25,0.5,0.5,-37.46627157970256,-37.863975932210316
1742,kexp,1.25,25,0.5,0.1,-38.55981908051881,-38.417067653003826
1743,kexp,1.25,25,0.5,0.05,-38.72212473602406,-38.523965658036
1744,kexp,1.25,25,0.5,0.01,-38.777414822783925,-38.56040648269486
1745,kexp,1.25,25,0.5,0,-38.779755253446154,-38.56194921348291
1746,kexp,1.25,25,1,0.5,-40.078301943415894,-40.53630070237703
1747,kexp,1.25,25,1,0.1,-38.63364281295526,-39.03624443570261
1748,kexp,1.25,25,1,0.05,-38.59900598173527,-38.99549175450178
1749,kexp,1.25,25,1,0.01,-38.58815864484225,-38.98259176323828
1750,kexp,1.25,25,1,0,-38.58770922560706,-38.98205578534553
1751,kexp,1.25,25,1.5,0.5,-42.96449373685191,-43.510340477995356
1752,kexp,1.25,25,1.5,0.1,-41.38036819262002,-41.977534384773485
1753,kexp,1.25,25,1.5,0.05,-41.33084448958005,-41.928945325127145
1754,kexp,1.25,25,1.5,0.01,-41.31501026063354,-41.91339597005186
1755,kexp,1.25,25,1.5,0,-41.314350649731075,-41.91274807603818
1756,kexp,1.5,0.2,0.5,0.5,-30.556315616014082,-30.62905174705971
1757,kexp,1.5,0.2,0.5,0.1,-53.92603335541738,-54.20018398299288
1758,kexp,1.5,0.2,0.5,0.05,-65.08566517954527,-65.41639811127065
1759,kexp,1.5,0.2,0.5,0.01,-71.07990522955534,-71.43700703496441
1760,kexp,1.5,0.2,0.5,0,-71.37843025190735,-71.73676146861777
1761,kexp,1.5,0.2,1,0.5,-31.380865365123363,-31.459270879522453
1762,kexp,1.5,0.2,1,0.1,-37.9011268284729,-38.08972316236575
1763,kexp,1.5,0.2,1,0.05,-40.92026038166625,-41.12677284083189
1764,kexp,1.5,0.2,1,0.01,-42.28360643319692,-42.4971740279526
1765,kexp,1.5,0.2,1,0,-42.346691103971935,-42.56056999388445
1766,kexp,1.5,0.2,1.5,0.5,-32.58013411698256,-32.66169601866216
1767,kexp,1.5,0.2,1.5,0.1,-33.74443613173623,-33.89803462165653
1768,kexp,1.5,0.2,1.5,0.05,-34.93252197749642,-35.09487868024268
1769,kexp,1.5,0.2,1.5,0.01,-35.43729266789702,-35.602880892334525
1770,kexp,1.5,0.2,1.5,0,-35.46010148768392,-35.62582960199578
1771,kexp,1.5,0.5,0.5,0.5,-29.847478459608123,-29.977377853217114
1772,kexp,1.5,0.5,0.5,0.1,-34.372695538904786,-34.723813977842404
1773,kexp,1.5,0.5,0.5,0.05,-36.504593725082515,-36.90064698011668
1774,kexp,1.5,0.5,0.5,0.01,-37.4154070678692,-37.82953745371599
1775,kexp,1.5,0.5,0.5,0,-37.456717312584864,-37.8716495438561
1776,kexp,1.5,0.5,1,0.5,-31.802594031024448,-31.967389174955297
1777,kexp,1.5,0.5,1,0.1,-29.78558155623905,-30.089084681157274
1778,kexp,1.5,0.5,1,0.05,-30.075101816388507,-30.393107771927255
1779,kexp,1.5,0.5,1,0.01,-30.19485345136384,-30.51803723052413
1780,kexp,1.5,0.5,1,0,-30.200192148080365,-30.52359801204339
1781,kexp,1.5,0.5,1.5,0.5,-33.907468765442545,-34.0918727861186
1782,kexp,1.5,0.5,1.5,0.1,-30.584465180877626,-30.867256176521426
1783,kexp,1.5,0.5,1.5,0.05,-30.570147307389085,-30.860384485494283
1784,kexp,1.5,0.5,1.5,0.01,-30.571858338682276,-30.864647174257087
1785,kexp,1.5,0.5,1.5,0,-30.572007193254798,-30.864904268114277
1786,kexp,1.5,1,0.5,0.5,-30.74012327537685,-30.9452203129078
1787,kexp,1.5,1,0.5,0.1,-29.876965182533276,-30.298252856435393
1788,kexp,1.5,1,0.5,0.05,-30.305243175860465,-30.746926030946824
1789,kexp,1.5,1,0.5,0.01,-30.475299120900374,-30.924235038003843
1790,kexp,1.5,1,0.5,0,-30.482808541684122,-30.932055522316055
1791,kexp,1.5,1,1,0.5,-33.335766048492246,-33.6168294971082
1792,kexp,1.5,1,1,0.1,-29.77069076270418,-30.212133566819915
1793,kexp,1.5,1,1,0.05,-29.691908980327053,-30.142412526212443
1794,kexp,1.5,1,1,0.01,-29.669096210588155,-30.122620423776134
1795,kexp,1.5,1,1,0,-29.668174679032877,-30.121826117181506
1796,kexp,1.5,1,1.5,0.5,-35.95631675818219,-36.28084135023022
1797,kexp,1.5,1,1.5,0.1,-32.353042675015125,-32.80049363288402
1798,kexp,1.5,1,1.5,0.05,-32.22867543678993,-32.6818435678752
1799,kexp,1.5,1,1.5,0.01,-32.18894131420761,-32.643982389467254
1800,kexp,1.5,1,1.5,0,-32.187286824872565,-32.64240641552664
1801,kexp,1.5,1.5,0.5,0.5,-31.726464582344825,-31.963174663382645
1802,kexp,1.5,1.5,0.5,0.1,-29.6537703737394,-29.9514601111048
1803,kexp,1.5,1.5,0.5,0.05,-29.771422154041193,-30.06708241726962
1804,kexp,1.5,1.5,0.5,0.01,-29.819675709094547,-30.114469190656553
1805,kexp,1.5,1.5,0.5,0,-29.82181529440885,-30.116570206171648
1806,kexp,1.5,1.5,1,0.5,-34.49956908388602,-34.832903900999874
1807,kexp,1.5,1.5,1,0.1,-30.87116249862771,-31.324323876752263
1808,kexp,1.5,1.5,1,0.05,-30.752061825534128,-31.209751459996607
1809,kexp,1.5,1.5,1,0.01,-30.714242945192282,-31.173386521675283
1810,kexp,1.5,1.5,1,0,-30.7126708704538,-31.171875076349647
1811,kexp,1.5,1.5,1.5,0.5,-37.31121468045146,-37.70670169226575
1812,kexp,1.5,1.5,1.5,0.1,-33.96276546967617,-34.471014947787715
1813,kexp,1.5,1.5,1.5,0.05,-33.84110238220871,-34.353671254372344
1814,kexp,1.5,1.5,1.5,0.01,-33.80191497868826,-34.31587742966281
1815,kexp,1.5,1.5,1.5,0,-33.800279495867954,-34.314300133141835
1816,kexp,1.5,2,0.5,0.5,-32.56401623846211,-32.80254945877789
1817,kexp,1.5,2,0.5,0.1,-30.322129207168697,-30.42885716518616
1818,kexp,1.5,2,0.5,0.05,-30.357986825896838,-30.444608794225932
1819,kexp,1.5,2,0.5,0.01,-30.37466088708492,-30.454227972167672
1820,kexp,1.5,2,0.5,0,-30.37541681307348,-30.454682932283617
1821,kexp,1.5,2,1,0.5,-35.39377132106644,-35.74216523808158
1822,kexp,1.5,2,1,0.1,-31.95526700624627,-32.36929517606954
1823,kexp,1.5,2,1,0.05,-31.836228011845336,-32.251242600711834
1824,kexp,1.5,2,1,0.01,-31.798075591646576,-32.21336659646221
1825,kexp,1.5,2,1,0,-31.796485433400914,-32.21178752107014
1826,kexp,1.5,2,1.5,0.5,-38.29181521842421,-38.71999405560022
1827,kexp,1.5,2,1.5,0.1,-35.209581227817964,-35.73256695580269
1828,kexp,1.5,2,1.5,0.05,-35.09821114936905,-35.62444263074804
1829,kexp,1.5,2,1.5,0.01,-35.062329397754375,-35.589600166897775
1830,kexp,1.5,2,1.5,0,-35.06083174024556,-35.58814581740187
1831,kexp,1.5,2.5,0.5,0.5,-33.27277840753233,-33.49991456256575
1832,kexp,1.5,2.5,0.5,0.1,-31.249655624575023,-31.161110984900617
1833,kexp,1.5,2.5,0.5,0.05,-31.269958737453273,-31.1466890563404
1834,kexp,1.5,2.5,0.5,0.01,-31.27992319018464,-31.14469552547965
1835,kexp,1.5,2.5,0.5,0,-31.28037817647764,-31.144642804869434
1836,kexp,1.5,2.5,1,0.5,-36.11503950160794,-36.46320430369434
1837,kexp,1.5,2.5,1,0.1,-32.92403999274905,-33.28681479544106
1838,kexp,1.5,2.5,1,0.05,-32.813520029947114,-33.174480052377646
1839,kexp,1.5,2.5,1,0.01,-32.77804270461907,-33.13836069972276
1840,kexp,1.5,2.5,1,0,-32.77656336858262,-33.136853942567626
1841,kexp,1.5,2.5,1.5,0.5,-39.05042902763636,-39.495147993704734
1842,kexp,1.5,2.5,1.5,0.1,-36.20166730277123,-36.724077351813555
1843,kexp,1.5,2.5,1.5,0.05,-36.10003814590259,-36.624868188867914
1844,kexp,1.5,2.5,1.5,0.01,-36.067314185722736,-36.592914683584894
1845,kexp,1.5,2.5,1.5,0,-36.06594853268761,-36.59158108853802
1846,kexp,1.5,3,0.5,0.5,-33.87329985589355,-34.0853009808896
1847,kexp,1.5,3,0.5,0.1,-32.215846868033395,-31.94853186590635
1848,kexp,1.5,3,0.5,0.05,-32.244915532336755,-31.930567713708964
1849,kexp,1.5,3,0.5,0.01,-32.257120355416966,-31.926710448382416
1850,kexp,1.5,3,0.5,0,-32.257661624215615,-31.926571230062457
1851,kexp,1.5,3,1,0.5,-36.7074675570902,-37.05035174639321
1852,kexp,1.5,3,1,0.1,-33.76479843613509,-34.07720420083381
1853,kexp,1.5,3,1,0.05,-33.66456133419532,-33.972800206381436
1854,kexp,1.5,3,1,0.01,-33.63239849415937,-33.93922691152377
1855,kexp,1.5,3,1,0,-33.63105748923046,-33.93782630099296
1856,kexp,1.5,3,1.5,0.5,-39.65435407909129,-40.10894209653803
1857,kexp,1.5,3,1.5,0.1,-37.00404992829989,-37.521143686315305
1858,kexp,1.5,3,1.5,0.05,-36.91077720847412,-37.42959763759152
1859,kexp,1.5,3,1.5,0.01,-36.88076513213634,-37.400131028537835
1860,kexp,1.5,3,1.5,0,-36.87951287763915,-37.39890142470813
1861,kexp,1.5,3.5,0.5,0.5,-34.38077992729916,-34.57854267139253
1862,kexp,1.5,3.5,0.5,0.1,-33.12783935405421,-32.70551593632661
1863,kexp,1.5,3.5,0.5,0.05,-33.17492528700461,-32.69504222837236
1864,kexp,1.5,3.5,0.5,0.01,-33.1927890530233,-32.69333301628577
1865,kexp,1.5,3.5,0.5,0,-33.19356455491441,-32.69328021453924
1866,kexp,1.5,3.5,1,0.5,-37.196492899918134,-37.53352976879636
1867,kexp,1.5,3.5,1,0.1,-34.482611820183266,-34.75026289935149
1868,kexp,1.5,3.5,1,0.05,-34.3924514287914,-34.653904435843
1869,kexp,1.5,3.5,1,0.01,-34.363558477264185,-34.62293709665262
1870,kexp,1.5,3.5,1,0,-34.36235419256455,-34.62164539443403
1871,kexp,1.5,3.5,1.5,0.5,-40.14111997897041,-40.602890479153
1872,kexp,1.5,3.5,1.5,0.1,-37.65772714458009,-38.1687326602678
1873,kexp,1.5,3.5,1.5,0.05,-37.57149220064047,-38.083613760506985
1874,kexp,1.5,3.5,1.5,0.01,-37.54376424589531,-38.05623293936365
1875,kexp,1.5,3.5,1.5,0,-37.5426075051851,-38.05509055447092
1876,kexp,1.5,4,0.5,0.5,-34.80876270407579,-34.9951742984147
1877,kexp,1.5,4,0.5,0.1,-33.94955472004857,-33.398011397919994
1878,kexp,1.5,4,0.5,0.05,-34.0174790568776,-33.399429979688506
1879,kexp,1.5,4,0.5,0.01,-34.04210081373069,-33.40148878027663
1880,kexp,1.5,4,0.5,0,-34.04315868919115,-33.40159239418753
1881,kexp,1.5,4,1,0.5,-37.601085230464065,-37.93361016567827
1882,kexp,1.5,4,1,0.1,-35.08985703579312,-35.32017927503977
1883,kexp,1.5,4,1,0.05,-35.00890339163249,-35.23128035935278
1884,kexp,1.5,4,1,0.01,-34.98300658724793,-35.20273707540326
1885,kexp,1.5,4,1,0,-34.9819276732585,-35.20154676830893
1886,kexp,1.5,4,1.5,0.5,-40.53639801097912,-41.00444004596749
1887,kexp,1.5,4,1.5,0.1,-38.19273245906928,-38.698655022209124
1888,kexp,1.5,4,1.5,0.05,-38.112397269142335,-38.61889877523611
1889,kexp,1.5,4,1.5,0.01,-38.08658410550589,-38.59325795527673
1890,kexp,1.5,4,1.5,0,-38.08550743468472,-38.59218832642147
1891,kexp,1.5,6,0.5,0.5,-35.953770392049115,-36.1264617062774
1892,kexp,1.5,6,0.5,0.1,-36.31080515587861,-35.46347308527203
1893,kexp,1.5,6,0.5,0.05,-36.45188710616439,-35.515345133479286
1894,kexp,1.5,6,0.5,0.01,-36.5006850885723,-35.53394943775069
1895,kexp,1.5,6,0.5,0,-36.50275849278861,-35.534746643841125
1896,kexp,1.5,6,1,0.5,-38.64841830927304,-38.981548284158144
1897,kexp,1.5,6,1,0.1,-36.704349083838196,-36.855694314446154
1898,kexp,1.5,6,1,0.05,-36.65001741185693,-36.78891187818364
1899,kexp,1.5,6,1,0.01,-36.6328070861841,-36.76757379926898
1900,kexp,1.5,6,1,0,-36.63209190204539,-36.76668507836288
1901,kexp,1.5,6,1.5,0.5,-41.53022239313836,-42.023488973162415
1902,kexp,1.5,6,1.5,0.1,-39.55233507108645,-40.05561071066224
1903,kexp,1.5,6,1.5,0.05,-39.4875059905526,-39.989938849761636
1904,kexp,1.5,6,1.5,0.01,-39.46672600012258,-39.96886660409541
1905,kexp,1.5,6,1.5,0,-39.46585980520078,-39.96798798994201
1906,kexp,1.5,8,0.5,0.5,-36.564031175808054,-36.75209960202027
1907,kexp,1.5,8,0.5,0.1,-37.622898768475316,-36.69154083211938
1908,kexp,1.5,8,0.5,0.05,-37.808875467016584,-36.77902443562292
1909,kexp,1.5,8,0.5,0.01,-37.87263142073187,-36.80943561112512
1910,kexp,1.5,8,0.5,0,-37.875334543147396,-36.81072925060132
1911,kexp,1.5,8,1,0.5,-39.185188787273574,-39.535604278762094
1912,kexp,1.5,8,1,0.1,-37.546170685760366,-37.68675092271959
1913,kexp,1.5,8,1,0.05,-37.50644391819004,-37.632741711270626
1914,kexp,1.5,8,1,0.01,-37.494006388743706,-37.615569931239506
1915,kexp,1.5,8,1,0,-37.49349113706635,-37.61485565247082
1916,kexp,1.5,8,1.5,0.5,-42.02386778813688,-42.54174738740087
1917,kexp,1.5,8,1.5,0.1,-40.23272119585512,-40.75131902521186
1918,kexp,1.5,8,1.5,0.05,-40.175828792038416,-40.69301603612692
1919,kexp,1.5,8,1.5,0.01,-40.15762522096458,-40.67433327021844
1920,kexp,1.5,8,1.5,0,-40.156866768441965,-40.673554553165545
1921,kexp,1.5,10,0.5,0.5,-36.91149503341942,-37.122186443497455
1922,kexp,1.5,10,0.5,0.1,-38.36856231993103,-37.43472609147349
1923,kexp,1.5,10,0.5,0.05,-38.580141482007186,-37.54452375695875
1924,kexp,1.5,10,0.5,0.01,-38.65243973080125,-37.58234421625569
1925,kexp,1.5,10,0.5,0,-38.65550261758684,-37.583949515784155
1926,kexp,1.5,10,1,0.5,-39.48426319220337,-39.85443191621472
1927,kexp,1.5,10,1,0.1,-38.01437136110668,-38.168106282448576
1928,kexp,1.5,10,1,0.05,-37.982734476805106,-38.12157796335176
1929,kexp,1.5,10,1,0.01,-37.97294094500325,-38.10684608320534
1930,kexp,1.5,10,1,0,-37.97253645359958,-38.106233960811664
1931,kexp,1.5,10,1.5,0.5,-42.294961026496004,-42.8332055830153
1932,kexp,1.5,10,1.5,0.1,-40.60562675386757,-41.14320458702791
1933,kexp,1.5,10,1.5,0.05,-40.5530429972528,-41.08904708421963
1934,kexp,1.5,10,1.5,0.01,-40.53623780951551,-41.071708085753514
1935,kexp,1.5,10,1.5,0,-40.535537832339465,-41.07098554255879
1936,kexp,1.5,25,0.5,0.5,-37.52001393088755,-37.821176506883525
1937,kexp,1.5,25,0.5,0.1,-39.58646019436696,-38.80865214241878
1938,kexp,1.5,25,0.5,0.05,-39.83518104041094,-38.95715566262284
1939,kexp,1.5,25,0.5,0.01,-39.919838385776856,-39.0077913232301
1940,kexp,1.5,25,0.5,0,-39.92342143488513,-39.00993527772399
1941,kexp,1.5,25,1,0.5,-39.99672136969604,-40.43733470051178
1942,kexp,1.5,25,1,0.1,-38.78642439439516,-39.03318416425717
1943,kexp,1.5,25,1,0.05,-38.76678719576434,-38.99925981719259
1944,kexp,1.5,25,1,0.01,-38.7609087905016,-38.988631688808155
1945,kexp,1.5,25,1,0,-38.76066823740205,-38.988191311453065
1946,kexp,1.5,25,1.5,0.5,-42.75700350254664,-43.354456879468835
1947,kexp,1.5,25,1.5,0.1,-41.22514939772184,-41.83464581897413
1948,kexp,1.5,25,1.5,0.05,-41.17905459645647,-41.78734803000518
1949,kexp,1.5,25,1.5,0.01,-41.16435266097526,-41.7722298259514
1950,kexp,1.5,25,1.5,0,-41.16374060497625,-41.77160008943361
1951,kexp,1.75,0.2,0.5,0.5,-30.63458348285978,-30.721386076014426
1952,kexp,1.75,0.2,0.5,0.1,-59.215173657442755,-59.58920380784257
1953,kexp,1.75,0.2,0.5,0.05,-73.56872259177574,-74.01827611386281
1954,kexp,1.75,0.2,0.5,0.01,-81.66539998161359,-82.15054116280272
1955,kexp,1.75,0.2,0.5,0,-82.07795164134195,-82.56476282555752
1956,kexp,1.75,0.2,1,0.5,-31.219756259164914,-31.31525110670144
1957,kexp,1.75,0.2,1,0.1,-40.4788630149211,-40.72691749570779
1958,kexp,1.75,0.2,1,0.05,-44.59390508654157,-44.86593542967105
1959,kexp,1.75,0.2,1,0.01,-46.5110664041704,-46.79263491447975
1960,kexp,1.75,0.2,1,0,-46.60088174486489,-46.88287261059346
1961,kexp,1.75,0.2,1.5,0.5,-32.239418190279174,-32.338434497253004
1962,kexp,1.75,0.2,1.5,0.1,-35.071448543339045,-35.268864692493665
1963,kexp,1.75,0.2,1.5,0.05,-36.788534399110354,-36.99769408679819
1964,kexp,1.75,0.2,1.5,0.01,-37.53200421120667,-37.74553207761539
1965,kexp,1.75,0.2,1.5,0,-37.56584854559284,-37.779565971823885
1966,kexp,1.75,0.5,0.5,0.5,-29.770532161463347,-29.912592889235576
1967,kexp,1.75,0.5,0.5,0.1,-36.64080331806711,-37.08010667883732
1968,kexp,1.75,0.5,0.5,0.05,-39.586585576611164,-40.08790550970854
1969,kexp,1.75,0.5,0.5,0.01,-40.87734005841506,-41.40426205587502
1970,kexp,1.75,0.5,0.5,0,-40.936440092077724,-41.464507003132105
1971,kexp,1.75,0.5,1,0.5,-31.410726184495598,-31.597530352218033
1972,kexp,1.75,0.5,1,0.1,-30.22133832272552,-30.58806393356742
1973,kexp,1.75,0.5,1,0.05,-30.714538371021245,-31.101277317433222
1974,kexp,1.75,0.5,1,0.01,-30.91632058780662,-31.31031343356561
1975,kexp,1.75,0.5,1,0,-30.92530739314493,-31.31961270148358
1976,kexp,1.75,0.5,1.5,0.5,-33.29896998536506,-33.50863584939351
1977,kexp,1.75,0.5,1.5,0.1,-30.28587763724389,-30.621699899873324
1978,kexp,1.75,0.5,1.5,0.05,-30.346943977636787,-30.692976042316992
1979,kexp,1.75,0.5,1.5,0.01,-30.377508677285935,-30.72707637557123
1980,kexp,1.75,0.5,1.5,0,-30.378919926819844,-30.7286380342521
1981,kexp,1.75,1,0.5,0.5,-30.538953665912832,-30.73272153792249
1982,kexp,1.75,1,0.5,0.1,-30.86163692518798,-31.332891195565693
1983,kexp,1.75,1,0.5,0.05,-31.53756551769143,-32.038811682777805
1984,kexp,1.75,1,0.5,0.01,-31.806203112325402,-32.31833714876276
1985,kexp,1.75,1,0.5,0,-31.818084505065283,-32.33068836640387
1986,kexp,1.75,1,1,0.5,-32.84067209742392,-33.13919910734176
1987,kexp,1.75,1,1,0.1,-29.47350864497928,-29.975796438271747
1988,kexp,1.75,1,1,0.05,-29.435854679725608,-29.950682308111393
1989,kexp,1.75,1,1,0.01,-29.428288206270583,-29.947337215380433
1990,kexp,1.75,1,1,0,-29.428027513917243,-29.94725479904319
1991,kexp,1.75,1,1.5,0.5,-35.251543203479855,-35.607312314583126
1992,kexp,1.75,1,1.5,0.1,-31.579477960543393,-32.0905955840205
1993,kexp,1.75,1,1.5,0.05,-31.46098097956632,-31.979779312396435
1994,kexp,1.75,1,1.5,0.01,-31.42355199651151,-31.944880846119478
1995,kexp,1.75,1,1.5,0,-31.421998616917868,-31.94343370997269
1996,kexp,1.75,1.5,0.5,0.5,-31.476135948175152,-31.67758652709418
1997,kexp,1.75,1.5,0.5,0.1,-30.194525514664953,-30.461543120211097
1998,kexp,1.75,1.5,0.5,0.05,-30.438103071133202,-30.703823056518697
1999,kexp,1.75,1.5,0.5,0.01,-30.533519159750046,-30.798613177912472
2000,kexp,1.75,1.5,0.5,0,-30.537710919570465,-30.80277657682097
2001,kexp,1.75,1.5,1,0.5,-33.983421264783125,-34.32503930043936
2002,kexp,1.75,1.5,1,0.1,-30.384004659921054,-30.871473933970716
2003,kexp,1.75,1.5,1,0.05,-30.277731764856775,-30.771141529543662
2004,kexp,1.75,1.5,1,0.01,-30.244603687349013,-30.739932710541186
2005,kexp,1.75,1.5,1,0,-30.243233971175385,-30.73864316518186
2006,kexp,1.75,1.5,1.5,0.5,-36.59876675743625,-37.02523497961787
2007,kexp,1.75,1.5,1.5,0.1,-33.10333915401232,-33.6681669593405
2008,kexp,1.75,1.5,1.5,0.05,-32.977782036546394,-33.548116735072384
2009,kexp,1.75,1.5,1.5,0.01,-32.93741557015777,-33.50953151975027
2010,kexp,1.75,1.5,1.5,0,-32.93573175510586,-33.50792212803141
2011,kexp,1.75,2,0.5,0.5,-32.292232928282885,-32.47336514220992
2012,kexp,1.75,2,0.5,0.1,-30.67369799064571,-30.64923490569451
2013,kexp,1.75,2,0.5,0.05,-30.794559804130177,-30.742557500492513
2014,kexp,1.75,2,0.5,0.01,-30.842037268775307,-30.78035462445398
2015,kexp,1.75,2,0.5,0,-30.84412030271375,-30.782024468962607
2016,kexp,1.75,2,1,0.5,-34.880510982457906,-35.22405243015657
2017,kexp,1.75,2,1,0.1,-31.4185680606264,-31.82745430472915
2018,kexp,1.75,2,1,0.05,-31.304604628249784,-31.71404724924265
2019,kexp,1.75,2,1,0.01,-31.268327165711995,-31.677891364676977
2020,kexp,1.75,2,1,0,-31.266818017156677,-31.67638665616158
2021,kexp,1.75,2,1.5,0.5,-37.596380793115706,-38.049459763991
2022,kexp,1.75,2,1.5,0.1,-34.35469798049778,-34.916500007967635
2023,kexp,1.75,2,1.5,0.05,-34.23764367911173,-34.80318676275477
2024,kexp,1.75,2,1.5,0.01,-34.19994722658515,-34.76668747767083
2025,kexp,1.75,2,1.5,0,-34.198374022037235,-34.765164151961756
2026,kexp,1.75,2.5,0.5,0.5,-32.99661236345521,-33.14648358211327
2027,kexp,1.75,2.5,0.5,0.1,-31.533265577781794,-31.213406789073744
2028,kexp,1.75,2.5,0.5,0.05,-31.6224969986918,-31.25343301560807
2029,kexp,1.75,2.5,0.5,0.01,-31.656921319932042,-31.270877966029694
2030,kexp,1.75,2.5,0.5,0,-31.658423701397126,-31.271659009548443
2031,kexp,1.75,2.5,1,0.5,-35.61935425231083,-35.948745842665026
2032,kexp,1.75,2.5,1,0.1,-32.39736652201871,-32.71423304908817
2033,kexp,1.75,2.5,1,0.05,-32.28976363621312,-32.602821404111715
2034,kexp,1.75,2.5,1,0.01,-32.25536549834763,-32.56711031808222
2035,kexp,1.75,2.5,1,0,-32.25393277482099,-32.565621857373934
2036,kexp,1.75,2.5,1.5,0.5,-38.38547091005678,-38.84722036123277
2037,kexp,1.75,2.5,1.5,0.1,-35.38627696027391,-35.9276849040561
2038,kexp,1.75,2.5,1.5,0.05,-35.27905538826651,-35.82279430067439
2039,kexp,1.75,2.5,1.5,0.01,-35.24453322920343,-35.789009602634266
2040,kexp,1.75,2.5,1.5,0,-35.24309256603016,-35.787599573384995
2041,kexp,1.75,3,0.5,0.5,-33.60488880427493,-33.72257652836334
2042,kexp,1.75,3,0.5,0.1,-32.498868741372235,-31.909492393145353
2043,kexp,1.75,3,0.5,0.05,-32.59103535967617,-31.934127998417267
2044,kexp,1.75,3,0.5,0.01,-32.62532343756713,-31.94530938531234
2045,kexp,1.75,3,0.5,0,-32.62680662035743,-31.94581309165734
2046,kexp,1.75,3,1,0.5,-36.23894273936847,-36.55049569927544
2047,kexp,1.75,3,1,0.1,-33.278090121250926,-33.50781350306362
2048,kexp,1.75,3,1,0.05,-33.18069152297809,-33.40293398047166
2049,kexp,1.75,3,1,0.01,-33.14954660772915,-33.36927495108991
2050,kexp,1.75,3,1,0,-33.14824923595171,-33.36787151685251
2051,kexp,1.75,3,1.5,0.5,-39.02738418872774,-39.49184124752429
2052,kexp,1.75,3,1.5,0.1,-36.243812076649185,-36.76212198065073
2053,kexp,1.75,3,1.5,0.05,-36.14563038211384,-36.66508958773833
2054,kexp,1.75,3,1.5,0.01,-36.114038385851636,-36.63385134906536
2055,kexp,1.75,3,1.5,0,-36.112720207885,-36.63254775865446
2056,kexp,1.75,3.5,0.5,0.5,-34.127949660979816,-34.21717752619359
2057,kexp,1.75,3.5,0.5,0.1,-33.44747737225592,-32.62404072989445
2058,kexp,1.75,3.5,0.5,0.05,-33.55669116210233,-32.650056521427366
2059,kexp,1.75,3.5,0.5,0.01,-33.59610541895099,-32.66113021033491
2060,kexp,1.75,3.5,0.5,0,-33.597797819256,-32.661622684634644
2061,kexp,1.75,3.5,1,0.5,-36.76011683971276,-37.055312842043534
2062,kexp,1.75,3.5,1,0.1,-34.05003503648109,-34.20359334262143
2063,kexp,1.75,3.5,1,0.05,-33.96351824463515,-34.10644642808342
2064,kexp,1.75,3.5,1,0.01,-33.93589113915932,-34.07527525456588
2065,kexp,1.75,3.5,1,0,-33.93474069746812,-34.073975599982276
2066,kexp,1.75,3.5,1.5,0.5,-39.55498890975805,-40.02096406597329
2067,kexp,1.75,3.5,1.5,0.1,-36.958214314302346,-37.455766915991106
2068,kexp,1.75,3.5,1.5,0.05,-36.867946595852416,-37.3656283588742
2069,kexp,1.75,3.5,1.5,0.01,-36.838922558912046,-37.33662674353134
2070,kexp,1.75,3.5,1.5,0,-36.83771175694087,-37.33541667183554
2071,kexp,1.75,4,0.5,0.5,-34.57578235786122,-34.64201279002106
2072,kexp,1.75,4,0.5,0.1,-34.32432083584922,-33.304017495635755
2073,kexp,1.75,4,0.5,0.05,-34.45578737483852,-33.33894272558381
2074,kexp,1.75,4,0.5,0.01,-34.502327225277746,-33.35267778700679
2075,kexp,1.75,4,0.5,0,-34.504316198772976,-33.353278724158486
2076,kexp,1.75,4,1,0.5,-37.198292182848675,-37.480514779967216
2077,kexp,1.75,4,1,0.1,-34.71616686656225,-34.80618001825448
2078,kexp,1.75,4,1,0.05,-34.640025937110565,-34.71671103143294
2079,kexp,1.75,4,1,0.01,-34.615770877445485,-34.68802836633681
2080,kexp,1.75,4,1,0,-34.614761480918936,-34.68683272768458
2081,kexp,1.75,4,1.5,0.5,-39.990669853596515,-40.45877326749341
2082,kexp,1.75,4,1.5,0.1,-37.553625013655285,-38.03442837154496
2083,kexp,1.75,4,1.5,0.05,-37.47016554538052,-37.950215610567795
2084,kexp,1.75,4,1.5,0.01,-37.443351715053254,-37.92313714868934
2085,kexp,1.75,4,1.5,0,-37.44223334170294,-37.922007495597555
2086,kexp,1.75,6,0.5,0.5,-35.80585538212375,-35.83153413041232
2087,kexp,1.75,6,0.5,0.1,-36.92887412980617,-35.43492566354339
2088,kexp,1.75,6,0.5,0.05,-37.14497538854845,-35.51980086538149
2089,kexp,1.75,6,0.5,0.01,-37.21945109525342,-35.54981102742198
2090,kexp,1.75,6,0.5,0,-37.22261302269589,-35.55109291907243
2091,kexp,1.75,6,1,0.5,-38.36261011453251,-38.62748439181767
2092,kexp,1.75,6,1,0.1,-36.53923265914513,-36.48570271375815
2093,kexp,1.75,6,1,0.05,-36.49452537593443,-36.420596264407614
2094,kexp,1.75,6,1,0.01,-36.480531766003324,-36.39985091162954
2095,kexp,1.75,6,1,0,-36.479952096665606,-36.398987502614276
2096,kexp,1.75,6,1.5,0.5,-41.11613707434101,-41.60384036271647
2097,kexp,1.75,6,1.5,0.1,-39.10965551520864,-39.56304045455647
2098,kexp,1.75,6,1.5,0.05,-39.04471905758497,-39.495011336825094
2099,kexp,1.75,6,1.5,0.01,-39.023921943963586,-39.47318578689454
2100,kexp,1.75,6,1.5,0,-39.023055221390166,-39.472275797199124
2101,kexp,1.75,8,0.5,0.5,-36.48589892778869,-36.51921263786381
2102,kexp,1.75,8,0.5,0.1,-38.42792853886798,-36.769775205925086
2103,kexp,1.75,8,0.5,0.05,-38.698671777551084,-36.89395522231226
2104,kexp,1.75,8,0.5,0.01,-38.791404368490504,-36.937022298483406
2105,kexp,1.75,8,0.5,0,-38.79533544768398,-36.93885345427894
2106,kexp,1.75,8,1,0.5,-38.978651234675276,-39.25756183986252
2107,kexp,1.75,8,1,0.1,-37.52057738746381,-37.431369461063895
2108,kexp,1.75,8,1,0.05,-37.493824025314886,-37.38111053417182
2109,kexp,1.75,8,1,0.01,-37.48570665634159,-37.36521418037315
2110,kexp,1.75,8,1,0,-37.48537323936246,-37.364553863757415
2111,kexp,1.75,8,1.5,0.5,-41.692853584469425,-42.20817691825486
2112,kexp,1.75,8,1.5,0.1,-39.912838222076545,-40.37609402263158
2113,kexp,1.75,8,1.5,0.05,-39.85771675844464,-40.31686925107578
2114,kexp,1.75,8,1.5,0.01,-39.840109238042345,-40.29790126255847
2115,kexp,1.75,8,1.5,0,-39.83937593665599,-40.29711076698748
2116,kexp,1.75,10,0.5,0.5,-36.88665428461693,-36.942634183280326
2117,kexp,1.75,10,0.5,0.1,-39.308202783977485,-37.6145070326068
2118,kexp,1.75,10,0.5,0.05,-39.611302258203345,-37.76475668736777
2119,kexp,1.75,10,0.5,0.01,-39.714873487178664,-37.816508442172434
2120,kexp,1.75,10,0.5,0,-39.71926151560677,-37.818705219569466
2121,kexp,1.75,10,1,0.5,-39.33135290066565,-39.632003647329775
2122,kexp,1.75,10,1,0.1,-38.08140932658615,-37.99766260838008
2123,kexp,1.75,10,1,0.05,-38.064920206496595,-37.95643896414283
2124,kexp,1.75,10,1,0.01,-38.06016395950368,-37.94349407205538
2125,kexp,1.75,10,1,0,-38.05997141393927,-37.942957380137806
2126,kexp,1.75,10,1.5,0.5,-42.01711340661244,-42.557657456867
2127,kexp,1.75,10,1.5,0.1,-40.36366331920534,-40.847184269880124
2128,kexp,1.75,10,1.5,0.05,-40.31401825170419,-40.79306436033753
2129,kexp,1.75,10,1.5,0.01,-40.298190340779,-40.775752768853536
2130,kexp,1.75,10,1.5,0,-40.29753148011709,-40.7750315337309
2131,kexp,1.75,25,0.5,0.5,-37.634818763380345,-37.80534860802471
2132,kexp,1.75,25,0.5,0.1,-40.84579776571142,-39.31655309610967
2133,kexp,1.75,25,0.5,0.05,-41.199946357795405,-39.516759291819916
2134,kexp,1.75,25,0.5,0.01,-41.32059357695084,-39.58511278733677
2135,kexp,1.75,25,0.5,0,-41.32570127793881,-39.588008062962786
2136,kexp,1.75,25,1,0.5,-39.969441339654274,-40.36115187317873
2137,kexp,1.75,25,1,0.1,-39.06042919444008,-39.08637420480984
2138,kexp,1.75,25,1,0.05,-39.06028456323938,-39.06160569558144
2139,kexp,1.75,25,1,0.01,-39.06087368688984,-39.05402739063504
2140,kexp,1.75,25,1,0,-39.06090510527137,-39.053715391020035
2141,kexp,1.75,25,1.5,0.5,-42.59687538697784,-43.217029873046094
2142,kexp,1.75,25,1.5,0.1,-41.151019873414256,-41.72637001428462
2143,kexp,1.75,25,1.5,0.05,-41.110149290401566,-41.68126411962638
2144,kexp,1.75,25,1.5,0.01,-41.097169569393195,-41.666873727310616
2145,kexp,1.75,25,1.5,0,-41.09662981444859,-41.66627460044222
2146,kexp,2,0.2,0.5,0.5,-30.73028715309695,-30.827084926376845
2147,kexp,2,0.2,0.5,0.1,-64.34568740721377,-64.81655615136131
2148,kexp,2,0.2,0.5,0.05,-82.06294155595536,-82.63057514664226
2149,kexp,2,0.2,0.5,0.01,-92.52215322940616,-93.13584476709865
2150,kexp,2,0.2,0.5,0,-93.06699565935173,-93.68286129664226
2151,kexp,2,0.2,1,0.5,-31.110128749995525,-31.218836455738177
2152,kexp,2,0.2,1,0.1,-43.13064569668636,-43.43655518296441
2153,kexp,2,0.2,1,0.05,-48.45035176503266,-48.787058899914705
2154,kexp,2,0.2,1,0.01,-51.00508431864247,-51.35415780436169
2155,kexp,2,0.2,1,0,-51.12625497670473,-51.475877810803155
2156,kexp,2,0.2,1.5,0.5,-31.97643055386852,-32.08951922288101
2157,kexp,2,0.2,1.5,0.1,-36.55168605605126,-36.79153703276021
2158,kexp,2,0.2,1.5,0.05,-38.86662522138242,-39.1215905320963
2159,kexp,2,0.2,1.5,0.01,-39.88972130485641,-40.15035022125496
2160,kexp,2,0.2,1.5,0,-39.9366648485518,-40.19754008158378
2161,kexp,2,0.5,0.5,0.5,-29.750491788275106,-29.901395373030827
2162,kexp,2,0.5,0.5,0.1,-39.02452879968632,-39.547064945897304
2163,kexp,2,0.5,0.5,0.05,-42.87803349617805,-43.481053748064014
2164,kexp,2,0.5,0.5,0.01,-44.60948125526281,-45.246599395149254
2165,kexp,2,0.5,0.5,0,-44.689523664409904,-45.32817933601138
2166,kexp,2,0.5,1,0.5,-31.10827793158994,-31.312458920041895
2167,kexp,2,0.5,1,0.1,-30.843528041879686,-31.268561742386744
2168,kexp,2,0.5,1,0.05,-31.576922541169157,-32.02803710917191
2169,kexp,2,0.5,1,0.01,-31.87772384522385,-32.338435854988894
2170,kexp,2,0.5,1,0,-31.891148243940968,-32.35227545802364
2171,kexp,2,0.5,1.5,0.5,-32.80309547184393,-33.033043977768855
2172,kexp,2,0.5,1.5,0.1,-30.18982972452717,-30.573676983042898
2173,kexp,2,0.5,1.5,0.05,-30.345398924714427,-30.742509953384122
2174,kexp,2,0.5,1.5,0.01,-30.412655941147545,-30.81440895440887
2175,kexp,2,0.5,1.5,0,-30.415679870410017,-30.817630931984848
2176,kexp,2,1,0.5,0.5,-30.41868328638706,-30.60090894270902
2177,kexp,2,1,0.5,0.1,-32.04281423773308,-32.561894173878564
2178,kexp,2,1,0.5,0.05,-33.00854417155135,-33.56824001218489
2179,kexp,2,1,0.5,0.01,-33.39512132838302,-33.969850199702556
2180,kexp,2,1,0.5,0,-33.4122719820125,-33.98765340098369
2181,kexp,2,1,1,0.5,-32.44508710239272,-32.755685377739525
2182,kexp,2,1,1,0.1,-29.364523195445226,-29.921114251824037
2183,kexp,2,1,1,0.05,-29.381204027233505,-29.95413258320221
2184,kexp,2,1,1,0.01,-29.393934894574873,-29.97241630082495
2185,kexp,2,1,1,0,-29.394556214980184,-29.9732727604846
2186,kexp,2,1,1.5,0.5,-34.66140549982434,-35.040953694219176
2187,kexp,2,1,1.5,0.1,-30.98651733994944,-31.55317001422774
2188,kexp,2,1,1.5,0.05,-30.880200443583934,-31.456646845123135
2189,kexp,2,1,1.5,0.01,-30.84732992891475,-31.427021712030864
2190,kexp,2,1,1.5,0,-30.845974392678237,-31.42580264702666
2191,kexp,2,1.5,0.5,0.5,-31.31657095991502,-31.484928759192844
2192,kexp,2,1.5,0.5,0.1,-30.94981830286213,-31.191567373537314
2193,kexp,2,1.5,0.5,0.05,-31.345720114363008,-31.587376843344796
2194,kexp,2,1.5,0.5,0.01,-31.499052331779122,-31.740503240423415
2195,kexp,2,1.5,0.5,0,-31.50577616164067,-31.74721682954631
2196,kexp,2,1.5,1,0.5,-33.56668111972686,-33.91198315628363
2197,kexp,2,1.5,1,0.1,-30.07133314679406,-30.58835167478819
2198,kexp,2,1.5,1,0.05,-29.985406993405725,-30.509889276327833
2199,kexp,2,1.5,1,0.01,-29.959663868664425,-30.48657220133175
2200,kexp,2,1.5,1,0,-29.95861226903614,-30.485622117199412
2201,kexp,2,1.5,1.5,0.5,-35.99401891998066,-36.443764813080634
2202,kexp,2,1.5,1.5,0.1,-32.40164209012951,-33.014825459218194
2203,kexp,2,1.5,1.5,0.05,-32.27560817167277,-32.895530743471156
2204,kexp,2,1.5,1.5,0.01,-32.23523036987532,-32.85733856106607
2205,kexp,2,1.5,1.5,0,-32.23354773822591,-32.855747313142196
2206,kexp,2,2,0.5,0.5,-32.11430143707708,-32.24218278681459
2207,kexp,2,2,0.5,0.1,-31.243540857777173,-31.099446816910785
2208,kexp,2,2,0.5,0.05,-31.469699529564302,-31.290543817531503
2209,kexp,2,2,0.5,0.01,-31.555772286559588,-31.364239339028767
2210,kexp,2,2,0.5,0,-31.55952383892172,-31.367462002010928
2211,kexp,2,2,1,0.5,-34.46214321868019,-34.79751938813404
2212,kexp,2,2,1,0.1,-31.04256502124586,-31.443152619362827
2213,kexp,2,2,1,0.05,-30.93911277336421,-31.3397667801338
2214,kexp,2,2,1,0.01,-30.90659969439084,-31.307197561809918
2215,kexp,2,2,1,0,-30.905252036449834,-31.305846707448566
2216,kexp,2,2,1.5,0.5,-36.998911764894316,-37.46960052651138
2217,kexp,2,2,1.5,0.1,-33.63851171470475,-34.231058230582434
2218,kexp,2,2,1.5,0.05,-33.518148509158515,-34.1148961269818
2219,kexp,2,2,1.5,0.01,-33.479433380906684,-34.07752426749082
2220,kexp,2,2,1.5,0,-33.477818202355785,-34.07596504265886
2221,kexp,2,2.5,0.5,0.5,-32.81264367762512,-32.89047990299371
2222,kexp,2,2.5,0.5,0.1,-32.0317945772935,-31.4944016857333
2223,kexp,2,2.5,0.5,0.05,-32.20737462694842,-31.605621678997
2224,kexp,2,2.5,0.5,0.01,-32.27272633052273,-31.648677196880524
2225,kexp,2,2.5,0.5,0,-32.275556616357875,-31.65055925886135
2226,kexp,2,2.5,1,0.5,-35.211180104604686,-35.51901576252407
2227,kexp,2,2.5,1,0.1,-32.017763555692866,-32.28524043428976
2228,kexp,2,2.5,1,0.05,-31.917543211774454,-32.17899296005429
2229,kexp,2,2.5,1,0.01,-31.885751289222547,-32.14513706562997
2230,kexp,2,2.5,1,0,-31.884429923902992,-32.14372821676544
2231,kexp,2,2.5,1.5,0.5,-37.80746093347297,-38.278703033086686
2232,kexp,2,2.5,1.5,0.1,-34.69281904959273,-35.244056916260604
2233,kexp,2,2.5,1.5,0.05,-34.58189401065738,-35.13526274209496
2234,kexp,2,2.5,1.5,0.01,-34.546200436303195,-35.10023631071536
2235,kexp,2,2.5,1.5,0,-34.54471112648345,-35.09877463613394
2236,kexp,2,3,0.5,0.5,-33.42436639358957,-33.453102863291484
2237,kexp,2,3,0.5,0.1,-32.98977570305801,-32.090811718360726
2238,kexp,2,3,0.5,0.05,-33.16092933228735,-32.17263777599516
2239,kexp,2,3,0.5,0.01,-33.22308252726215,-32.20412071214983
2240,kexp,2,3,0.5,0,-33.22575690362249,-32.2054937819546
2241,kexp,2,3,1,0.5,-35.84956024192039,-36.126665732257756
2242,kexp,2,3,1,0.1,-32.92563092779393,-33.06714713867915
2243,kexp,2,3,1,0.05,-32.83501607973305,-32.965342531813725
2244,kexp,2,3,1,0.01,-32.80622582147609,-32.93279703320554
2245,kexp,2,3,1,0,-32.80502861416885,-32.931441455170855
2246,kexp,2,3,1.5,0.5,-38.47658779434004,-38.9424173211264
2247,kexp,2,3,1.5,0.1,-35.59090465591311,-36.09905776044598
2248,kexp,2,3,1.5,0.05,-35.48943953083794,-35.99797498634246
2249,kexp,2,3,1.5,0.01,-35.45680418246679,-35.9654384810812
2250,kexp,2,3,1.5,0,-35.45544261775062,-35.964080779644775
2251,kexp,2,3.5,0.5,0.5,-33.9577604590313,-33.94324476230454
2252,kexp,2,3.5,0.5,0.1,-33.96719435863853,-32.75162152769482
2253,kexp,2,3.5,0.5,0.05,-34.15357811326409,-32.82724721683047
2254,kexp,2,3.5,0.5,0.01,-34.219950452748826,-32.855774079634955
2255,kexp,2,3.5,0.5,0,-34.22279206325954,-32.857011995548326
2256,kexp,2,3.5,1,0.5,-36.394980922574184,-36.64432777614672
2257,kexp,2,3.5,1,0.1,-33.74067832613146,-33.771649839252085
2258,kexp,2,3.5,1,0.05,-33.66145715933273,-33.6768036914868
2259,kexp,2,3.5,1,0.01,-33.636326820811746,-33.64646618057771
2260,kexp,2,3.5,1,0,-33.63528220282027,-33.645202347849306
2261,kexp,2,3.5,1.5,0.5,-39.03559141623971,-39.49594049319623
2262,kexp,2,3.5,1.5,0.1,-36.354006960386776,-36.82402566157905
2263,kexp,2,3.5,1.5,0.05,-36.26118139008235,-36.73007565277274
2264,kexp,2,3.5,1.5,0.01,-36.23134683301954,-36.699850331171376
2265,kexp,2,3.5,1.5,0,-36.23010234940713,-36.69858923201884
2266,kexp,2,4,0.5,0.5,-34.42027930920709,-34.37007871051584
2267,kexp,2,4,0.5,0.1,-34.892356254458385,-33.40760598588974
2268,kexp,2,4,0.5,0.05,-35.101968892605306,-33.48813222484545
2269,kexp,2,4,0.5,0.01,-35.175637894488816,-33.517813040241435
2270,kexp,2,4,0.5,0,-35.17878134812621,-33.519093850055555
2271,kexp,2,4,1,0.5,-36.860039598696,-37.086765591442074
2272,kexp,2,4,1,0.1,-34.4569852627735,-34.39489075323276
2273,kexp,2,4,1,0.05,-34.389150212181704,-34.307625535217255
2274,kexp,2,4,1,0.01,-34.36771082078462,-34.27973201307114
2275,kexp,2,4,1,0,-34.36682047491594,-34.27857018374875
2276,kexp,2,4,1.5,0.5,-39.50403263290185,-39.96092275265762
2277,kexp,2,4,1.5,0.1,-37.00051368164552,-37.439347060834336
2278,kexp,2,4,1.5,0.05,-36.91532143897963,-37.351731260741346
2279,kexp,2,4,1.5,0.01,-36.887964495431625,-37.32356090580737
2280,kexp,2,4,1.5,0,-36.88682361724582,-37.32238572838271
2281,kexp,2,6,0.5,0.5,-35.7199185189561,-35.59616529469681
2282,kexp,2,6,0.5,0.1,-37.726145163288486,-35.567644827549024
2283,kexp,2,6,0.5,0.05,-38.03189268891509,-35.69577167588234
2284,kexp,2,6,0.5,0.01,-38.137211187328255,-35.740765831682026
2285,kexp,2,6,0.5,0,-38.141682383871576,-35.74268490884855
2286,kexp,2,6,1,0.5,-38.1262934071815,-38.31233511550164
2287,kexp,2,6,1,0.1,-36.47222548087094,-36.18945994419812
2288,kexp,2,6,1,0.05,-36.440589259690384,-36.1282785788307
2289,kexp,2,6,1,0.01,-36.43096717100423,-36.10887664695825
2290,kexp,2,6,1,0,-36.43057170132076,-36.10807016830585
2291,kexp,2,6,1.5,0.5,-40.7454892215986,-41.2113273894405
2292,kexp,2,6,1.5,0.1,-38.73576018915065,-39.1133417915557
2293,kexp,2,6,1.5,0.05,-38.67207438750184,-39.043765145161146
2294,kexp,2,6,1.5,0.01,-38.65170675260107,-39.021452232150594
2295,kexp,2,6,1.5,0,-38.65085824053638,-39.020522021528016
2296,kexp,2,8,0.5,0.5,-36.459577790129174,-36.32998219513952
2297,kexp,2,8,0.5,0.1,-39.40425291143528,-36.98143593087437
2298,kexp,2,8,0.5,0.05,-39.774933001605554,-37.15185568685455
2299,kexp,2,8,0.5,0.01,-39.90199508584724,-37.21091651239441
2300,kexp,2,8,0.5,0,-39.90738283911639,-37.21342749865416
2301,kexp,2,8,1,0.5,-38.815560356866754,-39.00817728018047
2302,kexp,2,8,1,0.1,-37.58828889972903,-37.2358060807228
2303,kexp,2,8,1,0.05,-37.578113616834116,-37.19140864285941
2304,kexp,2,8,1,0.01,-37.57552479490442,-37.17749384968822
2305,kexp,2,8,1,0,-37.575424162778624,-37.17691725214914
2306,kexp,2,8,1.5,0.5,-41.40067976473966,-41.89416759526577
2307,kexp,2,8,1.5,0.1,-39.65790079418891,-40.03457281284333
2308,kexp,2,8,1.5,0.05,-39.60598779116024,-39.97519547648942
2309,kexp,2,8,1.5,0.01,-39.58944965497649,-39.95619557867102
2310,kexp,2,8,1.5,0,-39.588761370731206,-39.95540393671691
2311,kexp,2,10,0.5,0.5,-36.906721904449384,-36.79603287357123
2312,kexp,2,10,0.5,0.1,-40.41193110213334,-37.90668597018542
2313,kexp,2,10,0.5,0.05,-40.822089652787625,-38.106489827822394
2314,kexp,2,10,0.5,0.01,-40.96242317023121,-38.175370416521126
2315,kexp,2,10,0.5,0,-40.968370956588075,-38.17829515299313
2316,kexp,2,10,1,0.5,-39.21860584983361,-39.43249532869752
2317,kexp,2,10,1,0.1,-38.23918236447424,-37.87892261000121
2318,kexp,2,10,1,0.05,-38.241567280574216,-37.84505526421378
2319,kexp,2,10,1,0.01,-38.24309866308439,-37.834585343404115
2320,kexp,2,10,1,0,-38.2431707953955,-37.83415309290294
2321,kexp,2,10,1.5,0.5,-41.7763793425284,-42.298612669242
2322,kexp,2,10,1.5,0.1,-40.18558335164237,-40.581152757961945
2323,kexp,2,10,1.5,0.05,-40.1403797693648,-40.52783651349787
2324,kexp,2,10,1.5,0.01,-40.12602445833157,-40.510805149435065
2325,kexp,2,10,1.5,0,-40.125427508395994,-40.51009583960871
2326,kexp,2,25,0.5,0.5,-37.78927742698622,-37.8095204921074
2327,kexp,2,25,0.5,0.1,-42.27866394655174,-39.91626311652886
2328,kexp,2,25,0.5,0.05,-42.75598874949828,-40.17765831490712
2329,kexp,2,25,0.5,0.01,-42.91890059525914,-40.267087302398984
2330,kexp,2,25,0.5,0,-42.925801191447825,-40.27087748466452
2331,kexp,2,25,1,0.5,-39.982083042637704,-40.30342955227994
2332,kexp,2,25,1,0.1,-39.43237228469349,-39.18758993327768
2333,kexp,2,25,1,0.05,-39.456069965665414,-39.1742501515145
2334,kexp,2,25,1,0.01,-39.46458757127663,-39.17048653910282
2335,kexp,2,25,1,0,-39.46495259063184,-39.170335198860656
2336,kexp,2,25,1.5,0.5,-42.47543391375879,-43.09622027788116
2337,kexp,2,25,1.5,0.1,-41.14694346041308,-41.65005752936947
2338,kexp,2,25,1.5,0.05,-41.11309864970911,-41.60805982902956
2339,kexp,2,25,1.5,0.01,-41.10243564551956,-41.59470031958389
2340,kexp,2,25,1.5,0,-41.101993157090384,-41.59414453699451
2341,kexp,2.25,0.2,0.5,0.5,-30.835887825423594,-30.939349476195822
2342,kexp,2.25,0.2,0.5,0.1,-69.30891429734662,-69.87259562977363
2343,kexp,2.25,0.2,0.5,0.05,-90.52109286390947,-91.20502355047655
2344,kexp,2.25,0.2,0.5,0.01,-103.58666529314631,-104.32838934872866
2345,kexp,2.25,0.2,0.5,0,-104.28200229111246,-105.0264696360668
2346,kexp,2.25,0.2,1,0.5,-31.037849588487642,-31.156483229657468
2347,kexp,2.25,0.2,1,0.1,-45.816646458797386,-46.17849070531706
2348,kexp,2.25,0.2,1,0.05,-52.435425921270074,-52.83564693442265
2349,kexp,2.25,0.2,1,0.01,-55.708363231056346,-56.12413024128379
2350,kexp,2.25,0.2,1,0,-55.865507548190145,-56.28196723482198
2351,kexp,2.25,0.2,1.5,0.5,-31.771209876606278,-31.895434473314047
2352,kexp,2.25,0.2,1.5,0.1,-38.13777268718261,-38.418593589729326
2353,kexp,2.25,0.2,1.5,0.05,-41.11266389941409,-41.412356232596686
2354,kexp,2.25,0.2,1.5,0.01,-42.45522757007419,-42.7620410306249
2355,kexp,2.25,0.2,1.5,0,-42.51733273310045,-42.82445653362178
2356,kexp,2.25,0.5,0.5,0.5,-29.768092763297993,-29.924489706984772
2357,kexp,2.25,0.5,0.5,0.1,-41.47762467450374,-42.07757136946949
2358,kexp,2.25,0.5,0.5,0.05,-46.32282151612619,-47.02292426329752
2359,kexp,2.25,0.5,0.5,0.01,-48.554073043857535,-49.29770985560847
2360,kexp,2.25,0.5,0.5,0,-48.658215571325265,-49.40383186174488
2361,kexp,2.25,0.5,1,0.5,-30.87308808411655,-31.090459584515134
2362,kexp,2.25,0.5,1,0.1,-31.607820895439673,-32.0864607742784
2363,kexp,2.25,0.5,1,0.05,-32.61572951083612,-33.12703664609659
2364,kexp,2.25,0.5,1,0.01,-33.032328689620975,-33.55584000168036
2365,kexp,2.25,0.5,1,0,-33.05098290102884,-33.57502449741944
2366,kexp,2.25,0.5,1.5,0.5,-32.394491172184566,-32.64044466218159
2367,kexp,2.25,0.5,1.5,0.1,-30.254096874278755,-30.681564510914377
2368,kexp,2.25,0.5,1.5,0.05,-30.522499930548957,-30.96656257552009
2369,kexp,2.25,0.5,1.5,0.01,-30.63424019172632,-31.08417240030703
2370,kexp,2.25,0.5,1.5,0,-30.639228777525076,-31.08941214257062
2371,kexp,2.25,1,0.5,0.5,-30.35237096985273,-30.52234129939935
2372,kexp,2.25,1,0.5,0.1,-33.36771198064388,-33.92986352915587
2373,kexp,2.25,1,0.5,0.05,-34.66329610477937,-35.27749853393506
2374,kexp,2.25,1,0.5,0.01,-35.18704566284176,-35.82087844827707
2375,kexp,2.25,1,0.5,0,-35.210370294887696,-35.84506019414095
2376,kexp,2.25,1,1,0.5,-32.12518568223473,-32.44302350102094
2377,kexp,2.25,1,1,0.1,-29.4068887253495,-30.011104983212732
2378,kexp,2.25,1,1,0.05,-29.490859766978915,-30.115481848506402
2379,kexp,2.25,1,1,0.01,-29.52897146534222,-30.160595831180444
2380,kexp,2.25,1,1,0,-29.530699105600082,-30.162620796467163
2381,kexp,2.25,1,1.5,0.5,-34.16250849942182,-34.55944629076895
2382,kexp,2.25,1,1.5,0.1,-30.543065159359656,-31.15784540187139
2383,kexp,2.25,1,1.5,0.05,-30.455216607398093,-31.08203415861889
2384,kexp,2.25,1,1.5,0.01,-30.42919116514119,-31.060021121612614
2385,kexp,2.25,1,1.5,0,-30.428132142537546,-31.05913109727532
2386,kexp,2.25,1.5,0.5,0.5,-31.21766313193167,-31.35466214363047
2387,kexp,2.25,1.5,0.5,0.1,-31.865231006102363,-32.08244715238201
2388,kexp,2.25,1.5,0.5,0.05,-32.43895485323848,-32.65746131473677
2389,kexp,2.25,1.5,0.5,0.01,-32.66093097074025,-32.87973422512671
2390,kexp,2.25,1.5,0.5,0,-32.67067043984067,-32.889485470812794
2391,kexp,2.25,1.5,1,0.5,-33.22608135670608,-33.57083925489711
2392,kexp,2.25,1.5,1,0.1,-29.901131513402287,-30.44190615367763
2393,kexp,2.25,1.5,1,0.05,-29.843052914266952,-30.392850216546208
2394,kexp,2.25,1.5,1,0.01,-29.82742993012259,-30.38017739958298
2395,kexp,2.25,1.5,1,0,-29.826814559466442,-30.379685690118173
2396,kexp,2.25,1.5,1.5,0.5,-35.47665770477079,-35.94289428189186
2397,kexp,2.25,1.5,1.5,0.1,-31.833367230271566,-32.48690303806064
2398,kexp,2.25,1.5,1.5,0.05,-31.710335507683187,-32.37185407493817
2399,kexp,2.25,1.5,1.5,0.01,-31.671149622165462,-32.33526416351866
2400,kexp,2.25,1.5,1.5,0,-31.669519366061532,-32.33374252994033
2401,kexp,2.25,2,0.5,0.5,-31.99971502111605,-32.07849831302335
2402,kexp,2.25,2,0.5,0.1,-31.977296254758496,-31.72007930693932
2403,kexp,2.25,2,0.5,0.05,-32.32841822926035,-32.02817838795224
2404,kexp,2.25,2,0.5,0.01,-32.46084383703174,-32.14533664971124
2405,kexp,2.25,2,0.5,0,-32.46660650844912,-32.15044607113265
2406,kexp,2.25,2,1,0.5,-34.11738061799763,-34.44180692531603
2407,kexp,2.25,2,1,0.1,-30.799196282669072,-31.1872351949454
2408,kexp,2.25,2,1,0.05,-30.71172086070097,-31.099182767514414
2409,kexp,2.25,2,1,0.01,-30.684898473360644,-31.072072391562354
2410,kexp,2.25,2,1,0,-30.683794672203824,-31.07095544781497
2411,kexp,2.25,2,1.5,0.5,-36.4826437856845,-36.96472857671125
2412,kexp,2.25,2,1.5,0.1,-33.04192330218091,-33.65741717228846
2413,kexp,2.25,2,1.5,0.05,-32.92070623630965,-33.54078303376989
2414,kexp,2.25,2,1.5,0.01,-32.88180286714653,-33.503343108057486
2415,kexp,2.25,2,1.5,0,-32.88018082684857,-33.50178200677033
2416,kexp,2.25,2.5,0.5,0.5,-32.69148800278835,-32.70344311549962
2417,kexp,2.25,2.5,0.5,0.1,-32.69250550677431,-31.947955715273768
2418,kexp,2.25,2.5,0.5,0.05,-32.97136035878802,-32.14629361361557
2419,kexp,2.25,2.5,0.5,0.01,-33.074072757606956,-32.22097897563294
2420,kexp,2.25,2.5,0.5,0,-33.07851182258121,-32.224224564748845
2421,kexp,2.25,2.5,1,0.5,-34.87176348504975,-35.15648016254793
2422,kexp,2.25,2.5,1,0.1,-31.760916783989103,-31.975453492891887
2423,kexp,2.25,2.5,1,0.05,-31.6726020449672,-31.87857951150657
2424,kexp,2.25,2.5,1,0.01,-31.644981088315063,-31.848032931769083
2425,kexp,2.25,2.5,1,0,-31.64383763412045,-31.84676552388995
2426,kexp,2.25,2.5,1.5,0.5,-37.303085212507455,-37.77799668064368
2427,kexp,2.25,2.5,1.5,0.1,-34.10662908143857,-34.65961543937161
2428,kexp,2.25,2.5,1.5,0.05,-33.993982103446406,-34.54874686440646
2429,kexp,2.25,2.5,1.5,0.01,-33.95777970140735,-34.513090160031076
2430,kexp,2.25,2.5,1.5,0,-33.956269671362826,-34.51160261033505
2431,kexp,2.25,3,0.5,0.5,-33.30396601928118,-33.25124043572243
2432,kexp,2.25,3,0.5,0.1,-33.63788158799191,-32.44120053702181
2433,kexp,2.25,3,0.5,0.05,-33.90350216054017,-32.59414168786583
2434,kexp,2.25,3,0.5,0.01,-33.99927307477562,-32.651061829479325
2435,kexp,2.25,3,0.5,0,-34.00338809086402,-32.65352659033862
2436,kexp,2.25,3,1,0.5,-35.52284569089141,-35.764555242255
2437,kexp,2.25,3,1,0.1,-32.68618797850689,-32.735452440406455
2438,kexp,2.25,3,1,0.05,-32.60637958404999,-32.64027840741834
2439,kexp,2.25,3,1,0.01,-32.581320782666616,-32.61006044687185
2440,kexp,2.25,3,1,0,-32.580282121721424,-32.60880417534196
2441,kexp,2.25,3,1.5,0.5,-37.99142427964889,-38.452665755168034
2442,kexp,2.25,3,1.5,0.1,-35.03407590403045,-35.52290771971672
2443,kexp,2.25,3,1.5,0.05,-34.931055484796204,-35.41927945678021
2444,kexp,2.25,3,1.5,0.01,-34.89795102255106,-35.38594426760014
2445,kexp,2.25,3,1.5,0,-34.89657023207105,-35.38455347040959
2446,kexp,2.25,3.5,0.5,0.5,-33.8439668034211,-33.73389885880118
2447,kexp,2.25,3.5,0.5,0.1,-34.63776798149879,-33.041524391613706
2448,kexp,2.25,3.5,0.5,0.05,-34.91598902201969,-33.17932617886939
2449,kexp,2.25,3.5,0.5,0.01,-35.01469541619958,-33.229870459294325
2450,kexp,2.25,3.5,0.5,0,-35.01891838979485,-33.2320505125037
2451,kexp,2.25,3.5,1,0.5,-36.08623649076081,-36.28885962907665
2452,kexp,2.25,3.5,1,0.1,-33.53532422619244,-33.4382780381247
2453,kexp,2.25,3.5,1,0.05,-33.46713544077716,-33.34885260284582
2454,kexp,2.25,3.5,1,0.01,-33.44577288356497,-33.32040668720717
2455,kexp,2.25,3.5,1,0,-33.44488789143276,-33.3192234260858
2456,kexp,2.25,3.5,1.5,0.5,-38.57423897145308,-39.0224447285377
2457,kexp,2.25,3.5,1.5,0.1,-35.83604741001415,-36.267727579203196
2458,kexp,2.25,3.5,1.5,0.05,-35.7422453465131,-36.17125485968067
2459,kexp,2.25,3.5,1.5,0.01,-35.71212397606883,-36.14023204673437
2460,kexp,2.25,3.5,1.5,0,-35.71086782537632,-36.138937830680646
2461,kexp,2.25,4,0.5,0.5,-34.31724729172915,-34.15900198653374
2462,kexp,2.25,4,0.5,0.1,-35.605030911106,-33.66563636996419
2463,kexp,2.25,4,0.5,0.05,-35.90700410425747,-33.80335590149414
2464,kexp,2.25,4,0.5,0.01,-36.01296830586129,-33.85315273033393
2465,kexp,2.25,4,0.5,0,-36.017488765277484,-33.85529262203912
2466,kexp,2.25,4,1,0.5,-36.57243142422368,-36.742489254557775
2467,kexp,2.25,4,1,0.1,-34.294060358794496,-34.072546987836944
2468,kexp,2.25,4,1,0.05,-34.23810297988242,-33.99029848506884
2469,kexp,2.25,4,1,0.01,-34.2206898767592,-33.964144144550815
2470,kexp,2.25,4,1,0,-34.21996977626092,-33.963056265783706
2471,kexp,2.25,4,1.5,0.5,-39.06880211184175,-39.50717458802746
2472,kexp,2.25,4,1.5,0.1,-36.52543196624059,-36.909608399721016
2473,kexp,2.25,4,1.5,0.05,-36.44000193402503,-36.81972622763352
2474,kexp,2.25,4,1.5,0.01,-36.41259616148061,-36.79083918985303
2475,kexp,2.25,4,1.5,0,-36.411453546653064,-36.7896342470999
2476,kexp,2.25,6,0.5,0.5,-35.67454452826631,-35.4074784530039
2477,kexp,2.25,6,0.5,0.1,-38.65363790445786,-35.828212285603314
2478,kexp,2.25,6,0.5,0.05,-39.06303818921127,-36.00930471337728
2479,kexp,2.25,6,0.5,0.01,-39.20423010480886,-36.07273117032408
2480,kexp,2.25,6,0.5,0,-39.21022650791366,-36.0754350376438
2481,kexp,2.25,6,1,0.5,-37.92631664319581,-38.02956948391828
2482,kexp,2.25,6,1,0.1,-36.48442619147906,-35.956673481826655
2483,kexp,2.25,6,1,0.05,-36.46931034851079,-35.90166318310446
2484,kexp,2.25,6,1,0.01,-36.46522454531495,-35.8843602975215
2485,kexp,2.25,6,1,0,-36.46506247811001,-35.883642640400794
2486,kexp,2.25,6,1.5,0.5,-40.41060713692744,-40.843832633424945
2487,kexp,2.25,6,1.5,0.1,-38.42195743005246,-38.70408596745201
2488,kexp,2.25,6,1.5,0.05,-38.36094359783058,-38.633823073277235
2489,kexp,2.25,6,1.5,0.01,-38.341475138152376,-38.61130709944566
2490,kexp,2.25,6,1.5,0,-38.340664568239,-38.61036860805484
2491,kexp,2.25,8,0.5,0.5,-36.467027341268086,-36.17667408851875
2492,kexp,2.25,8,0.5,0.1,-40.50606630788012,-37.302189400845826
2493,kexp,2.25,8,0.5,0.05,-40.99114769106344,-37.527927567769716
2494,kexp,2.25,8,0.5,0.01,-41.157726112303585,-37.60620576018848
2495,kexp,2.25,8,0.5,0,-41.16479307929593,-37.60953456057898
2496,kexp,2.25,8,1,0.5,-38.68347474646476,-38.7827268267347
2497,kexp,2.25,8,1,0.1,-37.730506226178065,-37.09190584705366
2498,kexp,2.25,8,1,0.05,-37.7404771899124,-37.05546277210975
2499,kexp,2.25,8,1,0.01,-37.744622113520755,-37.04423472998
2500,kexp,2.25,8,1,0,-37.74480517957094,-37.04377162497637
2501,kexp,2.25,8,1.5,0.5,-41.13926591702294,-41.597643580395875
2502,kexp,2.25,8,1.5,0.1,-39.45829772744413,-39.72411905241559
2503,kexp,2.25,8,1.5,0.05,-39.41106918361782,-39.665389423262475
2504,kexp,2.25,8,1.5,0.01,-39.396088728281256,-39.646622407501724
2505,kexp,2.25,8,1.5,0,-39.3954659797253,-39.64584074651031
2506,kexp,2.25,10,0.5,0.5,-36.95600308522801,-36.67741361264451
2507,kexp,2.25,10,0.5,0.1,-41.637780421603026,-38.29311237990019
2508,kexp,2.25,10,0.5,0.05,-42.16984122495011,-38.55120980711497
2509,kexp,2.25,10,0.5,0.01,-42.352262104125195,-38.64033271071143
2510,kexp,2.25,10,0.5,0,-42.35999814454934,-38.64411878535991
2511,kexp,2.25,10,1,0.5,-39.13454163955652,-39.252332350060286
2512,kexp,2.25,10,1,0.1,-38.469944608279725,-37.805423938590735
2513,kexp,2.25,10,1,0.05,-38.494885235597366,-37.780952971614965
2514,kexp,2.25,10,1,0.01,-38.503948608861144,-37.7736468737407
2515,kexp,2.25,10,1,0,-38.5043379956179,-37.773348163681234
2516,kexp,2.25,10,1.5,0.5,-41.56490600870327,-42.05414995904179
2517,kexp,2.25,10,1.5,0.1,-40.06189246853028,-40.342643410745
2518,kexp,2.25,10,1.5,0.05,-40.022663509678196,-40.29092295749461
2519,kexp,2.25,10,1.5,0.01,-40.01028841697379,-40.2744344014631
2520,kexp,2.25,10,1.5,0,-40.009774712702885,-40.27374805652285
2521,kexp,2.25,25,0.5,0.5,-37.96859628355516,-37.82878741135939
2522,kexp,2.25,25,0.5,0.1,-43.84317116995782,-40.58972831093615
2523,kexp,2.25,25,0.5,0.05,-44.46061600061735,-40.92136373232481
2524,kexp,2.25,25,0.5,0.01,-44.67187114946864,-41.03511827917525
2525,kexp,2.25,25,0.5,0,-44.68082548350158,-41.039942871694294
2526,kexp,2.25,25,1,0.5,-40.02371109287504,-40.26060421111135
2527,kexp,2.25,25,1,0.1,-39.88444464676458,-39.330038545760324
2528,kexp,2.25,25,1,0.05,-39.93625997745025,-39.330364114422764
2529,kexp,2.25,25,1,0.01,-39.9541520007714,-39.33117303561858
2530,kexp,2.25,25,1,0,-39.95491172505261,-39.33121439601936
2531,kexp,2.25,25,1.5,0.5,-42.385131703953355,-42.989941065373664
2532,kexp,2.25,25,1.5,0.1,-41.2033296532535,-41.60277562974667
2533,kexp,2.25,25,1.5,0.05,-41.17832782754425,-41.5648146650648
2534,kexp,2.25,25,1.5,0.01,-41.17058380810155,-41.552794468596325
2535,kexp,2.25,25,1.5,0,-41.17026390563068,-41.55229500419476
2536,kexp,2.5,0.2,0.5,0.5,-30.94678721573347,-31.05429677791001
2537,kexp,2.5,0.2,0.5,0.1,-74.1053640826902,-74.75746377593804
2538,kexp,2.5,0.2,0.5,0.05,-98.91353955450823,-99.711527663437
2539,kexp,2.5,0.2,0.5,0.01,-114.81456650692897,-115.68335261813722
2540,kexp,2.5,0.2,0.5,0,-115.67854046304763,-116.55070551472484
2541,kexp,2.5,0.2,1,0.5,-30.993383067314884,-31.11925580379419
2542,kexp,2.5,0.2,1,0.1,-48.511165206464774,-48.92694538096989
2543,kexp,2.5,0.2,1,0.05,-56.5112609294076,-56.9737413689339
2544,kexp,2.5,0.2,1,0.01,-60.58009410351579,-61.06165592190691
2545,kexp,2.5,0.2,1,0,-60.77782353998715,-61.260238046710114
2546,kexp,2.5,0.2,1.5,0.5,-31.61008812848256,-31.742980343227458
2547,kexp,2.5,0.2,1.5,0.1,-39.79708423444644,-40.117444864856274
2548,kexp,2.5,0.2,1.5,0.05,-43.48808556939213,-43.83145818398967
2549,kexp,2.5,0.2,1.5,0.01,-45.18891378722916,-45.54102965968661
2550,kexp,2.5,0.2,1.5,0,-45.26824133131747,-45.620738989718525
2551,kexp,2.5,0.5,0.5,0.5,-29.811357907624405,-29.970284237613498
2552,kexp,2.5,0.5,0.5,0.1,-43.96953647966475,-44.64113185976138
2553,kexp,2.5,0.5,0.5,0.05,-49.88165707047967,-50.67414670496545
2554,kexp,2.5,0.5,0.5,0.01,-52.67018588946405,-53.516565967629845
2555,kexp,2.5,0.5,0.5,0,-52.801587702751725,-53.650438759768754
2556,kexp,2.5,0.5,1,0.5,-30.689751389972766,-30.91672677298917
2557,kexp,2.5,0.5,1,0.1,-32.48208478421222,-33.010114845111666
2558,kexp,2.5,0.5,1,0.05,-33.796750552706996,-34.36452326372931
2559,kexp,2.5,0.5,1,0.01,-34.345694246567305,-34.92853915828835
2560,kexp,2.5,0.5,1,0,-34.37037194634828,-34.95387463793331
2561,kexp,2.5,0.5,1.5,0.5,-32.0548770781145,-32.3132546642147
2562,kexp,2.5,0.5,1.5,0.1,-30.447245003257176,-30.914576709907447
2563,kexp,2.5,0.5,1.5,0.05,-30.846032692016152,-31.333557960839656
2564,kexp,2.5,0.5,1.5,0.01,-31.009983937030267,-31.504727398282082
2565,kexp,2.5,0.5,1.5,0,-31.017290127441008,-31.512343363879467
2566,kexp,2.5,1,0.5,0.5,-30.323424508061095,-30.480328837519544
2567,kexp,2.5,1,0.5,0.1,-34.80011431184873,-35.39978075500655
2568,kexp,2.5,1,0.5,0.05,-36.463526387502895,-37.127364159163484
2569,kexp,2.5,1,0.5,0.01,-37.143497214493415,-37.83198504328345
2570,kexp,2.5,1,0.5,0,-37.173905146628634,-37.86347556437162
2571,kexp,2.5,1,1,0.5,-31.864322260179247,-32.18530567608784
2572,kexp,2.5,1,1,0.1,-29.573027929278993,-30.218703469520957
2573,kexp,2.5,1,1,0.05,-29.7369313660148,-30.407325752247722
2574,kexp,2.5,1,1,0.01,-29.805512513070216,-30.484470744927258
2575,kexp,2.5,1,1,0,-29.808572748704503,-30.487895614530824
2576,kexp,2.5,1,1.5,0.5,-33.73739878188163,-34.14642178475168
2577,kexp,2.5,1,1.5,0.1,-30.224820374184493,-30.88129210645469
2578,kexp,2.5,1,1.5,0.05,-30.161659025302225,-30.832532804124813
2579,kexp,2.5,1,1.5,0.01,-30.14478133990495,-30.82048460451868
2580,kexp,2.5,1,1.5,0,-30.144118716086517,-30.820025731273155
2581,kexp,2.5,1.5,0.5,0.5,-31.16060850395011,-31.267641713628826
2582,kexp,2.5,1.5,0.5,0.1,-32.9036719589556,-33.09472007554732
2583,kexp,2.5,1.5,0.5,0.05,-33.67982377331902,-33.87356041467162
2584,kexp,2.5,1.5,0.5,0.01,-33.981126304913154,-34.17569118364237
2585,kexp,2.5,1.5,0.5,0,-33.99436774819137,-34.18896810680469
2586,kexp,2.5,1.5,1,0.5,-32.94514542325948,-33.28566979102973
2587,kexp,2.5,1.5,1,0.1,-29.849287380676376,-30.40792636338761
2588,kexp,2.5,1.5,1,0.05,-29.82648966823374,-30.395705203797416
2589,kexp,2.5,1.5,1,0.01,-29.823745038155547,-30.396439165231158
2590,kexp,2.5,1.5,1,0,-29.82368560590935,-30.39652580265097
2591,kexp,2.5,1.5,1.5,0.5,-35.031041182228094,-35.507965433328394
2592,kexp,2.5,1.5,1.5,0.1,-31.378939427521203,-32.06550708403988
2593,kexp,2.5,1.5,1.5,0.05,-31.2624094728679,-31.95819701456777
2594,kexp,2.5,1.5,1.5,0.01,-31.225640576153722,-31.92443481201701
2595,kexp,2.5,1.5,1.5,0,-31.224114991863182,-31.923035134648135
2596,kexp,2.5,2,0.5,0.5,-31.929060845138565,-31.96242861525973
2597,kexp,2.5,2,0.5,0.1,-32.83793922918335,-32.470724251494865
2598,kexp,2.5,2,0.5,0.05,-33.333107163392796,-32.914257608983036
2599,kexp,2.5,2,0.5,0.01,-33.51961049795763,-33.08233333032985
2600,kexp,2.5,2,0.5,0,-33.52772809394855,-33.089661343475875
2601,kexp,2.5,2,1,0.5,-33.83082963235303,-34.14189452342521
2602,kexp,2.5,2,1,0.1,-30.667080848960364,-31.037826860100218
2603,kexp,2.5,2,1,0.05,-30.601038229413206,-30.970352840820464
2604,kexp,2.5,2,1,0.01,-30.581855874091012,-30.950576844344983
2605,kexp,2.5,2,1,0,-30.58107959927481,-30.949774338094123
2606,kexp,2.5,2,1.5,0.5,-36.034129571193894,-36.52230276826309
2607,kexp,2.5,2,1.5,0.1,-32.54892625589459,-33.18006807585971
2608,kexp,2.5,2,1.5,0.05,-32.42935215797904,-33.06535407942978
2609,kexp,2.5,2,1.5,0.01,-32.391112970498156,-33.028663743340445
2610,kexp,2.5,2,1.5,0,-32.3895202011063,-33.02713543635792
2611,kexp,2.5,2.5,0.5,0.5,-32.61422378137222,-32.56613189216663
2612,kexp,2.5,2.5,0.5,0.1,-33.47940616306379,-32.5347800133074
2613,kexp,2.5,2.5,0.5,0.05,-33.878018079617874,-32.83548553678313
2614,kexp,2.5,2.5,0.5,0.01,-34.02449857102295,-32.94770692920755
2615,kexp,2.5,2.5,0.5,0,-34.03082796405992,-32.952575427798685
2616,kexp,2.5,2.5,1,0.5,-34.58734895073423,-34.847903280703484
2617,kexp,2.5,2.5,1,0.1,-31.608067543787236,-31.765832842224935
2618,kexp,2.5,2.5,1,0.05,-31.53620050187922,-31.682496705699453
2619,kexp,2.5,2.5,1,0.01,-31.51433988645776,-31.656715803090215
2620,kexp,2.5,2.5,1,0,-31.513442153963364,-31.655651968700745
2621,kexp,2.5,2.5,1.5,0.5,-36.86123172035678,-37.335110107862214
2622,kexp,2.5,2.5,1.5,0.1,-33.61483077909769,-34.16223959324513
2623,kexp,2.5,2.5,1.5,0.05,-33.50249745839983,-34.05115025079124
2624,kexp,2.5,2.5,1.5,0.01,-33.46647210100919,-34.01548795588787
2625,kexp,2.5,2.5,1.5,0,-33.46497031732404,-34.01400091573013
2626,kexp,2.5,3,0.5,0.5,-33.22575374329841,-33.099150217991976
2627,kexp,2.5,3,0.5,0.1,-34.408765767972525,-32.92395692537658
2628,kexp,2.5,3,0.5,0.05,-34.783986537613956,-33.16137919198973
2629,kexp,2.5,3,0.5,0.01,-34.91911321610447,-33.24877403730603
2630,kexp,2.5,3,0.5,0,-34.92491907447532,-33.252549890370865
2631,kexp,2.5,3,1,0.5,-35.24674833222192,-35.45303093909217
2632,kexp,2.5,3,1,0.1,-32.543415108633866,-32.49679132760634
2633,kexp,2.5,3,1,0.05,-32.478477641193855,-32.411785621671235
2634,kexp,2.5,3,1,0.01,-32.45855523437743,-32.38511600685341
2635,kexp,2.5,3,1,0,-32.45773485257336,-32.38401092838212
2636,kexp,2.5,3,1.5,0.5,-37.56290948808824,-38.01514429934507
2637,kexp,2.5,3,1.5,0.1,-34.56312821538141,-35.024806730977325
2638,kexp,2.5,3,1.5,0.05,-34.460345498990556,-34.92017520715562
2639,kexp,2.5,3,1.5,0.01,-34.4273716193511,-34.886556874378535
2640,kexp,2.5,3,1.5,0,-34.42599687866707,-34.885154707783485
2641,kexp,2.5,3.5,0.5,0.5,-33.76967525071336,-33.572912163940536
2642,kexp,2.5,3.5,0.5,0.1,-35.4262436041534,-33.46001040487653
2643,kexp,2.5,3.5,0.5,0.05,-35.81068952949299,-33.67210008336982
2644,kexp,2.5,3.5,0.5,0.01,-35.94710129394089,-33.74914818716863
2645,kexp,2.5,3.5,0.5,0,-35.9529387374646,-33.75246476035425
2646,kexp,2.5,3.5,1,0.5,-35.82325492792297,-35.979701539835226
2647,kexp,2.5,3.5,1,0.1,-33.41953644974824,-33.19032881816666
2648,kexp,2.5,3.5,1,0.05,-33.36617505332525,-33.10945176476426
2649,kexp,2.5,3.5,1,0.01,-33.349882588978154,-33.08396806210985
2650,kexp,2.5,3.5,1,0,-33.349212478478634,-33.08291077259561
2651,kexp,2.5,3.5,1.5,0.5,-38.16361773894572,-38.59518120970123
2652,kexp,2.5,3.5,1.5,0.1,-35.39618648465629,-35.78072349330033
2653,kexp,2.5,3.5,1.5,0.05,-35.30306224652858,-35.68306643246379
2654,kexp,2.5,3.5,1.5,0.01,-35.27320511112128,-35.65169146560766
2655,kexp,2.5,3.5,1.5,0,-35.271960492211605,-35.65038287674158
2656,kexp,2.5,4,0.5,0.5,-34.250664927362145,-33.99406755657205
2657,kexp,2.5,4,0.5,0.1,-36.43035548461219,-34.04698276020597
2658,kexp,2.5,4,0.5,0.05,-36.83865904606524,-34.25310775313362
2659,kexp,2.5,4,0.5,0.01,-36.98208379893833,-34.327128307249765
2660,kexp,2.5,4,0.5,0,-36.988204779950046,-34.330304671203535
2661,kexp,2.5,4,1,0.5,-36.325838962719324,-36.43999558385171
2662,kexp,2.5,4,1,0.1,-34.21421834072219,-33.82814143009034
2663,kexp,2.5,4,1,0.05,-34.173777097149674,-33.75374788941492
2664,kexp,2.5,4,1,0.01,-34.16163360360962,-33.73029962850752
2665,kexp,2.5,4,1,0,-34.16113643812206,-33.72932664674431
2666,kexp,2.5,4,1.5,0.5,-38.67880037649543,-39.09381212664414
2667,kexp,2.5,4,1.5,0.1,-36.121587202627026,-36.441036800567645
2668,kexp,2.5,4,1.5,0.05,-36.0374915181305,-36.35008269469957
2669,kexp,2.5,4,1.5,0.01,-36.010559456964835,-36.32087543777686
2670,kexp,2.5,4,1.5,0,-36.00943709090781,-36.31965740532409
2671,kexp,2.5,6,0.5,0.5,-35.6555739115996,-35.25517033823791
2672,kexp,2.5,6,0.5,0.1,-39.67921352057669,-36.191635463559564
2673,kexp,2.5,6,0.5,0.05,-40.205964373950216,-36.43507624125096
2674,kexp,2.5,6,0.5,0.01,-40.38802708047101,-36.52031975339122
2675,kexp,2.5,6,0.5,0,-40.39576406555183,-36.52395390503451
2676,kexp,2.5,6,1,0.5,-37.75400068848974,-37.77418858865155
2677,kexp,2.5,6,1,0.1,-36.563193599879135,-35.779634959618534
2678,kexp,2.5,6,1,0.05,-36.56809139992217,-35.733064123305056
2679,kexp,2.5,6,1,0.01,-36.57073005011997,-35.71862919554898
2680,kexp,2.5,6,1,0,-36.570851669865796,-35.718032874717444
2681,kexp,2.5,6,1.5,0.5,-40.10619618236494,-40.49970613853234
2682,kexp,2.5,6,1.5,0.1,-38.16222067030969,-38.3334360178571
2683,kexp,2.5,6,1.5,0.05,-38.10536532603075,-38.26339967223473
2684,kexp,2.5,6,1.5,0.01,-38.08728951149944,-38.240983342036394
2685,kexp,2.5,6,1.5,0,-38.08653763803139,-38.24004929801195
2686,kexp,2.5,8,0.5,0.5,-36.49549284923205,-36.05214085215485
2687,kexp,2.5,8,0.5,0.1,-41.701228023620764,-37.71178362219291
2688,kexp,2.5,8,0.5,0.05,-42.31477478278514,-38.00158621342061
2689,kexp,2.5,8,0.5,0.01,-42.52599070737597,-38.102235036887706
2690,kexp,2.5,8,0.5,0,-42.53495747178263,-38.10651715918616
2691,kexp,2.5,8,1,0.5,-38.57356983795437,-38.57711685611305
2692,kexp,2.5,8,1,0.1,-37.933760953325475,-36.99282894736465
2693,kexp,2.5,8,1,0.05,-37.96745730857172,-36.96643369424444
2694,kexp,2.5,8,1,0.01,-37.97955355506011,-36.95860295476567
2695,kexp,2.5,8,1,0,-37.98007184929763,-36.9582833983023
2696,kexp,2.5,8,1.5,0.5,-40.90264972849828,-41.31678424525387
2697,kexp,2.5,8,1.5,0.1,-39.30690786401127,-39.442461395388094
2698,kexp,2.5,8,1.5,0.05,-39.265886203052574,-39.38521276386952
2699,kexp,2.5,8,1.5,0.01,-39.25296933854637,-39.36695560520275
2700,kexp,2.5,8,1.5,0,-39.252433408529264,-39.36619557807433
2701,kexp,2.5,10,0.5,0.5,-37.023068119261254,-36.58174553198706
2702,kexp,2.5,10,0.5,0.1,-42.955086951832556,-38.75762589958462
2703,kexp,2.5,10,0.5,0.05,-43.623462952780194,-39.08246306907281
2704,kexp,2.5,10,0.5,0.01,-43.853219863974935,-39.19488131773594
2705,kexp,2.5,10,0.5,0,-43.8629702387049,-39.199660013326806
2706,kexp,2.5,10,1,0.5,-39.070543049238935,-39.08804880375221
2707,kexp,2.5,10,1,0.1,-38.76021614461766,-37.771122954999626
2708,kexp,2.5,10,1,0.05,-38.81138951549438,-37.75808271193404
2709,kexp,2.5,10,1,0.01,-38.82923646140336,-37.754632226313845
2710,kexp,2.5,10,1,0,-38.829996079259026,-37.754496332825866
2711,kexp,2.5,10,1.5,0.5,-41.37643898058483,-41.82225752399381
2712,kexp,2.5,10,1.5,0.1,-39.984961504269144,-40.12906723027301
2713,kexp,2.5,10,1.5,0.05,-39.95327631796623,-40.07975803398139
2714,kexp,2.5,10,1.5,0.01,-39.94340329361714,-40.06408382348556
2715,kexp,2.5,10,1.5,0,-39.94299479283635,-40.06343187272525
2716,kexp,2.5,25,0.5,0.5,-38.16237721404939,-37.85944298820181
2717,kexp,2.5,25,0.5,0.1,-45.508854417014085,-41.323123243783684
2718,kexp,2.5,25,0.5,0.05,-46.28282495885097,-41.73372561044907
2719,kexp,2.5,25,0.5,0.01,-46.54839378771014,-41.874984309527605
2720,kexp,2.5,25,0.5,0,-46.55965899948329,-41.880980253740596
2721,kexp,2.5,25,1,0.5,-40.086020660564,-40.22966363446051
2722,kexp,2.5,25,1,0.1,-40.402839534219495,-39.50797871649925
2723,kexp,2.5,25,1,0.05,-40.48701106216205,-39.524180577854644
2724,kexp,2.5,25,1,0.01,-40.515720817100366,-39.53031633863237
2725,kexp,2.5,25,1,0,-40.51693634598178,-39.530582347757914
2726,kexp,2.5,25,1.5,0.5,-42.31966605397812,-42.89607282380167
2727,kexp,2.5,25,1.5,0.1,-41.31206004715844,-41.581557547822
2728,kexp,2.5,25,1.5,0.05,-41.29773759342168,-41.54857113423447
2729,kexp,2.5,25,1.5,0.01,-41.2935238189037,-41.538203116920954
2730,kexp,2.5,25,1.5,0,-41.29335222820589,-41.53777314582912
