model_no,k_name,l1,l2,b,meas_error,lppd_exact,lppd_LOPO
1,ksqexp,1,0.2,0.5,0.5,-39.05088180274278,-40.91199120845492
2,ksqexp,1,0.2,0.5,0.1,-204.0955148063747,-229.09938888042333
3,ksqexp,1,0.2,0.5,0.05,-569.7846202681155,-624.1558392004542
4,ksqexp,1,0.2,0.5,0.01,-3357.3613978563367,-3486.2614904825714
5,ksqexp,1,0.2,0.5,0,-869020.3658155509,-866985.423392061
6,ksqexp,1,0.2,1,0.5,-37.3872048304349,-39.18281644340654
7,ksqexp,1,0.2,1,0.1,-172.00797554263923,-192.1092613811667
8,ksqexp,1,0.2,1,0.05,-431.091341946317,-465.26786096908086
9,ksqexp,1,0.2,1,0.01,-2923.402205690711,-2992.309656303089
10,ksqexp,1,0.2,1,0,-434511.70920944616,-433495.0219848025
11,ksqexp,1,0.2,1.5,0.5,-37.04850457846748,-38.77401391383023
12,ksqexp,1,0.2,1.5,0.1,-155.06857152544544,-171.7022980157592
13,ksqexp,1,0.2,1.5,0.05,-351.9379360248567,-377.41003367744366
14,ksqexp,1,0.2,1.5,0.01,-2738.413452107254,-2777.1829105446186
15,ksqexp,1,0.2,1.5,0,-289666.68028795964,-288989.41150837665
16,ksqexp,1,0.5,0.5,0.5,-36.54694177319692,-38.63424744500508
17,ksqexp,1,0.5,0.5,0.1,-53.101632665763034,-62.538697878633386
18,ksqexp,1,0.5,0.5,0.05,-83.75096977350901,-94.62520345252689
19,ksqexp,1,0.5,0.5,0.01,-342.34388072280603,-329.41948181434697
20,ksqexp,1,0.5,0.5,0,-482.3785044723406,-447.6704686827244
21,ksqexp,1,0.5,1,0.5,-35.35019729578271,-37.45432062822712
22,ksqexp,1,0.5,1,0.1,-36.94064903799121,-42.788572539707914
23,ksqexp,1,0.5,1,0.05,-62.9756751860784,-68.94418807486267
24,ksqexp,1,0.5,1,0.01,-191.89749568447158,-182.01353751518545
25,ksqexp,1,0.5,1,0,-237.72004045707058,-221.19778026387505
26,ksqexp,1,0.5,1.5,0.5,-35.456917864096326,-37.4909230664373
27,ksqexp,1,0.5,1.5,0.1,-33.34451934090139,-37.83133707623041
28,ksqexp,1,0.5,1.5,0.05,-55.47968110805771,-59.612278699690215
29,ksqexp,1,0.5,1.5,0.01,-135.66689365102758,-128.37742546631964
30,ksqexp,1,0.5,1.5,0,-158.95787518718765,-148.49754023008902
31,ksqexp,1,1,0.5,0.5,-32.68236884949178,-34.46824488338684
32,ksqexp,1,1,0.5,0.1,-29.26650777735497,-30.499045974045316
33,ksqexp,1,1,0.5,0.05,-43.50627540407102,-43.52460640682834
34,ksqexp,1,1,0.5,0.01,-79.34660515246257,-76.31045201326704
35,ksqexp,1,1,0.5,0,-83.29614758263175,-79.85780376796478
36,ksqexp,1,1,1,0.5,-32.56525671284642,-34.24686079566376
37,ksqexp,1,1,1,0.1,-27.207597542395852,-28.496173819961438
38,ksqexp,1,1,1,0.05,-35.59737267344145,-36.17189863055122
39,ksqexp,1,1,1,0.01,-48.257231031428105,-47.623225476998016
40,ksqexp,1,1,1,0,-49.230694035725705,-48.492984113100995
41,ksqexp,1,1,1.5,0.5,-33.87158839212029,-35.50076038598969
42,ksqexp,1,1,1.5,0.1,-28.404929039290685,-29.788958629522295
43,ksqexp,1,1,1.5,0.05,-33.90872418439416,-34.77287301265075
44,ksqexp,1,1,1.5,0.01,-40.248803146605226,-40.45766252300335
45,ksqexp,1,1,1.5,0,-40.66619961529895,-40.82870099050785
46,ksqexp,1,1.5,0.5,0.5,-33.159616063108686,-34.66061478786375
47,ksqexp,1,1.5,0.5,0.1,-35.06587011903678,-35.27845403903048
48,ksqexp,1,1.5,0.5,0.05,-43.01930128925059,-42.565032131943575
49,ksqexp,1,1.5,0.5,0.01,-51.60484244017388,-50.64274195895501
50,ksqexp,1,1.5,0.5,0,-52.186674418603666,-51.19000970847441
51,ksqexp,1,1.5,1,0.5,-33.96536890288606,-35.460034790556534
52,ksqexp,1,1.5,1,0.1,-31.994463683639168,-33.12567086216937
53,ksqexp,1,1.5,1,0.05,-35.21173445922573,-36.14072476878021
54,ksqexp,1,1.5,1,0.01,-37.66323515627694,-38.451851163466806
55,ksqexp,1,1.5,1,0,-37.7995463225352,-38.58016944675596
56,ksqexp,1,1.5,1.5,0.5,-35.804997917926286,-37.359972470889446
57,ksqexp,1,1.5,1.5,0.1,-32.97116760260643,-34.502678364863776
58,ksqexp,1,1.5,1.5,0.05,-34.65300006186441,-36.0902185080394
59,ksqexp,1,1.5,1.5,0.01,-35.73852000347283,-37.11480086787373
60,ksqexp,1,1.5,1.5,0,-35.79449372321171,-37.16754612559205
61,ksqexp,1,2,0.5,0.5,-34.52034683998357,-35.88958731431253
62,ksqexp,1,2,0.5,0.1,-38.443279885152684,-38.054172183368664
63,ksqexp,1,2,0.5,0.05,-42.592017961210644,-41.67789027456165
64,ksqexp,1,2,0.5,0.01,-45.41901878484793,-44.28458296192976
65,ksqexp,1,2,0.5,0,-45.57243202763344,-44.4277136396504
66,ksqexp,1,2,1,0.5,-35.625434528989075,-37.05079284105615
67,ksqexp,1,2,1,0.1,-34.36193567779645,-35.398978295913395
68,ksqexp,1,2,1,0.05,-35.571704523394246,-36.5076504273697
69,ksqexp,1,2,1,0.01,-36.23685803153826,-37.13227454807932
70,ksqexp,1,2,1,0,-36.26939683664945,-37.16298252402294
71,ksqexp,1,2,1.5,0.5,-37.615179685482914,-39.16467950032752
72,ksqexp,1,2,1.5,0.1,-35.21124086423624,-36.82072684210885
73,ksqexp,1,2,1.5,0.05,-35.69799501377124,-37.28212672025959
74,ksqexp,1,2,1.5,0.01,-35.94723660351906,-37.520739534613476
75,ksqexp,1,2,1.5,0,-35.95904187286628,-37.5320622520401
76,ksqexp,1,2.5,0.5,0.5,-35.65487955157752,-36.92463182159605
77,ksqexp,1,2.5,0.5,0.1,-40.89893138795847,-39.8312261182391
78,ksqexp,1,2.5,0.5,0.05,-43.42047525308778,-41.79118881324119
79,ksqexp,1,2.5,0.5,0.01,-44.68705534321285,-42.844096987465775
80,ksqexp,1,2.5,0.5,0,-44.7480565311035,-42.89573720814187
81,ksqexp,1,2.5,1,0.5,-36.82821156593462,-38.18012208438913
82,ksqexp,1,2.5,1,0.1,-35.949448927419354,-36.723358196893294
83,ksqexp,1,2.5,1,0.05,-36.47532773214153,-37.14587668626484
84,ksqexp,1,2.5,1,0.01,-36.71357824605065,-37.34713164656234
85,ksqexp,1,2.5,1,0,-36.724516979871794,-37.35648028067274
86,ksqexp,1,2.5,1.5,0.5,-38.8378412158982,-40.349340737137496
87,ksqexp,1,2.5,1.5,0.1,-36.64026334988316,-38.13350671164361
88,ksqexp,1,2.5,1.5,0.05,-36.77406905082289,-38.24316571556607
89,ksqexp,1,2.5,1.5,0.01,-36.83773075327118,-38.29816070408103
90,ksqexp,1,2.5,1.5,0,-36.84066056278455,-38.30071807152013
91,ksqexp,1,3,0.5,0.5,-36.495573168802466,-37.673508134253964
92,ksqexp,1,3,0.5,0.1,-42.594306835489384,-40.9051371074608
93,ksqexp,1,3,0.5,0.05,-44.43521300057391,-42.13089046408963
94,ksqexp,1,3,0.5,0.01,-45.21200406810039,-42.67802943661269
95,ksqexp,1,3,0.5,0,-45.24715424814615,-42.70320497130639
96,ksqexp,1,3,1,0.5,-37.66157106882151,-38.9344888828846
97,ksqexp,1,3,1,0.1,-37.0704042713471,-37.56691280211231
98,ksqexp,1,3,1,0.05,-37.36277374998723,-37.74359365364985
99,ksqexp,1,3,1,0.01,-37.48032668119003,-37.82051832861345
100,ksqexp,1,3,1,0,-37.485534645312256,-37.82399179641674
101,ksqexp,1,3,1.5,0.5,-39.65575668540282,-41.111853989214744
102,ksqexp,1,3,1.5,0.1,-37.6442176986943,-38.9832225539476
103,ksqexp,1,3,1.5,0.05,-37.67286372197049,-38.98271607658777
104,ksqexp,1,3,1.5,0.01,-37.68826638942866,-38.98795841076712
105,ksqexp,1,3,1.5,0,-37.68898487772337,-38.98824417149043
106,ksqexp,1,3.5,0.5,0.5,-37.15127508852777,-38.247107478134424
107,ksqexp,1,3.5,0.5,0.1,-43.884716056204695,-41.686786755552326
108,ksqexp,1,3.5,0.5,0.05,-45.44506926967302,-42.59012420641716
109,ksqexp,1,3.5,0.5,0.01,-46.05027185426108,-42.95229159048764
110,ksqexp,1,3.5,0.5,0,-46.076884845099755,-42.968381933915
111,ksqexp,1,3.5,1,0.5,-38.2805978558581,-39.480517476400834
112,ksqexp,1,3.5,1,0.1,-37.944755621415084,-38.20710392545923
113,ksqexp,1,3.5,1,0.05,-38.15739710161203,-38.294113150284176
114,ksqexp,1,3.5,1,0.01,-38.237268923555604,-38.33021359109982
115,ksqexp,1,3.5,1,0,-38.24073907407972,-38.33181945084884
116,ksqexp,1,3.5,1.5,0.5,-40.24835448243724,-41.64974566612201
117,ksqexp,1,3.5,1.5,0.1,-38.41830833671052,-39.621179418770886
118,ksqexp,1,3.5,1.5,0.05,-38.41697425045974,-39.58654495674224
119,ksqexp,1,3.5,1.5,0.01,-38.41922233330633,-39.577317708102434
120,ksqexp,1,3.5,1.5,0,-38.41934725044015,-39.57695538987569
121,ksqexp,1,4,0.5,0.5,-37.694570374086965,-38.72175144040981
122,ksqexp,1,4,0.5,0.1,-44.99589919783024,-42.40340600067465
123,ksqexp,1,4,0.5,0.05,-46.447646753135736,-43.16736363766654
124,ksqexp,1,4,0.5,0.01,-46.98983121329067,-43.45658616691644
125,ksqexp,1,4,0.5,0,-47.013384080868676,-43.469205880801375
126,ksqexp,1,4,1,0.5,-38.77481365669141,-39.91437318992622
127,ksqexp,1,4,1,0.1,-38.691321342216305,-38.77128269008442
128,ksqexp,1,4,1,0.05,-38.879964928013294,-38.82696803032733
129,ksqexp,1,4,1,0.01,-38.948396504218806,-38.84928668022104
130,ksqexp,1,4,1,0,-38.951340977595706,-38.85026960975172
131,ksqexp,1,4,1.5,0.5,-40.71171258773081,-42.06757050137539
132,ksqexp,1,4,1.5,0.1,-39.06190794774996,-40.157889954479636
133,ksqexp,1,4,1.5,0.05,-39.05514257671462,-40.11475834373136
134,ksqexp,1,4,1.5,0.01,-39.054651566405326,-40.10181055566158
135,ksqexp,1,4,1.5,0,-39.054650043209655,-40.10128095278904
136,ksqexp,1,6,0.5,0.5,-39.13685829132492,-40.012916903207866
137,ksqexp,1,6,0.5,0.1,-48.170633021280906,-44.7967166523285
138,ksqexp,1,6,0.5,0.05,-49.59659761143808,-45.478539680164026
139,ksqexp,1,6,0.5,0.01,-50.11072552741758,-45.721713953393575
140,ksqexp,1,6,0.5,0,-50.132826420326424,-45.732138366933484
141,ksqexp,1,6,1,0.5,-40.04333324757419,-41.061583359412616
142,ksqexp,1,6,1,0.1,-40.775565297309385,-40.50715357595674
143,ksqexp,1,6,1,0.05,-40.977600022422834,-40.56291826965858
144,ksqexp,1,6,1,0.01,-41.04820693854655,-40.583158056043466
145,ksqexp,1,6,1,0,-41.05121535790073,-40.58402810064064
146,ksqexp,1,6,1.5,0.5,-41.87786053311745,-43.149414474525834
147,ksqexp,1,6,1.5,0.1,-40.79829543045926,-41.6990649103296
148,ksqexp,1,6,1.5,0.05,-40.80957246932315,-41.66840200557665
149,ksqexp,1,6,1.5,0.01,-40.8144512111799,-41.659033575291275
150,ksqexp,1,6,1.5,0,-40.81466843713397,-41.65864811193462
151,ksqexp,1,8,0.5,0.5,-39.78422201874569,-40.646799753416914
152,ksqexp,1,8,0.5,0.1,-49.56602025568313,-46.04616702338364
153,ksqexp,1,8,0.5,0.05,-51.01526641055722,-46.739506611270556
154,ksqexp,1,8,0.5,0.01,-51.53463966368538,-46.98441454288216
155,ksqexp,1,8,0.5,0,-51.55692871301152,-46.99488560368427
156,ksqexp,1,8,1,0.5,-40.62953935071102,-41.64828942669488
157,ksqexp,1,8,1,0.1,-41.74985055169891,-41.44162979867621
158,ksqexp,1,8,1,0.05,-41.96844889322082,-41.51125186416709
159,ksqexp,1,8,1,0.01,-42.0442748359002,-41.53585770633963
160,ksqexp,1,8,1,0,-42.04749953433542,-41.53690873649691
161,ksqexp,1,8,1.5,0.5,-42.43284241425856,-43.71827343118444
162,ksqexp,1,8,1.5,0.1,-41.63502367299289,-42.53325200990575
163,ksqexp,1,8,1.5,0.05,-41.65897615084795,-42.51410983275067
164,ksqexp,1,8,1.5,0.01,-41.66795792561128,-42.50846958269294
165,ksqexp,1,8,1.5,0,-41.668346574819076,-42.508239880826764
166,ksqexp,1,10,0.5,0.5,-40.00800800181286,-40.91689382886636
167,ksqexp,1,10,0.5,0.1,-49.936057350174444,-46.473194441419274
168,ksqexp,1,10,0.5,0.05,-51.38481174983916,-47.16458183490061
169,ksqexp,1,10,0.5,0.01,-51.903238277615834,-47.40816881527033
170,ksqexp,1,10,0.5,0,-51.92547744598487,-47.418576103847535
171,ksqexp,1,10,1,0.5,-40.86268001884681,-41.92867255512649
172,ksqexp,1,10,1,0.1,-42.11198203738755,-41.85935300717165
173,ksqexp,1,10,1,0.05,-42.33652508864217,-41.93452543802796
174,ksqexp,1,10,1,0.01,-42.41425862852617,-41.96090303856991
175,ksqexp,1,10,1,0,-42.417562801123,-41.962027802270775
176,ksqexp,1,10,1.5,0.5,-42.680435460639025,-44.014836118342245
177,ksqexp,1,10,1.5,0.1,-41.998124702446745,-42.95169168595627
178,ksqexp,1,10,1.5,0.05,-42.0276482473414,-42.93789545004647
179,ksqexp,1,10,1.5,0.01,-42.038449818498755,-42.933992184398015
180,ksqexp,1,10,1.5,0,-42.03891468621185,-42.93383513513796
181,ksqexp,1,25,0.5,0.5,-40.19234280219208,-41.40489170179933
182,ksqexp,1,25,0.5,0.1,-49.88595680710879,-46.92061051985758
183,ksqexp,1,25,0.5,0.05,-51.32341701915157,-47.59609142437022
184,ksqexp,1,25,0.5,0.01,-51.838371240129064,-47.83401045902835
185,ksqexp,1,25,0.5,0,-51.8604674626756,-47.8441749332807
186,ksqexp,1,25,1,0.5,-41.07877387627701,-42.390030908623956
187,ksqexp,1,25,1,0.1,-42.381476626156065,-42.428736736808496
188,ksqexp,1,25,1,0.05,-42.61245478501013,-42.50844657162328
189,ksqexp,1,25,1,0.01,-42.692428265360185,-42.536312679796445
190,ksqexp,1,25,1,0,-42.69582779749197,-42.53749987342087
191,ksqexp,1,25,1.5,0.5,-42.95594624659661,-44.50113825609518
192,ksqexp,1,25,1.5,0.1,-42.38118641193934,-43.56906209487202
193,ksqexp,1,25,1.5,0.05,-42.4178490272331,-43.56127467926573
194,ksqexp,1,25,1.5,0.01,-42.43103914206248,-43.559339505062624
195,ksqexp,1,25,1.5,0,-42.43160467580764,-43.55926495352786
196,ksqexp,1.25,0.2,0.5,0.5,-41.993679668904754,-44.461523241075184
197,ksqexp,1.25,0.2,0.5,0.1,-290.38506877865404,-313.33927701462164
198,ksqexp,1.25,0.2,0.5,0.05,-805.2166059174486,-882.7494634644884
199,ksqexp,1.25,0.2,0.5,0.01,-4643.371571465889,-5018.087413637636
200,ksqexp,1.25,0.2,0.5,0,-5609611.926303823,-5596096.744013313
201,ksqexp,1.25,0.2,1,0.5,-40.227430211277486,-42.729376642242904
202,ksqexp,1.25,0.2,1,0.1,-239.1008614791593,-260.33203293189166
203,ksqexp,1.25,0.2,1,0.05,-641.020550891281,-707.9223247965606
204,ksqexp,1.25,0.2,1,0.01,-3566.143966819309,-3798.4100608840627
205,ksqexp,1.25,0.2,1,0,-2805779.343427142,-2799023.309863497
206,ksqexp,1.25,0.2,1.5,0.5,-39.551345257416656,-41.98670857513399
207,ksqexp,1.25,0.2,1.5,0.1,-213.44872097536603,-234.31492975994715
208,ksqexp,1.25,0.2,1.5,0.05,-547.7096502016402,-605.3716139939586
209,ksqexp,1.25,0.2,1.5,0.01,-3254.6904038189564,-3425.545766601264
210,ksqexp,1.25,0.2,1.5,0,-1870723.4930431726,-1866220.5084990088
211,ksqexp,1.25,0.5,0.5,0.5,-40.07445076571691,-42.78134085599112
212,ksqexp,1.25,0.5,0.5,0.1,-127.5633677912064,-138.39362425266685
213,ksqexp,1.25,0.5,0.5,0.05,-198.76831576966794,-213.8331462289647
214,ksqexp,1.25,0.5,0.5,0.01,-1007.5849958532646,-985.8678501461116
215,ksqexp,1.25,0.5,0.5,0,-2994.1943554060704,-2771.5718024188063
216,ksqexp,1.25,0.5,1,0.5,-38.94375167270564,-41.82481409624398
217,ksqexp,1.25,0.5,1,0.1,-80.68028537742693,-87.69156543002694
218,ksqexp,1.25,0.5,1,0.05,-131.55667185982782,-142.6904837479113
219,ksqexp,1.25,0.5,1,0.01,-640.7014446714908,-606.6820974829453
220,ksqexp,1.25,0.5,1,0,-1485.3217167028624,-1375.5370940326225
221,ksqexp,1.25,0.5,1.5,0.5,-38.59259276587028,-41.43754568140909
222,ksqexp,1.25,0.5,1.5,0.1,-63.24356636772631,-69.21660549582052
223,ksqexp,1.25,0.5,1.5,0.05,-108.56111788527015,-117.64043866628505
224,ksqexp,1.25,0.5,1.5,0.01,-475.346918161596,-443.2256758436357
225,ksqexp,1.25,0.5,1.5,0,-985.1547558380631,-912.9827772157194
226,ksqexp,1.25,1,0.5,0.5,-34.98258481322047,-37.40806302229679
227,ksqexp,1.25,1,0.5,0.1,-54.856380523312225,-49.20432739339229
228,ksqexp,1.25,1,0.5,0.05,-89.05271069905112,-75.09199824322631
229,ksqexp,1.25,1,0.5,0.01,-206.2436938197616,-176.03387303197897
230,ksqexp,1.25,1,0.5,0,-229.6724885685586,-196.15903307375197
231,ksqexp,1.25,1,1,0.5,-33.68820170742423,-36.02985407602159
232,ksqexp,1.25,1,1,0.1,-40.701889341599646,-37.35560573758595
233,ksqexp,1.25,1,1,0.05,-60.79160601709293,-53.62342953530723
234,ksqexp,1.25,1,1,0.01,-110.14344341861982,-96.0171132879891
235,ksqexp,1.25,1,1,0,-116.2532693489354,-101.23680398572756
236,ksqexp,1.25,1,1.5,0.5,-34.01168202210112,-36.238179758091164
237,ksqexp,1.25,1,1.5,0.1,-36.43896594927184,-34.56981541522509
238,ksqexp,1.25,1,1.5,0.05,-50.778364935638244,-46.39268653449588
239,ksqexp,1.25,1,1.5,0.01,-78.53186015658375,-70.08719660808484
240,ksqexp,1.25,1,1.5,0,-81.23751967822943,-72.38671769650844
241,ksqexp,1.25,1.5,0.5,0.5,-33.724003781240455,-35.48219795763461
242,ksqexp,1.25,1.5,0.5,0.1,-53.41288473444876,-44.353759279855
243,ksqexp,1.25,1.5,0.5,0.05,-77.95090132575292,-62.73282852000401
244,ksqexp,1.25,1.5,0.5,0.01,-112.78257259717519,-92.66412897141267
245,ksqexp,1.25,1.5,0.5,0,-115.90073305717256,-95.40083925912359
246,ksqexp,1.25,1.5,1,0.5,-33.54188430011846,-35.22342827579894
247,ksqexp,1.25,1.5,1,0.1,-40.93951701896187,-36.7097584464564
248,ksqexp,1.25,1.5,1,0.05,-52.25313801358522,-45.837124237716175
249,ksqexp,1.25,1.5,1,0.01,-63.71346017612195,-55.78934656721691
250,ksqexp,1.25,1.5,1,0,-64.48256533056563,-56.46366867960923
251,ksqexp,1.25,1.5,1.5,0.5,-34.61063183746776,-36.32383421751704
252,ksqexp,1.25,1.5,1.5,0.1,-37.508816963435514,-35.5650789618078
253,ksqexp,1.25,1.5,1.5,0.05,-44.20841552000771,-41.11655568904044
254,ksqexp,1.25,1.5,1.5,0.01,-49.80209617006281,-45.98477685187829
255,ksqexp,1.25,1.5,1.5,0,-50.13383285134534,-46.27526858320848
256,ksqexp,1.25,2,0.5,0.5,-34.51510727091668,-35.919804674151884
257,ksqexp,1.25,2,0.5,0.1,-57.19403935900203,-47.06544900021362
258,ksqexp,1.25,2,0.5,0.05,-73.32900796671386,-58.30211547453857
259,ksqexp,1.25,2,0.5,0.01,-86.57158385511163,-68.95428611125435
260,ksqexp,1.25,2,0.5,0,-87.39740475346292,-69.64686340716855
261,ksqexp,1.25,2,1,0.5,-34.91500028639875,-36.34444852083777
262,ksqexp,1.25,2,1,0.1,-43.05901693379103,-38.91195516529544
263,ksqexp,1.25,2,1,0.05,-48.851785887901436,-43.26896592897603
264,ksqexp,1.25,2,1,0.01,-52.51246313625473,-46.283125090195554
265,ksqexp,1.25,2,1,0,-52.706260311310345,-46.44636855286714
266,ksqexp,1.25,2,1.5,0.5,-36.288888502984925,-37.865072401251894
267,ksqexp,1.25,2,1.5,0.1,-39.357320375944376,-37.84629025446212
268,ksqexp,1.25,2,1.5,0.05,-42.246802618398014,-40.09810836162591
269,ksqexp,1.25,2,1.5,0.01,-43.85334474563929,-41.43596703873259
270,ksqexp,1.25,2,1.5,0,-43.93320226300112,-41.50352703400446
271,ksqexp,1.25,2.5,0.5,0.5,-35.60403466858189,-36.808594053084505
272,ksqexp,1.25,2.5,0.5,0.1,-60.96204918884348,-49.43921471851985
273,ksqexp,1.25,2.5,0.5,0.05,-72.98001278268076,-56.82359682747545
274,ksqexp,1.25,2.5,0.5,0.01,-79.9509879101038,-61.611819874851314
275,ksqexp,1.25,2.5,0.5,0,-80.31165565074011,-61.86915208885369
276,ksqexp,1.25,2.5,1,0.5,-36.27649344563723,-37.558757598118625
277,ksqexp,1.25,2.5,1,0.1,-45.14576044754365,-40.55669493736896
278,ksqexp,1.25,2.5,1,0.05,-48.68643671434918,-42.83077862647443
279,ksqexp,1.25,2.5,1,0.01,-50.37947780648897,-44.01046495331143
280,ksqexp,1.25,2.5,1,0,-50.45948617876703,-44.06751623741337
281,ksqexp,1.25,2.5,1.5,0.5,-37.77900307559235,-39.27069696623573
282,ksqexp,1.25,2.5,1.5,0.1,-41.06704347764565,-39.4346387622852
283,ksqexp,1.25,2.5,1.5,0.05,-42.59366871330695,-40.430450173845855
284,ksqexp,1.25,2.5,1.5,0.01,-43.26851624016309,-40.902292075147784
285,ksqexp,1.25,2.5,1.5,0,-43.299419787734855,-40.92429438668739
286,ksqexp,1.25,3,0.5,0.5,-36.530863029904644,-37.593753438876305
287,ksqexp,1.25,3,0.5,0.1,-64.09917925953435,-51.19426744287721
288,ksqexp,1.25,3,0.5,0.05,-74.26941632420726,-56.68145945238696
289,ksqexp,1.25,3,0.5,0.01,-79.20260656540506,-59.4999561205769
290,ksqexp,1.25,3,0.5,0,-79.43779198931452,-59.63700921268356
291,ksqexp,1.25,3,1,0.5,-37.32366827723885,-38.483959797576844
292,ksqexp,1.25,3,1,0.1,-46.926904306023076,-41.734711204875126
293,ksqexp,1.25,3,1,0.05,-49.60275235365346,-43.16138147136915
294,ksqexp,1.25,3,1,0.01,-50.71769946995551,-43.78627518316735
295,ksqexp,1.25,3,1,0,-50.76786183413113,-43.81479000029898
296,ksqexp,1.25,3,1.5,0.5,-38.87145861265104,-40.27618657673869
297,ksqexp,1.25,3,1.5,0.1,-42.510029559645496,-40.554365330585796
298,ksqexp,1.25,3,1.5,0.05,-43.566703234700505,-41.0960712461572
299,ksqexp,1.25,3,1.5,0.01,-43.98347357982719,-41.321292367527484
300,ksqexp,1.25,3,1.5,0,-44.001875215512236,-41.331373696068994
301,ksqexp,1.25,3.5,0.5,0.5,-37.24930164867673,-38.19395219744258
302,ksqexp,1.25,3.5,0.5,0.1,-66.31245065201887,-52.268993320250054
303,ksqexp,1.25,3.5,0.5,0.05,-75.61313226232818,-56.814582266924766
304,ksqexp,1.25,3.5,0.5,0.01,-79.7842658516557,-58.89200206671356
305,ksqexp,1.25,3.5,0.5,0,-79.97702282540952,-58.98858371048536
306,ksqexp,1.25,3.5,1,0.5,-38.09018492749748,-39.14008184698075
307,ksqexp,1.25,3.5,1,0.1,-48.23996934753586,-42.521100621001025
308,ksqexp,1.25,3.5,1,0.05,-50.566695709707645,-43.59644721747864
309,ksqexp,1.25,3.5,1,0.01,-51.48214604296228,-44.0298395346425
310,ksqexp,1.25,3.5,1,0,-51.52257412678624,-44.04910112857486
311,ksqexp,1.25,3.5,1.5,0.5,-39.64897680659254,-40.967402942601545
312,ksqexp,1.25,3.5,1.5,0.1,-43.59630721193626,-41.33556020044559
313,ksqexp,1.25,3.5,1.5,0.05,-44.481195624428594,-41.70843785765039
314,ksqexp,1.25,3.5,1.5,0.01,-44.81393073547516,-41.85355871454519
315,ksqexp,1.25,3.5,1.5,0,-44.82841466040597,-41.859930367885866
316,ksqexp,1.25,4,0.5,0.5,-37.81533118887451,-38.656756722481646
317,ksqexp,1.25,4,0.5,0.1,-67.80660638622935,-52.89251130985078
318,ksqexp,1.25,4,0.5,0.05,-76.62097053920726,-56.92148242076271
319,ksqexp,1.25,4,0.5,0.01,-80.42988208314378,-58.66377720226776
320,ksqexp,1.25,4,0.5,0,-80.60355691316066,-58.7432266659562
321,ksqexp,1.25,4,1,0.5,-38.6667060807552,-39.619053519908384
322,ksqexp,1.25,4,1,0.1,-49.16377442349143,-43.04544407862922
323,ksqexp,1.25,4,1,0.05,-51.31874999037211,-43.954788297704695
324,ksqexp,1.25,4,1,0.01,-52.144888127186384,-44.30756739939989
325,ksqexp,1.25,4,1,0,-52.18108383005568,-44.32306881455147
326,ksqexp,1.25,4,1.5,0.5,-40.221014467537536,-41.4618294546264
327,ksqexp,1.25,4,1.5,0.1,-44.380639943953845,-41.88801201704195
328,ksqexp,1.25,4,1.5,0.05,-45.18772596466117,-42.1886138693321
329,ksqexp,1.25,4,1.5,0.01,-45.48473337222741,-42.302067533354354
330,ksqexp,1.25,4,1.5,0,-45.49758290220541,-42.307006297385996
331,ksqexp,1.25,6,0.5,0.5,-39.32068653337637,-39.896456751954574
332,ksqexp,1.25,6,0.5,0.1,-70.99246548461794,-54.370625111253545
333,ksqexp,1.25,6,0.5,0.05,-78.96970923158099,-57.64091011850374
334,ksqexp,1.25,6,0.5,0.01,-82.21610895296243,-58.953813472853334
335,ksqexp,1.25,6,0.5,0,-82.36096325823328,-59.01218694047804
336,ksqexp,1.25,6,1,0.5,-40.07807044797548,-40.79931016538568
337,ksqexp,1.25,6,1,0.1,-51.21375971014614,-44.36715489681642
338,ksqexp,1.25,6,1,0.05,-53.102601438129135,-45.068170877184784
339,ksqexp,1.25,6,1,0.01,-53.796753143561894,-45.32633385072339
340,ksqexp,1.25,6,1,0,-53.82677430950103,-45.33750471041757
341,ksqexp,1.25,6,1.5,0.5,-41.564736621617506,-42.63295202099653
342,ksqexp,1.25,6,1.5,0.1,-46.15309037864824,-43.26480671380422
343,ksqexp,1.25,6,1.5,0.05,-46.848540940698676,-43.48653781126522
344,ksqexp,1.25,6,1.5,0.01,-47.095461390162995,-43.56649699876996
345,ksqexp,1.25,6,1.5,0,-47.106034759812026,-43.56993406706135
346,ksqexp,1.25,8,0.5,0.5,-40.13640639892764,-40.61839919365034
347,ksqexp,1.25,8,0.5,0.1,-72.33894812739338,-55.33013567449526
348,ksqexp,1.25,8,0.5,0.05,-79.99060615120187,-58.372540152670055
349,ksqexp,1.25,8,0.5,0.01,-83.0343993405503,-59.56253089492233
350,ksqexp,1.25,8,0.5,0,-83.16906375290837,-59.614949553175606
351,ksqexp,1.25,8,1,0.5,-40.79838980510696,-41.46453423687186
352,ksqexp,1.25,8,1,0.1,-52.158984723780385,-45.20436224393205
353,ksqexp,1.25,8,1,0.05,-53.957542054324726,-45.85437053893288
354,ksqexp,1.25,8,1,0.01,-54.607983279481175,-46.08917345541981
355,ksqexp,1.25,8,1,0,-54.63597272734058,-46.099274081120875
356,ksqexp,1.25,8,1.5,0.5,-42.23280059639011,-43.280546913599515
357,ksqexp,1.25,8,1.5,0.1,-47.01063323153474,-44.09981806869779
358,ksqexp,1.25,8,1.5,0.05,-47.67351379608751,-44.30791122096757
359,ksqexp,1.25,8,1.5,0.01,-47.90569621759721,-44.381556705076804
360,ksqexp,1.25,8,1.5,0,-47.91559915205344,-44.38470569044173
361,ksqexp,1.25,10,0.5,0.5,-40.52849007634554,-41.013867116719595
362,ksqexp,1.25,10,0.5,0.1,-72.75771748457956,-55.75786870101802
363,ksqexp,1.25,10,0.5,0.05,-80.25110705192745,-58.692047286579935
364,ksqexp,1.25,10,0.5,0.01,-83.20666527564019,-59.82806586936948
365,ksqexp,1.25,10,0.5,0,-83.33701172785676,-59.87792557971772
366,ksqexp,1.25,10,1,0.5,-41.15483898833249,-41.848310339948846
367,ksqexp,1.25,10,1,0.1,-52.570838407697465,-45.6757070405622
368,ksqexp,1.25,10,1,0.05,-54.33440963622651,-46.30668752317723
369,ksqexp,1.25,10,1,0.01,-54.96858619020339,-46.53295447168831
370,ksqexp,1.25,10,1,0,-54.995827286730275,-46.54266638345639
371,ksqexp,1.25,10,1.5,0.5,-42.5781049884706,-43.670385623386316
372,ksqexp,1.25,10,1.5,0.1,-47.447154667198305,-44.60680794502564
373,ksqexp,1.25,10,1.5,0.05,-48.101537115630336,-44.8127755286607
374,ksqexp,1.25,10,1.5,0.01,-48.329703784785515,-44.88514834254299
375,ksqexp,1.25,10,1.5,0,-48.339422572929955,-44.88823675137907
376,ksqexp,1.25,25,0.5,0.5,-40.75092204158452,-41.62302753973888
377,ksqexp,1.25,25,0.5,0.1,-72.13523783545128,-55.75884377857014
378,ksqexp,1.25,25,0.5,0.05,-79.50986649080795,-58.55382437682726
379,ksqexp,1.25,25,0.5,0.01,-82.41202844944014,-59.63292671783323
380,ksqexp,1.25,25,0.5,0,-82.53988488279997,-59.68023180296539
381,ksqexp,1.25,25,1,0.5,-41.42981004995745,-42.47979387176196
382,ksqexp,1.25,25,1,0.1,-52.804914828929,-46.31793154418197
383,ksqexp,1.25,25,1,0.05,-54.57268618746161,-46.93898092360366
384,ksqexp,1.25,25,1,0.01,-55.20771307321663,-47.161261462584186
385,ksqexp,1.25,25,1,0,-55.234980229486396,-47.17079650132711
386,ksqexp,1.25,25,1.5,0.5,-42.95247857038846,-44.38186507567746
387,ksqexp,1.25,25,1.5,0.1,-48.003656544401814,-45.49782320655637
388,ksqexp,1.25,25,1.5,0.05,-48.678721203775915,-45.7130207607726
389,ksqexp,1.25,25,1.5,0.01,-48.91398271407742,-45.78842600180544
390,ksqexp,1.25,25,1.5,0,-48.924002111629385,-45.791641500795706
391,ksqexp,1.5,0.2,0.5,0.5,-44.014729682383404,-47.054814093426785
392,ksqexp,1.5,0.2,0.5,0.1,-420.75594258329204,-448.29585938067606
393,ksqexp,1.5,0.2,0.5,0.05,-1294.7593315299566,-1295.7267878779464
394,ksqexp,1.5,0.2,0.5,0.01,-7814.068627614223,-8566.387198337068
395,ksqexp,1.5,0.2,0.5,0,-25135958.377469372,-25071367.854569007
396,ksqexp,1.5,0.2,1,0.5,-42.40248918159979,-45.66852085838852
397,ksqexp,1.5,0.2,1,0.1,-369.1560462082111,-378.45379769199747
398,ksqexp,1.5,0.2,1,0.05,-1054.1557643979081,-1064.742083380337
399,ksqexp,1.5,0.2,1,0.01,-5161.512521910025,-5695.895230523003
400,ksqexp,1.5,0.2,1,0,-12587344.742175518,-12555052.207764493
401,ksqexp,1.5,0.2,1.5,0.5,-41.76112203100829,-45.075196691495755
402,ksqexp,1.5,0.2,1.5,0.1,-337.7900091153745,-341.1043877013569
403,ksqexp,1.5,0.2,1.5,0.05,-913.869699126533,-937.0986524774248
404,ksqexp,1.5,0.2,1.5,0.01,-4249.233939454697,-4679.986828491377
405,ksqexp,1.5,0.2,1.5,0,-8395864.58186141,-8374337.883411149
406,ksqexp,1.5,0.5,0.5,0.5,-42.295499223355755,-45.56256447575432
407,ksqexp,1.5,0.5,0.5,0.1,-257.41308743558,-270.96806376646964
408,ksqexp,1.5,0.5,0.5,0.05,-519.947081419608,-510.6627813772052
409,ksqexp,1.5,0.5,0.5,0.01,-2454.984356169011,-2455.3841178360967
410,ksqexp,1.5,0.5,0.5,0,-15354.70223175072,-14371.521333008803
411,ksqexp,1.5,0.5,1,0.5,-41.687877161004565,-45.38068228765833
412,ksqexp,1.5,0.5,1,0.1,-184.1807536778069,-186.83442167796596
413,ksqexp,1.5,0.5,1,0.05,-351.7944504918686,-346.84422204636553
414,ksqexp,1.5,0.5,1,0.01,-1672.9790195248058,-1636.8911853498396
415,ksqexp,1.5,0.5,1,0,-7657.020300422639,-7167.688297445488
416,ksqexp,1.5,0.5,1.5,0.5,-41.56178659812457,-45.36326016846268
417,ksqexp,1.5,0.5,1.5,0.1,-149.68031591346428,-150.00470112382854
418,ksqexp,1.5,0.5,1.5,0.05,-280.88822787048076,-280.08010075778304
419,ksqexp,1.5,0.5,1.5,0.01,-1311.6083405985971,-1261.3229957292904
420,ksqexp,1.5,0.5,1.5,0,-5093.914944195217,-4769.19924977847
421,ksqexp,1.5,1,0.5,0.5,-37.827484756303946,-40.96646329240031
422,ksqexp,1.5,1,0.5,0.1,-99.27282845890183,-89.13792407906541
423,ksqexp,1.5,1,0.5,0.05,-192.04546535653284,-154.59720387862689
424,ksqexp,1.5,1,0.5,0.01,-560.4820472481271,-454.53451248554103
425,ksqexp,1.5,1,0.5,0,-687.7921614862418,-562.9297791074073
426,ksqexp,1.5,1,1,0.5,-35.92982060706534,-39.209232727470194
427,ksqexp,1.5,1,1,0.1,-71.79802195547529,-62.631232553266685
428,ksqexp,1.5,1,1,0.05,-129.1037357534056,-104.72405139667532
429,ksqexp,1.5,1,1,0.01,-302.83647674814415,-248.32777727493956
430,ksqexp,1.5,1,1,0,-338.8345941048721,-278.91525872096537
431,ksqexp,1.5,1,1.5,0.5,-35.562010508920814,-38.71373776955281
432,ksqexp,1.5,1,1.5,0.1,-60.70428918052282,-53.38579710233614
433,ksqexp,1.5,1,1.5,0.05,-102.58662949327568,-84.81461656192297
434,ksqexp,1.5,1,1.5,0.01,-208.7272059183228,-172.9864296994058
435,ksqexp,1.5,1,1.5,0,-225.30606155031592,-187.0344085260667
436,ksqexp,1.5,1.5,0.5,0.5,-35.099765174536245,-37.344596191079155
437,ksqexp,1.5,1.5,0.5,0.1,-83.78223123215005,-61.78997264428382
438,ksqexp,1.5,1.5,0.5,0.05,-147.7295442851952,-101.45502801548665
439,ksqexp,1.5,1.5,0.5,0.01,-272.9171763806227,-196.1757708328721
440,ksqexp,1.5,1.5,0.5,0,-288.3931995425978,-208.67156582736735
441,ksqexp,1.5,1.5,1,0.5,-34.065508290882185,-36.200670676636065
442,ksqexp,1.5,1.5,1,0.1,-61.102526312058345,-46.71646231765325
443,ksqexp,1.5,1.5,1,0.05,-94.93703715219107,-69.43990319537575
444,ksqexp,1.5,1.5,1,0.01,-141.1549693730706,-105.26984816451748
445,ksqexp,1.5,1.5,1,0,-145.11026664226344,-108.4625580826124
446,ksqexp,1.5,1.5,1.5,0.5,-34.520929287104124,-36.56496730992528
447,ksqexp,1.5,1.5,1.5,0.1,-52.13217007837147,-42.1294935754801
448,ksqexp,1.5,1.5,1.5,0.05,-74.11952643956977,-57.453210073709435
449,ksqexp,1.5,1.5,1.5,0.01,-98.39112666756948,-76.4406266648247
450,ksqexp,1.5,1.5,1.5,0,-100.1399457564925,-77.85021225229104
451,ksqexp,1.5,2,0.5,0.5,-35.051157492424686,-36.657294171774
452,ksqexp,1.5,2,0.5,0.1,-88.92767724171397,-62.52603573696574
453,ksqexp,1.5,2,0.5,0.05,-139.74973049840196,-91.76222211952164
454,ksqexp,1.5,2,0.5,0.01,-198.57013913973947,-130.64049744207614
455,ksqexp,1.5,2,0.5,0,-203.12782824692096,-133.82655315371565
456,ksqexp,1.5,2,1,0.5,-34.75269658781894,-36.30357956762848
457,ksqexp,1.5,2,1,0.1,-63.493414451787636,-47.735586619912176
458,ksqexp,1.5,2,1,0.05,-85.879541779964,-61.368837163088664
459,ksqexp,1.5,2,1,0.01,-104.37787977639574,-73.85291326055372
460,ksqexp,1.5,2,1,0,-105.49906652796874,-74.63699781434394
461,ksqexp,1.5,2,1.5,0.5,-35.64484376981635,-37.226425348069014
462,ksqexp,1.5,2,1.5,0.1,-53.584960262267835,-43.31875623964441
463,ksqexp,1.5,2,1.5,0.05,-66.41954220831522,-51.34335479395251
464,ksqexp,1.5,2,1.5,0.01,-75.2626964720996,-57.359507835826314
465,ksqexp,1.5,2,1.5,0,-75.74680271630561,-57.69780279748887
466,ksqexp,1.5,2.5,0.5,0.5,-35.803284292426596,-37.03470006335581
467,ksqexp,1.5,2.5,0.5,0.1,-95.05978284003456,-65.36886387665191
468,ksqexp,1.5,2.5,0.5,0.05,-137.69909543555167,-87.55385109514398
469,ksqexp,1.5,2.5,0.5,0.01,-173.69068670702967,-107.55991477997026
470,ksqexp,1.5,2.5,0.5,0,-175.97431843755987,-108.84928395823312
471,ksqexp,1.5,2.5,1,0.5,-35.94645064087106,-37.201231970297044
472,ksqexp,1.5,2.5,1,0.1,-66.52745722283504,-49.550449379084405
473,ksqexp,1.5,2.5,1,0.05,-82.81744424344856,-58.21329163419541
474,ksqexp,1.5,2.5,1,0.01,-93.12967327767848,-63.94673833577786
475,ksqexp,1.5,2.5,1,0,-93.67851390427401,-64.2548145084754
476,ksqexp,1.5,2.5,1.5,0.5,-37.07987249568484,-38.45445469410196
477,ksqexp,1.5,2.5,1.5,0.1,-55.60572300780392,-44.9158040075829
478,ksqexp,1.5,2.5,1.5,0.05,-64.1309766451787,-49.46518454497596
479,ksqexp,1.5,2.5,1.5,0.01,-68.80499553642593,-52.051157386635786
480,ksqexp,1.5,2.5,1.5,0,-69.03723582387038,-52.18064812375574
481,ksqexp,1.5,3,0.5,0.5,-36.66706232650304,-37.66490937475595
482,ksqexp,1.5,3,0.5,0.1,-100.41341048668815,-67.90729917134907
483,ksqexp,1.5,3,0.5,0.05,-138.7336169830474,-86.13555761596294
484,ksqexp,1.5,3,0.5,0.01,-165.74831553511754,-99.09637320159605
485,ksqexp,1.5,3,0.5,0,-167.3159376145396,-99.84046581545164
486,ksqexp,1.5,3,1,0.5,-37.068909537438216,-38.13179153880289
487,ksqexp,1.5,3,1,0.1,-69.30907424480206,-51.100321650797085
488,ksqexp,1.5,3,1,0.05,-82.68096400858542,-57.37946714064042
489,ksqexp,1.5,3,1,0.01,-90.04550207276296,-60.846863354661316
490,ksqexp,1.5,3,1,0,-90.41708679640027,-61.02077133236044
491,ksqexp,1.5,3,1.5,0.5,-38.33300995977543,-39.56838800947536
492,ksqexp,1.5,3,1.5,0.1,-57.554273039599444,-46.25184386030785
493,ksqexp,1.5,3,1.5,0.05,-64.17585737887804,-49.30103800650399
494,ksqexp,1.5,3,1.5,0.01,-67.4196790415882,-50.80007473458194
495,ksqexp,1.5,3,1.5,0,-67.57479328855499,-50.871529937173726
496,ksqexp,1.5,3.5,0.5,0.5,-37.42305411873531,-38.25534649344232
497,ksqexp,1.5,3.5,0.5,0.1,-104.49363051141337,-69.79632383713862
498,ksqexp,1.5,3.5,0.5,0.05,-140.47607225089746,-85.8677029926132
499,ksqexp,1.5,3.5,0.5,0.01,-163.37788443528157,-95.9233293064544
500,ksqexp,1.5,3.5,0.5,0,-164.6442362477438,-96.47001889849449
501,ksqexp,1.5,3.5,1,0.5,-37.97186842078266,-38.88505597473665
502,ksqexp,1.5,3.5,1,0.1,-71.48350847134634,-52.270235586057936
503,ksqexp,1.5,3.5,1,0.05,-83.40219070425373,-57.42735204590385
504,ksqexp,1.5,3.5,1,0.01,-89.47624258962604,-60.02423257850582
505,ksqexp,1.5,3.5,1,0,-89.77408681307614,-60.15044722592157
506,ksqexp,1.5,3.5,1.5,0.5,-39.3010637751825,-40.41934260260459
507,ksqexp,1.5,3.5,1.5,0.1,-59.129121214544895,-47.28548387735016
508,ksqexp,1.5,3.5,1.5,0.05,-64.85134751216395,-49.68565681806572
509,ksqexp,1.5,3.5,1.5,0.01,-67.48467179480774,-50.783408901852724
510,ksqexp,1.5,3.5,1.5,0,-67.60802710007708,-50.83458010114234
511,ksqexp,1.5,4,0.5,0.5,-38.03897989984485,-38.73713650281231
512,ksqexp,1.5,4,0.5,0.1,-107.24012719001361,-70.92952108310688
513,ksqexp,1.5,4,0.5,0.05,-141.6840984552303,-85.68288065978591
514,ksqexp,1.5,4,0.5,0.01,-162.21366706574983,-94.27902888785785
515,ksqexp,1.5,4,0.5,0,-163.31169095802164,-94.73216408624492
516,ksqexp,1.5,4,1,0.5,-38.66933105732658,-39.45395316862881
517,ksqexp,1.5,4,1,0.1,-72.95008645268446,-53.01519965139155
518,ksqexp,1.5,4,1,0.05,-83.99372591881564,-57.568947628943995
519,ksqexp,1.5,4,1,0.01,-89.33906758910865,-59.74649310603063
520,ksqexp,1.5,4,1,0,-89.59595997580519,-59.85042177197487
521,ksqexp,1.5,4,1.5,0.5,-40.02850823751952,-41.04248425630646
522,ksqexp,1.5,4,1.5,0.1,-60.217469650871145,-47.99085376697786
523,ksqexp,1.5,4,1.5,0.05,-65.41629262960676,-50.06272207498567
524,ksqexp,1.5,4,1.5,0.01,-67.70888360965778,-50.97200041039397
525,ksqexp,1.5,4,1.5,0,-67.81470641382278,-51.01383110007519
526,ksqexp,1.5,6,0.5,0.5,-39.62823567527117,-39.94949463291607
527,ksqexp,1.5,6,0.5,0.1,-111.08282017478145,-71.65597923381465
528,ksqexp,1.5,6,0.5,0.05,-141.528827684816,-83.51212393322005
529,ksqexp,1.5,6,0.5,0.01,-157.09313188400662,-89.4548718982788
530,ksqexp,1.5,6,0.5,0,-157.8562309204305,-89.74467349867678
531,ksqexp,1.5,6,1,0.5,-40.298583170154345,-40.732465209420184
532,ksqexp,1.5,6,1,0.1,-74.86168179990352,-53.72958950287067
533,ksqexp,1.5,6,1,0.05,-83.92013234758254,-57.110486049139276
534,ksqexp,1.5,6,1,0.01,-87.77744706412265,-58.54386090281677
535,ksqexp,1.5,6,1,0,-87.95314397500621,-58.609073484893734
536,ksqexp,1.5,6,1.5,0.5,-41.64372170283428,-42.38315886001042
537,ksqexp,1.5,6,1.5,0.1,-61.70735740025115,-48.95637849954937
538,ksqexp,1.5,6,1.5,0.05,-65.7671433369487,-50.41683039148799
539,ksqexp,1.5,6,1.5,0.01,-67.37161146498293,-50.99551373256194
540,ksqexp,1.5,6,1.5,0,-67.44277175901776,-51.02119691335259
541,ksqexp,1.5,8,0.5,0.5,-40.5384766980957,-40.68047261222997
542,ksqexp,1.5,8,0.5,0.1,-111.87914244865249,-71.61570510377328
543,ksqexp,1.5,8,0.5,0.05,-140.5590128493239,-82.26311286111351
544,ksqexp,1.5,8,0.5,0.01,-154.32070299609387,-87.25048036687555
545,ksqexp,1.5,8,0.5,0,-154.97086665064703,-87.48471117366178
546,ksqexp,1.5,8,1,0.5,-41.11929647224673,-41.42403552027397
547,ksqexp,1.5,8,1,0.1,-75.28173537217015,-53.94059092258454
548,ksqexp,1.5,8,1,0.05,-83.57165494369934,-56.880887802182706
549,ksqexp,1.5,8,1,0.01,-86.91760627640362,-58.0587797907573
550,ksqexp,1.5,8,1,0,-87.0665782060667,-58.111132164989826
551,ksqexp,1.5,8,1.5,0.5,-42.40261365256483,-43.068375848592055
552,ksqexp,1.5,8,1.5,0.1,-62.13742565926281,-49.37670345478906
553,ksqexp,1.5,8,1.5,0.05,-65.785549951497,-50.62086767379894
554,ksqexp,1.5,8,1.5,0.01,-67.16243529003427,-51.090135384206214
555,ksqexp,1.5,8,1.5,0,-67.22247215716217,-51.110595928553664
556,ksqexp,1.5,10,0.5,0.5,-41.05598935051091,-41.13689556859719
557,ksqexp,1.5,10,0.5,0.1,-111.8805396444818,-71.51116384469432
558,ksqexp,1.5,10,0.5,0.05,-139.81367448794379,-81.6158499878304
559,ksqexp,1.5,10,0.5,0.01,-152.93373362582702,-86.23351925865661
560,ksqexp,1.5,10,0.5,0,-153.54596667976827,-86.44744206227621
561,ksqexp,1.5,10,1,0.5,-41.56628293251969,-41.85641055989051
562,ksqexp,1.5,10,1,0.1,-75.39104241724668,-54.10660972175856
563,ksqexp,1.5,10,1,0.05,-83.4063451438624,-56.876073420222816
564,ksqexp,1.5,10,1,0.01,-86.58544861282775,-57.96336011815586
565,ksqexp,1.5,10,1,0,-86.72595649815435,-58.011288282283864
566,ksqexp,1.5,10,1.5,0.5,-42.80977767392579,-43.498741944774125
567,ksqexp,1.5,10,1.5,0.1,-62.360507425413616,-49.70093962355837
568,ksqexp,1.5,10,1.5,0.05,-65.8780319841769,-50.87071535464952
569,ksqexp,1.5,10,1.5,0.01,-67.18652416759838,-51.30443224710833
570,ksqexp,1.5,10,1.5,0,-67.24327653695303,-51.32322712210005
571,ksqexp,1.5,25,0.5,0.5,-41.46500754690973,-41.89657088506736
572,ksqexp,1.5,25,0.5,0.1,-110.13314138394469,-70.47009518847247
573,ksqexp,1.5,25,0.5,0.05,-137.58249506816557,-79.99920571057883
574,ksqexp,1.5,25,0.5,0.01,-150.38408338483643,-84.31950776257823
575,ksqexp,1.5,25,0.5,0,-150.97853073825246,-84.51855801908339
576,ksqexp,1.5,25,1,0.5,-41.966088070275,-42.65653076899347
577,ksqexp,1.5,25,1,0.1,-75.2053191669035,-54.433368708244004
578,ksqexp,1.5,25,1,0.05,-83.15153350951597,-57.08984998772023
579,ksqexp,1.5,25,1,0.01,-86.28650987400246,-58.126079518474974
580,ksqexp,1.5,25,1,0,-86.42472840129163,-58.17162591521892
581,ksqexp,1.5,25,1.5,0.5,-43.277857680112454,-44.40175062286647
582,ksqexp,1.5,25,1.5,0.1,-62.79960253453458,-50.58891344936799
583,ksqexp,1.5,25,1.5,0.05,-66.33150525393401,-51.737741341890896
584,ksqexp,1.5,25,1.5,0.01,-67.64074564381853,-52.161635755063806
585,ksqexp,1.5,25,1.5,0,-67.69745105500441,-52.17997198043362
586,ksqexp,1.75,0.2,0.5,0.5,-45.65684035546339,-49.16615968784888
587,ksqexp,1.75,0.2,0.5,0.1,-527.3294015882967,-594.260697384471
588,ksqexp,1.75,0.2,0.5,0.05,-1861.1331054747245,-1882.3294235433098
589,ksqexp,1.75,0.2,0.5,0.01,-17690.17190348685,-17322.80880085592
590,ksqexp,1.75,0.2,0.5,0,-87910735.57212038,-87677205.07344739
591,ksqexp,1.75,0.2,1,0.5,-43.84530223664451,-47.798956924508296
592,ksqexp,1.75,0.2,1,0.1,-489.3378483583186,-528.4646925324581
593,ksqexp,1.75,0.2,1,0.05,-1688.6134975549242,-1613.964057856016
594,ksqexp,1.75,0.2,1,0.01,-11484.958837476055,-11629.81964591971
595,ksqexp,1.75,0.2,1,0,-44187430.412058964,-44070681.40413414
596,ksqexp,1.75,0.2,1.5,0.5,-43.17868706065443,-47.31349850002584
597,ksqexp,1.75,0.2,1.5,0.1,-468.04552031194515,-488.07374022327093
598,ksqexp,1.75,0.2,1.5,0.05,-1566.8052312518796,-1466.6396946818015
599,ksqexp,1.75,0.2,1.5,0.01,-8818.67918262496,-9113.418584111741
600,ksqexp,1.75,0.2,1.5,0,-29510192.031706363,-29432364.356791195
601,ksqexp,1.75,0.5,0.5,0.5,-43.68804003957369,-47.38179352835944
602,ksqexp,1.75,0.5,0.5,0.1,-381.46171408389426,-418.09672512658943
603,ksqexp,1.75,0.5,0.5,0.05,-945.648628471505,-929.7254712609846
604,ksqexp,1.75,0.5,0.5,0.01,-6089.27291978006,-5903.2708726310475
605,ksqexp,1.75,0.5,0.5,0,-64074.00945673388,-59919.33062535992
606,ksqexp,1.75,0.5,1,0.5,-42.997278309113426,-47.34329625605265
607,ksqexp,1.75,0.5,1,0.1,-300.5616792603779,-312.4471090017621
608,ksqexp,1.75,0.5,1,0.05,-710.2233592239528,-682.8256546806374
609,ksqexp,1.75,0.5,1,0.01,-4286.4587797277,-4117.863329278355
610,ksqexp,1.75,0.5,1,0,-32008.10667758131,-29933.783173126187
611,ksqexp,1.75,0.5,1.5,0.5,-42.94603579279648,-47.58700465294983
612,ksqexp,1.75,0.5,1.5,0.1,-257.98708880579505,-260.5371475290326
613,ksqexp,1.75,0.5,1.5,0.05,-598.4928273147708,-574.9258206028162
614,ksqexp,1.75,0.5,1.5,0.01,-3424.2743295683135,-3264.8639799501157
615,ksqexp,1.75,0.5,1.5,0,-21322.232172315173,-19941.36079174643
616,ksqexp,1.75,1,0.5,0.5,-40.41706104808353,-44.08761167733298
617,ksqexp,1.75,1,0.5,0.1,-156.74728044367833,-150.3250242483913
618,ksqexp,1.75,1,0.5,0.05,-317.0573184213702,-272.90267066429914
619,ksqexp,1.75,1,0.5,0.01,-1292.545293315051,-1041.5461457597357
620,ksqexp,1.75,1,0.5,0,-1947.3251877092089,-1602.4874259916087
621,ksqexp,1.75,1,1,0.5,-38.24841813368617,-42.447111503949046
622,ksqexp,1.75,1,1,0.1,-112.03646967217364,-102.69486804359728
623,ksqexp,1.75,1,1,0.05,-219.1484533739012,-185.58466962378756
624,ksqexp,1.75,1,1,0.01,-753.9090559742525,-612.937822855415
625,ksqexp,1.75,1,1,0,-961.9365458286636,-792.7811435964041
626,ksqexp,1.75,1,1.5,0.5,-37.46744941197505,-41.68124904670726
627,ksqexp,1.75,1,1.5,0.1,-92.16741472002012,-84.00305283862095
628,ksqexp,1.75,1,1.5,0.05,-177.519778170143,-149.58185315453895
629,ksqexp,1.75,1,1.5,0.01,-534.8402778800383,-437.6972347492732
630,ksqexp,1.75,1,1.5,0,-636.264320655871,-525.6697050740764
631,ksqexp,1.75,1.5,0.5,0.5,-37.0466497347433,-39.84857278494469
632,ksqexp,1.75,1.5,0.5,0.1,-120.61042535824531,-89.29709025580065
633,ksqexp,1.75,1.5,0.5,0.05,-236.70252203854594,-156.42004109068372
634,ksqexp,1.75,1.5,0.5,0.01,-641.8949497845772,-426.04032978394014
635,ksqexp,1.75,1.5,0.5,0,-725.3349983548303,-484.66373290586154
636,ksqexp,1.75,1.5,1,0.5,-35.20998799682007,-38.0805131269255
637,ksqexp,1.75,1.5,1,0.1,-87.06208606519607,-63.074000226111046
638,ksqexp,1.75,1.5,1,0.05,-159.62460013117007,-107.66078631137405
639,ksqexp,1.75,1.5,1,0.01,-335.4707806466828,-225.92658749810795
640,ksqexp,1.75,1.5,1,0,-357.7254174858995,-241.59177495504332
641,ksqexp,1.75,1.5,1.5,0.5,-35.1139608506011,-37.85581020873106
642,ksqexp,1.75,1.5,1.5,0.1,-72.49678800061244,-53.94118630609903
643,ksqexp,1.75,1.5,1.5,0.05,-126.52956432559851,-87.76977845966427
644,ksqexp,1.75,1.5,1.5,0.01,-227.92060570110928,-156.28246921364791
645,ksqexp,1.75,1.5,1.5,0,-237.97954718716073,-163.35844566065882
646,ksqexp,1.75,2,0.5,0.5,-36.17203747303928,-38.12006956266206
647,ksqexp,1.75,2,0.5,0.1,-126.56233397509875,-83.21205548133196
648,ksqexp,1.75,2,0.5,0.05,-236.4361580713168,-141.9103648122373
649,ksqexp,1.75,2,0.5,0.01,-471.9458797427401,-274.42346282617956
650,ksqexp,1.75,2,0.5,0,-503.74661152947266,-291.79684263574273
651,ksqexp,1.75,2,1,0.5,-35.07807543616528,-37.02560540957981
652,ksqexp,1.75,2,1,0.1,-91.9483935601633,-61.41646674631942
653,ksqexp,1.75,2,1,0.05,-151.39794299845389,-94.36632221184755
654,ksqexp,1.75,2,1,0.01,-242.2271278645441,-144.91911723101248
655,ksqexp,1.75,2,1,0,-250.4288245135737,-149.37985652385734
656,ksqexp,1.75,2,1.5,0.5,-35.471824660118614,-37.36017308736626
657,ksqexp,1.75,2,1.5,0.1,-76.1111253650963,-53.40052569438474
658,ksqexp,1.75,2,1.5,0.05,-116.2192483826111,-75.72906288016566
659,ksqexp,1.75,2,1.5,0.01,-165.1267889839801,-102.71776176888622
660,ksqexp,1.75,2,1.5,0,-168.78021890255832,-104.69818456528955
661,ksqexp,1.75,2.5,0.5,0.5,-36.41605081829861,-37.78963389006484
662,ksqexp,1.75,2.5,0.5,0.1,-136.2096496734623,-85.8111151263446
663,ksqexp,1.75,2.5,0.5,0.05,-239.20223844711217,-136.31066510697838
664,ksqexp,1.75,2.5,0.5,0.01,-393.892446809045,-212.3842796384923
665,ksqexp,1.75,2.5,0.5,0,-410.74263475214457,-220.2025348308967
666,ksqexp,1.75,2.5,1,0.5,-35.85605778493439,-37.28898818517022
667,ksqexp,1.75,2.5,1,0.1,-98.01296929853353,-63.5410814711562
668,ksqexp,1.75,2.5,1,0.05,-146.88974374708545,-87.83979855265684
669,ksqexp,1.75,2.5,1,0.01,-201.85191123029696,-114.26086556611295
670,ksqexp,1.75,2.5,1,0,-206.1355652574966,-116.23440494234076
671,ksqexp,1.75,2.5,1.5,0.5,-36.56038238362403,-38.033966409930606
672,ksqexp,1.75,2.5,1.5,0.1,-80.25179503340955,-55.160024195321135
673,ksqexp,1.75,2.5,1.5,0.05,-110.47727106952246,-70.08234554315311
674,ksqexp,1.75,2.5,1.5,0.01,-138.83181531568223,-83.50199330087054
675,ksqexp,1.75,2.5,1.5,0,-140.7238655055835,-84.36901840343073
676,ksqexp,1.75,3,0.5,0.5,-37.02518328602819,-38.03288878566204
677,ksqexp,1.75,3,0.5,0.1,-144.3818103126111,-88.74542643086808
678,ksqexp,1.75,3,0.5,0.05,-241.98100506387675,-133.1990115929193
679,ksqexp,1.75,3,0.5,0.01,-354.88539393322725,-183.51786622544947
680,ksqexp,1.75,3,0.5,0,-365.20187074535704,-187.86546435187196
681,ksqexp,1.75,3,1,0.5,-36.83839198043987,-37.96228451319422
682,ksqexp,1.75,3,1,0.1,-102.8019035225218,-65.45006317741145
683,ksqexp,1.75,3,1,0.05,-144.8223452729535,-84.46967074578039
684,ksqexp,1.75,3,1,0.01,-182.24163295185332,-100.71601744383024
685,ksqexp,1.75,3,1,0,-184.82981381481483,-101.79743922900423
686,ksqexp,1.75,3,1.5,0.5,-37.74967455688238,-38.98766187596234
687,ksqexp,1.75,3,1.5,0.1,-83.45574119014418,-56.65974249929933
688,ksqexp,1.75,3,1.5,0.05,-107.75725803508494,-67.49130694687858
689,ksqexp,1.75,3,1.5,0.01,-126.36313377085642,-75.4286673242457
690,ksqexp,1.75,3,1.5,0,-127.49645159231784,-75.89875428289722
691,ksqexp,1.75,3.5,0.5,0.5,-37.69044407640258,-38.45766305411612
692,ksqexp,1.75,3.5,0.5,0.1,-150.72065260668418,-91.30258454727435
693,ksqexp,1.75,3.5,0.5,0.05,-244.34169524816838,-131.78274145683864
694,ksqexp,1.75,3.5,0.5,0.01,-334.3464767911521,-169.54166423331228
695,ksqexp,1.75,3.5,0.5,0,-341.47097573659863,-172.4000817227862
696,ksqexp,1.75,3.5,1,0.5,-37.75797506779236,-38.66862192365861
697,ksqexp,1.75,3.5,1,0.1,-106.31885957322804,-66.98964322628964
698,ksqexp,1.75,3.5,1,0.05,-144.0037765135387,-82.98096986053035
699,ksqexp,1.75,3.5,1,0.01,-172.18449131659204,-94.51752157575909
700,ksqexp,1.75,3.5,1,0,-173.95112126503622,-95.21973141298525
701,ksqexp,1.75,3.5,1.5,0.5,-38.80074120249475,-39.871977088155454
702,ksqexp,1.75,3.5,1.5,0.1,-85.78327822176931,-57.86634812695841
703,ksqexp,1.75,3.5,1.5,0.05,-106.55177748005136,-66.51442526110698
704,ksqexp,1.75,3.5,1.5,0.01,-120.13453146485259,-71.9812340654327
705,ksqexp,1.75,3.5,1.5,0,-120.90182653275292,-72.28360473970497
706,ksqexp,1.75,4,0.5,0.5,-38.294757937841936,-38.888828882745976
707,ksqexp,1.75,4,0.5,0.1,-155.1740680497286,-93.15923627538972
708,ksqexp,1.75,4,0.5,0.05,-245.61557675731274,-130.93195241092363
709,ksqexp,1.75,4,0.5,0.01,-322.04488792010113,-161.94407645813357
710,ksqexp,1.75,4,0.5,0,-327.46232049418757,-164.07534971539076
711,ksqexp,1.75,4,1,0.5,-38.5303868914189,-39.275621601564346
712,ksqexp,1.75,4,1,0.1,-108.63715038150207,-68.06201483782779
713,ksqexp,1.75,4,1,0.05,-143.4083644337626,-82.23806378313375
714,ksqexp,1.75,4,1,0.01,-166.30654147913833,-91.34186524984761
715,ksqexp,1.75,4,1,0,-167.6369859130018,-91.86048550397699
716,ksqexp,1.75,4,1.5,0.5,-39.65181954369767,-40.588608277482585
717,ksqexp,1.75,4,1.5,0.1,-87.2917577573914,-58.73038213658388
718,ksqexp,1.75,4,1.5,0.05,-105.8121207744072,-66.14083104898627
719,ksqexp,1.75,4,1.5,0.01,-116.57878674662759,-70.35787219786198
720,ksqexp,1.75,4,1.5,0,-117.15253114624285,-70.57952086437021
721,ksqexp,1.75,6,0.5,0.5,-39.95259030169813,-40.079796020779874
722,ksqexp,1.75,6,0.5,0.1,-160.92656900764928,-94.19828005564065
723,ksqexp,1.75,6,0.5,0.05,-242.48508345376365,-125.32586125872457
724,ksqexp,1.75,6,0.5,0.01,-296.41000402784573,-145.351368907376
725,ksqexp,1.75,6,0.5,0,-299.43483591132224,-146.4696348167648
726,ksqexp,1.75,6,1,0.5,-40.423873248475225,-40.704779176779184
727,ksqexp,1.75,6,1,0.1,-110.92414857686443,-68.50880024333051
728,ksqexp,1.75,6,1,0.05,-139.68955555031113,-79.13316707948178
729,ksqexp,1.75,6,1,0.01,-154.38321563417367,-84.51748928365286
730,ksqexp,1.75,6,1,0,-155.10932132391153,-84.78341062845469
731,ksqexp,1.75,6,1.5,0.5,-41.62169840757056,-42.17973267115554
732,ksqexp,1.75,6,1.5,0.1,-88.61606215431385,-59.34015845895851
733,ksqexp,1.75,6,1.5,0.05,-102.94504383893498,-64.53257425333739
734,ksqexp,1.75,6,1.5,0.01,-109.48399023813006,-66.90055061011266
735,ksqexp,1.75,6,1.5,0,-109.79147322461179,-67.01199266442993
736,ksqexp,1.75,8,0.5,0.5,-40.9266882776929,-40.7913163352111
737,ksqexp,1.75,8,0.5,0.1,-161.03969097466594,-92.80491287177865
738,ksqexp,1.75,8,0.5,0.05,-239.01874600554234,-120.8729525958506
739,ksqexp,1.75,8,0.5,0.01,-287.1457642694841,-137.51266954498027
740,ksqexp,1.75,8,0.5,0,-289.6618864779486,-138.37485353553205
741,ksqexp,1.75,8,1,0.5,-41.36646516128368,-41.423603269379996
742,ksqexp,1.75,8,1,0.1,-110.68903873957875,-67.7318977833558
743,ksqexp,1.75,8,1,0.05,-137.5803974240737,-77.03090031786668
744,ksqexp,1.75,8,1,0.01,-150.3445475894395,-81.36915803882782
745,ksqexp,1.75,8,1,0,-150.94552274258086,-81.57274125702745
746,ksqexp,1.75,8,1.5,0.5,-42.51573622299309,-42.91923334298229
747,ksqexp,1.75,8,1.5,0.1,-88.48386497667296,-59.02306204847999
748,ksqexp,1.75,8,1.5,0.05,-101.64609081585013,-63.46965639609915
749,ksqexp,1.75,8,1.5,0.01,-107.24380463183871,-65.34454565441415
750,ksqexp,1.75,8,1.5,0,-107.49739159457131,-65.42936059657778
751,ksqexp,1.75,10,0.5,0.5,-41.53221263334767,-41.270776798515655
752,ksqexp,1.75,10,0.5,0.1,-160.46402228779456,-91.81956432570819
753,ksqexp,1.75,10,0.5,0.05,-237.29822608202477,-118.61330804083939
754,ksqexp,1.75,10,0.5,0.01,-283.9680021809053,-134.15389313381837
755,ksqexp,1.75,10,0.5,0,-286.36525683405745,-134.94190512843971
756,ksqexp,1.75,10,1,0.5,-41.90126913063843,-41.8849543357458
757,ksqexp,1.75,10,1,0.1,-110.44433760612971,-67.33757413541335
758,ksqexp,1.75,10,1,0.05,-136.86435641768097,-76.17316066579122
759,ksqexp,1.75,10,1,0.01,-149.1865276716723,-80.20201439529474
760,ksqexp,1.75,10,1,0,-149.75993398502288,-80.38837991734404
761,ksqexp,1.75,10,1.5,0.5,-42.99548444939025,-43.379112202793074
762,ksqexp,1.75,10,1.5,0.1,-88.46774974469413,-58.963540821475
763,ksqexp,1.75,10,1.5,0.05,-101.3739379611698,-63.17748595534738
764,ksqexp,1.75,10,1.5,0.01,-106.77302395196693,-64.91669918532703
765,ksqexp,1.75,10,1.5,0,-107.01548313260697,-64.99452827945527
766,ksqexp,1.75,25,0.5,0.5,-42.223257677341486,-42.17597886581065
767,ksqexp,1.75,25,0.5,0.1,-157.24006938673554,-89.12144606771568
768,ksqexp,1.75,25,0.5,0.05,-233.59542358879546,-114.56036339066085
769,ksqexp,1.75,25,0.5,0.01,-280.04826896764706,-129.33601085343327
770,ksqexp,1.75,25,0.5,0,-282.42626569859954,-130.08151621213955
771,ksqexp,1.75,25,1,0.5,-42.52074048369035,-42.84615980607089
772,ksqexp,1.75,25,1,0.1,-109.64161402831859,-66.89389920133678
773,ksqexp,1.75,25,1,0.05,-136.14519379973837,-75.41255578844827
774,ksqexp,1.75,25,1,0.01,-148.49838733289803,-79.28910501862087
775,ksqexp,1.75,25,1,0,-149.07224491034026,-79.46792854508494
776,ksqexp,1.75,25,1.5,0.5,-43.61697678804223,-44.44657527006458
777,ksqexp,1.75,25,1.5,0.1,-88.64866044994575,-59.49145460588481
778,ksqexp,1.75,25,1.5,0.05,-101.70560726701721,-63.61327771593997
779,ksqexp,1.75,25,1.5,0.01,-107.16651528954293,-65.31150962023015
780,ksqexp,1.75,25,1.5,0,-107.41156141156253,-65.38738942193919
781,ksqexp,2,0.2,0.5,0.5,-47.58169808591454,-51.36732716724951
782,ksqexp,2,0.2,0.5,0.1,-598.0591873511574,-706.3874613193661
783,ksqexp,2,0.2,0.5,0.05,-2243.502101343222,-2482.9734829909403
784,ksqexp,2,0.2,0.5,0.01,-34554.553702193494,-30979.002041048287
785,ksqexp,2,0.2,0.5,0,-255108970.31886753,-254479835.83895475
786,ksqexp,2,0.2,1,0.5,-45.27502279814882,-49.71736457553161
787,ksqexp,2,0.2,1,0.1,-570.4858672354217,-662.6537804270483
788,ksqexp,2,0.2,1,0.05,-2125.091186512707,-2208.311095123686
789,ksqexp,2,0.2,1,0.01,-26634.055208418893,-24098.670549592312
790,ksqexp,2,0.2,1,0,-129494258.11126125,-129180060.80522804
791,ksqexp,2,0.2,1.5,0.5,-44.376363820601284,-49.12771690547279
792,ksqexp,2,0.2,1.5,0.1,-556.113193561612,-631.9161415116009
793,ksqexp,2,0.2,1.5,0.05,-2042.0359825436665,-2038.9209494703318
794,ksqexp,2,0.2,1.5,0.01,-22238.61654571446,-20303.31090520526
795,ksqexp,2,0.2,1.5,0,-86769425.24965458,-86560045.71777213
796,ksqexp,2,0.5,0.5,0.5,-45.205092823175804,-49.15364110594496
797,ksqexp,2,0.5,0.5,0.1,-460.42089759794106,-531.8778460586971
798,ksqexp,2,0.5,0.5,0.05,-1308.6140995733456,-1338.7374769128648
799,ksqexp,2,0.5,0.5,0.01,-10988.430840312676,-10917.714933224528
800,ksqexp,2,0.5,0.5,0,-236777.20702926908,-214256.8267708021
801,ksqexp,2,0.5,1,0.5,-44.04943819892317,-48.79100540502554
802,ksqexp,2,0.5,1,0.1,-387.889242711932,-425.83351516945066
803,ksqexp,2,0.5,1,0.05,-1054.3756595010943,-1028.2349970161656
804,ksqexp,2,0.5,1,0.01,-8326.75096491113,-8180.115503837698
805,ksqexp,2,0.5,1,0,-118351.97875266272,-107095.48530152909
806,ksqexp,2,0.5,1.5,0.5,-43.76127202922835,-48.92974294499673
807,ksqexp,2,0.5,1.5,0.1,-346.087550212585,-366.32097931844464
808,ksqexp,2,0.5,1.5,0.05,-924.3021410036035,-891.2564083211597
809,ksqexp,2,0.5,1.5,0.01,-7020.675972631555,-6797.590767881259
810,ksqexp,2,0.5,1.5,0,-78879.36858532274,-71377.51436213563
811,ksqexp,2,1,0.5,0.5,-42.75323153301544,-46.678199375271305
812,ksqexp,2,1,0.5,0.1,-226.07632925835233,-229.78771519938599
813,ksqexp,2,1,0.5,0.05,-500.66530609532344,-453.13502621934464
814,ksqexp,2,1,0.5,0.01,-2407.7905641832763,-1943.5756690258943
815,ksqexp,2,1,0.5,0,-5421.077768044015,-4417.19584413885
816,ksqexp,2,1,1,0.5,-40.38525648344828,-45.204151181455636
817,ksqexp,2,1,1,0.1,-171.9316275532209,-163.40182471320577
818,ksqexp,2,1,1,0.05,-334.7465644812058,-303.5662407105669
819,ksqexp,2,1,1,0.01,-1586.3135932270754,-1267.6155366021585
820,ksqexp,2,1,1,0,-2691.9649864426538,-2194.0606259402093
821,ksqexp,2,1,1.5,0.5,-39.27815512718288,-44.3555819232013
822,ksqexp,2,1,1.5,0.1,-142.0604909292176,-133.13790485936667
823,ksqexp,2,1,1.5,0.05,-265.03381722481845,-240.6166061328943
824,ksqexp,2,1,1.5,0.01,-1200.3167628018998,-960.0580564714178
825,ksqexp,2,1,1.5,0,-1785.0513726033869,-1455.8062009506837
826,ksqexp,2,1.5,0.5,0.5,-39.440838915191456,-42.66362736609559
827,ksqexp,2,1.5,0.5,0.1,-169.56496840946352,-134.10116238749544
828,ksqexp,2,1.5,0.5,0.05,-351.3758946773018,-235.86560690678837
829,ksqexp,2,1.5,0.5,0.01,-1476.6236958827287,-917.9541161031551
830,ksqexp,2,1.5,0.5,0,-2060.2867442147626,-1251.0348862032336
831,ksqexp,2,1.5,1,0.5,-36.94116197660584,-40.55831489086608
832,ksqexp,2,1.5,1,0.1,-124.8761745253636,-91.34294360446432
833,ksqexp,2,1.5,1,0.05,-238.00850915690557,-159.73171753216812
834,ksqexp,2,1.5,1,0.01,-847.1689592947156,-522.1314090347661
835,ksqexp,2,1.5,1,0,-1019.1071031400928,-619.6988005719061
836,ksqexp,2,1.5,1.5,0.5,-36.26776907918964,-39.8734322338977
837,ksqexp,2,1.5,1.5,0.1,-102.29621835121002,-74.42908800069159
838,ksqexp,2,1.5,1.5,0.05,-192.2409329664822,-130.18242152178658
839,ksqexp,2,1.5,1.5,0.01,-593.7640930810401,-366.1738451644021
840,ksqexp,2,1.5,1.5,0,-674.8378786102722,-412.0440949302835
841,ksqexp,2,2,0.5,0.5,-37.895646308895415,-40.168377101680576
842,ksqexp,2,2,0.5,0.1,-168.83263063754225,-111.20757949464924
843,ksqexp,2,2,0.5,0.05,-362.09173523405906,-210.74709124902603
844,ksqexp,2,2,0.5,0.01,-1110.2693987967523,-607.1395040172647
845,ksqexp,2,2,0.5,0,-1378.3022715521029,-733.3283596680495
846,ksqexp,2,2,1,0.5,-36.06570338232567,-38.52531126989812
847,ksqexp,2,2,1,0.1,-129.17204915278404,-81.5086626768924
848,ksqexp,2,2,1,0.05,-240.72517019633548,-142.99605499163474
849,ksqexp,2,2,1,0.01,-605.9087672138603,-330.1005368936141
850,ksqexp,2,2,1,0,-682.1470429486549,-365.6782016229468
851,ksqexp,2,2,1.5,0.5,-35.89153447904916,-38.330457516628854
852,ksqexp,2,2,1.5,0.1,-107.47735231732086,-69.2483679267104
853,ksqexp,2,2,1.5,0.05,-189.229792462419,-114.95990666565423
854,ksqexp,2,2,1.5,0.01,-417.4446340075204,-229.44326549860156
855,ksqexp,2,2,1.5,0,-452.8859564494902,-245.91880552336383
856,ksqexp,2,2.5,0.5,0.5,-37.59295384805801,-39.13019217955997
857,ksqexp,2,2.5,0.5,0.1,-178.9155943975071,-109.95510905744234
858,ksqexp,2,2.5,0.5,0.05,-376.6979691923155,-205.1592853226978
859,ksqexp,2,2.5,0.5,0.01,-866.32917806698,-445.47416351529546
860,ksqexp,2,2.5,0.5,0,-987.256831638822,-499.51687428167736
861,ksqexp,2,2.5,1,0.5,-36.3275053699428,-38.042526806376046
862,ksqexp,2,2.5,1,0.1,-137.98993452959934,-82.71617542655625
863,ksqexp,2,2.5,1,0.05,-241.90280842045487,-134.96425262401976
864,ksqexp,2,2.5,1,0.01,-456.08177362944286,-237.160639416396
865,ksqexp,2,2.5,1,0,-489.3230525909674,-251.92809136812338
866,ksqexp,2,2.5,1.5,0.5,-36.49224012555918,-38.26280776008002
867,ksqexp,2,2.5,1.5,0.1,-114.68938442815731,-70.80855688483473
868,ksqexp,2,2.5,1.5,0.05,-184.53246052876625,-106.26890831843882
869,ksqexp,2,2.5,1.5,0.01,-310.90668027797403,-165.44338531899672
870,ksqexp,2,2.5,1.5,0,-326.1357828410548,-172.1891537561205
871,ksqexp,2,3,0.5,0.5,-37.82097347697708,-38.85409995568142
872,ksqexp,2,3,0.5,0.1,-188.42345471989182,-111.79828512877029
873,ksqexp,2,3,0.5,0.05,-384.8924000629275,-200.2413230827902
874,ksqexp,2,3,0.5,0.01,-722.0434470041197,-355.40366255032717
875,ksqexp,2,3,0.5,0,-778.3081435393493,-379.7212536831058
876,ksqexp,2,3,1,0.5,-36.99509044383127,-38.246079430451836
877,ksqexp,2,3,1,0.1,-144.77226690982891,-84.38446008427618
878,ksqexp,2,3,1,0.05,-240.39281758505962,-128.45365567544206
879,ksqexp,2,3,1,0.01,-371.799910098856,-187.795827738757
880,ksqexp,2,3,1,0,-386.7597959513778,-194.22802131409543
881,ksqexp,2,3,1.5,0.5,-37.41961507095444,-38.805474790850994
882,ksqexp,2,3,1.5,0.1,-119.73443029744851,-72.18065375315904
883,ksqexp,2,3,1.5,0.05,-179.57634039231536,-99.92509180981996
884,ksqexp,2,3,1.5,0.01,-252.2818370329225,-132.29338061020024
885,ksqexp,2,3,1.5,0,-259.0343367821207,-135.18760059293413
886,ksqexp,2,3.5,0.5,0.5,-38.25696615988947,-38.95821599929877
887,ksqexp,2,3.5,0.5,0.1,-196.31753114918902,-114.18506530604463
888,ksqexp,2,3.5,0.5,0.05,-388.97266367398146,-196.62380057152282
889,ksqexp,2,3.5,0.5,0.01,-642.8464963305702,-306.78708118460764
890,ksqexp,2,3.5,0.5,0,-673.2031408112505,-319.4780082617441
891,ksqexp,2,3.5,1,0.5,-37.77044520508977,-38.71612767594699
892,ksqexp,2,3.5,1,0.1,-149.6139457138588,-85.89752438876691
893,ksqexp,2,3.5,1,0.05,-238.09345715194965,-123.95745296174331
894,ksqexp,2,3.5,1,0.01,-327.6873627751819,-162.38353313432856
895,ksqexp,2,3.5,1,0,-335.5445480485549,-165.6514903721128
896,ksqexp,2,3.5,1.5,0.5,-38.39319591072787,-39.52761707541313
897,ksqexp,2,3.5,1.5,0.1,-123.01703989408513,-73.25902986926158
898,ksqexp,2,3.5,1.5,0.05,-175.52410935270916,-95.86391307345443
899,ksqexp,2,3.5,1.5,0.01,-222.28199966937325,-115.71617396885846
900,ksqexp,2,3.5,1.5,0,-225.78234052313869,-117.1666411598184
901,ksqexp,2,4,0.5,0.5,-38.74208677513961,-39.219850488307266
902,ksqexp,2,4,0.5,0.1,-202.23830847785635,-116.39605049978185
903,ksqexp,2,4,0.5,0.05,-389.9559144519387,-193.96275617624406
904,ksqexp,2,4,0.5,0.01,-597.7525191256311,-279.9678805581491
905,ksqexp,2,4,0.5,0,-617.2170456751012,-287.88116156566815
906,ksqexp,2,4,1,0.5,-38.509106408370414,-39.23697788101054
907,ksqexp,2,4,1,0.1,-152.69320062662044,-87.07269558152097
908,ksqexp,2,4,1,0.05,-235.4040270118029,-120.95249876860204
909,ksqexp,2,4,1,0.01,-303.5502909427395,-148.9507255922933
910,ksqexp,2,4,1,0,-308.4882766057062,-150.9486158636544
911,ksqexp,2,4,1.5,0.5,-39.273428938831664,-40.223702042215166
912,ksqexp,2,4,1.5,0.1,-124.8748772931614,-74.04018182715441
913,ksqexp,2,4,1.5,0.05,-172.19237981442518,-93.34677332597374
914,ksqexp,2,4,1.5,0.01,-206.19313430777711,-107.21815320513201
915,ksqexp,2,4,1.5,0,-208.36934365893842,-108.09509072008214
916,ksqexp,2,6,0.5,0.5,-40.32062479885486,-40.2747009378481
917,ksqexp,2,6,0.5,0.1,-210.32096252573632,-118.4107010197021
918,ksqexp,2,6,0.5,0.05,-380.97173330111127,-183.05298261730533
919,ksqexp,2,6,0.5,0.01,-529.4322624952911,-236.86765165073874
920,ksqexp,2,6,0.5,0,-538.9073457452104,-240.29706679929916
921,ksqexp,2,6,1,0.5,-40.553484721221636,-40.72282220319979
922,ksqexp,2,6,1,0.1,-154.8211464518208,-87.23998769967783
923,ksqexp,2,6,1,0.05,-225.47055568692616,-113.00756520917716
924,ksqexp,2,6,1,0.01,-268.9418304021831,-128.61748451970124
925,ksqexp,2,6,1,0,-271.26519009321726,-129.4543314177527
926,ksqexp,2,6,1.5,0.5,-41.53836084618774,-42.00504998253514
927,ksqexp,2,6,1.5,0.1,-125.32715222784124,-73.99441204994157
928,ksqexp,2,6,1.5,0.05,-163.67431359382292,-87.74278565837898
929,ksqexp,2,6,1.5,0.01,-183.83842965650925,-94.93795796616116
930,ksqexp,2,6,1.5,0,-184.84179496482597,-95.2974097199274
931,ksqexp,2,8,0.5,0.5,-41.320296041019134,-40.94393754861174
932,ksqexp,2,8,0.5,0.1,-209.60211684778665,-115.62994776730821
933,ksqexp,2,8,0.5,0.05,-373.75154340250725,-174.096230529403
934,ksqexp,2,8,0.5,0.01,-513.1710090773549,-220.46232160903568
935,ksqexp,2,8,0.5,0,-521.5715945796526,-223.20726356721005
936,ksqexp,2,8,1,0.5,-41.62231432024515,-41.46799974684417
937,ksqexp,2,8,1,0.1,-153.4086836379457,-85.1601577708071
938,ksqexp,2,8,1,0.05,-221.18914153936976,-108.15177626298363
939,ksqexp,2,8,1,0.01,-261.4407910876466,-121.31769638756167
940,ksqexp,2,8,1,0,-263.49452367693203,-121.9841728586522
941,ksqexp,2,8,1.5,0.5,-42.606420947289664,-42.81748229779566
942,ksqexp,2,8,1.5,0.1,-124.2095488921151,-72.61175200957219
943,ksqexp,2,8,1.5,0.05,-160.86496542021777,-84.75697225613072
944,ksqexp,2,8,1.5,0.01,-179.37321992894243,-90.7482453624604
945,ksqexp,2,8,1.5,0,-180.25949013297293,-91.03379938599258
946,ksqexp,2,10,0.5,0.5,-41.981223020191266,-41.42141499541912
947,ksqexp,2,10,0.5,0.1,-208.27549538529308,-113.53031044091287
948,ksqexp,2,10,0.5,0.05,-370.99595511945694,-169.55689431120413
949,ksqexp,2,10,0.5,0.01,-509.79955169755664,-213.8987562069583
950,ksqexp,2,10,0.5,0,-518.1127526762193,-216.49168134135735
951,ksqexp,2,10,1,0.5,-42.244137537574154,-41.94771188458505
952,ksqexp,2,10,1,0.1,-152.623151961649,-83.95889782564258
953,ksqexp,2,10,1,0.05,-220.1753540031165,-106.07015737343278
954,ksqexp,2,10,1,0.01,-260.27966715590355,-118.64969342020596
955,ksqexp,2,10,1,0,-262.31593503477944,-119.28050576002452
956,ksqexp,2,10,1.5,0.5,-43.18016897865857,-43.30836312568741
957,ksqexp,2,10,1.5,0.1,-123.86422251002975,-71.96672471268776
958,ksqexp,2,10,1.5,0.05,-160.4967388755342,-83.66859062053331
959,ksqexp,2,10,1.5,0.01,-178.96018447773608,-89.39644620805433
960,ksqexp,2,10,1.5,0,-179.840985911379,-89.66743732996186
961,ksqexp,2,25,0.5,0.5,-42.962277784907954,-42.439087049983414
962,ksqexp,2,25,0.5,0.1,-203.34316890213728,-108.63111132113495
963,ksqexp,2,25,0.5,0.05,-365.97778690974286,-162.0112555710557
964,ksqexp,2,25,0.5,0.01,-506.680610476811,-204.99268022455917
965,ksqexp,2,25,0.5,0,-515.1560218412267,-207.51678109585887
966,ksqexp,2,25,1,0.5,-43.13363753883453,-43.047897371611526
967,ksqexp,2,25,1,0.1,-150.98807253579469,-82.26672361823253
968,ksqexp,2,25,1,0.05,-219.3319630960176,-103.72319512237672
969,ksqexp,2,25,1,0.01,-260.2901098597634,-116.04859438110834
970,ksqexp,2,25,1,0,-262.3795524041661,-116.66884434983834
971,ksqexp,2,25,1.5,0.5,-44.017644360132564,-44.5169343491289
972,ksqexp,2,25,1.5,0.1,-123.66304940951161,-71.74281615536809
973,ksqexp,2,25,1.5,0.05,-161.0126974148748,-83.23584148931607
974,ksqexp,2,25,1.5,0.01,-180.00151257306098,-88.90755377436123
975,ksqexp,2,25,1.5,0,-180.91138601542409,-89.17685553165317
976,ksqexp,2.25,0.2,0.5,0.5,-49.85237979903197,-53.70179922338837
977,ksqexp,2.25,0.2,0.5,0.1,-650.0385884119898,-783.665589896083
978,ksqexp,2.25,0.2,0.5,0.05,-2461.814300772274,-2916.830979272771
979,ksqexp,2.25,0.2,0.5,0.01,-44088.40491733057,-41209.64212220691
980,ksqexp,2.25,0.2,0.5,0,-632615279.1432159,-631512167.843829
981,ksqexp,2.25,0.2,1,0.5,-47.090189078886375,-51.74624451024184
982,ksqexp,2.25,0.2,1,0.1,-621.7044455032604,-751.664533198037
983,ksqexp,2.25,0.2,1,0.05,-2380.726941564321,-2715.03826397652
984,ksqexp,2.25,0.2,1,0.01,-37496.49859785814,-34356.39368730388
985,ksqexp,2.25,0.2,1,0,-328354900.0147723,-327810999.64063406
986,ksqexp,2.25,0.2,1.5,0.5,-45.863734906487984,-50.94545869978566
987,ksqexp,2.25,0.2,1.5,0.1,-607.5239762245136,-730.6224499067791
988,ksqexp,2.25,0.2,1.5,0.05,-2326.7526452336774,-2569.7900601302435
989,ksqexp,2.25,0.2,1.5,0.01,-33642.33290364509,-30786.20273158774
990,ksqexp,2.25,0.2,1.5,0,-221721140.00437778,-221360318.85618934
991,ksqexp,2.25,0.5,0.5,0.5,-47.02977858440879,-51.06767793715579
992,ksqexp,2.25,0.5,0.5,0.1,-506.0132100671809,-609.4289383038156
993,ksqexp,2.25,0.5,0.5,0.05,-1549.7042080466006,-1670.7016131230398
994,ksqexp,2.25,0.5,0.5,0.01,-16269.405366647197,-16399.718454494836
995,ksqexp,2.25,0.5,0.5,0,-787938.7257613288,-668818.988063273
996,ksqexp,2.25,0.5,1,0.5,-45.48499472056844,-50.37093384129926
997,ksqexp,2.25,0.5,1,0.1,-438.2666514485058,-508.73328244309494
998,ksqexp,2.25,0.5,1,0.05,-1321.593917440613,-1325.3922493336283
999,ksqexp,2.25,0.5,1,0.01,-12265.007259289516,-12666.778710199373
1000,ksqexp,2.25,0.5,1,0,-393930.0233992559,-334374.0838795505
1001,ksqexp,2.25,0.5,1.5,0.5,-44.91908072876561,-50.30137588173026
1002,ksqexp,2.25,0.5,1.5,0.1,-400.70993948677335,-448.7550258054623
1003,ksqexp,2.25,0.5,1.5,0.05,-1202.3079203757595,-1168.6652073236098
1004,ksqexp,2.25,0.5,1.5,0.01,-10357.07894354979,-10717.320044674123
1005,ksqexp,2.25,0.5,1.5,0,-262593.9564619858,-222892.77974382107
1006,ksqexp,2.25,1,0.5,0.5,-45.01763775580969,-48.96043756081014
1007,ksqexp,2.25,1,0.5,0.1,-288.2345868496025,-312.72024899955534
1008,ksqexp,2.25,1,0.5,0.05,-776.2462860702467,-710.7496489821034
1009,ksqexp,2.25,1,0.5,0.01,-3745.9716221290446,-3109.3746766335294
1010,ksqexp,2.25,1,0.5,0,-16581.986518306978,-12483.98454949979
1011,ksqexp,2.25,1,1,0.5,-42.61174005995015,-47.67189420293487
1012,ksqexp,2.25,1,1,0.1,-240.0848223972628,-236.90450364884734
1013,ksqexp,2.25,1,1,0.05,-545.9566723686107,-496.3409397339682
1014,ksqexp,2.25,1,1,0.01,-2844.859023433595,-2206.708257219935
1015,ksqexp,2.25,1,1,0,-8265.381219445815,-6221.252286902389
1016,ksqexp,2.25,1,1.5,0.5,-41.255182707303966,-46.802831289125386
1017,ksqexp,2.25,1,1.5,0.1,-210.57240579579482,-199.98962046668174
1018,ksqexp,2.25,1,1.5,0.05,-427.0838730826523,-393.56145743306394
1019,ksqexp,2.25,1,1.5,0.01,-2368.8523775257563,-1790.1828499219255
1020,ksqexp,2.25,1,1.5,0,-5495.970022645824,-4136.465448283187
1021,ksqexp,2.25,1.5,0.5,0.5,-42.07669910082035,-45.511466996464655
1022,ksqexp,2.25,1.5,0.5,0.1,-225.08994055104884,-196.32552483516673
1023,ksqexp,2.25,1.5,0.5,0.05,-535.9156224288031,-369.4001811595361
1024,ksqexp,2.25,1.5,0.5,0.01,-2893.172860092326,-1762.8403712747308
1025,ksqexp,2.25,1.5,0.5,0,-7173.889000101074,-3887.0634648409996
1026,ksqexp,2.25,1.5,1,0.5,-39.28099879281667,-43.42956273500269
1027,ksqexp,2.25,1.5,1,0.1,-179.06067394609838,-137.91383868139457
1028,ksqexp,2.25,1.5,1,0.05,-361.3654208461354,-242.93391773548925
1029,ksqexp,2.25,1.5,1,0.01,-2015.7131608213574,-1174.7253360525344
1030,ksqexp,2.25,1.5,1,0,-3569.5926713434073,-1932.4206951273293
1031,ksqexp,2.25,1.5,1.5,0.5,-38.09940895941783,-42.4396814808993
1032,ksqexp,2.25,1.5,1.5,0.1,-150.8923009869988,-111.16997243075605
1033,ksqexp,2.25,1.5,1.5,0.05,-285.50773336016783,-193.11898357513553
1034,ksqexp,2.25,1.5,1.5,0.01,-1559.2381707106842,-891.1078677126974
1035,ksqexp,2.25,1.5,1.5,0,-2370.9512060238008,-1283.6637560639983
1036,ksqexp,2.25,2,0.5,0.5,-40.0344353972942,-42.53205135871559
1037,ksqexp,2.25,2,0.5,0.1,-210.9195044149363,-148.36759992702198
1038,ksqexp,2.25,2,0.5,0.05,-538.85418595009,-308.86640564305236
1039,ksqexp,2.25,2,0.5,0.01,-2264.6140768896007,-1249.4879422701356
1040,ksqexp,2.25,2,0.5,0,-4116.295285162554,-2112.6159008880563
1041,ksqexp,2.25,2,1,0.5,-37.771070321101526,-40.655492778623525
1042,ksqexp,2.25,2,1,0.1,-175.0519981431275,-110.03516215154676
1043,ksqexp,2.25,2,1,0.05,-371.2443010873283,-214.6628949104308
1044,ksqexp,2.25,2,1,0.01,-1419.2202885437484,-761.922994375601
1045,ksqexp,2.25,2,1,0,-2045.5071855806586,-1050.694844482483
1046,ksqexp,2.25,2,1.5,0.5,-37.0814403047307,-40.076501379487965
1047,ksqexp,2.25,2,1.5,0.1,-151.51431931252316,-93.40547547955397
1048,ksqexp,2.25,2,1.5,0.05,-292.8218386326538,-173.1286068083793
1049,ksqexp,2.25,2,1.5,0.01,-1042.9013381281839,-554.8265621064908
1050,ksqexp,2.25,2,1.5,0,-1358.0351381883772,-699.5118138228604
1051,ksqexp,2.25,2.5,0.5,0.5,-39.20330946194011,-40.87215229340748
1052,ksqexp,2.25,2.5,0.5,0.1,-216.54300162473783,-137.34290445546404
1053,ksqexp,2.25,2.5,0.5,0.05,-560.9399215963409,-298.7591431905896
1054,ksqexp,2.25,2.5,0.5,0.01,-1712.8503883174942,-904.7320662281503
1055,ksqexp,2.25,2.5,0.5,0,-2355.7851728908613,-1210.9148025438983
1056,ksqexp,2.25,2.5,1,0.5,-37.496109820684644,-39.45406303806731
1057,ksqexp,2.25,2.5,1,0.1,-183.18424169009955,-106.74224309402494
1058,ksqexp,2.25,2.5,1,0.05,-382.2019387693958,-206.30688594847484
1059,ksqexp,2.25,2.5,1,0.01,-969.1252408563884,-509.18602390383165
1060,ksqexp,2.25,2.5,1,0,-1168.4981698608153,-603.5037081506547
1061,ksqexp,2.25,2.5,1.5,0.5,-37.1529016791012,-39.251666279608344
1062,ksqexp,2.25,2.5,1.5,0.1,-159.59052617564686,-92.572849371963855
1063,ksqexp,2.25,2.5,1.5,0.05,-296.1344009761796,-163.96126221022328
1064,ksqexp,2.25,2.5,1.5,0.01,-679.2820331378178,-358.40458644757314
1065,ksqexp,2.25,2.5,1.5,0,-775.5264911070236,-403.82399956558015
1066,ksqexp,2.25,3,0.5,0.5,-39.00862343464949,-40.06233025710582
1067,ksqexp,2.25,3,0.5,0.1,-225.0502969184224,-135.82399179257257
1068,ksqexp,2.25,3,0.5,0.05,-572.2776521789607,-290.289557028947
1069,ksqexp,2.25,3,0.5,0.01,-1364.0359222080572,-686.3887290253955
1070,ksqexp,2.25,3,0.5,0,-1590.2869328163515,-795.2592538453226
1071,ksqexp,2.25,3,1,0.5,-37.751271337285225,-39.090277162776026
1072,ksqexp,2.25,3,1,0.1,-190.14484464701457,-106.79420701988688
1073,ksqexp,2.25,3,1,0.05,-383.36954780931137,-196.5435485455896
1074,ksqexp,2.25,3,1,0.01,-723.0692042943123,-367.18696095611176
1075,ksqexp,2.25,3,1,0,-788.0938072588041,-398.3174671406489
1076,ksqexp,2.25,3,1.5,0.5,-37.68984497299349,-39.23350355463221
1077,ksqexp,2.25,3,1.5,0.1,-165.2416886050986,-92.88900276287028
1078,ksqexp,2.25,3,1.5,0.05,-292.14953102584735,-153.86117921967815
1079,ksqexp,2.25,3,1.5,0.01,-493.12498465614794,-254.28834632101544
1080,ksqexp,2.25,3,1.5,0,-523.486755159436,-268.7941948402698
1081,ksqexp,2.25,3.5,0.5,0.5,-39.13309051672403,-39.76567443086351
1082,ksqexp,2.25,3.5,0.5,0.1,-233.39582223701765,-136.82659732542405
1083,ksqexp,2.25,3.5,0.5,0.05,-575.8008863182158,-282.56070226504426
1084,ksqexp,2.25,3.5,0.5,0.01,-1171.5746934028934,-559.4012614808403
1085,ksqexp,2.25,3.5,0.5,0,-1269.956996537092,-605.6093691815779
1086,ksqexp,2.25,3.5,1,0.5,-38.24209417856383,-39.17374578525504
1087,ksqexp,2.25,3.5,1,0.1,-195.3931902075392,-107.52544475219771
1088,ksqexp,2.25,3.5,1,0.05,-378.7359755032612,-187.12328252029963
1089,ksqexp,2.25,3.5,1,0.01,-602.8726443907079,-292.9161222459346
1090,ksqexp,2.25,3.5,1,0,-629.6024906256224,-305.4274593420435
1091,ksqexp,2.25,3.5,1.5,0.5,-38.420384248602026,-39.606476410302626
1092,ksqexp,2.25,3.5,1.5,0.1,-168.6984658410867,-93.21593134262937
1093,ksqexp,2.25,3.5,1.5,0.05,-284.78423613339635,-144.68325606051738
1094,ksqexp,2.25,3.5,1.5,0.01,-406.76196260833393,-202.46628528407817
1095,ksqexp,2.25,3.5,1.5,0,-418.941645287225,-208.1574794326749
1096,ksqexp,2.25,4,0.5,0.5,-39.41076823999384,-39.764189580569706
1097,ksqexp,2.25,4,0.5,0.1,-240.52524344574672,-138.74385838223046
1098,ksqexp,2.25,4,0.5,0.05,-573.880943998071,-276.10355185206885
1099,ksqexp,2.25,4,0.5,0.01,-1064.6424303764238,-487.5897649905877
1100,ksqexp,2.25,4,0.5,0,-1120.6594089710986,-512.5795546547198
1101,ksqexp,2.25,4,1,0.5,-38.81704172638681,-39.471293410537974
1102,ksqexp,2.25,4,1,0.1,-198.83413931205814,-108.39843532060509
1103,ksqexp,2.25,4,1,0.05,-371.5091590133577,-179.4317755224065
1104,ksqexp,2.25,4,1,0.01,-541.5009537403985,-253.8043624694953
1105,ksqexp,2.25,4,1,0,-556.1425291793656,-260.3270645039124
1106,ksqexp,2.25,4,1.5,0.5,-39.19143200623001,-40.12914876882425
1107,ksqexp,2.25,4,1.5,0.1,-170.3159460070465,-93.45750845598943
1108,ksqexp,2.25,4,1.5,0.05,-276.7884067805095,-137.62210202490235
1109,ksqexp,2.25,4,1.5,0.01,-364.2067310806628,-176.11703482670185
1110,ksqexp,2.25,4,1.5,0,-370.76089261069126,-179.03355785516794
1111,ksqexp,2.25,6,0.5,0.5,-40.71721186628165,-40.515490652748
1112,ksqexp,2.25,6,0.5,0.1,-252.31758896961267,-141.9056387460667
1113,ksqexp,2.25,6,0.5,0.05,-549.1021802344338,-254.8761899015106
1114,ksqexp,2.25,6,0.5,0.01,-915.3035560311732,-384.71055654184846
1115,ksqexp,2.25,6,0.5,0,-942.9908451512712,-394.5000581510089
1116,ksqexp,2.25,6,1,0.5,-40.77130333858338,-40.8055524699323
1117,ksqexp,2.25,6,1,0.1,-200.04862487512668,-107.94075329673439
1118,ksqexp,2.25,6,1,0.05,-346.0198145769705,-160.83580584449996
1119,ksqexp,2.25,6,1,0.01,-462.8471854000646,-201.82409331807852
1120,ksqexp,2.25,6,1,0,-469.73780762352726,-204.2552590124066
1121,ksqexp,2.25,6,1.5,0.5,-41.535070743584534,-41.89711052889922
1122,ksqexp,2.25,6,1.5,0.1,-167.9045573284944,-91.83835161740978
1123,ksqexp,2.25,6,1.5,0.05,-255.21287226586145,-122.82157422561566
1124,ksqexp,2.25,6,1.5,0.01,-311.76553418878115,-142.57139442920402
1125,ksqexp,2.25,6,1.5,0,-314.77745184846077,-143.63098272137535
1126,ksqexp,2.25,8,0.5,0.5,-41.69058988105109,-41.125365184608235
1127,ksqexp,2.25,8,0.5,0.1,-251.5906510037389,-138.08360522151136
1128,ksqexp,2.25,8,0.5,0.05,-533.2858682108231,-239.04921584199647
1129,ksqexp,2.25,8,0.5,0.01,-886.0529911712506,-352.95615834486034
1130,ksqexp,2.25,8,0.5,0,-912.6204872355429,-361.2688867636531
1131,ksqexp,2.25,8,1,0.5,-41.924379099382776,-41.56177989615425
1132,ksqexp,2.25,8,1,0.1,-196.77828941141146,-104.27859711766864
1133,ksqexp,2.25,8,1,0.05,-336.0372674367596,-151.17156572810072
1134,ksqexp,2.25,8,1,0.01,-449.0335998387894,-186.93020453571705
1135,ksqexp,2.25,8,1,0,-455.6481134872493,-188.9901523630448
1136,ksqexp,2.25,8,1.5,0.5,-42.76271894310569,-42.77754338457927
1137,ksqexp,2.25,8,1.5,0.1,-164.6730285433843,-88.88594928302994
1138,ksqexp,2.25,8,1.5,0.05,-248.42140913156663,-116.29093897207682
1139,ksqexp,2.25,8,1.5,0.01,-303.21920349534207,-133.45694293277091
1140,ksqexp,2.25,8,1.5,0,-306.1146456401547,-134.3545643198333
1141,ksqexp,2.25,10,0.5,0.5,-42.37351805787974,-41.575846672530716
1142,ksqexp,2.25,10,0.5,0.1,-249.73261803061365,-134.76047263793367
1143,ksqexp,2.25,10,0.5,0.05,-527.8826367439767,-231.03520887900945
1144,ksqexp,2.25,10,0.5,0.01,-882.395289127217,-340.96093642627864
1145,ksqexp,2.25,10,0.5,0,-909.4283327329462,-349.0253022969583
1146,ksqexp,2.25,10,1,0.5,-42.61798674337069,-42.04167437852544
1147,ksqexp,2.25,10,1,0.1,-195.1046343768608,-101.9863295701022
1148,ksqexp,2.25,10,1,0.05,-333.8052695283184,-147.0261448301886
1149,ksqexp,2.25,10,1,0.01,-447.94930528216213,-181.65750201742128
1150,ksqexp,2.25,10,1,0,-454.6981162441752,-183.66102496324498
1151,ksqexp,2.25,10,1.5,0.5,-43.436020499732585,-43.29201228738391
1152,ksqexp,2.25,10,1.5,0.1,-163.5685274163775,-87.35174967902385
1153,ksqexp,2.25,10,1.5,0.05,-247.40075531302358,-113.78522292590105
1154,ksqexp,2.25,10,1.5,0.01,-302.95086160590535,-130.4550288439476
1155,ksqexp,2.25,10,1.5,0,-305.91203414971466,-131.33025594263458
1156,ksqexp,2.25,25,0.5,0.5,-43.604016340842804,-42.66520148111544
1157,ksqexp,2.25,25,0.5,0.1,-243.2195626454052,-127.2313171361216
1158,ksqexp,2.25,25,0.5,0.05,-520.6438044788606,-218.524571344902
1159,ksqexp,2.25,25,0.5,0.01,-879.3290928298275,-325.09651017164185
1160,ksqexp,2.25,25,0.5,0,-906.783605795411,-332.93753419141973
1161,ksqexp,2.25,25,1,0.5,-43.77305198971289,-43.24768865621256
1162,ksqexp,2.25,25,1,0.1,-192.31676423788542,-98.53085742523155
1163,ksqexp,2.25,25,1,0.05,-332.28272814420706,-142.07814983532273
1164,ksqexp,2.25,25,1,0.01,-448.2699316279954,-175.8850213235345
1165,ksqexp,2.25,25,1,0,-455.15435788475486,-177.84613176888058
1166,ksqexp,2.25,25,1.5,0.5,-44.514229240240404,-44.615563378928066
1167,ksqexp,2.25,25,1.5,0.1,-162.6417259819282,-85.90368882233396
1168,ksqexp,2.25,25,1.5,0.05,-247.68829364565977,-111.70026569323551
1169,ksqexp,2.25,25,1.5,0.01,-304.36766662739205,-128.07693444958318
1170,ksqexp,2.25,25,1.5,0,-307.4019319826308,-128.9396543856488
1171,ksqexp,2.5,0.2,0.5,0.5,-52.12788825898879,-55.89250294080914
1172,ksqexp,2.5,0.2,0.5,0.1,-699.7757727946249,-846.6306597454661
1173,ksqexp,2.5,0.2,0.5,0.05,-2635.4157076116953,-3205.1994992813493
1174,ksqexp,2.5,0.2,0.5,0.01,-50151.13587074129,-50518.43419269885
1175,ksqexp,2.5,0.2,0.5,0,-1353860858.8038335,-1352836219.5566707
1176,ksqexp,2.5,0.2,1,0.5,-49.1905716476983,-53.80841383865326
1177,ksqexp,2.5,0.2,1,0.1,-670.7336204388382,-818.4716431849735
1178,ksqexp,2.5,0.2,1,0.05,-2522.1614776814295,-3035.0482109380378
1179,ksqexp,2.5,0.2,1,0.01,-43490.32398071732,-41863.970047717055
1180,ksqexp,2.5,0.2,1,0,-733786690.1154895,-733350669.1779007
1181,ksqexp,2.5,0.2,1.5,0.5,-47.68667528654739,-52.80504813387876
1182,ksqexp,2.5,0.2,1.5,0.1,-653.1436053895272,-799.4208791940721
1183,ksqexp,2.5,0.2,1.5,0.05,-2464.305496359312,-2918.3256195570175
1184,ksqexp,2.5,0.2,1.5,0.01,-39743.61468910466,-37585.53510154359
1185,ksqexp,2.5,0.2,1.5,0,-503306813.3531521,-503034253.3239476
1186,ksqexp,2.5,0.5,0.5,0.5,-48.86989428167558,-52.87836880439089
1187,ksqexp,2.5,0.5,0.5,0.1,-550.4962715940677,-676.3823306478213
1188,ksqexp,2.5,0.5,0.5,0.05,-1704.652641295528,-1943.9891497023168
1189,ksqexp,2.5,0.5,0.5,0.01,-23044.879696178683,-22308.40187255538
1190,ksqexp,2.5,0.5,0.5,0,-2338070.2118542544,-1841383.6146696988
1191,ksqexp,2.5,0.5,1,0.5,-47.200695801130514,-52.02914478167539
1192,ksqexp,2.5,0.5,1,0.1,-476.6760679597559,-577.7760282128464
1193,ksqexp,2.5,0.5,1,0.05,-1499.2004994709068,-1573.6069210867697
1194,ksqexp,2.5,0.5,1,0.01,-17833.984087385932,-18089.501661368122
1195,ksqexp,2.5,0.5,1,0,-1169020.5597379517,-920678.4049411421
1196,ksqexp,2.5,0.5,1.5,0.5,-46.47947544939097,-51.82185200047212
1197,ksqexp,2.5,0.5,1.5,0.1,-437.3401491841826,-516.7256962345518
1198,ksqexp,2.5,0.5,1.5,0.05,-1402.3552220147676,-1401.7913461271817
1199,ksqexp,2.5,0.5,1.5,0.01,-14901.579038729906,-15516.03586808376
1200,ksqexp,2.5,0.5,1.5,0,-779323.1505969258,-613764.1157182449
1201,ksqexp,2.5,1,0.5,0.5,-47.10633794206751,-50.91857739810371
1202,ksqexp,2.5,1,0.5,0.1,-343.4345389074944,-396.9666016940056
1203,ksqexp,2.5,1,0.5,0.05,-1061.5507386484385,-1002.8334628922812
1204,ksqexp,2.5,1,0.5,0.01,-5382.748613511443,-4787.21541043127
1205,ksqexp,2.5,1,0.5,0,-58527.18794579865,-38201.51907687791
1206,ksqexp,2.5,1,1,0.5,-44.9915207162248,-49.97160606123481
1207,ksqexp,2.5,1,1,0.1,-298.0036457673026,-312.94751377132377
1208,ksqexp,2.5,1,1,0.05,-843.7941625533331,-757.3821186471595
1209,ksqexp,2.5,1,1,0.01,-4200.409657509632,-3387.0899737913214
1210,ksqexp,2.5,1,1,0,-29230.79873910181,-19073.732146422484
1211,ksqexp,2.5,1,1.5,0.5,-43.57760674138175,-49.19137770716025
1212,ksqexp,2.5,1,1.5,0.1,-274.8093318174675,-272.55720717326295
1213,ksqexp,2.5,1,1.5,0.05,-699.4682706310844,-624.9205004310505
1214,ksqexp,2.5,1,1.5,0.01,-3760.1607342129882,-2840.8887279124297
1215,ksqexp,2.5,1,1.5,0,-19468.12543183201,-12700.593168613585
1216,ksqexp,2.5,1.5,0.5,0.5,-44.63653249764627,-48.10392125785331
1217,ksqexp,2.5,1.5,0.5,0.1,-278.55152305515696,-270.157951842422
1218,ksqexp,2.5,1.5,0.5,0.05,-783.7907271036736,-571.8465363677693
1219,ksqexp,2.5,1.5,0.5,0.01,-4311.148966427911,-2752.1424945130807
1220,ksqexp,2.5,1.5,0.5,0,-27859.90869795775,-13924.377479392331
1221,ksqexp,2.5,1.5,1,0.5,-42.04944477613593,-46.44103920531155
1222,ksqexp,2.5,1.5,1,0.1,-237.43279795444514,-200.23859831138918
1223,ksqexp,2.5,1.5,1,0.05,-568.1843783618602,-383.41191193482604
1224,ksqexp,2.5,1.5,1,0.01,-3504.5713116870397,-2095.6403047102526
1225,ksqexp,2.5,1.5,1,0,-13906.170181831872,-6945.612867514223
1226,ksqexp,2.5,1.5,1.5,0.5,-40.60790232422759,-45.38511214212615
1227,ksqexp,2.5,1.5,1.5,0.1,-211.07882853097928,-165.3508252503158
1228,ksqexp,2.5,1.5,1.5,0.05,-452.902892946589,-301.1552944740136
1229,ksqexp,2.5,1.5,1.5,0.01,-3067.8347389711953,-1763.8444538827007
1230,ksqexp,2.5,1.5,1.5,0,-9257.714481165913,-4622.148571038555
1231,ksqexp,2.5,2,0.5,0.5,-42.289528421317264,-44.92006477062039
1232,ksqexp,2.5,2,0.5,0.1,-249.1099245932051,-196.39419171647464
1233,ksqexp,2.5,2,0.5,0.05,-749.2247374628128,-436.48212796371627
1234,ksqexp,2.5,2,0.5,0.01,-3689.5524632942665,-2161.3269236936535
1235,ksqexp,2.5,2,0.5,0,-11983.861840929316,-6214.3487391096905
1236,ksqexp,2.5,2,1,0.5,-40.003232049414876,-43.14810635494554
1237,ksqexp,2.5,2,1,0.1,-218.82033983970595,-146.36229493004356
1238,ksqexp,2.5,2,1,0.05,-565.2927400416102,-318.04376560956996
1239,ksqexp,2.5,2,1,0.01,-2614.677950352471,-1479.190118394897
1240,ksqexp,2.5,2,1,0,-5973.684428891751,-3096.838231529439
1241,ksqexp,2.5,2,1.5,0.5,-39.00399224558841,-42.38693321133954
1242,ksqexp,2.5,2,1.5,0.1,-199.67989403183063,-125.15086924951935
1243,ksqexp,2.5,2,1.5,0.05,-457.77707727987365,-260.6796190501384
1244,ksqexp,2.5,2,1.5,0.01,-2096.659111050494,-1162.6026558707983
1245,ksqexp,2.5,2,1.5,0,-3973.0825770943734,-2060.4587012832603
1246,ksqexp,2.5,2.5,0.5,0.5,-40.97365275439004,-42.7496946328548
1247,ksqexp,2.5,2.5,0.5,0.1,-245.65278129512828,-169.39760228809956
1248,ksqexp,2.5,2.5,0.5,0.05,-767.3400504492618,-409.1388766891364
1249,ksqexp,2.5,2.5,0.5,0.01,-2973.4707849278766,-1666.46486101954
1250,ksqexp,2.5,2.5,0.5,0,-5256.358660247724,-2868.2769951198475
1251,ksqexp,2.5,2.5,1,0.5,-39.18831493343911,-41.293298183608435
1252,ksqexp,2.5,2.5,1,0.1,-222.24308750713587,-133.1252517307137
1253,ksqexp,2.5,2.5,1,0.05,-580.3490954970822,-304.91442533120147
1254,ksqexp,2.5,2.5,1,0.01,-1800.1134094474248,-1005.148496970446
1255,ksqexp,2.5,2.5,1,0,-2613.728332331985,-1427.9829168234144
1256,ksqexp,2.5,2.5,1.5,0.5,-38.53834922360697,-40.864364758024145
1257,ksqexp,2.5,2.5,1.5,0.1,-205.26837456238334,-117.76355613132232
1258,ksqexp,2.5,2.5,1.5,0.05,-467.8362103680801,-250.20895041817607
1259,ksqexp,2.5,2.5,1.5,0.01,-1314.355678666196,-732.7960136086479
1260,ksqexp,2.5,2.5,1.5,0,-1735.6422068213708,-950.6755442609018
1261,ksqexp,2.5,3,0.5,0.5,-40.37125293717736,-41.462157429160655
1262,ksqexp,2.5,3,0.5,0.1,-251.25197167438097,-161.61278763976284
1263,ksqexp,2.5,3,0.5,0.05,-777.5359375034822,-394.3658194573192
1264,ksqexp,2.5,3,0.5,0.01,-2441.183687967892,-1289.332420515987
1265,ksqexp,2.5,3,0.5,0,-3114.165662472056,-1663.2043346994399
1266,ksqexp,2.5,3,1,0.5,-39.00410676816175,-40.36538304848318
1267,ksqexp,2.5,3,1,0.1,-228.16317803159495,-129.93242926645598
1268,ksqexp,2.5,3,1,0.05,-582.0161649858627,-291.4169563852302
1269,ksqexp,2.5,3,1,0.01,-1333.0234335603095,-711.8238230730238
1270,ksqexp,2.5,3,1,0,-1545.3382036167643,-828.4921556381245
1271,ksqexp,2.5,3,1.5,0.5,-38.627343361686094,-40.24615998889474
1272,ksqexp,2.5,3,1.5,0.1,-210.32150510235624,-115.88503081416657
1273,ksqexp,2.5,3,1.5,0.05,-465.05927914064944,-236.8500964181968
1274,ksqexp,2.5,3,1.5,0.01,-921.5824393610468,-496.35805777672044
1275,ksqexp,2.5,3,1.5,0,-1025.186372781277,-553.045418670315
1276,ksqexp,2.5,3.5,0.5,0.5,-40.170276731743705,-40.76391208391546
1277,ksqexp,2.5,3.5,0.5,0.1,-259.258888725468,-159.75244103588162
1278,ksqexp,2.5,3.5,0.5,0.05,-779.6658240636702,-382.15934141638814
1279,ksqexp,2.5,3.5,0.5,0.01,-2098.901693218917,-1030.4513082314545
1280,ksqexp,2.5,3.5,0.5,0,-2357.64876736475,-1173.1276821142035
1281,ksqexp,2.5,3.5,1,0.5,-39.14199207761989,-40.00042762680321
1282,ksqexp,2.5,3.5,1,0.1,-233.73170028756414,-129.32154994221156
1283,ksqexp,2.5,3.5,1,0.05,-572.6865316042405,-276.16982024470616
1284,ksqexp,2.5,3.5,1,0.01,-1095.061543709584,-545.107459831863
1285,ksqexp,2.5,3.5,1,0,-1169.0448663433986,-585.7472218721007
1286,ksqexp,2.5,3.5,1.5,0.5,-39.003092926004996,-40.16058929827626
1287,ksqexp,2.5,3.5,1.5,0.1,-213.81434521949632,-115.16858079318881
1288,ksqexp,2.5,3.5,1.5,0.05,-451.97209110206586,-221.0551012976967
1289,ksqexp,2.5,3.5,1.5,0.01,-741.0672825427579,-373.79213325519856
1290,ksqexp,2.5,3.5,1.5,0,-775.6342223670932,-392.7443916724931
1291,ksqexp,2.5,4,0.5,0.5,-40.20452361542237,-40.46102955560984
1292,ksqexp,2.5,4,0.5,0.1,-267.5073860871225,-160.4599648768419
1293,ksqexp,2.5,4,0.5,0.05,-774.7253384963561,-371.62887573280517
1294,ksqexp,2.5,4,0.5,0.01,-1888.1199071906428,-868.4938336687464
1295,ksqexp,2.5,4,0.5,0,-2030.8207325099324,-941.1868731660485
1296,ksqexp,2.5,4,1,0.5,-39.459600490877094,-39.98218526604778
1297,ksqexp,2.5,4,1,0.1,-238.10822003928422,-129.76328816168228
1298,ksqexp,2.5,4,1,0.05,-556.8270014838791,-261.4855599380905
1299,ksqexp,2.5,4,1,0.01,-968.9972624887926,-452.01180812623505
1300,ksqexp,2.5,4,1,0,-1007.0682158748375,-471.508506679279
1301,ksqexp,2.5,4,1.5,0.5,-39.53287250701882,-40.37854165113147
1302,ksqexp,2.5,4,1.5,0.1,-215.51360970801855,-114.83488668346764
1303,ksqexp,2.5,4,1.5,0.05,-434.34361310789154,-206.24894555505216
1304,ksqexp,2.5,4,1.5,0.01,-651.366915419095,-308.8924916126699
1305,ksqexp,2.5,4,1.5,0,-668.6080335722845,-317.7397078526784
1306,ksqexp,2.5,6,0.5,0.5,-41.108207387285105,-40.77547237568749
1307,ksqexp,2.5,6,0.5,0.1,-285.5399420962113,-164.30561285230797
1308,ksqexp,2.5,6,0.5,0.05,-730.0992512490737,-337.0838509862683
1309,ksqexp,2.5,6,0.5,0.01,-1565.680831349142,-630.1120504659117
1310,ksqexp,2.5,6,0.5,0,-1649.722224823031,-659.4412938773227
1311,ksqexp,2.5,6,1,0.5,-41.0727770792427,-40.94358487316361
1312,ksqexp,2.5,6,1,0.1,-241.09798691039074,-129.14917641907311
1313,ksqexp,2.5,6,1,0.05,-499.85690889318676,-223.610125684161
1314,ksqexp,2.5,6,1,0.01,-798.2448872399804,-326.92799817143253
1315,ksqexp,2.5,6,1,0,-819.5274097226365,-334.3608341504697
1316,ksqexp,2.5,6,1.5,0.5,-41.66010888209745,-41.866951542478894
1317,ksqexp,2.5,6,1.5,0.1,-210.9545035618725,-111.54356718877939
1318,ksqexp,2.5,6,1.5,0.05,-382.77871262861146,-172.6256389896587
1319,ksqexp,2.5,6,1.5,0.01,-536.1811403343311,-225.50904541724643
1320,ksqexp,2.5,6,1.5,0,-545.5864613558988,-228.79133763977532
1321,ksqexp,2.5,8,0.5,0.5,-42.00963291182026,-41.32036510057797
1322,ksqexp,2.5,8,0.5,0.1,-286.7271847546206,-159.95959642862266
1323,ksqexp,2.5,8,0.5,0.05,-700.7865166206975,-311.65802130755077
1324,ksqexp,2.5,8,0.5,0.01,-1493.1630702611803,-562.9397242008287
1325,ksqexp,2.5,8,0.5,0,-1577.6283757547412,-588.4942159047148
1326,ksqexp,2.5,8,1,0.5,-42.23731219122482,-41.68873530957389
1327,ksqexp,2.5,8,1,0.1,-236.57569260495683,-123.92998884539134
1328,ksqexp,2.5,8,1,0.05,-476.6995261991043,-205.35531861118073
1329,ksqexp,2.5,8,1,0.01,-763.2216930792744,-294.0472162861727
1330,ksqexp,2.5,8,1,0,-784.7986067953777,-300.55191775625394
1331,ksqexp,2.5,8,1.5,0.5,-42.97895517991513,-42.78853849731014
1332,ksqexp,2.5,8,1.5,0.1,-205.06189252528017,-106.61241997827854
1333,ksqexp,2.5,8,1.5,0.05,-365.14275452637725,-159.00147289574
1334,ksqexp,2.5,8,1.5,0.01,-513.7314692955335,-204.48202472538532
1335,ksqexp,2.5,8,1.5,0,-523.3126738070697,-207.36180844266545
1336,ksqexp,2.5,10,0.5,0.5,-42.686608043225434,-41.72804124311014
1337,ksqexp,2.5,10,0.5,0.1,-285.0898146188715,-155.3571209024908
1338,ksqexp,2.5,10,0.5,0.05,-690.5225677800174,-298.51646796742966
1339,ksqexp,2.5,10,0.5,0.01,-1479.4988374914633,-538.3878698064644
1340,ksqexp,2.5,10,0.5,0,-1565.137178635358,-563.0155505391168
1341,ksqexp,2.5,10,1,0.5,-42.97644979164981,-42.15134613530152
1342,ksqexp,2.5,10,1,0.1,-234.01960352789354,-120.28403397368689
1343,ksqexp,2.5,10,1,0.05,-470.73369203901257,-197.5755111005473
1344,ksqexp,2.5,10,1,0.01,-757.3550965142614,-282.4812306135259
1345,ksqexp,2.5,10,1,0,-779.3022847867046,-288.7663608888008
1346,ksqexp,2.5,10,1.5,0.5,-43.737217257346146,-43.31328268388145
1347,ksqexp,2.5,10,1.5,0.1,-202.8213516687262,-103.83032755198693
1348,ksqexp,2.5,10,1.5,0.05,-361.28570968958775,-153.7290960080699
1349,ksqexp,2.5,10,1.5,0.01,-510.3824451446234,-197.35276574921735
1350,ksqexp,2.5,10,1.5,0,-520.1479768336048,-200.14062107567204
1351,ksqexp,2.5,25,0.5,0.5,-44.11023394927465,-42.847901545943614
1352,ksqexp,2.5,25,0.5,0.1,-277.5645974474333,-144.8956675629847
1353,ksqexp,2.5,25,0.5,0.05,-679.1267026909378,-279.01211853835895
1354,ksqexp,2.5,25,0.5,0.01,-1461.6537604989294,-507.1945674137788
1355,ksqexp,2.5,25,0.5,0,-1543.2448628149914,-529.716708453692
1356,ksqexp,2.5,25,1,0.5,-44.35929853070224,-43.4226246044949
1357,ksqexp,2.5,25,1,0.1,-229.7845745794168,-114.50320863052616
1358,ksqexp,2.5,25,1,0.05,-466.68184626959555,-188.40931620690978
1359,ksqexp,2.5,25,1,0.01,-749.5143866446682,-268.95720527442273
1360,ksqexp,2.5,25,1,0,-770.3662279424342,-274.6971835913158
1361,ksqexp,2.5,25,1.5,0.5,-45.0481285551199,-44.72174080472069
1362,ksqexp,2.5,25,1.5,0.1,-200.68195088936076,-100.58663733041259
1363,ksqexp,2.5,25,1.5,0.05,-359.5964248950653,-148.61507212868884
1364,ksqexp,2.5,25,1.5,0.01,-506.2475694109454,-189.9299759347513
1365,ksqexp,2.5,25,1.5,0,-515.530672987634,-192.48133204380986
1366,kexp,1,0.2,0.5,0.5,-35.08469365812252,-36.082066177266746
1367,kexp,1,0.2,0.5,0.1,-35.03886325413615,-37.56063462320473
1368,kexp,1,0.2,0.5,0.05,-36.84682728596508,-39.50950417698041
1369,kexp,1,0.2,0.5,0.01,-38.092999543255004,-40.81024774242779
1370,kexp,1,0.2,0.5,0,-38.15945955266577,-40.879159698614494
1371,kexp,1,0.2,1,0.5,-34.70962738520889,-35.477266070395075
1372,kexp,1,0.2,1,0.1,-29.917493231947045,-31.264470250554552
1373,kexp,1,0.2,1,0.05,-30.194252686757327,-31.580658499694117
1374,kexp,1,0.2,1,0.01,-30.393947220497715,-31.79460901420036
1375,kexp,1,0.2,1,0,-30.404102062196078,-31.805382401526842
1376,kexp,1,0.2,1.5,0.5,-35.87227295955338,-36.49563165258082
1377,kexp,1,0.2,1.5,0.1,-30.60528414397018,-31.541865185047136
1378,kexp,1,0.2,1.5,0.05,-30.581457024727612,-31.536518301799667
1379,kexp,1,0.2,1.5,0.01,-30.60802714539262,-31.56955715629094
1380,kexp,1,0.2,1.5,0,-30.609639665346645,-31.57144673580204
1381,kexp,1,0.5,0.5,0.5,-34.79015365095595,-35.931990604276464
1382,kexp,1,0.5,0.5,0.1,-29.56176433606923,-32.26006567853978
1383,kexp,1,0.5,0.5,0.05,-29.576398424167827,-32.38253826924732
1384,kexp,1,0.5,0.5,0.01,-29.63721955294437,-32.48062264000966
1385,kexp,1,0.5,0.5,0,-29.64063386880422,-32.48562604223951
1386,kexp,1,0.5,1,0.5,-35.600182153555785,-36.52692110505056
1387,kexp,1,0.5,1,0.1,-30.236690837787627,-31.741045240307894
1388,kexp,1,0.5,1,0.05,-30.060173718099765,-31.594136655308624
1389,kexp,1,0.5,1,0.01,-30.009540086685288,-31.553377555056123
1390,kexp,1,0.5,1,0,-30.007510981846472,-31.551764665700308
1391,kexp,1,0.5,1.5,0.5,-37.70303751234164,-38.48447629507599
1392,kexp,1,0.5,1.5,0.1,-33.14339681874935,-34.235274353085835
1393,kexp,1,0.5,1.5,0.05,-32.975413076127616,-34.081288374750436
1394,kexp,1,0.5,1.5,0.01,-32.922645024162144,-34.033125864360656
1395,kexp,1,0.5,1.5,0,-32.920460119588135,-34.03113430691313
1396,kexp,1,1,0.5,0.5,-35.442369643683634,-36.539834282474075
1397,kexp,1,1,0.5,0.1,-30.908314855749968,-33.303825265935174
1398,kexp,1,1,0.5,0.05,-30.756198788790467,-33.22946939003136
1399,kexp,1,1,0.5,0.01,-30.713675784703348,-33.212818712706664
1400,kexp,1,1,0.5,0,-30.711989862246377,-33.21222193095592
1401,kexp,1,1,1,0.5,-36.97677354915714,-37.905171246533186
1402,kexp,1,1,1,0.1,-32.72268981670788,-34.15197480320657
1403,kexp,1,1,1,0.05,-32.55895407895503,-34.0109510742277
1404,kexp,1,1,1,0.01,-32.50653375485134,-33.96594163589482
1405,kexp,1,1,1,0,-32.50435030473936,-33.96406852951163
1406,kexp,1,1,1.5,0.5,-39.53505764317047,-40.351103927733526
1407,kexp,1,1,1.5,0.1,-36.06667731395805,-37.164272425798174
1408,kexp,1,1,1.5,0.05,-35.93623655262262,-37.04525825914513
1409,kexp,1,1,1.5,0.01,-35.89421433371873,-37.00693978001641
1410,kexp,1,1,1.5,0,-35.89246055230865,-37.005340829100774
1411,kexp,1,1.5,0.5,0.5,-36.31281807070067,-37.303011756389346
1412,kexp,1,1.5,0.5,0.1,-33.10661631510159,-35.09874971428486
1413,kexp,1,1.5,0.5,0.05,-33.006579548531604,-35.05345548439848
1414,kexp,1,1.5,0.5,0.01,-32.97647675604126,-35.04137750590601
1415,kexp,1,1.5,0.5,0,-32.97524725421128,-35.04090455135646
1416,kexp,1,1.5,1,0.5,-38.04778098058539,-38.90911365875138
1417,kexp,1,1.5,1,0.1,-34.59554169453426,-35.867847918901
1418,kexp,1,1.5,1,0.05,-34.466449799630574,-35.75641567942896
1419,kexp,1,1.5,1,0.01,-34.424895876385406,-35.72059724569562
1420,kexp,1,1.5,1,0,-34.42316203370401,-35.71910328483553
1421,kexp,1,1.5,1.5,0.5,-40.70446475210025,-41.486771449001104
1422,kexp,1,1.5,1.5,0.1,-37.83598367819435,-38.86256653437614
1423,kexp,1,1.5,1.5,0.05,-37.73151704391465,-38.76766516920135
1424,kexp,1,1.5,1.5,0.01,-37.69786174820541,-38.73710182224782
1425,kexp,1,1.5,1.5,0,-37.6964570602742,-38.73582629606722
1426,kexp,1,2,0.5,0.5,-37.10426206619418,-37.99645958424242
1427,kexp,1,2,0.5,0.1,-35.01201865517445,-36.65983544113494
1428,kexp,1,2,0.5,0.05,-34.970719855689005,-36.655530518928614
1429,kexp,1,2,0.5,0.01,-34.958937241446115,-36.65580710691019
1430,kexp,1,2,0.5,0,-34.95846327366291,-36.65583793991186
1431,kexp,1,2,1,0.5,-38.86586418273588,-39.65882017297799
1432,kexp,1,2,1,0.1,-35.96865936026276,-37.09609985937479
1433,kexp,1,2,1,0.05,-35.86487320764809,-37.00600309346907
1434,kexp,1,2,1,0.01,-35.831490572504364,-36.97705198087241
1435,kexp,1,2,1,0,-35.83009786498126,-36.97584446037906
1436,kexp,1,2,1.5,0.5,-41.521759382656796,-42.26170455602424
1437,kexp,1,2,1.5,0.1,-39.02917237926428,-39.98028294754529
1438,kexp,1,2,1.5,0.05,-38.94089333274597,-39.90005648784595
1439,kexp,1,2,1.5,0.01,-38.91248486728938,-39.87424691785647
1440,kexp,1,2,1.5,0,-38.91129949549316,-39.8731700672736
1441,kexp,1,2.5,0.5,0.5,-37.74327224517408,-38.561163857031936
1442,kexp,1,2.5,0.5,0.1,-36.485349760900036,-37.86864744827253
1443,kexp,1,2.5,0.5,0.05,-36.4903500901063,-37.89709874183278
1444,kexp,1,2.5,0.5,0.01,-36.493508468343016,-37.90777759244989
1445,kexp,1,2.5,0.5,0,-36.49365766631082,-37.9082402227013
1446,kexp,1,2.5,1,0.5,-39.47455933365893,-40.212861809736204
1447,kexp,1,2.5,1,0.1,-36.962664577172035,-37.975120561117244
1448,kexp,1,2.5,1,0.05,-36.87651388277159,-37.899577632020176
1449,kexp,1,2.5,1,0.01,-36.848856820139815,-37.875341960002864
1450,kexp,1,2.5,1,0,-36.847703528361755,-37.874331507847664
1451,kexp,1,2.5,1.5,0.5,-42.10340180988028,-42.8072322811001
1452,kexp,1,2.5,1.5,0.1,-39.86008127899294,-40.748241448133136
1453,kexp,1,2.5,1.5,0.05,-39.78239150703741,-40.677401595042085
1454,kexp,1,2.5,1.5,0.01,-39.7574173721155,-40.65463501338532
1455,kexp,1,2.5,1.5,0,-39.756375582450865,-40.653685369635184
1456,kexp,1,3,0.5,0.5,-38.24628921347027,-39.011788500288226
1457,kexp,1,3,0.5,0.1,-37.60419524675851,-38.794223678522776
1458,kexp,1,3,0.5,0.05,-37.64381876810003,-38.8472397104365
1459,kexp,1,3,0.5,0.01,-37.658272123561886,-38.86584499299728
1460,kexp,1,3,0.5,0,-37.658894022993756,-38.86663832578358
1461,kexp,1,3,1,0.5,-39.93068510725741,-40.62922558625097
1462,kexp,1,3,1,0.1,-37.692054784581714,-38.61953910372473
1463,kexp,1,3,1,0.05,-37.61836300725613,-38.55415020454882
1464,kexp,1,3,1,0.01,-37.5947573425441,-38.53321078461022
1465,kexp,1,3,1,0,-37.59377354018907,-38.532338168500175
1466,kexp,1,3,1.5,0.5,-42.52769422732789,-43.2046092974371
1467,kexp,1,3,1.5,0.1,-40.45674444026807,-41.29764855597869
1468,kexp,1,3,1.5,0.05,-40.38629385750053,-41.23313990714356
1469,kexp,1,3,1.5,0.01,-40.36366713202195,-41.212425412269226
1470,kexp,1,3,1.5,0,-40.36272347932601,-41.21156154947764
1471,kexp,1,3.5,0.5,0.5,-38.64424242821713,-39.37394969519457
1472,kexp,1,3.5,0.5,0.1,-38.46452170014647,-39.516619414099
1473,kexp,1,3.5,0.5,0.05,-38.53017362512529,-39.588330600829465
1474,kexp,1,3.5,0.5,0.01,-38.55315765338625,-39.613011174258396
1475,kexp,1,3.5,0.5,0,-38.55413707572502,-39.6140585317188
1476,kexp,1,3.5,1,0.5,-40.27973880316165,-40.95064704672138
1477,kexp,1,3.5,1,0.1,-38.24095111981036,-39.10794996819085
1478,kexp,1,3.5,1,0.05,-38.1763147795118,-39.04993901919885
1479,kexp,1,3.5,1,0.01,-38.15565517612042,-39.031396148948986
1480,kexp,1,3.5,1,0,-38.15479463973039,-39.03062376592606
1481,kexp,1,3.5,1.5,0.5,-42.84646304555501,-43.50465668586054
1482,kexp,1,3.5,1.5,0.1,-40.89946319033766,-41.70687707831646
1483,kexp,1,3.5,1.5,0.05,-40.83416698422749,-41.646863398335775
1484,kexp,1,3.5,1.5,0.01,-40.813211068871986,-41.627605267159886
1485,kexp,1,3.5,1.5,0,-40.812337261137095,-41.62680227740031
1486,kexp,1,4,0.5,0.5,-38.96273367094837,-39.66844100083799
1487,kexp,1,4,0.5,0.1,-39.13860473514252,-40.09334086550156
1488,kexp,1,4,0.5,0.05,-39.22420654552099,-40.1797034307613
1489,kexp,1,4,0.5,0.01,-39.25374345343976,-40.20916290329806
1490,kexp,1,4,0.5,0,-39.25499769370662,-40.210410304451166
1491,kexp,1,4,1,0.5,-40.55277152394183,-41.20505198820794
1492,kexp,1,4,1,0.1,-38.66467393347268,-39.48959385300937
1493,kexp,1,4,1,0.05,-38.606817811809485,-39.43716240860928
1494,kexp,1,4,1,0.01,-38.58836412711395,-39.42043213694585
1495,kexp,1,4,1,0,-38.58759589020592,-39.419735567472436
1496,kexp,1,4,1.5,0.5,-43.09255198580294,-43.73837467941576
1497,kexp,1,4,1.5,0.1,-41.23782456069928,-42.022446420918975
1498,kexp,1,4,1.5,0.05,-41.176331328160636,-41.965769415952366
1499,kexp,1,4,1.5,0.01,-41.156607688872924,-41.9475919148464
1500,kexp,1,4,1.5,0,-41.155785389110406,-41.94683408855124
1501,kexp,1,6,0.5,0.5,-39.74384668069996,-40.41538569931825
1502,kexp,1,6,0.5,0.1,-40.7470313294766,-41.533115311883
1503,kexp,1,6,0.5,0.05,-40.878487955181406,-41.655430559157345
1504,kexp,1,6,0.5,0.01,-40.92310648355904,-41.69665531745508
1505,kexp,1,6,0.5,0,-40.92499349101129,-41.69839569138897
1506,kexp,1,6,1,0.5,-41.20639863667459,-41.83325166454905
1507,kexp,1,6,1,0.1,-39.659649908916805,-40.418181006218596
1508,kexp,1,6,1,0.05,-39.616918731084375,-40.37874722547383
1509,kexp,1,6,1,0.01,-39.603383364414704,-40.366238173426105
1510,kexp,1,6,1,0,-39.602820893252876,-40.3657181483056
1511,kexp,1,6,1.5,0.5,-43.67312566899319,-44.30517478585134
1512,kexp,1,6,1.5,0.1,-42.02366444941736,-42.77765984670357
1513,kexp,1,6,1.5,0.05,-41.97049260018546,-42.72853751528229
1514,kexp,1,6,1.5,0.01,-41.9534631681285,-42.71280474039718
1515,kexp,1,6,1.5,0,-41.95275346073763,-42.712149067349216
1516,kexp,1,8,0.5,0.5,-40.105825653512696,-40.783719522254316
1517,kexp,1,8,0.5,0.1,-41.46713019688892,-42.231461587548296
1518,kexp,1,8,0.5,0.05,-41.61798680402881,-42.37076315733474
1519,kexp,1,8,0.5,0.01,-41.66898286242912,-42.41755253562789
1520,kexp,1,8,0.5,0,-41.6711374231786,-42.41952614844324
1521,kexp,1,8,1,0.5,-41.50800798524501,-42.14197311884824
1522,kexp,1,8,1,0.1,-40.10747623265322,-40.86734581484024
1523,kexp,1,8,1,0.05,-40.07107483887513,-40.83387852073879
1524,kexp,1,8,1,0.01,-40.05959540575473,-40.82330552837584
1525,kexp,1,8,1,0,-40.0591189227367,-40.82286645779834
1526,kexp,1,8,1.5,0.5,-43.94095697974711,-44.582968550397
1527,kexp,1,8,1.5,0.1,-42.37872573379763,-43.14225617494489
1528,kexp,1,8,1.5,0.05,-42.32901071459839,-43.09654352277881
1529,kexp,1,8,1.5,0.01,-42.313099192530515,-43.08191295725161
1530,kexp,1,8,1.5,0,-42.312436189326746,-43.08130332765463
1531,kexp,1,10,0.5,0.5,-40.284576096623,-40.981426713553105
1532,kexp,1,10,0.5,0.1,-41.80239353582266,-42.59047032901212
1533,kexp,1,10,0.5,0.05,-41.96145446135218,-42.737800959242435
1534,kexp,1,10,0.5,0.01,-42.0151426688802,-42.78721563939218
1535,kexp,1,10,0.5,0,-42.01741011959718,-42.789299237991585
1536,kexp,1,10,1,0.5,-41.65914519293998,-42.30985876395803
1537,kexp,1,10,1,0.1,-40.324677042951635,-41.10575519029837
1538,kexp,1,10,1,0.05,-40.29107375482448,-41.075221654080146
1539,kexp,1,10,1,0.01,-40.28050213427137,-41.0655995853545
1540,kexp,1,10,1,0,-40.28006360908941,-41.06520026560449
1541,kexp,1,10,1.5,0.5,-44.0776835349832,-44.7361739069246
1542,kexp,1,10,1.5,0.1,-42.555795164685414,-43.33982027137567
1543,kexp,1,10,1.5,0.05,-42.50765073157491,-43.29582104400589
1544,kexp,1,10,1.5,0.01,-42.492246679121386,-43.28174389129644
1545,kexp,1,10,1.5,0,-42.49160487232409,-43.281157374879974
1546,kexp,1,25,0.5,0.5,-40.596083265683845,-41.43261001478914
1547,kexp,1,25,0.5,0.1,-42.21926275435432,-43.28949889515447
1548,kexp,1,25,0.5,0.05,-42.381587602959335,-43.446939618535566
1549,kexp,1,25,0.5,0.01,-42.436307620616724,-43.4996167027283
1550,kexp,1,25,0.5,0,-42.43861791969389,-43.501836512650485
1551,kexp,1,25,1,0.5,-41.90286259479166,-42.66694302663768
1552,kexp,1,25,1,0.1,-40.6221047322059,-41.57086124262433
1553,kexp,1,25,1,0.05,-40.590428032599334,-41.54443920319495
1554,kexp,1,25,1,0.01,-40.5804763702449,-41.53614374369255
1555,kexp,1,25,1,0,-40.58006371305718,-41.535799814980905
1556,kexp,1,25,1.5,0.5,-44.297521217470695,-45.053485359987896
1557,kexp,1,25,1.5,0.1,-42.81357996052744,-43.72638666121697
1558,kexp,1,25,1.5,0.05,-42.766793074744136,-43.68492352391855
1559,kexp,1,25,1.5,0.01,-42.75182598400341,-43.67166342980241
1560,kexp,1,25,1.5,0,-42.75120241091556,-43.67111101582883
1561,kexp,1.25,0.2,0.5,0.5,-35.67466554108733,-36.94214022466209
1562,kexp,1.25,0.2,0.5,0.1,-38.38154316653518,-41.88399388225122
1563,kexp,1.25,0.2,0.5,0.05,-41.14455779932217,-44.88288023249574
1564,kexp,1.25,0.2,0.5,0.01,-43.16428961917513,-46.9984930924879
1565,kexp,1.25,0.2,0.5,0,-43.276154902836076,-47.11478227861463
1566,kexp,1.25,0.2,1,0.5,-34.677173731311,-35.67677376424743
1567,kexp,1.25,0.2,1,0.1,-30.57356658491472,-32.45454483176857
1568,kexp,1.25,0.2,1,0.05,-31.157565931997695,-33.106024541948436
1569,kexp,1.25,0.2,1,0.01,-31.549906708487054,-33.5236880206678
1570,kexp,1.25,0.2,1,0,-31.56991511422187,-33.544811991819095
1571,kexp,1.25,0.2,1.5,0.5,-35.43223653831036,-36.255204602230634
1572,kexp,1.25,0.2,1.5,0.1,-30.241636154316165,-31.551271742094226
1573,kexp,1.25,0.2,1.5,0.05,-30.351166771631068,-31.692787592407658
1574,kexp,1.25,0.2,1.5,0.01,-30.453194056389354,-31.806348173933728
1575,kexp,1.25,0.2,1.5,0,-30.458491951265888,-31.81214532946443
1576,kexp,1.25,0.5,0.5,0.5,-35.04691849648284,-36.4962293753145
1577,kexp,1.25,0.5,0.5,0.1,-30.25098891298141,-33.92711871906446
1578,kexp,1.25,0.5,0.5,0.05,-30.432354723121684,-34.27829490762955
1579,kexp,1.25,0.5,0.5,0.01,-30.597240640541994,-34.5033212013668
1580,kexp,1.25,0.5,0.5,0,-30.605898419383227,-34.514567578511574
1581,kexp,1.25,0.5,1,0.5,-35.22147028135242,-36.42698093399853
1582,kexp,1.25,0.5,1,0.1,-29.522822056790734,-31.577323393990333
1583,kexp,1.25,0.5,1,0.05,-29.365915640692318,-31.467464379714393
1584,kexp,1.25,0.5,1,0.01,-29.328722464445402,-31.446200869534806
1585,kexp,1.25,0.5,1,0,-29.327356895307723,-31.445509965903614
1586,kexp,1.25,0.5,1.5,0.5,-36.938104122359306,-37.967328575512106
1587,kexp,1.25,0.5,1.5,0.1,-31.922805632551785,-33.414127842978644
1588,kexp,1.25,0.5,1.5,0.05,-31.747270969755217,-33.2608662575856
1589,kexp,1.25,0.5,1.5,0.01,-31.694012651514203,-33.215015078562274
1590,kexp,1.25,0.5,1.5,0,-31.691833154001348,-33.213147528417
1591,kexp,1.25,1,0.5,0.5,-35.36235958059886,-36.740158991615274
1592,kexp,1.25,1,0.5,0.1,-30.794413046793995,-33.94699899267741
1593,kexp,1.25,1,0.5,0.05,-30.67377639554437,-33.938172471183144
1594,kexp,1.25,1,0.5,0.01,-30.6487672488558,-33.95064244912224
1595,kexp,1.25,1,0.5,0,-30.64791952316673,-33.95137611278646
1596,kexp,1.25,1,1,0.5,-36.392050259666476,-37.59070199231739
1597,kexp,1.25,1,1,0.1,-31.740039835680207,-33.63803122647303
1598,kexp,1.25,1,1,0.05,-31.562741839463527,-33.49360590350924
1599,kexp,1.25,1,1,0.01,-31.506656543456078,-33.44828903828839
1600,kexp,1.25,1,1,0,-31.50432928151654,-33.44641321999345
1601,kexp,1.25,1,1.5,0.5,-38.6569571255969,-39.725712943138305
1602,kexp,1.25,1,1.5,0.1,-34.77714734683168,-36.243232054243094
1603,kexp,1.25,1,1.5,0.05,-34.62978871804537,-36.11246463105579
1604,kexp,1.25,1,1.5,0.01,-34.582430953762916,-36.07049846228731
1605,kexp,1.25,1,1.5,0,-34.58045596770225,-36.06874902246338
1606,kexp,1.25,1.5,0.5,0.5,-36.02816446082109,-37.24418420466476
1607,kexp,1.25,1.5,0.5,0.1,-32.84219921502513,-35.33996849234467
1608,kexp,1.25,1.5,0.5,0.05,-32.76816291656683,-35.33605230074692
1609,kexp,1.25,1.5,0.5,0.01,-32.749154385882186,-35.34012838213103
1610,kexp,1.25,1.5,0.5,0,-32.7484234504334,-35.340366393060464
1611,kexp,1.25,1.5,1,0.5,-37.38836461286268,-38.48241577808767
1612,kexp,1.25,1.5,1,0.1,-33.63538640854304,-35.2704521065679
1613,kexp,1.25,1.5,1,0.05,-33.49543106217552,-35.15387976630615
1614,kexp,1.25,1.5,1,0.01,-33.450557364769516,-35.116604294128756
1615,kexp,1.25,1.5,1,0,-33.44868719732254,-35.11505196281808
1616,kexp,1.25,1.5,1.5,0.5,-39.81922823598742,-40.83192335564962
1617,kexp,1.25,1.5,1.5,0.1,-36.62986836778181,-37.970407265965015
1618,kexp,1.25,1.5,1.5,0.05,-36.512237095034784,-37.86571582276561
1619,kexp,1.25,1.5,1.5,0.01,-36.47434656384988,-37.83201041642192
1620,kexp,1.25,1.5,1.5,0,-36.47276521302315,-37.83060391947411
1621,kexp,1.25,2,0.5,0.5,-36.72419628458731,-37.79037161122749
1622,kexp,1.25,2,0.5,0.1,-34.79784408789321,-36.74959596502809
1623,kexp,1.25,2,0.5,0.05,-34.79254160093524,-36.78408303607192
1624,kexp,1.25,2,0.5,0.01,-34.79412259777883,-36.79847916694396
1625,kexp,1.25,2,0.5,0,-34.79422776989286,-36.799119032414985
1626,kexp,1.25,2,1,0.5,-38.20264981760013,-39.19206281578908
1627,kexp,1.25,2,1,0.1,-35.10455527411517,-36.508372925272305
1628,kexp,1.25,2,1,0.05,-34.994980843498894,-36.415282707078255
1629,kexp,1.25,2,1,0.01,-34.9598372544837,-36.38546216989341
1630,kexp,1.25,2,1,0,-34.95837225995006,-36.38421947433413
1631,kexp,1.25,2,1.5,0.5,-40.67327575671541,-41.620781097386555
1632,kexp,1.25,2,1.5,0.1,-37.93440120348969,-39.153522251481874
1633,kexp,1.25,2,1.5,0.05,-37.83654943574135,-39.06593370841249
1634,kexp,1.25,2,1.5,0.01,-37.805057887828106,-39.037752226854266
1635,kexp,1.25,2,1.5,0,-37.80374385670663,-39.036576388377824
1636,kexp,1.25,2.5,0.5,0.5,-37.32416400211981,-38.27310084038282
1637,kexp,1.25,2.5,0.5,0.1,-36.36430685841471,-37.89402482408302
1638,kexp,1.25,2.5,0.5,0.05,-36.41544838647201,-37.96224066327684
1639,kexp,1.25,2.5,0.5,0.01,-36.435015770097586,-37.98696960021212
1640,kexp,1.25,2.5,0.5,0,-36.435867730699734,-37.98803308590675
1641,kexp,1.25,2.5,1,0.5,-38.83293551096917,-39.737548170585136
1642,kexp,1.25,2.5,1,0.1,-36.198644064293475,-37.41961823589235
1643,kexp,1.25,2.5,1,0.05,-36.11092004877597,-37.343174970299216
1644,kexp,1.25,2.5,1,0.01,-36.08285533559672,-37.31872255553159
1645,kexp,1.25,2.5,1,0,-36.0816861390571,-37.31770388263746
1646,kexp,1.25,2.5,1.5,0.5,-41.30145691390045,-42.193583863905964
1647,kexp,1.25,2.5,1.5,0.1,-38.86718385924183,-39.98684394337703
1648,kexp,1.25,2.5,1.5,0.05,-38.7826032075905,-39.9104840882015
1649,kexp,1.25,2.5,1.5,0.01,-38.75541643206423,-39.885941331571416
1650,kexp,1.25,2.5,1.5,0,-38.75428237524672,-39.88491758161839
1651,kexp,1.25,3,0.5,0.5,-37.81456129700684,-38.67754369775747
1652,kexp,1.25,3,0.5,0.1,-37.56993234490463,-38.784267447442254
1653,kexp,1.25,3,0.5,0.05,-37.66346159680738,-38.8778901730895
1654,kexp,1.25,3,0.5,0.01,-37.69678587833003,-38.910664757431256
1655,kexp,1.25,3,0.5,0,-37.698212490234745,-38.91206186434548
1656,kexp,1.25,3,1,0.5,-39.3161821925539,-40.15721624983799
1657,kexp,1.25,3,1,0.1,-37.012234924621886,-38.09548850385033
1658,kexp,1.25,3,1,0.05,-36.94006133427041,-38.03069508935502
1659,kexp,1.25,3,1,0.01,-36.917052374731625,-38.0100174390516
1660,kexp,1.25,3,1,0,-36.916094660135414,-38.009156519704845
1661,kexp,1.25,3,1.5,0.5,-41.76891165312496,-42.61876877606411
1662,kexp,1.25,3,1.5,0.1,-39.54670601694219,-40.59059004458285
1663,kexp,1.25,3,1.5,0.05,-39.471273364628495,-40.52184040671403
1664,kexp,1.25,3,1.5,0.01,-39.447055400555115,-40.49976542090649
1665,kexp,1.25,3,1.5,0,-39.4460454835058,-40.49884483822863
1666,kexp,1.25,3.5,0.5,0.5,-38.21338473374325,-39.01502138674203
1667,kexp,1.25,3.5,0.5,0.1,-38.50255437204889,-39.48507212017345
1668,kexp,1.25,3.5,0.5,0.05,-38.62765586903125,-39.59767729144693
1669,kexp,1.25,3.5,0.5,0.01,-38.67130510229941,-39.636546641273405
1670,kexp,1.25,3.5,0.5,0,-38.673164061449654,-39.63819762030429
1671,kexp,1.25,3.5,1,0.5,-39.691842005951635,-40.486923507932374
1672,kexp,1.25,3.5,1,0.1,-37.6286288062615,-38.610897762782734
1673,kexp,1.25,3.5,1,0.05,-37.567715754573115,-38.55448204086518
1674,kexp,1.25,3.5,1,0.01,-37.54837244453049,-38.53652383858592
1675,kexp,1.25,3.5,1,0,-37.547568121961824,-38.53577663106215
1676,kexp,1.25,3.5,1.5,0.5,-42.124757409394796,-42.944056466163495
1677,kexp,1.25,3.5,1.5,0.1,-40.05497796070998,-41.04351294675004
1678,kexp,1.25,3.5,1.5,0.05,-39.98605380814428,-40.98013926662437
1679,kexp,1.25,3.5,1.5,0.01,-39.96394784775352,-40.95980744301795
1680,kexp,1.25,3.5,1.5,0,-39.96302624220243,-40.9589597347187
1681,kexp,1.25,4,0.5,0.5,-38.540784611774356,-39.299073633296274
1682,kexp,1.25,4,0.5,0.1,-39.23781290794264,-40.050839939178566
1683,kexp,1.25,4,0.5,0.05,-39.38681414353959,-40.17804132702884
1684,kexp,1.25,4,0.5,0.01,-39.43830685039764,-40.22163049685286
1685,kexp,1.25,4,0.5,0,-39.440494619467074,-40.22347852355832
1686,kexp,1.25,4,1,0.5,-39.989954557710526,-40.75244480402027
1687,kexp,1.25,4,1,0.1,-38.10729695910972,-39.01653855825994
1688,kexp,1.25,4,1,0.05,-38.05475308260931,-38.96638008405524
1689,kexp,1.25,4,1,0.01,-38.0381351208176,-38.95045434790277
1690,kexp,1.25,4,1,0,-38.03744485552149,-38.94979214395241
1691,kexp,1.25,4,1.5,0.5,-42.402610162978235,-43.200559924558405
1692,kexp,1.25,4,1.5,0.1,-40.44597288441571,-41.395141900240205
1693,kexp,1.25,4,1.5,0.05,-40.38183005307621,-41.33572882687367
1694,kexp,1.25,4,1.5,0.01,-40.36127512326895,-41.31668082518868
1695,kexp,1.25,4,1.5,0,-40.360418367609284,-41.3158867841543
1696,kexp,1.25,6,0.5,0.5,-39.394801214295235,-40.076389605552144
1697,kexp,1.25,6,0.5,0.1,-41.048145214722986,-41.53058762470013
1698,kexp,1.25,6,0.5,0.05,-41.25157264620268,-41.6935162990135
1699,kexp,1.25,6,0.5,0.01,-41.320960912823594,-41.7487304833956
1700,kexp,1.25,6,0.5,0,-41.32389939137907,-41.751064802491975
1701,kexp,1.25,6,1,0.5,-40.73324882492994,-41.439818829709175
1702,kexp,1.25,6,1,0.1,-39.260668269889315,-40.03575540977197
1703,kexp,1.25,6,1,0.05,-39.22669037634476,-40.00008888744141
1704,kexp,1.25,6,1,0.01,-39.21611478722794,-39.98886970077082
1705,kexp,1.25,6,1,0,-39.21567736651607,-39.98840433685058
1706,kexp,1.25,6,1.5,0.5,-43.07942044034519,-43.84471404452438
1707,kexp,1.25,6,1.5,0.1,-41.37519201427475,-42.258812106449604
1708,kexp,1.25,6,1.5,0.05,-41.32148259708327,-42.20833492814713
1709,kexp,1.25,6,1.5,0.01,-41.30430887755329,-42.19218071652033
1710,kexp,1.25,6,1.5,0,-41.30359345829751,-42.19150761504044
1711,kexp,1.25,8,0.5,0.5,-39.836563459706554,-40.50603268078643
1712,kexp,1.25,8,0.5,0.1,-41.937134768616055,-42.32778293328888
1713,kexp,1.25,8,0.5,0.05,-42.16485797740845,-42.50900581323405
1714,kexp,1.25,8,0.5,0.01,-42.24222520587442,-42.57018763878476
1715,kexp,1.25,8,0.5,0,-42.24549832341298,-42.57277179947322
1716,kexp,1.25,8,1,0.5,-41.10748907481394,-41.808830832928535
1717,kexp,1.25,8,1,0.1,-39.82086013259595,-40.570199215367545
1718,kexp,1.25,8,1,0.05,-39.794991523743775,-40.5415456561242
1719,kexp,1.25,8,1,0.01,-39.78705044150453,-40.53260138269165
1720,kexp,1.25,8,1,0,-39.78672321326461,-40.532231134093
1721,kexp,1.25,8,1.5,0.5,-43.41521556295579,-44.183942803671655
1722,kexp,1.25,8,1.5,0.1,-41.82337669050053,-42.704392451270735
1723,kexp,1.25,8,1.5,0.05,-41.77416233812195,-42.658118915793814
1724,kexp,1.25,8,1.5,0.01,-41.75844293059783,-42.64332399337229
1725,kexp,1.25,8,1.5,0,-41.75778827661734,-42.64270767903646
1726,kexp,1.25,10,0.5,0.5,-40.073448038168706,-40.75252010078865
1727,kexp,1.25,10,0.5,0.1,-42.39615841935524,-42.77423203277481
1728,kexp,1.25,10,0.5,0.05,-42.635569797997995,-42.965161201946685
1729,kexp,1.25,10,0.5,0.01,-42.71676809344846,-43.02950569932549
1730,kexp,1.25,10,0.5,0,-42.72020180820013,-43.03222223343133
1731,kexp,1.25,10,1,0.5,-41.31007259215943,-42.02269734776851
1732,kexp,1.25,10,1,0.1,-40.11660526891833,-40.87478972717541
1733,kexp,1.25,10,1,0.05,-40.094700578004286,-40.849903498069
1734,kexp,1.25,10,1,0.01,-40.0880455388035,-40.842179938168215
1735,kexp,1.25,10,1,0,-40.08777208287926,-40.84186071380203
1736,kexp,1.25,10,1.5,0.5,-43.59876706907129,-44.382071804794826
1737,kexp,1.25,10,1.5,0.1,-42.06357492419512,-42.9610459932422
1738,kexp,1.25,10,1.5,0.05,-42.016579316597536,-42.91704380415661
1739,kexp,1.25,10,1.5,0.01,-42.00157697566633,-42.902982641464106
1740,kexp,1.25,10,1.5,0,-42.00095227450772,-42.90239697399573
1741,kexp,1.25,25,0.5,0.5,-40.4506400559765,-41.28052137289801
1742,kexp,1.25,25,0.5,0.1,-42.951584662435906,-43.584784231750604
1743,kexp,1.25,25,0.5,0.05,-43.198576183164,-43.78698161088397
1744,kexp,1.25,25,0.5,0.01,-43.28222958804817,-43.85494921278853
1745,kexp,1.25,25,0.5,0,-43.285765907511525,-43.857816869758885
1746,kexp,1.25,25,1,0.5,-41.629313675445005,-42.46929150338819
1747,kexp,1.25,25,1,0.1,-40.526611436027586,-41.46033635445227
1748,kexp,1.25,25,1,0.05,-40.50827925565667,-41.4408026621838
1749,kexp,1.25,25,1,0.01,-40.502779336647066,-41.434806967997844
1750,kexp,1.25,25,1,0,-40.50255413746764,-41.434559897270276
1751,kexp,1.25,25,1.5,0.5,-43.89768858758518,-44.79764429291863
1752,kexp,1.25,25,1.5,0.1,-42.42497188489979,-43.47141361333227
1753,kexp,1.25,25,1.5,0.05,-42.380314845990206,-43.43092963259295
1754,kexp,1.25,25,1.5,0.01,-42.36606685372629,-43.41800266074243
1755,kexp,1.25,25,1.5,0,-42.36547364752174,-43.41746433984419
1756,kexp,1.5,0.2,0.5,0.5,-36.29991752152477,-37.79931595684134
1757,kexp,1.5,0.2,0.5,0.1,-42.001084221921104,-46.494980942127796
1758,kexp,1.5,0.2,0.5,0.05,-45.80059434250178,-50.64694377528719
1759,kexp,1.5,0.2,0.5,0.01,-48.734168531595195,-53.729652022579174
1760,kexp,1.5,0.2,0.5,0,-48.9028096779953,-53.905347667955475
1761,kexp,1.5,0.2,1,0.5,-34.76689224091605,-35.974146829819894
1762,kexp,1.5,0.2,1,0.1,-31.56774019925953,-33.992210316994424
1763,kexp,1.5,0.2,1,0.05,-32.50989294381511,-35.03696369341785
1764,kexp,1.5,0.2,1,0.01,-33.14332608224992,-35.71018009579268
1765,kexp,1.5,0.2,1,0,-33.176072112066095,-35.74470473324473
1766,kexp,1.5,0.2,1.5,0.5,-35.16642708726166,-36.17191298954912
1767,kexp,1.5,0.2,1.5,0.1,-30.2348397742364,-31.924099664011315
1768,kexp,1.5,0.2,1.5,0.05,-30.512451568178683,-32.25080092372214
1769,kexp,1.5,0.2,1.5,0.01,-30.714213386122044,-32.47074872204297
1770,kexp,1.5,0.2,1.5,0,-30.724483023267116,-32.481813854844056
1771,kexp,1.5,0.5,0.5,0.5,-35.43136316640634,-37.14592787951095
1772,kexp,1.5,0.5,0.5,0.1,-31.37068316760038,-36.025855779037485
1773,kexp,1.5,0.5,0.5,0.05,-31.75678681718457,-36.65662836351752
1774,kexp,1.5,0.5,0.5,0.01,-32.05661998158794,-37.04519371181663
1775,kexp,1.5,0.5,0.5,0,-32.072251839766544,-37.06468187282879
1776,kexp,1.5,0.5,1,0.5,-35.025999377818295,-36.47925195424557
1777,kexp,1.5,0.5,1,0.1,-29.145866542234234,-31.746987511915957
1778,kexp,1.5,0.5,1,0.05,-29.025189276405545,-31.69464798350852
1779,kexp,1.5,0.5,1,0.01,-29.010269144198062,-31.703223901944405
1780,kexp,1.5,0.5,1,0,-29.009993702951654,-31.703948666254334
1781,kexp,1.5,0.5,1.5,0.5,-36.377573282444885,-37.62997162635359
1782,kexp,1.5,0.5,1.5,0.1,-31.00560086396132,-32.88965103096331
1783,kexp,1.5,0.5,1.5,0.05,-30.831575172025357,-32.7480181699396
1784,kexp,1.5,0.5,1.5,0.01,-30.781885825745814,-32.70922210177988
1785,kexp,1.5,0.5,1.5,0,-30.779897757388085,-32.70769436410011
1786,kexp,1.5,1,0.5,0.5,-35.49539535156046,-37.12108869996234
1787,kexp,1.5,1,0.5,0.1,-31.17239616552059,-35.08215442371584
1788,kexp,1.5,1,0.5,0.05,-31.107392465722363,-35.1687120818166
1789,kexp,1.5,1,0.5,0.01,-31.11124745870987,-35.22379599091017
1790,kexp,1.5,1,0.5,0,-31.11177150686569,-35.22648745237299
1791,kexp,1.5,1,1,0.5,-36.01326951472711,-37.455208806747756
1792,kexp,1.5,1,1,0.1,-31.073037066550345,-33.428387172400306
1793,kexp,1.5,1,1,0.05,-30.889296696482702,-33.28923225223766
1794,kexp,1.5,1,1,0.01,-30.832334950481684,-33.246942341188536
1795,kexp,1.5,1,1,0,-30.829987019437706,-33.245210303222954
1796,kexp,1.5,1,1.5,0.5,-37.97263932322126,-39.269241987453135
1797,kexp,1.5,1,1.5,0.1,-33.741485861125966,-35.56011603482423
1798,kexp,1.5,1,1.5,0.05,-33.58039605557652,-35.42149236759033
1799,kexp,1.5,1,1.5,0.01,-33.52886175639123,-35.377280895605935
1800,kexp,1.5,1,1.5,0,-33.526715623694336,-35.37544135357015
1801,kexp,1.5,1.5,0.5,0.5,-35.9863664827607,-37.40244568099581
1802,kexp,1.5,1.5,0.5,0.1,-33.097203254416115,-36.08438226344077
1803,kexp,1.5,1.5,0.5,0.05,-33.07324032848724,-36.146519793022854
1804,kexp,1.5,1.5,0.5,0.01,-33.074622033575196,-36.176234063944115
1805,kexp,1.5,1.5,0.5,0,-33.07479937390691,-36.1776006194077
1806,kexp,1.5,1.5,1,0.5,-36.931052879517495,-38.232592197909725
1807,kexp,1.5,1.5,1,0.1,-32.980270387537715,-34.954770680237445
1808,kexp,1.5,1.5,1,0.05,-32.83553720145952,-34.83928605896652
1809,kexp,1.5,1.5,1,0.01,-32.78947933455702,-34.802737383070074
1810,kexp,1.5,1.5,1,0,-32.78756415356455,-34.801220038874725
1811,kexp,1.5,1.5,1.5,0.5,-39.11066190111588,-40.327690506559165
1812,kexp,1.5,1.5,1.5,0.1,-35.6537857916737,-37.28249297335697
1813,kexp,1.5,1.5,1.5,0.05,-35.52548223362557,-37.170567687105176
1814,kexp,1.5,1.5,1.5,0.01,-35.48419826123777,-37.13458420228813
1815,kexp,1.5,1.5,1.5,0,-35.48247584685243,-37.13308327876486
1816,kexp,1.5,2,0.5,0.5,-36.58437808511752,-37.80175983489998
1817,kexp,1.5,2,0.5,0.1,-35.10446434249633,-37.32741801172004
1818,kexp,1.5,2,0.5,0.05,-35.16105574974171,-37.423882717578465
1819,kexp,1.5,2,0.5,0.01,-35.18540851152319,-37.46079003099005
1820,kexp,1.5,2,0.5,0,-35.18649899127977,-37.46240102151344
1821,kexp,1.5,2,1,0.5,-37.725798304233955,-38.88601282098116
1822,kexp,1.5,2,1,0.1,-34.53019169796213,-36.176236697149506
1823,kexp,1.5,2,1,0.05,-34.42107077276279,-36.08564275638603
1824,kexp,1.5,2,1,0.01,-34.38628648955303,-36.05681599220242
1825,kexp,1.5,2,1,0,-34.38483897923369,-36.055617001039586
1826,kexp,1.5,2,1.5,0.5,-39.98115080898486,-41.10801093860052
1827,kexp,1.5,2,1.5,0.1,-37.04837027586181,-38.501238876398055
1828,kexp,1.5,2,1.5,0.05,-36.94343451134968,-38.40843393307277
1829,kexp,1.5,2,1.5,0.01,-36.90968379221941,-38.37859072841586
1830,kexp,1.5,2,1.5,0,-36.90827574195372,-38.377345760950305
1831,kexp,1.5,2.5,0.5,0.5,-37.132598314834695,-38.19094631253891
1832,kexp,1.5,2.5,0.5,0.1,-36.7559156823982,-38.387529795775414
1833,kexp,1.5,2.5,0.5,0.05,-36.88084396797274,-38.51830205940394
1834,kexp,1.5,2.5,0.5,0.01,-36.92665911954571,-38.56513368133046
1835,kexp,1.5,2.5,0.5,0,-36.928635673539944,-38.56714272310559
1836,kexp,1.5,2.5,1,0.5,-38.36136841109952,-39.40609107101481
1837,kexp,1.5,2.5,1,0.1,-35.70964588957925,-37.09766067960851
1838,kexp,1.5,2.5,1,0.05,-35.62691028617088,-37.02555343698007
1839,kexp,1.5,2.5,1,0.01,-35.600645555360025,-37.00264046788445
1840,kexp,1.5,2.5,1,0,-35.5995536524859,-37.00168766019711
1841,kexp,1.5,2.5,1.5,0.5,-40.638429965449426,-41.689212505523216
1842,kexp,1.5,2.5,1.5,0.1,-38.065789737980985,-39.37714344186672
1843,kexp,1.5,2.5,1.5,0.05,-37.97691658977205,-39.29725911782756
1844,kexp,1.5,2.5,1.5,0.01,-37.948373451667585,-39.271596391878155
1845,kexp,1.5,2.5,1.5,0,-37.94718307886956,-39.270526072629835
1846,kexp,1.5,3,0.5,0.5,-37.59600576585871,-38.53465159287069
1847,kexp,1.5,3,0.5,0.1,-38.037658835833504,-39.222196375744716
1848,kexp,1.5,3,0.5,0.05,-38.21408177817988,-39.37906502093157
1849,kexp,1.5,3,0.5,0.01,-38.27651137644682,-39.433923176930826
1850,kexp,1.5,3,0.5,0,-38.27918033339334,-39.4362616719822
1851,kexp,1.5,3,1,0.5,-38.85819337957126,-39.81489115538126
1852,kexp,1.5,3,1,0.1,-36.595476501967646,-37.78770377537543
1853,kexp,1.5,3,1,0.05,-36.531669271322166,-37.728635402164045
1854,kexp,1.5,3,1,0.01,-36.51155389873229,-37.70993202452162
1855,kexp,1.5,3,1,0,-36.51071914588669,-37.70915494626012
1856,kexp,1.5,3,1.5,0.5,-41.13591718051111,-42.128164341954786
1857,kexp,1.5,3,1.5,0.1,-38.815548289883324,-40.01891974897782
1858,kexp,1.5,3,1.5,0.05,-38.73784420735352,-39.94786139331724
1859,kexp,1.5,3,1.5,0.01,-38.712927567181495,-39.92506017247028
1860,kexp,1.5,3,1.5,0,-38.71188885011909,-39.924109471088364
1861,kexp,1.5,3.5,0.5,0.5,-37.98174740599819,-38.83248368220576
1862,kexp,1.5,3.5,0.5,0.1,-39.030833006511266,-39.88103834725114
1863,kexp,1.5,3.5,0.5,0.05,-39.24531247041265,-40.05700776106642
1864,kexp,1.5,3.5,0.5,0.01,-39.320156021548144,-40.117881478648755
1865,kexp,1.5,3.5,0.5,0,-39.323344232146944,-40.120468944746925
1866,kexp,1.5,3.5,1,0.5,-39.249484428738015,-40.1411304403296
1867,kexp,1.5,3.5,1,0.1,-37.2695982029327,-38.316058110793975
1868,kexp,1.5,3.5,1,0.05,-37.21947292759727,-38.26629882471844
1869,kexp,1.5,3.5,1,0.01,-37.20381278572836,-38.250611851076265
1870,kexp,1.5,3.5,1,0,-37.20316446900037,-38.24996083092487
1871,kexp,1.5,3.5,1.5,0.5,-41.51907701909951,-42.46824461840895
1872,kexp,1.5,3.5,1.5,0.1,-39.38011005906167,-40.50359905996914
1873,kexp,1.5,3.5,1.5,0.05,-39.310358944304895,-40.438763771791365
1874,kexp,1.5,3.5,1.5,0.01,-39.28802533498952,-40.417981196320866
1875,kexp,1.5,3.5,1.5,0,-39.28709464801913,-40.41711489305313
1876,kexp,1.5,4,0.5,0.5,-38.30477058924421,-39.091440587412045
1877,kexp,1.5,4,0.5,0.1,-39.814228473852346,-40.41498708011011
1878,kexp,1.5,4,0.5,0.05,-40.05714876470843,-40.60523984693883
1879,kexp,1.5,4,0.5,0.01,-40.14131635952744,-40.670665522401634
1880,kexp,1.5,4,0.5,0,-40.144895234884245,-40.6734421468123
1881,kexp,1.5,4,1,0.5,-39.56337293818492,-40.407607515862814
1882,kexp,1.5,4,1,0.1,-37.79450320705756,-38.73338995176387
1883,kexp,1.5,4,1,0.05,-37.75447945268245,-38.69049682985172
1884,kexp,1.5,4,1,0.01,-37.742111245477446,-38.677038066871376
1885,kexp,1.5,4,1,0,-37.74160071945201,-38.67648020908051
1886,kexp,1.5,4,1.5,0.5,-41.8210387685517,-42.73930199009252
1887,kexp,1.5,4,1.5,0.1,-39.816382287757435,-40.88187011473318
1888,kexp,1.5,4,1.5,0.05,-39.75245377160421,-40.82159195278881
1889,kexp,1.5,4,1.5,0.01,-39.73201092673029,-40.80228750090521
1890,kexp,1.5,4,1.5,0,-39.73115931437529,-40.801482996572176
1891,kexp,1.5,6,0.5,0.5,-39.18696536979621,-39.84939555444264
1892,kexp,1.5,6,0.5,0.1,-41.76565352680394,-41.85053393255802
1893,kexp,1.5,6,0.5,0.05,-42.07167281233142,-42.07439512570871
1894,kexp,1.5,6,0.5,0.01,-42.17657842510206,-42.15064266481919
1895,kexp,1.5,6,0.5,0,-42.181027027175645,-42.15387057168743
1896,kexp,1.5,6,1,0.5,-40.36749157843801,-41.1222642567226
1897,kexp,1.5,6,1,0.1,-39.073795188296984,-39.80082019623477
1898,kexp,1.5,6,1,0.05,-39.05582478833156,-39.77348500481568
1899,kexp,1.5,6,1,0.01,-39.05063970392891,-39.76507657367297
1900,kexp,1.5,6,1,0,-39.050429814097576,-39.76472990173488
1901,kexp,1.5,6,1.5,0.5,-42.57253382518567,-43.43752175270511
1902,kexp,1.5,6,1.5,0.1,-40.86594778527908,-41.82580635224552
1903,kexp,1.5,6,1.5,0.05,-40.81459782562363,-41.77568621187959
1904,kexp,1.5,6,1.5,0.01,-40.798235193658684,-41.75967336309358
1905,kexp,1.5,6,1.5,0,-40.79755417647166,-41.7590064451529
1906,kexp,1.5,8,0.5,0.5,-39.683229660685164,-40.311741421938905
1907,kexp,1.5,8,0.5,0.1,-42.77594829847474,-42.68472001964481
1908,kexp,1.5,8,0.5,0.05,-43.11001401764516,-42.926068080912366
1909,kexp,1.5,8,0.5,0.01,-43.22411491496088,-43.00797114789283
1910,kexp,1.5,8,0.5,0,-43.228948975360744,-43.01143526468102
1911,kexp,1.5,8,1,0.5,-40.79738611591038,-41.53236098407523
1912,kexp,1.5,8,1,0.1,-39.72264705757958,-40.390905668632854
1913,kexp,1.5,8,1,0.05,-39.714300058863216,-40.37114745169188
1914,kexp,1.5,8,1,0.01,-39.71224161624771,-40.36519471886425
1915,kexp,1.5,8,1,0,-39.71216250469339,-40.36495069658002
1916,kexp,1.5,8,1.5,0.5,-42.963824786646896,-43.8243967242371
1917,kexp,1.5,8,1.5,0.1,-41.39169207138359,-42.33381441144249
1918,kexp,1.5,8,1.5,0.05,-41.34577039671411,-42.28850487614765
1919,kexp,1.5,8,1.5,0.01,-41.33116471398653,-42.27404785767649
1920,kexp,1.5,8,1.5,0,-41.33055711453743,-42.273445940615154
1921,kexp,1.5,10,0.5,0.5,-39.970266514344594,-40.596180442765146
1922,kexp,1.5,10,0.5,0.1,-43.338634684448216,-43.18931813368349
1923,kexp,1.5,10,0.5,0.05,-43.68703200725173,-43.44071924343796
1924,kexp,1.5,10,0.5,0.01,-43.80581719377737,-43.52587155293935
1925,kexp,1.5,10,0.5,0,-43.81084746406507,-43.529471365746716
1926,kexp,1.5,10,1,0.5,-41.04518992644711,-41.78406336071692
1927,kexp,1.5,10,1,0.1,-40.086610789276634,-40.74744530603965
1928,kexp,1.5,10,1,0.05,-40.083193106296534,-40.73198360508
1929,kexp,1.5,10,1,0.01,-40.08273306380035,-40.72742140935962
1930,kexp,1.5,10,1,0,-40.0827207752989,-40.72723549161009
1931,kexp,1.5,10,1.5,0.5,-43.189251827210185,-44.06127177564794
1932,kexp,1.5,10,1.5,0.1,-41.6880809579517,-42.64055904776166
1933,kexp,1.5,10,1.5,0.05,-41.644944267294555,-42.59796034705927
1934,kexp,1.5,10,1.5,0.01,-41.63123864845866,-42.58437897848943
1935,kexp,1.5,10,1.5,0,-41.63066864577654,-42.5838136336333
1936,kexp,1.5,25,0.5,0.5,-40.43319170630479,-41.19786426937255
1937,kexp,1.5,25,0.5,0.1,-44.09143235444462,-44.1169733903191
1938,kexp,1.5,25,0.5,0.05,-44.45366375665285,-44.38098059904961
1939,kexp,1.5,25,0.5,0.01,-44.5769563318856,-44.47016150615404
1940,kexp,1.5,25,0.5,0,-44.58217526074501,-44.473929070525855
1941,kexp,1.5,25,1,0.5,-41.455244631900456,-42.320275552122766
1942,kexp,1.5,25,1,0.1,-40.636502654720466,-41.45705223061818
1943,kexp,1.5,25,1,0.05,-40.63879951600352,-41.44830504341681
1944,kexp,1.5,25,1,0.01,-40.640190256743786,-41.44591024454336
1945,kexp,1.5,25,1,0,-40.64025531970855,-41.4458148328131
1946,kexp,1.5,25,1.5,0.5,-43.5780475426087,-44.57580817651562
1947,kexp,1.5,25,1.5,0.1,-42.16961410932024,-43.27771213639457
1948,kexp,1.5,25,1.5,0.05,-42.130022113416146,-43.239704481610055
1949,kexp,1.5,25,1.5,0.01,-42.117460980373664,-43.22760371840042
1950,kexp,1.5,25,1.5,0,-42.11693877276267,-43.22710018697764
1951,kexp,1.75,0.2,0.5,0.5,-36.92433531805451,-38.62157241766473
1952,kexp,1.75,0.2,0.5,0.1,-45.786047155805605,-51.26563153042201
1953,kexp,1.75,0.2,0.5,0.05,-50.68636865706541,-56.654426671318916
1954,kexp,1.75,0.2,0.5,0.01,-54.65867691507795,-60.84050328726026
1955,kexp,1.75,0.2,0.5,0,-54.895394154805864,-61.08757110895281
1956,kexp,1.75,0.2,1,0.5,-34.93329892110318,-36.324731487676196
1957,kexp,1.75,0.2,1,0.1,-32.80151576794551,-35.77023655883044
1958,kexp,1.75,0.2,1,0.05,-34.14248292969475,-37.255397772625095
1959,kexp,1.75,0.2,1,0.01,-35.06222311266043,-38.2326868258366
1960,kexp,1.75,0.2,1,0,-35.11058461391026,-38.28365795234018
1961,kexp,1.75,0.2,1.5,0.5,-35.02136674356614,-36.19200943646689
1962,kexp,1.75,0.2,1.5,0.1,-30.490410396949056,-32.5600151906148
1963,kexp,1.75,0.2,1.5,0.05,-30.965139654018362,-33.10427750650963
1964,kexp,1.75,0.2,1.5,0.01,-31.289777463634397,-33.45531629164148
1965,kexp,1.75,0.2,1.5,0,-31.30630486670477,-33.47301033321746
1966,kexp,1.75,0.5,0.5,0.5,-35.87133854485077,-37.811772447743
1967,kexp,1.75,0.5,0.5,0.1,-32.78273750234418,-38.40326016203813
1968,kexp,1.75,0.5,0.5,0.05,-33.40417163169519,-39.35611321857393
1969,kexp,1.75,0.5,0.5,0.01,-33.86786348836869,-39.94269231269553
1970,kexp,1.75,0.5,0.5,0,-33.89218783120539,-39.97240935926447
1971,kexp,1.75,0.5,1,0.5,-34.95316889255456,-36.62353846205598
1972,kexp,1.75,0.5,1,0.1,-29.022278001807678,-32.15995859363448
1973,kexp,1.75,0.5,1,0.05,-28.95249920393324,-32.1834452051185
1974,kexp,1.75,0.5,1,0.01,-28.968436537285662,-32.2319341675514
1975,kexp,1.75,0.5,1,0,-28.96967891126098,-32.234569489470346
1976,kexp,1.75,0.5,1.5,0.5,-35.96913787956432,-37.42002205480214
1977,kexp,1.75,0.5,1.5,0.1,-30.3273396508498,-32.59381439868554
1978,kexp,1.75,0.5,1.5,0.05,-30.16320634615198,-32.473957929268565
1979,kexp,1.75,0.5,1.5,0.01,-30.121107828905092,-32.44691623090952
1980,kexp,1.75,0.5,1.5,0,-30.119499371308173,-32.44594629956183
1981,kexp,1.75,1,0.5,0.5,-35.74168771425228,-37.58253153737703
1982,kexp,1.75,1,0.5,0.1,-31.87865036849982,-36.534219064498856
1983,kexp,1.75,1,0.5,0.05,-31.89022993704738,-36.74252430697018
1984,kexp,1.75,1,0.5,0.01,-31.93364891892297,-36.853024820173324
1985,kexp,1.75,1,0.5,0,-31.936062801313057,-36.85828532399468
1986,kexp,1.75,1,1,0.5,-35.77603516230511,-37.43300243760369
1987,kexp,1.75,1,1,0.1,-30.642312266633933,-33.43884269435665
1988,kexp,1.75,1,1,0.05,-30.45883795748792,-33.313150261260525
1989,kexp,1.75,1,1,0.01,-30.40375246041632,-33.27717365089525
1990,kexp,1.75,1,1,0,-30.401507178829963,-33.27573170051562
1991,kexp,1.75,1,1.5,0.5,-37.43649364918415,-38.935223973223565
1992,kexp,1.75,1,1.5,0.1,-32.90907608495751,-35.06172831910335
1993,kexp,1.75,1,1.5,0.05,-32.73743043838049,-34.919101066707334
1994,kexp,1.75,1,1.5,0.01,-32.68291076785005,-34.87407158242238
1995,kexp,1.75,1,1.5,0,-32.68064540473114,-34.872203926082044
1996,kexp,1.75,1.5,0.5,0.5,-36.08705303198293,-37.67903324102491
1997,kexp,1.75,1.5,0.5,0.1,-33.70488276605222,-37.16697283313533
1998,kexp,1.75,1.5,0.5,0.05,-33.75267167247107,-37.317671607800094
1999,kexp,1.75,1.5,0.5,0.01,-33.78321191152012,-37.38205310160549
2000,kexp,1.75,1.5,0.5,0,-33.78468986251987,-37.38495148015045
2001,kexp,1.75,1.5,1,0.5,-36.617525457476596,-38.10238801470197
2002,kexp,1.75,1.5,1,0.1,-32.55751136007815,-34.8496675777432
2003,kexp,1.75,1.5,1,0.05,-32.41389063066797,-34.74133387208099
2004,kexp,1.75,1.5,1,0.01,-32.36876643628173,-34.70768811074479
2005,kexp,1.75,1.5,1,0,-32.366897441993174,-34.70629942580364
2006,kexp,1.75,1.5,1.5,0.5,-38.541662227511516,-39.93825275532663
2007,kexp,1.75,1.5,1.5,0.1,-34.866987911569595,-36.7595124765825
2008,kexp,1.75,1.5,1.5,0.05,-34.7305792429751,-36.642986706800656
2009,kexp,1.75,1.5,1.5,0.01,-34.68678278993817,-36.60562911984581
2010,kexp,1.75,1.5,1.5,0,-34.684956735216915,-36.604072174419656
2011,kexp,1.75,2,0.5,0.5,-36.59346407375017,-37.94333897322375
2012,kexp,1.75,2,0.5,0.1,-35.770593796877094,-38.24210211526664
2013,kexp,1.75,2,0.5,0.05,-35.91272119245581,-38.42183569247496
2014,kexp,1.75,2,0.5,0.01,-35.96872256271831,-38.48920290926254
2015,kexp,1.75,2,0.5,0,-35.97118531636473,-38.49213124880169
2016,kexp,1.75,2,1,0.5,-37.38549842539229,-38.693964368907174
2017,kexp,1.75,2,1,0.1,-34.18111996860884,-36.040719474453084
2018,kexp,1.75,2,1,0.05,-34.07854817191303,-35.95801443600226
2019,kexp,1.75,2,1,0.01,-34.046227604608376,-35.932040579795576
2020,kexp,1.75,2,1,0,-34.04488707895711,-35.93096434786459
2021,kexp,1.75,2,1.5,0.5,-39.416878223335445,-40.697765527855154
2022,kexp,1.75,2,1.5,0.1,-36.33948315167555,-37.99569992379774
2023,kexp,1.75,2,1.5,0.05,-36.23005347310494,-37.89993242997707
2024,kexp,1.75,2,1.5,0.01,-36.19490997442002,-37.869181137010095
2025,kexp,1.75,2,1.5,0,-36.1934444332207,-37.86789881428516
2026,kexp,1.75,2.5,0.5,0.5,-37.08680588387717,-38.23928050204118
2027,kexp,1.75,2.5,0.5,0.1,-37.50513214146797,-39.20948995703146
2028,kexp,1.75,2.5,0.5,0.05,-37.72918292199607,-39.4236472417384
2029,kexp,1.75,2.5,0.5,0.01,-37.81051874622384,-39.500134081742395
2030,kexp,1.75,2.5,0.5,0,-37.814020553516734,-39.50341436585856
2031,kexp,1.75,2.5,1,0.5,-38.016656814572116,-39.17968164779917
2032,kexp,1.75,2.5,1,0.1,-35.43715703911876,-36.95820727629663
2033,kexp,1.75,2.5,1,0.05,-35.36582218314447,-36.89555379314425
2034,kexp,1.75,2.5,1,0.01,-35.34354362677676,-36.87591839870084
2035,kexp,1.75,2.5,1,0,-35.342621638187886,-36.8751050301665
2036,kexp,1.75,2.5,1.5,0.5,-40.091621135027054,-41.274983867480195
2037,kexp,1.75,2.5,1.5,0.1,-37.43015217050804,-38.898149509200366
2038,kexp,1.75,2.5,1.5,0.05,-37.33968914458054,-38.81683491099241
2039,kexp,1.75,2.5,1.5,0.01,-37.31068766917012,-38.79074638192517
2040,kexp,1.75,2.5,1.5,0,-37.30947876647729,-38.789658685002486
2041,kexp,1.75,3,0.5,0.5,-37.5170361217885,-38.51810089991638
2042,kexp,1.75,3,0.5,0.1,-38.85810255107177,-39.978749724450104
2043,kexp,1.75,3,0.5,0.05,-39.14401138594753,-40.21943654524097
2044,kexp,1.75,3,0.5,0.01,-39.245180708871054,-40.30374033768095
2045,kexp,1.75,3,0.5,0,-39.24950685294045,-40.30733629561116
2046,kexp,1.75,3,1,0.5,-38.5180628657026,-39.56903803923209
2047,kexp,1.75,3,1,0.1,-36.38706020069944,-37.650400271473764
2048,kexp,1.75,3,1,0.05,-36.33829840282379,-37.60202822288086
2049,kexp,1.75,3,1,0.01,-36.3233440232631,-37.586977413088185
2050,kexp,1.75,3,1,0,-36.32272816630956,-37.586355088243465
2051,kexp,1.75,3,1.5,0.5,-40.60938465524891,-41.71740769083759
2052,kexp,1.75,3,1.5,0.1,-38.2406733042916,-39.565192942202614
2053,kexp,1.75,3,1.5,0.05,-38.16350460195339,-39.49383455361201
2054,kexp,1.75,3,1.5,0.01,-38.13882039680885,-39.470971042221116
2055,kexp,1.75,3,1.5,0,-38.13779203749781,-39.47001811918771
2056,kexp,1.75,3.5,0.5,0.5,-37.882776729250644,-38.770372782317736
2057,kexp,1.75,3.5,0.5,0.1,-39.906119166567514,-40.58557287428859
2058,kexp,1.75,3.5,0.5,0.05,-40.23747251560501,-40.845272902428455
2059,kexp,1.75,3.5,0.5,0.01,-40.353425463701704,-40.93539157175171
2060,kexp,1.75,3.5,0.5,0,-40.358369186220536,-40.93922571629349
2061,kexp,1.75,3.5,1,0.5,-38.9174309074384,-39.88442929877725
2062,kexp,1.75,3.5,1,0.1,-37.11207354463186,-38.181880314252766
2063,kexp,1.75,3.5,1,0.05,-37.07961843213486,-38.143652660882424
2064,kexp,1.75,3.5,1,0.01,-37.0699740207103,-38.13187850260237
2065,kexp,1.75,3.5,1,0,-37.06958034971303,-38.13139297660598
2066,kexp,1.75,3.5,1.5,0.5,-41.012221506321545,-42.06426673775911
2067,kexp,1.75,3.5,1.5,0.1,-38.85416516797868,-40.07189251243141
2068,kexp,1.75,3.5,1.5,0.05,-38.78647663604944,-40.00755085010296
2069,kexp,1.75,3.5,1.5,0.01,-38.76487364431358,-39.986963269701185
2070,kexp,1.75,3.5,1.5,0,-38.76397417094205,-39.98610549677706
2071,kexp,1.75,4,0.5,0.5,-38.19441898054655,-38.997534010367644
2072,kexp,1.75,4,0.5,0.1,-40.731502982899485,-41.077471593517814
2073,kexp,1.75,4,0.5,0.05,-41.09647432488516,-41.35094183284861
2074,kexp,1.75,4,0.5,0.01,-41.22343604664446,-41.4453478476451
2075,kexp,1.75,4,0.5,0,-41.22884071537478,-41.449358767271804
2076,kexp,1.75,4,1,0.5,-39.24078700184738,-40.14553329340535
2077,kexp,1.75,4,1,0.1,-37.67747709750109,-38.60272490204382
2078,kexp,1.75,4,1,0.05,-37.65700426586116,-38.57189898490913
2079,kexp,1.75,4,1,0.01,-37.65126693114929,-38.562522142608614
2080,kexp,1.75,4,1,0,-37.65103681437722,-38.56213678815727
2081,kexp,1.75,4,1.5,0.5,-41.3323435217249,-42.343643137759784
2082,kexp,1.75,4,1.5,0.1,-39.3300118627494,-40.46932736343558
2083,kexp,1.75,4,1.5,0.05,-39.26924941336671,-40.41010212614594
2084,kexp,1.75,4,1.5,0.01,-39.24989758618578,-40.39117459240259
2085,kexp,1.75,4,1.5,0,-39.24909228077592,-40.390386228519375
2086,kexp,1.75,6,0.5,0.5,-39.077952222073144,-39.70796356069506
2087,kexp,1.75,6,0.5,0.1,-42.79305508382969,-42.424120538093035
2088,kexp,1.75,6,0.5,0.05,-43.23061665741514,-42.72801698791783
2089,kexp,1.75,6,0.5,0.01,-43.38142238829155,-42.83203918657713
2090,kexp,1.75,6,0.5,0,-43.387826696621936,-42.83644879622493
2091,kexp,1.75,6,1,0.5,-40.08671846332941,-40.86754680265857
2092,kexp,1.75,6,1,0.1,-39.06333800801096,-39.6922983459379
2093,kexp,1.75,6,1,0.05,-39.06860878383325,-39.677822184963915
2094,kexp,1.75,6,1,0.01,-39.071262568595486,-39.673746170790345
2095,kexp,1.75,6,1,0,-39.07138370169649,-39.67358239505691
2096,kexp,1.75,6,1.5,0.5,-42.14300312969802,-43.07959595245001
2097,kexp,1.75,6,1.5,0.1,-40.484319381752115,-41.473820490860724
2098,kexp,1.75,6,1.5,0.05,-40.43837211366566,-41.425861368648036
2099,kexp,1.75,6,1.5,0.01,-40.42383028981722,-41.410586050454334
2100,kexp,1.75,6,1.5,0,-40.423226136785225,-41.409950361401286
2101,kexp,1.75,8,0.5,0.5,-39.6083025319842,-40.18091344967391
2102,kexp,1.75,8,0.5,0.1,-43.89162066495028,-43.252050074731024
2103,kexp,1.75,8,0.5,0.05,-44.36047291327018,-43.571191078976724
2104,kexp,1.75,8,0.5,0.01,-44.52151435118375,-43.68006046624893
2105,kexp,1.75,8,0.5,0,-44.528347429893614,-43.68467154142172
2106,kexp,1.75,8,1,0.5,-40.55895525060856,-41.3042576674131
2107,kexp,1.75,8,1,0.1,-39.784021752502895,-40.31674730052023
2108,kexp,1.75,8,1,0.05,-39.80031522892607,-40.31007792218323
2109,kexp,1.75,8,1,0.01,-39.80655006301917,-40.30852779519763
2110,kexp,1.75,8,1,0,-39.80682097637377,-40.308469554585514
2111,kexp,1.75,8,1.5,0.5,-42.58002060930604,-43.50361113972958
2112,kexp,1.75,8,1.5,0.1,-41.076278942555945,-42.03052822105075
2113,kexp,1.75,8,1.5,0.05,-41.0366502379325,-41.98785553531741
2114,kexp,1.75,8,1.5,0.01,-41.024154248056675,-41.9742899191023
2115,kexp,1.75,8,1.5,0,-41.02363559193076,-41.973725659040525
2116,kexp,1.75,10,0.5,0.5,-39.9346412361144,-40.49106201823617
2117,kexp,1.75,10,0.5,0.1,-44.535753558249475,-43.78544910614929
2118,kexp,1.75,10,0.5,0.05,-45.02087596057029,-44.113750857736285
2119,kexp,1.75,10,0.5,0.01,-45.187213247494476,-44.2255324420002
2120,kexp,1.75,10,0.5,0,-45.19426789091545,-44.23026457480365
2121,kexp,1.75,10,1,0.5,-40.84447292558023,-41.58524376439408
2122,kexp,1.75,10,1,0.1,-40.20513171025537,-40.71107481443397
2123,kexp,1.75,10,1,0.05,-40.22715240512736,-40.708942951713304
2124,kexp,1.75,10,1,0.01,-40.235242709241675,-40.708858095860464
2125,kexp,1.75,10,1,0,-40.23559117398295,-40.70886104654258
2126,kexp,1.75,10,1.5,0.5,-42.8417548817853,-43.77296392055594
2127,kexp,1.75,10,1.5,0.1,-41.42161038893539,-42.37846145832237
2128,kexp,1.75,10,1.5,0.05,-41.385265054659776,-42.33882514621453
2129,kexp,1.75,10,1.5,0.01,-41.37383004139801,-42.32623995329589
2130,kexp,1.75,10,1.5,0,-41.37335570173556,-42.3257166371893
2131,kexp,1.75,25,0.5,0.5,-40.49373146896091,-41.16398820365721
2132,kexp,1.75,25,0.5,0.1,-45.50816220960455,-44.82299865196773
2133,kexp,1.75,25,0.5,0.05,-46.01365398361241,-45.16438301221723
2134,kexp,1.75,25,0.5,0.01,-46.186628781398916,-45.28029065584654
2135,kexp,1.75,25,0.5,0,-46.19396123772379,-45.28519396446283
2136,kexp,1.75,25,1,0.5,-41.35134334507799,-42.20869667661914
2137,kexp,1.75,25,1,0.1,-40.90391341416351,-41.54043953150064
2138,kexp,1.75,25,1,0.05,-40.93386907686199,-41.546219232499794
2139,kexp,1.75,25,1,0.01,-40.944529996040956,-41.548685568007926
2140,kexp,1.75,25,1,0,-40.944985903784016,-41.54879502225353
2141,kexp,1.75,25,1.5,0.5,-43.3236912648911,-44.384035836763935
2142,kexp,1.75,25,1.5,0.1,-42.02783492563805,-43.1392235413414
2143,kexp,1.75,25,1.5,0.05,-41.9962812973137,-43.10520618609127
2144,kexp,1.75,25,1.5,0.01,-41.986393928469205,-43.09443313602472
2145,kexp,1.75,25,1.5,0,-41.985984225867405,-43.0939854749176
2146,kexp,2,0.2,0.5,0.5,-37.53218146342568,-39.39790232602082
2147,kexp,2,0.2,0.5,0.1,-49.67093604692727,-56.12118156564361
2148,kexp,2,0.2,0.5,0.05,-55.725976327846396,-62.81828474428645
2149,kexp,2,0.2,0.5,0.01,-60.849057714473354,-68.23054807041905
2150,kexp,2,0.2,0.5,0,-61.165080902428805,-68.56088342424987
2151,kexp,2,0.2,1,0.5,-35.14940764908415,-36.7036500847
2152,kexp,2,0.2,1,0.1,-34.21166559246803,-37.72054469878434
2153,kexp,2,0.2,1,0.05,-35.98468138556274,-39.68528624908218
2154,kexp,2,0.2,1,0.01,-37.23301224896575,-41.012122080129096
2155,kexp,2,0.2,1,0,-37.29985962129142,-41.082578367144386
2156,kexp,2,0.2,1.5,0.5,-34.96294181685663,-36.28246023388343
2157,kexp,2,0.2,1.5,0.1,-30.945399405041492,-33.392935916702946
2158,kexp,2,0.2,1.5,0.05,-31.641793065322712,-34.182398845904075
2159,kexp,2,0.2,1.5,0.01,-32.11137282434793,-34.688117459887394
2160,kexp,2,0.2,1.5,0,-32.13544262724094,-34.7138001144219
2161,kexp,2,0.5,0.5,0.5,-36.33188989703309,-38.46363983095277
2162,kexp,2,0.5,0.5,0.1,-34.406989011767166,-40.972009166147025
2163,kexp,2,0.5,0.5,0.05,-35.289081777265665,-42.28328446854064
2164,kexp,2,0.5,0.5,0.01,-35.943847151646686,-43.10048196326922
2165,kexp,2,0.5,0.5,0,-35.97857520926045,-43.14240675380318
2166,kexp,2,0.5,1,0.5,-34.96562474561528,-36.82528496709845
2167,kexp,2,0.5,1,0.1,-29.09712921738084,-32.75891257779373
2168,kexp,2,0.5,1,0.05,-29.0912693802665,-32.87467966292506
2169,kexp,2,0.5,1,0.01,-29.14640541902863,-32.9728837190266
2170,kexp,2,0.5,1,0,-29.14959403168594,-32.97792501434752
2171,kexp,2,0.5,1.5,0.5,-35.676611771474896,-37.30334123528707
2172,kexp,2,0.5,1.5,0.1,-29.842006510848655,-32.47992296525096
2173,kexp,2,0.5,1.5,0.05,-29.695504344145213,-32.391267084470364
2174,kexp,2,0.5,1.5,0.01,-29.664963122093628,-32.38061413242969
2175,kexp,2,0.5,1.5,0,-29.66392373917507,-32.380421201201806
2176,kexp,2,1,0.5,0.5,-36.048483934213806,-38.07325339468729
2177,kexp,2,1,0.5,0.1,-32.82037329031393,-38.202686758704516
2178,kexp,2,1,0.5,0.05,-32.92732707356061,-38.556613298481615
2179,kexp,2,1,0.5,0.01,-33.02060834124122,-38.73486713840873
2180,kexp,2,1,0.5,0,-33.025424459949505,-38.743300603549315
2181,kexp,2,1,1,0.5,-35.640425463458804,-37.485202429498614
2182,kexp,2,1,1,0.1,-30.39737753240909,-33.617032537089464
2183,kexp,2,1,1,0.05,-30.22055850810822,-33.51260623607613
2184,kexp,2,1,1,0.01,-30.170085045603834,-33.48619874164698
2185,kexp,2,1,1,0,-30.168066660694315,-33.48519369002782
2186,kexp,2,1,1.5,0.5,-37.01668678177516,-38.69325709172941
2187,kexp,2,1,1.5,0.1,-32.243954632490095,-34.71222466954794
2188,kexp,2,1,1.5,0.05,-32.06489386990896,-34.56938453615164
2189,kexp,2,1,1.5,0.01,-32.00860207298582,-34.524980697159904
2190,kexp,2,1,1.5,0,-32.0062708276671,-34.52314815224163
2191,kexp,2,1.5,0.5,0.5,-36.27283698807091,-38.01742318245053
2192,kexp,2,1.5,0.5,0.1,-34.566894355013154,-38.48811573185319
2193,kexp,2,1.5,0.5,0.05,-34.70663179151981,-38.748487583881
2194,kexp,2,1.5,0.5,0.01,-34.77484039177085,-38.85633265211429
2195,kexp,2,1.5,0.5,0,-34.77800509058477,-38.86116104557635
2196,kexp,2,1.5,1,0.5,-36.40950328058903,-38.055006232679936
2197,kexp,2,1.5,1,0.1,-32.31859918389318,-34.90812706132915
2198,kexp,2,1.5,1,0.05,-32.181861576847446,-34.81290152814665
2199,kexp,2,1.5,1,0.01,-32.13979332437388,-34.784343630878126
2200,kexp,2,1.5,1,0,-32.138062533158795,-34.78317828269256
2201,kexp,2,1.5,1.5,0.5,-38.08408543415429,-39.637713404317964
2202,kexp,2,1.5,1.5,0.1,-34.23793018326945,-36.372323364319115
2203,kexp,2,1.5,1.5,0.05,-34.09602818844403,-36.2538781589953
2204,kexp,2,1.5,1.5,0.01,-34.050629313277085,-36.21608057380814
2205,kexp,2,1.5,1.5,0,-34.04873844741297,-36.214507461792934
2206,kexp,2,2,0.5,0.5,-36.696556132417555,-38.1617568490679
2207,kexp,2,2,0.5,0.1,-36.69834886436196,-39.40036968694032
2208,kexp,2,2,0.5,0.05,-36.94833736632166,-39.68365120908471
2209,kexp,2,2,0.5,0.01,-37.04462730600513,-39.789262659824544
2210,kexp,2,2,0.5,0,-37.0488424227167,-39.793850379517124
2211,kexp,2,2,1,0.5,-37.14745302661,-38.58429509333597
2212,kexp,2,2,1,0.1,-34.01246279263779,-36.06160984672285
2213,kexp,2,2,1,0.05,-33.92246643929418,-35.992174992255016
2214,kexp,2,2,1,0.01,-33.8947225604383,-35.97093658204086
2215,kexp,2,2,1,0,-33.893579275622,-35.970063494828736
2216,kexp,2,2,1.5,0.5,-38.9567943320421,-40.36987557725378
2217,kexp,2,2,1.5,0.1,-35.78087189913198,-37.61466857147643
2218,kexp,2,2,1.5,0.05,-35.66960517744731,-37.518279765483705
2219,kexp,2,2,1.5,0.01,-35.63396673300723,-37.487410893349754
2220,kexp,2,2,1.5,0,-35.632481659986894,-37.48612463332944
2221,kexp,2,2.5,0.5,0.5,-37.1362014679256,-38.36987056088877
2222,kexp,2,2.5,0.5,0.1,-38.51616285471338,-40.2721327869697
2223,kexp,2,2.5,0.5,0.05,-38.86334815951964,-40.58953896017753
2224,kexp,2,2.5,0.5,0.01,-38.989227572513826,-40.70305764992674
2225,kexp,2,2.5,0.5,0,-38.9946473740619,-40.707929475737146
2226,kexp,2,2.5,1,0.5,-37.76840253704606,-39.031414976309655
2227,kexp,2,2.5,1,0.1,-35.339698444150535,-36.96620787831988
2228,kexp,2,2.5,1,0.05,-35.286114525508246,-36.918128498357056
2229,kexp,2,2.5,1,0.01,-35.27001524258177,-36.90353041165284
2230,kexp,2,2.5,1,0,-35.26935640399145,-36.902931212111724
2231,kexp,2,2.5,1.5,0.5,-39.64120528710409,-40.935313102616206
2232,kexp,2,2.5,1.5,0.1,-36.9372454442795,-38.53266813767823
2233,kexp,2,2.5,1.5,0.05,-36.84796774974514,-38.452112555336605
2234,kexp,2,2.5,1.5,0.01,-36.819437737898966,-38.426329484393584
2235,kexp,2,2.5,1.5,0,-36.81824951403057,-38.42525522430066
2236,kexp,2,3,0.5,0.5,-37.53132069710029,-38.58478709919041
2237,kexp,2,3,0.5,0.1,-39.93773175686255,-40.970862803566796
2238,kexp,2,3,0.5,0.05,-40.35832922349149,-41.31490858087187
2239,kexp,2,3,0.5,0.01,-40.50759743073463,-41.435807246805474
2240,kexp,2,3,0.5,0,-40.51398644665855,-41.44096948254021
2241,kexp,2,3,1,0.5,-38.26840391290829,-39.39632111033693
2242,kexp,2,3,1,0.1,-36.34795744364235,-37.65201080563644
2243,kexp,2,3,1,0.05,-36.32084704879644,-37.619290807659326
2244,kexp,2,3,1,0.01,-36.31332295509678,-37.609583522356694
2245,kexp,2,3,1,0,-36.31302230759042,-37.60918760103938
2246,kexp,2,3,1.5,0.5,-40.17214984267826,-41.373942757469166
2247,kexp,2,3,1.5,0.1,-37.80158247408622,-39.215300346476596
2248,kexp,2,3,1.5,0.05,-37.72782559265787,-39.145737871269624
2249,kexp,2,3,1.5,0.01,-37.704335187326606,-39.12350952831783
2250,kexp,2,3,1.5,0,-37.70335769462976,-39.12258374060345
2251,kexp,2,3.5,0.5,0.5,-37.873965639355035,-38.79033041570118
2252,kexp,2,3.5,0.5,0.1,-41.037205144360215,-41.52010462022117
2253,kexp,2,3.5,0.5,0.05,-41.511469451625196,-41.882788002121835
2254,kexp,2,3.5,0.5,0.01,-41.6781475703846,-42.00914284816958
2255,kexp,2,3.5,0.5,0,-41.6852628251623,-42.01452489417386
2256,kexp,2,3.5,1,0.5,-38.67052792383364,-39.6961744590547
2257,kexp,2,3.5,1,0.1,-37.11874555382203,-38.1792583061591
2258,kexp,2,3.5,1,0.05,-37.110754288185,-38.15739558913144
2259,kexp,2,3.5,1,0.01,-37.10945439858909,-38.15117822488606
2260,kexp,2,3.5,1,0,-37.10941414555282,-38.15092778480173
2261,kexp,2,3.5,1.5,0.5,-40.58874569810578,-41.72147985115303
2262,kexp,2,3.5,1.5,0.1,-38.45817405555858,-39.73607695068599
2263,kexp,2,3.5,1.5,0.05,-38.39550088303267,-39.6742579582254
2264,kexp,2,3.5,1.5,0.01,-38.37561473189119,-39.654539718095535
2265,kexp,2,3.5,1.5,0,-38.37478801907791,-39.653718848408865
2266,kexp,2,4,0.5,0.5,-38.17069794459289,-38.983358211634474
2267,kexp,2,4,0.5,0.1,-41.901098903314434,-41.96437107639584
2268,kexp,2,4,0.5,0.05,-42.41475358819595,-42.34005597632644
2269,kexp,2,4,0.5,0.01,-42.59431555539236,-42.47031206503947
2270,kexp,2,4,0.5,0,-42.6019698516118,-42.47585286306852
2271,kexp,2,4,1,0.5,-38.998827389346296,-39.94776655065741
2272,kexp,2,4,1,0.1,-37.7203423974793,-38.597468349768256
2273,kexp,2,4,1,0.05,-37.72635154034752,-38.58344744343359
2274,kexp,2,4,1,0.01,-37.72961858356206,-38.57976158848964
2275,kexp,2,4,1,0,-37.72976951306982,-38.579616819615595
2276,kexp,2,4,1.5,0.5,-40.92226352181606,-42.004248770985406
2277,kexp,2,4,1.5,0.1,-38.96891876241757,-40.14635933277291
2278,kexp,2,4,1.5,0.05,-38.91433193465106,-40.09016596008992
2279,kexp,2,4,1.5,0.01,-38.897076161931544,-40.072272803036775
2280,kexp,2,4,1.5,0,-38.89635950028372,-40.07152823852924
2281,kexp,2,6,0.5,0.5,-39.04016016964114,-39.63197582992976
2282,kexp,2,6,0.5,0.1,-44.05676604424012,-43.1983176880173
2283,kexp,2,6,0.5,0.05,-44.6535302667837,-43.6003848500352
2284,kexp,2,6,0.5,0.01,-44.86037406869075,-43.73870167745013
2285,kexp,2,6,0.5,0,-44.8691716356762,-43.744573010155854
2286,kexp,2,6,1,0.5,-39.87341246650692,-40.664273149012324
2287,kexp,2,6,1,0.1,-39.200001034543675,-39.69145193404174
2288,kexp,2,6,1,0.05,-39.23568782449078,-39.694314676219584
2289,kexp,2,6,1,0.01,-39.248634195218855,-39.696090137360706
2290,kexp,2,6,1,0,-39.24919034693438,-39.69617350003601
2291,kexp,2,6,1.5,0.5,-41.78005716226428,-42.76545966890311
2292,kexp,2,6,1.5,0.1,-40.21611574076322,-41.19580258065599
2293,kexp,2,6,1.5,0.05,-40.17868475079535,-41.15186257448841
2294,kexp,2,6,1.5,0.01,-40.167003507633794,-41.13794224676703
2295,kexp,2,6,1.5,0,-40.166520017414264,-41.137363763394305
2296,kexp,2,8,0.5,0.5,-39.590127509477284,-40.10047139716723
2297,kexp,2,8,0.5,0.1,-45.22345743551293,-43.99291043521086
2298,kexp,2,8,0.5,0.05,-45.854678735271335,-44.40700885342571
2299,kexp,2,8,0.5,0.01,-46.07276239245885,-44.54901502710804
2300,kexp,2,8,0.5,0,-46.08203036755164,-44.55503804727357
2301,kexp,2,8,1,0.5,-40.37837995017679,-41.11750457997901
2302,kexp,2,8,1,0.1,-39.981522242717595,-40.335895625469014
2303,kexp,2,8,1,0.05,-40.02961442611152,-40.34655594478891
2304,kexp,2,8,1,0.01,-40.04659017266552,-40.35084697802386
2305,kexp,2,8,1,0,-40.047314843008735,-40.35103536141255
2306,kexp,2,8,1.5,0.5,-42.25547317935289,-43.21884158046535
2307,kexp,2,8,1.5,0.1,-40.86635929433645,-41.79122456529102
2308,kexp,2,8,1.5,0.05,-40.83613340818397,-41.75294882763188
2309,kexp,2,8,1.5,0.01,-40.82678573025205,-41.74085987659915
2310,kexp,2,8,1.5,0,-40.826399768221314,-41.74035789952392
2311,kexp,2,10,0.5,0.5,-39.9456622969993,-40.425471183966636
2312,kexp,2,10,0.5,0.1,-45.93141514884769,-44.531564018000275
2313,kexp,2,10,0.5,0.05,-46.58042225248062,-44.952946486017176
2314,kexp,2,10,0.5,0.01,-46.804263688976505,-45.097184867412096
2315,kexp,2,10,0.5,0,-46.81377217376418,-45.10329969066335
2316,kexp,2,10,1,0.5,-40.69497764135894,-41.420469599217654
2317,kexp,2,10,1,0.1,-40.450959311515135,-40.75646721549714
2318,kexp,2,10,1,0.05,-40.50547651849516,-40.77167238076558
2319,kexp,2,10,1,0.01,-40.524531265521254,-40.77742560262882
2320,kexp,2,10,1,0,-40.52534280088353,-40.777674987939065
2321,kexp,2,10,1.5,0.5,-42.54869502015136,-43.51532863962431
2322,kexp,2,10,1.5,0.1,-41.25481441772637,-42.172956847598506
2323,kexp,2,10,1.5,0.05,-41.22833069553096,-42.13794927066384
2324,kexp,2,10,1.5,0.01,-41.22019191416401,-42.12691480264368
2325,kexp,2,10,1.5,0,-41.21985644331669,-42.12645685376274
2326,kexp,2,25,0.5,0.5,-40.602191398243846,-41.16441881281112
2327,kexp,2,25,0.5,0.1,-47.122599105419376,-45.66021828201736
2328,kexp,2,25,0.5,0.05,-47.79803454106479,-46.09366441965819
2329,kexp,2,25,0.5,0.01,-48.030468358471104,-46.241601029136916
2330,kexp,2,25,0.5,0,-48.04033624342056,-46.24786802959949
2331,kexp,2,25,1,0.5,-41.298078834341766,-42.12604870527371
2332,kexp,2,25,1,0.1,-41.29683107791773,-41.69535347712936
2333,kexp,2,25,1,0.05,-41.36139396341313,-41.71933072174246
2334,kexp,2,25,1,0.01,-41.38370176174053,-41.72790639831711
2335,kexp,2,25,1,0,-41.38464924824227,-41.728273542791094
2336,kexp,2,25,1.5,0.5,-43.122415140818774,-44.218257500420435
2337,kexp,2,25,1.5,0.1,-41.983685323026975,-43.05018657866563
2338,kexp,2,25,1.5,0.05,-41.96319968676508,-43.02170084481333
2339,kexp,2,25,1.5,0.01,-41.95699824121703,-43.012768988884076
2340,kexp,2,25,1.5,0,-41.95674368324269,-43.012398813920235
2341,kexp,2.25,0.2,0.5,0.5,-38.11663343777682,-40.12601477491059
2342,kexp,2.25,0.2,0.5,0.1,-53.61378268713153,-61.01480301493339
2343,kexp,2.25,0.2,0.5,0.05,-60.87075041689479,-69.08340682801749
2344,kexp,2.25,0.2,0.5,0.01,-67.24580344207385,-75.83326086172305
2345,kexp,2.25,0.2,0.5,0,-67.65229176712496,-76.25868540197189
2346,kexp,2.25,0.2,1,0.5,-35.398003970077795,-37.09616296923488
2347,kexp,2.25,0.2,1,0.1,-35.754859735008,-39.79723585167985
2348,kexp,2.25,0.2,1,0.05,-37.98768101756631,-42.274794656352974
2349,kexp,2.25,0.2,1,0.01,-39.60422611488365,-43.99387169780046
2350,kexp,2.25,0.2,1,0,-39.69242158351794,-44.086843199787914
2351,kexp,2.25,0.2,1.5,0.5,-34.96809240883019,-36.421773447975305
2352,kexp,2.25,0.2,1.5,0.1,-31.555619146312445,-34.377081127804175
2353,kexp,2.25,0.2,1.5,0.05,-32.49465050163175,-35.435591566280294
2354,kexp,2.25,0.2,1.5,0.01,-33.1302267403682,-36.11852370209903
2355,kexp,2.25,0.2,1.5,0,-33.16312162186702,-36.15355256525683
2356,kexp,2.25,0.5,0.5,0.5,-36.79516735327809,-39.088911924597845
2357,kexp,2.25,0.5,0.5,0.1,-36.19189409422645,-43.677886821212304
2358,kexp,2.25,0.5,0.5,0.05,-37.356108178841964,-45.37932669197022
2359,kexp,2.25,0.5,0.5,0.01,-38.22764589911331,-46.458064603020105
2360,kexp,2.25,0.5,0.5,0,-38.274483602209436,-46.51416934502215
2361,kexp,2.25,0.5,1,0.5,-35.03865221649366,-37.06330255133977
2362,kexp,2.25,0.5,1,0.1,-29.331428102752636,-33.50453066346653
2363,kexp,2.25,0.5,1,0.05,-29.40109817623688,-33.727443377968235
2364,kexp,2.25,0.5,1,0.01,-29.50353505597595,-33.88489710533307
2365,kexp,2.25,0.5,1,0,-29.509098713358778,-33.89283991036203
2366,kexp,2.25,0.5,1.5,0.5,-35.4737146554606,-37.25632947970112
2367,kexp,2.25,0.5,1.5,0.1,-29.51505541964909,-32.51399015309624
2368,kexp,2.25,0.5,1.5,0.05,-29.39332311893688,-32.465287369763736
2369,kexp,2.25,0.5,1.5,0.01,-29.378240600475184,-32.475582938815954
2370,kexp,2.25,0.5,1.5,0,-29.377960517072538,-32.47638686546257
2371,kexp,2.25,1,0.5,0.5,-36.3863965791764,-38.56693366825141
2372,kexp,2.25,1,0.5,0.1,-33.93964999740325,-40.02622259402077
2373,kexp,2.25,1,0.5,0.05,-34.159126710212384,-40.547727777070996
2374,kexp,2.25,1,0.5,0.01,-34.312262716429814,-40.80571159804908
2375,kexp,2.25,1,0.5,0,-34.31999130040571,-40.817918472147596
2376,kexp,2.25,1,1,0.5,-35.57986956463525,-37.58766695260959
2377,kexp,2.25,1,1,0.1,-30.303171990654697,-33.928150232267235
2378,kexp,2.25,1,1,0.05,-30.13910898118271,-33.852450863458444
2379,kexp,2.25,1,1,0.01,-30.09596659157952,-33.83884174571905
2380,kexp,2.25,1,1,0,-30.094300249075065,-33.83842103218206
2381,kexp,2.25,1,1.5,0.5,-36.6897960255099,-38.52239700379584
2382,kexp,2.25,1,1.5,0.1,-31.718966862593327,-34.48597642011439
2383,kexp,2.25,1,1.5,0.05,-31.53557444803583,-34.34663753482142
2384,kexp,2.25,1,1.5,0.01,-31.478736093304082,-34.30431193995133
2385,kexp,2.25,1,1.5,0,-31.47639333201776,-34.30257865224204
2386,kexp,2.25,1.5,0.5,0.5,-36.50950303713591,-38.38494409047138
2387,kexp,2.25,1.5,0.5,0.1,-35.62005269277319,-39.98372069223921
2388,kexp,2.25,1.5,0.5,0.05,-35.87080259236125,-40.37377575718349
2389,kexp,2.25,1.5,0.5,0.01,-35.98501857945606,-40.5337165733898
2390,kexp,2.25,1.5,0.5,0,-35.99025352545265,-40.54087083494973
2391,kexp,2.25,1.5,1,0.5,-36.28067803724319,-38.0661192973866
2392,kexp,2.25,1.5,1,0.1,-32.22891285553762,-35.0973345121504
2393,kexp,2.25,1.5,1,0.05,-32.10471458935331,-35.021066497201815
2394,kexp,2.25,1.5,1,0.01,-32.06782818600622,-34.9997869784621
2395,kexp,2.25,1.5,1,0,-32.06632839320884,-34.99894050830004
2396,kexp,2.25,1.5,1.5,0.5,-37.716411056105756,-39.40713214065986
2397,kexp,2.25,1.5,1.5,0.1,-33.74176773994672,-36.09878559623129
2398,kexp,2.25,1.5,1.5,0.05,-33.59699840576482,-35.981119256324384
2399,kexp,2.25,1.5,1.5,0.01,-33.550925986309394,-35.94383557002173
2400,kexp,2.25,1.5,1.5,0,-33.54901011585349,-35.942287166141355
2401,kexp,2.25,2,0.5,0.5,-36.859476432953606,-38.4241691072752
2402,kexp,2.25,2,0.5,0.1,-37.82335151966054,-40.740809646447175
2403,kexp,2.25,2,0.5,0.05,-38.202526752040264,-41.14717061043581
2404,kexp,2.25,2,0.5,0.01,-38.34759867642888,-41.29872063198284
2405,kexp,2.25,2,0.5,0,-38.35394311621772,-41.305308655122666
2406,kexp,2.25,2,1,0.5,-36.98722312761498,-38.53505845018693
2407,kexp,2.25,2,1,0.1,-33.991073586373446,-36.20977343791757
2408,kexp,2.25,2,1,0.05,-33.91960734946429,-36.15897090538126
2409,kexp,2.25,2,1,0.01,-33.89856005003321,-36.14437054452105
2410,kexp,2.25,2,1,0,-33.897704950410514,-36.143782180034734
2411,kexp,2.25,2,1.5,0.5,-38.581744397076456,-40.108504387801105
2412,kexp,2.25,2,1.5,0.1,-35.35004559438319,-37.33997191316796
2413,kexp,2.25,2,1.5,0.05,-35.239630251222124,-37.24535597826756
2414,kexp,2.25,2,1.5,0.01,-35.20441468653704,-37.2151857224641
2415,kexp,2.25,2,1.5,0,-35.20294899520111,-37.2139301217324
2416,kexp,2.25,2.5,0.5,0.5,-37.24840570302467,-38.55180496760386
2417,kexp,2.25,2.5,0.5,0.1,-39.7251698280792,-41.51716120319981
2418,kexp,2.25,2.5,0.5,0.05,-40.21851812282053,-41.957049729863485
2419,kexp,2.25,2.5,0.5,0.01,-40.397816298512,-42.114904225841684
2420,kexp,2.25,2.5,0.5,0,-40.40554318496441,-42.12168682996346
2421,kexp,2.25,2.5,1,0.5,-37.59443434256822,-38.942131813447624
2422,kexp,2.25,2.5,1,0.1,-35.386018140948465,-37.095949998559455
2423,kexp,2.25,2.5,1,0.05,-35.3564743058815,-37.06757687705467
2424,kexp,2.25,2.5,1,0.01,-35.34875424631374,-37.059800217455624
2425,kexp,2.25,2.5,1,0,-35.34845240871,-37.059491192495955
2426,kexp,2.25,2.5,1.5,0.5,-39.27042387920569,-40.657393489276
2427,kexp,2.25,2.5,1.5,0.1,-36.56692798983615,-38.26603672281264
2428,kexp,2.25,2.5,1.5,0.05,-36.481648009812176,-38.18849643388932
2429,kexp,2.25,2.5,1.5,0.01,-36.45453963790688,-38.16377817328483
2430,kexp,2.25,2.5,1.5,0,-36.45341225001761,-38.162749413401265
2431,kexp,2.25,3,0.5,0.5,-37.60864705472032,-38.70620782196755
2432,kexp,2.25,3,0.5,0.1,-41.21368474284014,-42.1428528004095
2433,kexp,2.25,3,0.5,0.05,-41.793160487959504,-42.60917286881518
2434,kexp,2.25,3,0.5,0.01,-41.999727629070904,-42.77373249572721
2435,kexp,2.25,3,0.5,0,-42.00858090527323,-42.780768013469
2436,kexp,2.25,3,1,0.5,-38.08903352654967,-39.27992670976415
2437,kexp,2.25,3,1,0.1,-36.44855079743069,-37.769381186855306
2438,kexp,2.25,3,1,0.05,-36.44963445793436,-37.75728333103661
2439,kexp,2.25,3,1,0.01,-36.45181478473125,-37.75463296341878
2440,kexp,2.25,3,1,0,-36.45192616634792,-37.754536246900386
2441,kexp,2.25,3,1.5,0.5,-39.80939448176902,-41.08729084816126
2442,kexp,2.25,3,1.5,0.1,-37.47999623965635,-38.95712003986101
2443,kexp,2.25,3,1.5,0.05,-37.41256515338542,-38.89151845462421
2444,kexp,2.25,3,1.5,0.01,-37.39124988045008,-38.87065049838736
2445,kexp,2.25,3,1.5,0,-37.39036468676455,-38.86978242477237
2446,kexp,2.25,3.5,0.5,0.5,-37.927186829731156,-38.866269267288274
2447,kexp,2.25,3.5,0.5,0.1,-42.36223907977689,-42.631233495454524
2448,kexp,2.25,3.5,0.5,0.05,-43.004391857738405,-43.11548765648519
2449,kexp,2.25,3.5,0.5,0.01,-43.231236239562186,-43.28496564913749
2450,kexp,2.25,3.5,0.5,0,-43.24093402831407,-43.29219395549791
2451,kexp,2.25,3.5,1,0.5,-38.49014197474305,-39.56136054341196
2452,kexp,2.25,3.5,1,0.1,-37.26119703060543,-38.28683662274289
2453,kexp,2.25,3.5,1,0.05,-37.28439143483132,-38.28617570888403
2454,kexp,2.25,3.5,1,0.01,-37.29376641371344,-38.28717645100044
2455,kexp,2.25,3.5,1,0,-37.294178709278896,-38.28723160348403
2456,kexp,2.25,3.5,1.5,0.5,-40.23521776456507,-41.431005549941275
2457,kexp,2.25,3.5,1.5,0.1,-38.17512986641884,-39.48567380203352
2458,kexp,2.25,3.5,1.5,0.05,-38.120459496980324,-39.42847089804072
2459,kexp,2.25,3.5,1.5,0.01,-38.10329523564577,-39.41032205061335
2460,kexp,2.25,3.5,1.5,0,-38.102583702991694,-39.40956758620784
2461,kexp,2.25,4,0.5,0.5,-38.207411113987916,-39.02514088611378
2462,kexp,2.25,4,0.5,0.1,-43.26223153998006,-43.02446201606605
2463,kexp,2.25,4,0.5,0.05,-43.95009787174196,-43.52064261469721
2464,kexp,2.25,4,0.5,0.01,-44.19187695769255,-43.69349174401245
2465,kexp,2.25,4,0.5,0,-44.20219905397272,-43.70085409027042
2466,kexp,2.25,4,1,0.5,-38.82005737569773,-39.80070818073461
2467,kexp,2.25,4,1,0.1,-37.895565869774515,-38.6975690749407
2468,kexp,2.25,4,1,0.05,-37.9349063406168,-38.7050789498797
2469,kexp,2.25,4,1,0.01,-37.949549397772664,-38.708704384522065
2470,kexp,2.25,4,1,0,-37.95018222106157,-38.70886892943047
2471,kexp,2.25,4,1.5,0.5,-40.57832179107975,-41.71330908751234
2472,kexp,2.25,4,1.5,0.1,-38.71692651787496,-39.903507068354926
2473,kexp,2.25,4,1.5,0.05,-38.67155550173816,-39.85238118392943
2474,kexp,2.25,4,1.5,0.01,-38.65741824523301,-39.83620274188125
2475,kexp,2.25,4,1.5,0,-38.656833376815285,-39.83553064254577
2476,kexp,2.25,6,0.5,0.5,-39.05417005276651,-39.60584606172067
2477,kexp,2.25,6,0.5,0.1,-45.5026982402967,-44.13206125963018
2478,kexp,2.25,6,0.5,0.05,-46.28522097286017,-44.64967311404364
2479,kexp,2.25,6,0.5,0.01,-46.55805117170854,-44.828649673899534
2480,kexp,2.25,6,0.5,0,-46.56967382897767,-44.83625745941844
2481,kexp,2.25,6,1,0.5,-39.7136205165312,-40.502964768887885
2482,kexp,2.25,6,1,0.1,-39.459466785905626,-39.78244895892478
2483,kexp,2.25,6,1,0.05,-39.53265849474602,-39.807087870741114
2484,kexp,2.25,6,1,0.01,-39.55834760879292,-39.816233140875475
2485,kexp,2.25,6,1,0,-39.55944290857577,-39.816628004662604
2486,kexp,2.25,6,1.5,0.5,-41.47342114979949,-42.48967154582847
2487,kexp,2.25,6,1.5,0.1,-40.047213744497604,-40.98452873090026
2488,kexp,2.25,6,1.5,0.05,-40.021439207921944,-40.946501892379786
2489,kexp,2.25,6,1.5,0.01,-40.01367431277752,-40.93456956089692
2490,kexp,2.25,6,1.5,0,-40.01335603516508,-40.934074953139756
2491,kexp,2.25,8,0.5,0.5,-39.61407808579111,-40.06044002611918
2492,kexp,2.25,8,0.5,0.1,-46.725748331407665,-44.87711674766652
2493,kexp,2.25,8,0.5,0.05,-47.5460326697364,-45.402801287667515
2494,kexp,2.25,8,0.5,0.01,-47.831140277868954,-45.5840275746358
2495,kexp,2.25,8,0.5,0,-47.84327620315824,-45.59172499110064
2496,kexp,2.25,8,1,0.5,-40.24437214693481,-40.965750559420684
2497,kexp,2.25,8,1,0.1,-40.29449991978865,-40.4369598582511
2498,kexp,2.25,8,1,0.05,-40.381510177251805,-40.469187829681
2499,kexp,2.25,8,1,0.01,-40.41168594190037,-40.480769830037744
2500,kexp,2.25,8,1,0,-40.41296886013172,-40.4812662904245
2501,kexp,2.25,8,1.5,0.5,-41.98153748721025,-42.96643744642066
2502,kexp,2.25,8,1.5,0.1,-40.74987317487238,-41.61093143809446
2503,kexp,2.25,8,1.5,0.05,-40.73220417689891,-41.57885936859758
2504,kexp,2.25,8,1.5,0.01,-40.7270650447585,-41.56885106887815
2505,kexp,2.25,8,1.5,0,-40.72685651251252,-41.56843682359512
2506,kexp,2.25,10,0.5,0.5,-39.99063665223866,-40.3917809868056
2507,kexp,2.25,10,0.5,0.1,-47.485246806164355,-45.40408185000213
2508,kexp,2.25,10,0.5,0.05,-48.324638618474204,-45.93441668193405
2509,kexp,2.25,10,0.5,0.01,-48.61589068451844,-46.1169235135625
2510,kexp,2.25,10,0.5,0,-48.628282758952366,-46.12467180697473
2511,kexp,2.25,10,1,0.5,-40.58674777385805,-41.28498336234359
2512,kexp,2.25,10,1,0.1,-40.80589244562834,-40.87506739075326
2513,kexp,2.25,10,1,0.05,-40.89997869838044,-40.91166093900806
2514,kexp,2.25,10,1,0.01,-40.932440584992584,-40.92463902193852
2515,kexp,2.25,10,1,0,-40.93381898142153,-40.9251936316827
2516,kexp,2.25,10,1.5,0.5,-42.302347828733254,-43.28574342242556
2517,kexp,2.25,10,1.5,0.1,-41.17708091565335,-42.020613610166954
2518,kexp,2.25,10,1.5,0.05,-41.163594962505314,-41.99196442943327
2519,kexp,2.25,10,1.5,0.01,-41.15980661032796,-41.98305920930645
2520,kexp,2.25,10,1.5,0,-41.15965448896742,-41.982691006648196
2521,kexp,2.25,25,0.5,0.5,-40.74004068414947,-41.18901253655286
2522,kexp,2.25,25,0.5,0.1,-48.88395753109858,-46.599086653834554
2523,kexp,2.25,25,0.5,0.05,-49.755203651418306,-47.138720777162995
2524,kexp,2.25,25,0.5,0.01,-50.05677419994965,-47.32388301928847
2525,kexp,2.25,25,0.5,0,-50.0695974202192,-47.331738213689206
2526,kexp,2.25,25,1,0.5,-41.282033690583425,-42.06593766921855
2527,kexp,2.25,25,1,0.1,-41.792537352270514,-41.91042236054237
2528,kexp,2.25,25,1,0.05,-41.898632307507214,-41.95623970413664
2529,kexp,2.25,25,1,0.01,-41.93497965704081,-41.97217453322381
2530,kexp,2.25,25,1,0,-41.936520397567314,-41.97285238262493
2531,kexp,2.25,25,1.5,0.5,-42.96438149991561,-44.074768991659404
2532,kexp,2.25,25,1.5,0.1,-42.02402528024109,-43.00543390238549
2533,kexp,2.25,25,1.5,0.05,-42.01768723988874,-42.98404925421427
2534,kexp,2.25,25,1.5,0.01,-42.016207208824405,-42.977484394681774
2535,kexp,2.25,25,1.5,0,-42.01615149007261,-42.9772138723333
2536,kexp,2.5,0.2,0.5,0.5,-38.67510077974565,-40.8073328471636
2537,kexp,2.5,0.2,0.5,0.1,-57.5862437949685,-65.91588489420042
2538,kexp,2.5,0.2,0.5,0.05,-66.08777924340778,-75.41326426668907
2539,kexp,2.5,0.2,0.5,0.01,-73.80678363195389,-83.60237007916353
2540,kexp,2.5,0.2,0.5,0,-74.31482554249342,-84.13463032437883
2541,kexp,2.5,0.2,1,0.5,-35.66761581571359,-37.49322136194233
2542,kexp,2.5,0.2,1,0.1,-37.40011397244523,-41.96806303214833
2543,kexp,2.5,0.2,1,0.05,-40.11639507910179,-44.98718515538616
2544,kexp,2.5,0.2,1,0.01,-42.13836112426875,-47.13866466005351
2545,kexp,2.5,0.2,1,0,-42.2507583208075,-47.257172062512154
2546,kexp,2.5,0.2,1.5,0.5,-35.02064037665431,-36.59541940592612
2547,kexp,2.5,0.2,1.5,0.1,-32.288938687649704,-35.47957859524335
2548,kexp,2.5,0.2,1.5,0.05,-33.48871334830565,-36.82792567918592
2549,kexp,2.5,0.2,1.5,0.01,-34.31039231297118,-37.70961264191636
2550,kexp,2.5,0.2,1.5,0,-34.353392679673476,-37.75534274129075
2551,kexp,2.5,0.5,0.5,0.5,-37.25182110714183,-39.68308897249935
2552,kexp,2.5,0.5,0.5,0.1,-38.1019082123111,-46.485013813837305
2553,kexp,2.5,0.5,0.5,0.05,-39.56681402614447,-48.604857278094315
2554,kexp,2.5,0.5,0.5,0.01,-40.67944680095201,-49.97452821996104
2555,kexp,2.5,0.5,0.5,0,-40.74009556392288,-50.04677931857591
2556,kexp,2.5,0.5,1,0.5,-35.15519115606379,-37.32400916490934
2557,kexp,2.5,0.5,1,0.1,-29.69622947293384,-34.36846815318598
2558,kexp,2.5,0.5,1,0.05,-29.8518311473714,-34.71202636328956
2559,kexp,2.5,0.5,1,0.01,-30.009437753400515,-34.93800427618584
2560,kexp,2.5,0.5,1,0,-30.017805398159656,-34.94934401886316
2561,kexp,2.5,0.5,1.5,0.5,-35.340869883105654,-37.26207903897631
2562,kexp,2.5,0.5,1.5,0.1,-29.31986156145324,-32.67038771500459
2563,kexp,2.5,0.5,1.5,0.05,-29.22948760838063,-32.669776211342025
2564,kexp,2.5,0.5,1.5,0.01,-29.233695545443023,-32.70550134232492
2565,kexp,2.5,0.5,1.5,0,-29.234365442884002,-32.70752235225836
2566,kexp,2.5,1,0.5,0.5,-36.73837012025596,-39.05025012565088
2567,kexp,2.5,1,0.5,0.1,-35.19757732402859,-41.96540243342356
2568,kexp,2.5,1,0.5,0.05,-35.54539537943709,-42.674904293777246
2569,kexp,2.5,1,0.5,0.01,-35.76811573495551,-43.024292689998184
2570,kexp,2.5,1,0.5,0,-35.77926614934387,-43.04087183662185
2571,kexp,2.5,1,1,0.5,-35.57575813573169,-37.72475550683872
2572,kexp,2.5,1,1,0.1,-30.333875329804858,-34.347762903734306
2573,kexp,2.5,1,1,0.05,-30.188397239054403,-34.30793940213952
2574,kexp,2.5,1,1,0.01,-30.15528485020335,-34.31033178353217
2575,kexp,2.5,1,1,0,-30.15409641699205,-34.31064345179246
2576,kexp,2.5,1,1.5,0.5,-36.437996054433924,-38.40757698357899
2577,kexp,2.5,1,1.5,0.1,-31.312862581904998,-34.36379317361874
2578,kexp,2.5,1,1.5,0.05,-31.128149911462934,-34.23158442870274
2579,kexp,2.5,1,1.5,0.01,-31.071995802338648,-34.192793285615075
2580,kexp,2.5,1,1.5,0,-31.069696606255487,-34.19122409022463
2581,kexp,2.5,1.5,0.5,0.5,-36.77589791962186,-38.76260827622955
2582,kexp,2.5,1.5,0.5,0.1,-36.82112775224719,-41.61064487603487
2583,kexp,2.5,1.5,0.5,0.05,-37.2009971471954,-42.14945504858582
2584,kexp,2.5,1.5,0.5,0.01,-37.36942279111465,-42.36998875683114
2585,kexp,2.5,1.5,0.5,0,-37.37711015667932,-42.37986349852077
2586,kexp,2.5,1.5,1,0.5,-36.212297223364295,-38.1192262042623
2587,kexp,2.5,1.5,1,0.1,-32.26262770546402,-35.39350044426731
2588,kexp,2.5,1.5,1,0.05,-32.15650524594729,-35.34192503309328
2589,kexp,2.5,1.5,1,0.01,-32.12692607169526,-35.33011534263448
2590,kexp,2.5,1.5,1,0,-32.12575067151629,-35.32968395523272
2591,kexp,2.5,1.5,1.5,0.5,-37.421984102198834,-39.232434942467286
2592,kexp,2.5,1.5,1.5,0.1,-33.35867776633711,-35.92175864222067
2593,kexp,2.5,1.5,1.5,0.05,-33.21366025282683,-35.807566242822496
2594,kexp,2.5,1.5,1.5,0.01,-33.16785467341808,-35.77176297579466
2595,kexp,2.5,1.5,1.5,0,-33.165954276517176,-35.77028087419038
2596,kexp,2.5,2,0.5,0.5,-37.06026447896928,-38.7101378776292
2597,kexp,2.5,2,0.5,0.1,-39.100706169588165,-42.220839988371694
2598,kexp,2.5,2,0.5,0.05,-39.62952893529641,-42.76915078033408
2599,kexp,2.5,2,0.5,0.01,-39.83176083787041,-42.97426008700399
2600,kexp,2.5,2,0.5,0,-39.840609691321156,-42.98318887166266
2601,kexp,2.5,2,1,0.5,-36.886959071998646,-38.53069865195713
2602,kexp,2.5,2,1,0.1,-34.09163147117142,-36.46326978956576
2603,kexp,2.5,2,1,0.05,-34.04456554336405,-36.43642056164594
2604,kexp,2.5,2,1,0.01,-34.03233645400517,-36.43037282232571
2605,kexp,2.5,2,1,0,-34.03186095480445,-36.430151611721875
2606,kexp,2.5,2,1.5,0.5,-38.27641102849215,-39.901237618000934
2607,kexp,2.5,2,1.5,0.1,-35.02840603568635,-37.15671404389178
2608,kexp,2.5,2,1.5,0.05,-34.92153777907006,-37.06629086989985
2609,kexp,2.5,2,1.5,0.01,-34.88767491760685,-37.037652164448055
2610,kexp,2.5,2,1.5,0,-34.88626814268801,-37.0364626251317
2611,kexp,2.5,2.5,0.5,0.5,-37.40207786994835,-38.765061720164
2612,kexp,2.5,2.5,0.5,0.1,-41.08715319127249,-42.90375806890016
2613,kexp,2.5,2.5,0.5,0.05,-41.74884267394821,-43.484828344195925
2614,kexp,2.5,2.5,0.5,0.01,-41.99032128069206,-43.694274222517116
2615,kexp,2.5,2.5,0.5,0,-42.00074210044627,-43.70328677757034
2616,kexp,2.5,2.5,1,0.5,-37.47823363608086,-38.89786685771649
2617,kexp,2.5,2.5,1,0.1,-35.55181759447933,-37.327685397463384
2618,kexp,2.5,2.5,1,0.05,-35.55252803136987,-37.32414240122429
2619,kexp,2.5,2.5,1,0.01,-35.55538888129512,-37.3249887115635
2620,kexp,2.5,2.5,1,0,-35.55553829731469,-37.32504685210267
2621,kexp,2.5,2.5,1.5,0.5,-38.9654481994236,-40.43072757169905
2622,kexp,2.5,2.5,1.5,0.1,-36.30200234373746,-38.08567789569738
2623,kexp,2.5,2.5,1.5,0.05,-36.22354408226472,-38.01344882737544
2624,kexp,2.5,2.5,1.5,0.01,-36.198819589006106,-37.99057396023193
2625,kexp,2.5,2.5,1.5,0,-36.197793796325904,-37.98962364367125
2626,kexp,2.5,3,0.5,0.5,-37.728747544547744,-38.86336375091722
2627,kexp,2.5,3,0.5,0.1,-42.64141095805102,-43.45558009328465
2628,kexp,2.5,3,0.5,0.05,-43.40309314839676,-44.06260068401314
2629,kexp,2.5,3,0.5,0.01,-43.6760419630816,-44.27784396372491
2630,kexp,2.5,3,0.5,0,-43.68775832424322,-44.28705961603434
2631,kexp,2.5,3,1,0.5,-37.96474393968292,-39.207423706273445
2632,kexp,2.5,3,1,0.1,-36.66562413698312,-37.98464446999042
2633,kexp,2.5,3,1,0.05,-36.7013710507801,-37.998143114810524
2634,kexp,2.5,3,1,0.01,-36.715531049381084,-38.004282009789755
2635,kexp,2.5,3,1,0,-36.71615163081782,-38.00455830637906
2636,kexp,2.5,3,1.5,0.5,-39.50864790256426,-40.848644767041094
2637,kexp,2.5,3,1.5,0.1,-37.260015413989606,-38.780018945417844
2638,kexp,2.5,3,1.5,0.05,-37.20183714150753,-38.72058894093613
2639,kexp,2.5,3,1.5,0.01,-37.18369036887078,-38.70182684129681
2640,kexp,2.5,3,1.5,0,-37.1829394997303,-38.70104796988561
2641,kexp,2.5,3.5,0.5,0.5,-38.02331363343284,-38.98037355602634
2642,kexp,2.5,3.5,0.5,0.1,-43.83721057053541,-43.88123924287326
2643,kexp,2.5,3.5,0.5,0.05,-44.671344032910504,-44.505164200674116
2644,kexp,2.5,3.5,0.5,0.01,-44.967671172429505,-44.724602847570566
2645,kexp,2.5,3.5,0.5,0,-44.98035956269031,-44.73397520686913
2646,kexp,2.5,3.5,1,0.5,-38.362163594697336,-39.46881896707186
2647,kexp,2.5,3.5,1,0.1,-37.5171019910603,-38.48817486293052
2648,kexp,2.5,3.5,1,0.05,-37.578127526324266,-38.513557873804984
2649,kexp,2.5,3.5,1,0.01,-37.60050746355949,-38.523455841059345
2650,kexp,2.5,3.5,1,0,-37.60147172198047,-38.52388802966291
2651,kexp,2.5,3.5,1.5,0.5,-39.94024267887706,-41.185330211877755
2652,kexp,2.5,3.5,1.5,0.1,-37.99014583874616,-39.31147952755352
2653,kexp,2.5,3.5,1.5,0.05,-37.94647822399236,-39.26103277107438
2654,kexp,2.5,3.5,1.5,0.01,-37.933052566838455,-39.24517340105646
2655,kexp,2.5,3.5,1.5,0,-37.932499208464165,-39.244515737319496
2656,kexp,2.5,4,0.5,0.5,-38.286523708325085,-39.106270642210404
2657,kexp,2.5,4,0.5,0.1,-44.77140403708226,-44.22125210232576
2658,kexp,2.5,4,0.5,0.05,-45.65809599273156,-44.85570152905067
2659,kexp,2.5,4,0.5,0.01,-45.971575442850636,-45.07782551892948
2660,kexp,2.5,4,0.5,0,-45.98498016930302,-45.087299926990184
2661,kexp,2.5,4,1,0.5,-38.691231855253335,-39.69417865677078
2662,kexp,2.5,4,1,0.1,-38.18148025192461,-38.887616010397934
2663,kexp,2.5,4,1,0.05,-38.260919649700185,-38.921381960468125
2664,kexp,2.5,4,1,0.01,-38.289308160851654,-38.93395397295148
2665,kexp,2.5,4,1,0,-38.290523923373705,-38.934497365254295
2666,kexp,2.5,4,1.5,0.5,-40.2899112370531,-41.464229381511714
2667,kexp,2.5,4,1.5,0.1,-38.55986103398624,-39.732533157577066
2668,kexp,2.5,4,1.5,0.05,-38.526756637413364,-39.688554553453926
2669,kexp,2.5,4,1.5,0.01,-38.51677132336219,-39.67479007090847
2670,kexp,2.5,4,1.5,0,-38.516361941450455,-39.67421994473461
2671,kexp,2.5,6,0.5,0.5,-39.105890397562376,-39.61759758632671
2672,kexp,2.5,6,0.5,0.1,-47.090214974511646,-45.19382031508955
2673,kexp,2.5,6,0.5,0.05,-48.084079571576446,-45.84375416575141
2674,kexp,2.5,6,0.5,0.01,-48.432692087500556,-46.069653091604216
2675,kexp,2.5,6,0.5,0,-48.44756749520334,-46.07926897567008
2676,kexp,2.5,6,1,0.5,-39.59633453317695,-40.37601883122308
2677,kexp,2.5,6,1,0.1,-39.821819654515586,-39.952354037986396
2678,kexp,2.5,6,1,0.05,-39.939508800340754,-40.003173846215795
2679,kexp,2.5,6,1,0.01,-39.98038358661433,-40.02120985821694
2680,kexp,2.5,6,1,0,-39.982122145324574,-40.021980847914946
2681,kexp,2.5,6,1.5,0.5,-41.21409979382738,-42.247396708158874
2682,kexp,2.5,6,1.5,0.1,-39.964830237924005,-40.83341654207146
2683,kexp,2.5,6,1.5,0.05,-39.953856038267304,-40.80322372933192
2684,kexp,2.5,6,1.5,0.01,-39.95107186709566,-40.793925060474805
2685,kexp,2.5,6,1.5,0,-39.950963795417216,-40.79354157205619
2686,kexp,2.5,8,0.5,0.5,-39.66939074178817,-40.05275440305864
2687,kexp,2.5,8,0.5,0.1,-48.36255453809502,-45.879588877947945
2688,kexp,2.5,8,0.5,0.05,-49.397706568308635,-46.532964682771976
2689,kexp,2.5,8,0.5,0.01,-49.759693601946246,-46.759409310097936
2690,kexp,2.5,8,0.5,0,-49.77512742990525,-46.76904112818715
2691,kexp,2.5,8,1,0.5,-40.14763766806015,-40.8434089981101
2692,kexp,2.5,8,1,0.1,-40.70506359927916,-40.60955691563272
2693,kexp,2.5,8,1,0.05,-40.838031130568666,-40.66756416363964
2694,kexp,2.5,8,1,0.01,-40.88386380916672,-40.68789059420167
2695,kexp,2.5,8,1,0,-40.88580965393049,-40.688756879478234
2696,kexp,2.5,8,1.5,0.5,-41.75021940971308,-42.74265791455551
2697,kexp,2.5,8,1.5,0.1,-40.71515575252857,-41.48430149400402
2698,kexp,2.5,8,1.5,0.05,-40.71320652820478,-41.460264681097975
2699,kexp,2.5,8,1.5,0.01,-40.713346354021354,-41.452952762468996
2700,kexp,2.5,8,1.5,0,-40.71336049532415,-41.45265222996863
2701,kexp,2.5,10,0.5,0.5,-40.06077766168115,-40.384253648207284
2702,kexp,2.5,10,0.5,0.1,-49.16547025644264,-46.38335488613867
2703,kexp,2.5,10,0.5,0.05,-50.22100024628264,-47.03814026684255
2704,kexp,2.5,10,0.5,0.01,-50.58948913736006,-47.264687635605945
2705,kexp,2.5,10,0.5,0,-50.60519335931196,-47.27431959270275
2706,kexp,2.5,10,1,0.5,-40.511648602050556,-41.17458802536151
2707,kexp,2.5,10,1,0.1,-41.2538610905554,-41.05873073802619
2708,kexp,2.5,10,1,0.05,-41.394540647011574,-41.12076632653935
2709,kexp,2.5,10,1,0.01,-41.44286033874988,-41.14236846505264
2710,kexp,2.5,10,1,0,-41.4449099977646,-41.14328774371453
2711,kexp,2.5,10,1.5,0.5,-42.095438316621326,-43.08128619536375
2712,kexp,2.5,10,1.5,0.1,-41.17776304621537,-41.917230843217496
2713,kexp,2.5,10,1.5,0.05,-41.18043220212116,-41.896703610841215
2714,kexp,2.5,10,1.5,0.01,-41.1820625964524,-41.89052065947616
2715,kexp,2.5,10,1.5,0,-41.18213897730058,-41.89026722744537
2716,kexp,2.5,25,0.5,0.5,-40.895424297803345,-41.23058274712241
2717,kexp,2.5,25,0.5,0.1,-50.75741204142033,-47.61839285361484
2718,kexp,2.5,25,0.5,0.05,-51.84972301050526,-48.27794861842252
2719,kexp,2.5,25,0.5,0.01,-52.23007138157141,-48.50548077818879
2720,kexp,2.5,25,0.5,0,-52.24627047425985,-48.515147461497435
2721,kexp,2.5,25,1,0.5,-41.293579568014586,-42.02348811235219
2722,kexp,2.5,25,1,0.1,-42.37386134414792,-42.17679663288974
2723,kexp,2.5,25,1,0.05,-42.52839825629464,-42.24808455423708
2724,kexp,2.5,25,1,0.01,-42.581196511836204,-42.27263519665777
2725,kexp,2.5,25,1,0,-42.58343323920552,-42.27367717748757
2726,kexp,2.5,25,1.5,0.5,-42.84156605364682,-43.95029964456396
2727,kexp,2.5,25,1.5,0.1,-42.13773601388063,-43.00034309776101
2728,kexp,2.5,25,1.5,0.05,-42.14866091560623,-42.98765305987008
2729,kexp,2.5,25,1.5,0.01,-42.152956579230235,-42.98399205415863
2730,kexp,2.5,25,1.5,0,-42.1531442609056,-42.98384384954502
