model_no,k_name,l1,l2,b,meas_error,lppd_exact,lppd_LOPO
1,ksqexp,1,0.2,0.5,0.5,-26.74862853380587,-27.19893235874301
2,ksqexp,1,0.2,0.5,0.1,-152.30881542888176,-159.5422631724215
3,ksqexp,1,0.2,0.5,0.05,-441.8634957369603,-458.40936935172795
4,ksqexp,1,0.2,0.5,0.01,-6824.788144211698,-7034.048391443746
5,ksqexp,1,0.2,0.5,0,-35559.0613343085,-35420.3376271801
6,ksqexp,1,0.2,1,0.5,-28.480335466840966,-29.008323769181644
7,ksqexp,1,0.2,1,0.1,-129.48795526865445,-135.57469179261386
8,ksqexp,1,0.2,1,0.05,-375.6592257488247,-387.7519218315936
9,ksqexp,1,0.2,1,0.01,-5569.905622817081,-5706.394179686371
10,ksqexp,1,0.2,1,0,-17759.989608220436,-17691.151262838066
11,ksqexp,1,0.2,1.5,0.5,-29.76006269548553,-30.34504146679867
12,ksqexp,1,0.2,1.5,0.1,-117.85008058109867,-123.13065731216436
13,ksqexp,1,0.2,1.5,0.05,-350.49364520052467,-361.4170735161173
14,ksqexp,1,0.2,1.5,0.01,-4693.572335248239,-4788.583417394222
15,ksqexp,1,0.2,1.5,0,-11829.755460440552,-11784.212249126022
16,ksqexp,1,0.5,0.5,0.5,-29.372173419722387,-30.119685937229555
17,ksqexp,1,0.5,0.5,0.1,-79.58039285752541,-84.34622118798407
18,ksqexp,1,0.5,0.5,0.05,-125.70947903492065,-132.8171461218136
19,ksqexp,1,0.5,0.5,0.01,-252.72912055243873,-252.11122642947333
20,ksqexp,1,0.5,0.5,0,-379.9934676260239,-376.91042137592603
21,ksqexp,1,0.5,1,0.5,-31.667963555686274,-32.561038809532306
22,ksqexp,1,0.5,1,0.1,-55.63767855469996,-59.30897220746658
23,ksqexp,1,0.5,1,0.05,-78.54264580653266,-82.5531498077595
24,ksqexp,1,0.5,1,0.01,-138.5393266864408,-138.31133514547398
25,ksqexp,1,0.5,1,0,-188.22270139926886,-187.32376156473973
26,ksqexp,1,0.5,1.5,0.5,-33.321240707922925,-34.2951450669454
27,ksqexp,1,0.5,1.5,0.1,-46.64865141711133,-49.70368273762232
28,ksqexp,1,0.5,1.5,0.05,-61.48075658572328,-64.28129275644167
29,ksqexp,1,0.5,1.5,0.01,-99.5793986044354,-99.72216699280801
30,ksqexp,1,0.5,1.5,0,-127.08976877573568,-126.91886441873294
31,ksqexp,1,1,0.5,0.5,-29.918147710976946,-30.655430359603017
32,ksqexp,1,1,0.5,0.1,-29.030256635281052,-30.06223794686259
33,ksqexp,1,1,0.5,0.05,-29.031529902836674,-29.85371323485223
34,ksqexp,1,1,0.5,0.01,-31.92588434304836,-32.61900780953194
35,ksqexp,1,1,0.5,0,-33.37003730089562,-34.057018926128734
36,ksqexp,1,1,1,0.5,-31.99869457184027,-32.86445462809657
37,ksqexp,1,1,1,0.1,-25.115614207572595,-26.3311483943954
38,ksqexp,1,1,1,0.05,-23.92702825610939,-25.09409488003118
39,ksqexp,1,1,1,0.01,-24.73359326188738,-25.87374536782513
40,ksqexp,1,1,1,0,-25.058004833069358,-26.197025059444684
41,ksqexp,1,1,1.5,0.5,-33.932344985621725,-34.89180309475917
42,ksqexp,1,1,1.5,0.1,-26.019928390503313,-27.333015329982487
43,ksqexp,1,1,1.5,0.05,-24.7793932920981,-26.077873410258867
44,ksqexp,1,1,1.5,0.01,-24.963477276064094,-26.2535054816706
45,ksqexp,1,1,1.5,0,-25.0779841081135,-26.367683868211238
46,ksqexp,1,1.5,0.5,0.5,-30.044986432662036,-30.772089337063044
47,ksqexp,1,1.5,0.5,0.1,-24.628917505210904,-25.07672669563124
48,ksqexp,1,1.5,0.5,0.05,-23.68282568834226,-23.950418365622575
49,ksqexp,1,1.5,0.5,0.01,-23.481554494928154,-23.689770109790032
50,ksqexp,1,1.5,0.5,0,-23.508169938105357,-23.714529562429504
51,ksqexp,1,1.5,1,0.5,-32.66868788839167,-33.53479212147917
52,ksqexp,1,1.5,1,0.1,-25.349484767994245,-26.380873253413682
53,ksqexp,1,1.5,1,0.05,-24.387381202819224,-25.40137284023186
54,ksqexp,1,1.5,1,0.01,-24.034476345481906,-25.045482123397132
55,ksqexp,1,1.5,1,0,-24.022945066265336,-25.03395660213789
56,ksqexp,1,1.5,1.5,0.5,-35.16613140478111,-36.14878432674863
57,ksqexp,1,1.5,1.5,0.1,-28.14473471042963,-29.41293365661568
58,ksqexp,1,1.5,1.5,0.05,-27.320564086118445,-28.595740576928616
59,ksqexp,1,1.5,1.5,0.01,-26.998604120364842,-28.27762363895496
60,ksqexp,1,1.5,1.5,0,-26.985193542278285,-28.264422382004355
61,ksqexp,1,2,0.5,0.5,-30.332235989621374,-31.02911871221134
62,ksqexp,1,2,0.5,0.1,-25.103657606165616,-25.2664370504061
63,ksqexp,1,2,0.5,0.05,-24.60154377656796,-24.575860292471063
64,ksqexp,1,2,0.5,0.01,-24.39841676250846,-24.303922019805558
65,ksqexp,1,2,0.5,0,-24.390640313083022,-24.293247860436473
66,ksqexp,1,2,1,0.5,-33.423367375575914,-34.279511140480594
67,ksqexp,1,2,1,0.1,-27.238728035040534,-28.18208386749782
68,ksqexp,1,2,1,0.05,-26.681391349213563,-27.603550199592583
69,ksqexp,1,2,1,0.01,-26.466284583953946,-27.381342704374553
70,ksqexp,1,2,1,0,-26.456892850000003,-27.37165977565188
71,ksqexp,1,2,1.5,0.5,-36.270742256443896,-37.26803031358378
72,ksqexp,1,2,1.5,0.1,-30.580499006762455,-31.827065126783857
73,ksqexp,1,2,1.5,0.05,-30.116326153764977,-31.366984153296258
74,ksqexp,1,2,1.5,0.01,-29.943795324190074,-31.195885534315963
75,ksqexp,1,2,1.5,0,-29.936300462358535,-31.18845384744836
76,ksqexp,1,2.5,0.5,0.5,-30.634743631102694,-31.298290801392834
77,ksqexp,1,2.5,0.5,0.1,-26.23820489860408,-26.20305154110431
78,ksqexp,1,2.5,0.5,0.05,-26.070402289646303,-25.836620847954944
79,ksqexp,1,2.5,0.5,0.01,-26.013506857197918,-25.705139869020492
80,ksqexp,1,2.5,0.5,0,-26.0112018894862,-25.699603433256314
81,ksqexp,1,2.5,1,0.5,-34.03013400051422,-34.86686745864791
82,ksqexp,1,2.5,1,0.1,-28.86686905695147,-29.729241738309597
83,ksqexp,1,2.5,1,0.05,-28.551465703192626,-29.38817159148558
84,ksqexp,1,2.5,1,0.01,-28.440228431629794,-29.26769897622849
85,ksqexp,1,2.5,1,0,-28.435467647260577,-29.262542661250855
86,ksqexp,1,2.5,1.5,0.5,-37.07757689333773,-38.06988311722549
87,ksqexp,1,2.5,1.5,0.1,-32.403396580779145,-33.6085388200976
88,ksqexp,1,2.5,1.5,0.05,-32.131743366671735,-33.338141462293876
89,ksqexp,1,2.5,1.5,0.01,-32.038190647521915,-33.24481577529876
90,ksqexp,1,2.5,1.5,0,-32.03421299991356,-33.24084583731598
91,ksqexp,1,3,0.5,0.5,-30.923350712587283,-31.565248741510242
92,ksqexp,1,3,0.5,0.1,-27.36413208435587,-27.187653816580166
93,ksqexp,1,3,0.5,0.05,-27.378734306150044,-26.99310954329934
94,ksqexp,1,3,0.5,0.01,-27.395146317966926,-26.93065925477333
95,ksqexp,1,3,0.5,0,-27.39600038930809,-26.928084211808418
96,ksqexp,1,3,1,0.5,-34.5112533919836,-35.33227676882087
97,ksqexp,1,3,1,0.1,-30.118020688583073,-30.916026612405936
98,ksqexp,1,3,1,0.05,-29.920136941043666,-30.688955798611104
99,ksqexp,1,3,1,0.01,-29.854314980877295,-30.612582849918866
100,ksqexp,1,3,1,0,-29.85154337240603,-30.609357949159673
101,ksqexp,1,3,1.5,0.5,-37.67889913801649,-38.66246789473561
102,ksqexp,1,3,1.5,0.1,-33.70768984940495,-34.87520770043313
103,ksqexp,1,3,1.5,0.05,-33.52412243907481,-34.69098958361503
104,ksqexp,1,3,1.5,0.01,-33.46327392593245,-34.62968706114579
105,ksqexp,1,3,1.5,0,-33.460714466835356,-34.62710596167906
106,ksqexp,1,3.5,0.5,0.5,-31.17931892985637,-31.81319564628609
107,ksqexp,1,3.5,0.5,0.1,-28.272433133401847,-28.01528987773117
108,ksqexp,1,3.5,0.5,0.05,-28.378893111170413,-27.90483231175644
109,ksqexp,1,3.5,0.5,0.01,-28.428475343753274,-27.87260153946093
110,ksqexp,1,3.5,0.5,0,-28.430739860147042,-27.871306621732373
111,ksqexp,1,3.5,1,0.5,-34.88627606126257,-35.701298167150746
112,ksqexp,1,3.5,1,0.1,-31.016908570736774,-31.77848078186819
113,ksqexp,1,3.5,1,0.05,-30.87570907173305,-31.605750363534845
114,ksqexp,1,3.5,1,0.01,-30.83029510858374,-31.548955122694643
115,ksqexp,1,3.5,1,0,-30.82840063971161,-31.546571709588
116,ksqexp,1,3.5,1.5,0.5,-38.12671491580485,-39.1073387212942
117,ksqexp,1,3.5,1.5,0.1,-34.60849177404971,-35.7552559846281
118,ksqexp,1,3.5,1.5,0.05,-34.46646892229941,-35.611405515765284
119,ksqexp,1,3.5,1.5,0.01,-34.42021389815269,-35.56429191037773
120,ksqexp,1,3.5,1.5,0,-34.41827766629724,-35.562316838943076
121,ksqexp,1,4,0.5,0.5,-31.387662033769654,-32.02219351010126
122,ksqexp,1,4,0.5,0.1,-28.91878409153975,-28.625309558284947
123,ksqexp,1,4,0.5,0.05,-29.071833742028048,-28.55656293862943
124,ksqexp,1,4,0.5,0.01,-29.137283037579813,-28.538363818006477
125,ksqexp,1,4,0.5,0,-29.14021426218866,-28.537655309494877
126,ksqexp,1,4,1,0.5,-35.16704061743613,-35.98307243977825
127,ksqexp,1,4,1,0.1,-31.636804466154477,-32.38316669334322
128,ksqexp,1,4,1,0.05,-31.52533698801883,-32.23874705246262
129,ksqexp,1,4,1,0.01,-31.49025465597119,-32.191785103552725
130,ksqexp,1,4,1,0,-31.488800017971155,-32.189820224584295
131,ksqexp,1,4,1.5,0.5,-38.452811857442086,-39.43546718380448
132,ksqexp,1,4,1.5,0.1,-35.2228649250683,-36.362074257497596
133,ksqexp,1,4,1.5,0.05,-35.10271545671973,-36.23940544911138
134,ksqexp,1,4,1.5,0.01,-35.06393795067448,-36.199533385912005
135,ksqexp,1,4,1.5,0,-35.06231870329657,-36.19786529635118
136,ksqexp,1,6,0.5,0.5,-31.873535807843453,-32.525520297543835
137,ksqexp,1,6,0.5,0.1,-30.17527744651119,-29.868927452759184
138,ksqexp,1,6,0.5,0.05,-30.39589030239202,-29.860989847157906
139,ksqexp,1,6,0.5,0.01,-30.484206132868774,-29.8631002961848
140,ksqexp,1,6,0.5,0,-30.488101523591723,-29.863244386033
141,ksqexp,1,6,1,0.5,-35.76991689081378,-36.600274866731304
142,ksqexp,1,6,1,0.1,-32.859611105639445,-33.60375797466061
143,ksqexp,1,6,1,0.05,-32.794006343210555,-33.50324714828361
144,ksqexp,1,6,1,0.01,-32.77450308038809,-33.47117977241203
145,ksqexp,1,6,1,0,-32.773707695795466,-33.46984493786263
146,ksqexp,1,6,1.5,0.5,-39.14034844684383,-40.13584987862434
147,ksqexp,1,6,1.5,0.1,-36.441027697866836,-37.58243275167356
148,ksqexp,1,6,1.5,0.05,-36.354790964839616,-37.4927368157486
149,ksqexp,1,6,1.5,0.01,-36.3273734702261,-37.46390457417124
150,ksqexp,1,6,1.5,0,-36.326233186595424,-37.46270188854385
151,ksqexp,1,8,0.5,0.5,-32.15385218344107,-32.814534372648744
152,ksqexp,1,8,0.5,0.1,-30.83881182210005,-30.528328589047813
153,ksqexp,1,8,0.5,0.05,-31.089634920780416,-30.547874163947217
154,ksqexp,1,8,0.5,0.01,-31.18826450294357,-30.559310040741092
155,ksqexp,1,8,0.5,0,-31.192596910667156,-30.559848619882025
156,ksqexp,1,8,1,0.5,-36.10152457482711,-36.93698021007247
157,ksqexp,1,8,1,0.1,-33.48056270626579,-34.22205159491013
158,ksqexp,1,8,1,0.05,-33.43256979268437,-34.13837076428756
159,ksqexp,1,8,1,0.01,-33.4189280339712,-34.11189815256442
160,ksqexp,1,8,1,0,-33.418379356114826,-34.11079872709315
161,ksqexp,1,8,1.5,0.5,-39.5119783882627,-40.51077684717557
162,ksqexp,1,8,1.5,0.1,-37.049148701553854,-38.18873596895621
163,ksqexp,1,8,1.5,0.05,-36.97528157256006,-38.11103212372298
164,ksqexp,1,8,1.5,0.01,-36.95193314312242,-38.08614278519153
165,ksqexp,1,8,1.5,0,-36.95096360466289,-38.08510552956835
166,ksqexp,1,10,0.5,0.5,-32.37871739910616,-33.04552512593978
167,ksqexp,1,10,0.5,0.1,-31.32380699113244,-31.00961136701548
168,ksqexp,1,10,0.5,0.05,-31.592269516686112,-31.045121445593654
169,ksqexp,1,10,0.5,0.01,-31.696830163629556,-31.061896896905644
170,ksqexp,1,10,0.5,0,-31.70141288123337,-31.062660511867175
171,ksqexp,1,10,1,0.5,-36.355353286376314,-37.193844020442924
172,ksqexp,1,10,1,0.1,-33.910392678193894,-34.649202838760786
173,ksqexp,1,10,1,0.05,-33.87161907542279,-34.57425751389453
174,ksqexp,1,10,1,0.01,-33.86100959576649,-34.550654408970246
175,ksqexp,1,10,1,0,-33.860588152079714,-34.54967534858461
176,ksqexp,1,10,1.5,0.5,-39.78762659685507,-40.78801576038453
177,ksqexp,1,10,1.5,0.1,-37.460786224613386,-38.59825071719443
178,ksqexp,1,10,1.5,0.05,-37.39316565253344,-38.526556409068
179,ksqexp,1,10,1.5,0.01,-37.37185426166729,-38.50362566073133
180,ksqexp,1,10,1.5,0,-37.37097000909401,-38.502670394228616
181,ksqexp,1,25,0.5,0.5,-33.291693611516095,-33.99648695161082
182,ksqexp,1,25,0.5,0.1,-33.07240355940555,-32.82897069517834
183,ksqexp,1,25,0.5,0.05,-33.38585854983286,-32.910200604203396
184,ksqexp,1,25,0.5,0.01,-33.50524156486176,-32.942004090777274
185,ksqexp,1,25,0.5,0,-33.51044649318362,-32.94339817412932
186,ksqexp,1,25,1,0.5,-37.15960618542959,-38.02548925687087
187,ksqexp,1,25,1,0.1,-35.1040227636721,-35.87818665271269
188,ksqexp,1,25,1,0.05,-35.082415526042695,-35.82051776848095
189,ksqexp,1,25,1,0.01,-35.07739088784469,-35.80253021684285
190,ksqexp,1,25,1,0,-35.077203126818404,-35.80178606922401
191,ksqexp,1,25,1.5,0.5,-40.53925321596129,-41.56020117940443
192,ksqexp,1,25,1.5,0.1,-38.46623123620353,-39.62709753037559
193,ksqexp,1,25,1.5,0.05,-38.40885306588118,-39.565665301138054
194,ksqexp,1,25,1.5,0.01,-38.39085777603604,-39.5460553099373
195,ksqexp,1,25,1.5,0,-38.39011210476183,-39.54523880099342
196,ksqexp,1.25,0.2,0.5,0.5,-25.75471756707591,-26.272209970729502
197,ksqexp,1.25,0.2,0.5,0.1,-222.76275819394078,-232.68330076706926
198,ksqexp,1.25,0.2,0.5,0.05,-741.2786490884433,-769.0414970535019
199,ksqexp,1.25,0.2,0.5,0.01,-8656.729424253897,-9167.408757223004
200,ksqexp,1.25,0.2,0.5,0,-127089.81896609972,-127799.36030472243
201,ksqexp,1.25,0.2,1,0.5,-27.184890851248664,-27.760757841028322
202,ksqexp,1.25,0.2,1,0.1,-203.34790410019465,-212.7532608550854
203,ksqexp,1.25,0.2,1,0.05,-614.7576009030369,-635.5053272982659
204,ksqexp,1.25,0.2,1,0.01,-7808.411856147424,-8332.34745432473
205,ksqexp,1.25,0.2,1,0,-63515.31168084418,-63871.12855297816
206,ksqexp,1.25,0.2,1.5,0.5,-28.32150149074902,-28.95281148764726
207,ksqexp,1.25,0.2,1.5,0.1,-189.53506665582725,-198.12479656935142
208,ksqexp,1.25,0.2,1.5,0.05,-543.4610324408001,-561.1907170669605
209,ksqexp,1.25,0.2,1.5,0.01,-7259.3833990662215,-7737.41322099462
210,ksqexp,1.25,0.2,1.5,0,-42326.593143468475,-42564.50220766217
211,ksqexp,1.25,0.5,0.5,0.5,-28.169822513068617,-29.086425893622504
212,ksqexp,1.25,0.5,0.5,0.1,-159.88766703578506,-164.6497205651258
213,ksqexp,1.25,0.5,0.5,0.05,-316.83877623527104,-328.6106867657052
214,ksqexp,1.25,0.5,0.5,0.01,-802.838562416736,-799.3227514835634
215,ksqexp,1.25,0.5,0.5,0,-1377.230170588092,-1324.656164421653
216,ksqexp,1.25,0.5,1,0.5,-30.345959164704354,-31.475315191501526
217,ksqexp,1.25,0.5,1,0.1,-117.44987010116648,-121.88173074933884
218,ksqexp,1.25,0.5,1,0.05,-197.6151054501969,-207.98390238500141
219,ksqexp,1.25,0.5,1,0.01,-451.68717567069007,-443.5883249196122
220,ksqexp,1.25,0.5,1,0,-678.162935339174,-653.1503210838629
221,ksqexp,1.25,0.5,1.5,0.5,-31.941408752731352,-33.19480874523891
222,ksqexp,1.25,0.5,1.5,0.1,-95.36245117824747,-99.90052947637648
223,ksqexp,1.25,0.5,1.5,0.05,-148.41107555091887,-157.06002434881123
224,ksqexp,1.25,0.5,1.5,0.01,-318.2705741926299,-311.27444384961
225,ksqexp,1.25,0.5,1.5,0,-447.93117496315654,-432.1056916264173
226,ksqexp,1.25,1,0.5,0.5,-29.291268654453223,-30.2524959453797
227,ksqexp,1.25,1,0.5,0.1,-50.469767168749286,-47.01443367004765
228,ksqexp,1.25,1,0.5,0.05,-71.34609737536073,-62.61439057527279
229,ksqexp,1.25,1,0.5,0.01,-94.10601460124968,-80.52533651124517
230,ksqexp,1.25,1,0.5,0,-101.51300567346286,-87.59428197968573
231,ksqexp,1.25,1,1,0.5,-30.779804465488542,-31.91104361711549
232,ksqexp,1.25,1,1,0.1,-36.49532773256441,-34.82449960455698
233,ksqexp,1.25,1,1,0.05,-43.47346053937606,-39.65409406280338
234,ksqexp,1.25,1,1,0.01,-50.742858723205636,-45.47635566046127
235,ksqexp,1.25,1,1,0,-52.80950875699733,-47.45894180610232
236,ksqexp,1.25,1,1.5,0.5,-32.11655305716849,-33.36200785989117
237,ksqexp,1.25,1,1.5,0.1,-32.17388955388814,-31.56520451759747
238,ksqexp,1.25,1,1.5,0.05,-35.02958057372658,-33.25163565548284
239,ksqexp,1.25,1,1.5,0.01,-38.46331985728209,-36.00545459158172
240,ksqexp,1.25,1,1.5,0,-39.36566653731515,-36.87115183445048
241,ksqexp,1.25,1.5,0.5,0.5,-29.28393162037624,-30.213310115613375
242,ksqexp,1.25,1.5,0.5,0.1,-32.853348101898014,-29.590386894473202
243,ksqexp,1.25,1.5,0.5,0.05,-36.51902978104544,-30.559408313280056
244,ksqexp,1.25,1.5,0.5,0.01,-38.21671602459632,-31.019514693173207
245,ksqexp,1.25,1.5,0.5,0,-38.453794358520305,-31.21497334290629
246,ksqexp,1.25,1.5,1,0.5,-30.941937677702658,-32.06732717085843
247,ksqexp,1.25,1.5,1,0.1,-26.632500874915937,-25.778859717249922
248,ksqexp,1.25,1.5,1,0.05,-26.47022624609467,-24.871199927294796
249,ksqexp,1.25,1.5,1,0.01,-26.28934606448289,-24.430575357293634
250,ksqexp,1.25,1.5,1,0,-26.304863926832407,-24.43820024416107
251,ksqexp,1.25,1.5,1.5,0.5,-32.67427944420431,-33.959555169655935
252,ksqexp,1.25,1.5,1.5,0.1,-26.302243933666453,-26.61913592757122
253,ksqexp,1.25,1.5,1.5,0.05,-25.4956105818517,-25.511273165677114
254,ksqexp,1.25,1.5,1.5,0.01,-25.059986045925733,-24.98650672750054
255,ksqexp,1.25,1.5,1.5,0,-25.045877215824945,-24.969932644188106
256,ksqexp,1.25,2,0.5,0.5,-29.436211643440867,-30.34421772023491
257,ksqexp,1.25,2,0.5,0.1,-28.171069735773344,-25.697732568433604
258,ksqexp,1.25,2,0.5,0.05,-29.39308148990383,-25.132901467965773
259,ksqexp,1.25,2,0.5,0.01,-29.71146777703061,-24.653560515757302
260,ksqexp,1.25,2,0.5,0,-29.726071610752474,-24.633598470794443
261,ksqexp,1.25,2,1,0.5,-31.53394919146691,-32.68077268816472
262,ksqexp,1.25,2,1,0.1,-25.567327199427886,-25.45207550747977
263,ksqexp,1.25,2,1,0.05,-25.054320028682028,-24.4958928012917
264,ksqexp,1.25,2,1,0.01,-24.742431165760767,-24.019432326595048
265,ksqexp,1.25,2,1,0,-24.72696711536838,-23.997135364353596
266,ksqexp,1.25,2,1.5,0.5,-33.64844321955542,-35.005357155782576
267,ksqexp,1.25,2,1.5,0.1,-26.895159434872923,-27.836627131369028
268,ksqexp,1.25,2,1.5,0.05,-26.195695591285602,-26.977168289464657
269,ksqexp,1.25,2,1.5,0.01,-25.86668954536343,-26.593304836199742
270,ksqexp,1.25,2,1.5,0,-25.851255716881834,-26.575637762227856
271,ksqexp,1.25,2.5,0.5,0.5,-29.679466586354632,-30.54821622979945
272,ksqexp,1.25,2.5,0.5,0.1,-27.767694700930438,-25.519463913128906
273,ksqexp,1.25,2.5,0.5,0.05,-29.002796523428177,-25.16013186824194
274,ksqexp,1.25,2.5,0.5,0.01,-29.544396195338177,-24.956168650250326
275,ksqexp,1.25,2.5,0.5,0,-29.56891993076352,-24.946285135043887
276,ksqexp,1.25,2.5,1,0.5,-32.170935709802585,-33.32155476184889
277,ksqexp,1.25,2.5,1,0.1,-26.721012312828964,-26.815841187502958
278,ksqexp,1.25,2.5,1,0.05,-26.52903649082882,-26.223453942314038
279,ksqexp,1.25,2.5,1,0.01,-26.443524713213026,-25.978114320311626
280,ksqexp,1.25,2.5,1,0,-26.439501112396893,-25.967050373626808
281,ksqexp,1.25,2.5,1.5,0.5,-34.56359704693176,-35.96405748730102
282,ksqexp,1.25,2.5,1.5,0.1,-28.70509637060513,-29.821955068581936
283,ksqexp,1.25,2.5,1.5,0.05,-28.33605090418031,-29.30536156611154
284,ksqexp,1.25,2.5,1.5,0.01,-28.1933329289112,-29.106706075584768
285,ksqexp,1.25,2.5,1.5,0,-28.187018272946254,-29.097962219871434
286,ksqexp,1.25,3,0.5,0.5,-29.948777481021438,-30.78336138803085
287,ksqexp,1.25,3,0.5,0.1,-28.58007467131552,-26.27437386200678
288,ksqexp,1.25,3,0.5,0.05,-30.10194675835857,-26.227140145835392
289,ksqexp,1.25,3,0.5,0.01,-30.852834665307363,-26.232941621533527
290,ksqexp,1.25,3,0.5,0,-30.8882093261889,-26.233570672565556
291,ksqexp,1.25,3,1,0.5,-32.74484655659883,-33.88938042252726
292,ksqexp,1.25,3,1,0.1,-28.212690171531843,-28.30454721504205
293,ksqexp,1.25,3,1,0.05,-28.28146780733682,-27.972413951018304
294,ksqexp,1.25,3,1,0.01,-28.3264252114395,-27.854731494045925
295,ksqexp,1.25,3,1,0,-28.328590923236018,-27.84967673327439
296,ksqexp,1.25,3,1.5,0.5,-35.33626988680553,-36.753206486558724
297,ksqexp,1.25,3,1.5,0.1,-30.472919267420572,-31.598024078708875
298,ksqexp,1.25,3,1.5,0.05,-30.316729540686964,-31.29059892827753
299,ksqexp,1.25,3,1.5,0.01,-30.268056921263,-31.183601859024968
300,ksqexp,1.25,3,1.5,0,-30.26604155559332,-31.17903552023099
301,ksqexp,1.25,3.5,0.5,0.5,-30.226023422190604,-31.039500066307156
302,ksqexp,1.25,3.5,0.5,0.1,-29.769134634594284,-27.316379627829757
303,ksqexp,1.25,3.5,0.5,0.05,-31.524106349394263,-27.490461827690897
304,ksqexp,1.25,3.5,0.5,0.01,-32.39018411048103,-27.604335314214588
305,ksqexp,1.25,3.5,0.5,0,-32.43099206523923,-27.610015183635948
306,ksqexp,1.25,3.5,1,0.5,-33.250132947163614,-34.38748337707072
307,ksqexp,1.25,3.5,1,0.1,-29.606186870994865,-29.634457780168532
308,ksqexp,1.25,3.5,1,0.05,-29.828716950201056,-29.4496709775054
309,ksqexp,1.25,3.5,1,0.01,-29.937411410782907,-29.39285736525997
310,ksqexp,1.25,3.5,1,0,-29.942434911740218,-29.39052698205323
311,ksqexp,1.25,3.5,1.5,0.5,-35.98402915677426,-37.40533424906107
312,ksqexp,1.25,3.5,1.5,0.1,-31.949980339583078,-33.03929458730469
313,ksqexp,1.25,3.5,1.5,0.05,-31.908182496651797,-32.84195652249771
314,ksqexp,1.25,3.5,1.5,0.01,-31.903650904351466,-32.77739287631238
315,ksqexp,1.25,3.5,1.5,0,-31.903572627249414,-32.774687681580176
316,ksqexp,1.25,4,0.5,0.5,-30.492753582731012,-31.298051575933705
317,ksqexp,1.25,4,0.5,0.1,-30.937210083988,-28.344047195342714
318,ksqexp,1.25,4,0.5,0.05,-32.849392505966726,-28.6565476180064
319,ksqexp,1.25,4,0.5,0.01,-33.779744155052114,-28.82677007672888
320,ksqexp,1.25,4,0.5,0,-33.823419056504676,-28.83495270681548
321,ksqexp,1.25,4,1,0.5,-33.68069143891345,-34.81573087976211
322,ksqexp,1.25,4,1,0.1,-30.753629562580993,-30.717798901290728
323,ksqexp,1.25,4,1,0.05,-31.064155448659637,-30.614449843980417
324,ksqexp,1.25,4,1,0.01,-31.20586262812392,-30.58817762685925
325,ksqexp,1.25,4,1,0,-31.212323242175994,-30.587176180715577
326,ksqexp,1.25,4,1.5,0.5,-36.513138457212726,-37.9378206527719
327,ksqexp,1.25,4,1.5,0.1,-33.09377045735136,-34.14621825607269
328,ksqexp,1.25,4,1.5,0.05,-33.11396418231195,-34.00726451698221
329,ksqexp,1.25,4,1.5,0.01,-33.13173395668348,-33.963709215566006
330,ksqexp,1.25,4,1.5,0,-33.132614737408645,-33.961907438737136
331,ksqexp,1.25,6,0.5,0.5,-31.20413111574307,-32.02998529800392
332,ksqexp,1.25,6,0.5,0.1,-33.54185927722259,-30.64292870116809
333,ksqexp,1.25,6,0.5,0.05,-35.701297904670525,-31.1408599002411
334,ksqexp,1.25,6,0.5,0.01,-36.722263840352355,-31.377944907110088
335,ksqexp,1.25,6,0.5,0,-36.769851596409794,-31.388997627880173
336,ksqexp,1.25,6,1,0.5,-34.67614809690797,-35.829255488084726
337,ksqexp,1.25,6,1,0.1,-33.1289442490883,-32.94481093291255
338,ksqexp,1.25,6,1,0.05,-33.56529897269915,-32.94854175697179
339,ksqexp,1.25,6,1,0.01,-33.751117533498764,-32.95974366096354
340,ksqexp,1.25,6,1,0,-33.75946135083005,-32.96034121778332
341,ksqexp,1.25,6,1.5,0.5,-37.683610601117635,-39.127545679523465
342,ksqexp,1.25,6,1.5,0.1,-35.392017259183994,-36.35603015123488
343,ksqexp,1.25,6,1.5,0.05,-35.4975461406304,-36.293034806680154
344,ksqexp,1.25,6,1.5,0.01,-35.544534591588096,-36.27547831300602
345,ksqexp,1.25,6,1.5,0,-35.54665470231202,-36.27477918113996
346,ksqexp,1.25,8,0.5,0.5,-31.532574731114654,-32.37779927025567
347,ksqexp,1.25,8,0.5,0.1,-34.50236801587004,-31.47321728678138
348,ksqexp,1.25,8,0.5,0.05,-36.736450214752075,-32.01610532828985
349,ksqexp,1.25,8,0.5,0.01,-37.78411030886201,-32.26893349061664
350,ksqexp,1.25,8,0.5,0,-37.83284317274078,-32.280657781747735
351,ksqexp,1.25,8,1,0.5,-35.10052320132248,-36.262906763610246
352,ksqexp,1.25,8,1,0.1,-34.0497789220937,-33.79294651791876
353,ksqexp,1.25,8,1,0.05,-34.524335254026575,-33.82611752858281
354,ksqexp,1.25,8,1,0.01,-34.72312996311567,-33.847274199321106
355,ksqexp,1.25,8,1,0,-34.732022864938145,-33.84829250651442
356,ksqexp,1.25,8,1.5,0.5,-38.17935460275549,-39.62743929060143
357,ksqexp,1.25,8,1.5,0.1,-36.299797482332316,-37.21394311646311
358,ksqexp,1.25,8,1.5,0.05,-36.43103377659585,-37.172335910712505
359,ksqexp,1.25,8,1.5,0.01,-36.486591909469155,-37.16189390740681
360,ksqexp,1.25,8,1.5,0,-36.48907286234571,-37.161494181492614
361,ksqexp,1.25,10,0.5,0.5,-31.74855156958032,-32.605142615945894
362,ksqexp,1.25,10,0.5,0.1,-35.076595741444436,-31.97195034182878
363,ksqexp,1.25,10,0.5,0.05,-37.34793004403461,-32.536973022476396
364,ksqexp,1.25,10,0.5,0.01,-38.408682038259286,-32.79743946691747
365,ksqexp,1.25,10,0.5,0,-38.45797388449904,-32.80948837560161
366,ksqexp,1.25,10,1,0.5,-35.37683661722054,-36.54194061792632
367,ksqexp,1.25,10,1,0.1,-34.60687629428358,-34.30505429658959
368,ksqexp,1.25,10,1,0.05,-35.10029523806782,-34.35257383968318
369,ksqexp,1.25,10,1,0.01,-35.305409425079354,-34.378512251590045
370,ksqexp,1.25,10,1,0,-35.314568760649756,-34.37973188863985
371,ksqexp,1.25,10,1.5,0.5,-38.50128649832074,-39.9478937450903
372,ksqexp,1.25,10,1.5,0.1,-36.851199185932295,-37.73235159936273
373,ksqexp,1.25,10,1.5,0.05,-36.99504920061607,-37.70109657516112
374,ksqexp,1.25,10,1.5,0.01,-37.05476814910905,-37.6940599885596
375,ksqexp,1.25,10,1.5,0,-37.057423819375046,-37.69380315970874
376,ksqexp,1.25,25,0.5,0.5,-32.66576321170951,-33.61235489785754
377,ksqexp,1.25,25,0.5,0.1,-36.83370291577034,-33.792441456049495
378,ksqexp,1.25,25,0.5,0.05,-39.158740211816614,-34.39971128365765
379,ksqexp,1.25,25,0.5,0.01,-40.23748550008591,-34.67404049519726
380,ksqexp,1.25,25,0.5,0,-40.28753597747996,-34.6866706612758
381,ksqexp,1.25,25,1,0.5,-36.31382841564856,-37.5372284874105
382,ksqexp,1.25,25,1,0.1,-36.087382942423936,-35.80997755011675
383,ksqexp,1.25,25,1,0.05,-36.608487684224286,-35.881349906448904
384,ksqexp,1.25,25,1,0.01,-36.822695576743676,-35.91507931116032
385,ksqexp,1.25,25,1,0,-36.83223635059771,-35.91662527301914
386,ksqexp,1.25,25,1.5,0.5,-39.47590380659444,-40.962637676112166
387,ksqexp,1.25,25,1.5,0.1,-38.23988283048611,-39.133608152534045
388,ksqexp,1.25,25,1.5,0.05,-38.402410910608076,-39.11894401648299
389,ksqexp,1.25,25,1.5,0.01,-38.46821613728034,-39.11729824737579
390,ksqexp,1.25,25,1.5,0,-38.47112657497868,-39.11726691032322
391,ksqexp,1.5,0.2,0.5,0.5,-25.034560127320994,-25.64004783443517
392,ksqexp,1.5,0.2,0.5,0.1,-270.2868748992099,-281.5757186875147
393,ksqexp,1.5,0.2,0.5,0.05,-1122.5453749808876,-1173.023125702897
394,ksqexp,1.5,0.2,0.5,0.01,-13754.364879329703,-13970.51656254467
395,ksqexp,1.5,0.2,0.5,0,-371735.335263012,-378288.8906036498
396,ksqexp,1.5,0.2,1,0.5,-25.934809022202348,-26.601656967791307
397,ksqexp,1.5,0.2,1,0.1,-273.16820695141735,-286.6438077414057
398,ksqexp,1.5,0.2,1,0.05,-1061.747421353845,-1097.837352298985
399,ksqexp,1.5,0.2,1,0.01,-10843.138266353775,-11441.317852712671
400,ksqexp,1.5,0.2,1,0,-185827.9065862752,-189106.29779469085
401,ksqexp,1.5,0.2,1.5,0.5,-26.805491888703354,-27.51625078179876
402,ksqexp,1.5,0.2,1.5,0.1,-271.7451709198037,-285.7451881143858
403,ksqexp,1.5,0.2,1.5,0.05,-1005.3413528571484,-1028.1044849296256
404,ksqexp,1.5,0.2,1.5,0.01,-9650.225206252186,-10410.97258327702
405,ksqexp,1.5,0.2,1.5,0,-123861.50975485842,-126048.18460182773
406,ksqexp,1.5,0.5,0.5,0.5,-26.963079773072824,-27.97366194987564
407,ksqexp,1.5,0.5,0.5,0.1,-227.27976723479821,-233.63773237160146
408,ksqexp,1.5,0.5,0.5,0.05,-657.1538814012507,-650.0568819329401
409,ksqexp,1.5,0.5,0.5,0.01,-2231.3380570195714,-2184.284278197262
410,ksqexp,1.5,0.5,0.5,0,-5218.634876117854,-4622.652028941253
411,ksqexp,1.5,0.5,1,0.5,-28.587648622503874,-29.892203855931044
412,ksqexp,1.5,0.5,1,0.1,-197.93230421097766,-200.35151138344165
413,ksqexp,1.5,0.5,1,0.05,-477.5190423775906,-471.4167326607005
414,ksqexp,1.5,0.5,1,0.01,-1337.3491907191703,-1277.6411567606656
415,ksqexp,1.5,0.5,1,0,-2589.849407117799,-2293.8940269633417
416,ksqexp,1.5,0.5,1.5,0.5,-29.93651174815702,-31.40446218996885
417,ksqexp,1.5,0.5,1.5,0.1,-176.61563331759152,-177.5423517041855
418,ksqexp,1.5,0.5,1.5,0.05,-378.5425464316886,-375.5176740725746
419,ksqexp,1.5,0.5,1.5,0.01,-983.5063498818615,-925.8705149021074
420,ksqexp,1.5,0.5,1.5,0,-1716.3781914824694,-1520.4319753315942
421,ksqexp,1.5,1,0.5,0.5,-28.652736164891344,-29.808421217917285
422,ksqexp,1.5,1,0.5,0.1,-79.84428374128441,-69.72240798332295
423,ksqexp,1.5,1,0.5,0.05,-169.3630642926469,-132.9950441882878
424,ksqexp,1.5,1,0.5,0.01,-375.07716167024523,-278.2977428791044
425,ksqexp,1.5,1,0.5,0,-417.0081807803026,-313.08506203553566
426,ksqexp,1.5,1,1,0.5,-29.68760627481512,-31.108797887589994
427,ksqexp,1.5,1,1,0.1,-60.483499534962675,-51.676353126988325
428,ksqexp,1.5,1,1,0.05,-113.19431877386327,-88.71932261967038
429,ksqexp,1.5,1,1,0.01,-190.87961736341566,-143.36937940556655
430,ksqexp,1.5,1,1,0,-203.38630100602003,-154.07135114080015
431,ksqexp,1.5,1,1.5,0.5,-30.646719636193463,-32.19206084210159
432,ksqexp,1.5,1,1.5,0.1,-52.28467526549073,-45.13345136695247
433,ksqexp,1.5,1,1.5,0.05,-87.80577679089396,-69.77069489061608
434,ksqexp,1.5,1,1.5,0.01,-129.0494312515207,-98.73442054000652
435,ksqexp,1.5,1,1.5,0,-134.96966442712403,-103.85743752981489
436,ksqexp,1.5,1.5,0.5,0.5,-28.847676542270257,-29.900037362090874
437,ksqexp,1.5,1.5,0.5,0.1,-50.360832841864436,-40.21921940959171
438,ksqexp,1.5,1.5,0.5,0.05,-83.9894845514762,-57.79758597905122
439,ksqexp,1.5,1.5,0.5,0.01,-113.02588629115226,-72.61664551920512
440,ksqexp,1.5,1.5,0.5,0,-114.93871406425077,-73.890919202386
441,ksqexp,1.5,1.5,1,0.5,-29.698483371757995,-31.01606463202366
442,ksqexp,1.5,1.5,1,0.1,-38.377622232687486,-31.516450882058788
443,ksqexp,1.5,1.5,1,0.05,-50.98685366075562,-37.341760315452156
444,ksqexp,1.5,1.5,1,0.01,-58.10100461168001,-40.535176947005155
445,ksqexp,1.5,1.5,1,0,-58.48174528921133,-40.77216131816584
446,ksqexp,1.5,1.5,1.5,0.5,-30.79560133746073,-32.285792449834574
447,ksqexp,1.5,1.5,1.5,0.1,-33.84721491634218,-29.34788732004271
448,ksqexp,1.5,1.5,1.5,0.05,-39.76055440370212,-31.603040418140626
449,ksqexp,1.5,1.5,1.5,0.01,-42.33375595703616,-32.46198962662522
450,ksqexp,1.5,1.5,1.5,0,-42.453412461443875,-32.52323212136177
451,ksqexp,1.5,2,0.5,0.5,-28.983051437909875,-29.999007478129833
452,ksqexp,1.5,2,0.5,0.1,-37.41319912948317,-29.952159980097473
453,ksqexp,1.5,2,0.5,0.05,-50.24694170664359,-33.7158058498842
454,ksqexp,1.5,2,0.5,0.01,-58.17737212998204,-35.29396532772844
455,ksqexp,1.5,2,0.5,0,-58.561441234257806,-35.3556745267045
456,ksqexp,1.5,2,1,0.5,-30.133463348951302,-31.455838802153064
457,ksqexp,1.5,2,1,0.1,-29.21572271885429,-25.4213546191241
458,ksqexp,1.5,2,1,0.05,-32.50293400716711,-25.452700428749502
459,ksqexp,1.5,2,1,0.01,-33.80812819633493,-25.122878421771656
460,ksqexp,1.5,2,1,0,-33.85702170740954,-25.09798008772312
461,ksqexp,1.5,2,1.5,0.5,-31.546348775934803,-33.10607946791651
462,ksqexp,1.5,2,1.5,0.1,-27.372426953452546,-25.722532800278223
463,ksqexp,1.5,2,1.5,0.05,-28.249136667503677,-25.021326477966436
464,ksqexp,1.5,2,1.5,0.01,-28.412421696816498,-24.498678964177028
465,ksqexp,1.5,2,1.5,0,-28.412871964560146,-24.469405374552554
466,ksqexp,1.5,2.5,0.5,0.5,-29.18171473346271,-30.141543084934717
467,ksqexp,1.5,2.5,0.5,0.1,-33.1836766678964,-27.145833483988948
468,ksqexp,1.5,2.5,0.5,0.05,-42.00210510236574,-28.661288002993036
469,ksqexp,1.5,2.5,0.5,0.01,-48.16846707047679,-29.477056198048597
470,ksqexp,1.5,2.5,0.5,0,-48.49918210995789,-29.51497373565995
471,ksqexp,1.5,2.5,1,0.5,-30.727141012706728,-32.045681688255
472,ksqexp,1.5,2.5,1,0.1,-27.65578502072052,-25.128559070801764
473,ksqexp,1.5,2.5,1,0.05,-29.95943414681323,-24.79492999025207
474,ksqexp,1.5,2.5,1,0.01,-31.174472096237498,-24.602293093885688
475,ksqexp,1.5,2.5,1,0,-31.232041180957687,-24.591828384215166
476,ksqexp,1.5,2.5,1.5,0.5,-32.42973402649707,-34.05260307558765
477,ksqexp,1.5,2.5,1.5,0.1,-27.261797222324294,-26.651227358968423
478,ksqexp,1.5,2.5,1.5,0.05,-27.93518667983182,-26.038792813308014
479,ksqexp,1.5,2.5,1.5,0.01,-28.252747136450147,-25.755003811856678
480,ksqexp,1.5,2.5,1.5,0,-28.266984304215644,-25.741436700345947
481,ksqexp,1.5,3,0.5,0.5,-29.42637593503775,-30.326856242099424
482,ksqexp,1.5,3,0.5,0.1,-32.599791103805565,-26.978684629790344
483,ksqexp,1.5,3,0.5,0.05,-40.89650871075318,-28.3436612143614
484,ksqexp,1.5,3,0.5,0.01,-47.184925286834,-29.410512861512498
485,ksqexp,1.5,3,0.5,0,-47.53516965762448,-29.47040993520948
486,ksqexp,1.5,3,1,0.5,-31.335784165066634,-32.64622122167145
487,ksqexp,1.5,3,1,0.1,-28.499056388292203,-26.32914372072319
488,ksqexp,1.5,3,1,0.05,-30.990445920186787,-26.271790486465978
489,ksqexp,1.5,3,1,0.01,-32.434693190282786,-26.324705621855735
490,ksqexp,1.5,3,1,0,-32.506218335834745,-26.32822315129756
491,ksqexp,1.5,3,1.5,0.5,-33.27269418355389,-34.93931252646921
492,ksqexp,1.5,3,1.5,0.1,-28.79041711768255,-28.462630031581686
493,ksqexp,1.5,3,1.5,0.05,-29.75060107677604,-28.163836319911784
494,ksqexp,1.5,3,1.5,0.01,-30.262751652754567,-28.07505558106221
495,ksqexp,1.5,3,1.5,0,-30.28722466151402,-28.071484323285468
496,ksqexp,1.5,3.5,0.5,0.5,-29.688745561160513,-30.547076749692792
497,ksqexp,1.5,3.5,0.5,0.1,-33.386181602485735,-27.718828443548404
498,ksqexp,1.5,3.5,0.5,0.05,-41.814917962204255,-29.277521601646846
499,ksqexp,1.5,3.5,0.5,0.01,-48.29306731240047,-30.54489926241289
500,ksqexp,1.5,3.5,0.5,0,-48.65539870002513,-30.616658519134123
501,ksqexp,1.5,3.5,1,0.5,-31.901682275434787,-33.20673317367638
502,ksqexp,1.5,3.5,1,0.1,-29.955473071954536,-27.810987315773865
503,ksqexp,1.5,3.5,1,0.05,-32.69377413150301,-28.004228103764465
504,ksqexp,1.5,3.5,1,0.01,-34.27908611553468,-28.19441051830992
505,ksqexp,1.5,3.5,1,0,-34.35764722766573,-28.204671831217134
506,ksqexp,1.5,3.5,1.5,0.5,-34.02661452512416,-35.720162539077954
507,ksqexp,1.5,3.5,1.5,0.1,-30.552706324665355,-30.259855067029168
508,ksqexp,1.5,3.5,1.5,0.05,-31.735856902745486,-30.17839254438787
509,ksqexp,1.5,3.5,1.5,0.01,-32.353003245772946,-30.190227054113347
510,ksqexp,1.5,3.5,1.5,0,-32.38238683649262,-30.191333035206817
511,ksqexp,1.5,4,0.5,0.5,-29.95760682164258,-30.793554730151516
512,ksqexp,1.5,4,0.5,0.1,-34.76605946396171,-28.87928124523711
513,ksqexp,1.5,4,0.5,0.05,-43.44785131240786,-30.67112296663586
514,ksqexp,1.5,4,0.5,0.01,-50.0676788898532,-32.06745297554538
515,ksqexp,1.5,4,0.5,0,-50.43714035012844,-32.145607740045115
516,ksqexp,1.5,4,1,0.5,-32.415740144737704,-33.72020282825937
517,ksqexp,1.5,4,1,0.1,-31.503032617390836,-29.271379754080346
518,ksqexp,1.5,4,1,0.05,-34.425094872927055,-29.635793001917335
519,ksqexp,1.5,4,1,0.01,-36.09100211881451,-29.900497015485012
520,ksqexp,1.5,4,1,0,-36.173254311552924,-29.9141582212655
521,ksqexp,1.5,4,1.5,0.5,-34.689551800153,-36.401141431748655
522,ksqexp,1.5,4,1.5,0.1,-32.18060394463305,-31.843876323741135
523,ksqexp,1.5,4,1.5,0.05,-33.5041956634655,-31.89357975508602
524,ksqexp,1.5,4,1.5,0.01,-34.177410122967544,-31.957580708216426
525,ksqexp,1.5,4,1.5,0,-34.209282398308254,-31.96099848163516
526,ksqexp,1.5,6,0.5,0.5,-30.836673179670136,-31.695096255777177
527,ksqexp,1.5,6,0.5,0.1,-39.62804423624659,-32.795689506975975
528,ksqexp,1.5,6,0.5,0.05,-49.07525541375887,-35.11106704847624
529,ksqexp,1.5,6,0.5,0.01,-56.008040920052245,-36.72041275593494
530,ksqexp,1.5,6,0.5,0,-56.39153480778801,-36.80809563992398
531,ksqexp,1.5,6,1,0.5,-33.809263855338735,-35.153780143558585
532,ksqexp,1.5,6,1,0.1,-35.75517895311732,-33.04459190352094
533,ksqexp,1.5,6,1,0.05,-39.029130499549495,-33.68165787140935
534,ksqexp,1.5,6,1,0.01,-40.82589507703326,-34.04770421978458
535,ksqexp,1.5,6,1,0,-40.91383433308773,-34.065768761725984
536,ksqexp,1.5,6,1.5,0.5,-36.390280418512745,-38.157338972135705
537,ksqexp,1.5,6,1.5,0.1,-36.203478407854774,-35.56935756064107
538,ksqexp,1.5,6,1.5,0.05,-37.7552366458694,-35.80551168711144
539,ksqexp,1.5,6,1.5,0.01,-38.5098896247856,-35.93604324831315
540,ksqexp,1.5,6,1.5,0,-38.54525760779551,-35.942316568954546
541,ksqexp,1.5,8,0.5,0.5,-31.25467242202797,-32.15693195329675
542,ksqexp,1.5,8,0.5,0.1,-41.588946914330734,-34.17871355682412
543,ksqexp,1.5,8,0.5,0.05,-51.351250333509846,-36.63473007615849
544,ksqexp,1.5,8,0.5,0.01,-58.40606810498925,-38.29754538024796
545,ksqexp,1.5,8,0.5,0,-58.79491223977842,-38.38756206480879
546,ksqexp,1.5,8,1,0.5,-34.39718338508626,-35.77165413915664
547,ksqexp,1.5,8,1,0.1,-37.4617119926358,-34.42019823113719
548,ksqexp,1.5,8,1,0.05,-40.860074625876884,-35.12844505799033
549,ksqexp,1.5,8,1,0.01,-42.70071852917544,-35.51935560812468
550,ksqexp,1.5,8,1,0,-42.79053312236014,-35.538480266671435
551,ksqexp,1.5,8,1.5,0.5,-37.097994530471716,-38.88523517098013
552,ksqexp,1.5,8,1.5,0.1,-37.80416543097123,-36.94209580771144
553,ksqexp,1.5,8,1.5,0.05,-39.43000071215486,-37.225812343588046
554,ksqexp,1.5,8,1.5,0.01,-40.209956624604594,-37.37248680094389
555,ksqexp,1.5,8,1.5,0,-40.246396849491695,-37.379443100586386
556,ksqexp,1.5,10,0.5,0.5,-31.472509948750282,-32.40001450538172
557,ksqexp,1.5,10,0.5,0.1,-42.4481488726486,-34.729634041972616
558,ksqexp,1.5,10,0.5,0.05,-52.334722393392546,-37.227321802247246
559,ksqexp,1.5,10,0.5,0.01,-59.43660002523833,-38.90567285521292
560,ksqexp,1.5,10,0.5,0,-59.827493499834965,-38.996363537316704
561,ksqexp,1.5,10,1,0.5,-34.70567804651968,-36.09060689680082
562,ksqexp,1.5,10,1,0.1,-38.289837602361004,-35.065702145569375
563,ksqexp,1.5,10,1,0.05,-41.7401411981363,-35.800788785966745
564,ksqexp,1.5,10,1,0.01,-43.59880416311648,-36.200900239204515
565,ksqexp,1.5,10,1,0,-43.689385385033525,-36.22041517635956
566,ksqexp,1.5,10,1.5,0.5,-37.47906658369802,-39.26772368041735
567,ksqexp,1.5,10,1.5,0.1,-38.6153955081406,-37.62239362685898
568,ksqexp,1.5,10,1.5,0.05,-40.273081041393894,-37.92539892353986
569,ksqexp,1.5,10,1.5,0.01,-41.06377889231245,-38.07852749594321
570,ksqexp,1.5,10,1.5,0,-41.10067277970288,-38.085755822668155
571,ksqexp,1.5,25,0.5,0.5,-32.245517448509794,-33.318062981511744
572,ksqexp,1.5,25,0.5,0.1,-43.94416762697701,-36.12647396834706
573,ksqexp,1.5,25,0.5,0.05,-53.8950670393091,-38.62937384272751
574,ksqexp,1.5,25,0.5,0.01,-61.01889175878979,-40.30797091821146
575,ksqexp,1.5,25,0.5,0,-61.410713614809545,-40.39865336843416
576,ksqexp,1.5,25,1,0.5,-35.65154820630363,-37.132857462702994
577,ksqexp,1.5,25,1,0.1,-39.95669973659976,-36.66308635649204
578,ksqexp,1.5,25,1,0.05,-43.452819628544695,-37.42483747274833
579,ksqexp,1.5,25,1,0.01,-45.32674757109789,-37.83361927779659
580,ksqexp,1.5,25,1,0,-45.417971393078275,-37.853496855500765
581,ksqexp,1.5,25,1.5,0.5,-38.57651442288369,-40.433609692361514
582,ksqexp,1.5,25,1.5,0.1,-40.34694270277007,-39.30066940968523
583,ksqexp,1.5,25,1.5,0.05,-42.03850153603841,-39.627364357936
584,ksqexp,1.5,25,1.5,0.01,-42.84035211376209,-39.788216455393965
585,ksqexp,1.5,25,1.5,0,-42.87771408543848,-39.79576811781891
586,ksqexp,1.75,0.2,0.5,0.5,-24.857632706290758,-25.50128694237991
587,ksqexp,1.75,0.2,0.5,0.1,-267.3603859949584,-281.95443278701197
588,ksqexp,1.75,0.2,0.5,0.05,-1237.2302545221423,-1310.6758554185465
589,ksqexp,1.75,0.2,0.5,0.01,-26957.706949438143,-26295.95486988911
590,ksqexp,1.75,0.2,0.5,0,-1024373.0415304409,-1016106.3098634738
591,ksqexp,1.75,0.2,1,0.5,-25.169430357288064,-25.909530588367783
592,ksqexp,1.75,0.2,1,0.1,-282.0466916399193,-299.1609151359346
593,ksqexp,1.75,0.2,1,0.05,-1255.7096610029892,-1331.095505317374
594,ksqexp,1.75,0.2,1,0.01,-22712.520143156304,-21833.00066853409
595,ksqexp,1.75,0.2,1,0,-512137.1895158276,-508005.98244098696
596,ksqexp,1.75,0.2,1.5,0.5,-25.678677930496793,-26.477967729206185
597,ksqexp,1.75,0.2,1.5,0.1,-290.1114118456096,-308.66155684126824
598,ksqexp,1.75,0.2,1.5,0.05,-1252.3079496304238,-1322.9813114463573
599,ksqexp,1.75,0.2,1.5,0.01,-19887.18128131188,-19187.90117073815
600,ksqexp,1.75,0.2,1.5,0,-341394.3976966608,-338641.7599730972
601,ksqexp,1.75,0.5,0.5,0.5,-26.339507439108445,-27.31703913168862
602,ksqexp,1.75,0.5,0.5,0.1,-246.15876228065076,-259.97839542224153
603,ksqexp,1.75,0.5,0.5,0.05,-885.3711343870973,-884.5485658268416
604,ksqexp,1.75,0.5,0.5,0.01,-5621.534704161145,-5238.171750394546
605,ksqexp,1.75,0.5,0.5,0,-20229.32775248458,-16020.395394694187
606,ksqexp,1.75,0.5,1,0.5,-27.267063738529636,-28.629973232956388
607,ksqexp,1.75,0.5,1,0.1,-233.54461247639856,-241.60059719636027
608,ksqexp,1.75,0.5,1,0.05,-760.1057435262255,-739.7498371292018
609,ksqexp,1.75,0.5,1,0.01,-3441.483578765159,-3165.0424508267097
610,ksqexp,1.75,0.5,1,0,-10085.98844174613,-7984.469499623366
611,ksqexp,1.75,0.5,1.5,0.5,-28.206354473813594,-29.79172545203003
612,ksqexp,1.75,0.5,1.5,0.1,-222.291854851384,-226.7721002127807
613,ksqexp,1.75,0.5,1.5,0.05,-673.57905955415,-646.9994811984338
614,ksqexp,1.75,0.5,1.5,0.01,-2588.317721658087,-2346.7621358655924
615,ksqexp,1.75,0.5,1.5,0,-6707.665507173423,-5308.617844453173
616,ksqexp,1.75,1,0.5,0.5,-28.33182187895507,-29.5347567783464
617,ksqexp,1.75,1,0.5,0.1,-105.42502380499243,-94.53910889843671
618,ksqexp,1.75,1,0.5,0.05,-275.6064323621201,-208.2431739539776
619,ksqexp,1.75,1,0.5,0.01,-1293.230078662792,-880.2929044295433
620,ksqexp,1.75,1,0.5,0,-1648.944079489203,-1116.1101607456876
621,ksqexp,1.75,1,1,0.5,-28.96803822304303,-30.597933603502792
622,ksqexp,1.75,1,1,0.1,-83.62766958589724,-69.63100662906682
623,ksqexp,1.75,1,1,0.05,-211.45575068385565,-154.95697951954037
624,ksqexp,1.75,1,1,0.01,-708.3877810485967,-478.6651136704005
625,ksqexp,1.75,1,1,0,-811.6156421094404,-548.9760301240816
626,ksqexp,1.75,1,1.5,0.5,-29.633383963567642,-31.457612572777286
627,ksqexp,1.75,1,1.5,0.1,-73.98867692569115,-60.111856448048805
628,ksqexp,1.75,1,1.5,0.05,-178.86374789224325,-130.3819689958853
629,ksqexp,1.75,1,1.5,0.01,-486.50433371834225,-328.9036731372976
630,ksqexp,1.75,1,1.5,0,-535.2968191071592,-362.7219761914118
631,ksqexp,1.75,1.5,0.5,0.5,-28.85434953513528,-29.89124037068483
632,ksqexp,1.75,1.5,0.5,0.1,-65.94829288804976,-51.58400556130129
633,ksqexp,1.75,1.5,0.5,0.05,-159.96522987700382,-104.70459992223111
634,ksqexp,1.75,1.5,0.5,0.01,-356.3989359819032,-211.9983341446575
635,ksqexp,1.75,1.5,0.5,0,-375.70575474149246,-222.98023128603384
636,ksqexp,1.75,1.5,1,0.5,-29.096349597955793,-30.516109048089316
637,ksqexp,1.75,1.5,1,0.1,-53.71855634514316,-40.5861734524795
638,ksqexp,1.75,1.5,1,0.05,-108.73358799279445,-70.58912413438748
639,ksqexp,1.75,1.5,1,0.01,-177.745960496387,-107.3208422267529
640,ksqexp,1.75,1.5,1,0,-182.38458917065282,-109.93638203879007
641,ksqexp,1.75,1.5,1.5,0.5,-29.65766261765301,-31.292442568446447
642,ksqexp,1.75,1.5,1.5,0.1,-47.92656853544352,-36.78508445590486
643,ksqexp,1.75,1.5,1.5,0.05,-84.28757040980776,-56.061779785256725
644,ksqexp,1.75,1.5,1.5,0.01,-118.78774763588409,-73.97407664309546
645,ksqexp,1.75,1.5,1.5,0,-120.73485739047615,-75.04575570881383
646,ksqexp,1.75,2,0.5,0.5,-29.074912859674082,-30.033075359633685
647,ksqexp,1.75,2,0.5,0.1,-49.342278934866215,-37.52973298240029
648,ksqexp,1.75,2,0.5,0.05,-92.40251964349861,-55.74481758568483
649,ksqexp,1.75,2,0.5,0.01,-145.30895991048527,-74.57583999823355
650,ksqexp,1.75,2,0.5,0,-148.96083251257147,-75.71825437158016
651,ksqexp,1.75,2,1,0.5,-29.452227989189144,-30.805695897964263
652,ksqexp,1.75,2,1,0.1,-37.991310737463984,-29.23947059800148
653,ksqexp,1.75,2,1,0.05,-57.357399921204085,-36.00547961506638
654,ksqexp,1.75,2,1,0.01,-72.52795010851692,-40.417152201842754
655,ksqexp,1.75,2,1,0,-73.33896047220269,-40.61573800961777
656,ksqexp,1.75,2,1.5,0.5,-30.232414780118052,-31.858114103146466
657,ksqexp,1.75,2,1.5,0.1,-33.55372440449524,-27.28115911654241
658,ksqexp,1.75,2,1.5,0.05,-44.087202041725554,-30.250094979697522
659,ksqexp,1.75,2,1.5,0.01,-50.6110080035902,-31.657462773128778
660,ksqexp,1.75,2,1.5,0,-50.92232655417547,-31.70555598734395
661,ksqexp,1.75,2.5,0.5,0.5,-29.236703534507406,-30.126842361054596
662,ksqexp,1.75,2.5,0.5,0.1,-41.22168715225949,-31.548176800471094
663,ksqexp,1.75,2.5,0.5,0.05,-68.5352146556722,-39.83187546733348
664,ksqexp,1.75,2.5,0.5,0.01,-103.81726387717175,-48.30485222467851
665,ksqexp,1.75,2.5,0.5,0,-106.47156434615678,-48.876425011615886
666,ksqexp,1.75,2.5,1,0.5,-29.947260783472995,-31.258222782113307
667,ksqexp,1.75,2.5,1,0.1,-32.07017692629025,-25.87023043137229
668,ksqexp,1.75,2.5,1,0.05,-44.072676370318135,-28.233794082965783
669,ksqexp,1.75,2.5,1,0.01,-54.43135197826039,-30.04950640022136
670,ksqexp,1.75,2.5,1,0,-55.04268962866318,-30.14911720666214
671,ksqexp,1.75,2.5,1.5,0.5,-31.002486680245962,-32.64978549729187
672,ksqexp,1.75,2.5,1.5,0.1,-29.398588672717814,-25.508176947048796
673,ksqexp,1.75,2.5,1.5,0.05,-35.86741162529777,-26.18611834235533
674,ksqexp,1.75,2.5,1.5,0.01,-40.44524744339881,-26.673039374388384
675,ksqexp,1.75,2.5,1.5,0,-40.6903881529156,-26.69733803756652
676,ksqexp,1.75,3,0.5,0.5,-29.421996510301298,-30.225759090812126
677,ksqexp,1.75,3,0.5,0.1,-38.82013508644869,-29.9545951309888
678,ksqexp,1.75,3,0.5,0.05,-62.098474596960635,-35.70806289923671
679,ksqexp,1.75,3,0.5,0.01,-94.91082889494226,-42.8450034409114
680,ksqexp,1.75,3,0.5,0,-97.48123266628151,-43.384569876461946
681,ksqexp,1.75,3,1,0.5,-30.523115461050235,-31.785286000434212
682,ksqexp,1.75,3,1,0.1,-31.27618117630378,-25.969847879014992
683,ksqexp,1.75,3,1,0.05,-42.10449997246954,-27.731542359677377
684,ksqexp,1.75,3,1,0.01,-52.158650635949115,-29.525821046161106
685,ksqexp,1.75,3,1,0,-52.770529697528005,-29.636800457942897
686,ksqexp,1.75,3,1.5,0.5,-31.837842010062197,-33.50168535252413
687,ksqexp,1.75,3,1.5,0.1,-29.64239571802948,-26.534583309720713
688,ksqexp,1.75,3,1.5,0.05,-35.77042469743982,-27.154571190211986
689,ksqexp,1.75,3,1.5,0.01,-40.40267104370412,-27.806877631560344
690,ksqexp,1.75,3,1.5,0,-40.65761880487862,-27.844867417777607
691,ksqexp,1.75,3.5,0.5,0.5,-29.64594593089819,-30.373852145733576
692,ksqexp,1.75,3.5,0.5,0.1,-38.841062017220374,-30.015888752651183
693,ksqexp,1.75,3.5,0.5,0.05,-60.95108747701796,-35.021410593196684
694,ksqexp,1.75,3.5,0.5,0.01,-93.27415213511158,-41.93946724513136
695,ksqexp,1.75,3.5,0.5,0,-95.83264549453526,-42.47885155929683
696,ksqexp,1.75,3.5,1,0.5,-31.109641927209964,-32.337499329382894
697,ksqexp,1.75,3.5,1,0.1,-32.191909080902334,-27.08811082840548
698,ksqexp,1.75,3.5,1,0.05,-42.926793867712306,-28.889534829996336
699,ksqexp,1.75,3.5,1,0.01,-53.054303703171684,-30.811707477250152
700,ksqexp,1.75,3.5,1,0,-53.6731490307238,-30.93163183161428
701,ksqexp,1.75,3.5,1.5,0.5,-32.643432616503084,-34.325193010257884
702,ksqexp,1.75,3.5,1.5,0.1,-31.11012917806066,-28.209590685925672
703,ksqexp,1.75,3.5,1.5,0.05,-37.38463492130267,-29.028226747008755
704,ksqexp,1.75,3.5,1.5,0.01,-42.14817218632494,-29.827247909765717
705,ksqexp,1.75,3.5,1.5,0,-42.41064030644516,-29.87321535510048
706,ksqexp,1.75,4,0.5,0.5,-29.889923780800945,-30.568038449648363
707,ksqexp,1.75,4,0.5,0.1,-40.09676471452115,-30.934613480604074
708,ksqexp,1.75,4,0.5,0.05,-62.08234101274464,-35.90291422495308
709,ksqexp,1.75,4,0.5,0.01,-94.38659885706083,-42.870952800031525
710,ksqexp,1.75,4,0.5,0,-96.94684032090093,-43.415199605910225
711,ksqexp,1.75,4,1,0.5,-31.663642925340636,-32.87576356721049
712,ksqexp,1.75,4,1,0.1,-33.789038334325866,-28.600262114511324
713,ksqexp,1.75,4,1,0.05,-44.681742246028875,-30.58209755271825
714,ksqexp,1.75,4,1,0.01,-54.90870099094344,-32.61280209124282
715,ksqexp,1.75,4,1,0,-55.53281116151878,-32.73830207413063
716,ksqexp,1.75,4,1.5,0.5,-33.38091746180628,-35.08258337015809
717,ksqexp,1.75,4,1.5,0.1,-32.929367655390536,-30.0154576978708
718,ksqexp,1.75,4,1.5,0.05,-39.39446387929148,-31.027275765480788
719,ksqexp,1.75,4,1.5,0.01,-44.25183458409082,-31.919607122507255
720,ksqexp,1.75,4,1.5,0,-44.51879153873602,-31.96999299626505
721,ksqexp,1.75,6,0.5,0.5,-30.81753221493877,-31.498013882964333
722,ksqexp,1.75,6,0.5,0.1,-47.52883521376302,-36.37863357296368
723,ksqexp,1.75,6,0.5,0.05,-71.0939225292734,-42.320848642920566
724,ksqexp,1.75,6,0.5,0.01,-104.08575707745595,-49.72741577714832
725,ksqexp,1.75,6,0.5,0,-106.67782524382551,-50.29220663618704
726,ksqexp,1.75,6,1,0.5,-33.32887596572782,-34.602251224514376
727,ksqexp,1.75,6,1,0.1,-40.20248795261567,-34.00080238272773
728,ksqexp,1.75,6,1,0.05,-51.84996617399347,-36.53032076514876
729,ksqexp,1.75,6,1,0.01,-62.37807951099249,-38.78215814566273
730,ksqexp,1.75,6,1,0,-63.01561790669677,-38.91754761811718
731,ksqexp,1.75,6,1.5,0.5,-35.48304658972341,-37.29506007344051
732,ksqexp,1.75,6,1.5,0.1,-38.95717083380764,-35.41705271037647
733,ksqexp,1.75,6,1.5,0.05,-45.927628835014,-36.81887178764004
734,ksqexp,1.75,6,1.5,0.01,-50.976848529068434,-37.859756733203405
735,ksqexp,1.75,6,1.5,0,-51.252205557987274,-37.91665137815329
736,ksqexp,1.75,8,0.5,0.5,-31.335616845857505,-32.10272817347842
737,ksqexp,1.75,8,0.5,0.1,-51.47220585194158,-38.874920804012255
738,ksqexp,1.75,8,0.5,0.05,-76.22527659675772,-45.305176353517915
739,ksqexp,1.75,8,0.5,0.01,-109.73729571699926,-52.92181483224203
740,ksqexp,1.75,8,0.5,0,-112.35300182643529,-53.49611709622168
741,ksqexp,1.75,8,1,0.5,-34.09884285311247,-35.46192364959036
742,ksqexp,1.75,8,1,0.1,-43.42098556146791,-36.33284670621792
743,ksqexp,1.75,8,1,0.05,-55.50130075538972,-39.06879181456232
744,ksqexp,1.75,8,1,0.01,-66.19274078406268,-41.39738826741827
745,ksqexp,1.75,8,1,0,-66.83739005278953,-41.53610761854958
746,ksqexp,1.75,8,1.5,0.5,-36.425645063701566,-38.3215719603604
747,ksqexp,1.75,8,1.5,0.1,-41.83099834655662,-37.668347383219555
748,ksqexp,1.75,8,1.5,0.05,-49.041869731945916,-39.195944085801116
749,ksqexp,1.75,8,1.5,0.01,-54.17712737803557,-40.28129765401167
750,ksqexp,1.75,8,1.5,0,-54.45617622522002,-40.34009455871192
751,ksqexp,1.75,10,0.5,0.5,-31.56913516831755,-32.39315648465618
752,ksqexp,1.75,10,0.5,0.1,-52.98026083525633,-39.5974711475043
753,ksqexp,1.75,10,0.5,0.05,-78.20688293410406,-46.15426055716775
754,ksqexp,1.75,10,0.5,0.01,-111.92142916854644,-53.82522355100021
755,ksqexp,1.75,10,0.5,0,-114.54625926635181,-54.40197527760109
756,ksqexp,1.75,10,1,0.5,-34.44537533946264,-35.8538638699151
757,ksqexp,1.75,10,1,0.1,-44.79690749566964,-37.220267316990046
758,ksqexp,1.75,10,1,0.05,-57.051673219201575,-40.02101719783931
759,ksqexp,1.75,10,1,0.01,-67.80765452092311,-42.37321683915744
760,ksqexp,1.75,10,1,0,-68.45509731226689,-42.51295375259338
761,ksqexp,1.75,10,1.5,0.5,-36.868806990439474,-38.79832297378422
762,ksqexp,1.75,10,1.5,0.1,-43.123357980165366,-38.610568770616425
763,ksqexp,1.75,10,1.5,0.05,-50.431878550209724,-40.18096612411398
764,ksqexp,1.75,10,1.5,0.01,-55.60151611174378,-41.28117427219274
765,ksqexp,1.75,10,1.5,0,-55.882033424543025,-41.340603343642904
766,ksqexp,1.75,25,0.5,0.5,-32.15728750125435,-33.18928933387512
767,ksqexp,1.75,25,0.5,0.1,-53.87092621230793,-40.11350796306733
768,ksqexp,1.75,25,0.5,0.05,-79.15152966786027,-46.52621677649078
769,ksqexp,1.75,25,0.5,0.01,-112.88497932028352,-54.13673469759116
770,ksqexp,1.75,25,0.5,0,-115.51060747283668,-54.7107738026243
771,ksqexp,1.75,25,1,0.5,-35.30380315544329,-36.87702291265687
772,ksqexp,1.75,25,1,0.1,-46.441330882188616,-38.64327666356124
773,ksqexp,1.75,25,1,0.05,-58.763933743383404,-41.4475045605668
774,ksqexp,1.75,25,1,0.01,-69.54310740831613,-43.79967151716221
775,ksqexp,1.75,25,1,0,-70.19153290100996,-43.93939269550836
776,ksqexp,1.75,25,1.5,0.5,-37.96712585464408,-40.03378226678568
777,ksqexp,1.75,25,1.5,0.1,-45.04225871121719,-40.38042162465674
778,ksqexp,1.75,25,1.5,0.05,-52.40627711802221,-41.97272875058778
779,ksqexp,1.75,25,1.5,0.01,-57.59452914861875,-43.079872168190235
780,ksqexp,1.75,25,1.5,0,-57.875831474041476,-43.13958909252776
781,ksqexp,2,0.2,0.5,0.5,-25.224871139519145,-25.824849925745315
782,ksqexp,2,0.2,0.5,0.1,-253.60329433266497,-272.5828826626688
783,ksqexp,2,0.2,0.5,0.05,-1179.136692359979,-1276.9625279833783
784,ksqexp,2,0.2,0.5,0.01,-31553.987761985813,-32255.489588620323
785,ksqexp,2,0.2,0.5,0,-3055665.875839655,-2740734.301463532
786,ksqexp,2,0.2,1,0.5,-25.041232184611815,-25.77748532330799
787,ksqexp,2,0.2,1,0.1,-264.1292644524713,-286.7173235998908
788,ksqexp,2,0.2,1,0.05,-1227.858437959342,-1329.1230708994167
789,ksqexp,2,0.2,1,0.01,-30683.549461131493,-30350.705625614955
790,ksqexp,2,0.2,1,0,-1527778.9435842445,-1370314.1943529574
791,ksqexp,2,0.2,1.5,0.5,-25.22241560608788,-26.03406529973566
792,ksqexp,2,0.2,1.5,0.1,-272.2261020533651,-296.64311246101954
793,ksqexp,2,0.2,1.5,0.05,-1248.3356495240057,-1347.188522248822
794,ksqexp,2,0.2,1.5,0.01,-29842.539986782776,-28944.13250390838
795,ksqexp,2,0.2,1.5,0,-1018483.3148896217,-913508.4680940969
796,ksqexp,2,0.5,0.5,0.5,-26.358688980597694,-27.178595441034446
797,ksqexp,2,0.5,0.5,0.1,-247.55487782651565,-269.6948339437643
798,ksqexp,2,0.5,0.5,0.05,-977.822500181996,-1010.827424404364
799,ksqexp,2,0.5,0.5,0.01,-11285.090153611962,-10043.232579594272
800,ksqexp,2,0.5,0.5,0,-71082.49876468904,-51744.40104793448
801,ksqexp,2,0.5,1,0.5,-26.695974573781598,-27.966328695269226
802,ksqexp,2,0.5,1,0.1,-243.35336615353683,-260.3602318519584
803,ksqexp,2,0.5,1,0.05,-900.0675124308261,-904.7908089806507
804,ksqexp,2,0.5,1,0.01,-7614.929882516957,-6640.708940840641
805,ksqexp,2,0.5,1,0,-35503.30704051702,-25838.204142644678
806,ksqexp,2,0.5,1.5,0.5,-27.23756518034646,-28.784274511041932
807,ksqexp,2,0.5,1.5,0.1,-237.95168796929408,-251.1807613253929
808,ksqexp,2,0.5,1.5,0.05,-844.2566959902646,-833.7661844939953
809,ksqexp,2,0.5,1.5,0.01,-5879.075898249847,-5077.483121951781
810,ksqexp,2,0.5,1.5,0,-23646.363247573994,-17205.593285654137
811,ksqexp,2,1,0.5,0.5,-28.40072834611997,-29.47280968099622
812,ksqexp,2,1,0.5,0.1,-130.7293022213677,-126.85822434235371
813,ksqexp,2,1,0.5,0.05,-361.15867569127386,-284.29552768320616
814,ksqexp,2,1,0.5,0.01,-3118.631336508997,-2061.8425249278885
815,ksqexp,2,1,0.5,0,-6153.158753107826,-3848.56030998653
816,ksqexp,2,1,1,0.5,-28.73522860777509,-30.38598578750352
817,ksqexp,2,1,1,0.1,-103.89961944617463,-92.36225639530346
818,ksqexp,2,1,1,0.05,-293.2705046957294,-213.94739126413756
819,ksqexp,2,1,1,0.01,-2037.8872196278587,-1316.1164572973541
820,ksqexp,2,1,1,0,-3055.7295361317,-1908.2741841467641
821,ksqexp,2,1,1.5,0.5,-29.166475528221067,-31.117740682676462
822,ksqexp,2,1,1.5,0.1,-92.10219996182175,-77.72669308581656
823,ksqexp,2,1,1.5,0.05,-259.67812527663943,-184.610295340444
824,ksqexp,2,1,1.5,0.01,-1516.2892950351713,-968.7026872027324
825,ksqexp,2,1,1.5,0,-2026.043780298308,-1264.3027947899704
826,ksqexp,2,1.5,0.5,0.5,-29.251914107400477,-30.13061320777355
827,ksqexp,2,1.5,0.5,0.1,-76.92109574418515,-62.920721301793776
828,ksqexp,2,1.5,0.5,0.05,-224.75521674285784,-150.24862277670283
829,ksqexp,2,1.5,0.5,0.01,-937.0453883143272,-557.9226949939163
830,ksqexp,2,1.5,0.5,0,-1103.5607905055442,-651.1109053238403
831,ksqexp,2,1.5,1,0.5,-29.170934573192397,-30.559510268508316
832,ksqexp,2,1.5,1,0.1,-64.28278575648216,-48.72363084876631
833,ksqexp,2,1.5,1,0.05,-174.65368892790679,-112.48104688349844
834,ksqexp,2,1.5,1,0.01,-495.4007127591842,-293.69607281035206
835,ksqexp,2,1.5,1,0,-539.7497886433366,-318.4190176952861
836,ksqexp,2,1.5,1.5,0.5,-29.34017945833698,-31.022235436420658
837,ksqexp,2,1.5,1.5,0.1,-58.92032111321923,-43.9535916401025
838,ksqexp,2,1.5,1.5,0.05,-146.12540887942987,-93.71043374637166
839,ksqexp,2,1.5,1.5,0.01,-334.6669347860985,-199.2532397112415
840,ksqexp,2,1.5,1.5,0,-354.6034445716089,-210.31237846190677
841,ksqexp,2,2,0.5,0.5,-29.620272157395686,-30.36574429047333
842,ksqexp,2,2,0.5,0.1,-61.05392533790461,-47.110124064987716
843,ksqexp,2,2,0.5,0.05,-145.29513150811826,-89.67043741414757
844,ksqexp,2,2,0.5,0.01,-352.04259701615297,-177.56254153874917
845,ksqexp,2,2,0.5,0,-376.6378590267701,-186.71166166893062
846,ksqexp,2,2,1,0.5,-29.53795842668999,-30.761661564172865
847,ksqexp,2,2,1,0.1,-48.119519042018396,-35.766316079158464
848,ksqexp,2,2,1,0.05,-99.0953841952701,-59.09489348377177
849,ksqexp,2,2,1,0.01,-175.24993527858288,-89.10692627647924
850,ksqexp,2,2,1,0,-181.36088371809507,-91.27075318444749
851,ksqexp,2,2,1.5,0.5,-29.812167202617317,-31.364898915620373
852,ksqexp,2,2,1.5,0.1,-42.52794777459977,-32.093960064648606
853,ksqexp,2,2,1.5,0.05,-77.14259649637903,-46.791722097677784
854,ksqexp,2,2,1.5,0.01,-116.4248288986783,-61.362374021024365
855,ksqexp,2,2,1.5,0,-119.05921535157367,-62.247773778102875
856,ksqexp,2,2.5,0.5,0.5,-29.789759416390453,-30.4596457296392
857,ksqexp,2,2.5,0.5,0.1,-51.740642937330854,-38.99543162785502
858,ksqexp,2,2.5,0.5,0.05,-106.00211464727892,-61.22138384671944
859,ksqexp,2,2.5,0.5,0.01,-238.404686445716,-100.50419737671855
860,ksqexp,2,2.5,0.5,0,-255.01043299232433,-104.65179761970147
861,ksqexp,2,2.5,1,0.5,-29.922490456592982,-31.0600920977884
862,ksqexp,2,2.5,1,0.1,-39.279650564897736,-29.67722363804313
863,ksqexp,2,2.5,1,0.05,-70.77912582033827,-39.97755386654653
864,ksqexp,2,2.5,1,0.01,-119.76155222560001,-52.686179345218314
865,ksqexp,2,2.5,1,0,-123.93149868710194,-53.659777452148276
866,ksqexp,2,2.5,1.5,0.5,-30.423489786968304,-31.92981202110927
867,ksqexp,2,2.5,1.5,0.1,-34.73968378572275,-27.343356675944072
868,ksqexp,2,2.5,1.5,0.05,-55.80855299823588,-33.124188467545395
869,ksqexp,2,2.5,1.5,0.01,-81.21657082214551,-39.059334672410195
870,ksqexp,2,2.5,1.5,0,-83.02917733144956,-39.453094157664744
871,ksqexp,2,3,0.5,0.5,-29.881232470726108,-30.459712848121065
872,ksqexp,2,3,0.5,0.1,-48.497539227668994,-35.9904380224756
873,ksqexp,2,3,0.5,0.05,-92.66015185926364,-50.91173426845741
874,ksqexp,2,3,0.5,0.01,-210.2786165832163,-80.02254002098664
875,ksqexp,2,3,0.5,0,-225.7707603777089,-83.46188895163293
876,ksqexp,2,3,1,0.5,-30.359386767207475,-31.402511785049104
877,ksqexp,2,3,1,0.1,-36.89907832784305,-28.24081413271202
878,ksqexp,2,3,1,0.05,-63.37055499202151,-34.976357424960526
879,ksqexp,2,3,1,0.01,-107.9839800433956,-44.8771352103614
880,ksqexp,2,3,1,0,-111.91791547181545,-45.71199874399099
881,ksqexp,2,3,1.5,0.5,-31.134499824159864,-32.592665182348895
882,ksqexp,2,3,1.5,0.1,-33.285155857078465,-26.900477455510224
883,ksqexp,2,3,1.5,0.05,-51.47952278579713,-30.731829546518547
884,ksqexp,2,3,1.5,0.01,-75.0295807514346,-35.5692478628416
885,ksqexp,2,3,1.5,0,-76.75762391741412,-35.9193587704614
886,ksqexp,2,3.5,0.5,0.5,-30.00893733639927,-30.487742887189242
887,ksqexp,2,3.5,0.5,0.1,-48.43034367994925,-35.44248315441753
888,ksqexp,2,3.5,0.5,0.05,-88.24185649563671,-46.91196632801193
889,ksqexp,2,3.5,0.5,0.01,-200.7052472863536,-72.42496453284411
890,ksqexp,2,3.5,0.5,0,-215.85990405027457,-75.64898494160109
891,ksqexp,2,3.5,1,0.5,-30.876257967751403,-31.83508891359115
892,ksqexp,2,3.5,1,0.1,-37.16829644579308,-28.596215715277804
893,ksqexp,2,3.5,1,0.05,-61.84459706175044,-34.02952560613517
894,ksqexp,2,3.5,1,0.01,-105.20222398931263,-43.15950575365788
895,ksqexp,2,3.5,1,0,-109.07386649199155,-43.9600640041257
896,ksqexp,2,3.5,1.5,0.5,-31.909435806720097,-33.333291237194125
897,ksqexp,2,3.5,1.5,0.1,-34.055461940312355,-27.89736850344635
898,ksqexp,2,3.5,1.5,0.05,-51.42760432720781,-31.2066378055053
899,ksqexp,2,3.5,1.5,0.01,-74.5586251418446,-35.843965097059666
900,ksqexp,2,3.5,1.5,0,-76.26917738728365,-36.1877471209867
901,ksqexp,2,4,0.5,0.5,-30.18598498879274,-30.584186435439364
902,ksqexp,2,4,0.5,0.1,-49.83360691684784,-36.01204677286901
903,ksqexp,2,4,0.5,0.05,-87.92003582288164,-46.058309613978
904,ksqexp,2,4,0.5,0.01,-198.5139374875363,-70.35553733550587
905,ksqexp,2,4,0.5,0,-213.5534926966777,-73.51179928463056
906,ksqexp,2,4,1,0.5,-31.414141246244842,-32.319209066003175
907,ksqexp,2,4,1,0.1,-38.59604704083475,-29.767691975965953
908,ksqexp,2,4,1,0.05,-62.730457688642844,-34.8599505550849
909,ksqexp,2,4,1,0.01,-105.73256523400794,-43.82247220869036
910,ksqexp,2,4,1,0,-109.58680773932625,-44.61599386557919
911,ksqexp,2,4,1.5,0.5,-32.66752567248823,-34.080200477114275
912,ksqexp,2,4,1.5,0.1,-35.71572728884009,-29.492238778266874
913,ksqexp,2,4,1.5,0.05,-52.94825161146321,-32.77899625169812
914,ksqexp,2,4,1.5,0.01,-76.01391138041362,-37.42959222444545
915,ksqexp,2,4,1.5,0,-77.72190283511581,-37.774715488705056
916,ksqexp,2,6,0.5,0.5,-31.0429171396696,-31.387183404237163
917,ksqexp,2,6,0.5,0.1,-60.018055600899054,-42.46792263016254
918,ksqexp,2,6,0.5,0.05,-100.20297675321156,-53.428973319132304
919,ksqexp,2,6,0.5,0.01,-211.1067845859828,-77.90188701520373
920,ksqexp,2,6,0.5,0,-226.14295113891916,-81.0604764267528
921,ksqexp,2,6,1,0.5,-33.20528389790348,-34.15053544224507
922,ksqexp,2,6,1,0.1,-47.120819812025864,-36.37110498518177
923,ksqexp,2,6,1,0.05,-72.2465836086023,-42.137591279051186
924,ksqexp,2,6,1,0.01,-115.55974955460657,-51.35955259167007
925,ksqexp,2,6,1,0,-119.42640107913972,-52.16453703029511
926,ksqexp,2,6,1.5,0.5,-35.01395377905056,-36.55280719808746
927,ksqexp,2,6,1.5,0.1,-43.6316629256657,-36.241729879836114
928,ksqexp,2,6,1.5,0.05,-61.59474271271127,-40.093956023264894
929,ksqexp,2,6,1.5,0.01,-84.92541374054542,-44.96812951777375
930,ksqexp,2,6,1.5,0,-86.64487447417467,-45.32321399433024
931,ksqexp,2,8,0.5,0.5,-31.640687835097047,-32.11155421486639
932,ksqexp,2,8,0.5,0.1,-66.3037272798746,-46.2514165633752
933,ksqexp,2,8,0.5,0.05,-109.7078553770693,-58.42605709952023
934,ksqexp,2,8,0.5,0.01,-222.2560274948267,-83.50508447310372
935,ksqexp,2,8,0.5,0,-237.37021743734368,-86.69232979844205
936,ksqexp,2,8,1,0.5,-34.133074927431856,-35.25051936122654
937,ksqexp,2,8,1,0.1,-52.357020348663895,-39.90458637282745
938,ksqexp,2,8,1,0.05,-78.69530424638646,-46.1805992817728
939,ksqexp,2,8,1,0.01,-122.50826126390871,-55.60872419907285
940,ksqexp,2,8,1,0,-126.39719884056322,-56.42286470934819
941,ksqexp,2,8,1.5,0.5,-36.156316475510756,-37.88526409222124
942,ksqexp,2,8,1.5,0.1,-48.24919940274436,-39.62001833652815
943,ksqexp,2,8,1.5,0.05,-66.88065124420417,-43.775633870943814
944,ksqexp,2,8,1.5,0.01,-90.46626093556736,-48.76366465189415
945,ksqexp,2,8,1.5,0,-92.19684938985641,-49.12369977581326
946,ksqexp,2,10,0.5,0.5,-31.912592332227156,-32.48791648815045
947,ksqexp,2,10,0.5,0.1,-68.67675873107903,-47.26573691626406
948,ksqexp,2,10,0.5,0.05,-113.58658239658568,-59.82261357305834
949,ksqexp,2,10,0.5,0.01,-226.9157186764069,-85.10362215538441
950,ksqexp,2,10,0.5,0,-242.0671643594402,-88.30054516897687
951,ksqexp,2,10,1,0.5,-34.525660233850125,-35.75877174897939
952,ksqexp,2,10,1,0.1,-54.579013984979525,-41.16574101639041
953,ksqexp,2,10,1,0.05,-81.48040351682744,-47.61669028957611
954,ksqexp,2,10,1,0.01,-125.5254240066849,-57.11591568458874
955,ksqexp,2,10,1,0,-129.42470945954742,-57.93321600118026
956,ksqexp,2,10,1.5,0.5,-36.65505927850424,-38.49604647463944
957,ksqexp,2,10,1.5,0.1,-50.29366228885095,-40.94902410412052
958,ksqexp,2,10,1.5,0.05,-69.23071238145786,-45.21172000184859
959,ksqexp,2,10,1.5,0.01,-92.93224130085069,-50.23966287539221
960,ksqexp,2,10,1.5,0,-94.6678812410993,-50.601429708070214
961,ksqexp,2,25,0.5,0.5,-32.33644542014662,-33.19800915299654
962,ksqexp,2,25,0.5,0.1,-68.3106805818615,-46.31758214448002
963,ksqexp,2,25,0.5,0.05,-113.19666269906115,-58.279126274610675
964,ksqexp,2,25,0.5,0.01,-226.53828930226595,-83.2920017340489
965,ksqexp,2,25,0.5,0,-241.69063953308202,-86.47660382428852
966,ksqexp,2,25,1,0.5,-35.24346063310142,-36.75174916211346
967,ksqexp,2,25,1,0.1,-55.79989349839516,-42.0162615099769
968,ksqexp,2,25,1,0.05,-82.79336886402423,-48.359679512595164
969,ksqexp,2,25,1,0.01,-126.87519183434331,-57.81508038194025
970,ksqexp,2,25,1,0,-130.7761089343004,-58.63043407254568
971,ksqexp,2,25,1.5,0.5,-37.6550270375562,-39.759138607318555
972,ksqexp,2,25,1.5,0.1,-52.101537484121025,-42.5128411831705
973,ksqexp,2,25,1.5,0.05,-71.12538817431565,-46.75764625859037
974,ksqexp,2,25,1.5,0.01,-94.85826579936843,-51.77762652500123
975,ksqexp,2,25,1.5,0,-96.59525548289456,-52.139034251472296
976,ksqexp,2.25,0.2,0.5,0.5,-25.96078616210631,-26.44336591396769
977,ksqexp,2.25,0.2,0.5,0.1,-250.13475024070425,-270.91819959086916
978,ksqexp,2.25,0.2,0.5,0.05,-1109.8551732404587,-1229.6559516289399
979,ksqexp,2.25,0.2,0.5,0.01,-31097.751368018755,-32827.09525582096
980,ksqexp,2.25,0.2,0.5,0,-10830091.783266999,-8262984.517711453
981,ksqexp,2.25,0.2,1,0.5,-25.44766575820744,-26.102566611142308
982,ksqexp,2.25,0.2,1,0.1,-252.3401299792224,-278.44366087743174
983,ksqexp,2.25,0.2,1,0.05,-1146.5679786897424,-1276.6097957441648
984,ksqexp,2.25,0.2,1,0.01,-30809.310704941712,-31716.289493373246
985,ksqexp,2.25,0.2,1,0,-5415068.274704981,-4131476.1097939285
986,ksqexp,2.25,0.2,1.5,0.5,-25.363879302193418,-26.111705974764792
987,ksqexp,2.25,0.2,1.5,0.1,-255.99572598311929,-285.05347080523035
988,ksqexp,2.25,0.2,1.5,0.05,-1169.7579616512407,-1300.0273431577446
989,ksqexp,2.25,0.2,1.5,0.01,-30727.40285513156,-31102.62815646171
990,ksqexp,2.25,0.2,1.5,0,-3610021.854000351,-2754287.088668327
991,ksqexp,2.25,0.5,0.5,0.5,-26.82471406134203,-27.403297011854605
992,ksqexp,2.25,0.5,0.5,0.1,-248.8678311655172,-276.991393117333
993,ksqexp,2.25,0.5,0.5,0.05,-1026.0464574318894,-1096.297776665932
994,ksqexp,2.25,0.5,0.5,0.01,-16100.62744907529,-14675.643757125654
995,ksqexp,2.25,0.5,0.5,0,-215533.63767707202,-150454.19952934427
996,ksqexp,2.25,0.5,1,0.5,-26.761859055557824,-27.814956939090422
997,ksqexp,2.25,0.5,1,0.1,-247.1237109549017,-272.21862936797214
998,ksqexp,2.25,0.5,1,0.05,-976.9438672223624,-1018.8594777804628
999,ksqexp,2.25,0.5,1,0.01,-12655.798879665037,-10928.839374047544
1000,ksqexp,2.25,0.5,1,0,-107719.88131764866,-75185.0493792457
1001,ksqexp,2.25,0.5,1.5,0.5,-26.983374847378467,-28.350106578194477
1002,ksqexp,2.25,0.5,1.5,0.1,-245.00215835466932,-267.08762750070525
1003,ksqexp,2.25,0.5,1.5,0.05,-937.3741624059456,-962.7689205353145
1004,ksqexp,2.25,0.5,1.5,0.01,-10617.333276656003,-8913.11696136637
1005,ksqexp,2.25,0.5,1.5,0,-71784.73037877525,-50098.10842729681
1006,ksqexp,2.25,1,0.5,0.5,-28.744577889968987,-29.553658935440282
1007,ksqexp,2.25,1,0.5,0.1,-160.95469154573286,-167.40411343093865
1008,ksqexp,2.25,1,0.5,0.05,-441.3489531589898,-383.35741854472985
1009,ksqexp,2.25,1,0.5,0.01,-4868.1361925712035,-3237.1012779054513
1010,ksqexp,2.25,1,0.5,0,-21871.514163228156,-13073.005959623686
1011,ksqexp,2.25,1,1,0.5,-28.89559513244696,-30.36643199352566
1012,ksqexp,2.25,1,1,0.1,-127.60860772435171,-124.50439433994474
1013,ksqexp,2.25,1,1,0.05,-357.9372448964935,-279.44401568044776
1014,ksqexp,2.25,1,1,0.01,-3830.0800842600333,-2493.900762294044
1015,ksqexp,2.25,1,1,0,-10906.911073218975,-6513.41220831994
1016,ksqexp,2.25,1,1.5,0.5,-29.16210779768369,-31.027333778221866
1017,ksqexp,2.25,1,1.5,0.1,-111.5652510993922,-103.47113930858349
1018,ksqexp,2.25,1,1.5,0.05,-319.46589715591443,-236.47898102476776
1019,ksqexp,2.25,1,1.5,0.01,-3214.3453528832547,-2062.2111278667367
1020,ksqexp,2.25,1,1.5,0,-7254.833940635918,-4329.671565098097
1021,ksqexp,2.25,1.5,0.5,0.5,-29.838409862938637,-30.46122502308187
1022,ksqexp,2.25,1.5,0.5,0.1,-89.86473186364138,-79.43841777137493
1023,ksqexp,2.25,1.5,0.5,0.05,-266.25514408777826,-187.80092214751534
1024,ksqexp,2.25,1.5,0.5,0.01,-1906.5829126865835,-1169.9449836446952
1025,ksqexp,2.25,1.5,0.5,0,-2848.685430503005,-1726.3638164010595
1026,ksqexp,2.25,1.5,1,0.5,-29.71579961385432,-30.93173307382235
1027,ksqexp,2.25,1.5,1,0.1,-71.85027840778578,-57.5978107336282
1028,ksqexp,2.25,1.5,1,0.05,-221.94680048092872,-147.38101030037177
1029,ksqexp,2.25,1.5,1,0.01,-1119.9526571377748,-682.2947801497259
1030,ksqexp,2.25,1.5,1,0,-1405.7407821320649,-850.3213549206365
1031,ksqexp,2.25,1.5,1.5,0.5,-29.70679675949613,-31.29759237693461
1032,ksqexp,2.25,1.5,1.5,0.1,-65.62095143965983,-50.52024179266145
1033,ksqexp,2.25,1.5,1.5,0.05,-196.44579244519974,-127.96863985548251
1034,ksqexp,2.25,1.5,1.5,0.01,-791.1231638026612,-481.1162459511488
1035,ksqexp,2.25,1.5,1.5,0,-927.5498878038588,-561.0978568985968
1036,ksqexp,2.25,2,0.5,0.5,-30.3705767714435,-30.816716793764034
1037,ksqexp,2.25,2,0.5,0.1,-73.81813566694002,-59.48086361124623
1038,ksqexp,2.25,2,0.5,0.05,-196.08815023580834,-128.73193279413618
1039,ksqexp,2.25,2,0.5,0.01,-756.4303728947089,-396.87295295223043
1040,ksqexp,2.25,2,0.5,0,-881.9148947503128,-447.85284813176594
1041,ksqexp,2.25,2,1,0.5,-30.18073585759222,-31.142932372792263
1042,ksqexp,2.25,2,1,0.1,-57.77907336878662,-43.7400552664484
1043,ksqexp,2.25,2,1,0.05,-147.0953756868919,-91.5367904125855
1044,ksqexp,2.25,2,1,0.01,-394.7062527889011,-203.63355772318306
1045,ksqexp,2.25,2,1,0,-428.1422917205343,-216.8963297792133
1046,ksqexp,2.25,2,1.5,0.5,-30.173405467646244,-31.51615434127657
1047,ksqexp,2.25,2,1.5,0.1,-51.48265557429246,-38.59790597269397
1048,ksqexp,2.25,2,1.5,0.05,-120.91930849281627,-74.12297932098045
1049,ksqexp,2.25,2,1.5,0.01,-264.6389141306712,-136.84058442046054
1050,ksqexp,2.25,2,1.5,0,-279.6754139770013,-142.7014803613924
1051,ksqexp,2.25,2.5,0.5,0.5,-30.611392638862256,-30.969375327284347
1052,ksqexp,2.25,2.5,0.5,0.1,-65.70379570055172,-49.946412605503596
1053,ksqexp,2.25,2.5,0.5,0.05,-152.17919866037428,-93.71425254263747
1054,ksqexp,2.25,2.5,0.5,0.01,-518.4439450080637,-221.80117637254708
1055,ksqexp,2.25,2.5,0.5,0,-603.5825821801919,-244.43910435555858
1056,ksqexp,2.25,2.5,1,0.5,-30.512879067858623,-31.34655476558693
1057,ksqexp,2.25,2.5,1,0.1,-49.33294989489479,-36.587161881604196
1058,ksqexp,2.25,2.5,1,0.05,-108.32366002259437,-62.67817394006631
1059,ksqexp,2.25,2.5,1,0.01,-269.85069058046304,-113.1441254359515
1060,ksqexp,2.25,2.5,1,0,-292.72295046611555,-119.01549497170706
1061,ksqexp,2.25,2.5,1.5,0.5,-30.645590528059454,-31.875099174280955
1062,ksqexp,2.25,2.5,1.5,0.1,-43.06437897453662,-32.440914580722584
1063,ksqexp,2.25,2.5,1.5,0.05,-87.62288145663547,-50.069874345686394
1064,ksqexp,2.25,2.5,1.5,0.01,-181.5608264297436,-77.41501651336986
1065,ksqexp,2.25,2.5,1.5,0,-191.8937298798469,-79.99828191362009
1066,ksqexp,2.25,3,0.5,0.5,-30.64233785094383,-30.92175993666985
1067,ksqexp,2.25,3,0.5,0.1,-63.11950845560637,-45.65017147324036
1068,ksqexp,2.25,3,0.5,0.05,-134.98217306513922,-77.37491560635475
1069,ksqexp,2.25,3,0.5,0.01,-454.402526811528,-167.7243026453941
1070,ksqexp,2.25,3,0.5,0,-533.1819967329031,-185.59558875394524
1071,ksqexp,2.25,3,1,0.5,-30.760481065994693,-31.478465599028894
1072,ksqexp,2.25,3,1,0.1,-46.76962356602494,-33.97212229723432
1073,ksqexp,2.25,3,1,0.05,-95.58452370749372,-51.47887289256799
1074,ksqexp,2.25,3,1,0.01,-239.142398281221,-87.88737366148986
1075,ksqexp,2.25,3,1,0,-260.46296634323056,-92.60501952793548
1076,ksqexp,2.25,3,1.5,0.5,-31.12529880697832,-32.253467183499524
1077,ksqexp,2.25,3,1.5,0.1,-40.85682113861525,-30.62417498995047
1078,ksqexp,2.25,3,1.5,0.05,-78.11936465964368,-42.142641419069335
1079,ksqexp,2.25,3,1.5,0.01,-162.66769666184442,-62.296917139997205
1080,ksqexp,2.25,3,1.5,0,-172.3472795397642,-64.39881986187879
1081,ksqexp,2.25,3.5,0.5,0.5,-30.64175729907012,-30.82233097604718
1082,ksqexp,2.25,3.5,0.5,0.1,-64.29348057020793,-44.79458563887354
1083,ksqexp,2.25,3.5,0.5,0.05,-128.76218440731728,-69.33362786307963
1084,ksqexp,2.25,3.5,0.5,0.01,-426.9079665540164,-142.84007100274468
1085,ksqexp,2.25,3.5,0.5,0,-503.3642005498092,-159.04986683762388
1086,ksqexp,2.25,3.5,1,0.5,-31.09541430963106,-31.692575684541303
1087,ksqexp,2.25,3.5,1,0.1,-47.34210459743382,-33.70430803260613
1088,ksqexp,2.25,3.5,1,0.05,-91.0944214990892,-46.674350546647055
1089,ksqexp,2.25,3.5,1,0.01,-227.24095038807238,-77.52691640074688
1090,ksqexp,2.25,3.5,1,0,-248.01691620908423,-81.86205384319265
1091,ksqexp,2.25,3.5,1.5,0.5,-31.73340758171543,-32.76779307595325
1092,ksqexp,2.25,3.5,1.5,0.1,-41.416662723432104,-30.7771848528614
1093,ksqexp,2.25,3.5,1.5,0.05,-75.26659258325301,-39.40860320036626
1094,ksqexp,2.25,3.5,1.5,0.01,-156.23276767589667,-56.97325633284983
1095,ksqexp,2.25,3.5,1.5,0,-165.69181142490405,-58.923439589800495
1096,ksqexp,2.25,4,0.5,0.5,-30.70394328697841,-30.78621477175041
1097,ksqexp,2.25,4,0.5,0.1,-66.89201002186623,-45.33976298426134
1098,ksqexp,2.25,4,0.5,0.05,-127.2096062791806,-65.61379483864802
1099,ksqexp,2.25,4,0.5,0.01,-415.4857613417335,-131.81674400459175
1100,ksqexp,2.25,4,0.5,0,-491.0453803174933,-147.43125119971697
1101,ksqexp,2.25,4,1,0.5,-31.526559165108278,-32.0288160019116
1102,ksqexp,2.25,4,1,0.1,-49.072626468395036,-34.44219850079866
1103,ksqexp,2.25,4,1,0.05,-90.23468257553685,-45.198088748522544
1104,ksqexp,2.25,4,1,0.01,-223.28902021647465,-73.93624923407148
1105,ksqexp,2.25,4,1,0,-243.8635374966289,-78.14230257807893
1106,ksqexp,2.25,4,1.5,0.5,-32.41722545215929,-33.39192128144111
1107,ksqexp,2.25,4,1.5,0.1,-43.0060121107158,-31.82740167808721
1108,ksqexp,2.25,4,1.5,0.05,-75.28643352576684,-39.251909903632246
1109,ksqexp,2.25,4,1.5,0.01,-154.8790458473865,-55.934084325788305
1110,ksqexp,2.25,4,1.5,0,-164.26024655358762,-57.836643116416205
1111,ksqexp,2.25,6,0.5,0.5,-31.36994002846436,-31.321166736243903
1112,ksqexp,2.25,6,0.5,0.1,-80.46348533562674,-52.338202276947825
1113,ksqexp,2.25,6,0.5,0.05,-142.75513317975913,-71.76842575282168
1114,ksqexp,2.25,6,0.5,0.01,-425.8596004789461,-134.4178036638237
1115,ksqexp,2.25,6,0.5,0,-500.87007919522347,-149.72545141881713
1116,ksqexp,2.25,6,1,0.5,-33.27053838909931,-33.74828026977661
1117,ksqexp,2.25,6,1,0.1,-59.88846066052767,-41.54538730242656
1118,ksqexp,2.25,6,1,0.05,-101.19199164574128,-52.028887795084195
1119,ksqexp,2.25,6,1,0.01,-232.78277295796602,-79.97869155979947
1120,ksqexp,2.25,6,1,0,-253.24825490113795,-84.13094751917889
1121,ksqexp,2.25,6,1.5,0.5,-34.82229625951931,-35.882501464054535
1122,ksqexp,2.25,6,1.5,0.1,-52.6856140411632,-39.17317392841575
1123,ksqexp,2.25,6,1.5,0.05,-85.07452964103389,-46.676902332590515
1124,ksqexp,2.25,6,1.5,0.01,-164.1519788629391,-63.16743252789121
1125,ksqexp,2.25,6,1.5,0,-173.49830346779055,-65.05676963197698
1126,ksqexp,2.25,8,0.5,0.5,-32.01119298016351,-32.10185610213127
1127,ksqexp,2.25,8,0.5,0.1,-88.2622337296105,-56.86913038163136
1128,ksqexp,2.25,8,0.5,0.05,-156.48508638213892,-78.08015550851732
1129,ksqexp,2.25,8,0.5,0.01,-442.65493579795407,-141.50589763880762
1130,ksqexp,2.25,8,0.5,0,-517.7909663695197,-156.84072868659155
1131,ksqexp,2.25,8,1,0.5,-34.329207359581986,-35.04241969943201
1132,ksqexp,2.25,8,1,0.1,-66.85349688857718,-45.9922926063455
1133,ksqexp,2.25,8,1,0.05,-110.4878940953542,-57.2539603271153
1134,ksqexp,2.25,8,1,0.01,-242.98749393479903,-85.48046542323881
1135,ksqexp,2.25,8,1,0,-263.4903935689007,-89.64362359511381
1136,ksqexp,2.25,8,1.5,0.5,-36.132900111613544,-37.48393379953103
1137,ksqexp,2.25,8,1.5,0.1,-58.93276760550401,-43.50819869151968
1138,ksqexp,2.25,8,1.5,0.05,-92.60652624244972,-51.48554144860506
1139,ksqexp,2.25,8,1.5,0.01,-172.14851337172763,-68.13921238539342
1140,ksqexp,2.25,8,1.5,0,-181.5141926332643,-70.03524531061494
1141,ksqexp,2.25,10,0.5,0.5,-32.34473376161627,-32.58796559179697
1142,ksqexp,2.25,10,0.5,0.1,-90.93479838880386,-58.00436606859281
1143,ksqexp,2.25,10,0.5,0.05,-162.43786616073,-79.88511509274326
1144,ksqexp,2.25,10,0.5,0.01,-450.70254019913284,-143.7334934866396
1145,ksqexp,2.25,10,0.5,0,-525.9423252593451,-159.08869019668242
1146,ksqexp,2.25,10,1,0.5,-34.789946913751635,-35.70520523848712
1147,ksqexp,2.25,10,1,0.1,-69.795379429712,-47.56554404073037
1148,ksqexp,2.25,10,1,0.05,-114.78144395886447,-59.15891317484432
1149,ksqexp,2.25,10,1,0.01,-247.89927716796507,-87.53065105859527
1150,ksqexp,2.25,10,1,0,-268.4302369134011,-91.70028758386226
1151,ksqexp,2.25,10,1.5,0.5,-36.69542825932308,-38.267426251474554
1152,ksqexp,2.25,10,1.5,0.1,-61.737727907412534,-45.212271102683985
1153,ksqexp,2.25,10,1.5,0.05,-96.1589342706775,-53.39480891029443
1154,ksqexp,2.25,10,1.5,0.01,-176.00445956992917,-70.12861701867948
1155,ksqexp,2.25,10,1.5,0,-185.38353079588418,-72.0281434588997
1156,ksqexp,2.25,25,0.5,0.5,-32.66394587671835,-33.28735496838819
1157,ksqexp,2.25,25,0.5,0.1,-88.16888588531003,-54.93723280999717
1158,ksqexp,2.25,25,0.5,0.05,-159.2186866989086,-75.05664162236475
1159,ksqexp,2.25,25,0.5,0.01,-447.4333937954363,-137.98145554222148
1160,ksqexp,2.25,25,0.5,0,-522.6734453129983,-153.29177384168466
1161,ksqexp,2.25,25,1,0.5,-35.37351858153633,-36.71090592479366
1162,ksqexp,2.25,25,1,0.1,-69.8608162380313,-47.31017904749953
1163,ksqexp,2.25,25,1,0.05,-114.90904224715577,-58.43292076222654
1164,ksqexp,2.25,25,1,0.01,-248.07797110854537,-86.59968080718816
1165,ksqexp,2.25,25,1,0,-268.6115245257861,-90.75999493952759
1166,ksqexp,2.25,25,1.5,0.5,-37.56042336299666,-39.57371679628909
1167,ksqexp,2.25,25,1.5,0.1,-62.90454177586186,-46.14847848516953
1168,ksqexp,2.25,25,1.5,0.05,-97.43787708924988,-54.15049038864848
1169,ksqexp,2.25,25,1.5,0.01,-177.3335292874504,-70.81048676388832
1170,ksqexp,2.25,25,1.5,0,-186.71487426118952,-72.70672538484483
1171,ksqexp,2.5,0.2,0.5,0.5,-26.832764093127963,-27.154371146635444
1172,ksqexp,2.5,0.2,0.5,0.1,-258.72300954098563,-278.7800076890978
1173,ksqexp,2.5,0.2,0.5,0.05,-1087.0654783126126,-1214.3822421733557
1174,ksqexp,2.5,0.2,0.5,0.01,-30064.74684391615,-32768.26005305455
1175,ksqexp,2.5,0.2,0.5,0,-40306038.78629418,-26838238.69717089
1176,ksqexp,2.5,0.2,1,0.5,-26.191774590755976,-26.699847009962593
1177,ksqexp,2.5,0.2,1,0.1,-253.6184483897111,-280.04464768872197
1178,ksqexp,2.5,0.2,1,0.05,-1094.4330825946424,-1241.1230158430585
1179,ksqexp,2.5,0.2,1,0.01,-29988.341899484494,-31942.413059165094
1180,ksqexp,2.5,0.2,1,0,-20154372.918705445,-13419735.875514802
1181,ksqexp,2.5,0.2,1.5,0.5,-25.932215468765865,-26.548723980331946
1182,ksqexp,2.5,0.2,1.5,0.1,-252.54331818915293,-282.7200138351105
1183,ksqexp,2.5,0.2,1.5,0.05,-1105.3805980936395,-1258.711907719931
1184,ksqexp,2.5,0.2,1.5,0.01,-29964.139521672347,-31460.56192074147
1185,ksqexp,2.5,0.2,1.5,0,-13436516.462089919,-8946596.896685325
1186,ksqexp,2.5,0.5,0.5,0.5,-27.501239698619823,-27.80567058653899
1187,ksqexp,2.5,0.5,0.5,0.1,-256.9589717298054,-287.5541608671261
1188,ksqexp,2.5,0.5,0.5,0.05,-1063.29071393922,-1164.1138661314287
1189,ksqexp,2.5,0.5,0.5,0.01,-19196.532642278853,-18521.795499855234
1190,ksqexp,2.5,0.5,0.5,0,-606761.3832851215,-413413.48571668996
1191,ksqexp,2.5,0.5,1,0.5,-27.246969188018518,-28.00055445179898
1192,ksqexp,2.5,0.5,1,0.1,-252.98958851231185,-283.3929988234835
1193,ksqexp,2.5,0.5,1,0.05,-1033.5792093793577,-1111.5166309505419
1194,ksqexp,2.5,0.5,1,0.01,-16031.423029964179,-14629.657467733017
1195,ksqexp,2.5,0.5,1,0,-303325.2674938098,-206657.00943656178
1196,ksqexp,2.5,0.5,1.5,0.5,-27.24589612580917,-28.327812879221934
1197,ksqexp,2.5,0.5,1.5,0.1,-251.37103218658098,-280.14024342516524
1198,ksqexp,2.5,0.5,1.5,0.05,-1006.1783288649062,-1068.8422886259248
1199,ksqexp,2.5,0.5,1.5,0.01,-14185.817893161855,-12440.335960317943
1200,ksqexp,2.5,0.5,1.5,0,-202182.5700520558,-137740.89636151853
1201,ksqexp,2.5,1,0.5,0.5,-29.223582884152133,-29.708512732534597
1202,ksqexp,2.5,1,0.5,0.1,-197.1058173966527,-212.98231763516728
1203,ksqexp,2.5,1,0.5,0.05,-542.1944947651531,-520.4602254656107
1204,ksqexp,2.5,1,0.5,0.01,-5875.963904265578,-3942.2243624243933
1205,ksqexp,2.5,1,0.5,0,-71735.92621331709,-42566.53057506475
1206,ksqexp,2.5,1,1,0.5,-29.2918834024921,-30.438226886318457
1207,ksqexp,2.5,1,1,0.1,-158.44272460511692,-165.94349414248745
1208,ksqexp,2.5,1,1,0.05,-429.84624989698284,-373.2632776469583
1209,ksqexp,2.5,1,1,0.01,-4973.0210411247235,-3292.523063656055
1210,ksqexp,2.5,1,1,0,-35831.285127180694,-21253.092626695496
1211,ksqexp,2.5,1,1.5,0.5,-29.450653583852354,-31.042649860504106
1212,ksqexp,2.5,1,1.5,0.1,-137.79351055361474,-139.53683259149656
1213,ksqexp,2.5,1,1.5,0.05,-379.20377129466567,-308.52519244679945
1214,ksqexp,2.5,1,1.5,0.01,-4496.503521998697,-2955.9144354819296
1215,ksqexp,2.5,1,1.5,0,-23865.860995304978,-14151.403385206595
1216,ksqexp,2.5,1.5,0.5,0.5,-30.437092678660207,-30.764800511072988
1217,ksqexp,2.5,1.5,0.5,0.1,-114.32192878198308,-108.7998485932554
1218,ksqexp,2.5,1.5,0.5,0.05,-301.8583791719771,-230.99445125013867
1219,ksqexp,2.5,1.5,0.5,0.01,-3033.4979692457728,-1914.924722317086
1220,ksqexp,2.5,1.5,0.5,0,-6531.55777785347,-4130.060254074461
1221,ksqexp,2.5,1.5,1,0.5,-30.425401340641255,-31.36553655656518
1222,ksqexp,2.5,1.5,1,0.1,-83.64260239611819,-73.15426256057343
1223,ksqexp,2.5,1.5,1,0.05,-254.37375738224864,-179.0891011914019
1224,ksqexp,2.5,1.5,1,0.01,-2015.9791139394288,-1269.433753136551
1225,ksqexp,2.5,1.5,1,0,-3240.5862719708034,-2046.3489139022731
1226,ksqexp,2.5,1.5,1.5,0.5,-30.413756245945528,-31.783291296641966
1227,ksqexp,2.5,1.5,1.5,0.1,-73.31860527551741,-60.785189695698
1228,ksqexp,2.5,1.5,1.5,0.05,-230.3965293470867,-156.7483732520694
1229,ksqexp,2.5,1.5,1.5,0.01,-1517.119459770871,-955.406993041933
1230,ksqexp,2.5,1.5,1.5,0,-2146.386417435139,-1354.5691180282058
1231,ksqexp,2.5,2,0.5,0.5,-31.104535990800347,-31.23828884453554
1232,ksqexp,2.5,2,0.5,0.1,-93.51730782800563,-79.42161005161464
1233,ksqexp,2.5,2,0.5,0.05,-242.00059728858645,-169.7737814186988
1234,ksqexp,2.5,2,0.5,0.01,-1433.2504203708572,-798.874500518969
1235,ksqexp,2.5,2,0.5,0,-1940.710108562942,-1018.5638212638726
1236,ksqexp,2.5,2,1,0.5,-31.03790816942556,-31.675700465573335
1237,ksqexp,2.5,2,1,0.1,-68.97921261494722,-54.663458338904434
1238,ksqexp,2.5,2,1,0.05,-192.98074738337053,-127.84337708696556
1239,ksqexp,2.5,2,1,0.01,-804.7927314724762,-435.290075629663
1240,ksqexp,2.5,2,1,0,-951.5917563416914,-497.1978123559206
1241,ksqexp,2.5,2,1.5,0.5,-30.975804028902257,-32.01749843442067
1242,ksqexp,2.5,2,1.5,0.1,-60.49671687705001,-46.70640539370994
1243,ksqexp,2.5,2,1.5,0.05,-166.8320842002719,-108.00612067738022
1244,ksqexp,2.5,2,1.5,0.01,-556.1264881182076,-297.67374774495295
1245,ksqexp,2.5,2,1.5,0,-624.6762949057068,-326.19979915692477
1246,ksqexp,2.5,2.5,0.5,0.5,-31.448693259243086,-31.47833067671298
1247,ksqexp,2.5,2.5,0.5,0.1,-85.39210959016678,-66.35120880427796
1248,ksqexp,2.5,2.5,0.5,0.05,-205.93555558423708,-135.10404908527585
1249,ksqexp,2.5,2.5,0.5,0.01,-1032.8855173380214,-476.9931534873077
1250,ksqexp,2.5,2.5,0.5,0,-1394.0703209048386,-578.903065987742
1251,ksqexp,2.5,2.5,1,0.5,-31.3999297163907,-31.86719730069701
1252,ksqexp,2.5,2.5,1,0.1,-62.34490667290972,-46.43310368519449
1253,ksqexp,2.5,2.5,1,0.05,-156.19026591377286,-97.07090396690461
1254,ksqexp,2.5,2.5,1,0.01,-576.489181202832,-252.92041859794134
1255,ksqexp,2.5,2.5,1,0,-682.362980163404,-281.5828476079342
1256,ksqexp,2.5,2.5,1.5,0.5,-31.38933354136214,-32.25659852310989
1257,ksqexp,2.5,2.5,1.5,0.1,-54.02148205595083,-40.23933949501398
1258,ksqexp,2.5,2.5,1.5,0.05,-131.31219902625395,-79.48080692844457
1259,ksqexp,2.5,2.5,1.5,0.01,-398.1394684344921,-172.07079402623714
1260,ksqexp,2.5,2.5,1.5,0,-447.91785609795164,-185.26676476029243
1261,ksqexp,2.5,3,0.5,0.5,-31.49225127316383,-31.45717154795215
1262,ksqexp,2.5,3,0.5,0.1,-83.11256794121759,-59.39966080167273
1263,ksqexp,2.5,3,0.5,0.05,-191.7964285892161,-116.09522157959111
1264,ksqexp,2.5,3,0.5,0.01,-913.2400112012159,-357.87273731471754
1265,ksqexp,2.5,3,0.5,0,-1249.5395056997163,-436.68966968271127
1266,ksqexp,2.5,3,1,0.5,-31.513560644345873,-31.86216487790746
1267,ksqexp,2.5,3,1,0.1,-60.985082817682034,-42.96777546990984
1268,ksqexp,2.5,3,1,0.05,-142.55410878927677,-80.98247864705175
1269,ksqexp,2.5,3,1,0.01,-513.810410460813,-191.18069829088518
1270,ksqexp,2.5,3,1,0,-613.363549736657,-213.8244659739467
1271,ksqexp,2.5,3,1.5,0.5,-31.636810222538355,-32.37742781323399
1272,ksqexp,2.5,3,1.5,0.1,-52.74896935237842,-37.76411509981863
1273,ksqexp,2.5,3,1.5,0.05,-119.10541345609067,-65.80736878898516
1274,ksqexp,2.5,3,1.5,0.01,-357.05798001892487,-131.7864863301258
1275,ksqexp,2.5,3,1.5,0,-404.09555396193565,-142.32672138029923
1276,ksqexp,2.5,3.5,0.5,0.5,-31.394649553991353,-31.27943236160899
1277,ksqexp,2.5,3.5,0.5,0.1,-85.7051258567645,-57.68213148105185
1278,ksqexp,2.5,3.5,0.5,0.05,-188.8807364483447,-105.77648613123706
1279,ksqexp,2.5,3.5,0.5,0.01,-847.2989162949557,-292.0679958273599
1280,ksqexp,2.5,3.5,0.5,0,-1171.4648929945201,-361.2355559749472
1281,ksqexp,2.5,3.5,1,0.5,-31.62367160961477,-31.842385396531647
1282,ksqexp,2.5,3.5,1,0.1,-63.14008299106371,-42.54264285203642
1283,ksqexp,2.5,3.5,1,0.05,-137.22766547108418,-71.81497878640911
1284,ksqexp,2.5,3.5,1,0.01,-480.63262233795695,-158.78483993253192
1285,ksqexp,2.5,3.5,1,0,-577.1341038615312,-178.98390763037142
1286,ksqexp,2.5,3.5,1.5,0.5,-31.97620744749852,-32.58714960954269
1287,ksqexp,2.5,3.5,1.5,0.1,-54.431362296667636,-37.54734014879092
1288,ksqexp,2.5,3.5,1.5,0.05,-113.86913138251494,-58.35594910210325
1289,ksqexp,2.5,3.5,1.5,0.01,-336.09552345541596,-111.54493997432195
1290,ksqexp,2.5,3.5,1.5,0,-381.8144970450122,-121.02401483699704
1291,ksqexp,2.5,4,0.5,0.5,-31.325482889330676,-31.113258553750512
1292,ksqexp,2.5,4,0.5,0.1,-90.17052691679237,-58.36532796846165
1293,ksqexp,2.5,4,0.5,0.05,-189.31285039444057,-99.7227044440544
1294,ksqexp,2.5,4,0.5,0.01,-812.1671161526737,-257.614173527273
1295,ksqexp,2.5,4,0.5,0,-1130.9658717962807,-323.0068831383349
1296,ksqexp,2.5,4,1,0.5,-31.870411441203508,-31.967049167900655
1297,ksqexp,2.5,4,1,0.1,-66.31298118864053,-43.28221927877022
1298,ksqexp,2.5,4,1,0.05,-135.0988907148091,-66.83809791459467
1299,ksqexp,2.5,4,1,0.01,-464.0430815581827,-143.03589054944334
1300,ksqexp,2.5,4,1,0,-559.2140729600866,-162.30400596356398
1301,ksqexp,2.5,4,1.5,0.5,-32.479755876132074,-32.98755714596612
1302,ksqexp,2.5,4,1.5,0.1,-56.880973506496176,-38.25575366347835
1303,ksqexp,2.5,4,1.5,0.05,-111.7770279483711,-54.82628171901349
1304,ksqexp,2.5,4,1.5,0.01,-326.27161830234724,-102.44451616313913
1305,ksqexp,2.5,4,1.5,0,-371.42079624942926,-111.52703689838452
1306,ksqexp,2.5,6,0.5,0.5,-31.703295065197825,-31.284715176528877
1307,ksqexp,2.5,6,0.5,0.1,-107.7426985771849,-65.69472332942057
1308,ksqexp,2.5,6,0.5,0.05,-210.78468589984874,-102.6767815367116
1309,ksqexp,2.5,6,0.5,0.01,-804.3340172559239,-239.1818035912646
1310,ksqexp,2.5,6,0.5,0,-1118.729047548766,-301.9808531016389
1311,ksqexp,2.5,6,1,0.5,-33.38970894553311,-33.374356578297764
1312,ksqexp,2.5,6,1,0.1,-80.31129679060093,-50.476780258665094
1313,ksqexp,2.5,6,1,0.05,-147.25672072382815,-70.41232082875938
1314,ksqexp,2.5,6,1,0.01,-464.3604708671122,-139.0296059143322
1315,ksqexp,2.5,6,1,0,-558.4599388780929,-157.68046827442055
1316,ksqexp,2.5,6,1.5,0.5,-34.732778871385015,-35.24916148268006
1317,ksqexp,2.5,6,1.5,0.1,-68.9529161254557,-45.54055492274395
1318,ksqexp,2.5,6,1.5,0.05,-121.44661640341705,-59.6157828303498
1319,ksqexp,2.5,6,1.5,0.01,-329.79576987859946,-103.54236846052594
1320,ksqexp,2.5,6,1.5,0,-374.4942255615777,-112.37099666168409
1321,ksqexp,2.5,8,0.5,0.5,-32.33904928048847,-32.03944921541854
1322,ksqexp,2.5,8,0.5,0.1,-115.88918987495951,-70.1786227467444
1323,ksqexp,2.5,8,0.5,0.05,-226.32036509389368,-107.8385421173966
1324,ksqexp,2.5,8,0.5,0.01,-818.2823708451659,-241.08719623311708
1325,ksqexp,2.5,8,0.5,0,-1132.0130201666695,-303.4636998806372
1326,ksqexp,2.5,8,1,0.5,-34.54210138563542,-34.78335404045631
1327,ksqexp,2.5,8,1,0.1,-88.0719739591716,-55.084480892288816
1328,ksqexp,2.5,8,1,0.05,-157.50645162450337,-74.99272877261538
1329,ksqexp,2.5,8,1,0.01,-473.4072533968034,-142.40959291184933
1330,ksqexp,2.5,8,1,0,-567.3468119384813,-160.9604953297373
1331,ksqexp,2.5,8,1.5,0.5,-36.184819792446646,-37.048758079800194
1332,ksqexp,2.5,8,1.5,0.1,-76.07656845417637,-50.162832883393776
1333,ksqexp,2.5,8,1.5,0.05,-129.6232466621961,-64.11935202653507
1334,ksqexp,2.5,8,1.5,0.01,-337.2830828409691,-107.4624127716841
1335,ksqexp,2.5,8,1.5,0,-381.91539877032506,-116.25008380967064
1336,ksqexp,2.5,10,0.5,0.5,-32.74408912082613,-32.63010924125641
1337,ksqexp,2.5,10,0.5,0.1,-117.6736433901784,-70.98301619296959
1338,ksqexp,2.5,10,0.5,0.05,-232.37024934307382,-108.67189011408988
1339,ksqexp,2.5,10,0.5,0.01,-826.1866588674876,-241.12188078500117
1340,ksqexp,2.5,10,0.5,0,-1139.884492726529,-303.3999606539319
1341,ksqexp,2.5,10,1,0.5,-35.10055364404693,-35.61775054840199
1342,ksqexp,2.5,10,1,0.1,-90.88550520995646,-56.547872460636306
1343,ksqexp,2.5,10,1,0.05,-162.15456832339697,-76.47134955107526
1344,ksqexp,2.5,10,1,0.01,-478.4354887185788,-143.61439399239518
1345,ksqexp,2.5,10,1,0,-572.36967905645,-162.1427433098089
1346,ksqexp,2.5,10,1.5,0.5,-36.84375413498597,-38.031687389433365
1347,ksqexp,2.5,10,1.5,0.1,-79.02547107742767,-51.891000660995815
1348,ksqexp,2.5,10,1.5,0.05,-133.53868862169526,-65.8513235573764
1349,ksqexp,2.5,10,1.5,0.01,-341.3571060198035,-109.06889734356194
1350,ksqexp,2.5,10,1.5,0,-385.9887307410665,-117.84766085879612
1351,ksqexp,2.5,25,0.5,0.5,-33.041397578999224,-33.4107259376342
1352,ksqexp,2.5,25,0.5,0.1,-111.06867526120391,-65.27487932369583
1353,ksqexp,2.5,25,0.5,0.05,-223.4262586665802,-98.52963002322372
1354,ksqexp,2.5,25,0.5,0.01,-815.8145874743536,-227.78710717437883
1355,ksqexp,2.5,25,0.5,0,-1129.4059236370488,-289.87988576292906
1356,ksqexp,2.5,25,1,0.5,-35.61035133890824,-36.71705754657829
1357,ksqexp,2.5,25,1,0.1,-88.64645561684168,-54.570688723587935
1358,ksqexp,2.5,25,1,0.05,-159.3939152655377,-72.949396132816
1359,ksqexp,2.5,25,1,0.01,-475.3262091628425,-139.23679081152454
1360,ksqexp,2.5,25,1,0,-569.2379108269002,-157.72174779391952
1361,ksqexp,2.5,25,1.5,0.5,-37.607909106836736,-39.446005836683334
1362,ksqexp,2.5,25,1.5,0.1,-78.64197190974967,-51.64147348861181
1363,ksqexp,2.5,25,1.5,0.05,-132.99362365528376,-64.85205500415339
1364,ksqexp,2.5,25,1.5,0.01,-340.6822706094638,-107.69878737481558
1365,ksqexp,2.5,25,1.5,0,-385.3058961316378,-116.45969180150274
1366,kexp,1,0.2,0.5,0.5,-28.37316983108687,-28.60550813288578
1367,kexp,1,0.2,0.5,0.1,-30.280165610724893,-30.905313213314273
1368,kexp,1,0.2,0.5,0.05,-31.34939476358333,-32.0127907721782
1369,kexp,1,0.2,0.5,0.01,-31.755837632324095,-32.43287076269422
1370,kexp,1,0.2,0.5,0,-31.773622855448693,-32.45124128531592
1371,kexp,1,0.2,1,0.5,-31.238902514246924,-31.442348617574208
1372,kexp,1,0.2,1,0.1,-27.690346091145077,-28.05640944729362
1373,kexp,1,0.2,1,0.05,-27.594276011625496,-27.97105786347543
1374,kexp,1,0.2,1,0.01,-27.557672822322125,-27.938078512095416
1375,kexp,1,0.2,1,0,-27.556057859442536,-27.93661675138722
1376,kexp,1,0.2,1.5,0.5,-33.7011656133275,-33.882667927904464
1377,kexp,1,0.2,1.5,0.1,-29.252086130531776,-29.526766985484
1378,kexp,1,0.2,1.5,0.05,-29.024123447027158,-29.303900497276288
1379,kexp,1,0.2,1.5,0.01,-28.944275237352958,-29.225743162933227
1380,kexp,1,0.2,1.5,0,-28.940859627471262,-29.22239867344115
1381,kexp,1,0.5,0.5,0.5,-29.8297586271257,-30.152035593933558
1382,kexp,1,0.5,0.5,0.1,-26.39416554283262,-27.219108156981225
1383,kexp,1,0.5,0.5,0.05,-26.284849248180265,-27.147760663193644
1384,kexp,1,0.5,0.5,0.01,-26.24533037035375,-27.121102738588373
1385,kexp,1,0.5,0.5,0,-26.24362066181711,-27.1199368487405
1386,kexp,1,0.5,1,0.5,-33.323956131410924,-33.63806762982109
1387,kexp,1,0.5,1,0.1,-28.798420369888944,-29.330274220916195
1388,kexp,1,0.5,1,0.05,-28.57564496192617,-29.11883624326924
1389,kexp,1,0.5,1,0.01,-28.500690944780537,-29.047610112076214
1390,kexp,1,0.5,1,0,-28.497524583777995,-29.044600162297577
1391,kexp,1,0.5,1.5,0.5,-36.370207515698596,-36.67021307277927
1392,kexp,1,0.5,1.5,0.1,-32.293198519721464,-32.7228025263537
1393,kexp,1,0.5,1.5,0.05,-32.104542118629276,-32.53991420333554
1394,kexp,1,0.5,1.5,0.01,-32.04210756166254,-32.479357673792684
1395,kexp,1,0.5,1.5,0,-32.03948265783227,-32.47681136688339
1396,kexp,1,1,0.5,0.5,-31.00288041691948,-31.35065788258747
1397,kexp,1,1,0.5,0.1,-27.017641728814617,-27.750104654499765
1398,kexp,1,1,0.5,0.05,-26.846589411691866,-27.602774886045296
1399,kexp,1,1,0.5,0.01,-26.789347475996586,-27.55341928767861
1400,kexp,1,1,0.5,0,-26.78693257540703,-27.551336211936473
1401,kexp,1,1,1,0.5,-34.87160278961771,-35.21854023609008
1402,kexp,1,1,1,0.1,-30.927284659845704,-31.457324288460146
1403,kexp,1,1,1,0.05,-30.75938852512364,-31.297830277768284
1404,kexp,1,1,1,0.01,-30.704411506699525,-31.245592349932185
1405,kexp,1,1,1,0,-30.70210688214393,-31.24340239465866
1406,kexp,1,1,1.5,0.5,-38.25219115053333,-38.59491987267125
1407,kexp,1,1,1.5,0.1,-34.97309573269372,-35.43359496918005
1408,kexp,1,1,1.5,0.05,-34.84215767167484,-35.30746223090302
1409,kexp,1,1,1.5,0.01,-34.799602060091225,-35.266463142331084
1410,kexp,1,1,1.5,0,-34.79782175112894,-35.26474788897187
1411,kexp,1,1.5,0.5,0.5,-31.56534726720164,-31.922871160349892
1412,kexp,1,1.5,0.5,0.1,-27.732513519788657,-28.379373585180804
1413,kexp,1,1.5,0.5,0.05,-27.58239808097393,-28.243780509566708
1414,kexp,1,1.5,0.5,0.01,-27.533216088364657,-28.199347402512903
1415,kexp,1,1.5,0.5,0,-27.531153680812825,-28.19748394999234
1416,kexp,1,1.5,1,0.5,-35.61034098466748,-35.968708343602245
1417,kexp,1,1.5,1,0.1,-32.04893062119578,-32.561959146926846
1418,kexp,1,1.5,1,0.05,-31.90885428720696,-32.42840421709359
1419,kexp,1,1.5,1,0.01,-31.86337916888388,-32.38504435806663
1420,kexp,1,1.5,1,0,-31.86147727262427,-32.38323090021258
1421,kexp,1,1.5,1.5,0.5,-39.13376401245282,-39.494341466962005
1422,kexp,1,1.5,1.5,0.1,-36.24027208853871,-36.70823764322461
1423,kexp,1,1.5,1.5,0.05,-36.13202239770172,-36.60417449885238
1424,kexp,1,1.5,1.5,0.01,-36.0970366997315,-36.5705416072821
1425,kexp,1,1.5,1.5,0,-36.095575236635135,-36.56913665035967
1426,kexp,1,2,0.5,0.5,-31.90502834181588,-32.27459003231635
1427,kexp,1,2,0.5,0.1,-28.256540211791982,-28.86373301168084
1428,kexp,1,2,0.5,0.05,-28.124341731675997,-28.74110435629488
1429,kexp,1,2,0.5,0.01,-28.08151086288867,-28.70134061942984
1430,kexp,1,2,0.5,0,-28.07972028817704,-28.69967785946487
1431,kexp,1,2,1,0.5,-36.04983963097634,-36.4212927710561
1432,kexp,1,2,1,0.1,-32.72827134668372,-33.2409512633945
1433,kexp,1,2,1,0.05,-32.6033636597045,-33.12165227612951
1434,kexp,1,2,1,0.01,-32.562973977586346,-33.08307530965205
1435,kexp,1,2,1,0,-32.561286546552154,-33.08146359805999
1436,kexp,1,2,1.5,0.5,-39.64922017880334,-40.0270286263408
1437,kexp,1,2,1.5,0.1,-36.97493675836635,-37.45658707169621
1438,kexp,1,2,1.5,0.05,-36.87826510260999,-37.363856999713065
1439,kexp,1,2,1.5,0.01,-36.84709975474532,-37.33396352623745
1440,kexp,1,2,1.5,0,-36.845798732751255,-37.33271561099915
1441,kexp,1,2.5,0.5,0.5,-32.132342270569694,-32.512901966905154
1442,kexp,1,2.5,0.5,0.1,-28.64302100793521,-29.232231711317123
1443,kexp,1,2.5,0.5,0.05,-28.524173628072617,-29.12010119156744
1444,kexp,1,2.5,0.5,0.01,-28.485951991611287,-29.083978595007192
1445,kexp,1,2.5,0.5,0,-28.48435730485622,-29.082470780332528
1446,kexp,1,2.5,1,0.5,-36.341710400342585,-36.72489050290329
1447,kexp,1,2.5,1,0.1,-33.184095411415576,-33.70201634067722
1448,kexp,1,2.5,1,0.05,-33.068701132190846,-33.59175502146143
1449,kexp,1,2.5,1,0.01,-33.03147127652577,-33.55617990779635
1450,kexp,1,2.5,1,0,-33.029916773506436,-33.55469448018982
1451,kexp,1,2.5,1.5,0.5,-39.98780457709787,-40.380030806877805
1452,kexp,1,2.5,1.5,0.1,-37.45549496439585,-37.95069089427611
1453,kexp,1,2.5,1.5,0.05,-37.36583113826411,-37.86487215769948
1454,kexp,1,2.5,1.5,0.01,-37.33696465528762,-37.83724535449307
1455,kexp,1,2.5,1.5,0,-37.3357600297974,-37.836092480216585
1456,kexp,1,3,0.5,0.5,-32.295924700270994,-32.68548822754014
1457,kexp,1,3,0.5,0.1,-28.940700970009964,-29.5226778114981
1458,kexp,1,3,0.5,0.05,-28.832141378479314,-29.419144053509815
1459,kexp,1,3,0.5,0.01,-28.797424276491263,-29.38595128361737
1460,kexp,1,3,0.5,0,-28.795977998022355,-29.384567562422227
1461,kexp,1,3,1,0.5,-36.550498482924446,-36.943225259249864
1462,kexp,1,3,1,0.1,-33.512954610822945,-34.03745087120696
1463,kexp,1,3,1,0.05,-33.40413302812623,-33.9335101989747
1464,kexp,1,3,1,0.01,-33.36907414903997,-33.9000220291009
1465,kexp,1,3,1,0,-33.367610841430384,-33.89862425915281
1466,kexp,1,3,1.5,0.5,-40.22783642243906,-40.63135832515641
1467,kexp,1,3,1.5,0.1,-37.79555858291726,-38.30228460058385
1468,kexp,1,3,1.5,0.05,-37.71061035450487,-38.22115116274745
1469,kexp,1,3,1.5,0.01,-37.683285273717225,-38.19505533368606
1470,kexp,1,3,1.5,0,-37.682145222640685,-38.19396659147078
1471,kexp,1,3.5,0.5,0.5,-32.42124804614245,-32.81814559778487
1472,kexp,1,3.5,0.5,0.1,-29.179396890978794,-29.760366005275515
1473,kexp,1,3.5,0.5,0.05,-29.0789731322173,-29.66399315969906
1474,kexp,1,3.5,0.5,0.01,-29.047004877626108,-29.63321654956361
1475,kexp,1,3.5,0.5,0,-29.045674753075236,-29.631934892605194
1476,kexp,1,3.5,1,0.5,-36.7084070826915,-37.10886626706747
1477,kexp,1,3.5,1,0.1,-33.762622225140575,-34.29393532164848
1478,kexp,1,3.5,1,0.05,-33.658611021793895,-34.194685386374054
1479,kexp,1,3.5,1,0.01,-33.62513519385981,-34.16273999267699
1480,kexp,1,3.5,1,0,-33.62373832106242,-34.16140695795251
1481,kexp,1,3.5,1.5,0.5,-40.407431092298005,-40.819799137906934
1482,kexp,1,3.5,1.5,0.1,-38.04930112301915,-38.56567006437353
1483,kexp,1,3.5,1.5,0.05,-37.96773302071994,-38.48792244746688
1484,kexp,1,3.5,1.5,0.01,-37.94151018023382,-38.462930285515355
1485,kexp,1,3.5,1.5,0,-37.94041627713248,-38.46188774647613
1486,kexp,1,4,0.5,0.5,-32.522263016968395,-32.9253258097834
1487,kexp,1,4,0.5,0.1,-29.376799610260516,-29.960623636094738
1488,kexp,1,4,0.5,0.05,-29.282915363867673,-29.87027186552087
1489,kexp,1,4,0.5,0.01,-29.253143793885187,-29.841513467957167
1490,kexp,1,4,0.5,0,-29.25190634933553,-29.840316916104367
1491,kexp,1,4,1,0.5,-36.83292869425322,-37.23979899101592
1492,kexp,1,4,1,0.1,-33.959215075782346,-34.49726797357272
1493,kexp,1,4,1,0.05,-33.85885390040937,-34.40162994748108
1494,kexp,1,4,1,0.01,-33.826576082031224,-34.370869242072175
1495,kexp,1,4,1,0,-33.82522945063852,-34.36958588154745
1496,kexp,1,4,1.5,0.5,-40.54717696701169,-40.96662159870919
1497,kexp,1,4,1.5,0.1,-38.24583437070714,-38.77036899320552
1498,kexp,1,4,1.5,0.05,-38.16678854425408,-38.69516972795298
1499,kexp,1,4,1.5,0.01,-38.141386792585685,-38.67100680973617
1500,kexp,1,4,1.5,0,-38.1403272511472,-38.66999897010302
1501,kexp,1,6,0.5,0.5,-32.80172882877047,-33.223407038820675
1502,kexp,1,6,0.5,0.1,-29.92626339325275,-30.536617646120057
1503,kexp,1,6,0.5,0.05,-29.848950161647615,-30.462737609695406
1504,kexp,1,6,0.5,0.01,-29.82469601252559,-30.439450774508707
1505,kexp,1,6,0.5,0,-29.82369081699505,-30.438484403440942
1506,kexp,1,6,1,0.5,-37.153253858622286,-37.57824367777818
1507,kexp,1,6,1,0.1,-34.45652457818738,-35.01840758525821
1508,kexp,1,6,1,0.05,-34.36462812828496,-34.931396302907714
1509,kexp,1,6,1,0.01,-34.33511779096959,-34.90345410131852
1510,kexp,1,6,1,0,-34.333887103828374,-34.90228880188398
1511,kexp,1,6,1.5,0.5,-40.89375341164215,-41.33153630816751
1512,kexp,1,6,1.5,0.1,-38.72583669412335,-39.27342635770683
1513,kexp,1,6,1.5,0.05,-38.652479414826104,-39.20407383109294
1514,kexp,1,6,1.5,0.01,-38.628924917693226,-39.181808839344434
1515,kexp,1,6,1.5,0,-38.627942632847166,-39.1808803681062
1516,kexp,1,8,0.5,0.5,-32.98571049380491,-33.421124877465815
1517,kexp,1,8,0.5,0.1,-30.27518110266928,-30.914100783171243
1518,kexp,1,8,0.5,0.05,-30.206866316649794,-30.849896662447854
1519,kexp,1,8,0.5,0.01,-30.185579424340176,-30.829796183867096
1520,kexp,1,8,0.5,0,-30.184698817752885,-30.828963553905808
1521,kexp,1,8,1,0.5,-37.339411418293935,-37.776314042274954
1522,kexp,1,8,1,0.1,-34.734801310529065,-35.31455930990139
1523,kexp,1,8,1,0.05,-34.647014707922025,-35.23189102587169
1524,kexp,1,8,1,0.01,-34.61884220249488,-35.205361873339136
1525,kexp,1,8,1,0,-34.617667501240874,-35.20425570020913
1526,kexp,1,8,1.5,0.5,-41.08288027166184,-41.531342755225374
1527,kexp,1,8,1.5,0.1,-38.98032498856391,-39.54216330443351
1528,kexp,1,8,1.5,0.05,-38.90962183395489,-39.475596907247535
1529,kexp,1,8,1.5,0.01,-38.886926858595935,-39.45423395697839
1530,kexp,1,8,1.5,0,-38.8859804958112,-39.45334318238476
1531,kexp,1,10,0.5,0.5,-33.12213042760894,-33.5686003250471
1532,kexp,1,10,0.5,0.1,-30.524554922504528,-31.18786216385314
1533,kexp,1,10,0.5,0.05,-30.462016930209245,-31.130101103379147
1534,kexp,1,10,0.5,0.01,-30.442625466834194,-31.11211334158909
1535,kexp,1,10,0.5,0,-30.441824342182393,-31.111369290241697
1536,kexp,1,10,1,0.5,-37.46589781697156,-37.91182290054761
1537,kexp,1,10,1,0.1,-34.91813867046724,-35.511734666791
1538,kexp,1,10,1,0.05,-34.83278564615132,-35.43169450207825
1539,kexp,1,10,1,0.01,-34.805403399843314,-35.40601850538219
1540,kexp,1,10,1,0,-34.8042617490101,-35.40494801016188
1541,kexp,1,10,1.5,0.5,-41.205368988876536,-41.66144150108254
1542,kexp,1,10,1.5,0.1,-39.141375407738884,-39.713452887968316
1543,kexp,1,10,1.5,0.05,-39.07219328610273,-39.64850597780451
1544,kexp,1,10,1.5,0.01,-39.0499901340315,-39.627666586599794
1545,kexp,1,10,1.5,0,-39.049064318026964,-39.626797683543096
1546,kexp,1,25,0.5,0.5,-33.59073160281896,-34.082958949566176
1547,kexp,1,25,0.5,0.1,-31.35467074217163,-32.129519352667295
1548,kexp,1,25,0.5,0.05,-31.309509452163223,-32.092785080351774
1549,kexp,1,25,0.5,0.01,-31.295792440608803,-32.081672220510484
1550,kexp,1,25,0.5,0,-31.295228971498183,-32.08121619197637
1551,kexp,1,25,1,0.5,-37.84294726909761,-38.32618379883583
1552,kexp,1,25,1,0.1,-35.443602950022616,-36.09765924129566
1553,kexp,1,25,1,0.05,-35.3642768319304,-36.02463839269639
1554,kexp,1,25,1,0.01,-35.338845928994225,-36.00123574288929
1555,kexp,1,25,1,0,-35.3377858259983,-36.00026025946498
1556,kexp,1,25,1.5,0.5,-41.537504566202244,-42.02437622776667
1557,kexp,1,25,1.5,0.1,-39.56370325831267,-40.17871967608833
1558,kexp,1,25,1.5,0.05,-39.49794086664757,-40.11766477945003
1559,kexp,1,25,1.5,0.01,-39.476841280205086,-40.09808150059837
1560,kexp,1,25,1.5,0,-39.475961544239134,-40.09726504870211
1561,kexp,1.25,0.2,0.5,0.5,-27.85768486271536,-28.124061170743143
1562,kexp,1.25,0.2,0.5,0.1,-32.678876766295474,-33.47438888991563
1563,kexp,1.25,0.2,0.5,0.05,-34.61250499584261,-35.4686551576329
1564,kexp,1.25,0.2,0.5,0.01,-35.375585788890334,-36.25404860153017
1565,kexp,1.25,0.2,0.5,0,-35.40941140067183,-36.288840728050864
1566,kexp,1.25,0.2,1,0.5,-30.439699190614807,-30.681755260723957
1567,kexp,1.25,0.2,1,0.1,-27.860261480948186,-28.330599710663414
1568,kexp,1.25,0.2,1,0.05,-27.93537600733677,-28.42294435213058
1569,kexp,1.25,0.2,1,0.01,-27.958708421436878,-28.452201300822452
1570,kexp,1.25,0.2,1,0,-27.95964142103228,-28.45338592396253
1571,kexp,1.25,0.2,1.5,0.5,-32.68322416667338,-32.903526634312925
1572,kexp,1.25,0.2,1.5,0.1,-28.525855677202003,-28.879958803695544
1573,kexp,1.25,0.2,1.5,0.05,-28.337891853087424,-28.700203810854422
1574,kexp,1.25,0.2,1.5,0.01,-28.269977982568392,-28.635044659320688
1575,kexp,1.25,0.2,1.5,0,-28.267041527825473,-28.632224422605095
1576,kexp,1.25,0.5,0.5,0.5,-29.307820906215834,-29.677604240615924
1577,kexp,1.25,0.5,0.5,0.1,-26.755273107666937,-27.80451608422585
1578,kexp,1.25,0.5,0.5,0.05,-26.76244013341529,-27.869785395526456
1579,kexp,1.25,0.5,0.5,0.01,-26.761721519952552,-27.88900952344723
1580,kexp,1.25,0.5,0.5,0,-26.761637547151302,-27.889771748177335
1581,kexp,1.25,0.5,1,0.5,-32.47059383814932,-32.852842203124666
1582,kexp,1.25,0.5,1,0.1,-27.862471634973783,-28.551094440724366
1583,kexp,1.25,0.5,1,0.05,-27.628887799117607,-28.334869646126826
1584,kexp,1.25,0.5,1,0.01,-27.54912273957912,-28.260848226563983
1585,kexp,1.25,0.5,1,0,-27.54573805135026,-28.25770491196559
1586,kexp,1.25,0.5,1.5,0.5,-35.271245626167115,-35.64693458807393
1587,kexp,1.25,0.5,1.5,0.1,-30.885012112340032,-31.446458517058783
1588,kexp,1.25,0.5,1.5,0.05,-30.671928751005545,-31.24217598544517
1589,kexp,1.25,0.5,1.5,0.01,-30.600761507878534,-31.17388541071542
1590,kexp,1.25,0.5,1.5,0,-30.597761652812633,-31.17100606662359
1591,kexp,1.25,1,0.5,0.5,-30.527499401377895,-30.92647262031581
1592,kexp,1.25,1,0.5,0.1,-26.715541588685042,-27.60596309417563
1593,kexp,1.25,1,0.5,0.05,-26.553199025965874,-27.476314730824157
1594,kexp,1.25,1,0.5,0.01,-26.497832763103887,-27.431879269470027
1595,kexp,1.25,1,0.5,0,-26.495483550780673,-27.42999065000375
1596,kexp,1.25,1,1,0.5,-34.0623662865947,-34.49087074947481
1597,kexp,1.25,1,1,0.1,-29.80713487273757,-30.483582738444042
1598,kexp,1.25,1,1,0.05,-29.616811703873335,-30.30514704837961
1599,kexp,1.25,1,1,0.01,-29.554072578580517,-30.24629319760002
1600,kexp,1.25,1,1,0,-29.55143771291553,-30.243821091467602
1601,kexp,1.25,1,1.5,0.5,-37.213801875238616,-37.65244823466899
1602,kexp,1.25,1,1.5,0.1,-33.564753768330434,-34.16720788358052
1603,kexp,1.25,1,1.5,0.05,-33.41251774865046,-34.021863726151395
1604,kexp,1.25,1,1.5,0.01,-33.36282706587134,-33.9744090443736
1605,kexp,1.25,1,1.5,0,-33.360745867031575,-33.97242133869302
1606,kexp,1.25,1.5,0.5,0.5,-31.113478876017826,-31.51585310617319
1607,kexp,1.25,1.5,0.5,0.1,-27.301390621762838,-28.027207136903417
1608,kexp,1.25,1.5,0.5,0.05,-27.150741969545816,-27.892641931342315
1609,kexp,1.25,1.5,0.5,0.01,-27.100947628346525,-27.84808662281053
1610,kexp,1.25,1.5,0.5,0,-27.098854092337255,-27.84621233554714
1611,kexp,1.25,1.5,1,0.5,-34.85630572452269,-35.29346280871583
1612,kexp,1.25,1.5,1,0.1,-30.982682916592434,-31.61489729613973
1613,kexp,1.25,1.5,1,0.05,-30.823981780933522,-31.464541791543155
1614,kexp,1.25,1.5,1,0.01,-30.772249805207426,-31.41551799537077
1615,kexp,1.25,1.5,1,0,-30.770083864441578,-31.41346529508936
1616,kexp,1.25,1.5,1.5,0.5,-38.177981003390165,-38.636528293272214
1617,kexp,1.25,1.5,1.5,0.1,-34.95162628194781,-35.552798194628664
1618,kexp,1.25,1.5,1.5,0.05,-34.826670149137605,-35.43349000588781
1619,kexp,1.25,1.5,1.5,0.01,-34.78617662200278,-35.39482281596204
1620,kexp,1.25,1.5,1.5,0,-34.78448388854896,-35.39320638167606
1621,kexp,1.25,2,0.5,0.5,-31.474598462703373,-31.886753110281838
1622,kexp,1.25,2,0.5,0.1,-27.825317688305798,-28.46233234411842
1623,kexp,1.25,2,0.5,0.05,-27.694765747802762,-28.338654725708427
1624,kexp,1.25,2,0.5,0.01,-27.652338580983898,-28.298337387705885
1625,kexp,1.25,2,0.5,0,-27.650563192405013,-28.296648854422095
1626,kexp,1.25,2,1,0.5,-35.35125350121748,-35.80157360635456
1627,kexp,1.25,2,1,0.1,-31.74997865939155,-32.367544283876434
1628,kexp,1.25,2,1,0.05,-31.61018788021877,-32.234291936176874
1629,kexp,1.25,2,1,0.01,-31.564862584400515,-32.19107633717198
1630,kexp,1.25,2,1,0,-31.56296758663971,-32.189269425426225
1631,kexp,1.25,2,1.5,0.5,-38.77168309616883,-39.25114833388523
1632,kexp,1.25,2,1.5,0.1,-35.8051014262119,-36.418001461712635
1633,kexp,1.25,2,1.5,0.05,-35.69485488191258,-36.31284931804225
1634,kexp,1.25,2,1.5,0.01,-35.65924638243526,-36.27888496002601
1635,kexp,1.25,2,1.5,0,-35.657759151457725,-36.27746638250091
1636,kexp,1.25,2.5,0.5,0.5,-31.72096024603072,-32.14511453716882
1637,kexp,1.25,2.5,0.5,0.1,-28.241343502918006,-28.829629010126478
1638,kexp,1.25,2.5,0.5,0.05,-28.127706112205892,-28.717215847689438
1639,kexp,1.25,2.5,0.5,0.01,-28.091226279235766,-28.680931058927552
1640,kexp,1.25,2.5,0.5,0,-28.089704880849492,-28.679415560299375
1641,kexp,1.25,2.5,1,0.5,-35.69184939515404,-36.15669154688773
1642,kexp,1.25,2.5,1,0.1,-32.2886766265248,-32.905364870941106
1643,kexp,1.25,2.5,1,0.05,-32.16130301281387,-32.78350272192891
1644,kexp,1.25,2.5,1,0.01,-32.12013202294622,-32.74410136047988
1645,kexp,1.25,2.5,1,0,-32.11841212424377,-32.742455255061834
1646,kexp,1.25,2.5,1.5,0.5,-39.1772803467381,-39.67676164993232
1647,kexp,1.25,2.5,1.5,0.1,-36.38694087629905,-37.01598022563756
1648,kexp,1.25,2.5,1.5,0.05,-36.28590436758245,-36.91977083707312
1649,kexp,1.25,2.5,1.5,0.01,-36.253331108677905,-36.88875344404567
1650,kexp,1.25,2.5,1.5,0,-36.251971305448514,-36.887458586722964
1651,kexp,1.25,3,0.5,0.5,-31.898758528029116,-32.334312770087344
1652,kexp,1.25,3,0.5,0.1,-28.57052841188198,-29.131465801437667
1653,kexp,1.25,3,0.5,0.05,-28.47054845255402,-29.029019906622814
1654,kexp,1.25,3,0.5,0.01,-28.438787006548644,-28.996202453060665
1655,kexp,1.25,3,0.5,0,-28.43746616087847,-28.99483460892707
1656,kexp,1.25,3,1,0.5,-35.94035976102377,-36.41863327758449
1657,kexp,1.25,3,1,0.1,-32.6874066813417,-33.30871301544476
1658,kexp,1.25,3,1,0.05,-32.568860160370505,-33.195052911074825
1659,kexp,1.25,3,1,0.01,-32.53062157617505,-33.15837658347324
1660,kexp,1.25,3,1,0,-32.529025043258116,-33.15684512409144
1661,kexp,1.25,3,1.5,0.5,-39.472203917049576,-39.98909015357856
1662,kexp,1.25,3,1.5,0.1,-36.809981640003336,-37.45501771451309
1663,kexp,1.25,3,1.5,0.05,-36.715296720335346,-37.36502622661249
1664,kexp,1.25,3,1.5,0.01,-36.68480719696482,-37.33604808143035
1665,kexp,1.25,3,1.5,0,-36.683534770791425,-37.33483872922005
1666,kexp,1.25,3.5,0.5,0.5,-32.0336685378343,-32.479318587068676
1667,kexp,1.25,3.5,0.5,0.1,-28.83555276141623,-29.382303984956152
1668,kexp,1.25,3.5,0.5,0.05,-28.746546841248584,-29.288408583425955
1669,kexp,1.25,3.5,0.5,0.01,-28.71854057368395,-29.2585229032056
1670,kexp,1.25,3.5,0.5,0,-28.7173789303535,-29.257279426334616
1671,kexp,1.25,3.5,1,0.5,-36.12979069252787,-36.619880711233094
1672,kexp,1.25,3.5,1,0.1,-32.993849923747234,-33.6222928375219
1673,kexp,1.25,3.5,1,0.05,-32.881872844890026,-33.514828576587135
1674,kexp,1.25,3.5,1,0.01,-32.84580702612881,-33.48020057809447
1675,kexp,1.25,3.5,1,0,-32.84430179451513,-33.47875518247977
1676,kexp,1.25,3.5,1.5,0.5,-39.696109015727686,-40.227716094351024
1677,kexp,1.25,3.5,1.5,0.1,-37.13083748979037,-37.790614489891276
1678,kexp,1.25,3.5,1.5,0.05,-37.04078326870038,-37.70519915773571
1679,kexp,1.25,3.5,1.5,0.01,-37.01180847362828,-37.677717202365805
1680,kexp,1.25,3.5,1.5,0,-37.01059951597583,-37.676570534602085
1681,kexp,1.25,4,0.5,0.5,-32.140812554846995,-32.595344540503426
1682,kexp,1.25,4,0.5,0.1,-29.053071366703765,-29.594416346752077
1683,kexp,1.25,4,0.5,0.05,-28.972852613557603,-29.50775735096263
1684,kexp,1.25,4,0.5,0.01,-28.947834092043152,-29.480330526621085
1685,kexp,1.25,4,0.5,0,-28.94679890148169,-29.479191105570415
1686,kexp,1.25,4,1,0.5,-36.27922982423129,-36.77965034540472
1687,kexp,1.25,4,1,0.1,-33.23594381831799,-33.87279666189916
1688,kexp,1.25,4,1,0.05,-33.12898456527124,-33.77014613008972
1689,kexp,1.25,4,1,0.01,-33.09457323620144,-33.737104104544876
1690,kexp,1.25,4,1,0,-33.09313747159735,-33.73572528643204
1691,kexp,1.25,4,1.5,0.5,-39.87157618939443,-40.41562387933491
1692,kexp,1.25,4,1.5,0.1,-37.38146927687911,-38.05460008557452
1693,kexp,1.25,4,1.5,0.05,-37.29490417790764,-37.972670542943696
1694,kexp,1.25,4,1.5,0.01,-37.26706835412444,-37.94632582855556
1695,kexp,1.25,4,1.5,0,-37.26590709504275,-37.94522678012658
1696,kexp,1.25,6,0.5,0.5,-32.42892941817949,-32.911361752977534
1697,kexp,1.25,6,0.5,0.1,-29.64051818819242,-30.20253878356213
1698,kexp,1.25,6,0.5,0.05,-29.58143008057988,-30.135230050628408
1699,kexp,1.25,6,0.5,0.01,-29.563524540611247,-30.11429487788629
1700,kexp,1.25,6,0.5,0,-29.56278961318823,-30.11342925813202
1701,kexp,1.25,6,1,0.5,-36.65896995209279,-37.19024145312403
1702,kexp,1.25,6,1,0.1,-33.84150415112114,-34.51399640882113
1703,kexp,1.25,6,1,0.05,-33.746028849224636,-34.42281458419816
1704,kexp,1.25,6,1,0.01,-33.71538701534682,-34.39353281798327
1705,kexp,1.25,6,1,0,-33.7141093357764,-34.39231165261535
1706,kexp,1.25,6,1.5,0.5,-40.30623966542761,-40.88465040335768
1707,kexp,1.25,6,1.5,0.1,-37.99356626917223,-38.707842280456845
1708,kexp,1.25,6,1.5,0.05,-37.91486856808904,-38.633974365196444
1709,kexp,1.25,6,1.5,0.01,-37.889593444472254,-38.6102518841889
1710,kexp,1.25,6,1.5,0,-37.888539343379335,-38.609262550850545
1711,kexp,1.25,8,0.5,0.5,-32.61510122199325,-33.11868539399243
1712,kexp,1.25,8,0.5,0.1,-29.998578510466242,-30.599262270051906
1713,kexp,1.25,8,0.5,0.05,-29.949638628981877,-30.54267103334137
1714,kexp,1.25,8,0.5,0.01,-29.935102766455376,-30.525281598949103
1715,kexp,1.25,8,0.5,0,-29.93450958170166,-30.524564985737985
1716,kexp,1.25,8,1,0.5,-36.87362987260362,-37.425519061559896
1717,kexp,1.25,8,1,0.1,-34.169231913252325,-34.87131150867968
1718,kexp,1.25,8,1,0.05,-34.07903545661052,-34.7857286234347
1719,kexp,1.25,8,1,0.01,-34.05011692212487,-34.75827269490992
1720,kexp,1.25,8,1,0,-34.04891141280785,-34.75712797299053
1721,kexp,1.25,8,1.5,0.5,-40.53870530828737,-41.13744295471493
1722,kexp,1.25,8,1.5,0.1,-38.31128771597243,-39.05214624263832
1723,kexp,1.25,8,1.5,0.05,-38.236158636095915,-38.98207012550023
1724,kexp,1.25,8,1.5,0.01,-38.21204115517315,-38.9595770081247
1725,kexp,1.25,8,1.5,0,-38.21103545658345,-38.95863906881547
1726,kexp,1.25,10,0.5,0.5,-32.75333280809926,-33.27409706144578
1727,kexp,1.25,10,0.5,0.1,-30.248652409430306,-30.885229625323404
1728,kexp,1.25,10,0.5,0.05,-30.205581460837664,-30.835362982536918
1729,kexp,1.25,10,0.5,0.01,-30.19297680038548,-30.820181075221257
1730,kexp,1.25,10,0.5,0,-30.192464659497684,-30.819557043518945
1731,kexp,1.25,10,1,0.5,-37.01651947702568,-37.58357959839854
1732,kexp,1.25,10,1,0.1,-34.37895859816937,-35.103824521499305
1733,kexp,1.25,10,1,0.05,-34.29171192215809,-35.02148784379016
1734,kexp,1.25,10,1,0.01,-34.263753126571515,-34.995087216792825
1735,kexp,1.25,10,1,0,-34.26258777566554,-34.99398664239014
1736,kexp,1.25,10,1.5,0.5,-40.686116996169865,-41.29861324782159
1737,kexp,1.25,10,1.5,0.1,-38.50756632422821,-39.26676391364288
1738,kexp,1.25,10,1.5,0.05,-38.43441002826287,-39.19882908459838
1739,kexp,1.25,10,1.5,0.01,-38.410931254601834,-39.1770289256859
1740,kexp,1.25,10,1.5,0,-38.40995224779503,-39.17611994208796
1741,kexp,1.25,25,0.5,0.5,-33.239381492424286,-33.83717173943929
1742,kexp,1.25,25,0.5,0.1,-31.047737506050105,-31.85849866216539
1743,kexp,1.25,25,0.5,0.05,-31.018617001346797,-31.8276440587194
1744,kexp,1.25,25,0.5,0.01,-31.010546070566622,-31.818652861138183
1745,kexp,1.25,25,0.5,0,-31.01022357467495,-31.818287912586406
1746,kexp,1.25,25,1,0.5,-37.43626350004478,-38.06708453039962
1747,kexp,1.25,25,1,0.1,-34.952309034889126,-35.7764724680194
1748,kexp,1.25,25,1,0.05,-34.871266745965976,-35.70181132594479
1749,kexp,1.25,25,1,0.01,-34.84531658172533,-35.67789571399788
1750,kexp,1.25,25,1,0,-34.844235171103854,-35.676898988730166
1751,kexp,1.25,25,1.5,0.5,-41.07962329360463,-41.746345595441376
1752,kexp,1.25,25,1.5,0.1,-39.00520252628571,-39.83810607816065
1753,kexp,1.25,25,1.5,0.05,-38.93601787962036,-39.7748838557977
1754,kexp,1.25,25,1.5,0.01,-38.913821267464286,-39.75460490752253
1755,kexp,1.25,25,1.5,0,-38.91289580332032,-39.75375944751872
1756,kexp,1.5,0.2,0.5,0.5,-27.47052789529425,-27.758636407134023
1757,kexp,1.5,0.2,0.5,0.1,-35.290162694456214,-36.2430235476587
1758,kexp,1.5,0.2,0.5,0.05,-38.26587192030279,-39.30656598394393
1759,kexp,1.5,0.2,0.5,0.01,-39.482180706254084,-40.55622560695017
1760,kexp,1.5,0.2,0.5,0,-39.53677365661643,-40.61227686026299
1761,kexp,1.5,0.2,1,0.5,-29.800674236755818,-30.07076849977545
1762,kexp,1.5,0.2,1,0.1,-28.374751989320618,-28.941555398634353
1763,kexp,1.5,0.2,1,0.05,-28.68590761423316,-29.278018284412074
1764,kexp,1.5,0.2,1,0.01,-28.795705470713536,-29.396669049735127
1765,kexp,1.5,0.2,1,0,-28.80036847039962,-29.40170983658643
1766,kexp,1.5,0.2,1.5,0.5,-31.859556037391005,-32.10932157726342
1767,kexp,1.5,0.2,1.5,0.1,-28.172669259264584,-28.599593535021462
1768,kexp,1.5,0.2,1.5,0.05,-28.05796389241671,-28.496974064035317
1769,kexp,1.5,0.2,1.5,0.01,-28.01415692447087,-28.45727067485409
1770,kexp,1.5,0.2,1.5,0,-28.012223508304018,-28.455510928669344
1771,kexp,1.5,0.5,0.5,0.5,-28.912583934503143,-29.30864155768144
1772,kexp,1.5,0.5,0.5,0.1,-27.465870842513112,-28.716834462937964
1773,kexp,1.5,0.5,0.5,0.05,-27.642194231740916,-28.975522793021256
1774,kexp,1.5,0.5,0.5,0.01,-27.700108090921187,-29.062107192965847
1775,kexp,1.5,0.5,0.5,0,-27.70251122047964,-29.065731357657047
1776,kexp,1.5,0.5,1,0.5,-31.77194567760393,-32.20186430535837
1777,kexp,1.5,0.5,1,0.1,-27.23755934447143,-28.0653827619475
1778,kexp,1.5,0.5,1,0.05,-27.008196485124177,-27.860570406247945
1779,kexp,1.5,0.5,1,0.01,-26.928575680032136,-27.789128132780327
1780,kexp,1.5,0.5,1,0,-26.925179661743563,-27.786076414499284
1781,kexp,1.5,0.5,1.5,0.5,-34.35149625126191,-34.78364808643329
1782,kexp,1.5,0.5,1.5,0.1,-29.768416235622063,-30.44526766561008
1783,kexp,1.5,0.5,1.5,0.05,-29.5377698986821,-30.22699364016243
1784,kexp,1.5,0.5,1.5,0.01,-29.460012531030284,-30.153297819411492
1785,kexp,1.5,0.5,1.5,0,-29.456725908888686,-30.150181533502657
1786,kexp,1.5,1,0.5,0.5,-30.175069869663467,-30.60204078714054
1787,kexp,1.5,1,0.5,0.1,-26.720326029153053,-27.738546851462758
1788,kexp,1.5,1,0.5,0.05,-26.58512452526273,-27.64584529537432
1789,kexp,1.5,1,0.5,0.01,-26.53775771768769,-27.612773328317033
1790,kexp,1.5,1,0.5,0,-26.53573085018329,-27.61134972432256
1791,kexp,1.5,1,1,0.5,-33.3817600482402,-33.869609846904936
1792,kexp,1.5,1,1,0.1,-28.905398683923877,-29.704153373642274
1793,kexp,1.5,1,1,0.05,-28.696901505273093,-29.511262554589567
1794,kexp,1.5,1,1,0.01,-28.627696235182466,-29.447172116216443
1795,kexp,1.5,1,1,0,-28.624784173707713,-29.44447447222815
1796,kexp,1.5,1,1.5,0.5,-36.30853089332422,-36.821668049453166
1797,kexp,1.5,1,1.5,0.1,-32.34245277497082,-33.06466831332681
1798,kexp,1.5,1,1.5,0.05,-32.17051934342464,-32.901822870785594
1799,kexp,1.5,1,1.5,0.01,-32.114155518816695,-32.84841273550047
1800,kexp,1.5,1,1.5,0,-32.111792048285004,-32.84617282159878
1801,kexp,1.5,1.5,0.5,0.5,-30.783222672218383,-31.205347211737934
1802,kexp,1.5,1.5,0.5,0.1,-27.144701921794788,-27.90639906854507
1803,kexp,1.5,1.5,0.5,0.05,-27.004896412618503,-27.783023743289203
1804,kexp,1.5,1.5,0.5,0.01,-26.958213392463342,-27.74164588982724
1805,kexp,1.5,1.5,0.5,0,-26.956244413127962,-27.73989836627942
1806,kexp,1.5,1.5,1,0.5,-34.20961144177788,-34.701519404963335
1807,kexp,1.5,1.5,1,0.1,-30.083423061046403,-30.803315596052812
1808,kexp,1.5,1.5,1,0.05,-29.908248213786518,-30.63800755923492
1809,kexp,1.5,1.5,1,0.01,-29.85090766017192,-30.583868702333394
1810,kexp,1.5,1.5,1,0,-29.84850417193036,-30.581599087420006
1811,kexp,1.5,1.5,1.5,0.5,-37.32157538045031,-37.85474310478713
1812,kexp,1.5,1.5,1.5,0.1,-33.7920911270353,-34.49899711314018
1813,kexp,1.5,1.5,1.5,0.05,-33.65100885968477,-34.36489717570919
1814,kexp,1.5,1.5,1.5,0.01,-33.60516528183746,-34.32131278801808
1815,kexp,1.5,1.5,1.5,0,-33.60324752493578,-34.31948942787159
1816,kexp,1.5,2,0.5,0.5,-31.162412789590636,-31.589019825658053
1817,kexp,1.5,2,0.5,0.1,-27.65818554874972,-28.270133837944808
1818,kexp,1.5,2,0.5,0.05,-27.539365225255388,-28.153183069458
1819,kexp,1.5,2,0.5,0.01,-27.50067832678069,-28.114841470063162
1820,kexp,1.5,2,0.5,0,-27.499058203515975,-28.1132328210029
1821,kexp,1.5,2,1,0.5,-34.74425606277946,-35.2463642058338
1822,kexp,1.5,2,1,0.1,-30.91185849226641,-31.595702084799868
1823,kexp,1.5,2,1,0.05,-30.758888448531877,-31.449610519129592
1824,kexp,1.5,2,1,0.01,-30.709152784540027,-31.402086374801787
1825,kexp,1.5,2,1,0,-30.70707185561817,-31.400097695687602
1826,kexp,1.5,2,1.5,0.5,-37.970432202876474,-38.52517643278243
1827,kexp,1.5,2,1.5,0.1,-34.73217666681262,-35.443480017994034
1828,kexp,1.5,2,1.5,0.05,-34.60869554607211,-35.3259908429813
1829,kexp,1.5,2,1.5,0.01,-34.56873628521169,-35.2879651311933
1830,kexp,1.5,2,1.5,0,-34.56706650639084,-35.28637608732149
1831,kexp,1.5,2.5,0.5,0.5,-31.42534483473218,-31.86244137714444
1832,kexp,1.5,2.5,0.5,0.1,-28.103918374138576,-28.62728804809653
1833,kexp,1.5,2.5,0.5,0.05,-28.005763999746886,-28.52185225429224
1834,kexp,1.5,2.5,0.5,0.01,-27.974460463630006,-28.48778977621088
1835,kexp,1.5,2.5,0.5,0,-27.97315702779568,-28.486366535846543
1836,kexp,1.5,2.5,1,0.5,-35.12315242250169,-35.64006613954896
1837,kexp,1.5,2.5,1,0.1,-31.519090588597294,-32.19048352674306
1838,kexp,1.5,2.5,1,0.05,-31.38142263569294,-32.05793058935498
1839,kexp,1.5,2.5,1,0.01,-31.336842773682697,-32.01497864432805
1840,kexp,1.5,2.5,1,0,-31.33497956602404,-32.01318316177073
1841,kexp,1.5,2.5,1.5,0.5,-38.42774506275647,-39.00564111887777
1842,kexp,1.5,2.5,1.5,0.1,-35.39605030885568,-36.121946667457806
1843,kexp,1.5,2.5,1.5,0.05,-35.283947348783016,-36.01531370748038
1844,kexp,1.5,2.5,1.5,0.01,-35.24775527453338,-35.9808833744569
1845,kexp,1.5,2.5,1.5,0,-35.246243845505695,-35.9794454704849
1846,kexp,1.5,3,0.5,0.5,-31.616074183190808,-32.06534138224877
1847,kexp,1.5,3,0.5,0.1,-28.468893849511506,-28.93760258133344
1848,kexp,1.5,3,0.5,0.05,-28.388406206664328,-28.843575632630017
1849,kexp,1.5,3,0.5,0.01,-28.363275617585902,-28.81356317596525
1850,kexp,1.5,3,0.5,0,-28.362235354031085,-28.812313327904242
1851,kexp,1.5,3,1,0.5,-35.404871099412034,-35.937519268385216
1852,kexp,1.5,3,1,0.1,-31.980256366518343,-32.65037887664798
1853,kexp,1.5,3,1,0.05,-31.85379608456649,-32.52788926904248
1854,kexp,1.5,3,1,0.01,-31.81295975820532,-32.48830165934706
1855,kexp,1.5,3,1,0,-31.81125426641822,-32.48664795237241
1856,kexp,1.5,3,1.5,0.5,-38.76772243626393,-39.36766362899141
1857,kexp,1.5,3,1.5,0.1,-35.89060729733008,-36.634206858220296
1858,kexp,1.5,3,1.5,0.05,-35.78653307392041,-36.535300700898695
1859,kexp,1.5,3,1.5,0.01,-35.75298447971849,-36.50341406927404
1860,kexp,1.5,3,1.5,0,-35.75158400395292,-36.50208292726815
1861,kexp,1.5,3.5,0.5,0.5,-31.759935349832396,-32.22112864202238
1862,kexp,1.5,3.5,0.5,0.1,-28.76593884299064,-29.201412749001904
1863,kexp,1.5,3.5,0.5,0.05,-28.70005550424241,-29.117622336316238
1864,kexp,1.5,3.5,0.5,0.01,-28.679972955486843,-29.091173384868448
1865,kexp,1.5,3.5,0.5,0,-28.679147273772276,-29.090075305540992
1866,kexp,1.5,3.5,1,0.5,-35.621880275742015,-36.1696277058408
1867,kexp,1.5,3.5,1,0.1,-32.340127410294436,-33.01498056452792
1868,kexp,1.5,3.5,1,0.05,-32.22218072311369,-32.90025483699776
1869,kexp,1.5,3.5,1,0.01,-32.18417333145523,-32.863247021228375
1870,kexp,1.5,3.5,1,0,-32.182586858712575,-32.8617018527571
1871,kexp,1.5,3.5,1.5,0.5,-39.02979819308364,-39.649726881267306
1872,kexp,1.5,3.5,1.5,0.1,-36.27208741559438,-37.03392306338198
1873,kexp,1.5,3.5,1.5,0.05,-36.17396960430165,-36.94080677142959
1874,kexp,1.5,3.5,1.5,0.01,-36.14237534300982,-36.91081899250832
1875,kexp,1.5,3.5,1.5,0,-36.141056820431714,-36.909567468568966
1876,kexp,1.5,4,0.5,0.5,-31.87280888508021,-32.345079121813285
1877,kexp,1.5,4,0.5,0.1,-29.009279539264654,-29.426200163313446
1878,kexp,1.5,4,0.5,0.05,-28.955229769419745,-29.351230111082526
1879,kexp,1.5,4,0.5,0.01,-28.93921077496363,-29.327817536156267
1880,kexp,1.5,4,0.5,0,-28.938557521857113,-29.326848390617695
1881,kexp,1.5,4,1,0.5,-35.793918091135296,-36.35563874718931
1882,kexp,1.5,4,1,0.1,-32.626731092837765,-33.309839077715324
1883,kexp,1.5,4,1,0.05,-32.515369959329675,-33.201228364753625
1884,kexp,1.5,4,1,0.01,-32.479543272569806,-33.166244153204765
1885,kexp,1.5,4,1,0,-32.478048462678835,-33.16478403111051
1886,kexp,1.5,4,1.5,0.5,-39.23730071146439,-39.87503150172582
1887,kexp,1.5,4,1.5,0.1,-36.57347370920509,-37.35311435798745
1888,kexp,1.5,4,1.5,0.05,-36.47989895382012,-37.26446840763167
1889,kexp,1.5,4,1.5,0.01,-36.449791746061415,-37.2359429297209
1890,kexp,1.5,4,1.5,0,-36.44853554302514,-37.234752678014694
1891,kexp,1.5,6,0.5,0.5,-32.16779283652819,-32.6762533821496
1892,kexp,1.5,6,0.5,0.1,-29.64849579473638,-30.067499453910074
1893,kexp,1.5,6,0.5,0.05,-29.622327166565693,-30.015846903992625
1894,kexp,1.5,6,0.5,0.01,-29.615789768010387,-30.000340766460035
1895,kexp,1.5,6,0.5,0,-29.61553782452371,-29.999706021975488
1896,kexp,1.5,6,1,0.5,-36.230623345180824,-36.83684261264372
1897,kexp,1.5,6,1,0.1,-33.34361156670465,-34.07189868917106
1898,kexp,1.5,6,1,0.05,-33.247353144552406,-33.97797901498589
1899,kexp,1.5,6,1,0.01,-33.216502922068535,-33.94782868963008
1900,kexp,1.5,6,1,0,-33.21521702277327,-33.9465714194092
1901,kexp,1.5,6,1.5,0.5,-39.75643267913763,-40.447004128296896
1902,kexp,1.5,6,1.5,0.1,-37.31686403558322,-38.157156906060116
1903,kexp,1.5,6,1.5,0.05,-37.23361917136216,-38.07900280392211
1904,kexp,1.5,6,1.5,0.01,-37.20688195045075,-38.0538970776377
1905,kexp,1.5,6,1.5,0,-37.20576685559554,-38.052849985293854
1906,kexp,1.5,8,0.5,0.5,-32.353840618462634,-32.890064229348404
1907,kexp,1.5,8,0.5,0.1,-30.018149009454284,-30.480535275263495
1908,kexp,1.5,8,0.5,0.05,-30.004033217166693,-30.44099100919866
1909,kexp,1.5,8,0.5,0.01,-30.001533488241122,-30.429516219632635
1910,kexp,1.5,8,0.5,0,-30.00145177859868,-30.429051170813988
1911,kexp,1.5,8,1,0.5,-36.4739926687876,-37.110930014702525
1912,kexp,1.5,8,1,0.1,-33.72364474220842,-34.49426255875668
1913,kexp,1.5,8,1,0.05,-33.63408095803678,-34.407400472445524
1914,kexp,1.5,8,1,0.01,-33.60542301816561,-34.37955724838045
1915,kexp,1.5,8,1,0,-33.60422900312245,-34.378396631438946
1916,kexp,1.5,8,1.5,0.5,-40.033341684234394,-40.75670284673125
1917,kexp,1.5,8,1.5,0.1,-37.70072869968666,-38.58319943287834
1918,kexp,1.5,8,1.5,0.05,-37.62210070893212,-38.509984127720365
1919,kexp,1.5,8,1.5,0.01,-37.59686384576935,-38.48648191736089
1920,kexp,1.5,8,1.5,0,-37.595811511369504,-38.485501885054056
1921,kexp,1.5,10,0.5,0.5,-32.491538330157,-33.05037022380275
1922,kexp,1.5,10,0.5,0.1,-30.26792715091956,-30.775805628855718
1923,kexp,1.5,10,0.5,0.05,-30.25997201143179,-30.74336245844297
1924,kexp,1.5,10,0.5,0.01,-30.259509279680458,-30.73422355394524
1925,kexp,1.5,10,0.5,0,-30.259513163203028,-30.733856522722625
1926,kexp,1.5,10,1,0.5,-36.633224242259395,-37.292457966433346
1927,kexp,1.5,10,1,0.1,-33.96079611374396,-34.76461388560135
1928,kexp,1.5,10,1,0.05,-33.874789007966555,-34.68171993588046
1929,kexp,1.5,10,1,0.01,-33.84729082778735,-34.655168711970695
1930,kexp,1.5,10,1,0,-33.846145368308385,-34.65406216627053
1931,kexp,1.5,10,1.5,0.5,-40.2064815455032,-40.95169125976186
1932,kexp,1.5,10,1.5,0.1,-37.93394185032002,-38.845479689777136
1933,kexp,1.5,10,1.5,0.05,-37.8577967977777,-38.775009831955536
1934,kexp,1.5,10,1.5,0.01,-37.83336488704933,-38.752397006576665
1935,kexp,1.5,10,1.5,0,-37.832346203415995,-38.75145414752665
1936,kexp,1.5,25,0.5,0.5,-32.97077507043953,-33.63375497950349
1937,kexp,1.5,25,0.5,0.1,-31.005686952157294,-31.738017742523766
1938,kexp,1.5,25,0.5,0.05,-31.00806590404104,-31.721875817812798
1939,kexp,1.5,25,0.5,0.01,-31.010933763296315,-31.71801241617281
1940,kexp,1.5,25,0.5,0,-31.011076661678995,-31.717865809905586
1941,kexp,1.5,25,1,0.5,-37.08277943413581,-37.831655321963545
1942,kexp,1.5,25,1,0.1,-34.56866810855743,-35.50912417934925
1943,kexp,1.5,25,1,0.05,-34.48907360538133,-35.43454409875239
1944,kexp,1.5,25,1,0.01,-34.46365219067535,-35.41068436132365
1945,kexp,1.5,25,1,0,-34.46259352678148,-35.40969029121064
1946,kexp,1.5,25,1.5,0.5,-40.653194741125354,-41.47786060380344
1947,kexp,1.5,25,1.5,0.1,-38.49923877400017,-39.51750005360996
1948,kexp,1.5,25,1.5,0.05,-38.42766735292455,-39.4526278435712
1949,kexp,1.5,25,1.5,0.01,-38.404712890888774,-39.431822588679
1950,kexp,1.5,25,1.5,0,-38.40375591522154,-39.43095521838581
1951,kexp,1.75,0.2,0.5,0.5,-27.173586525762467,-27.47512853211007
1952,kexp,1.75,0.2,0.5,0.1,-38.01035636302202,-39.110273830209465
1953,kexp,1.75,0.2,0.5,0.05,-42.18379987355828,-43.40328213135886
1954,kexp,1.75,0.2,0.5,0.01,-43.94711797287896,-45.21342175760242
1955,kexp,1.75,0.2,0.5,0,-44.027226073984444,-45.29559664036767
1956,kexp,1.75,0.2,1,0.5,-29.280543252803305,-29.57106890804666
1957,kexp,1.75,0.2,1,0.1,-29.133411859101315,-29.790783171569416
1958,kexp,1.75,0.2,1,0.05,-29.740877772656862,-30.433187409962496
1959,kexp,1.75,0.2,1,0.01,-29.96334391027169,-30.66808832448773
1960,kexp,1.75,0.2,1,0,-29.972927297444098,-30.678204916326738
1961,kexp,1.75,0.2,1.5,0.5,-31.18119779572013,-31.453530740692237
1962,kexp,1.75,0.2,1.5,0.1,-28.09662841543236,-28.591478823730544
1963,kexp,1.75,0.2,1.5,0.05,-28.086804386933824,-28.59839015028695
1964,kexp,1.75,0.2,1.5,0.01,-28.07921950549707,-28.59655534058517
1965,kexp,1.75,0.2,1.5,0,-28.07881780520558,-28.596397774919136
1966,kexp,1.75,0.5,0.5,0.5,-28.60573525917554,-29.013752250831004
1967,kexp,1.75,0.5,0.5,0.1,-28.426206929184758,-29.86212208250191
1968,kexp,1.75,0.5,0.5,0.05,-28.82218864828592,-30.368902286296425
1969,kexp,1.75,0.5,0.5,0.01,-28.958652331310727,-30.544498182445615
1970,kexp,1.75,0.5,0.5,0,-28.96441981846879,-30.55193868651177
1971,kexp,1.75,0.5,1,0.5,-31.194244398274442,-31.65649440430125
1972,kexp,1.75,0.5,1,0.1,-26.861324552130295,-27.81495955820571
1973,kexp,1.75,0.5,1,0.05,-26.651207708849185,-27.63779551104043
1974,kexp,1.75,0.5,1,0.01,-26.57683056034221,-27.574475084470176
1975,kexp,1.75,0.5,1,0,-26.573637947420398,-27.571748800147244
1976,kexp,1.75,0.5,1.5,0.5,-33.57763540781997,-34.051275371443474
1977,kexp,1.75,0.5,1.5,0.1,-28.894106387153755,-29.673570338111368
1978,kexp,1.75,0.5,1.5,0.05,-28.65294312867407,-29.448912609586372
1979,kexp,1.75,0.5,1.5,0.01,-28.570847536597267,-29.372260488620537
1980,kexp,1.75,0.5,1.5,0,-28.567367423788156,-29.369008938074646
1981,kexp,1.75,1,0.5,0.5,-29.906169007368778,-30.345331622709047
1982,kexp,1.75,1,0.5,0.1,-26.962117467790918,-28.086760963632706
1983,kexp,1.75,1,0.5,0.05,-26.873190778545506,-28.05110605309883
1984,kexp,1.75,1,0.5,0.01,-26.84034958923076,-28.03629795276104
1985,kexp,1.75,1,0.5,0,-26.838920535324593,-28.035631158005994
1986,kexp,1.75,1,1,0.5,-32.80902722588769,-33.338595228840425
1987,kexp,1.75,1,1,0.1,-28.19707607625608,-29.0986409254249
1988,kexp,1.75,1,1,0.05,-27.975249764482257,-28.896393343471498
1989,kexp,1.75,1,1,0.01,-27.90109146051624,-28.82867080065094
1990,kexp,1.75,1,1,0,-27.89796456826871,-28.82581390278507
1991,kexp,1.75,1,1.5,0.5,-35.5251858635286,-36.09476299923561
1992,kexp,1.75,1,1.5,0.1,-31.296285727021402,-32.11925380624775
1993,kexp,1.75,1,1.5,0.05,-31.106685383971076,-31.941048509080478
1994,kexp,1.75,1,1.5,0.01,-31.04425694578363,-31.882330562058456
1995,kexp,1.75,1,1.5,0,-31.041636012650276,-31.8798649177778
1996,kexp,1.75,1.5,0.5,0.5,-30.535463308491362,-30.961726439352724
1997,kexp,1.75,1.5,0.5,0.1,-27.20045795225507,-27.96942517382763
1998,kexp,1.75,1.5,0.5,0.05,-27.083533913582098,-27.86821606893791
1999,kexp,1.75,1.5,0.5,0.01,-27.043987020828293,-27.833657186987853
2000,kexp,1.75,1.5,0.5,0,-27.042311804329216,-27.832189136675684
2001,kexp,1.75,1.5,1,0.5,-33.65711704802221,-34.18577765961549
2002,kexp,1.75,1.5,1,0.1,-29.33988551638242,-30.122992443512018
2003,kexp,1.75,1.5,1,0.05,-29.15096736948392,-29.945167779621954
2004,kexp,1.75,1.5,1,0.01,-29.088865049037608,-29.88666279242793
2005,kexp,1.75,1.5,1,0,-29.086258910902178,-29.88420704062942
2006,kexp,1.75,1.5,1.5,0.5,-36.564852984130226,-37.153657261266716
2007,kexp,1.75,1.5,1.5,0.1,-32.76745247759591,-33.55715063813418
2008,kexp,1.75,1.5,1.5,0.05,-32.61125562052508,-33.409135064257725
2009,kexp,1.75,1.5,1.5,0.01,-32.5603619498602,-33.36088967903899
2010,kexp,1.75,1.5,1.5,0,-32.55823137982956,-33.3588697753506
2011,kexp,1.75,2,0.5,0.5,-30.93021764902752,-31.354446382096423
2012,kexp,1.75,2,0.5,0.1,-27.69025158801644,-28.2406667798817
2013,kexp,1.75,2,0.5,0.05,-27.593417277969454,-28.13852086695028
2014,kexp,1.75,2,0.5,0.01,-27.561925614679684,-28.10482912052392
2015,kexp,1.75,2,0.5,0,-27.560606482501242,-28.103412556986502
2016,kexp,1.75,2,1,0.5,-34.21945165291589,-34.75371833406772
2017,kexp,1.75,2,1,0.1,-30.206651708371407,-30.927169049904137
2018,kexp,1.75,2,1,0.05,-30.042676048211938,-30.769822443897755
2019,kexp,1.75,2,1,0.01,-29.98921496928483,-30.71847735336141
2020,kexp,1.75,2,1,0,-29.986976494302514,-30.71632697199623
2021,kexp,1.75,2,1.5,0.5,-37.251467179363274,-37.86056532602824
2022,kexp,1.75,2,1.5,0.1,-33.768340093477875,-34.55102579973772
2023,kexp,1.75,2,1.5,0.05,-33.63235599075167,-34.421663393220335
2024,kexp,1.75,2,1.5,0.01,-33.58826655933215,-34.37970935706901
2025,kexp,1.75,2,1.5,0,-33.586423264973504,-34.37795521040398
2026,kexp,1.75,2.5,0.5,0.5,-31.20745848171677,-31.639134740963204
2027,kexp,1.75,2.5,0.5,0.1,-28.160364563996318,-28.575907101377243
2028,kexp,1.75,2.5,0.5,0.05,-28.08765900547239,-28.484543372644985
2029,kexp,1.75,2.5,0.5,0.01,-28.064922262789516,-28.455069070933913
2030,kexp,1.75,2.5,0.5,0,-28.063980250819707,-28.45383762796905
2031,kexp,1.75,2.5,1,0.5,-34.62735410352496,-35.17481954521824
2032,kexp,1.75,2.5,1,0.1,-30.868052339848543,-31.56009274489481
2033,kexp,1.75,2.5,1,0.05,-30.722134903550604,-31.418117596640748
2034,kexp,1.75,2.5,1,0.01,-30.674801563421088,-31.372010676138064
2035,kexp,1.75,2.5,1,0,-30.6728223476884,-31.37008216721566
2036,kexp,1.75,2.5,1.5,0.5,-37.74734605470584,-38.38059869725157
2037,kexp,1.75,2.5,1.5,0.1,-34.49687252128281,-35.288911301681935
2038,kexp,1.75,2.5,1.5,0.05,-34.37435699154659,-35.17215516164469
2039,kexp,1.75,2.5,1.5,0.01,-34.334747880916716,-35.13439792799425
2040,kexp,1.75,2.5,1.5,0,-34.33309314671551,-35.13282044703629
2041,kexp,1.75,3,0.5,0.5,-31.40979746884593,-31.853165225812454
2042,kexp,1.75,3,0.5,0.1,-28.559962089378356,-28.888195815133102
2043,kexp,1.75,3,0.5,0.05,-28.509151413489253,-28.80935869649089
2044,kexp,1.75,3,0.5,0.01,-28.494143443589223,-28.78442848782165
2045,kexp,1.75,3,0.5,0,-28.49353184819827,-28.78339270577227
2046,kexp,1.75,3,1,0.5,-34.93548241077753,-35.49940318983803
2047,kexp,1.75,3,1,0.1,-31.382329483735365,-32.06353185149202
2048,kexp,1.75,3,1,0.05,-31.250022087557326,-31.933355884626007
2049,kexp,1.75,3,1,0.01,-31.2072590851106,-31.89121913301245
2050,kexp,1.75,3,1,0,-31.205472692451984,-31.88945821677273
2051,kexp,1.75,3,1.5,0.5,-38.12260488684202,-38.78076282907022
2052,kexp,1.75,3,1.5,0.1,-35.05084688506459,-35.859242091271554
2053,kexp,1.75,3,1.5,0.05,-34.93803297645573,-35.75164918890054
2054,kexp,1.75,3,1.5,0.01,-34.90162978620073,-35.71692039684363
2055,kexp,1.75,3,1.5,0,-34.90010974060757,-35.715470153844954
2056,kexp,1.75,3.5,0.5,0.5,-31.561997524670225,-32.018275845420895
2057,kexp,1.75,3.5,0.5,0.1,-28.890150861243573,-29.161597073760092
2058,kexp,1.75,3.5,0.5,0.05,-28.858011393005285,-29.094650224383106
2059,kexp,1.75,3.5,0.5,0.01,-28.84951466040561,-29.07392145085919
2060,kexp,1.75,3.5,0.5,0,-28.84918049855084,-29.07306531328203
2061,kexp,1.75,3.5,1,0.5,-35.175216867362586,-35.7563945405419
2062,kexp,1.75,3.5,1,0.1,-31.789690789369654,-32.47029690810238
2063,kexp,1.75,3.5,1,0.05,-31.667931714417122,-32.34941759575981
2064,kexp,1.75,3.5,1,0.01,-31.628689731072377,-32.31038598195486
2065,kexp,1.75,3.5,1,0,-31.62705165204859,-32.30875588500891
2066,kexp,1.75,3.5,1.5,0.5,-38.415705585447604,-39.0978567994944
2067,kexp,1.75,3.5,1.5,0.1,-35.484581678885064,-36.31237951817713
2068,kexp,1.75,3.5,1.5,0.05,-35.379080860558645,-36.21176344741796
2069,kexp,1.75,3.5,1.5,0.01,-35.3450845064704,-36.17933009199203
2070,kexp,1.75,3.5,1.5,0,-35.34366546995222,-36.177976175656774
2071,kexp,1.75,4,0.5,0.5,-31.680389522411932,-32.14941770262732
2072,kexp,1.75,4,0.5,0.1,-29.161735206143376,-29.397671195531604
2073,kexp,1.75,4,0.5,0.05,-29.145001913997582,-29.34124805983069
2074,kexp,1.75,4,0.5,0.01,-29.141841040369258,-29.324187295455978
2075,kexp,1.75,4,0.5,0,-29.141733805173878,-29.323487420877345
2076,kexp,1.75,4,1,0.5,-35.36645888578616,-35.964545246465626
2077,kexp,1.75,4,1,0.1,-32.1172416517655,-32.80372737073429
2078,kexp,1.75,4,1,0.05,-32.00375792855869,-32.69027994367813
2079,kexp,1.75,4,1,0.01,-31.967267579372923,-32.65371867448195
2080,kexp,1.75,4,1,0,-31.96574528646812,-32.652192519955236
2081,kexp,1.75,4,1.5,0.5,-38.650117233140364,-39.354666732214945
2082,kexp,1.75,4,1.5,0.1,-35.831079496627986,-36.679500989455086
2083,kexp,1.75,4,1.5,0.05,-35.731223992347005,-36.584340458828976
2084,kexp,1.75,4,1.5,0.01,-35.69908054353467,-36.553696536942354
2085,kexp,1.75,4,1.5,0,-35.69773921363726,-36.55241765305356
2086,kexp,1.75,6,0.5,0.5,-31.98248487714826,-32.495045701653765
2087,kexp,1.75,6,0.5,0.1,-29.864231466112336,-30.07332616015369
2088,kexp,1.75,6,0.5,0.05,-29.883954408707247,-30.044958203358114
2089,kexp,1.75,6,0.5,0.01,-29.893302172481793,-30.037508974839596
2090,kexp,1.75,6,0.5,0,-29.89372559436819,-30.037216713790684
2091,kexp,1.75,6,1,0.5,-35.85466601218196,-36.51041137983572
2092,kexp,1.75,6,1,0.1,-32.94245909124739,-33.67969650621248
2093,kexp,1.75,6,1,0.05,-32.84815561089322,-33.584371832048795
2094,kexp,1.75,6,1,0.01,-32.8180089906126,-33.5537948122858
2095,kexp,1.75,6,1,0,-32.81675326361632,-33.55252001572589
2096,kexp,1.75,6,1.5,0.5,-39.24495970957108,-40.02084355453408
2097,kexp,1.75,6,1.5,0.1,-36.69767549831564,-37.62457566348151
2098,kexp,1.75,6,1.5,0.05,-36.610811267362166,-37.542436135506144
2099,kexp,1.75,6,1.5,0.01,-36.58291593277718,-37.51604529217407
2100,kexp,1.75,6,1.5,0,-36.58175258677009,-37.514944549776864
2101,kexp,1.75,8,0.5,0.5,-32.16869472801683,-32.71472184635818
2102,kexp,1.75,8,0.5,0.1,-30.251819899671478,-30.50368853873714
2103,kexp,1.75,8,0.5,0.05,-30.286332646505596,-30.489227989316422
2104,kexp,1.75,8,0.5,0.01,-30.3006802565896,-30.486442383680767
2105,kexp,1.75,8,0.5,0,-30.301314979785026,-30.486346801681123
2106,kexp,1.75,8,1,0.5,-36.12634828166671,-36.82361207271933
2107,kexp,1.75,8,1,0.1,-33.37647274474805,-34.16868740686746
2108,kexp,1.75,8,1,0.05,-33.29050936705025,-34.082039938563405
2109,kexp,1.75,8,1,0.01,-33.26310251927438,-34.05430650277338
2110,kexp,1.75,8,1,0,-33.26196171698598,-34.05315091108707
2111,kexp,1.75,8,1.5,0.5,-39.565257852500494,-40.38812960341952
2112,kexp,1.75,8,1.5,0.1,-37.147690493957754,-38.13409584358029
2113,kexp,1.75,8,1.5,0.05,-37.06660074223097,-38.05813943871155
2114,kexp,1.75,8,1.5,0.01,-37.0405853978724,-38.033759015172
2115,kexp,1.75,8,1.5,0,-37.0395007294574,-38.03274238096172
2116,kexp,1.75,10,0.5,0.5,-32.30604362271995,-32.87917966881412
2117,kexp,1.75,10,0.5,0.1,-30.504120901263292,-30.80869088803729
2118,kexp,1.75,10,0.5,0.05,-30.54535655612672,-30.801853688877706
2119,kexp,1.75,10,0.5,0.01,-30.561941134251768,-30.801582653188614
2120,kexp,1.75,10,0.5,0,-30.56267001083518,-30.80159266321363
2121,kexp,1.75,10,1,0.5,-36.30256000608634,-37.02997902505326
2122,kexp,1.75,10,1,0.1,-33.642671787277756,-34.47953566198616
2123,kexp,1.75,10,1,0.05,-33.560959744185745,-34.39766949369574
2124,kexp,1.75,10,1,0.01,-33.534942432117674,-34.371495294114155
2125,kexp,1.75,10,1,0,-33.53385984077123,-34.37040498448029
2126,kexp,1.75,10,1.5,0.5,-39.764732050482735,-40.61921617709406
2127,kexp,1.75,10,1.5,0.1,-37.41903378541763,-38.4474506469218
2128,kexp,1.75,10,1.5,0.05,-37.3409847895239,-38.374909222877875
2129,kexp,1.75,10,1.5,0.01,-37.31595660343116,-38.35163619518193
2130,kexp,1.75,10,1.5,0,-37.314913217487735,-38.35066585830856
2131,kexp,1.75,25,0.5,0.5,-32.77341086948751,-33.471792111135784
2132,kexp,1.75,25,0.5,0.1,-31.182585049857096,-31.751067469903923
2133,kexp,1.75,25,0.5,0.05,-31.230764974047208,-31.757839421933568
2134,kexp,1.75,25,0.5,0.01,-31.249544367508147,-31.761927104233315
2135,kexp,1.75,25,0.5,0,-31.25036437528272,-31.762118726463008
2136,kexp,1.75,25,1,0.5,-36.78026967261541,-37.622140767167664
2137,kexp,1.75,25,1,0.1,-34.28552856237092,-35.29579536714293
2138,kexp,1.75,25,1,0.05,-34.21053041641581,-35.22300322912195
2139,kexp,1.75,25,1,0.01,-34.18668825185613,-35.19976650933138
2140,kexp,1.75,25,1,0,-34.18569657668755,-35.198798954081404
2141,kexp,1.75,25,1.5,0.5,-40.26343154783389,-41.22430380742386
2142,kexp,1.75,25,1.5,0.1,-38.05191980985037,-39.22299049691653
2143,kexp,1.75,25,1.5,0.05,-37.97910600421186,-39.157040780532185
2144,kexp,1.75,25,1.5,0.01,-37.955770103450625,-39.13589719338746
2145,kexp,1.75,25,1.5,0,-37.95479741056051,-39.13501579669373
2146,kexp,2,0.2,0.5,0.5,-26.942702133970876,-27.252024004591803
2147,kexp,2,0.2,0.5,0.1,-40.77775161278654,-42.01630474406015
2148,kexp,2,0.2,0.5,0.05,-46.28553147684342,-47.67961569588917
2149,kexp,2,0.2,0.5,0.01,-48.68679358119361,-50.14364166818063
2150,kexp,2,0.2,0.5,0,-48.79717398613876,-50.25681883937607
2151,kexp,2,0.2,1,0.5,-28.850875932503143,-29.156320719093515
2152,kexp,2,0.2,1,0.1,-30.068491237296897,-30.811887235904756
2153,kexp,2,0.2,1,0.05,-31.028261230344995,-31.817750797972995
2154,kexp,2,0.2,1,0.01,-31.389202904353265,-32.195381017111735
2155,kexp,2,0.2,1,0,-31.404901510751273,-32.211798706375006
2156,kexp,2,0.2,1.5,0.5,-30.613847579412344,-30.903638548893976
2157,kexp,2,0.2,1.5,0.1,-28.23075308227404,-28.789879443627182
2158,kexp,2,0.2,1.5,0.05,-28.355824195642032,-28.937106959279923
2159,kexp,2,0.2,1.5,0.01,-28.39647282067521,-28.98545931980779
2160,kexp,2,0.2,1.5,0,-28.39813411885647,-28.9874487619393
2161,kexp,2,0.5,0.5,0.5,-28.363784081756947,-28.774287702217848
2162,kexp,2,0.5,0.5,0.1,-29.57061886240677,-31.178791797274
2163,kexp,2,0.5,0.5,0.05,-30.234411146477083,-31.985934702222274
2164,kexp,2,0.5,0.5,0.01,-30.469275437875066,-32.272180757895356
2165,kexp,2,0.5,0.5,0,-30.479293629935228,-32.28440439040363
2166,kexp,2,0.5,1,0.5,-30.711871290648432,-31.19523604488523
2167,kexp,2,0.5,1,0.1,-26.68521327800245,-27.754686711853935
2168,kexp,2,0.5,1,0.05,-26.50913968097077,-27.621198244934643
2169,kexp,2,0.5,1,0.01,-26.44516613246787,-27.57162005567299
2170,kexp,2,0.5,1,0,-26.442395877054057,-27.569458110105447
2171,kexp,2,0.5,1.5,0.5,-32.92140851431972,-33.425242763312
2172,kexp,2,0.5,1.5,0.1,-28.219746343639716,-29.09225043821774
2173,kexp,2,0.5,1.5,0.05,-27.975127036004697,-28.86884674324809
2174,kexp,2,0.5,1.5,0.01,-27.890997669294716,-28.791748149589885
2175,kexp,2,0.5,1.5,0,-27.887420059469953,-28.78846611671347
2176,kexp,2,1,0.5,0.5,-29.697020589352157,-30.13783611395156
2177,kexp,2,1,0.5,0.1,-27.3932498451329,-28.60916225601852
2178,kexp,2,1,0.5,0.05,-27.36997798542627,-28.65099928190327
2179,kexp,2,1,0.5,0.01,-27.358430937846393,-28.66164301401022
2180,kexp,2,1,0.5,0,-27.357887250500557,-28.662038958090243
2181,kexp,2,1,1,0.5,-32.32559133113605,-32.88345017404264
2182,kexp,2,1,1,0.1,-27.65678357667315,-28.646094817266814
2183,kexp,2,1,1,0.05,-27.42677989464184,-28.439922426088817
2184,kexp,2,1,1,0.01,-27.349306066841518,-28.370307040402764
2185,kexp,2,1,1,0,-27.3460321571635,-28.36736307437304
2186,kexp,2,1,1.5,0.5,-34.847988328845744,-35.459687502011924
2187,kexp,2,1,1.5,0.1,-30.408397171372087,-31.31693121956992
2188,kexp,2,1,1.5,0.05,-30.20338983716551,-31.125747838611396
2189,kexp,2,1,1.5,0.01,-30.135587315539652,-31.062455771297117
2190,kexp,2,1,1.5,0,-30.132737226115392,-31.059794546530927
2191,kexp,2,1.5,0.5,0.5,-30.345902697245293,-30.76697553932632
2192,kexp,2,1.5,0.5,0.1,-27.42878504066991,-28.186397138900077
2193,kexp,2,1.5,0.5,0.05,-27.347313925817726,-28.119015191130003
2194,kexp,2,1.5,0.5,0.01,-27.31918464590851,-28.095215708770706
2195,kexp,2,1.5,0.5,0,-27.317984065219353,-28.09419317872261
2196,kexp,2,1.5,1,0.5,-33.18516854132239,-33.73753132095252
2197,kexp,2,1.5,1,0.1,-28.737318394858615,-29.565255039079805
2198,kexp,2,1.5,1,0.05,-28.537757373829614,-29.377744741417814
2199,kexp,2,1.5,1,0.01,-28.471871245179898,-29.31576073622971
2200,kexp,2,1.5,1,0,-28.469102946146403,-29.31315549798326
2201,kexp,2,1.5,1.5,0.5,-35.8997980824292,-36.52953690973204
2202,kexp,2,1.5,1.5,0.1,-31.871390064372047,-32.72568575065138
2203,kexp,2,1.5,1.5,0.05,-31.701350095770508,-32.56489669619247
2204,kexp,2,1.5,1.5,0.01,-31.645793506973042,-32.51233536579565
2205,kexp,2,1.5,1.5,0,-31.643466006523376,-32.5101330378051
2206,kexp,2,2,0.5,0.5,-30.753780969482108,-31.16635686228565
2207,kexp,2,2,0.5,0.1,-27.88184912905004,-28.347281415571512
2208,kexp,2,2,0.5,0.05,-27.817639713565658,-28.268547086337104
2209,kexp,2,2,0.5,0.01,-27.7969867667862,-28.242399444608385
2210,kexp,2,2,0.5,0,-27.796122952437493,-28.241296897469855
2211,kexp,2,2,1,0.5,-33.76616683297141,-34.319018862032586
2212,kexp,2,2,1,0.1,-29.623859989748635,-30.359159129739076
2213,kexp,2,2,1,0.05,-29.451392309947227,-30.19250106006272
2214,kexp,2,2,1,0.01,-29.39500897766873,-30.13794495191783
2215,kexp,2,2,1,0,-29.392646364246357,-30.135658103319336
2216,kexp,2,2,1.5,0.5,-36.61133503600406,-37.25909249345738
2217,kexp,2,2,1.5,0.1,-32.91290127007189,-33.74586169645936
2218,kexp,2,2,1.5,0.05,-32.765397404778916,-33.60534451468082
2219,kexp,2,2,1.5,0.01,-32.71748187148381,-33.559678977652396
2220,kexp,2,2,1.5,0,-32.71547760158498,-33.557768605339035
2221,kexp,2,2.5,0.5,0.5,-31.042835469868496,-31.45918149134218
2222,kexp,2,2.5,0.5,0.1,-28.368326134126388,-28.648238602792087
2223,kexp,2,2.5,0.5,0.05,-28.331199836997055,-28.578343328093016
2224,kexp,2,2.5,0.5,0.01,-28.32053141899758,-28.555959007005654
2225,kexp,2,2.5,0.5,0,-28.32009959773142,-28.55502500287611
2226,kexp,2,2.5,1,0.5,-34.19529271019464,-34.758647095469406
2227,kexp,2,2.5,1,0.1,-30.32649336989243,-31.013998768062056
2228,kexp,2,2.5,1,0.05,-30.174665360553444,-30.86418110635876
2229,kexp,2,2.5,1,0.01,-30.125336372324625,-30.81542003978567
2230,kexp,2,2.5,1,0,-30.123272806199147,-30.81337929742661
2231,kexp,2,2.5,1.5,0.5,-37.13523290577924,-37.806707861644206
2232,kexp,2,2.5,1.5,0.1,-33.691558237425056,-34.525791823522084
2233,kexp,2,2.5,1.5,0.05,-33.5595199881541,-34.39945119292647
2234,kexp,2,2.5,1.5,0.01,-33.51677374564287,-34.35853114737912
2235,kexp,2,2.5,1.5,0,-33.5149873090911,-34.35682082901404
2236,kexp,2,3,0.5,0.5,-31.25500475995602,-31.681791600696716
2237,kexp,2,3,0.5,0.1,-28.797917975910472,-28.954027077938914
2238,kexp,2,3,0.5,0.05,-28.786913382708416,-28.897237776094375
2239,kexp,2,3,0.5,0.01,-28.785557988811696,-28.879728893637427
2240,kexp,2,3,0.5,0,-28.78552540284118,-28.879006210272088
2241,kexp,2,3,1,0.5,-34.52358030907634,-35.10291310337401
2242,kexp,2,3,1,0.1,-30.884535298469956,-31.548625766703765
2243,kexp,2,3,1,0.05,-30.748693127235327,-31.41216934379365
2244,kexp,2,3,1,0.01,-30.704761136463155,-31.367934598604492
2245,kexp,2,3,1,0,-30.702925597027026,-31.366085271796393
2246,kexp,2,3,1.5,0.5,-37.5372765035292,-38.23501676916055
2247,kexp,2,3,1.5,0.1,-34.294011279034464,-35.14059663266633
2248,kexp,2,3,1.5,0.05,-34.17332499887739,-35.02476474060512
2249,kexp,2,3,1.5,0.01,-34.13434386363062,-34.98733203476185
2250,kexp,2,3,1.5,0,-34.132715761825146,-34.985768392375476
2251,kexp,2,3.5,0.5,0.5,-31.41445989065934,-31.85448658509292
2252,kexp,2,3.5,0.5,0.1,-29.15886260659287,-29.23116239844496
2253,kexp,2,3.5,0.5,0.05,-29.17082057937585,-29.187680606545022
2254,kexp,2,3.5,0.5,0.01,-29.17754157148003,-29.17494890955724
2255,kexp,2,3.5,0.5,0,-29.177853897846166,-29.17443134511789
2256,kexp,2,3.5,1,0.5,-34.78114934780279,-35.378827456074454
2257,kexp,2,3.5,1,0.1,-31.332597886921594,-31.988091238868307
2258,kexp,2,3.5,1,0.05,-31.209379917421458,-31.862378364389887
2259,kexp,2,3.5,1,0.01,-31.169681082873716,-31.821751392746123
2260,kexp,2,3.5,1,0,-31.168024068308483,-31.820054277832618
2261,kexp,2,3.5,1.5,0.5,-37.854644346290165,-38.57905367093689
2262,kexp,2,3.5,1.5,0.1,-34.77169987063141,-35.63650711006852
2263,kexp,2,3.5,1.5,0.05,-34.65969402960486,-35.5287903704489
2264,kexp,2,3.5,1.5,0.01,-34.62357862822223,-35.49403648518478
2265,kexp,2,3.5,1.5,0,-34.62207089186545,-35.49258535547539
2266,kexp,2,4,0.5,0.5,-31.5377715577797,-31.99174527835923
2267,kexp,2,4,0.5,0.1,-29.45790096412061,-29.47464638993858
2268,kexp,2,4,0.5,0.05,-29.489169743718925,-29.4433219740798
2269,kexp,2,4,0.5,0.01,-29.502633527498244,-29.43488154749071
2270,kexp,2,4,0.5,0,-29.503233233957193,-29.434547406873182
2271,kexp,2,4,1,0.5,-34.98783563494679,-35.604506239261156
2272,kexp,2,4,1,0.1,-31.6962702478881,-32.35299872331729
2273,kexp,2,4,1,0.05,-31.58309198711043,-32.23599911754791
2274,kexp,2,4,1,0.01,-31.546745290778077,-32.19828175418093
2275,kexp,2,4,1,0,-31.545229483807386,-32.19670721194184
2276,kexp,2,4,1.5,0.5,-38.11067195369857,-38.861015218906516
2277,kexp,2,4,1.5,0.1,-35.15708190396829,-36.04338896486341
2278,kexp,2,4,1.5,0.05,-35.051851284030384,-35.942089499475
2279,kexp,2,4,1.5,0.01,-35.01796581782826,-35.90944646830349
2280,kexp,2,4,1.5,0,-35.01655166716029,-35.90808391370272
2281,kexp,2,6,0.5,0.5,-31.84673246405636,-32.35070430041974
2282,kexp,2,6,0.5,0.1,-30.228038696222182,-30.180330619510094
2283,kexp,2,6,0.5,0.05,-30.305703729655047,-30.18211459835477
2284,kexp,2,6,0.5,0.01,-30.335216929472256,-30.185132042850583
2285,kexp,2,6,0.5,0,-30.336498957961002,-30.185285102595486
2286,kexp,2,6,1,0.5,-35.51998940285683,-36.205981780610216
2287,kexp,2,6,1,0.1,-32.62207885060605,-33.33000387312705
2288,kexp,2,6,1,0.05,-32.532491148264405,-33.23461758606304
2289,kexp,2,6,1,0.01,-32.50397583930947,-33.2040629636184
2290,kexp,2,6,1,0,-32.50278942698864,-33.20278956369292
2291,kexp,2,6,1.5,0.5,-38.770034009666794,-39.60849973220416
2292,kexp,2,6,1.5,0.1,-36.13489023243773,-37.113710737592356
2293,kexp,2,6,1.5,0.05,-36.04545000191616,-37.02797758948648
2294,kexp,2,6,1.5,0.01,-36.01674018981027,-37.000430154032664
2295,kexp,2,6,1.5,0,-36.01554301673398,-36.999281150796975
2296,kexp,2,8,0.5,0.5,-32.03383665605436,-32.57624239039265
2297,kexp,2,8,0.5,0.1,-30.639051322900052,-30.62871222915941
2298,kexp,2,8,0.5,0.05,-30.734985275548755,-30.646509134731883
2299,kexp,2,8,0.5,0.01,-30.77072768555658,-30.65493590111968
2300,kexp,2,8,0.5,0,-30.7722735608807,-30.65531752861262
2301,kexp,2,8,1,0.5,-35.81830334583074,-36.55661204538968
2302,kexp,2,8,1,0.1,-33.10950435928875,-33.8838634001752
2303,kexp,2,8,1,0.05,-33.030092001599684,-33.798872071141176
2304,kexp,2,8,1,0.01,-33.00492996777052,-33.77173250883965
2305,kexp,2,8,1,0,-33.00388432997464,-33.77060236349886
2306,kexp,2,8,1.5,0.5,-39.130663905657734,-40.03083873426856
2307,kexp,2,8,1.5,0.1,-36.64835857575869,-37.704098976229155
2308,kexp,2,8,1.5,0.05,-36.56593411110564,-37.62584611347927
2309,kexp,2,8,1.5,0.01,-36.539512709895185,-37.60073446887082
2310,kexp,2,8,1.5,0,-36.53841135307546,-37.59968740853266
2311,kexp,2,10,0.5,0.5,-32.171759518876,-32.74491336381235
2312,kexp,2,10,0.5,0.1,-30.8974878121538,-30.944522982407914
2313,kexp,2,10,0.5,0.05,-31.000982512278675,-30.970592819795304
2314,kexp,2,10,0.5,0.01,-31.03925844086797,-30.98175696744137
2315,kexp,2,10,0.5,0,-31.04091115108611,-30.98225363829576
2316,kexp,2,10,1,0.5,-36.01173026999673,-36.78843443497063
2317,kexp,2,10,1,0.1,-33.405655407312565,-34.23647704884305
2318,kexp,2,10,1,0.05,-33.331264768184035,-34.157143713433506
2319,kexp,2,10,1,0.01,-33.30774804817585,-34.13185221807973
2320,kexp,2,10,1,0,-33.30677137974908,-34.13079947932887
2321,kexp,2,10,1.5,0.5,-39.35616620324888,-40.298816031960236
2322,kexp,2,10,1.5,0.1,-36.957796101825934,-38.06986003272469
2323,kexp,2,10,1.5,0.05,-36.87900649905208,-37.99573447522788
2324,kexp,2,10,1.5,0.01,-36.85376680950722,-37.97196256162544
2325,kexp,2,10,1.5,0,-36.85271488937297,-37.97097152641171
2326,kexp,2,25,0.5,0.5,-32.63045069007065,-33.344279468273086
2327,kexp,2,25,0.5,0.1,-31.528794415875893,-31.871670940151
2328,kexp,2,25,0.5,0.05,-31.636004777499497,-31.90880528290336
2329,kexp,2,25,0.5,0.01,-31.675380692774798,-31.923447553460772
2330,kexp,2,25,0.5,0,-31.677078233373017,-31.924088401853197
2331,kexp,2,25,1,0.5,-36.52019714818546,-37.43555233967043
2332,kexp,2,25,1,0.1,-34.087972411566895,-35.12975512485007
2333,kexp,2,25,1,0.05,-34.02064968953219,-35.06038227512085
2334,kexp,2,25,1,0.01,-33.99942307470967,-35.038314709669606
2335,kexp,2,25,1,0,-33.99854213043715,-35.037396689952665
2336,kexp,2,25,1.5,0.5,-39.90806953904236,-40.98604019845003
2337,kexp,2,25,1.5,0.1,-37.6601753547996,-38.95443929382292
2338,kexp,2,25,1.5,0.05,-37.58731418378276,-38.88799860687964
2339,kexp,2,25,1.5,0.01,-37.563992002719345,-38.8667101838566
2340,kexp,2,25,1.5,0,-37.56302019619509,-38.8658228860579
2341,kexp,2.25,0.2,0.5,0.5,-26.761582278521523,-27.07478090327872
2342,kexp,2.25,0.2,0.5,0.1,-43.553766312996615,-44.92381068653231
2343,kexp,2.25,0.2,0.5,0.05,-50.51597463928666,-52.08143411879485
2344,kexp,2.25,0.2,0.5,0.01,-53.643319427140874,-55.28997107507814
2345,kexp,2.25,0.2,0.5,0,-53.7887320799826,-55.43903569778772
2346,kexp,2.25,0.2,1,0.5,-28.49149810652805,-28.807803432638813
2347,kexp,2.25,0.2,1,0.1,-31.132615432988565,-31.95840174557505
2348,kexp,2.25,0.2,1,0.05,-32.496747512499326,-33.38126336264113
2349,kexp,2.25,0.2,1,0.01,-33.02154895903043,-33.92769110607138
2350,kexp,2.25,0.2,1,0,-33.04455996161464,-33.951638471436574
2351,kexp,2.25,0.2,1.5,0.5,-30.133009180698895,-30.436412496903802
2352,kexp,2.25,0.2,1.5,0.1,-28.527020092350874,-29.147618437720954
2353,kexp,2.25,0.2,1.5,0.05,-28.81546733106727,-29.464406645916693
2354,kexp,2.25,0.2,1.5,0.01,-28.916235639399453,-29.575146330431814
2355,kexp,2.25,0.2,1.5,0,-28.9204926886808,-29.57982949583769
2356,kexp,2.25,0.5,0.5,0.5,-28.171001792721345,-28.577778700582698
2357,kexp,2.25,0.5,0.5,0.1,-30.852953882811374,-32.62336813708473
2358,kexp,2.25,0.5,0.5,0.05,-31.830343732135294,-33.78066540036475
2359,kexp,2.25,0.5,0.5,0.01,-32.18331040384157,-34.199080677405476
2360,kexp,2.25,0.5,0.5,0,-32.198470871633916,-34.21706172810713
2361,kexp,2.25,0.5,1,0.5,-30.305340263312758,-30.80162057611228
2362,kexp,2.25,0.5,1,0.1,-26.67145751522969,-27.849232015691367
2363,kexp,2.25,0.5,1,0.05,-26.543897077222177,-27.77512056304081
2364,kexp,2.25,0.5,1,0.01,-26.495505374209817,-27.74493451640291
2365,kexp,2.25,0.5,1,0,-26.493378848033977,-27.743578839115667
2366,kexp,2.25,0.5,1.5,0.5,-32.36018262597733,-32.88570317619714
2367,kexp,2.25,0.5,1.5,0.1,-27.7108273336858,-28.669186264367944
2368,kexp,2.25,0.5,1.5,0.05,-27.46974980129135,-28.45461858683777
2369,kexp,2.25,0.5,1.5,0.01,-27.385915837008426,-28.379613876154494
2370,kexp,2.25,0.5,1.5,0,-27.382338273535087,-28.37640797615008
2371,kexp,2.25,1,0.5,0.5,-29.53215229706524,-29.967672795044383
2372,kexp,2.25,1,0.5,0.1,-27.97790503700001,-29.274075887633376
2373,kexp,2.25,1,0.5,0.05,-28.039585417926087,-29.413826187232257
2374,kexp,2.25,1,0.5,0.01,-28.056226070900948,-29.457267124258813
2375,kexp,2.25,1,0.5,0,-28.056862445560448,-29.459040405390198
2376,kexp,2.25,1,1,0.5,-31.915646511205374,-32.49167059033235
2377,kexp,2.25,1,1,0.1,-27.26106360013557,-28.32654911684412
2378,kexp,2.25,1,1,0.05,-27.028174829550238,-28.122045755602063
2379,kexp,2.25,1,1,0.01,-26.949092822385687,-28.052355380849423
2380,kexp,2.25,1,1,0,-26.945742878118786,-28.04940008931525
2381,kexp,2.25,1,1.5,0.5,-34.261167945529486,-34.90382534140614
2382,kexp,2.25,1,1.5,0.1,-29.65954938053268,-30.64173214885091
2383,kexp,2.25,1,1.5,0.05,-29.44151484860022,-30.44008307753064
2384,kexp,2.25,1,1.5,0.01,-29.369075374382305,-30.3730012107711
2385,kexp,2.25,1,1.5,0,-29.366026455699508,-30.3701767506841
2386,kexp,2.25,1.5,0.5,0.5,-30.198778167838192,-30.609249654786602
2387,kexp,2.25,1.5,0.5,0.1,-27.800225417685994,-28.534297191381878
2388,kexp,2.25,1.5,0.5,0.05,-27.767044986234385,-28.51279113494676
2389,kexp,2.25,1.5,0.5,0.01,-27.7547814073265,-28.50389164976481
2390,kexp,2.25,1.5,0.5,0,-27.754244229001696,-28.503489899019158
2391,kexp,2.25,1.5,1,0.5,-32.78121183391583,-33.347827454859285
2392,kexp,2.25,1.5,1,0.1,-28.260101669380617,-29.119028030685403
2393,kexp,2.25,1.5,1,0.05,-28.053214559928602,-28.924904141156265
2394,kexp,2.25,1.5,1,0.01,-27.984604064532228,-28.86041673757167
2395,kexp,2.25,1.5,1,0,-27.981717613099796,-28.857702464791743
2396,kexp,2.25,1.5,1.5,0.5,-35.31585734684784,-35.97524955156461
2397,kexp,2.25,1.5,1.5,0.1,-31.092942222310757,-31.997532574416336
2398,kexp,2.25,1.5,1.5,0.05,-30.910484372679527,-31.82527490857846
2399,kexp,2.25,1.5,1.5,0.01,-30.85070513940683,-31.768798365606045
2400,kexp,2.25,1.5,1.5,0,-30.848198841198442,-31.76643008678235
2401,kexp,2.25,2,0.5,0.5,-30.617515897912057,-31.013791264560584
2402,kexp,2.25,2,0.5,0.1,-28.205376059625237,-28.57098350405213
2403,kexp,2.25,2,0.5,0.05,-28.18469795308254,-28.524666298854083
2404,kexp,2.25,2,0.5,0.01,-28.178676221817735,-28.50913465619053
2405,kexp,2.25,2,0.5,0,-28.178429004020412,-28.508476020121613
2406,kexp,2.25,2,1,0.5,-33.374206756060765,-33.93635189307012
2407,kexp,2.25,2,1,0.1,-29.15172532970898,-29.885619821768007
2408,kexp,2.25,2,1,0.05,-28.973498528988625,-29.711835621390364
2409,kexp,2.25,2,1,0.01,-28.9150754834481,-29.65476299464125
2410,kexp,2.25,2,1,0,-28.912625542934375,-29.652368510394957
2411,kexp,2.25,2,1.5,0.5,-36.04294001445854,-36.71769680260446
2412,kexp,2.25,2,1.5,0.1,-32.159431854446495,-33.026272308527375
2413,kexp,2.25,2,1.5,0.05,-32.001549157487894,-32.87548345408765
2414,kexp,2.25,2,1.5,0.01,-31.950164942771995,-32.82637818345619
2415,kexp,2.25,2,1.5,0,-31.948014489306267,-32.82432277388781
2416,kexp,2.25,2.5,0.5,0.5,-30.91594253590666,-31.31230907032782
2417,kexp,2.25,2.5,0.5,0.1,-28.699749121170285,-28.826425709341564
2418,kexp,2.25,2.5,0.5,0.05,-28.70851339963184,-28.78570401912928
2419,kexp,2.25,2.5,0.5,0.01,-28.713530231509452,-28.77304993664975
2420,kexp,2.25,2.5,0.5,0,-28.71376286120445,-28.77252523236018
2421,kexp,2.25,2.5,1,0.5,-33.818310991957716,-34.387819861881674
2422,kexp,2.25,2.5,1,0.1,-29.88457805537496,-30.549045078544374
2423,kexp,2.25,2.5,1,0.05,-29.729381695645266,-30.393188575540062
2424,kexp,2.25,2.5,1,0.01,-29.67888818959226,-30.34235151502834
2425,kexp,2.25,2.5,1,0,-29.676775073649626,-30.34022261246616
2426,kexp,2.25,2.5,1.5,0.5,-36.58664039724924,-37.28385427551231
2427,kexp,2.25,2.5,1.5,0.1,-32.97640949059921,-33.83437165273413
2428,kexp,2.25,2.5,1.5,0.05,-32.835892002071,-33.699145180269014
2429,kexp,2.25,2.5,1.5,0.01,-32.7903402650105,-33.65527936466889
2430,kexp,2.25,2.5,1.5,0,-32.788435911199024,-33.65344517257078
2431,kexp,2.25,3,0.5,0.5,-31.135995598719454,-31.541199910473487
2432,kexp,2.25,3,0.5,0.1,-29.15333067444073,-29.117064742441624
2433,kexp,2.25,3,0.5,0.05,-29.192337124506253,-29.089388507947827
2434,kexp,2.25,3,0.5,0.01,-29.208244578122457,-29.081741386885078
2435,kexp,2.25,3,0.5,0,-29.208945368059922,-29.081435464109887
2436,kexp,2.25,3,1,0.5,-34.1614303383201,-34.74569656106924
2437,kexp,2.25,3,1,0.1,-30.477921985045683,-31.10411923676105
2438,kexp,2.25,3,1,0.05,-30.34104013571324,-30.96299238328202
2439,kexp,2.25,3,1,0.01,-30.29676332894928,-30.917181106216674
2440,kexp,2.25,3,1,0,-30.294913254932663,-30.91526515025743
2441,kexp,2.25,3,1.5,0.5,-37.00850712026723,-37.732284388387356
2442,kexp,2.25,3,1.5,0.1,-33.61805892601848,-34.48228417461781
2443,kexp,2.25,3,1.5,0.05,-33.49051472094414,-34.358815170759335
2444,kexp,2.25,3,1.5,0.01,-33.44928186943574,-34.31886768286639
2445,kexp,2.25,3,1.5,0,-33.44755931729139,-34.317198479043036
2446,kexp,2.25,3.5,0.5,0.5,-31.301348989639237,-31.719686076760514
2447,kexp,2.25,3.5,0.5,0.1,-29.540901485258466,-29.39123050217694
2448,kexp,2.25,3.5,0.5,0.05,-29.607276680806656,-29.377940793386802
2449,kexp,2.25,3.5,0.5,0.01,-29.632892953651623,-29.375549724568575
2450,kexp,2.25,3.5,0.5,0,-29.63400933138862,-29.375470530440857
2451,kexp,2.25,3.5,1,0.5,-34.432423946811106,-35.03529331570603
2452,kexp,2.25,3.5,1,0.1,-30.960114143143528,-31.56750621048371
2453,kexp,2.25,3.5,1,0.05,-30.83795076449033,-31.438462404527797
2454,kexp,2.25,3.5,1,0.01,-30.798632078795038,-31.396731659242313
2455,kexp,2.25,3.5,1,0,-30.796991358370928,-31.394988118823758
2456,kexp,2.25,3.5,1.5,0.5,-37.34431373691224,-38.09632233656215
2457,kexp,2.25,3.5,1.5,0.1,-34.13228972332147,-35.01153125860384
2458,kexp,2.25,3.5,1.5,0.05,-34.0147958454363,-34.89725953071785
2459,kexp,2.25,3.5,1.5,0.01,-33.976891437608266,-34.86035854745383
2460,kexp,2.25,3.5,1.5,0,-33.97530880076617,-34.858817415021406
2461,kexp,2.25,4,0.5,0.5,-31.428684232789674,-31.861771901977107
2462,kexp,2.25,4,0.5,0.1,-29.86473780683631,-29.637012345062534
2463,kexp,2.25,4,0.5,0.05,-29.954550914146132,-29.637340957997203
2464,kexp,2.25,4,0.5,0.01,-29.9884175917898,-29.639821986983815
2465,kexp,2.25,4,0.5,0,-29.989886364545768,-29.639951783155954
2466,kexp,2.25,4,1,0.5,-34.65096071932281,-35.274117299525756
2467,kexp,2.25,4,1,0.1,-31.354852011327463,-31.956788099721603
2468,kexp,2.25,4,1,0.05,-31.244543230685608,-31.83767946186634
2469,kexp,2.25,4,1,0.01,-31.209199242382752,-31.799282301616046
2470,kexp,2.25,4,1,0,-31.207726138650205,-31.79767937221895
2471,kexp,2.25,4,1.5,0.5,-37.617139143253425,-38.39757913608959
2472,kexp,2.25,4,1.5,0.1,-34.55066191937199,-35.45042152009198
2473,kexp,2.25,4,1.5,0.05,-34.441091492494216,-35.34349560340036
2474,kexp,2.25,4,1.5,0.01,-34.405802298082996,-35.30901803229256
2475,kexp,2.25,4,1.5,0,-34.40432949675279,-35.30757866864345
2476,kexp,2.25,6,0.5,0.5,-31.743357863179746,-32.23203599014211
2477,kexp,2.25,6,0.5,0.1,-30.70088732584014,-30.363578621281942
2478,kexp,2.25,6,0.5,0.05,-30.84806222473218,-30.40204619837879
2479,kexp,2.25,6,0.5,0.01,-30.901928061082533,-30.41786243398763
2480,kexp,2.25,6,0.5,0,-30.904248835586746,-30.41856078837506
2481,kexp,2.25,6,1,0.5,-35.21875999459579,-35.92089100360634
2482,kexp,2.25,6,1,0.1,-32.37108524590573,-33.01910694102961
2483,kexp,2.25,6,1,0.05,-32.289028210028604,-32.92506648630841
2484,kexp,2.25,6,1,0.01,-32.263098052604086,-32.895008211395975
2485,kexp,2.25,6,1,0,-32.26202128706694,-32.89375621611453
2486,kexp,2.25,6,1.5,0.5,-38.329449989780485,-39.21223447692523
2487,kexp,2.25,6,1.5,0.1,-35.62651053366865,-36.62805810132108
2488,kexp,2.25,6,1.5,0.05,-35.53563180892041,-36.53921381529527
2489,kexp,2.25,6,1.5,0.01,-35.50648404602563,-36.51066871820171
2490,kexp,2.25,6,1.5,0,-35.505268870961316,-36.509478125431485
2491,kexp,2.25,8,0.5,0.5,-31.9317223193104,-32.463217374211425
2492,kexp,2.25,8,0.5,0.1,-31.13844244744005,-30.82876274272812
2493,kexp,2.25,8,0.5,0.05,-31.307973525607867,-30.88551000176754
2494,kexp,2.25,8,0.5,0.01,-31.36952358660722,-30.907547048403096
2495,kexp,2.25,8,0.5,0,-31.3721705226369,-30.908508769985563
2496,kexp,2.25,8,1,0.5,-35.54097706422365,-36.30562948443101
2497,kexp,2.25,8,1,0.1,-32.90943204968072,-33.633293051873
2498,kexp,2.25,8,1,0.05,-32.839535941783055,-33.55140662935954
2499,kexp,2.25,8,1,0.01,-32.81762617726809,-33.52535154701999
2500,kexp,2.25,8,1,0,-32.81671833187362,-33.52426758877862
2501,kexp,2.25,8,1.5,0.5,-38.726114603243076,-39.68485016795776
2502,kexp,2.25,8,1.5,0.1,-36.198979161724495,-37.293639134498775
2503,kexp,2.25,8,1.5,0.05,-36.11642086601619,-37.213590915801475
2504,kexp,2.25,8,1.5,0.01,-36.08999230028996,-37.18791444908209
2505,kexp,2.25,8,1.5,0,-36.08889103502019,-37.18684396178027
2506,kexp,2.25,10,0.5,0.5,-32.07105155579142,-32.63622768900663
2507,kexp,2.25,10,0.5,0.1,-31.406023995679735,-31.155858471424054
2508,kexp,2.25,10,0.5,0.05,-31.58419836403758,-31.221603686189876
2509,kexp,2.25,10,0.5,0.01,-31.648665513363643,-31.2466276388413
2510,kexp,2.25,10,0.5,0,-31.651435694041375,-31.247714997817738
2511,kexp,2.25,10,1,0.5,-35.751173255194566,-36.56246372203757
2512,kexp,2.25,10,1,0.1,-33.23541637283048,-34.027226640027315
2513,kexp,2.25,10,1,0.05,-33.17137335169401,-33.95190844548662
2514,kexp,2.25,10,1,0.01,-33.151386015552596,-33.92800213256873
2515,kexp,2.25,10,1,0,-33.15055880734429,-33.92700821278232
2516,kexp,2.25,10,1.5,0.5,-38.976431166259644,-39.98895125766578
2517,kexp,2.25,10,1.5,0.1,-36.54531235025876,-37.711050510447464
2518,kexp,2.25,10,1.5,0.05,-36.4670096011953,-37.635863905763024
2519,kexp,2.25,10,1.5,0.01,-36.44196655885376,-37.61176712817713
2520,kexp,2.25,10,1.5,0,-36.440923278513004,-37.61076271784126
2521,kexp,2.25,25,0.5,0.5,-32.527025072813906,-33.24362601421656
2522,kexp,2.25,25,0.5,0.1,-32.00409578297821,-32.07638942032396
2523,kexp,2.25,25,0.5,0.05,-32.18279655466187,-32.150743891469126
2524,kexp,2.25,25,0.5,0.01,-32.24726624141852,-32.17837883023443
2525,kexp,2.25,25,0.5,0,-32.25003466581097,-32.1795733136148
2526,kexp,2.25,25,1,0.5,-36.29398751165451,-37.267920126281254
2527,kexp,2.25,25,1,0.1,-33.96195159946145,-35.00364125717542
2528,kexp,2.25,25,1,0.05,-33.90533721389341,-34.93925829223307
2529,kexp,2.25,25,1,0.01,-33.88775616069975,-34.91889006889691
2530,kexp,2.25,25,1,0,-33.88702952532408,-34.91804398105662
2531,kexp,2.25,25,1.5,0.5,-39.58308030611167,-40.76187987439616
2532,kexp,2.25,25,1.5,0.1,-37.31887977647206,-38.70998129638101
2533,kexp,2.25,25,1.5,0.05,-37.2472036083096,-38.64364501960086
2534,kexp,2.25,25,1.5,0.01,-37.22430492304779,-38.622409200538556
2535,kexp,2.25,25,1.5,0,-37.223351245229985,-38.621524303608396
2536,kexp,2.5,0.2,0.5,0.5,-26.618774005200727,-26.93312413550954
2537,kexp,2.5,0.2,0.5,0.1,-46.313650955815504,-47.80893804574637
2538,kexp,2.5,0.2,0.5,0.05,-54.836026982223494,-56.57021204153353
2539,kexp,2.5,0.2,0.5,0.01,-58.77488744609939,-60.6111741693689
2540,kexp,2.5,0.2,0.5,0,-58.96009122533463,-60.801013171770045
2541,kexp,2.5,0.2,1,0.5,-28.187747501783544,-28.511873819809267
2542,kexp,2.5,0.2,1,0.1,-32.291752406929795,-33.19690421863813
2543,kexp,2.5,0.2,1,0.05,-34.10869521224801,-35.08664033370778
2544,kexp,2.5,0.2,1,0.01,-34.82230976024873,-35.82750994531104
2545,kexp,2.5,0.2,1,0,-34.8538314792422,-35.86021743383436
2546,kexp,2.5,0.2,1.5,0.5,-29.720837207320386,-30.034906160627695
2547,kexp,2.5,0.2,1.5,0.1,-28.950181375731855,-29.630017242195017
2548,kexp,2.5,0.2,1.5,0.05,-29.429042909477683,-30.144154253686693
2549,kexp,2.5,0.2,1.5,0.01,-29.601681944362603,-30.32935085953695
2550,kexp,2.5,0.2,1.5,0,-29.60906833034873,-30.337275620988088
2551,kexp,2.5,0.5,0.5,0.5,-28.016280053021354,-28.415301516323275
2552,kexp,2.5,0.5,0.5,0.1,-32.23953769954856,-34.163933084296325
2553,kexp,2.5,0.5,0.5,0.05,-33.5740162198518,-35.71873051499073
2554,kexp,2.5,0.5,0.5,0.01,-34.064595394561834,-36.29065514118964
2555,kexp,2.5,0.5,0.5,0,-34.085792757962885,-36.315372524004886
2556,kexp,2.5,0.5,1,0.5,-29.95978640733945,-30.462948632470024
2557,kexp,2.5,0.5,1,0.1,-26.790597611772796,-28.070819556768562
2558,kexp,2.5,0.5,1,0.05,-26.725651817089563,-28.071407372604945
2559,kexp,2.5,0.5,1,0.01,-26.698016285477173,-28.066266384973336
2560,kexp,2.5,0.5,1,0,-26.69675631877648,-28.065960791311653
2561,kexp,2.5,0.5,1.5,0.5,-31.876202505915547,-32.4169440168189
2562,kexp,2.5,0.5,1.5,0.1,-27.33971733398357,-28.37844051717794
2563,kexp,2.5,0.5,1.5,0.05,-27.109079146004323,-28.18019204553533
2564,kexp,2.5,0.5,1.5,0.01,-27.02787997572197,-28.109835658830182
2565,kexp,2.5,0.5,1.5,0,-27.02440093907249,-28.106813647101802
2566,kexp,2.5,1,0.5,0.5,-29.400906843759792,-29.826612424327216
2567,kexp,2.5,1,0.5,0.1,-28.688124717586497,-30.056286383753182
2568,kexp,2.5,1,0.5,0.05,-28.853787156287858,-30.314131431284434
2569,kexp,2.5,1,0.5,0.01,-28.905564825224108,-30.397792857682976
2570,kexp,2.5,1,0.5,0,-28.907680170760734,-30.401263392955475
2571,kexp,2.5,1,1,0.5,-31.56615897023328,-32.1527073085568
2572,kexp,2.5,1,1,0.1,-26.989402050436755,-28.122092436470226
2573,kexp,2.5,1,1,0.05,-26.75896930646151,-27.924915595419815
2574,kexp,2.5,1,1,0.01,-26.680025843097827,-27.85701414506331
2575,kexp,2.5,1,1,0,-26.676672743768087,-27.854125469143387
2576,kexp,2.5,1,1.5,0.5,-33.75065113154094,-34.415573202020106
2577,kexp,2.5,1,1.5,0.1,-29.03181012816042,-30.07828049417187
2578,kexp,2.5,1,1.5,0.05,-28.803188588629318,-29.868746999669202
2579,kexp,2.5,1,1.5,0.01,-28.726876574271884,-29.79869025157775
2580,kexp,2.5,1,1.5,0,-28.723660368161863,-29.795736261263063
2581,kexp,2.5,1.5,0.5,0.5,-30.08337445258871,-30.480231593108183
2582,kexp,2.5,1.5,0.5,0.1,-28.291531885398353,-28.99395101790464
2583,kexp,2.5,1.5,0.5,0.05,-28.319547531009327,-29.030529157098538
2584,kexp,2.5,1.5,0.5,0.01,-28.32769656078942,-29.0407937467497
2585,kexp,2.5,1.5,0.5,0,-28.328016603443473,-29.041194038624443
2586,kexp,2.5,1.5,1,0.5,-32.43433571476514,-33.008301721060676
2587,kexp,2.5,1.5,1,0.1,-27.893348176027473,-28.772698829104726
2588,kexp,2.5,1.5,1,0.05,-27.682571898152798,-28.575174045810982
2589,kexp,2.5,1.5,1,0.01,-27.612346749969937,-28.509214894192866
2590,kexp,2.5,1.5,1,0,-27.60938837186932,-28.50643448586532
2591,kexp,2.5,1.5,1.5,0.5,-34.80243111827012,-35.48278473240812
2592,kexp,2.5,1.5,1.5,0.1,-30.420056152121074,-31.36363194631299
2593,kexp,2.5,1.5,1.5,0.05,-30.226696646052922,-31.181309991908194
2594,kexp,2.5,1.5,1.5,0.01,-30.163167949938178,-31.12135431779983
2595,kexp,2.5,1.5,1.5,0,-30.160502394741666,-31.118838068343294
2596,kexp,2.5,2,0.5,0.5,-30.510997043226126,-30.88902607124046
2597,kexp,2.5,2,0.5,0.1,-28.639839715598697,-28.896306246907592
2598,kexp,2.5,2,0.5,0.05,-28.67372536206784,-28.891649055079
2599,kexp,2.5,2,0.5,0.01,-28.686228685008352,-28.88992973718171
2600,kexp,2.5,2,0.5,0,-28.68676430044422,-28.88985065132598
2601,kexp,2.5,2,1,0.5,-33.03447317803073,-33.59951410683294
2602,kexp,2.5,2,1,0.1,-28.778575302521823,-29.498921691495113
2603,kexp,2.5,2,1,0.05,-28.597457459832444,-29.32035243669756
2604,kexp,2.5,2,1,0.01,-28.53792947740036,-29.261514693634837
2605,kexp,2.5,2,1,0,-28.535431293044535,-29.259043848745932
2606,kexp,2.5,2,1.5,0.5,-35.53825100570527,-36.23127996400652
2607,kexp,2.5,2,1.5,0.1,-31.49940655798304,-32.387260733231535
2608,kexp,2.5,2,1.5,0.05,-31.332385046059073,-32.227189711685824
2609,kexp,2.5,2,1.5,0.01,-31.277924101571976,-32.174952740236705
2610,kexp,2.5,2,1.5,0,-31.275643723976593,-32.17276501461936
2611,kexp,2.5,2.5,0.5,0.5,-30.816629734946975,-31.191448231903475
2612,kexp,2.5,2.5,0.5,0.1,-29.134299444154745,-29.096812114673522
2613,kexp,2.5,2.5,0.5,0.05,-29.199368470617603,-29.09318632655674
2614,kexp,2.5,2.5,0.5,0.01,-29.223776233081274,-29.09301118116956
2615,kexp,2.5,2.5,0.5,0,-29.224831954424527,-29.093012608817418
2616,kexp,2.5,2.5,1,0.5,-33.48867085024778,-34.05792385303731
2617,kexp,2.5,2.5,1,0.1,-29.532529178812595,-30.16021114061769
2618,kexp,2.5,2.5,1,0.05,-29.376639358009125,-30.000271799545366
2619,kexp,2.5,2.5,1,0.01,-29.32586300584903,-29.94799122103362
2620,kexp,2.5,2.5,1,0,-29.323737334788053,-29.945800553480865
2621,kexp,2.5,2.5,1.5,0.5,-36.095429649334754,-36.80926404005431
2622,kexp,2.5,2.5,1.5,0.1,-32.34521415317983,-33.212533359759206
2623,kexp,2.5,2.5,1.5,0.05,-32.19736071364524,-33.06922626249086
2624,kexp,2.5,2.5,1.5,0.01,-32.14936958504702,-33.02266755963662
2625,kexp,2.5,2.5,1.5,0,-32.147362561641685,-33.02071996843653
2626,kexp,2.5,3,0.5,0.5,-31.042725939942795,-31.424733934220317
2627,kexp,2.5,3,0.5,0.1,-29.605710268248764,-29.36442066131504
2628,kexp,2.5,3,0.5,0.05,-29.704986957971226,-29.373095884429535
2629,kexp,2.5,3,0.5,0.01,-29.74183956470199,-29.37784100550472
2630,kexp,2.5,3,0.5,0,-29.74343177645444,-29.378059666838688
2631,kexp,2.5,3,1,0.5,-33.84227082454188,-34.42469360698793
2632,kexp,2.5,3,1,0.1,-30.153869351882328,-30.726768435734037
2633,kexp,2.5,3,1,0.05,-30.018567431240623,-30.58272608907561
2634,kexp,2.5,3,1,0.01,-29.974817703333084,-30.535911057011813
2635,kexp,2.5,3,1,0,-29.972989783008646,-30.533952444487298
2636,kexp,2.5,3,1.5,0.5,-36.53156755462004,-37.27159584188249
2637,kexp,2.5,3,1.5,0.1,-33.01838203733029,-33.884309037841625
2638,kexp,2.5,3,1.5,0.05,-32.885092364603906,-33.75391013594799
2639,kexp,2.5,3,1.5,0.01,-32.84196784633287,-33.71167224639509
2640,kexp,2.5,3,1.5,0,-32.84016588525931,-33.7099068037719
2641,kexp,2.5,3.5,0.5,0.5,-31.212598942051027,-31.607395090125195
2642,kexp,2.5,3.5,0.5,0.1,-30.01520894207808,-29.62909501808221
2643,kexp,2.5,3.5,0.5,0.05,-30.146318383113105,-29.652849331505806
2644,kexp,2.5,3.5,0.5,0.01,-30.19456194892118,-29.66321518008487
2645,kexp,2.5,3.5,0.5,0,-30.196642904837336,-29.663677578731253
2646,kexp,2.5,3.5,1,0.5,-34.12295100048911,-34.72367649872381
2647,kexp,2.5,3.5,1,0.1,-30.66428755034955,-31.206456910805755
2648,kexp,2.5,3.5,1,0.05,-30.545806363796167,-31.075721277307018
2649,kexp,2.5,3.5,1,0.01,-30.507749311400524,-31.033426698166895
2650,kexp,2.5,3.5,1,0,-30.50616205812572,-31.031659390735303
2651,kexp,2.5,3.5,1.5,0.5,-36.881005902540764,-37.65000430540233
2652,kexp,2.5,3.5,1.5,0.1,-33.56283464890653,-34.438950281430635
2653,kexp,2.5,3.5,1.5,0.05,-33.44096470947079,-34.31877265822154
2654,kexp,2.5,3.5,1.5,0.01,-33.40163421689213,-34.27993256402296
2655,kexp,2.5,3.5,1.5,0,-33.39999187595442,-34.27831009480535
2656,kexp,2.5,4,0.5,0.5,-31.342967666156696,-31.753027085520984
2657,kexp,2.5,4,0.5,0.1,-30.36038139996073,-29.87183683905905
2658,kexp,2.5,4,0.5,0.05,-30.51921818314659,-29.91044698033123
2659,kexp,2.5,4,0.5,0.01,-30.57730259017906,-29.92620634795414
2660,kexp,2.5,4,0.5,0,-30.579804797550317,-29.92690099884598
2661,kexp,2.5,4,1,0.5,-34.35017122725217,-34.97184842224233
2662,kexp,2.5,4,1,0.1,-31.085339952736355,-31.613654989594377
2663,kexp,2.5,4,1,0.05,-30.980567063458505,-31.4940070602701
2664,kexp,2.5,4,1,0.01,-30.947125776127475,-31.455451504381713
2665,kexp,2.5,4,1,0,-30.94573339162875,-31.45384211865528
2666,kexp,2.5,4,1.5,0.5,-37.166508632571535,-37.96556515349776
2667,kexp,2.5,4,1.5,0.1,-34.00898908569401,-34.90304066602571
2668,kexp,2.5,4,1.5,0.05,-33.89620523183403,-34.79110114364983
2669,kexp,2.5,4,1.5,0.01,-33.859882289840044,-34.75498715616601
2670,kexp,2.5,4,1.5,0,-33.85836635638739,-34.7534792586606
2671,kexp,2.5,6,0.5,0.5,-31.661607536658526,-32.13199700873107
2672,kexp,2.5,6,0.5,0.1,-31.25723320470425,-30.607538738676293
2673,kexp,2.5,6,0.5,0.05,-31.485205780041472,-30.689092742173766
2674,kexp,2.5,6,0.5,0.01,-31.56758341435223,-30.72002995416739
2675,kexp,2.5,6,0.5,0,-31.571122700044413,-30.721373558929848
2676,kexp,2.5,6,1,0.5,-34.94554630468445,-35.653746135138
2677,kexp,2.5,6,1,0.1,-32.1811831923166,-32.74509285405026
2678,kexp,2.5,6,1,0.05,-32.109526592102256,-32.65388229729528
2679,kexp,2.5,6,1,0.01,-32.08716189070107,-32.62482338198703
2680,kexp,2.5,6,1,0,-32.08623630958655,-32.623614062038314
2681,kexp,2.5,6,1.5,0.5,-37.92095725103696,-38.8338043878164
2682,kexp,2.5,6,1.5,0.1,-35.17010443051486,-36.17032693099715
2683,kexp,2.5,6,1.5,0.05,-35.07899709658925,-36.078932619011184
2684,kexp,2.5,6,1.5,0.01,-35.049813852867544,-36.049575383685706
2685,kexp,2.5,6,1.5,0,-35.04859761283288,-36.04835099647703
2686,kexp,2.5,8,0.5,0.5,-31.851095543525386,-32.368173853456554
2687,kexp,2.5,8,0.5,0.1,-31.722148735308682,-31.08637592993382
2688,kexp,2.5,8,0.5,0.05,-31.977052104580284,-31.188511128457172
2689,kexp,2.5,8,0.5,0.01,-32.068757381597955,-31.22650494484243
2690,kexp,2.5,8,0.5,0,-32.07269338393486,-31.228147890551075
2691,kexp,2.5,8,1,0.5,-35.28835228568831,-36.06827797331795
2692,kexp,2.5,8,1,0.1,-32.766733572811745,-33.41330131416999
2693,kexp,2.5,8,1,0.05,-32.70934306780223,-33.33600383645064
2694,kexp,2.5,8,1,0.01,-32.69170988268778,-33.311539548158166
2695,kexp,2.5,8,1,0,-32.69098326590996,-33.31052322307925
2696,kexp,2.5,8,1.5,0.5,-38.348839850431055,-39.35072856480028
2697,kexp,2.5,8,1.5,0.1,-35.796268370554074,-36.90373314387439
2698,kexp,2.5,8,1.5,0.05,-35.71483544205091,-36.8224467447125
2699,kexp,2.5,8,1.5,0.01,-35.68882012506098,-36.79639119445819
2700,kexp,2.5,8,1.5,0,-35.687736659967264,-36.79530510065807
2701,kexp,2.5,10,0.5,0.5,-31.992307708942054,-32.54543865220578
2702,kexp,2.5,10,0.5,0.1,-32.00083461793856,-31.4242623514059
2703,kexp,2.5,10,0.5,0.05,-32.265663676017155,-31.536136664406495
2704,kexp,2.5,10,0.5,0.01,-32.360742352283474,-31.577373645436946
2705,kexp,2.5,10,0.5,0,-32.36482114512599,-31.57915312190932
2706,kexp,2.5,10,1,0.5,-35.514280494274445,-36.34875661905718
2707,kexp,2.5,10,1,0.1,-33.121541556964885,-33.84665321187265
2708,kexp,2.5,10,1,0.05,-33.070882200395616,-33.77684178825175
2709,kexp,2.5,10,1,0.01,-33.0554653471337,-33.75483039917352
2710,kexp,2.5,10,1,0,-33.05483175573732,-33.7539168984518
2711,kexp,2.5,10,1.5,0.5,-38.62210905033572,-39.68896639393451
2712,kexp,2.5,10,1.5,0.1,-36.177465712942265,-37.37042318552737
2713,kexp,2.5,10,1.5,0.05,-36.10092788039796,-37.29473834214733
2714,kexp,2.5,10,1.5,0.01,-36.07650869945201,-37.27050478528797
2715,kexp,2.5,10,1.5,0,-36.07549205934013,-37.26949492403553
2716,kexp,2.5,25,0.5,0.5,-32.451746015241035,-33.16336185954055
2717,kexp,2.5,25,0.5,0.1,-32.57842792942291,-32.34667594900894
2718,kexp,2.5,25,0.5,0.05,-32.84053882999892,-32.46468526880333
2719,kexp,2.5,25,0.5,0.01,-32.93448600044711,-32.507640736477796
2720,kexp,2.5,25,0.5,0,-32.93851470434128,-32.509488998292824
2721,kexp,2.5,25,1,0.5,-36.09460276240705,-37.115625103247964
2722,kexp,2.5,25,1,0.1,-33.89603017569292,-34.91111931922999
2723,kexp,2.5,25,1,0.05,-33.85313273037337,-34.853258415239885
2724,kexp,2.5,25,1,0.01,-33.840228123335514,-34.83511112299326
2725,kexp,2.5,25,1,0,-33.83969951204535,-34.834359047977856
2726,kexp,2.5,25,1.5,0.5,-39.28447273730777,-40.55027913834459
2727,kexp,2.5,25,1.5,0.1,-37.02294921038488,-38.48745459205258
2728,kexp,2.5,25,1.5,0.05,-36.95372166027164,-38.42182795385002
2729,kexp,2.5,25,1.5,0.01,-36.93166896123179,-38.400846498952426
2730,kexp,2.5,25,1.5,0,-36.930751214679645,-38.399972497943004
