model_no,k_name,l1,l2,b,meas_error,lppd_exact,lppd_LOPO
1,ksqexp,1,0.2,0.5,0.5,-65.2653152678115,-68.55299851977752
2,ksqexp,1,0.2,0.5,0.1,-681.1005677266021,-701.2830263711159
3,ksqexp,1,0.2,0.5,0.05,-1908.4742969243555,-1959.3520350795322
4,ksqexp,1,0.2,0.5,0.01,-30757.99581444812,-31554.39309518926
5,ksqexp,1,0.2,0.5,0,-17979572220.626022,-17990682281.824333
6,ksqexp,1,0.2,1,0.5,-64.24558748946211,-66.87702567257789
7,ksqexp,1,0.2,1,0.1,-568.9454268078869,-584.9359544741807
8,ksqexp,1,0.2,1,0.05,-1630.6250020511295,-1671.5676451968825
9,ksqexp,1,0.2,1,0.01,-28914.45003728021,-29895.33667406397
10,ksqexp,1,0.2,1,0,-9075555610.47422,-9081082624.44193
11,ksqexp,1,0.2,1.5,0.5,-63.8190532143402,-66.061974113405185
12,ksqexp,1,0.2,1.5,0.1,-510.94124109664415,-525.160418485729
13,ksqexp,1,0.2,1.5,0.05,-1520.2995951302653,-1556.0953004009066
14,ksqexp,1,0.2,1.5,0.01,-27918.406485666834,-29015.282194649466
15,ksqexp,1,0.2,1.5,0,-6069689037.947275,-6073367308.122533
16,ksqexp,1,0.5,0.5,0.5,-51.032387323241934,-54.268611750144586
17,ksqexp,1,0.5,0.5,0.1,-253.12463390353358,-262.54057529898745
18,ksqexp,1,0.5,0.5,0.05,-799.2286398133796,-814.5517771219618
19,ksqexp,1,0.5,0.5,0.01,-8608.159618935437,-8714.293506972832
20,ksqexp,1,0.5,0.5,0,-11850908.477903794,-12121328.17258192
21,ksqexp,1,0.5,1,0.5,-49.023678404614444,-51.717205624288944
22,ksqexp,1,0.5,1,0.1,-228.51452072988292,-234.54427114975354
23,ksqexp,1,0.5,1,0.05,-724.6465264628213,-737.8941119143958
24,ksqexp,1,0.5,1,0.01,-7332.4325495057765,-7387.254224466502
25,ksqexp,1,0.5,1,0,-5925495.014192731,-6060706.443482825
26,ksqexp,1,0.5,1.5,0.5,-48.97892503851877,-51.30067960254164
27,ksqexp,1,0.5,1.5,0.1,-220.41727868750505,-225.41066561509254
28,ksqexp,1,0.5,1.5,0.05,-671.8716865330558,-684.4819473844851
29,ksqexp,1,0.5,1.5,0.01,-6899.492111625082,-6934.303825556558
30,ksqexp,1,0.5,1.5,0,-3950340.910471999,-4040482.4361733133
31,ksqexp,1,1,0.5,0.5,-44.82222748066029,-48.03870521793727
32,ksqexp,1,1,0.5,0.1,-160.0259194901371,-166.9242359709586
33,ksqexp,1,1,0.5,0.05,-374.2595279717921,-378.90661518423855
34,ksqexp,1,1,0.5,0.01,-5886.495840573017,-5905.902454969778
35,ksqexp,1,1,0.5,0,-94974.81859457912,-94737.03110883854
36,ksqexp,1,1,1,0.5,-45.36756394662572,-48.09170967116895
37,ksqexp,1,1,1,0.1,-134.9008919843997,-138.41796769201292
38,ksqexp,1,1,1,0.05,-318.2695931119973,-321.3020751483419
39,ksqexp,1,1,1,0.01,-5607.353855777618,-5617.339241278023
40,ksqexp,1,1,1,0,-47496.00604892255,-47377.77404496121
41,ksqexp,1,1,1.5,0.5,-47.2202760490606,-49.62320971932389
42,ksqexp,1,1,1.5,0.1,-124.5557891152784,-127.10339478103705
43,ksqexp,1,1,1.5,0.05,-300.44660715879223,-303.24020329554804
44,ksqexp,1,1,1.5,0.01,-5344.831603701005,-5350.317512965905
45,ksqexp,1,1,1.5,0,-31672.873222766302,-31594.49305302249
46,ksqexp,1,1.5,0.5,0.5,-43.64160027953594,-46.90975849293273
47,ksqexp,1,1.5,0.5,0.1,-105.98672134493744,-114.71538867171009
48,ksqexp,1,1.5,0.5,0.05,-259.9077277356622,-272.42739225738825
49,ksqexp,1,1.5,0.5,0.01,-3512.365414761386,-3546.130168594722
50,ksqexp,1,1.5,0.5,0,-8926.384025849524,-8956.894460424997
51,ksqexp,1,1.5,1,0.5,-44.58966833095502,-47.41342622275421
52,ksqexp,1,1.5,1,0.1,-94.61237927147027,-100.28660605919447
53,ksqexp,1,1.5,1,0.05,-244.14110333808733,-253.38579600781256
54,ksqexp,1,1.5,1,0.01,-2540.6800395336722,-2558.396720175587
55,ksqexp,1,1.5,1,0,-4475.368038460312,-4491.322107917857
56,ksqexp,1,1.5,1.5,0.5,-46.60613425838876,-49.14200671922838
57,ksqexp,1,1.5,1.5,0.1,-93.0257671222063,-97.73037492190333
58,ksqexp,1,1.5,1.5,0.05,-239.90993486547524,-247.68452656231227
59,ksqexp,1,1.5,1.5,0.01,-1992.1370650424187,-2004.2788226655814
60,ksqexp,1,1.5,1.5,0,-2994.8355165389335,-3005.937464310702
61,ksqexp,1,2,0.5,0.5,-42.37151508138818,-45.67744402333385
62,ksqexp,1,2,0.5,0.1,-81.65931559425636,-91.30615201833207
63,ksqexp,1,2,0.5,0.05,-202.70555218804228,-219.07252362671107
64,ksqexp,1,2,0.5,0.01,-1332.1218344687743,-1368.670262178387
65,ksqexp,1,2,0.5,0,-1799.3917222307596,-1838.2460599525596
66,ksqexp,1,2,1,0.5,-43.188506419929936,-46.04873823930339
67,ksqexp,1,2,1,0.1,-77.79943984254362,-84.64293634910933
68,ksqexp,1,2,1,0.05,-187.39728918642484,-199.1548491210516
69,ksqexp,1,2,1,0.01,-779.6275669616905,-799.1912222903273
70,ksqexp,1,2,1,0,-913.7107932182901,-933.8602949920366
71,ksqexp,1,2,1.5,0.5,-45.26961115262598,-47.842598061564416
72,ksqexp,1,2,1.5,0.1,-78.83041378663815,-84.65268784927855
73,ksqexp,1,2,1.5,0.05,-178.03794055360652,-187.52667256911417
74,ksqexp,1,2,1.5,0.01,-558.9777552558021,-572.6315265884406
75,ksqexp,1,2,1.5,0,-621.6233050427662,-635.5378614978299
76,ksqexp,1,2.5,0.5,0.5,-41.31875741225084,-44.56880808849398
77,ksqexp,1,2.5,0.5,0.1,-70.20586554218832,-79.78064125353181
78,ksqexp,1,2.5,0.5,0.05,-158.152695498391,-174.56622159725538
79,ksqexp,1,2.5,0.5,0.01,-530.8662893714088,-561.2763243335718
80,ksqexp,1,2.5,0.5,0,-597.6119772271168,-629.3370595833319
81,ksqexp,1,2.5,1,0.5,-42.25150428484213,-45.04705720316465
82,ksqexp,1,2.5,1,0.1,-67.96452979021468,-74.9451698026249
83,ksqexp,1,2.5,1,0.05,-135.8382463052763,-147.14975976358824
84,ksqexp,1,2.5,1,0.01,-296.3234429395482,-312.61452635904175
85,ksqexp,1,2.5,1,0,-313.98132922105566,-330.606962692522
86,ksqexp,1,2.5,1.5,0.5,-44.52820678119815,-47.04981872107542
87,ksqexp,1,2.5,1.5,0.1,-68.92914273383806,-74.8667655017243
88,ksqexp,1,2.5,1.5,0.05,-122.90945300875221,-131.8045259158554
89,ksqexp,1,2.5,1.5,0.01,-214.58641796418271,-226.02985895730217
90,ksqexp,1,2.5,1.5,0,-222.57726866434672,-234.169752506026
91,ksqexp,1,3,0.5,0.5,-40.6391455666627,-43.797631503224
92,ksqexp,1,3,0.5,0.1,-63.098900510360764,-72.28607940405325
93,ksqexp,1,3,0.5,0.05,-122.75755661062851,-137.59102561505037
94,ksqexp,1,3,0.5,0.01,-261.16973031010656,-284.3617567100806
95,ksqexp,1,3,0.5,0,-276.2098875370631,-300.05125070955063
96,ksqexp,1,3,1,0.5,-41.79139583929043,-44.506691941357886
97,ksqexp,1,3,1,0.1,-60.66998235928856,-67.34521008057548
98,ksqexp,1,3,1,0.05,-98.92012337627315,-108.72951651483945
99,ksqexp,1,3,1,0.01,-150.23797603885006,-162.8086266402461
100,ksqexp,1,3,1,0,-154.09211486467078,-166.8266979299026
101,ksqexp,1,3,1.5,0.5,-44.24429015695772,-46.71071901755855
102,ksqexp,1,3,1.5,0.1,-61.14329170270856,-66.75697647382032
103,ksqexp,1,3,1.5,0.05,-87.90102191763744,-95.49710673144182
104,ksqexp,1,3,1.5,0.01,-114.80452782463362,-123.76406715845818
105,ksqexp,1,3,1.5,0,-116.5256794852672,-125.55800251399721
106,ksqexp,1,3.5,0.5,0.5,-40.20712404225888,-43.2696420981143
107,ksqexp,1,3.5,0.5,0.1,-57.36843676244144,-66.01365498204538
108,ksqexp,1,3.5,0.5,0.05,-95.26848506480161,-108.0628646188111
109,ksqexp,1,3.5,0.5,0.01,-150.93274622580375,-168.37582671388543
110,ksqexp,1,3.5,0.5,0,-155.3598996850476,-173.11439361025643
111,ksqexp,1,3.5,1,0.5,-41.568542598286776,-44.21244441557692
112,ksqexp,1,3.5,1,0.1,-54.524230292666765,-60.706885977294355
113,ksqexp,1,3.5,1,0.05,-74.81496640574458,-83.03706064452973
114,ksqexp,1,3.5,1,0.01,-93.17494494628014,-102.84216136027607
115,ksqexp,1,3.5,1,0,-94.28880668015445,-104.03425853934395
116,ksqexp,1,3.5,1.5,0.5,-44.152541738238234,-46.5751459516726
117,ksqexp,1,3.5,1.5,0.1,-54.83657382394082,-59.9754956097745
118,ksqexp,1,3.5,1.5,0.05,-67.52669436805947,-73.87326739475793
119,ksqexp,1,3.5,1.5,0.01,-76.57882645303296,-83.61992735039674
120,ksqexp,1,3.5,1.5,0,-77.0712645359588,-84.14703570611863
121,ksqexp,1,4,0.5,0.5,-39.923647846048205,-42.89480110625583
122,ksqexp,1,4,0.5,0.1,-52.31813029929631,-60.32639914346279
123,ksqexp,1,4,0.5,0.05,-75.16847968134935,-85.98427454381527
124,ksqexp,1,4,0.5,0.01,-98.9026271181788,-112.20326519968556
125,ksqexp,1,4,0.5,0,-100.44936014192076,-113.89879171881411
126,ksqexp,1,4,1,0.5,-41.456905015519055,-44.03905213613964
127,ksqexp,1,4,1,0.1,-49.41603934531287,-55.046035671820114
128,ksqexp,1,4,1,0.05,-59.80191767757865,-66.67316284596842
129,ksqexp,1,4,1,0.01,-66.94769248641569,-74.55691875289722
130,ksqexp,1,4,1,0,-67.3304314235345,-74.9770107048113
131,ksqexp,1,4,1.5,0.5,-44.13602906333142,-46.522869204503024
132,ksqexp,1,4,1.5,0.1,-49.99747903687392,-54.647453728901105
133,ksqexp,1,4,1.5,0.05,-55.90139552518157,-61.24862699261231
134,ksqexp,1,4,1.5,0.01,-59.263193932827484,-64.95891368947981
135,ksqexp,1,4,1.5,0,-59.4302773782006,-65.14257256076976
136,ksqexp,1,6,0.5,0.5,-39.49371614960302,-42.202953945324964
137,ksqexp,1,6,0.5,0.1,-39.90543202320994,-45.79342208736223
138,ksqexp,1,6,0.5,0.05,-42.67278129682029,-48.98847087566879
139,ksqexp,1,6,0.5,0.01,-44.13921242384812,-50.655564030813075
140,ksqexp,1,6,0.5,0,-44.21004982770082,-50.73585222174289
141,ksqexp,1,6,1,0.5,-41.4011163989767,-43.82247641012564
142,ksqexp,1,6,1,0.1,-39.41941091198662,-43.538376367880794
143,ksqexp,1,6,1,0.05,-40.12153734621035,-44.4032515717113
144,ksqexp,1,6,1,0.01,-40.4366958629102,-44.78122279545155
145,ksqexp,1,6,1,0,-40.451068355059824,-44.79835919359485
146,ksqexp,1,6,1.5,0.5,-44.27156427265947,-46.56895768308284
147,ksqexp,1,6,1.5,0.1,-41.97224416133776,-45.468395560129096
148,ksqexp,1,6,1.5,0.05,-42.22396221433876,-45.81103146924914
149,ksqexp,1,6,1.5,0.01,-42.332675924382436,-45.95239137892847
150,ksqexp,1,6,1.5,0,-42.33756339333915,-45.95868371336303
151,ksqexp,1,8,0.5,0.5,-39.50474382363028,-42.112754714276264
152,ksqexp,1,8,0.5,0.1,-36.311035189850024,-41.45610130618093
153,ksqexp,1,8,0.5,0.05,-36.72262616501731,-41.988072901550524
154,ksqexp,1,8,0.5,0.01,-36.91565760916838,-42.219272672368035
155,ksqexp,1,8,0.5,0,-36.92453250704836,-42.22973262592868
156,ksqexp,1,8,1,0.5,-41.545841452967174,-43.91312644407938
157,ksqexp,1,8,1,0.1,-37.488511722330664,-41.21248704775503
158,ksqexp,1,8,1,0.05,-37.43926959501267,-41.22703117645368
159,ksqexp,1,8,1,0.01,-37.43052080921583,-41.239097229985994
160,ksqexp,1,8,1,0,-37.43024220126904,-41.2396902858843
161,ksqexp,1,8,1.5,0.5,-44.49784307123389,-46.77117857870072
162,ksqexp,1,8,1.5,0.1,-40.868807299300684,-44.12088467869062
163,ksqexp,1,8,1.5,0.05,-40.76964760274795,-44.06560994942504
164,ksqexp,1,8,1.5,0.01,-40.739536293759244,-44.04980160298744
165,ksqexp,1,8,1.5,0,-40.738300961908855,-44.04916503510279
166,ksqexp,1,10,0.5,0.5,-39.65541529175253,-42.254093133743844
167,ksqexp,1,10,0.5,0.1,-35.50492536699777,-40.51399321811551
168,ksqexp,1,10,0.5,0.05,-35.520454823549215,-40.621214096176885
169,ksqexp,1,10,0.5,0.01,-35.54078197463122,-40.66826083392475
170,ksqexp,1,10,0.5,0,-35.54182369487214,-40.670380417793936
171,ksqexp,1,10,1,0.5,-41.7452470716533,-44.11545055991683
172,ksqexp,1,10,1,0.1,-37.29898450870769,-40.97060491625287
173,ksqexp,1,10,1,0.05,-37.15042073566172,-40.878087934222336
174,ksqexp,1,10,1,0.01,-37.10373619706029,-40.849427255091555
175,ksqexp,1,10,1,0,-37.10180168046206,-40.848244371737685
176,ksqexp,1,10,1.5,0.5,-44.74166034873165,-47.02576827101985
177,ksqexp,1,10,1.5,0.1,-40.94438484128988,-44.17596535057831
178,ksqexp,1,10,1.5,0.05,-40.80715292150955,-44.07922069650892
179,ksqexp,1,10,1.5,0.01,-40.7631189957866,-44.04830853556227
180,ksqexp,1,10,1.5,0,-40.76128320490173,-44.047021218962904
181,ksqexp,1,25,0.5,0.5,-41.13775138836043,-43.8312539497494
182,ksqexp,1,25,0.5,0.1,-37.19053639644462,-42.352432490009996
183,ksqexp,1,25,0.5,0.05,-37.07537115774909,-42.32920798057353
184,ksqexp,1,25,0.5,0.01,-37.04239692805166,-42.323112341619336
185,ksqexp,1,25,0.5,0,-37.041073422733156,-42.32287481648282
186,ksqexp,1,25,1,0.5,-43.12574389422176,-45.5720440217921
187,ksqexp,1,25,1,0.1,-39.03681790240862,-42.79902837992946
188,ksqexp,1,25,1,0.05,-38.88001641866263,-42.69824312425738
189,ksqexp,1,25,1,0.01,-38.8295390256226,-42.66578564264972
190,ksqexp,1,25,1,0,-38.82743292967292,-42.664431119011226
191,ksqexp,1,25,1.5,0.5,-46.140724613426656,-48.48898894272892
192,ksqexp,1,25,1.5,0.1,-42.73346584219979,-46.03480043690233
193,ksqexp,1,25,1.5,0.05,-42.60541848946331,-45.94716944094873
194,ksqexp,1,25,1.5,0.01,-42.56410018108225,-45.9189497876737
195,ksqexp,1,25,1.5,0,-42.56237496123371,-45.917772082435825
196,ksqexp,1,50,0.5,0.5,-42.671261890102286,-45.383733724231384
197,ksqexp,1,50,0.5,0.1,-40.078222350396295,-45.289007609915934
198,ksqexp,1,50,0.5,0.05,-40.03047218356839,-45.33492530497361
199,ksqexp,1,50,0.5,0.01,-40.019544099551304,-45.351445370045525
200,ksqexp,1,50,0.5,0,-40.01914424891152,-45.3521554132186
201,ksqexp,1,50,1,0.5,-44.289514862435624,-46.75128967994946
202,ksqexp,1,50,1,0.1,-40.696717369815616,-44.484615956273316
203,ksqexp,1,50,1,0.05,-40.56019573101179,-44.40455484825927
204,ksqexp,1,50,1,0.01,-40.51628507145111,-44.37880836724716
205,ksqexp,1,50,1,0,-40.51445340975885,-44.37773431124614
206,ksqexp,1,50,1.5,0.5,-47.10694280962415,-49.467772508395484
207,ksqexp,1,50,1.5,0.1,-43.976122927589046,-47.29516318101993
208,ksqexp,1,50,1.5,0.05,-43.85856331761513,-47.21822047463309
209,ksqexp,1,50,1.5,0.01,-43.8206292378628,-47.19344983147757
210,ksqexp,1,50,1.5,0,-43.81904532595466,-47.192416139836254
211,ksqexp,1.25,0.2,0.5,0.5,-67.37002861508472,-71.75405467118573
212,ksqexp,1.25,0.2,0.5,0.1,-824.5411406572966,-852.022497967894
213,ksqexp,1.25,0.2,0.5,0.05,-2434.6306690207916,-2507.703577914931
214,ksqexp,1.25,0.2,0.5,0.01,-36008.331030418776,-36725.15659938894
215,ksqexp,1.25,0.2,0.5,0,-99325866261.17278,-99161415315.36511
216,ksqexp,1.25,0.2,1,0.5,-66.45973601378442,-70.11185175375036
217,ksqexp,1.25,0.2,1,0.1,-709.1191648727513,-732.6237012006573
218,ksqexp,1.25,0.2,1,0.05,-2053.3989939638686,-2114.2919584062097
219,ksqexp,1.25,0.2,1,0.01,-33807.650335859944,-34626.79543256465
220,ksqexp,1.25,0.2,1,0,-52368378268.18259,-52274291513.56173
221,ksqexp,1.25,0.2,1.5,0.5,-66.01934891327326,-69.12186034435885
222,ksqexp,1.25,0.2,1.5,0.1,-644.195569031564,-664.9466643233933
223,ksqexp,1.25,0.2,1.5,0.05,-1877.2395693504834,-1932.9483565141002
224,ksqexp,1.25,0.2,1.5,0.01,-32534.3108116353,-33504.80366091811
225,ksqexp,1.25,0.2,1.5,0,-35557450487.178116,-35491791695.52423
226,ksqexp,1.25,0.5,0.5,0.5,-54.53623352263104,-58.57461116953997
227,ksqexp,1.25,0.5,0.5,0.1,-333.86311449278423,-348.58972809094047
228,ksqexp,1.25,0.5,0.5,0.05,-989.2196096673183,-1015.9294897175954
229,ksqexp,1.25,0.5,0.5,0.01,-13843.488340369997,-14372.858442005838
230,ksqexp,1.25,0.5,0.5,0,-70014950.95511733,-72516514.25920278
231,ksqexp,1.25,0.5,1,0.5,-51.60519083620372,-55.165157016314865
232,ksqexp,1.25,0.5,1,0.1,-285.4025068274195,-295.2785617615736
233,ksqexp,1.25,0.5,1,0.05,-893.4113324008906,-918.5299944362636
234,ksqexp,1.25,0.5,1,0.01,-10892.71952529398,-11254.776209502228
235,ksqexp,1.25,0.5,1,0,-35008942.303876415,-36259769.2327266
236,ksqexp,1.25,0.5,1.5,0.5,-50.60150214620525,-53.77790921894766
237,ksqexp,1.25,0.5,1.5,0.1,-265.04249187661435,-273.5313060679886
238,ksqexp,1.25,0.5,1.5,0.05,-852.9450002898722,-878.8087950633309
239,ksqexp,1.25,0.5,1.5,0.01,-9496.82353144236,-9765.559444776929
240,ksqexp,1.25,0.5,1.5,0,-23339618.051122587,-24173513.207094714
241,ksqexp,1.25,1,0.5,0.5,-45.63781671362994,-49.595436284879064
242,ksqexp,1.25,1,0.5,0.1,-215.014384857489,-224.66212850628463
243,ksqexp,1.25,1,0.5,0.05,-573.805936219308,-565.9052898557208
244,ksqexp,1.25,1,0.5,0.01,-6498.972582934267,-6499.390160349154
245,ksqexp,1.25,1,0.5,0,-406149.9095514588,-402871.9523808037
246,ksqexp,1.25,1,1,0.5,-44.972724901089855,-48.5497925103751
247,ksqexp,1.25,1,1,0.1,-186.96243054412525,-190.2145216743202
248,ksqexp,1.25,1,1,0.05,-459.32863393193503,-448.98991411791917
249,ksqexp,1.25,1,1,0.01,-6272.685030235085,-6289.3321987785475
250,ksqexp,1.25,1,1,0,-203077.17310448916,-201439.47850345066
251,ksqexp,1.25,1,1.5,0.5,-45.97354339403041,-49.246159495412215
252,ksqexp,1.25,1,1.5,0.1,-172.05207133821915,-172.93664676270055
253,ksqexp,1.25,1,1.5,0.05,-406.24285281416155,-397.77526013393737
254,ksqexp,1.25,1,1.5,0.01,-6182.084926397268,-6197.9792044453525
255,ksqexp,1.25,1,1.5,0,-135389.37496311605,-134298.43492906663
256,ksqexp,1.25,1.5,0.5,0.5,-43.96839335960571,-47.944062376435376
257,ksqexp,1.25,1.5,0.5,0.1,-152.77731358413715,-164.79546559308608
258,ksqexp,1.25,1.5,0.5,0.05,-357.47296478371936,-368.2638675800345
259,ksqexp,1.25,1.5,0.5,0.01,-5284.630392196216,-5362.178711079048
260,ksqexp,1.25,1.5,0.5,0,-35335.170762004695,-35118.54372195137
261,ksqexp,1.25,1.5,1,0.5,-44.37455919134471,-48.035724809883924
262,ksqexp,1.25,1.5,1,0.1,-126.78584645895221,-133.449413103695
263,ksqexp,1.25,1.5,1,0.05,-304.39681315165404,-314.0066670805886
264,ksqexp,1.25,1.5,1,0.01,-4642.350619066309,-4678.77003259013
265,ksqexp,1.25,1.5,1,0,-17674.836635452102,-17567.930936585315
266,ksqexp,1.25,1.5,1.5,0.5,-45.94697149450523,-49.3905307247278
267,ksqexp,1.25,1.5,1.5,0.1,-116.94446955362952,-122.22236963667916
268,ksqexp,1.25,1.5,1.5,0.05,-287.081392904925,-296.7804855802203
269,ksqexp,1.25,1.5,1.5,0.01,-4131.689037107819,-4151.165061904779
270,ksqexp,1.25,1.5,1.5,0,-11791.197870453767,-11720.865955323126
271,ksqexp,1.25,2,0.5,0.5,-42.8744605252601,-46.92741762201636
272,ksqexp,1.25,2,0.5,0.1,-106.8911375340355,-121.17456061867534
273,ksqexp,1.25,2,0.5,0.05,-258.6850411020788,-283.2914512725337
274,ksqexp,1.25,2,0.5,0.01,-3013.2759735390455,-3119.3458124865942
275,ksqexp,1.25,2,0.5,0,-6458.485908495922,-6571.866099528655
276,ksqexp,1.25,2,1,0.5,-43.19661045523399,-46.97023872903174
277,ksqexp,1.25,2,1,0.1,-93.05252688122113,-103.1852595457559
278,ksqexp,1.25,2,1,0.05,-234.98182617114537,-255.73405943627833
279,ksqexp,1.25,2,1,0.01,-2070.144441129031,-2127.6478819146373
280,ksqexp,1.25,2,1,0,-3239.027404524419,-3297.164520805366
281,ksqexp,1.25,2,1.5,0.5,-44.72547379178388,-48.306693442901725
282,ksqexp,1.25,2,1.5,0.1,-89.93288323436717,-98.88155263383918
283,ksqexp,1.25,2,1.5,0.05,-227.1048582338518,-245.71896696337706
284,ksqexp,1.25,2,1.5,0.01,-1579.7713763279032,-1619.5400642630698
285,ksqexp,1.25,2,1.5,0,-2169.0140506807775,-2208.7368087231316
286,ksqexp,1.25,2.5,0.5,0.5,-41.64115459176565,-45.68540910948347
287,ksqexp,1.25,2.5,0.5,0.1,-84.08189424691962,-98.36534449865479
288,ksqexp,1.25,2.5,0.5,0.05,-202.73718288108017,-231.02287883048044
289,ksqexp,1.25,2.5,0.5,0.01,-1315.3685951859222,-1411.3646196185982
290,ksqexp,1.25,2.5,0.5,0,-1791.1455035564213,-1898.5073847079013
291,ksqexp,1.25,2.5,1,0.5,-41.837251011862996,-45.57948226819281
292,ksqexp,1.25,2.5,1,0.1,-76.56887965950474,-87.61427875413571
293,ksqexp,1.25,2.5,1,0.05,-181.9047374796864,-204.97300124441188
294,ksqexp,1.25,2.5,1,0.01,-769.9889234099463,-822.201796679945
295,ksqexp,1.25,2.5,1,0,-906.9140095160468,-962.0982878436532
296,ksqexp,1.25,2.5,1.5,0.5,-43.44932838347376,-46.9961339507688
297,ksqexp,1.25,2.5,1.5,0.1,-75.89427409527947,-85.89639061546423
298,ksqexp,1.25,2.5,1.5,0.05,-171.17740573339967,-191.07193120924535
299,ksqexp,1.25,2.5,1.5,0.01,-551.2639590584861,-587.717380934425
300,ksqexp,1.25,2.5,1.5,0,-615.3096663135946,-653.1014103526824
301,ksqexp,1.25,3,0.5,0.5,-40.62154278901951,-44.563512321305474
302,ksqexp,1.25,3,0.5,0.1,-72.052007515421,-85.6681580967131
303,ksqexp,1.25,3,0.5,0.05,-162.14058313447947,-189.27051925684336
304,ksqexp,1.25,3,0.5,0.01,-600.2369599331838,-671.3868441228923
305,ksqexp,1.25,3,0.5,0,-691.72983201221,-768.6009820920536
306,ksqexp,1.25,3,1,0.5,-40.92404724917878,-44.545513465114404
307,ksqexp,1.25,3,1,0.1,-66.78394171787494,-77.66004827355314
308,ksqexp,1.25,3,1,0.05,-137.63546501976433,-158.70695734628103
309,ksqexp,1.25,3,1,0.01,-333.7777787649001,-372.31294291632474
310,ksqexp,1.25,3,1,0,-358.26554148752354,-398.28226645006146
311,ksqexp,1.25,3,1.5,0.5,-42.71931764251807,-46.16081737582235
312,ksqexp,1.25,3,1.5,0.1,-66.57565361178993,-76.43187553597058
313,ksqexp,1.25,3,1.5,0.05,-124.35915999263169,-141.9452826813164
314,ksqexp,1.25,3,1.5,0.01,-239.11922531691474,-266.1859102583982
315,ksqexp,1.25,3,1.5,0,-250.2502667240285,-277.982183307246
316,ksqexp,1.25,3.5,0.5,0.5,-39.92389343554223,-43.735372271612064
317,ksqexp,1.25,3.5,0.5,0.1,-64.51957220284085,-77.41650305640589
318,ksqexp,1.25,3.5,0.5,0.05,-130.74180003313103,-154.9911206169288
319,ksqexp,1.25,3.5,0.5,0.01,-319.8929090623885,-369.8755384599824
320,ksqexp,1.25,3.5,0.5,0,-344.49421616135083,-397.08729843983986
321,ksqexp,1.25,3.5,1,0.5,-40.42571833281049,-43.92556984759395
322,ksqexp,1.25,3.5,1,0.1,-59.873682756718466,-70.21434785355753
323,ksqexp,1.25,3.5,1,0.05,-104.86207526936036,-122.74006118160104
324,ksqexp,1.25,3.5,1,0.01,-179.05322791766832,-206.3444223591702
325,ksqexp,1.25,3.5,1,0,-185.42230545970466,-213.3817064601581
326,ksqexp,1.25,3.5,1.5,0.5,-42.387947602449,-45.73818865111912
327,ksqexp,1.25,3.5,1.5,0.1,-59.582924793500545,-68.8558791414994
328,ksqexp,1.25,3.5,1.5,0.05,-92.53048881124468,-107.08604403789043
329,ksqexp,1.25,3.5,1.5,0.01,-132.6813474151731,-152.13073703810173
330,ksqexp,1.25,3.5,1.5,0,-135.53782405865945,-155.28599796336584
331,ksqexp,1.25,4,0.5,0.5,-39.46121211465451,-43.144945884307866
332,ksqexp,1.25,4,0.5,0.1,-58.90434057815381,-71.0530896579339
333,ksqexp,1.25,4,0.5,0.05,-105.92661272685238,-126.85427112111405
334,ksqexp,1.25,4,0.5,0.01,-194.032661685859,-229.39612975437024
335,ksqexp,1.25,4,0.5,0,-202.35051119878753,-238.91220681998556
336,ksqexp,1.25,4,1,0.5,-40.16171748280111,-43.56066982161357
337,ksqexp,1.25,4,1,0.1,-54.34496814744239,-63.98942807592925
338,ksqexp,1.25,4,1,0.05,-81.86127081251658,-96.66083425026665
339,ksqexp,1.25,4,1,0.01,-112.84664122644837,-132.5636476281539
340,ksqexp,1.25,4,1,0,-114.95865189507333,-134.98026272826155
341,ksqexp,1.25,4,1.5,0.5,-42.252913376420736,-45.536393082398135
342,ksqexp,1.25,4,1.5,0.1,-53.98283723841557,-62.52154090254977
343,ksqexp,1.25,4,1.5,0.05,-72.23819008063728,-84.1411934172895
344,ksqexp,1.25,4,1.5,0.01,-88.0292898549349,-102.40158088565583
345,ksqexp,1.25,4,1.5,0,-88.96752097996902,-103.47577021576872
346,ksqexp,1.25,6,0.5,0.5,-38.65858125922712,-41.94091676392374
347,ksqexp,1.25,6,0.5,0.1,-43.61439059336703,-52.5663309082316
348,ksqexp,1.25,6,0.5,0.05,-52.90349669337481,-63.758946920524004
349,ksqexp,1.25,6,0.5,0.01,-59.51634558734139,-71.65457869040385
350,ksqexp,1.25,6,0.5,0,-59.87541402913843,-72.08260699509802
351,ksqexp,1.25,6,1,0.5,-39.875175308774445,-43.01347712516776
352,ksqexp,1.25,6,1,0.1,-40.27940198331899,-47.14106736248167
353,ksqexp,1.25,6,1,0.05,-43.49768650044774,-51.17465096881646
354,ksqexp,1.25,6,1,0.01,-45.215765527527296,-53.28648890613472
355,ksqexp,1.25,6,1,0,-45.29892337030481,-53.38825529843231
356,ksqexp,1.25,6,1.5,0.5,-42.24215115890867,-45.376747945268484
357,ksqexp,1.25,6,1.5,0.1,-41.282659457919074,-47.32947538585581
358,ksqexp,1.25,6,1.5,0.05,-42.817229506120924,-49.32909945155835
359,ksqexp,1.25,6,1.5,0.01,-43.545722577258665,-50.2535847630411
360,ksqexp,1.25,6,1.5,0,-43.57958201284541,-50.296293594957
361,ksqexp,1.25,8,0.5,0.5,-38.485044104137906,-41.54944577229075
362,ksqexp,1.25,8,0.5,0.1,-36.71052224182791,-43.744986683366996
363,ksqexp,1.25,8,0.5,0.05,-38.6294471103322,-45.98671796442517
364,ksqexp,1.25,8,0.5,0.01,-39.637399940043615,-47.1011129619112
365,ksqexp,1.25,8,0.5,0,-39.68573836388595,-47.15387541408037
366,ksqexp,1.25,8,1,0.5,-39.918824022446024,-42.93611283855282
367,ksqexp,1.25,8,1,0.1,-35.60416258873532,-41.206040210970606
368,ksqexp,1.25,8,1,0.05,-35.908321837858686,-41.69560457753633
369,ksqexp,1.25,8,1,0.01,-36.06063465642821,-41.91059925991399
370,ksqexp,1.25,8,1,0,-36.067723246362675,-41.920335127513
371,ksqexp,1.25,8,1.5,0.5,-42.402273968483634,-45.476140631688736
372,ksqexp,1.25,8,1.5,0.1,-37.976667895303784,-43.112990149608166
373,ksqexp,1.25,8,1.5,0.05,-37.98292353321073,-43.25100114676547
374,ksqexp,1.25,8,1.5,0.01,-38.00028885327354,-43.31253025743204
375,ksqexp,1.25,8,1.5,0,-38.00120706969914,-43.31531056117003
376,ksqexp,1.25,10,0.5,0.5,-38.518597866069356,-41.49635557256079
377,ksqexp,1.25,10,0.5,0.1,-34.353621719321204,-40.68883785020262
378,ksqexp,1.25,10,0.5,0.05,-34.86418493251629,-41.27178137523889
379,ksqexp,1.25,10,0.5,0.01,-35.13807503368943,-41.534142816426
380,ksqexp,1.25,10,0.5,0,-35.15114149102701,-41.54614952045277
381,ksqexp,1.25,10,1,0.5,-40.05476027754959,-43.032692885157715
382,ksqexp,1.25,10,1,0.1,-34.48039366493736,-39.71458772643855
383,ksqexp,1.25,10,1,0.05,-34.35629042076255,-39.69810059284092
384,ksqexp,1.25,10,1,0.01,-34.327481349263834,-39.70130379156006
385,ksqexp,1.25,10,1,0,-34.326425980484764,-39.7015443740091
386,ksqexp,1.25,10,1.5,0.5,-42.608067976557216,-45.66996508337378
387,ksqexp,1.25,10,1.5,0.1,-37.43768143403739,-42.34631359917283
388,ksqexp,1.25,10,1.5,0.05,-37.25137992892946,-42.25476071877449
389,ksqexp,1.25,10,1.5,0.01,-37.193403188497214,-42.22728720995787
390,ksqexp,1.25,10,1.5,0,-37.19100967285745,-42.22616485442281
391,ksqexp,1.25,25,0.5,0.5,-39.69727089735492,-42.783203426663746
392,ksqexp,1.25,25,0.5,0.1,-34.30204196566716,-40.540402409250454
393,ksqexp,1.25,25,0.5,0.05,-34.26375940116828,-40.51455930657922
394,ksqexp,1.25,25,0.5,0.01,-34.29879884621959,-40.517930654126666
395,ksqexp,1.25,25,0.5,0,-34.30101178927516,-40.51825646467345
396,ksqexp,1.25,25,1,0.5,-41.30047435934459,-44.38031453602478
397,ksqexp,1.25,25,1,0.1,-35.600104968370864,-40.808548424297605
398,ksqexp,1.25,25,1,0.05,-35.36848399796511,-40.66660227105601
399,ksqexp,1.25,25,1,0.01,-35.297172409792,-40.621439620110316
400,ksqexp,1.25,25,1,0,-35.29424447366543,-40.61956379780206
401,ksqexp,1.25,25,1.5,0.5,-43.994518925419605,-47.15264871430455
402,ksqexp,1.25,25,1.5,0.1,-39.04790807623539,-43.96166642576518
403,ksqexp,1.25,25,1.5,0.05,-38.835984829368485,-43.8353362702899
404,ksqexp,1.25,25,1.5,0.01,-38.76766132600732,-43.79452590341428
405,ksqexp,1.25,25,1.5,0,-38.76481089769815,-43.79282177142314
406,ksqexp,1.25,50,0.5,0.5,-41.434340331165906,-44.56805810930556
407,ksqexp,1.25,50,0.5,0.1,-37.28583704753024,-43.63295534265197
408,ksqexp,1.25,50,0.5,0.05,-37.3003720967584,-43.66279497140642
409,ksqexp,1.25,50,0.5,0.01,-37.35242891847209,-43.68410610689129
410,ksqexp,1.25,50,0.5,0,-37.35535202559471,-43.685180556002905
411,ksqexp,1.25,50,1,0.5,-42.700535092666115,-45.82048741958314
412,ksqexp,1.25,50,1,0.1,-37.53838275509962,-42.80723656426505
413,ksqexp,1.25,50,1,0.05,-37.32795712567884,-42.687207256003234
414,ksqexp,1.25,50,1,0.01,-37.263493110680976,-42.64912258607157
415,ksqexp,1.25,50,1,0,-37.26085117833526,-42.647542361154066
416,ksqexp,1.25,50,1.5,0.5,-45.23744581281983,-48.42940843695612
417,ksqexp,1.25,50,1.5,0.1,-40.634549383642174,-45.59218165112852
418,ksqexp,1.25,50,1.5,0.05,-40.435639431209076,-45.4791856215705
419,ksqexp,1.25,50,1.5,0.01,-40.37151486335487,-45.44267638148296
420,ksqexp,1.25,50,1.5,0,-40.36883975848442,-45.44115182544898
421,ksqexp,1.5,0.2,0.5,0.5,-69.25526257697982,-74.55480754217002
422,ksqexp,1.5,0.2,0.5,0.1,-948.9785080168381,-977.5743978114084
423,ksqexp,1.5,0.2,0.5,0.05,-2966.9599030919844,-3058.30364422564
424,ksqexp,1.5,0.2,0.5,0.01,-41580.97061709891,-42656.706447657656
425,ksqexp,1.5,0.2,0.5,0,-326509822091.2344,-324436553818.9079
426,ksqexp,1.5,0.2,1,0.5,-68.46198396554644,-73.26752327418748
427,ksqexp,1.5,0.2,1,0.1,-837.6081074506088,-864.0087350143942
428,ksqexp,1.5,0.2,1,0.05,-2548.767730836574,-2625.807533299229
429,ksqexp,1.5,0.2,1,0.01,-39002.920328465014,-39769.22053144963
430,ksqexp,1.5,0.2,1,0,-196599216651.9097,-195080381283.81378
431,ksqexp,1.5,0.2,1.5,0.5,-68.01205262965654,-72.25412433180554
432,ksqexp,1.5,0.2,1.5,0.1,-773.4360617135142,-798.5808602008069
433,ksqexp,1.5,0.2,1.5,0.05,-2326.440313250326,-2397.6007214321353
434,ksqexp,1.5,0.2,1.5,0.01,-37628.1069854359,-38312.29495527472
435,ksqexp,1.5,0.2,1.5,0,-140610307895.2247,-139442377098.16156
436,ksqexp,1.5,0.5,0.5,0.5,-58.324128832705824,-63.009907703704926
437,ksqexp,1.5,0.5,0.5,0.1,-452.38195860370456,-469.5317106026045
438,ksqexp,1.5,0.5,0.5,0.05,-1335.8425664668157,-1353.2615471757192
439,ksqexp,1.5,0.5,0.5,0.01,-19649.242365110716,-20516.22357853846
440,ksqexp,1.5,0.5,0.5,0,-312713957.9473141,-326771262.5706792
441,ksqexp,1.5,0.5,1,0.5,-55.11996668501849,-59.46757107834004
442,ksqexp,1.5,0.5,1,0.1,-385.55070412882003,-394.7597756481139
443,ksqexp,1.5,0.5,1,0.05,-1148.999408242258,-1165.4015331402913
444,ksqexp,1.5,0.5,1,0.01,-16871.345867895776,-17642.307701739974
445,ksqexp,1.5,0.5,1,0,-156386009.57213908,-163415604.10222775
446,ksqexp,1.5,0.5,1.5,0.5,-53.678645524591005,-57.646158219479005
447,ksqexp,1.5,0.5,1.5,0.1,-353.12028438730135,-360.0086411909255
448,ksqexp,1.5,0.5,1.5,0.05,-1061.9917446245638,-1081.445846110487
449,ksqexp,1.5,0.5,1.5,0.01,-14982.255834585365,-15642.054950354574
450,ksqexp,1.5,0.5,1.5,0,-104263783.5317978,-108950390.1043512
451,ksqexp,1.5,1,0.5,0.5,-47.5255926867002,-51.95648302309699
452,ksqexp,1.5,1,0.5,0.1,-289.4728561700462,-299.20191724886877
453,ksqexp,1.5,1,0.5,0.05,-889.4947121960618,-856.9852557734663
454,ksqexp,1.5,1,0.5,0.01,-8517.602620367064,-8018.009208722275
455,ksqexp,1.5,1,0.5,0,-1517851.370257293,-1506080.2448250642
456,ksqexp,1.5,1,1,0.5,-45.84226201398838,-50.07186397132479
457,ksqexp,1.5,1,1,0.1,-258.32949830537007,-259.93840947014706
458,ksqexp,1.5,1,1,0.05,-769.9037814329282,-714.9168631576555
459,ksqexp,1.5,1,1,0.01,-7307.672080370056,-7089.992074775999
460,ksqexp,1.5,1,1,0,-758920.9917760179,-753037.4812221365
461,ksqexp,1.5,1,1.5,0.5,-46.05389555518826,-50.01860079187513
462,ksqexp,1.5,1,1.5,0.1,-243.1010932312262,-240.495079999916
463,ksqexp,1.5,1,1.5,0.05,-695.3718506294076,-635.5219323559137
464,ksqexp,1.5,1,1.5,0.01,-6899.121279776341,-6781.384950279736
465,ksqexp,1.5,1,1.5,0,-505946.9905650048,-502026.02405060746
466,ksqexp,1.5,1.5,0.5,0.5,-44.713878997431195,-49.14103819039695
467,ksqexp,1.5,1.5,0.5,0.1,-224.15761321385725,-239.16386338656858
468,ksqexp,1.5,1.5,0.5,0.05,-577.1319944362875,-571.2896175619024
469,ksqexp,1.5,1.5,0.5,0.01,-6365.765675884241,-6470.154557907828
470,ksqexp,1.5,1.5,0.5,0,-125132.40762629932,-120752.8334915892
471,ksqexp,1.5,1.5,1,0.5,-44.401169185651646,-48.65274085229718
472,ksqexp,1.5,1.5,1,0.1,-188.54396060651428,-194.98399842574682
473,ksqexp,1.5,1.5,1,0.05,-461.5101678431566,-452.6049753233103
474,ksqexp,1.5,1.5,1,0.01,-5958.066786069789,-6027.015152988591
475,ksqexp,1.5,1.5,1,0,-62567.56821065788,-60380.062475244435
476,ksqexp,1.5,1.5,1.5,0.5,-45.54092021088292,-49.61668662477544
477,ksqexp,1.5,1.5,1.5,0.1,-171.41815541713717,-174.49938763064208
478,ksqexp,1.5,1.5,1.5,0.05,-407.9111146098647,-402.24476061495375
479,ksqexp,1.5,1.5,1.5,0.01,-5698.962442234032,-5734.574432514894
480,ksqexp,1.5,1.5,1.5,0,-41715.75876341801,-40258.942648396776
481,ksqexp,1.5,2,0.5,0.5,-43.66523437315792,-48.14153099497789
482,ksqexp,1.5,2,0.5,0.1,-153.05247767740187,-173.02363386358488
483,ksqexp,1.5,2,0.5,0.05,-358.59204712032493,-388.557094404335
484,ksqexp,1.5,2,0.5,0.01,-4722.761857428278,-4965.60361159142
485,ksqexp,1.5,2,0.5,0,-21025.14968082993,-21078.23520299107
486,ksqexp,1.5,2,1,0.5,-43.618242058723574,-47.967601019426326
487,ksqexp,1.5,2,1,0.1,-124.7623867898269,-138.466456843423
488,ksqexp,1.5,2,1,0.05,-300.14796102906826,-326.3667380929136
489,ksqexp,1.5,2,1,0.01,-3892.377325788816,-4026.0980776548517
490,ksqexp,1.5,2,1,0,-10517.475993804845,-10546.358955231168
491,ksqexp,1.5,2,1.5,0.5,-44.81497388387239,-49.05735778073993
492,ksqexp,1.5,2,1.5,0.1,-114.15995100049314,-125.85911278714484
493,ksqexp,1.5,2,1.5,0.05,-279.12939386553273,-304.58572284149443
494,ksqexp,1.5,2,1.5,0.01,-3305.0386419001316,-3392.6492711966657
495,ksqexp,1.5,2,1.5,0,-7018.057510302883,-7038.872953469643
496,ksqexp,1.5,2.5,0.5,0.5,-42.60701048201157,-47.125909428728164
497,ksqexp,1.5,2.5,0.5,0.1,-111.35722806640051,-131.76021337322368
498,ksqexp,1.5,2.5,0.5,0.05,-262.20198750804263,-302.11579635595723
499,ksqexp,1.5,2.5,0.5,0.01,-2649.721293314547,-2891.3536770019487
500,ksqexp,1.5,2.5,0.5,0,-5215.077569652177,-5517.792044241668
501,ksqexp,1.5,2.5,1,0.5,-42.352618054069,-46.744348538819246
502,ksqexp,1.5,2.5,1,0.1,-93.36912071033521,-109.03014193377247
503,ksqexp,1.5,2.5,1,0.05,-228.4685054740665,-263.69921554875356
504,ksqexp,1.5,2.5,1,0.01,-1767.953280296001,-1905.7528895962666
505,ksqexp,1.5,2.5,1,0,-2614.5367207907843,-2768.3004925680816
506,ksqexp,1.5,2.5,1.5,0.5,-43.46705180387269,-47.764544284530515
507,ksqexp,1.5,2.5,1.5,0.1,-88.18320798410872,-102.38729313621732
508,ksqexp,1.5,2.5,1.5,0.05,-215.91579559403968,-248.62984968395165
509,ksqexp,1.5,2.5,1.5,0.01,-1330.0405253586678,-1427.0540152381477
510,ksqexp,1.5,2.5,1.5,0,-1750.8292545238587,-1854.9427919626653
511,ksqexp,1.5,3,0.5,0.5,-41.47425230833495,-45.933471322893
512,ksqexp,1.5,3,0.5,0.1,-89.5500638600408,-108.53080425837723
513,ksqexp,1.5,3,0.5,0.05,-207.7492323870298,-248.0185690732339
514,ksqexp,1.5,3,0.5,0.01,-1275.6107534739451,-1459.0047771473144
515,ksqexp,1.5,3,0.5,0,-1744.594961496636,-1963.1082734164606
516,ksqexp,1.5,3,1,0.5,-41.1104103642641,-45.405825564698844
517,ksqexp,1.5,3,1,0.1,-77.24760960782658,-92.70127417958354
518,ksqexp,1.5,3,1,0.05,-178.75061077555773,-213.57148329053243
519,ksqexp,1.5,3,1,0.01,-745.219773763664,-847.4759002357753
520,ksqexp,1.5,3,1,0,-880.6684319361366,-992.4269928750178
521,ksqexp,1.5,3,1.5,0.5,-42.296824326304616,-46.4995280377963
522,ksqexp,1.5,3,1.5,0.1,-74.3875681786711,-88.73240784010636
523,ksqexp,1.5,3,1.5,0.05,-165.17641801856243,-196.4749060115138
524,ksqexp,1.5,3,1.5,0.01,-532.3900908877957,-604.2251658816907
525,ksqexp,1.5,3,1.5,0,-595.8324102313879,-672.006054130502
526,ksqexp,1.5,3.5,0.5,0.5,-40.524299730324955,-44.84715261534191
527,ksqexp,1.5,3.5,0.5,0.1,-76.99599996183187,-94.53150448718347
528,ksqexp,1.5,3.5,0.5,0.05,-169.16289834988157,-206.4957791255444
529,ksqexp,1.5,3.5,0.5,0.01,-645.5694251640944,-770.4300919209155
530,ksqexp,1.5,3.5,0.5,0,-756.0692982309621,-896.0675809300942
531,ksqexp,1.5,3.5,1,0.5,-40.24435917286958,-44.383045262765975
532,ksqexp,1.5,3.5,1,0.1,-67.2985971964185,-82.03091362439235
533,ksqexp,1.5,3.5,1,0.05,-139.30657069394823,-170.23429643476405
534,ksqexp,1.5,3.5,1,0.01,-357.5374492028219,-426.147980875095
535,ksqexp,1.5,3.5,1,0,-387.3844983395022,-459.9910249370223
536,ksqexp,1.5,3.5,1.5,0.5,-41.5827533964349,-45.64991841853186
537,ksqexp,1.5,3.5,1.5,0.1,-65.24878685740283,-78.99366072821985
538,ksqexp,1.5,3.5,1.5,0.05,-124.41160847664563,-151.27463770095056
539,ksqexp,1.5,3.5,1.5,0.01,-254.01560653203134,-302.3498144065985
540,ksqexp,1.5,3.5,1.5,0,-267.6290537598279,-317.7716616379475
541,ksqexp,1.5,4,0.5,0.5,-39.836132634658235,-44.00284971633596
542,ksqexp,1.5,4,0.5,0.1,-68.78206621754691,-85.14476967565824
543,ksqexp,1.5,4,0.5,0.05,-139.57200604230582,-172.92878459287508
544,ksqexp,1.5,4,0.5,0.01,-369.0885340598037,-453.4800482130649
545,ksqexp,1.5,4,0.5,0,-403.1398576048788,-494.0502197981727
546,ksqexp,1.5,4,1,0.5,-39.723476399070364,-43.71511712820932
547,ksqexp,1.5,4,1,0.1,-60.261795306283716,-74.1694194078628
548,ksqexp,1.5,4,1,0.05,-109.45911327062699,-135.7662151047403
549,ksqexp,1.5,4,1,0.01,-202.77752820755472,-249.24682850247314
550,ksqexp,1.5,4,1,0,-211.66412766897594,-259.82509683607753
551,ksqexp,1.5,4,1.5,0.5,-41.20641921061198,-45.16141078155239
552,ksqexp,1.5,4,1.5,0.1,-58.46941469412731,-71.38066306851955
553,ksqexp,1.5,4,1.5,0.05,-95.38499116815674,-117.59454097989607
554,ksqexp,1.5,4,1.5,0.01,-146.98114807249965,-180.13105709992016
555,ksqexp,1.5,4,1.5,0,-150.97837317773767,-184.88954466161755
556,ksqexp,1.5,6,0.5,0.5,-38.58336016865843,-42.23613444642312
557,ksqexp,1.5,6,0.5,0.1,-50.01771804130875,-62.52150592086502
558,ksqexp,1.5,6,0.5,0.05,-70.2683429949029,-88.6332593967323
559,ksqexp,1.5,6,0.5,0.01,-91.10287186565355,-115.1252687176676
560,ksqexp,1.5,6,0.5,0,-92.45830475717302,-116.8399119546868
561,ksqexp,1.5,6,1,0.5,-39.04848975656834,-42.67538368535392
562,ksqexp,1.5,6,1,0.1,-43.12639488798086,-53.52553776449164
563,ksqexp,1.5,6,1,0.05,-51.81357312652714,-65.10322221185119
564,ksqexp,1.5,6,1,0.01,-57.89797227474837,-73.00014894270447
565,ksqexp,1.5,6,1,0,-58.22530216451477,-73.42192258816318
566,ksqexp,1.5,6,1.5,0.5,-40.86484190834644,-44.596386205562176
567,ksqexp,1.5,6,1.5,0.1,-42.28774399439814,-51.72360487143776
568,ksqexp,1.5,6,1.5,0.05,-47.03255632191221,-58.219022760049384
569,ksqexp,1.5,6,1.5,0.01,-49.81455024283635,-61.905741826034074
570,ksqexp,1.5,6,1.5,0,-49.953790161274696,-62.08874832657726
571,ksqexp,1.5,8,0.5,0.5,-38.20563988470309,-41.54109389717155
572,ksqexp,1.5,8,0.5,0.1,-39.91000324470971,-49.458723086796745
573,ksqexp,1.5,8,0.5,0.05,-44.89264187313104,-55.90752683502503
574,ksqexp,1.5,8,0.5,0.01,-48.16703665682402,-59.81411210505246
575,ksqexp,1.5,8,0.5,0,-48.33929244008704,-60.01398405432636
576,ksqexp,1.5,8,1,0.5,-38.95149521017939,-42.40123923873185
577,ksqexp,1.5,8,1,0.1,-35.31938348840299,-43.38291780432714
578,ksqexp,1.5,8,1,0.05,-36.553700280212176,-45.30783883778449
579,ksqexp,1.5,8,1,0.01,-37.22731340056572,-46.240170126948925
580,ksqexp,1.5,8,1,0,-37.259900948038116,-46.28390531854124
581,ksqexp,1.5,8,1.5,0.5,-40.90873875807335,-44.554484261753615
582,ksqexp,1.5,8,1.5,0.1,-36.12234621999693,-43.64956428791235
583,ksqexp,1.5,8,1.5,0.05,-36.49232454956325,-44.46602292808848
584,ksqexp,1.5,8,1.5,0.01,-36.6965045452811,-44.83010374421822
585,ksqexp,1.5,8,1.5,0,-36.70625931303475,-44.846701268947385
586,ksqexp,1.5,10,0.5,0.5,-38.11529643881576,-41.28304318250336
587,ksqexp,1.5,10,0.5,0.1,-35.283302608209134,-43.34676287124943
588,ksqexp,1.5,10,0.5,0.05,-36.67621888842802,-45.151591318240094
589,ksqexp,1.5,10,0.5,0.01,-37.57991826933455,-46.05259216400086
590,ksqexp,1.5,10,0.5,0,-37.62713729027733,-46.095783772188916
591,ksqexp,1.5,10,1,0.5,-38.999624441244464,-42.37117676070362
592,ksqexp,1.5,10,1,0.1,-32.60621458247652,-39.72800485879596
593,ksqexp,1.5,10,1,0.05,-32.562530442957524,-39.99089299021878
594,ksqexp,1.5,10,1,0.01,-32.60499392945045,-40.11836630079486
595,ksqexp,1.5,10,1,0,-32.607716084197776,-40.12430369159165
596,ksqexp,1.5,10,1.5,0.5,-41.03847009849411,-44.65752051494344
597,ksqexp,1.5,10,1.5,0.1,-34.41069827795487,-41.275876914907514
598,ksqexp,1.5,10,1.5,0.05,-34.14960376577595,-41.265197656139286
599,ksqexp,1.5,10,1.5,0.01,-34.07691384426488,-41.27283214785872
600,ksqexp,1.5,10,1.5,0,-34.07406454466486,-41.27329919390981
601,ksqexp,1.5,25,0.5,0.5,-38.977219617675864,-42.20006806214181
602,ksqexp,1.5,25,0.5,0.1,-32.39970126931748,-39.80072419310618
603,ksqexp,1.5,25,0.5,0.05,-32.37565544275468,-39.80226585624456
604,ksqexp,1.5,25,0.5,0.01,-32.60391559233147,-39.86191436695765
605,ksqexp,1.5,25,0.5,0,-32.61910100803093,-39.86581855489037
606,ksqexp,1.5,25,1,0.5,-40.04868438985455,-43.53481975371257
607,ksqexp,1.5,25,1,0.1,-32.46043939366097,-39.2300550876598
608,ksqexp,1.5,25,1,0.05,-32.081944015797575,-39.031570340713046
609,ksqexp,1.5,25,1,0.01,-31.985000886474033,-38.97305846649094
610,ksqexp,1.5,25,1,0,-31.981447084816736,-38.97072985150013
611,ksqexp,1.5,25,1.5,0.5,-42.31472016298292,-46.074609188981896
612,ksqexp,1.5,25,1.5,0.1,-35.40492994491844,-42.06250501642655
613,ksqexp,1.5,25,1.5,0.05,-35.03123127398424,-41.87470239266105
614,ksqexp,1.5,25,1.5,0.01,-34.91324573545934,-41.81436335955408
615,ksqexp,1.5,25,1.5,0,-34.90838463961586,-41.81185581293816
616,ksqexp,1.5,50,0.5,0.5,-40.64638467132126,-43.95982567501402
617,ksqexp,1.5,50,0.5,0.1,-34.884950473877595,-42.48613531642666
618,ksqexp,1.5,50,0.5,0.05,-34.87268400498723,-42.50322771777698
619,ksqexp,1.5,50,0.5,0.01,-35.10392151521263,-42.56694471045019
620,ksqexp,1.5,50,0.5,0,-35.11922231603133,-42.57100818072361
621,ksqexp,1.5,50,1,0.5,-41.486626327089965,-45.055201502757406
622,ksqexp,1.5,50,1,0.1,-34.38103783198417,-41.2704308526003
623,ksqexp,1.5,50,1,0.05,-34.0197429971671,-41.08998565596647
624,ksqexp,1.5,50,1,0.01,-33.92832702759813,-41.0372441492525
625,ksqexp,1.5,50,1,0,-33.925003795377826,-41.03515593725212
626,ksqexp,1.5,50,1.5,0.5,-43.679630137253135,-47.51345304586157
627,ksqexp,1.5,50,1.5,0.1,-37.14393661288654,-43.89388380842565
628,ksqexp,1.5,50,1.5,0.05,-36.78447411151965,-43.72064881557229
629,ksqexp,1.5,50,1.5,0.01,-36.671088754355054,-43.6650055746689
630,ksqexp,1.5,50,1.5,0,-36.66641981769794,-43.66269405199712
631,ksqexp,1.75,0.2,0.5,0.5,-70.72089360931302,-76.63246028098447
632,ksqexp,1.75,0.2,0.5,0.1,-1056.975071860499,-1094.3189380576068
633,ksqexp,1.75,0.2,0.5,0.05,-3398.569482357819,-3496.1083527788046
634,ksqexp,1.75,0.2,0.5,0.01,-49044.90572126311,-50574.18710264667
635,ksqexp,1.75,0.2,0.5,0,-629100360175.959,-623405322152.1013
636,ksqexp,1.75,0.2,1,0.5,-70.33583622384829,-76.16901631955254
637,ksqexp,1.75,0.2,1,0.1,-944.0350779676661,-972.3165276297011
638,ksqexp,1.75,0.2,1,0.05,-2988.0955644972387,-3072.9609680951808
639,ksqexp,1.75,0.2,1,0.01,-45042.349112460695,-46357.717050846455
640,ksqexp,1.75,0.2,1,0,-469538977407.8778,-463188282244.96136
641,ksqexp,1.75,0.2,1.5,0.5,-70.00740208184642,-75.4871299754478
642,ksqexp,1.75,0.2,1.5,0.1,-878.4623116300021,-904.9624481207785
643,ksqexp,1.75,0.2,1.5,0.05,-2770.638282097088,-2846.5396496603257
644,ksqexp,1.75,0.2,1.5,0.01,-43102.49799061177,-44242.40681246083
645,ksqexp,1.75,0.2,1.5,0,-373844573389.1704,-367849713209.32916
646,ksqexp,1.75,0.5,0.5,0.5,-61.638648917892596,-66.90827666617255
647,ksqexp,1.75,0.5,0.5,0.1,-585.2698818179505,-609.1166032192101
648,ksqexp,1.75,0.5,0.5,0.05,-1831.0739523259294,-1819.9512023950329
649,ksqexp,1.75,0.5,0.5,0.01,-24949.77007790156,-25215.209129982442
650,ksqexp,1.75,0.5,0.5,0,-1144490998.479452,-1204108866.0529268
651,ksqexp,1.75,0.5,1,0.5,-58.4241407906877,-63.611272835213384
652,ksqexp,1.75,0.5,1,0.1,-513.1960863808183,-520.9961787148891
653,ksqexp,1.75,0.5,1,0.05,-1590.8297518188679,-1567.3837996593077
654,ksqexp,1.75,0.5,1,0.01,-22551.99708476892,-23003.892855265294
655,ksqexp,1.75,0.5,1,0,-572632354.8175253,-602454414.71008
656,ksqexp,1.75,0.5,1.5,0.5,-56.74891016660527,-61.65576114676107
657,ksqexp,1.75,0.5,1.5,0.1,-475.72871347338247,-477.61039359232916
658,ksqexp,1.75,0.5,1.5,0.05,-1462.3811219238821,-1439.2140299475
659,ksqexp,1.75,0.5,1.5,0.01,-21154.05652228617,-21607.91183746208
660,ksqexp,1.75,0.5,1.5,0,-381840967.43547064,-401725261.5670301
661,ksqexp,1.75,1,0.5,0.5,-49.71685236657202,-54.50060615904992
662,ksqexp,1.75,1,0.5,0.1,-371.3835837418815,-382.33441380009737
663,ksqexp,1.75,1,0.5,0.05,-1253.5302661144144,-1202.9337984687954
664,ksqexp,1.75,1,0.5,0.01,-16511.900468406846,-13557.533183209542
665,ksqexp,1.75,1,0.5,0,-5094077.244640944,-5087332.346680556
666,ksqexp,1.75,1,1,0.5,-47.332889484577585,-52.10071969557934
667,ksqexp,1.75,1,1,0.1,-344.7432355080783,-342.5588729953767
668,ksqexp,1.75,1,1,0.05,-1132.6458902002807,-1051.9907854987896
669,ksqexp,1.75,1,1,0.01,-12526.144329530185,-10595.997519830973
670,ksqexp,1.75,1,1,0,-2547033.3300658143,-2543663.763463994
671,ksqexp,1.75,1,1.5,0.5,-46.8898992570013,-51.48366317940088
672,ksqexp,1.75,1,1.5,0.1,-328.9462906828861,-322.07229842544473
673,ksqexp,1.75,1,1.5,0.05,-1073.241060397249,-970.8831250675757
674,ksqexp,1.75,1,1.5,0.01,-10696.328162618232,-9307.4482454273475
675,ksqexp,1.75,1,1.5,0,-1698017.968810682,-1695773.5558577855
676,ksqexp,1.75,1.5,0.5,0.5,-45.72112086494303,-50.5131919654935
677,ksqexp,1.75,1.5,0.5,0.1,-303.8518080912878,-320.9045492803128
678,ksqexp,1.75,1.5,0.5,0.05,-903.2549917729958,-887.3658709395384
679,ksqexp,1.75,1.5,0.5,0.01,-8397.212890833349,-8199.71827996207
680,ksqexp,1.75,1.5,0.5,0,-420508.8357157709,-386383.2018281003
681,ksqexp,1.75,1.5,1,0.5,-44.52819130694599,-49.308662272093336
682,ksqexp,1.75,1.5,1,0.1,-269.35648966052617,-276.60498160373504
683,ksqexp,1.75,1.5,1,0.05,-758.1159091166185,-721.812783767955
684,ksqexp,1.75,1.5,1,0.01,-7247.890375275439,-7226.858039241934
685,ksqexp,1.75,1.5,1,0,-210249.1574187328,-193189.56529149276
686,ksqexp,1.75,1.5,1.5,0.5,-45.10163018316104,-49.75463320007608
687,ksqexp,1.75,1.5,1.5,0.1,-249.48207160439395,-252.08672330681654
688,ksqexp,1.75,1.5,1.5,0.05,-676.9885437370103,-637.1524737395532
689,ksqexp,1.75,1.5,1.5,0.01,-6834.5643654099285,-6844.95681317449
690,ksqexp,1.75,1.5,1.5,0,-140165.71142786992,-128794.8033436004
691,ksqexp,1.75,2,0.5,0.5,-44.38158150200292,-49.16869573831786
692,ksqexp,1.75,2,0.5,0.1,-219.20516225901716,-243.474499142796
693,ksqexp,1.75,2,0.5,0.05,-529.9270708926244,-569.7850128371941
694,ksqexp,1.75,2,0.5,0.01,-5921.736326693596,-6375.642977572514
695,ksqexp,1.75,2,0.5,0,-67550.0082614838,-65110.85468093376
696,ksqexp,1.75,2,1,0.5,-43.811659153027,-48.602751408877815
697,ksqexp,1.75,2,1,0.1,-177.51261690279895,-195.36093828208246
698,ksqexp,1.75,2,1,0.05,-418.44375935151294,-450.4534059920737
699,ksqexp,1.75,2,1,0.01,-5426.725930316997,-5716.097292161097
700,ksqexp,1.75,2,1,0,-33774.47039166335,-32558.181373657942
701,ksqexp,1.75,2,1.5,0.5,-44.70523871804725,-49.442477179187634
702,ksqexp,1.75,2,1.5,0.1,-157.91597426760222,-173.3011777901868
703,ksqexp,1.75,2,1.5,0.05,-370.6573897520719,-401.25384793554304
704,ksqexp,1.75,2,1.5,0.01,-5060.635421868426,-5252.30489403541
705,ksqexp,1.75,2,1.5,0,-22519.096534860615,-21710.429100717105
706,ksqexp,1.75,2.5,0.5,0.5,-43.51108670312732,-48.33486236204219
707,ksqexp,1.75,2.5,0.5,0.1,-155.12255238631937,-181.7957082184023
708,ksqexp,1.75,2.5,0.5,0.05,-348.79705159009706,-405.7191291986908
709,ksqexp,1.75,2.5,0.5,0.01,-4138.870649247383,-4631.772655441164
710,ksqexp,1.75,2.5,0.5,0,-14727.16062092701,-15337.800622381565
711,ksqexp,1.75,2.5,1,0.5,-42.92390030422806,-47.76521964948179
712,ksqexp,1.75,2.5,1,0.1,-122.1900196149998,-143.78753782063472
713,ksqexp,1.75,2.5,1,0.05,-285.06327424628364,-334.72184882490063
714,ksqexp,1.75,2.5,1,0.01,-3256.425973902758,-3557.052692264099
715,ksqexp,1.75,2.5,1,0,-7365.932642026551,-7674.597374885281
716,ksqexp,1.75,2.5,1.5,0.5,-43.741891651760014,-48.56686799914006
717,ksqexp,1.75,2.5,1.5,0.1,-109.49443362406222,-129.19921471700087
718,ksqexp,1.75,2.5,1.5,0.05,-261.9086969532827,-308.7872196492924
719,ksqexp,1.75,2.5,1.5,0.01,-2681.8897316730486,-2895.6021083663313
720,ksqexp,1.75,2.5,1.5,0,-4915.32943142146,-5123.335742070668
721,ksqexp,1.75,3,0.5,0.5,-42.53654524529179,-47.35062391077757
722,ksqexp,1.75,3,0.5,0.1,-118.49987688733283,-143.53639289625545
723,ksqexp,1.75,3,0.5,0.05,-264.6591214629617,-321.8107883303642
724,ksqexp,1.75,3,0.5,0.01,-2343.642996753658,-2743.695020813383
725,ksqexp,1.75,3,0.5,0,-4362.9420567285915,-4920.517393768245
726,ksqexp,1.75,3,1,0.5,-41.74586765834563,-46.54598398069695
727,ksqexp,1.75,3,1,0.1,-94.70009907247778,-115.80267047354094
728,ksqexp,1.75,3,1,0.05,-221.08989736909052,-271.9430000081518
729,ksqexp,1.75,3,1,0.01,-1530.124219276329,-1767.1036857840193
730,ksqexp,1.75,3,1,0,-2185.6209399896884,-2467.851660279926
731,ksqexp,1.75,3,1.5,0.5,-42.498640950862956,-47.28380603739154
732,ksqexp,1.75,3,1.5,0.1,-86.77715309839968,-106.50676308696455
733,ksqexp,1.75,3,1.5,0.05,-204.47965164767416,-251.9451061453846
734,ksqexp,1.75,3,1.5,0.01,-1139.7949513391343,-1309.1328779275066
735,ksqexp,1.75,3,1.5,0,-1462.9867191385672,-1653.4359002791728
736,ksqexp,1.75,3.5,0.5,0.5,-41.52572451909664,-46.23838065925182
737,ksqexp,1.75,3.5,0.5,0.1,-97.67335249287062,-120.25418722526146
738,ksqexp,1.75,3.5,0.5,0.05,-213.93208715028013,-266.9421346972159
739,ksqexp,1.75,3.5,0.5,0.01,-1224.2915647346795,-1501.2674451705848
740,ksqexp,1.75,3.5,0.5,0,-1673.1023024864662,-2019.1784247382295
741,ksqexp,1.75,3.5,1,0.5,-40.65142525499256,-45.30474490634446
742,ksqexp,1.75,3.5,1,0.1,-79.30850363434418,-99.01501517677517
743,ksqexp,1.75,3.5,1,0.05,-176.08599002547786,-222.78319892912955
744,ksqexp,1.75,3.5,1,0.01,-711.9952575261199,-869.4326139315078
745,ksqexp,1.75,3.5,1,0,-841.9207687746352,-1018.5261028187085
746,ksqexp,1.75,3.5,1.5,0.5,-41.46746940721761,-46.1106781658452
747,ksqexp,1.75,3.5,1.5,0.1,-73.73231537988377,-92.451465709762
748,ksqexp,1.75,3.5,1.5,0.05,-159.49600793179496,-202.07148212043796
749,ksqexp,1.75,3.5,1.5,0.01,-507.08936747469244,-618.3654964525127
750,ksqexp,1.75,3.5,1.5,0,-567.9997457125775,-688.1148169250253
751,ksqexp,1.75,4,0.5,0.5,-40.65898098402006,-45.212002617358074
752,ksqexp,1.75,4,0.5,0.1,-84.70133764763322,-105.21113731571005
753,ksqexp,1.75,4,0.5,0.05,-177.2670897424194,-225.09408358911847
754,ksqexp,1.75,4,0.5,0.01,-673.4591585989929,-856.8251743260182
755,ksqexp,1.75,4,0.5,0,-797.5189156615377,-1008.9597439442791
756,ksqexp,1.75,4,1,0.5,-39.85220684023386,-44.3242354334673
757,ksqexp,1.75,4,1,0.1,-69.27372688037288,-87.6247395823913
758,ksqexp,1.75,4,1,0.05,-140.4896583605723,-181.3449569914562
759,ksqexp,1.75,4,1,0.01,-371.2905264062507,-473.17704749742165
760,ksqexp,1.75,4,1,0,-405.02880944414096,-514.4393430133396
761,ksqexp,1.75,4,1.5,0.5,-40.79290993834127,-45.27933008292185
762,ksqexp,1.75,4,1.5,0.1,-64.7841757834856,-82.32668121204581
763,ksqexp,1.75,4,1.5,0.05,-123.49172655204751,-159.67227241746744
764,ksqexp,1.75,4,1.5,0.01,-261.91320790520297,-333.88739556460166
765,ksqexp,1.75,4,1.5,0,-277.3382627354287,-352.73869803078213
766,ksqexp,1.75,6,0.5,0.5,-38.892374128408655,-42.83077352350925
767,ksqexp,1.75,6,0.5,0.1,-59.27481187714915,-74.7401209835985
768,ksqexp,1.75,6,0.5,0.05,-92.36655256769771,-120.87746580451358
769,ksqexp,1.75,6,0.5,0.01,-141.44295844039354,-188.62559331348575
770,ksqexp,1.75,6,0.5,0,-145.50365510615165,-194.15153452788752
771,ksqexp,1.75,6,1,0.5,-38.64751413399901,-42.62112813954203
772,ksqexp,1.75,6,1,0.1,-47.697486024163055,-61.74650076393483
773,ksqexp,1.75,6,1,0.05,-64.2508957648587,-85.82707904033835
774,ksqexp,1.75,6,1,0.01,-80.21802633665592,-108.21568153195047
775,ksqexp,1.75,6,1,0,-81.22125390941709,-109.60114480521705
776,ksqexp,1.75,6,1.5,0.5,-39.96132017363365,-44.10338536424177
777,ksqexp,1.75,6,1.5,0.1,-44.71679797223905,-57.94712544799751
778,ksqexp,1.75,6,1.5,0.05,-54.75357377993952,-72.91710299621481
779,ksqexp,1.75,6,1.5,0.01,-62.498524606731046,-83.94728368960334
780,ksqexp,1.75,6,1.5,0,-62.933275701595534,-84.55717042044171
781,ksqexp,1.75,8,0.5,0.5,-38.30743846145769,-41.83993548166085
782,ksqexp,1.75,8,0.5,0.1,-46.05177131556225,-58.00558895972563
783,ksqexp,1.75,8,0.5,0.05,-55.42777329431134,-72.1331100570435
784,ksqexp,1.75,8,0.5,0.01,-62.89574824613371,-82.71043290083584
785,ksqexp,1.75,8,0.5,0,-63.33974682555208,-83.30994103819741
786,ksqexp,1.75,8,1,0.5,-38.402373161277,-42.13559288672703
787,ksqexp,1.75,8,1,0.1,-36.90630118945451,-47.75967614264629
788,ksqexp,1.75,8,1,0.05,-39.6203859918213,-52.76090227708265
789,ksqexp,1.75,8,1,0.01,-41.33803117112399,-55.55666589977794
790,ksqexp,1.75,8,1,0,-41.42742186762056,-55.69542880733121
791,ksqexp,1.75,8,1.5,0.5,-39.877639152207124,-43.897446981761306
792,ksqexp,1.75,8,1.5,0.1,-35.64461570266485,-45.959623878882965
793,ksqexp,1.75,8,1.5,0.05,-36.63753378453678,-48.3810347676494
794,ksqexp,1.75,8,1.5,0.01,-37.23299703261821,-49.57368314576587
795,ksqexp,1.75,8,1.5,0,-37.2628024102945,-49.6300802588996
796,ksqexp,1.75,10,0.5,0.5,-38.098871725901716,-41.383810690474576
797,ksqexp,1.75,10,0.5,0.1,-38.66868307214739,-48.440444442186575
798,ksqexp,1.75,10,0.5,0.05,-41.00056219470153,-52.674429085414516
799,ksqexp,1.75,10,0.5,0.01,-42.60235317951085,-54.91688744204244
800,ksqexp,1.75,10,0.5,0,-42.69672234146757,-55.02787683131513
801,ksqexp,1.75,10,1,0.5,-38.36954131184902,-41.980252039229015
802,ksqexp,1.75,10,1,0.1,-32.05051523380602,-41.24250155322355
803,ksqexp,1.75,10,1,0.05,-31.926920530636608,-42.13575851924914
804,ksqexp,1.75,10,1,0.01,-31.97572477844927,-42.54178617115153
805,ksqexp,1.75,10,1,0,-31.98023886777203,-42.560574713028856
806,ksqexp,1.75,10,1.5,0.5,-39.93148351131625,-43.90515276790958
807,ksqexp,1.75,10,1.5,0.1,-32.230574670844426,-41.23922656391029
808,ksqexp,1.75,10,1.5,0.05,-31.717722300145113,-41.44557784700443
809,ksqexp,1.75,10,1.5,0.01,-31.554128014035534,-41.53996852528976
810,ksqexp,1.75,10,1.5,0,-31.54756657226792,-41.544296202689324
811,ksqexp,1.75,25,0.5,0.5,-38.697843677194435,-41.900420211146255
812,ksqexp,1.75,25,0.5,0.1,-31.80775056550966,-40.12415801277983
813,ksqexp,1.75,25,0.5,0.05,-31.278066510713042,-40.12177673299554
814,ksqexp,1.75,25,0.5,0.01,-31.65711926908309,-40.267750023315585
815,ksqexp,1.75,25,0.5,0,-31.697971266852615,-40.280234037458804
816,ksqexp,1.75,25,1,0.5,-39.252758483929675,-42.95182466647496
817,ksqexp,1.75,25,1,0.1,-29.86634623942676,-38.14775134226539
818,ksqexp,1.75,25,1,0.05,-29.083292098519927,-37.846587704026426
819,ksqexp,1.75,25,1,0.01,-28.900080959127962,-37.765945190265214
820,ksqexp,1.75,25,1,0,-28.89494820096674,-37.76319697293363
821,ksqexp,1.75,25,1.5,0.5,-41.08491969159035,-45.23529224522652
822,ksqexp,1.75,25,1.5,0.1,-32.06064694544936,-40.454412828813304
823,ksqexp,1.75,25,1.5,0.05,-31.338355280975826,-40.16179635941194
824,ksqexp,1.75,25,1.5,0.01,-31.109280140621983,-40.06752468699973
825,ksqexp,1.75,25,1.5,0,-31.10009604147532,-40.06367348063847
826,ksqexp,1.75,50,0.5,0.5,-40.22794479331958,-43.57289836708438
827,ksqexp,1.75,50,0.5,0.1,-33.62233735198511,-42.244573111645764
828,ksqexp,1.75,50,0.5,0.05,-33.040165356569815,-42.192075040864125
829,ksqexp,1.75,50,0.5,0.01,-33.40041058742973,-42.31921098634582
830,ksqexp,1.75,50,0.5,0,-33.440484485673416,-42.3308946559863
831,ksqexp,1.75,50,1,0.5,-40.6482235756806,-44.487753660281086
832,ksqexp,1.75,50,1,0.1,-31.63640598138682,-40.118348376118554
833,ksqexp,1.75,50,1,0.05,-30.862402729862186,-39.826392686247054
834,ksqexp,1.75,50,1,0.01,-30.68226625191638,-39.748667675030546
835,ksqexp,1.75,50,1,0,-30.67726715820663,-39.746042776901845
836,ksqexp,1.75,50,1.5,0.5,-42.482889961362744,-46.766830087530096
837,ksqexp,1.75,50,1.5,0.1,-33.836552817735,-42.395220760336876
838,ksqexp,1.75,50,1.5,0.05,-33.128880773608834,-42.11710894778228
839,ksqexp,1.75,50,1.5,0.01,-32.9046624064629,-42.02756696841142
840,ksqexp,1.75,50,1.5,0,-32.89568357819058,-42.02391434642254
841,ksqexp,2,0.2,0.5,0.5,-71.42504903615112,-77.68226388620602
842,ksqexp,2,0.2,0.5,0.1,-1160.911805214021,-1226.3941611905595
843,ksqexp,2,0.2,0.5,0.05,-3826.085227449657,-3947.5616735945896
844,ksqexp,2,0.2,0.5,0.01,-57229.68913501227,-58574.51918026079
845,ksqexp,2,0.2,0.5,0,-813622646720.7097,-808507150499.282
846,ksqexp,2,0.2,1,0.5,-71.5615153929928,-78.06431669562367
847,ksqexp,2,0.2,1,0.1,-1050.962762992427,-1093.8939509346644
848,ksqexp,2,0.2,1,0.05,-3389.517553546656,-3488.0850126208247
849,ksqexp,2,0.2,1,0.01,-52752.201642016415,-54031.19546736951
850,ksqexp,2,0.2,1,0,-726227622189.3962,-717681732295.2393
851,ksqexp,2,0.2,1.5,0.5,-71.53800986063648,-77.95324701207491
852,ksqexp,2,0.2,1.5,0.1,-984.501119507701,-1019.7400264351916
853,ksqexp,2,0.2,1.5,0.05,-3154.1170870021147,-3240.858616075288
854,ksqexp,2,0.2,1.5,0.01,-50599.74810501263,-51754.45347518721
855,ksqexp,2,0.2,1.5,0,-650690488424.7389,-640453680911.9021
856,ksqexp,2,0.5,0.5,0.5,-64.27184141101856,-70.0361184298046
857,ksqexp,2,0.5,0.5,0.1,-693.7529699154543,-738.4986321373807
858,ksqexp,2,0.5,0.5,0.05,-2316.6564453752676,-2317.686164627018
859,ksqexp,2,0.5,0.5,0.01,-34011.94647657263,-32437.75444442147
860,ksqexp,2,0.5,0.5,0,-3602551620.4694905,-3814089968.2161975
861,ksqexp,2,0.5,1,0.5,-61.195719936228805,-67.15842209410155
862,ksqexp,2,0.5,1,0.1,-625.4779102584786,-645.7221251435957
863,ksqexp,2,0.5,1,0.05,-2100.4944641304655,-2049.445089249998
864,ksqexp,2,0.5,1,0.01,-30169.56886163114,-28904.230228136705
865,ksqexp,2,0.5,1,0,-1805123216.2547562,-1911027750.4897614
866,ksqexp,2,0.5,1.5,0.5,-59.35457587452015,-65.19744482558676
867,ksqexp,2,0.5,1.5,0.1,-590.6577962931696,-599.6362404893557
868,ksqexp,2,0.5,1.5,0.05,-1977.0034658496957,-1906.023937690317
869,ksqexp,2,0.5,1.5,0.01,-28393.01254207097,-27204.59620663566
870,ksqexp,2,0.5,1.5,0,-1204272874.7127392,-1274906027.03877
871,ksqexp,2,1,0.5,0.5,-51.76747622749729,-56.89717908227564
872,ksqexp,2,1,0.5,0.1,-433.29468766219514,-456.62504000894455
873,ksqexp,2,1,0.5,0.05,-1594.415403010799,-1535.902465832325
874,ksqexp,2,1,0.5,0.01,-28919.50232205253,-22930.045711807987
875,ksqexp,2,1,0.5,0,-15700722.97065266,-15722175.047635969
876,ksqexp,2,1,1,0.5,-48.92239775358642,-54.16080154881665
877,ksqexp,2,1,1,0.1,-413.5573298693952,-416.13960539602806
878,ksqexp,2,1,1,0.05,-1493.8525172139407,-1401.9365302102403
879,ksqexp,2,1,1,0.01,-25169.209690000935,-19263.87382112745
880,ksqexp,2,1,1,0,-7850419.6318026725,-7861148.597168592
881,ksqexp,2,1,1.5,0.5,-48.010385545700885,-53.13774222889336
882,ksqexp,2,1,1.5,0.1,-404.3940066358708,-397.91060515185313
883,ksqexp,2,1,1.5,0.05,-1427.2583657275463,-1320.1387165620818
884,ksqexp,2,1,1.5,0.01,-22214.40965285828,-16918.866998971935
885,ksqexp,2,1,1.5,0,-5233618.941973204,-5240773.990560052
886,ksqexp,2,1.5,0.5,0.5,-46.989779754209444,-52.11044665111756
887,ksqexp,2,1.5,0.5,0.1,-361.82200465503894,-384.4931633326629
888,ksqexp,2,1.5,0.5,0.05,-1245.9689000032683,-1235.1505602683421
889,ksqexp,2,1.5,0.5,0.01,-13574.53863758405,-12469.193104574013
890,ksqexp,2,1.5,0.5,0,-1358461.21527714,-1173897.648930355
891,ksqexp,2,1.5,1,0.5,-44.94304473744822,-50.218727987757546
892,ksqexp,2,1.5,1,0.1,-343.63219453912166,-353.41960867953384
893,ksqexp,2,1.5,1,0.05,-1096.56406543426,-1058.4412504472964
894,ksqexp,2,1.5,1,0.01,-10524.031136449898,-9938.204576745353
895,ksqexp,2,1.5,1,0,-679218.6323693119,-586940.9341129045
896,ksqexp,2,1.5,1.5,0.5,-44.86826944699079,-50.06905490564928
897,ksqexp,2,1.5,1.5,0.1,-328.8125357969621,-333.2066203070884
898,ksqexp,2,1.5,1.5,0.05,-1010.5295526337054,-959.5386548841
899,ksqexp,2,1.5,1.5,0.01,-9238.309755256349,-8882.262968422574
900,ksqexp,2,1.5,1.5,0,-452807.32410588115,-391291.63488688954
901,ksqexp,2,2,0.5,0.5,-45.14824196285026,-50.2408553606748
902,ksqexp,2,2,0.5,0.1,-286.59978790434525,-314.755295584828
903,ksqexp,2,2,0.5,0.05,-782.0499463309937,-833.9163965714879
904,ksqexp,2,2,0.5,0.01,-7036.659225863105,-7740.174211116286
905,ksqexp,2,2,0.5,0,-218959.62350675918,-198297.90073415934
906,ksqexp,2,2,1,0.5,-43.87138375020901,-49.09325572427686
907,ksqexp,2,2,1,0.1,-245.66745503443042,-266.4535518540335
908,ksqexp,2,2,1,0.05,-613.7761792418928,-657.6937696347654
909,ksqexp,2,2,1,0.01,-6379.783345565682,-6944.271373701147
910,ksqexp,2,2,1,0,-109473.36600093888,-99146.73512808039
911,ksqexp,2,2,1.5,0.5,-44.337205738344096,-49.539637428536416
912,ksqexp,2,2,1.5,0.1,-221.22183879872995,-239.73859183830567
913,ksqexp,2,2,1.5,0.05,-531.9246501796009,-572.7981517582638
914,ksqexp,2,2,1.5,0.01,-6133.881896540867,-6577.494959252893
915,ksqexp,2,2,1.5,0,-72981.07940254777,-66099.48034802137
916,ksqexp,2,2.5,0.5,0.5,-44.26765769193484,-49.35226020255497
917,ksqexp,2,2.5,0.5,0.1,-209.60890193415096,-241.20108731198056
918,ksqexp,2,2.5,0.5,0.05,-483.8320290653,-561.2678843339916
919,ksqexp,2,2.5,0.5,0.01,-5250.914062472534,-6119.767916204673
920,ksqexp,2,2.5,0.5,0,-42606.38359274352,-42671.757357850394
921,ksqexp,2,2.5,1,0.5,-43.23765244704812,-48.45501198070659
922,ksqexp,2,2.5,1,0.1,-166.0352587870399,-192.81152266735927
923,ksqexp,2,2.5,1,0.05,-370.8315903453101,-439.46558733855613
924,ksqexp,2,2.5,1,0.01,-4702.6408601168,-5293.570283612072
925,ksqexp,2,2.5,1,0,-21300.587986394425,-21337.528116539637
926,ksqexp,2,2.5,1.5,0.5,-43.775497930011554,-49.02621581603009
927,ksqexp,2,2.5,1.5,0.1,-144.8857431833626,-170.1379291432356
928,ksqexp,2,2.5,1.5,0.05,-325.99171352880717,-390.53304962350273
929,ksqexp,2,2.5,1.5,0.01,-4279.281858858271,-4712.111360079934
930,ksqexp,2,2.5,1.5,0,-14201.795302192333,-14229.257577876624
931,ksqexp,2,3,0.5,0.5,-43.48625367227898,-48.57345062659764
932,ksqexp,2,3,0.5,0.1,-157.30018961341293,-187.8164000918562
933,ksqexp,2,3,0.5,0.05,-345.61465797357096,-422.28429240274625
934,ksqexp,2,3,0.5,0.01,-3576.6204620080753,-4328.1592095290835
935,ksqexp,2,3,0.5,0,-10930.547262688266,-12192.862867135731
936,ksqexp,2,3,1,0.5,-42.34566732307957,-47.5457781814429
937,ksqexp,2,3,1,0.1,-121.97320384422085,-148.59633648431634
938,ksqexp,2,3,1,0.05,-272.2233657093163,-341.50542520793977
939,ksqexp,2,3,1,0.01,-2704.5334719782813,-3189.345652208094
940,ksqexp,2,3,1,0,-5465.048372709069,-6100.553196888466
941,ksqexp,2,3,1.5,0.5,-42.78655384244999,-48.03439418008305
942,ksqexp,2,3,1.5,0.1,-107.18347776973322,-132.5051139669996
943,ksqexp,2,3,1.5,0.05,-245.29452868945995,-310.9547820133795
944,ksqexp,2,3,1.5,0.01,-2176.7278703501265,-2533.81084478332
945,ksqexp,2,3,1.5,0,-3646.3548741670716,-4072.9227709749393
946,ksqexp,2,3.5,0.5,0.5,-42.60142371455798,-47.63276626125461
947,ksqexp,2,3.5,0.5,0.1,-125.88264921759021,-153.24547851441247
948,ksqexp,2,3.5,0.5,0.05,-272.57184278437535,-342.3429759776578
949,ksqexp,2,3.5,0.5,0.01,-2082.9892466241736,-2630.6189960887255
950,ksqexp,2,3.5,0.5,0,-3701.6261938091775,-4516.350628977047
951,ksqexp,2,3.5,1,0.5,-41.28944676449509,-46.38187280224773
952,ksqexp,2,3.5,1,0.1,-97.96938326749323,-122.47187485788155
953,ksqexp,2,3.5,1,0.05,-216.81806746960459,-280.64249796641445
954,ksqexp,2,3.5,1,0.01,-1332.999396156974,-1665.285679070896
955,ksqexp,2,3.5,1,0,-1852.1126574826942,-2263.969180335732
956,ksqexp,2,3.5,1.5,0.5,-41.689831758916746,-46.825059229993244
957,ksqexp,2,3.5,1.5,0.1,-87.3257425380038,-110.95341157056693
958,ksqexp,2,3.5,1.5,0.05,-195.33041885423486,-255.4726599987851
959,ksqexp,2,3.5,1.5,0.01,-984.2507147979067,-1224.0686111565014
960,ksqexp,2,3.5,1.5,0,-1238.7476310300583,-1516.314849342662
961,ksqexp,2,4,0.5,0.5,-41.70138759645208,-46.601857142235
962,ksqexp,2,4,0.5,0.1,-106.40793188956806,-130.66340418712008
963,ksqexp,2,4,0.5,0.05,-224.88518997046782,-287.20180117100216
964,ksqexp,2,4,0.5,0.01,-1169.3012673517821,-1533.6341264913776
965,ksqexp,2,4,0.5,0,-1590.3742063753139,-2060.41762111114
966,ksqexp,2,4,1,0.5,-40.32924878894472,-45.24056877725485
967,ksqexp,2,4,1,0.1,-83.21990455334752,-105.57970200243803
968,ksqexp,2,4,1,0.05,-175.9207124675082,-232.4973003425698
969,ksqexp,2,4,1,0.01,-675.5015446836662,-885.3986933838785
970,ksqexp,2,4,1,0,-797.5539687413315,-1037.2269637084748
971,ksqexp,2,4,1.5,0.5,-40.789112918836814,-45.74946119172769
972,ksqexp,2,4,1.5,0.1,-74.85867740124583,-96.68615273980662
973,ksqexp,2,4,1.5,0.05,-155.35157406669722,-207.67119739132195
974,ksqexp,2,4,1.5,0.01,-479.177313728578,-628.2428395601331
975,ksqexp,2,4,1.5,0,-536.4200444116092,-699.3028993044817
976,ksqexp,2,6,0.5,0.5,-39.43780159093267,-43.65470954784869
977,ksqexp,2,6,0.5,0.1,-70.96133564080944,-88.23416410488463
978,ksqexp,2,6,0.5,0.05,-119.41210919873345,-158.08950115801363
979,ksqexp,2,6,0.5,0.01,-215.0666655185995,-301.4603591231666
980,ksqexp,2,6,0.5,0,-225.45789125501165,-316.7579767080351
981,ksqexp,2,6,1,0.5,-38.511714781511515,-42.78182631438863
982,ksqexp,2,6,1,0.1,-54.37057506448466,-71.25304359726927
983,ksqexp,2,6,1,0.05,-80.74320261792452,-112.22743831075229
984,ksqexp,2,6,1,0.01,-114.96182428212985,-164.44411483094837
985,ksqexp,2,6,1,0,-117.57837587535462,-168.3445297059879
986,ksqexp,2,6,1.5,0.5,-39.3581988192218,-43.81882547083773
987,ksqexp,2,6,1.5,0.1,-48.92489856288836,-65.47915095208245
988,ksqexp,2,6,1.5,0.05,-66.09139476559274,-93.15871570349461
989,ksqexp,2,6,1.5,0.01,-83.61132459166016,-120.27977944692904
990,ksqexp,2,6,1.5,0,-84.7580262654446,-122.0128695496325
991,ksqexp,2,8,0.5,0.5,-38.61970408431342,-42.35024137494453
992,ksqexp,2,8,0.5,0.1,-54.48974672754153,-68.03066450483732
993,ksqexp,2,8,0.5,0.05,-70.61283614844201,-94.09312516035389
994,ksqexp,2,8,0.5,0.01,-84.65120955189077,-118.21778479017935
995,ksqexp,2,8,0.5,0,-85.56016426020535,-119.74743098506714
996,ksqexp,2,8,1,0.5,-38.0947416184124,-42.04767531909767
997,ksqexp,2,8,1,0.1,-40.49154510061223,-53.827591822352716
998,ksqexp,2,8,1,0.05,-45.56129684016285,-64.34868897425085
999,ksqexp,2,8,1,0.01,-48.90650797734382,-71.20482929182023
1000,ksqexp,2,8,1,0,-49.088779227461316,-71.56765419562652
1001,ksqexp,2,8,1.5,0.5,-39.13614988947725,-43.4156299898617
1002,ksqexp,2,8,1.5,0.1,-36.84166607113025,-49.88239436761757
1003,ksqexp,2,8,1.5,0.05,-38.836317314948815,-55.430886326501515
1004,ksqexp,2,8,1.5,0.01,-40.01110916577521,-58.495927704111104
1005,ksqexp,2,8,1.5,0,-40.071139744550464,-58.647217459892104
1006,ksqexp,2,10,0.5,0.5,-38.28741791916969,-41.695295039401735
1007,ksqexp,2,10,0.5,0.1,-44.36841175484423,-55.3157174872807
1008,ksqexp,2,10,0.5,0.05,-48.484638364977975,-64.08936988710876
1009,ksqexp,2,10,0.5,0.01,-50.44917659415103,-68.98109487452194
1010,ksqexp,2,10,0.5,0,-50.55012308262521,-69.21341141283747
1011,ksqexp,2,10,1,0.5,-37.990826014185686,-41.768010996668615
1012,ksqexp,2,10,1,0.1,-33.16071527048256,-44.24131766660463
1013,ksqexp,2,10,1,0.05,-32.90959997289375,-46.50760736069094
1014,ksqexp,2,10,1,0.01,-32.64468503825399,-47.464743515239434
1015,ksqexp,2,10,1,0,-32.629594318926436,-47.5054516877505
1016,ksqexp,2,10,1.5,0.5,-39.13325117244205,-43.333429046111696
1017,ksqexp,2,10,1.5,0.1,-31.308576016997606,-42.38726078720508
1018,ksqexp,2,10,1.5,0.05,-30.327396792679522,-43.13482820262019
1019,ksqexp,2,10,1.5,0.01,-29.820392827577496,-43.398649353669164
1020,ksqexp,2,10,1.5,0,-29.795573593317645,-43.40895397497183
1021,ksqexp,2,25,0.5,0.5,-38.66501612476636,-41.77314164988251
1022,ksqexp,2,25,0.5,0.1,-33.261880209254905,-41.601923182790415
1023,ksqexp,2,25,0.5,0.05,-31.735784829092115,-41.65053084550395
1024,ksqexp,2,25,0.5,0.01,-31.749499464265284,-41.84538414627804
1025,ksqexp,2,25,0.5,0,-31.81753262273108,-41.871028148505935
1026,ksqexp,2,25,1,0.5,-38.783021381249355,-42.55616221465521
1027,ksqexp,2,25,1,0.1,-28.36440078845818,-37.701235832448326
1028,ksqexp,2,25,1,0.05,-26.77386255838615,-37.24450444858685
1029,ksqexp,2,25,1,0.01,-26.27597784274718,-37.10393922601816
1030,ksqexp,2,25,1,0,-26.262220648168206,-37.09982616472761
1031,ksqexp,2,25,1.5,0.5,-40.22901437791569,-44.59145789586441
1032,ksqexp,2,25,1.5,0.1,-29.4507791842511,-39.274338301732875
1033,ksqexp,2,25,1.5,0.05,-28.070120927424565,-38.817331812300765
1034,ksqexp,2,25,1.5,0.01,-27.57006614534324,-38.655505849529234
1035,ksqexp,2,25,1.5,0,-27.549938852342535,-38.64891436597692
1036,ksqexp,2,50,0.5,0.5,-40.070762221412714,-43.367582034667834
1037,ksqexp,2,50,0.5,0.1,-34.52029926963309,-43.219823621672866
1038,ksqexp,2,50,0.5,0.05,-32.85386837872209,-43.128483780955364
1039,ksqexp,2,50,0.5,0.01,-32.82159017152693,-43.27618028314163
1040,ksqexp,2,50,0.5,0,-32.88840945629824,-43.30026858297918
1041,ksqexp,2,50,1,0.5,-40.125564355970496,-44.09865553373324
1042,ksqexp,2,50,1,0.1,-29.983865231026943,-39.593185900935424
1043,ksqexp,2,50,1,0.05,-28.389705758855523,-39.13301331009009
1044,ksqexp,2,50,1,0.01,-27.893685442855496,-38.993147862773384
1045,ksqexp,2,50,1,0,-27.88015620223007,-38.9891533204476
1046,ksqexp,2,50,1.5,0.5,-41.62682885711258,-46.189347342542575
1047,ksqexp,2,50,1.5,0.1,-31.22909127582577,-41.29638375060832
1048,ksqexp,2,50,1.5,0.05,-29.863393404656552,-40.85391764970404
1049,ksqexp,2,50,1.5,0.01,-29.37001957880395,-40.69791846945835
1050,ksqexp,2,50,1.5,0,-29.350227313239625,-40.691603762116515
1051,ksqexp,2.25,0.2,0.5,0.5,-71.56835295938316,-78.02735917951895
1052,ksqexp,2.25,0.2,0.5,0.1,-1245.9320836888294,-1353.334848334995
1053,ksqexp,2.25,0.2,0.5,0.05,-4235.909997052086,-4437.931718347453
1054,ksqexp,2.25,0.2,0.5,0.01,-65234.15173976761,-66351.08892748623
1055,ksqexp,2.25,0.2,0.5,0,-859242978818.3112,-858646489538.2253
1056,ksqexp,2.25,0.2,1,0.5,-71.96311151518164,-78.8417211014135
1057,ksqexp,2.25,0.2,1,0.1,-1145.1415136410922,-1221.8084912835604
1058,ksqexp,2.25,0.2,1,0.05,-3817.1697998259215,-3954.8607868667805
1059,ksqexp,2.25,0.2,1,0.01,-59937.99626905192,-60926.37566452774
1060,ksqexp,2.25,0.2,1,0,-846121069419.7664,-842643792028.8206
1061,ksqexp,2.25,0.2,1.5,0.5,-72.22532823869705,-79.1722619252152
1062,ksqexp,2.25,0.2,1.5,0.1,-1082.6703024177373,-1143.6899708252975
1063,ksqexp,2.25,0.2,1.5,0.05,-3580.8827770993075,-3694.2117342086344
1064,ksqexp,2.25,0.2,1.5,0.01,-57464.19377603059,-58399.50287099432
1065,ksqexp,2.25,0.2,1.5,0,-817866544155.4293,-812246774934.056
1066,ksqexp,2.25,0.5,0.5,0.5,-66.34063835637305,-72.48893816128742
1067,ksqexp,2.25,0.5,0.5,0.1,-768.5587566337495,-842.6863643804725
1068,ksqexp,2.25,0.5,0.5,0.05,-2675.898765232786,-2746.0532925825123
1069,ksqexp,2.25,0.5,0.5,0.01,-46718.7868882215,-42907.754676791985
1070,ksqexp,2.25,0.5,0.5,0,-10068491838.871624,-10745353013.171389
1071,ksqexp,2.25,0.5,1,0.5,-63.51884968035673,-70.12984026760802
1072,ksqexp,2.25,0.5,1,0.1,-705.9517600898956,-749.6818590298203
1073,ksqexp,2.25,0.5,1,0.05,-2485.236771124581,-2480.840208368
1074,ksqexp,2.25,0.5,1,0.01,-41313.20394911833,-37965.21555425186
1075,ksqexp,2.25,0.5,1,0,-5064683664.035915,-5404267674.366125
1076,ksqexp,2.25,0.5,1.5,0.5,-61.594848249837106,-68.24008379615722
1077,ksqexp,2.25,0.5,1.5,0.1,-674.9459072509222,-703.6023876167268
1078,ksqexp,2.25,0.5,1.5,0.05,-2383.3852704583405,-2342.1402617742638
1079,ksqexp,2.25,0.5,1.5,0.01,-38422.80290379304,-35384.409670113564
1080,ksqexp,2.25,0.5,1.5,0,-3383276378.6843615,-3609923069.8752217
1081,ksqexp,2.25,1,0.5,0.5,-53.64282134506285,-59.15125487589869
1082,ksqexp,2.25,1,0.5,0.1,-482.44271578258946,-522.220626058619
1083,ksqexp,2.25,1,0.5,0.05,-1816.242586106004,-1791.2828562966038
1084,ksqexp,2.25,1,0.5,0.01,-36317.45175803317,-30922.882938761082
1085,ksqexp,2.25,1,0.5,0,-45372913.31025291,-45057472.54676447
1086,ksqexp,2.25,1,1,0.5,-50.37807888202147,-56.116981719353625
1087,ksqexp,2.25,1,1,0.1,-460.2781367764815,-476.7616967312796
1088,ksqexp,2.25,1,1,0.05,-1761.5546960455692,-1679.9926482344213
1089,ksqexp,2.25,1,1,0.01,-34952.61782603255,-28005.25581482452
1090,ksqexp,2.25,1,1,0,-22687084.457576744,-22529349.99023569
1091,ksqexp,2.25,1,1.5,0.5,-49.099851777517316,-54.757176319131815
1092,ksqexp,2.25,1,1.5,0.1,-452.7508791492572,-457.16229616699525
1093,ksqexp,2.25,1,1.5,0.05,-1722.433228884498,-1619.0476870924842
1094,ksqexp,2.25,1,1.5,0.01,-33964.045350922526,-26294.7415242058
1095,ksqexp,2.25,1,1.5,0,-15124851.401638418,-15019694.124926817
1096,ksqexp,2.25,1.5,0.5,0.5,-48.457289064716655,-53.87198219959323
1097,ksqexp,2.25,1.5,0.5,0.1,-392.26373858358096,-424.1219784358711
1098,ksqexp,2.25,1.5,0.5,0.05,-1521.4399468463855,-1522.5422446425898
1099,ksqexp,2.25,1.5,0.5,0.01,-21507.811982262734,-19561.494783448346
1100,ksqexp,2.25,1.5,0.5,0,-4279101.453359334,-3453703.1564731947
1101,ksqexp,2.25,1.5,1,0.5,-45.75976967661739,-51.49570172172451
1102,ksqexp,2.25,1.5,1,0.1,-389.4235941930451,-404.95313728486104
1103,ksqexp,2.25,1.5,1,0.05,-1415.889990007362,-1386.2714716730227
1104,ksqexp,2.25,1.5,1,0.01,-17054.71854586174,-15544.463413717953
1105,ksqexp,2.25,1.5,1,0,-2139535.8519966933,-1726840.3812806865
1106,ksqexp,2.25,1.5,1.5,0.5,-45.08934900731484,-50.804634742825996
1107,ksqexp,2.25,1.5,1.5,0.1,-385.9804354200654,-394.32924404812326
1108,ksqexp,2.25,1.5,1.5,0.05,-1335.3018529800681,-1292.569381429224
1109,ksqexp,2.25,1.5,1.5,0.01,-14601.716546021662,-13440.554110840687
1110,ksqexp,2.25,1.5,1.5,0,-1426348.1303035098,-1151220.922922915
1111,ksqexp,2.25,2,0.5,0.5,-46.13208347254856,-51.53156349065657
1112,ksqexp,2.25,2,0.5,0.1,-336.9233971253446,-370.97805831418844
1113,ksqexp,2.25,2,0.5,0.05,-1076.2514907395432,-1134.8809938950826
1114,ksqexp,2.25,2,0.5,0.01,-9016.37208486864,-10006.792883306605
1115,ksqexp,2.25,2,0.5,0,-695307.547138019,-584932.0684525502
1116,ksqexp,2.25,2,1,0.5,-44.10372456519037,-49.77578288598525
1117,ksqexp,2.25,2,1,0.1,-309.3894967732847,-333.43631664520916
1118,ksqexp,2.25,2,1,0.05,-886.7400720907222,-940.9277743975732
1119,ksqexp,2.25,2,1,0.01,-7496.612376684136,-8388.924827063891
1120,ksqexp,2.25,2,1,0,-347641.17824089545,-292458.5271534137
1121,ksqexp,2.25,2,1.5,0.5,-44.04102891861307,-49.72134425855798
1122,ksqexp,2.25,2,1.5,0.1,-289.48700047643314,-310.1448599244426
1123,ksqexp,2.25,2,1.5,0.05,-775.6663408068357,-830.3458871462672
1124,ksqexp,2.25,2,1.5,0.01,-6962.3979464878375,-7761.274093441225
1125,ksqexp,2.25,2,1.5,0,-231755.46481632275,-194970.4389328644
1126,ksqexp,2.25,2.5,0.5,0.5,-45.064595886171155,-50.417723169861326
1127,ksqexp,2.25,2.5,0.5,0.1,-261.4210939905369,-298.40855906057277
1128,ksqexp,2.25,2.5,0.5,0.05,-674.2616216694619,-769.0362798128277
1129,ksqexp,2.25,2.5,0.5,0.01,-6002.119284719746,-7321.254501236183
1130,ksqexp,2.25,2.5,0.5,0,-126742.89045495991,-119798.34334684027
1131,ksqexp,2.25,2.5,1,0.5,-43.4747477707901,-49.07043986370242
1132,ksqexp,2.25,2.5,1,0.1,-217.6377200830707,-248.6050285246645
1133,ksqexp,2.25,2.5,1,0.05,-508.8830833545766,-598.0231279988429
1134,ksqexp,2.25,2.5,1,0.01,-5562.0664876009805,-6599.702694624747
1135,ksqexp,2.25,2.5,1,0,-63363.56657447873,-59896.39971633789
1136,ksqexp,2.25,2.5,1.5,0.5,-43.663325893906546,-49.31830347607033
1137,ksqexp,2.25,2.5,1.5,0.1,-192.72049193203824,-222.2193697612725
1138,ksqexp,2.25,2.5,1.5,0.05,-432.8475850060264,-518.0007803360705
1139,ksqexp,2.25,2.5,1.5,0.01,-5363.328422527575,-6199.169378480787
1140,ksqexp,2.25,2.5,1.5,0,-42240.262328019206,-39932.222597493776
1141,ksqexp,2.25,3,0.5,0.5,-44.353735149692305,-49.687160180218925
1142,ksqexp,2.25,3,0.5,0.1,-198.02229415593112,-234.17865265724254
1143,ksqexp,2.25,3,0.5,0.05,-459.21801238288083,-554.3996314583709
1144,ksqexp,2.25,3,0.5,0.01,-4622.829438230201,-5833.088044488024
1145,ksqexp,2.25,3,0.5,0,-28508.67048053734,-30822.7752146869
1146,ksqexp,2.25,3,1,0.5,-42.82516554179972,-48.378456378757924
1147,ksqexp,2.25,3,1,0.1,-156.24102209058705,-187.85727756130527
1148,ksqexp,2.25,3,1,0.05,-347.43019085025725,-434.73647351300355
1149,ksqexp,2.25,3,1,0.01,-3981.3953554631125,-4856.571003022011
1150,ksqexp,2.25,3,1,0,-14249.486102635863,-15411.756722360866
1151,ksqexp,2.25,3,1.5,0.5,-42.989902676040025,-48.63010076626189
1152,ksqexp,2.25,3,1.5,0.1,-136.03596490121149,-166.34130120427665
1153,ksqexp,2.25,3,1.5,0.05,-302.309858359054,-385.5653758709119
1154,ksqexp,2.25,3,1.5,0.01,-3519.1930448515413,-4196.901584090013
1155,ksqexp,2.25,3,1.5,0,-9499.56398105406,-10277.889900615733
1156,ksqexp,2.25,3.5,0.5,0.5,-43.63009553340356,-48.932010289943804
1157,ksqexp,2.25,3.5,0.5,0.1,-156.5728733556166,-189.0496545683795
1158,ksqexp,2.25,3.5,0.5,0.05,-350.92396040188385,-436.1689234455891
1159,ksqexp,2.25,3.5,0.5,0.01,-3125.5815985069007,-4065.2440255984275
1160,ksqexp,2.25,3.5,0.5,0,-8368.293354322734,-10176.057562069731
1161,ksqexp,2.25,3.5,1,0.5,-41.96432725776973,-47.43744919775201
1162,ksqexp,2.25,3.5,1,0.1,-121.68984615916557,-150.71332879640244
1163,ksqexp,2.25,3.5,1,0.05,-270.1178973631221,-349.2757841911081
1164,ksqexp,2.25,3.5,1,0.01,-2267.123038718205,-2894.831262570814
1165,ksqexp,2.25,3.5,1,0,-4181.203819665492,-5090.495315596246
1166,ksqexp,2.25,3.5,1.5,0.5,-42.04352024248793,-47.600367566598365
1167,ksqexp,2.25,3.5,1.5,0.1,-106.47083923510088,-134.50957443844243
1168,ksqexp,2.25,3.5,1.5,0.05,-238.43207516272108,-314.43256953151524
1169,ksqexp,2.25,3.5,1.5,0.01,-1785.721020377237,-2257.162318051646
1170,ksqexp,2.25,3.5,1.5,0,-2788.6467814684047,-3398.447371746046
1171,ksqexp,2.25,4,0.5,0.5,-42.82477048574819,-48.03709838888152
1172,ksqexp,2.25,4,0.5,0.1,-130.34083989686627,-158.5986670220554
1173,ksqexp,2.25,4,0.5,0.05,-286.0569594822586,-360.903384096724
1174,ksqexp,2.25,4,0.5,0.01,-1891.7942024105414,-2540.4062756695243
1175,ksqexp,2.25,4,0.5,0,-3210.7552107484507,-4213.365330796267
1176,ksqexp,2.25,4,1,0.5,-41.0210681356037,-46.33885646511418
1177,ksqexp,2.25,4,1,0.1,-101.00167140498614,-126.99668838977658
1178,ksqexp,2.25,4,1,0.05,-220.05136297759776,-290.2594983067684
1179,ksqexp,2.25,4,1,0.01,-1184.9034894519173,-1584.795564170686
1180,ksqexp,2.25,4,1,0,-1603.7100866456947,-2110.629462355492
1181,ksqexp,2.25,4,1.5,0.5,-41.08166574044762,-46.474064856512946
1182,ksqexp,2.25,4,1.5,0.1,-88.98623397032128,-114.46107513243196
1183,ksqexp,2.25,4,1.5,0.05,-193.14619195666043,-260.221458387063
1184,ksqexp,2.25,4,1.5,0.01,-866.781856065647,-1157.3556082320918
1185,ksqexp,2.25,4,1.5,0,-1071.1678649264545,-1412.8569919246377
1186,ksqexp,2.25,6,0.5,0.5,-40.2234813785145,-44.73935484175016
1187,ksqexp,2.25,6,0.5,0.1,-83.79247409570581,-102.11078093496205
1188,ksqexp,2.25,6,0.5,0.05,-152.52675059520152,-199.3385399100866
1189,ksqexp,2.25,6,0.5,0.01,-324.52515492486583,-470.32866243150426
1190,ksqexp,2.25,6,0.5,0,-349.1916900398011,-509.1248592306216
1191,ksqexp,2.25,6,1,0.5,-38.66099231244392,-43.22224266686318
1192,ksqexp,2.25,6,1,0.1,-62.88243727329759,-81.65304729076418
1193,ksqexp,2.25,6,1,0.05,-102.80892452396317,-143.92563749402288
1194,ksqexp,2.25,6,1,0.01,-169.38305504207602,-251.80697528534796
1195,ksqexp,2.25,6,1,0,-175.7297399638237,-261.89392501133
1196,ksqexp,2.25,6,1.5,0.5,-39.063462961697454,-43.80256524965416
1197,ksqexp,2.25,6,1.5,0.1,-55.11865753201904,-74.10260438312238
1198,ksqexp,2.25,6,1.5,0.05,-82.49027884502749,-119.09520205907798
1199,ksqexp,2.25,6,1.5,0.01,-118.23953247638212,-178.1020597329406
1200,ksqexp,2.25,6,1.5,0,-121.04857877005429,-182.62310241965594
1201,ksqexp,2.25,8,0.5,0.5,-39.12718153807566,-43.08062238100216
1202,ksqexp,2.25,8,0.5,0.1,-64.19658062444287,-78.37194767466289
1203,ksqexp,2.25,8,0.5,0.05,-90.48360432023702,-120.5093356608122
1204,ksqexp,2.25,8,0.5,0.01,-116.1962276118647,-170.01188466479817
1205,ksqexp,2.25,8,0.5,0,-117.89960854264967,-173.586844992876
1206,ksqexp,2.25,8,1,0.5,-38.01274679693365,-42.1624658472365
1207,ksqexp,2.25,8,1,0.1,-45.71622999210577,-60.84911515887674
1208,ksqexp,2.25,8,1,0.05,-55.08430398126882,-80.11708008951143
1209,ksqexp,2.25,8,1,0.01,-61.399505335816166,-95.20673443963913
1210,ksqexp,2.25,8,1,0,-61.728171736904066,-96.06609352662765
1211,ksqexp,2.25,8,1.5,0.5,-38.65517401188325,-43.12843018077676
1212,ksqexp,2.25,8,1.5,0.1,-39.7040882594014,-55.00061279903233
1213,ksqexp,2.25,8,1.5,0.05,-43.83029417710843,-65.9935931077538
1214,ksqexp,2.25,8,1.5,0.01,-46.04336531591978,-73.0027903060527
1215,ksqexp,2.25,8,1.5,0,-46.14384832849749,-73.36533189616155
1216,ksqexp,2.25,10,0.5,0.5,-38.65030963934749,-42.21409150235971
1217,ksqexp,2.25,10,0.5,0.1,-52.00268740254028,-63.30812537389206
1218,ksqexp,2.25,10,0.5,0.05,-59.894130668840255,-79.51220496045875
1219,ksqexp,2.25,10,0.5,0.01,-63.04608698850543,-90.15443268881162
1220,ksqexp,2.25,10,0.5,0,-63.10252903811068,-90.64120006956807
1221,ksqexp,2.25,10,1,0.5,-37.826626321888234,-41.74195282885126
1222,ksqexp,2.25,10,1,0.1,-36.02636045676735,-48.5343683666784
1223,ksqexp,2.25,10,1,0.05,-36.343029642648325,-53.61158991082718
1224,ksqexp,2.25,10,1,0.01,-35.63261579824576,-55.90752748474218
1225,ksqexp,2.25,10,1,0,-35.56050185173103,-55.993817002232205
1226,ksqexp,2.25,10,1.5,0.5,-38.597220150565356,-42.947041064356334
1227,ksqexp,2.25,10,1.5,0.1,-31.920336317626745,-44.75319921420111
1228,ksqexp,2.25,10,1.5,0.05,-30.69699268911262,-46.83434136803191
1229,ksqexp,2.25,10,1.5,0.01,-29.58993321881843,-47.56153382692415
1230,ksqexp,2.25,10,1.5,0,-29.519314985085515,-47.58417817501784
1231,ksqexp,2.25,25,0.5,0.5,-38.77642796600948,-41.77060945250034
1232,ksqexp,2.25,25,0.5,0.1,-37.456824445913554,-44.34121222713007
1233,ksqexp,2.25,25,0.5,0.05,-35.21939645158889,-44.784755777459544
1234,ksqexp,2.25,25,0.5,0.01,-34.07669443051143,-45.01753537408988
1235,ksqexp,2.25,25,0.5,0,-34.1473026730806,-45.057938282068484
1236,ksqexp,2.25,25,1,0.5,-38.545285881868125,-42.302441577188134
1237,ksqexp,2.25,25,1,0.1,-28.57733151946826,-38.04652563701879
1238,ksqexp,2.25,25,1,0.05,-25.970709383840344,-37.47616164971108
1239,ksqexp,2.25,25,1,0.01,-24.745390089813572,-37.21757994878376
1240,ksqexp,2.25,25,1,0,-24.703677803988356,-37.208895670173895
1241,ksqexp,2.25,25,1.5,0.5,-39.66877921662936,-44.10680226790862
1242,ksqexp,2.25,25,1.5,0.1,-28.098929714356252,-38.67100692678944
1243,ksqexp,2.25,25,1.5,0.05,-25.801110776605455,-38.02868754670056
1244,ksqexp,2.25,25,1.5,0.01,-24.741336623502498,-37.74451521158092
1245,ksqexp,2.25,25,1.5,0,-24.695291709827064,-37.73203699532466
1246,ksqexp,2.25,50,0.5,0.5,-40.089051336859484,-43.29942525380884
1247,ksqexp,2.25,50,0.5,0.1,-38.45665318674037,-45.64995050063619
1248,ksqexp,2.25,50,0.5,0.05,-35.962481738323135,-45.85005543508247
1249,ksqexp,2.25,50,0.5,0.01,-34.70953085268636,-46.00326478746884
1250,ksqexp,2.25,50,0.5,0,-34.78012099536569,-46.043717645153095
1251,ksqexp,2.25,50,1,0.5,-39.85283612539115,-43.85831039540989
1252,ksqexp,2.25,50,1,0.1,-30.15188657911741,-39.93043650058652
1253,ksqexp,2.25,50,1,0.05,-27.512281758384244,-39.3411852381604
1254,ksqexp,2.25,50,1,0.01,-26.284694757008843,-39.08560985720085
1255,ksqexp,2.25,50,1,0,-26.244046429488268,-39.07783378310639
1256,ksqexp,2.25,50,1.5,0.5,-41.067840598192454,-45.766917545796375
1257,ksqexp,2.25,50,1.5,0.1,-29.921228569938762,-40.806081845015115
1258,ksqexp,2.25,50,1.5,0.05,-27.632302924473763,-40.17981663232914
1259,ksqexp,2.25,50,1.5,0.01,-26.583301358700442,-39.90705557997531
1260,ksqexp,2.25,50,1.5,0,-26.538177103068712,-39.89536135820957
1261,ksqexp,2.5,0.2,0.5,0.5,-71.55091282332873,-78.12355906410286
1262,ksqexp,2.5,0.2,0.5,0.1,-1309.3379864655114,-1453.4046991785776
1263,ksqexp,2.5,0.2,0.5,0.05,-4529.11902953591,-4882.024228989382
1264,ksqexp,2.5,0.2,0.5,0.01,-74727.77433789033,-76000.03374826358
1265,ksqexp,2.5,0.2,0.5,0,-830111203152.3065,-834838997161.1263
1266,ksqexp,2.5,0.2,1,0.5,-71.90924743383144,-79.03213051358819
1267,ksqexp,2.5,0.2,1,0.1,-1214.4177480753356,-1334.0684238729868
1268,ksqexp,2.5,0.2,1,0.05,-4140.377762197011,-4376.971952326038
1269,ksqexp,2.5,0.2,1,0.01,-68134.4528659558,-69215.05131603246
1270,ksqexp,2.5,0.2,1,0,-859526014460.4594,-863358528811.1598
1271,ksqexp,2.5,0.2,1.5,0.5,-72.27303220011261,-79.54368068773195
1272,ksqexp,2.5,0.2,1.5,0.1,-1153.389938884238,-1255.5858671841754
1273,ksqexp,2.5,0.2,1.5,0.05,-3935.9857770826657,-4115.020282726271
1274,ksqexp,2.5,0.2,1.5,0.01,-65176.332827780236,-66050.2021007804
1275,ksqexp,2.5,0.2,1.5,0,-864422712969.2252,-867156594859.4418
1276,ksqexp,2.5,0.5,0.5,0.5,-68.01224871959609,-74.4058798686631
1277,ksqexp,2.5,0.5,0.5,0.1,-819.757051319569,-923.6101488887863
1278,ksqexp,2.5,0.5,0.5,0.05,-2900.5302384779307,-3065.577581179014
1279,ksqexp,2.5,0.5,0.5,0.01,-57288.20994064415,-53088.58928894152
1280,ksqexp,2.5,0.5,0.5,0,-25472489681.596954,-27462479158.777218
1281,ksqexp,2.5,0.5,1,0.5,-65.57527549666803,-72.6935164697782
1282,ksqexp,2.5,0.5,1,0.1,-753.932400936153,-826.305544631614
1283,ksqexp,2.5,0.5,1,0.05,-2751.8803728921025,-2819.4992328052117
1284,ksqexp,2.5,0.5,1,0.01,-53373.844798135266,-48279.77568518532
1285,ksqexp,2.5,0.5,1,0,-12935657543.87228,-13939040428.819561
1286,ksqexp,2.5,0.5,1.5,0.5,-63.68020362128341,-70.98985843285779
1287,ksqexp,2.5,0.5,1.5,0.1,-725.428073532269,-780.0936985870587
1288,ksqexp,2.5,0.5,1.5,0.05,-2672.77779092035,-2694.1976965267245
1289,ksqexp,2.5,0.5,1.5,0.01,-50688.64552694539,-45518.3545927662
1290,ksqexp,2.5,0.5,1.5,0,-8668995135.9469,-9339793258.216179
1291,ksqexp,2.5,1,0.5,0.5,-55.51647281377051,-61.38230163814683
1292,ksqexp,2.5,1,0.5,0.1,-524.2652317026188,-578.6985527983222
1293,ksqexp,2.5,1,0.5,0.05,-1971.597495048602,-1999.3589002812002
1294,ksqexp,2.5,1,0.5,0.01,-42415.172009193346,-38314.79849936342
1295,ksqexp,2.5,1,0.5,0,-125076850.64187385,-121645641.43158655
1296,ksqexp,2.5,1,1,0.5,-51.803499576106105,-58.07079635468813
1297,ksqexp,2.5,1,1,0.1,-497.62723501011783,-528.8882383351563
1298,ksqexp,2.5,1,1,0.05,-1929.5002911310219,-1884.019617074122
1299,ksqexp,2.5,1,1,0.01,-39971.09736448717,-34885.87122929815
1300,ksqexp,2.5,1,1,0,-62543228.29677868,-60827338.687238276
1301,ksqexp,2.5,1,1.5,0.5,-50.155993767897336,-56.392152538552196
1302,ksqexp,2.5,1,1.5,0.1,-488.46668109731075,-506.9595850218148
1303,ksqexp,2.5,1,1.5,0.05,-1907.767251749508,-1829.3602606702252
1304,ksqexp,2.5,1,1.5,0.01,-39038.49889822138,-33075.16358251554
1305,ksqexp,2.5,1,1.5,0,-41696538.04043747,-40552550.81446149
1306,ksqexp,2.5,1.5,0.5,0.5,-49.977579484316,-55.63762040484105
1307,ksqexp,2.5,1.5,0.5,0.1,-409.94178617938337,-452.0301595829814
1308,ksqexp,2.5,1.5,0.5,0.05,-1672.8799192172253,-1693.5324980132023
1309,ksqexp,2.5,1.5,0.5,0.01,-29467.82215233473,-27402.822831800113
1310,ksqexp,2.5,1.5,0.5,0,-13210928.148334347,-9948462.195422087
1311,ksqexp,2.5,1.5,1,0.5,-46.887106079920194,-53.02769990212767
1312,ksqexp,2.5,1.5,1,0.1,-409.5589261474983,-432.6317260618099
1313,ksqexp,2.5,1.5,1,0.05,-1645.535760680722,-1626.536608794787
1314,ksqexp,2.5,1.5,1,0.01,-25163.2753604784,-23101.4728866411
1315,ksqexp,2.5,1.5,1,0,-6605482.021367551,-4974239.36897814
1316,ksqexp,2.5,1.5,1.5,0.5,-45.78604766242102,-51.974506847591044
1317,ksqexp,2.5,1.5,1.5,0.1,-413.178691894046,-427.4422724620747
1318,ksqexp,2.5,1.5,1.5,0.05,-1602.48340125629,-1567.372415174776
1319,ksqexp,2.5,1.5,1.5,0.01,-22418.998125523533,-20515.50202391332
1320,ksqexp,2.5,1.5,1.5,0,-4403649.441879313,-3316154.8644137885
1321,ksqexp,2.5,2,0.5,0.5,-47.35945280248742,-53.02008299191486
1322,ksqexp,2.5,2,0.5,0.1,-368.1501758110332,-409.2598716648113
1323,ksqexp,2.5,2,0.5,0.05,-1335.0548954980618,-1399.547472358515
1324,ksqexp,2.5,2,0.5,0.01,-12723.055986421781,-14164.59522505109
1325,ksqexp,2.5,2,0.5,0,-2094972.2284654356,-1644549.0305399378
1326,ksqexp,2.5,2,1,0.5,-44.71267890091082,-50.81465265170162
1327,ksqexp,2.5,2,1,0.1,-355.4979106331421,-383.9453518658606
1328,ksqexp,2.5,2,1,0.05,-1185.461870908173,-1237.8023248152938
1329,ksqexp,2.5,2,1,0.01,-9769.230300509067,-11061.171912339618
1330,ksqexp,2.5,2,1,0,-1047468.0995987757,-822262.0355584864
1331,ksqexp,2.5,2,1.5,0.5,-44.115082501001915,-50.271410443919194
1332,ksqexp,2.5,2,1.5,0.1,-344.6805867418039,-367.9984005783269
1333,ksqexp,2.5,2,1.5,0.05,-1079.4351819769283,-1133.4050911620768
1334,ksqexp,2.5,2,1.5,0.01,-8563.304423321688,-9758.735696170332
1335,ksqexp,2.5,2,1.5,0,-698302.6737249695,-548169.1525435842
1336,ksqexp,2.5,2.5,0.5,0.5,-46.03827675158133,-51.64759893720947
1337,ksqexp,2.5,2.5,0.5,0.1,-305.98168468288554,-349.08237749866504
1338,ksqexp,2.5,2.5,0.5,0.05,-893.2682554114157,-1000.5386443392105
1339,ksqexp,2.5,2.5,0.5,0.01,-6997.151172774263,-8752.245395364274
1340,ksqexp,2.5,2.5,0.5,0,-371943.20489558426,-330935.3457602913
1341,ksqexp,2.5,2.5,1,0.5,-43.87978341645312,-49.862037023633256
1342,ksqexp,2.5,2.5,1,0.1,-267.70847524493547,-303.00236843404554
1343,ksqexp,2.5,2.5,1,0.05,-704.0304763064128,-808.5320218483099
1344,ksqexp,2.5,2.5,1,0.01,-6138.744713472885,-7657.353809500121
1345,ksqexp,2.5,2.5,1,0,-185958.21679525106,-165460.175735618
1346,ksqexp,2.5,2.5,1.5,0.5,-43.658785535427995,-49.72473433759607
1347,ksqexp,2.5,2.5,1.5,0.1,-244.1399365992932,-277.07795913341124
1348,ksqexp,2.5,2.5,1.5,0.05,-600.4018480093976,-704.1272339437445
1349,ksqexp,2.5,2.5,1.5,0.01,-5879.45319639141,-7224.063260436029
1350,ksqexp,2.5,2.5,1.5,0,-123966.34126017333,-110304.91040363886
1351,ksqexp,2.5,3,0.5,0.5,-45.27498164709282,-50.836815061961985
1352,ksqexp,2.5,3,0.5,0.1,-237.9827485004663,-279.9800683992253
1353,ksqexp,2.5,3,0.5,0.05,-596.6010015638901,-708.7445444586655
1354,ksqexp,2.5,3,0.5,0.01,-5431.685081858075,-7081.400327397305
1355,ksqexp,2.5,3,0.5,0,-76757.02582204955,-79443.88547085518
1356,ksqexp,2.5,3,1,0.5,-43.324625101606784,-49.21358854913789
1357,ksqexp,2.5,3,1,0.1,-192.84342523265045,-229.26620404072432
1358,ksqexp,2.5,3,1,0.05,-452.41583003258256,-556.319540475365
1359,ksqexp,2.5,3,1,0.01,-4930.378009935331,-6288.474518450274
1360,ksqexp,2.5,3,1,0,-38368.7487340906,-39718.249025730816
1361,ksqexp,2.5,3,1.5,0.5,-43.19854098787597,-49.198377195282795
1362,ksqexp,2.5,3,1.5,0.1,-169.67431913835586,-204.44640069440547
1363,ksqexp,2.5,3,1.5,0.05,-386.66220623987414,-485.9170778786881
1364,ksqexp,2.5,3,1.5,0.01,-4655.432202014999,-5796.775165237263
1365,ksqexp,2.5,3,1.5,0,-25575.79486230505,-26479.508793220215
1366,ksqexp,2.5,3.5,0.5,0.5,-44.64285706697907,-50.17305455611695
1367,ksqexp,2.5,3.5,0.5,0.1,-187.98935322875678,-225.649775680018
1368,ksqexp,2.5,3.5,0.5,0.05,-443.4733417023346,-543.7284518842844
1369,ksqexp,2.5,3.5,0.5,0.01,-4184.564000791714,-5557.193387036587
1370,ksqexp,2.5,3.5,0.5,0,-19810.706385060897,-23583.501076872042
1371,ksqexp,2.5,3.5,1,0.5,-42.65233875283778,-48.45866856278847
1372,ksqexp,2.5,3.5,1,0.1,-147.47584420620925,-180.9540984207942
1373,ksqexp,2.5,3.5,1,0.05,-339.10633313824087,-431.6055462182434
1374,ksqexp,2.5,3.5,1,0.01,-3408.7029658639667,-4444.50515342901
1375,ksqexp,2.5,3.5,1,0,-9897.913926884718,-11790.64303180673
1376,ksqexp,2.5,3.5,1.5,0.5,-42.46709268748928,-48.38509772037715
1377,ksqexp,2.5,3.5,1.5,0.1,-128.87737312445677,-161.08704200072742
1378,ksqexp,2.5,3.5,1.5,0.05,-294.9975110306623,-383.79334975787356
1379,ksqexp,2.5,3.5,1.5,0.01,-2908.867489911574,-3736.142885533251
1380,ksqexp,2.5,3.5,1.5,0,-6596.789182044384,-7862.829752685531
1381,ksqexp,2.5,4,0.5,0.5,-43.96630749097123,-49.439489828163865
1382,ksqexp,2.5,4,0.5,0.1,-155.44680577362143,-187.7606728637527
1383,ksqexp,2.5,4,0.5,0.05,-356.8913211821166,-443.662908327536
1384,ksqexp,2.5,4,0.5,0.01,-2830.57022415452,-3844.6643452242574
1385,ksqexp,2.5,4,0.5,0,-6690.610509522179,-8755.326839161777
1386,ksqexp,2.5,4,1,0.5,-41.83586411318439,-47.51421385955493
1387,ksqexp,2.5,4,1,0.1,-120.59355564223827,-150.17499961532576
1388,ksqexp,2.5,4,1,0.05,-274.20212918605864,-355.66863749337
1389,ksqexp,2.5,4,1,0.01,-1964.5928472585624,-2655.4792379010423
1390,ksqexp,2.5,4,1,0,-3339.409442982967,-4378.3654189484305
1391,ksqexp,2.5,4,1.5,0.5,-41.58547632720346,-47.358046530438116
1392,ksqexp,2.5,4,1.5,0.1,-105.59669735585497,-134.4865188130279
1393,ksqexp,2.5,4,1.5,0.05,-239.5119454499557,-318.2304212495218
1394,ksqexp,2.5,4,1.5,0.01,-1514.512971727586,-2038.4297866581935
1395,ksqexp,2.5,4,1.5,0,-2225.4818991287525,-2922.5177549564364
1396,ksqexp,2.5,6,0.5,0.5,-41.26272306676732,-46.09035444827994
1397,ksqexp,2.5,6,0.5,0.1,-98.47199005010603,-116.90088740828537
1398,ksqexp,2.5,6,0.5,0.05,-191.50239098090657,-244.45548322733336
1399,ksqexp,2.5,6,0.5,0.01,-490.51887054410076,-722.8035428283794
1400,ksqexp,2.5,6,0.5,0,-548.540223353093,-817.4795139713406
1401,ksqexp,2.5,6,1,0.5,-39.14329160347408,-44.004287478185915
1402,ksqexp,2.5,6,1,0.1,-73.16332413031631,-93.00742831396686
1403,ksqexp,2.5,6,1,0.05,-131.1557334651383,-180.8531563821521
1404,ksqexp,2.5,6,1,0.01,-256.20981485141175,-388.09600480632474
1405,ksqexp,2.5,6,1,0,-271.6145962416713,-413.3757783267463
1406,ksqexp,2.5,6,1.5,0.5,-39.13466252650151,-44.133624415294065
1407,ksqexp,2.5,6,1.5,0.1,-63.192875520655946,-83.81950948411796
1408,ksqexp,2.5,6,1.5,0.05,-105.11664284149573,-151.02528811777876
1409,ksqexp,2.5,6,1.5,0.01,-175.53341436078273,-270.35953961252926
1410,ksqexp,2.5,6,1.5,0,-182.445542655975,-281.8140218513966
1411,ksqexp,2.5,8,0.5,0.5,-39.859015638665134,-44.05401577185696
1412,ksqexp,2.5,8,0.5,0.1,-75.87450808523991,-89.23926144985924
1413,ksqexp,2.5,8,0.5,0.05,-115.00700754982748,-150.3862753126438
1414,ksqexp,2.5,8,0.5,0.01,-162.04909179228778,-243.74296810966487
1415,ksqexp,2.5,8,0.5,0,-165.60839984913733,-251.8423577876127
1416,ksqexp,2.5,8,1,0.5,-38.20096333492119,-42.53613048078229
1417,ksqexp,2.5,8,1,0.1,-52.67396036211107,-68.60840235845349
1418,ksqexp,2.5,8,1,0.05,-68.59460115893295,-99.93767174436456
1419,ksqexp,2.5,8,1,0.01,-81.33807511635499,-130.76477348220772
1420,ksqexp,2.5,8,1,0,-82.02911218666917,-132.73943984527696
1421,ksqexp,2.5,8,1.5,0.5,-38.4790935133486,-43.09732303901835
1422,ksqexp,2.5,8,1.5,0.1,-44.25101783747324,-61.07090428759034
1423,ksqexp,2.5,8,1.5,0.05,-52.23813773878718,-80.359964377475535
1424,ksqexp,2.5,8,1.5,0.01,-57.098689771000906,-95.33692702437502
1425,ksqexp,2.5,8,1.5,0,-57.308838489945124,-96.17795605056703
1426,ksqexp,2.5,10,0.5,0.5,-39.211332873565226,-42.95777959216476
1427,ksqexp,2.5,10,0.5,0.1,-62.33288453108917,-72.51869209295542
1428,ksqexp,2.5,10,0.5,0.05,-76.20973583485134,-99.14053253789334
1429,ksqexp,2.5,10,0.5,0.01,-83.9033310022456,-121.62228377434013
1430,ksqexp,2.5,10,0.5,0,-84.20695727988874,-122.81047540254409
1431,ksqexp,2.5,10,1,0.5,-37.90422100477671,-41.94070372693597
1432,ksqexp,2.5,10,1,0.1,-41.04334248877408,-54.12217666722461
1433,ksqexp,2.5,10,1,0.05,-43.084885964148434,-63.98367820987919
1434,ksqexp,2.5,10,1,0.01,-42.85570161109974,-69.59169850342712
1435,ksqexp,2.5,10,1,0,-42.75778108617382,-69.81884498099046
1436,ksqexp,2.5,10,1.5,0.5,-38.347027785845,-42.78692246545088
1437,ksqexp,2.5,10,1.5,0.1,-34.389852384978546,-48.398757907064414
1438,ksqexp,2.5,10,1.5,0.05,-33.62893919164084,-53.12773966784858
1439,ksqexp,2.5,10,1.5,0.01,-32.20394855765918,-55.22487939580417
1440,ksqexp,2.5,10,1.5,0,-32.08087788304094,-55.29445703477845
1441,ksqexp,2.5,25,0.5,0.5,-39.00051130134944,-41.88368573498597
1442,ksqexp,2.5,25,0.5,0.1,-45.223471001292275,-48.54104307759963
1443,ksqexp,2.5,25,0.5,0.05,-43.62560236753521,-50.100416075187766
1444,ksqexp,2.5,25,0.5,0.01,-41.04362074991344,-50.68630926079929
1445,ksqexp,2.5,25,0.5,0,-41.09548021852255,-50.75313738235267
1446,ksqexp,2.5,25,1,0.5,-38.4982850556589,-42.174392405896185
1447,ksqexp,2.5,25,1,0.1,-31.190215168189223,-39.37795916724972
1448,ksqexp,2.5,25,1,0.05,-27.838823298668,-38.92412092844154
1449,ksqexp,2.5,25,1,0.01,-25.532508367865447,-38.56780167563641
1450,ksqexp,2.5,25,1,0,-25.434854085154722,-38.55126755703846
1451,ksqexp,2.5,25,1.5,0.5,-39.36569230296051,-43.765408658029635
1452,ksqexp,2.5,25,1.5,0.1,-28.578047429564275,-38.81841622668127
1453,ksqexp,2.5,25,1.5,0.05,-25.381508901723485,-38.08359972728788
1454,ksqexp,2.5,25,1.5,0.01,-23.450032310174407,-37.646315953253755
1455,ksqexp,2.5,25,1.5,0,-23.354134235944155,-37.62346647760617
1456,ksqexp,2.5,50,0.5,0.5,-40.23966131616318,-43.33874390962076
1457,ksqexp,2.5,50,0.5,0.1,-46.34424676009597,-49.78926115560161
1458,ksqexp,2.5,50,0.5,0.05,-44.39864649566925,-51.02597407640551
1459,ksqexp,2.5,50,0.5,0.01,-41.46359236259282,-51.45974363852395
1460,ksqexp,2.5,50,0.5,0,-41.50530840807467,-51.52953834787181
1461,ksqexp,2.5,50,1,0.5,-39.78989266021236,-43.74417524257798
1462,ksqexp,2.5,50,1,0.1,-32.90277868839228,-41.376807121493314
1463,ksqexp,2.5,50,1,0.05,-29.462179730884152,-40.889544670865725
1464,ksqexp,2.5,50,1,0.01,-27.094258917210002,-40.53076417806558
1465,ksqexp,2.5,50,1,0,-26.99677621188283,-40.51688461724377
1466,ksqexp,2.5,50,1.5,0.5,-40.777804403297,-45.48707109160868
1467,ksqexp,2.5,50,1.5,0.1,-30.549278709497525,-41.143743400015666
1468,ksqexp,2.5,50,1.5,0.05,-27.33272653983081,-40.42658483399127
1469,ksqexp,2.5,50,1.5,0.01,-25.39480921780378,-40.006397748315585
1470,ksqexp,2.5,50,1.5,0,-25.300087675081695,-39.98548890270758
1471,kexp,1,0.2,0.5,0.5,-56.55460525223625,-58.0874199663604
1472,kexp,1,0.2,0.5,0.1,-120.8918621821096,-123.55388804827429
1473,kexp,1,0.2,0.5,0.05,-147.4409980677194,-150.11806328907807
1474,kexp,1,0.2,0.5,0.01,-169.94953634122825,-172.62833422294383
1475,kexp,1,0.2,0.5,0,-171.35012121252703,-174.02896735142227
1476,kexp,1,0.2,1,0.5,-53.75522988008252,-54.82270959965267
1477,kexp,1,0.2,1,0.1,-81.33547623044184,-82.72088878681241
1478,kexp,1,0.2,1,0.05,-91.86460856859205,-93.25291850834682
1479,kexp,1,0.2,1,0.01,-98.43771752779459,-99.82656419763912
1480,kexp,1,0.2,1,0,-98.78173424652931,-100.1706011665706
1481,kexp,1,0.2,1.5,0.5,-53.10732587842888,-53.921842893534574
1482,kexp,1,0.2,1.5,0.1,-68.84818584264774,-69.80541341385882
1483,kexp,1,0.2,1.5,0.05,-74.5370520904572,-75.49559791844925
1484,kexp,1,0.2,1.5,0.01,-77.58263389285821,-78.54149509457172
1485,kexp,1,0.2,1.5,0,-77.73176078548686,-78.69063463257685
1486,kexp,1,0.5,0.5,0.5,-49.35107057916175,-50.97478936859124
1487,kexp,1,0.5,0.5,0.1,-69.4179430401318,-72.66910316625531
1488,kexp,1,0.5,0.5,0.05,-76.81279592570696,-80.15172903060501
1489,kexp,1,0.5,0.5,0.01,-81.03724255787948,-84.40627386939516
1490,kexp,1,0.5,0.5,0,-81.24981194444851,-84.62013294805489
1491,kexp,1,0.5,1,0.5,-48.301905017558994,-49.49730266115979
1492,kexp,1,0.5,1,0.1,-54.58699863530916,-56.333866005975864
1493,kexp,1,0.5,1,0.05,-56.89357075624745,-58.66439295091547
1494,kexp,1,0.5,1,0.01,-57.95594799634112,-59.73478013086201
1495,kexp,1,0.5,1,0,-58.005126510275325,-59.784297319679624
1496,kexp,1,0.5,1.5,0.5,-49.361708289519754,-50.31223166292677
1497,kexp,1,0.5,1.5,0.1,-51.875705351739285,-53.10924120087882
1498,kexp,1,0.5,1.5,0.05,-52.93094555589536,-54.17582755116983
1499,kexp,1,0.5,1.5,0.01,-53.376358485421655,-54.62498821289453
1500,kexp,1,0.5,1.5,0,-53.39638689454822,-54.645174305883806
1501,kexp,1,1,0.5,0.5,-45.46183110987611,-47.13176401366937
1502,kexp,1,1,0.5,0.1,-51.7139653638412,-55.19723192218198
1503,kexp,1,1,0.5,0.05,-53.90757761548826,-57.50541015527485
1504,kexp,1,1,0.5,0.01,-54.916919217112685,-58.55453526276828
1505,kexp,1,1,0.5,0,-54.96364276098186,-58.60295916991879
1506,kexp,1,1,1,0.5,-45.916723317605246,-47.18850808690253
1507,kexp,1,1,1,0.1,-46.07443745828008,-47.99695887753026
1508,kexp,1,1,1,0.05,-46.581778131559226,-48.53633725954264
1509,kexp,1,1,1,0.01,-46.78916002252308,-48.754437760272886
1510,kexp,1,1,1,0,-46.7983824339786,-48.76411244862547
1511,kexp,1,1,1.5,0.5,-48.01598735298882,-49.05521327894216
1512,kexp,1,1,1.5,0.1,-46.975198809120016,-48.36240313634185
1513,kexp,1,1,1.5,0.05,-47.14513473971948,-48.54771858927248
1514,kexp,1,1,1.5,0.01,-47.213119723709525,-48.62077457914482
1515,kexp,1,1,1.5,0,-47.21611785416828,-48.62398573738336
1516,kexp,1,1.5,0.5,0.5,-44.17846080747675,-45.88467875667543
1517,kexp,1,1.5,0.5,0.1,-46.26119373726172,-49.8377812165069
1518,kexp,1,1.5,0.5,0.05,-47.195330265453656,-50.89210329479747
1519,kexp,1,1.5,0.5,0.01,-47.591301249627264,-51.32941252894666
1520,kexp,1,1.5,0.5,0,-47.60912903470404,-51.34899909816977
1521,kexp,1,1.5,1,0.5,-45.18900994841994,-46.503761246516476
1522,kexp,1,1.5,1,0.1,-43.636992484779505,-45.635555912538834
1523,kexp,1,1.5,1,0.05,-43.77351396048184,-45.80590393956035
1524,kexp,1,1.5,1,0.01,-43.83001170245323,-45.87363977465319
1525,kexp,1,1.5,1,0,-43.83252188883793,-45.87662300640541
1526,kexp,1,1.5,1.5,0.5,-47.658933064310695,-48.74479797910827
1527,kexp,1,1.5,1.5,0.1,-45.70371851073589,-47.16061706366223
1528,kexp,1,1.5,1.5,0.05,-45.70794745151346,-47.181202290212475
1529,kexp,1,1.5,1.5,0.01,-45.712893599071165,-47.19151339215673
1530,kexp,1,1.5,1.5,0,-45.71314170277462,-47.19198650504088
1531,kexp,1,2,0.5,0.5,-43.599237993361086,-45.33202837672728
1532,kexp,1,2,0.5,0.1,-43.785796328157176,-47.40171251599047
1533,kexp,1,2,0.5,0.05,-44.243464637833775,-47.97800532446308
1534,kexp,1,2,0.5,0.01,-44.43092355497151,-48.205821722968906
1535,kexp,1,2,0.5,0,-44.439265638702935,-48.215874284223574
1536,kexp,1,2,1,0.5,-44.88419723478508,-46.22659164824054
1537,kexp,1,2,1,0.1,-42.61644761091945,-44.652019175488974
1538,kexp,1,2,1,0.05,-42.625946988646945,-44.69505409270502
1539,kexp,1,2,1,0.01,-42.6339097507951,-44.714087029794406
1540,kexp,1,2,1,0,-42.63429985382469,-44.71494221389524
1541,kexp,1,2,1.5,0.5,-47.539960713966856,-48.654797666046875
1542,kexp,1,2,1.5,0.1,-45.23560855537382,-46.7290498277889
1543,kexp,1,2,1.5,0.05,-45.187008206714275,-46.69677408474718
1544,kexp,1,2,1.5,0.01,-45.1727145460322,-46.68781150138932
1545,kexp,1,2,1.5,0,-45.17213345476907,-46.68745371968785
1546,kexp,1,2.5,0.5,0.5,-43.290590151471086,-45.03411660925906
1547,kexp,1,2.5,0.5,0.1,-42.46823160961009,-46.07680552256864
1548,kexp,1,2.5,0.5,0.05,-42.70311079404448,-46.42593733270359
1549,kexp,1,2.5,0.5,0.01,-42.79875239654314,-46.56011074634324
1550,kexp,1,2.5,0.5,0,-42.80299392275272,-46.56598082802373
1551,kexp,1,2.5,1,0.5,-44.74804029502753,-46.10325109011852
1552,kexp,1,2.5,1,0.1,-42.132935705960655,-44.17729646456753
1553,kexp,1,2.5,1,0.05,-42.08765891723311,-44.16451676275939
1554,kexp,1,2.5,1,0.01,-42.075373685859304,-44.16290808796617
1555,kexp,1,2.5,1,0,-42.074887526563025,-44.16286986542472
1556,kexp,1,2.5,1.5,0.5,-47.51840266488196,-48.64849205869092
1557,kexp,1,2.5,1.5,0.1,-45.06413750691135,-46.57243825598662
1558,kexp,1,2.5,1.5,0.05,-44.99440579646418,-46.518646834507685
1559,kexp,1,2.5,1.5,0.01,-44.97257816170433,-46.50200846299959
1560,kexp,1,2.5,1.5,0,-44.97167425707548,-46.50132174046578
1561,kexp,1,3,0.5,0.5,-43.10974960391296,-44.85105875202633
1562,kexp,1,3,0.5,0.1,-41.705923173927694,-45.277043036764304
1563,kexp,1,3,0.5,0.05,-41.82287890030344,-45.5031146991768
1564,kexp,1,3,0.5,0.01,-41.87170855802934,-45.588503782860066
1565,kexp,1,3,0.5,0,-41.873882706867,-45.5922200575303
1566,kexp,1,3,1,0.5,-44.6920987746658,-46.04935330983334
1567,kexp,1,3,1,0.1,-41.897684998294096,-43.933501084111626
1568,kexp,1,3,1,0.05,-41.82559184423523,-43.89268676029158
1569,kexp,1,3,1,0.01,-41.803582052453656,-43.88091850627758
1570,kexp,1,3,1,0,-41.80267728472399,-43.880443019058085
1571,kexp,1,3,1.5,0.5,-47.542013350750686,-48.67805722098133
1572,kexp,1,3,1.5,0.1,-45.0237902838513,-46.533991729412364
1573,kexp,1,3,1.5,0.05,-44.94463230873752,-46.4703050250266
1574,kexp,1,3,1.5,0.01,-44.919477097293885,-46.450175417301374
1575,kexp,1,3,1.5,0,-44.91843100658808,-46.44933953547759
1576,kexp,1,3.5,0.5,0.5,-42.99753491674971,-44.72820328249091
1577,kexp,1,3.5,0.5,0.1,-41.24246925274206,-44.76027394682352
1578,kexp,1,3.5,0.5,0.05,-41.29173579431835,-44.91363535163842
1579,kexp,1,3.5,0.5,0.01,-41.31435406806127,-44.9709619330308
1580,kexp,1,3.5,0.5,0,-41.31537903438311,-44.973448852202644
1581,kexp,1,3.5,1,0.5,-44.6771600710478,-46.02974156554419
1582,kexp,1,3.5,1,0.1,-41.78887125786238,-43.806856977959136
1583,kexp,1,3.5,1,0.05,-41.70262182711269,-43.7507127325095
1584,kexp,1,3.5,1,0.01,-41.675535025377414,-43.73345936565839
1585,kexp,1,3.5,1,0,-41.67441238572769,-43.7327486277123
1586,kexp,1,3.5,1.5,0.5,-47.586211146877616,-48.72248850641241
1587,kexp,1,3.5,1.5,0.1,-45.04492308725204,-46.54992056882473
1588,kexp,1,3.5,1.5,0.05,-44.96138881465606,-46.48140551016676
1589,kexp,1,3.5,1.5,0.01,-44.93469099971962,-46.45957904237771
1590,kexp,1,3.5,1.5,0,-44.933579032089234,-46.45867074879411
1591,kexp,1,4,0.5,0.5,-42.92581206775736,-44.641138346348946
1592,kexp,1,4,0.5,0.1,-40.95252707346165,-44.410686776774895
1593,kexp,1,4,0.5,0.05,-40.9606828566928,-44.518369913181175
1594,kexp,1,4,0.5,0.01,-40.967650024795994,-44.55840280597853
1595,kexp,1,4,0.5,0,-40.96799218763941,-44.560136284225486
1596,kexp,1,4,1,0.5,-44.68398457618769,-46.028158201524576
1597,kexp,1,4,1,0.1,-41.748174763548995,-43.744150466348735
1598,kexp,1,4,1,0.05,-41.654121817632706,-43.6791515144162
1599,kexp,1,4,1,0.01,-41.62425152348826,-43.658754786913654
1600,kexp,1,4,1,0,-41.62300962385833,-43.657909527793635
1601,kexp,1,4,1.5,0.5,-47.638832000042186,-48.772072263762915
1602,kexp,1,4,1.5,0.1,-45.09489150547411,-46.59115833048214
1603,kexp,1,4,1.5,0.05,-45.00938061287706,-46.52026511760681
1604,kexp,1,4,1.5,0.01,-44.981979686406255,-46.49760023211028
1605,kexp,1,4,1.5,0,-44.980837631845645,-46.496656138229355
1606,kexp,1,6,0.5,0.5,-42.82987365612648,-44.476537293039556
1607,kexp,1,6,0.5,0.1,-40.549572725128996,-43.789972586328354
1608,kexp,1,6,0.5,0.05,-40.496055319319986,-43.82306631563439
1609,kexp,1,6,0.5,0.01,-40.47995471454289,-43.835525260444925
1610,kexp,1,6,0.5,0,-40.47929575002119,-43.83606547800061
1611,kexp,1,6,1,0.5,-44.787791926757684,-46.09097108214998
1612,kexp,1,6,1,0.1,-41.836344739664334,-43.74679554104912
1613,kexp,1,6,1,0.05,-41.73361914396083,-43.670240822315854
1614,kexp,1,6,1,0.01,-41.70062765313718,-43.6457538976179
1615,kexp,1,6,1,0,-41.69925178315193,-43.6447337755219
1616,kexp,1,6,1.5,0.5,-47.851907383405255,-48.96417092730086
1617,kexp,1,6,1.5,0.1,-45.359911899484956,-46.81685741434028
1618,kexp,1,6,1.5,0.05,-45.274110219401145,-46.74460037604574
1619,kexp,1,6,1.5,0.01,-45.2465424845807,-46.72141226480379
1620,kexp,1,6,1.5,0,-45.245392656778144,-46.720445403943884
1621,kexp,1,8,0.5,0.5,-42.864439817526694,-44.46201190125411
1622,kexp,1,8,0.5,0.1,-40.57602497389389,-43.678990817619066
1623,kexp,1,8,0.5,0.05,-40.510523920671595,-43.693537243717245
1624,kexp,1,8,0.5,0.01,-40.489919720117705,-43.69925919791586
1625,kexp,1,8,0.5,0,-40.489065296702115,-43.6995093909732
1626,kexp,1,8,1,0.5,-44.91761953054954,-46.19124791632759
1627,kexp,1,8,1,0.1,-42.02084423983636,-43.876596194507975
1628,kexp,1,8,1,0.05,-41.91877768293828,-43.79929847380372
1629,kexp,1,8,1,0.01,-41.885946321322095,-43.77450744099775
1630,kexp,1,8,1,0,-41.884576551471454,-43.77347390513549
1631,kexp,1,8,1.5,0.5,-48.03113523406594,-49.12724848612193
1632,kexp,1,8,1.5,0.1,-45.60102251982139,-47.031963238743366
1633,kexp,1,8,1.5,0.05,-45.51727336153762,-46.961262363637566
1634,kexp,1,8,1.5,0.01,-45.490358503254896,-46.9385641456643
1635,kexp,1,8,1.5,0,-45.48923583231099,-46.93761760577172
1636,kexp,1,10,0.5,0.5,-42.95090258876624,-44.52124817024489
1637,kexp,1,10,0.5,0.1,-40.7263901578827,-43.75703391914401
1638,kexp,1,10,0.5,0.05,-40.66005523888071,-43.76760923334858
1639,kexp,1,10,0.5,0.01,-40.639003050638465,-43.77182601165155
1640,kexp,1,10,0.5,0,-40.6381278609693,-43.772010794554646
1641,kexp,1,10,1,0.5,-45.04562242055631,-46.30351410890704
1642,kexp,1,10,1,0.1,-42.20790749892324,-44.03578531543219
1643,kexp,1,10,1,0.05,-42.107842565451314,-43.959850720188086
1644,kexp,1,10,1,0.01,-42.075646243890986,-43.935484466546534
1645,kexp,1,10,1,0,-42.07430286883365,-43.93446850005669
1646,kexp,1,10,1.5,0.5,-48.180692842388744,-49.2686856496665
1647,kexp,1,10,1.5,0.1,-45.80174193764342,-47.22017614678459
1648,kexp,1,10,1.5,0.05,-45.7199108504863,-47.151182973699854
1649,kexp,1,10,1.5,0.01,-45.69361363000249,-47.12903357942126
1650,kexp,1,10,1.5,0,-45.69251673403836,-47.12810993113973
1651,kexp,1,25,0.5,0.5,-43.84815366368464,-45.412533861943096
1652,kexp,1,25,0.5,0.1,-42.3136085237032,-45.33128244179102
1653,kexp,1,25,0.5,0.05,-42.27657232006626,-45.37036344612412
1654,kexp,1,25,0.5,0.01,-42.26494328511924,-45.383726364065126
1655,kexp,1,25,0.5,0,-42.264461133528464,-45.38429238045799
1656,kexp,1,25,1,0.5,-45.825528863245005,-47.08793480737762
1657,kexp,1,25,1,0.1,-43.30502147889526,-45.140162863458144
1658,kexp,1,25,1,0.05,-43.217499050124765,-45.07681464081043
1659,kexp,1,25,1,0.01,-43.18935418796937,-45.056512178305866
1660,kexp,1,25,1,0,-43.1881800225817,-45.055665916405964
1661,kexp,1,25,1.5,0.5,-48.90425727252505,-50.00251106358762
1662,kexp,1,25,1.5,0.1,-46.734213732025346,-48.16691646018927
1663,kexp,1,25,1.5,0.05,-46.660306092828655,-48.10597862493021
1664,kexp,1,25,1.5,0.01,-46.636565336184916,-48.08642777917627
1665,kexp,1,25,1.5,0,-46.63557518151591,-48.08561262430422
1666,kexp,1,50,0.5,0.5,-44.71152041126964,-46.28853109031031
1667,kexp,1,50,0.5,0.1,-43.97590966653128,-47.03010686994619
1668,kexp,1,50,0.5,0.05,-43.97963220556956,-47.111430745542364
1669,kexp,1,50,0.5,0.01,-43.981357163242436,-47.138639338123205
1670,kexp,1,50,0.5,0,-43.981434770212374,-47.13978578133181
1671,kexp,1,50,1,0.5,-46.46784734059621,-47.74184762996051
1672,kexp,1,50,1,0.1,-44.227478614801385,-46.08331969033383
1673,kexp,1,50,1,0.05,-44.15147796685545,-46.03191098488856
1674,kexp,1,50,1,0.01,-44.127065266621514,-46.01547670779958
1675,kexp,1,50,1,0,-44.12604708862947,-46.01479212600462
1676,kexp,1,50,1.5,0.5,-49.42517146488736,-50.53365057928479
1677,kexp,1,50,1.5,0.1,-47.40479637533337,-48.852731550251185
1678,kexp,1,50,1.5,0.05,-47.336563433840666,-48.79767267729793
1679,kexp,1,50,1.5,0.01,-47.314653756194694,-48.78001903905419
1680,kexp,1,50,1.5,0,-47.31374005735109,-48.77928310347726
1681,kexp,1.25,0.2,0.5,0.5,-57.73345701875065,-59.62598787486179
1682,kexp,1.25,0.2,0.5,0.1,-138.83560872246167,-142.11226741948735
1683,kexp,1.25,0.2,0.5,0.05,-173.61039775044117,-176.88102814822204
1684,kexp,1.25,0.2,0.5,0.01,-206.29876350168348,-209.5575592910395
1685,kexp,1.25,0.2,0.5,0,-208.4907281641822,-211.74883752748693
1686,kexp,1.25,0.2,1,0.5,-54.643698082899654,-55.97738000892129
1687,kexp,1.25,0.2,1,0.1,-90.9123130430916,-92.61946821190715
1688,kexp,1.25,0.2,1,0.05,-105.32598246366764,-107.0285925534611
1689,kexp,1.25,0.2,1,0.01,-115.22289949963655,-116.92231143904515
1690,kexp,1.25,0.2,1,0,-115.76573077119696,-117.46498263096937
1691,kexp,1.25,0.2,1.5,0.5,-53.650826358032276,-54.67409014804702
1692,kexp,1.25,0.2,1.5,0.1,-75.03184579082286,-76.21536006502893
1693,kexp,1.25,0.2,1.5,0.05,-83.08267586799828,-84.2637525183553
1694,kexp,1.25,0.2,1.5,0.01,-87.75994690777483,-88.93964527731427
1695,kexp,1.25,0.2,1.5,0,-87.9968871669054,-89.17651985883452
1696,kexp,1.25,0.5,0.5,0.5,-50.165170672531914,-52.14909921280124
1697,kexp,1.25,0.5,0.5,0.1,-76.50621693294778,-80.57035025008966
1698,kexp,1.25,0.5,0.5,0.05,-86.83792036924754,-91.01094744542928
1699,kexp,1.25,0.5,0.5,0.01,-93.29256326259889,-97.50219745792104
1700,kexp,1.25,0.5,0.5,0,-93.63049512425856,-97.84169043032267
1701,kexp,1.25,0.5,1,0.5,-48.50912466595402,-49.99230084639908
1702,kexp,1.25,0.5,1,0.1,-57.68850049106251,-59.883835279807435
1703,kexp,1.25,0.5,1,0.05,-61.13130310427946,-63.35628526700871
1704,kexp,1.25,0.5,1,0.01,-62.81738702424286,-65.05218362038592
1705,kexp,1.25,0.5,1,0,-62.89715175860163,-65.1323624275314
1706,kexp,1.25,0.5,1.5,0.5,-49.13857591353904,-50.32890010513797
1707,kexp,1.25,0.5,1.5,0.1,-53.381245050317574,-54.938863045245476
1708,kexp,1.25,0.5,1.5,0.05,-55.030802141444255,-56.602526609544796
1709,kexp,1.25,0.5,1.5,0.01,-55.75896997350741,-57.33532455361959
1710,kexp,1.25,0.5,1.5,0,-55.79219283223447,-57.36874195545118
1711,kexp,1.25,1,0.5,0.5,-45.67295133388042,-47.706609549660705
1712,kexp,1.25,1,0.5,0.1,-54.671511332530635,-59.0505391740054
1713,kexp,1.25,1,0.5,0.05,-57.96711612161416,-62.50042558546193
1714,kexp,1.25,1,0.5,0.01,-59.57967328507561,-64.16740733384054
1715,kexp,1.25,1,0.5,0,-59.655962215969076,-64.2460377653538
1716,kexp,1.25,1,1,0.5,-45.65716928780259,-47.24272986107125
1717,kexp,1.25,1,1,0.1,-46.89275817190519,-49.33885052865949
1718,kexp,1.25,1,1,0.05,-47.745057709004676,-50.23495658426193
1719,kexp,1.25,1,1,0.01,-48.10403151263134,-50.60873184614762
1720,kexp,1.25,1,1,0,-48.12015052013697,-50.62547747596618
1721,kexp,1.25,1,1.5,0.5,-47.44643232189506,-48.761819962201464
1722,kexp,1.25,1,1.5,0.1,-46.948110277280584,-48.72994701903639
1723,kexp,1.25,1,1.5,0.05,-47.27655875435472,-49.0796246519304
1724,kexp,1.25,1,1.5,0.01,-47.4085332552648,-49.218647300500216
1725,kexp,1.25,1,1.5,0,-47.414368817348326,-49.22477957532328
1726,kexp,1.25,1.5,0.5,0.5,-44.0968380384334,-46.16028508251695
1727,kexp,1.25,1.5,0.5,0.1,-47.706133114647606,-52.17090548555238
1728,kexp,1.25,1.5,0.5,0.05,-49.19102057881586,-53.8207045685774
1729,kexp,1.25,1.5,0.5,0.01,-49.84889092285251,-54.53645091835777
1730,kexp,1.25,1.5,0.5,0,-49.878940307594554,-54.56897980345449
1731,kexp,1.25,1.5,1,0.5,-44.745402609231455,-46.379799189223576
1732,kexp,1.25,1.5,1,0.1,-43.671008445853786,-46.21032334453205
1733,kexp,1.25,1.5,1,0.05,-43.957071885951336,-46.54373927659903
1734,kexp,1.25,1.5,1,0.01,-44.07412930350228,-46.676704481514726
1735,kexp,1.25,1.5,1,0,-44.07932695128996,-46.68257396637987
1736,kexp,1.25,1.5,1.5,0.5,-46.976929974051,-48.35270664818704
1737,kexp,1.25,1.5,1.5,0.1,-45.190073640368006,-47.066592739463736
1738,kexp,1.25,1.5,1.5,0.05,-45.25582905095863,-47.15550534175174
1739,kexp,1.25,1.5,1.5,0.01,-45.28433460913955,-47.19166254722604
1740,kexp,1.25,1.5,1.5,0,-45.285611361731846,-47.19326088322923
1741,kexp,1.25,2,0.5,0.5,-43.3481189594951,-45.43739361876092
1742,kexp,1.25,2,0.5,0.1,-44.39749718171988,-48.88794007303616
1743,kexp,1.25,2,0.5,0.05,-45.167937610997576,-49.82163386905386
1744,kexp,1.25,2,0.5,0.01,-45.4935624981957,-50.20387686329656
1745,kexp,1.25,2,0.5,0,-45.5081987362451,-50.22092742765139
1746,kexp,1.25,2,1,0.5,-44.328180958322314,-45.994576866396415
1747,kexp,1.25,2,1,0.1,-42.23215316653593,-44.81407057217828
1748,kexp,1.25,2,1,0.05,-42.31581392685338,-44.94490517696612
1749,kexp,1.25,2,1,0.01,-42.35276457530464,-44.99758457201261
1750,kexp,1.25,2,1,0,-42.354427431888695,-44.99991011567233
1751,kexp,1.25,2,1.5,0.5,-46.78708414978384,-48.20038403066109
1752,kexp,1.25,2,1.5,0.1,-44.46958817442648,-46.39477097762353
1753,kexp,1.25,2,1.5,0.05,-44.44718949635727,-46.39562653730449
1754,kexp,1.25,2,1.5,0.01,-44.442809219731366,-46.39888918744132
1755,kexp,1.25,2,1.5,0,-44.44265919299862,-46.399059874238944
1756,kexp,1.25,2.5,0.5,0.5,-42.92799217005484,-45.02965708115409
1757,kexp,1.25,2.5,0.5,0.1,-42.555386938978785,-47.021269666348594
1758,kexp,1.25,2.5,0.5,0.05,-42.98035927296124,-47.60263404467417
1759,kexp,1.25,2.5,0.5,0.01,-43.15655013789722,-47.832467324086934
1760,kexp,1.25,2.5,0.5,0,-43.16441251089042,-47.842608573138406
1761,kexp,1.25,2.5,1,0.5,-44.114267579888974,-45.79680767185762
1762,kexp,1.25,2.5,1,0.1,-41.49072421091987,-44.0806131496442
1763,kexp,1.25,2.5,1,0.05,-41.483547612067596,-44.11896319649685
1764,kexp,1.25,2.5,1,0.01,-41.48601314565411,-44.136513301982234
1765,kexp,1.25,2.5,1,0,-41.486172372992584,-44.13730690033267
1766,kexp,1.25,2.5,1.5,0.5,-46.714608715905925,-48.148792952345886
1767,kexp,1.25,2.5,1.5,0.1,-44.14464666560502,-46.089728572601835
1768,kexp,1.25,2.5,1.5,0.05,-44.08490367771627,-46.05262943322044
1769,kexp,1.25,2.5,1.5,0.01,-44.06698085940957,-46.04211759585469
1770,kexp,1.25,2.5,1.5,0,-44.066247856263786,-46.04169520529899
1771,kexp,1.25,3,0.5,0.5,-42.669611633346165,-44.76981710812747
1772,kexp,1.25,3,0.5,0.1,-41.4437438023957,-45.85045554175666
1773,kexp,1.25,3,0.5,0.05,-41.68053630215039,-46.235143934086004
1774,kexp,1.25,3,0.5,0.01,-41.77900320862653,-46.38388231402072
1775,kexp,1.25,3,0.5,0,-41.7833920254334,-46.39040068715276
1776,kexp,1.25,3,1,0.5,-44.00410839729892,-45.690240883707126
1777,kexp,1.25,3,1,0.1,-41.08791506705628,-43.663939691453095
1778,kexp,1.25,3,1,0.05,-41.034394385379834,-43.65387584223803
1779,kexp,1.25,3,1,0.01,-41.019704825601906,-43.65351564548312
1780,kexp,1.25,3,1,0,-41.01912134913256,-43.653533951757666
1781,kexp,1.25,3,1.5,0.5,-46.70282657132778,-48.14625762833783
1782,kexp,1.25,3,1.5,0.1,-44.00681495746405,-45.95444511787938
1783,kexp,1.25,3,1.5,0.05,-43.92917186388872,-45.898632021448954
1784,kexp,1.25,3,1.5,0.01,-43.90486015205157,-45.88144248428689
1785,kexp,1.25,3,1.5,0,-43.9038533196072,-45.880733902532164
1786,kexp,1.25,3.5,0.5,0.5,-42.50210656426495,-44.59045420101653
1787,kexp,1.25,3.5,0.5,0.1,-40.74104926909838,-45.06961733219788
1788,kexp,1.25,3.5,0.5,0.05,-40.86703074363066,-45.33504501115598
1789,kexp,1.25,3.5,0.5,0.01,-40.92113684935521,-45.436212709339685
1790,kexp,1.25,3.5,0.5,0,-40.9235616758258,-45.44062678159527
1791,kexp,1.25,3.5,1,0.5,-43.95210328514323,-45.63338927084667
1792,kexp,1.25,3.5,1,0.1,-40.868283143727105,-43.418537294459114
1793,kexp,1.25,3.5,1,0.05,-40.78916376566043,-43.380839091039164
1794,kexp,1.25,3.5,1,0.01,-40.76514866825415,-43.37043235801102
1795,kexp,1.25,3.5,1,0,-40.764163257013436,-43.370017868759554
1796,kexp,1.25,3.5,1.5,0.5,-46.72394897411562,-48.16918865128088
1797,kexp,1.25,3.5,1.5,0.1,-43.96604107585284,-45.906669425725106
1798,kexp,1.25,3.5,1.5,0.05,-43.879223972340625,-45.84087807233375
1799,kexp,1.25,3.5,1.5,0.01,-43.851665000916036,-45.82016302843882
1800,kexp,1.25,3.5,1.5,0,-43.85051931332015,-45.819303760389936
1801,kexp,1.25,4,0.5,0.5,-42.390098157749954,-44.45992076423156
1802,kexp,1.25,4,0.5,0.1,-40.284064110697486,-44.52668706366903
1803,kexp,1.25,4,0.5,0.05,-40.34111850712094,-44.715468571959214
1804,kexp,1.25,4,0.5,0.01,-40.36822853524635,-44.78678715214412
1805,kexp,1.25,4,0.5,0,-40.369465904882446,-44.78989007552833
1806,kexp,1.25,4,1,0.5,-43.934079429215075,-45.60541772708649
1807,kexp,1.25,4,1,0.1,-40.753827519392466,-43.272860627742446
1808,kexp,1.25,4,1,0.05,-40.65982672251778,-43.21845066446799
1809,kexp,1.25,4,1,0.01,-40.630444268256696,-43.20203958028909
1810,kexp,1.25,4,1,0,-40.62922817071628,-43.2013672697778
1811,kexp,1.25,4,1.5,0.5,-46.76261583247825,-48.20519704426527
1812,kexp,1.25,4,1.5,0.1,-43.97744600195423,-45.90630658896438
1813,kexp,1.25,4,1.5,0.05,-43.88579072631751,-45.834959580660374
1814,kexp,1.25,4,1.5,0.01,-43.85652314853665,-45.81229117284422
1815,kexp,1.25,4,1.5,0,-43.85530445524001,-45.811348530438345
1816,kexp,1.25,6,0.5,0.5,-42.20493286519377,-44.18169439375401
1817,kexp,1.25,6,0.5,0.1,-39.55967923168838,-43.48223946460093
1818,kexp,1.25,6,0.5,0.05,-39.507624058970315,-43.54003105456546
1819,kexp,1.25,6,0.5,0.01,-39.49307590089612,-43.56188987545256
1820,kexp,1.25,6,0.5,0,-39.49249463749692,-43.56283944667379
1821,kexp,1.25,6,1,0.5,-43.99795849349725,-45.61503738619116
1822,kexp,1.25,6,1,0.1,-40.72106578782069,-43.116599336952284
1823,kexp,1.25,6,1,0.05,-40.60732092109501,-43.03744190208212
1824,kexp,1.25,6,1,0.01,-40.57085453478409,-43.01224313964299
1825,kexp,1.25,6,1,0,-40.569334494185185,-43.01119473417032
1826,kexp,1.25,6,1.5,0.5,-46.96436442083154,-48.38153985192454
1827,kexp,1.25,6,1.5,0.1,-44.1959190664859,-46.07033591674669
1828,kexp,1.25,6,1.5,0.05,-44.09990500257903,-45.992727199232135
1829,kexp,1.25,6,1.5,0.01,-44.069056620906515,-45.967839548667605
1830,kexp,1.25,6,1.5,0,-44.0677699756631,-45.966802025916344
1831,kexp,1.25,8,0.5,0.5,-42.1897988496936,-44.089376692025674
1832,kexp,1.25,8,0.5,0.1,-39.46135039896977,-43.163241637892185
1833,kexp,1.25,8,0.5,0.05,-39.3833213037747,-43.18353140068639
1834,kexp,1.25,8,0.5,0.01,-39.35902567139048,-43.191665801443136
1835,kexp,1.25,8,0.5,0,-39.35802124712918,-43.19202317689799
1836,kexp,1.25,8,1,0.5,-44.11710881126329,-45.68911435093256
1837,kexp,1.25,8,1,0.1,-40.87661049845351,-43.185830843107276
1838,kexp,1.25,8,1,0.05,-40.76088654393624,-43.10219403376537
1839,kexp,1.25,8,1,0.01,-40.72365248595767,-43.07539270603697
1840,kexp,1.25,8,1,0,-40.72209894233545,-43.0742756251221
1841,kexp,1.25,8,1.5,0.5,-47.151863193920285,-48.54574767107762
1842,kexp,1.25,8,1.5,0.1,-44.44260388053429,-46.277431287977265
1843,kexp,1.25,8,1.5,0.05,-44.34797736535806,-46.2003118831291
1844,kexp,1.25,8,1.5,0.01,-44.31754974414368,-46.17554803267822
1845,kexp,1.25,8,1.5,0,-44.31628036998682,-46.17451530377832
1846,kexp,1.25,10,0.5,0.5,-42.237790666511586,-44.08691776224075
1847,kexp,1.25,10,0.5,0.1,-39.53809236264424,-43.10628123158393
1848,kexp,1.25,10,0.5,0.05,-39.45367583301119,-43.11411226499735
1849,kexp,1.25,10,0.5,0.01,-39.42690574964635,-43.11770917911358
1850,kexp,1.25,10,0.5,0,-39.42579320192451,-43.11787111144382
1851,kexp,1.25,10,1,0.5,-44.23852813587239,-45.781907690102535
1852,kexp,1.25,10,1,0.1,-41.05335302056637,-43.31126029777766
1853,kexp,1.25,10,1,0.05,-40.93888390350822,-43.22761942234661
1854,kexp,1.25,10,1,0.01,-40.902022506365924,-43.20077403972721
1855,kexp,1.25,10,1,0,-40.90048416329914,-43.199654644453865
1856,kexp,1.25,10,1.5,0.5,-47.30978406249936,-48.68924204920052
1857,kexp,1.25,10,1.5,0.1,-44.65530512611546,-46.46733683395416
1858,kexp,1.25,10,1.5,0.05,-44.56259512442465,-46.39170838056654
1859,kexp,1.25,10,1.5,0.01,-44.5327805171828,-46.367417741297665
1860,kexp,1.25,10,1.5,0,-44.5315366796736,-46.36640468470583
1861,kexp,1.25,25,0.5,0.5,-43.01714627441587,-44.815255253673364
1862,kexp,1.25,25,0.5,0.1,-40.89090876789434,-44.33460100374307
1863,kexp,1.25,25,0.5,0.05,-40.82568242340246,-44.35628307928526
1864,kexp,1.25,25,0.5,0.01,-40.80484839847477,-44.364007989968734
1865,kexp,1.25,25,0.5,0,-40.80398073110547,-44.3643383532161
1866,kexp,1.25,25,1,0.5,-45.002750819478365,-46.5281793697965
1867,kexp,1.25,25,1,0.1,-42.132396530403646,-44.358991644941725
1868,kexp,1.25,25,1,0.05,-42.0299592700669,-44.28656790435818
1869,kexp,1.25,25,1,0.01,-41.99697117338721,-44.2633251329177
1870,kexp,1.25,25,1,0,-41.99559445325712,-44.26235597302771
1871,kexp,1.25,25,1.5,0.5,-48.07077101992252,-49.451882191557026
1872,kexp,1.25,25,1.5,0.1,-45.64450138315405,-47.45738158033319
1873,kexp,1.25,25,1.5,0.05,-45.56044025037212,-47.390288414308706
1874,kexp,1.25,25,1.5,0.01,-45.5334152612174,-47.36874892512823
1875,kexp,1.25,25,1.5,0,-45.53228788989077,-47.36785070888049
1876,kexp,1.25,50,0.5,0.5,-43.99252454131817,-45.80765725518899
1877,kexp,1.25,50,0.5,0.1,-42.702316170348134,-46.19766343036518
1878,kexp,1.25,50,0.5,0.05,-42.678149468385364,-46.26257404669572
1879,kexp,1.25,50,0.5,0.01,-42.670732499271374,-46.28443457128282
1880,kexp,1.25,50,0.5,0,-42.67042684894177,-46.28535715667301
1881,kexp,1.25,50,1,0.5,-45.74763037257679,-47.29113000481469
1882,kexp,1.25,50,1,0.1,-43.184559624211815,-45.443844510248304
1883,kexp,1.25,50,1,0.05,-43.094566032527545,-45.384535217483645
1884,kexp,1.25,50,1,0.01,-43.065605391331275,-45.36553829690685
1885,kexp,1.25,50,1,0,-43.06439696504748,-45.36474657064188
1886,kexp,1.25,50,1.5,0.5,-48.69320279996278,-50.09178099492607
1887,kexp,1.25,50,1.5,0.1,-46.438777573044746,-48.27777965327628
1888,kexp,1.25,50,1.5,0.05,-46.36118716069824,-48.217509680932125
1889,kexp,1.25,50,1.5,0.01,-46.33624942590395,-48.19817154123027
1890,kexp,1.25,50,1.5,0,-46.335209199665314,-48.197365237879886
1891,kexp,1.5,0.2,0.5,0.5,-58.70195411342905,-60.8999763560682
1892,kexp,1.5,0.2,0.5,0.1,-156.17812924152423,-160.02786795405692
1893,kexp,1.5,0.2,0.5,0.05,-199.2470880011038,-203.06420505194276
1894,kexp,1.5,0.2,0.5,0.01,-243.18765702251588,-246.97496029061716
1895,kexp,1.5,0.2,0.5,0,-246.34258656344707,-250.1281669551771
1896,kexp,1.5,0.2,1,0.5,-55.4270242415311,-56.99845767990226
1897,kexp,1.5,0.2,1,0.1,-100.41974327272683,-102.42382294544602
1898,kexp,1.5,0.2,1,0.05,-118.82416706926743,-120.81413487174628
1899,kexp,1.5,0.2,1,0.01,-132.53484173251323,-134.51651087243906
1900,kexp,1.5,0.2,1,0,-133.32097296877305,-135.30222537022718
1901,kexp,1.5,0.2,1.5,0.5,-54.18228520176598,-55.39540083560564
1902,kexp,1.5,0.2,1.5,0.1,-81.31179727180542,-82.70288462186112
1903,kexp,1.5,0.2,1.5,0.05,-91.85501697480264,-93.23873899647359
1904,kexp,1.5,0.2,1.5,0.01,-98.44182366851294,-99.82181141684522
1905,kexp,1.5,0.2,1.5,0,-98.78659062946012,-100.166400367491
1906,kexp,1.5,0.5,0.5,0.5,-50.97049961890091,-53.254392146359855
1907,kexp,1.5,0.5,0.5,0.1,-83.70366604611294,-88.53623930925501
1908,kexp,1.5,0.5,0.5,0.05,-97.09853030939502,-102.06270222830514
1909,kexp,1.5,0.5,0.5,0.01,-106.14585754571738,-111.1531033684795
1910,kexp,1.5,0.5,0.5,0,-106.63778532035727,-111.6468508244487
1911,kexp,1.5,0.5,1,0.5,-48.78437789398122,-50.51787968032876
1912,kexp,1.5,0.5,1,0.1,-60.9702859857354,-63.586450828612826
1913,kexp,1.5,0.5,1,0.05,-65.66459386229492,-68.31628022226805
1914,kexp,1.5,0.5,1,0.01,-68.09815838885487,-70.76142015603105
1915,kexp,1.5,0.5,1,0,-68.2157636498389,-70.87951156424312
1916,kexp,1.5,0.5,1.5,0.5,-49.025238743698495,-50.42735747440139
1917,kexp,1.5,0.5,1.5,0.1,-55.099013701804374,-56.95837529597636
1918,kexp,1.5,0.5,1.5,0.05,-57.425761882454864,-59.302020023850254
1919,kexp,1.5,0.5,1.5,0.01,-58.49825917458967,-60.3800046640479
1920,kexp,1.5,0.5,1.5,0,-58.54791195500627,-60.42988733951287
1921,kexp,1.5,1,0.5,0.5,-46.0196243711816,-48.36066941099819
1922,kexp,1.5,1,0.5,0.1,-57.97047384559907,-63.215115440278815
1923,kexp,1.5,1,0.5,0.05,-62.49127744571137,-67.93464687420465
1924,kexp,1.5,1,0.5,0.01,-64.83147317699786,-70.34589967752451
1925,kexp,1.5,1,0.5,0,-64.94455568502681,-70.46205847851643
1926,kexp,1.5,1,1,0.5,-45.51692482972118,-47.37988547040834
1927,kexp,1.5,1,1,0.1,-47.946534930457254,-50.893955169672985
1928,kexp,1.5,1,1,0.05,-49.204666458752776,-52.20901359419705
1929,kexp,1.5,1,1,0.01,-49.751740176055996,-52.77549757763776
1930,kexp,1.5,1,1,0,-49.77656222377066,-52.80114402335462
1931,kexp,1.5,1,1.5,0.5,-46.98826004733431,-48.55130829184019
1932,kexp,1.5,1,1.5,0.1,-47.11591296790094,-49.27214697223653
1933,kexp,1.5,1,1.5,0.05,-47.63753950143265,-49.821493252578705
1934,kexp,1.5,1,1.5,0.01,-47.850581565984044,-50.04379890208677
1935,kexp,1.5,1,1.5,0,-47.860053265797056,-50.05366140074262
1936,kexp,1.5,1.5,0.5,0.5,-44.20387833286161,-46.56773737624189
1937,kexp,1.5,1.5,0.5,0.1,-49.59426410181987,-54.91501550107523
1938,kexp,1.5,1.5,0.5,0.05,-51.722145081214386,-57.25869488639844
1939,kexp,1.5,1.5,0.5,0.01,-52.704841763685636,-58.318583674262364
1940,kexp,1.5,1.5,0.5,0,-52.75036970560421,-58.367441708194846
1941,kexp,1.5,1.5,1,0.5,-44.443929179821765,-46.36182009508244
1942,kexp,1.5,1.5,1,0.1,-43.963437890471006,-47.02153479162604
1943,kexp,1.5,1.5,1,0.05,-44.43473820006229,-47.55560765565976
1944,kexp,1.5,1.5,1,0.01,-44.629598929157716,-47.7717899152816
1945,kexp,1.5,1.5,1,0,-44.63828716269851,-47.78138169875666
1946,kexp,1.5,1.5,1.5,0.5,-46.411222800828625,-48.0488237643046
1947,kexp,1.5,1.5,1.5,0.1,-44.865518585867584,-47.142361108093795
1948,kexp,1.5,1.5,1.5,0.05,-45.011213056759516,-47.31893584990238
1949,kexp,1.5,1.5,1.5,0.01,-45.07109223504864,-47.38909464924493
1950,kexp,1.5,1.5,1.5,0,-45.073748510921014,-47.39218389146493
1951,kexp,1.5,2,0.5,0.5,-43.312095216235825,-45.69583781870057
1952,kexp,1.5,2,0.5,0.1,-45.49913696652746,-50.819592645016755
1953,kexp,1.5,2,0.5,0.05,-46.651493185821494,-52.18648451319332
1954,kexp,1.5,2,0.5,0.01,-47.153606723093006,-52.76444548546182
1955,kexp,1.5,2,0.5,0,-47.176403935222524,-52.790497636521046
1956,kexp,1.5,2,1,0.5,-43.930466526229985,-45.88190330685159
1957,kexp,1.5,2,1,0.1,-42.117778110704975,-45.21987574321333
1958,kexp,1.5,2,1,0.05,-42.298874424910736,-45.463870965882606
1959,kexp,1.5,2,1,0.01,-42.37485178564758,-45.56103809106731
1960,kexp,1.5,2,1,0,-42.378240618048,-45.565322399639065
1961,kexp,1.5,2,1.5,0.5,-46.159171071163485,-47.84141137908681
1962,kexp,1.5,2,1.5,0.1,-43.8928121224402,-46.22891782988272
1963,kexp,1.5,2,1.5,0.05,-43.907899416988904,-46.275215725676794
1964,kexp,1.5,2,1.5,0.01,-43.9178656967623,-46.295509331054454
1965,kexp,1.5,2,1.5,0,-43.918341708208054,-46.29641951656005
1966,kexp,1.5,2.5,0.5,0.5,-42.793942952741034,-45.18710564932631
1967,kexp,1.5,2.5,0.5,0.1,-43.14990921039766,-48.41642502866283
1968,kexp,1.5,2.5,0.5,0.05,-43.81834532954472,-49.289861119779495
1969,kexp,1.5,2.5,0.5,0.01,-44.10109279208329,-49.64418269132018
1970,kexp,1.5,2.5,0.5,0,-44.11379657817179,-49.659944101608744
1971,kexp,1.5,2.5,1,0.5,-43.64782807482868,-45.615926519653875
1972,kexp,1.5,2.5,1,0.1,-41.121065684397415,-44.22566026155533
1973,kexp,1.5,2.5,1,0.05,-41.16832694934455,-44.33352307496721
1974,kexp,1.5,2.5,1,0.01,-41.19211499149507,-44.377574346527375
1975,kexp,1.5,2.5,1,0,-41.19321072116142,-44.37952443716067
1976,kexp,1.5,2.5,1.5,0.5,-46.041509442894345,-47.74863063514866
1977,kexp,1.5,2.5,1.5,0.1,-43.41299915230461,-45.77192426313075
1978,kexp,1.5,2.5,1.5,0.05,-43.37079794845621,-45.76008574325232
1979,kexp,1.5,2.5,1.5,0.01,-43.35961014861488,-45.758893012118136
1980,kexp,1.5,2.5,1.5,0,-43.35917096472182,-45.75887341157217
1981,kexp,1.5,3,0.5,0.5,-42.46370602965619,-44.85351152803685
1982,kexp,1.5,3,0.5,0.1,-41.68974585253945,-46.86597552859047
1983,kexp,1.5,3,0.5,0.05,-42.088856793609686,-47.45763808716638
1984,kexp,1.5,3,0.5,0.01,-42.25593228405823,-47.69120702912689
1985,kexp,1.5,3,0.5,0,-42.26340405129483,-47.70150905188776
1986,kexp,1.5,3,1,0.5,-43.48645862590863,-45.457746263416205
1987,kexp,1.5,3,1,0.1,-40.54665509031872,-43.628059474166555
1988,kexp,1.5,3,1,0.05,-40.52380223157136,-43.662714113112585
1989,kexp,1.5,3,1,0.01,-40.52107369200536,-43.67909728537127
1990,kexp,1.5,3,1,0,-40.52101447845559,-43.67984244867951
1991,kexp,1.5,3,1.5,0.5,-45.9958270398861,-47.71416609152231
1992,kexp,1.5,3,1.5,0.1,-43.17287836545833,-45.532869294506355
1993,kexp,1.5,3,1.5,0.05,-43.10211264666677,-45.49123132041213
1994,kexp,1.5,3,1.5,0.01,-43.08059057960976,-45.47925909780701
1995,kexp,1.5,3,1.5,0,-43.07970681674623,-45.47877577684443
1996,kexp,1.5,3.5,0.5,0.5,-42.24220324490158,-44.61805778619055
1997,kexp,1.5,3.5,0.5,0.1,-40.7396202753209,-45.80631353454599
1998,kexp,1.5,3.5,0.5,0.05,-40.97707996986693,-46.2236796346796
1999,kexp,1.5,3.5,0.5,0.01,-41.07725866947214,-46.38542076448801
2000,kexp,1.5,3.5,0.5,0,-41.0817390278925,-46.39251397220851
2001,kexp,1.5,3.5,1,0.5,-43.39645910843768,-45.36166535719309
2002,kexp,1.5,3.5,1,0.1,-40.2080618572422,-43.25264018874353
2003,kexp,1.5,3.5,1,0.05,-40.145393694512606,-43.244356570477734
2004,kexp,1.5,3.5,1,0.01,-40.12790750749461,-43.24485755181613
2005,kexp,1.5,3.5,1,0,-40.12720915824034,-43.24491521666183
2006,kexp,1.5,3.5,1.5,0.5,-45.992163793535,-47.712995000920436
2007,kexp,1.5,3.5,1.5,0.1,-43.06278443745704,-45.41210817709444
2008,kexp,1.5,3.5,1.5,0.05,-42.97665312468335,-45.35384571035481
2009,kexp,1.5,3.5,1.5,0.01,-42.949640553921,-45.33594202196827
2010,kexp,1.5,3.5,1.5,0,-42.94852139759716,-45.33520449405137
2011,kexp,1.5,4,0.5,0.5,-42.08934384737088,-44.443882335430956
2012,kexp,1.5,4,0.5,0.1,-40.103932446301904,-45.054263305711515
2013,kexp,1.5,4,0.5,0.05,-40.23904501127798,-45.35763243743298
2014,kexp,1.5,4,0.5,0.01,-40.29797650616086,-45.47371395338248
2015,kexp,1.5,4,0.5,0,-40.30062717456164,-45.478784714776964
2016,kexp,1.5,4,1,0.5,-43.35079780216155,-45.30418847803617
2017,kexp,1.5,4,1,0.1,-40.01017209153104,-43.01213949999371
2018,kexp,1.5,4,1,0.05,-39.92364006848898,-42.97715492842073
2019,kexp,1.5,4,1,0.01,-39.89742734151731,-42.967927320674974
2020,kexp,1.5,4,1,0,-39.8963524888453,-42.96756561960835
2021,kexp,1.5,4,1.5,0.5,-46.013526046721545,-47.73161736547685
2022,kexp,1.5,4,1.5,0.1,-43.027182050322274,-45.36026770606881
2023,kexp,1.5,4,1.5,0.05,-42.9324117268942,-45.292228530293755
2024,kexp,1.5,4,1.5,0.01,-42.90233345899155,-45.270866826444475
2025,kexp,1.5,4,1.5,0,-42.9010831228498,-45.26998145045989
2026,kexp,1.5,6,0.5,0.5,-41.81558788749278,-44.05901865548363
2027,kexp,1.5,6,0.5,0.1,-39.02545583933006,-43.55202820807161
2028,kexp,1.5,6,0.5,0.05,-38.9926298293581,-43.6544389161897
2029,kexp,1.5,6,0.5,0.01,-38.986041508337685,-43.69297754121087
2030,kexp,1.5,6,0.5,0,-38.9858138328163,-43.69465093496515
2031,kexp,1.5,6,1,0.5,-43.36532771065664,-45.25371832136141
2032,kexp,1.5,6,1,0.1,-39.82773894663394,-42.6666277245033
2033,kexp,1.5,6,1,0.05,-39.70676792389656,-42.589454367382395
2034,kexp,1.5,6,1,0.01,-39.66811887256241,-42.565118570159484
2035,kexp,1.5,6,1,0,-39.66650940671273,-42.564108723071925
2036,kexp,1.5,6,1.5,0.5,-46.191537282192954,-47.88087400833227
2037,kexp,1.5,6,1.5,0.1,-43.172951547486356,-45.435076773684116
2038,kexp,1.5,6,1.5,0.05,-43.068004270157985,-45.353841563201044
2039,kexp,1.5,6,1.5,0.01,-43.03430226473338,-45.32783391195675
2040,kexp,1.5,6,1.5,0,-43.03289679392551,-45.32675018168659
2041,kexp,1.5,8,0.5,0.5,-41.759871575500405,-43.90350099647546
2042,kexp,1.5,8,0.5,0.1,-38.80057186390662,-43.02834779010471
2043,kexp,1.5,8,0.5,0.05,-38.723770395154155,-43.06935690795296
2044,kexp,1.5,8,0.5,0.01,-38.70051455125926,-43.08512328351041
2045,kexp,1.5,8,0.5,0,-38.69956113861916,-43.08581034879935
2046,kexp,1.5,8,1,0.5,-43.47348492631054,-45.30465533181771
2047,kexp,1.5,8,1,0.1,-39.945725004031495,-42.66910623199138
2048,kexp,1.5,8,1,0.05,-39.81892671473273,-42.58224869690109
2049,kexp,1.5,8,1,0.01,-39.77814353720846,-42.55447896584557
2050,kexp,1.5,8,1,0,-39.77644208926103,-42.55332224441277
2051,kexp,1.5,8,1.5,0.5,-46.38311685818892,-48.044390714301684
2052,kexp,1.5,8,1.5,0.1,-43.41481044073715,-45.62541159145704
2053,kexp,1.5,8,1.5,0.05,-43.31001003128178,-45.542908609446556
2054,kexp,1.5,8,1.5,0.01,-43.27629780502751,-45.516419696304474
2055,kexp,1.5,8,1.5,0,-43.2748912687235,-45.51531507219785
2056,kexp,1.5,10,0.5,0.5,-41.77986108989939,-43.85207829039768
2057,kexp,1.5,10,0.5,0.1,-38.813536782345786,-42.84834113908031
2058,kexp,1.5,10,0.5,0.05,-38.7231999652109,-42.86634937976703
2059,kexp,1.5,10,0.5,0.01,-38.694797656510985,-42.87371809339508
2060,kexp,1.5,10,0.5,0,-38.69362020001768,-42.874043096777115
2061,kexp,1.5,10,1,0.5,-43.59159861152288,-45.3831623064155
2062,kexp,1.5,10,1,0.1,-40.11228508605149,-42.762510295927555
2063,kexp,1.5,10,1,0.05,-39.98551864023285,-42.67368923005209
2064,kexp,1.5,10,1,0.01,-39.94467667186126,-42.64519582122331
2065,kexp,1.5,10,1,0,-39.94297199553001,-42.64400787691397
2066,kexp,1.5,10,1.5,0.5,-46.5492305433655,-48.19146685006355
2067,kexp,1.5,10,1.5,0.1,-43.63658838778106,-45.81559728669713
2068,kexp,1.5,10,1.5,0.05,-43.53347668950035,-45.734095100429826
2069,kexp,1.5,10,1.5,0.01,-43.50029594892547,-45.70791045739724
2070,kexp,1.5,10,1.5,0,-43.49891145661644,-45.7068183328742
2071,kexp,1.5,25,0.5,0.5,-42.44628530595178,-44.40929919950657
2072,kexp,1.5,25,0.5,0.1,-39.9571076560058,-43.72339709031618
2073,kexp,1.5,25,0.5,0.05,-39.87529461490064,-43.738449165103795
2074,kexp,1.5,25,0.5,0.01,-39.849055659386714,-43.74408878541743
2075,kexp,1.5,25,0.5,0,-39.84796174413916,-43.74433268307121
2076,kexp,1.5,25,1,0.5,-44.339951565799836,-46.085356254021434
2077,kexp,1.5,25,1,0.1,-41.17499538136936,-43.74461139709164
2078,kexp,1.5,25,1,0.05,-41.05955299226638,-43.66511342447659
2079,kexp,1.5,25,1,0.01,-41.02233201472521,-43.63957729508723
2080,kexp,1.5,25,1,0,-41.02077816051285,-43.63851226248746
2081,kexp,1.5,25,1.5,0.5,-47.342353089567965,-48.97612763841996
2082,kexp,1.5,25,1.5,0.1,-44.67648869124451,-46.83974044854049
2083,kexp,1.5,25,1.5,0.05,-44.58265623065084,-46.76705092253318
2084,kexp,1.5,25,1.5,0.01,-44.552465519739044,-46.74370148572706
2085,kexp,1.5,25,1.5,0,-44.551205828553556,-46.74272765154156
2086,kexp,1.5,50,0.5,0.5,-43.46887800882078,-45.447298650947126
2087,kexp,1.5,50,0.5,0.1,-41.8063547066146,-45.6264064880172
2088,kexp,1.5,50,0.5,0.05,-41.76361944380212,-45.682999057767546
2089,kexp,1.5,50,0.5,0.01,-41.750111408356,-45.702185940876255
2090,kexp,1.5,50,0.5,0,-41.7495503479278,-45.702997013081635
2091,kexp,1.5,50,1,0.5,-45.14487642354901,-46.912320521670736
2092,kexp,1.5,50,1,0.1,-42.300467434624686,-44.91108714987115
2093,kexp,1.5,50,1,0.05,-42.19785497041596,-44.84529268201218
2094,kexp,1.5,50,1,0.01,-42.164783677458566,-44.824190665722845
2095,kexp,1.5,50,1,0,-42.16340319480559,-44.82331090794267
2096,kexp,1.5,50,1.5,0.5,-48.034875062055114,-49.69289886660382
2097,kexp,1.5,50,1.5,0.1,-45.55671010654688,-47.7564990764031
2098,kexp,1.5,50,1.5,0.05,-45.469925423549846,-47.69135764658055
2099,kexp,1.5,50,1.5,0.01,-45.44200779713836,-47.67044323552202
2100,kexp,1.5,50,1.5,0,-45.440843006347244,-47.66957106881126
2101,kexp,1.75,0.2,0.5,0.5,-59.51749175036937,-61.97774742267207
2102,kexp,1.75,0.2,0.5,0.1,-172.924704861583,-177.3261624290519
2103,kexp,1.75,0.2,0.5,0.05,-224.35375067953314,-228.69201025015857
2104,kexp,1.75,0.2,0.5,0.01,-280.422885879616,-284.7097384671007
2105,kexp,1.75,0.2,0.5,0,-284.709886610775,-288.99370413186307
2106,kexp,1.75,0.2,1,0.5,-56.125115697879764,-57.91145958670354
2107,kexp,1.75,0.2,1,0.1,-109.82113062466652,-112.1076875415774
2108,kexp,1.75,0.2,1,0.05,-132.27630719169855,-134.53754942273517
2109,kexp,1.75,0.2,1,0.01,-150.22837614224287,-152.47505562069307
2110,kexp,1.75,0.2,1,0,-151.30196541139605,-153.54790130900335
2111,kexp,1.75,0.2,1.5,0.5,-54.69345194402219,-56.08149504537803
2112,kexp,1.75,0.2,1.5,0.1,-87.63148872289501,-89.21833697689206
2113,kexp,1.75,0.2,1.5,0.05,-100.75220279762551,-102.3258337440354
2114,kexp,1.75,0.2,1.5,0.01,-109.49963813175849,-111.06660187444969
2115,kexp,1.75,0.2,1.5,0,-109.97214720251948,-111.53878922563676
2116,kexp,1.75,0.5,0.5,0.5,-51.74504876605416,-54.282386369948156
2117,kexp,1.75,0.5,0.5,0.1,-90.92856141227578,-96.50329750793672
2118,kexp,1.75,0.5,0.5,0.05,-107.46246679733011,-113.1941718705536
2119,kexp,1.75,0.5,0.5,0.01,-119.42461705794628,-125.2062560876574
2120,kexp,1.75,0.5,0.5,0,-120.09897526822196,-125.88269778115415
2121,kexp,1.75,0.5,1,0.5,-49.10726699892784,-51.0617939730328
2122,kexp,1.75,0.5,1,0.1,-64.37816125188985,-67.39757318736365
2123,kexp,1.75,0.5,1,0.05,-70.4107958719564,-73.47209852849039
2124,kexp,1.75,0.5,1,0.01,-73.70754729801695,-76.78225089291446
2125,kexp,1.75,0.5,1,0,-73.87022260399,-76.94548554138987
2126,kexp,1.75,0.5,1.5,0.5,-49.002607465782454,-50.59452501883056
2127,kexp,1.75,0.5,1.5,0.1,-56.983460053998016,-59.12941081561948
2128,kexp,1.75,0.5,1.5,0.05,-60.05521821304094,-62.22102896108595
2129,kexp,1.75,0.5,1.5,0.01,-61.53081499725383,-63.70299239337022
2130,kexp,1.75,0.5,1.5,0,-61.6001272443752,-63.772570323262144
2131,kexp,1.75,1,0.5,0.5,-46.43734337212796,-49.04187947039116
2132,kexp,1.75,1,0.5,0.1,-61.462342211865646,-67.55525286311922
2133,kexp,1.75,1,0.5,0.05,-67.30012557425765,-73.64128358563516
2134,kexp,1.75,1,0.5,0.01,-70.48330092917756,-76.9142689044742
2135,kexp,1.75,1,0.5,0,-70.64033027644483,-77.07520976143394
2136,kexp,1.75,1,1,0.5,-45.46450970584058,-47.57461083009343
2137,kexp,1.75,1,1,0.1,-49.171590000821524,-52.60418645075262
2138,kexp,1.75,1,1,0.05,-50.88730495447097,-54.391370514483086
2139,kexp,1.75,1,1,0.01,-51.65753149097631,-55.186172009862034
2140,kexp,1.75,1,1,0,-51.69285255318333,-55.222540147789765
2141,kexp,1.75,1,1.5,0.5,-46.62725150401785,-48.413265784654094
2142,kexp,1.75,1,1.5,0.1,-47.44601054590256,-49.96019935548406
2143,kexp,1.75,1,1.5,0.05,-48.191857787577256,-50.74092341079558
2144,kexp,1.75,1,1.5,0.01,-48.502610708453275,-51.06340516751561
2145,kexp,1.75,1,1.5,0,-48.51651550782289,-51.07780580563106
2146,kexp,1.75,1.5,0.5,0.5,-44.42123602167611,-47.04497209146907
2147,kexp,1.75,1.5,0.5,0.1,-51.748259965510556,-57.91170065102671
2148,kexp,1.75,1.5,0.5,0.05,-54.592813107695086,-61.02902853005977
2149,kexp,1.75,1.5,0.5,0.01,-55.95924920880659,-62.49476763413564
2150,kexp,1.75,1.5,0.5,0,-56.02345098189381,-62.56328262639037
2151,kexp,1.75,1.5,1,0.5,-44.24354738458635,-46.416352385760916
2152,kexp,1.75,1.5,1,0.1,-44.441400787840955,-48.003399950344814
2153,kexp,1.75,1.5,1,0.05,-45.129556619514375,-48.77158671509446
2154,kexp,1.75,1.5,1,0.01,-45.41886922736163,-49.0883739914
2155,kexp,1.75,1.5,1,0,-45.431842351670376,-49.102515401645626
2156,kexp,1.75,1.5,1.5,0.5,-45.94180551350371,-47.81703846315359
2157,kexp,1.75,1.5,1.5,0.1,-44.694826655341394,-47.35582675366642
2158,kexp,1.75,1.5,1.5,0.05,-44.93749285537152,-47.63797913497843
2159,kexp,1.75,1.5,1.5,0.01,-45.03640953989966,-47.75013744276954
2160,kexp,1.75,1.5,1.5,0,-45.04079500409767,-47.75508185589473
2161,kexp,1.75,2,0.5,0.5,-43.40879958511511,-46.04554000286494
2162,kexp,1.75,2,0.5,0.1,-46.90822666444724,-53.04157304785682
2163,kexp,1.75,2,0.5,0.05,-48.4996042922699,-54.90535032183889
2164,kexp,1.75,2,0.5,0.01,-49.21409855136461,-55.71793517441997
2165,kexp,1.75,2,0.5,0,-49.24687019655497,-55.75494311825682
2166,kexp,1.75,2,1,0.5,-43.64503978059633,-45.8525181277606
2167,kexp,1.75,2,1,0.1,-42.197715843922346,-45.80376629495124
2168,kexp,1.75,2,1,0.05,-42.49726809734872,-46.18396594795078
2169,kexp,1.75,2,1,0.01,-42.62196556522232,-46.33611295708414
2170,kexp,1.75,2,1,0,-42.62752612810271,-46.34283711419931
2171,kexp,1.75,2,1.5,0.5,-45.63134448226278,-47.55804673596451
2172,kexp,1.75,2,1.5,0.1,-43.467402890895734,-46.197711525460164
2173,kexp,1.75,2,1.5,0.05,-43.53059574032074,-46.301048260615005
2174,kexp,1.75,2,1.5,0.01,-43.559270746297244,-46.343097712993384
2175,kexp,1.75,2,1.5,0,-43.56056696782423,-46.344957308714825
2176,kexp,1.75,2.5,0.5,0.5,-42.80670293530486,-45.44747917213941
2177,kexp,1.75,2.5,0.5,0.1,-44.074581099464616,-50.118188737546156
2178,kexp,1.75,2.5,0.5,0.05,-45.031374556635754,-51.335169368321
2179,kexp,1.75,2.5,0.5,0.01,-45.44494765181254,-51.84118778383108
2180,kexp,1.75,2.5,0.5,0,-45.46366636944966,-51.86387819286601
2181,kexp,1.75,2.5,1,0.5,-43.301999165575836,-45.52542312321419
2182,kexp,1.75,2.5,1,0.1,-40.95042559660219,-44.55115115791697
2183,kexp,1.75,2.5,1,0.05,-41.06703536310855,-44.745463512527564
2184,kexp,1.75,2.5,1,0.01,-41.118478989702226,-44.82313049396083
2185,kexp,1.75,2.5,1,0,-41.120795960956066,-44.82655609286153
2186,kexp,1.75,2.5,1.5,0.5,-45.47272428133943,-47.427647640043205
2187,kexp,1.75,2.5,1.5,0.1,-42.83181502303521,-45.586881676810904
2188,kexp,1.75,2.5,1.5,0.05,-42.81434497840306,-45.60847411217932
2189,kexp,1.75,2.5,1.5,0.01,-42.812684287848306,-45.61974988990869
2190,kexp,1.75,2.5,1.5,0,-42.81266135401408,-45.62027092207868
2191,kexp,1.75,3,0.5,0.5,-42.41310932956596,-45.04645890885284
2192,kexp,1.75,3,0.5,0.1,-42.27687550310727,-48.19265750956422
2193,kexp,1.75,3,0.5,0.05,-42.87444404029024,-49.03364244122214
2194,kexp,1.75,3,0.5,0.01,-43.127739487127926,-49.372355274000896
2195,kexp,1.75,3,0.5,0,-43.13912066719852,-49.38739038351533
2196,kexp,1.75,3,1,0.5,-43.09449940954937,-45.31944689494656
2197,kexp,1.75,3,1,0.1,-40.20568758257207,-43.77131535598998
2198,kexp,1.75,3,1,0.05,-40.22461912506053,-43.86371423223717
2199,kexp,1.75,3,1,0.01,-40.23831456875719,-43.90202564433543
2200,kexp,1.75,3,1,0,-40.238977230248224,-43.90372673984899
2201,kexp,1.75,3,1.5,0.5,-45.39591912971715,-47.363278952563135
2202,kexp,1.75,3,1.5,0.1,-42.48796450076726,-45.241360383808384
2203,kexp,1.75,3,1.5,0.05,-42.429233460179155,-45.21998240939145
2204,kexp,1.75,3,1.5,0.01,-42.41242863939407,-45.21548782684756
2205,kexp,1.75,3,1.5,0,-42.41175161382968,-45.21532772118826
2206,kexp,1.75,3.5,0.5,0.5,-42.14203767905306,-44.75793406694108
2207,kexp,1.75,3.5,0.5,0.1,-41.082315729426796,-46.851520234789774
2208,kexp,1.75,3.5,0.5,0.05,-41.461057687513794,-47.45625402982387
2209,kexp,1.75,3.5,0.5,0.01,-41.620775500740095,-47.69442820569566
2210,kexp,1.75,3.5,0.5,0,-41.62792977589531,-47.70492690992644
2211,kexp,1.75,3.5,1,0.5,-42.96865022462497,-45.18524293269082
2212,kexp,1.75,3.5,1,0.1,-39.74642788148292,-43.26162954804222
2213,kexp,1.75,3.5,1,0.05,-39.70883202046123,-43.293110613469466
2214,kexp,1.75,3.5,1,0.01,-39.701196534934574,-43.3084848541152
2215,kexp,1.75,3.5,1,0,-39.700930708948334,-43.309188058521094
2216,kexp,1.75,3.5,1.5,0.5,-45.36832013430666,-47.338108575007126
2217,kexp,1.75,3.5,1.5,0.1,-42.30576324042653,-45.043388330100676
2218,kexp,1.75,3.5,1.5,0.05,-42.22418084842401,-44.99736210358192
2219,kexp,1.75,3.5,1.5,0.01,-42.199118682510594,-44.98397312206274
2220,kexp,1.75,3.5,1.5,0,-42.19808654920285,-44.98343063728636
2221,kexp,1.75,4,0.5,0.5,-41.95002477663207,-44.54119762407341
2222,kexp,1.75,4,0.5,0.1,-40.265686142044515,-45.88348453655741
2223,kexp,1.75,4,0.5,0.05,-40.50398439545264,-46.33152683175702
2224,kexp,1.75,4,0.5,0.01,-40.605461145407325,-46.50516650721121
2225,kexp,1.75,4,0.5,0,-40.610009568719505,-46.51278241524234
2226,kexp,1.75,4,1,0.5,-42.895321833595425,-45.097494787116496
2227,kexp,1.75,4,1,0.1,-39.46121069613067,-42.920093648239714
2228,kexp,1.75,4,1,0.05,-39.3890484344888,-42.912962831856355
2229,kexp,1.75,4,1,0.01,-39.368582834374735,-42.914058161113324
2230,kexp,1.75,4,1,0,-39.36776114837784,-42.91414328651677
2231,kexp,1.75,4,1.5,0.5,-45.371603832060536,-47.337911477431454
2232,kexp,1.75,4,1.5,0.1,-42.219122253657055,-44.934573007352625
2233,kexp,1.75,4,1.5,0.05,-42.12422836090535,-44.8735838922879
2234,kexp,1.75,4,1.5,0.01,-42.09440359006151,-44.85485702049772
2235,kexp,1.75,4,1.5,0,-42.093167204170776,-44.85408577284563
2236,kexp,1.75,6,0.5,0.5,-41.58663173950144,-44.0512501856034
2237,kexp,1.75,6,0.5,0.1,-38.81090739115977,-43.89335935484227
2238,kexp,1.75,6,0.5,0.05,-38.81245957758344,-44.05827408081146
2239,kexp,1.75,6,0.5,0.01,-38.81950957771188,-44.12026691131932
2240,kexp,1.75,6,0.5,0,-38.81988267625028,-44.12295973010724
2241,kexp,1.75,6,1,0.5,-42.85362025355853,-44.979956709195704
2242,kexp,1.75,6,1,0.1,-39.108940514971636,-42.360175737090614
2243,kexp,1.75,6,1,0.05,-38.98429089348519,-42.289408257610454
2244,kexp,1.75,6,1,0.01,-38.944690866028935,-42.26748089747151
2245,kexp,1.75,6,1,0,-38.94304442324636,-42.26657552086674
2246,kexp,1.75,6,1.5,0.5,-45.5173341720243,-47.45059565260732
2247,kexp,1.75,6,1.5,0.1,-42.27373448478121,-44.897965794413516
2248,kexp,1.75,6,1.5,0.05,-42.16119517065201,-44.81489372664499
2249,kexp,1.75,6,1.5,0.01,-42.12509236149734,-44.78837386405514
2250,kexp,1.75,6,1.5,0,-42.123587201490864,-44.78726964703051
2251,kexp,1.75,8,0.5,0.5,-41.49264378710161,-43.8396220480664
2252,kexp,1.75,8,0.5,0.1,-38.44959065255987,-43.157277268559575
2253,kexp,1.75,8,0.5,0.05,-38.38526974065639,-43.231899372395795
2254,kexp,1.75,8,0.5,0.01,-38.36702921436958,-43.25991458725537
2255,kexp,1.75,8,0.5,0,-38.36629698074822,-43.261129627522124
2256,kexp,1.75,8,1,0.5,-42.94713485100627,-45.00624954679828
2257,kexp,1.75,8,1,0.1,-39.178129805568226,-42.28492908441797
2258,kexp,1.75,8,1,0.05,-39.04259841458926,-42.197752238268876
2259,kexp,1.75,8,1,0.01,-38.99904983797677,-42.16999660805058
2260,kexp,1.75,8,1,0,-38.99723353397484,-42.16884179589928
2261,kexp,1.75,8,1.5,0.5,-45.70726409165154,-47.60871436600474
2262,kexp,1.75,8,1.5,0.1,-42.49952716563658,-45.060076189043144
2263,kexp,1.75,8,1.5,0.05,-42.38531513336514,-44.973256315734375
2264,kexp,1.75,8,1.5,0.01,-42.348567819786105,-44.94539634320877
2265,kexp,1.75,8,1.5,0,-42.347034580964554,-44.94423471460445
2266,kexp,1.75,10,0.5,0.5,-41.48998454186426,-43.74808807812554
2267,kexp,1.75,10,0.5,0.1,-38.40003008791099,-42.85888888914336
2268,kexp,1.75,10,0.5,0.05,-38.31329387702789,-42.89772792989231
2269,kexp,1.75,10,0.5,0.01,-38.286520362340255,-42.91256436879619
2270,kexp,1.75,10,0.5,0,-38.285416368675136,-42.91320978461638
2271,kexp,1.75,10,1,0.5,-43.06200116163694,-45.07257255490388
2272,kexp,1.75,10,1,0.1,-39.330851915333014,-42.34413693323653
2273,kexp,1.75,10,1,0.05,-39.193607417646305,-42.25237447939466
2274,kexp,1.75,10,1,0.01,-39.14938106760214,-42.22297712318949
2275,kexp,1.75,10,1,0,-39.14753505572602,-42.221751940885525
2276,kexp,1.75,10,1.5,0.5,-45.87936820561357,-47.758517590600704
2277,kexp,1.75,10,1.5,0.1,-42.72529776249059,-45.24636820620543
2278,kexp,1.75,10,1.5,0.05,-42.61229781632808,-45.15974748548219
2279,kexp,1.75,10,1.5,0.01,-42.575915121234935,-45.131915704825296
2280,kexp,1.75,10,1.5,0,-42.57439681399118,-45.130754855555644
2281,kexp,1.75,25,0.5,0.5,-42.06011786295686,-44.14799794313385
2282,kexp,1.75,25,0.5,0.1,-39.365014658142215,-43.39919082488289
2283,kexp,1.75,25,0.5,0.05,-39.274924713170236,-43.41587217524894
2284,kexp,1.75,25,0.5,0.01,-39.24601231506468,-43.422164403561894
2285,kexp,1.75,25,0.5,0,-39.2448067431137,-43.42243695261938
2286,kexp,1.75,25,1,0.5,-43.79912711917227,-45.73520938151495
2287,kexp,1.75,25,1,0.1,-40.38123342265782,-43.26176341449487
2288,kexp,1.75,25,1,0.05,-40.25421135202652,-43.176775279592874
2289,kexp,1.75,25,1,0.01,-40.213211788834776,-43.149458269408996
2290,kexp,1.75,25,1,0,-40.211499706667915,-43.148318776114536
2291,kexp,1.75,25,1.5,0.5,-46.70214807684275,-48.5641964198507
2292,kexp,1.75,25,1.5,0.1,-43.81114830693574,-46.300304271954005
2293,kexp,1.75,25,1.5,0.05,-43.707865213982835,-46.222487664423895
2294,kexp,1.75,25,1.5,0.01,-43.67460749765465,-46.197478125600696
2295,kexp,1.75,25,1.5,0,-43.673219557101675,-46.196434913194544
2296,kexp,1.75,50,0.5,0.5,-43.093208621726255,-45.18833806511212
2297,kexp,1.75,50,0.5,0.1,-41.199889580766616,-45.27496642663005
2298,kexp,1.75,50,0.5,0.05,-41.14624630370405,-45.33035847642105
2299,kexp,1.75,50,0.5,0.01,-41.129164736734914,-45.34923251395746
2300,kexp,1.75,50,0.5,0,-41.12845387188316,-45.35003134603242
2301,kexp,1.75,50,1,0.5,-44.63919535618831,-46.59823927145648
2302,kexp,1.75,50,1,0.1,-41.55008463199495,-44.475080697481246
2303,kexp,1.75,50,1,0.05,-41.43611297157596,-44.40413783476853
2304,kexp,1.75,50,1,0.01,-41.39933209776899,-44.38136341176693
2305,kexp,1.75,50,1,0,-41.39779624522659,-44.38041370288065
2306,kexp,1.75,50,1.5,0.5,-47.44489218793403,-49.33699282347379
2307,kexp,1.75,50,1.5,0.1,-44.754906267201214,-47.2896332593733
2308,kexp,1.75,50,1.5,0.05,-44.659174382201066,-47.21999934533481
2309,kexp,1.75,50,1.5,0.01,-44.628352158216416,-47.197629675444375
2310,kexp,1.75,50,1.5,0,-44.6270658989231,-47.19669668441136
2311,kexp,2,0.2,0.5,0.5,-60.21692865188861,-62.90370553658586
2312,kexp,2,0.2,0.5,0.1,-189.0919221440698,-194.03229588387504
2313,kexp,2,0.2,0.5,0.05,-248.95236140061144,-253.7957700532827
2314,kexp,2,0.2,0.5,0.01,-317.8802237079551,-322.6474612000406
2315,kexp,2,0.2,0.5,0,-323.4659736353675,-328.2286017542106
2316,kexp,2,0.2,1,0.5,-56.7520092816329,-58.73371896378788
2317,kexp,2,0.2,1,0.1,-119.09427976873992,-121.65364888809572
2318,kexp,2,0.2,1,0.05,-145.63633805952506,-148.1577982289103
2319,kexp,2,0.2,1,0.01,-168.20592848878036,-170.7055168230968
2320,kexp,2,0.2,1,0,-169.6108087154798,-172.1092595875111
2321,kexp,2,0.2,1.5,0.5,-55.17987780331128,-56.730098392089154
2322,kexp,2,0.2,1.5,0.1,-93.95469601256845,-95.72890583431965
2323,kexp,2,0.2,1.5,0.05,-109.70927514077891,-111.46362204476812
2324,kexp,2,0.2,1.5,0.01,-120.84517429971424,-122.58939488874596
2325,kexp,2,0.2,1.5,0,-121.46524259823141,-123.20896772133085
2326,kexp,2,0.5,0.5,0.5,-52.47984926403513,-55.23298802449756
2327,kexp,2,0.5,0.5,0.1,-98.13642959308355,-104.43409677633069
2328,kexp,2,0.5,0.5,0.05,-117.85583098837677,-124.33891034166659
2329,kexp,2,0.5,0.5,0.01,-133.02090593932937,-139.5613790165738
2330,kexp,2,0.5,0.5,0,-133.90594755199626,-140.4487821123535
2331,kexp,2,0.5,1,0.5,-49.46146060005589,-51.61275810752865
2332,kexp,2,0.5,1,0.1,-67.87448427101234,-71.28417811121474
2333,kexp,2,0.5,1,0.05,-75.31141593450259,-78.770003095262
2334,kexp,2,0.5,1,0.01,-79.57974302441366,-83.0536746039254
2335,kexp,2,0.5,1,0,-79.79469505508027,-83.26926253011884
2336,kexp,2,0.5,1.5,0.5,-49.05124834895277,-50.814772979612584
2337,kexp,2,0.5,1.5,0.1,-58.99750691669196,-61.41865958116782
2338,kexp,2,0.5,1.5,0.05,-62.87006924385198,-65.31428627503635
2339,kexp,2,0.5,1.5,0.01,-64.80490452021584,-67.25641340142712
2340,kexp,2,0.5,1.5,0,-64.89709975099377,-67.34891153092371
2341,kexp,2,1,0.5,0.5,-46.89192786514059,-49.72319106110095
2342,kexp,2,1,0.5,0.1,-65.0714234882205,-71.99765097616472
2343,kexp,2,1,0.5,0.05,-72.29611047718352,-79.52518360248307
2344,kexp,2,1,0.5,0.01,-76.42996927597662,-83.76974916286792
2345,kexp,2,1,0.5,0,-76.63805552725827,-83.9826850038953
2346,kexp,2,1,1,0.5,-45.47962962525386,-47.81042092076033
2347,kexp,2,1,1,0.1,-50.52869617492337,-54.43262564295437
2348,kexp,2,1,1,0.05,-52.74640952634503,-56.737775761336636
2349,kexp,2,1,1,0.01,-53.773574006569916,-57.79524456350126
2350,kexp,2,1,1,0,-53.821184847475635,-57.84415066590532
2351,kexp,2,1,1.5,0.5,-46.350050319182664,-48.337231077593174
2352,kexp,2,1,1.5,0.1,-47.913204935239776,-50.77118564517815
2353,kexp,2,1,1.5,0.05,-48.91120215026047,-51.81188629835546
2354,kexp,2,1,1.5,0.01,-49.33591587775685,-52.25104838033665
2355,kexp,2,1,1.5,0,-49.35505014988172,-52.270794748903924
2356,kexp,2,1.5,0.5,0.5,-44.70496398674303,-47.555726585959654
2357,kexp,2,1.5,0.5,0.1,-54.073892688460134,-61.06963687208806
2358,kexp,2,1.5,0.5,0.05,-57.69546798027948,-65.02666934328812
2359,kexp,2,1.5,0.5,0.01,-59.50146189627236,-66.95677576768132
2360,kexp,2,1.5,0.5,0,-59.58750236659133,-67.04824295227297
2361,kexp,2,1.5,1,0.5,-44.11971247265732,-46.52247448288131
2362,kexp,2,1.5,1,0.1,-45.062562362484094,-49.11515605040075
2363,kexp,2,1.5,1,0.05,-45.99592754745793,-50.14754054858588
2364,kexp,2,1.5,1,0.01,-46.395885664356,-50.58184237398037
2365,kexp,2,1.5,1,0,-46.41393443457873,-50.60135649540351
2366,kexp,2,1.5,1.5,0.5,-45.55460797142827,-47.6456013628861
2367,kexp,2,1.5,1.5,0.1,-44.65477614453694,-47.68494187886534
2368,kexp,2,1.5,1.5,0.05,-45.01026988529001,-48.08936026795608
2369,kexp,2,1.5,1.5,0.01,-45.15576966797764,-48.25138640275393
2370,kexp,2,1.5,1.5,0,-45.16223398638332,-48.25854987225024
2371,kexp,2,2,0.5,0.5,-43.5894114262467,-46.44772199968026
2372,kexp,2,2,0.5,0.1,-48.522858224021796,-55.45896651379961
2373,kexp,2,2,0.5,0.05,-50.60175694411405,-57.87418075627426
2374,kexp,2,2,0.5,0.01,-51.56282284602927,-58.95846982352932
2375,kexp,2,2,0.5,0,-51.60735693751176,-59.00835902748885
2376,kexp,2,2,1,0.5,-43.443771596795216,-45.88299716151873
2377,kexp,2,2,1,0.1,-42.427461235463774,-46.52382170202212
2378,kexp,2,2,1,0.05,-42.864754189902904,-47.06138328045544
2379,kexp,2,2,1,0.01,-43.047637941428064,-47.27874046493828
2380,kexp,2,2,1,0,-43.05581325409907,-47.28838165356289
2381,kexp,2,2,1.5,0.5,-45.18713857625069,-47.33646887329202
2382,kexp,2,2,1.5,0.1,-43.169396589498234,-46.27836630499072
2383,kexp,2,2,1.5,0.05,-43.290774204932525,-46.44972437133707
2384,kexp,2,2,1.5,0.01,-43.342476648519956,-46.51819284431729
2385,kexp,2,2,1.5,0,-43.34478755548586,-46.52121139143984
2386,kexp,2,2.5,0.5,0.5,-42.91554097170345,-45.77215286650381
2387,kexp,2,2.5,0.5,0.1,-45.225829525780334,-52.03419567183953
2388,kexp,2,2.5,0.5,0.05,-46.50993038026897,-53.63975699431356
2389,kexp,2,2.5,0.5,0.01,-47.07747995859908,-54.32346210102499
2390,kexp,2,2.5,0.5,0,-47.10336489877427,-54.354365665888
2391,kexp,2,2.5,1,0.5,-43.04675288321828,-45.50114257820213
2392,kexp,2,2.5,1,0.1,-40.933689885907185,-45.015984576679486
2393,kexp,2,2.5,1,0.05,-41.133519282305684,-45.3124988187444
2394,kexp,2,2.5,1,0.01,-41.218815251841825,-45.43072724575991
2395,kexp,2,2.5,1,0,-41.222636016407975,-45.43594407408989
2396,kexp,2,2.5,1.5,0.5,-44.990049765941315,-47.17085528250074
2397,kexp,2,2.5,1.5,0.1,-42.37654458018161,-45.51172119232526
2398,kexp,2,2.5,1.5,0.05,-42.390721719673834,-45.57456630300661
2399,kexp,2,2.5,1.5,0.01,-42.40136569236992,-45.60142646801238
2400,kexp,2,2.5,1.5,0,-42.4018819181658,-45.60262573936548
2401,kexp,2,3,0.5,0.5,-42.467168074565905,-45.311352676813144
2402,kexp,2,3,0.5,0.1,-43.10353420562866,-49.743423142746
2403,kexp,2,3,0.5,0.05,-43.9313459291885,-50.87136058739844
2404,kexp,2,3,0.5,0.01,-44.2876478629286,-51.33465006502103
2405,kexp,2,3,0.5,0,-44.30374497772068,-51.355346935499135
2406,kexp,2,3,1,0.5,-42.797969074619466,-45.251854028402114
2407,kexp,2,3,1,0.1,-40.02095921002018,-44.05503166732547
2408,kexp,2,3,1,0.05,-40.0921146717028,-44.21740843801374
2409,kexp,2,3,1,0.01,-40.1266053762812,-44.282717347075696
2410,kexp,2,3,1,0,-40.12818572758862,-44.28560086346387
2411,kexp,2,3,1.5,0.5,-44.884445016687266,-47.0787286531968
2412,kexp,2,3,1.5,0.1,-41.9280492857069,-45.058260230431834
2413,kexp,2,3,1.5,0.05,-41.88636827581751,-45.06302027751862
2414,kexp,2,3,1.5,0.01,-41.876207535689545,-45.06824665905199
2415,kexp,2,3,1.5,0,-41.87582150676972,-45.06850770200612
2416,kexp,2,3.5,0.5,0.5,-42.152223656893796,-44.97454362694785
2417,kexp,2,3.5,0.5,0.1,-41.6718775537508,-48.12478476403209
2418,kexp,2,3.5,0.5,0.05,-42.21837639804793,-48.94877601227559
2419,kexp,2,3.5,0.5,0.01,-42.45044931179512,-49.27858380178351
2420,kexp,2,3.5,0.5,0,-42.46087795221492,-49.29319732819631
2421,kexp,2,3.5,1,0.5,-42.639410846375704,-45.082196352027076
2422,kexp,2,3.5,1,0.1,-39.441788031628136,-43.410394725914884
2423,kexp,2,3.5,1,0.05,-39.437423306430034,-43.491450182412365
2424,kexp,2,3.5,1,0.01,-39.44289602870847,-43.52558526526938
2425,kexp,2,3.5,1,0,-39.44320677460128,-43.527105583046804
2426,kexp,2,3.5,1.5,0.5,-44.83444550126162,-47.03080664132123
2427,kexp,2,3.5,1.5,0.1,-41.67262522477364,-44.78121175419575
2428,kexp,2,3.5,1.5,0.05,-41.59938891584272,-44.752012892106606
2429,kexp,2,3.5,1.5,0.01,-41.577689142184084,-44.74483773849499
2430,kexp,2,3.5,1.5,0,-41.57680524462884,-44.744563863891806
2431,kexp,2,4,0.5,0.5,-41.924420283466276,-44.71795640433376
2432,kexp,2,4,0.5,0.1,-40.67740643525908,-46.9405362849321
2433,kexp,2,4,0.5,0.05,-41.04139700428791,-47.56064335582892
2434,kexp,2,4,0.5,0.01,-41.195612089406104,-47.80413579392773
2435,kexp,2,4,0.5,0,-41.202526760675774,-47.81486048143588
2436,kexp,2,4,1,0.5,-42.53996736243309,-44.96524140265112
2437,kexp,2,4,1,0.1,-39.06851657542087,-42.965505002750504
2438,kexp,2,4,1,0.05,-39.01730595706844,-42.99429171308804
2439,kexp,2,4,1,0.01,-39.00512111300941,-43.008800771226134
2440,kexp,2,4,1,0,-39.00466353139531,-43.00946789069935
2441,kexp,2,4,1.5,0.5,-44.82019900876707,-47.01195468865253
2442,kexp,2,4,1.5,0.1,-41.533240030061,-44.61276465391469
2443,kexp,2,4,1.5,0.05,-41.4411992026355,-44.562516204397085
2444,kexp,2,4,1.5,0.01,-41.41270727177192,-44.54775890612123
2445,kexp,2,4,1.5,0,-41.41153131753834,-44.547159223020216
2446,kexp,2,6,0.5,0.5,-41.47316850511703,-44.12510505294353
2447,kexp,2,6,0.5,0.1,-38.838097182988705,-44.44488482172375
2448,kexp,2,6,0.5,0.05,-38.887906514122,-44.689021293115474
2449,kexp,2,6,0.5,0.01,-38.91398186940725,-44.78101257683167
2450,kexp,2,6,0.5,0,-38.91519259734439,-44.78501309539577
2451,kexp,2,6,1,0.5,-42.43951043280282,-44.77707050336206
2452,kexp,2,6,1,0.1,-38.535527211239156,-42.17481051769346
2453,kexp,2,6,1,0.05,-38.410698123347174,-42.114812610596964
2454,kexp,2,6,1,0.01,-38.3713823590369,-42.096844077600394
2455,kexp,2,6,1,0,-38.36975177827667,-42.09610958945085
2456,kexp,2,6,1.5,0.5,-44.92955464792274,-47.082548976457126
2457,kexp,2,6,1.5,0.1,-41.48573137355657,-44.449846839403875
2458,kexp,2,6,1.5,0.05,-41.36702801580238,-44.36679124156583
2459,kexp,2,6,1.5,0.01,-41.3290112551638,-44.34039500620735
2460,kexp,2,6,1.5,0,-41.3274270344981,-44.339297283377654
2461,kexp,2,8,0.5,0.5,-41.340533084319866,-43.8600592138655
2462,kexp,2,8,0.5,0.1,-38.33025801093949,-43.48476409299717
2463,kexp,2,8,0.5,0.05,-38.28872824267458,-43.60495215718109
2464,kexp,2,8,0.5,0.01,-38.279235023147756,-43.64960258324307
2465,kexp,2,8,0.5,0,-38.27888479589076,-43.65153527648504
2466,kexp,2,8,1,0.5,-42.51436042893401,-44.77547251803717
2467,kexp,2,8,1,0.1,-38.54597019370927,-42.01014257500847
2468,kexp,2,8,1,0.05,-38.40406022282107,-41.9255176939223
2469,kexp,2,8,1,0.01,-38.35854331407281,-41.89875997198956
2470,kexp,2,8,1,0,-38.35664586667691,-41.89764880536583
2471,kexp,2,8,1.5,0.5,-45.112708096103816,-47.23004063110182
2472,kexp,2,8,1.5,0.1,-41.68594868029678,-44.572562657965975
2473,kexp,2,8,1.5,0.05,-41.56319757614818,-44.48256257120253
2474,kexp,2,8,1.5,0.01,-41.52370294078703,-44.45371146611085
2475,kexp,2,8,1.5,0,-41.52205508618525,-44.452508844237485
2476,kexp,2,10,0.5,0.5,-41.31729007542012,-43.73360902073591
2477,kexp,2,10,0.5,0.1,-38.21538372087725,-43.06711347773522
2478,kexp,2,10,0.5,0.05,-38.140860316958744,-43.136446256212295
2479,kexp,2,10,0.5,0.01,-38.118721979251916,-43.16216979326691
2480,kexp,2,10,0.5,0,-38.11781967694521,-43.16328197778229
2481,kexp,2,10,1,0.5,-42.62446159533963,-44.82950314007047
2482,kexp,2,10,1,0.1,-38.679892347971354,-42.030579847952474
2483,kexp,2,10,1,0.05,-38.53400267709777,-41.938057047197915
2484,kexp,2,10,1,0.01,-38.486998050637204,-41.90848750729837
2485,kexp,2,10,1,0,-38.48503617754763,-41.90725595682583
2486,kexp,2,10,1.5,0.5,-45.28791235095808,-47.38034031755957
2487,kexp,2,10,1.5,0.1,-41.91022370421442,-44.74943049084689
2488,kexp,2,10,1.5,0.05,-41.78795802282829,-44.6585006068874
2489,kexp,2,10,1.5,0.01,-41.74857427266898,-44.62928788235512
2490,kexp,2,10,1.5,0,-41.746930540329004,-44.62806947908635
2491,kexp,2,25,0.5,0.5,-41.80669376812342,-43.99453708062164
2492,kexp,2,25,0.5,0.1,-39.023778763313956,-43.29214684704932
2493,kexp,2,25,0.5,0.05,-38.9323116786335,-43.317323529044906
2494,kexp,2,25,0.5,0.01,-38.90301270003304,-43.32656171419849
2495,kexp,2,25,0.5,0,-38.90179161545428,-43.32695953180677
2496,kexp,2,25,1,0.5,-43.35354876866363,-45.45802413046516
2497,kexp,2,25,1,0.1,-39.71834737037626,-42.884210931180206
2498,kexp,2,25,1,0.05,-39.58104163000982,-42.795113625006934
2499,kexp,2,25,1,0.01,-39.53667768789275,-42.76646375321629
2500,kexp,2,25,1,0,-39.53482462753874,-42.7652685313651
2501,kexp,2,25,1.5,0.5,-46.137060452351044,-48.2059347341761
2502,kexp,2,25,1.5,0.1,-43.03542005935985,-45.82766129474789
2503,kexp,2,25,1.5,0.05,-42.923048314149916,-45.74516143293248
2504,kexp,2,25,1.5,0.01,-42.886836036296096,-45.71863373795473
2505,kexp,2,25,1.5,0,-42.885324494148655,-45.717527060465635
2506,kexp,2,50,0.5,0.5,-42.83019554268875,-45.01158406463352
2507,kexp,2,50,0.5,0.1,-40.82186099423728,-45.104553801659314
2508,kexp,2,50,0.5,0.05,-40.76418765389297,-45.16507956647013
2509,kexp,2,50,0.5,0.01,-40.745809351313774,-45.185754243392914
2510,kexp,2,50,0.5,0,-40.74504436759447,-45.18662984678726
2511,kexp,2,50,1,0.5,-44.21422520466789,-46.33990152655624
2512,kexp,2,50,1,0.1,-40.914737666411334,-44.12386530874609
2513,kexp,2,50,1,0.05,-40.790681589376966,-44.04903982506198
2514,kexp,2,50,1,0.01,-40.75059874778391,-44.02500371546318
2515,kexp,2,50,1,0,-40.74892450236501,-44.02400122868793
2516,kexp,2,50,1.5,0.5,-46.91730343741976,-49.02107892094001
2517,kexp,2,50,1.5,0.1,-44.02906148693914,-46.87435523402697
2518,kexp,2,50,1.5,0.05,-43.924729048698715,-46.80063164444429
2519,kexp,2,50,1.5,0.01,-43.891110014583454,-46.77693566113671
2520,kexp,2,50,1.5,0,-43.88970674320339,-46.775947218569044
2521,kexp,2.25,0.2,0.5,0.5,-60.82560465368029,-63.70892587567902
2522,kexp,2.25,0.2,0.5,0.1,-204.70253073596436,-210.17288388799943
2523,kexp,2.25,0.2,0.5,0.05,-273.0708239686001,-278.4077225785207
2524,kexp,2.25,0.2,0.5,0.01,-355.4760417360823,-360.70909223334576
2525,kexp,2.25,0.2,0.5,0,-362.52484182166614,-367.75145358876296
2526,kexp,2.25,0.2,1,0.5,-57.31857847158862,-59.47847653880813
2527,kexp,2.25,0.2,1,0.1,-128.22606328562617,-131.05104621626853
2528,kexp,2.25,0.2,1,0.05,-158.8791055636226,-161.65232457023066
2529,kexp,2.25,0.2,1,0.01,-186.39939125993482,-189.142457794434
2530,kexp,2.25,0.2,1,0,-188.179073504629,-190.92054320933957
2531,kexp,2.25,0.2,1.5,0.5,-55.639915493570264,-57.34103348098379
2532,kexp,2.25,0.2,1.5,0.1,-100.25768068659303,-102.21277784613896
2533,kexp,2.25,0.2,1.5,0.05,-118.68406886047087,-120.61193614705203
2534,kexp,2.25,0.2,1.5,0.01,-132.41595950489,-134.32974712067534
2535,kexp,2.25,0.2,1.5,0,-133.20330625325752,-135.1163952705135
2536,kexp,2.25,0.5,0.5,0.5,-53.172043301435345,-56.10978929643826
2537,kexp,2.25,0.5,0.5,0.1,-105.3008315509273,-112.30517260387728
2538,kexp,2.25,0.5,0.5,0.05,-128.23480482068103,-135.4562012970687
2539,kexp,2.25,0.5,0.5,0.01,-146.86187875531678,-154.14882541847686
2540,kexp,2.25,0.5,0.5,0,-147.9856829708837,-155.275287778734
2541,kexp,2.25,0.5,1,0.5,-49.83462257307109,-52.16201081845212
2542,kexp,2.25,0.5,1,0.1,-71.43231895072523,-75.2217627786619
2543,kexp,2.25,0.5,1,0.05,-80.32402509308662,-84.17005669820048
2544,kexp,2.25,0.5,1,0.01,-85.66564306871355,-89.52910693696532
2545,kexp,2.25,0.5,1,0,-85.94005636404827,-89.80423717028302
2546,kexp,2.25,0.5,1.5,0.5,-49.154571634955836,-51.07420240688464
2547,kexp,2.25,0.5,1.5,0.1,-61.11215618073685,-63.79937090261714
2548,kexp,2.25,0.5,1.5,0.05,-65.83163362151879,-68.54538932923387
2549,kexp,2.25,0.5,1.5,0.01,-68.27937413661162,-71.00140488943832
2550,kexp,2.25,0.5,1.5,0,-68.39766968971266,-71.12004249540614
2551,kexp,2.25,1,0.5,0.5,-47.364113531953386,-50.39051022367785
2552,kexp,2.25,1,0.5,0.1,-68.75518127865567,-76.49973009735922
2553,kexp,2.25,1,0.5,0.05,-77.42090967215641,-85.52788731485218
2554,kexp,2.25,1,0.5,0.01,-82.6064352639466,-90.84715092534053
2555,kexp,2.25,1,0.5,0,-82.87265812536305,-91.11926538024238
2556,kexp,2.25,1,1,0.5,-45.547688186475554,-48.07577456815229
2557,kexp,2.25,1,1,0.1,-51.9908190284702,-56.35359263842721
2558,kexp,2.25,1,1,0.05,-54.748881487647594,-59.21646826135267
2559,kexp,2.25,1,1,0.01,-56.065603894763655,-60.569790856633595
2560,kexp,2.25,1,1,0,-56.127291955896794,-60.63304819424807
2561,kexp,2.25,1,1.5,0.5,-46.14429857180206,-48.3134010845871
2562,kexp,2.25,1,1.5,0.1,-48.49660232241601,-51.6860489688562
2563,kexp,2.25,1,1.5,0.05,-49.77194858347138,-53.012590615662546
2564,kexp,2.25,1,1.5,0.01,-50.32649897520675,-53.58456513900754
2565,kexp,2.25,1,1.5,0,-50.351658761673875,-53.6104646611763
2566,kexp,2.25,1.5,0.5,0.5,-45.02955999226535,-48.07894195114798
2567,kexp,2.25,1.5,0.5,0.1,-56.51769016973451,-64.33414774656039
2568,kexp,2.25,1.5,0.5,0.05,-60.96655663764992,-69.18648364577426
2569,kexp,2.25,1.5,0.5,0.01,-63.26531536454649,-71.63676320895404
2570,kexp,2.25,1.5,0.5,0,-63.37634272158973,-71.754458754139307
2571,kexp,2.25,1.5,1,0.5,-44.05623229774973,-46.66644706522435
2572,kexp,2.25,1.5,1,0.1,-45.79934332793017,-50.32967785891906
2573,kexp,2.25,1.5,1,0.05,-47.003516204397584,-51.653492202959356
2574,kexp,2.25,1.5,1,0.01,-47.52992068255682,-52.22180447974805
2575,kexp,2.25,1.5,1,0,-47.55383435995401,-52.2475123149334
2576,kexp,2.25,1.5,1.5,0.5,-45.238292586075,-47.5252063260604
2577,kexp,2.25,1.5,1.5,0.1,-44.72761761732741,-48.113015463970555
2578,kexp,2.25,1.5,1.5,0.05,-45.210740372163336,-48.65529362382648
2579,kexp,2.25,1.5,1.5,0.01,-45.41026062619713,-48.874939243762725
2580,kexp,2.25,1.5,1.5,0,-45.41915376852115,-48.88468569763696
2581,kexp,2.25,2,0.5,0.5,-43.82449949950352,-46.878205576090416
2582,kexp,2.25,2,0.5,0.1,-50.28339213856001,-58.012230919069516
2583,kexp,2.25,2,0.5,0.05,-52.89174822077912,-61.026317909729954
2584,kexp,2.25,2,0.5,0.01,-54.132238175891665,-62.41790917363479
2585,kexp,2.25,2,0.5,0,-54.19031009134793,-62.48258825178284
2586,kexp,2.25,2,1,0.5,-43.308345348651734,-45.95772196824393
2587,kexp,2.25,2,1,0.1,-42.778448288962664,-47.35199369134402
2588,kexp,2.25,2,1,0.05,-43.37131681998515,-48.06648197762548
2589,kexp,2.25,2,1,0.01,-43.62167565066553,-48.35906833386915
2590,kexp,2.25,2,1,0,-43.63290789195266,-48.37210175146302
2591,kexp,2.25,2,1.5,0.5,-44.814388416603194,-47.16647398927765
2592,kexp,2.25,2,1.5,0.1,-42.981571333763576,-46.454393175323126
2593,kexp,2.25,2,1.5,0.05,-43.17072970097715,-46.704208936628056
2594,kexp,2.25,2,1.5,0.01,-43.24974205541258,-46.803708062251886
2595,kexp,2.25,2,1.5,0,-43.25326268799526,-46.808095113857405
2596,kexp,2.25,2.5,0.5,0.5,-43.088694600014136,-46.135827350803545
2597,kexp,2.25,2.5,0.5,0.1,-46.54114474527573,-54.10419382575949
2598,kexp,2.25,2.5,0.5,0.05,-48.18702506288666,-56.138294706211504
2599,kexp,2.25,2.5,0.5,0.01,-48.93089281835296,-57.02471778802505
2600,kexp,2.25,2.5,0.5,0,-48.96508492275968,-57.065103699750146
2601,kexp,2.25,2.5,1,0.5,-42.86215529494363,-45.52640204570926
2602,kexp,2.25,2.5,1,0.1,-41.04160856586078,-45.59196752490619
2603,kexp,2.25,2.5,1,0.05,-41.33768896862505,-46.00543969570661
2604,kexp,2.25,2.5,1,0.01,-41.462941857984134,-46.17104501207847
2605,kexp,2.25,2.5,1,0,-41.46854854258818,-46.17836701227556
2606,kexp,2.25,2.5,1.5,0.5,-44.580247802299155,-46.96714225816249
2607,kexp,2.25,2.5,1.5,0.1,-42.02979249993171,-45.52978493401777
2608,kexp,2.25,2.5,1.5,0.05,-42.08229494156771,-45.64139467071268
2609,kexp,2.25,2.5,1.5,0.01,-42.10801292425461,-45.68692849635376
2610,kexp,2.25,2.5,1.5,0,-42.10919194506699,-45.688943645647164
2611,kexp,2.25,3,0.5,0.5,-42.5930414955452,-45.62284174015782
2612,kexp,2.25,3,0.5,0.1,-44.10637945162692,-51.459359213628844
2613,kexp,2.25,3,0.5,0.05,-45.193010327556046,-52.908110712293514
2614,kexp,2.25,3,0.5,0.01,-45.668555217206205,-53.514726526422095
2615,kexp,2.25,3,0.5,0,-45.69016582798113,-53.54200070776203
2616,kexp,2.25,3,1,0.5,-42.57606357168787,-45.23799746728196
2617,kexp,2.25,3,1,0.1,-39.96307147267057,-44.45160298286289
2618,kexp,2.25,3,1,0.05,-40.09636885109406,-44.695520947214824
2619,kexp,2.25,3,1,0.01,-40.155973979929804,-44.79280797345388
2620,kexp,2.25,3,1,0,-40.15866765300186,-44.797098890259875
2621,kexp,2.25,3,1.5,0.5,-44.44744447690738,-46.84896625580114
2622,kexp,2.25,3,1.5,0.1,-41.47565209661972,-44.96707626566685
2623,kexp,2.25,3,1.5,0.05,-41.455919007239345,-45.00366372636095
2624,kexp,2.25,3,1.5,0.01,-41.45433375670212,-45.02084026754538
2625,kexp,2.25,3,1.5,0,-41.45432379055989,-45.02162048030479
2626,kexp,2.25,3.5,0.5,0.5,-42.239839294476965,-45.243146887756815
2627,kexp,2.25,3.5,0.5,0.1,-42.445740304060806,-49.56988466335284
2628,kexp,2.25,3.5,0.5,0.05,-43.18406779530255,-50.64214839913594
2629,kexp,2.25,3.5,0.5,0.01,-43.50090456545807,-51.0782770071837
2630,kexp,2.25,3.5,0.5,0,-43.51520000199729,-51.09770338717558
2631,kexp,2.25,3.5,1,0.5,-42.387836028590044,-45.03596665629884
2632,kexp,2.25,3.5,1,0.1,-39.26531735347631,-43.67270533207434
2633,kexp,2.25,3.5,1,0.05,-39.3020027096706,-43.81267564406139
2634,kexp,2.25,3.5,1,0.01,-39.32381055453584,-43.869396922318685
2635,kexp,2.25,3.5,1,0,-39.324841897932075,-43.87190474540432
2636,kexp,2.25,3.5,1.5,0.5,-44.376432209595805,-46.77972770149666
2637,kexp,2.25,3.5,1.5,0.1,-41.146277256617196,-44.609890423179905
2638,kexp,2.25,3.5,1.5,0.05,-41.08513246639335,-44.601993736854574
2639,kexp,2.25,3.5,1.5,0.01,-41.06821832072224,-44.60272557210264
2640,kexp,2.25,3.5,1.5,0,-41.067544725803685,-44.60279406070241
2641,kexp,2.25,4,0.5,0.5,-41.980192713450826,-44.95036954084709
2642,kexp,2.25,4,0.5,0.1,-41.27851898325773,-48.17272626406621
2643,kexp,2.25,4,0.5,0.05,-41.78885185922808,-48.99006343251938
2644,kexp,2.25,4,0.5,0.01,-42.00568101734218,-49.315308913199395
2645,kexp,2.25,4,0.5,0,-42.01542326660243,-49.32969658002291
2646,kexp,2.25,4,1,0.5,-42.26433049383955,-44.89176205732173
2647,kexp,2.25,4,1,0.1,-38.804502279427844,-43.12412931214343
2648,kexp,2.25,4,1,0.05,-38.78059986453795,-43.19656620566269
2649,kexp,2.25,4,1,0.01,-38.77921270396011,-43.22753753958324
2650,kexp,2.25,4,1,0,-38.779230304336394,-43.2289210248152
2651,kexp,2.25,4,1.5,0.5,-44.34558144689116,-46.74307960685847
2652,kexp,2.25,4,1.5,0.1,-40.95334263198846,-44.380524404588236
2653,kexp,2.25,4,1.5,0.05,-40.86712038109161,-44.34464058582828
2654,kexp,2.25,4,1.5,0.01,-40.84105631111584,-44.335188389720585
2655,kexp,2.25,4,1.5,0,-40.83998817948004,-44.33481803564069
2656,kexp,2.25,6,0.5,0.5,-41.44579446770572,-44.25912339416152
2657,kexp,2.25,6,0.5,0.1,-39.05636847426538,-45.16555223181577
2658,kexp,2.25,6,0.5,0.05,-39.16755358844385,-45.504750889437915
2659,kexp,2.25,6,0.5,0.01,-39.21791120065412,-45.63313975522146
2660,kexp,2.25,6,0.5,0,-39.22019285387618,-45.63873246548128
2661,kexp,2.25,6,1,0.5,-42.10586600074677,-44.63287015081652
2662,kexp,2.25,6,1,0.1,-38.086271936704115,-42.093765519938415
2663,kexp,2.25,6,1,0.05,-37.9647584975975,-42.04884808134414
2664,kexp,2.25,6,1,0.01,-37.9269800448429,-42.03639480369552
2665,kexp,2.25,6,1,0,-37.92541915650076,-42.03589817597073
2666,kexp,2.25,6,1.5,0.5,-44.4175009638253,-46.76948845302102
2667,kexp,2.25,6,1.5,0.1,-40.79774250613962,-44.082270857466106
2668,kexp,2.25,6,1.5,0.05,-40.674373278997685,-44.00112277150836
2669,kexp,2.25,6,1.5,0.01,-40.634958165692495,-43.975505614047826
2670,kexp,2.25,6,1.5,0,-40.633316786617556,-43.97444227537318
2671,kexp,2.25,8,0.5,0.5,-41.2738431467869,-43.94164598868164
2672,kexp,2.25,8,0.5,0.1,-38.3950431790412,-43.97072476589478
2673,kexp,2.25,8,0.5,0.05,-38.38622810937159,-44.14791823742843
2674,kexp,2.25,8,0.5,0.01,-38.389151977887444,-44.213496977920556
2675,kexp,2.25,8,0.5,0,-38.389342865177724,-44.21633415121795
2676,kexp,2.25,8,1,0.5,-42.15900065723106,-44.60025817824441
2677,kexp,2.25,8,1,0.1,-38.03071169489308,-41.82966096274154
2678,kexp,2.25,8,1,0.05,-37.88484939828663,-41.750474642628475
2679,kexp,2.25,8,1,0.01,-37.838193771895774,-41.725714666944235
2680,kexp,2.25,8,1,0,-37.83625036561798,-41.72468968674184
2681,kexp,2.25,8,1.5,0.5,-44.59014029744762,-46.90193469753247
2682,kexp,2.25,8,1.5,0.1,-40.96536061981358,-44.15627618883706
2683,kexp,2.25,8,1.5,0.05,-40.83504303525356,-44.06429554626847
2684,kexp,2.25,8,1.5,0.01,-40.79312394736247,-44.03485696804304
2685,kexp,2.25,8,1.5,0,-40.791375061676284,-44.033630394492896
2686,kexp,2.25,10,0.5,0.5,-41.23038861667887,-43.782963976667105
2687,kexp,2.25,10,0.5,0.1,-38.21095949536712,-43.42994531520239
2688,kexp,2.25,10,0.5,0.05,-38.156981341172326,-43.53896634023504
2689,kexp,2.25,10,0.5,0.01,-38.142436650313414,-43.57889023409446
2690,kexp,2.25,10,0.5,0,-38.14186281020082,-43.58061171157365
2691,kexp,2.25,10,1,0.5,-42.26234860273808,-44.64072284651266
2692,kexp,2.25,10,1,0.1,-38.141002811172704,-41.80583253486939
2693,kexp,2.25,10,1,0.05,-37.9883925948355,-41.71474590173361
2694,kexp,2.25,10,1,0.01,-37.939251369389346,-41.68574749166658
2695,kexp,2.25,10,1,0,-37.93720066294304,-41.684541001780175
2696,kexp,2.25,10,1.5,0.5,-44.765646531316804,-47.0500033045701
2697,kexp,2.25,10,1.5,0.1,-41.18317655374469,-44.31794498462624
2698,kexp,2.25,10,1.5,0.05,-41.0523754573758,-44.223576081877205
2699,kexp,2.25,10,1.5,0.01,-41.01022803530914,-44.19327015925764
2700,kexp,2.25,10,1.5,0,-41.008468809769894,-44.1920062944271
2701,kexp,2.25,25,0.5,0.5,-41.65069944944998,-43.92165464551399
2702,kexp,2.25,25,0.5,0.1,-38.87594468288803,-43.35369468906558
2703,kexp,2.25,25,0.5,0.05,-38.78946459543413,-43.393469688353974
2704,kexp,2.25,25,0.5,0.01,-38.761910779172716,-43.40771106403409
2705,kexp,2.25,25,0.5,0,-38.760764049839,-43.408321027863494
2706,kexp,2.25,25,1,0.5,-42.98433909015754,-45.23883571058363
2707,kexp,2.25,25,1,0.1,-39.164683302289355,-42.59303822647426
2708,kexp,2.25,25,1,0.05,-39.0184062299957,-42.50112437813983
2709,kexp,2.25,25,1,0.01,-38.97109976816193,-42.47156268755233
2710,kexp,2.25,25,1,0,-38.969123324163895,-42.470329359528144
2711,kexp,2.25,25,1.5,0.5,-45.63688243154296,-47.893052023325154
2712,kexp,2.25,25,1.5,0.1,-42.339751552551505,-45.41295405645213
2713,kexp,2.25,25,1.5,0.05,-42.21872528077063,-45.32622019137822
2714,kexp,2.25,25,1.5,0.01,-42.179694770590466,-45.29831846651434
2715,kexp,2.25,25,1.5,0,-42.17806527818658,-45.29715433266348
2716,kexp,2.25,50,0.5,0.5,-42.654046894575295,-44.90081908674506
2717,kexp,2.25,50,0.5,0.1,-40.62916816788799,-45.08346752784168
2718,kexp,2.25,50,0.5,0.05,-40.5739963671819,-45.154906577272776
2719,kexp,2.25,50,0.5,0.01,-40.55650313593049,-45.17932460662658
2720,kexp,2.25,50,0.5,0,-40.55577594147071,-45.18035895895353
2721,kexp,2.25,50,1,0.5,-43.85701969829211,-46.12897049736151
2722,kexp,2.25,50,1,0.1,-40.38005054094812,-43.84655954527878
2723,kexp,2.25,50,1,0.05,-40.24724577498647,-43.769070467310385
2724,kexp,2.25,50,1,0.01,-40.204290458136924,-43.74416955022123
2725,kexp,2.25,50,1,0,-40.20249573377839,-43.74313089427996
2726,kexp,2.25,50,1.5,0.5,-46.446198223965496,-48.74140689696233
2727,kexp,2.25,50,1.5,0.1,-43.37451280032615,-46.506859736108865
2728,kexp,2.25,50,1.5,0.05,-43.26201730096187,-46.42946871630584
2729,kexp,2.25,50,1.5,0.01,-43.22573910188904,-46.40458197695691
2730,kexp,2.25,50,1.5,0,-43.22422452712854,-46.40354373530248
2731,kexp,2.5,0.2,0.5,0.5,-61.36173126623978,-64.41622835346928
2732,kexp,2.5,0.2,0.5,0.1,-219.78205275045826,-225.77546347831947
2733,kexp,2.5,0.2,0.5,0.05,-296.73743300325805,-302.55851046896555
2734,kexp,2.5,0.2,0.5,0.01,-393.15182874205306,-398.8386306080857
2735,kexp,2.5,0.2,0.5,0,-401.8256530764274,-407.5039355054865
2736,kexp,2.5,0.2,1,0.5,-57.833566351337076,-60.15640999854968
2737,kexp,2.5,0.2,1,0.1,-137.20909461878233,-140.29398846626674
2738,kexp,2.5,0.2,1,0.05,-171.9915569579372,-175.00965020269652
2739,kexp,2.5,0.2,1,0.01,-204.7595971972239,-207.7383347413107
2740,kexp,2.5,0.2,1,0,-206.9572742003631,-209.9338907942466
2741,kexp,2.5,0.2,1.5,0.5,-56.0735996805547,-57.91549801154743
2742,kexp,2.5,0.2,1.5,0.1,-106.52452606666527,-108.65529850992944
2743,kexp,2.5,0.2,1.5,0.05,-127.6487896263532,-129.74428732210956
2744,kexp,2.5,0.2,1.5,0.01,-144.16638959485104,-146.243381733271
2745,kexp,2.5,0.2,1.5,0,-145.14063676070123,-147.21669807620273
2746,kexp,2.5,0.5,0.5,0.5,-53.82177997496657,-56.91800328906138
2747,kexp,2.5,0.5,0.5,0.1,-112.40512134855118,-120.10148328787885
2748,kexp,2.5,0.5,0.5,0.05,-138.57249133266083,-146.52076812846596
2749,kexp,2.5,0.5,0.5,0.01,-160.8956884350393,-168.91841372268175
2750,kexp,2.5,0.5,0.5,0,-162.2861650382055,-170.31186603379265
2751,kexp,2.5,0.5,1,0.5,-50.21770368979804,-52.70330602224849
2752,kexp,2.5,0.5,1,0.1,-75.03196882766937,-79.19217917531371
2753,kexp,2.5,0.5,1,0.05,-85.4172940775005,-89.64250143334691
2754,kexp,2.5,0.5,1,0.01,-91.9278129065515,-96.17269790359931
2755,kexp,2.5,0.5,1,0,-92.2688501920211,-96.51453823794
2756,kexp,2.5,0.5,1.5,0.5,-49.29925927235665,-51.361575584331895
2757,kexp,2.5,0.5,1.5,0.1,-63.3049867190782,-66.25066048672939
2758,kexp,2.5,0.5,1.5,0.05,-68.90963936833704,-71.88561724294512
2759,kexp,2.5,0.5,1.5,0.01,-71.9216271700742,-74.90692748854819
2760,kexp,2.5,0.5,1.5,0,-72.06923410425878,-75.05491783361855
2761,kexp,2.5,1,0.5,0.5,-47.842319109661275,-51.03655886747859
2762,kexp,2.5,1,0.5,0.1,-72.48727048635541,-81.03499011068405
2763,kexp,2.5,1,0.5,0.05,-82.6364916229,-91.61109207997879
2764,kexp,2.5,1,0.5,0.01,-88.96861973778252,-98.10210442596183
2765,kexp,2.5,1,0.5,0,-89.3000338990862,-98.44055669568752
2766,kexp,2.5,1,1,0.5,-45.65749208129512,-48.3621895760336
2767,kexp,2.5,1,1,0.1,-53.53783660032157,-58.34813255357015
2768,kexp,2.5,1,1,0.05,-56.86951006793543,-61.80338202226545
2769,kexp,2.5,1,1,0.01,-58.50731463936427,-63.484648385151296
2770,kexp,2.5,1,1,0,-58.58486467961832,-63.56406775641798
2771,kexp,2.5,1,1.5,0.5,-45.998960215758004,-48.33304486784736
2772,kexp,2.5,1,1.5,0.1,-49.17860400116673,-52.68881879064368
2773,kexp,2.5,1,1.5,0.05,-50.75408186918868,-54.324642447414575
2774,kexp,2.5,1,1.5,0.01,-51.45398280999505,-55.045200439258366
2775,kexp,2.5,1,1.5,0,-51.48596380198574,-55.078060305510796
2776,kexp,2.5,1.5,0.5,0.5,-45.37939207101441,-48.602300252808604
2777,kexp,2.5,1.5,0.5,0.1,-59.0466966854384,-67.67086015438879
2778,kexp,2.5,1.5,0.5,0.05,-64.36521735489524,-73.46588932606117
2779,kexp,2.5,1.5,0.5,0.01,-67.20761993703701,-76.4897397322235
2780,kexp,2.5,1.5,0.5,0,-67.34677159984595,-76.63692740346609
2781,kexp,2.5,1.5,1,0.5,-44.04141884441944,-46.83874740101932
2782,kexp,2.5,1.5,1,0.1,-46.631880678370564,-51.62766216119913
2783,kexp,2.5,1.5,1,0.05,-48.130064725672774,-53.26766881087912
2784,kexp,2.5,1.5,1,0.01,-48.79835319702762,-53.98610922678274
2785,kexp,2.5,1.5,1,0,-48.828920270955884,-54.01883065913213
2786,kexp,2.5,1.5,1.5,0.5,-44.983158596711526,-47.44815467986589
2787,kexp,2.5,1.5,1.5,0.1,-44.89865991749469,-48.62661831843147
2788,kexp,2.5,1.5,1.5,0.05,-45.52324753460835,-49.32135480718247
2789,kexp,2.5,1.5,1.5,0.01,-45.784119797295276,-49.606260414848876
2790,kexp,2.5,1.5,1.5,0,-45.795792023738144,-49.61895394009145
2791,kexp,2.5,2,0.5,0.5,-44.09561670707258,-47.321844374745524
2792,kexp,2.5,2,0.5,0.1,-52.152424983158724,-60.662626790699846
2793,kexp,2.5,2,0.5,0.05,-55.32691476904349,-64.31730745447595
2794,kexp,2.5,2,0.5,0.01,-56.87852864331121,-66.05052635394142
2795,kexp,2.5,2,0.5,0,-56.95190672529559,-66.13189358593509
2796,kexp,2.5,2,1,0.5,-43.22589279156073,-46.06588187516889
2797,kexp,2.5,2,1,0.1,-43.230514714024864,-48.26846313362729
2798,kexp,2.5,2,1,0.05,-43.995519432846315,-49.1780554533453
2799,kexp,2.5,2,1,0.01,-44.322484369130706,-49.55570653233744
2800,kexp,2.5,2,1,0,-44.337215521337434,-49.57260637237115
2801,kexp,2.5,2,1.5,0.5,-44.503303887023606,-47.040116705972686
2802,kexp,2.5,2,1.5,0.1,-42.890230702656154,-46.71306290128091
2803,kexp,2.5,2,1.5,0.05,-43.15631318736382,-47.05127319867088
2804,kexp,2.5,2,1.5,0.01,-43.26688140212643,-47.1863675607398
2805,kexp,2.5,2,1.5,0,-43.27180731584043,-47.192332830330734
2806,kexp,2.5,2.5,0.5,0.5,-43.305714922680785,-46.52185709093239
2807,kexp,2.5,2.5,0.5,0.1,-47.980575313767545,-56.287743610960945
2808,kexp,2.5,2.5,0.5,0.05,-50.0191095330485,-58.786217242930086
2809,kexp,2.5,2.5,0.5,0.01,-50.96097644410175,-59.89959301274436
2810,kexp,2.5,2.5,0.5,0,-51.0046115370745,-59.950721214088375
2811,kexp,2.5,2.5,1,0.5,-42.734219427766206,-45.589430177373075
2812,kexp,2.5,2.5,1,0.1,-41.25366713855452,-46.25900985734535
2813,kexp,2.5,2.5,1,0.05,-41.65829537936041,-46.803329870895055
2814,kexp,2.5,2.5,1,0.01,-41.829533360304,-47.02301971581301
2815,kexp,2.5,2.5,1,0,-41.83720824978341,-47.0327599075251
2816,kexp,2.5,2.5,1.5,0.5,-44.23301584437583,-46.808022524328344
2817,kexp,2.5,2.5,1.5,0.1,-41.77809889263223,-45.6284163475108
2818,kexp,2.5,2.5,1.5,0.05,-41.87537789183314,-45.79601924787864
2819,kexp,2.5,2.5,1.5,0.01,-41.91892990235827,-45.86329284384724
2820,kexp,2.5,2.5,1.5,0,-41.920896016543786,-45.86626166785391
2821,kexp,2.5,3,0.5,0.5,-42.76898252940777,-45.96358806000935
2822,kexp,2.5,3,0.5,0.1,-45.244069394654566,-53.299754208814846
2823,kexp,2.5,3,0.5,0.05,-46.61554518128028,-55.10009525869175
2824,kexp,2.5,3,0.5,0.01,-47.22615069193062,-55.86823313268559
2825,kexp,2.5,3,0.5,0,-47.25406839527744,-55.90299188122667
2826,kexp,2.5,3,1,0.5,-42.41396401990119,-45.26553889450125
2827,kexp,2.5,3,1,0.1,-40.011238664873176,-44.94093395076014
2828,kexp,2.5,3,1,0.05,-40.216149149289556,-45.27737480583603
2829,kexp,2.5,3,1,0.01,-40.30515008627172,-45.41154957511179
2830,kexp,2.5,3,1,0,-40.30915309162959,-45.41747205503678
2831,kexp,2.5,3,1.5,0.5,-44.07408161579748,-46.665039722420715
2832,kexp,2.5,3,1.5,0.1,-41.117294068160184,-44.95511547846836
2833,kexp,2.5,3,1.5,0.05,-41.12429320733065,-45.0290461862448
2834,kexp,2.5,3,1.5,0.01,-41.13321827275219,-45.06039007180121
2835,kexp,2.5,3,1.5,0,-41.13367018628984,-45.061787642176334
2836,kexp,2.5,3.5,0.5,0.5,-42.38248203914371,-45.54627984844501
2837,kexp,2.5,3.5,0.5,0.1,-43.362064631455866,-51.146789281255245
2838,kexp,2.5,3.5,0.5,0.05,-44.314415750206884,-52.49396329002433
2839,kexp,2.5,3.5,0.5,0.01,-44.728137169735795,-53.050687660225336
2840,kexp,2.5,3.5,0.5,0,-44.74688853827022,-53.07561752855089
2841,kexp,2.5,3.5,1,0.5,-42.1986582324303,-45.03407010799941
2842,kexp,2.5,3.5,1,0.1,-39.19620267185968,-44.02884071410611
2843,kexp,2.5,3.5,1,0.05,-39.28147453872236,-44.23665593853314
2844,kexp,2.5,3.5,1,0.01,-39.322826774763584,-44.319738901702316
2845,kexp,2.5,3.5,1,0,-39.32472323976485,-44.32340393088544
2846,kexp,2.5,3.5,1.5,0.5,-43.98310794152877,-46.57573232561453
2847,kexp,2.5,3.5,1.5,0.1,-40.713279258461256,-44.5169076340323
2848,kexp,2.5,3.5,1.5,0.05,-40.667919511945385,-44.53467723233697
2849,kexp,2.5,3.5,1.5,0.01,-40.65722410194456,-44.54500346684394
2850,kexp,2.5,3.5,1.5,0,-40.656823669483664,-44.54548826087834
2851,kexp,2.5,4,0.5,0.5,-42.094829422787576,-45.22125692039633
2852,kexp,2.5,4,0.5,0.1,-42.02749754770624,-49.5414769394447
2853,kexp,2.5,4,0.5,0.05,-42.70339536662105,-50.57934120565609
2854,kexp,2.5,4,0.5,0.01,-42.992503588551585,-50.997921381157106
2855,kexp,2.5,4,0.5,0,-43.00553189575173,-51.016519759309965
2856,kexp,2.5,4,1,0.5,-42.05308924460161,-44.864818343161865
2857,kexp,2.5,4,1,0.1,-38.64868124083162,-43.377058573314244
2858,kexp,2.5,4,1,0.05,-38.65826140196036,-43.50058109366219
2859,kexp,2.5,4,1,0.01,-38.670182795149714,-43.55102779252056
2860,kexp,2.5,4,1,0,-38.6707872300363,-43.55326148753855
2861,kexp,2.5,4,1.5,0.5,-43.93652887402342,-46.522298145146245
2862,kexp,2.5,4,1.5,0.1,-40.466254754517664,-44.22585887679783
2863,kexp,2.5,4,1.5,0.05,-40.38880099459748,-44.20789349823172
2864,kexp,2.5,4,1.5,0.01,-40.366273305150166,-44.20508061615759
2865,kexp,2.5,4,1.5,0,-40.36536120402544,-44.20499759283724
2866,kexp,2.5,6,0.5,0.5,-41.48373409201952,-44.43811106894196
2867,kexp,2.5,6,0.5,0.1,-39.42949752902545,-46.0247765216789
2868,kexp,2.5,6,0.5,0.05,-39.61462550845311,-46.474114950221825
2869,kexp,2.5,6,0.5,0.01,-39.69445404237756,-46.645182962548304
2870,kexp,2.5,6,0.5,0,-39.69803894577909,-46.652649699749944
2871,kexp,2.5,6,1,0.5,-41.8391316543439,-44.537508332812294
2872,kexp,2.5,6,1,0.1,-37.74418536655495,-42.103107289803624
2873,kexp,2.5,6,1,0.05,-37.62947984961428,-42.07751504906087
2874,kexp,2.5,6,1,0.01,-37.59450959740693,-42.07213443598117
2875,kexp,2.5,6,1,0,-37.59307322682198,-42.07194298281458
2876,kexp,2.5,6,1.5,0.5,-43.97152349651573,-46.5046173125911
2877,kexp,2.5,6,1.5,0.1,-40.19934638163421,-43.78703536217141
2878,kexp,2.5,6,1.5,0.05,-40.07285846066565,-43.709700608954336
2879,kexp,2.5,6,1.5,0.01,-40.032582495824535,-43.6855300754041
2880,kexp,2.5,6,1.5,0,-40.030906849742536,-43.68452960640596
2881,kexp,2.5,8,0.5,0.5,-41.27247964425853,-44.06903952900295
2882,kexp,2.5,8,0.5,0.1,-38.61132542833582,-44.58762179281355
2883,kexp,2.5,8,0.5,0.05,-38.64493688651092,-44.83289185923148
2884,kexp,2.5,8,0.5,0.01,-38.66394155466464,-44.92364339940474
2885,kexp,2.5,8,0.5,0,-38.66483331006321,-44.92757090031684
2886,kexp,2.5,8,1,0.5,-41.86876430699496,-44.47170918434247
2887,kexp,2.5,8,1,0.1,-37.61800042060422,-41.732051234193676
2888,kexp,2.5,8,1,0.05,-37.47067858342718,-41.66120326540749
2889,kexp,2.5,8,1,0.01,-37.42374482590042,-41.63945612918158
2890,kexp,2.5,8,1,0,-37.421792054474146,-41.63856065020028
2891,kexp,2.5,8,1.5,0.5,-44.13129780959537,-46.61886427770964
2892,kexp,2.5,8,1.5,0.1,-40.32959766758845,-43.8052659496642
2893,kexp,2.5,8,1.5,0.05,-40.192762212443064,-43.71254976687099
2894,kexp,2.5,8,1.5,0.01,-40.14876898442951,-43.682945451306054
2895,kexp,2.5,8,1.5,0,-40.14693383185441,-43.681712762736005
2896,kexp,2.5,10,0.5,0.5,-41.20854053080264,-43.879391189102165
2897,kexp,2.5,10,0.5,0.1,-38.35456375795723,-43.91889077736168
2898,kexp,2.5,10,0.5,0.05,-38.32938128520689,-44.07652861454556
2899,kexp,2.5,10,0.5,0.01,-38.32540548476376,-44.133925305697716
2900,kexp,2.5,10,0.5,0,-38.32528814323735,-44.13639750961878
2901,kexp,2.5,10,1,0.5,-41.96350349684881,-44.49695403293355
2902,kexp,2.5,10,1,0.1,-37.700623018442,-41.658567773999096
2903,kexp,2.5,10,1,0.05,-37.543309696091946,-41.571143517123865
2904,kexp,2.5,10,1,0.01,-37.492709652077394,-41.54347576053625
2905,kexp,2.5,10,1,0,-37.49059871878611,-41.54232651544581
2906,kexp,2.5,10,1.5,0.5,-44.30476020398967,-46.76205107717351
2907,kexp,2.5,10,1.5,0.1,-40.536884871343666,-43.946401327762736
2908,kexp,2.5,10,1.5,0.05,-40.39836526936063,-43.849514443671254
2909,kexp,2.5,10,1.5,0.01,-40.35372129829977,-43.81842148882865
2910,kexp,2.5,10,1.5,0,-40.351857773213865,-43.817125046631496
2911,kexp,2.5,25,0.5,0.5,-41.56770909443772,-43.909445110694655
2912,kexp,2.5,25,0.5,0.1,-38.883130088538415,-43.54947662939858
2913,kexp,2.5,25,0.5,0.05,-38.80783228086834,-43.609523322499655
2914,kexp,2.5,25,0.5,0.01,-38.78412173866749,-43.63069913620746
2915,kexp,2.5,25,0.5,0,-38.78313806633261,-43.63160301249999
2916,kexp,2.5,25,1,0.5,-42.67768167348494,-45.06639554527286
2917,kexp,2.5,25,1,0.1,-38.704828299444614,-42.374394020902166
2918,kexp,2.5,25,1,0.05,-38.550954776826934,-42.28092345703048
2919,kexp,2.5,25,1,0.01,-38.501150559703056,-42.25086218388935
2920,kexp,2.5,25,1,0,-38.49906931209181,-42.24960802372768
2921,kexp,2.5,25,1.5,0.5,-45.19334467464869,-47.618932214566975
2922,kexp,2.5,25,1.5,0.1,-41.71647275382322,-45.04927418825411
2923,kexp,2.5,25,1.5,0.05,-41.58729789496998,-44.95877278760389
2924,kexp,2.5,25,1.5,0.01,-41.5456093760317,-44.929647213447474
2925,kexp,2.5,25,1.5,0,-41.543868589925104,-44.92843189004995
2926,kexp,2.5,50,0.5,0.5,-42.5457269426554,-44.84302414786969
2927,kexp,2.5,50,0.5,0.1,-40.59007236006303,-45.186628574004565
2928,kexp,2.5,50,0.5,0.05,-40.543780949919224,-45.27437310020693
2929,kexp,2.5,50,0.5,0.01,-40.529324522817106,-45.30436211826424
2930,kexp,2.5,50,0.5,0,-40.52872598855109,-45.30563250937825
2931,kexp,2.5,50,1,0.5,-43.557136987278156,-45.95827249204355
2932,kexp,2.5,50,1,0.1,-39.93432081964546,-43.63385666720728
2933,kexp,2.5,50,1,0.05,-39.79416986172162,-43.55489413100642
2934,kexp,2.5,50,1,0.01,-39.74879561857036,-43.52951739158559
2935,kexp,2.5,50,1,0,-39.746899360422525,-43.52845886112807
2936,kexp,2.5,50,1.5,0.5,-46.02588526180693,-48.494197163296825
2937,kexp,2.5,50,1.5,0.1,-42.786320721392165,-46.18319475201522
2938,kexp,2.5,50,1.5,0.05,-42.66617366238888,-46.102574909936976
2939,kexp,2.5,50,1.5,0.01,-42.62739848482654,-46.076638654382194
2940,kexp,2.5,50,1.5,0,-42.62577934695985,-46.075556507624434
