model_no,k_name,l1,l2,b,meas_error,lppd_exact,lppd_LOPO
1,ksqexp,1,0.2,0.5,0.5,-38.406839915682774,-40.19301788376376
2,ksqexp,1,0.2,0.5,0.1,-437.8462066449249,-447.2304126789138
3,ksqexp,1,0.2,0.5,0.05,-1649.4151079073897,-1646.6839232665177
4,ksqexp,1,0.2,0.5,0.01,-37637.06132880943,-37972.62221543934
5,ksqexp,1,0.2,0.5,0,-1013067450.7503289,-1023303232.9026945
6,ksqexp,1,0.2,1,0.5,-38.7351988093781,-40.402282589408856
7,ksqexp,1,0.2,1,0.1,-422.6928114460518,-426.12314356103127
8,ksqexp,1,0.2,1,0.05,-1578.1003910496413,-1570.9544480345237
9,ksqexp,1,0.2,1,0.01,-38832.73148111652,-39180.347678125174
10,ksqexp,1,0.2,1,0,-506649984.85647607,-511767991.1027248
11,ksqexp,1,0.2,1.5,0.5,-39.430634814147346,-41.01382027770974
12,ksqexp,1,0.2,1.5,0.1,-413.90458431698363,-414.88716004968296
13,ksqexp,1,0.2,1.5,0.05,-1539.8034961395845,-1534.3924001243288
14,ksqexp,1,0.2,1.5,0.01,-39599.058926760255,-39932.163056628524
15,ksqexp,1,0.2,1.5,0,-337792493.92558396,-341204523.88121337
16,ksqexp,1,0.5,0.5,0.5,-35.92225370839,-37.721718498018184
17,ksqexp,1,0.5,0.5,0.1,-342.5020042209015,-358.86965034587433
18,ksqexp,1,0.5,0.5,0.05,-1349.281578100901,-1418.47110708284
19,ksqexp,1,0.5,0.5,0.01,-35192.528434406406,-36955.38625988205
20,ksqexp,1,0.5,0.5,0,-697287.2094224895,-811624.7382378539
21,ksqexp,1,0.5,1,0.5,-37.39275230112554,-38.941480724396456
22,ksqexp,1,0.5,1,0.1,-339.38435332332665,-356.7504925058491
23,ksqexp,1,0.5,1,0.05,-1364.532707107564,-1437.850122241418
24,ksqexp,1,0.5,1,0.01,-33247.094756712686,-34728.843913283214
25,ksqexp,1,0.5,1,0,-348630.3517168318,-405799.7227739296
26,ksqexp,1,0.5,1.5,0.5,-38.94024474226602,-40.377350174831385
27,ksqexp,1,0.5,1.5,0.1,-340.7422943054045,-358.51859929738805
28,ksqexp,1,0.5,1.5,0.05,-1380.0434505884657,-1456.8461071171566
29,ksqexp,1,0.5,1.5,0.01,-31142.672614489376,-32566.710194939005
30,ksqexp,1,0.5,1.5,0,-232414.16335405307,-270527.47768034966
31,ksqexp,1,1,0.5,0.5,-36.07228675813855,-38.33481401506465
32,ksqexp,1,1,0.5,0.1,-290.6788116058479,-331.1306097399915
33,ksqexp,1,1,0.5,0.05,-1027.13045244933,-1212.6924166655642
34,ksqexp,1,1,0.5,0.01,-4323.904870150532,-6795.054699216818
35,ksqexp,1,1,0.5,0,-4450.37671199823,-8227.49479402169
36,ksqexp,1,1,1,0.5,-38.39667810905517,-40.74302865669212
37,ksqexp,1,1,1,0.1,-284.0716309498802,-327.91076396345767
38,ksqexp,1,1,1,0.05,-893.8971529954857,-1086.4413060599782
39,ksqexp,1,1,1,0.01,-2221.321137216138,-3726.6723189038953
40,ksqexp,1,1,1,0,-2227.0552021186295,-4116.459275226953
41,ksqexp,1,1,1.5,0.5,-40.610193818909316,-43.032634211912296
42,ksqexp,1,1,1.5,0.1,-278.0419945458724,-324.08970668118803
43,ksqexp,1,1,1.5,0.05,-782.9965399689977,-974.8150489894454
44,ksqexp,1,1,1.5,0.01,-1491.551788863211,-2570.5508862171446
45,ksqexp,1,1,1.5,0,-1488.7386890818632,-2748.904757160732
46,ksqexp,1,1.5,0.5,0.5,-36.645894966313236,-39.189290203537325
47,ksqexp,1,1.5,0.5,0.1,-205.30773057187307,-253.71622221884078
48,ksqexp,1,1.5,0.5,0.05,-417.0514232019821,-596.6216263245714
49,ksqexp,1,1.5,0.5,0.01,-601.8553956023973,-1099.4937036781112
50,ksqexp,1,1.5,0.5,0,-617.4589570726939,-1144.9878150469972
51,ksqexp,1,1.5,1,0.5,-39.23036402929774,-41.97761682353415
52,ksqexp,1,1.5,1,0.1,-165.8564490233437,-215.7706278861574
53,ksqexp,1,1.5,1,0.05,-257.8309870933283,-398.8433631226604
54,ksqexp,1,1.5,1,0.01,-312.63618616031204,-569.7940458730168
55,ksqexp,1,1.5,1,0,-316.6718314874186,-581.443039724252
56,ksqexp,1,1.5,1.5,0.5,-41.65400493176846,-44.514584800395916
57,ksqexp,1,1.5,1.5,0.1,-141.1605683085801,-189.62943362336296
58,ksqexp,1,1.5,1.5,0.05,-191.0693082973313,-304.72348140140053
59,ksqexp,1,1.5,1.5,0.01,-217.40633456995474,-391.182501167285
60,ksqexp,1,1.5,1.5,0,-219.2001130393098,-396.3854379961123
61,ksqexp,1,2,0.5,0.5,-36.53706938803579,-39.07296310822349
62,ksqexp,1,2,0.5,0.1,-126.07467509965278,-168.4430781752936
63,ksqexp,1,2,0.5,0.05,-174.671173308185,-276.380209076954
64,ksqexp,1,2,0.5,0.01,-207.88320224186415,-363.45657796100585
65,ksqexp,1,2,0.5,0,-210.47687600771707,-368.95624834805926
66,ksqexp,1,2,1,0.5,-39.11581288084311,-41.86031619191017
67,ksqexp,1,2,1,0.1,-89.55782672405077,-126.07232442930159
68,ksqexp,1,2,1,0.05,-105.37116197558892,-169.27247030287256
69,ksqexp,1,2,1,0.01,-115.40171005323378,-195.01351180445207
70,ksqexp,1,2,1,0,-116.03890618387241,-196.3844791135181
71,ksqexp,1,2,1.5,0.5,-41.53188263314451,-44.40421928309737
72,ksqexp,1,2,1.5,0.1,-74.45186519337629,-105.52708559142262
73,ksqexp,1,2,1.5,0.05,-82.30638388661839,-128.91785260634842
74,ksqexp,1,2,1.5,0.01,-87.07638546420274,-141.04855155876643
75,ksqexp,1,2,1.5,0,-87.35023967286926,-141.65121279573003
76,ksqexp,1,2.5,0.5,0.5,-36.01107045286585,-38.46951612492541
77,ksqexp,1,2.5,0.5,0.1,-79.87668248864598,-110.76729685707949
78,ksqexp,1,2.5,0.5,0.05,-93.95749717272516,-147.85217759797047
79,ksqexp,1,2.5,0.5,0.01,-103.38223191469321,-170.26452610272483
80,ksqexp,1,2.5,0.5,0,-103.98888065329479,-171.46716148038823
81,ksqexp,1,2.5,1,0.5,-38.44530063527738,-41.0905628248005
82,ksqexp,1,2.5,1,0.1,-57.390212788084426,-80.31022313172434
83,ksqexp,1,2.5,1,0.05,-61.61665927459318,-92.89476281990018
84,ksqexp,1,2.5,1,0.01,-64.19355207537195,-98.97955682775462
85,ksqexp,1,2.5,1,0,-64.33406081255883,-99.27193566830675
86,ksqexp,1,2.5,1.5,0.5,-40.770662156087106,-43.550325895020215
87,ksqexp,1,2.5,1.5,0.1,-50.7576495684012,-68.90928277673143
88,ksqexp,1,2.5,1.5,0.05,-52.73302546077116,-75.1433977294828
89,ksqexp,1,2.5,1.5,0.01,-53.84950324050269,-77.87182331604217
90,ksqexp,1,2.5,1.5,0,-53.90644429830934,-77.9975171629584
91,ksqexp,1,3,0.5,0.5,-35.537820008304955,-37.96707395622825
92,ksqexp,1,3,0.5,0.1,-58.405016078584865,-80.83983653980532
93,ksqexp,1,3,0.5,0.05,-64.05488953093737,-96.55032424732592
94,ksqexp,1,3,0.5,0.01,-67.56446436828344,-104.60235797479642
95,ksqexp,1,3,0.5,0,-67.76310910231165,-104.99973034038636
96,ksqexp,1,3,1,0.5,-37.81444016344814,-40.410053539585306
97,ksqexp,1,3,1,0.1,-44.791750151143404,-60.16068249203218
98,ksqexp,1,3,1,0.05,-46.26865706309712,-64.89210679598791
99,ksqexp,1,3,1,0.01,-47.094636623259824,-66.93066013963623
100,ksqexp,1,3,1,0,-47.13635765725537,-67.02395972442625
101,ksqexp,1,3,1.5,0.5,-40.068860258061,-42.795147037172164
102,ksqexp,1,3,1.5,0.1,-42.16242113613604,-54.080467643122816
103,ksqexp,1,3,1.5,0.05,-42.73076660982275,-56.24920158104906
104,ksqexp,1,3,1.5,0.01,-43.03653354614376,-57.11736514262838
105,ksqexp,1,3,1.5,0,-43.05143060871951,-57.15602628537663
106,ksqexp,1,3.5,0.5,0.5,-35.21291637881037,-37.66376367746431
107,ksqexp,1,3.5,0.5,0.1,-48.298210662817745,-65.75794319756758
108,ksqexp,1,3.5,0.5,0.05,-51.232527909527626,-73.95078617673904
109,ksqexp,1,3.5,0.5,0.01,-52.90514240709237,-77.74529588846436
110,ksqexp,1,3.5,0.5,0,-52.992811089852125,-77.92417551505179
111,ksqexp,1,3.5,1,0.5,-37.360892246454576,-39.96124261288654
112,ksqexp,1,3.5,1,0.1,-39.39170729919797,-50.95923002629508
113,ksqexp,1,3.5,1,0.05,-39.999538143519466,-53.18790950455993
114,ksqexp,1,3.5,1,0.01,-40.32411141093024,-54.086473237929
115,ksqexp,1,3.5,1,0,-40.339940608914006,-54.12658329585643
116,ksqexp,1,3.5,1.5,0.5,-39.58263040671212,-42.30273351615994
117,ksqexp,1,3.5,1.5,0.1,-38.675270791083676,-47.66843025261098
118,ksqexp,1,3.5,1.5,0.05,-38.82101843272833,-48.609656420876675
119,ksqexp,1,3.5,1.5,0.01,-38.908682169731215,-48.96896977871177
120,ksqexp,1,3.5,1.5,0,-38.91297388188624,-48.98470932264809
121,ksqexp,1,4,0.5,0.5,-34.97942808452363,-37.47604019990237
122,ksqexp,1,4,0.5,0.1,-42.88596928013797,-57.34881065075373
123,ksqexp,1,4,0.5,0.05,-44.67596754239412,-62.297291265187155
124,ksqexp,1,4,0.5,0.01,-45.624921981440224,-64.44305813996847
125,ksqexp,1,4,0.5,0,-45.67235148555892,-64.54151300505933
126,ksqexp,1,4,1,0.5,-37.032649203606645,-39.662842310610074
127,ksqexp,1,4,1,0.1,-36.68273123051975,-46.17163499655604
128,ksqexp,1,4,1,0.05,-36.94377392518016,-47.39401935793163
129,ksqexp,1,4,1,0.01,-37.08547734747347,-47.867681573525644
130,ksqexp,1,4,1,0,-37.092319277565295,-47.8885327587125
131,ksqexp,1,4,1.5,0.5,-39.25040873720708,-41.98591569216716
132,ksqexp,1,4,1.5,0.1,-37.01888002589583,-44.47791084877101
133,ksqexp,1,4,1.5,0.05,-37.00887483435589,-44.94617811303133
134,ksqexp,1,4,1.5,0.01,-37.022169801572886,-45.120617565480934
135,ksqexp,1,4,1.5,0,-37.022965308236046,-45.12819610988108
136,ksqexp,1,6,0.5,0.5,-34.26427099053169,-36.93507349440885
137,ksqexp,1,6,0.5,0.1,-34.155618399652816,-42.91409081314177
138,ksqexp,1,6,0.5,0.05,-34.561867863219035,-44.07035888817707
139,ksqexp,1,6,0.5,0.01,-34.74599420779075,-44.51279874978197
140,ksqexp,1,6,0.5,0,-34.75448470998258,-44.53219313301791
141,ksqexp,1,6,1,0.5,-36.207824956340694,-38.921074738708676
142,ksqexp,1,6,1,0.1,-32.749786366162716,-38.788609925179074
143,ksqexp,1,6,1,0.05,-32.64721594532052,-38.9444632295195
144,ksqexp,1,6,1,0.01,-32.6187377904037,-39.00247957565213
145,ksqexp,1,6,1,0,-32.61761147515518,-39.00499491179765
146,ksqexp,1,6,1.5,0.5,-38.56012694142257,-41.3204913371594
147,ksqexp,1,6,1.5,0.1,-34.89160214489818,-39.953275901423396
148,ksqexp,1,6,1.5,0.05,-34.7447372459878,-39.95179392016086
149,ksqexp,1,6,1.5,0.01,-34.697923638586055,-39.95317317806834
150,ksqexp,1,6,1.5,0,-34.695977163599714,-39.95325227143652
151,ksqexp,1,8,0.5,0.5,-33.8295579260795,-36.640023531256666
152,ksqexp,1,8,0.5,0.1,-31.529223996485833,-38.003447642482534
153,ksqexp,1,8,0.5,0.05,-31.68353483169345,-38.40296478612586
154,ksqexp,1,8,0.5,0.01,-31.75340123916504,-38.55106468876482
155,ksqexp,1,8,0.5,0,-31.756578860704433,-38.557483888373135
156,ksqexp,1,8,1,0.5,-35.87226198583693,-38.621071445589116
157,ksqexp,1,8,1,0.1,-31.86258087082728,-36.72341265587246
158,ksqexp,1,8,1,0.05,-31.71968931496132,-36.699493307643145
159,ksqexp,1,8,1,0.01,-31.67451908293869,-36.693439641572105
160,ksqexp,1,8,1,0,-31.672644677321408,-36.69320593612757
161,ksqexp,1,8,1.5,0.5,-38.39962016131552,-41.164587490837846
162,ksqexp,1,8,1.5,0.1,-34.63509112217837,-38.955169901108164
163,ksqexp,1,8,1.5,0.05,-34.48568747403903,-38.88551346531355
164,ksqexp,1,8,1.5,0.01,-34.43734332874368,-38.86335824302701
165,ksqexp,1,8,1.5,0,-34.43532338292257,-38.86243671877465
166,ksqexp,1,10,0.5,0.5,-33.67197462936454,-36.64174521169344
167,ksqexp,1,10,0.5,0.1,-30.6815610688835,-36.23323739997996
168,ksqexp,1,10,0.5,0.05,-30.787415498106245,-36.41392626508693
169,ksqexp,1,10,0.5,0.01,-30.837534933037237,-36.482107672385425
170,ksqexp,1,10,0.5,0,-30.83982591910479,-36.48507294814172
171,ksqexp,1,10,1,0.5,-35.814575540178396,-38.634901446876825
172,ksqexp,1,10,1,0.1,-31.74331937018862,-36.186313428812724
173,ksqexp,1,10,1,0.05,-31.602948754360995,-36.11848821852048
174,ksqexp,1,10,1,0.01,-31.55848418961659,-36.09736032183359
175,ksqexp,1,10,1,0,-31.556637377051896,-36.09648668271582
176,ksqexp,1,10,1.5,0.5,-38.4576623664769,-41.27712980887143
177,ksqexp,1,10,1.5,0.1,-34.77423923296793,-38.867951041375306
178,ksqexp,1,10,1.5,0.05,-34.63354852803729,-38.78525598740816
179,ksqexp,1,10,1.5,0.01,-34.588128016210064,-38.75872103775687
180,ksqexp,1,10,1.5,0,-34.58623129643187,-38.757614694307634
181,ksqexp,1,25,0.5,0.5,-34.69133374757541,-38.999591219742435
182,ksqexp,1,25,0.5,0.1,-31.076245450019464,-38.05383397227673
183,ksqexp,1,25,0.5,0.05,-31.138294388356186,-38.1148604489401
184,ksqexp,1,25,0.5,0.01,-31.172867006954064,-38.139637154623465
185,ksqexp,1,25,0.5,0,-31.17448956194162,-38.140732809028606
186,ksqexp,1,25,1,0.5,-36.49617465786724,-40.2427242508904
187,ksqexp,1,25,1,0.1,-32.41377746462239,-37.72766343791765
188,ksqexp,1,25,1,0.05,-32.27931322573443,-37.64484636054203
189,ksqexp,1,25,1,0.01,-32.23696913396214,-37.61851483602163
190,ksqexp,1,25,1,0,-32.23521320841324,-37.6174198189081
191,ksqexp,1,25,1.5,0.5,-39.1107215611936,-42.6700529454378
192,ksqexp,1,25,1.5,0.1,-35.55281800605044,-40.342711840927635
193,ksqexp,1,25,1.5,0.05,-35.42293829368359,-40.260993389417415
194,ksqexp,1,25,1.5,0.01,-35.38118608944317,-40.234734178189164
195,ksqexp,1,25,1.5,0,-35.37944452396995,-40.233638922271545
196,ksqexp,1.25,0.2,0.5,0.5,-37.95029393255442,-40.15835707458004
197,ksqexp,1.25,0.2,0.5,0.1,-450.9706288922346,-474.21610239753954
198,ksqexp,1.25,0.2,0.5,0.05,-1778.5538094904275,-1806.5863099921066
199,ksqexp,1.25,0.2,0.5,0.01,-39290.63148620051,-39208.45537534967
200,ksqexp,1.25,0.2,0.5,0,-5963305206.954258,-6026436150.858473
201,ksqexp,1.25,0.2,1,0.5,-37.6631185431499,-39.87314744082262
202,ksqexp,1.25,0.2,1,0.1,-442.7222296856606,-457.8634349983838
203,ksqexp,1.25,0.2,1,0.05,-1740.539580018448,-1744.7683393634952
204,ksqexp,1.25,0.2,1,0.01,-38644.18313530545,-38840.44372026803
205,ksqexp,1.25,0.2,1,0,-2985661709.429983,-3017224016.6059976
206,ksqexp,1.25,0.2,1.5,0.5,-37.90838571462605,-40.094139495974964
207,ksqexp,1.25,0.2,1.5,0.1,-438.5077851295168,-449.16848050135326
208,ksqexp,1.25,0.2,1.5,0.05,-1717.9745777285175,-1711.779021135912
209,ksqexp,1.25,0.2,1.5,0.01,-38769.37164627704,-39066.37030151655
210,ksqexp,1.25,0.2,1.5,0,-1991333937.6360245,-2012374764.502264
211,ksqexp,1.25,0.5,0.5,0.5,-35.1478127356055,-37.49028799841541
212,ksqexp,1.25,0.5,0.5,0.1,-377.1491564849869,-392.89013142644063
213,ksqexp,1.25,0.5,0.5,0.05,-1440.5835411693408,-1515.6330659350474
214,ksqexp,1.25,0.5,0.5,0.01,-36618.62108037364,-39102.019356698744
215,ksqexp,1.25,0.5,0.5,0,-3821379.291704807,-4407330.236480487
216,ksqexp,1.25,0.5,1,0.5,-35.931002378416245,-38.07684790516594
217,ksqexp,1.25,0.5,1,0.1,-368.9562809296663,-386.5964595760715
218,ksqexp,1.25,0.5,1,0.05,-1404.5718715932987,-1485.4915081801337
219,ksqexp,1.25,0.5,1,0.01,-36814.22007730512,-39272.49607637821
220,ksqexp,1.25,0.5,1,0,-1910669.3156977794,-2203646.0215086387
221,ksqexp,1.25,0.5,1.5,0.5,-37.03222386360566,-39.049802303963794
222,ksqexp,1.25,0.5,1.5,0.1,-363.4290919720248,-382.5443541085343
223,ksqexp,1.25,0.5,1.5,0.05,-1397.466910835483,-1480.6854066779133
224,ksqexp,1.25,0.5,1.5,0.01,-36615.65058183241,-38938.961982773624
225,ksqexp,1.25,0.5,1.5,0,-1273767.9274863524,-1469086.4656605897
226,ksqexp,1.25,1,0.5,0.5,-34.76926297334328,-37.4129425692145
227,ksqexp,1.25,1,0.5,0.1,-312.70956468280696,-364.29370275126314
228,ksqexp,1.25,1,0.5,0.05,-1186.1714407645418,-1409.3706836727251
229,ksqexp,1.25,1,0.5,0.01,-13107.499270277,-18119.155358174456
230,ksqexp,1.25,1,0.5,0,-15463.583974522142,-31735.830196897194
231,ksqexp,1.25,1,1,0.5,-36.58864820849623,-39.41642541166463
232,ksqexp,1.25,1,1,0.1,-307.2115858478892,-360.95046766755286
233,ksqexp,1.25,1,1,0.05,-1149.4073666076142,-1386.391739235983
234,ksqexp,1.25,1,1,0.01,-7609.072043381796,-11582.146461383081
235,ksqexp,1.25,1,1,0,-7726.436015235268,-15863.933295529396
236,ksqexp,1.25,1,1.5,0.5,-38.37004490924505,-41.36153682449717
237,ksqexp,1.25,1,1.5,0.1,-305.6806840021298,-361.42465450017426
238,ksqexp,1.25,1,1.5,0.05,-1113.9281144887434,-1354.2407620060117
239,ksqexp,1.25,1,1.5,0.01,-5262.167831261439,-8497.318017122305
240,ksqexp,1.25,1,1.5,0,-5150.177360830547,-10576.09162650635
241,ksqexp,1.25,1.5,0.5,0.5,-35.39920041842228,-38.53507337559488
242,ksqexp,1.25,1.5,0.5,0.1,-247.50417841056148,-314.44902108847384
243,ksqexp,1.25,1.5,0.5,0.05,-687.3411285020524,-958.9451510904219
244,ksqexp,1.25,1.5,0.5,0.01,-1402.7559205221487,-2886.136164342181
245,ksqexp,1.25,1.5,0.5,0,-1513.865435474161,-3217.1119332677977
246,ksqexp,1.25,1.5,1,0.5,-37.460633399998315,-41.0569220025001
247,ksqexp,1.25,1.5,1,0.1,-221.7949518792064,-291.1623972501759
248,ksqexp,1.25,1.5,1,0.05,-488.21016230665623,-739.0285151123886
249,ksqexp,1.25,1.5,1,0.01,-724.5677271974378,-1521.7437625753382
250,ksqexp,1.25,1.5,1,0,-759.1562288854759,-1612.4302942881063
251,ksqexp,1.25,1.5,1.5,0.5,-39.40276280858719,-43.29182107800036
252,ksqexp,1.25,1.5,1.5,0.1,-202.1637645865797,-272.27247529474187
253,ksqexp,1.25,1.5,1.5,0.05,-376.82098098322865,-602.7199719946827
254,ksqexp,1.25,1.5,1.5,0.01,-493.6638607885963,-1038.6253341006702
255,ksqexp,1.25,1.5,1.5,0,-510.37714991159766,-1080.327070938961
256,ksqexp,1.25,2,0.5,0.5,-35.67771811792333,-39.018509055471945
257,ksqexp,1.25,2,0.5,0.1,-174.22718619343627,-240.78341507040642
258,ksqexp,1.25,2,0.5,0.05,-305.5969669547092,-508.1598209995141
259,ksqexp,1.25,2,0.5,0.01,-430.7261834473508,-856.2365060845895
260,ksqexp,1.25,2,0.5,0,-453.93564739398,-891.4262891881649
261,ksqexp,1.25,2,1,0.5,-37.799937203629405,-41.687757827516535
262,ksqexp,1.25,2,1,0.1,-131.60243617057964,-194.40235330000831
263,ksqexp,1.25,2,1,0.05,-180.47102496363888,-325.89410632256426
264,ksqexp,1.25,2,1,0.01,-226.93511335772615,-444.60266177030985
265,ksqexp,1.25,2,1,0,-233.15392929859368,-453.71543894605486
266,ksqexp,1.25,2,1.5,0.5,-39.79881083195676,-44.009546962705954
267,ksqexp,1.25,2,1.5,0.1,-108.39006949517143,-166.12865458226688
268,ksqexp,1.25,2,1.5,0.05,-133.531319690817,-245.7747954438262
269,ksqexp,1.25,2,1.5,0.01,-159.54379588893568,-306.5203232428248
270,ksqexp,1.25,2,1.5,0,-162.3506800024672,-310.6024789224389
271,ksqexp,1.25,2.5,0.5,0.5,-35.38836934415784,-38.69632828497638
272,ksqexp,1.25,2.5,0.5,0.1,-114.15505944224844,-169.08462208966833
273,ksqexp,1.25,2.5,0.5,0.05,-153.3191615462085,-273.569904111813
274,ksqexp,1.25,2.5,0.5,0.01,-199.14925977747754,-368.16375767154005
275,ksqexp,1.25,2.5,0.5,0,-204.82705160265894,-375.38929382780003
276,ksqexp,1.25,2.5,1,0.5,-37.46535260378366,-41.305047950322376
277,ksqexp,1.25,2.5,1,0.1,-78.74396147596929,-124.10047478021902
278,ksqexp,1.25,2.5,1,0.05,-92.5468458363757,-166.6199312955978
279,ksqexp,1.25,2.5,1,0.01,-109.34483828580683,-196.23103186004502
280,ksqexp,1.25,2.5,1,0,-110.78097186557245,-198.04842941143787
281,ksqexp,1.25,2.5,1.5,0.5,-39.447902478299355,-43.61016877331934
282,ksqexp,1.25,2.5,1.5,0.1,-64.92533105654452,-102.93359998589371
283,ksqexp,1.25,2.5,1.5,0.05,-72.79133325314822,-126.51042043941844
284,ksqexp,1.25,2.5,1.5,0.01,-81.59329831719666,-140.92418097349696
285,ksqexp,1.25,2.5,1.5,0,-82.22293537962857,-141.725464697554
286,ksqexp,1.25,3,0.5,0.5,-34.84372625915211,-38.04556840366318
287,ksqexp,1.25,3,0.5,0.1,-77.77991978791619,-118.42491458805159
288,ksqexp,1.25,3,0.5,0.05,-93.85128705042666,-163.01570131014557
289,ksqexp,1.25,3,0.5,0.01,-113.79757816492392,-196.20317352562836
290,ksqexp,1.25,3,0.5,0,-115.57904104483566,-198.3339906050463
291,ksqexp,1.25,3,1,0.5,-36.815374012657614,-40.503630402907795
292,ksqexp,1.25,3,1,0.1,-54.304619988737656,-84.46838013748246
293,ksqexp,1.25,3,1,0.05,-60.516596356857946,-100.76559418676037
294,ksqexp,1.25,3,1,0.01,-67.02298920019338,-110.45285263026439
295,ksqexp,1.25,3,1,0,-67.45602059968975,-110.97680454192245
296,ksqexp,1.25,3,1.5,0.5,-38.74675027504301,-42.745062365823685
297,ksqexp,1.25,3,1.5,0.1,-47.33917694742878,-71.38802355533576
298,ksqexp,1.25,3,1.5,0.05,-50.89308445481976,-79.91321843300618
299,ksqexp,1.25,3,1.5,0.01,-54.02159432535318,-84.42142929362647
300,ksqexp,1.25,3,1.5,0,-54.205670549220166,-84.6483992851291
301,ksqexp,1.25,3.5,0.5,0.5,-34.347332089752896,-37.47343655046783
302,ksqexp,1.25,3.5,0.5,0.1,-59.194297039577044,-89.0341073008722
303,ksqexp,1.25,3.5,0.5,0.05,-68.22463769312978,-111.23346445175446
304,ksqexp,1.25,3.5,0.5,0.01,-77.95843963673039,-125.56325422543124
305,ksqexp,1.25,3.5,0.5,0,-78.66369560227902,-126.3839725652189
306,ksqexp,1.25,3.5,1,0.5,-36.210143712599255,-39.77912137449444
307,ksqexp,1.25,3.5,1,0.1,-43.5416177750401,-64.41535367742819
308,ksqexp,1.25,3.5,1,0.05,-46.857347666273945,-71.84688687852066
309,ksqexp,1.25,3.5,1,0.01,-49.665650301722756,-75.76193730781385
310,ksqexp,1.25,3.5,1,0,-49.829126710263424,-75.9584451813425
311,ksqexp,1.25,3.5,1.5,0.5,-38.10420155480876,-41.96557344815934
312,ksqexp,1.25,3.5,1.5,0.1,-40.0058456796091,-56.45862308969405
313,ksqexp,1.25,3.5,1.5,0.05,-41.7053813593115,-60.11669970321156
314,ksqexp,1.25,3.5,1.5,0.01,-42.94207384224436,-61.8576278204376
315,ksqexp,1.25,3.5,1.5,0,-43.008260512128494,-61.940592819155015
316,ksqexp,1.25,4,0.5,0.5,-33.98181706177775,-37.081722104883426
317,ksqexp,1.25,4,0.5,0.1,-49.736616265245374,-72.5811353352188
318,ksqexp,1.25,4,0.5,0.05,-55.879271117821474,-85.42534658636204
319,ksqexp,1.25,4,0.5,0.01,-61.38746076466436,-92.8563573817793
320,ksqexp,1.25,4,0.5,0,-61.736432796176416,-93.25147430046894
321,ksqexp,1.25,4,1,0.5,-35.75249145342106,-39.258563712215974
322,ksqexp,1.25,4,1,0.1,-38.46994462196866,-54.10035725669533
323,ksqexp,1.25,4,1,0.05,-40.43836069411493,-58.05357621230114
324,ksqexp,1.25,4,1,0.01,-41.85039211338316,-59.96056708332307
325,ksqexp,1.25,4,1,0,-41.926482023420455,-60.052076510364685
326,ksqexp,1.25,4,1.5,0.5,-37.63291557890268,-41.41162572666946
327,ksqexp,1.25,4,1.5,0.1,-36.66351533264792,-49.11197217875541
328,ksqexp,1.25,4,1.5,0.05,-37.52449380635374,-50.932226514798224
329,ksqexp,1.25,4,1.5,0.01,-38.08523693498602,-51.739009180769536
330,ksqexp,1.25,4,1.5,0,-38.11382186546332,-51.77626734659479
331,ksqexp,1.25,6,0.5,0.5,-33.19699839494316,-36.39493685063076
332,ksqexp,1.25,6,0.5,0.1,-37.5865630992666,-49.13707113313886
333,ksqexp,1.25,6,0.5,0.05,-40.46504868597514,-52.591556830345084
334,ksqexp,1.25,6,0.5,0.01,-42.10447556255367,-54.184606106743445
335,ksqexp,1.25,6,0.5,0,-42.187020153904136,-54.259572961680526
336,ksqexp,1.25,6,1,0.5,-34.791148395455814,-38.282077785194105
337,ksqexp,1.25,6,1,0.1,-32.478223708860426,-40.85096057231299
338,ksqexp,1.25,6,1,0.05,-33.00210316829117,-41.62138511436837
339,ksqexp,1.25,6,1,0.01,-33.2761381708926,-41.939431936354005
340,ksqexp,1.25,6,1,0,-33.28921633887142,-41.953712674021396
341,ksqexp,1.25,6,1.5,0.5,-36.74864582622577,-40.44178008803101
342,ksqexp,1.25,6,1.5,0.1,-33.00442812112653,-40.29883780938663
343,ksqexp,1.25,6,1.5,0.05,-33.06336660396264,-40.54026841755494
344,ksqexp,1.25,6,1.5,0.01,-33.111514609711065,-40.638068340990905
345,ksqexp,1.25,6,1.5,0,-33.113938500478284,-40.64241601144211
346,ksqexp,1.25,8,0.5,0.5,-32.659786680805915,-35.948338509471796
347,ksqexp,1.25,8,0.5,0.1,-33.96921299765971,-41.302547060790296
348,ksqexp,1.25,8,0.5,0.05,-36.10093987291531,-42.89578632389939
349,ksqexp,1.25,8,0.5,0.01,-37.16293425325263,-43.58407273060779
350,ksqexp,1.25,8,0.5,0,-37.213328714428954,-43.61547419462808
351,ksqexp,1.25,8,1,0.5,-34.305627526644194,-37.778239269049166
352,ksqexp,1.25,8,1,0.1,-30.959077893700126,-37.06203614723437
353,ksqexp,1.25,8,1,0.05,-31.239191469117635,-37.30088005505063
354,ksqexp,1.25,8,1,0.01,-31.375041613158036,-37.39903831395647
355,ksqexp,1.25,8,1,0,-31.381331158509724,-37.40341297951866
356,ksqexp,1.25,8,1.5,0.5,-36.42018551278499,-40.05780652925523
357,ksqexp,1.25,8,1.5,0.1,-32.27579603037662,-38.1062182233955
358,ksqexp,1.25,8,1.5,0.05,-32.231730308582286,-38.11505331985879
359,ksqexp,1.25,8,1.5,0.01,-32.22801007603706,-38.122988555877235
360,ksqexp,1.25,8,1.5,0,-32.22798873986306,-38.12338267450922
361,ksqexp,1.25,10,0.5,0.5,-32.324775965229286,-35.699073851235404
362,ksqexp,1.25,10,0.5,0.1,-32.53166142439803,-37.802245590314044
363,ksqexp,1.25,10,0.5,0.05,-34.483357908810305,-38.80504843429825
364,ksqexp,1.25,10,0.5,0.01,-35.42956361466308,-39.24127011348602
365,ksqexp,1.25,10,0.5,0,-35.47392851217432,-39.261147362570384
366,ksqexp,1.25,10,1,0.5,-34.09348484165949,-37.56203058883368
367,ksqexp,1.25,10,1,0.1,-30.52328701947022,-35.61997286878097
368,ksqexp,1.25,10,1,0.05,-30.76846508087458,-35.7136215646023
369,ksqexp,1.25,10,1,0.01,-30.885305038021333,-35.75679028447201
370,ksqexp,1.25,10,1,0,-30.89067764190854,-35.75875866786604
371,ksqexp,1.25,10,1.5,0.5,-36.34510643172615,-39.96866905685262
372,ksqexp,1.25,10,1.5,0.1,-32.20764019523834,-37.44055550966506
373,ksqexp,1.25,10,1.5,0.05,-32.16026856914654,-37.394352594893526
374,ksqexp,1.25,10,1.5,0.01,-32.153747858135546,-37.38241487681098
375,ksqexp,1.25,10,1.5,0,-32.15358411848911,-37.38195253633996
376,ksqexp,1.25,25,0.5,0.5,-32.74814170008648,-37.383265701173336
377,ksqexp,1.25,25,0.5,0.1,-31.971919590132416,-36.765836983818836
378,ksqexp,1.25,25,0.5,0.05,-33.882639751798,-37.34417320743084
379,ksqexp,1.25,25,0.5,0.01,-34.806675811958975,-37.61551290557813
380,ksqexp,1.25,25,0.5,0,-34.84989128394483,-37.62809949799829
381,ksqexp,1.25,25,1,0.5,-34.4867517846976,-38.77247002578846
382,ksqexp,1.25,25,1,0.1,-30.95429780999992,-36.068084854483565
383,ksqexp,1.25,25,1,0.05,-31.235153079092374,-36.08586303903637
384,ksqexp,1.25,25,1,0.01,-31.365016700277494,-36.1021351994894
385,ksqexp,1.25,25,1,0,-31.37094667677687,-36.10295002059954
386,ksqexp,1.25,25,1.5,0.5,-36.87091936093628,-41.17641132276105
387,ksqexp,1.25,25,1.5,0.1,-33.000416990834836,-38.46410759307714
388,ksqexp,1.25,25,1.5,0.05,-32.99347557873158,-38.402906411300336
389,ksqexp,1.25,25,1.5,0.01,-33.00149482013227,-38.38590032175748
390,ksqexp,1.25,25,1.5,0,-33.001955241061744,-38.38522362818643
391,ksqexp,1.5,0.2,0.5,0.5,-38.12200492257748,-40.58705063973368
392,ksqexp,1.5,0.2,0.5,0.1,-457.0392276253375,-493.1525890427469
393,ksqexp,1.5,0.2,0.5,0.05,-1832.3265431527702,-1911.5627042718177
394,ksqexp,1.5,0.2,0.5,0.01,-44597.55359387594,-43963.2685816772
395,ksqexp,1.5,0.2,0.5,0,-25279196286.65632,-25562468920.330948
396,ksqexp,1.5,0.2,1,0.5,-37.4936627899705,-40.08963007294188
397,ksqexp,1.5,0.2,1,0.1,-449.750472924587,-477.95343361361665
398,ksqexp,1.5,0.2,1,0.05,-1815.2471133829379,-1865.8375525165368
399,ksqexp,1.5,0.2,1,0.01,-42753.57707323246,-42220.007145109965
400,ksqexp,1.5,0.2,1,0,-12711680872.75769,-12853207209.307901
401,ksqexp,1.5,0.2,1.5,0.5,-37.344295655301394,-39.98490673500023
402,ksqexp,1.5,0.2,1.5,0.1,-446.972558731877,-470.7602021708293
403,ksqexp,1.5,0.2,1.5,0.05,-1809.4110473524076,-1844.19307355836
404,ksqexp,1.5,0.2,1.5,0.01,-41563.46388042659,-41231.16624410276
405,ksqexp,1.5,0.2,1.5,0,-8490603230.593763,-8584928924.310553
406,ksqexp,1.5,0.5,0.5,0.5,-35.04438869100927,-37.81548587459925
407,ksqexp,1.5,0.5,0.5,0.1,-395.2058470612235,-414.7146747136452
408,ksqexp,1.5,0.5,0.5,0.05,-1604.430057300781,-1678.0589919065042
409,ksqexp,1.5,0.5,0.5,0.01,-36162.53440293334,-38961.94166771012
410,ksqexp,1.5,0.5,0.5,0,-15752701.51209162,-18201966.468372796
411,ksqexp,1.5,0.5,1,0.5,-35.1975444292378,-37.87656841874024
412,ksqexp,1.5,0.5,1,0.1,-398.4045952561928,-416.62380819269356
413,ksqexp,1.5,0.5,1,0.05,-1544.804402238947,-1630.7924384266184
414,ksqexp,1.5,0.5,1,0.01,-36768.14337432976,-39810.388601886276
415,ksqexp,1.5,0.5,1,0,-7876352.763218278,-9100989.588513711
416,ksqexp,1.5,0.5,1.5,0.5,-35.80722652248755,-38.380158294817406
417,ksqexp,1.5,0.5,1.5,0.1,-397.9691756199983,-416.94280139408033
418,ksqexp,1.5,0.5,1.5,0.05,-1503.3667065863692,-1596.2851558108198
419,ksqexp,1.5,0.5,1.5,0.01,-37127.925266149075,-40291.68126809922
420,ksqexp,1.5,0.5,1.5,0,-5250891.267585462,-6067317.441562283
421,ksqexp,1.5,1,0.5,0.5,-33.91531935247947,-36.736986531154926
422,ksqexp,1.5,1,0.5,0.1,-334.9189476286496,-397.4394505890319
423,ksqexp,1.5,1,0.5,0.05,-1257.1597138436975,-1521.6095140767738
424,ksqexp,1.5,1,0.5,0.01,-24495.96481475274,-31226.88184600114
425,ksqexp,1.5,1,0.5,0,-50639.58851526837,-110432.40269967495
426,ksqexp,1.5,1,1,0.5,-35.28581754240792,-38.32588478574271
427,ksqexp,1.5,1,1,0.1,-323.4399990956688,-389.24756622903203
428,ksqexp,1.5,1,1,0.05,-1230.4579675069954,-1507.785955680194
429,ksqexp,1.5,1,1,0.01,-18555.92315558441,-24753.055735316808
430,ksqexp,1.5,1,1,0,-25306.91151067048,-55205.23458774725
431,ksqexp,1.5,1,1.5,0.5,-36.7119735856292,-39.95688698409019
432,ksqexp,1.5,1,1.5,0.1,-318.84615007023507,-386.01908717044876
433,ksqexp,1.5,1,1.5,0.05,-1219.6612071022037,-1505.8085818093816
434,ksqexp,1.5,1,1.5,0.01,-14610.471674626047,-20354.22383155096
435,ksqexp,1.5,1,1.5,0,-16865.47663928412,-36798.968926662186
436,ksqexp,1.5,1.5,0.5,0.5,-34.45256402705655,-37.82895133922893
437,ksqexp,1.5,1.5,0.5,0.1,-274.0890558876054,-361.1658145232503
438,ksqexp,1.5,1.5,0.5,0.05,-912.1372484705545,-1265.1772561636012
439,ksqexp,1.5,1.5,0.5,0.01,-3396.0514783422977,-6989.926652641201
440,ksqexp,1.5,1.5,0.5,0,-3998.8111425266347,-9006.247574776156
441,ksqexp,1.5,1.5,1,0.5,-36.16324538031512,-40.12122599533768
442,ksqexp,1.5,1.5,1,0.1,-256.19635411855677,-345.8085918185729
443,ksqexp,1.5,1.5,1,0.05,-766.6007992064941,-1112.4093309854197
444,ksqexp,1.5,1.5,1,0.01,-1758.980518351087,-3886.4480648191125
445,ksqexp,1.5,1.5,1,0,-1995.3163032933203,-4501.344036359046
446,ksqexp,1.5,1.5,1.5,0.5,-37.763157489439585,-42.13790395902209
447,ksqexp,1.5,1.5,1.5,0.1,-245.29803135258604,-335.8521845595419
448,ksqexp,1.5,1.5,1.5,0.05,-657.9393472022736,-990.4069535477256
449,ksqexp,1.5,1.5,1.5,0.01,-1198.246624693741,-2702.961671910145
450,ksqexp,1.5,1.5,1.5,0,-1330.2753443730098,-3002.500176355716
451,ksqexp,1.5,2,0.5,0.5,-34.90346464053905,-38.68159275761855
452,ksqexp,1.5,2,0.5,0.1,-212.8986998945908,-304.4391255587881
453,ksqexp,1.5,2,0.5,0.05,-491.00660195866027,-803.9312485500992
454,ksqexp,1.5,2,0.5,0.01,-860.9813143917718,-1875.2786414628147
455,ksqexp,1.5,2,0.5,0,-1016.406971938774,-2070.299535286682
456,ksqexp,1.5,2,1,0.5,-36.65488801509342,-41.208103487864705
457,ksqexp,1.5,2,1,0.1,-175.9739781101092,-265.25300064590914
458,ksqexp,1.5,2,1,0.05,-312.8001515010355,-567.1038870885275
459,ksqexp,1.5,2,1,0.01,-461.0825054032657,-983.7233176290848
460,ksqexp,1.5,2,1,0,-509.171839345751,-1038.6710688722064
461,ksqexp,1.5,2,1.5,0.5,-38.28348707167171,-43.331770122520304
462,ksqexp,1.5,2,1.5,0.1,-152.1779091726017,-237.5457833145501
463,ksqexp,1.5,2,1.5,0.05,-230.4105496739573,-442.29954709483854
464,ksqexp,1.5,2,1.5,0.01,-319.78779675683444,-672.0536370413129
465,ksqexp,1.5,2,1.5,0,-342.8841182993496,-697.5855698797996
466,ksqexp,1.5,2.5,0.5,0.5,-34.95380421258297,-38.880519523352895
467,ksqexp,1.5,2.5,0.5,0.1,-155.15966610040667,-238.3963534479163
468,ksqexp,1.5,2.5,0.5,0.05,-251.74261367227137,-471.42452369773866
469,ksqexp,1.5,2.5,0.5,0.01,-392.1779196958532,-771.7625375105976
470,ksqexp,1.5,2.5,0.5,0,-430.4487376825172,-809.2182150988594
471,ksqexp,1.5,2.5,1,0.5,-36.696787464538346,-41.44666376994727
472,ksqexp,1.5,2.5,1,0.1,-111.54303582922142,-185.48692297478183
473,ksqexp,1.5,2.5,1,0.05,-146.6328465809587,-295.1939083830474
474,ksqexp,1.5,2.5,1,0.01,-208.6477220371337,-401.3794832866185
475,ksqexp,1.5,2.5,1,0,-219.08396546328126,-411.260505080072
476,ksqexp,1.5,2.5,1.5,0.5,-38.346628576821836,-43.602390071379695
477,ksqexp,1.5,2.5,1.5,0.1,-90.06503253304794,-155.44338516976399
478,ksqexp,1.5,2.5,1.5,0.05,-109.28392504360306,-221.00437149931793
479,ksqexp,1.5,2.5,1.5,0.01,-146.66769706364337,-276.9433615975115
480,ksqexp,1.5,2.5,1.5,0,-151.4196981043002,-281.39859179282365
481,ksqexp,1.5,3,0.5,0.5,-34.594740358737354,-38.470064265170656
482,ksqexp,1.5,3,0.5,0.1,-108.23168273050504,-174.3556564408943
483,ksqexp,1.5,3,0.5,0.05,-146.09050592011738,-280.3474221023245
484,ksqexp,1.5,3,0.5,0.01,-221.24886318554374,-391.3569195400336
485,ksqexp,1.5,3,0.5,0,-233.82330235717382,-402.29898394940125
486,ksqexp,1.5,3,1,0.5,-36.26710267307393,-40.9279424592463
487,ksqexp,1.5,3,1,0.1,-72.77815536366228,-125.67669993233262
488,ksqexp,1.5,3,1,0.05,-88.36897972026765,-169.6215757070697
489,ksqexp,1.5,3,1,0.01,-119.24002443992653,-206.98557940478065
490,ksqexp,1.5,3,1,0,-122.49451849140112,-209.78131608623644
491,ksqexp,1.5,3,1.5,0.5,-37.894078953593926,-43.040864531726896
492,ksqexp,1.5,3,1.5,0.1,-59.32944155382119,-103.11319855077778
493,ksqexp,1.5,3,1.5,0.05,-69.56065511436493,-128.1618533477831
494,ksqexp,1.5,3,1.5,0.01,-86.72872804573657,-147.15869468417694
495,ksqexp,1.5,3,1.5,0,-88.17558062039312,-148.3994168853379
496,ksqexp,1.5,3.5,0.5,0.5,-34.07748429195078,-37.832042682966524
497,ksqexp,1.5,3.5,0.5,0.1,-79.07960473029655,-127.84784088525365
498,ksqexp,1.5,3.5,0.5,0.05,-101.18035672866692,-180.8900694216595
499,ksqexp,1.5,3.5,0.5,0.01,-144.33304630409293,-230.24464457023254
500,ksqexp,1.5,3.5,0.5,0,-149.41232474286787,-234.30026636391975
501,ksqexp,1.5,3.5,1,0.5,-35.65033560773856,-40.12901225399978
502,ksqexp,1.5,3.5,1,0.1,-53.84951166312368,-89.73775756517514
503,ksqexp,1.5,3.5,1,0.05,-64.28313578040579,-110.37143099653115
504,ksqexp,1.5,3.5,1,0.01,-80.11362969366877,-126.09283240202396
505,ksqexp,1.5,3.5,1,0,-81.38710430416864,-127.10620373805494
506,ksqexp,1.5,3.5,1.5,0.5,-37.23867489209632,-42.17410681553046
507,ksqexp,1.5,3.5,1.5,0.1,-45.98042652549617,-74.65112113555426
508,ksqexp,1.5,3.5,1.5,0.05,-52.77887794973963,-86.04254084524332
509,ksqexp,1.5,3.5,1.5,0.01,-60.94770094308755,-93.72234807423244
510,ksqexp,1.5,3.5,1.5,0,-61.50268758512947,-94.16550629134423
511,ksqexp,1.5,4,0.5,0.5,-33.59985151459378,-37.250068977675966
512,ksqexp,1.5,4,0.5,0.1,-63.261980294906245,-98.80738228448237
513,ksqexp,1.5,4,0.5,0.05,-80.34141076091319,-129.18042412407462
514,ksqexp,1.5,4,0.5,0.01,-107.4217757962781,-154.6138593274405
515,ksqexp,1.5,4,0.5,0,-109.94075285505053,-156.4353294725621
516,ksqexp,1.5,4,1,0.5,-35.07905173086087,-39.39571214255248
517,ksqexp,1.5,4,1,0.1,-44.984242731267386,-69.82308030306018
518,ksqexp,1.5,4,1,0.05,-52.80879254651287,-81.02022911863222
519,ksqexp,1.5,4,1,0.01,-61.781836612526575,-88.65700124924082
520,ksqexp,1.5,4,1,0,-62.39610538155664,-89.1023242368218
521,ksqexp,1.5,4,1.5,0.5,-36.64398456504077,-41.38713645145208
522,ksqexp,1.5,4,1.5,0.1,-40.04289315763056,-59.7474380983292
523,ksqexp,1.5,4,1.5,0.05,-44.72824786990775,-65.67620847477431
524,ksqexp,1.5,4,1.5,0.01,-49.076874714336064,-69.25744188445746
525,ksqexp,1.5,4,1.5,0,-49.33854632073125,-69.4486459228145
526,ksqexp,1.5,6,0.5,0.5,-32.58175872352395,-36.159234995922574
527,ksqexp,1.5,6,0.5,0.1,-45.16511175709498,-58.327956926724184
528,ksqexp,1.5,6,0.5,0.05,-57.610386437516915,-67.27199428760754
529,ksqexp,1.5,6,0.5,0.01,-68.74651968525708,-73.03818915896456
530,ksqexp,1.5,6,0.5,0,-69.44700479322896,-73.36107729005077
531,ksqexp,1.5,6,1,0.5,-33.84925719277149,-37.93159752183501
532,ksqexp,1.5,6,1,0.1,-36.063352565510215,-45.2273281899622
533,ksqexp,1.5,6,1,0.05,-40.49202657685441,-47.94646419502061
534,ksqexp,1.5,6,1,0.01,-43.44204616250263,-49.38898383658555
535,ksqexp,1.5,6,1,0,-43.59926931036116,-49.46071013663597
536,ksqexp,1.5,6,1.5,0.5,-35.46876079132549,-39.876706583140155
537,ksqexp,1.5,6,1.5,0.1,-34.39858707230439,-42.47905115742966
538,ksqexp,1.5,6,1.5,0.05,-36.48900947672597,-43.67518813072727
539,ksqexp,1.5,6,1.5,0.01,-37.71265690710435,-44.25688602910787
540,ksqexp,1.5,6,1.5,0,-37.77401424860005,-44.284577851834946
541,ksqexp,1.5,8,0.5,0.5,-32.04143862397452,-35.68343886865972
542,ksqexp,1.5,8,0.5,0.1,-41.073819632637296,-47.316688260744264
543,ksqexp,1.5,8,0.5,0.05,-52.39567423822277,-52.584069487777796
544,ksqexp,1.5,8,0.5,0.01,-61.05933580470519,-55.80110389431609
545,ksqexp,1.5,8,0.5,0,-61.55267934834095,-55.97175272945179
546,ksqexp,1.5,8,1,0.5,-33.30730388432335,-37.33195370805586
547,ksqexp,1.5,8,1,0.1,-34.31376990403877,-39.44609890186848
548,ksqexp,1.5,8,1,0.05,-38.04285467254358,-40.8964578426037
549,ksqexp,1.5,8,1,0.01,-40.193709244608264,-41.631389394375674
550,ksqexp,1.5,8,1,0,-40.30125090038386,-41.66679868928466
551,ksqexp,1.5,8,1.5,0.5,-35.06563452667841,-39.3581097245475
552,ksqexp,1.5,8,1.5,0.1,-33.47701697679232,-38.850290180878176
553,ksqexp,1.5,8,1.5,0.05,-35.12045499054595,-39.41056853549331
554,ksqexp,1.5,8,1.5,0.01,-35.96760900851659,-39.676701875238365
555,ksqexp,1.5,8,1.5,0,-36.00809818384492,-39.68913744241465
556,ksqexp,1.5,10,0.5,0.5,-31.61718067802186,-35.30206358561491
557,ksqexp,1.5,10,0.5,0.1,-39.21446411181222,-42.00576186182015
558,ksqexp,1.5,10,0.5,0.05,-50.10601981513425,-45.97902150881418
559,ksqexp,1.5,10,0.5,0.01,-58.026627134616916,-48.442767243373154
560,ksqexp,1.5,10,0.5,0,-58.4632830481613,-48.57243166753619
561,ksqexp,1.5,10,1,0.5,-32.99557429280794,-36.959969018873245
562,ksqexp,1.5,10,1,0.1,-33.6395530658197,-36.95456257373346
563,ksqexp,1.5,10,1,0.05,-37.15760619649147,-38.01358576338043
564,ksqexp,1.5,10,1,0.01,-39.092840119152726,-38.557913546175826
565,ksqexp,1.5,10,1,0,-39.18761955332424,-38.58406568946754
566,ksqexp,1.5,10,1.5,0.5,-34.89957015326827,-39.11158039969142
567,ksqexp,1.5,10,1.5,0.1,-33.23420600716808,-37.464978809181034
568,ksqexp,1.5,10,1.5,0.05,-34.7627280606634,-37.84889857738937
569,ksqexp,1.5,10,1.5,0.01,-35.5175461408857,-38.03648418543896
570,ksqexp,1.5,10,1.5,0,-35.55305515456407,-38.045267130014636
571,ksqexp,1.5,25,0.5,0.5,-31.43553962507756,-36.067800450249166
572,ksqexp,1.5,25,0.5,0.1,-37.70949599834543,-37.23360364946878
573,ksqexp,1.5,25,0.5,0.05,-48.534626040277814,-40.15808422829726
574,ksqexp,1.5,25,0.5,0.01,-56.131949821025025,-42.10994281753836
575,ksqexp,1.5,25,0.5,0,-56.54147029029581,-42.213575213675725
576,ksqexp,1.5,25,1,0.5,-33.08107475990198,-37.57833605863683
577,ksqexp,1.5,25,1,0.1,-33.82671878781818,-35.7428561908558
578,ksqexp,1.5,25,1,0.05,-37.38515771365873,-36.57197873809092
579,ksqexp,1.5,25,1,0.01,-39.27341980189445,-37.01721232955943
580,ksqexp,1.5,25,1,0,-39.36455876420707,-37.038718754422284
581,ksqexp,1.5,25,1.5,0.5,-35.26551796489056,-39.94666716606432
582,ksqexp,1.5,25,1.5,0.1,-34.037570268538964,-37.6177181123734
583,ksqexp,1.5,25,1.5,0.05,-35.634174218097144,-37.93607615173623
584,ksqexp,1.5,25,1.5,0.01,-36.3942517943734,-38.096865274525285
585,ksqexp,1.5,25,1.5,0,-36.42957835507536,-38.10442336794539
586,ksqexp,1.75,0.2,0.5,0.5,-38.49868932079058,-41.108368203093804
587,ksqexp,1.75,0.2,0.5,0.1,-464.7916051085726,-514.1377032436092
588,ksqexp,1.75,0.2,0.5,0.05,-1849.170171186553,-1966.1329291103111
589,ksqexp,1.75,0.2,0.5,0.01,-48143.43582281398,-47978.76424530004
590,ksqexp,1.75,0.2,0.5,0,-84172927600.19905,-85202763632.945
591,ksqexp,1.75,0.2,1,0.5,-37.930871445766606,-40.773906616725746
592,ksqexp,1.75,0.2,1,0.1,-453.6936426248938,-492.8447349208676
593,ksqexp,1.75,0.2,1,0.05,-1828.2798496312025,-1917.6289082981773
594,ksqexp,1.75,0.2,1,0.01,-48528.43424555871,-47742.024129259255
595,ksqexp,1.75,0.2,1,0,-42893993766.19258,-43407808903.56131
596,ksqexp,1.75,0.2,1.5,0.5,-37.63005437536282,-40.58834123141428
597,ksqexp,1.75,0.2,1.5,0.1,-449.51665204567394,-483.1459526088081
598,ksqexp,1.75,0.2,1.5,0.05,-1822.8270195913312,-1897.9054317907169
599,ksqexp,1.75,0.2,1.5,0.01,-48135.24649622961,-47108.58990621494
600,ksqexp,1.75,0.2,1.5,0,-28780042716.18551,-29122312723.914524
601,ksqexp,1.75,0.5,0.5,0.5,-35.355008688877,-38.450832869087115
602,ksqexp,1.75,0.5,0.5,0.1,-396.0607356287011,-423.63257562470125
603,ksqexp,1.75,0.5,0.5,0.05,-1666.9028207910771,-1753.0334434695405
604,ksqexp,1.75,0.5,0.5,0.01,-36833.831198647276,-40031.216735706184
605,ksqexp,1.75,0.5,0.5,0,-52634366.51945634,-61698621.56747354
606,ksqexp,1.75,0.5,1,0.5,-35.12253350960584,-38.235009960579404
607,ksqexp,1.75,0.5,1,0.1,-400.11100463116225,-423.95084614882524
608,ksqexp,1.75,0.5,1,0.05,-1670.4862406094337,-1761.7388246009943
609,ksqexp,1.75,0.5,1,0.01,-36339.44821125425,-39777.26205125155
610,ksqexp,1.75,0.5,1,0,-26317498.36783624,-30849665.4526438
611,ksqexp,1.75,0.5,1.5,0.5,-35.340504639457286,-38.373718828156264
612,ksqexp,1.75,0.5,1.5,0.1,-404.4765966595516,-427.62165027805
613,ksqexp,1.75,0.5,1.5,0.05,-1654.265800283556,-1751.0698346090048
614,ksqexp,1.75,0.5,1.5,0.01,-36431.94139131712,-40053.32448268757
615,ksqexp,1.75,0.5,1.5,0,-17545054.046855595,-20566508.395937856
616,ksqexp,1.75,1,0.5,0.5,-33.384200949869474,-36.309783244611815
617,ksqexp,1.75,1,0.5,0.1,-360.72342492670543,-428.5941228606276
618,ksqexp,1.75,1,0.5,0.05,-1339.193999420965,-1655.951060377913
619,ksqexp,1.75,1,0.5,0.01,-30051.549705498554,-38767.38236057714
620,ksqexp,1.75,1,0.5,0,-158399.09125283035,-351463.4639243999
621,ksqexp,1.75,1,1,0.5,-34.34766346180552,-37.454093661966446
622,ksqexp,1.75,1,1,0.1,-347.11800996003416,-423.27129423466624
623,ksqexp,1.75,1,1,0.05,-1282.3192190217942,-1610.348443260881
624,ksqexp,1.75,1,1,0.01,-27789.86678565565,-35986.596662867414
625,ksqexp,1.75,1,1,0,-79178.93915538491,-175713.58539444805
626,ksqexp,1.75,1,1.5,0.5,-35.45382819383059,-38.756768278166874
627,ksqexp,1.75,1,1.5,0.1,-338.15719560181697,-417.8747492097351
628,ksqexp,1.75,1,1.5,0.05,-1261.527156375206,-1595.7228544559011
629,ksqexp,1.75,1,1.5,0.01,-25383.472644716963,-33181.341887962764
630,ksqexp,1.75,1,1.5,0,-52775.01398081499,-117133.0806838914
631,ksqexp,1.75,1.5,0.5,0.5,-33.674425673974675,-37.08855457538193
632,ksqexp,1.75,1.5,0.5,0.1,-301.25062244339426,-402.7872624706447
633,ksqexp,1.75,1.5,0.5,0.05,-1032.1104171316665,-1471.336768853422
634,ksqexp,1.75,1.5,0.5,0.01,-7766.850285289422,-14494.045808463608
635,ksqexp,1.75,1.5,0.5,0,-10850.59702727725,-24301.953911379554
636,ksqexp,1.75,1.5,1,0.5,-35.10918720468604,-39.10861479609182
637,ksqexp,1.75,1.5,1,0.1,-278.45216579130965,-387.2036892773928
638,ksqexp,1.75,1.5,1,0.05,-944.658621765396,-1384.4052933695066
639,ksqexp,1.75,1.5,1,0.01,-4214.5299621178165,-8845.498590207417
640,ksqexp,1.75,1.5,1,0,-5414.533726754952,-12143.229712468139
641,ksqexp,1.75,1.5,1.5,0.5,-36.487565172591324,-40.940021639092485
642,ksqexp,1.75,1.5,1.5,0.1,-267.490131131601,-379.09163223259
643,ksqexp,1.75,1.5,1.5,0.05,-880.46530698824,-1312.350963577401
644,ksqexp,1.75,1.5,1.5,0.01,-2875.9740169423026,-6387.38614022148
645,ksqexp,1.75,1.5,1.5,0,-3605.3032516929206,-8093.11226917702
646,ksqexp,1.75,2,0.5,0.5,-34.18592797967901,-38.10725546782029
647,ksqexp,1.75,2,0.5,0.1,-245.00539055864007,-357.74660179822115
648,ksqexp,1.75,2,0.5,0.05,-681.8964223984125,-1110.53927117707
649,ksqexp,1.75,2,0.5,0.01,-1668.175433472089,-3878.0652563684494
650,ksqexp,1.75,2,0.5,0,-2427.820032872805,-4785.243325167455
651,ksqexp,1.75,2,1,0.5,-35.68553986243613,-40.47289311190203
652,ksqexp,1.75,2,1,0.1,-212.64150351836818,-327.8326685610625
653,ksqexp,1.75,2,1,0.05,-498.63555281237814,-876.2206274768633
654,ksqexp,1.75,2,1,0.01,-921.4908685204632,-2099.40659166463
655,ksqexp,1.75,2,1,0,-1209.1261696649847,-2391.206868581838
656,ksqexp,1.75,2,1.5,0.5,-37.068431725771276,-42.451603404319506
657,ksqexp,1.75,2,1.5,0.1,-192.50658477426,-306.12081746515923
658,ksqexp,1.75,2,1.5,0.05,-391.84175274203704,-726.4378864030115
659,ksqexp,1.75,2,1.5,0.01,-652.7442434135827,-1450.613645984625
660,ksqexp,1.75,2,1.5,0,-805.6855362270383,-1595.985371142018
661,ksqexp,1.75,2.5,0.5,0.5,-34.46301449961083,-38.7142200824866
662,ksqexp,1.75,2.5,0.5,0.1,-195.68612186984691,-305.23698117918286
663,ksqexp,1.75,2.5,0.5,0.05,-395.98120445937576,-734.2793905340784
664,ksqexp,1.75,2.5,0.5,0.01,-745.0580445814643,-1524.1891753868504
665,ksqexp,1.75,2.5,0.5,0,-951.2067897395214,-1693.3382397697605
666,ksqexp,1.75,2.5,1,0.5,-35.94808001804698,-41.20418819612776
667,ksqexp,1.75,2.5,1,0.1,-151.05678627588821,-254.78611368719316
668,ksqexp,1.75,2.5,1,0.05,-240.22272562511515,-492.3144171260514
669,ksqexp,1.75,2.5,1,0.01,-410.91893268759696,-800.2866682603706
670,ksqexp,1.75,2.5,1,0,-474.41920070419354,-849.1747255903304
671,ksqexp,1.75,2.5,1.5,0.5,-37.34033088728093,-43.239906583414815
672,ksqexp,1.75,2.5,1.5,0.1,-125.4854962528315,-221.48077748455714
673,ksqexp,1.75,2.5,1.5,0.05,-175.4568279137978,-375.3067581003224
674,ksqexp,1.75,2.5,1.5,0.01,-287.80931659888824,-547.639789779313
675,ksqexp,1.75,2.5,1.5,0,-318.2806607560307,-570.5775440324419
676,ksqexp,1.75,3,0.5,0.5,-34.387506044817464,-38.741528507142995
677,ksqexp,1.75,3,0.5,0.1,-147.67829140353976,-242.27207673583342
678,ksqexp,1.75,3,0.5,0.05,-234.01026703317154,-462.1077146587208
679,ksqexp,1.75,3,0.5,0.01,-450.5884859889304,-763.4741340396675
680,ksqexp,1.75,3,0.5,0,-526.9590710471879,-813.9699030752897
681,ksqexp,1.75,3,1,0.5,-35.829694368225,-41.207490654490826
682,ksqexp,1.75,3,1,0.1,-102.65242304132498,-183.93914323798586
683,ksqexp,1.75,3,1,0.05,-137.63705918980645,-285.11964598222863
684,ksqexp,1.75,3,1,0.01,-243.1348910313421,-398.3271238670249
685,ksqexp,1.75,3,1,0,-264.4708200511561,-412.02463274071715
686,ksqexp,1.75,3,1.5,0.5,-37.22109806893579,-43.236472195133196
687,ksqexp,1.75,3,1.5,0.1,-81.73230375642393,-151.95048602999924
688,ksqexp,1.75,3,1.5,0.05,-103.84246599484479,-212.38703655270552
689,ksqexp,1.75,3,1.5,0.01,-169.94079559220373,-274.5900981688177
690,ksqexp,1.75,3,1.5,0,-179.76539304285183,-280.83353266105934
691,ksqexp,1.75,3.5,0.5,0.5,-34.02278440325587,-38.310872922709514
692,ksqexp,1.75,3.5,0.5,0.1,-108.8563596247983,-182.28420754556603
693,ksqexp,1.75,3.5,0.5,0.05,-158.13566496773873,-295.5728409625085
694,ksqexp,1.75,3.5,0.5,0.01,-315.94535579729325,-439.3120372833432
695,ksqexp,1.75,3.5,0.5,0,-352.1740189367978,-459.35042582869755
696,ksqexp,1.75,3.5,1,0.5,-35.37389474040022,-40.63433532902457
697,ksqexp,1.75,3.5,1,0.1,-72.98219909185653,-130.02094695972332
698,ksqexp,1.75,3.5,1,0.05,-98.04198658257745,-178.2566399160679
699,ksqexp,1.75,3.5,1,0.01,-168.78973046770037,-231.18431315859627
700,ksqexp,1.75,3.5,1,0,-178.46411387878183,-236.44258973623982
701,ksqexp,1.75,3.5,1.5,0.5,-36.72686206985993,-42.59250291232413
702,ksqexp,1.75,3.5,1.5,0.1,-59.203209975298016,-105.74077887414808
703,ksqexp,1.75,3.5,1.5,0.05,-77.44282141155671,-134.11475118577889
704,ksqexp,1.75,3.5,1.5,0.01,-118.9816682817453,-162.570465204423
705,ksqexp,1.75,3.5,1.5,0,-123.35146891186541,-164.9306344467109
706,ksqexp,1.75,4,0.5,0.5,-33.555072330584956,-37.71369541892034
707,ksqexp,1.75,4,0.5,0.1,-84.33197939074478,-138.15315581346357
708,ksqexp,1.75,4,0.5,0.05,-124.81656623270905,-203.18481187798022
709,ksqexp,1.75,4,0.5,0.01,-246.72323068587434,-283.6456655865741
710,ksqexp,1.75,4,0.5,0,-267.5451315023298,-293.22657997597076
711,ksqexp,1.75,4,1,0.5,-34.80131543512544,-39.86330577135821
712,ksqexp,1.75,4,1,0.1,-58.022981274994365,-96.30997159268347
713,ksqexp,1.75,4,1,0.05,-81.28365653984649,-123.47643648649674
714,ksqexp,1.75,4,1,0.01,-131.67263674823445,-152.14893207420758
715,ksqexp,1.75,4,1,0,-137.09537793982767,-154.6103017566956
716,ksqexp,1.75,4,1.5,0.5,-36.111468366965724,-41.74086940296246
717,ksqexp,1.75,4,1.5,0.1,-49.11608487120602,-79.19307468803076
718,ksqexp,1.75,4,1.5,0.05,-65.8801400970523,-95.1226090864973
719,ksqexp,1.75,4,1.5,0.01,-93.98265723268423,-110.10355810614507
720,ksqexp,1.75,4,1.5,0,-96.40278349275117,-111.19553243850433
721,ksqexp,1.75,6,0.5,0.5,-32.275934898880195,-36.141594767654844
722,ksqexp,1.75,6,0.5,0.1,-55.411315576413145,-70.63625470131336
723,ksqexp,1.75,6,0.5,0.05,-93.95912963976953,-91.21364267715443
724,ksqexp,1.75,6,0.5,0.01,-166.78175284821248,-114.97151781201428
725,ksqexp,1.75,6,0.5,0,-174.28321488417134,-117.03641285717823
726,ksqexp,1.75,6,1,0.5,-33.257173224255986,-37.81637248093048
727,ksqexp,1.75,6,1,0.1,-44.139589508663114,-52.50295363078345
728,ksqexp,1.75,6,1,0.05,-65.02660574313494,-60.99548026364895
729,ksqexp,1.75,6,1,0.01,-90.50686320532235,-68.58622632707748
730,ksqexp,1.75,6,1,0,-92.38100190711525,-69.09197053166628
731,ksqexp,1.75,6,1.5,0.5,-34.57568850442174,-39.57398248571057
732,ksqexp,1.75,6,1.5,0.1,-40.82412875170827,-47.27260895124396
733,ksqexp,1.75,6,1.5,0.05,-54.199229412120765,-52.03385447683971
734,ksqexp,1.75,6,1.5,0.01,-67.05491942313245,-55.684779358775415
735,ksqexp,1.75,6,1.5,0,-67.87092100574465,-55.90114652072717
736,ksqexp,1.75,8,0.5,0.5,-31.730149651102046,-35.610114009411795
737,ksqexp,1.75,8,0.5,0.1,-50.71802462303895,-54.98649824432886
738,ksqexp,1.75,8,0.5,0.05,-89.07128890739385,-69.09245373184159
739,ksqexp,1.75,8,0.5,0.01,-149.94063276757032,-85.33317906477652
740,ksqexp,1.75,8,0.5,0,-155.26306532951472,-86.61575985108435
741,ksqexp,1.75,8,1,0.5,-32.65691880482638,-37.09442642555679
742,ksqexp,1.75,8,1,0.1,-42.47692556453012,-43.81971825290153
743,ksqexp,1.75,8,1,0.05,-62.29442028524171,-49.70123062259069
744,ksqexp,1.75,8,1,0.01,-82.38156010314937,-54.69388802795156
745,ksqexp,1.75,8,1,0,-83.69378557002776,-55.00263582988021
746,ksqexp,1.75,8,1.5,0.5,-34.09952903839064,-38.897601085557156
747,ksqexp,1.75,8,1.5,0.1,-40.11670464837993,-41.55084831135081
748,ksqexp,1.75,8,1.5,0.05,-52.27053224275642,-44.795630566386855
749,ksqexp,1.75,8,1.5,0.01,-62.06171538230208,-47.12549608706572
750,ksqexp,1.75,8,1.5,0,-62.628015743881306,-47.255584587994875
751,ksqexp,1.75,10,0.5,0.5,-31.29376118906404,-35.196428505469704
752,ksqexp,1.75,10,0.5,0.1,-48.77313542046073,-47.95549273981146
753,ksqexp,1.75,10,0.5,0.05,-86.68242014703343,-59.72324502769136
754,ksqexp,1.75,10,0.5,0.01,-142.21914911753797,-73.45182601381029
755,ksqexp,1.75,10,0.5,0,-146.72305274514133,-74.49158659329458
756,ksqexp,1.75,10,1,0.5,-32.29907478777416,-36.64445418440215
757,ksqexp,1.75,10,1,0.1,-41.83765258524353,-40.250417920494186
758,ksqexp,1.75,10,1,0.05,-60.99534973257127,-45.245503270130556
759,ksqexp,1.75,10,1,0.01,-78.84217645053218,-49.40721516012143
760,ksqexp,1.75,10,1,0,-79.94718108530348,-49.656240475151904
761,ksqexp,1.75,10,1.5,0.5,-33.886076097463565,-38.55463413408275
762,ksqexp,1.75,10,1.5,0.1,-39.90724111613299,-39.388882787006615
763,ksqexp,1.75,10,1.5,0.05,-51.4326860191619,-42.14206532613564
764,ksqexp,1.75,10,1.5,0.01,-60.003734875904925,-44.06394535756837
765,ksqexp,1.75,10,1.5,0,-60.47921396005393,-44.16844853458545
766,ksqexp,1.75,25,0.5,0.5,-30.61915221150605,-35.13691730956141
767,ksqexp,1.75,25,0.5,0.1,-46.31672964324558,-39.11207596315497
768,ksqexp,1.75,25,0.5,0.05,-83.06967198103982,-48.32278455120165
769,ksqexp,1.75,25,0.5,0.01,-131.81786068446124,-59.35988140616666
770,ksqexp,1.75,25,0.5,0,-135.44663092466618,-60.15334661254269
771,ksqexp,1.75,25,1,0.5,-32.110462734440894,-36.682103975481795
772,ksqexp,1.75,25,1,0.1,-41.512098769903005,-36.91056363131633
773,ksqexp,1.75,25,1,0.05,-59.646508292946116,-41.036660991531065
774,ksqexp,1.75,25,1,0.01,-74.92489166987636,-44.3717607745165
775,ksqexp,1.75,25,1,0,-75.81643184594343,-44.56333932688
776,ksqexp,1.75,25,1.5,0.5,-34.093506895870675,-38.97730055738842
777,ksqexp,1.75,25,1.5,0.1,-40.354509159714496,-38.21247435457436
778,ksqexp,1.75,25,1.5,0.05,-51.079299394613045,-40.530764834181014
779,ksqexp,1.75,25,1.5,0.01,-58.34520817424805,-42.076048499210685
780,ksqexp,1.75,25,1.5,0,-58.730355582159376,-42.15732699745346
781,ksqexp,2,0.2,0.5,0.5,-38.77674975778055,-41.46930564020561
782,ksqexp,2,0.2,0.5,0.1,-483.5505079758784,-547.8199492099251
783,ksqexp,2,0.2,0.5,0.05,-1868.1512624486259,-2026.3996508801185
784,ksqexp,2,0.2,0.5,0.01,-47122.38397815163,-47860.95714881755
785,ksqexp,2,0.2,0.5,0,-228137186789.68225,-231367064134.09497
786,ksqexp,2,0.2,1,0.5,-38.423107916100335,-41.41897164912864
787,ksqexp,2,0.2,1,0.1,-463.00411945958257,-515.9352606460939
788,ksqexp,2,0.2,1,0.05,-1830.108897023214,-1946.7422601481435
789,ksqexp,2,0.2,1,0.01,-48813.77819867367,-48887.89509501728
790,ksqexp,2,0.2,1,0,-120185664269.2219,-121799502785.58984
791,ksqexp,2,0.2,1.5,0.5,-38.18396017062353,-41.3565790701665
792,ksqexp,2,0.2,1.5,0.1,-454.76192056231656,-500.2950804626368
793,ksqexp,2,0.2,1.5,0.05,-1813.5932894972284,-1912.5524110252431
794,ksqexp,2,0.2,1.5,0.01,-49901.48320138165,-49558.651832876094
795,ksqexp,2,0.2,1.5,0,-81581919027.63068,-82657023022.57106
796,ksqexp,2,0.5,0.5,0.5,-35.81206075846692,-39.15484601936883
797,ksqexp,2,0.5,0.5,0.1,-399.81015139123735,-434.73327950354627
798,ksqexp,2,0.5,0.5,0.05,-1653.6102444194937,-1762.8412185236407
799,ksqexp,2,0.5,0.5,0.01,-40290.21221258697,-43824.00767136531
800,ksqexp,2,0.5,0.5,0,-151545336.02029496,-181899699.78285712
801,ksqexp,2,0.5,1,0.5,-35.42945697961085,-38.905196465325346
802,ksqexp,2,0.5,1,0.1,-397.43450522210844,-427.53852404821333
803,ksqexp,2,0.5,1,0.05,-1675.3914342966002,-1788.6517868494172
804,ksqexp,2,0.5,1,0.01,-38453.15047324296,-42226.72559288952
805,ksqexp,2,0.5,1,0,-75775188.58404814,-90952846.44980517
806,ksqexp,2,0.5,1.5,0.5,-35.41429228135635,-38.855124346602395
807,ksqexp,2,0.5,1.5,0.1,-399.1824919475211,-428.2565207544617
808,ksqexp,2,0.5,1.5,0.05,-1688.2185597060159,-1806.253070209553
809,ksqexp,2,0.5,1.5,0.01,-37651.44066406403,-41588.673276707166
810,ksqexp,2,0.5,1.5,0,-50517333.81600366,-60635879.19081035
811,ksqexp,2,1,0.5,0.5,-33.13344422830488,-36.17577265960172
812,ksqexp,2,1,0.5,0.1,-380.13990581947365,-446.5281853359837
813,ksqexp,2,1,0.5,0.05,-1471.8072095246744,-1816.4540377634523
814,ksqexp,2,1,0.5,0.01,-31270.44668701949,-41776.22107919973
815,ksqexp,2,1,0.5,0,-518727.2402877885,-1067483.4882639444
816,ksqexp,2,1,1,0.5,-33.73626948648418,-36.870773874810354
817,ksqexp,2,1,1,0.1,-375.6765014403832,-453.1778186341249
818,ksqexp,2,1,1,0.05,-1383.308054491667,-1759.3485699570244
819,ksqexp,2,1,1,0.01,-30876.7437880762,-41308.10222640547
820,ksqexp,2,1,1,0,-259335.23231654323,-533716.4278836286
821,ksqexp,2,1,1.5,0.5,-34.549966908118435,-37.828956182149206
822,ksqexp,2,1,1.5,0.1,-368.52097255560153,-452.7523318803102
823,ksqexp,2,1,1.5,0.05,-1336.4431017666611,-1723.905787909099
824,ksqexp,2,1,1.5,0.01,-30341.369581283794,-40518.02375477151
825,ksqexp,2,1,1.5,0,-172874.0243250365,-355796.8410721515
826,ksqexp,2,1.5,0.5,0.5,-33.07046243191831,-36.43350880275795
827,ksqexp,2,1.5,0.5,0.1,-333.9101396928422,-439.2347503530192
828,ksqexp,2,1.5,0.5,0.05,-1142.6786993066037,-1642.4244607155779
829,ksqexp,2,1.5,0.5,0.01,-14276.41128262153,-24410.667494549907
830,ksqexp,2,1.5,0.5,0,-31573.150182832607,-63948.07549848041
831,ksqexp,2,1.5,1,0.5,-34.21866541486055,-38.10640262958437
832,ksqexp,2,1.5,1,0.1,-309.2883055860317,-427.2396109564619
833,ksqexp,2,1.5,1,0.05,-1043.9349415869915,-1568.541404858915
834,ksqexp,2,1.5,1,0.01,-9099.3673211145815,-17111.647421354366
835,ksqexp,2,1.5,1,0,-15768.933184062475,-31960.1899640713
836,ksqexp,2,1.5,1.5,0.5,-35.38489106243392,-39.708991207794945
837,ksqexp,2,1.5,1.5,0.1,-294.03274117154893,-418.3850454941399
838,ksqexp,2,1.5,1.5,0.05,-995.0904760525976,-1523.9740012629948
839,ksqexp,2,1.5,1.5,0.01,-6559.672541619039,-13175.442964524833
840,ksqexp,2,1.5,1.5,0,-10503.65111227771,-21300.351803853504
841,ksqexp,2,2,0.5,0.5,-33.55024421944076,-37.43729388815901
842,ksqexp,2,2,0.5,0.1,-277.13386680160903,-402.06502858370425
843,ksqexp,2,2,0.5,0.05,-848.8004936605003,-1376.4811335234508
844,ksqexp,2,2,0.5,0.01,-3235.5867524961213,-7500.953052682227
845,ksqexp,2,2,0.5,0,-6153.007502072865,-10960.488336440569
846,ksqexp,2,2,1,0.5,-34.844206959196235,-39.58460790260888
847,ksqexp,2,2,1,0.1,-246.22111071374022,-379.37908557859777
848,ksqexp,2,2,1,0.05,-686.0638755424769,-1187.273819236858
849,ksqexp,2,2,1,0.01,-1778.457981786429,-4228.142038456329
850,ksqexp,2,2,1,0,-3065.571407130072,-5473.591703720914
851,ksqexp,2,2,1.5,0.5,-36.0529591877667,-41.420662627646585
852,ksqexp,2,2,1.5,0.1,-227.7669879558673,-363.4767972686229
853,ksqexp,2,2,1.5,0.05,-582.01271496955,-1048.6850399223713
854,ksqexp,2,2,1.5,0.01,-1274.094658154311,-2974.812526534967
855,ksqexp,2,2,1.5,0,-2039.2166780356831,-3647.4168021448295
856,ksqexp,2,2.5,0.5,0.5,-33.953771958054546,-38.286112753688826
857,ksqexp,2,2.5,0.5,0.1,-233.32307214975296,-362.10682372284583
858,ksqexp,2,2.5,0.5,0.05,-574.1359627486407,-1028.557777790892
859,ksqexp,2,2.5,0.5,0.01,-1394.889002380783,-2867.7131132023023
860,ksqexp,2,2.5,0.5,0,-2369.9842447519427,-3547.9644164644296
861,ksqexp,2,2.5,1,0.5,-35.233458513721274,-40.64200967042709
862,ksqexp,2,2.5,1,0.1,-192.33268396568957,-320.9532392537079
863,ksqexp,2,2.5,1,0.05,-385.4717631961417,-755.5375911180215
864,ksqexp,2,2.5,1,0.01,-822.8740433441391,-1545.9162731809727
865,ksqexp,2,2.5,1,0,-1178.267465517891,-1771.969937764024
866,ksqexp,2,2.5,1.5,0.5,-36.42611186837251,-42.56066625137724
867,ksqexp,2,2.5,1.5,0.1,-166.8378036794495,-290.74423923811685
868,ksqexp,2,2.5,1.5,0.05,-291.6780780473253,-601.3382818571555
869,ksqexp,2,2.5,1.5,0.01,-598.286654179657,-1068.8076036264333
870,ksqexp,2,2.5,1.5,0,-783.8191930348285,-1182.7624333505191
871,ksqexp,2,3,0.5,0.5,-34.105338479206246,-38.703657094191755
872,ksqexp,2,3,0.5,0.1,-190.74640602876028,-310.9961464016857
873,ksqexp,2,3,0.5,0.05,-371.70527493800665,-709.153182279194
874,ksqexp,2,3,0.5,0.01,-947.6440342815598,-1434.3766991956843
875,ksqexp,2,3,0.5,0,-1401.749350063476,-1657.6090123711158
876,ksqexp,2,3,1,0.5,-35.35845480869581,-41.13292474713029
877,ksqexp,2,3,1,0.1,-142.68539006290288,-252.75037785144667
878,ksqexp,2,3,1,0.05,-227.7706406313272,-462.4810489430977
879,ksqexp,2,3,1,0.01,-552.7013460557906,-762.1117278578855
880,ksqexp,2,3,1,0,-696.7789974507265,-829.8817568131461
881,ksqexp,2,3,1.5,0.5,-36.56134241017547,-43.0895960837898
882,ksqexp,2,3,1.5,0.1,-116.57241517339186,-215.60188856083195
883,ksqexp,2,3,1.5,0.05,-170.15740199628124,-348.6816838651169
884,ksqexp,2,3,1.5,0.01,-394.41261091540554,-524.2918667552128
885,ksqexp,2,3,1.5,0,-464.5795358014938,-556.7633280001178
886,ksqexp,2,3.5,0.5,0.5,-33.96473621879798,-38.62665340038011
887,ksqexp,2,3.5,0.5,0.1,-147.10354087417178,-248.07876784400915
888,ksqexp,2,3.5,0.5,0.05,-251.18958646983745,-468.2763746693313
889,ksqexp,2,3.5,0.5,0.01,-764.8541629291597,-837.6723473790662
890,ksqexp,2,3.5,0.5,0,-1035.2370025527223,-941.528641861806
891,ksqexp,2,3.5,1,0.5,-35.15419587492009,-40.988894846630274
892,ksqexp,2,3.5,1,0.1,-102.62364161326356,-185.8721053609502
893,ksqexp,2,3.5,1,0.05,-158.81540884450538,-288.4746118119106
894,ksqexp,2,3.5,1,0.01,-435.291501643769,-444.0942421779417
895,ksqexp,2,3.5,1,0,-515.2279505330202,-473.9962951513572
896,ksqexp,2,3.5,1.5,0.5,-36.33618548350969,-42.90595631254519
897,ksqexp,2,3.5,1.5,0.1,-82.61582896788819,-152.377344385931
898,ksqexp,2,3.5,1.5,0.05,-124.77612046240661,-215.10715254373852
899,ksqexp,2,3.5,1.5,0.01,-306.9448381979459,-306.9691474642716
900,ksqexp,2,3.5,1.5,0,-344.6822561876776,-320.94283618794515
901,ksqexp,2,4,0.5,0.5,-33.61722277392936,-38.20019634034385
902,ksqexp,2,4,0.5,0.1,-112.5549116716442,-190.45058599455552
903,ksqexp,2,4,0.5,0.05,-192.94472654344847,-317.1319516017791
904,ksqexp,2,4,0.5,0.01,-665.5867430216898,-548.3625581456323
905,ksqexp,2,4,0.5,0,-850.8972076527364,-607.3703577934947
906,ksqexp,2,4,1,0.5,-34.70489922677533,-40.400456621882704
907,ksqexp,2,4,1,0.1,-78.0005130355958,-135.5674367479776
908,ksqexp,2,4,1,0.05,-131.62658170691685,-193.43850105075245
909,ksqexp,2,4,1,0.01,-371.4762887951591,-291.99165572404866
910,ksqexp,2,4,1,0,-424.24038531932996,-308.4785896473496
911,ksqexp,2,4,1.5,0.5,-35.83525483900913,-42.22624058713131
912,ksqexp,2,4,1.5,0.1,-64.80026425701486,-109.9721842372367
913,ksqexp,2,4,1.5,0.05,-108.25518524577129,-146.13659677265363
914,ksqexp,2,4,1.5,0.01,-260.2914486367288,-204.03666635713464
915,ksqexp,2,4,1.5,0,-284.8121010321354,-211.63865694702585
916,ksqexp,2,6,0.5,0.5,-32.209825879320206,-36.32949812780932
917,ksqexp,2,6,0.5,0.1,-65.60251693315504,-86.78085560701288
918,ksqexp,2,6,0.5,0.05,-145.05382422829624,-126.4974438199169
919,ksqexp,2,6,0.5,0.01,-508.5597522005085,-223.21434511200593
920,ksqexp,2,6,0.5,0,-588.8764489928758,-241.2937532019028
921,ksqexp,2,6,1,0.5,-32.96968635993362,-37.94961735196794
922,ksqexp,2,6,1,0.1,-53.8312045302998,-63.054658779301135
923,ksqexp,2,6,1,0.05,-112.4795775936379,-84.13745680149127
924,ksqexp,2,6,1,0.01,-274.2229075126638,-124.03306298194643
925,ksqexp,2,6,1,0,-295.786758187084,-128.83373863811022
926,ksqexp,2,6,1.5,0.5,-34.02893697102603,-39.554643599003256
927,ksqexp,2,6,1.5,0.1,-50.38677751540383,-55.12464337467973
928,ksqexp,2,6,1.5,0.05,-96.66427276104983,-69.48200410431383
929,ksqexp,2,6,1.5,0.01,-191.1007208790715,-91.9751782690113
930,ksqexp,2,6,1.5,0,-200.88085124586345,-94.13772385994093
931,ksqexp,2,8,0.5,0.5,-31.59063148754475,-35.61413868461889
932,ksqexp,2,8,0.5,0.1,-58.95264439588138,-63.284539300782505
933,ksqexp,2,8,0.5,0.05,-139.98177295170308,-91.66041817523814
934,ksqexp,2,8,0.5,0.01,-449.1388064292185,-164.3115025349885
935,ksqexp,2,8,0.5,0,-502.83624126384615,-175.70973067542343
936,ksqexp,2,8,1,0.5,-32.24608568063795,-36.97494633690617
937,ksqexp,2,8,1,0.1,-51.60600644096227,-49.391628139263894
938,ksqexp,2,8,1,0.05,-109.98412932196719,-65.55045296389008
939,ksqexp,2,8,1,0.01,-239.7957636222303,-94.54263406566956
940,ksqexp,2,8,1,0,-253.90648395175072,-97.50981805711642
941,ksqexp,2,8,1.5,0.5,-33.41227573668022,-38.59149265342909
942,ksqexp,2,8,1.5,0.1,-49.62779485448838,-45.779394648218734
943,ksqexp,2,8,1.5,0.05,-94.33461797715348,-56.99524856581568
944,ksqexp,2,8,1.5,0.01,-167.3781160528371,-72.90936731711585
945,ksqexp,2,8,1.5,0,-173.72055487978915,-74.23383727002776
946,ksqexp,2,10,0.5,0.5,-31.18694813007782,-35.21516002635395
947,ksqexp,2,10,0.5,0.1,-56.93298868037329,-54.35982428715537
948,ksqexp,2,10,0.5,0.05,-137.6223921399114,-78.88727617145764
949,ksqexp,2,10,0.5,0.01,-417.1928631835983,-141.84886601897566
950,ksqexp,2,10,0.5,0,-460.13854803919924,-150.81972734689413
951,ksqexp,2,10,1,0.5,-31.872449175048033,-36.485748731079724
952,ksqexp,2,10,1,0.1,-50.999441107354734,-44.57625801066391
953,ksqexp,2,10,1,0.05,-108.15764974023345,-58.97581728778502
954,ksqexp,2,10,1,0.01,-222.04892661205872,-83.59866072337248
955,ksqexp,2,10,1,0,-233.22156169632905,-85.91303897394683
956,ksqexp,2,10,1.5,0.5,-33.17274789540022,-38.183391874932894
957,ksqexp,2,10,1.5,0.1,-49.479559422233116,-42.686620192287684
958,ksqexp,2,10,1.5,0.05,-92.50265471276813,-52.72301071867929
959,ksqexp,2,10,1.5,0.01,-155.3719027679977,-66.03905589787323
960,ksqexp,2,10,1.5,0,-160.37322296206202,-67.06813293855575
961,ksqexp,2,25,0.5,0.5,-30.1684823432863,-34.540533757351035
962,ksqexp,2,25,0.5,0.1,-53.713490669198045,-41.55693853123276
963,ksqexp,2,25,0.5,0.05,-130.2785785073976,-60.53093734669664
964,ksqexp,2,25,0.5,0.01,-363.7383385668419,-108.87094029455768
965,ksqexp,2,25,0.5,0,-394.729460146404,-114.89499816876636
966,ksqexp,2,25,1,0.5,-31.464547971283206,-36.03880689081371
967,ksqexp,2,25,1,0.1,-49.81404469920204,-38.77397753038197
968,ksqexp,2,25,1,0.05,-102.69417721010437,-50.49523663985345
969,ksqexp,2,25,1,0.01,-194.35084573066658,-68.87663127892982
970,ksqexp,2,25,1,0,-202.34174843236738,-70.41930534039017
971,ksqexp,2,25,1.5,0.5,-33.24449972649714,-38.229001281709245
972,ksqexp,2,25,1.5,0.1,-49.05535009688491,-39.7310567668672
973,ksqexp,2,25,1.5,0.05,-87.94483315069581,-47.94018907377378
974,ksqexp,2,25,1.5,0.01,-137.43555692443996,-57.69965670419861
975,ksqexp,2,25,1.5,0,-141.00316792339294,-58.384731157018734
976,ksqexp,2.25,0.2,0.5,0.5,-38.95072553628368,-41.69194756554005
977,ksqexp,2.25,0.2,0.5,0.1,-514.3057071019116,-593.4629946177694
978,ksqexp,2.25,0.2,0.5,0.05,-1916.2401462907865,-2132.258163791109
979,ksqexp,2.25,0.2,0.5,0.01,-45194.09706563854,-46531.431260161815
980,ksqexp,2.25,0.2,0.5,0,-504746844893.885,-513664229019.7331
981,ksqexp,2.25,0.2,1,0.5,-38.75347912880446,-41.83644125369933
982,ksqexp,2.25,0.2,1,0.1,-483.99757044137044,-553.116801209468
983,ksqexp,2.25,0.2,1,0.05,-1850.8133941318981,-2008.9359866542059
984,ksqexp,2.25,0.2,1,0.01,-46204.514199621255,-47122.61478000797
985,ksqexp,2.25,0.2,1,0,-284248301540.90186,-288789695711.3792
986,ksqexp,2.25,0.2,1.5,0.5,-38.61056492461203,-41.91538622165403
987,ksqexp,2.25,0.2,1.5,0.1,-469.4607209562169,-530.4751846183977
988,ksqexp,2.25,0.2,1.5,0.05,-1823.3186635492527,-1953.2745915011853
989,ksqexp,2.25,0.2,1.5,0.01,-47256.72966915686,-47905.32706454907
990,ksqexp,2.25,0.2,1.5,0,-197822049463.46948,-200863672213.80533
991,ksqexp,2.25,0.5,0.5,0.5,-36.283577445366035,-39.80614627011513
992,ksqexp,2.25,0.5,0.5,0.1,-409.8792549112198,-451.5036979734222
993,ksqexp,2.25,0.5,0.5,0.05,-1653.5910478981814,-1776.6956465969245
994,ksqexp,2.25,0.5,0.5,0.01,-42951.62788278193,-47267.28742597817
995,ksqexp,2.25,0.5,0.5,0,-400599394.7713283,-489861567.8568982
996,ksqexp,2.25,0.5,1,0.5,-35.879526999526625,-39.64868875842498
997,ksqexp,2.25,0.5,1,0.1,-400.70662130356095,-434.9566075795901
998,ksqexp,2.25,0.5,1,0.05,-1661.8952400997048,-1790.1913037366592
999,ksqexp,2.25,0.5,1,0.01,-41828.22064477933,-46245.17407295863
1000,ksqexp,2.25,0.5,1,0,-200312666.06977934,-244948713.8153874
1001,ksqexp,2.25,0.5,1.5,0.5,-35.767176683337986,-39.56511368432709
1002,ksqexp,2.25,0.5,1.5,0.1,-399.16394330417603,-431.7764327446963
1003,ksqexp,2.25,0.5,1.5,0.05,-1673.1906376638703,-1808.5259281208394
1004,ksqexp,2.25,0.5,1.5,0.01,-40978.05059189848,-45432.92529222479
1005,ksqexp,2.25,0.5,1.5,0,-133544637.74802941,-163303106.61448005
1006,ksqexp,2.25,1,0.5,0.5,-33.13209225645282,-36.33574949692076
1007,ksqexp,2.25,1,0.5,0.1,-386.1294137061595,-448.60535948667
1008,ksqexp,2.25,1,0.5,0.05,-1601.6997410291217,-1932.6162969849354
1009,ksqexp,2.25,1,0.5,0.01,-31745.822267685486,-43679.26383570479
1010,ksqexp,2.25,1,0.5,0,-1872163.8206980461,-3190878.043250487
1011,ksqexp,2.25,1,1,0.5,-33.431888024847396,-36.63088484044158
1012,ksqexp,2.25,1,1,0.1,-391.5377583855302,-464.308476646461
1013,ksqexp,2.25,1,1,0.05,-1540.696425820556,-1922.8023374783645
1014,ksqexp,2.25,1,1,0.01,-31255.763950056287,-43466.551392294154
1015,ksqexp,2.25,1,1,0,-936046.4296681149,-1595407.2568798086
1016,ksqexp,2.25,1,1.5,0.5,-34.007621800064996,-37.26708241285888
1017,ksqexp,2.25,1,1.5,0.1,-392.6788123855405,-472.5060429194123
1018,ksqexp,2.25,1,1.5,0.05,-1485.8221074584485,-1894.4246065042553
1019,ksqexp,2.25,1,1.5,0.01,-31143.91987216357,-43386.61546003161
1020,ksqexp,2.25,1,1.5,0,-624009.7979198189,-1063586.1273080301
1021,ksqexp,2.25,1.5,0.5,0.5,-32.67575250058606,-35.974086494838446
1022,ksqexp,2.25,1.5,0.5,0.1,-360.23008600755935,-462.2994478452123
1023,ksqexp,2.25,1.5,0.5,0.05,-1298.0428156279975,-1812.9414258132776
1024,ksqexp,2.25,1.5,0.5,0.01,-20018.99153258883,-33583.46767036112
1025,ksqexp,2.25,1.5,0.5,0,-102223.06041750318,-169783.51872117553
1026,ksqexp,2.25,1.5,1,0.5,-33.55626894543591,-37.27863015791178
1027,ksqexp,2.25,1.5,1,0.1,-344.12724367400625,-461.77586626549515
1028,ksqexp,2.25,1.5,1,0.05,-1172.7823143468836,-1736.3339952864226
1029,ksqexp,2.25,1.5,1,0.01,-15490.61431622721,-27211.128698326924
1030,ksqexp,2.25,1.5,1,0,-51086.91116418007,-84871.76123622672
1031,ksqexp,2.25,1.5,1.5,0.5,-34.502940257544076,-38.6155624127395
1032,ksqexp,2.25,1.5,1.5,0.1,-330.3662307789491,-456.6452526143038
1033,ksqexp,2.25,1.5,1.5,0.05,-1106.051725021627,-1692.3135337362976
1034,ksqexp,2.25,1.5,1.5,0.01,-12462.099113855182,-22817.51248184577
1035,ksqexp,2.25,1.5,1.5,0,-34044.313763705424,-56570.62964315968
1036,ksqexp,2.25,2,0.5,0.5,-33.03127284181896,-36.80018294611801
1037,ksqexp,2.25,2,0.5,0.1,-307.0321516572475,-436.4567331633808
1038,ksqexp,2.25,2,0.5,0.05,-1002.5913553751338,-1589.2913660146498
1039,ksqexp,2.25,2,0.5,0.01,-6119.623646628599,-13280.24107740178
1040,ksqexp,2.25,2,0.5,0,-16979.06321003361,-25071.0344109085
1041,ksqexp,2.25,2,1,0.5,-34.12729577499221,-38.672821428434304
1042,ksqexp,2.25,2,1,0.1,-278.585680103032,-420.6311828565362
1043,ksqexp,2.25,2,1,0.05,-857.0529015075349,-1450.2258811918516
1044,ksqexp,2.25,2,1,0.01,-3456.7172322384763,-7982.435345886592
1045,ksqexp,2.25,2,1,0,-8472.220925593789,-12523.461659974952
1046,ksqexp,2.25,2,1.5,0.5,-35.18151841260773,-40.33454729248773
1047,ksqexp,2.25,2,1.5,0.1,-261.31064502149167,-409.0915402151167
1048,ksqexp,2.25,2,1.5,0.05,-764.169632036952,-1342.4955789432122
1049,ksqexp,2.25,2,1.5,0.01,-2468.271945878555,-5754.176136365973
1050,ksqexp,2.25,2,1.5,0,-5639.397307894488,-8343.727964851085
1051,ksqexp,2.25,2.5,0.5,0.5,-33.489229774498675,-37.74662766786587
1052,ksqexp,2.25,2.5,0.5,0.1,-265.2874007524083,-406.1928553890422
1053,ksqexp,2.25,2.5,0.5,0.05,-754.5642918434498,-1307.2232966349234
1054,ksqexp,2.25,2.5,0.5,0.01,-2633.8306860821217,-5171.570207109933
1055,ksqexp,2.25,2.5,0.5,0,-6980.377501771913,-7688.1244622103895
1056,ksqexp,2.25,2.5,1,0.5,-34.60663495625784,-39.921860233729085
1057,ksqexp,2.25,2.5,1,0.1,-229.62727505514542,-376.29359919483835
1058,ksqexp,2.25,2.5,1,0.05,-563.8167974708192,-1049.3289426832978
1059,ksqexp,2.25,2.5,1,0.01,-1634.8832993228787,-2875.4024425181306
1060,ksqexp,2.25,2.5,1,0,-3477.5651347992375,-3837.25928054316
1061,ksqexp,2.25,2.5,1.5,0.5,-35.639670728156496,-41.71059981972383
1062,ksqexp,2.25,2.5,1.5,0.1,-206.77175386176305,-352.6803017903429
1063,ksqexp,2.25,2.5,1.5,0.05,-455.34372705372203,-881.3554359184635
1064,ksqexp,2.25,2.5,1.5,0.01,-1249.1287319442465,-2024.1518017256394
1065,ksqexp,2.25,2.5,1.5,0,-2312.751643789773,-2556.4281985886805
1066,ksqexp,2.25,3,0.5,0.5,-33.788230338978515,-38.42981826524038
1067,ksqexp,2.25,3,0.5,0.1,-230.04824708884317,-370.2799535587102
1068,ksqexp,2.25,3,0.5,0.05,-542.148145216428,-993.9818175542846
1069,ksqexp,2.25,3,0.5,0.01,-1930.869404862211,-2593.8309322815426
1070,ksqexp,2.25,3,0.5,0,-4519.6197301683,-3590.140995133532
1071,ksqexp,2.25,3,1,0.5,-34.880909129803456,-40.75890921070129
1072,ksqexp,2.25,3,1,0.1,-184.87371946932564,-320.7862585346661
1073,ksqexp,2.25,3,1,0.05,-363.7688998111342,-701.198985992916
1074,ksqexp,2.25,3,1,0.01,-1273.4452707281537,-1433.5265108364836
1075,ksqexp,2.25,3,1,0,-2250.246636011864,-1791.882564651191
1076,ksqexp,2.25,3,1.5,0.5,-35.91502662091696,-42.61918819548952
1077,ksqexp,2.25,3,1.5,0.1,-157.57406148074878,-284.781549672709
1078,ksqexp,2.25,3,1.5,0.05,-281.5189852217618,-547.0955075306011
1079,ksqexp,2.25,3,1.5,0.01,-974.9436261900015,-1007.2880514009306
1080,ksqexp,2.25,3,1.5,0,-1496.5795860446287,-1195.2537415751246
1081,ksqexp,2.25,3.5,0.5,0.5,-33.84634661428691,-38.69605216444419
1082,ksqexp,2.25,3.5,0.5,0.1,-189.03001429677855,-316.50527061614713
1083,ksqexp,2.25,3.5,0.5,0.05,-378.0723424754817,-700.2735160579089
1084,ksqexp,2.25,3.5,0.5,0.01,-1728.223059426706,-1550.8406289296263
1085,ksqexp,2.25,3.5,0.5,0,-3557.855834706446,-2110.8386645330866
1086,ksqexp,2.25,3.5,1,0.5,-34.90222349913064,-41.05653105116363
1087,ksqexp,2.25,3.5,1,0.1,-139.9589361450588,-252.666631897179
1088,ksqexp,2.25,3.5,1,0.05,-250.42987623540847,-452.4980353077267
1089,ksqexp,2.25,3.5,1,0.01,-1133.5394501178034,-864.7595862540691
1090,ksqexp,2.25,3.5,1,0,-1771.4317285797358,-1054.8214628927483
1091,ksqexp,2.25,3.5,1.5,0.5,-35.94017652551675,-42.931594880958166
1092,ksqexp,2.25,3.5,1.5,0.1,-114.7553250005579,-213.03244778915032
1093,ksqexp,2.25,3.5,1.5,0.05,-200.02745557977963,-341.33889163687104
1094,ksqexp,2.25,3.5,1.5,0.01,-852.8141483410556,-609.4730931447531
1095,ksqexp,2.25,3.5,1.5,0,-1178.7476786419847,-705.6063844293658
1096,ksqexp,2.25,4,0.5,0.5,-33.668035362736404,-38.54795267626149
1097,ksqexp,2.25,4,0.5,0.1,-147.42831788115302,-253.17147518825024
1098,ksqexp,2.25,4,0.5,0.05,-278.2010050695405,-478.8287383263436
1099,ksqexp,2.25,4,0.5,0.01,-1633.2339285208916,-1050.7501450164807
1100,ksqexp,2.25,4,0.5,0,-3021.916066273883,-1422.274621127253
1101,ksqexp,2.25,4,1,0.5,-34.64680868428028,-40.810315573129444
1102,ksqexp,2.25,4,1,0.1,-104.0760915522288,-188.10584639536117
1103,ksqexp,2.25,4,1,0.05,-197.77766023737945,-298.72549142746715
1104,ksqexp,2.25,4,1,0.01,-1045.0974041969296,-591.6512937001154
1105,ksqexp,2.25,4,1,0,-1504.9379759807523,-712.4584353860911
1106,ksqexp,2.25,4,1.5,0.5,-35.65014053062666,-42.62122176032154
1107,ksqexp,2.25,4,1.5,0.1,-85.69021903053418,-153.689306262101
1108,ksqexp,2.25,4,1.5,0.05,-167.50720242378713,-225.39891358641486
1109,ksqexp,2.25,4,1.5,0.01,-773.1285298702968,-418.92027496595324
1110,ksqexp,2.25,4,1.5,0,-1002.0692662826336,-478.6436961233558
1111,ksqexp,2.25,6,0.5,0.5,-32.305283574310685,-36.6783616472518
1112,ksqexp,2.25,6,0.5,0.1,-75.0246566663908,-107.80693804530026
1113,ksqexp,2.25,6,0.5,0.05,-188.78965942319024,-171.2875984252732
1114,ksqexp,2.25,6,0.5,0.01,-1387.2781179463223,-474.0975224959024
1115,ksqexp,2.25,6,0.5,0,-2022.1486614183182,-612.1421243333294
1116,ksqexp,2.25,6,1,0.5,-32.918395283824296,-38.298167783855035
1117,ksqexp,2.25,6,1,0.1,-61.32749770280381,-76.9323487833187
1118,ksqexp,2.25,6,1,0.05,-163.26987068393552,-115.65548134203588
1119,ksqexp,2.25,6,1,0.01,-819.3065262846605,-270.9375301009063
1120,ksqexp,2.25,6,1,0,-1008.4312879828553,-311.7065682097125
1121,ksqexp,2.25,6,1.5,0.5,-33.778708525255084,-39.797299996891255
1122,ksqexp,2.25,6,1.5,0.1,-57.94392864250947,-65.69883043655487
1123,ksqexp,2.25,6,1.5,0.05,-150.58228871616606,-95.32897439527386
1124,ksqexp,2.25,6,1.5,0.01,-583.6078026062341,-195.09089418788747
1125,ksqexp,2.25,6,1.5,0,-673.3161525543068,-214.3520393770857
1126,ksqexp,2.25,8,0.5,0.5,-31.560385480533377,-35.68006339668738
1127,ksqexp,2.25,8,0.5,0.1,-64.49165703694958,-72.2618145411146
1128,ksqexp,2.25,8,0.5,0.05,-180.74240226442345,-116.34033457680977
1129,ksqexp,2.25,8,0.5,0.01,-1216.6954792833394,-353.2158226442142
1130,ksqexp,2.25,8,0.5,0,-1621.3643822188328,-437.60414623960054
1131,ksqexp,2.25,8,1,0.5,-32.02275572018915,-36.96623016500276
1132,ksqexp,2.25,8,1,0.1,-57.46294004201237,-55.47072390781652
1133,ksqexp,2.25,8,1,0.05,-160.53223319516897,-85.40256442825014
1134,ksqexp,2.25,8,1,0.01,-694.3403555005261,-202.46686507855932
1135,ksqexp,2.25,8,1,0,-809.6271861711132,-226.37361998668175
1136,ksqexp,2.25,8,1.5,0.5,-32.96144737725221,-38.432719823153285
1137,ksqexp,2.25,8,1.5,0.1,-56.33612883890152,-50.58217757307793
1138,ksqexp,2.25,8,1.5,0.05,-148.53174474314127,-74.49885301879965
1139,ksqexp,2.25,8,1.5,0.01,-488.1828387759469,-147.66049589972124
1140,ksqexp,2.25,8,1.5,0,-541.8387769876593,-158.75410121142315
1141,ksqexp,2.25,10,0.5,0.5,-31.178197109063685,-35.2599822461919
1142,ksqexp,2.25,10,0.5,0.1,-62.034656276031846,-60.5254937375446
1143,ksqexp,2.25,10,0.5,0.05,-177.53894233207936,-98.5496131427511
1144,ksqexp,2.25,10,0.5,0.01,-1117.4967581279682,-305.26404204045394
1145,ksqexp,2.25,10,0.5,0,-1437.4605692116413,-370.56978099870656
1146,ksqexp,2.25,10,1,0.5,-31.6211853649318,-36.4014761356024
1147,ksqexp,2.25,10,1,0.1,-56.658935776416875,-48.858903160697714
1148,ksqexp,2.25,10,1,0.05,-157.88881930294826,-75.66199904481493
1149,ksqexp,2.25,10,1,0.01,-629.0093966236681,-175.695105170259
1150,ksqexp,2.25,10,1,0,-718.5145878015028,-193.8871448857128
1151,ksqexp,2.25,10,1.5,0.5,-32.68054922721888,-37.92390306294807
1152,ksqexp,2.25,10,1.5,0.1,-56.044131440914846,-46.13632759285889
1153,ksqexp,2.25,10,1.5,0.05,-145.58813760089166,-67.78115040647658
1154,ksqexp,2.25,10,1.5,0.01,-440.3099417994894,-129.40010638474843
1155,ksqexp,2.25,10,1.5,0,-481.6565836425816,-137.78358952215893
1156,ksqexp,2.25,25,0.5,0.5,-29.963718673525182,-34.18825653823255
1157,ksqexp,2.25,25,0.5,0.1,-58.720492165562966,-44.218638750190074
1158,ksqexp,2.25,25,0.5,0.05,-166.02716231933437,-72.54808148686288
1159,ksqexp,2.25,25,0.5,0.01,-956.3437908325542,-229.01291052085895
1160,ksqexp,2.25,25,0.5,0,-1192.2607425430097,-271.5901317775362
1161,ksqexp,2.25,25,1,0.5,-31.054869955373604,-35.585544730775446
1162,ksqexp,2.25,25,1,0.1,-54.79467068972309,-40.60506140383656
1163,ksqexp,2.25,25,1,0.05,-147.49678182619652,-61.846958784812976
1164,ksqexp,2.25,25,1,0.01,-532.9161257551618,-135.5460080152473
1165,ksqexp,2.25,25,1,0,-597.9500158499447,-147.21062475234834
1166,ksqexp,2.25,25,1.5,0.5,-32.64842811803556,-37.65426777964797
1167,ksqexp,2.25,25,1.5,0.1,-54.69198708918218,-41.224732192103126
1168,ksqexp,2.25,25,1.5,0.05,-135.63139074604456,-58.62826227543909
1169,ksqexp,2.25,25,1.5,0.01,-372.76197754586775,-103.19895920955277
1170,ksqexp,2.25,25,1.5,0,-402.6370967277366,-108.54144578599656
1171,ksqexp,2.5,0.2,0.5,0.5,-39.080088507222264,-41.85147685507102
1172,ksqexp,2.5,0.2,0.5,0.1,-548.3043424196695,-639.748350228661
1173,ksqexp,2.5,0.2,0.5,0.05,-2008.846132635501,-2293.287698171413
1174,ksqexp,2.5,0.2,0.5,0.01,-44572.89451685221,-46257.93445797319
1175,ksqexp,2.5,0.2,0.5,0,-907691319638.1279,-928501917051.5952
1176,ksqexp,2.5,0.2,1,0.5,-38.975703199269326,-42.102023796995944
1177,ksqexp,2.5,0.2,1,0.1,-515.4448586554195,-600.4813111408243
1178,ksqexp,2.5,0.2,1,0.05,-1902.3130574126321,-2118.0491127112573
1179,ksqexp,2.5,0.2,1,0.01,-44501.25896740838,-45828.362194961344
1180,ksqexp,2.5,0.2,1,0,-566687750319.7656,-577994130016.8325
1181,ksqexp,2.5,0.2,1.5,0.5,-38.88929537303469,-42.26336934118343
1182,ksqexp,2.5,0.2,1.5,0.1,-496.01869706245907,-574.0559191606297
1183,ksqexp,2.5,0.2,1.5,0.05,-1857.673815355517,-2034.6922053501169
1184,ksqexp,2.5,0.2,1.5,0.01,-44891.70450355866,-46047.320604969536
1185,ksqexp,2.5,0.2,1.5,0,-412027885807.3454,-419773664503.2902
1186,ksqexp,2.5,0.5,0.5,0.5,-36.72038462183479,-40.36343079598201
1187,ksqexp,2.5,0.5,0.5,0.1,-426.67731384358547,-476.47630654714436
1188,ksqexp,2.5,0.5,0.5,0.05,-1671.4639965956944,-1800.0866602566293
1189,ksqexp,2.5,0.5,0.5,0.01,-43760.878488458184,-48722.93434152729
1190,ksqexp,2.5,0.5,0.5,0,-1018786753.2486953,-1247914396.7362137
1191,ksqexp,2.5,0.5,1,0.5,-36.34612374319209,-40.333332135001555
1192,ksqexp,2.5,0.5,1,0.1,-409.9804277510375,-448.0549369829353
1193,ksqexp,2.5,0.5,1,0.05,-1663.0384780030522,-1793.7518574724731
1194,ksqexp,2.5,0.5,1,0.01,-43337.693286874215,-48703.276640431985
1195,ksqexp,2.5,0.5,1,0,-509443033.2727838,-624045563.6397905
1196,ksqexp,2.5,0.5,1.5,0.5,-36.21010686083058,-40.29383835083049
1197,ksqexp,2.5,0.5,1.5,0.1,-404.49313891404387,-439.17129534545035
1198,ksqexp,2.5,0.5,1.5,0.05,-1669.1821258900848,-1806.7776153368247
1199,ksqexp,2.5,0.5,1.5,0.01,-42922.06118440017,-48403.244901179816
1200,ksqexp,2.5,0.5,1.5,0,-339639691.12448686,-416049985.99754506
1201,ksqexp,2.5,1,0.5,0.5,-33.32025767803831,-36.71727778996526
1202,ksqexp,2.5,1,0.5,0.1,-387.71597433692233,-445.542782872274
1203,ksqexp,2.5,1,0.5,0.05,-1651.4219224293704,-1954.8016183819973
1204,ksqexp,2.5,1,0.5,0.01,-33865.94594746582,-46711.32184676171
1205,ksqexp,2.5,1,0.5,0,-7142194.50995909,-9499180.143839074
1206,ksqexp,2.5,1,1,0.5,-33.37419303791171,-36.70558170630975
1207,ksqexp,2.5,1,1,0.1,-392.3717798018993,-459.5131691824808
1208,ksqexp,2.5,1,1,0.05,-1658.1517025962673,-2011.9159112224895
1209,ksqexp,2.5,1,1,0.01,-31967.65279653571,-45448.529699761595
1210,ksqexp,2.5,1,1,0,-3571070.9917674693,-4749561.554782061
1211,ksqexp,2.5,1,1.5,0.5,-33.76558010038345,-37.07010357712899
1212,ksqexp,2.5,1,1.5,0.1,-397.73270346791526,-471.15098238944444
1213,ksqexp,2.5,1,1.5,0.05,-1639.198425719364,-2024.7823053573725
1214,ksqexp,2.5,1,1.5,0.01,-31351.700346327812,-45105.6030201222
1215,ksqexp,2.5,1,1.5,0,-2380691.4596744822,-3166353.2740081344
1216,ksqexp,2.5,1.5,0.5,0.5,-32.47245751638445,-35.738798031379744
1217,ksqexp,2.5,1.5,0.5,0.1,-374.4310095837378,-469.88921197390493
1218,ksqexp,2.5,1.5,0.5,0.05,-1448.0248793604994,-1950.0211413208433
1219,ksqexp,2.5,1.5,0.5,0.01,-23713.58178935506,-40182.757160397035
1220,ksqexp,2.5,1.5,0.5,0,-344985.05871581356,-457290.86925098905
1221,ksqexp,2.5,1.5,1,0.5,-33.139906360313766,-36.703487857828385
1222,ksqexp,2.5,1.5,1,0.1,-369.0728377542412,-481.24018703188017
1223,ksqexp,2.5,1.5,1,0.05,-1335.7256277632316,-1897.3268815873769
1224,ksqexp,2.5,1.5,1,0.01,-20692.616816889997,-36033.696649204234
1225,ksqexp,2.5,1.5,1,0,-172461.02230315446,-228619.34001525806
1226,ksqexp,2.5,1.5,1.5,0.5,-33.89823983712201,-37.78084947099867
1227,ksqexp,2.5,1.5,1.5,0.1,-361.64492148767835,-483.62964489894637
1228,ksqexp,2.5,1.5,1.5,0.05,-1261.2094919014962,-1855.1286172867412
1229,ksqexp,2.5,1.5,1.5,0.01,-18376.335910022422,-32633.356623153504
1230,ksqexp,2.5,1.5,1.5,0,-114955.74475943271,-152398.25662456467
1231,ksqexp,2.5,2,0.5,0.5,-32.65125837729141,-36.28183642943632
1232,ksqexp,2.5,2,0.5,0.1,-331.6139975900102,-459.6869553381286
1233,ksqexp,2.5,2,0.5,0.05,-1139.3432084418687,-1753.5296070419652
1234,ksqexp,2.5,2,0.5,0.01,-10423.875148020867,-20992.823992848298
1235,ksqexp,2.5,2,0.5,0,-52176.907145014855,-59013.887173851195
1236,ksqexp,2.5,2,1,0.5,-33.566691106876256,-37.86111145010049
1237,ksqexp,2.5,2,1,0.1,-307.17389010295835,-451.6718860119923
1238,ksqexp,2.5,2,1,0.05,-1009.167558228819,-1654.5711285901848
1239,ksqexp,2.5,2,1,0.01,-6492.452993142645,-13884.504243602696
1240,ksqexp,2.5,2,1,0,-26064.664735504262,-29489.40478966892
1241,ksqexp,2.5,2,1.5,0.5,-34.475804128564036,-39.32545386970993
1242,ksqexp,2.5,2,1.5,0.1,-291.37028971855125,-444.0292192420107
1243,ksqexp,2.5,2,1.5,0.05,-928.4977210881005,-1578.7992843938418
1244,ksqexp,2.5,2,1.5,0.01,-4768.748454535598,-10436.804737634808
1245,ksqexp,2.5,2,1.5,0,-17363.37295940316,-19650.700530399758
1246,ksqexp,2.5,2.5,0.5,0.5,-33.092008270057534,-37.1967704814532
1247,ksqexp,2.5,2.5,0.5,0.1,-290.69617414559536,-437.3361082624941
1248,ksqexp,2.5,2.5,0.5,0.05,-910.2553544261676,-1536.8304855393815
1249,ksqexp,2.5,2.5,0.5,0.01,-4822.970476503484,-8834.90217454341
1250,ksqexp,2.5,2.5,0.5,0,-23726.589093265273,-18008.097377782302
1251,ksqexp,2.5,2.5,1,0.5,-34.08412255268217,-39.162287884224185
1252,ksqexp,2.5,2.5,1,0.1,-259.90985841128315,-417.7079585870639
1253,ksqexp,2.5,2.5,1,0.05,-735.0960556109934,-1325.2077290473908
1254,ksqexp,2.5,2.5,1,0.01,-3106.5035631165324,-5123.455525094082
1255,ksqexp,2.5,2.5,1,0,-11844.579759137945,-8992.286090164065
1256,ksqexp,2.5,2.5,1.5,0.5,-34.997452769666516,-40.81317763213844
1257,ksqexp,2.5,2.5,1.5,0.1,-240.19711318812827,-401.3023221402428
1258,ksqexp,2.5,2.5,1.5,0.05,-628.1416993102915,-1170.124029113593
1259,ksqexp,2.5,2.5,1.5,0.01,-2446.9864206603456,-3677.5784062296
1260,ksqexp,2.5,2.5,1.5,0,-7886.700376829319,-5989.80621815445
1261,ksqexp,2.5,3,0.5,0.5,-33.47896874078989,-38.02720950569123
1262,ksqexp,2.5,3,0.5,0.1,-261.22901418494695,-414.6038328334122
1263,ksqexp,2.5,3,0.5,0.05,-712.2281930673569,-1273.1050145882343
1264,ksqexp,2.5,3,0.5,0.01,-3491.8698267022464,-4465.7768349653425
1265,ksqexp,2.5,3,0.5,0,-16029.254783539496,-8750.51643490535
1266,ksqexp,2.5,3,1,0.5,-34.458422075001,-40.22028600775646
1267,ksqexp,2.5,3,1,0.1,-222.200065119829,-378.2385481939841
1268,ksqexp,2.5,3,1,0.05,-519.1349902632783,-974.7986161048398
1269,ksqexp,2.5,3,1,0.01,-2520.1015885655547,-2568.3957584633044
1270,ksqexp,2.5,3,1,0,-7999.390550966117,-4367.5893196300285
1271,ksqexp,2.5,3,1.5,0.5,-35.35558351088914,-41.96976284110488
1272,ksqexp,2.5,3,1.5,0.1,-196.6776919261361,-348.45153826237316
1273,ksqexp,2.5,3,1.5,0.05,-420.6104793717378,-795.6706967372481
1274,ksqexp,2.5,3,1.5,0.01,-2080.7435627719096,-1860.2652363445354
1275,ksqexp,2.5,3,1.5,0,-5325.559702540539,-2909.4042415777076
1276,ksqexp,2.5,3.5,0.5,0.5,-33.683466633424686,-38.554994081916696
1277,ksqexp,2.5,3.5,0.5,0.1,-228.27472803566326,-377.06642389090746
1278,ksqexp,2.5,3.5,0.5,0.05,-528.0803860553378,-973.4447214705342
1279,ksqexp,2.5,3.5,0.5,0.01,-3147.7987663421422,-2680.290059239115
1280,ksqexp,2.5,3.5,0.5,0,-12399.766815988209,-5324.11043667804
1281,ksqexp,2.5,3.5,1,0.5,-34.63603683250535,-40.86270790659588
1282,ksqexp,2.5,3.5,1,0.1,-180.4299581742147,-321.02617878278903
1283,ksqexp,2.5,3.5,1,0.05,-363.64763775643854,-670.8957997080657
1284,ksqexp,2.5,3.5,1,0.01,-2370.5321408204372,-1588.2737637545206
1285,ksqexp,2.5,3.5,1,0,-6187.122575771338,-2657.4066873463057
1286,ksqexp,2.5,3.5,1.5,0.5,-35.54334088821684,-42.671136271105304
1287,ksqexp,2.5,3.5,1.5,0.1,-152.30123301749168,-280.9562120283394
1288,ksqexp,2.5,3.5,1.5,0.05,-294.41194014231473,-519.3046790687048
1289,ksqexp,2.5,3.5,1.5,0.01,-1953.661672571618,-1169.1528304570109
1290,ksqexp,2.5,3.5,1.5,0,-4119.031771036327,-1771.2960810778786
1291,ksqexp,2.5,4,0.5,0.5,-33.66905339808661,-38.697331882099064
1292,ksqexp,2.5,4,0.5,0.1,-187.0169072797803,-319.69923310266415
1293,ksqexp,2.5,4,0.5,0.05,-381.53863142722975,-692.6821594288831
1294,ksqexp,2.5,4,0.5,0.01,-3056.9722861092678,-1836.8266490208398
1295,ksqexp,2.5,4,0.5,0,-10208.080419634774,-3683.332528719735
1296,ksqexp,2.5,4,1,0.5,-34.57089071932298,-40.99576868346746
1297,ksqexp,2.5,4,1,0.1,-137.2140639607707,-251.59532712946586
1298,ksqexp,2.5,4,1,0.05,-269.813977358586,-447.01966607208755
1299,ksqexp,2.5,4,1,0.01,-2289.8571621714545,-1124.9555018590424
1300,ksqexp,2.5,4,1,0,-5093.105790571096,-1839.3079781719234
1301,ksqexp,2.5,4,1.5,0.5,-35.470794555593045,-42.79212494681687
1302,ksqexp,2.5,4,1.5,0.1,-112.71663935932901,-210.34956930105267
1303,ksqexp,2.5,4,1.5,0.05,-229.5271949710374,-339.53314052465674
1304,ksqexp,2.5,4,1.5,0.01,-1853.4094002690122,-837.6287625913411
1305,ksqexp,2.5,4,1.5,0,-3390.9048753618317,-1227.42377747464
1306,ksqexp,2.5,6,0.5,0.5,-32.487659052865055,-37.11742573193669
1307,ksqexp,2.5,6,0.5,0.1,-86.10956759021508,-135.24331498919256
1308,ksqexp,2.5,6,0.5,0.05,-216.17488576771106,-225.315807434237
1309,ksqexp,2.5,6,0.5,0.01,-2848.896959991838,-900.0753265492314
1310,ksqexp,2.5,6,0.5,0,-6203.097461828422,-1643.0721683934808
1311,ksqexp,2.5,6,1,0.5,-33.020080706801636,-38.789163862087356
1312,ksqexp,2.5,6,1,0.1,-67.33392833748589,-95.0036080044492
1313,ksqexp,2.5,6,1,0.05,-194.80380722681687,-152.31077732968137
1314,ksqexp,2.5,6,1,0.01,-1949.134925632113,-572.1260238833449
1315,ksqexp,2.5,6,1,0,-3094.9098400899325,-824.4732035358791
1316,ksqexp,2.5,6,1.5,0.5,-33.747508093123514,-40.234082445829856
1317,ksqexp,2.5,6,1.5,0.1,-62.49305951003527,-79.29227380091568
1318,ksqexp,2.5,6,1.5,0.05,-187.9385703022082,-125.28809883663214
1319,ksqexp,2.5,6,1.5,0.01,-1481.5675459644087,-426.98335860242605
1320,ksqexp,2.5,6,1.5,0,-2061.6379481915487,-554.3975369169489
1321,ksqexp,2.5,8,0.5,0.5,-31.61288889695397,-35.828219890085165
1322,ksqexp,2.5,8,0.5,0.1,-69.22909709390093,-83.0006039140019
1323,ksqexp,2.5,8,0.5,0.05,-202.59371048635938,-141.81719871230544
1324,ksqexp,2.5,8,0.5,0.01,-2575.1102808917626,-691.2936319239091
1325,ksqexp,2.5,8,0.5,0,-4795.619794433214,-1160.169391610764
1326,ksqexp,2.5,8,1,0.5,-31.953019506488953,-37.08971698024345
1327,ksqexp,2.5,8,1,0.1,-60.58761663891888,-62.36736215185646
1328,ksqexp,2.5,8,1,0.05,-190.4073068953902,-105.31210800335649
1329,ksqexp,2.5,8,1,0.01,-1678.3208271377748,-434.87575284503686
1330,ksqexp,2.5,8,1,0,-2393.2711713883996,-585.5113170280848
1331,ksqexp,2.5,8,1.5,0.5,-32.715678684315876,-38.441788318632646
1332,ksqexp,2.5,8,1.5,0.1,-59.262115916114375,-55.85521979434059
1333,ksqexp,2.5,8,1.5,0.05,-185.78480469355793,-92.42231928528962
1334,ksqexp,2.5,8,1.5,0.01,-1244.1067190390193,-322.8243084632209
1335,ksqexp,2.5,8,1.5,0,-1595.2789493448136,-396.7492813274723
1336,ksqexp,2.5,10,0.5,0.5,-31.204158683978044,-35.301302661331974
1337,ksqexp,2.5,10,0.5,0.1,-65.69356512678996,-66.73870272717353
1338,ksqexp,2.5,10,0.5,0.05,-198.0148514702534,-116.64218232492345
1339,ksqexp,2.5,10,0.5,0.01,-2389.870344065865,-602.2342176248648
1340,ksqexp,2.5,10,0.5,0,-4231.924151902932,-977.1164064995975
1341,ksqexp,2.5,10,1,0.5,-31.481653553662117,-36.363238791437276
1342,ksqexp,2.5,10,1,0.1,-59.360152209574665,-53.00216889045825
1343,ksqexp,2.5,10,1,0.05,-186.73515563666805,-90.96189223681876
1344,ksqexp,2.5,10,1,0.01,-1530.2956481008448,-376.98895411017224
1345,ksqexp,2.5,10,1,0,-2112.4612113277167,-495.2588814705515
1346,ksqexp,2.5,10,1.5,0.5,-32.35123947741716,-37.747472883447095
1347,ksqexp,2.5,10,1.5,0.1,-58.71478462298552,-49.389572490841324
1348,ksqexp,2.5,10,1.5,0.05,-181.87454034816244,-82.21186941573777
1349,ksqexp,2.5,10,1.5,0.01,-1125.3279046334703,-279.88249405053756
1350,ksqexp,2.5,10,1.5,0,-1408.7642177217085,-337.4303625128615
1351,ksqexp,2.5,25,0.5,0.5,-29.91335780828237,-34.001275517801226
1352,ksqexp,2.5,25,0.5,0.1,-62.822932216235756,-47.13348668520242
1353,ksqexp,2.5,25,0.5,0.05,-183.49275068944507,-82.9369667403565
1354,ksqexp,2.5,25,0.5,0.01,-2074.1155606204093,-454.34617630190365
1355,ksqexp,2.5,25,0.5,0,-3542.2278912522875,-708.6930911680993
1356,ksqexp,2.5,25,1,0.5,-30.80499774165031,-35.2671586056408
1357,ksqexp,2.5,25,1,0.1,-57.39018511507682,-42.4502325336444
1358,ksqexp,2.5,25,1,0.05,-171.85163909933715,-71.28681584716176
1359,ksqexp,2.5,25,1,0.01,-1311.8551718668443,-285.55994158903275
1360,ksqexp,2.5,25,1,0,-1769.781317750849,-364.1863246880106
1361,ksqexp,2.5,25,1.5,0.5,-32.2359764784686,-37.20835824809675
1362,ksqexp,2.5,25,1.5,0.1,-56.8729717945283,-42.5595202443019
1363,ksqexp,2.5,25,1.5,0.05,-166.97447281899886,-68.11704852838116
1364,ksqexp,2.5,25,1.5,0.01,-960.144203480682,-214.2291872259278
1365,ksqexp,2.5,25,1.5,0,-1181.7564473160444,-252.14139216870274
1366,kexp,1,0.2,0.5,0.5,-38.02750977625574,-38.789274486886065
1367,kexp,1,0.2,0.5,0.1,-157.15693523947346,-158.69761298009192
1368,kexp,1,0.2,0.5,0.05,-243.7652110931192,-245.5252605649601
1369,kexp,1,0.2,0.5,0.01,-300.7687980815591,-302.6956771334772
1370,kexp,1,0.2,0.5,0,-303.7814863463115,-305.7178059357054
1371,kexp,1,0.2,1,0.5,-39.180604826769326,-39.71696465022995
1372,kexp,1,0.2,1,0.1,-112.07897967037601,-112.95537757946224
1373,kexp,1,0.2,1,0.05,-144.1544612916996,-145.12008891781562
1374,kexp,1,0.2,1,0.01,-159.92992175039691,-160.9441491083132
1375,kexp,1,0.2,1,0,-160.67626632199372,-161.69287874512057
1376,kexp,1,0.2,1.5,0.5,-40.66178928622364,-41.08780872020105
1377,kexp,1,0.2,1.5,0.1,-91.70878728499726,-92.34613096837172
1378,kexp,1,0.2,1.5,0.05,-108.23459691294788,-108.92068543199461
1379,kexp,1,0.2,1.5,0.01,-115.43770130503248,-116.146678472358
1380,kexp,1,0.2,1.5,0,-115.76518307720137,-116.47522644489541
1381,kexp,1,0.5,0.5,0.5,-36.8095368774375,-37.73554433834767
1382,kexp,1,0.5,0.5,0.1,-94.44455367835113,-96.55660148583205
1383,kexp,1,0.5,0.5,0.05,-116.33168242476921,-118.70776489597078
1384,kexp,1,0.5,0.5,0.01,-126.38168565616962,-128.8829167177024
1385,kexp,1,0.5,0.5,0,-126.846278354927,-129.3533778650254
1386,kexp,1,0.5,1,0.5,-39.023000364366226,-39.706750885561526
1387,kexp,1,0.5,1,0.1,-67.59093125675231,-68.8212326134917
1388,kexp,1,0.5,1,0.05,-74.08125866925839,-75.39611614692046
1389,kexp,1,0.5,1,0.01,-76.62289795001928,-77.97136956826222
1390,kexp,1,0.5,1,0,-76.73474706294708,-78.08470635328693
1391,kexp,1,0.5,1.5,0.5,-41.27893559370517,-41.84459333909543
1392,kexp,1,0.5,1.5,0.1,-58.68272385467687,-59.58933346414653
1393,kexp,1,0.5,1.5,0.05,-61.670886782152394,-62.61903515650435
1394,kexp,1,0.5,1.5,0.01,-62.7738360603177,-63.73741270820415
1395,kexp,1,0.5,1.5,0,-62.82156006515943,-63.78580594890664
1396,kexp,1,1,0.5,0.5,-36.60951721218571,-37.68114977593226
1397,kexp,1,1,0.5,0.1,-63.17934178270799,-65.88922485616266
1398,kexp,1,1,0.5,0.05,-69.38323196035742,-72.3453457221776
1399,kexp,1,1,0.5,0.01,-71.81656469968392,-74.8780332332886
1400,kexp,1,1,0.5,0,-71.92369139810144,-74.98954676147353
1401,kexp,1,1,1,0.5,-39.25023441857576,-40.09820907247549
1402,kexp,1,1,1,0.1,-49.64965925553542,-51.23578370359809
1403,kexp,1,1,1,0.05,-51.226475671611766,-52.88614642543473
1404,kexp,1,1,1,0.01,-51.79214560497116,-53.47804334635813
1405,kexp,1,1,1,0,-51.81642856630976,-53.503451084276435
1406,kexp,1,1,1.5,0.5,-41.81276420037607,-42.54574328908202
1407,kexp,1,1,1.5,0.1,-47.014870675645305,-48.194663160028156
1408,kexp,1,1,1.5,0.05,-47.66779973711627,-48.88264222418883
1409,kexp,1,1,1.5,0.01,-47.8949917295823,-49.12189131090947
1410,kexp,1,1,1.5,0,-47.90466438899302,-49.13207595848643
1411,kexp,1,1.5,0.5,0.5,-36.568486171633026,-37.72601443333056
1412,kexp,1,1.5,0.5,0.1,-51.228201746362416,-54.100712693490046
1413,kexp,1,1.5,0.5,0.05,-53.92164439043328,-57.00590898285715
1414,kexp,1,1.5,0.5,0.01,-54.9184371004947,-58.081023388524834
1415,kexp,1,1.5,0.5,0,-54.96159562352975,-58.12757594281569
1416,kexp,1,1.5,1,0.5,-39.24397127177458,-40.1832346396629
1417,kexp,1,1.5,1,0.1,-43.60517617953411,-45.30097961390785
1418,kexp,1,1.5,1,0.05,-44.20421829640626,-45.96044971269421
1419,kexp,1,1.5,1,0.01,-44.41321139690428,-46.19025017088035
1420,kexp,1,1.5,1,0,-44.42211499339902,-46.200037560194126
1421,kexp,1,1.5,1.5,0.5,-41.90552719622353,-42.73066596947574
1422,kexp,1,1.5,1.5,0.1,-43.40894171639359,-44.6852715451842
1423,kexp,1,1.5,1.5,0.05,-43.62302237767822,-44.92817345142162
1424,kexp,1,1.5,1.5,0.01,-43.69649526254793,-45.0113236330232
1425,kexp,1,1.5,1.5,0,-43.699611550043215,-45.01484819933777
1426,kexp,1,2,0.5,0.5,-36.486598546466645,-37.70030605406774
1427,kexp,1,2,0.5,0.1,-45.072286938239976,-47.93950567919761
1428,kexp,1,2,0.5,0.05,-46.478282972162255,-49.52056690538353
1429,kexp,1,2,0.5,0.01,-46.98375306765215,-50.08871372447272
1430,kexp,1,2,0.5,0,-47.00546271676583,-50.113114293708676
1431,kexp,1,2,1,0.5,-39.1325930965073,-40.12419076597244
1432,kexp,1,2,1,0.1,-40.69214633055715,-42.40417656777107
1433,kexp,1,2,1,0.05,-40.953042858371695,-42.71503041996528
1434,kexp,1,2,1,0.01,-41.04328020796786,-42.82216830583133
1435,kexp,1,2,1,0,-41.04711515753944,-42.82671769811008
1436,kexp,1,2,1.5,0.5,-41.86159740105978,-42.73872566875388
1437,kexp,1,2,1.5,0.1,-41.759880074446095,-43.06439498980856
1438,kexp,1,2,1.5,0.05,-41.827251876594445,-43.155847134880844
1439,kexp,1,2,1.5,0.01,-41.85066048134444,-43.187244060230675
1440,kexp,1,2,1.5,0,-41.85165607117698,-43.18857559962075
1441,kexp,1,2.5,0.5,0.5,-36.38538975242849,-37.64668512396211
1442,kexp,1,2.5,0.5,0.1,-41.4308100743813,-44.26372103888848
1443,kexp,1,2.5,0.5,0.05,-42.241377881460316,-45.22200543905056
1444,kexp,1,2.5,0.5,0.01,-42.5282046465327,-45.56064967835956
1445,kexp,1,2.5,0.5,0,-42.54046992640872,-45.575127046201395
1446,kexp,1,2.5,1,0.5,-39.002556719943726,-40.032398781716715
1447,kexp,1,2.5,1,0.1,-39.0463844767269,-40.75505365049439
1448,kexp,1,2.5,1,0.05,-39.15708910948196,-40.908286867437084
1449,kexp,1,2.5,1,0.01,-39.19565387363333,-40.961084272764374
1450,kexp,1,2.5,1,0,-39.19729531275259,-40.963325646749375
1451,kexp,1,2.5,1.5,0.5,-41.79037151078189,-42.70340669011949
1452,kexp,1,2.5,1.5,0.1,-40.86737332710868,-42.18260239274389
1453,kexp,1,2.5,1.5,0.05,-40.87137796541182,-42.20739815267342
1454,kexp,1,2.5,1.5,0.01,-40.873464830059895,-42.21633215927752
1455,kexp,1,2.5,1.5,0,-40.87356054159147,-42.21671528032071
1456,kexp,1,3,0.5,0.5,-36.291945858095886,-37.60030386718022
1457,kexp,1,3,0.5,0.1,-39.11294679790927,-41.92720914643432
1458,kexp,1,3,0.5,0.05,-39.60763073505268,-42.550425254257995
1459,kexp,1,3,0.5,0.01,-39.781235162474616,-42.76848541304702
1460,kexp,1,3,0.5,0,-39.788641634937484,-42.777782372593656
1461,kexp,1,3,1,0.5,-38.89038008710505,-39.954911522860066
1462,kexp,1,3,1,0.1,-38.03891555148894,-39.74911568635147
1463,kexp,1,3,1,0.05,-38.07248592971043,-39.820152201882564
1464,kexp,1,3,1,0.01,-38.08485074553649,-39.84496448832873
1465,kexp,1,3,1,0,-38.08538370884367,-39.84602113171494
1466,kexp,1,3,1.5,0.5,-41.72972523875716,-42.67331017606479
1467,kexp,1,3,1.5,0.1,-40.34481598274625,-41.67101859719163
1468,kexp,1,3,1.5,0.05,-40.31712328078161,-41.66191243243745
1469,kexp,1,3,1.5,0.01,-40.30863733895348,-41.65951827290302
1470,kexp,1,3,1.5,0,-40.30828783354254,-41.65942415148364
1471,kexp,1,3.5,0.5,0.5,-36.21728709365972,-37.57366449199644
1472,kexp,1,3.5,0.5,0.1,-37.56776453345488,-40.3849608643219
1473,kexp,1,3.5,0.5,0.05,-37.87858843318319,-40.810936516128415
1474,kexp,1,3.5,0.5,0.01,-37.98736147913808,-40.95912747705904
1475,kexp,1,3.5,0.5,0,-37.991997939078054,-40.96543549922878
1476,kexp,1,3.5,1,0.5,-38.80520415882113,-39.903956057417865
1477,kexp,1,3.5,1,0.1,-37.39242756610118,-39.1132941738857
1478,kexp,1,3.5,1,0.05,-37.38235784839977,-39.13724104734137
1479,kexp,1,3.5,1,0.01,-37.380026777921145,-39.146153010962934
1480,kexp,1,3.5,1,0,-37.37993937475834,-39.146537974025954
1481,kexp,1,3.5,1.5,0.5,-41.68845241464265,-42.660940511679215
1482,kexp,1,3.5,1.5,0.1,-40.0266081689258,-41.367993745151374
1483,kexp,1,3.5,1.5,0.05,-39.98144796119595,-41.339943620932374
1484,kexp,1,3.5,1.5,0.01,-39.96716967144745,-41.33125450644245
1485,kexp,1,3.5,1.5,0,-39.96657662005199,-41.33089556569029
1486,kexp,1,4,0.5,0.5,-36.16195110186251,-37.566750902407854
1487,kexp,1,4,0.5,0.1,-36.50020616335158,-39.33689910193739
1488,kexp,1,4,0.5,0.05,-36.69641467596781,-39.63872403749774
1489,kexp,1,4,0.5,0.01,-36.76524393540447,-39.74342341431993
1490,kexp,1,4,0.5,0,-36.76817904544234,-39.747876422558626
1491,kexp,1,4,1,0.5,-38.74465086863832,-39.877534658635
1492,kexp,1,4,1,0.1,-36.9631689073676,-38.70207290316306
1493,kexp,1,4,1,0.05,-36.92659035297902,-38.6971094986002
1494,kexp,1,4,1,0.01,-36.91538715983955,-38.69631569638522
1495,kexp,1,4,1,0,-36.91492582903039,-38.69629127019992
1496,kexp,1,4,1.5,0.5,-41.664686441241656,-42.665383333873905
1497,kexp,1,4,1.5,0.1,-39.82841466661048,-41.188765050182745
1498,kexp,1,4,1.5,0.05,-39.77292415734205,-41.14937820822113
1499,kexp,1,4,1.5,0.01,-39.75523452207925,-41.13693631253486
1500,kexp,1,4,1.5,0,-39.75449819029542,-41.1364196528146
1501,kexp,1,6,0.5,0.5,-36.06711816124393,-37.658531854790226
1502,kexp,1,6,0.5,0.1,-34.440485614429754,-37.42855029535414
1503,kexp,1,6,0.5,0.05,-34.44518544154052,-37.51909023866587
1504,kexp,1,6,0.5,0.01,-34.448305754077666,-37.55082341284474
1505,kexp,1,6,0.5,0,-34.44845352785078,-37.55217598304853
1506,kexp,1,6,1,0.5,-38.64810478391028,-39.91214272653142
1507,kexp,1,6,1,0.1,-36.20823462665181,-38.0526224105561
1508,kexp,1,6,1,0.05,-36.12938821594764,-38.00071619626125
1509,kexp,1,6,1,0.01,-36.10415299299372,-37.98427568128493
1510,kexp,1,6,1,0,-36.10310149964351,-37.98359250387109
1511,kexp,1,6,1.5,0.5,-41.66388717527987,-42.77149376299652
1512,kexp,1,6,1.5,0.1,-39.54015329886163,-40.99380020548728
1513,kexp,1,6,1.5,0.05,-39.46906968006281,-40.93699447120163
1514,kexp,1,6,1.5,0.01,-39.446258723818346,-40.918812400842874
1515,kexp,1,6,1.5,0,-39.44530759031367,-40.918054777550154
1516,kexp,1,8,0.5,0.5,-36.07740307045707,-37.83980636055522
1517,kexp,1,8,0.5,0.1,-33.714498049259404,-36.89469615334349
1518,kexp,1,8,0.5,0.05,-33.66024896595096,-36.91871319355873
1519,kexp,1,8,0.5,0.01,-33.64351261673924,-36.92781784539601
1520,kexp,1,8,0.5,0,-33.64282212911414,-36.928212724763185
1521,kexp,1,8,1,0.5,-38.652348461470815,-40.03719118603258
1522,kexp,1,8,1,0.1,-35.993721656932216,-37.961125239772464
1523,kexp,1,8,1,0.05,-35.9027565875393,-37.89561714134143
1524,kexp,1,8,1,0.01,-35.873537570491095,-37.87467608113168
1525,kexp,1,8,1,0,-35.87231894835644,-37.873803783374505
1526,kexp,1,8,1.5,0.5,-41.71410421120097,-42.92012561580588
1527,kexp,1,8,1.5,0.1,-39.506421781587704,-41.06141599017664
1528,kexp,1,8,1.5,0.05,-39.43128195881273,-41.000129579274144
1529,kexp,1,8,1.5,0.01,-39.40714785468882,-40.98047686436685
1530,kexp,1,8,1.5,0,-39.4061413215109,-40.97965756965111
1531,kexp,1,10,0.5,0.5,-36.15007075656295,-38.07098243399917
1532,kexp,1,10,0.5,0.1,-33.444884966076344,-36.838631834641774
1533,kexp,1,10,0.5,0.05,-33.3659153505598,-36.83585322108339
1534,kexp,1,10,0.5,0.01,-33.340929261955374,-36.83588676674195
1535,kexp,1,10,0.5,0,-33.339891349364095,-36.835898231812635
1536,kexp,1,10,1,0.5,-38.700004772300936,-40.19786688436101
1537,kexp,1,10,1,0.1,-35.94649487734453,-38.04385269727068
1538,kexp,1,10,1,0.05,-35.85065673869006,-37.973334749817525
1539,kexp,1,10,1,0.01,-35.819843647747426,-37.95073799336076
1540,kexp,1,10,1,0,-35.818558235100696,-37.949796142952444
1541,kexp,1,10,1.5,0.5,-41.77888132402829,-43.076803413680885
1542,kexp,1,10,1.5,0.1,-39.537761231938354,-41.19538022341988
1543,kexp,1,10,1.5,0.05,-39.46109494821635,-41.13270138467617
1544,kexp,1,10,1.5,0.01,-39.43646459023713,-41.11259072152285
1545,kexp,1,10,1.5,0,-39.43543729708708,-41.11175221340576
1546,kexp,1,25,0.5,0.5,-37.18534054651274,-39.88819223657432
1547,kexp,1,25,0.5,0.1,-34.30535350980516,-39.14033129105468
1548,kexp,1,25,0.5,0.05,-34.205653517488756,-39.143808216149246
1549,kexp,1,25,0.5,0.01,-34.173684387732806,-39.145526872898344
1550,kexp,1,25,0.5,0,-34.17235173817396,-39.14560504964189
1551,kexp,1,25,1,0.5,-39.3308914772739,-41.40128044833683
1552,kexp,1,25,1,0.1,-36.532364385282825,-39.42082855294925
1553,kexp,1,25,1,0.05,-36.433054229919684,-39.35471213609535
1554,kexp,1,25,1,0.01,-36.40109380205026,-39.333497088131466
1555,kexp,1,25,1,0,-36.399760196676624,-39.33261251845483
1556,kexp,1,25,1.5,0.5,-42.28355285257747,-44.037422876839656
1557,kexp,1,25,1.5,0.1,-40.03618362145551,-42.26486587775856
1558,kexp,1,25,1.5,0.05,-39.95879403225197,-42.20546550606031
1559,kexp,1,25,1.5,0.01,-39.93392382549847,-42.18640010541723
1560,kexp,1,25,1.5,0,-39.93288644958547,-42.18560510813263
1561,kexp,1.25,0.2,0.5,0.5,-37.700312457447176,-38.60255707369055
1562,kexp,1.25,0.2,0.5,0.1,-173.4480060097158,-175.3957247379045
1563,kexp,1.25,0.2,0.5,0.05,-288.0798734899587,-290.33915455142784
1564,kexp,1.25,0.2,0.5,0.01,-372.9255938807656,-375.4555481728823
1565,kexp,1.25,0.2,0.5,0,-377.6438401436304,-380.1901498114027
1566,kexp,1.25,0.2,1,0.5,-38.689704047244525,-39.342263217985554
1567,kexp,1.25,0.2,1,0.1,-125.65604733797471,-126.77349158719332
1568,kexp,1.25,0.2,1,0.05,-170.84999081104183,-172.10217228447655
1569,kexp,1.25,0.2,1,0.01,-194.95927872097985,-196.2926137250029
1570,kexp,1.25,0.2,1,0,-196.13315880633644,-197.47063067943859
1571,kexp,1.25,0.2,1.5,0.5,-40.00757675455966,-40.534150137595496
1572,kexp,1.25,0.2,1.5,0.1,-102.73011942182872,-103.54807948788124
1573,kexp,1.25,0.2,1.5,0.05,-126.75968640181263,-127.65370865003068
1574,kexp,1.25,0.2,1.5,0.01,-137.90337663420752,-138.83605325322506
1575,kexp,1.25,0.2,1.5,0,-138.4202551219449,-139.35478106347298
1576,kexp,1.25,0.5,0.5,0.5,-36.210804816347206,-37.319823727792304
1577,kexp,1.25,0.5,0.5,0.1,-106.27153632086642,-108.93777939366635
1578,kexp,1.25,0.5,0.5,0.05,-137.72502256583581,-140.8009324244452
1579,kexp,1.25,0.5,0.5,0.01,-153.2141747840183,-156.50105189917335
1580,kexp,1.25,0.5,0.5,0,-153.9472147373546,-157.24427817022737
1581,kexp,1.25,0.5,1,0.5,-38.27370599626176,-39.110229198926334
1582,kexp,1.25,0.5,1,0.1,-75.03550412741438,-76.61664929743675
1583,kexp,1.25,0.5,1,0.05,-84.82828409338997,-86.54657974400047
1584,kexp,1.25,0.5,1,0.01,-88.82620152064739,-90.60187493958031
1585,kexp,1.25,0.5,1,0,-89.00432147091695,-90.78257409307578
1586,kexp,1.25,0.5,1.5,0.5,-40.40772106792073,-41.10844730061391
1587,kexp,1.25,0.5,1.5,0.1,-63.68571277958611,-64.86153224429947
1588,kexp,1.25,0.5,1.5,0.05,-68.31197391564484,-69.55637310480944
1589,kexp,1.25,0.5,1.5,0.01,-70.07061544457028,-71.34143937483105
1590,kexp,1.25,0.5,1.5,0,-70.14734714800477,-71.41932949991433
1591,kexp,1.25,1,0.5,0.5,-35.88329795835163,-37.17956604828618
1592,kexp,1.25,1,0.5,0.1,-70.2390975013756,-73.82860895537796
1593,kexp,1.25,1,0.5,0.05,-79.58528690102824,-83.59675897799329
1594,kexp,1.25,1,0.5,0.01,-83.40332766100387,-87.58928951331158
1595,kexp,1.25,1,0.5,0,-83.5734559985704,-87.76723747190007
1596,kexp,1.25,1,1,0.5,-38.49023741989432,-39.549314819173446
1597,kexp,1.25,1,1,0.1,-53.107290606905885,-55.2439576206136
1598,kexp,1.25,1,1,0.05,-55.60192313901308,-57.86471957600315
1599,kexp,1.25,1,1,0.01,-56.51661872396585,-58.82563778216829
1600,kexp,1.25,1,1,0,-56.55612208198863,-58.86713865728161
1601,kexp,1.25,1,1.5,0.5,-40.981698310560475,-41.91489351933467
1602,kexp,1.25,1,1.5,0.1,-48.87242381817872,-50.47318038038255
1603,kexp,1.25,1,1.5,0.05,-49.94592071465357,-51.60721974087121
1604,kexp,1.25,1,1.5,0.01,-50.324807784279116,-52.00733021106936
1605,kexp,1.25,1,1.5,0,-50.34100087633568,-52.024429152274614
1606,kexp,1.25,1.5,0.5,0.5,-35.8189715813854,-37.23542509917334
1607,kexp,1.25,1.5,0.5,0.1,-55.676789613311726,-59.61903231260047
1608,kexp,1.25,1.5,0.5,0.05,-59.81806582415429,-64.12803558569507
1609,kexp,1.25,1.5,0.5,0.01,-61.39336695103019,-65.84404254240442
1610,kexp,1.25,1.5,0.5,0,-61.462105471737814,-65.9189387522436
1611,kexp,1.25,1.5,1,0.5,-38.52388200358763,-39.7234935419636
1612,kexp,1.25,1.5,1,0.1,-45.361494475088705,-47.71856882730054
1613,kexp,1.25,1.5,1,0.05,-46.34876937455688,-48.812206499740505
1614,kexp,1.25,1.5,1,0.01,-46.69773679810163,-49.19847712522903
1615,kexp,1.25,1.5,1,0,-46.712656299363054,-49.21498900966935
1616,kexp,1.25,1.5,1.5,0.5,-41.123805334469566,-42.2019081601735
1617,kexp,1.25,1.5,1.5,0.1,-44.06585477286734,-45.84791286685055
1618,kexp,1.25,1.5,1.5,0.05,-44.448945109106965,-46.28178219970879
1619,kexp,1.25,1.5,1.5,0.01,-44.58121084149816,-46.43131255508699
1620,kexp,1.25,1.5,1.5,0,-44.58683000856246,-46.43766252879566
1621,kexp,1.25,2,0.5,0.5,-35.73156661776927,-37.21945349763363
1622,kexp,1.25,2,0.5,0.1,-47.911584393014586,-51.89592785263893
1623,kexp,1.25,2,0.5,0.05,-50.09948164910743,-54.392072728117455
1624,kexp,1.25,2,0.5,0.01,-50.901640095846524,-55.30748304283553
1625,kexp,1.25,2,0.5,0,-50.93627959058052,-55.34702036277457
1626,kexp,1.25,2,1,0.5,-38.43037619965836,-39.70900252716742
1627,kexp,1.25,2,1,0.1,-41.517976199708386,-43.92347597293315
1628,kexp,1.25,2,1,0.05,-41.97469930227109,-44.46865153380974
1629,kexp,1.25,2,1,0.01,-42.13366267791966,-44.65795023611175
1630,kexp,1.25,2,1,0,-42.140430173101485,-44.66600480534272
1631,kexp,1.25,2,1.5,0.5,-41.09551025452193,-42.255719965019225
1632,kexp,1.25,2,1.5,0.1,-41.79788368418423,-43.637764980141796
1633,kexp,1.25,2,1.5,0.05,-41.945973404835726,-43.82833683264929
1634,kexp,1.25,2,1.5,0.01,-41.99697240169615,-43.893558730191025
1635,kexp,1.25,2,1.5,0,-41.999137133972404,-43.896323052890864
1636,kexp,1.25,2.5,0.5,0.5,-35.6183551098899,-37.153533748705996
1637,kexp,1.25,2.5,0.5,0.1,-43.18414032658457,-47.09783059077904
1638,kexp,1.25,2.5,0.5,0.05,-44.45694077382856,-48.6294438237978
1639,kexp,1.25,2.5,0.5,0.01,-44.913758390021236,-49.178972961144765
1640,kexp,1.25,2.5,0.5,0,-44.93336855205108,-49.202563931711275
1641,kexp,1.25,2.5,1,0.5,-38.2934087380415,-39.619056722092566
1642,kexp,1.25,2.5,1,0.1,-39.28780330579138,-41.67765785004403
1643,kexp,1.25,2.5,1,0.05,-39.50635253665492,-41.970751939612256
1644,kexp,1.25,2.5,1,0.01,-39.582184956406124,-42.07180271520238
1645,kexp,1.25,2.5,1,0,-39.5854101104884,-42.07609392026485
1646,kexp,1.25,2.5,1.5,0.5,-41.01500871675689,-42.223974495149
1647,kexp,1.25,2.5,1.5,0.1,-40.53136309813319,-42.38048168997097
1648,kexp,1.25,2.5,1.5,0.05,-40.57665493699832,-42.461985253661354
1649,kexp,1.25,2.5,1.5,0.01,-40.59272713158178,-42.49006863903672
1650,kexp,1.25,2.5,1.5,0,-40.593414063349144,-42.491260683160235
1651,kexp,1.25,3,0.5,0.5,-35.503157714080174,-37.07725620931149
1652,kexp,1.25,3,0.5,0.1,-40.093123518744726,-43.91681110981196
1653,kexp,1.25,3,0.5,0.05,-40.87694181083049,-44.92166427616233
1654,kexp,1.25,3,0.5,0.01,-41.154741447187,-45.27727700457819
1655,kexp,1.25,3,0.5,0,-41.16662517522492,-45.29248569543409
1656,kexp,1.25,3,1,0.5,-38.15832028295211,-39.51747103753107
1657,kexp,1.25,3,1,0.1,-37.88335918986113,-40.24363200052912
1658,kexp,1.25,3,1,0.05,-37.9787692192172,-40.40334261138456
1659,kexp,1.25,3,1,0.01,-38.01231207341512,-40.458438840164
1660,kexp,1.25,3,1,0,-38.01374286733813,-40.46077852972127
1661,kexp,1.25,3,1.5,0.5,-40.931885037642004,-42.174337813074644
1662,kexp,1.25,3,1.5,0.1,-39.76149236882935,-41.6063699211376
1663,kexp,1.25,3,1.5,0.05,-39.75486237110369,-41.63141102634657
1664,kexp,1.25,3,1.5,0.01,-39.75348799903231,-41.640477030277395
1665,kexp,1.25,3,1.5,0,-39.75343886476672,-41.64086624120449
1666,kexp,1.25,3.5,0.5,0.5,-35.40151917643676,-37.0132685192996
1667,kexp,1.25,3.5,0.5,0.1,-37.98399687905686,-41.73234467303305
1668,kexp,1.25,3.5,0.5,0.05,-38.482543451158165,-42.42371206651074
1669,kexp,1.25,3.5,0.5,0.01,-38.65805021740921,-42.666241529478235
1670,kexp,1.25,3.5,0.5,0,-38.66554367924097,-42.676588895465365
1671,kexp,1.25,3.5,1,0.5,-38.04386068087326,-39.43194688234573
1672,kexp,1.25,3.5,1,0.1,-36.95677424674342,-39.292323965679785
1673,kexp,1.25,3.5,1,0.05,-36.9823299896883,-39.374722617732566
1674,kexp,1.25,3.5,1,0.01,-36.992145570010095,-39.40346688505477
1675,kexp,1.25,3.5,1,0,-36.9925725015913,-39.40469064638077
1676,kexp,1.25,3.5,1.5,0.5,-40.86415681268385,-42.1339150220266
1677,kexp,1.25,3.5,1.5,0.1,-39.2724230039482,-41.11343592718174
1678,kexp,1.25,3.5,1.5,0.05,-39.23700178011582,-41.10642740515785
1679,kexp,1.25,3.5,1.5,0.01,-39.2260256515957,-41.10477700162703
1680,kexp,1.25,3.5,1.5,0,-39.22557220910423,-41.104714663412594
1681,kexp,1.25,4,0.5,0.5,-35.318710523625334,-36.96910656112117
1682,kexp,1.25,4,0.5,0.1,-36.501063848685234,-40.19615402185168
1683,kexp,1.25,4,0.5,0.05,-36.82224306052718,-40.68897258947217
1684,kexp,1.25,4,0.5,0.01,-36.935093621019774,-40.86090631751358
1685,kexp,1.25,4,0.5,0,-36.93990871581156,-40.86823060771587
1686,kexp,1.25,4,1,0.5,-37.95406570600512,-39.37008320915961
1687,kexp,1.25,4,1,0.1,-36.32652699889123,-38.64694184411222
1688,kexp,1.25,4,1,0.05,-36.309734934069006,-38.68151235888532
1689,kexp,1.25,4,1,0.01,-36.3052795894812,-38.69407721585573
1690,kexp,1.25,4,1,0,-36.30510398205881,-38.69461717747599
1691,kexp,1.25,4,1.5,0.5,-40.81531215531954,-42.1101493821812
1692,kexp,1.25,4,1.5,0.1,-38.95396055141115,-40.795603304185626
1693,kexp,1.25,4,1.5,0.05,-38.9014838996923,-40.769179502912436
1694,kexp,1.25,4,1.5,0.01,-38.884850497099585,-40.761070265266994
1695,kexp,1.25,4,1.5,0,-38.884159170874,-40.7607361341264
1696,kexp,1.25,6,0.5,0.5,-35.138388875036696,-36.950704414730865
1697,kexp,1.25,6,0.5,0.1,-33.59677662139638,-37.237331376965706
1698,kexp,1.25,6,0.5,0.05,-33.62809436866674,-37.393030857150656
1699,kexp,1.25,6,0.5,0.01,-33.640545818180136,-37.44730028635509
1700,kexp,1.25,6,0.5,0,-33.64109143729132,-37.44961070355847
1701,kexp,1.25,6,1,0.5,-37.77485261693937,-39.30336808910223
1702,kexp,1.25,6,1,0.1,-35.18217987780673,-37.515291846490285
1703,kexp,1.25,6,1,0.05,-35.09934326248872,-37.47212823275236
1704,kexp,1.25,6,1,0.01,-35.072859769242214,-37.458646075518466
1705,kexp,1.25,6,1,0,-35.07175657872775,-37.45808791185348
1706,kexp,1.25,6,1.5,0.5,-40.750421104581974,-42.14108257554496
1707,kexp,1.25,6,1.5,0.1,-38.44310586323976,-40.326979594594036
1708,kexp,1.25,6,1.5,0.05,-38.365314715455135,-40.27040162795478
1709,kexp,1.25,6,1.5,0.01,-38.34034304094381,-40.25232337786013
1710,kexp,1.25,6,1.5,0,-38.339301725944694,-40.25157041468845
1711,kexp,1.25,8,0.5,0.5,-35.0820546560299,-37.05224079302218
1712,kexp,1.25,8,0.5,0.1,-32.547193987272415,-36.2511437489123
1713,kexp,1.25,8,0.5,0.05,-32.49530986824326,-36.30214183941586
1714,kexp,1.25,8,0.5,0.01,-32.479615902883964,-36.32059949111129
1715,kexp,1.25,8,0.5,0,-32.47897203635392,-36.32139205548966
1716,kexp,1.25,8,1,0.5,-37.73026007921175,-39.368002611202435
1717,kexp,1.25,8,1,0.1,-34.83076406447146,-37.231285340244774
1718,kexp,1.25,8,1,0.05,-34.730445239183425,-37.165776209907094
1719,kexp,1.25,8,1,0.01,-34.69820436924425,-37.14488297647155
1720,kexp,1.25,8,1,0,-34.696859532634505,-37.144013195252406
1721,kexp,1.25,8,1.5,0.5,-40.76945064089754,-42.25157701685297
1722,kexp,1.25,8,1.5,0.1,-38.33871335323582,-40.294836952755254
1723,kexp,1.25,8,1.5,0.05,-38.25488017837405,-40.230398531929154
1724,kexp,1.25,8,1.5,0.01,-38.22793604860934,-40.209738271286696
1725,kexp,1.25,8,1.5,0,-38.22681213146774,-40.20887700857861
1726,kexp,1.25,10,0.5,0.5,-35.08441247426461,-37.20377966065119
1727,kexp,1.25,10,0.5,0.1,-32.086121401242295,-35.9067168325579
1728,kexp,1.25,10,0.5,0.05,-32.00117152026877,-35.91372469477265
1729,kexp,1.25,10,0.5,0.01,-31.974443124329962,-35.91727711636361
1730,kexp,1.25,10,0.5,0,-31.97333456304517,-35.917439496314174
1731,kexp,1.25,10,1,0.5,-37.73506299570396,-39.47687961528454
1732,kexp,1.25,10,1,0.1,-34.705775151653604,-37.196146110998654
1733,kexp,1.25,10,1,0.05,-34.59889959248959,-37.12187363583103
1734,kexp,1.25,10,1,0.01,-34.56451554718698,-37.09808668003141
1735,kexp,1.25,10,1,0,-34.56308093098829,-37.09709536280182
1736,kexp,1.25,10,1.5,0.5,-40.80924464666145,-42.37826712208763
1737,kexp,1.25,10,1.5,0.1,-38.33166391106526,-40.370639704968525
1738,kexp,1.25,10,1.5,0.05,-38.24575615223696,-40.303436608567296
1739,kexp,1.25,10,1.5,0.01,-38.218138566514284,-40.28187001004545
1740,kexp,1.25,10,1.5,0,-38.216986487043,-40.28097075170385
1741,kexp,1.25,25,0.5,0.5,-35.79323704449237,-38.763859614994566
1742,kexp,1.25,25,0.5,0.1,-32.275984638122296,-37.396622542050544
1743,kexp,1.25,25,0.5,0.05,-32.155033519048615,-37.375305968713334
1744,kexp,1.25,25,0.5,0.01,-32.116379800336645,-37.36905525233498
1745,kexp,1.25,25,0.5,0,-32.11477000462337,-37.36880105462237
1746,kexp,1.25,25,1,0.5,-38.17338101785053,-40.524644967983114
1747,kexp,1.25,25,1,0.1,-35.01098918714251,-38.26031474902771
1748,kexp,1.25,25,1,0.05,-34.89749530909408,-38.18309678265912
1749,kexp,1.25,25,1,0.01,-34.86095429938966,-38.15829506082594
1750,kexp,1.25,25,1,0,-34.85942939509092,-38.15726068441816
1751,kexp,1.25,25,1.5,0.5,-41.19946066616367,-43.26100281191965
1752,kexp,1.25,25,1.5,0.1,-38.68207224576605,-41.29954154346347
1753,kexp,1.25,25,1.5,0.05,-38.59435415063272,-41.232998708452165
1754,kexp,1.25,25,1.5,0.01,-38.566149260149864,-41.21162855948604
1755,kexp,1.25,25,1.5,0,-38.56497262532116,-41.210737327756966
1756,kexp,1.5,0.2,0.5,0.5,-37.491826329581194,-38.50822274635103
1757,kexp,1.5,0.2,0.5,0.1,-187.01900121265086,-189.363990812569
1758,kexp,1.5,0.2,0.5,0.05,-328.7787017276772,-331.5259053774966
1759,kexp,1.5,0.2,0.5,0.01,-445.2427577137027,-448.3805868896715
1760,kexp,1.5,0.2,0.5,0,-452.04063486391965,-455.20356184656424
1761,kexp,1.5,0.2,1,0.5,-38.32438890755764,-39.07687750154292
1762,kexp,1.5,0.2,1,0.1,-137.54850071253546,-138.89743411769962
1763,kexp,1.5,0.2,1,0.05,-196.48601201750208,-198.0173387657264
1764,kexp,1.5,0.2,1,0.01,-230.37422760098798,-232.02577340607348
1765,kexp,1.5,0.2,1,0,-232.07101313865488,-233.72891524928067
1766,kexp,1.5,0.2,1.5,0.5,-39.496258056012415,-40.11109717716613
1767,kexp,1.5,0.2,1.5,0.1,-112.74941787317462,-113.73903708608444
1768,kexp,1.5,0.2,1.5,0.05,-144.9566709336764,-146.05217830803034
1769,kexp,1.5,0.2,1.5,0.01,-160.78952290055753,-161.942908193654
1770,kexp,1.5,0.2,1.5,0,-161.53846265590164,-162.69468980915812
1771,kexp,1.5,0.5,0.5,0.5,-35.78287864689486,-37.04126636427868
1772,kexp,1.5,0.5,0.5,0.1,-116.85992243627634,-120.03449586791267
1773,kexp,1.5,0.5,0.5,0.05,-158.56724429565978,-162.309434207179
1774,kexp,1.5,0.5,0.5,0.01,-180.49200461066852,-184.5492392197878
1775,kexp,1.5,0.5,0.5,0,-181.55371971433766,-185.62659949991652
1776,kexp,1.5,0.5,1,0.5,-37.66441785277669,-38.62996477026067
1777,kexp,1.5,0.5,1,0.1,-82.1200289833639,-84.02420766564853
1778,kexp,1.5,0.5,1,0.05,-95.66331080569238,-97.76510082695857
1779,kexp,1.5,0.5,1,0.01,-101.41833511028608,-103.60685697638331
1780,kexp,1.5,0.5,1,0,-101.67789512315684,-103.87037530319103
1781,kexp,1.5,0.5,1.5,0.5,-39.66702809274999,-40.4822921023269
1782,kexp,1.5,0.5,1.5,0.1,-68.63819419328775,-70.06155912621452
1783,kexp,1.5,0.5,1.5,0.05,-75.17378025994226,-76.6975972617025
1784,kexp,1.5,0.5,1.5,0.01,-77.73078110256635,-79.29468569379819
1785,kexp,1.5,0.5,1.5,0,-77.84327702495682,-79.40895733645876
1786,kexp,1.5,1,0.5,0.5,-35.32271911071919,-36.795386823681056
1787,kexp,1.5,1,0.5,0.1,-77.03358464627675,-81.42006566058593
1788,kexp,1.5,1,0.5,0.05,-89.9508087326184,-94.95597651207746
1789,kexp,1.5,1,0.5,0.01,-95.43876895317428,-100.71178985319534
1790,kexp,1.5,1,0.5,0,-95.68625381772094,-100.97145428955079
1791,kexp,1.5,1,1,0.5,-37.82753760337593,-39.056324613764275
1792,kexp,1.5,1,1,0.1,-56.636327283455195,-59.27936346001057
1793,kexp,1.5,1,1,0.05,-60.21787208940546,-63.05028566555356
1794,kexp,1.5,1,1,0.01,-61.559982216376945,-64.46365597661793
1795,kexp,1.5,1,1,0,-61.61829909558233,-64.5250757311761
1796,kexp,1.5,1,1.5,0.5,-40.229416991941825,-41.32564869179865
1797,kexp,1.5,1,1.5,0.1,-50.88051434875041,-52.86877651974582
1798,kexp,1.5,1,1.5,0.05,-52.46216469115891,-54.54202162289456
1799,kexp,1.5,1,1.5,0.01,-53.02866270200365,-55.14122821310451
1800,kexp,1.5,1,1.5,0,-53.05297095465489,-55.1669396448233
1801,kexp,1.5,1.5,0.5,0.5,-35.23023989931543,-36.85353503214659
1802,kexp,1.5,1.5,0.5,0.1,-60.19694538013431,-65.14401662803333
1803,kexp,1.5,1.5,0.5,0.05,-66.02691940742218,-71.52902979365419
1804,kexp,1.5,1.5,0.5,0.01,-68.30534564116192,-74.0269114451234
1805,kexp,1.5,1.5,0.5,0,-68.40554364737746,-74.13680756182528
1806,kexp,1.5,1.5,1,0.5,-37.884407758835344,-39.29813827114422
1807,kexp,1.5,1.5,1,0.1,-47.2798041359586,-50.263339226943074
1808,kexp,1.5,1.5,1,0.05,-48.73611721485466,-51.882540098022865
1809,kexp,1.5,1.5,1,0.01,-49.25803556844003,-52.462630015424644
1810,kexp,1.5,1.5,1,0,-49.280433464428654,-52.48752354001865
1811,kexp,1.5,1.5,1.5,0.5,-40.40501382277492,-41.69460753069821
1812,kexp,1.5,1.5,1.5,0.1,-44.88976775794782,-47.14952425505949
1813,kexp,1.5,1.5,1.5,0.05,-45.481362444830005,-47.819082049594805
1814,kexp,1.5,1.5,1.5,0.01,-45.687285862591416,-48.05184475839444
1815,kexp,1.5,1.5,1.5,0,-45.69605350339985,-48.06175229936008
1816,kexp,1.5,2,0.5,0.5,-35.142279974661655,-36.85922149980733
1817,kexp,1.5,2,0.5,0.1,-50.97762255407232,-56.05943297539057
1818,kexp,1.5,2,0.5,0.05,-54.092544201888856,-59.64691747628756
1819,kexp,1.5,2,0.5,0.01,-55.25733390087221,-60.98975827394486
1820,kexp,1.5,2,0.5,0,-55.30791155465702,-61.04809206163474
1821,kexp,1.5,2,1,0.5,-37.812153360597975,-39.337191867173395
1822,kexp,1.5,2,1,0.1,-42.536293618954,-45.621975638752886
1823,kexp,1.5,2,1,0.05,-43.23335651363378,-46.45567739776763
1824,kexp,1.5,2,1,0.01,-43.47805312434694,-46.74787569556283
1825,kexp,1.5,2,1,0,-43.488494711689306,-46.76034010564224
1826,kexp,1.5,2,1.5,0.5,-40.39549960486885,-41.80183196072832
1827,kexp,1.5,2,1.5,0.1,-41.999752854109616,-44.36021030660613
1828,kexp,1.5,2,1.5,0.05,-42.249541956664686,-44.675530318751534
1829,kexp,1.5,2,1.5,0.01,-42.33568751345508,-44.78381878315882
1830,kexp,1.5,2,1.5,0,-42.33934586404482,-44.78841288698124
1831,kexp,1.5,2.5,0.5,0.5,-35.03049945383909,-36.803987083973155
1832,kexp,1.5,2.5,0.5,0.1,-45.252562826009985,-50.27098879172306
1833,kexp,1.5,2.5,0.5,0.05,-47.080938487669634,-52.498130635288064
1834,kexp,1.5,2.5,0.5,0.01,-47.74687170545249,-53.309839226480044
1835,kexp,1.5,2.5,0.5,0,-47.775574711546824,-53.34483726525218
1836,kexp,1.5,2.5,1,0.5,-37.68229372853395,-39.27182611602504
1837,kexp,1.5,2.5,1,0.1,-39.73811508640909,-42.81626303304975
1838,kexp,1.5,2.5,1,0.05,-40.09138208800825,-43.2846435296185
1839,kexp,1.5,2.5,1,0.01,-40.214338617554205,-43.44696273083197
1840,kexp,1.5,2.5,1,0,-40.2195727592208,-43.45386561785398
1841,kexp,1.5,2.5,1.5,0.5,-40.31732994091681,-41.79249737596386
1842,kexp,1.5,2.5,1.5,0.1,-40.35687189170905,-42.73779699586198
1843,kexp,1.5,2.5,1.5,0.05,-40.4557371504747,-42.892326287116525
1844,kexp,1.5,2.5,1.5,0.01,-40.49010044361225,-42.94528652388874
1845,kexp,1.5,2.5,1.5,0,-40.491562208482485,-42.94753183541835
1846,kexp,1.5,3,0.5,0.5,-34.91035428522076,-36.721650598115886
1847,kexp,1.5,3,0.5,0.1,-41.4402734317201,-46.325407043292465
1848,kexp,1.5,3,0.5,0.05,-42.57634278909465,-47.80064540648139
1849,kexp,1.5,3,0.5,0.01,-42.983373464408196,-48.32911886584713
1850,kexp,1.5,3,0.5,0,-43.0008371284894,-48.35179615986582
1851,kexp,1.5,3,1,0.5,-37.54115069201484,-39.170084990651524
1852,kexp,1.5,3,1,0.1,-37.946065745786214,-40.976360617437614
1853,kexp,1.5,3,1,0.05,-38.12055944370304,-41.249358280368675
1854,kexp,1.5,3,1,0.01,-38.18143072123803,-41.343539196212156
1855,kexp,1.5,3,1,0,-38.18402281998771,-41.347539218312015
1856,kexp,1.5,3,1.5,0.5,-40.22499291755436,-41.742646502720234
1857,kexp,1.5,3,1.5,0.1,-39.33826941313216,-41.70779072349015
1858,kexp,1.5,3,1.5,0.05,-39.36034564672385,-41.7780621427903
1859,kexp,1.5,3,1.5,0.01,-39.36871199746546,-41.802408884699055
1860,kexp,1.5,3,1.5,0,-39.36907481720408,-41.80344367117234
1861,kexp,1.5,3.5,0.5,0.5,-34.79748817495559,-36.639247804238245
1862,kexp,1.5,3.5,0.5,0.1,-38.79423939229361,-43.53691215831094
1863,kexp,1.5,3.5,0.5,0.05,-39.52483841333088,-44.56012401156636
1864,kexp,1.5,3.5,0.5,0.01,-39.78397682944969,-44.92246135428392
1865,kexp,1.5,3.5,0.5,0,-39.795063933009615,-44.937960254813845
1866,kexp,1.5,3.5,1,0.5,-37.41242600041833,-39.068984226839454
1867,kexp,1.5,3.5,1,0.1,-36.74294822980334,-39.71781417260476
1868,kexp,1.5,3.5,1,0.05,-36.815667085142486,-39.87644441492155
1869,kexp,1.5,3.5,1,0.01,-36.84166143672093,-39.93125916016944
1870,kexp,1.5,3.5,1,0,-36.842774535453394,-39.93358785181241
1871,kexp,1.5,3.5,1.5,0.5,-40.142189392758965,-41.68912499391852
1872,kexp,1.5,3.5,1.5,0.1,-38.67632198800455,-41.02584888158816
1873,kexp,1.5,3.5,1.5,0.05,-38.65557683029272,-41.04771772179115
1874,kexp,1.5,3.5,1.5,0.01,-38.64957783249652,-41.05577331644988
1875,kexp,1.5,3.5,1.5,0,-38.64933483632586,-41.056120484198736
1876,kexp,1.5,4,0.5,0.5,-34.70001238095661,-36.57063902207991
1877,kexp,1.5,4,0.5,0.1,-36.90646368466558,-41.521662575659334
1878,kexp,1.5,4,0.5,0.05,-37.384728798299015,-42.256324415158765
1879,kexp,1.5,4,0.5,0.01,-37.553483413142175,-42.514466775460406
1880,kexp,1.5,4,0.5,0,-37.5606925324437,-42.52548514983101
1881,kexp,1.5,4,1,0.5,-37.30501337936277,-38.984494050739926
1882,kexp,1.5,4,1,0.1,-35.91103060184874,-38.83620526204828
1883,kexp,1.5,4,1,0.05,-35.9219851253027,-38.92349808333202
1884,kexp,1.5,4,1,0.01,-35.92701635550738,-38.95398600353388
1885,kexp,1.5,4,1,0,-35.92724271945834,-38.95528439637039
1886,kexp,1.5,4,1.5,0.5,-40.076785737785315,-41.646959579734336
1887,kexp,1.5,4,1.5,0.1,-38.23469805463362,-40.5655766806946
1888,kexp,1.5,4,1.5,0.05,-38.188498452453516,-40.557803148108924
1889,kexp,1.5,4,1.5,0.01,-38.17401635188938,-40.55594483929743
1890,kexp,1.5,4,1.5,0,-38.17341621519245,-40.555874245275696
1891,kexp,1.5,6,0.5,0.5,-34.465723037959116,-36.46251504642797
1892,kexp,1.5,6,0.5,0.1,-33.151458644852895,-37.46007682269518
1893,kexp,1.5,6,0.5,0.05,-33.221378836256946,-37.70182533545919
1894,kexp,1.5,6,0.5,0.01,-33.247310926826835,-37.78599816429632
1895,kexp,1.5,6,0.5,0,-33.24843085554446,-37.78958123625931
1896,kexp,1.5,6,1,0.5,-37.06755504050669,-38.83443345011982
1897,kexp,1.5,6,1,0.1,-34.36700064086945,-37.187445341683954
1898,kexp,1.5,6,1,0.05,-34.28253619386102,-37.15787494536571
1899,kexp,1.5,6,1,0.01,-34.25558480970479,-37.1489806921698
1900,kexp,1.5,6,1,0,-34.25446270391459,-37.14861629161697
1901,kexp,1.5,6,1.5,0.5,-39.964674641003384,-41.61499120504836
1902,kexp,1.5,6,1.5,0.1,-37.49228302963206,-39.79816105268667
1903,kexp,1.5,6,1.5,0.05,-37.40848977291936,-39.7436929291568
1904,kexp,1.5,6,1.5,0.01,-37.38158539188027,-39.72634026150633
1905,kexp,1.5,6,1.5,0,-37.380463420108086,-39.725618076804196
1906,kexp,1.5,8,0.5,0.5,-34.37454211141574,-36.50732442611839
1907,kexp,1.5,8,0.5,0.1,-31.80418421119111,-36.01410464870578
1908,kexp,1.5,8,0.5,0.05,-31.762844035307527,-36.10448248046204
1909,kexp,1.5,8,0.5,0.01,-31.750958137394004,-36.136543006481084
1910,kexp,1.5,8,0.5,0,-31.750477812582,-36.13791353125852
1911,kexp,1.5,8,1,0.5,-36.994036931631,-38.85229097154119
1912,kexp,1.5,8,1,0.1,-33.890752317976975,-36.70492177337975
1913,kexp,1.5,8,1,0.05,-33.78246059766504,-36.64203121153714
1914,kexp,1.5,8,1,0.01,-33.74764468967199,-36.62205111337018
1915,kexp,1.5,8,1,0,-33.7461923098043,-36.621220198649574
1916,kexp,1.5,8,1.5,0.5,-39.966049494330676,-41.69562409646854
1917,kexp,1.5,8,1.5,0.1,-37.325237035147744,-39.66193484652636
1918,kexp,1.5,8,1.5,0.05,-37.2329919260688,-39.595244702380334
1919,kexp,1.5,8,1.5,0.01,-37.20332494237199,-39.5738701441905
1920,kexp,1.5,8,1.5,0,-37.20208724228393,-39.57297918785077
1921,kexp,1.5,10,0.5,0.5,-34.343184413009176,-36.60966884361584
1922,kexp,1.5,10,0.5,0.1,-31.208822597235454,-35.4215002799793
1923,kexp,1.5,10,0.5,0.05,-31.126428937529724,-35.44888064020239
1924,kexp,1.5,10,0.5,0.01,-31.10082715882579,-35.45951511050168
1925,kexp,1.5,10,0.5,0,-31.09976905191243,-35.4599788454058
1926,kexp,1.5,10,1,0.5,-36.97869314607132,-38.92783127487709
1927,kexp,1.5,10,1,0.1,-33.71553193193122,-36.569496925216484
1928,kexp,1.5,10,1,0.05,-33.59910780806045,-36.49362272323577
1929,kexp,1.5,10,1,0.01,-33.56163367104306,-36.46934870433079
1930,kexp,1.5,10,1,0,-33.56006993626827,-36.468337372529774
1931,kexp,1.5,10,1.5,0.5,-39.99643324842531,-41.8041093727473
1932,kexp,1.5,10,1.5,0.1,-37.297407045225675,-39.68988457494807
1933,kexp,1.5,10,1.5,0.05,-37.202598135072655,-39.61886012159601
1934,kexp,1.5,10,1.5,0.01,-37.17209947031214,-39.59606419676001
1935,kexp,1.5,10,1.5,0,-37.170826997793206,-39.59511364830983
1936,kexp,1.5,25,0.5,0.5,-34.80599293545542,-37.91020140587873
1937,kexp,1.5,25,0.5,0.1,-30.957804838398147,-36.168693266052145
1938,kexp,1.5,25,0.5,0.05,-30.83235551288317,-36.13575957880645
1939,kexp,1.5,25,0.5,0.01,-30.79260150241423,-36.12590010484865
1940,kexp,1.5,25,0.5,0,-30.79094974842695,-36.12549681928907
1941,kexp,1.5,25,1,0.5,-37.286698049036644,-39.82652911144935
1942,kexp,1.5,25,1,0.1,-33.849716353327565,-37.34831536454826
1943,kexp,1.5,25,1,0.05,-33.725617046631626,-37.26281993289574
1944,kexp,1.5,25,1,0.01,-33.68565683942666,-37.23534683945097
1945,kexp,1.5,25,1,0,-33.683989204387096,-37.234200918486046
1946,kexp,1.5,25,1.5,0.5,-40.31759477631217,-42.612550944684905
1947,kexp,1.5,25,1.5,0.1,-37.56819553748429,-40.49141483546898
1948,kexp,1.5,25,1.5,0.05,-37.47142233755043,-40.4187473684922
1949,kexp,1.5,25,1.5,0.01,-37.440291315901554,-40.395399542122476
1950,kexp,1.5,25,1.5,0,-37.438992456447664,-40.394425718291764
1951,kexp,1.75,0.2,0.5,0.5,-37.36058706635466,-38.47288366297716
1952,kexp,1.75,0.2,0.5,0.1,-198.59612489672173,-201.33214827975408
1953,kexp,1.75,0.2,0.5,0.05,-366.2639564842807,-369.4898110417663
1954,kexp,1.75,0.2,0.5,0.01,-517.5605946395739,-521.3095741781573
1955,kexp,1.75,0.2,0.5,0,-526.8090545567294,-530.5936479807863
1956,kexp,1.75,0.2,1,0.5,-38.048686760407,-38.88886015865124
1957,kexp,1.75,0.2,1,0.1,-148.06740417119028,-149.64083657982582
1958,kexp,1.75,0.2,1,0.05,-221.05436275150296,-222.8583521105727
1959,kexp,1.75,0.2,1,0.01,-266.0419747250258,-268.0108642323796
1960,kexp,1.75,0.2,1,0,-268.35661115910597,-270.334532794875
1961,kexp,1.75,0.2,1.5,0.5,-39.09063949796277,-39.784174024110364
1962,kexp,1.75,0.2,1.5,0.1,-121.88284189964004,-123.03716718634368
1963,kexp,1.75,0.2,1.5,0.05,-162.7479993080607,-164.03945470976547
1964,kexp,1.75,0.2,1.5,0.01,-183.97292117706016,-185.34457971572104
1965,kexp,1.75,0.2,1.5,0,-184.9964534494275,-186.37215115572738
1966,kexp,1.75,0.5,0.5,0.5,-35.4764148111865,-36.86068198275988
1967,kexp,1.75,0.5,0.5,0.1,-126.38464417742487,-130.0342113014417
1968,kexp,1.75,0.5,0.5,0.05,-178.7857239974817,-183.16774271900206
1969,kexp,1.75,0.5,0.5,0.01,-208.07071921237755,-212.88810781121654
1970,kexp,1.75,0.5,0.5,0,-209.52107917560653,-214.36068444393547
1971,kexp,1.75,0.5,1,0.5,-37.16903449127749,-38.24663537012953
1972,kexp,1.75,0.5,1,0.1,-88.8343324053322,-91.03980075579665
1973,kexp,1.75,0.5,1,0.05,-106.49882237813472,-108.96837447981704
1974,kexp,1.75,0.5,1,0.01,-114.3000306240317,-116.89087112573473
1975,kexp,1.75,0.5,1,0,-114.65616165177217,-117.25262058506793
1976,kexp,1.75,0.5,1.5,0.5,-39.0397047561388,-39.95458915623125
1977,kexp,1.75,0.5,1.5,0.1,-73.49196648008655,-75.14558608182982
1978,kexp,1.75,0.5,1.5,0.05,-82.17597393824668,-83.96592689216135
1979,kexp,1.75,0.5,1.5,0.01,-85.67017478461234,-87.5163999853337
1980,kexp,1.75,0.5,1.5,0,-85.82517924224535,-87.67392273050578
1981,kexp,1.75,1,0.5,0.5,-34.883544426617604,-36.49803621242839
1982,kexp,1.75,1,0.5,0.1,-83.52354996490713,-88.63525299933795
1983,kexp,1.75,1,0.5,0.05,-100.36775222951634,-106.31547183950042
1984,kexp,1.75,1,0.5,0.01,-107.79982700408829,-114.12558899608867
1985,kexp,1.75,1,0.5,0,-108.1389853101013,-114.48218471649076
1986,kexp,1.75,1,1,0.5,-37.25518563381,-38.62206092984723
1987,kexp,1.75,1,1,0.1,-60.187569792865396,-63.29689308150189
1988,kexp,1.75,1,1,0.05,-65.01015358887496,-68.38125171593583
1989,kexp,1.75,1,1,0.01,-66.85654126469188,-70.32870189380422
1990,kexp,1.75,1,1,0,-66.93726197473289,-70.41385621283423
1991,kexp,1.75,1,1.5,0.5,-39.55926789819737,-40.78897542782575
1992,kexp,1.75,1,1.5,0.1,-52.99820652598837,-55.343256665717824
1993,kexp,1.75,1,1.5,0.05,-55.17039922573076,-57.643055328117704
1994,kexp,1.75,1,1.5,0.01,-55.959991921032994,-58.479050369897884
1995,kexp,1.75,1,1.5,0,-55.99401096262407,-58.5150701446102
1996,kexp,1.75,1.5,0.5,0.5,-34.7545962217246,-36.54185414436904
1997,kexp,1.75,1.5,0.5,0.1,-64.69772242361505,-70.57128389927419
1998,kexp,1.75,1.5,0.5,0.05,-72.43018028258159,-79.07138494750401
1999,kexp,1.75,1.5,0.5,0.01,-75.53317286043271,-82.48767592073378
2000,kexp,1.75,1.5,0.5,0,-75.67069998025298,-82.63918282740318
2001,kexp,1.75,1.5,1,0.5,-37.3186369020343,-38.905523974642016
2002,kexp,1.75,1.5,1,0.1,-49.311884372298,-52.878614335866935
2003,kexp,1.75,1.5,1,0.05,-51.313527667083065,-55.10893946747259
2004,kexp,1.75,1.5,1,0.01,-52.04103384402952,-55.919583939730934
2005,kexp,1.75,1.5,1,0,-52.07237531264615,-55.95450996253943
2006,kexp,1.75,1.5,1.5,0.5,-39.75281280363243,-41.215853590867624
2007,kexp,1.75,1.5,1.5,0.1,-45.85170290313257,-48.55529159733818
2008,kexp,1.75,1.5,1.5,0.05,-46.68995821184568,-49.503392962553484
2009,kexp,1.75,1.5,1.5,0.01,-46.984358879932245,-49.8360793023491
2010,kexp,1.75,1.5,1.5,0,-46.99692385668779,-49.85027577414694
2011,kexp,1.75,2,0.5,0.5,-34.662524593050456,-36.56561357188187
2012,kexp,1.75,2,0.5,0.1,-54.15323572159896,-60.27315635638624
2013,kexp,1.75,2,0.5,0.05,-58.328108566215214,-65.11067816964064
2014,kexp,1.75,2,0.5,0.01,-59.92016149660483,-66.95863737853936
2015,kexp,1.75,2,0.5,0,-59.989678053330465,-67.03938236420076
2016,kexp,1.75,2,1,0.5,-37.26249541335123,-38.99177441261257
2017,kexp,1.75,2,1,0.1,-43.6966726111555,-47.42767000016002
2018,kexp,1.75,2,1,0.05,-44.67690692640341,-48.60126486460391
2019,kexp,1.75,2,1,0.01,-45.02426398523746,-49.01675606189735
2020,kexp,1.75,2,1,0,-45.039124191562934,-49.034528426317735
2021,kexp,1.75,2,1.5,0.5,-39.75826096041567,-41.37122905188371
2022,kexp,1.75,2,1.5,0.1,-42.33979306457651,-45.19136855571186
2023,kexp,1.75,2,1.5,0.05,-42.711898991828086,-45.656229968628864
2024,kexp,1.75,2,1.5,0.01,-42.84078314876363,-45.81674725390425
2025,kexp,1.75,2,1.5,0,-42.8462630042961,-45.82356721366701
2026,kexp,1.75,2.5,0.5,0.5,-34.55472700399711,-36.528939683696976
2027,kexp,1.75,2.5,0.5,0.1,-47.50202294610259,-53.59545698547697
2028,kexp,1.75,2.5,0.5,0.05,-49.973117760936134,-56.62972793832509
2029,kexp,1.75,2.5,0.5,0.01,-50.88664412372963,-57.7532864994862
2030,kexp,1.75,2.5,0.5,0,-50.926182359658036,-57.80194642240686
2031,kexp,1.75,2.5,1,0.5,-37.14277804938683,-38.95792449507567
2032,kexp,1.75,2.5,1,0.1,-40.34275663419357,-44.0875690477017
2033,kexp,1.75,2.5,1,0.05,-40.85696973983827,-44.765065056825385
2034,kexp,1.75,2.5,1,0.01,-41.03691899074493,-45.001450090672
2035,kexp,1.75,2.5,1,0,-41.044590726467824,-45.011521288184454
2036,kexp,1.75,2.5,1.5,0.5,-39.68529713934723,-41.39006300825438
2037,kexp,1.75,2.5,1.5,0.1,-40.317229515812926,-43.20817577844071
2038,kexp,1.75,2.5,1.5,0.05,-40.4819350408148,-43.45163332074959
2039,kexp,1.75,2.5,1.5,0.01,-40.53895985663291,-43.53516048239208
2040,kexp,1.75,2.5,1.5,0,-40.541383615428146,-43.538703010124415
2041,kexp,1.75,3,0.5,0.5,-34.43656570156611,-36.45423090841134
2042,kexp,1.75,3,0.5,0.1,-43.01267887210543,-48.957605375209276
2043,kexp,1.75,3,0.5,0.05,-44.560867174014774,-50.98541301937829
2044,kexp,1.75,3,0.5,0.01,-45.12187287726292,-51.72103825276713
2045,kexp,1.75,3,0.5,0,-45.14601796264596,-51.752714975635755
2046,kexp,1.75,3,1,0.5,-37.0029530954404,-38.86902426616524
2047,kexp,1.75,3,1,0.1,-38.16996104227852,-41.861161743682665
2048,kexp,1.75,3,1,0.05,-38.44063216448614,-42.27118689259942
2049,kexp,1.75,3,1,0.01,-38.53505012308307,-42.413144486092506
2050,kexp,1.75,3,1,0,-38.53907126394071,-42.41917973888171
2051,kexp,1.75,3,1.5,0.5,-39.5896726544933,-41.3503609839762
2052,kexp,1.75,3,1.5,0.1,-39.047131758253244,-41.926942733155954
2053,kexp,1.75,3,1.5,0.05,-39.105702640711954,-42.05336431604082
2054,kexp,1.75,3,1.5,0.01,-39.12652220318797,-42.0968147433363
2055,kexp,1.75,3,1.5,0,-39.12741246441407,-42.098658093331
2056,kexp,1.75,3.5,0.5,0.5,-34.32103522218833,-36.367690931040634
2057,kexp,1.75,3.5,0.5,0.1,-39.85642097331325,-45.612119629197736
2058,kexp,1.75,3.5,0.5,0.05,-40.86178961558618,-47.029718100635016
2059,kexp,1.75,3.5,0.5,0.01,-41.22139055493555,-47.53678998742505
2060,kexp,1.75,3.5,0.5,0,-41.23681131295789,-47.55854004096172
2061,kexp,1.75,3.5,1,0.5,-36.868404977580774,-38.7658979785824
2062,kexp,1.75,3.5,1,0.1,-36.693650279185896,-40.30761544315151
2063,kexp,1.75,3.5,1,0.05,-36.825190708594924,-40.55986998031257
2064,kexp,1.75,3.5,1,0.01,-36.87150162984071,-40.64697681863238
2065,kexp,1.75,3.5,1,0,-36.87347793329921,-40.65067719066043
2066,kexp,1.75,3.5,1.5,0.5,-39.498172978716106,-41.294251585118204
2067,kexp,1.75,3.5,1.5,0.1,-38.20979651853694,-41.05878460477089
2068,kexp,1.75,3.5,1.5,0.05,-38.20889858309543,-41.11737573363033
2069,kexp,1.75,3.5,1.5,0.01,-38.20964771022984,-41.13784149983938
2070,kexp,1.75,3.5,1.5,0,-38.20969024013174,-41.13871300727234
2071,kexp,1.75,4,0.5,0.5,-34.21705208487584,-36.286549538834656
2072,kexp,1.75,4,0.5,0.1,-37.57783908649925,-43.14324091073794
2073,kexp,1.75,4,0.5,0.05,-38.24463210651633,-44.168453795636964
2074,kexp,1.75,4,0.5,0.01,-38.48124478145258,-44.53158033585546
2075,kexp,1.75,4,0.5,0,-38.49136867917072,-44.54711389827601
2076,kexp,1.75,4,1,0.5,-36.750970626428526,-38.670024595702095
2077,kexp,1.75,4,1,0.1,-35.6605123059525,-39.19491711631692
2078,kexp,1.75,4,1,0.05,-35.70744394049553,-39.34805548583753
2079,kexp,1.75,4,1,0.01,-35.72482863336272,-39.40108166207965
2080,kexp,1.75,4,1,0,-35.72557904188005,-39.40333549860634
2081,kexp,1.75,4,1.5,0.5,-39.421691183373404,-41.2421755437099
2082,kexp,1.75,4,1.5,0.1,-37.642276301464676,-40.456064447458544
2083,kexp,1.75,4,1.5,0.05,-37.605897272773326,-40.47275033186384
2084,kexp,1.75,4,1.5,0.01,-37.59476426657742,-40.47912269627742
2085,kexp,1.75,4,1.5,0,-37.59430592950822,-40.47939946543616
2086,kexp,1.75,6,0.5,0.5,-33.948774441219044,-36.10918588851959
2087,kexp,1.75,6,0.5,0.1,-32.9698978169672,-37.96750367491799
2088,kexp,1.75,6,0.5,0.05,-33.090407161565935,-38.31606579999748
2089,kexp,1.75,6,0.5,0.01,-33.1340507533701,-38.4376146644306
2090,kexp,1.75,6,0.5,0,-33.13592580265852,-38.442791381553214
2091,kexp,1.75,6,1,0.5,-36.47173065578255,-38.45540599364856
2092,kexp,1.75,6,1,0.1,-33.706072114884336,-37.0114972757258
2093,kexp,1.75,6,1,0.05,-33.622640436504994,-37.00058347408834
2094,kexp,1.75,6,1,0.01,-33.59610823180191,-36.99799498394722
2095,kexp,1.75,6,1,0,-33.59500456232977,-36.99789700467121
2096,kexp,1.75,6,1.5,0.5,-39.273318258937046,-41.16040342617709
2097,kexp,1.75,6,1.5,0.1,-36.657236634479666,-39.37381690479807
2098,kexp,1.75,6,1.5,0.05,-36.56840122864242,-39.32352495041163
2099,kexp,1.75,6,1.5,0.01,-36.53987710855048,-39.307584815537844
2100,kexp,1.75,6,1.5,0,-36.5386875822887,-39.30692231244285
2101,kexp,1.75,8,0.5,0.5,-33.83674373555796,-36.10628269910188
2102,kexp,1.75,8,0.5,0.1,-31.319715913037413,-36.03097381582012
2103,kexp,1.75,8,0.5,0.05,-31.296065804401156,-36.171806503505664
2104,kexp,1.75,8,0.5,0.01,-31.29046538137915,-36.22135019270891
2105,kexp,1.75,8,0.5,0,-31.290254013618426,-36.22346420685346
2106,kexp,1.75,8,1,0.5,-36.37816284429389,-38.43200925387939
2107,kexp,1.75,8,1,0.1,-33.101652944946544,-36.3131732596438
2108,kexp,1.75,8,1,0.05,-32.98677768694053,-36.25537470098462
2109,kexp,1.75,8,1,0.01,-32.94984235308951,-36.23713380596138
2110,kexp,1.75,8,1,0,-32.94830153475328,-36.23637655694631
2111,kexp,1.75,8,1.5,0.5,-39.26290279551347,-41.21423881731625
2112,kexp,1.75,8,1.5,0.1,-36.42550875512923,-39.12206690555119
2113,kexp,1.75,8,1.5,0.05,-36.32525027763447,-39.0540355573356
2114,kexp,1.75,8,1.5,0.01,-36.292987027536846,-39.03224555693695
2115,kexp,1.75,8,1.5,0,-36.29164080853611,-39.03133744038012
2116,kexp,1.75,10,0.5,0.5,-33.79038660355533,-36.17516574103377
2117,kexp,1.75,10,0.5,0.1,-30.60957177495377,-35.195275481785714
2118,kexp,1.75,10,0.5,0.05,-30.536124829016607,-35.25088656050955
2119,kexp,1.75,10,0.5,0.01,-30.513862421083402,-35.27131283601276
2120,kexp,1.75,10,0.5,0,-30.512948912179002,-35.272193057313515
2121,kexp,1.75,10,1,0.5,-36.354070991117084,-38.483376494083934
2122,kexp,1.75,10,1,0.1,-32.88624874695916,-36.07921416165613
2123,kexp,1.75,10,1,0.05,-32.76149496852133,-36.00338600407879
2124,kexp,1.75,10,1,0.01,-32.72132983330953,-35.97916942693798
2125,kexp,1.75,10,1,0,-32.719653709466385,-35.97816095700549
2126,kexp,1.75,10,1.5,0.5,-39.29183411978706,-41.31031535280032
2127,kexp,1.75,10,1.5,0.1,-36.38391560508146,-39.10327059764508
2128,kexp,1.75,10,1.5,0.05,-36.280540890536656,-39.02897969044286
2129,kexp,1.75,10,1.5,0.01,-36.24726720196426,-39.0051346577701
2130,kexp,1.75,10,1.5,0,-36.24587874196768,-39.00414035697398
2131,kexp,1.75,25,0.5,0.5,-34.09468436613848,-37.26700172651811
2132,kexp,1.75,25,0.5,0.1,-30.097060450312703,-35.31342506093316
2133,kexp,1.75,25,0.5,0.05,-29.97849878586086,-35.278008103513315
2134,kexp,1.75,25,0.5,0.01,-29.941521397001267,-35.267593638675145
2135,kexp,1.75,25,0.5,0,-29.939991903841516,-35.26716998280867
2136,kexp,1.75,25,1,0.5,-36.58987095472187,-39.26728754029932
2137,kexp,1.75,25,1,0.1,-32.93635087314731,-36.62312424381085
2138,kexp,1.75,25,1,0.05,-32.80417440349273,-36.53133434622998
2139,kexp,1.75,25,1,0.01,-32.761622600832624,-36.501834863077896
2140,kexp,1.75,25,1,0,-32.75984692265417,-36.50060438514994
2141,kexp,1.75,25,1.5,0.5,-39.5851081474388,-42.066683955179066
2142,kexp,1.75,25,1.5,0.1,-36.63051176629721,-39.80661626643375
2143,kexp,1.75,25,1.5,0.05,-36.52561956448467,-39.72854606150387
2144,kexp,1.75,25,1.5,0.01,-36.49186386522904,-39.70345268467992
2145,kexp,1.75,25,1.5,0,-36.49045536233148,-39.702405952670084
2146,kexp,2,0.2,0.5,0.5,-37.280045600515315,-38.47443752490926
2147,kexp,2,0.2,0.5,0.1,-208.66674314488836,-211.78817421137973
2148,kexp,2,0.2,0.5,0.05,-400.9036873110005,-404.5993036671719
2149,kexp,2,0.2,0.5,0.01,-589.7842999324099,-594.1454040654257
2150,kexp,2,0.2,0.5,0,-601.8512781085046,-606.2602410506903
2151,kexp,2,0.2,1,0.5,-37.83805861753504,-38.756030546120385
2152,kexp,2,0.2,1,0.1,-157.45754450387415,-159.24977642539812
2153,kexp,2,0.2,1,0.05,-244.58231363502932,-246.65284138342187
2154,kexp,2,0.2,1,0.01,-301.8785984688945,-304.16358166897487
2155,kexp,2,0.2,1,0,-304.90562624699703,-307.2027647755464
2156,kexp,2,0.2,1.5,0.5,-38.76444036518923,-39.5288029090189
2157,kexp,2,0.2,1.5,0.1,-130.24004207102428,-131.5534198061413
2158,kexp,2,0.2,1.5,0.05,-180.09604662426577,-181.57848005050894
2159,kexp,2,0.2,1.5,0.01,-207.3738685715375,-208.9616280345948
2160,kexp,2,0.2,1.5,0,-208.71439904611728,-210.30759610339993
2161,kexp,2,0.5,0.5,0.5,-35.25665232161521,-36.74900678124289
2162,kexp,2,0.5,0.5,0.1,-134.99864378327428,-139.09693059715556
2163,kexp,2,0.5,0.5,0.05,-198.3538515035312,-203.3527393987974
2164,kexp,2,0.5,0.5,0.01,-235.85881668891773,-241.4279563014319
2165,kexp,2,0.5,0.5,0,-237.75756722573794,-243.35658546289585
2166,kexp,2,0.5,1,0.5,-36.76390746836077,-37.94060061163384
2167,kexp,2,0.5,1,0.1,-95.18603778398528,-97.6750640694757
2168,kexp,2,0.5,1,0.05,-117.27810146803513,-120.1022690826316
2169,kexp,2,0.5,1,0.01,-127.40353231543786,-130.38841419534947
2170,kexp,2,0.5,1,0,-127.8713340647322,-130.8637705014691
2171,kexp,2,0.5,1.5,0.5,-38.50658666554987,-39.50978907426185
2172,kexp,2,0.5,1.5,0.1,-78.21904608822457,-80.08882720034393
2173,kexp,2,0.5,1.5,0.05,-89.26240199424564,-91.30773842916244
2174,kexp,2,0.5,1.5,0.01,-93.8289988368997,-95.94919067967771
2175,kexp,2,0.5,1.5,0,-94.03324644230676,-96.15682227887031
2176,kexp,2,1,0.5,0.5,-34.536094549692415,-36.267453989895
2177,kexp,2,1,0.5,0.1,-89.70153290733474,-95.47862829762187
2178,kexp,2,1,0.5,0.05,-110.76819578046602,-117.61454238553254
2179,kexp,2,1,0.5,0.01,-120.40835933580458,-127.75866039937372
2180,kexp,2,1,0.5,0,-120.85348317007403,-128.22735853042718
2181,kexp,2,1,1,0.5,-36.76202076418588,-38.24330957825616
2182,kexp,2,1,1,0.1,-63.727941186303525,-67.26954204315656
2183,kexp,2,1,1,0.05,-69.93217611846737,-73.81591104002335
2184,kexp,2,1,1,0.01,-72.35824806210434,-76.37740543453776
2185,kexp,2,1,1,0,-72.46496154693693,-76.49010413717728
2186,kexp,2,1,1.5,0.5,-38.96565105840366,-40.30615965240582
2187,kexp,2,1,1.5,0.1,-55.19279492843391,-57.868666987814024
2188,kexp,2,1,1.5,0.05,-58.033042966280675,-60.87701859862739
2189,kexp,2,1,1.5,0.01,-59.08078491712242,-61.98698670313508
2190,kexp,2,1,1.5,0,-59.12611110545074,-62.03500943896087
2191,kexp,2,1.5,0.5,0.5,-34.36426236532933,-36.28231553560134
2192,kexp,2,1.5,0.5,0.1,-69.13511715832439,-75.86120113252345
2193,kexp,2,1.5,0.5,0.05,-78.96039555462433,-86.68763576573998
2194,kexp,2,1.5,0.5,0.01,-83.00654782337254,-91.15512943682167
2195,kexp,2,1.5,0.5,0,-83.18727415200793,-91.35483779384326
2196,kexp,2,1.5,1,0.5,-36.81962385031728,-38.5465706455192
2197,kexp,2,1.5,1,0.1,-51.42566776256808,-55.53459907788177
2198,kexp,2,1.5,1,0.05,-54.04473311452819,-58.456440875047505
2199,kexp,2,1.5,1,0.01,-55.010142586059814,-59.533874839760905
2200,kexp,2,1.5,1,0,-55.05189606340176,-59.58048238693719
2201,kexp,2,1.5,1.5,0.5,-39.16534188352499,-40.770403130556446
2202,kexp,2,1.5,1.5,0.1,-46.92769616085754,-50.04350345688733
2203,kexp,2,1.5,1.5,0.05,-48.049442104749296,-51.31130065867424
2204,kexp,2,1.5,1.5,0.01,-48.447079665316686,-51.76047021527854
2205,kexp,2,1.5,1.5,0,-48.46409346706038,-51.77968735114184
2206,kexp,2,2,0.5,0.5,-34.26290565995895,-36.315459813890335
2207,kexp,2,2,0.5,0.1,-57.38018256901453,-64.46844470166887
2208,kexp,2,2,0.5,0.05,-62.73737883618731,-70.70020473436165
2209,kexp,2,2,0.5,0.01,-64.82026834292837,-73.12909470674062
2210,kexp,2,2,0.5,0,-64.91172671557048,-73.2358443804851
2211,kexp,2,2,1,0.5,-36.773218471223785,-38.66936781846448
2212,kexp,2,2,1,0.1,-44.968849629917926,-49.305429894937966
2213,kexp,2,2,1,0.05,-46.27351131606501,-50.867870443970254
2214,kexp,2,2,1,0.01,-46.74038680098114,-51.42680377178618
2215,kexp,2,2,1,0,-46.7604135496505,-51.450779786704096
2216,kexp,2,2,1.5,0.5,-39.18093801871793,-40.965076093044104
2217,kexp,2,2,1.5,0.1,-42.79912885890073,-46.10998838015705
2218,kexp,2,2,1.5,0.05,-43.3137670187802,-46.74845204912463
2219,kexp,2,2,1.5,0.01,-43.493000648948026,-46.97030635251879
2220,kexp,2,2,1.5,0,-43.500632594306914,-46.97974835539036
2221,kexp,2,2.5,0.5,0.5,-34.157455609097234,-36.29696480756316
2222,kexp,2,2.5,0.5,0.1,-49.86447533714291,-56.97912584398372
2223,kexp,2,2.5,0.5,0.05,-53.060081946286324,-60.923325806136624
2224,kexp,2,2.5,0.5,0.01,-54.2591911550624,-62.40717113385865
2225,kexp,2,2.5,0.5,0,-54.311307761504644,-62.47172458798717
2226,kexp,2,2.5,1,0.5,-36.66251432641784,-38.66607622241425
2227,kexp,2,2.5,1,0.1,-41.07090300443177,-45.44925324869564
2228,kexp,2,2.5,1,0.05,-41.77164914072281,-46.368321997593085
2229,kexp,2,2.5,1,0.01,-42.018463958181165,-46.691407840356185
2230,kexp,2,2.5,1,0,-42.02900488130683,-46.70520098937906
2231,kexp,2,2.5,1.5,0.5,-39.11282166871275,-41.01145261237477
2232,kexp,2,2.5,1.5,0.1,-40.3951644263658,-43.76760649256973
2233,kexp,2,2.5,1.5,0.05,-40.637888038340044,-44.115512771713156
2234,kexp,2,2.5,1.5,0.01,-40.72198523840116,-44.235266325822444
2235,kexp,2,2.5,1.5,0,-40.72556068791606,-44.240349889838306
2236,kexp,2,3,0.5,0.5,-34.04311210297023,-36.235755254420624
2237,kexp,2,3,0.5,0.1,-44.73608443142622,-51.70729353809311
2238,kexp,2,3,0.5,0.05,-46.75340362734014,-54.364120014535544
2239,kexp,2,3,0.5,0.01,-47.492906868557746,-55.34032796289629
2240,kexp,2,3,0.5,0,-47.52483640298822,-55.3825148810002
2241,kexp,2,3,1,0.5,-36.5265099272078,-38.59536712797893
2242,kexp,2,3,1,0.1,-38.52316449478631,-42.850788179612756
2243,kexp,2,3,1,0.05,-38.9068892728164,-43.420751811218416
2244,kexp,2,3,1,0.01,-39.04111387000407,-43.619072990281886
2245,kexp,2,3,1,0,-39.04683494641855,-43.627516081382794
2246,kexp,2,3,1.5,0.5,-39.016161175144624,-40.986170653216604
2247,kexp,2,3,1.5,0.1,-38.87101169305008,-42.2373649201064
2248,kexp,2,3,1.5,0.05,-38.973917631844365,-42.43065892239016
2249,kexp,2,3,1.5,0.01,-39.00995542082541,-42.49702484650275
2250,kexp,2,3,1.5,0,-39.01149122759394,-42.49983991486489
2251,kexp,2,3.5,0.5,0.5,-33.92889402206726,-36.1539097412431
2252,kexp,2,3.5,0.5,0.1,-41.093958785627144,-47.848173672710004
2253,kexp,2,3.5,0.5,0.05,-42.415349035370475,-49.71896171302081
2254,kexp,2,3.5,0.5,0.01,-42.892192717569245,-50.39513860845202
2255,kexp,2,3.5,0.5,0,-42.912691064108614,-50.42422590216123
2256,kexp,2,3.5,1,0.5,-36.390397544816196,-38.498313738309704
2257,kexp,2,3.5,1,0.1,-36.77664335207982,-41.01334889510047
2258,kexp,2,3.5,1,0.05,-36.978681708054296,-41.376152362629114
2259,kexp,2,3.5,1,0.01,-37.04951697738648,-41.501723857437845
2260,kexp,2,3.5,1,0,-37.05253722681599,-41.50706188151687
2261,kexp,2,3.5,1.5,0.5,-38.91925391173216,-40.93368560365068
2262,kexp,2,3.5,1.5,0.1,-37.85582016777986,-41.18514048538833
2263,kexp,2,3.5,1.5,0.05,-37.880072520103674,-41.288229102839225
2264,kexp,2,3.5,1.5,0.01,-37.8894033985516,-41.32381916450423
2265,kexp,2,3.5,1.5,0,-37.88980938109718,-41.325330641338674
2266,kexp,2,4,0.5,0.5,-33.82309647275697,-36.06932563333499
2267,kexp,2,4,0.5,0.1,-38.43927467297204,-44.95515431390055
2268,kexp,2,4,0.5,0.05,-39.325416396773704,-46.317303621338084
2269,kexp,2,4,0.5,0.01,-39.64191094566911,-46.80388966207719
2270,kexp,2,4,0.5,0,-39.655476938650054,-46.82475332032456
2271,kexp,2,4,1,0.5,-36.267496009000176,-38.39930096810631
2272,kexp,2,4,1,0.1,-35.54318252297715,-39.6766780931523
2273,kexp,2,4,1,0.05,-35.63448328870521,-39.90858040454487
2274,kexp,2,4,1,0.01,-35.667179911726095,-39.9887618472866
2275,kexp,2,4,1,0,-35.66858072837123,-39.992169038949896
2276,kexp,2,4,1.5,0.5,-38.83494828475649,-40.87783126688389
2277,kexp,2,4,1.5,0.1,-37.15988454761693,-40.44099600446433
2278,kexp,2,4,1.5,0.05,-37.13705059565921,-40.48797597880761
2279,kexp,2,4,1.5,0.01,-37.130534940307264,-40.50458827598159
2280,kexp,2,4,1.5,0,-37.13027209166528,-40.50529771187136
2281,kexp,2,6,0.5,0.5,-33.534264323072684,-35.843507464597465
2282,kexp,2,6,0.5,0.1,-32.98423147677179,-38.68643690611414
2283,kexp,2,6,0.5,0.05,-33.167792155377775,-39.16274480746154
2284,kexp,2,6,0.5,0.01,-33.23361067870605,-39.329338998539356
2285,kexp,2,6,0.5,0,-33.23643232322503,-39.3364403481424
2286,kexp,2,6,1,0.5,-35.95770808458909,-38.138420846987124
2287,kexp,2,6,1,0.1,-33.16996209316088,-36.95505998210585
2288,kexp,2,6,1,0.05,-33.09054798598254,-36.96810499457972
2289,kexp,2,6,1,0.01,-33.06543704241697,-36.973636767734526
2290,kexp,2,6,1,0,-33.06439407866808,-36.97388212654021
2291,kexp,2,6,1.5,0.5,-38.65722833079912,-40.75879052730479
2292,kexp,2,6,1.5,0.1,-35.92139339113881,-39.03524276145977
2293,kexp,2,6,1.5,0.05,-35.828700917325634,-38.99136892750293
2294,kexp,2,6,1.5,0.01,-35.79894555729368,-38.97759073251331
2295,kexp,2,6,1.5,0,-35.797704763882436,-38.97701948606905
2296,kexp,2,8,0.5,0.5,-33.40805479776876,-35.79824192393976
2297,kexp,2,8,0.5,0.1,-31.017537750883275,-36.23155198097206
2298,kexp,2,8,0.5,0.05,-31.01891412130362,-36.43404352698337
2299,kexp,2,8,0.5,0.01,-31.022185770556728,-36.50505597131169
2300,kexp,2,8,0.5,0,-31.02235390828956,-36.508084167708866
2301,kexp,2,8,1,0.5,-35.84807425083136,-38.07736843822008
2302,kexp,2,8,1,0.1,-32.428688232597615,-36.02394080936591
2303,kexp,2,8,1,0.05,-32.30883713083681,-35.97387245185434
2304,kexp,2,8,1,0.01,-32.27031466842971,-35.95825841983039
2305,kexp,2,8,1,0,-32.26870778737077,-35.95761230156582
2306,kexp,2,8,1.5,0.5,-38.63704721020485,-40.78748350916986
2307,kexp,2,8,1.5,0.1,-35.61864681233353,-38.65589181817969
2308,kexp,2,8,1.5,0.05,-35.51094039347947,-38.58755362555909
2309,kexp,2,8,1.5,0.01,-35.476262984724016,-38.565689394932605
2310,kexp,2,8,1.5,0,-35.47481584713457,-38.56477844625278
2311,kexp,2,10,0.5,0.5,-33.355330057629956,-35.840581951728375
2312,kexp,2,10,0.5,0.1,-30.19277602741941,-35.14047628618707
2313,kexp,2,10,0.5,0.05,-30.134258890216397,-35.23158022713404
2314,kexp,2,10,0.5,0.01,-30.117457451860478,-35.26435117895484
2315,kexp,2,10,0.5,0,-30.116779371990894,-35.26575689376618
2316,kexp,2,10,1,0.5,-35.820115832018026,-38.108250718038306
2317,kexp,2,10,1,0.1,-32.17345132824358,-35.684785055172085
2318,kexp,2,10,1,0.05,-32.04164498714233,-35.61061386135714
2319,kexp,2,10,1,0.01,-31.99921221066971,-35.58699219232822
2320,kexp,2,10,1,0,-31.997441501611927,-35.58600922069026
2321,kexp,2,10,1.5,0.5,-38.66776220754319,-40.87321214353234
2322,kexp,2,10,1.5,0.1,-35.563908731390725,-38.58612320306371
2323,kexp,2,10,1.5,0.05,-35.45239574851619,-38.50914992306036
2324,kexp,2,10,1.5,0.01,-35.41648436448806,-38.48444681193991
2325,kexp,2,10,1.5,0,-35.41498564489016,-38.48341676306838
2326,kexp,2,25,0.5,0.5,-33.56918854242306,-36.777637958119676
2327,kexp,2,25,0.5,0.1,-29.537415067799316,-34.71905599573755
2328,kexp,2,25,0.5,0.05,-29.43462679673087,-34.68782783334872
2329,kexp,2,25,0.5,0.01,-29.403533762354666,-34.67912649545628
2330,kexp,2,25,0.5,0,-29.40225910788388,-34.678778504784646
2331,kexp,2,25,1,0.5,-36.02634220549709,-38.810709575421434
2332,kexp,2,25,1,0.1,-32.19809072741122,-36.034046488338376
2333,kexp,2,25,1,0.05,-32.05991071475722,-35.937439120579896
2334,kexp,2,25,1,0.01,-32.01545413900101,-35.90639698431057
2335,kexp,2,25,1,0,-32.01359929374323,-35.90510222726735
2336,kexp,2,25,1.5,0.5,-38.96316596759244,-41.599059619430385
2337,kexp,2,25,1.5,0.1,-35.824533837583836,-39.21523582383138
2338,kexp,2,25,1.5,0.05,-35.712328947201854,-39.13230872334682
2339,kexp,2,25,1.5,0.01,-35.676210005003554,-39.105645857389476
2340,kexp,2,25,1.5,0,-35.67470278910185,-39.104533568167525
2341,kexp,2.25,0.2,0.5,0.5,-37.23329901569691,-38.49880107405734
2342,kexp,2.25,0.2,0.5,0.1,-217.5692479987706,-221.07055000936592
2343,kexp,2.25,0.2,0.5,0.05,-433.0227007688578,-437.1796163031552
2344,kexp,2.25,0.2,0.5,0.01,-661.8538742100517,-666.8264671525153
2345,kexp,2.25,0.2,0.5,0,-677.1043627905938,-682.138750841742
2346,kexp,2.25,0.2,1,0.5,-37.675681841298335,-38.66319754429332
2347,kexp,2.25,0.2,1,0.1,-165.91130826320747,-167.91753493449698
2348,kexp,2.25,0.2,1,0.05,-267.11315344164535,-269.4444877971924
2349,kexp,2.25,0.2,1,0.01,-337.82778594487644,-340.4273884581763
2350,kexp,2.25,0.2,1,0,-341.6613527725205,-344.2766739527552
2351,kexp,2.25,0.2,1.5,0.5,-38.49905907589599,-39.327607498892135
2352,kexp,2.25,0.2,1.5,0.1,-137.9183174731804,-139.38608652668844
2353,kexp,2.25,0.2,1.5,0.05,-196.98518533725672,-198.65413131059
2354,kexp,2.25,0.2,1.5,0.01,-230.9378592849619,-232.73979057377483
2355,kexp,2.25,0.2,1.5,0,-232.63767284912618,-234.4466384056506
2356,kexp,2.25,0.5,0.5,0.5,-35.09954559964216,-36.685764733326145
2357,kexp,2.25,0.5,0.5,0.1,-142.83190540282726,-147.3574436286801
2358,kexp,2.25,0.5,0.5,0.05,-217.27003874310773,-222.86531436883652
2359,kexp,2.25,0.5,0.5,0.01,-263.79570240474,-270.10923910271714
2360,kexp,2.25,0.5,0.5,0,-266.2023827954429,-272.5545333116873
2361,kexp,2.25,0.5,1,0.5,-36.43023073153093,-37.695633910176795
2362,kexp,2.25,0.5,1,0.1,-101.19176786730063,-103.94961163033945
2363,kexp,2.25,0.5,1,0.05,-127.96387246980854,-131.1313991814506
2364,kexp,2.25,0.5,1,0.01,-140.6811246246834,-144.0533719385205
2365,kexp,2.25,0.5,1,0,-141.27566914698508,-144.65767937838632
2366,kexp,2.25,0.5,1.5,0.5,-38.05095057728711,-39.13359435863553
2367,kexp,2.25,0.5,1.5,0.1,-82.80436348987759,-84.87865391418569
2368,kexp,2.25,0.5,1.5,0.05,-96.39317925262603,-98.68504104146601
2369,kexp,2.25,0.5,1.5,0.01,-102.16387107372373,-104.55146329053746
2370,kexp,2.25,0.5,1.5,0,-102.42408802816769,-104.81605149791153
2371,kexp,2.25,1,0.5,0.5,-34.25904312400946,-36.088789620539174
2372,kexp,2.25,1,0.5,0.1,-95.57353808167424,-101.9661871802481
2373,kexp,2.25,1,0.5,0.05,-121.10739809369414,-128.81487170785815
2374,kexp,2.25,1,0.5,0.01,-133.20997614788797,-141.56212342113747
2375,kexp,2.25,1,0.5,0,-133.77533745682433,-142.15806214507072
2376,kexp,2.25,1,1,0.5,-36.33631946647171,-37.91417595416864
2377,kexp,2.25,1,1,0.1,-67.23434835051569,-71.17968302593584
2378,kexp,2.25,1,1,0.05,-74.94856819561059,-79.32338626957593
2379,kexp,2.25,1,1,0.01,-78.02831638002978,-82.5773079284564
2380,kexp,2.25,1,1,0,-78.16461049960793,-82.72135679047305
2381,kexp,2.25,1,1.5,0.5,-38.439986995544814,-39.87394816955509
2382,kexp,2.25,1,1.5,0.1,-57.43837799636052,-60.42349487798613
2383,kexp,2.25,1,1.5,0.05,-61.0196107457514,-64.2174225216633
2384,kexp,2.25,1,1.5,0.01,-62.36012812596929,-65.63805892779845
2385,kexp,2.25,1,1.5,0,-62.4183582799585,-65.69977843832935
2386,kexp,2.25,1.5,0.5,0.5,-34.04052684380616,-36.06427540224733
2387,kexp,2.25,1.5,0.5,0.1,-73.48443448543198,-80.99808253730723
2388,kexp,2.25,1.5,0.5,0.05,-85.57211326490722,-94.33800827283444
2389,kexp,2.25,1.5,0.5,0.01,-90.67730042475176,-99.98610897920885
2390,kexp,2.25,1.5,0.5,0,-90.90709852624111,-100.2405997681264
2391,kexp,2.25,1.5,1,0.5,-36.379601939296506,-38.220724358893705
2392,kexp,2.25,1.5,1,0.1,-53.596615776361816,-58.21185091010768
2393,kexp,2.25,1.5,1,0.05,-56.90121595027653,-61.90086648908157
2394,kexp,2.25,1.5,1,0.01,-58.13651569001911,-63.28087143200335
2395,kexp,2.25,1.5,1,0,-58.190152360730266,-63.34080937883566
2396,kexp,2.25,1.5,1.5,0.5,-38.63747269963732,-40.359522781109725
2397,kexp,2.25,1.5,1.5,0.1,-48.096735960994494,-51.59743769792122
2398,kexp,2.25,1.5,1.5,0.05,-49.53748546727851,-53.22447615904215
2399,kexp,2.25,1.5,1.5,0.01,-50.05304433849995,-53.80656579010309
2400,kexp,2.25,1.5,1.5,0,-50.07516040536403,-53.83153601551573
2401,kexp,2.25,2,0.5,0.5,-33.925374681491284,-36.09777400223956
2402,kexp,2.25,2,0.5,0.1,-60.62403622917309,-68.61314423543145
2403,kexp,2.25,2,0.5,0.05,-67.27641543260283,-76.370882468337
2404,kexp,2.25,2,0.5,0.01,-69.91274380452865,-79.45497199025986
2405,kexp,2.25,2,0.5,0,-70.02915195662132,-79.59131127173744
2406,kexp,2.25,2,1,0.5,-36.33746884075598,-38.369544965848746
2407,kexp,2.25,2,1,0.1,-46.33037866586388,-51.23483247519565
2408,kexp,2.25,2,1,0.05,-47.99919338251168,-53.23291734704816
2409,kexp,2.25,2,1,0.01,-48.602368600337755,-53.95525144839739
2410,kexp,2.25,2,1,0,-48.62831286862499,-53.986326556026185
2411,kexp,2.25,2,1.5,0.5,-38.65910476629286,-40.584693752476774
2412,kexp,2.25,2,1.5,0.1,-43.361090267798275,-47.10181501447224
2413,kexp,2.25,2,1.5,0.05,-44.03804204451851,-47.937269490864495
2414,kexp,2.25,2,1.5,0.01,-44.27523991270517,-48.229527556855224
2415,kexp,2.25,2,1.5,0,-44.28535660589327,-48.241988417367935
2416,kexp,2.25,2.5,0.5,0.5,-33.8194893412293,-36.09351846944803
2417,kexp,2.25,2.5,0.5,0.1,-52.299756945055016,-60.375208383784724
2418,kexp,2.25,2.5,0.5,0.05,-56.29680411437506,-65.3246654817637
2419,kexp,2.25,2.5,0.5,0.01,-57.81905661353409,-67.21627728998196
2420,kexp,2.25,2.5,0.5,0,-57.88549769171209,-67.2989437634469
2421,kexp,2.25,2.5,1,0.5,-36.23348729656532,-38.39270008633354
2422,kexp,2.25,2.5,1,0.1,-41.900960243763684,-46.87760134418481
2423,kexp,2.25,2.5,1,0.05,-42.813170812419386,-48.069503304810084
2424,kexp,2.25,2.5,1,0.01,-43.13671593401907,-48.49180550617474
2425,kexp,2.25,2.5,1,0,-43.150560103425214,-48.5098730191627
2426,kexp,2.25,2.5,1.5,0.5,-38.594589547056636,-40.65548616995836
2427,kexp,2.25,2.5,1.5,0.1,-40.57626615099378,-44.40149199086851
2428,kexp,2.25,2.5,1.5,0.05,-40.909048473819674,-44.86902044817772
2429,kexp,2.25,2.5,1.5,0.01,-41.02465234300946,-45.03063757255007
2430,kexp,2.25,2.5,1.5,0,-41.029571007320904,-45.037506204375276
2431,kexp,2.25,3,0.5,0.5,-33.70852648864572,-36.04692024166936
2432,kexp,2.25,3,0.5,0.1,-46.56612848628891,-54.51585896416537
2433,kexp,2.25,3,0.5,0.05,-49.10690483266192,-57.87319778048906
2434,kexp,2.25,3,0.5,0.01,-50.04921437041897,-59.12272392086384
2435,kexp,2.25,3,0.5,0,-50.09003311696733,-59.176918246114774
2436,kexp,2.25,3,1,0.5,-36.10161480254885,-38.34116220434444
2437,kexp,2.25,3,1,0.1,-38.984040452592836,-43.91787297436536
2438,kexp,2.25,3,1,0.05,-39.49741479321202,-44.6699347783209
2439,kexp,2.25,3,1,0.01,-39.67772385862824,-44.933118823176216
2440,kexp,2.25,3,1,0,-39.68541791987252,-44.944340766700115
2441,kexp,2.25,3,1.5,0.5,-38.49753870624347,-40.645499091687
2442,kexp,2.25,3,1.5,0.1,-38.79644901487336,-42.62308578804712
2443,kexp,2.25,3,1.5,0.05,-38.95151672370162,-42.89377522955109
2444,kexp,2.25,3,1.5,0.01,-39.00556845858113,-42.98685503481166
2445,kexp,2.25,3,1.5,0,-39.0078696208619,-42.99080504023544
2446,kexp,2.25,3.5,0.5,0.5,-33.59706532238209,-35.97429078734916
2447,kexp,2.25,3.5,0.5,0.1,-42.46021337176811,-50.17958645206295
2448,kexp,2.25,3.5,0.5,0.05,-44.13737327397793,-52.558949025238526
2449,kexp,2.25,3.5,0.5,0.01,-44.748150425492035,-53.42809327033314
2450,kexp,2.25,3.5,0.5,0,-44.77447249759856,-53.46559208079925
2451,kexp,2.25,3.5,1,0.5,-35.96588780006347,-38.25428082012153
2452,kexp,2.25,3.5,1,0.1,-36.970260709324535,-41.805404874588575
2453,kexp,2.25,3.5,1,0.05,-37.254391735529374,-42.29520184833511
2454,kexp,2.25,3.5,1,0.01,-37.35399501568373,-42.46535254975089
2455,kexp,2.25,3.5,1,0,-37.35824222628921,-42.47259301735933
2456,kexp,2.25,3.5,1.5,0.5,-38.39687143620947,-40.59978825170984
2457,kexp,2.25,3.5,1.5,0.1,-37.601431593491526,-41.38796893808363
2458,kexp,2.25,3.5,1.5,0.05,-37.65619007699752,-41.54322397509214
2459,kexp,2.25,3.5,1.5,0.01,-37.67597310719801,-41.59664943905352
2460,kexp,2.25,3.5,1.5,0,-37.67682223589068,-41.59891676290572
2461,kexp,2.25,4,0.5,0.5,-33.49192868467062,-35.89229797790982
2462,kexp,2.25,4,0.5,0.1,-39.44377445358052,-46.89018697934436
2463,kexp,2.25,4,0.5,0.05,-40.57930235247205,-48.633322244225326
2464,kexp,2.25,4,0.5,0.01,-40.98770381540716,-49.261500921537085
2465,kexp,2.25,4,0.5,0,-41.00524284404641,-49.288501415928884
2466,kexp,2.25,4,1,0.5,-35.8401459560292,-38.15749273581769
2467,kexp,2.25,4,1,0.1,-35.53771926289958,-40.25153640085082
2468,kexp,2.25,4,1,0.05,-35.6818226902991,-40.57483834931682
2469,kexp,2.25,4,1,0.01,-35.73284134587459,-40.686765303649004
2470,kexp,2.25,4,1,0,-35.7350215513159,-40.69152344572354
2471,kexp,2.25,4,1.5,0.5,-38.306659745954725,-40.544113309944414
2472,kexp,2.25,4,1.5,0.1,-36.775006009824914,-40.50334917557607
2473,kexp,2.25,4,1.5,0.05,-36.76953701731287,-40.58642235756724
2474,kexp,2.25,4,1.5,0.01,-36.768949640515984,-40.615292866228224
2475,kexp,2.25,4,1.5,0,-36.768937887120664,-40.61652088902709
2476,kexp,2.25,6,0.5,0.5,-33.19165572134594,-35.636829398375404
2477,kexp,2.25,6,0.5,0.1,-33.15409196385248,-39.567448704246424
2478,kexp,2.25,6,0.5,0.05,-33.41350474746241,-40.1923272257389
2479,kexp,2.25,6,0.5,0.01,-33.50614602326228,-40.411735692022
2480,kexp,2.25,6,0.5,0,-33.51011436510814,-40.421098558490755
2481,kexp,2.25,6,1,0.5,-35.507568369122374,-37.86634681066619
2482,kexp,2.25,6,1,0.1,-32.740229373951124,-36.996302467490594
2483,kexp,2.25,6,1,0.05,-32.66805140805645,-37.03874427334758
2484,kexp,2.25,6,1,0.01,-32.64544939814308,-37.054273579843795
2485,kexp,2.25,6,1,0,-32.64451309767849,-37.05494203431297
2486,kexp,2.25,6,1.5,0.5,-38.104032276209935,-40.39857920617558
2487,kexp,2.25,6,1.5,0.1,-35.273656705852645,-38.76991445519885
2488,kexp,2.25,6,1.5,0.05,-35.17845290458957,-38.73481683329521
2489,kexp,2.25,6,1.5,0.01,-35.147909563511675,-38.72399317387235
2490,kexp,2.25,6,1.5,0,-35.146636108599886,-38.72354662631346
2491,kexp,2.25,8,0.5,0.5,-33.0549867538351,-35.5546399753317
2492,kexp,2.25,8,0.5,0.1,-30.857985306737323,-36.577842129684576
2493,kexp,2.25,8,0.5,0.05,-30.892136263417417,-36.85356173639029
2494,kexp,2.25,8,0.5,0.01,-30.90704647919488,-36.95020982052981
2495,kexp,2.25,8,0.5,0,-30.907712760702868,-36.95433124082638
2496,kexp,2.25,8,1,0.5,-35.38375472781572,-37.771475651566426
2497,kexp,2.25,8,1,0.1,-31.85263687670659,-35.81976248080191
2498,kexp,2.25,8,1,0.05,-31.729641389287416,-35.780260407030525
2499,kexp,2.25,8,1,0.01,-31.690142535340026,-35.76823323247261
2500,kexp,2.25,8,1,0,-31.688495312444637,-35.76773882602323
2501,kexp,2.25,8,1.5,0.5,-38.074296696961454,-40.403804727965074
2502,kexp,2.25,8,1.5,0.1,-34.89225334520292,-38.25279979289485
2503,kexp,2.25,8,1.5,0.05,-34.77781155879327,-38.18531620038235
2504,kexp,2.25,8,1.5,0.01,-34.740951311936016,-38.16376239959552
2505,kexp,2.25,8,1.5,0,-34.73941292976068,-38.162864787821746
2506,kexp,2.25,10,0.5,0.5,-32.99948402320187,-35.57350842581805
2507,kexp,2.25,10,0.5,0.1,-29.91047744573097,-35.214387435591675
2508,kexp,2.25,10,0.5,0.05,-29.873016455507653,-35.34836905058799
2509,kexp,2.25,10,0.5,0.01,-29.86388494349831,-35.396115127459744
2510,kexp,2.25,10,0.5,0,-29.86353728572267,-35.39815904402479
2511,kexp,2.25,10,1,0.5,-35.35340302109045,-37.78319132159007
2512,kexp,2.25,10,1,0.1,-31.553219634755738,-35.365920120224594
2513,kexp,2.25,10,1,0.05,-31.415782188307798,-35.29512985233818
2514,kexp,2.25,10,1,0.01,-31.371557289265915,-35.272682082045975
2515,kexp,2.25,10,1,0,-31.369712039887865,-35.27174903549199
2516,kexp,2.25,10,1.5,0.5,-38.10734315736256,-40.479480312492214
2517,kexp,2.25,10,1.5,0.1,-34.8215207321621,-38.12565765325921
2518,kexp,2.25,10,1.5,0.05,-34.702404329978386,-38.04666803161893
2519,kexp,2.25,10,1.5,0.01,-34.66402878055036,-38.02132574591318
2520,kexp,2.25,10,1.5,0,-34.66242705801309,-38.02026913271663
2521,kexp,2.25,25,0.5,0.5,-33.17038046995765,-36.39898989099084
2522,kexp,2.25,25,0.5,0.1,-29.18313971121755,-34.30813892701319
2523,kexp,2.25,25,0.5,0.05,-29.103766285943816,-34.28634053214405
2524,kexp,2.25,25,0.5,0.01,-29.081304101760985,-34.28117222073888
2525,kexp,2.25,25,0.5,0,-29.080402297487552,-34.28097739488572
2526,kexp,2.25,25,1,0.5,-35.55847082578596,-38.429614031079375
2527,kexp,2.25,25,1,0.1,-31.588151614602545,-35.544970226149196
2528,kexp,2.25,25,1,0.05,-31.445837328663323,-35.444738161249965
2529,kexp,2.25,25,1,0.01,-31.40010287045489,-35.412547761381376
2530,kexp,2.25,25,1,0,-31.398195300200367,-35.411205299304434
2531,kexp,2.25,25,1.5,0.5,-38.42473580859796,-41.1909887290775
2532,kexp,2.25,25,1.5,0.1,-35.120038589763006,-38.69519518114895
2533,kexp,2.25,25,1.5,0.05,-35.00127958629607,-38.60786245532129
2534,kexp,2.25,25,1.5,0.01,-34.96304527877938,-38.57977642922489
2535,kexp,2.25,25,1.5,0,-34.96144973450908,-38.5786047008494
2536,kexp,2.5,0.2,0.5,0.5,-37.20941373932908,-38.53703221276756
2537,kexp,2.5,0.2,0.5,0.1,-225.5454708234661,-229.42118146014707
2538,kexp,2.5,0.2,0.5,0.05,-462.9035249537693,-467.5139077330793
2539,kexp,2.5,0.2,0.5,0.01,-733.7292795754289,-739.3117930354666
2540,kexp,2.5,0.2,0.5,0,-752.5253836069779,-758.1852877781253
2541,kexp,2.5,0.2,1,0.5,-37.54976949796296,-38.59981764566318
2542,kexp,2.5,0.2,1,0.1,-173.5807384073656,-175.79686129566792
2543,kexp,2.5,0.2,1,0.05,-288.69677650736867,-291.2836486341357
2544,kexp,2.5,0.2,1,0.01,-373.8499078833363,-376.76259999543856
2545,kexp,2.5,0.2,1,0,-378.5837771060663,-381.5161854129555
2546,kexp,2.5,0.2,1.5,0.5,-38.2810906032744,-39.168131949398656
2547,kexp,2.5,0.2,1.5,0.1,-145.0018940684564,-146.62018505239325
2548,kexp,2.5,0.2,1.5,0.05,-213.41248960436428,-215.2639518381648
2549,kexp,2.5,0.2,1.5,0.01,-254.62596778885492,-256.640383927012
2550,kexp,2.5,0.2,1.5,0,-256.7272316842872,-258.7504747030003
2551,kexp,2.5,0.5,0.5,0.5,-34.98841602186385,-36.656757058272156
2552,kexp,2.5,0.5,0.5,0.1,-149.99351655514292,-154.92846007733405
2553,kexp,2.5,0.5,0.5,0.05,-235.54632312931133,-241.71962046807386
2554,kexp,2.5,0.5,0.5,0.01,-291.8395241209248,-298.89099702359294
2555,kexp,2.5,0.5,0.5,0,-294.8134765876609,-301.91335807873526
2556,kexp,2.5,0.5,1,0.5,-36.15356503130496,-37.499087038623124
2557,kexp,2.5,0.5,1,0.1,-106.87217144499648,-109.88644809906542
2558,kexp,2.5,0.5,1,0.05,-138.53138152592734,-142.03250933342957
2559,kexp,2.5,0.5,1,0.01,-154.09814090519293,-157.85232154814372
2560,kexp,2.5,0.5,1,0,-154.83447445639632,-158.60089571729546
2561,kexp,2.5,0.5,1.5,0.5,-37.65916504433411,-38.81406955436195
2562,kexp,2.5,0.5,1.5,0.1,-87.24099858706045,-89.5100547031352
2563,kexp,2.5,0.5,1.5,0.05,-103.53944238631787,-106.07042821576796
2564,kexp,2.5,0.5,1.5,0.01,-110.64255908576439,-113.29234807242378
2565,kexp,2.5,0.5,1.5,0,-110.96546384266499,-113.62073169345116
2566,kexp,2.5,1,0.5,0.5,-34.03671571877767,-35.95075433825362
2567,kexp,2.5,1,0.5,0.1,-101.15213794447087,-108.1184891830358
2568,kexp,2.5,1,0.5,0.05,-131.3550603590945,-139.8913782166066
2569,kexp,2.5,1,0.5,0.01,-146.16520406730822,-155.50093092178355
2570,kexp,2.5,1,0.5,0,-146.8650561245496,-156.23922055367692
2571,kexp,2.5,1,1,0.5,-35.967480697679065,-37.628247620289095
2572,kexp,2.5,1,1,0.1,-70.69082792394441,-75.01582218129612
2573,kexp,2.5,1,1,0.05,-80.03217658211234,-84.88017530488833
2574,kexp,2.5,1,1,0.01,-83.83821023348851,-88.90338284506659
2575,kexp,2.5,1,1,0,-84.00767166216498,-89.0825843969539
2576,kexp,2.5,1,1.5,0.5,-37.97345841358936,-39.48748446059039
2577,kexp,2.5,1,1.5,0.1,-59.714807640110514,-62.99118642422394
2578,kexp,2.5,1,1.5,0.05,-64.1056439451003,-67.64306417905685
2579,kexp,2.5,1,1.5,0.01,-65.7731357918553,-69.41058633479167
2580,kexp,2.5,1,1.5,0,-65.84586694063937,-69.48769577727305
2581,kexp,2.5,1.5,0.5,0.5,-33.76980635448206,-35.88029001543682
2582,kexp,2.5,1.5,0.5,0.1,-77.731091039918,-85.97644862295144
2583,kexp,2.5,1.5,0.5,0.05,-92.2322144919347,-101.99583804519924
2584,kexp,2.5,1.5,0.5,0.01,-98.50966130080639,-108.95075562821732
2585,kexp,2.5,1.5,0.5,0,-98.79440556946072,-109.26660415434182
2586,kexp,2.5,1.5,1,0.5,-35.990869288883594,-37.92609122758961
2587,kexp,2.5,1.5,1,0.1,-55.80531997219422,-60.896143703502396
2588,kexp,2.5,1.5,1,0.05,-59.85978461659117,-65.42358039831296
2589,kexp,2.5,1.5,1,0.01,-61.39662198855364,-67.14150255348217
2590,kexp,2.5,1.5,1,0,-61.463615088117855,-67.2164200987741
2591,kexp,2.5,1.5,1.5,0.5,-38.162923210422385,-39.982225105816106
2592,kexp,2.5,1.5,1.5,0.1,-49.34075761221532,-53.20328143978331
2593,kexp,2.5,1.5,1.5,0.05,-51.13472458204475,-55.22756782378954
2594,kexp,2.5,1.5,1.5,0.01,-51.782801853442066,-55.95889243689136
2595,kexp,2.5,1.5,1.5,0,-51.81067502741119,-55.990348846625
2596,kexp,2.5,2,0.5,0.5,-33.63751414637714,-35.90647618104085
2597,kexp,2.5,2,0.5,0.1,-63.86195277453966,-72.69098744362113
2598,kexp,2.5,2,0.5,0.05,-71.91364636014849,-82.09541059838682
2599,kexp,2.5,2,0.5,0.01,-75.16506973391381,-85.9075971567654
2600,kexp,2.5,2,0.5,0,-75.30944089264999,-86.07710844057532
2601,kexp,2.5,2,1,0.5,-35.94881418368908,-38.09192909843225
2602,kexp,2.5,2,1,0.1,-47.763126079533556,-53.20193132918635
2603,kexp,2.5,2,1,0.05,-49.83432024462747,-55.6804684582801
2604,kexp,2.5,2,1,0.01,-50.59048819878211,-56.585995549018556
2605,kexp,2.5,2,1,0,-50.62310349111171,-56.62506588016169
2606,kexp,2.5,2,1.5,0.5,-38.18743512203353,-40.230270043143875
2607,kexp,2.5,2,1.5,0.1,-44.01068519449301,-48.15561191098981
2608,kexp,2.5,2,1.5,0.05,-44.869276364850876,-49.210806461484225
2609,kexp,2.5,2,1.5,0.01,-45.17204544389445,-49.58249780067506
2610,kexp,2.5,2,1.5,0,-45.18498112383356,-49.59837512656444
2611,kexp,2.5,2.5,0.5,0.5,-33.52846147335252,-35.91149820946055
2612,kexp,2.5,2.5,0.5,0.1,-54.78121122841827,-63.7586737755691
2613,kexp,2.5,2.5,0.5,0.05,-59.652120842010746,-69.80219766198084
2614,kexp,2.5,2.5,0.5,0.01,-61.53467325338021,-72.14827596709063
2615,kexp,2.5,2.5,0.5,0,-61.617188703886235,-72.25126977343209
2616,kexp,2.5,2.5,1,0.5,-35.849244880552774,-38.136605763564724
2617,kexp,2.5,2.5,1,0.1,-42.81592460613403,-48.357622520609155
2618,kexp,2.5,2.5,1,0.05,-43.963869288966805,-49.85254471052238
2619,kexp,2.5,2.5,1,0.01,-44.37399200296052,-50.38648753932025
2620,kexp,2.5,2.5,1,0,-44.3915755484083,-50.40938175329394
2621,kexp,2.5,2.5,1.5,0.5,-38.125242635273295,-40.32171472555664
2622,kexp,2.5,2.5,1.5,0.1,-40.84763313609861,-45.09940589011397
2623,kexp,2.5,2.5,1.5,0.05,-41.28234891175494,-45.70140937852525
2624,kexp,2.5,2.5,1.5,0.01,-41.433906476969796,-45.91051098845879
2625,kexp,2.5,2.5,1.5,0,-41.44036126322108,-45.91940917986469
2626,kexp,2.5,3,0.5,0.5,-33.41958530323931,-35.87813220686113
2627,kexp,2.5,3,0.5,0.1,-48.47334479814426,-57.34999016440077
2628,kexp,2.5,3,0.5,0.05,-51.58936811960841,-61.4750325889067
2629,kexp,2.5,3,0.5,0.01,-52.75858628784828,-63.03005789411825
2630,kexp,2.5,3,0.5,0,-52.809400963726794,-63.09774893040945
2631,kexp,2.5,3,1,0.5,-35.72094477964018,-38.103039800030956
2632,kexp,2.5,3,1,0.1,-39.5359872611601,-45.04534411722267
2633,kexp,2.5,3,1,0.05,-40.19529478255495,-46.00099344807201
2634,kexp,2.5,3,1,0.01,-40.427970670252854,-46.33747205806332
2635,kexp,2.5,3,1,0,-40.43791236340657,-46.351843095696296
2636,kexp,2.5,3,1.5,0.5,-38.02782307193831,-40.326243236167876
2637,kexp,2.5,3,1.5,0.1,-38.81166708714319,-43.07328118057244
2638,kexp,2.5,3,1.5,0.05,-39.026672477412994,-43.43170175551852
2639,kexp,2.5,3,1.5,0.01,-39.10155208338777,-43.55528292330159
2640,kexp,2.5,3,1.5,0,-39.10473959664185,-43.560531250782745
2641,kexp,2.5,3.5,0.5,0.5,-33.311024976656306,-35.81635218378251
2642,kexp,2.5,3.5,0.5,0.1,-43.9238172646133,-52.566633264807074
2643,kexp,2.5,3.5,0.5,0.05,-45.99499119558575,-55.506918626409544
2644,kexp,2.5,3.5,0.5,0.01,-46.75628133317406,-56.59246368563887
2645,kexp,2.5,3.5,0.5,0,-46.789174506205526,-56.63943960372518
2646,kexp,2.5,3.5,1,0.5,-35.58634876720518,-38.02788122423998
2647,kexp,2.5,3.5,1,0.1,-37.258051541778435,-42.66477866315195
2648,kexp,2.5,3.5,1,0.05,-37.63573048454938,-43.297562948975745
2649,kexp,2.5,3.5,1,0.01,-37.76836107704774,-43.51835497261484
2650,kexp,2.5,3.5,1,0,-37.77401969077636,-43.5277617123561
2651,kexp,2.5,3.5,1.5,0.5,-37.924219525537,-40.288554205964424
2652,kexp,2.5,3.5,1.5,0.1,-37.43549888072002,-41.655779056868674
2653,kexp,2.5,3.5,1.5,0.05,-37.52612489042149,-41.870754687163796
2654,kexp,2.5,3.5,1.5,0.01,-37.558251762963224,-41.94472003948762
2655,kexp,2.5,3.5,1.5,0,-37.55962485232958,-41.94785918191467
2656,kexp,2.5,4,0.5,0.5,-33.20769442120752,-35.740462499710596
2657,kexp,2.5,4,0.5,0.1,-40.55920432442211,-48.90500356179637
2658,kexp,2.5,4,0.5,0.05,-41.97326427136458,-51.0709827941372
2659,kexp,2.5,4,0.5,0.01,-42.48555067833815,-51.85856159855032
2660,kexp,2.5,4,0.5,0,-42.50759524399058,-51.89249804024639
2661,kexp,2.5,4,1,0.5,-35.459238668599205,-37.93645124528101
2662,kexp,2.5,4,1,0.1,-35.62794360716046,-40.89943354764895
2663,kexp,2.5,4,1,0.05,-35.83324602803562,-41.32646898073689
2664,kexp,2.5,4,1,0.01,-35.90562210406012,-41.474696032649284
2665,kexp,2.5,4,1,0,-35.908712193263284,-41.48100201853024
2666,kexp,2.5,4,1.5,0.5,-37.82926237962555,-40.23538088058058
2667,kexp,2.5,4,1.5,0.1,-36.47701278226041,-40.63127868902319
2668,kexp,2.5,4,1.5,0.05,-36.4927686532445,-40.75618091041705
2669,kexp,2.5,4,1.5,0.01,-36.49944516077885,-40.799327367347566
2670,kexp,2.5,4,1.5,0,-36.49974127639646,-40.80116011132163
2671,kexp,2.5,6,0.5,0.5,-32.9021506958504,-35.47076702148132
2672,kexp,2.5,6,0.5,0.1,-33.45162572048096,-40.57385883452298
2673,kexp,2.5,6,0.5,0.05,-33.79980023400077,-41.3677513191995
2674,kexp,2.5,6,0.5,0.01,-33.9240182894438,-41.64774551769121
2675,kexp,2.5,6,0.5,0,-33.92933876783371,-41.65970856922994
2676,kexp,2.5,6,1,0.5,-35.10935400420012,-37.6279258622815
2677,kexp,2.5,6,1,0.1,-32.40324082272156,-37.11883690059801
2678,kexp,2.5,6,1,0.05,-32.341656501384435,-37.19615233534839
2679,kexp,2.5,6,1,0.01,-32.322705836140486,-37.22358723822278
2680,kexp,2.5,6,1,0,-32.32192455508433,-37.22476004677676
2681,kexp,2.5,6,1.5,0.5,-37.604760732802156,-40.07194859581997
2682,kexp,2.5,6,1.5,0.1,-34.70518129511873,-38.568340052955136
2683,kexp,2.5,6,1.5,0.05,-34.60891456649015,-38.544438813991704
2684,kexp,2.5,6,1.5,0.01,-34.57806255736224,-38.53738791254617
2685,kexp,2.5,6,1.5,0,-34.57677658423015,-38.53710063934856
2686,kexp,2.5,8,0.5,0.5,-32.757540858092696,-35.35781179794775
2687,kexp,2.5,8,0.5,0.1,-30.81686473549017,-37.04462789795353
2688,kexp,2.5,8,0.5,0.05,-30.89185926176797,-37.40538102410485
2689,kexp,2.5,8,0.5,0.01,-30.921323043553805,-37.5319687524163
2690,kexp,2.5,8,0.5,0,-30.92261287561078,-37.53736892917681
2691,kexp,2.5,8,1,0.5,-34.97243269681021,-37.50361838874887
2692,kexp,2.5,8,1,0.1,-31.360967440223458,-35.689033075428235
2693,kexp,2.5,8,1,0.05,-31.236829655166527,-35.663081796819775
2694,kexp,2.5,8,1,0.01,-31.19702634165873,-35.655657709290125
2695,kexp,2.5,8,1,0,-31.195367122724,-35.65535803903688
2696,kexp,2.5,8,1.5,0.5,-37.564970618644836,-40.05569800209307
2697,kexp,2.5,8,1.5,0.1,-34.23768890040303,-37.905738712211864
2698,kexp,2.5,8,1.5,0.05,-34.11733472355006,-37.840369145113655
2699,kexp,2.5,8,1.5,0.01,-34.078560344285044,-37.81954449880377
2700,kexp,2.5,8,1.5,0,-34.076941971829086,-37.818677842387814
2701,kexp,2.5,10,0.5,0.5,-32.70055073776065,-35.35513599234453
2702,kexp,2.5,10,0.5,0.1,-29.73619853372074,-35.39362190950343
2703,kexp,2.5,10,0.5,0.05,-29.726170758535915,-35.57813972205008
2704,kexp,2.5,10,0.5,0.01,-29.727039349375705,-35.64361756561271
2705,kexp,2.5,10,0.5,0,-29.727122685484293,-35.64641813012065
2706,kexp,2.5,10,1,0.5,-34.93955980493377,-37.49682111358625
2707,kexp,2.5,10,1,0.1,-31.011269953902612,-35.111254836924296
2708,kexp,2.5,10,1,0.05,-30.869765653563586,-35.0457044780966
2709,kexp,2.5,10,1,0.01,-30.8242757956017,-35.02505824150709
2710,kexp,2.5,10,1,0,-30.82237827101962,-35.02420163537695
2711,kexp,2.5,10,1.5,0.5,-37.59951824515319,-40.121007756765174
2712,kexp,2.5,10,1.5,0.1,-34.14654141974228,-37.71451465235277
2713,kexp,2.5,10,1.5,0.05,-34.02045055828063,-37.634259442955425
2714,kexp,2.5,10,1.5,0.01,-33.97981634889621,-37.60852567943347
2715,kexp,2.5,10,1.5,0,-33.97812023293369,-37.60745290386327
2716,kexp,2.5,25,0.5,0.5,-32.859814899698286,-36.10039563501737
2717,kexp,2.5,25,0.5,0.1,-28.97416111715679,-34.02880164902574
2718,kexp,2.5,25,0.5,0.05,-28.925159904224543,-34.02084149216311
2719,kexp,2.5,25,0.5,0.01,-28.913894373798655,-34.02077297385136
2720,kexp,2.5,25,0.5,0,-28.913476413177793,-34.020798447680754
2721,kexp,2.5,25,1,0.5,-35.16109777029286,-38.104733754414895
2722,kexp,2.5,25,1,0.1,-31.075654719836677,-35.131106968356384
2723,kexp,2.5,25,1,0.05,-30.930976370667207,-35.02828626663691
2724,kexp,2.5,25,1,0.01,-30.88456488299993,-34.995293891467696
2725,kexp,2.5,25,1,0,-30.882630011134413,-34.9939183182977
2726,kexp,2.5,25,1.5,0.5,-37.95090006907228,-40.828937577344576
2727,kexp,2.5,25,1.5,0.1,-34.496021306681904,-38.23088701448286
2728,kexp,2.5,25,1.5,0.05,-34.37145023376561,-38.13955167716238
2729,kexp,2.5,25,1.5,0.01,-34.33134492505246,-38.11017403348099
2730,kexp,2.5,25,1.5,0,-34.3296713105232,-38.10894837524144
