model_no,k_name,l1,l2,b,meas_error,lppd_exact,lppd_LOPO
1,ksqexp,1,0.2,0.5,0.5,-72.77041367093405,-78.6192265299482
2,ksqexp,1,0.2,0.5,0.1,-796.4221138004073,-842.6966518993236
3,ksqexp,1,0.2,0.5,0.05,-2301.60681427581,-2348.9065230142705
4,ksqexp,1,0.2,0.5,0.01,-42666.51379978031,-41332.05192563313
5,ksqexp,1,0.2,0.5,0,-1767321.890854653,-1741436.3917572815
6,ksqexp,1,0.2,1,0.5,-69.73891601461156,-75.59802670157478
7,ksqexp,1,0.2,1,0.1,-667.7067621088185,-694.1649540627379
8,ksqexp,1,0.2,1,0.05,-2044.4012134959808,-2052.3325264221307
9,ksqexp,1,0.2,1,0.01,-38330.603532579065,-36996.33929382035
10,ksqexp,1,0.2,1,0,-883638.1987175298,-870695.8717868908
11,ksqexp,1,0.2,1.5,0.5,-68.25278533053202,-73.73400918911611
12,ksqexp,1,0.2,1.5,0.1,-607.2845460833053,-624.762931895392
13,ksqexp,1,0.2,1.5,0.05,-1950.3086277630537,-1941.2953616467073
14,ksqexp,1,0.2,1.5,0.01,-34821.59727450655,-33566.65644252937
15,ksqexp,1,0.2,1.5,0,-589079.4881958027,-580451.5588629347
16,ksqexp,1,0.5,0.5,0.5,-53.222798165385186,-58.20195572976586
17,ksqexp,1,0.5,0.5,0.1,-415.0865674612159,-434.84557091787224
18,ksqexp,1,0.5,0.5,0.05,-1440.9822614743373,-1445.2484393730767
19,ksqexp,1,0.5,0.5,0.01,-13359.241817728,-12063.109844861996
20,ksqexp,1,0.5,0.5,0,-23329.44410847585,-20363.093442846548
21,ksqexp,1,0.5,1,0.5,-49.8856526170567,-54.06992665369619
22,ksqexp,1,0.5,1,0.1,-387.39594494665965,-397.44597694818043
23,ksqexp,1,0.5,1,0.05,-1319.1605852288417,-1293.763365303562
24,ksqexp,1,0.5,1,0.01,-8400.30714027892,-7482.827074370904
25,ksqexp,1,0.5,1,0,-11659.827249068303,-10177.290984300307
26,ksqexp,1,0.5,1.5,0.5,-49.107736384969556,-52.71903168841185
27,ksqexp,1,0.5,1.5,0.1,-375.5839813557394,-380.68581249251616
28,ksqexp,1,0.5,1.5,0.05,-1226.5030381636539,-1186.2711646198602
29,ksqexp,1,0.5,1.5,0.01,-6154.315619357403,-5451.22013682856
30,ksqexp,1,0.5,1.5,0,-7772.745598062964,-6784.81413748291
31,ksqexp,1,1,0.5,0.5,-44.711985959686075,-49.117568284447316
32,ksqexp,1,1,0.5,0.1,-251.62271414182015,-265.42607211945045
33,ksqexp,1,1,0.5,0.05,-665.7696199277743,-666.5907437945506
34,ksqexp,1,1,0.5,0.01,-1867.8099289520235,-1761.4014388921535
35,ksqexp,1,1,0.5,0,-2035.0062110071603,-1907.767135799505
36,ksqexp,1,1,1,0.5,-43.12964427876076,-46.8870181017989
37,ksqexp,1,1,1,0.1,-217.25777209921762,-223.39612080154674
38,ksqexp,1,1,1,0.05,-497.7459620034707,-488.7909819349428
39,ksqexp,1,1,1,0.01,-979.2480280988864,-921.8649647524669
40,ksqexp,1,1,1,0,-1022.8572140463242,-959.9567225709658
41,ksqexp,1,1,1.5,0.5,-43.649919369884145,-46.974169885761356
42,ksqexp,1,1,1.5,0.1,-197.11702002711218,-200.05411579566106
43,ksqexp,1,1,1.5,0.05,-404.2226482092254,-393.47297651189933
44,ksqexp,1,1,1.5,0.01,-668.6165920537698,-629.6629548930292
45,ksqexp,1,1,1.5,0,-688.2648716228211,-646.8105747509692
46,ksqexp,1,1.5,0.5,0.5,-40.84128063277291,-44.855070331320775
47,ksqexp,1,1.5,0.5,0.1,-133.86589659043298,-145.15301663753837
48,ksqexp,1,1.5,0.5,0.05,-230.96934988243203,-244.1132753230497
49,ksqexp,1,1.5,0.5,0.01,-336.94140478313284,-350.34502490295165
50,ksqexp,1,1.5,0.5,0,-344.43352852148683,-357.78678880326976
51,ksqexp,1,1.5,1,0.5,-40.19343799657051,-43.55354146316657
52,ksqexp,1,1.5,1,0.1,-102.00420132449892,-109.0130900838014
53,ksqexp,1,1.5,1,0.05,-147.0302835359471,-154.59371765151954
54,ksqexp,1,1.5,1,0.01,-180.36880875642498,-187.90003897096156
55,ksqexp,1,1.5,1,0,-182.25213906647033,-189.7705328779086
56,ksqexp,1,1.5,1.5,0.5,-41.369761554429274,-44.351520347133174
57,ksqexp,1,1.5,1.5,0.1,-87.57610842984514,-92.96180434998354
58,ksqexp,1,1.5,1.5,0.05,-114.00779898903191,-119.62533257315604
59,ksqexp,1,1.5,1.5,0.01,-130.1485152983759,-135.72755031147548
60,ksqexp,1,1.5,1.5,0,-130.98233267290914,-136.55577099429757
61,ksqexp,1,2,0.5,0.5,-39.228697515655,-43.065248160390446
62,ksqexp,1,2,0.5,0.1,-73.09955819671642,-82.19078004000215
63,ksqexp,1,2,0.5,0.05,-93.05750224492904,-102.91370755850942
64,ksqexp,1,2,0.5,0.01,-106.6842803630465,-116.70708542966938
65,ksqexp,1,2,0.5,0,-107.43317482660346,-117.45748165858099
66,ksqexp,1,2,1,0.5,-39.016665723938,-42.21019687216254
67,ksqexp,1,2,1,0.1,-55.301728305820916,-61.0198418736839
68,ksqexp,1,2,1,0.05,-62.44689355563322,-68.38170494516868
69,ksqexp,1,2,1,0.01,-66.17669607466323,-72.15147260353469
70,ksqexp,1,2,1,0,-66.35793606406595,-72.33352409014445
71,ksqexp,1,2,1.5,0.5,-40.44431102594531,-43.29659297258256
72,ksqexp,1,2,1.5,0.1,-50.10061401249132,-54.60377850660597
73,ksqexp,1,2,1.5,0.05,-53.70980872546738,-58.31512461127336
74,ksqexp,1,2,1.5,0.01,-55.37931736842097,-60.004764438012124
75,ksqexp,1,2,1.5,0,-55.456846575756295,-60.082861666535976
76,ksqexp,1,2.5,0.5,0.5,-38.68995330072235,-42.48704857886244
77,ksqexp,1,2.5,0.5,0.1,-51.812092012932965,-59.6122686025939
78,ksqexp,1,2.5,0.5,0.05,-57.809637062374335,-65.87807535951944
79,ksqexp,1,2.5,0.5,0.01,-61.03988719335313,-69.16979971243055
80,ksqexp,1,2.5,0.5,0,-61.199327839286426,-69.33096745738149
81,ksqexp,1,2.5,1,0.5,-38.61683416971222,-41.772106448082354
82,ksqexp,1,2.5,1,0.1,-42.23816635336376,-47.23221480995678
83,ksqexp,1,2.5,1,0.05,-43.96335151715441,-49.05017666702905
84,ksqexp,1,2.5,1,0.01,-44.73681335033208,-49.847982413205585
85,ksqexp,1,2.5,1,0,-44.7723275708268,-49.88439904925907
86,ksqexp,1,2.5,1.5,0.5,-40.18034532285096,-43.00905465549496
87,ksqexp,1,2.5,1.5,0.1,-41.02813914771127,-45.06362461663068
88,ksqexp,1,2.5,1.5,0.05,-41.765438373159114,-45.85491856333486
89,ksqexp,1,2.5,1.5,0.01,-42.07351044949738,-46.17844713440183
90,ksqexp,1,2.5,1.5,0,-42.08731758121934,-46.19286634643093
91,ksqexp,1,3,0.5,0.5,-38.58483218106594,-42.406416297231345
92,ksqexp,1,3,0.5,0.1,-44.861162939195275,-52.154057429318314
93,ksqexp,1,3,0.5,0.05,-47.7275995406237,-55.154402440833685
94,ksqexp,1,3,0.5,0.01,-49.07792825123029,-56.536776975714
95,ksqexp,1,3,0.5,0,-49.141086280888906,-56.60104138451814
96,ksqexp,1,3,1,0.5,-38.580822529071334,-41.752951832641976
97,ksqexp,1,3,1,0.1,-38.732985358807326,-43.47717125631399
98,ksqexp,1,3,1,0.05,-39.40201816897175,-44.2080664105615
99,ksqexp,1,3,1,0.01,-39.680805715369054,-44.5052240939094
100,ksqexp,1,3,1,0,-39.69328401038512,-44.51844339052586
101,ksqexp,1,3,1.5,0.5,-40.26907225230259,-43.11669946874676
102,ksqexp,1,3,1.5,0.1,-39.0141231212964,-42.90584907444247
103,ksqexp,1,3,1.5,0.05,-39.23899633409548,-43.17235548845375
104,ksqexp,1,3,1.5,0.01,-39.33061124780936,-43.276969148139464
105,ksqexp,1,3,1.5,0,-39.33467335354271,-43.28156749252147
106,ksqexp,1,3.5,0.5,0.5,-38.64232678386076,-42.51036931396774
107,ksqexp,1,3.5,0.5,0.1,-42.18666220542483,-49.24909669821961
108,ksqexp,1,3.5,0.5,0.05,-43.98836360725043,-51.103296076977394
109,ksqexp,1,3.5,0.5,0.01,-44.77413515897575,-51.89257708006436
110,ksqexp,1,3.5,0.5,0,-44.80987132072395,-51.928257493952145
111,ksqexp,1,3.5,1,0.5,-38.68624023598451,-41.89251892700897
112,ksqexp,1,3.5,1,0.1,-37.6439313540863,-42.27634211928066
113,ksqexp,1,3.5,1,0.05,-37.98953295695077,-42.66180764707313
114,ksqexp,1,3.5,1,0.01,-38.1288284137378,-42.812323500497
115,ksqexp,1,3.5,1,0,-38.134991668181904,-42.81893369924778
116,ksqexp,1,3.5,1.5,0.5,-40.471352110626434,-43.34911306910364
117,ksqexp,1,3.5,1.5,0.1,-38.58602564084843,-42.416602369929294
118,ksqexp,1,3.5,1.5,0.05,-38.66549001464927,-42.527747530260825
119,ksqexp,1,3.5,1.5,0.01,-38.69918600328827,-42.571242770712516
120,ksqexp,1,3.5,1.5,0,-38.70068855069326,-42.573149201040465
121,ksqexp,1,4,0.5,0.5,-38.762554144951466,-42.679841683797925
122,ksqexp,1,4,0.5,0.1,-40.82437104957749,-47.79099291253338
123,ksqexp,1,4,0.5,0.05,-42.085247367340024,-49.057989126044156
124,ksqexp,1,4,0.5,0.01,-42.61094516583601,-49.57038319447148
125,ksqexp,1,4,0.5,0,-42.634491266751745,-49.59316484429603
126,ksqexp,1,4,1,0.5,-38.83086926240353,-42.07365059393865
127,ksqexp,1,4,1,0.1,-37.176950626589665,-41.7650438916686
128,ksqexp,1,4,1,0.05,-37.36999890684661,-41.98538042432465
129,ksqexp,1,4,1,0.01,-37.44748592042912,-42.069852112374015
130,ksqexp,1,4,1,0,-37.4509042268862,-42.07353977442932
131,ksqexp,1,4,1.5,0.5,-40.67797398075713,-43.58627189588445
132,ksqexp,1,4,1.5,0.1,-38.49018847492655,-42.299932261355536
133,ksqexp,1,4,1.5,0.05,-38.504416732668695,-42.34013742957541
134,ksqexp,1,4,1.5,0.01,-38.5132792555815,-42.35691069169887
135,ksqexp,1,4,1.5,0,-38.513698646971356,-42.357654851183675
136,ksqexp,1,6,0.5,0.5,-39.34717041742065,-43.39828526073485
137,ksqexp,1,6,0.5,0.1,-38.78040788209147,-45.874847084177574
138,ksqexp,1,6,0.5,0.05,-39.187137616473706,-46.284850761626814
139,ksqexp,1,6,0.5,0.01,-39.34810863897861,-46.43516786605767
140,ksqexp,1,6,0.5,0,-39.35519386729909,-46.4416611864244
141,ksqexp,1,6,1,0.5,-39.37528368116118,-42.72235299937178
142,ksqexp,1,6,1,0.1,-36.62963905350075,-41.31136258783017
143,ksqexp,1,6,1,0.05,-36.601225762157604,-41.31112607303112
144,ksqexp,1,6,1,0.01,-36.59524508053132,-41.31297683342225
145,ksqexp,1,6,1,0,-36.595031791135405,-41.313075924891585
146,ksqexp,1,6,1.5,0.5,-41.28675273102879,-44.28319991835696
147,ksqexp,1,6,1.5,0.1,-38.566023059884294,-42.45923635686205
148,ksqexp,1,6,1.5,0.05,-38.49024299944971,-42.41015543980075
149,ksqexp,1,6,1.5,0.01,-38.46661210099209,-42.39483811012697
150,ksqexp,1,6,1.5,0,-38.465634532475036,-42.394204271110894
151,ksqexp,1,8,0.5,0.5,-39.725676179345086,-43.82719716548486
152,ksqexp,1,8,0.5,0.1,-38.45353486597525,-45.69547847987658
153,ksqexp,1,8,0.5,0.05,-38.66211022458593,-45.932390399035874
154,ksqexp,1,8,0.5,0.01,-38.74666208540034,-46.01657205506629
155,ksqexp,1,8,0.5,0,-38.75040267004672,-46.02017840688576
156,ksqexp,1,8,1,0.5,-39.72860572055807,-43.121089812109304
157,ksqexp,1,8,1,0.1,-36.743698919071065,-41.52215594268275
158,ksqexp,1,8,1,0.05,-36.672034342210914,-41.4857905970363
159,ksqexp,1,8,1,0.01,-36.65062513317671,-41.47479300113599
160,ksqexp,1,8,1,0,-36.64975078551299,-41.47434206089432
161,ksqexp,1,8,1.5,0.5,-41.65734876884914,-44.696988307482556
162,ksqexp,1,8,1.5,0.1,-38.860351205203095,-42.83011497482165
163,ksqexp,1,8,1.5,0.05,-38.770077352530606,-42.76977872009987
164,ksqexp,1,8,1.5,0.01,-38.74138353095708,-42.75052180053764
165,ksqexp,1,8,1.5,0,-38.74019025740046,-42.74972004563141
166,ksqexp,1,10,0.5,0.5,-39.908145449613855,-44.03872167871137
167,ksqexp,1,10,0.5,0.1,-38.40714362021876,-45.7372327377605
168,ksqexp,1,10,0.5,0.05,-38.56038458774627,-45.9301710759833
169,ksqexp,1,10,0.5,0.01,-38.624457622567256,-45.99819299269225
170,ksqexp,1,10,0.5,0,-38.62731213340771,-46.00110152723276
171,ksqexp,1,10,1,0.5,-39.93565935138782,-43.35731788346318
172,ksqexp,1,10,1,0.1,-36.9238300180695,-41.76049379039262
173,ksqexp,1,10,1,0.05,-36.84361930769301,-41.7184946107943
174,ksqexp,1,10,1,0.01,-36.819186054955686,-41.7054864502642
175,ksqexp,1,10,1,0,-36.818182456351295,-41.70494941124154
176,ksqexp,1,10,1.5,0.5,-41.894505541530314,-44.96355577764659
177,ksqexp,1,10,1.5,0.1,-39.12732893702447,-43.143669779431505
178,ksqexp,1,10,1.5,0.05,-39.0360757830269,-43.08357685586387
179,ksqexp,1,10,1.5,0.01,-39.00700564706747,-43.06435617791594
180,ksqexp,1,10,1.5,0,-39.00579599739927,-43.06355547264654
181,ksqexp,1,25,0.5,0.5,-40.341370410422066,-44.60650538160172
182,ksqexp,1,25,0.5,0.1,-38.82061877958509,-46.468647674717076
183,ksqexp,1,25,0.5,0.05,-38.94953119022958,-46.65223577271144
184,ksqexp,1,25,0.5,0.01,-39.00466706364088,-46.71652617728617
185,ksqexp,1,25,0.5,0,-39.00713590028628,-46.719270715691515
186,ksqexp,1,25,1,0.5,-40.39761046848603,-43.93581672459595
187,ksqexp,1,25,1,0.1,-37.50700813869863,-42.52455580289731
188,ksqexp,1,25,1,0.05,-37.42937397718657,-42.488480565036205
189,ksqexp,1,25,1,0.01,-37.40570314100421,-42.477344120731644
190,ksqexp,1,25,1,0,-37.40473060989312,-42.476884791829804
191,ksqexp,1,25,1.5,0.5,-42.40133704258116,-45.57256684980321
192,ksqexp,1,25,1.5,0.1,-39.77576914154375,-43.924856594957944
193,ksqexp,1,25,1.5,0.05,-39.689771559334645,-43.87125500716126
194,ksqexp,1,25,1.5,0.01,-39.66239142938119,-43.85412630265082
195,ksqexp,1,25,1.5,0,-39.66125227982983,-43.85341291727868
196,ksqexp,1.25,0.2,0.5,0.5,-74.22101206383952,-80.88662346835407
197,ksqexp,1.25,0.2,0.5,0.1,-925.7228197490557,-1022.1682894341895
198,ksqexp,1.25,0.2,0.5,0.05,-2868.6498199112616,-3000.713821984669
199,ksqexp,1.25,0.2,0.5,0.01,-48209.189158212386,-46355.26434708954
200,ksqexp,1.25,0.2,0.5,0,-7283798.272857908,-6871255.364941509
201,ksqexp,1.25,0.2,1,0.5,-70.45019248778799,-77.88946563662223
202,ksqexp,1.25,0.2,1,0.1,-815.1287343404807,-877.2945714948887
203,ksqexp,1.25,0.2,1,0.05,-2520.905361290913,-2559.8342609142364
204,ksqexp,1.25,0.2,1,0.01,-45726.929868087864,-43853.5684476331
205,ksqexp,1.25,0.2,1,0,-3641876.468441816,-3435605.1176290223
206,ksqexp,1.25,0.2,1.5,0.5,-68.36333027246576,-75.89961713345467
207,ksqexp,1.25,0.2,1.5,0.1,-751.0953026477337,-795.8245819166646
208,ksqexp,1.25,0.2,1.5,0.05,-2366.416544165829,-2362.870520111475
209,ksqexp,1.25,0.2,1.5,0.01,-43869.57406643344,-41969.724957996346
210,ksqexp,1.25,0.2,1.5,0,-2427900.7697754386,-2290386.999641266
211,ksqexp,1.25,0.5,0.5,0.5,-54.974559918201535,-61.01837583544342
212,ksqexp,1.25,0.5,0.5,0.1,-491.99923956732107,-526.8377293986838
213,ksqexp,1.25,0.5,0.5,0.05,-1690.885982377879,-1741.043269531729
214,ksqexp,1.25,0.5,0.5,0.01,-26334.50754014252,-24284.05495000301
215,ksqexp,1.25,0.5,0.5,0,-116736.41706602348,-93810.55322048278
216,ksqexp,1.25,0.5,1,0.5,-50.76847063504073,-56.12689469251661
217,ksqexp,1.25,0.5,1,0.1,-452.2961377292703,-474.8558009834565
218,ksqexp,1.25,0.5,1,0.05,-1582.2264873930458,-1602.7150116884245
219,ksqexp,1.25,0.5,1,0.01,-20871.634480872824,-18574.981012418968
220,ksqexp,1.25,0.5,1,0,-58354.35485949801,-46892.61961712601
221,ksqexp,1.25,0.5,1.5,0.5,-49.37435993219861,-54.164101337964674
222,ksqexp,1.25,0.5,1.5,0.1,-433.87226104858667,-450.9303444301618
223,ksqexp,1.25,0.5,1.5,0.05,-1520.5740241096323,-1524.3224228365557
224,ksqexp,1.25,0.5,1.5,0.01,-17483.208303059146,-15251.795773776445
225,ksqexp,1.25,0.5,1.5,0,-38896.4576008649,-31256.098707420628
226,ksqexp,1.25,1,0.5,0.5,-45.34308222040871,-50.35718837234017
227,ksqexp,1.25,1,0.5,0.1,-341.7460535601255,-362.53994526613803
228,ksqexp,1.25,1,0.5,0.05,-1090.9736882871796,-1114.7512291568655
229,ksqexp,1.25,1,0.5,0.01,-6758.481128437284,-6469.259707705034
230,ksqexp,1.25,1,0.5,0,-9126.936520157315,-8521.988089636305
231,ksqexp,1.25,1,1,0.5,-43.33813670747285,-47.842078955496824
232,ksqexp,1.25,1,1,0.1,-313.60089719259867,-325.99889534657984
233,ksqexp,1.25,1,1,0.05,-923.5225877921227,-934.2409111187976
234,ksqexp,1.25,1,1,0.01,-3879.1534334602675,-3674.8634401145227
235,ksqexp,1.25,1,1,0,-4561.689459027563,-4260.543175324907
236,ksqexp,1.25,1,1.5,0.5,-43.354903512403624,-47.52203562864598
237,ksqexp,1.25,1,1.5,0.1,-295.30501137583906,-304.64890541111316
238,ksqexp,1.25,1,1.5,0.05,-821.1649002198897,-825.4224742538387
239,ksqexp,1.25,1,1.5,0.01,-2723.213944070106,-2569.753646935396
240,ksqexp,1.25,1,1.5,0,-3042.731091836554,-2842.852190954084
241,ksqexp,1.25,1.5,0.5,0.5,-41.11229844522203,-45.809819108490146
242,ksqexp,1.25,1.5,0.5,0.1,-226.3434904093082,-240.58716836241499
243,ksqexp,1.25,1.5,0.5,0.05,-507.6804843035148,-539.0773103770582
244,ksqexp,1.25,1.5,0.5,0.01,-1043.7577799261371,-1138.8226692830774
245,ksqexp,1.25,1.5,0.5,0,-1107.252937126421,-1209.175446433708
246,ksqexp,1.25,1.5,1,0.5,-39.914654271715314,-44.03683908981593
247,ksqexp,1.25,1.5,1,0.1,-183.2410673150383,-194.33400453039644
248,ksqexp,1.25,1.5,1,0.05,-340.87093861197627,-366.9560097356218
249,ksqexp,1.25,1.5,1,0.01,-541.219472328696,-591.9135093251656
250,ksqexp,1.25,1.5,1,0,-557.6655981400712,-610.1146173843945
251,ksqexp,1.25,1.5,1.5,0.5,-40.599392673402804,-44.37311366774934
252,ksqexp,1.25,1.5,1.5,0.1,-157.9559857288992,-168.30580993668548
253,ksqexp,1.25,1.5,1.5,0.05,-263.25141394231764,-285.3608292533193
254,ksqexp,1.25,1.5,1.5,0.01,-369.8775369670295,-405.04824720668444
255,ksqexp,1.25,1.5,1.5,0,-377.2604751681122,-413.21833105019647
256,ksqexp,1.25,2,0.5,0.5,-38.59911786365401,-43.08901809063916
257,ksqexp,1.25,2,0.5,0.1,-125.3310359594315,-136.36824726132213
258,ksqexp,1.25,2,0.5,0.05,-185.52326513549667,-203.69648872620064
259,ksqexp,1.25,2,0.5,0.01,-234.99970111617037,-263.16265862099834
260,ksqexp,1.25,2,0.5,0,-238.4019460649965,-267.2167030719028
261,ksqexp,1.25,2,1,0.5,-38.034380127273344,-41.939518361188675
262,ksqexp,1.25,2,1,0.1,-88.11836197583933,-96.60369831301762
263,ksqexp,1.25,2,1,0.05,-111.00918935957422,-123.73794504927139
264,ksqexp,1.25,2,1,0.01,-125.91349105322155,-141.8241785169152
265,ksqexp,1.25,2,1,0,-126.7559685986015,-142.83343565386977
266,ksqexp,1.25,2,1.5,0.5,-39.12043981319228,-42.71364655104999
267,ksqexp,1.25,2,1.5,0.1,-72.60618615054943,-80.13048936635371
268,ksqexp,1.25,2,1.5,0.05,-84.907096358325,-95.10948789939705
269,ksqexp,1.25,2,1.5,0.01,-91.96419808462252,-103.72050139618796
270,ksqexp,1.25,2,1.5,0,-92.33129953922987,-104.16300327655931
271,ksqexp,1.25,2.5,0.5,0.5,-37.30953142266463,-41.751241053780674
272,ksqexp,1.25,2.5,0.5,0.1,-72.14044398382372,-80.44423266810406
273,ksqexp,1.25,2.5,0.5,0.05,-86.20437142989188,-95.06300180247571
274,ksqexp,1.25,2.5,0.5,0.01,-93.71528552414875,-103.47534400007726
275,ksqexp,1.25,2.5,0.5,0,-94.11313112767066,-103.92898172636862
276,ksqexp,1.25,2.5,1,0.5,-37.00748116919855,-40.86500052511166
277,ksqexp,1.25,2.5,1,0.1,-51.029834382765394,-56.92626611576666
278,ksqexp,1.25,2.5,1,0.05,-54.946126555242884,-61.33187998773443
279,ksqexp,1.25,2.5,1,0.01,-56.778271596794866,-63.48392810235274
280,ksqexp,1.25,2.5,1,0,-56.86671289843491,-63.588380922934746
281,ksqexp,1.25,2.5,1.5,0.5,-38.23192762174863,-41.7990947263451
282,ksqexp,1.25,2.5,1.5,0.1,-44.813553981785105,-49.98172439027116
283,ksqexp,1.25,2.5,1.5,0.05,-46.473837720500505,-51.9848378971939
284,ksqexp,1.25,2.5,1.5,0.01,-47.207683312314806,-52.889954405373075
285,ksqexp,1.25,2.5,1.5,0,-47.24189692160109,-52.9321707546473
286,ksqexp,1.25,3,0.5,0.5,-36.704930572607026,-41.18438074120588
287,ksqexp,1.25,3,0.5,0.1,-51.4387588025986,-59.03671727828653
288,ksqexp,1.25,3,0.5,0.05,-57.13307998928331,-64.27150097157232
289,ksqexp,1.25,3,0.5,0.01,-59.82098316068124,-66.83395522292041
290,ksqexp,1.25,3,0.5,0,-59.94974039347562,-66.95899641043962
291,ksqexp,1.25,3,1,0.5,-36.493565423764394,-40.3852627405021
292,ksqexp,1.25,3,1,0.1,-39.49517635632587,-44.904629474937444
293,ksqexp,1.25,3,1,0.05,-40.769634441651576,-46.165541364706186
294,ksqexp,1.25,3,1,0.01,-41.30638305397333,-46.71353938100175
295,ksqexp,1.25,3,1,0,-41.33078118745007,-46.73870424805853
296,ksqexp,1.25,3,1.5,0.5,-37.8207914853034,-41.434397480346384
297,ksqexp,1.25,3,1.5,0.1,-37.34961281029629,-42.150077228746525
298,ksqexp,1.25,3,1.5,0.05,-37.74434615502309,-42.59394561378435
299,ksqexp,1.25,3,1.5,0.01,-37.90777201099133,-42.78082511091565
300,ksqexp,1.25,3,1.5,0,-37.9151182186734,-42.789263627174904
301,ksqexp,1.25,3.5,0.5,0.5,-36.470734733840075,-41.02691355170865
302,ksqexp,1.25,3.5,0.5,0.1,-43.71378267696678,-51.409212457814995
303,ksqexp,1.25,3.5,0.5,0.05,-47.453199592112824,-54.60436570641457
304,ksqexp,1.25,3.5,0.5,0.01,-49.202882768913504,-56.0850268069043
305,ksqexp,1.25,3.5,0.5,0,-49.28468907928676,-56.154380176777316
306,ksqexp,1.25,3.5,1,0.5,-36.324112066060984,-40.28487529580835
307,ksqexp,1.25,3.5,1,0.1,-35.95798507537926,-41.472049035657264
308,ksqexp,1.25,3.5,1,0.05,-36.725375622335314,-42.16057383904769
309,ksqexp,1.25,3.5,1,0.01,-37.0467406508176,-42.447249622414596
310,ksqexp,1.25,3.5,1,0,-37.06115852117519,-42.460114613841746
311,ksqexp,1.25,3.5,1.5,0.5,-37.77333250258578,-41.46135834799141
312,ksqexp,1.25,3.5,1.5,0.1,-35.497248162906395,-40.39884252798955
313,ksqexp,1.25,3.5,1.5,0.05,-35.69089538572341,-40.59906842595413
314,ksqexp,1.25,3.5,1.5,0.01,-35.77359578123869,-40.68230095608522
315,ksqexp,1.25,3.5,1.5,0,-35.77730510176383,-40.686016192843276
316,ksqexp,1.25,4,0.5,0.5,-36.42513067517494,-41.06849803793035
317,ksqexp,1.25,4,0.5,0.1,-40.53004967315359,-48.42506337006832
318,ksqexp,1.25,4,0.5,0.05,-43.500861841116006,-50.85382608949578
319,ksqexp,1.25,4,0.5,0.01,-44.8765422645144,-51.935705950374704
320,ksqexp,1.25,4,0.5,0,-44.940226529536396,-51.985354924407524
321,ksqexp,1.25,4,1,0.5,-36.34125561023006,-40.377546835611355
322,ksqexp,1.25,4,1,0.1,-34.78034558559015,-40.44522247813898
323,ksqexp,1.25,4,1,0.05,-35.357767054790884,-40.93367435319805
324,ksqexp,1.25,4,1,0.01,-35.59903772089941,-41.13161681781794
325,ksqexp,1.25,4,1,0,-35.60981731341391,-41.14040087307305
326,ksqexp,1.25,4,1.5,0.5,-37.90293905424078,-41.66618828711768
327,ksqexp,1.25,4,1.5,0.1,-35.10711028835607,-40.13835409663085
328,ksqexp,1.25,4,1.5,0.05,-35.23245178161935,-40.262408903614215
329,ksqexp,1.25,4,1.5,0.01,-35.28784359571311,-40.3137897341335
330,ksqexp,1.25,4,1.5,0,-35.29033767468988,-40.31607295596749
331,ksqexp,1.25,6,0.5,0.5,-36.809974314371026,-41.728555559186404
332,ksqexp,1.25,6,0.5,0.1,-36.51349682643334,-44.99522098020332
333,ksqexp,1.25,6,0.5,0.05,-38.05765243492987,-46.07106101500945
334,ksqexp,1.25,6,0.5,0.01,-38.77378723974433,-46.5207461184794
335,ksqexp,1.25,6,0.5,0,-38.8068616451163,-46.54094338225646
336,ksqexp,1.25,6,1,0.5,-36.813071844023575,-41.07292691055952
337,ksqexp,1.25,6,1,0.1,-33.56646802535698,-39.62854599529358
338,ksqexp,1.25,6,1,0.05,-33.77280935584612,-39.76482896952618
339,ksqexp,1.25,6,1,0.01,-33.866812228478395,-39.82145337059745
340,ksqexp,1.25,6,1,0,-33.87108454581069,-39.82397330310189
341,ksqexp,1.25,6,1.5,0.5,-38.57384625564999,-42.5403441136881
342,ksqexp,1.25,6,1.5,0.1,-35.03574969469993,-40.39065147947708
343,ksqexp,1.25,6,1.5,0.05,-35.01564853532375,-40.3767607050986
344,ksqexp,1.25,6,1.5,0.01,-35.01636566883908,-40.37564693037632
345,ksqexp,1.25,6,1.5,0,-35.01648227939832,-40.37564004342751
346,ksqexp,1.25,8,0.5,0.5,-37.29868787539175,-42.351940608331006
347,ksqexp,1.25,8,0.5,0.1,-35.41733395523811,-44.32740862565279
348,ksqexp,1.25,8,0.5,0.05,-36.359159764355,-44.92996335319663
349,ksqexp,1.25,8,0.5,0.01,-36.81664414163004,-45.18163721181877
350,ksqexp,1.25,8,0.5,0,-36.83803898229906,-45.192959585028994
351,ksqexp,1.25,8,1,0.5,-37.259422304182145,-41.63021230391606
352,ksqexp,1.25,8,1,0.1,-33.33921324466818,-39.68038203664801
353,ksqexp,1.25,8,1,0.05,-33.39069578072727,-39.70104810075964
354,ksqexp,1.25,8,1,0.01,-33.42619998902983,-39.71450989264235
355,ksqexp,1.25,8,1,0,-33.42792639114314,-39.715157404078276
356,ksqexp,1.25,8,1.5,0.5,-39.047962002015524,-43.1139293089859
357,ksqexp,1.25,8,1.5,0.1,-35.18648413610539,-40.75515458474832
358,ksqexp,1.25,8,1.5,0.05,-35.104419593750734,-40.69744705175733
359,ksqexp,1.25,8,1.5,0.01,-35.08272612002332,-40.680564205307306
360,ksqexp,1.25,8,1.5,0,-35.08187896079537,-40.679880110483296
361,ksqexp,1.25,10,0.5,0.5,-37.61623102856759,-42.72960969299253
362,ksqexp,1.25,10,0.5,0.1,-35.15840781618362,-44.30068411655634
363,ksqexp,1.25,10,0.5,0.05,-35.88517093195065,-44.752167396637255
364,ksqexp,1.25,10,0.5,0.01,-36.25433192219278,-44.94336430909146
365,ksqexp,1.25,10,0.5,0,-36.271789416977846,-44.95201036956675
366,ksqexp,1.25,10,1,0.5,-37.56758685819542,-41.995217744131224
367,ksqexp,1.25,10,1,0.1,-33.45862275926807,-39.950778210426655
368,ksqexp,1.25,10,1,0.05,-33.462042809755864,-39.94113860165896
369,ksqexp,1.25,10,1,0.01,-33.47970259788744,-39.94343447296169
370,ksqexp,1.25,10,1,0,-33.480656089040636,-39.94359942522966
371,ksqexp,1.25,10,1.5,0.5,-39.37630268846388,-43.49825287695224
372,ksqexp,1.25,10,1.5,0.1,-35.46760709332595,-41.15157254452694
373,ksqexp,1.25,10,1.5,0.05,-35.36951892252947,-41.08553088049834
374,ksqexp,1.25,10,1.5,0.01,-35.34203133788308,-41.06560126714061
375,ksqexp,1.25,10,1.5,0,-35.34093507977111,-41.064785877176334
376,ksqexp,1.25,25,0.5,0.5,-38.25414178588628,-43.586013157683084
377,ksqexp,1.25,25,0.5,0.1,-35.38844797724087,-45.118278936194024
378,ksqexp,1.25,25,0.5,0.05,-35.97384414179626,-45.48820913580053
379,ksqexp,1.25,25,0.5,0.01,-36.28838395435208,-45.64778584629757
380,ksqexp,1.25,25,0.5,0,-36.303449230552786,-45.65504673656123
381,ksqexp,1.25,25,1,0.5,-38.27993863033897,-42.91181890884414
382,ksqexp,1.25,25,1,0.1,-34.27464973405785,-41.109816360389495
383,ksqexp,1.25,25,1,0.05,-34.26509052738758,-41.09991774806482
384,ksqexp,1.25,25,1,0.01,-34.277741646541806,-41.10168629111672
385,ksqexp,1.25,25,1,0,-34.27847647513711,-41.101824098436595
386,ksqexp,1.25,25,1.5,0.5,-40.18686984392978,-44.49868001710311
387,ksqexp,1.25,25,1.5,0.1,-36.513089040998985,-42.44835043429234
388,ksqexp,1.25,25,1.5,0.05,-36.42089783849527,-42.3922244870633
389,ksqexp,1.25,25,1.5,0.01,-36.39516690736665,-42.37542545100039
390,ksqexp,1.25,25,1.5,0,-36.39414232337912,-42.374739985790406
391,ksqexp,1.5,0.2,0.5,0.5,-75.2287283940759,-81.8699678816498
392,ksqexp,1.5,0.2,0.5,0.1,-977.9474773614485,-1124.1547178898318
393,ksqexp,1.5,0.2,0.5,0.05,-3291.8308710850733,-3596.7404952257034
394,ksqexp,1.5,0.2,0.5,0.01,-56926.47707405275,-54106.456686183345
395,ksqexp,1.5,0.2,0.5,0,-30073077.30035095,-24759396.458194092
396,ksqexp,1.5,0.2,1,0.5,-71.15319391977756,-78.90886829384398
397,ksqexp,1.5,0.2,1,0.1,-899.3009059461095,-1009.5276888597476
398,ksqexp,1.5,0.2,1,0.05,-2933.633601678626,-3119.581880694567
399,ksqexp,1.5,0.2,1,0.01,-53789.87861131243,-50809.84639630621
400,ksqexp,1.5,0.2,1,0,-15036645.134060426,-12379770.610814165
401,ksqexp,1.5,0.2,1.5,0.5,-68.58525400816201,-76.77353504820006
402,ksqexp,1.5,0.2,1.5,0.1,-848.5273957657985,-938.7022050596577
403,ksqexp,1.5,0.2,1.5,0.05,-2755.8710458445603,-2877.167652522791
404,ksqexp,1.5,0.2,1.5,0.01,-51892.83809746049,-49055.926001149084
405,ksqexp,1.5,0.2,1.5,0,-10024437.376888163,-8253180.921253157
406,ksqexp,1.5,0.5,0.5,0.5,-57.11201811545105,-63.91086883980542
407,ksqexp,1.5,0.5,0.5,0.1,-572.1466468800168,-626.8477956388871
408,ksqexp,1.5,0.5,0.5,0.05,-2031.1929316376438,-2139.3044329269014
409,ksqexp,1.5,0.5,0.5,0.01,-35881.947346831985,-35077.71017133793
410,ksqexp,1.5,0.5,0.5,0,-536955.7802059439,-430805.97407876124
411,ksqexp,1.5,0.5,1,0.5,-52.27479369012436,-58.59308443172371
412,ksqexp,1.5,0.5,1,0.1,-535.4720296737667,-576.3891038317602
413,ksqexp,1.5,0.5,1,0.05,-1913.0996627754857,-1974.0753156958021
414,ksqexp,1.5,0.5,1,0.01,-31236.419501125325,-30136.24417693259
415,ksqexp,1.5,0.5,1,0,-268454.37887501984,-215381.24009243865
416,ksqexp,1.5,0.5,1.5,0.5,-50.30352750862352,-56.107663972832995
417,ksqexp,1.5,0.5,1.5,0.1,-515.3858130774877,-548.8799863547657
418,ksqexp,1.5,0.5,1.5,0.05,-1854.3441098866797,-1891.1192659894712
419,ksqexp,1.5,0.5,1.5,0.01,-28604.59872459236,-27246.637551552103
420,ksqexp,1.5,0.5,1.5,0,-178956.6923857319,-143575.77910441242
421,ksqexp,1.5,1,0.5,0.5,-46.15331324530708,-51.370416149894595
422,ksqexp,1.5,1,0.5,0.1,-415.1373963082635,-445.77367697901315
423,ksqexp,1.5,1,0.5,0.05,-1548.8479529716762,-1559.6353709401515
424,ksqexp,1.5,1,0.5,0.01,-15585.939359028233,-15993.68018216337
425,ksqexp,1.5,1,0.5,0,-32265.917377117086,-32634.457088301206
426,ksqexp,1.5,1,1,0.5,-43.94643535220485,-48.75626344032457
427,ksqexp,1.5,1,1,0.1,-403.1285376738768,-417.5196266683565
428,ksqexp,1.5,1,1,0.05,-1416.2369380833095,-1415.630008904668
429,ksqexp,1.5,1,1,0.01,-10359.817455478125,-10632.909594332848
430,ksqexp,1.5,1,1,0,-16123.385915935083,-16309.662255237758
431,ksqexp,1.5,1,1.5,0.5,-43.71239543298026,-48.330890766129706
432,ksqexp,1.5,1,1.5,0.1,-396.2739615705784,-404.249640708314
433,ksqexp,1.5,1,1.5,0.05,-1309.8279608964172,-1311.4459219918365
434,ksqexp,1.5,1,1.5,0.01,-7805.424228840335,-7996.41473747765
435,ksqexp,1.5,1,1.5,0,-10745.332710373574,-10870.85459433238
436,ksqexp,1.5,1.5,0.5,0.5,-42.19137405421487,-47.263716883052666
437,ksqexp,1.5,1.5,0.5,0.1,-320.84586061597224,-339.027078390533
438,ksqexp,1.5,1.5,0.5,0.05,-947.7339757572953,-971.0427963422037
439,ksqexp,1.5,1.5,0.5,0.01,-2603.2037666677716,-3083.591391109615
440,ksqexp,1.5,1.5,0.5,0,-2879.047846574056,-3512.5477134658718
441,ksqexp,1.5,1.5,1,0.5,-40.59832927765234,-45.271326894843774
442,ksqexp,1.5,1.5,1,0.1,-290.50109320812265,-300.4109286262888
443,ksqexp,1.5,1.5,1,0.05,-697.6475140907625,-731.6526799469392
444,ksqexp,1.5,1.5,1,0.01,-1362.4174984717456,-1639.478020786053
445,ksqexp,1.5,1.5,1,0,-1436.9521364035907,-1755.9026068299763
446,ksqexp,1.5,1.5,1.5,0.5,-40.797325051429965,-45.2334070722248
447,ksqexp,1.5,1.5,1.5,0.1,-265.2536877437339,-273.66543018169926
448,ksqexp,1.5,1.5,1.5,0.05,-555.5412991366003,-595.7576939904847
449,ksqexp,1.5,1.5,1.5,0.01,-925.0103378859405,-1119.8969289578627
450,ksqexp,1.5,1.5,1.5,0,-959.0442227482474,-1173.1448941486
451,ksqexp,1.5,2,0.5,0.5,-39.164019239204194,-44.08006928686964
452,ksqexp,1.5,2,0.5,0.1,-206.92534069944355,-220.41435040160076
453,ksqexp,1.5,2,0.5,0.05,-401.6708620303292,-418.22328281932766
454,ksqexp,1.5,2,0.5,0.01,-541.0531857733769,-616.1737477820528
455,ksqexp,1.5,2,0.5,0,-547.6587277139909,-630.9756675114746
456,ksqexp,1.5,2,1,0.5,-38.1105240135374,-42.58773138454343
457,ksqexp,1.5,2,1,0.1,-158.42423131578852,-166.56646722748616
458,ksqexp,1.5,2,1,0.05,-237.4098201294646,-254.3079586601175
459,ksqexp,1.5,2,1,0.01,-273.91462583697404,-315.8689665222983
460,ksqexp,1.5,2,1,0,-275.5113698294504,-319.5974839324134
461,ksqexp,1.5,2,1.5,0.5,-38.734353166765075,-42.985918116776816
462,ksqexp,1.5,2,1.5,0.1,-129.98740732106296,-137.32875163107576
463,ksqexp,1.5,2,1.5,0.05,-171.0328515381573,-187.1473885235684
464,ksqexp,1.5,2,1.5,0.01,-186.90433449277003,-216.9499527497456
465,ksqexp,1.5,2,1.5,0,-187.58624062691752,-218.59541282201067
466,ksqexp,1.5,2.5,0.5,0.5,-37.20191730347646,-42.09341890310858
467,ksqexp,1.5,2.5,0.5,0.1,-117.23560816653703,-126.69112160660075
468,ksqexp,1.5,2.5,0.5,0.05,-168.5842790858413,-170.47789790577153
469,ksqexp,1.5,2.5,0.5,0.01,-189.18233624548856,-189.0474083305434
470,ksqexp,1.5,2.5,0.5,0,-189.65412680574545,-189.7153209338961
471,ksqexp,1.5,2.5,1,0.5,-36.48414982393212,-40.933317978789724
472,ksqexp,1.5,2.5,1,0.1,-80.40819750210653,-85.3307166000697
473,ksqexp,1.5,2.5,1,0.05,-95.50864178896867,-97.96644810208149
474,ksqexp,1.5,2.5,1,0.01,-99.33922252841155,-101.91944106802573
475,ksqexp,1.5,2.5,1,0,-99.41708792288159,-102.05766892212802
476,ksqexp,1.5,2.5,1.5,0.5,-37.31157325592826,-41.5481535041084
477,ksqexp,1.5,2.5,1.5,0.1,-64.759552259727,-68.8618571765162
478,ksqexp,1.5,2.5,1.5,0.05,-70.94776618130491,-74.15074035022056
479,ksqexp,1.5,2.5,1.5,0.01,-72.11060674310376,-75.580096082733
480,ksqexp,1.5,2.5,1.5,0,-72.12873172803519,-75.62910835076528
481,ksqexp,1.5,3,0.5,0.5,-35.99678825222548,-40.949930985835685
482,ksqexp,1.5,3,0.5,0.1,-70.77295572491943,-78.5237564476969
483,ksqexp,1.5,3,0.5,0.05,-89.14265719647544,-90.35839936338391
484,ksqexp,1.5,3,0.5,0.01,-97.49666774264735,-94.69129599375414
485,ksqexp,1.5,3,0.5,0,-97.8300120912101,-94.85457611159606
486,ksqexp,1.5,3,1,0.5,-35.41776526009727,-39.911041353183215
487,ksqexp,1.5,3,1,0.1,-49.169729365519785,-53.656326188819826
488,ksqexp,1.5,3,1,0.05,-53.99415218322776,-56.19226179402974
489,ksqexp,1.5,3,1,0.01,-55.625722774064,-56.89834877507287
490,ksqexp,1.5,3,1,0,-55.68700050944928,-56.923014893163646
491,ksqexp,1.5,3,1.5,0.5,-36.336089851356256,-40.614130654690584
492,ksqexp,1.5,3,1.5,0.1,-42.1698436743352,-46.20959995436024
493,ksqexp,1.5,3,1.5,0.05,-43.918444346484385,-46.9253234134236
494,ksqexp,1.5,3,1.5,0.01,-44.412484603493205,-47.06599858698403
495,ksqexp,1.5,3,1.5,0,-44.42998674847603,-47.06981792017975
496,ksqexp,1.5,3.5,0.5,0.5,-35.29600981059268,-40.35122174114021
497,ksqexp,1.5,3.5,0.5,0.1,-50.60639591099535,-58.58561203105811
498,ksqexp,1.5,3.5,0.5,0.05,-60.520055261829754,-64.37798119118551
499,ksqexp,1.5,3.5,0.5,0.01,-66.08481058299496,-67.22279194459867
500,ksqexp,1.5,3.5,0.5,0,-66.35787767521373,-67.35902344149973
501,ksqexp,1.5,3.5,1,0.5,-34.79023366171215,-39.36126287722277
502,ksqexp,1.5,3.5,1,0.1,-37.74865857628399,-43.094716815367526
503,ksqexp,1.5,3.5,1,0.05,-40.348932695808564,-44.342417928080096
504,ksqexp,1.5,3.5,1,0.01,-41.52102245120172,-44.870947898010506
505,ksqexp,1.5,3.5,1,0,-41.574303965560624,-44.894746765864326
506,ksqexp,1.5,3.5,1.5,0.5,-35.815597087537164,-40.16727989722589
507,ksqexp,1.5,3.5,1.5,0.1,-34.78769553317392,-39.72520740159493
508,ksqexp,1.5,3.5,1.5,0.05,-35.70477578466239,-40.05623649901796
509,ksqexp,1.5,3.5,1.5,0.01,-36.08683006592605,-40.19133181498151
510,ksqexp,1.5,3.5,1.5,0,-36.10376949538071,-40.19731130719845
511,ksqexp,1.5,4,0.5,0.5,-34.92651257484869,-40.099051390318344
512,ksqexp,1.5,4,0.5,0.1,-42.12445582460735,-50.804216843281345
513,ksqexp,1.5,4,0.5,0.05,-49.144449418273744,-55.09424482477644
514,ksqexp,1.5,4,0.5,0.01,-53.376831804149035,-57.40470785247251
515,ksqexp,1.5,4,0.5,0,-53.59210519866024,-57.518606919069896
516,ksqexp,1.5,4,1,0.5,-34.503991868727,-39.16768415597857
517,ksqexp,1.5,4,1,0.1,-33.59099596845927,-39.768068563858726
518,ksqexp,1.5,4,1,0.05,-35.40811929183594,-40.74274595073658
519,ksqexp,1.5,4,1,0.01,-36.299543203839654,-41.19565324820866
520,ksqexp,1.5,4,1,0,-36.34137281681764,-41.216604314948555
521,ksqexp,1.5,4,1.5,0.5,-35.66688526356342,-40.108380896821885
522,ksqexp,1.5,4,1.5,0.1,-32.46780721549804,-38.158086580996184
523,ksqexp,1.5,4,1.5,0.05,-33.08175772641467,-38.43781279638175
524,ksqexp,1.5,4,1.5,0.01,-33.36860094447417,-38.567327679077884
525,ksqexp,1.5,4,1.5,0,-33.38178545598526,-38.57326021349092
526,ksqexp,1.5,6,0.5,0.5,-34.79352224078815,-40.37020493979267
527,ksqexp,1.5,6,0.5,0.1,-34.24860300306402,-44.775298344383494
528,ksqexp,1.5,6,0.5,0.05,-37.719599891098866,-47.139657721609886
529,ksqexp,1.5,6,0.5,0.01,-39.96076106554738,-48.38689413073426
530,ksqexp,1.5,6,0.5,0,-40.07860466137903,-48.4482790062542
531,ksqexp,1.5,6,1,0.5,-34.66702678675311,-39.650222519638824
532,ksqexp,1.5,6,1,0.1,-30.508202284200348,-38.26752406660903
533,ksqexp,1.5,6,1,0.05,-31.255552237758547,-38.74987868234869
534,ksqexp,1.5,6,1,0.01,-31.676080106889412,-38.979740691377486
535,ksqexp,1.5,6,1,0,-31.696604215738645,-38.99047451578518
536,ksqexp,1.5,6,1.5,0.5,-36.21534068374916,-40.9600862876512
537,ksqexp,1.5,6,1.5,0.1,-31.42964965902556,-38.459046233980665
538,ksqexp,1.5,6,1.5,0.05,-31.58491095255281,-38.56847377704986
539,ksqexp,1.5,6,1.5,0.01,-31.688162248894514,-38.625827903083135
540,ksqexp,1.5,6,1.5,0,-31.693260833763354,-38.62852978561695
541,ksqexp,1.5,8,0.5,0.5,-35.18567939241604,-40.99899197938706
542,ksqexp,1.5,8,0.5,0.1,-32.35395386683902,-43.566703828611864
543,ksqexp,1.5,8,0.5,0.05,-34.53707916515681,-45.033788931842736
544,ksqexp,1.5,8,0.5,0.01,-36.119385544023345,-45.84429258523199
545,ksqexp,1.5,8,0.5,0,-36.20580257465161,-45.88515259920978
546,ksqexp,1.5,8,1,0.5,-35.10398231762206,-40.26914199601099
547,ksqexp,1.5,8,1,0.1,-29.90307273155746,-38.170624471604974
548,ksqexp,1.5,8,1,0.05,-30.273837167224364,-38.40924752486868
549,ksqexp,1.5,8,1,0.01,-30.53673100560306,-38.53936746108476
550,ksqexp,1.5,8,1,0,-30.550192536901594,-38.54566140460246
551,ksqexp,1.5,8,1.5,0.5,-36.749063974217805,-41.65490443050394
552,ksqexp,1.5,8,1.5,0.1,-31.421003130131847,-38.85866487323587
553,ksqexp,1.5,8,1.5,0.05,-31.41342410995944,-38.86942575920126
554,ksqexp,1.5,8,1.5,0.01,-31.45332631854212,-38.88878110621442
555,ksqexp,1.5,8,1.5,0,-31.45564595759512,-38.889821106414175
556,ksqexp,1.5,10,0.5,0.5,-35.565277752875275,-41.50618592058581
557,ksqexp,1.5,10,0.5,0.1,-31.705577516371093,-43.330893930762436
558,ksqexp,1.5,10,0.5,0.05,-33.293134263390435,-44.41198891367799
559,ksqexp,1.5,10,0.5,0.01,-34.57433827168266,-45.039185175521176
560,ksqexp,1.5,10,0.5,0,-34.64628211413948,-45.07141791200242
561,ksqexp,1.5,10,1,0.5,-35.46522467760278,-40.736378727712896
562,ksqexp,1.5,10,1,0.1,-29.821528716697074,-38.37871841595441
563,ksqexp,1.5,10,1,0.05,-30.026830705699854,-38.51983567933522
564,ksqexp,1.5,10,1,0.01,-30.219566545525332,-38.60987488345022
565,ksqexp,1.5,10,1,0,-30.229858097423598,-38.61437535307845
566,ksqexp,1.5,10,1.5,0.5,-37.13594009346532,-42.139020717984586
567,ksqexp,1.5,10,1.5,0.1,-31.610584372039746,-39.273114407302856
568,ksqexp,1.5,10,1.5,0.05,-31.534602196029407,-39.24730169019233
569,ksqexp,1.5,10,1.5,0.01,-31.54725997302056,-39.25227840071574
570,ksqexp,1.5,10,1.5,0,-31.54837352514672,-39.25268460012921
571,ksqexp,1.5,25,0.5,0.5,-36.423888027915154,-42.67002478447163
572,ksqexp,1.5,25,0.5,0.1,-31.5117870718257,-44.0758098855356
573,ksqexp,1.5,25,0.5,0.05,-32.61049373951882,-44.87046090632427
574,ksqexp,1.5,25,0.5,0.01,-33.6724408289869,-45.37266463499748
575,ksqexp,1.5,25,0.5,0,-33.734239951728554,-45.39917716009051
576,ksqexp,1.5,25,1,0.5,-36.40271272471572,-41.97867137437178
577,ksqexp,1.5,25,1,0.1,-30.693287727010667,-39.828658974076966
578,ksqexp,1.5,25,1,0.05,-30.810787169921394,-39.93141524141858
579,ksqexp,1.5,25,1,0.01,-30.967177686012644,-40.005108186901325
580,ksqexp,1.5,25,1,0,-30.975839383058382,-40.008871928524286
581,ksqexp,1.5,25,1.5,0.5,-38.198589903273,-43.50070825036175
582,ksqexp,1.5,25,1.5,0.1,-32.93145592182331,-41.02060158336694
583,ksqexp,1.5,25,1.5,0.05,-32.8405462834983,-40.997518260133
584,ksqexp,1.5,25,1.5,0.01,-32.84623534831372,-41.002372364553075
585,ksqexp,1.5,25,1.5,0,-32.8470292934788,-41.002760284703804
586,ksqexp,1.75,0.2,0.5,0.5,-75.9738907090295,-82.38825065203613
587,ksqexp,1.75,0.2,0.5,0.1,-994.5706382644198,-1175.9993193324499
588,ksqexp,1.75,0.2,0.5,0.05,-3570.6953917220326,-4031.773018867863
589,ksqexp,1.75,0.2,0.5,0.01,-63841.64385799751,-63619.44152929581
590,ksqexp,1.75,0.2,0.5,0,-145088381.42094696,-97250328.57477306
591,ksqexp,1.75,0.2,1,0.5,-71.96797617122942,-79.5750648720223
592,ksqexp,1.75,0.2,1,0.1,-939.3677203810242,-1089.0730707350128
593,ksqexp,1.75,0.2,1,0.05,-3266.498991376101,-3605.9651282225727
594,ksqexp,1.75,0.2,1,0.01,-62191.72250933464,-60116.138383113714
595,ksqexp,1.75,0.2,1,0,-72546666.70619722,-48626586.47850578
596,ksqexp,1.75,0.2,1.5,0.5,-69.16537377678954,-77.37725620694243
597,ksqexp,1.75,0.2,1.5,0.1,-905.2793851027088,-1035.0324372534153
598,ksqexp,1.75,0.2,1.5,0.05,-3086.202801056573,-3363.6962370129213
599,ksqexp,1.75,0.2,1.5,0.01,-61227.968495670655,-58457.436256578745
600,ksqexp,1.75,0.2,1.5,0,-48364973.43849353,-32418020.327439293
601,ksqexp,1.75,0.5,0.5,0.5,-59.13733840214339,-66.41216649264025
602,ksqexp,1.75,0.5,0.5,0.1,-628.6679931836397,-701.6231056070104
603,ksqexp,1.75,0.5,0.5,0.05,-2348.8767079883046,-2537.82926012508
604,ksqexp,1.75,0.5,0.5,0.01,-48555.2067420975,-47067.29151276836
605,ksqexp,1.75,0.5,0.5,0,-2027152.6638413365,-1843440.3925307053
606,ksqexp,1.75,0.5,1,0.5,-54.065664232767126,-61.12796791331365
607,ksqexp,1.75,0.5,1,0.1,-606.46240031394575,-665.2028290925235
608,ksqexp,1.75,0.5,1,0.05,-2208.3610143844335,-2354.5027861061562
609,ksqexp,1.75,0.5,1,0.01,-44526.971182164154,-42572.71758002679
610,ksqexp,1.75,0.5,1,0,-1013543.0355760858,-921689.2570183465
611,ksqexp,1.75,0.5,1.5,0.5,-51.63077694405737,-58.320229222962496
612,ksqexp,1.75,0.5,1.5,0.1,-590.7659586431828,-643.4363840703517
613,ksqexp,1.75,0.5,1.5,0.05,-2137.158794024303,-2253.6236634103066
614,ksqexp,1.75,0.5,1.5,0.01,-41204.54459990697,-39417.97958250125
615,ksqexp,1.75,0.5,1.5,0,-675675.8120404507,-614441.5540430092
616,ksqexp,1.75,1,0.5,0.5,-47.014436642620424,-52.3081343122794
617,ksqexp,1.75,1,0.5,0.1,-472.33347424840764,-524.6405197870248
618,ksqexp,1.75,1,0.5,0.05,-1834.9196510709883,-1878.332807217114
619,ksqexp,1.75,1,0.5,0.01,-28540.175501348047,-28848.83679022327
620,ksqexp,1.75,1,0.5,0,-94506.32762789083,-108047.04403225992
621,ksqexp,1.75,1,1,0.5,-44.59447575144814,-49.43753366866554
622,ksqexp,1.75,1,1,0.1,-456.76041079965495,-488.6411238380993
623,ksqexp,1.75,1,1,0.05,-1822.7725582520115,-1813.9685389823169
624,ksqexp,1.75,1,1,0.01,-21149.59520493342,-22014.86697403616
625,ksqexp,1.75,1,1,0,-47235.40798584613,-54008.456951912085
626,ksqexp,1.75,1,1.5,0.5,-44.18638006124422,-48.925269652019296
627,ksqexp,1.75,1,1.5,0.1,-454.95751271875895,-475.4604543715583
628,ksqexp,1.75,1,1.5,0.05,-1790.7481665101839,-1765.0761270063063
629,ksqexp,1.75,1,1.5,0.01,-17019.395643106065,-18046.001406541523
630,ksqexp,1.75,1,1.5,0,-31481.22512103625,-35998.384857119716
631,ksqexp,1.75,1.5,0.5,0.5,-43.31031126541625,-48.46979243523042
632,ksqexp,1.75,1.5,0.5,0.1,-386.5327482303157,-422.3611395832875
633,ksqexp,1.75,1.5,0.5,0.05,-1360.0607489582617,-1398.4650698226233
634,ksqexp,1.75,1.5,0.5,0.01,-5881.683690303753,-6983.279526991781
635,ksqexp,1.75,1.5,0.5,0,-6527.796720948759,-8811.499942472316
636,ksqexp,1.75,1.5,1,0.5,-41.64687361896298,-46.54002937519779
637,ksqexp,1.75,1.5,1,0.1,-369.5674290127822,-391.6490819663561
638,ksqexp,1.75,1.5,1,0.05,-1147.3309933430744,-1171.5444801795086
639,ksqexp,1.75,1.5,1,0.01,-3099.700365465049,-3875.3092101028305
640,ksqexp,1.75,1.5,1,0,-3254.4144833651526,-4399.205144853774
641,ksqexp,1.75,1.5,1.5,0.5,-41.58022583018441,-46.3948184679177
642,ksqexp,1.75,1.5,1.5,0.1,-355.3508125515842,-371.36055115421766
643,ksqexp,1.75,1.5,1.5,0.05,-988.7164153489141,-1016.3668305403042
644,ksqexp,1.75,1.5,1.5,0.01,-2099.2999924772525,-2685.993920647927
645,ksqexp,1.75,1.5,1.5,0,-2166.0777269754485,-2931.2308663063045
646,ksqexp,1.75,2,0.5,0.5,-40.27713006640059,-45.38348603487744
647,ksqexp,1.75,2,0.5,0.1,-276.78499451533827,-305.9832106949619
648,ksqexp,1.75,2,0.5,0.05,-707.0379275782017,-733.270581176752
649,ksqexp,1.75,2,0.5,0.01,-1345.0775558186976,-1401.8664193638485
650,ksqexp,1.75,2,0.5,0,-1363.1256761554014,-1445.1086851912955
651,ksqexp,1.75,2,1,0.5,-38.956477426549476,-43.757125623067985
652,ksqexp,1.75,2,1,0.1,-233.40038033619615,-251.2557974505047
653,ksqexp,1.75,2,1,0.05,-477.8344865142946,-489.6257827433442
654,ksqexp,1.75,2,1,0.01,-673.6984182000855,-710.7635862094434
655,ksqexp,1.75,2,1,0,-676.925056453302,-721.1214317799975
656,ksqexp,1.75,2,1.5,0.5,-39.186400775703866,-43.87990725104705
657,ksqexp,1.75,2,1.5,0.1,-203.88198555262588,-216.72375949464367
658,ksqexp,1.75,2,1.5,0.05,-361.14916913288863,-370.46108350667157
659,ksqexp,1.75,2,1.5,0.01,-449.83420090556245,-478.1107689443273
660,ksqexp,1.75,2,1.5,0,-450.98217330907596,-482.58300403064635
661,ksqexp,1.75,2.5,0.5,0.5,-37.95297062058239,-43.06725605142337
662,ksqexp,1.75,2.5,0.5,0.1,-171.1529445823704,-192.40244950106447
663,ksqexp,1.75,2.5,0.5,0.05,-319.2244794416215,-320.110279501559
664,ksqexp,1.75,2.5,0.5,0.01,-489.71012693427417,-413.0159925723499
665,ksqexp,1.75,2.5,0.5,0,-501.9534533208636,-417.07139116383837
666,ksqexp,1.75,2.5,1,0.5,-36.89388745020759,-41.711023606947045
667,ksqexp,1.75,2.5,1,0.1,-125.25888184565089,-135.7955639523914
668,ksqexp,1.75,2.5,1,0.05,-193.50758397205314,-185.44497648496363
669,ksqexp,1.75,2.5,1,0.01,-246.81706132141824,-209.84223186027705
670,ksqexp,1.75,2.5,1,0,-249.79660606319732,-210.75429837062185
671,ksqexp,1.75,2.5,1.5,0.5,-37.3238012688732,-42.04212137142587
672,ksqexp,1.75,2.5,1.5,0.1,-102.14467395622145,-108.43433580056293
673,ksqexp,1.75,2.5,1.5,0.05,-141.96645076344723,-134.09471544086827
674,ksqexp,1.75,2.5,1.5,0.01,-167.25805068792994,-144.40812419651576
675,ksqexp,1.75,2.5,1.5,0,-168.5349803962793,-144.77259086823588
676,ksqexp,1.75,3,0.5,0.5,-36.29732708075303,-41.50965962185646
677,ksqexp,1.75,3,0.5,0.1,-101.21253500156918,-115.45215002903574
678,ksqexp,1.75,3,0.5,0.05,-157.27420318845927,-151.92137741071562
679,ksqexp,1.75,3,0.5,0.01,-220.93932651347464,-177.50340211261158
680,ksqexp,1.75,3,0.5,0,-225.80247972778238,-179.2347026039249
681,ksqexp,1.75,3,1,0.5,-35.36874123490814,-40.27679500895652
682,ksqexp,1.75,3,1,0.1,-69.52338277244687,-75.70957448943726
683,ksqexp,1.75,3,1,0.05,-93.76316161839175,-87.41462254537153
684,ksqexp,1.75,3,1,0.01,-113.32702016891015,-94.3387423792004
685,ksqexp,1.75,3,1,0,-114.49948963377707,-94.73344424424101
686,ksqexp,1.75,3,1.5,0.5,-35.895153275403736,-40.686854382689475
687,ksqexp,1.75,3,1.5,0.1,-56.946503850338196,-60.79696774760139
688,ksqexp,1.75,3,1.5,0.05,-70.55815689190865,-66.24653854572708
689,ksqexp,1.75,3,1.5,0.01,-79.69392092632228,-69.20082880204136
690,ksqexp,1.75,3,1.5,0,-80.18914969662342,-69.35701488889424
691,ksqexp,1.75,3.5,0.5,0.5,-35.15314000214193,-40.50238667668564
692,ksqexp,1.75,3.5,0.5,0.1,-65.2047403879427,-75.98392085298231
693,ksqexp,1.75,3.5,0.5,0.05,-92.33991984326192,-90.39582582163354
694,ksqexp,1.75,3.5,0.5,0.01,-122.63828703371165,-103.1690129158877
695,ksqexp,1.75,3.5,0.5,0,-124.85059263239143,-104.09768675637775
696,ksqexp,1.75,3.5,1,0.5,-34.28300958726968,-39.29334289685705
697,ksqexp,1.75,3.5,1,0.1,-45.59350072346385,-51.10971128254982
698,ksqexp,1.75,3.5,1,0.05,-56.782610678324616,-55.75487921032641
699,ksqexp,1.75,3.5,1,0.01,-65.67935798334553,-59.268419409505476
700,ksqexp,1.75,3.5,1,0,-66.19945707734625,-59.47781413600201
701,ksqexp,1.75,3.5,1.5,0.5,-34.88911003223965,-39.753254152648445
702,ksqexp,1.75,3.5,1.5,0.1,-39.26214640008011,-43.69039761285254
703,ksqexp,1.75,3.5,1.5,0.05,-45.22802042748982,-45.82857935265863
704,ksqexp,1.75,3.5,1.5,0.01,-49.22589418500408,-47.31342202005845
705,ksqexp,1.75,3.5,1.5,0,-49.43973532302097,-47.395180028102814
706,ksqexp,1.75,4,0.5,0.5,-34.39663783639053,-39.89440481956634
707,ksqexp,1.75,4,0.5,0.1,-48.55700105721961,-58.37789318403862
708,ksqexp,1.75,4,0.5,0.05,-65.3945979596522,-67.2317795640131
709,ksqexp,1.75,4,0.5,0.01,-83.77932337454266,-75.7079247914148
710,ksqexp,1.75,4,0.5,0,-85.07869017538381,-76.29346844540264
711,ksqexp,1.75,4,1,0.5,-33.58782159208087,-38.70233437975155
712,ksqexp,1.75,4,1,0.1,-35.84901996910488,-41.9813459465759
713,ksqexp,1.75,4,1,0.05,-42.441481242809296,-44.939678100196446
714,ksqexp,1.75,4,1,0.01,-47.61669278059376,-47.21278114272364
715,ksqexp,1.75,4,1,0,-47.91428568724484,-47.343231557037576
716,ksqexp,1.75,4,1.5,0.5,-34.31683608625902,-39.25936744660601
717,ksqexp,1.75,4,1.5,0.1,-32.64064533578947,-38.14744174239885
718,ksqexp,1.75,4,1.5,0.05,-35.96208367513338,-39.49481824120389
719,ksqexp,1.75,4,1.5,0.01,-38.19809776046045,-40.43354276588984
720,ksqexp,1.75,4,1.5,0,-38.316807622980825,-40.48380936024417
721,ksqexp,1.75,6,0.5,0.5,-33.46019624001544,-39.487086057967765
722,ksqexp,1.75,6,0.5,0.1,-33.98747378833333,-45.5138327580011
723,ksqexp,1.75,6,0.5,0.05,-40.3365193845134,-50.00497806867839
724,ksqexp,1.75,6,0.5,0.01,-47.39097582997181,-53.56035103487446
725,ksqexp,1.75,6,0.5,0,-47.9122906526486,-53.78486904476742
726,ksqexp,1.75,6,1,0.5,-33.070210281443984,-38.57829203769135
727,ksqexp,1.75,6,1,0.1,-28.54121805729145,-37.40388177696134
728,ksqexp,1.75,6,1,0.05,-30.48245008475646,-38.67744708505121
729,ksqexp,1.75,6,1,0.01,-32.275100736203576,-39.53758373749983
730,ksqexp,1.75,6,1,0,-32.384265977821116,-39.58475313650376
731,ksqexp,1.75,6,1.5,0.5,-34.34434411257717,-39.64148442910333
732,ksqexp,1.75,6,1.5,0.1,-28.55964787537326,-36.81970574973917
733,ksqexp,1.75,6,1.5,0.05,-29.288730737449594,-37.305186310207425
734,ksqexp,1.75,6,1.5,0.01,-29.960457915267433,-37.625256530982846
735,ksqexp,1.75,6,1.5,0,-29.9989145189207,-37.64203793352868
736,ksqexp,1.75,8,0.5,0.5,-33.587287375434315,-39.95093066290075
737,ksqexp,1.75,8,0.5,0.1,-31.42337577216924,-44.02875273313395
738,ksqexp,1.75,8,0.5,0.05,-35.22254007881729,-47.07832328470413
739,ksqexp,1.75,8,0.5,0.01,-40.48071232112487,-49.61680081278551
740,ksqexp,1.75,8,0.5,0,-40.90399232709629,-49.78485804089789
741,ksqexp,1.75,8,1,0.5,-33.39269925280061,-39.15961325078774
742,ksqexp,1.75,8,1,0.1,-27.546101263940947,-37.36654535704811
743,ksqexp,1.75,8,1,0.05,-28.579544403895966,-38.16183170507541
744,ksqexp,1.75,8,1,0.01,-29.90134151184298,-38.76490183162404
745,ksqexp,1.75,8,1,0,-29.98765440151636,-38.79937616671628
746,ksqexp,1.75,8,1.5,0.5,-34.87779993451412,-40.41171543627132
747,ksqexp,1.75,8,1.5,0.1,-28.349689018851162,-37.43344571167614
748,ksqexp,1.75,8,1.5,0.05,-28.640238486278317,-37.70150446791831
749,ksqexp,1.75,8,1.5,0.01,-29.11044577979545,-37.91640377837309
750,ksqexp,1.75,8,1.5,0,-29.13953185915065,-37.92820564183906
751,ksqexp,1.75,10,0.5,0.5,-33.897048939160086,-40.469113625877064
752,ksqexp,1.75,10,0.5,0.1,-30.39816095097494,-43.514483374788576
753,ksqexp,1.75,10,0.5,0.05,-33.05667214997939,-45.85140939033502
754,ksqexp,1.75,10,0.5,0.01,-37.554981322895884,-47.951048100331946
755,ksqexp,1.75,10,0.5,0,-37.9357183691407,-48.09537184254062
756,ksqexp,1.75,10,1,0.5,-33.72926122504216,-39.65934257037691
757,ksqexp,1.75,10,1,0.1,-27.24859105848929,-37.48245208675046
758,ksqexp,1.75,10,1,0.05,-27.909502840249786,-38.06459498678732
759,ksqexp,1.75,10,1,0.01,-29.035880231079325,-38.560288489563284
760,ksqexp,1.75,10,1,0,-29.112447943765737,-38.58950515426204
761,ksqexp,1.75,10,1.5,0.5,-35.276722349042316,-40.95635875168987
762,ksqexp,1.75,10,1.5,0.1,-28.42912297779187,-37.85296201511262
763,ksqexp,1.75,10,1.5,0.05,-28.548508673889387,-38.029681984458485
764,ksqexp,1.75,10,1.5,0.01,-28.936838322040504,-38.201761823202055
765,ksqexp,1.75,10,1.5,0,-28.962014568187318,-38.21153969138249
766,ksqexp,1.75,25,0.5,0.5,-34.91544602636874,-41.92045033588968
767,ksqexp,1.75,25,0.5,0.1,-29.591567812406826,-44.026723668165396
768,ksqexp,1.75,25,0.5,0.05,-31.04474511750523,-45.65695808981794
769,ksqexp,1.75,25,0.5,0.01,-34.83821900410815,-47.37152415040332
770,ksqexp,1.75,25,0.5,0,-35.18046549541841,-47.49570642859996
771,ksqexp,1.75,25,1,0.5,-34.81320850766554,-41.17880651971704
772,ksqexp,1.75,25,1,0.1,-27.952798809674523,-39.06380825015696
773,ksqexp,1.75,25,1,0.05,-28.32101057995455,-39.4984464012766
774,ksqexp,1.75,25,1,0.01,-29.294357321764423,-39.919359515635435
775,ksqexp,1.75,25,1,0,-29.363213130175215,-39.944882658616095
776,ksqexp,1.75,25,1.5,0.5,-36.49761902681425,-42.61447629795648
777,ksqexp,1.75,25,1.5,0.1,-29.83194911587949,-39.91766605075618
778,ksqexp,1.75,25,1.5,0.05,-29.85532713063282,-40.05847558756682
779,ksqexp,1.75,25,1.5,0.01,-30.192165519855237,-40.20985581249464
780,ksqexp,1.75,25,1.5,0,-30.214785774692924,-40.218598168530086
781,ksqexp,2,0.2,0.5,0.5,-76.46559544297654,-82.64654501212817
782,ksqexp,2,0.2,0.5,0.1,-1003.179104793591,-1212.0399858602023
783,ksqexp,2,0.2,0.5,0.05,-3700.035133055911,-4315.542647190913
784,ksqexp,2,0.2,0.5,0.01,-69428.16449445611,-72981.73220401909
785,ksqexp,2,0.2,0.5,0,-645217237.020213,-392490855.1669147
786,ksqexp,2,0.2,1,0.5,-72.77644079963856,-80.10369312379198
787,ksqexp,2,0.2,1,0.1,-951.1935338783012,-1137.043247925411
788,ksqexp,2,0.2,1,0.05,-3486.7671231505,-3963.2025982437412
789,ksqexp,2,0.2,1,0.01,-66936.06127334601,-68774.94641758132
790,ksqexp,2,0.2,1,0,-322647351.71517116,-196264998.62258825
791,ksqexp,2,0.2,1.5,0.5,-70.03573429197492,-78.0247992690006
792,ksqexp,2,0.2,1.5,0.1,-926.7038669420092,-1095.000193188253
793,ksqexp,2,0.2,1.5,0.05,-3344.519784894427,-3744.0297734305504
794,ksqexp,2,0.2,1.5,0.01,-66085.20549987663,-66869.87612857296
795,ksqexp,2,0.2,1.5,0,-215106817.84732017,-130847657.92223017
796,ksqexp,2,0.5,0.5,0.5,-60.761019860069744,-68.2548946577123
797,ksqexp,2,0.5,0.5,0.1,-656.9362604371837,-749.8383541308369
798,ksqexp,2,0.5,0.5,0.05,-2599.5616557845606,-2845.970865620483
799,ksqexp,2,0.5,0.5,0.01,-54459.99876557926,-54899.61727341778
800,ksqexp,2,0.5,0.5,0,-6732181.031178215,-7201060.51941158
801,ksqexp,2,0.5,1,0.5,-55.87473528750894,-63.340256141634654
802,ksqexp,2,0.5,1,0.1,-645.4689172567081,-720.0794294864644
803,ksqexp,2,0.5,1,0.05,-2512.526505241977,-2726.1510832357844
804,ksqexp,2,0.5,1,0.01,-54452.89033906731,-52948.16083423579
805,ksqexp,2,0.5,1,0,-3366050.396570252,-3600493.575329049
806,ksqexp,2,0.5,1.5,0.5,-53.3384499842721,-60.565125420150935
807,ksqexp,2,0.5,1.5,0.1,-641.8746345642802,-709.076369027233
808,ksqexp,2,0.5,1.5,0.05,-2436.8672776122735,-2630.9888580177044
809,ksqexp,2,0.5,1.5,0.01,-54123.45955033135,-51591.142331916635
810,ksqexp,2,0.5,1.5,0,-2244008.0645948607,-2400305.667015412
811,ksqexp,2,1,0.5,0.5,-47.8578076454682,-53.26331360205827
812,ksqexp,2,1,0.5,0.1,-530.3576606074602,-603.039292692316
813,ksqexp,2,1,0.5,0.05,-2016.0950426159066,-2153.135015175867
814,ksqexp,2,1,0.5,0.01,-43664.93845913449,-42738.37924786568
815,ksqexp,2,1,0.5,0,-252572.60429281674,-322560.32556496
816,ksqexp,2,1,1,0.5,-45.239262164627426,-49.99173192749348
817,ksqexp,2,1,1,0.1,-508.83633023859977,-565.7714767095307
818,ksqexp,2,1,1,0.05,-2009.311274836223,-2069.3197553958735
819,ksqexp,2,1,1,0.01,-36183.01040448451,-36017.61543418493
820,ksqexp,2,1,1,0,-126260.25244402346,-161257.43947555183
821,ksqexp,2,1,1.5,0.5,-44.671161848808666,-49.26147993870497
822,ksqexp,2,1,1.5,0.1,-500.4999767449451,-545.785434120362
823,ksqexp,2,1,1.5,0.05,-2020.8732535549286,-2044.0307394541887
824,ksqexp,2,1,1.5,0.01,-31233.856110788074,-31603.633695643945
825,ksqexp,2,1,1.5,0,-84158.92443266537,-107492.59841934094
826,ksqexp,2,1.5,0.5,0.5,-44.028284331145606,-49.11862813387603
827,ksqexp,2,1.5,0.5,0.1,-443.3365747919795,-499.29480821820687
828,ksqexp,2,1.5,0.5,0.05,-1643.7824699917517,-1757.8877624913873
829,ksqexp,2,1.5,0.5,0.01,-12186.71465489399,-13483.898701843449
830,ksqexp,2,1.5,0.5,0,-14878.207447850655,-20287.438672070253
831,ksqexp,2,1.5,1,0.5,-42.465555742485584,-47.2600239393529
832,ksqexp,2,1.5,1,0.1,-427.0528490981577,-470.3462034804717
833,ksqexp,2,1.5,1,0.05,-1492.980107476497,-1570.4894751651689
834,ksqexp,2,1.5,1,0.01,-6899.6362112924635,-8066.598968880088
835,ksqexp,2,1.5,1,0,-7422.581566902386,-10130.844777760412
836,ksqexp,2,1.5,1.5,0.5,-42.344826655897734,-47.14768386128322
837,ksqexp,2,1.5,1.5,0.1,-417.1515636793731,-453.4908101117306
838,ksqexp,2,1.5,1.5,0.05,-1366.1093383630846,-1428.9408758024117
839,ksqexp,2,1.5,1.5,0.01,-4769.110438669838,-5762.115326715249
840,ksqexp,2,1.5,1.5,0,-4940.1635979689245,-6748.104124894544
841,ksqexp,2,2,0.5,0.5,-41.28786832983607,-46.41668943870891
842,ksqexp,2,2,0.5,0.1,-340.21923378333696,-388.11837625326405
843,ksqexp,2,2,0.5,0.05,-981.0614506175183,-1074.8990413645874
844,ksqexp,2,2,0.5,0.01,-3293.0523903559133,-3061.7981881761298
845,ksqexp,2,2,0.5,0,-3992.665928336228,-3439.01573154405
846,ksqexp,2,2,1,0.5,-39.9806944760062,-44.83844831518558
847,ksqexp,2,2,1,0.1,-298.2365690475973,-335.9213597173243
848,ksqexp,2,2,1,0.05,-730.5401380906584,-783.8894639398577
849,ksqexp,2,2,1,0.01,-1779.899642845217,-1608.4774092140633
850,ksqexp,2,2,1,0,-1985.1929519255193,-1712.331442521097
851,ksqexp,2,2,1.5,0.5,-40.04366130363152,-44.875652322364445
852,ksqexp,2,2,1.5,0.1,-268.6753444632595,-300.2430891286501
853,ksqexp,2,2,1.5,0.05,-591.3234444873374,-624.6774708774027
854,ksqexp,2,2,1.5,0.01,-1221.6436954109968,-1091.70911672996
855,ksqexp,2,2,1.5,0,-1318.8259487348341,-1139.5606690764812
856,ksqexp,2,2.5,0.5,0.5,-38.94545227622806,-44.099211760316926
857,ksqexp,2,2.5,0.5,0.1,-230.17558836804778,-268.5249220153861
858,ksqexp,2,2.5,0.5,0.05,-492.2962835479656,-535.1810881949352
859,ksqexp,2,2.5,0.5,0.01,-1290.8231683698946,-978.8863225574735
860,ksqexp,2,2.5,0.5,0,-1549.0103047695025,-1087.4551315305082
861,ksqexp,2,2.5,1,0.5,-37.7984630681372,-42.71789916205597
862,ksqexp,2,2.5,1,0.1,-175.60160282992214,-201.91913052062844
863,ksqexp,2,2.5,1,0.05,-323.56219369212516,-330.73655141390935
864,ksqexp,2,2.5,1,0.01,-693.3126833389,-509.7382657933516
865,ksqexp,2,2.5,1,0,-767.3113830327515,-540.679817198463
866,ksqexp,2,2.5,1.5,0.5,-37.98939898211092,-42.89608724383802
867,ksqexp,2,2.5,1.5,0.1,-145.5478481362277,-165.02618561836533
868,ksqexp,2,2.5,1.5,0.05,-249.68301628431507,-244.19153906796652
869,ksqexp,2,2.5,1.5,0.01,-475.02078283056244,-346.83328832473205
870,ksqexp,2,2.5,1.5,0,-509.53573216034107,-361.2120356892102
871,ksqexp,2,3,0.5,0.5,-37.1133768172512,-42.37932264019436
872,ksqexp,2,3,0.5,0.1,-143.62124095893782,-170.20895280482569
873,ksqexp,2,3,0.5,0.05,-250.71342043206997,-259.57779801912034
874,ksqexp,2,3,0.5,0.01,-544.6233197147137,-396.6356346937808
875,ksqexp,2,3,0.5,0,-606.8303798351717,-424.67076884459436
876,ksqexp,2,3,1,0.5,-36.020080479118285,-41.09342807629428
877,ksqexp,2,3,1,0.1,-98.85506673005183,-113.76826669181263
878,ksqexp,2,3,1,0.05,-157.56424728956267,-150.1931283191366
879,ksqexp,2,3,1,0.01,-282.79971986224245,-205.1851612656515
880,ksqexp,2,3,1,0,-299.52623342439387,-212.7119568113386
881,ksqexp,2,3,1.5,0.5,-36.268015950962464,-41.32542764819013
882,ksqexp,2,3,1.5,0.1,-79.36273966154494,-89.07763993790901
883,ksqexp,2,3,1.5,0.05,-120.4125478521272,-110.42603905716625
884,ksqexp,2,3,1.5,0.01,-192.307469060051,-141.45469782654644
885,ksqexp,2,3,1.5,0,-199.88217463746147,-144.84967619556426
886,ksqexp,2,3.5,0.5,0.5,-35.708175214203614,-41.14027671626531
887,ksqexp,2,3.5,0.5,0.1,-90.95975426873605,-108.1825155726538
888,ksqexp,2,3.5,0.5,0.05,-143.444529649078,-141.68262445752416
889,ksqexp,2,3.5,0.5,0.01,-267.5438394608336,-198.95289161819602
890,ksqexp,2,3.5,0.5,0,-286.4489521307095,-208.03023950393253
891,ksqexp,2,3.5,1,0.5,-34.61067849335979,-39.84799863277443
892,ksqexp,2,3.5,1,0.1,-60.777378943533364,-69.35747631583484
893,ksqexp,2,3.5,1,0.05,-88.93997512305432,-83.02269003832447
894,ksqexp,2,3.5,1,0.01,-137.09438767649326,-104.88675177970458
895,ksqexp,2,3.5,1,0,-141.97384009222074,-107.22446043834137
896,ksqexp,2,3.5,1.5,0.5,-34.89515718625719,-40.080587473578056
897,ksqexp,2,3.5,1.5,0.1,-49.66534213821602,-55.47013103108191
898,ksqexp,2,3.5,1.5,0.05,-68.4929520969773,-63.642588349167134
899,ksqexp,2,3.5,1.5,0.01,-94.44730434965375,-75.38373080078829
900,ksqexp,2,3.5,1.5,0,-96.60612615537107,-76.41319083816475
901,ksqexp,2,4,0.5,0.5,-34.65678595824455,-40.2683014044065
902,ksqexp,2,4,0.5,0.1,-63.76485676159228,-75.62866133875414
903,ksqexp,2,4,0.5,0.05,-96.22230444617969,-93.38873799969824
904,ksqexp,2,4,0.5,0.01,-164.5570529375291,-126.20025463863465
905,ksqexp,2,4,0.5,0,-173.4909165881849,-130.50288248658313
906,ksqexp,2,4,1,0.5,-33.55445374745394,-38.93400073815802
907,ksqexp,2,4,1,0.1,-43.72793505779617,-50.0017684392785
908,ksqexp,2,4,1,0.05,-60.337546642868276,-57.81541549528587
909,ksqexp,2,4,1,0.01,-85.23656448135273,-69.63342850760729
910,ksqexp,2,4,1,0,-87.48581584499097,-70.7145931942775
911,ksqexp,2,4,1.5,0.5,-33.909100428027536,-39.19085088713072
912,ksqexp,2,4,1.5,0.1,-37.2659535804638,-42.33654184137609
913,ksqexp,2,4,1.5,0.05,-47.77635623578312,-47.036783217291365
914,ksqexp,2,4,1.5,0.01,-60.63196835473829,-53.107633175048065
915,ksqexp,2,4,1.5,0,-61.608105686030314,-53.57582019146024
916,ksqexp,2,6,0.5,0.5,-32.83833931924311,-39.089553276366345
917,ksqexp,2,6,0.5,0.1,-38.85038761914389,-48.290019286544705
918,ksqexp,2,6,0.5,0.05,-50.83343322171394,-56.44139317149728
919,ksqexp,2,6,0.5,0.01,-72.73768065187024,-67.07214619044355
920,ksqexp,2,6,0.5,0,-75.81666727841117,-68.18569827892047
921,ksqexp,2,6,1,0.5,-32.07437370401286,-37.922728910366025
922,ksqexp,2,6,1,0.1,-29.973001307165248,-37.7508784286347
923,ksqexp,2,6,1,0.05,-34.404160813748,-40.76826034472852
924,ksqexp,2,6,1,0.01,-41.93914553347453,-44.1196461868185
925,ksqexp,2,6,1,0,-42.681990305707316,-44.386295316152086
926,ksqexp,2,6,1.5,0.5,-33.00743228513345,-38.668960265403584
927,ksqexp,2,6,1.5,0.1,-28.2076678067735,-36.03816476962589
928,ksqexp,2,6,1.5,0.05,-30.44129420199532,-37.56041870314868
929,ksqexp,2,6,1.5,0.01,-34.12086676519338,-39.133563214090096
930,ksqexp,2,6,1.5,0,-34.42775474414729,-39.243817760543045
931,ksqexp,2,8,0.5,0.5,-32.61869084353664,-39.30545686708397
932,ksqexp,2,8,0.5,0.1,-35.28248471123568,-46.31366075928219
933,ksqexp,2,8,0.5,0.05,-42.13641604997582,-52.14080451082084
934,ksqexp,2,8,0.5,0.01,-58.3561059197897,-59.55352096074297
935,ksqexp,2,8,0.5,0,-61.016470325105985,-60.38194274118202
936,ksqexp,2,8,1,0.5,-32.16511156619384,-38.36504667385546
937,ksqexp,2,8,1,0.1,-28.22291471785371,-37.73080144121989
938,ksqexp,2,8,1,0.05,-30.306229926307115,-39.668830331333346
939,ksqexp,2,8,1,0.01,-36.139429565176684,-42.01104143154019
940,ksqexp,2,8,1,0,-36.779410524100136,-42.20790891142462
941,ksqexp,2,8,1.5,0.5,-33.42574306556334,-39.42235781243447
942,ksqexp,2,8,1.5,0.1,-27.412942816617036,-36.85032631040932
943,ksqexp,2,8,1.5,0.05,-28.342839886366406,-37.766478128417155
944,ksqexp,2,8,1.5,0.01,-31.228361187117777,-38.860029225394115
945,ksqexp,2,8,1.5,0,-31.49104735361033,-38.94055440050398
946,ksqexp,2,10,0.5,0.5,-32.766203710249584,-39.737216469484636
947,ksqexp,2,10,0.5,0.1,-33.8130617154806,-45.55674088799715
948,ksqexp,2,10,0.5,0.05,-38.706138677249214,-50.28417061205241
949,ksqexp,2,10,0.5,0.01,-53.34525492481922,-56.73186144862168
950,ksqexp,2,10,0.5,0,-55.910440556520385,-57.49271846795541
951,ksqexp,2,10,1,0.5,-32.410867738299885,-38.83904117098643
952,ksqexp,2,10,1,0.1,-27.629696634758233,-37.802672919388996
953,ksqexp,2,10,1,0.05,-28.978157349516767,-39.343730524386004
954,ksqexp,2,10,1,0.01,-34.39444115218382,-41.42054190911903
955,ksqexp,2,10,1,0,-35.012326491227185,-41.60160315419327
956,ksqexp,2,10,1.5,0.5,-33.789897805675714,-39.996143485155066
957,ksqexp,2,10,1.5,0.1,-27.300858115445514,-37.31767059813984
958,ksqexp,2,10,1.5,0.05,-27.87475698126316,-38.043177144056834
959,ksqexp,2,10,1.5,0.01,-30.58321846511613,-39.0211376418791
960,ksqexp,2,10,1.5,0,-30.836945232759867,-39.09522148202222
961,ksqexp,2,25,0.5,0.5,-33.81287527885641,-41.39423079274775
962,ksqexp,2,25,0.5,0.1,-32.15301928562192,-45.63541102850183
963,ksqexp,2,25,0.5,0.05,-34.65755158905113,-48.975035174562535
964,ksqexp,2,25,0.5,0.01,-47.53338394255116,-54.45769408880106
965,ksqexp,2,25,0.5,0,-49.973127463829215,-55.15351836064831
966,ksqexp,2,25,1,0.5,-33.522754768032826,-40.55158595995586
967,ksqexp,2,25,1,0.1,-27.878503508124545,-39.32320241009641
968,ksqexp,2,25,1,0.05,-28.537947732788872,-40.49973489384941
969,ksqexp,2,25,1,0.01,-33.511353720171414,-42.346605904823896
970,ksqexp,2,25,1,0,-34.10124671442864,-42.5136707404077
971,ksqexp,2,25,1.5,0.5,-35.05651054428279,-41.86782612478388
972,ksqexp,2,25,1.5,0.1,-28.52130913207351,-39.532701228583505
973,ksqexp,2,25,1.5,0.05,-28.826370242612843,-40.13026459985268
974,ksqexp,2,25,1.5,0.01,-31.358274177634122,-41.02207958838915
975,ksqexp,2,25,1.5,0,-31.601276561424477,-41.09104496616468
976,ksqexp,2.25,0.2,0.5,0.5,-76.69990851365758,-82.67241660604299
977,ksqexp,2.25,0.2,0.5,0.1,-1027.6894326954346,-1252.7969540876888
978,ksqexp,2.25,0.2,0.5,0.05,-3760.523099763152,-4528.783288435618
979,ksqexp,2.25,0.2,0.5,0.01,-75118.96059346908,-80398.57186539852
980,ksqexp,2.25,0.2,0.5,0,-1894564731.685429,-1314864588.0684373
981,ksqexp,2.25,0.2,1,0.5,-73.30212761809432,-80.33006645044752
982,ksqexp,2.25,0.2,1,0.1,-965.0798532360736,-1179.9549265316293
983,ksqexp,2.25,0.2,1,0.05,-3582.053800621677,-4221.8583229760125
984,ksqexp,2.25,0.2,1,0.01,-72637.63811260906,-76802.21444936613
985,ksqexp,2.25,0.2,1,0,-947621464.9667568,-657623100.6938944
986,ksqexp,2.25,0.2,1.5,0.5,-70.71233381499255,-78.37578911723469
987,ksqexp,2.25,0.2,1.5,0.1,-939.1189216292088,-1142.408218769471
988,ksqexp,2.25,0.2,1.5,0.05,-3466.1242344748493,-4019.2045816640157
989,ksqexp,2.25,0.2,1.5,0.01,-71380.75971016436,-74952.94562544372
990,ksqexp,2.25,0.2,1.5,0,-631823004.276655,-438457793.424607
991,ksqexp,2.25,0.5,0.5,0.5,-61.923895793778165,-69.48469298067695
992,ksqexp,2.25,0.5,0.5,0.1,-683.1811289116902,-791.9520045075842
993,ksqexp,2.25,0.5,0.5,0.05,-2696.2162218326393,-2995.8994319585
994,ksqexp,2.25,0.5,0.5,0.01,-58760.47398941104,-61495.988006458174
995,ksqexp,2.25,0.5,0.5,0,-21529587.748135917,-26110365.719775785
996,ksqexp,2.25,0.5,1,0.5,-57.25852363150636,-64.883438136203
997,ksqexp,2.25,0.5,1,0.1,-659.7310264874832,-749.166974571233
998,ksqexp,2.25,0.5,1,0.05,-2699.1839778091567,-2966.3589940907973
999,ksqexp,2.25,0.5,1,0.01,-57266.63905975112,-58349.75903189319
1000,ksqexp,2.25,0.5,1,0,-10764772.414363705,-13055181.442484288
1001,ksqexp,2.25,0.5,1.5,0.5,-54.85629260411617,-62.299190799615594
1002,ksqexp,2.25,0.5,1.5,0.1,-658.4092992141412,-739.4522786131313
1003,ksqexp,2.25,0.5,1.5,0.05,-2680.5854709307123,-2932.327424158586
1004,ksqexp,2.25,0.5,1.5,0.01,-57394.96735062245,-57401.65307489693
1005,ksqexp,2.25,0.5,1.5,0,-7176489.253002384,-8703434.72782634
1006,ksqexp,2.25,1,0.5,0.5,-48.63857194047057,-54.25663782124376
1007,ksqexp,2.25,1,0.5,0.1,-575.5248362758945,-656.2757534663381
1008,ksqexp,2.25,1,0.5,0.05,-2214.4547395657783,-2452.258587563236
1009,ksqexp,2.25,1,0.5,0.01,-53909.9386685503,-53243.769148079744
1010,ksqexp,2.25,1,0.5,0,-625520.8363398601,-873268.3927301833
1011,ksqexp,2.25,1,1,0.5,-45.75677731665554,-50.49300502159949
1012,ksqexp,2.25,1,1,0.1,-557.8169099068366,-634.1936369444522
1013,ksqexp,2.25,1,1,0.05,-2171.2280139014697,-2331.5245693920488
1014,ksqexp,2.25,1,1,0.01,-49689.707284142896,-48914.42158508636
1015,ksqexp,2.25,1,1,0,-312726.23507054476,-436603.9179606123
1016,ksqexp,2.25,1,1.5,0.5,-45.05245076668726,-49.45614031291784
1017,ksqexp,2.25,1,1.5,0.1,-549.1765247018238,-618.064021233176
1018,ksqexp,2.25,1,1.5,0.05,-2161.950491298307,-2278.636196143159
1019,ksqexp,2.25,1,1.5,0.01,-45774.44316622122,-45261.33835527371
1020,ksqexp,2.25,1,1.5,0,-208464.15591226,-291051.8644472068
1021,ksqexp,2.25,1.5,0.5,0.5,-44.333553181350226,-49.350929644599006
1022,ksqexp,2.25,1.5,0.5,0.1,-494.1863222926568,-562.493284852431
1023,ksqexp,2.25,1.5,0.5,0.05,-1872.281813785958,-2068.7400267813027
1024,ksqexp,2.25,1.5,0.5,0.01,-20128.68911602129,-21890.988797225633
1025,ksqexp,2.25,1.5,0.5,0,-37985.91613743958,-45595.206798657055
1026,ksqexp,2.25,1.5,1,0.5,-42.79326460918568,-47.365186895116636
1027,ksqexp,2.25,1.5,1,0.1,-478.39940373330336,-539.3721844742604
1028,ksqexp,2.25,1.5,1,0.05,-1762.6045037246197,-1920.813933742209
1029,ksqexp,2.25,1.5,1,0.01,-13079.740630336246,-14487.952485083288
1030,ksqexp,2.25,1.5,1,0,-18969.314395234043,-22778.28424663347
1031,ksqexp,2.25,1.5,1.5,0.5,-42.706081876310236,-47.25799752405656
1032,ksqexp,2.25,1.5,1.5,0.1,-469.2794284799327,-525.3599235926702
1033,ksqexp,2.25,1.5,1.5,0.05,-1668.6608551379193,-1806.3188230117635
1034,ksqexp,2.25,1.5,1.5,0.01,-9737.726342100963,-10927.918294156436
1035,ksqexp,2.25,1.5,1.5,0,-12633.237772917437,-15175.43399417592
1036,ksqexp,2.25,2,0.5,0.5,-41.883693135617655,-46.964553006405325
1037,ksqexp,2.25,2,0.5,0.1,-403.5025992815654,-463.5113207355262
1038,ksqexp,2.25,2,0.5,0.05,-1264.1818125358584,-1434.0964253368568
1039,ksqexp,2.25,2,0.5,0.01,-6109.923142549832,-5784.883840906367
1040,ksqexp,2.25,2,0.5,0,-13229.312269588085,-9222.044786299979
1041,ksqexp,2.25,2,1,0.5,-40.65706349141496,-45.41138105907939
1042,ksqexp,2.25,2,1,0.1,-364.51908162896365,-418.6782848268919
1043,ksqexp,2.25,2,1,0.05,-992.1196650492141,-1121.2302868780284
1044,ksqexp,2.25,2,1,0.01,-3844.281133044901,-3327.458542459617
1045,ksqexp,2.25,2,1,0,-6596.940043295897,-4598.004898466454
1046,ksqexp,2.25,2,1.5,0.5,-40.71860006418225,-45.4648535993699
1047,ksqexp,2.25,2,1.5,0.1,-336.0108755062929,-385.83936429115
1048,ksqexp,2.25,2,1.5,0.05,-826.3715309793546,-929.463376187743
1049,ksqexp,2.25,2,1.5,0.01,-2880.2638289986694,-2375.854526264092
1050,ksqexp,2.25,2,1.5,0,-4388.939928542743,-3059.4489132321705
1051,ksqexp,2.25,2.5,0.5,0.5,-39.73863151825476,-44.84552449966903
1052,ksqexp,2.25,2.5,0.5,0.1,-296.7805930083713,-348.0112931354003
1053,ksqexp,2.25,2.5,0.5,0.05,-706.4090143905131,-812.8849145168217
1054,ksqexp,2.25,2.5,0.5,0.01,-2632.686645100848,-2057.9565588104106
1055,ksqexp,2.25,2.5,0.5,0,-4793.758990294017,-3067.2392688085015
1056,ksqexp,2.25,2.5,1,0.5,-38.655474525675245,-43.501532962501294
1057,ksqexp,2.25,2.5,1,0.1,-237.9592759120828,-279.82372549445444
1058,ksqexp,2.25,2.5,1,0.05,-477.12953507010894,-535.1320436858953
1059,ksqexp,2.25,2.5,1,0.01,-1626.0887674824723,-1174.4375670634129
1060,ksqexp,2.25,2.5,1,0,-2383.6295308115277,-1525.2102321244577
1061,ksqexp,2.25,2.5,1.5,0.5,-38.79180322138515,-43.65500984011612
1062,ksqexp,2.25,2.5,1.5,0.1,-201.25610090638884,-236.8891922812314
1063,ksqexp,2.25,2.5,1.5,0.05,-373.56416419885477,-406.066236337235
1064,ksqexp,2.25,2.5,1.5,0.01,-1193.7363340162976,-834.5238109829992
1065,ksqexp,2.25,2.5,1.5,0,-1583.0436953613985,-1013.9912073887302
1066,ksqexp,2.25,3,0.5,0.5,-37.96561151551495,-43.15528820739831
1067,ksqexp,2.25,3,0.5,0.1,-200.63335813702676,-239.13370208690088
1068,ksqexp,2.25,3,0.5,0.05,-382.4172345542283,-426.28560388240777
1069,ksqexp,2.25,3,0.5,0.01,-1155.799346435388,-856.5380171296957
1070,ksqexp,2.25,3,0.5,0,-1605.3153352411296,-1082.9385978817986
1071,ksqexp,2.25,3,1,0.5,-36.89743734418909,-41.92166489166388
1072,ksqexp,2.25,3,1,0.1,-143.12192819654558,-169.40422784330485
1073,ksqexp,2.25,3,1,0.05,-243.69163620099872,-255.16781165479674
1074,ksqexp,2.25,3,1,0.01,-653.8781506814263,-466.80443445859737
1075,ksqexp,2.25,3,1,0,-793.1656523347883,-536.9453097677738
1076,ksqexp,2.25,3,1.5,0.5,-37.02972278758054,-42.105216643507696
1077,ksqexp,2.25,3,1.5,0.1,-114.34351393129909,-134.18912232716914
1078,ksqexp,2.25,3,1.5,0.05,-188.07518360827063,-187.85912798946887
1079,ksqexp,2.25,3,1.5,0.01,-458.00789439944924,-323.91584902299115
1080,ksqexp,2.25,3,1.5,0,-525.2397473030944,-357.73820341183045
1081,ksqexp,2.25,3.5,0.5,0.5,-36.52272156752342,-41.871753261936924
1082,ksqexp,2.25,3.5,0.5,0.1,-131.96228809560216,-157.19605010795652
1083,ksqexp,2.25,3.5,0.5,0.05,-223.22500919414475,-231.54093717794564
1084,ksqexp,2.25,3.5,0.5,0.01,-551.757065118783,-404.99413851193725
1085,ksqexp,2.25,3.5,0.5,0,-668.553432257096,-467.72245858818593
1086,ksqexp,2.25,3.5,1,0.5,-35.381860796204464,-40.628992852090924
1087,ksqexp,2.25,3.5,1,0.1,-88.16034823511966,-102.06289103153505
1088,ksqexp,2.25,3.5,1,0.05,-138.87200169019962,-134.38743172651584
1089,ksqexp,2.25,3.5,1,0.01,-294.1438482877761,-214.45009749480005
1090,ksqexp,2.25,3.5,1,0,-327.77544972370947,-232.59785142859474
1091,ksqexp,2.25,3.5,1.5,0.5,-35.48486405889351,-40.77723271151587
1092,ksqexp,2.25,3.5,1.5,0.1,-69.65973867214376,-79.18953888939308
1093,ksqexp,2.25,3.5,1.5,0.05,-106.18578000863702,-99.59143509718139
1094,ksqexp,2.25,3.5,1.5,0.01,-201.29511378802567,-148.5404805279378
1095,ksqexp,2.25,3.5,1.5,0,-216.97344546306198,-157.01363904282695
1096,ksqexp,2.25,4,0.5,0.5,-35.35139809891435,-40.891841377190225
1097,ksqexp,2.25,4,0.5,0.1,-91.23104448456017,-106.32863883108512
1098,ksqexp,2.25,4,0.5,0.05,-148.56520149732216,-141.95788405998448
1099,ksqexp,2.25,4,0.5,0.01,-328.5554935363572,-236.33698002359094
1100,ksqexp,2.25,4,0.5,0,-379.1121976546888,-262.93064418381255
1101,ksqexp,2.25,4,1,0.5,-34.12203079734733,-39.56986953765015
1102,ksqexp,2.25,4,1,0.1,-60.641307815951656,-67.44216077943497
1103,ksqexp,2.25,4,1,0.05,-92.05280741694405,-84.08825078769635
1104,ksqexp,2.25,4,1,0.01,-171.26523451950624,-125.44792788997088
1105,ksqexp,2.25,4,1,0,-185.3530876205256,-132.86788763080816
1106,ksqexp,2.25,4,1.5,0.5,-34.220949091268174,-39.67460759070495
1107,ksqexp,2.25,4,1.5,0.1,-48.97887902257611,-53.69179702507928
1108,ksqexp,2.25,4,1.5,0.05,-70.68852613680531,-64.61624809729277
1109,ksqexp,2.25,4,1.5,0.01,-117.10675522863669,-88.90074007309696
1110,ksqexp,2.25,4,1.5,0,-123.55737430078501,-92.30429217388298
1111,ksqexp,2.25,6,0.5,0.5,-32.84121542323579,-39.08965533889336
1112,ksqexp,2.25,6,0.5,0.1,-50.13726373913168,-54.42678135526257
1113,ksqexp,2.25,6,0.5,0.05,-77.11485446007457,-69.2808794675722
1114,ksqexp,2.25,6,0.5,0.01,-133.8661838032868,-98.41760737548017
1115,ksqexp,2.25,6,0.5,0,-152.048932667884,-104.42666759983071
1116,ksqexp,2.25,6,1,0.5,-31.6919368680491,-37.69762396862225
1117,ksqexp,2.25,6,1,0.1,-37.15183355829892,-40.33411415404155
1118,ksqexp,2.25,6,1,0.05,-47.78963909051261,-46.9707543290738
1119,ksqexp,2.25,6,1,0.01,-71.78816368732086,-58.17637862954458
1120,ksqexp,2.25,6,1,0,-76.78750773004812,-59.784673567462605
1121,ksqexp,2.25,6,1.5,0.5,-32.238941465872095,-38.11574415292195
1122,ksqexp,2.25,6,1.5,0.1,-32.70802893797846,-36.998855016269275
1123,ksqexp,2.25,6,1.5,0.05,-38.38078902922528,-40.872587330842705
1124,ksqexp,2.25,6,1.5,0.01,-52.24198355069031,-46.976734750942775
1125,ksqexp,2.25,6,1.5,0,-54.491022823185084,-47.69466564820468
1126,ksqexp,2.25,8,0.5,0.5,-32.259152094077756,-39.02521235571373
1127,ksqexp,2.25,8,0.5,0.1,-44.71360160606776,-50.60893947084384
1128,ksqexp,2.25,8,0.5,0.05,-62.540289168631766,-61.84906993120905
1129,ksqexp,2.25,8,0.5,0.01,-102.3411073774649,-80.93383362727174
1130,ksqexp,2.25,8,0.5,0,-118.72129023459284,-85.25974880990964
1131,ksqexp,2.25,8,1,0.5,-31.439774199511636,-37.88614472541611
1132,ksqexp,2.25,8,1,0.1,-34.11178123016219,-39.6999487750657
1133,ksqexp,2.25,8,1,0.05,-39.252444273016536,-44.02414068462785
1134,ksqexp,2.25,8,1,0.01,-57.554844269257536,-51.40881073368589
1135,ksqexp,2.25,8,1,0,-62.07549533479141,-52.56593607779071
1136,ksqexp,2.25,8,1.5,0.5,-32.39033717663279,-38.69712996185334
1137,ksqexp,2.25,8,1.5,0.1,-30.771832107038307,-37.578084672055205
1138,ksqexp,2.25,8,1.5,0.05,-32.91160546170471,-39.89058919947268
1139,ksqexp,2.25,8,1.5,0.01,-43.95036504635979,-43.94402471368826
1140,ksqexp,2.25,8,1.5,0,-45.98422044306122,-44.458655260924445
1141,ksqexp,2.25,10,0.5,0.5,-32.22021662324842,-39.33811602786053
1142,ksqexp,2.25,10,0.5,0.1,-42.62596361265402,-49.619913223057964
1143,ksqexp,2.25,10,0.5,0.05,-56.96818000941174,-59.29973772157767
1144,ksqexp,2.25,10,0.5,0.01,-93.18960541864256,-76.02445923798625
1145,ksqexp,2.25,10,0.5,0,-109.52662278641935,-80.10085432169583
1146,ksqexp,2.25,10,1,0.5,-31.55365301741349,-38.30557188143376
1147,ksqexp,2.25,10,1,0.1,-33.043765965350474,-39.78963044431219
1148,ksqexp,2.25,10,1,0.05,-36.51161496132085,-43.35816457515831
1149,ksqexp,2.25,10,1,0.01,-53.95258345249352,-49.991678427053465
1150,ksqexp,2.25,10,1,0,-58.4702036884107,-51.085388956155484
1151,ksqexp,2.25,10,1.5,0.5,-32.67657099257614,-39.27929631020228
1152,ksqexp,2.25,10,1.5,0.1,-30.25426865758191,-38.14130646486142
1153,ksqexp,2.25,10,1.5,0.05,-31.47978752936005,-40.02425037616633
1154,ksqexp,2.25,10,1.5,0.01,-42.20710645384166,-43.717131187832024
1155,ksqexp,2.25,10,1.5,0,-44.24205406398499,-44.20422392848741
1156,ksqexp,2.25,25,0.5,0.5,-33.16311369059108,-41.1014087313342
1157,ksqexp,2.25,25,0.5,0.1,-39.74209169696351,-49.06863422245848
1158,ksqexp,2.25,25,0.5,0.05,-49.59783828410339,-56.32879888297758
1159,ksqexp,2.25,25,0.5,0.01,-82.09805588226918,-70.89210432493365
1160,ksqexp,2.25,25,0.5,0,-98.23974145348646,-74.7862069035205
1161,ksqexp,2.25,25,1,0.5,-32.57532263541095,-40.123590868530066
1162,ksqexp,2.25,25,1,0.1,-32.39284050858193,-41.059929658925704
1163,ksqexp,2.25,25,1,0.05,-34.27486276282979,-43.83404071854589
1164,ksqexp,2.25,25,1,0.01,-50.832431334212195,-49.89495275391666
1165,ksqexp,2.25,25,1,0,-55.30840315515365,-50.94547778364508
1166,ksqexp,2.25,25,1.5,0.5,-33.8836204436851,-41.288265792235684
1167,ksqexp,2.25,25,1.5,0.1,-30.843316056974977,-40.32348381853942
1168,ksqexp,2.25,25,1.5,0.05,-31.365800805972516,-41.86587469544728
1169,ksqexp,2.25,25,1.5,0.01,-41.768715087444875,-45.31960209932696
1170,ksqexp,2.25,25,1.5,0,-43.78861379756521,-45.789224838111764
1171,ksqexp,2.5,0.2,0.5,0.5,-76.79395279180487,-82.58117072099816
1172,ksqexp,2.5,0.2,0.5,0.1,-1061.070260641887,-1285.7125618251594
1173,ksqexp,2.5,0.2,0.5,0.05,-3854.9506564604035,-4727.711369377692
1174,ksqexp,2.5,0.2,0.5,0.01,-77788.96659793303,-84666.45525007644
1175,ksqexp,2.5,0.2,0.5,0,-3808021413.2735944,-3645560935.355206
1176,ksqexp,2.5,0.2,1,0.5,-73.59953419220113,-80.36028743826871
1177,ksqexp,2.5,0.2,1,0.1,-993.6698870172758,-1220.997635949056
1178,ksqexp,2.5,0.2,1,0.05,-3662.76626446107,-4446.7968860964165
1179,ksqexp,2.5,0.2,1,0.01,-76260.12694887539,-81512.82782305492
1180,ksqexp,2.5,0.2,1,0,-1905554699.7239847,-1824077515.9304554
1181,ksqexp,2.5,0.2,1.5,0.5,-71.10894945471937,-78.4565067444237
1182,ksqexp,2.5,0.2,1.5,0.1,-963.9563869057572,-1187.9310562016437
1183,ksqexp,2.5,0.2,1.5,0.05,-3542.916957742707,-4251.634215538875
1184,ksqexp,2.5,0.2,1.5,0.01,-75578.4810880515,-80317.31371420165
1185,ksqexp,2.5,0.2,1.5,0,-1270713176.819007,-1216340151.152087
1186,ksqexp,2.5,0.5,0.5,0.5,-62.807695242995166,-70.35737484217358
1187,ksqexp,2.5,0.5,0.5,0.1,-725.2438797908591,-840.3350556019703
1188,ksqexp,2.5,0.5,0.5,0.05,-2723.3822341617106,-3052.7931601590253
1189,ksqexp,2.5,0.5,0.5,0.01,-65794.63478171556,-70394.55624200415
1190,ksqexp,2.5,0.5,0.5,0,-73909478.59739918,-91951127.91710263
1191,ksqexp,2.5,0.5,1,0.5,-58.22976162690252,-65.91419807015498
1192,ksqexp,2.5,0.5,1,0.1,-678.4337234066047,-774.7359219516263
1193,ksqexp,2.5,0.5,1,0.05,-2741.205974730044,-3045.5986468146903
1194,ksqexp,2.5,0.5,1,0.01,-62303.57153659506,-65112.29552779549
1195,ksqexp,2.5,0.5,1,0,-36954890.79189706,-45976019.19901073
1196,ksqexp,2.5,0.5,1.5,0.5,-55.91442332457194,-63.44437106402744
1197,ksqexp,2.5,0.5,1.5,0.1,-667.2578904961105,-755.3849802085113
1198,ksqexp,2.5,0.5,1.5,0.05,-2761.5336685713464,-3058.7018458073053
1199,ksqexp,2.5,0.5,1.5,0.01,-60779.20623725331,-62601.56241700123
1200,ksqexp,2.5,0.5,1.5,0,-24636602.404179636,-30650757.492391817
1201,ksqexp,2.5,1,0.5,0.5,-49.47255100922284,-55.36945852225267
1202,ksqexp,2.5,1,0.5,0.1,-607.48646205381,-681.376040544712
1203,ksqexp,2.5,1,0.5,0.05,-2367.4286401124077,-2672.5495938614226
1204,ksqexp,2.5,1,0.5,0.01,-58159.32704276535,-59311.17053698391
1205,ksqexp,2.5,1,0.5,0,-1374203.894792305,-2108735.478218257
1206,ksqexp,2.5,1,1,0.5,-46.1930569550781,-51.07440570139554
1207,ksqexp,2.5,1,1,0.1,-591.8483164222226,-673.0722074467761
1208,ksqexp,2.5,1,1,0.05,-2328.9758116000125,-2581.220592938542
1209,ksqexp,2.5,1,1,0.01,-57118.51630850352,-57523.796546822894
1210,ksqexp,2.5,1,1,0,-687059.883586023,-1054330.290122739
1211,ksqexp,2.5,1,1.5,0.5,-45.28254794068814,-49.66369165480116
1212,ksqexp,2.5,1,1.5,0.1,-584.3505977885525,-665.5629251112562
1213,ksqexp,2.5,1,1.5,0.05,-2314.012662348646,-2526.5007229403086
1214,ksqexp,2.5,1,1.5,0.01,-55404.24039351597,-55544.58220465548
1215,ksqexp,2.5,1,1.5,0,-458014.68521303084,-702864.5817089159
1216,ksqexp,2.5,1.5,0.5,0.5,-44.489941669215874,-49.48980027029936
1217,ksqexp,2.5,1.5,0.5,0.1,-533.0196908788364,-603.4517184154276
1218,ksqexp,2.5,1.5,0.5,0.05,-2069.934938226502,-2319.9689922482967
1219,ksqexp,2.5,1.5,0.5,0.01,-28549.30214777229,-31681.061226864924
1220,ksqexp,2.5,1.5,0.5,0,-112487.8844809332,-106349.48345933823
1221,ksqexp,2.5,1.5,1,0.5,-42.75096378326415,-47.13308956273138
1222,ksqexp,2.5,1.5,1,0.1,-520.927082279687,-589.6146407075232
1223,ksqexp,2.5,1.5,1,0.05,-1981.840363205146,-2212.405151785588
1224,ksqexp,2.5,1.5,1,0.01,-20026.947960840113,-22546.428913606123
1225,ksqexp,2.5,1.5,1,0,-56213.089087444634,-53148.891246230436
1226,ksqexp,2.5,1.5,1.5,0.5,-42.63564314847157,-46.90616649044127
1227,ksqexp,2.5,1.5,1.5,0.1,-514.3389179620303,-581.4060286544099
1228,ksqexp,2.5,1.5,1.5,0.05,-1911.7998481859938,-2126.1453097666695
1229,ksqexp,2.5,1.5,1.5,0.01,-15751.672354204913,-17818.9271561032
1230,ksqexp,2.5,1.5,1.5,0,-37457.613261069564,-35418.15049290703
1231,ksqexp,2.5,2,0.5,0.5,-42.139097636797494,-47.148787820754826
1232,ksqexp,2.5,2,0.5,0.1,-459.2016589104118,-523.5107706718434
1233,ksqexp,2.5,2,0.5,0.05,-1557.4450880223228,-1780.314165855191
1234,ksqexp,2.5,2,0.5,0.01,-9038.853438593429,-9550.675625602473
1235,ksqexp,2.5,2,0.5,0,-44234.38640253422,-26790.634098813993
1236,ksqexp,2.5,2,1,0.5,-40.86855328067846,-45.45661390960221
1237,ksqexp,2.5,2,1,0.1,-428.08851829984087,-490.87290184200674
1238,ksqexp,2.5,2,1,0.05,-1295.6896774805489,-1490.3344440992948
1239,ksqexp,2.5,2,1,0.01,-6102.307429386723,-5822.899782199153
1240,ksqexp,2.5,2,1,0,-22092.87694645948,-13376.41126357689
1241,ksqexp,2.5,2,1.5,0.5,-40.95386741985355,-45.506567325011304
1242,ksqexp,2.5,2,1.5,0.1,-403.8545121468047,-465.06161587230605
1243,ksqexp,2.5,2,1.5,0.05,-1117.8196989741205,-1290.1119689507445
1244,ksqexp,2.5,2,1.5,0.01,-4881.236871110472,-4342.670727764504
1245,ksqexp,2.5,2,1.5,0,-14715.163993185764,-8907.79411323104
1246,ksqexp,2.5,2.5,0.5,0.5,-40.239431897201136,-45.27220546875118
1247,ksqexp,2.5,2.5,0.5,0.1,-362.952208058204,-421.1258582702344
1248,ksqexp,2.5,2.5,0.5,0.05,-982.2623270536523,-1139.4718987839767
1249,ksqexp,2.5,2.5,0.5,0.01,-4226.258308828226,-3717.475484970969
1250,ksqexp,2.5,2.5,0.5,0,-13701.284152068578,-8458.53068251924
1251,ksqexp,2.5,2.5,1,0.5,-39.18155403498265,-43.877932448577255
1252,ksqexp,2.5,2.5,1,0.1,-308.14506455301995,-360.16725999317094
1253,ksqexp,2.5,2.5,1,0.05,-694.4063511925546,-807.4694923538599
1254,ksqexp,2.5,2.5,1,0.01,-2876.843577055412,-2270.4011648744545
1255,ksqexp,2.5,2.5,1,0,-6831.397120942513,-4215.512279070744
1256,ksqexp,2.5,2.5,1.5,0.5,-39.34839733971779,-44.04714326799966
1257,ksqexp,2.5,2.5,1.5,0.1,-270.2594232404819,-317.6066579559399
1258,ksqexp,2.5,2.5,1.5,0.05,-548.6694366738119,-633.5780508431723
1259,ksqexp,2.5,2.5,1.5,0.01,-2270.9913423645226,-1696.745015970318
1260,ksqexp,2.5,2.5,1.5,0,-4544.22537808091,-2803.9634420857305
1261,ksqexp,2.5,3,0.5,0.5,-38.63054089228307,-43.69167304030665
1262,ksqexp,2.5,3,0.5,0.1,-265.2408811064889,-313.10740541257906
1263,ksqexp,2.5,3,0.5,0.05,-578.3319992285813,-657.9444181154029
1264,ksqexp,2.5,3,0.5,0.01,-2062.3811900570367,-1667.59548614485
1265,ksqexp,2.5,3,0.5,0,-3993.3206158528837,-2735.4840115762136
1266,ksqexp,2.5,3,1,0.5,-37.640816306835,-42.486727747770466
1267,ksqexp,2.5,3,1,0.1,-202.48326107982047,-238.47469805583617
1268,ksqexp,2.5,3,1,0.05,-376.84561884530405,-416.74118403820165
1269,ksqexp,2.5,3,1,0.01,-1272.139312493032,-968.3022204017152
1270,ksqexp,2.5,3,1,0,-1981.5421246578205,-1358.2763870158092
1271,ksqexp,2.5,3,1.5,0.5,-37.78791615678634,-42.701314819951925
1272,ksqexp,2.5,3,1.5,0.1,-166.41695366740754,-195.6017463851919
1273,ksqexp,2.5,3,1.5,0.05,-291.51525142747295,-313.2391670654156
1274,ksqexp,2.5,3,1.5,0.01,-937.9274966256776,-696.2147619304741
1275,ksqexp,2.5,3,1.5,0,-1313.7399447687167,-901.9978322269834
1276,ksqexp,2.5,3.5,0.5,0.5,-37.2970445482986,-42.46763956341612
1277,ksqexp,2.5,3.5,0.5,0.1,-185.3668990368674,-219.50088096933396
1278,ksqexp,2.5,3.5,0.5,0.05,-352.32756077568274,-373.83283342642557
1279,ksqexp,2.5,3.5,0.5,0.01,-1018.8611043607154,-789.7096906185621
1280,ksqexp,2.5,3.5,0.5,0,-1503.9077348271544,-1081.0747105955193
1281,ksqexp,2.5,3.5,1,0.5,-36.236700018389534,-41.31379680297484
1282,ksqexp,2.5,3.5,1,0.1,-130.52307205533907,-150.4806656348825
1283,ksqexp,2.5,3.5,1,0.05,-222.86280983217736,-223.8515465468409
1284,ksqexp,2.5,3.5,1,0.01,-576.9729559706429,-436.26749145765626
1285,ksqexp,2.5,3.5,1,0,-740.083902746989,-534.6755406172462
1286,ksqexp,2.5,3.5,1.5,0.5,-36.30287605087178,-41.48948425003721
1287,ksqexp,2.5,3.5,1.5,0.1,-103.973100173778,-117.83591331886662
1288,ksqexp,2.5,3.5,1.5,0.05,-170.2847996622636,-165.79199980584764
1289,ksqexp,2.5,3.5,1.5,0.01,-405.9689632057555,-305.61400992037267
1290,ksqexp,2.5,3.5,1.5,0,-488.2666143075796,-355.3331400148707
1291,ksqexp,2.5,4,0.5,0.5,-36.166709453705224,-41.50556914804656
1292,ksqexp,2.5,4,0.5,0.1,-130.61300094684668,-151.56757864564932
1293,ksqexp,2.5,4,0.5,0.05,-235.8896470487562,-224.8851406767928
1294,ksqexp,2.5,4,0.5,0.01,-605.4820453713152,-441.1313018195553
1295,ksqexp,2.5,4,0.5,0,-811.3223599477606,-561.4067607404276
1296,ksqexp,2.5,4,1,0.5,-34.97003386711014,-40.28921730909713
1297,ksqexp,2.5,4,1,0.1,-89.11690728663235,-97.37605260622905
1298,ksqexp,2.5,4,1,0.05,-147.699483031722,-132.67612987454194
1299,ksqexp,2.5,4,1,0.01,-329.6506447066667,-239.04061458097812
1300,ksqexp,2.5,4,1,0,-396.33157538446756,-277.8458894361325
1301,ksqexp,2.5,4,1.5,0.5,-34.958401716267,-40.383789541092355
1302,ksqexp,2.5,4,1.5,0.1,-71.1400620118484,-75.54738070590147
1303,ksqexp,2.5,4,1.5,0.05,-112.13499718465722,-99.13721462819055
1304,ksqexp,2.5,4,1.5,0.01,-227.83867424110719,-166.97176098419325
1305,ksqexp,2.5,4,1.5,0,-260.7919701762628,-186.11625551000702
1306,ksqexp,2.5,6,0.5,0.5,-33.31436364636977,-39.36335161469652
1307,ksqexp,2.5,6,0.5,0.1,-65.63072053409509,-65.01979445836862
1308,ksqexp,2.5,6,0.5,0.05,-124.9462226315384,-90.79609459229857
1309,ksqexp,2.5,6,0.5,0.01,-247.80030484859338,-159.64482627116024
1310,ksqexp,2.5,6,0.5,0,-331.32863401518824,-187.12036111262094
1311,ksqexp,2.5,6,1,0.5,-31.885778737747653,-37.85293661484995
1312,ksqexp,2.5,6,1,0.1,-49.75569172297687,-45.87698911395125
1313,ksqexp,2.5,6,1,0.05,-77.8225913210288,-59.45831406127644
1314,ksqexp,2.5,6,1,0.01,-134.69746721774777,-89.64622829137771
1315,ksqexp,2.5,6,1,0,-162.15749472017092,-98.12535926862824
1316,ksqexp,2.5,6,1.5,0.5,-32.06785576580879,-38.00272335601181
1317,ksqexp,2.5,6,1.5,0.1,-42.94874713716992,-40.379650763870586
1318,ksqexp,2.5,6,1.5,0.05,-59.1484475969466,-49.17043570277667
1319,ksqexp,2.5,6,1.5,0.01,-95.03240237407061,-67.17496028033896
1320,ksqexp,2.5,6,1.5,0,-108.55777153328604,-71.25101536758288
1321,ksqexp,2.5,8,0.5,0.5,-32.40948025761983,-39.01754548716246
1322,ksqexp,2.5,8,0.5,0.1,-56.94634285893223,-56.798650797785086
1323,ksqexp,2.5,8,0.5,0.05,-103.68694094253495,-77.64906275819148
1324,ksqexp,2.5,8,0.5,0.01,-182.12167162061766,-120.75324705828206
1325,ksqexp,2.5,8,0.5,0,-260.0105395578571,-140.25860334013575
1326,ksqexp,2.5,8,1,0.5,-31.234442172377836,-37.6977198135886
1327,ksqexp,2.5,8,1,0.1,-44.98697661968646,-43.33586511866993
1328,ksqexp,2.5,8,1,0.05,-63.10635142674896,-52.93132139144754
1329,ksqexp,2.5,8,1,0.01,-103.15974007349675,-71.73830867564399
1330,ksqexp,2.5,8,1,0,-128.94445602522242,-77.80287503111848
1331,ksqexp,2.5,8,1.5,0.5,-31.827989983412408,-38.249966457331034
1332,ksqexp,2.5,8,1.5,0.1,-39.61793726375328,-39.889429935378764
1333,ksqexp,2.5,8,1.5,0.05,-48.209079128500974,-45.51437743147605
1334,ksqexp,2.5,8,1.5,0.01,-75.33554186993393,-56.85797736398026
1335,ksqexp,2.5,8,1.5,0,-88.04641810399114,-59.7749556564675
1336,ksqexp,2.5,10,0.5,0.5,-32.20564361270056,-39.22017436088249
1337,ksqexp,2.5,10,0.5,0.1,-53.858563090189534,-55.20701048893759
1338,ksqexp,2.5,10,0.5,0.05,-95.25460783326216,-74.14510309454238
1339,ksqexp,2.5,10,0.5,0.01,-163.42221744596588,-111.15181252684309
1340,ksqexp,2.5,10,0.5,0,-242.28813413594912,-129.59122736168936
1341,ksqexp,2.5,10,1,0.5,-31.196537587940103,-38.047652794258006
1342,ksqexp,2.5,10,1,0.1,-43.31250914486304,-43.36000940465589
1343,ksqexp,2.5,10,1,0.05,-57.86659648565835,-51.6208613605936
1344,ksqexp,2.5,10,1,0.01,-95.18259174428937,-68.13718309630741
1345,ksqexp,2.5,10,1,0,-121.31159523923374,-73.89712925103034
1346,ksqexp,2.5,10,1.5,0.5,-31.994145953205223,-38.8132613049362
1347,ksqexp,2.5,10,1.5,0.1,-38.54488225440136,-40.52459035772184
1348,ksqexp,2.5,10,1.5,0.05,-44.738552841845824,-45.21135553312431
1349,ksqexp,2.5,10,1.5,0.01,-70.89386343006261,-55.34822045211013
1350,ksqexp,2.5,10,1.5,0,-83.77673886135359,-58.12308661097237
1351,ksqexp,2.5,25,0.5,0.5,-32.9594721164072,-41.01332914484377
1352,ksqexp,2.5,25,0.5,0.1,-49.43624736369624,-53.86693137115572
1353,ksqexp,2.5,25,0.5,0.05,-83.00712302060629,-69.09042379890178
1354,ksqexp,2.5,25,0.5,0.01,-142.24255330819219,-101.13331132836971
1355,ksqexp,2.5,25,0.5,0,-222.05803476440155,-119.16289096464303
1356,ksqexp,2.5,25,1,0.5,-32.03281754278572,-39.90338154139487
1357,ksqexp,2.5,25,1,0.1,-41.38687844841734,-44.2833531704855
1358,ksqexp,2.5,25,1,0.05,-52.222551421300054,-50.93558887749391
1359,ksqexp,2.5,25,1,0.01,-87.6101205680699,-65.99517443957518
1360,ksqexp,2.5,25,1,0,-114.08821748205555,-71.65508993254502
1361,ksqexp,2.5,25,1.5,0.5,-33.04867260932472,-40.90027029437979
1362,ksqexp,2.5,25,1.5,0.1,-38.022814970932195,-42.55300983702956
1363,ksqexp,2.5,25,1.5,0.05,-42.17450788104283,-46.38518004234531
1364,ksqexp,2.5,25,1.5,0.01,-67.82542309369113,-55.87688783686608
1365,ksqexp,2.5,25,1.5,0,-80.88893497368194,-58.609812985924115
1366,kexp,1,0.2,0.5,0.5,-62.725658794061125,-65.07330800655751
1367,kexp,1,0.2,0.5,0.1,-182.04101333815473,-188.0559130429597
1368,kexp,1,0.2,0.5,0.05,-217.4642817798185,-223.65699330800138
1369,kexp,1,0.2,0.5,0.01,-234.95839359091522,-241.17500390412826
1370,kexp,1,0.2,0.5,0,-235.7999158174567,-242.0167434298753
1371,kexp,1,0.2,1,0.5,-57.65910109236345,-59.460832381200184
1372,kexp,1,0.2,1,0.1,-112.2677031666487,-115.36108387052244
1373,kexp,1,0.2,1,0.05,-123.15311396965778,-126.2791601063602
1374,kexp,1,0.2,1,0.01,-127.67529486470816,-130.80519496439757
1375,kexp,1,0.2,1,0,-127.8788828344386,-131.00883338792548
1376,kexp,1,0.2,1.5,0.5,-55.358880028863105,-56.79488045009926
1377,kexp,1,0.2,1.5,0.1,-87.4958924772201,-89.58397359876314
1378,kexp,1,0.2,1.5,0.05,-92.6239765145865,-94.72359549228332
1379,kexp,1,0.2,1.5,0.01,-94.6085988108501,-96.70956817405012
1380,kexp,1,0.2,1.5,0,-94.69586193920334,-96.79685347304607
1381,kexp,1,0.5,0.5,0.5,-51.289055386927195,-53.971033842512085
1382,kexp,1,0.5,0.5,0.1,-88.94146808784393,-94.9535383021862
1383,kexp,1,0.5,0.5,0.05,-96.07551501694239,-102.27353024221648
1384,kexp,1,0.5,0.5,0.01,-98.95628414739333,-105.21171980973645
1385,kexp,1,0.5,0.5,0,-99.08466715913647,-105.3424497193527
1386,kexp,1,0.5,1,0.5,-47.95916674723965,-49.959878331697674
1387,kexp,1,0.5,1,0.1,-61.34246314947048,-64.49085929888993
1388,kexp,1,0.5,1,0.05,-63.16659646648723,-66.36167754925329
1389,kexp,1,0.5,1,0.01,-63.835465470719654,-67.04507491380993
1390,kexp,1,0.5,1,0,-63.8643828998244,-67.07459150423097
1391,kexp,1,0.5,1.5,0.5,-47.56324493214123,-49.14647951953832
1392,kexp,1,0.5,1.5,0.1,-53.883040148633846,-56.04957704183466
1393,kexp,1,0.5,1.5,0.05,-54.63657447939139,-56.82408255878857
1394,kexp,1,0.5,1.5,0.01,-54.90351917653702,-57.09759789366843
1395,kexp,1,0.5,1.5,0,-54.91494491330747,-57.10929553244161
1396,kexp,1,1,0.5,0.5,-45.506858999304114,-48.07930486604626
1397,kexp,1,1,0.5,0.1,-57.730502380434665,-63.108244928666444
1398,kexp,1,1,0.5,0.05,-59.52779099937324,-65.06499808277577
1399,kexp,1,1,0.5,0.01,-60.19450537197455,-65.7839910203716
1400,kexp,1,1,0.5,0,-60.223422994554944,-65.81509905149497
1401,kexp,1,1,1,0.5,-43.86720546552722,-45.77771377773902
1402,kexp,1,1,1,0.1,-46.24191365629065,-49.12989310291603
1403,kexp,1,1,1,0.05,-46.594724168308325,-49.52522872321175
1404,kexp,1,1,1,0.01,-46.71925894081645,-49.663531110695466
1405,kexp,1,1,1,0,-46.7245819290191,-49.66942935260917
1406,kexp,1,1,1.5,0.5,-44.73756849790771,-46.26543972756701
1407,kexp,1,1,1.5,0.1,-44.877790918965395,-46.91377255006617
1408,kexp,1,1,1.5,0.05,-44.97858931004398,-47.0344740953524
1409,kexp,1,1,1.5,0.01,-45.014108429636295,-47.07641170039423
1410,kexp,1,1,1.5,0,-45.01562500721072,-47.07819621968182
1411,kexp,1,1.5,0.5,0.5,-43.41658971005175,-45.91462839585729
1412,kexp,1,1.5,0.5,0.1,-48.61868087736296,-53.65204432418889
1413,kexp,1,1.5,0.5,0.05,-49.338660373559094,-54.51091360032669
1414,kexp,1,1.5,0.5,0.01,-49.597502029549375,-54.81538586571336
1415,kexp,1,1.5,0.5,0,-49.60862473894748,-54.828422357655484
1416,kexp,1,1.5,1,0.5,-42.59528564786229,-44.45522517855965
1417,kexp,1,1.5,1,0.1,-42.283260196081415,-45.03262718353873
1418,kexp,1,1.5,1,0.05,-42.36561088323457,-45.15302616603458
1419,kexp,1,1.5,1,0.01,-42.395232847712606,-45.19498639463383
1420,kexp,1,1.5,1,0,-42.396503901028886,-45.19677325747049
1421,kexp,1,1.5,1.5,0.5,-44.01743523093564,-45.517794544056386
1422,kexp,1,1.5,1.5,0.1,-42.79727583131526,-44.76667085839699
1423,kexp,1,1.5,1.5,0.05,-42.786005701998306,-44.773632964445156
1424,kexp,1,1.5,1.5,0.01,-42.78322700848834,-44.77674110603666
1425,kexp,1,1.5,1.5,0,-42.78312038844785,-44.77688032413202
1426,kexp,1,2,0.5,0.5,-42.41267094301557,-44.89266784965143
1427,kexp,1,2,0.5,0.1,-44.64904821383803,-49.55445085461417
1428,kexp,1,2,0.5,0.05,-44.99174842790965,-50.027072580262725
1429,kexp,1,2,0.5,0.01,-45.11335571731059,-50.191350841568955
1430,kexp,1,2,0.5,0,-45.11856100643337,-50.19834580289045
1431,kexp,1,2,1,0.5,-42.05249495614036,-43.906566348652696
1432,kexp,1,2,1,0.1,-40.71019109694848,-43.421546684597246
1433,kexp,1,2,1,0.05,-40.703840679783234,-43.45147407116158
1434,kexp,1,2,1,0.01,-40.70300623615144,-43.46240418322605
1435,kexp,1,2,1,0,-40.70298481497443,-43.46287460354232
1436,kexp,1,2,1.5,0.5,-43.77784346763394,-45.2835849540173
1437,kexp,1,2,1.5,0.1,-42.082594541074535,-44.04556815480832
1438,kexp,1,2,1.5,0.05,-42.036790204774825,-44.01743660599342
1439,kexp,1,2,1.5,0.01,-42.02238051731995,-44.00873364517258
1440,kexp,1,2,1.5,0,-42.02178285122069,-44.00837430382373
1441,kexp,1,2.5,0.5,0.5,-41.904862524613556,-44.3978939531299
1442,kexp,1,2.5,0.5,0.1,-42.641261346961954,-47.53817203727054
1443,kexp,1,2.5,0.5,0.05,-42.81551746862312,-47.83994741816122
1444,kexp,1,2.5,0.5,0.01,-42.87726951935686,-47.94357463028858
1445,kexp,1,2.5,0.5,0,-42.87991089823513,-47.947972283030346
1446,kexp,1,2.5,1,0.5,-41.81206890516989,-43.68434285495272
1447,kexp,1,2.5,1,0.1,-39.9903664506613,-42.71804203278949
1448,kexp,1,2.5,1,0.05,-39.94673365524783,-42.710454877949495
1449,kexp,1,2.5,1,0.01,-39.933255074961885,-42.708665681749466
1450,kexp,1,2.5,1,0,-39.932698850987165,-42.70859816151598
1451,kexp,1,2.5,1.5,0.5,-43.715307967345446,-45.243594273499255
1452,kexp,1,2.5,1.5,0.1,-41.81999468676089,-43.808131782900716
1453,kexp,1,2.5,1.5,0.05,-41.76066812247959,-43.7665454258076
1454,kexp,1,2.5,1.5,0.01,-41.741739651987515,-43.75334569058169
1455,kexp,1,2.5,1.5,0,-41.74095160197375,-43.752796887745376
1456,kexp,1,3,0.5,0.5,-41.66166186730927,-44.1821555281345
1457,kexp,1,3,0.5,0.1,-41.56932649877256,-46.513405283870696
1458,kexp,1,3,0.5,0.05,-41.657285996303585,-46.729455542570385
1459,kexp,1,3,0.5,0.01,-41.688808699800575,-46.80303941860589
1460,kexp,1,3,0.5,0,-41.69016033924746,-46.806155135513016
1461,kexp,1,3,1,0.5,-41.72207993993632,-43.62257595846433
1462,kexp,1,3,1,0.1,-39.655246762112256,-42.42240003572694
1463,kexp,1,3,1,0.05,-39.593636661258664,-42.39726045249702
1464,kexp,1,3,1,0.01,-39.57410524062827,-42.38955648722573
1465,kexp,1,3,1,0,-39.5732934969472,-42.389239224138386
1466,kexp,1,3,1.5,0.5,-43.73155697988919,-45.28845828864083
1467,kexp,1,3,1.5,0.1,-41.74542498969421,-43.77055738556187
1468,kexp,1,3,1.5,0.05,-41.6801186987346,-43.723307010785085
1469,kexp,1,3,1.5,0.01,-41.65919980540993,-43.70821899437005
1470,kexp,1,3,1.5,0,-41.65832798291809,-43.707590687082764
1471,kexp,1,3.5,0.5,0.5,-41.5666667189353,-44.11985485534673
1472,kexp,1,3.5,0.5,0.1,-40.995488951067294,-46.00870167766043
1473,kexp,1,3.5,0.5,0.05,-41.03523859083744,-46.17831709822835
1474,kexp,1,3.5,0.5,0.01,-41.050016510685154,-46.23573923667889
1475,kexp,1,3.5,0.5,0,-41.05065541555998,-46.238166682572206
1476,kexp,1,3.5,1,0.5,-41.711632783176505,-43.642913491576074
1477,kexp,1,3.5,1,0.1,-39.513985366186304,-42.32779153626238
1478,kexp,1,3.5,1,0.05,-39.44296052582803,-42.29389391535579
1479,kexp,1,3.5,1,0.01,-39.42027137270825,-42.283245464868905
1480,kexp,1,3.5,1,0,-39.41932646301755,-42.282803954701556
1481,kexp,1,3.5,1.5,0.5,-43.784348581159236,-45.37028701114973
1482,kexp,1,3.5,1.5,0.1,-41.75707078612157,-43.8212243947508
1483,kexp,1,3.5,1.5,0.05,-41.68896719959644,-43.77156245914851
1484,kexp,1,3.5,1.5,0.01,-41.667117885406725,-43.75566872712245
1485,kexp,1,3.5,1.5,0,-41.666206912242046,-43.755006478814906
1486,kexp,1,4,0.5,0.5,-41.55550982526191,-44.14193837809325
1487,kexp,1,4,0.5,0.1,-40.70247262538356,-45.79043517059078
1488,kexp,1,4,0.5,0.05,-40.713718845961935,-45.933718547899694
1489,kexp,1,4,0.5,0.01,-40.71864115980869,-45.9819987776068
1490,kexp,1,4,0.5,0,-40.718861099525505,-45.98403720226763
1491,kexp,1,4,1,0.5,-41.74352252630453,-43.7046819571654
1492,kexp,1,4,1,0.1,-39.47574870976135,-42.33611164037883
1493,kexp,1,4,1,0.05,-39.399553694806706,-42.29774782431489
1494,kexp,1,4,1,0.01,-39.37513247428245,-42.28559583004807
1495,kexp,1,4,1,0,-39.37411454547533,-42.28509085745152
1496,kexp,1,4,1.5,0.5,-43.853083657894125,-45.46610207765614
1497,kexp,1,4,1.5,0.1,-41.8091453837587,-43.91023081870112
1498,kexp,1,4,1.5,0.05,-41.73973659177781,-43.859646456801336
1499,kexp,1,4,1.5,0.01,-41.71745177329731,-43.84344092929884
1500,kexp,1,4,1.5,0,-41.7165224608645,-43.8427655092503
1501,kexp,1,6,0.5,0.5,-41.800290058480115,-44.49619411831675
1502,kexp,1,6,0.5,0.1,-40.61867630220224,-45.96317680958848
1503,kexp,1,6,0.5,0.05,-40.59045733557103,-46.07497837794891
1504,kexp,1,6,0.5,0.01,-40.58171989320944,-46.11222386584928
1505,kexp,1,6,0.5,0,-40.58135910480841,-46.11379169831327
1506,kexp,1,6,1,0.5,-41.994470936506595,-44.04934236858512
1507,kexp,1,6,1,0.1,-39.673191738001094,-42.68256652869857
1508,kexp,1,6,1,0.05,-39.59135878301168,-42.640925254823415
1509,kexp,1,6,1,0.01,-39.565033095369124,-42.62763489625788
1510,kexp,1,6,1,0,-39.56393471941627,-42.62708151215084
1511,kexp,1,6,1.5,0.5,-44.13901633570454,-45.833361658176884
1512,kexp,1,6,1.5,0.1,-42.10868495285123,-44.3219707055225
1513,kexp,1,6,1.5,0.05,-42.03883298282811,-44.27214633196487
1514,kexp,1,6,1.5,0.01,-42.016386298255156,-44.25616769378887
1515,kexp,1,6,1.5,0,-42.01545002435906,-44.25550155016833
1516,kexp,1,8,0.5,0.5,-42.083128194062695,-44.846789943345286
1517,kexp,1,8,0.5,0.1,-40.946616900182455,-46.45348384950885
1518,kexp,1,8,0.5,0.05,-40.91396704425167,-46.5661032858147
1519,kexp,1,8,0.5,0.01,-40.90359438536359,-46.603441099453704
1520,kexp,1,8,0.5,0,-40.90316303301452,-46.60501086609606
1521,kexp,1,8,1,0.5,-42.22737689410558,-44.33909445750218
1522,kexp,1,8,1,0.1,-39.94662318841538,-43.04757905083677
1523,kexp,1,8,1,0.05,-39.865509999528825,-43.00815494848603
1524,kexp,1,8,1,0.01,-39.83939846095928,-42.99556487584246
1525,kexp,1,8,1,0,-39.83830883088728,-42.99504056757184
1526,kexp,1,8,1.5,0.5,-44.35838024666788,-46.10109943582079
1527,kexp,1,8,1.5,0.1,-42.36568175309198,-44.64628393966891
1528,kexp,1,8,1.5,0.05,-42.29700631891096,-44.59837806564133
1529,kexp,1,8,1.5,0.01,-42.27493485106764,-44.583014410277386
1530,kexp,1,8,1.5,0,-42.274014196918564,-44.58237390146887
1531,kexp,1,10,0.5,0.5,-42.29093213499543,-45.09567014554275
1532,kexp,1,10,0.5,0.1,-41.249000113453796,-46.85438731104955
1533,kexp,1,10,0.5,0.05,-41.21859389479579,-46.97245887881916
1534,kexp,1,10,0.5,0.01,-41.208891754886686,-47.01152386284136
1535,kexp,1,10,0.5,0,-41.20848780238842,-47.01316537965698
1536,kexp,1,10,1,0.5,-42.395272291497015,-44.54181536045172
1537,kexp,1,10,1,0.1,-40.16059896585722,-43.31779512744552
1538,kexp,1,10,1,0.05,-40.08103230054022,-43.28084468733228
1539,kexp,1,10,1,0.01,-40.055415169910276,-43.26905009274836
1540,kexp,1,10,1,0,-40.05434613364062,-43.268558969620386
1541,kexp,1,10,1.5,0.5,-44.51074023242224,-46.283389419497595
1542,kexp,1,10,1.5,0.1,-42.55043675996359,-44.87278360432551
1543,kexp,1,10,1.5,0.05,-42.48289995506124,-44.826480361197824
1544,kexp,1,10,1.5,0.01,-42.46119440222955,-44.811632581689516
1545,kexp,1,10,1.5,0,-42.46028901079843,-44.81101359967995
1546,kexp,1,25,0.5,0.5,-42.787559592050414,-45.689074281716934
1547,kexp,1,25,0.5,0.1,-42.05161916519129,-47.88975561621608
1548,kexp,1,25,0.5,0.05,-42.03396899100481,-48.028169799887294
1549,kexp,1,25,0.5,0.01,-42.028385094221726,-48.073850857141394
1550,kexp,1,25,0.5,0,-42.02815310451478,-48.075769169354366
1551,kexp,1,25,1,0.5,-42.789465277347176,-45.019868668451366
1552,kexp,1,25,1,0.1,-40.68237343150181,-43.97531329539098
1553,kexp,1,25,1,0.05,-40.60766864549485,-43.94546788232592
1554,kexp,1,25,1,0.01,-40.58361998941844,-43.93597006305504
1555,kexp,1,25,1,0,-40.582616440097645,-43.93557488453515
1556,kexp,1,25,1.5,0.5,-44.8585075081176,-46.70450161929413
1557,kexp,1,25,1.5,0.1,-42.97769091514204,-45.40252498775336
1558,kexp,1,25,1.5,0.05,-42.91306257054803,-45.36027292985593
1559,kexp,1,25,1.5,0.01,-42.89229393931557,-45.3467313430471
1560,kexp,1,25,1.5,0,-42.89142765203224,-45.346166889666975
1561,kexp,1.25,0.2,0.5,0.5,-64.28749437739611,-67.10282980038221
1562,kexp,1.25,0.2,0.5,0.1,-211.27046369478714,-219.21014086073734
1563,kexp,1.25,0.2,0.5,0.05,-261.44375742589875,-269.6510593738854
1564,kexp,1.25,0.2,0.5,0.01,-288.08836134200266,-296.31401428463397
1565,kexp,1.25,0.2,0.5,0,-289.41067534558323,-297.6353029433751
1566,kexp,1.25,0.2,1,0.5,-59.112973290953015,-61.33998042331705
1567,kexp,1.25,0.2,1,0.1,-129.70933219988964,-133.80556993339331
1568,kexp,1.25,0.2,1,0.05,-145.8493823191654,-149.98975290678806
1569,kexp,1.25,0.2,1,0.01,-152.891759805541,-157.03194302151337
1570,kexp,1.25,0.2,1,0,-153.2143681623691,-157.35428450144857
1571,kexp,1.25,0.2,1.5,0.5,-56.569692687398714,-58.37535700826295
1572,kexp,1.25,0.2,1.5,0.1,-99.53115330880486,-102.29713317123951
1573,kexp,1.25,0.2,1.5,0.05,-107.33329843008919,-110.11269613074096
1574,kexp,1.25,0.2,1.5,0.01,-110.46680954004002,-113.24527521956422
1575,kexp,1.25,0.2,1.5,0,-110.60625586652095,-113.38460178603081
1576,kexp,1.25,0.5,0.5,0.5,-51.891346329162346,-55.117264171002105
1577,kexp,1.25,0.5,0.5,0.1,-100.09510982818523,-107.63750794695025
1578,kexp,1.25,0.5,0.5,0.05,-110.71332968326985,-118.50514391918766
1579,kexp,1.25,0.5,0.5,0.01,-115.20259732555964,-123.0684183598775
1580,kexp,1.25,0.5,0.5,0,-115.40577554539237,-123.27455575444169
1581,kexp,1.25,0.5,1,0.5,-48.192575831262296,-50.634696865157856
1582,kexp,1.25,0.5,1,0.1,-66.7715753010762,-70.73268514128426
1583,kexp,1.25,0.5,1,0.05,-69.63006823620863,-73.65274857112671
1584,kexp,1.25,0.5,1,0.01,-70.70657065932485,-74.74783160047421
1585,kexp,1.25,0.5,1,0,-70.75348374152551,-74.79550188482439
1586,kexp,1.25,0.5,1.5,0.5,-47.49584062695611,-49.44597563261046
1587,kexp,1.25,0.5,1.5,0.1,-56.96650984270017,-59.696779149111656
1588,kexp,1.25,0.5,1.5,0.05,-58.197051639092116,-60.95474599448426
1589,kexp,1.25,0.5,1.5,0.01,-58.64094513552428,-61.40703143130903
1590,kexp,1.25,0.5,1.5,0,-58.660043240070195,-61.42647402811573
1591,kexp,1.25,1,0.5,0.5,-45.28384869114844,-48.35831293893758
1592,kexp,1.25,1,0.5,0.1,-61.67619862600123,-68.195045440322815
1593,kexp,1.25,1,0.5,0.05,-64.45960959682476,-71.18343865255913
1594,kexp,1.25,1,0.5,0.01,-65.52377241407501,-72.31473472053916
1595,kexp,1.25,1,0.5,0,-65.57034559207001,-72.36411810630928
1596,kexp,1.25,1,1,0.5,-43.38282242089602,-45.68193431021352
1597,kexp,1.25,1,1,0.1,-47.47381326980286,-51.00082585215946
1598,kexp,1.25,1,1,0.05,-48.08213319155285,-51.664152649955064
1599,kexp,1.25,1,1,0.01,-48.29976144491111,-51.89957062476065
1600,kexp,1.25,1,1,0,-48.30909903557445,-51.909651183397905
1601,kexp,1.25,1,1.5,0.5,-44.03667563333959,-45.89033682899982
1602,kexp,1.25,1,1.5,0.1,-45.06209323899892,-47.56365900051174
1603,kexp,1.25,1,1.5,0.05,-45.269780216897125,-47.79723507566777
1604,kexp,1.25,1,1.5,0.01,-45.34288536598783,-47.87868256988403
1605,kexp,1.25,1,1.5,0,-45.346006950091386,-47.88215230910664
1606,kexp,1.25,1.5,0.5,0.5,-42.84599043307731,-45.82845622558567
1607,kexp,1.25,1.5,0.5,0.1,-50.16347603997181,-56.20548434611412
1608,kexp,1.25,1.5,0.5,0.05,-51.312122820362575,-57.52699701860035
1609,kexp,1.25,1.5,0.5,0.01,-51.734351336291084,-58.006041565701
1610,kexp,1.25,1.5,0.5,0,-51.752609743849234,-58.026682674645386
1611,kexp,1.25,1.5,1,0.5,-41.85225498419862,-44.089601346603835
1612,kexp,1.25,1.5,1,0.1,-42.24922562023328,-45.58516448406562
1613,kexp,1.25,1.5,1,0.05,-42.429844809176615,-45.81376985019685
1614,kexp,1.25,1.5,1,0.01,-42.49429140835893,-45.89377999677339
1615,kexp,1.25,1.5,1,0,-42.49705250626102,-45.89719173539539
1616,kexp,1.25,1.5,1.5,0.5,-43.11135663554304,-44.93332080008502
1617,kexp,1.25,1.5,1.5,0.1,-42.16763617367573,-44.57872299502304
1618,kexp,1.25,1.5,1.5,0.05,-42.192390344963414,-44.62672919919365
1619,kexp,1.25,1.5,1.5,0.01,-42.20209906196147,-44.643946807423575
1620,kexp,1.25,1.5,1.5,0,-42.202523527114195,-44.64468485569222
1621,kexp,1.25,2,0.5,0.5,-41.59506143972295,-44.557137830783404
1622,kexp,1.25,2,0.5,0.1,-44.89476988697673,-50.755213847854655
1623,kexp,1.25,2,0.5,0.05,-45.453459640738316,-51.4719777441661
1624,kexp,1.25,2,0.5,0.01,-45.655172292274536,-51.72560973784399
1625,kexp,1.25,2,0.5,0,-45.66384783562711,-51.736462663769366
1626,kexp,1.25,2,1,0.5,-41.14389821163138,-43.378166715361836
1627,kexp,1.25,2,1,0.1,-40.04571082845075,-43.32908568209566
1628,kexp,1.25,2,1,0.05,-40.08114804994315,-43.40951424297432
1629,kexp,1.25,2,1,0.01,-40.09500590002204,-43.43796477808509
1630,kexp,1.25,2,1,0,-40.095611622224006,-43.43918058994105
1631,kexp,1.25,2,1.5,0.5,-42.75620522259854,-44.59037386987136
1632,kexp,1.25,2,1.5,0.1,-41.07531832651891,-43.47944683564323
1633,kexp,1.25,2,1.5,0.05,-41.04099920709349,-43.46739419913566
1634,kexp,1.25,2,1.5,0.01,-41.03061566643764,-43.464202327405275
1635,kexp,1.25,2,1.5,0,-41.03018965115062,-43.464076665390465
1636,kexp,1.25,2.5,0.5,0.5,-40.87902654090061,-43.8588170956146
1637,kexp,1.25,2.5,0.5,0.1,-42.02017656803837,-47.85761396101234
1638,kexp,1.25,2.5,0.5,0.05,-42.30727662726198,-48.29801188761548
1639,kexp,1.25,2.5,0.5,0.01,-42.41052946214682,-48.45160259266289
1640,kexp,1.25,2.5,0.5,0,-42.414963677917996,-48.4581478820959
1641,kexp,1.25,2.5,1,0.5,-40.77301207202732,-43.03448895687385
1642,kexp,1.25,2.5,1,0.1,-38.93127154315954,-42.23552236673574
1643,kexp,1.25,2.5,1,0.05,-38.90333974918335,-42.251970499141365
1644,kexp,1.25,2.5,1,0.01,-38.89547901673539,-42.2585048877336
1645,kexp,1.25,2.5,1,0,-38.89516353237705,-42.25879125232975
1646,kexp,1.25,2.5,1.5,0.5,-42.610819711541126,-44.47941454774626
1647,kexp,1.25,2.5,1.5,0.1,-40.590726592701614,-43.03140900181229
1648,kexp,1.25,2.5,1.5,0.05,-40.531940835951914,-42.99489017817977
1649,kexp,1.25,2.5,1.5,0.01,-40.51332696124424,-42.98346878956606
1650,kexp,1.25,2.5,1.5,0,-40.512553583929716,-42.98299580913867
1651,kexp,1.25,3,0.5,0.5,-40.46206561655189,-43.47812607263397
1652,kexp,1.25,3,0.5,0.1,-40.32483699693313,-46.216305101887976
1653,kexp,1.25,3,0.5,0.05,-40.4681625685698,-46.512833955730514
1654,kexp,1.25,3,0.5,0.01,-40.52032519820894,-46.61530467564866
1655,kexp,1.25,3,0.5,0,-40.52257092228402,-46.619660306515044
1656,kexp,1.25,3,1,0.5,-40.5784472104105,-42.88040754917092
1657,kexp,1.25,3,1,0.1,-38.32549149032507,-41.68361943716503
1658,kexp,1.25,3,1,0.05,-38.265652105719624,-41.66861200016785
1659,kexp,1.25,3,1,0.01,-38.24697153060616,-41.664474540367564
1660,kexp,1.25,3,1,0,-38.24619841904625,-41.664309484805855
1661,kexp,1.25,3,1.5,0.5,-42.564882914293406,-44.476359246278804
1662,kexp,1.25,3,1.5,0.1,-40.37189981288254,-42.866701560528384
1663,kexp,1.25,3,1.5,0.05,-40.30149639134726,-42.818981126632885
1664,kexp,1.25,3,1.5,0.01,-40.279001242353544,-42.80381349115749
1665,kexp,1.25,3,1.5,0,-40.27806435136949,-42.8031826443033
1666,kexp,1.25,3.5,0.5,0.5,-40.226532235523024,-43.2864581150296
1667,kexp,1.25,3.5,0.5,0.1,-39.28946163081225,-45.26788275164074
1668,kexp,1.25,3.5,0.5,0.05,-39.349416612875956,-45.482929818283424
1669,kexp,1.25,3.5,0.5,0.01,-39.37234130969078,-45.55678761341694
1670,kexp,1.25,3.5,0.5,0,-39.37333916401262,-45.55992167221205
1671,kexp,1.25,3.5,1,0.5,-40.48561075969195,-42.83191678840791
1672,kexp,1.25,3.5,1,0.1,-37.99107624907854,-41.41446288042673
1673,kexp,1.25,3.5,1,0.05,-37.91361620500631,-41.38268795345253
1674,kexp,1.25,3.5,1,0.01,-37.8890013199066,-41.3728941756754
1675,kexp,1.25,3.5,1,0,-37.88797767196944,-41.37249022218513
1676,kexp,1.25,3.5,1.5,0.5,-42.571184115365945,-44.52649015905419
1677,kexp,1.25,3.5,1.5,0.1,-40.285428080507806,-42.83820078482889
1678,kexp,1.25,3.5,1.5,0.05,-40.209025905973924,-42.78502989099811
1679,kexp,1.25,3.5,1.5,0.01,-40.18453482849881,-42.76804392538909
1680,kexp,1.25,3.5,1.5,0,-40.1835139413592,-42.767336505578314
1681,kexp,1.25,4,0.5,0.5,-40.104526795541396,-43.2100602357484
1682,kexp,1.25,4,0.5,0.1,-38.649619680407874,-44.72566801827719
1683,kexp,1.25,4,0.5,0.05,-38.65804051754587,-44.891792721757895
1684,kexp,1.25,4,0.5,0.01,-38.663047445046224,-44.94859472892829
1685,kexp,1.25,4,0.5,0,-38.66328238833488,-44.95100209268035
1686,kexp,1.25,4,1,0.5,-40.45370914731053,-42.843564846148766
1687,kexp,1.25,4,1,0.1,-37.81202119656973,-41.30166123949887
1688,kexp,1.25,4,1,0.05,-37.724192055250455,-41.26047277708235
1689,kexp,1.25,4,1,0.01,-37.69609991433104,-41.247512604509076
1690,kexp,1.25,4,1,0,-37.69492962871958,-41.24697502127945
1691,kexp,1.25,4,1.5,0.5,-42.605582953966945,-44.60220826074778
1692,kexp,1.25,4,1.5,0.1,-40.269105637616136,-42.877464333073
1693,kexp,1.25,4,1.5,0.05,-40.18944253918847,-42.821589975560144
1694,kexp,1.25,4,1.5,0.01,-40.163868577636165,-42.80370152724022
1695,kexp,1.25,4,1.5,0,-40.162802142253,-42.80295609754899
1696,kexp,1.25,6,0.5,0.5,-40.116018885747714,-43.38179761107016
1697,kexp,1.25,6,0.5,0.1,-37.83066384275788,-44.26286718922927
1698,kexp,1.25,6,0.5,0.05,-37.75723246017544,-44.35742490822029
1699,kexp,1.25,6,0.5,0.01,-37.734007739144126,-44.38937869185548
1700,kexp,1.25,6,0.5,0,-37.733043314492505,-44.39072867593822
1701,kexp,1.25,6,1,0.5,-40.574020022892306,-43.1058505131237
1702,kexp,1.25,6,1,0.1,-37.727861258071165,-41.43731630457208
1703,kexp,1.25,6,1,0.05,-37.625341788726104,-41.38473185791363
1704,kexp,1.25,6,1,0.01,-37.59233568934408,-41.36792749610031
1705,kexp,1.25,6,1,0,-37.59095832467593,-41.36722757488802
1706,kexp,1.25,6,1.5,0.5,-42.82925408018008,-44.95350942020012
1707,kexp,1.25,6,1.5,0.1,-40.44543144087283,-43.22705830153214
1708,kexp,1.25,6,1.5,0.05,-40.362150451679014,-43.16934281534796
1709,kexp,1.25,6,1.5,0.01,-40.33537062903821,-43.15082284414856
1710,kexp,1.25,6,1.5,0,-40.33425342814401,-43.15005064127609
1711,kexp,1.25,8,0.5,0.5,-40.34814827533773,-43.725300074106514
1712,kexp,1.25,8,0.5,0.1,-37.91711744247169,-44.60041976543818
1713,kexp,1.25,8,0.5,0.05,-37.82449201004223,-44.683199361534705
1714,kexp,1.25,8,0.5,0.01,-37.794631173533254,-44.71095278254621
1715,kexp,1.25,8,0.5,0,-37.79338472593083,-44.71212291089909
1716,kexp,1.25,8,1,0.5,-40.782180735345335,-43.40768640026087
1717,kexp,1.25,8,1,0.1,-37.92410599472662,-41.779698695379764
1718,kexp,1.25,8,1,0.05,-37.81940529753314,-41.727149512611966
1719,kexp,1.25,8,1,0.01,-37.78565649037608,-41.71032150181194
1720,kexp,1.25,8,1,0,-37.784247692798736,-41.709620212845806
1721,kexp,1.25,8,1.5,0.5,-43.04707359895538,-45.252188353003135
1722,kexp,1.25,8,1.5,0.1,-40.68266409330917,-43.57455495200307
1723,kexp,1.25,8,1.5,0.05,-40.599668661596915,-43.51826436104222
1724,kexp,1.25,8,1.5,0.01,-40.572972576422885,-43.50019617158331
1725,kexp,1.25,8,1.5,0,-40.571858781828794,-43.499442746899916
1726,kexp,1.25,10,0.5,0.5,-40.57514409798132,-44.026354448660015
1727,kexp,1.25,10,0.5,0.1,-38.170268713453694,-45.02278588027919
1728,kexp,1.25,10,0.5,0.05,-38.07408232285571,-45.1071250205189
1729,kexp,1.25,10,0.5,0.01,-38.04292565414305,-45.13526558167042
1730,kexp,1.25,10,0.5,0,-38.04162346899567,-45.13645057599519
1731,kexp,1.25,10,1,0.5,-40.9674401220617,-43.65505935011324
1732,kexp,1.25,10,1,0.1,-38.13882454426562,-42.09213154747106
1733,kexp,1.25,10,1,0.05,-38.034668891493425,-42.041640599702255
1734,kexp,1.25,10,1,0.01,-38.00108359998502,-42.02546708953453
1735,kexp,1.25,10,1,0,-37.999681496383594,-42.02479302436902
1736,kexp,1.25,10,1.5,0.5,-43.221795692566936,-45.480323042565864
1737,kexp,1.25,10,1.5,0.1,-40.88594615382739,-43.851095526813424
1738,kexp,1.25,10,1.5,0.05,-40.80386367449556,-43.79648892590079
1739,kexp,1.25,10,1.5,0.01,-40.77745925310003,-43.77896148150968
1740,kexp,1.25,10,1.5,0,-40.77635760558716,-43.77823060723225
1741,kexp,1.25,25,0.5,0.5,-41.26056959170327,-44.887422700106974
1742,kexp,1.25,25,0.5,0.1,-39.19604115717225,-46.45776112631275
1743,kexp,1.25,25,0.5,0.05,-39.11153026974361,-46.56656735213876
1744,kexp,1.25,25,0.5,0.01,-39.08406995225079,-46.60261236048943
1745,kexp,1.25,25,0.5,0,-39.0829213033772,-46.60412746731542
1746,kexp,1.25,25,1,0.5,-41.51272786809718,-44.35331492354964
1747,kexp,1.25,25,1,0.1,-38.837231667635905,-43.034211268033076
1748,kexp,1.25,25,1,0.05,-38.738620679780865,-42.99315072638874
1749,kexp,1.25,25,1,0.01,-38.70681850055773,-42.98002145942841
1750,kexp,1.25,25,1,0,-38.705490784866015,-42.97947451781739
1751,kexp,1.25,25,1.5,0.5,-43.70942678177479,-46.10314312317865
1752,kexp,1.25,25,1.5,0.1,-41.475047927822274,-44.62720092176218
1753,kexp,1.25,25,1.5,0.05,-41.39661854456746,-44.578267250894584
1754,kexp,1.25,25,1.5,0.01,-41.37138996073753,-44.56256818836051
1755,kexp,1.25,25,1.5,0,-41.37033737876986,-44.56191363472316
1756,kexp,1.5,0.2,0.5,0.5,-65.53887216028359,-68.71641882000388
1757,kexp,1.5,0.2,0.5,0.1,-238.28244497380112,-248.12465459993558
1758,kexp,1.5,0.2,0.5,0.05,-304.24156711112636,-314.4715454607277
1759,kexp,1.5,0.2,0.5,0.01,-341.63212191804456,-351.87355299247685
1760,kexp,1.5,0.2,0.5,0,-343.5440557751038,-353.78260750338853
1761,kexp,1.5,0.2,1,0.5,-60.31790532084889,-62.90198466140167
1762,kexp,1.5,0.2,1,0.1,-146.4399008843621,-151.53731561868122
1763,kexp,1.5,0.2,1,0.05,-168.48778799877377,-173.6460930322263
1764,kexp,1.5,0.2,1,0.01,-178.55657848043708,-183.70900278897798
1765,kexp,1.5,0.2,1,0,-179.0257295868958,-184.17741229753162
1766,kexp,1.5,0.2,1.5,0.5,-57.609967568512026,-59.7393591274953
1767,kexp,1.5,0.2,1.5,0.1,-111.35926824180731,-114.80333146141538
1768,kexp,1.5,0.2,1.5,0.05,-122.24501202636098,-125.70562445672975
1769,kexp,1.5,0.2,1.5,0.01,-126.77303629988823,-130.2294283300727
1770,kexp,1.5,0.2,1.5,0,-126.97694428871208,-130.43300399346828
1771,kexp,1.5,0.5,0.5,0.5,-52.509304197273366,-56.16413984263539
1772,kexp,1.5,0.5,0.5,0.1,-111.11114638382396,-120.07973320803656
1773,kexp,1.5,0.5,0.5,0.05,-125.69530255143985,-134.98728961546547
1774,kexp,1.5,0.5,0.5,0.01,-132.1306382983272,-141.51517723890606
1775,kexp,1.5,0.5,0.5,0,-132.42631010316174,-141.8144579580457
1776,kexp,1.5,0.5,1,0.5,-48.4768904726092,-51.286462610028074
1777,kexp,1.5,0.5,1,0.1,-72.4038435787505,-77.12404975633558
1778,kexp,1.5,0.5,1,0.05,-76.48970437257742,-81.28859604797938
1779,kexp,1.5,0.5,1,0.01,-78.06849739209686,-82.89039142647721
1780,kexp,1.5,0.5,1,0,-78.13784582332384,-82.96066412564473
1781,kexp,1.5,0.5,1.5,0.5,-47.512863555755565,-49.77630628410933
1782,kexp,1.5,0.5,1.5,0.1,-60.32953162695708,-63.58507252495166
1783,kexp,1.5,0.5,1.5,0.05,-62.13901424992863,-65.42927947604838
1784,kexp,1.5,0.5,1.5,0.01,-62.80360398625817,-66.10422474261932
1785,kexp,1.5,0.5,1.5,0,-62.8323478297716,-66.1333896145675
1786,kexp,1.5,1,0.5,0.5,-45.249542835105686,-48.70662771264034
1787,kexp,1.5,1,0.5,0.1,-66.14657903867139,-73.6341973273239
1788,kexp,1.5,1,0.5,0.05,-70.11640948251357,-77.8589395544529
1789,kexp,1.5,1,0.5,0.01,-71.677544672986,-79.50366350634687
1790,kexp,1.5,1,0.5,0,-71.74646435738654,-79.57608048803768
1791,kexp,1.5,1,1,0.5,-43.07392106324876,-45.67579520016371
1792,kexp,1.5,1,1,0.1,-49.11704941667081,-53.1894707493167
1793,kexp,1.5,1,1,0.05,-50.045990347014865,-54.18710779760321
1794,kexp,1.5,1,1,0.01,-50.38301303879902,-54.54634497879142
1795,kexp,1.5,1,1,0,-50.39753163358343,-54.56179108429737
1796,kexp,1.5,1,1.5,0.5,-43.51227469114891,-45.62432987886881
1797,kexp,1.5,1,1.5,0.1,-45.597884831594186,-48.49705475733538
1798,kexp,1.5,1,1.5,0.05,-45.944094650055206,-48.87568727875838
1799,kexp,1.5,1,1.5,0.01,-46.066636225425036,-49.00867426554786
1800,kexp,1.5,1,1.5,0,-46.07187749230439,-49.01435138303563
1801,kexp,1.5,1.5,0.5,0.5,-42.53158274244245,-45.8782838126453
1802,kexp,1.5,1.5,0.5,0.1,-52.399615842301614,-59.267720409520145
1803,kexp,1.5,1.5,0.5,0.05,-54.09185048808023,-61.168400465125295
1804,kexp,1.5,1.5,0.5,0.01,-54.726616357399635,-61.87181181211704
1805,kexp,1.5,1.5,0.5,0,-54.754228642384916,-61.90230365274195
1806,kexp,1.5,1.5,1,0.5,-41.32395419361974,-43.850265469870116
1807,kexp,1.5,1.5,1,0.1,-42.65228316222312,-46.47298768047398
1808,kexp,1.5,1.5,1,0.05,-42.964890867351535,-46.84398658305321
1809,kexp,1.5,1.5,1,0.01,-43.076721243284716,-46.9747716946817
1810,kexp,1.5,1.5,1,0,-43.081517136602706,-46.98036012308904
1811,kexp,1.5,1.5,1.5,0.5,-42.40156109405887,-44.474437438443445
1812,kexp,1.5,1.5,1.5,0.1,-41.87589429912702,-44.65357960100265
1813,kexp,1.5,1.5,1.5,0.05,-41.95233133010674,-44.75850656292637
1814,kexp,1.5,1.5,1.5,0.01,-41.980077037406836,-44.79545818130431
1815,kexp,1.5,1.5,1.5,0,-41.98127006804609,-44.79703571323932
1816,kexp,1.5,2,0.5,0.5,-41.09620586870008,-44.42209230948151
1817,kexp,1.5,2,0.5,0.1,-45.918843083273295,-52.55611043152522
1818,kexp,1.5,2,0.5,0.05,-46.769149634582405,-53.59282483785487
1819,kexp,1.5,2,0.5,0.01,-47.080651575133494,-53.965604665782536
1820,kexp,1.5,2,0.5,0,-47.09410502875666,-53.98162818879074
1821,kexp,1.5,2,1,0.5,-40.47993776341921,-43.006840339104706
1822,kexp,1.5,2,1,0.1,-39.82460143203679,-43.57782177767993
1823,kexp,1.5,2,1,0.05,-39.92250857847578,-43.72949899322504
1824,kexp,1.5,2,1,0.01,-39.95841841318213,-43.78285809313075
1825,kexp,1.5,2,1,0,-39.95996662370557,-43.785135895262506
1826,kexp,1.5,2,1.5,0.5,-41.94135229200788,-44.03299408916213
1827,kexp,1.5,2,1.5,0.1,-40.38946148237135,-43.15790215406748
1828,kexp,1.5,2,1.5,0.05,-40.37587604638812,-43.17120830870998
1829,kexp,1.5,2,1.5,0.01,-40.37269672402918,-43.17671842295829
1830,kexp,1.5,2,1.5,0,-40.37257725540974,-43.17696189747183
1831,kexp,1.5,2.5,0.5,0.5,-40.2245067254952,-43.57328660253935
1832,kexp,1.5,2.5,0.5,0.1,-42.23321841318296,-48.83474692479054
1833,kexp,1.5,2.5,0.5,0.05,-42.68762943593921,-49.467680386450176
1834,kexp,1.5,2.5,0.5,0.01,-42.85262787094513,-49.6913220503185
1835,kexp,1.5,2.5,0.5,0,-42.859733401504975,-49.70088699533972
1836,kexp,1.5,2.5,1,0.5,-40.002211898405754,-42.56538241823938
1837,kexp,1.5,2.5,1,0.1,-38.31772201220295,-42.09548886787113
1838,kexp,1.5,2.5,1,0.05,-38.31955970382156,-42.14989898824013
1839,kexp,1.5,2.5,1,0.01,-38.32218072108774,-42.169579607240514
1840,kexp,1.5,2.5,1,0,-38.322312794442624,-42.17042499202087
1841,kexp,1.5,2.5,1.5,0.5,-41.72019077969786,-43.857473371072146
1842,kexp,1.5,2.5,1.5,0.1,-39.66961648192712,-42.484322209388736
1843,kexp,1.5,2.5,1.5,0.05,-39.61742726040818,-42.45886109752701
1844,kexp,1.5,2.5,1.5,0.01,-39.60116855820223,-42.451239521643
1845,kexp,1.5,2.5,1.5,0,-39.600496025484205,-42.45092775764133
1846,kexp,1.5,3,0.5,0.5,-39.67031040566429,-43.06278458017849
1847,kexp,1.5,3,0.5,0.1,-39.94681896939801,-46.60657209366082
1848,kexp,1.5,3,0.5,0.05,-40.18780219801422,-47.0248632857977
1849,kexp,1.5,3,0.5,0.01,-40.275758398086495,-47.171062012475694
1850,kexp,1.5,3,0.5,0,-40.27954918265374,-47.17729554301877
1851,kexp,1.5,3,1,0.5,-39.71862547572262,-42.333518387771335
1852,kexp,1.5,3,1,0.1,-37.439912796680495,-41.2837719981808
1853,kexp,1.5,3,1,0.05,-37.39224232962721,-41.28903419454113
1854,kexp,1.5,3,1,0.01,-37.37793770598941,-41.29190823950491
1855,kexp,1.5,3,1,0,-37.377352343892156,-41.292041201893
1856,kexp,1.5,3,1.5,0.5,-41.61553710422883,-43.808849151665505
1857,kexp,1.5,3,1.5,0.1,-39.29539107624237,-42.17938135127233
1858,kexp,1.5,3,1.5,0.05,-39.22419309855014,-42.135374548454664
1859,kexp,1.5,3,1.5,0.01,-39.20155193884814,-42.12152121880401
1860,kexp,1.5,3,1.5,0,-39.20061016437151,-42.120946521582056
1861,kexp,1.5,3.5,0.5,0.5,-39.31575341254271,-42.76064523354829
1862,kexp,1.5,3.5,0.5,0.1,-38.46497172026734,-45.22393438417179
1863,kexp,1.5,3.5,0.5,0.05,-38.580115103103886,-45.518053319775035
1864,kexp,1.5,3.5,0.5,0.01,-38.62340737859938,-45.620146319206384
1865,kexp,1.5,3.5,0.5,0,-38.62528553863723,-45.624490834688494
1866,kexp,1.5,3.5,1,0.5,-39.55182658695871,-42.22308123247046
1867,kexp,1.5,3.5,1,0.1,-36.90820617640161,-40.83315603775177
1868,kexp,1.5,3.5,1,0.05,-36.83255866662075,-40.811414093641524
1869,kexp,1.5,3.5,1,0.01,-36.808775438288,-40.805127888483895
1870,kexp,1.5,3.5,1,0,-36.807789267196476,-40.80487338774189
1871,kexp,1.5,3.5,1.5,0.5,-41.57590219680306,-43.82670830059188
1872,kexp,1.5,3.5,1.5,0.1,-39.10116908217466,-42.060289384095455
1873,kexp,1.5,3.5,1.5,0.05,-39.01975166452986,-42.00674366348141
1874,kexp,1.5,3.5,1.5,0.01,-38.99369939193341,-41.98970013714225
1875,kexp,1.5,3.5,1.5,0,-38.99261394345192,-41.98899100549316
1876,kexp,1.5,4,0.5,0.5,-39.092571583236044,-42.592156891651456
1877,kexp,1.5,4,0.5,0.1,-37.48109480478049,-44.353423373854724
1878,kexp,1.5,4,0.5,0.05,-37.51712898670395,-44.57120133432288
1879,kexp,1.5,4,0.5,0.01,-37.5326670014195,-44.64646033181505
1880,kexp,1.5,4,0.5,0,-37.53336045639266,-44.64965890720046
1881,kexp,1.5,4,1,0.5,-39.45908813119206,-42.18584200446063
1882,kexp,1.5,4,1,0.1,-36.58216762854826,-40.590151442264855
1883,kexp,1.5,4,1,0.05,-36.48964015737481,-40.55268090967393
1884,kexp,1.5,4,1,0.01,-36.46017271964315,-40.54108626476731
1885,kexp,1.5,4,1,0,-36.45894657538439,-40.54060752958855
1886,kexp,1.5,4,1.5,0.5,-41.57440905312464,-43.87981760518472
1887,kexp,1.5,4,1.5,0.1,-39.00787561988219,-42.039778350293346
1888,kexp,1.5,4,1.5,0.05,-38.920624627655066,-41.98111340821378
1889,kexp,1.5,4,1.5,0.01,-38.892632457546505,-41.962361580265686
1890,kexp,1.5,4,1.5,0,-38.89146538178556,-41.96158050378626
1891,kexp,1.5,6,0.5,0.5,-38.84416649236999,-42.54095781317857
1892,kexp,1.5,6,0.5,0.1,-35.872504900250576,-43.16756775391844
1893,kexp,1.5,6,0.5,0.05,-35.77708322102338,-43.26539037911337
1894,kexp,1.5,6,0.5,0.01,-35.74709783317855,-43.29892030348422
1895,kexp,1.5,6,0.5,0,-35.74585503328275,-43.3003420156233
1896,kexp,1.5,6,1,0.5,-39.43013416580568,-42.340267140427066
1897,kexp,1.5,6,1,0.1,-36.178993727251346,-40.46596377755251
1898,kexp,1.5,6,1,0.05,-36.060722541240224,-40.40679113749578
1899,kexp,1.5,6,1,0.01,-36.02263951770632,-40.38789549971
1900,kexp,1.5,6,1,0,-36.021050240955134,-40.387108638047685
1901,kexp,1.5,6,1.5,0.5,-41.71774822486685,-44.19429090311702
1902,kexp,1.5,6,1.5,0.1,-39.03022501483921,-42.29217787566456
1903,kexp,1.5,6,1.5,0.05,-38.9352637039699,-42.22810879115432
1904,kexp,1.5,6,1.5,0.01,-38.904713394754175,-42.20754508124537
1905,kexp,1.5,6,1.5,0,-38.90343874358588,-42.206687612260076
1906,kexp,1.5,8,0.5,0.5,-38.96534908715792,-42.80889560955153
1907,kexp,1.5,8,0.5,0.1,-35.62093273267273,-43.229018832380696
1908,kexp,1.5,8,0.5,0.05,-35.48885074460954,-43.29864827789378
1909,kexp,1.5,8,0.5,0.01,-35.446281129170195,-43.32237195881782
1910,kexp,1.5,8,0.5,0,-35.44450441642223,-43.32337625552254
1911,kexp,1.5,8,1,0.5,-39.57696484100035,-42.613001010924265
1912,kexp,1.5,8,1,0.1,-36.24931751106742,-40.72750012697152
1913,kexp,1.5,8,1,0.05,-36.125287004939636,-40.665290824929485
1914,kexp,1.5,8,1,0.01,-36.08527820264874,-40.6453525971977
1915,kexp,1.5,8,1,0,-36.083607782500565,-40.644521519580685
1916,kexp,1.5,8,1.5,0.5,-41.90777355858008,-44.495839485047576
1917,kexp,1.5,8,1.5,0.1,-39.21529478765802,-42.6269573819866
1918,kexp,1.5,8,1.5,0.05,-39.11943933664641,-42.563467422801516
1919,kexp,1.5,8,1.5,0.01,-39.08858644155435,-42.543077082921926
1920,kexp,1.5,8,1.5,0,-39.08729900460078,-42.542226707671716
1921,kexp,1.5,10,0.5,0.5,-39.158079539434404,-43.10747483687575
1922,kexp,1.5,10,0.5,0.1,-35.72820109164535,-43.56393493860332
1923,kexp,1.5,10,0.5,0.05,-35.58439595625157,-43.62808836210558
1924,kexp,1.5,10,0.5,0.01,-35.537775300698335,-43.649809460373184
1925,kexp,1.5,10,0.5,0,-35.535826452063766,-43.650727508491805
1926,kexp,1.5,10,1,0.5,-39.74468764814292,-42.8693663416167
1927,kexp,1.5,10,1,0.1,-36.416559391468624,-41.03000782968038
1928,kexp,1.5,10,1,0.05,-36.291498200362255,-40.96870955948928
1929,kexp,1.5,10,1,0.01,-36.2511344860761,-40.94904596226963
1930,kexp,1.5,10,1,0,-36.24944900479312,-40.94822614192171
1931,kexp,1.5,10,1.5,0.5,-42.07944665869732,-44.744575012729264
1932,kexp,1.5,10,1.5,0.1,-39.40538680653956,-42.92081838202081
1933,kexp,1.5,10,1.5,0.05,-39.3099757606673,-42.85879981168292
1934,kexp,1.5,10,1.5,0.01,-39.27926164741028,-42.838879899186175
1935,kexp,1.5,10,1.5,0,-39.27797995577733,-42.83804911980357
1936,kexp,1.5,25,0.5,0.5,-39.96749903325879,-44.19195150506621
1937,kexp,1.5,25,0.5,0.1,-36.81649232919051,-45.271587276126134
1938,kexp,1.5,25,0.5,0.05,-36.6776202494694,-45.35910752027008
1939,kexp,1.5,25,0.5,0.01,-36.632393162176804,-45.388280319869985
1940,kexp,1.5,25,0.5,0,-36.63050029063415,-45.389508489187165
1941,kexp,1.5,25,1,0.5,-40.39019952681812,-43.753499319797996
1942,kexp,1.5,25,1,0.1,-37.20902416498645,-42.196221753414214
1943,kexp,1.5,25,1,0.05,-37.08879934371858,-42.14548892088543
1944,kexp,1.5,25,1,0.01,-37.04998073718442,-42.129229042666324
1945,kexp,1.5,25,1,0,-37.0483596041248,-42.12855128243366
1946,kexp,1.5,25,1.5,0.5,-42.66666190296171,-45.543463591442325
1947,kexp,1.5,25,1.5,0.1,-40.10063477456908,-43.90587074763206
1948,kexp,1.5,25,1.5,0.05,-40.00902542578364,-43.85068119383915
1949,kexp,1.5,25,1.5,0.01,-39.9795335156731,-43.83296127124017
1950,kexp,1.5,25,1.5,0,-39.97830280869626,-43.83222231358768
1951,kexp,1.75,0.2,0.5,0.5,-66.57238156668542,-70.03524281976382
1952,kexp,1.75,0.2,0.5,0.1,-263.36032909508367,-275.0823041256225
1953,kexp,1.75,0.2,0.5,0.05,-345.8169424270355,-358.07976496232413
1954,kexp,1.75,0.2,0.5,0.01,-395.4155960768783,-407.684282909878
1955,kexp,1.75,0.2,0.5,0,-398.0256295507461,-410.28901817020835
1956,kexp,1.75,0.2,1,0.5,-61.341435815017725,-64.22794912271543
1957,kexp,1.75,0.2,1,0.1,-162.46260020947378,-168.5599074893294
1958,kexp,1.75,0.2,1,0.05,-190.95356574786044,-197.1354929056876
1959,kexp,1.75,0.2,1,0.01,-204.53034106615098,-210.6996459930627
1960,kexp,1.75,0.2,1,0,-205.1735344846713,-211.34147628639178
1961,kexp,1.75,0.2,1.5,0.5,-58.519490021874205,-60.93395981943139
1962,kexp,1.75,0.2,1.5,0.1,-122.91561435763431,-127.03877107851515
1963,kexp,1.75,0.2,1.5,0.05,-137.2397340313876,-141.38474935183697
1964,kexp,1.75,0.2,1.5,0.01,-143.3995113619278,-147.5362485417641
1965,kexp,1.75,0.2,1.5,0,-143.68015955973112,-147.81628575554413
1966,kexp,1.75,0.5,0.5,0.5,-53.1206795553645,-57.12385272846707
1967,kexp,1.75,0.5,0.5,0.1,-121.8654417080753,-132.19774960749695
1968,kexp,1.75,0.5,0.5,0.05,-140.81554882536145,-151.55764779563108
1969,kexp,1.75,0.5,0.5,0.01,-149.5189528985815,-160.3750077760561
1970,kexp,1.75,0.5,0.5,0,-149.92475663854856,-160.78514130499892
1971,kexp,1.75,0.5,1,0.5,-48.792039120079785,-51.91620748334228
1972,kexp,1.75,0.5,1,0.1,-78.12647842350334,-83.57455554747976
1973,kexp,1.75,0.5,1,0.05,-83.61357587662302,-89.1603415605054
1974,kexp,1.75,0.5,1,0.01,-85.78695145626989,-91.36173003744591
1975,kexp,1.75,0.5,1,0,-85.8831672067408,-91.45905449104093
1976,kexp,1.75,0.5,1.5,0.5,-47.59048140639989,-50.128762967765866
1977,kexp,1.75,0.5,1.5,0.1,-63.87479443481462,-67.63294048646328
1978,kexp,1.75,0.5,1.5,0.05,-66.35796398107763,-70.15929040984497
1979,kexp,1.75,0.5,1.5,0.01,-67.28626604468377,-71.10014900139869
1980,kexp,1.75,0.5,1.5,0,-67.32662749573848,-71.14101565265058
1981,kexp,1.75,1,0.5,0.5,-45.336808988554864,-49.09751651075886
1982,kexp,1.75,1,0.5,0.1,-70.91219519455714,-79.26762564125872
1983,kexp,1.75,1,0.5,0.05,-76.2441291755361,-84.91077126386256
1984,kexp,1.75,1,0.5,0.01,-78.3976740476416,-87.16672431761856
1985,kexp,1.75,1,0.5,0,-78.49355905784965,-87.26689413762341
1986,kexp,1.75,1,1,0.5,-42.889575557575355,-45.73727129029218
1987,kexp,1.75,1,1,0.1,-51.04527597496786,-55.60690033236394
1988,kexp,1.75,1,1,0.05,-52.35529307281517,-57.00105683716365
1989,kexp,1.75,1,1,0.01,-52.83735248690486,-57.510350143616364
1990,kexp,1.75,1,1,0,-52.85820485534943,-57.53233955198467
1991,kexp,1.75,1,1.5,0.5,-43.12137304627852,-45.44640570475688
1992,kexp,1.75,1,1.5,0.1,-46.39745498560453,-49.65208990020379
1993,kexp,1.75,1,1.5,0.05,-46.91224892263287,-50.20663667602756
1994,kexp,1.75,1,1.5,0.01,-47.09587221310218,-50.40307218551212
1995,kexp,1.75,1,1.5,0,-47.10374355447282,-50.41147812339076
1996,kexp,1.75,1.5,0.5,0.5,-42.38041570493798,-46.00817508800727
1997,kexp,1.75,1.5,0.5,0.1,-55.067741345973786,-62.64583391910624
1998,kexp,1.75,1.5,0.5,0.05,-57.406189119739494,-65.23183783888942
1999,kexp,1.75,1.5,0.5,0.01,-58.30041391883783,-66.20788707740842
2000,kexp,1.75,1.5,0.5,0,-58.3395383343001,-66.25044622849563
2001,kexp,1.75,1.5,1,0.5,-40.946802025015586,-43.70028744923532
2002,kexp,1.75,1.5,1,0.1,-43.368007876105374,-47.60691810767126
2003,kexp,1.75,1.5,1,0.05,-43.84423321592583,-48.15291981654073
2004,kexp,1.75,1.5,1,0.01,-44.0156496306304,-48.3470238600793
2005,kexp,1.75,1.5,1,0,-44.023014666918115,-48.35533783841433
2006,kexp,1.75,1.5,1.5,0.5,-41.84142168152543,-44.11503195711412
2007,kexp,1.75,1.5,1.5,0.1,-41.8449156458392,-44.938684991900146
2008,kexp,1.75,1.5,1.5,0.05,-41.988064318754446,-45.11600922458146
2009,kexp,1.75,1.5,1.5,0.01,-42.03930044703379,-45.178300208089624
2010,kexp,1.75,1.5,1.5,0,-42.04149687781407,-45.18095847507375
2011,kexp,1.75,2,0.5,0.5,-40.7960756372296,-44.40092284065931
2012,kexp,1.75,2,0.5,0.1,-47.436932886654915,-54.73213814744072
2013,kexp,1.75,2,0.5,0.05,-48.64651868294848,-56.1583756501423
2014,kexp,1.75,2,0.5,0.01,-49.095820014885334,-56.67902772808039
2015,kexp,1.75,2,0.5,0,-49.11530369918711,-56.701504851456626
2016,kexp,1.75,2,1,0.5,-39.984908470958544,-42.74080136816451
2017,kexp,1.75,2,1,0.1,-39.92042180118369,-44.07320621770404
2018,kexp,1.75,2,1,0.05,-40.10022259033868,-44.316068981658525
2019,kexp,1.75,2,1,0.01,-40.16528671661186,-44.40161717820657
2020,kexp,1.75,2,1,0,-40.168083951546876,-44.40527106769676
2021,kexp,1.75,2,1.5,0.5,-41.283024913774696,-43.57979169734558
2022,kexp,1.75,2,1.5,0.1,-39.95278889089742,-43.031196728730336
2023,kexp,1.75,2,1.5,0.05,-39.96886575180515,-43.07902047291288
2024,kexp,1.75,2,1.5,0.01,-39.976013867328945,-43.09643412775076
2025,kexp,1.75,2,1.5,0,-39.97633413571347,-43.09718323982064
2026,kexp,1.75,2.5,0.5,0.5,-39.80499290239381,-43.43714699023754
2027,kexp,1.75,2.5,0.5,0.1,-42.98355288209997,-50.230248526039745
2028,kexp,1.75,2.5,0.5,0.05,-43.65318144620858,-51.104675737207685
2029,kexp,1.75,2.5,0.5,0.01,-43.89854456423734,-51.41737222197594
2030,kexp,1.75,2.5,0.5,0,-43.909139288335375,-51.43079110124886
2031,kexp,1.75,2.5,1,0.5,-39.4171952074619,-42.217294745235
2032,kexp,1.75,2.5,1,0.1,-38.0229740335628,-42.201898675302985
2033,kexp,1.75,2.5,1,0.05,-38.06761129348424,-42.30756403273614
2034,kexp,1.75,2.5,1,0.01,-38.085320500051054,-42.34508904696208
2035,kexp,1.75,2.5,1,0,-38.08609716241436,-42.34669437490941
2036,kexp,1.75,2.5,1.5,0.5,-40.991750897357676,-43.343745821953156
2037,kexp,1.75,2.5,1.5,0.1,-38.98792645220827,-42.11966132782042
2038,kexp,1.75,2.5,1.5,0.05,-38.94814462497337,-42.11118048926507
2039,kexp,1.75,2.5,1.5,0.01,-38.936227381049164,-42.109383615944175
2040,kexp,1.75,2.5,1.5,0,-38.93573988716482,-42.1093188995178
2041,kexp,1.75,3,0.5,0.5,-39.145436838535545,-42.827488200453445
2042,kexp,1.75,3,0.5,0.1,-40.13847123574329,-47.44607340038156
2043,kexp,1.75,3,0.5,0.05,-40.51317724328514,-48.022737051030816
2044,kexp,1.75,3,0.5,0.01,-40.650351543739596,-48.226289582417294
2045,kexp,1.75,3,0.5,0,-40.65627011115004,-48.23499229673952
2046,kexp,1.75,3,1,0.5,-39.05890788975344,-41.92057852022282
2047,kexp,1.75,3,1,0.1,-36.87453388108903,-41.12939916927689
2048,kexp,1.75,3,1,0.05,-36.8483995193486,-41.16441653932772
2049,kexp,1.75,3,1,0.01,-36.84170679675801,-41.17758114702794
2050,kexp,1.75,3,1,0,-36.84144675257343,-41.17815154080056
2051,kexp,1.75,3,1.5,0.5,-40.832781475290695,-43.25222582134931
2052,kexp,1.75,3,1.5,0.1,-38.450753671011796,-41.66435086814523
2053,kexp,1.75,3,1.5,0.05,-38.3828099642211,-41.62814935930378
2054,kexp,1.75,3,1.5,0.01,-38.36138489405457,-41.616988417293555
2055,kexp,1.75,3,1.5,0,-38.36049573311115,-41.61652805554834
2056,kexp,1.75,3.5,0.5,0.5,-38.69670401141004,-42.43784007290471
2057,kexp,1.75,3.5,0.5,0.1,-38.23369574236232,-45.649331453867006
2058,kexp,1.75,3.5,0.5,0.05,-38.432793961763934,-46.05147884701233
2059,kexp,1.75,3.5,0.5,0.01,-38.50683284631943,-46.1922666497622
2060,kexp,1.75,3.5,0.5,0,-38.51003802020005,-46.19827181770619
2061,kexp,1.75,3.5,1,0.5,-38.82899932317244,-41.757379066598105
2062,kexp,1.75,3.5,1,0.1,-36.146378714755386,-40.495395061909086
2063,kexp,1.75,3.5,1,0.05,-36.07971290560656,-40.49087779174562
2064,kexp,1.75,3.5,1,0.01,-36.059196509446075,-40.49054625021527
2065,kexp,1.75,3.5,1,0,-36.05835088203836,-40.49054481119948
2066,kexp,1.75,3.5,1.5,0.5,-40.750134608927134,-43.2390097695216
2067,kexp,1.75,3.5,1.5,0.1,-38.14293657521881,-41.44631985429598
2068,kexp,1.75,3.5,1.5,0.05,-38.05950310218345,-41.39539703907219
2069,kexp,1.75,3.5,1.5,0.01,-38.03288665628042,-41.37929470172432
2070,kexp,1.75,3.5,1.5,0,-38.03177860271782,-41.378625909094794
2071,kexp,1.75,4,0.5,0.5,-38.390212825100804,-42.192738062997776
2072,kexp,1.75,4,0.5,0.1,-36.92233523459367,-44.46229428413173
2073,kexp,1.75,4,0.5,0.05,-37.010163106137696,-44.75581221406246
2074,kexp,1.75,4,0.5,0.01,-37.044756796833184,-44.85804073791716
2075,kexp,1.75,4,0.5,0,-37.04627335519433,-44.862394749320856
2076,kexp,1.75,4,1,0.5,-38.68303253991363,-41.67709510862636
2077,kexp,1.75,4,1,0.1,-35.67367186827884,-40.119604834022134
2078,kexp,1.75,4,1,0.05,-35.582256021473455,-40.09161422171571
2079,kexp,1.75,4,1,0.01,-35.55336161217839,-40.08332287428069
2080,kexp,1.75,4,1,0,-35.552161793339415,-40.08298477974503
2081,kexp,1.75,4,1.5,0.5,-40.71443080819938,-43.26963489083379
2082,kexp,1.75,4,1.5,0.1,-37.96813831511426,-41.35927251370224
2083,kexp,1.75,4,1.5,0.05,-37.87565213980794,-41.30013774140476
2084,kexp,1.75,4,1.5,0.01,-37.84601656329463,-41.28128939453623
2085,kexp,1.75,4,1.5,0,-37.84478137278999,-41.28050488995284
2086,kexp,1.75,6,0.5,0.5,-37.90455673656733,-41.929312130329215
2087,kexp,1.75,6,0.5,0.1,-34.546792805381614,-42.55115898896479
2088,kexp,1.75,6,0.5,0.05,-34.44674278258878,-42.66863705117678
2089,kexp,1.75,6,0.5,0.01,-34.415837163772935,-42.70929073671606
2090,kexp,1.75,6,0.5,0,-34.41456260944894,-42.71101877484984
2091,kexp,1.75,6,1,0.5,-38.51369944150118,-41.72559643631803
2092,kexp,1.75,6,1,0.1,-34.948166164646004,-39.72128034570544
2093,kexp,1.75,6,1,0.05,-34.81795962063479,-39.65910835743257
2094,kexp,1.75,6,1,0.01,-34.776044944056586,-39.639299547226855
2095,kexp,1.75,6,1,0,-34.77429590640023,-39.638475157990165
2096,kexp,1.75,6,1.5,0.5,-40.77674564897846,-43.542150308774936
2097,kexp,1.75,6,1.5,0.1,-37.82537690075456,-41.49716342007647
2098,kexp,1.75,6,1.5,0.05,-37.72014381076245,-41.42805619729556
2099,kexp,1.75,6,1.5,0.01,-37.68627692600808,-41.40587560461571
2100,kexp,1.75,6,1.5,0,-37.68486377212331,-41.40495071910702
2101,kexp,1.75,8,0.5,0.5,-37.89797234247376,-42.09324643747168
2102,kexp,1.75,8,0.5,0.1,-33.9408090403691,-42.29308673261954
2103,kexp,1.75,8,0.5,0.05,-33.78534854665298,-42.36383403086939
2104,kexp,1.75,8,0.5,0.01,-33.735405256417515,-42.38829827138389
2105,kexp,1.75,8,0.5,0,-33.73332271229718,-42.38933778534839
2106,kexp,1.75,8,1,0.5,-38.58997527203005,-41.95339969534554
2107,kexp,1.75,8,1,0.1,-34.88101013384392,-39.879807265043695
2108,kexp,1.75,8,1,0.05,-34.741096904930856,-39.810998850832384
2109,kexp,1.75,8,1,0.01,-34.695943781530396,-39.788948179429255
2110,kexp,1.75,8,1,0,-34.694058361642604,-39.788029084614294
2111,kexp,1.75,8,1.5,0.5,-40.931287727152224,-43.83531658864076
2112,kexp,1.75,8,1.5,0.1,-37.948496986387234,-41.8044658484332
2113,kexp,1.75,8,1.5,0.05,-37.841018635630405,-41.73487385736015
2114,kexp,1.75,8,1.5,0.01,-37.8064049235289,-41.71251549003347
2115,kexp,1.75,8,1.5,0,-37.80496034483158,-41.71158295110746
2116,kexp,1.75,10,0.5,0.5,-38.027472757964084,-42.35273093504675
2117,kexp,1.75,10,0.5,0.1,-33.86467563006914,-42.480831822978125
2118,kexp,1.75,10,0.5,0.05,-33.68870769920966,-42.5376038092757
2119,kexp,1.75,10,0.5,0.01,-33.63173215828103,-42.557173497775274
2120,kexp,1.75,10,0.5,0,-33.62935134148956,-42.558004328565914
2121,kexp,1.75,10,1,0.5,-38.72343889168056,-42.19712146764344
2122,kexp,1.75,10,1,0.1,-34.98123343548538,-40.14389864380428
2123,kexp,1.75,10,1,0.05,-34.838552299742005,-40.074519921188156
2124,kexp,1.75,10,1,0.01,-34.79247119452924,-40.05225352536711
2125,kexp,1.75,10,1,0,-34.79054664832492,-40.05132507831748
2126,kexp,1.75,10,1.5,0.5,-41.08796331585847,-44.08988007941563
2127,kexp,1.75,10,1.5,0.1,-38.11193819745687,-42.097801861617924
2128,kexp,1.75,10,1.5,0.05,-38.00436564967109,-42.02933997919269
2129,kexp,1.75,10,1.5,0.01,-37.969714723246184,-42.007339750043144
2130,kexp,1.75,10,1.5,0,-37.96826851734436,-42.00642209497295
2131,kexp,1.75,25,0.5,0.5,-38.88056476157092,-43.58781379907427
2132,kexp,1.75,25,0.5,0.1,-34.858371671402764,-44.30179239399665
2133,kexp,1.75,25,0.5,0.05,-34.67642322709645,-44.37579729287834
2134,kexp,1.75,25,0.5,0.01,-34.61715125277824,-44.40069130004287
2135,kexp,1.75,25,0.5,0,-34.61467046290623,-44.40174177492445
2136,kexp,1.75,25,1,0.5,-39.41180643126803,-43.215185281222745
2137,kexp,1.75,25,1,0.1,-35.78544258169437,-41.4550760822977
2138,kexp,1.75,25,1,0.05,-35.64584185170322,-41.39621361531344
2139,kexp,1.75,25,1,0.01,-35.60072707782334,-41.37732495484166
2140,kexp,1.75,25,1,0,-35.59884258149326,-41.376537373457886
2141,kexp,1.75,25,1.5,0.5,-41.73028598742746,-45.02582685743933
2142,kexp,1.75,25,1.5,0.1,-38.856567916828325,-43.24015302968717
2143,kexp,1.75,25,1.5,0.05,-38.75248669402515,-43.179193913169534
2144,kexp,1.75,25,1.5,0.01,-38.718956208646276,-43.15960951091688
2145,kexp,1.75,25,1.5,0,-38.717556721097,-43.15879267304078
2146,kexp,2,0.2,0.5,0.5,-67.44639869931449,-71.1375518448145
2147,kexp,2,0.2,0.5,0.1,-286.75755563944864,-300.3345056495398
2148,kexp,2,0.2,0.5,0.05,-386.192387205242,-400.4968839506621
2149,kexp,2,0.2,0.5,0.01,-449.34362076797856,-463.6517820539342
2150,kexp,2,0.2,0.5,0,-452.759821970416,-467.0597414601779
2151,kexp,2,0.2,1,0.5,-62.22854103597445,-65.37325067007244
2152,kexp,2,0.2,1,0.1,-177.81127572954279,-184.9062509049469
2153,kexp,2,0.2,1,0.05,-213.18616834680049,-220.39751414758805
2154,kexp,2,0.2,1,0.01,-230.72942157534558,-237.92086620191373
2155,kexp,2,0.2,1,0,-231.57411681128343,-238.7634390274713
2156,kexp,2,0.2,1.5,0.5,-59.326459244606674,-61.99322380668029
2157,kexp,2,0.2,1.5,0.1,-134.17478703053595,-138.9777539855869
2158,kexp,2,0.2,1.5,0.05,-152.2458601022678,-157.07883523270988
2159,kexp,2,0.2,1.5,0.01,-160.26654618969687,-165.08662118432068
2160,kexp,2,0.2,1.5,0,-160.6362051877418,-165.45532831274767
2161,kexp,2,0.5,0.5,0.5,-53.71523472238342,-58.00776983353288
2162,kexp,2,0.5,0.5,0.1,-132.3100490019229,-143.96384367626825
2163,kexp,2,0.5,0.5,0.05,-155.96045618024883,-168.12349751486784
2164,kexp,2,0.5,0.5,0.01,-167.23962676150478,-179.54140510200477
2165,kexp,2,0.5,0.5,0,-167.77315003394511,-180.08006898108837
2166,kexp,2,0.5,1,0.5,-49.12578545377693,-52.52461461777925
2167,kexp,2,0.5,1,0.1,-83.87383629463102,-90.02975515335801
2168,kexp,2,0.5,1,0.05,-90.91932293431775,-97.19716244773778
2169,kexp,2,0.5,1,0.01,-93.77732021662614,-100.08889982349295
2170,kexp,2,0.5,1,0,-93.90482845638199,-100.21772322685906
2171,kexp,2,0.5,1.5,0.5,-47.712431636564986,-50.496237901854236
2172,kexp,2,0.5,1.5,0.1,-67.53938141053318,-71.78565065484123
2173,kexp,2,0.5,1.5,0.05,-70.78444753149265,-75.08368496699906
2174,kexp,2,0.5,1.5,0.01,-72.01876213595435,-76.33304977833974
2175,kexp,2,0.5,1.5,0,-72.07271136331529,-76.38759807489807
2176,kexp,2,1,0.5,0.5,-45.50381164990577,-49.51470243092576
2177,kexp,2,1,0.5,0.1,-75.83932024502342,-85.00083058871294
2178,kexp,2,1,0.5,0.05,-82.689039573231,-92.22505417707332
2179,kexp,2,1,0.5,0.01,-85.52705159123678,-95.18696449757785
2180,kexp,2,1,0.5,0,-85.65447304949718,-95.31957258074357
2181,kexp,2,1,1,0.5,-42.795281774562,-45.850072347646396
2182,kexp,2,1,1,0.1,-53.1758418405879,-58.1916642056028
2183,kexp,2,1,1,0.05,-54.923376611398034,-60.04074040561733
2184,kexp,2,1,1,0.01,-55.57557023423749,-60.72586146652551
2185,kexp,2,1,1,0,-55.60389983334705,-60.755566063419224
2186,kexp,2,1,1.5,0.5,-42.83226998580076,-45.33888077975818
2187,kexp,2,1,1.5,0.1,-47.39848405009471,-50.98157054903587
2188,kexp,2,1,1.5,0.05,-48.110515571817785,-51.74157986550916
2189,kexp,2,1,1.5,0.01,-48.36669021134152,-52.01323276540546
2190,kexp,2,1,1.5,0,-48.37769886121663,-52.02488732422531
2191,kexp,2,1.5,0.5,0.5,-42.339523619389965,-46.19088373464443
2192,kexp,2,1.5,0.5,0.1,-58.017024337907124,-66.23032102314487
2193,kexp,2,1.5,0.5,0.05,-61.09448617495182,-69.59879323205904
2194,kexp,2,1.5,0.5,0.01,-62.293389132714125,-70.89437768504978
2195,kexp,2,1.5,0.5,0,-62.346144418177246,-70.95119572132884
2196,kexp,2,1.5,1,0.5,-40.68031705277839,-43.61784797797513
2197,kexp,2,1.5,1,0.1,-44.31573618198809,-48.92890809919135
2198,kexp,2,1.5,1,0.05,-44.98543910761852,-49.68098370594599
2199,kexp,2,1.5,1,0.01,-45.22836207343069,-49.95075219256298
2200,kexp,2,1.5,1,0,-45.23882318513008,-49.96233673934458
2201,kexp,2,1.5,1.5,0.5,-41.39735338688282,-43.83608622183005
2202,kexp,2,1.5,1.5,0.1,-42.01920005212545,-45.3948130317287
2203,kexp,2,1.5,1.5,0.05,-42.243513082708276,-45.65954106480542
2204,kexp,2,1.5,1.5,0.01,-42.323607131767716,-45.752727618782146
2205,kexp,2,1.5,1.5,0,-42.32703954078768,-45.75670717868579
2206,kexp,2,2,0.5,0.5,-40.62752390261187,-44.45032472138395
2207,kexp,2,2,0.5,0.1,-49.28603217040291,-57.158017176786046
2208,kexp,2,2,0.5,0.05,-50.91681862337503,-59.038445753996704
2209,kexp,2,2,0.5,0.01,-51.53087412095507,-59.734949500356834
2210,kexp,2,2,0.5,0,-51.55761038144488,-59.765146652482784
2211,kexp,2,2,1,0.5,-39.61229686227013,-42.55093675034455
2212,kexp,2,2,1,0.1,-40.25344777133718,-44.7568029936417
2213,kexp,2,2,1,0.05,-40.5336338391675,-45.1100838712615
2214,kexp,2,2,1,0.01,-40.63479288670743,-45.23501844120623
2215,kexp,2,2,1,0,-40.6391408251998,-45.240360984464026
2216,kexp,2,2,1.5,0.5,-40.746263527433634,-43.209661885830656
2217,kexp,2,2,1.5,0.1,-39.71444736410184,-43.06417193590011
2218,kexp,2,2,1.5,0.05,-39.768854727413704,-43.15551522413171
2219,kexp,2,2,1.5,0.01,-39.78941555450538,-43.18803082113844
2220,kexp,2,2,1.5,0,-39.790307739822225,-43.18942252849195
2221,kexp,2,2.5,0.5,0.5,-39.53983999328037,-43.39235720420334
2222,kexp,2,2.5,0.5,0.1,-44.097441544994915,-51.90582918724091
2223,kexp,2,2.5,0.5,0.05,-45.026179866297234,-53.067496576420176
2224,kexp,2,2.5,0.5,0.01,-45.36969590078719,-53.48770245238242
2225,kexp,2,2.5,0.5,0,-45.38457029962894,-53.50579412096656
2226,kexp,2,2.5,1,0.5,-38.965820411817504,-41.95464116641319
2227,kexp,2,2.5,1,0.1,-37.96682787422271,-42.49500831138303
2228,kexp,2,2.5,1,0.05,-38.066692831614574,-42.664834019398974
2229,kexp,2,2.5,1,0.01,-38.10397788132048,-42.724854245441115
2230,kexp,2,2.5,1,0,-38.10559217051593,-42.727419452653656
2231,kexp,2,2.5,1.5,0.5,-40.389134551919746,-42.91526442549351
2232,kexp,2,2.5,1.5,0.1,-38.497449458324894,-41.904566486903356
2233,kexp,2,2.5,1.5,0.05,-38.47575052641909,-41.9189503244166
2234,kexp,2,2.5,1.5,0.01,-38.47014167243993,-41.9250156766518
2235,kexp,2,2.5,1.5,0,-38.469922894196586,-41.925284663264755
2236,kexp,2,3,0.5,0.5,-38.797850859607095,-42.7050130631345
2237,kexp,2,3,0.5,0.1,-40.719403234194715,-48.58979859967451
2238,kexp,2,3,0.5,0.05,-41.2605091630641,-49.35883734556991
2239,kexp,2,3,0.5,0.01,-41.459516409834855,-49.632823652731474
2240,kexp,2,3,0.5,0,-41.46811581679416,-49.64456828290888
2241,kexp,2,3,1,0.5,-38.543636495846684,-41.602250951374586
2242,kexp,2,3,1,0.1,-36.54896481210855,-41.160539319140746
2243,kexp,2,3,1,0.05,-36.55323019896745,-41.23449751897037
2244,kexp,2,3,1,0.01,-36.55726710716957,-41.261180300506666
2245,kexp,2,3,1,0,-36.55746555853708,-41.26232594521054
2246,kexp,2,3,1.5,0.5,-40.179649190448984,-42.782779037674494
2247,kexp,2,3,1.5,0.1,-37.79162573252314,-41.29058185013865
2248,kexp,2,3,1.5,0.05,-37.73088404609569,-41.266268282875465
2249,kexp,2,3,1.5,0.01,-37.712018569538586,-41.25918913528296
2250,kexp,2,3,1.5,0,-37.711238905844056,-41.25890193270098
2251,kexp,2,3.5,0.5,0.5,-38.27544679505949,-42.24687249723796
2252,kexp,2,3.5,0.5,0.1,-38.41254515791914,-46.39753108636325
2253,kexp,2,3.5,0.5,0.05,-38.7211244505759,-46.93419578613762
2254,kexp,2,3.5,0.5,0.01,-38.835423514265486,-47.123527905605684
2255,kexp,2,3.5,0.5,0,-38.84036878961064,-47.131620999545994
2256,kexp,2,3.5,1,0.5,-38.259983382707034,-41.394044455921744
2257,kexp,2,3.5,1,0.1,-35.625662864947586,-40.34197340941703
2258,kexp,2,3.5,1,0.05,-35.57464592324537,-40.361566678664936
2259,kexp,2,3.5,1,0.01,-35.55969717018903,-40.369566157185204
2260,kexp,2,3.5,1,0,-35.55908987479394,-40.36991876866715
2261,kexp,2,3.5,1.5,0.5,-40.05704298007577,-42.739737693886255
2262,kexp,2,3.5,1.5,0.1,-37.365841417041466,-40.966741096171226
2263,kexp,2,3.5,1.5,0.05,-37.28328563142659,-40.92142061952298
2264,kexp,2,3.5,1.5,0.01,-37.25707666590446,-40.907260980614865
2265,kexp,2,3.5,1.5,0,-37.255987003252244,-40.90667479176868
2266,kexp,2,4,0.5,0.5,-37.902614329659116,-41.9404554153253
2267,kexp,2,4,0.5,0.1,-36.79049814100927,-44.90765182419245
2268,kexp,2,4,0.5,0.05,-36.95102172862194,-45.29848784440732
2269,kexp,2,4,0.5,0.01,-37.012256476743914,-45.43551036472642
2270,kexp,2,4,0.5,0,-37.014923127778914,-45.441356924117024
2271,kexp,2,4,1,0.5,-38.06834918717602,-41.27667007852302
2272,kexp,2,4,1,0.1,-35.00760985681473,-39.83215538278058
2273,kexp,2,4,1,0.05,-34.9225807536402,-39.819060576770134
2274,kexp,2,4,1,0.01,-34.896053309782204,-39.81591674658958
2275,kexp,2,4,1,0,-34.89495576883227,-39.81579739171101
2276,kexp,2,4,1.5,0.5,-39.98939331963201,-42.74846619019738
2277,kexp,2,4,1.5,0.1,-37.10625946233451,-40.80753575142167
2278,kexp,2,4,1.5,0.05,-37.010767264049996,-40.750209683982156
2279,kexp,2,4,1.5,0.01,-36.980228892420165,-40.73202363475778
2280,kexp,2,4,1.5,0,-36.97895674925016,-40.73126764763972
2281,kexp,2,6,0.5,0.5,-37.21612803070409,-41.49296704720963
2282,kexp,2,6,0.5,0.1,-33.68811383585574,-42.294506637060586
2283,kexp,2,6,0.5,0.05,-33.597164845162546,-42.44522432105344
2284,kexp,2,6,0.5,0.01,-33.570036745447204,-42.497671318489814
2285,kexp,2,6,0.5,0,-33.56892974321476,-42.49990397999734
2286,kexp,2,6,1,0.5,-37.77465311077507,-41.229403535016154
2287,kexp,2,6,1,0.1,-33.964624997882694,-39.155138620053556
2288,kexp,2,6,1,0.05,-33.825626633755014,-39.09305524277201
2289,kexp,2,6,1,0.01,-33.78091374064715,-39.073354424001565
2290,kexp,2,6,1,0,-33.779048308536524,-39.072535420624725
2291,kexp,2,6,1.5,0.5,-39.97475842960302,-42.97823905845141
2292,kexp,2,6,1.5,0.1,-36.79236339271175,-40.8180901776281
2293,kexp,2,6,1.5,0.05,-36.67807097378752,-40.74512498415705
2294,kexp,2,6,1.5,0.01,-36.64127985804202,-40.72171219765665
2295,kexp,2,6,1.5,0,-36.63974459704887,-40.72073600090283
2296,kexp,2,8,0.5,0.5,-37.0875172432969,-41.548933390287715
2297,kexp,2,8,0.5,0.1,-32.74231673088058,-41.71176632767086
2298,kexp,2,8,0.5,0.05,-32.57596904950681,-41.79538645592717
2299,kexp,2,8,0.5,0.01,-32.522838000265935,-41.824557535020006
2300,kexp,2,8,0.5,0,-32.52062620427666,-41.82579984917432
2301,kexp,2,8,1,0.5,-37.78339876124051,-41.40970893619885
2302,kexp,2,8,1,0.1,-33.76224188886821,-39.20450315635934
2303,kexp,2,8,1,0.05,-33.609205150955106,-39.13168289687852
2304,kexp,2,8,1,0.01,-33.55980373528385,-39.108366465095415
2305,kexp,2,8,1,0,-33.55774079378051,-39.10739483624752
2306,kexp,2,8,1.5,0.5,-40.09380281407677,-43.25959047071066
2307,kexp,2,8,1.5,0.1,-36.851812563615816,-41.091673615584924
2308,kexp,2,8,1.5,0.05,-36.733736539501564,-41.01693563280121
2309,kexp,2,8,1.5,0.01,-36.695690455030814,-40.99291838557498
2310,kexp,2,8,1.5,0,-36.694102423688456,-40.991916598675765
2311,kexp,2,10,0.5,0.5,-37.144998111980854,-41.75162769580252
2312,kexp,2,10,0.5,0.1,-32.48020761899031,-41.729695370347656
2313,kexp,2,10,0.5,0.05,-32.284474683762575,-41.79015540548012
2314,kexp,2,10,0.5,0.01,-32.22126849515954,-41.81128539459225
2315,kexp,2,10,0.5,0,-32.21862933420503,-41.81218556570688
2316,kexp,2,10,1,0.5,-37.87854178909735,-41.631338126960856
2317,kexp,2,10,1,0.1,-33.79244440843984,-39.418820210643496
2318,kexp,2,10,1,0.05,-33.63485754271463,-39.3437859152754
2319,kexp,2,10,1,0.01,-33.583936990955685,-39.319707597128804
2320,kexp,2,10,1,0,-33.5818100627085,-39.31870363817218
2321,kexp,2,10,1.5,0.5,-40.23223951239585,-43.5135066948243
2322,kexp,2,10,1.5,0.1,-36.985459429840525,-41.376996101631796
2323,kexp,2,10,1.5,0.05,-36.866725931258415,-41.30298452519963
2324,kexp,2,10,1.5,0.01,-36.828457814503054,-41.279192256881416
2325,kexp,2,10,1.5,0,-36.82686040561699,-41.27819976239841
2326,kexp,2,25,0.5,0.5,-37.97321001785264,-43.062206151363505
2327,kexp,2,25,0.5,0.1,-33.27079424209552,-43.523373856185486
2328,kexp,2,25,0.5,0.05,-33.05605302211771,-43.59122270932021
2329,kexp,2,25,0.5,0.01,-32.98614456559572,-43.61430852154811
2330,kexp,2,25,0.5,0,-32.983219195874916,-43.61528553737736
2331,kexp,2,25,1,0.5,-38.56453618635428,-42.73300186084374
2332,kexp,2,25,1,0.1,-34.55011156521548,-40.804252554217314
2333,kexp,2,25,1,0.05,-34.393297890670326,-40.73880661379855
2334,kexp,2,25,1,0.01,-34.342584502217775,-40.71779351007978
2335,kexp,2,25,1,0,-34.34046576499433,-40.71691722506739
2336,kexp,2,25,1.5,0.5,-40.895113479340445,-44.54920781502694
2337,kexp,2,25,1.5,0.1,-37.73822697372992,-42.629809934956505
2338,kexp,2,25,1.5,0.05,-37.622426097092635,-42.56361546322954
2339,kexp,2,25,1.5,0.01,-37.58509636613424,-42.542338752374064
2340,kexp,2,25,1.5,0,-37.58353805477547,-42.54145122103558
2341,kexp,2.25,0.2,0.5,0.5,-68.19940277538433,-72.07575532325963
2342,kexp,2.25,0.2,0.5,0.1,-308.688450703529,-324.09358356915584
2343,kexp,2.25,0.2,0.5,0.05,-425.41455991852524,-441.7672336860489
2344,kexp,2.25,0.2,0.5,0.01,-503.3586444991947,-519.717787602646
2345,kexp,2.25,0.2,0.5,0,-507.68863453039614,-524.0361012434114
2346,kexp,2.25,0.2,1,0.5,-63.0100403325405,-66.37671938869873
2347,kexp,2.25,0.2,1,0.1,-192.5294344144367,-200.61862628213225
2348,kexp,2.25,0.2,1,0.05,-235.15269526199577,-243.39865645724316
2349,kexp,2.25,0.2,1,0.01,-257.0993825386691,-265.3180547562563
2350,kexp,2.25,0.2,1,0,-258.17298914392586,-266.3886493842779
2351,kexp,2.25,0.2,1.5,0.5,-60.05123542002198,-62.94225900637824
2352,kexp,2.25,0.2,1.5,0.1,-145.1304449192584,-150.61329971558467
2353,kexp,2.25,0.2,1.5,0.05,-167.21782185666208,-172.742142032573
2354,kexp,2.25,0.2,1.5,0.01,-177.32083627649212,-182.82724616804848
2355,kexp,2.25,0.2,1.5,0,-177.79176411022203,-183.29682219303388
2356,kexp,2.25,0.5,0.5,0.5,-54.28875602448108,-58.82575531172099
2357,kexp,2.25,0.5,0.5,0.1,-142.43146000293928,-155.37498864288423
2358,kexp,2.25,0.5,0.5,0.05,-171.06289788341073,-184.62827838862722
2359,kexp,2.25,0.5,0.5,0.01,-185.2122792060084,-198.94487622333963
2360,kexp,2.25,0.5,0.5,0,-185.89106353403142,-199.6297131992347
2361,kexp,2.25,0.5,1,0.5,-49.470371685182094,-53.1122936062254
2362,kexp,2.25,0.5,1,0.1,-89.60576536794271,-96.45542970327105
2363,kexp,2.25,0.5,1,0.05,-98.35208243585201,-105.35030692195947
2364,kexp,2.25,0.5,1,0.01,-101.98258375247222,-109.02107328914504
2365,kexp,2.25,0.5,1,0,-102.14580335680341,-109.18583932621881
2366,kexp,2.25,0.5,1.5,0.5,-47.86730191327041,-50.873191776356286
2367,kexp,2.25,0.5,1.5,0.1,-71.28072655177489,-76.00512403961791
2368,kexp,2.25,0.5,1.5,0.05,-75.36993897120362,-80.158528358898
2369,kexp,2.25,0.5,1.5,0.01,-76.9518679853775,-81.75832885436427
2370,kexp,2.25,0.5,1.5,0,-77.0213733970156,-81.82853813449518
2371,kexp,2.25,1,0.5,0.5,-45.72411205015526,-49.94756404342921
2372,kexp,2.25,1,0.5,0.1,-80.8471301722721,-90.77445723157201
2373,kexp,2.25,1,0.5,0.05,-89.35367216655374,-99.7258360064057
2374,kexp,2.25,1,0.5,0.01,-92.96530549595224,-103.48563127928173
2375,kexp,2.25,1,0.5,0,-93.12880242761081,-103.65533616318899
2376,kexp,2.25,1,1,0.5,-42.7675895852516,-46.002043800849485
2377,kexp,2.25,1,1,0.1,-55.45302263749141,-60.90001235526864
2378,kexp,2.25,1,1,0.05,-57.69099857081635,-63.25894354436764
2379,kexp,2.25,1,1,0.01,-58.5379606403085,-64.14522959110067
2380,kexp,2.25,1,1,0,-58.574904663982736,-64.18381630918329
2381,kexp,2.25,1,1.5,0.5,-42.62203978985919,-45.287643350193726
2382,kexp,2.25,1,1.5,0.1,-48.55624255037593,-52.44959128879243
2383,kexp,2.25,1,1.5,0.05,-49.492899150647894,-53.44337623772713
2384,kexp,2.25,1,1.5,0.01,-49.83294449605792,-53.8018784053502
2385,kexp,2.25,1,1.5,0,-49.847595509317784,-53.81729979105263
2386,kexp,2.25,1.5,0.5,0.5,-42.3764978273894,-46.411239638623094
2387,kexp,2.25,1.5,0.5,0.1,-61.154282835519346,-69.95328661683395
2388,kexp,2.25,1.5,0.5,0.05,-65.0554097840314,-74.19346246097088
2389,kexp,2.25,1.5,0.5,0.01,-66.60282831509338,-75.8542272710588
2390,kexp,2.25,1.5,0.5,0,-66.67130575783143,-75.92747438016457
2391,kexp,2.25,1.5,1,0.5,-40.497409000310704,-43.588413661406406
2392,kexp,2.25,1.5,1,0.1,-45.440643585497185,-50.398303074248126
2393,kexp,2.25,1.5,1,0.05,-46.33215044893627,-51.386073055332375
2394,kexp,2.25,1.5,1,0.01,-46.65827041430637,-51.74365545436655
2395,kexp,2.25,1.5,1,0,-46.67234915669009,-51.75905171230389
2396,kexp,2.25,1.5,1.5,0.5,-41.04489186112928,-43.623027649904664
2397,kexp,2.25,1.5,1.5,0.1,-42.35813214203378,-45.99178873415597
2398,kexp,2.25,1.5,1.5,0.05,-42.677542316684814,-46.358447649969804
2399,kexp,2.25,1.5,1.5,0.01,-42.79178787538758,-46.488027303788186
2400,kexp,2.25,1.5,1.5,0,-42.796687056297294,-46.493567589666576
2401,kexp,2.25,2,0.5,0.5,-40.55152401921545,-44.54815194636972
2402,kexp,2.25,2,0.5,0.1,-51.367394317074286,-59.75969704899295
2403,kexp,2.25,2,0.5,0.05,-53.4766665366624,-62.154713311286336
2404,kexp,2.25,2,0.5,0.01,-54.28163611405733,-63.05440468297411
2405,kexp,2.25,2,0.5,0,-54.316827651342834,-63.09357535227519
2406,kexp,2.25,2,1,0.5,-39.332309817521534,-42.419846007307534
2407,kexp,2.25,2,1,0.1,-40.7707043079264,-45.58989385820751
2408,kexp,2.25,2,1,0.05,-41.168978483963116,-46.072143767020364
2409,kexp,2.25,2,1,0.01,-41.313047751906915,-46.24357555865845
2410,kexp,2.25,2,1,0,-41.31924468073197,-46.25091760025599
2411,kexp,2.25,2,1.5,0.5,-40.306272038615134,-42.90774194550188
2412,kexp,2.25,2,1.5,0.1,-39.63758782138574,-43.23071016505983
2413,kexp,2.25,2,1.5,0.05,-39.73875347649795,-43.374384564795896
2414,kexp,2.25,2,1.5,0.01,-39.77577836434508,-43.42518397253776
2415,kexp,2.25,2,1.5,0,-39.7773737905552,-43.42735511627268
2416,kexp,2.25,2.5,0.5,0.5,-39.38166688246369,-43.407708317800925
2417,kexp,2.25,2.5,0.5,0.1,-45.47005686003305,-53.7799841010287
2418,kexp,2.25,2.5,0.5,0.05,-46.69886554815199,-55.27211267987326
2419,kexp,2.25,2.5,0.5,0.01,-47.157800668223466,-55.8179122281407
2420,kexp,2.25,2.5,0.5,0,-47.177730532636076,-55.841487393473706
2421,kexp,2.25,2.5,1,0.5,-38.614881226751464,-41.75620818343581
2422,kexp,2.25,2.5,1,0.1,-38.09676772181523,-42.93625549940753
2423,kexp,2.25,2.5,1,0.05,-38.26384471603356,-43.18281702196208
2424,kexp,2.25,2.5,1,0.01,-38.32512161559463,-43.269950844452076
2425,kexp,2.25,2.5,1,0,-38.32776452622606,-43.27367548473001
2426,kexp,2.25,2.5,1.5,0.5,-39.88679675845796,-42.55630547350097
2427,kexp,2.25,2.5,1.5,0.1,-38.163693172602585,-41.81532268631983
2428,kexp,2.25,2.5,1.5,0.05,-38.16564428432739,-41.85840037549496
2429,kexp,2.25,2.5,1.5,0.01,-38.1682992056506,-41.8743717167019
2430,kexp,2.25,2.5,1.5,0,-38.16843262413438,-41.87506161519048
2431,kexp,2.25,3,0.5,0.5,-38.572666277141096,-42.65633423706775
2432,kexp,2.25,3,0.5,0.1,-41.579186954008534,-49.95021736195343
2433,kexp,2.25,3,0.5,0.05,-42.31721739646775,-50.94390124832459
2434,kexp,2.25,3,0.5,0.01,-42.59024744270839,-51.301123928801424
2435,kexp,2.25,3,0.5,0,-42.60206713244876,-51.316475857989815
2436,kexp,2.25,3,1,0.5,-38.136577762231695,-41.35415533833252
2437,kexp,2.25,3,1,0.1,-36.41046557772574,-41.338451029317795
2438,kexp,2.25,3,1,0.05,-36.45369723561232,-41.46035417520991
2439,kexp,2.25,3,1,0.01,-36.471528721412916,-41.50376845149319
2440,kexp,2.25,3,1,0,-36.472317186974834,-41.50562712535554
2441,kexp,2.25,3,1.5,0.5,-39.62991047049503,-42.3841406570292
2442,kexp,2.25,3,1.5,0.1,-37.284947242756026,-41.035990395683854
2443,kexp,2.25,3,1.5,0.05,-37.23530276711657,-41.02764883658534
2444,kexp,2.25,3,1.5,0.01,-37.220337223337445,-41.02605542793806
2445,kexp,2.25,3,1.5,0,-37.21972397187163,-41.02600098119579
2446,kexp,2.25,3.5,0.5,0.5,-37.99168572725734,-42.14343116537373
2447,kexp,2.25,3.5,0.5,0.1,-38.886863528742694,-47.37730037462452
2448,kexp,2.25,3.5,0.5,0.05,-39.328597513077646,-48.073549421497425
2449,kexp,2.25,3.5,0.5,0.01,-39.49225126695495,-48.32100211473262
2450,kexp,2.25,3.5,0.5,0,-39.49933481869605,-48.33160162646799
2451,kexp,2.25,3.5,1,0.5,-37.80644026268639,-41.10668518399262
2452,kexp,2.25,3.5,1,0.1,-35.29299476794271,-40.33416744959366
2453,kexp,2.25,3.5,1,0.05,-35.26404260088453,-40.384622178449085
2454,kexp,2.25,3.5,1,0.01,-35.25690887869732,-40.40331365446044
2455,kexp,2.25,3.5,1,0,-35.25663581187763,-40.404121005305925
2456,kexp,2.25,3.5,1.5,0.5,-39.47002002180742,-42.31227792279516
2457,kexp,2.25,3.5,1.5,0.1,-36.73774382159286,-40.600667015538924
2458,kexp,2.25,3.5,1.5,0.05,-36.65892281969053,-40.56394582520506
2459,kexp,2.25,3.5,1.5,0.01,-36.634089880778916,-40.55274484693142
2460,kexp,2.25,3.5,1.5,0,-36.6330595763321,-40.55228423164284
2461,kexp,2.25,4,0.5,0.5,-37.566124098721104,-41.78805062302506
2462,kexp,2.25,4,0.5,0.1,-36.96808755237678,-45.59647689197188
2463,kexp,2.25,4,0.5,0.05,-37.22042421164107,-46.104865282688365
2464,kexp,2.25,4,0.5,0.01,-37.315432774181275,-46.2841993977906
2465,kexp,2.25,4,0.5,0,-37.31955932372019,-46.29186453036761
2466,kexp,2.25,4,1,0.5,-37.57544616187538,-40.957118459624844
2467,kexp,2.25,4,1,0.1,-34.53067090026389,-39.689265242194196
2468,kexp,2.25,4,1,0.05,-34.457051097081056,-39.696345728616514
2469,kexp,2.25,4,1,0.01,-34.43462180177399,-39.70016847802729
2470,kexp,2.25,4,1,0,-34.433700095675675,-39.70034513559435
2471,kexp,2.25,4,1.5,0.5,-39.37256656048824,-42.299693132043075
2472,kexp,2.25,4,1.5,0.1,-36.39069809996643,-40.364503512215975
2473,kexp,2.25,4,1.5,0.05,-36.294389431087694,-40.31127846927131
2474,kexp,2.25,4,1.5,0.01,-36.26368194287672,-40.29452380005253
2475,kexp,2.25,4,1.5,0,-36.26240378639182,-40.29382877073126
2476,kexp,2.25,6,0.5,0.5,-36.71434943661122,-41.18663619945931
2477,kexp,2.25,6,0.5,0.1,-33.176820658824056,-42.308080033678344
2478,kexp,2.25,6,0.5,0.05,-33.10662177016957,-42.50399997332087
2479,kexp,2.25,6,0.5,0.01,-33.087337993738764,-42.57242464210826
2480,kexp,2.25,6,0.5,0,-33.08657203493234,-42.575340454662225
2481,kexp,2.25,6,1,0.5,-37.17318269493814,-40.825065037577886
2482,kexp,2.25,6,1,0.1,-33.17527228710702,-38.73072441768294
2483,kexp,2.25,6,1,0.05,-33.03026745624675,-38.67156283469527
2484,kexp,2.25,6,1,0.01,-32.98368051714242,-38.65291472828746
2485,kexp,2.25,6,1,0,-32.98173756716008,-38.65214089826517
2486,kexp,2.25,6,1.5,0.5,-39.28570200985099,-42.486705383828486
2487,kexp,2.25,6,1.5,0.1,-35.900672403777456,-40.236044323886205
2488,kexp,2.25,6,1.5,0.05,-35.778442032326694,-40.16035117605938
2489,kexp,2.25,6,1.5,0.01,-35.73909160717276,-40.13607646491565
2490,kexp,2.25,6,1.5,0,-35.73744951130665,-40.135064479533824
2491,kexp,2.25,8,0.5,0.5,-36.4776645198533,-41.14191521881238
2492,kexp,2.25,8,0.5,0.1,-31.912793444340608,-41.40908093642384
2493,kexp,2.25,8,0.5,0.05,-31.745695308271785,-41.51552774840669
2494,kexp,2.25,8,0.5,0.01,-31.69282300219938,-41.552807074657515
2495,kexp,2.25,8,0.5,0,-31.6906279297449,-41.55439639974473
2496,kexp,2.25,8,1,0.5,-37.12109521096513,-40.96038852969355
2497,kexp,2.25,8,1,0.1,-32.84285631835083,-38.66970547942498
2498,kexp,2.25,8,1,0.05,-32.67901507068798,-38.59513078594701
2499,kexp,2.25,8,1,0.01,-32.62612292286827,-38.5712916524414
2500,kexp,2.25,8,1,0,-32.62391419669539,-38.57029867779216
2501,kexp,2.25,8,1.5,0.5,-39.37132845987786,-42.75530597266696
2502,kexp,2.25,8,1.5,0.1,-35.896356388165934,-40.4717340857185
2503,kexp,2.25,8,1.5,0.05,-35.76857698613411,-40.39271200249473
2504,kexp,2.25,8,1.5,0.01,-35.72738588376331,-40.367315544101245
2505,kexp,2.25,8,1.5,0,-35.72566638575153,-40.36625620387761
2506,kexp,2.25,10,0.5,0.5,-36.46528985150345,-41.28260527538281
2507,kexp,2.25,10,0.5,0.1,-31.475668352042955,-41.253604064145456
2508,kexp,2.25,10,0.5,0.05,-31.27017421739296,-41.32717942687825
2509,kexp,2.25,10,0.5,0.01,-31.20410185408381,-41.35306082301222
2510,kexp,2.25,10,0.5,0,-31.201346424512657,-41.35416528148942
2511,kexp,2.25,10,1,0.5,-37.179706604756724,-41.15737623962171
2512,kexp,2.25,10,1,0.1,-32.80620759382406,-38.83114108370393
2513,kexp,2.25,10,1,0.05,-32.63597043253549,-38.752567727667795
2514,kexp,2.25,10,1,0.01,-32.58094289205205,-38.72737067574876
2515,kexp,2.25,10,1,0,-32.578644218761774,-38.7263202613814
2516,kexp,2.25,10,1.5,0.5,-39.49198704823701,-43.006328117066566
2517,kexp,2.25,10,1.5,0.1,-36.000784040876795,-40.74616980685644
2518,kexp,2.25,10,1.5,0.05,-35.871748084840604,-40.66741026933126
2519,kexp,2.25,10,1.5,0.01,-35.83013741972827,-40.64208519201852
2520,kexp,2.25,10,1.5,0,-35.82840025025163,-40.641028688082514
2521,kexp,2.25,25,0.5,0.5,-37.22159167665669,-42.605585063834994
2522,kexp,2.25,25,0.5,0.1,-32.006140507387755,-42.91626263856288
2523,kexp,2.25,25,0.5,0.05,-31.767925566670147,-42.984969617596796
2524,kexp,2.25,25,0.5,0.01,-31.69049006903683,-43.00861762018996
2525,kexp,2.25,25,0.5,0,-31.68725113304236,-43.00962136530319
2526,kexp,2.25,25,1,0.5,-37.83465012125909,-42.302481159638546
2527,kexp,2.25,25,1,0.1,-33.48476184587364,-40.23791892534984
2528,kexp,2.25,25,1,0.05,-33.31278453950725,-40.16743144011081
2529,kexp,2.25,25,1,0.01,-33.25713533950095,-40.1447984364105
2530,kexp,2.25,25,1,0,-33.25481005431531,-40.14385459131809
2531,kexp,2.25,25,1.5,0.5,-40.15350422619417,-44.112266110415
2532,kexp,2.25,25,1.5,0.1,-36.73734402731898,-42.07385415186321
2533,kexp,2.25,25,1.5,0.05,-36.61058096309011,-42.002991970469
2534,kexp,2.25,25,1.5,0.01,-36.5696935412634,-41.980206332147745
2535,kexp,2.25,25,1.5,0,-36.567986461480736,-41.97925576672754
2536,kexp,2.5,0.2,0.5,0.5,-68.85780638524992,-72.8862162609013
2537,kexp,2.5,0.2,0.5,0.1,-329.33153042722114,-346.5364749656213
2538,kexp,2.5,0.2,0.5,0.05,-463.53842320200135,-481.9433498192798
2539,kexp,2.5,0.2,0.5,0.01,-557.4229547917503,-575.8434185915735
2540,kexp,2.5,0.2,0.5,0,-562.7738882929957,-581.1787783186682
2541,kexp,2.5,0.2,1,0.5,-63.7076735511051,-67.26634730756753
2542,kexp,2.5,0.2,1,0.1,-206.66195167908262,-215.74075229531215
2543,kexp,2.5,0.2,1,0.05,-256.835533979125,-266.12049748130795
2544,kexp,2.5,0.2,1,0.01,-283.602534341511,-292.853072810493
2545,kexp,2.5,0.2,1,0,-284.93240615013445,-294.1789189306392
2546,kexp,2.5,0.2,1.5,0.5,-60.70883939956582,-63.79997458546274
2547,kexp,2.5,0.2,1.5,0.1,-155.78590241050705,-161.94803154307624
2548,kexp,2.5,0.2,1.5,0.05,-182.12540979643114,-188.34409532278752
2549,kexp,2.5,0.2,1.5,0.01,-194.52479607762407,-200.7203246616189
2550,kexp,2.5,0.2,1.5,0,-195.1092355297945,-201.30295589526176
2551,kexp,2.5,0.5,0.5,0.5,-54.83987924313137,-59.58607175072396
2552,kexp,2.5,0.5,0.5,0.1,-152.2320753477415,-166.4394374053087
2553,kexp,2.5,0.5,0.5,0.05,-186.08092998911042,-201.03570951522462
2554,kexp,2.5,0.5,0.5,0.01,-203.38262213229115,-218.53700713938153
2555,kexp,2.5,0.5,0.5,0,-204.22416573376282,-219.38562380639402
2556,kexp,2.5,0.5,1,0.5,-49.82061731525703,-53.6798293353569
2557,kexp,2.5,0.5,1,0.1,-95.29676997499155,-102.82943623856032
2558,kexp,2.5,0.5,1,0.05,-105.87333295609758,-113.58469499876887
2559,kexp,2.5,0.5,1,0.01,-110.36215047316179,-118.1211553995469
2560,kexp,2.5,0.5,1,0,-110.56549436094802,-118.32630355211947
2561,kexp,2.5,0.5,1.5,0.5,-48.04680629188118,-51.25535631617732
2562,kexp,2.5,0.5,1.5,0.1,-75.06894129152073,-80.26408751989013
2563,kexp,2.5,0.5,1.5,0.05,-80.07910076931822,-85.35116263366083
2564,kexp,2.5,0.5,1.5,0.01,-82.04956575734512,-87.34267161320945
2565,kexp,2.5,0.5,1.5,0,-82.1365940024459,-87.43052023312322
2566,kexp,2.5,1,0.5,0.5,-45.98050615316161,-50.38886262904973
2567,kexp,2.5,1,0.5,0.1,-85.88469385701521,-96.54972237806606
2568,kexp,2.5,1,0.5,0.05,-96.17293942872776,-107.3599999888073
2569,kexp,2.5,1,0.5,0.01,-100.64476398552144,-112.00704120555402
2570,kexp,2.5,1,0.5,0,-100.84885285085356,-112.21848040404915
2571,kexp,2.5,1,1,0.5,-42.79014372209166,-46.184002689063405
2572,kexp,2.5,1,1,0.1,-57.83775053134038,-63.699884275047275
2573,kexp,2.5,1,1,0.05,-60.61594864551001,-66.62045401666953
2574,kexp,2.5,1,1,0.01,-61.68190389573731,-67.73284024423106
2575,kexp,2.5,1,1,0,-61.728595211065965,-67.78147209383455
2576,kexp,2.5,1,1.5,0.5,-42.47387282132509,-45.28157527562259
2577,kexp,2.5,1,1.5,0.1,-49.837753416254714,-54.02851306449471
2578,kexp,2.5,1,1.5,0.05,-51.02526654253678,-55.283233264129116
2579,kexp,2.5,1,1.5,0.01,-51.46036918230714,-55.740087667293786
2580,kexp,2.5,1,1.5,0,-51.4791660976335,-55.759792756918706
2581,kexp,2.5,1.5,0.5,0.5,-42.470102875605654,-46.65947864301456
2582,kexp,2.5,1.5,0.5,0.1,-64.418471332104,-73.76926775294402
2583,kexp,2.5,1.5,0.5,0.05,-69.22097984225621,-78.96342428623666
2584,kexp,2.5,1.5,0.5,0.01,-71.15958506648714,-81.03388194956675
2585,kexp,2.5,1.5,0.5,0,-71.24585642534639,-81.12571074126429
2586,kexp,2.5,1.5,1,0.5,-40.3790399281381,-43.60136397477711
2587,kexp,2.5,1.5,1,0.1,-46.70367809795063,-51.98500142333674
2588,kexp,2.5,1.5,1,0.05,-47.843961294920106,-53.23674498705619
2589,kexp,2.5,1.5,1,0.01,-48.26477625663046,-53.69410845692104
2590,kexp,2.5,1.5,1,0,-48.28299028659603,-53.71385416232783
2591,kexp,2.5,1.5,1.5,0.5,-40.76577879591863,-43.46430559559383
2592,kexp,2.5,1.5,1.5,0.1,-42.83116539144692,-46.705818277515434
2593,kexp,2.5,1.5,1.5,0.05,-43.25913527144113,-47.188474010191634
2594,kexp,2.5,1.5,1.5,0.01,-43.41276294381072,-47.35988608792784
2595,kexp,2.5,1.5,1.5,0,-43.41935834031237,-47.36722540264325
2596,kexp,2.5,2,0.5,0.5,-40.5436831324099,-44.68195455295486
2597,kexp,2.5,2,0.5,0.1,-53.61692942184257,-62.489556330702854
2598,kexp,2.5,2,0.5,0.05,-56.25801099531718,-65.45571067490232
2599,kexp,2.5,2,0.5,0.01,-57.27939545154824,-66.58533106380413
2600,kexp,2.5,2,0.5,0,-57.32423051189131,-66.634717301816
2601,kexp,2.5,2,1,0.5,-39.12460647680602,-42.335987661913165
2602,kexp,2.5,2,1,0.1,-41.43478363731311,-46.5447250222596
2603,kexp,2.5,2,1,0.05,-41.968144363021096,-47.17383235359208
2604,kexp,2.5,2,1,0.01,-42.16183238990576,-47.39878262202318
2605,kexp,2.5,2,1,0,-42.17017393408566,-47.40843310108989
2606,kexp,2.5,2,1.5,0.5,-39.944730085934864,-42.66279534484033
2607,kexp,2.5,2,1.5,0.1,-39.694416693863396,-43.5103901883859
2608,kexp,2.5,2,1.5,0.05,-39.85054090931319,-43.71500052740939
2609,kexp,2.5,2,1.5,0.01,-39.90704930004696,-43.787241492740094
2610,kexp,2.5,2,1.5,0,-39.90947850816534,-43.790328467525114
2611,kexp,2.5,2.5,0.5,0.5,-39.3014769524981,-43.46597388872757
2612,kexp,2.5,2.5,0.5,0.1,-47.03428613028633,-55.80165879493772
2613,kexp,2.5,2.5,0.5,0.05,-48.60169417168119,-57.66523054814482
2614,kexp,2.5,2.5,0.5,0.01,-49.192912981097344,-58.354386839225555
2615,kexp,2.5,2.5,0.5,0,-49.218664216269346,-58.38424986151505
2616,kexp,2.5,2.5,1,0.5,-38.34219453161344,-41.60857239307276
2617,kexp,2.5,2.5,1,0.1,-38.376310154630765,-43.498915231995404
2618,kexp,2.5,2.5,1,0.05,-38.62219629220226,-43.83445950308789
2619,kexp,2.5,2.5,1,0.01,-38.71182355956557,-43.95328893243191
2620,kexp,2.5,2.5,1,0,-38.715684612115176,-43.95837198851805
2621,kexp,2.5,2.5,1.5,0.5,-39.46612511744818,-42.25544450853035
2622,kexp,2.5,2.5,1.5,0.1,-37.96085595589774,-41.833764098725304
2623,kexp,2.5,2.5,1.5,0.05,-37.991917304244886,-41.91128592195654
2624,kexp,2.5,2.5,1.5,0.01,-38.00477930469364,-41.939204592608995
2625,kexp,2.5,2.5,1.5,0,-38.00534817743455,-41.94040279755277
2626,kexp,2.5,3,0.5,0.5,-38.43577846333211,-42.658913222753704
2627,kexp,2.5,3,0.5,0.1,-42.64720308240292,-51.47241874510124
2628,kexp,2.5,3,0.5,0.05,-43.61104792731574,-52.72161356688335
2629,kexp,2.5,3,0.5,0.01,-43.97001306362757,-53.17468373876472
2630,kexp,2.5,3,0.5,0,-43.985584931599405,-53.194204495652706
2631,kexp,2.5,3,1,0.5,-37.813480001287914,-41.1607565981386
2632,kexp,2.5,3,1,0.1,-36.422722886765534,-41.63668652339378
2633,kexp,2.5,3,1,0.05,-36.51325864907389,-41.81537701261933
2634,kexp,2.5,3,1,0.01,-36.547917105329745,-41.878726384611745
2635,kexp,2.5,3,1,0,-36.54942628075289,-41.881436007051235
2636,kexp,2.5,3,1.5,0.5,-39.16449265492474,-42.04453524088409
2637,kexp,2.5,3,1.5,0.1,-36.90617810887821,-40.883925545025306
2638,kexp,2.5,3,1.5,0.05,-36.8714800536773,-40.89562605086501
2639,kexp,2.5,3,1.5,0.01,-36.86175332098307,-40.9009314914652
2640,kexp,2.5,3,1.5,0,-36.86136349718703,-40.90116994423029
2641,kexp,2.5,3.5,0.5,0.5,-37.806842353905225,-42.10050136456414
2642,kexp,2.5,3.5,0.5,0.1,-39.582690895670076,-48.53055675302171
2643,kexp,2.5,3.5,0.5,0.05,-40.18000009531844,-49.41045767222372
2644,kexp,2.5,3.5,0.5,0.01,-40.40186894863837,-49.725462235568365
2645,kexp,2.5,3.5,0.5,0,-40.41148174459247,-49.73898322114968
2646,kexp,2.5,3.5,1,0.5,-37.44233645056659,-40.87806459509002
2647,kexp,2.5,3.5,1,0.1,-35.11186018131779,-40.44560965832293
2648,kexp,2.5,3.5,1,0.05,-35.11123020601504,-40.53359022269114
2649,kexp,2.5,3.5,1,0.01,-35.11413468908129,-40.56533431054455
2650,kexp,2.5,3.5,1,0,-35.11429107388765,-40.56669741654697
2651,kexp,2.5,3.5,1.5,0.5,-38.96960172793456,-41.94463598913475
2652,kexp,2.5,3.5,1.5,0.1,-36.23488194945612,-40.332539715226986
2653,kexp,2.5,3.5,1.5,0.05,-36.162633440861235,-40.307429781172274
2654,kexp,2.5,3.5,1.5,0.01,-36.140147398016076,-40.300216985543166
2655,kexp,2.5,3.5,1.5,0,-36.13921761704295,-40.29992558173298
2656,kexp,2.5,4,0.5,0.5,-37.33873984496239,-41.70527901587823
2657,kexp,2.5,4,0.5,0.1,-37.37830713265651,-46.468451923563244
2658,kexp,2.5,4,0.5,0.05,-37.7404739609217,-47.11379836542838
2659,kexp,2.5,4,0.5,0.01,-37.87615465762541,-47.34281926828251
2660,kexp,2.5,4,0.5,0,-37.88204285775534,-47.352624808001266
2661,kexp,2.5,4,1,0.5,-37.17695576327258,-40.700039353215615
2662,kexp,2.5,4,1,0.1,-34.2060030619383,-39.664619513672285
2663,kexp,2.5,4,1,0.05,-34.14867897519241,-39.69709412006304
2664,kexp,2.5,4,1,0.01,-34.13205365337081,-39.70970177538489
2665,kexp,2.5,4,1,0,-34.131380507104794,-39.71025191525912
2666,kexp,2.5,4,1.5,0.5,-38.84422596034504,-41.91125039891581
2667,kexp,2.5,4,1.5,0.1,-35.798157826833,-40.01540010384569
2668,kexp,2.5,4,1.5,0.05,-35.703210456998995,-39.968592583872066
2669,kexp,2.5,4,1.5,0.01,-35.67306956816279,-39.95405204416861
2670,kexp,2.5,4,1.5,0,-35.67181649028278,-39.953451051069976
2671,kexp,2.5,6,0.5,0.5,-36.35176311448607,-40.9764184006518
2672,kexp,2.5,6,0.5,0.1,-32.92949407110176,-42.52869913205246
2673,kexp,2.5,6,0.5,0.05,-32.89048716216824,-42.780877089060525
2674,kexp,2.5,6,0.5,0.01,-32.88276899995765,-42.86921382745126
2675,kexp,2.5,6,0.5,0,-32.88250373284156,-42.87298143303842
2676,kexp,2.5,6,1,0.5,-36.67969091462427,-40.492803960609415
2677,kexp,2.5,6,1,0.1,-32.54179500062365,-38.42165897115667
2678,kexp,2.5,6,1,0.05,-32.393381222931254,-38.3681385019171
2679,kexp,2.5,6,1,0.01,-32.345790451180214,-38.35145733354333
2680,kexp,2.5,6,1,0,-32.34380668411944,-38.35076726294595
2681,kexp,2.5,6,1.5,0.5,-38.68945171821046,-42.05550343284524
2682,kexp,2.5,6,1.5,0.1,-35.12727113087647,-39.737113986532506
2683,kexp,2.5,6,1.5,0.05,-34.99818668493551,-39.65981768650573
2684,kexp,2.5,6,1.5,0.01,-34.9566318232327,-39.63505152804899
2685,kexp,2.5,6,1.5,0,-34.95489776794809,-39.6340193063146
2686,kexp,2.5,8,0.5,0.5,-36.022301031855726,-40.842132957093796
2687,kexp,2.5,8,0.5,0.1,-31.367295830947654,-41.324790238979666
2688,kexp,2.5,8,0.5,0.05,-31.20812444867794,-41.462875652670625
2689,kexp,2.5,8,0.5,0.01,-31.158512231153143,-41.511317987126276
2690,kexp,2.5,8,0.5,0,-31.156461606992323,-41.51338433911716
2691,kexp,2.5,8,1,0.5,-36.573682718829886,-40.58695622354307
2692,kexp,2.5,8,1,0.1,-32.08390831118512,-38.24972529347789
2693,kexp,2.5,8,1,0.05,-31.911323240833156,-38.175461774357686
2694,kexp,2.5,8,1,0.01,-31.855618649418417,-38.15178447157873
2695,kexp,2.5,8,1,0,-31.853292612031623,-38.15079893379559
2696,kexp,2.5,8,1.5,0.5,-38.74384133700721,-42.31083636503689
2697,kexp,2.5,8,1.5,0.1,-35.05879456324718,-39.93069939969061
2698,kexp,2.5,8,1.5,0.05,-34.922136252460035,-39.84820937848839
2699,kexp,2.5,8,1.5,0.01,-34.87806623264541,-39.82169965911844
2700,kexp,2.5,8,1.5,0,-34.87622638044986,-39.82059389875701
2701,kexp,2.5,10,0.5,0.5,-35.94668126794125,-40.92222945399143
2702,kexp,2.5,10,0.5,0.1,-30.7688962630403,-40.999942226392086
2703,kexp,2.5,10,0.5,0.05,-30.562012156229564,-41.0948363612421
2704,kexp,2.5,10,0.5,0.01,-30.49593036501765,-41.128279632030015
2705,kexp,2.5,10,0.5,0,-30.49317979298074,-41.12970761665135
2706,kexp,2.5,10,1,0.5,-36.5994050819449,-40.75981384939185
2707,kexp,2.5,10,1,0.1,-31.984730109392807,-38.3580790358403
2708,kexp,2.5,10,1,0.05,-31.803792342258497,-38.2778578026191
2709,kexp,2.5,10,1,0.01,-31.74529481150539,-38.252164857673144
2710,kexp,2.5,10,1,0,-31.74285108051736,-38.25109413377488
2711,kexp,2.5,10,1.5,0.5,-38.848195961087235,-42.55830235012621
2712,kexp,2.5,10,1.5,0.1,-35.13521055862386,-40.192713823067756
2713,kexp,2.5,10,1.5,0.05,-34.99663879474026,-40.109942618204315
2714,kexp,2.5,10,1.5,0.01,-34.95193161418426,-40.08332359839745
2715,kexp,2.5,10,1.5,0,-34.95006494310242,-40.0822130728857
2716,kexp,2.5,25,0.5,0.5,-36.60433969413064,-42.21070171727319
2717,kexp,2.5,25,0.5,0.1,-31.020154280694232,-42.4634281850956
2718,kexp,2.5,25,0.5,0.05,-30.766864937556388,-42.53967792507375
2719,kexp,2.5,25,0.5,0.01,-30.684729252527415,-42.56616402915085
2720,kexp,2.5,25,0.5,0,-30.68129614936039,-42.56729089537107
2721,kexp,2.5,25,1,0.5,-37.20847376756048,-41.91969013760107
2722,kexp,2.5,25,1,0.1,-32.570569003276674,-39.75044320699355
2723,kexp,2.5,25,1,0.05,-32.385342239577355,-39.67643717667689
2724,kexp,2.5,25,1,0.01,-32.3253786708611,-39.65268440995879
2725,kexp,2.5,25,1,0,-32.3228728290245,-39.65169398347597
2726,kexp,2.5,25,1.5,0.5,-39.49666261671338,-43.7133190531479
2727,kexp,2.5,25,1.5,0.1,-35.84376379567705,-41.570539214210925
2728,kexp,2.5,25,1.5,0.05,-35.7067768932418,-41.49559550021559
2729,kexp,2.5,25,1.5,0.01,-35.66256783743655,-41.471490777951324
2730,kexp,2.5,25,1.5,0,-35.66072182231994,-41.47048511291496
