model_no,k_name,l1,l2,b,meas_error,lppd_exact,lppd_LOPO
1,ksqexp,1,0.2,0.5,0.5,-69.65118150137246,-69.40143691082687
2,ksqexp,1,0.2,0.5,0.1,-856.7950027820285,-828.0266989100439
3,ksqexp,1,0.2,0.5,0.05,-2839.3160488114904,-2772.1286263508223
4,ksqexp,1,0.2,0.5,0.01,-37858.32824938647,-38090.55719585534
5,ksqexp,1,0.2,0.5,0,-1199565.006409988,-1200498.40530208
6,ksqexp,1,0.2,1,0.5,-68.75937443864728,-68.11885659422337
7,ksqexp,1,0.2,1,0.1,-781.5911792466101,-758.2035372556521
8,ksqexp,1,0.2,1,0.05,-2561.252223772934,-2526.341965976009
9,ksqexp,1,0.2,1,0.01,-31054.096052697696,-31209.37276160493
10,ksqexp,1,0.2,1,0,-599767.4451515245,-600234.4713038243
11,ksqexp,1,0.2,1.5,0.5,-68.12959461912688,-67.32045671168555
12,ksqexp,1,0.2,1.5,0.1,-740.138229451713,-720.730710654651
13,ksqexp,1,0.2,1.5,0.05,-2406.3514898988824,-2388.8834146867503
14,ksqexp,1,0.2,1.5,0.01,-27655.75924595119,-27771.32838557028
15,ksqexp,1,0.2,1.5,0,-399837.63868254324,-400149.2072238562
16,ksqexp,1,0.5,0.5,0.5,-63.254999373932776,-62.56490878495712
17,ksqexp,1,0.5,0.5,0.1,-631.4052248834945,-621.913060958289
18,ksqexp,1,0.5,0.5,0.05,-1817.412111439328,-1810.8513861275962
19,ksqexp,1,0.5,0.5,0.01,-7189.144809464572,-7339.455905537899
20,ksqexp,1,0.5,0.5,0,-9062.112224027149,-9283.675163614127
21,ksqexp,1,0.5,1,0.5,-62.274789659777376,-61.57350086661861
22,ksqexp,1,0.5,1,0.1,-555.791247680565,-551.1889440380727
23,ksqexp,1,0.5,1,0.05,-1395.508255454029,-1399.1686472577271
24,ksqexp,1,0.5,1,0.01,-3992.1003213527283,-4083.004062444734
25,ksqexp,1,0.5,1,0,-4531.462496773765,-4642.706144817692
26,ksqexp,1,0.5,1.5,0.5,-61.95437116772661,-61.37511216608251
27,ksqexp,1,0.5,1.5,0.1,-504.89437939888086,-502.5539692392851
28,ksqexp,1,0.5,1.5,0.05,-1157.2782101294922,-1164.8705300822332
29,ksqexp,1,0.5,1.5,0.01,-2771.433673012646,-2836.4207450687577
30,ksqexp,1,0.5,1.5,0,-3024.0365749512116,-3098.5071257091518
31,ksqexp,1,1,0.5,0.5,-57.10172840319173,-56.615693331219674
32,ksqexp,1,1,0.5,0.1,-360.5768974478833,-361.5817345216599
33,ksqexp,1,1,0.5,0.05,-599.0373549542354,-603.7030336201441
34,ksqexp,1,1,0.5,0.01,-798.8666987327717,-806.2587480551615
35,ksqexp,1,1,0.5,0,-811.2465878327682,-818.7828506501775
36,ksqexp,1,1,1,0.5,-56.99400871941475,-56.82521883261387
37,ksqexp,1,1,1,0.1,-253.0523294155817,-255.13172471567248
38,ksqexp,1,1,1,0.05,-351.75211948210006,-355.3446770853818
39,ksqexp,1,1,1,0.01,-411.4021029303386,-415.7755267244899
40,ksqexp,1,1,1,0,-414.5119281532831,-418.9218519126557
41,ksqexp,1,1,1.5,0.5,-57.42503659406723,-57.529971359629585
42,ksqexp,1,1,1.5,0.1,-200.7637906279472,-202.92729438580878
43,ksqexp,1,1,1.5,0.05,-255.37932994336276,-258.3657299969231
44,ksqexp,1,1,1.5,0.01,-283.6782758252421,-287.0297084947523
45,ksqexp,1,1,1.5,0,-285.057698346096,-288.4255090859629
46,ksqexp,1,1.5,0.5,0.5,-54.50098348080164,-53.971694062031595
47,ksqexp,1,1.5,0.5,0.1,-188.51569844368683,-185.7178274591821
48,ksqexp,1,1.5,0.5,0.05,-229.48524574187493,-226.02707000359322
49,ksqexp,1,1.5,0.5,0.01,-248.22189445761325,-244.37067261403263
50,ksqexp,1,1.5,0.5,0,-249.09134475201765,-245.22034270941634
51,ksqexp,1,1.5,1,0.5,-54.106599427668144,-53.93416977637078
52,ksqexp,1,1.5,1,0.1,-119.86116566286925,-119.03749165843351
53,ksqexp,1,1.5,1,0.05,-132.148718647122,-131.11188867122084
54,ksqexp,1,1.5,1,0.01,-136.96329937437912,-135.8267429158022
55,ksqexp,1,1.5,1,0,-137.17557025462344,-136.03440022325742
56,ksqexp,1,1.5,1.5,0.5,-54.316963260074466,-54.44982115899643
57,ksqexp,1,1.5,1.5,0.1,-94.69767143828055,-94.60968005222763
58,ksqexp,1,1.5,1.5,0.05,-100.44649757632476,-100.25937861338565
59,ksqexp,1,1.5,1.5,0.01,-102.56903871382471,-102.33970983736256
60,ksqexp,1,1.5,1.5,0,-102.66096885457493,-102.42974282697767
61,ksqexp,1,2,0.5,0.5,-52.14573250860275,-51.583982565816044
62,ksqexp,1,2,0.5,0.1,-114.60931501363594,-111.98100154835805
63,ksqexp,1,2,0.5,0.05,-124.37155415596737,-121.6129484210579
64,ksqexp,1,2,0.5,0.01,-128.017268865807,-125.21499220199902
65,ksqexp,1,2,0.5,0,-128.17564199354777,-125.37151595429998
66,ksqexp,1,2,1,0.5,-51.25792046644183,-51.08753732805797
67,ksqexp,1,2,1,0.1,-75.47500605727635,-74.95748094132276
68,ksqexp,1,2,1,0.05,-77.93434723457219,-77.4082567268184
69,ksqexp,1,2,1,0.01,-78.79072906827312,-78.26194255894828
70,ksqexp,1,2,1,0,-78.8272079681083,-78.29830909335512
71,ksqexp,1,2,1.5,0.5,-51.33501151632595,-51.50320396825396
72,ksqexp,1,2,1.5,0.1,-63.77317241854607,-63.992581594677986
73,ksqexp,1,2,1.5,0.05,-64.80341622064603,-65.03031103883109
74,ksqexp,1,2,1.5,0.01,-65.15356841988694,-65.3829728988114
75,ksqexp,1,2,1.5,0,-65.16838672618256,-65.39789690626455
76,ksqexp,1,2.5,0.5,0.5,-49.944335714446474,-49.37041311743137
77,ksqexp,1,2.5,0.5,0.1,-83.80851336387056,-80.77617460577544
78,ksqexp,1,2.5,0.5,0.05,-87.43736219570025,-84.22232962424496
79,ksqexp,1,2.5,0.5,0.01,-88.70625707023463,-85.43081954586849
80,ksqexp,1,2.5,0.5,0,-88.76036455253971,-85.48239097812339
81,ksqexp,1,2.5,1,0.5,-48.868055989552744,-48.69044330105804
82,ksqexp,1,2.5,1,0.1,-59.362005260391236,-58.668815088745305
83,ksqexp,1,2.5,1,0.05,-60.15444457133552,-59.439302963150176
84,ksqexp,1,2.5,1,0.01,-60.42090945226546,-59.69882359539977
85,ksqexp,1,2.5,1,0,-60.43215403738972,-59.70977993005071
86,ksqexp,1,2.5,1.5,0.5,-49.13615374844561,-49.308306081394186
87,ksqexp,1,2.5,1.5,0.1,-53.39661065509257,-53.524054699021995
88,ksqexp,1,2.5,1.5,0.05,-53.6814531573415,-53.81033746421609
89,ksqexp,1,2.5,1.5,0.01,-53.77609276868241,-53.90555952030951
90,ksqexp,1,2.5,1.5,0,-53.78007396568031,-53.90956634737141
91,ksqexp,1,3,0.5,0.5,-48.22390752702645,-47.64374504550221
92,ksqexp,1,3,0.5,0.1,-69.71925188831902,-66.20460273674432
93,ksqexp,1,3,0.5,0.05,-71.63818880668572,-67.85892329459551
94,ksqexp,1,3,0.5,0.01,-72.29367274232193,-68.42391873097884
95,ksqexp,1,3,0.5,0,-72.321447732444625,-68.4478582524183
96,ksqexp,1,3,1,0.5,-47.21810533325399,-47.02076952167391
97,ksqexp,1,3,1,0.1,-52.53262453227372,-51.594374772183656
98,ksqexp,1,3,1,0.05,-52.89206323413251,-51.909354610278626
99,ksqexp,1,3,1,0.01,-53.01152033484978,-52.014123909182324
100,ksqexp,1,3,1,0,-53.01654581265813,-52.01853242410854
101,ksqexp,1,3,1.5,0.5,-47.78460874853985,-47.936931039773185
102,ksqexp,1,3,1.5,0.1,-49.238606522420554,-49.21112523786414
103,ksqexp,1,3,1.5,0.05,-49.338000933402746,-49.30155337353679
104,ksqexp,1,3,1.5,0.01,-49.370855110634274,-49.33148919742541
105,ksqexp,1,3,1.5,0,-49.37223527276748,-49.33274724804925
106,ksqexp,1,3.5,0.5,0.5,-47.02811559175786,-46.44738580347548
107,ksqexp,1,3.5,0.5,0.1,-62.74099521329141,-58.912255941137786
108,ksqexp,1,3.5,0.5,0.05,-64.05753315050595,-59.91622371152831
109,ksqexp,1,3.5,0.5,0.01,-64.50456736445511,-60.25549803727546
110,ksqexp,1,3.5,0.5,0,-64.52348041537381,-60.26983348604923
111,ksqexp,1,3.5,1,0.5,-46.18521496774291,-45.97162074970177
112,ksqexp,1,3.5,1,0.1,-49.320333492632294,-48.21805994905132
113,ksqexp,1,3.5,1,0.05,-49.53459275129035,-48.374660347227604
114,ksqexp,1,3.5,1,0.01,-49.60569829867373,-48.42658265711048
115,ksqexp,1,3.5,1,0,-49.608688517191226,-48.42876558619735
116,ksqexp,1,3.5,1.5,0.5,-47.01302353059251,-47.146047762312485
117,ksqexp,1,3.5,1.5,0.1,-47.374342250664775,-47.23930464603357
118,ksqexp,1,3.5,1.5,0.05,-47.41398278691147,-47.26381943628449
119,ksqexp,1,3.5,1.5,0.01,-47.42719199613816,-47.27205253045395
120,ksqexp,1,3.5,1.5,0,-47.42774798451253,-47.27239971963547
121,ksqexp,1,4,0.5,0.5,-46.25197937798066,-45.67396184686591
122,ksqexp,1,4,0.5,0.1,-59.10378624558736,-55.08429247088606
123,ksqexp,1,4,0.5,0.05,-60.176401531564025,-55.815900233500905
124,ksqexp,1,4,0.5,0.01,-60.5409006877518,-56.06246414419228
125,ksqexp,1,4,0.5,0,-60.55632580151002,-56.072875195081146
126,ksqexp,1,4,1,0.5,-45.571083750714394,-45.34698986837998
127,ksqexp,1,4,1,0.1,-47.720832307622985,-46.5150798704742
128,ksqexp,1,4,1,0.05,-47.87924612720777,-46.60785124253581
129,ksqexp,1,4,1,0.01,-47.931985370053006,-46.63869723466678
130,ksqexp,1,4,1,0,-47.93420502917523,-46.63999496571146
131,ksqexp,1,4,1.5,0.5,-46.590425813359246,-46.70923117739161
132,ksqexp,1,4,1.5,0.1,-46.49329445699623,-46.28760048667341
133,ksqexp,1,4,1.5,0.05,-46.51112413884049,-46.28650057514269
134,ksqexp,1,4,1.5,0.01,-46.517229526397436,-46.28636183123161
135,ksqexp,1,4,1.5,0,-46.5174882051168,-46.28635832264845
136,ksqexp,1,6,0.5,0.5,-45.103843792230265,-44.53729231256215
137,ksqexp,1,6,0.5,0.1,-54.95097285902664,-50.668902081607754
138,ksqexp,1,6,0.5,0.05,-55.8279597782902,-51.163172114919256
139,ksqexp,1,6,0.5,0.01,-56.128329312281835,-51.33064330605641
140,ksqexp,1,6,0.5,0,-56.14106759343257,-51.33772526381587
141,ksqexp,1,6,1,0.5,-44.78600807251009,-44.54845313422518
142,ksqexp,1,6,1,0.1,-46.064561839344066,-44.70060992456219
143,ksqexp,1,6,1,0.05,-46.18524065945144,-44.74294590061208
144,ksqexp,1,6,1,0.01,-46.22586666865274,-44.757360351544236
145,ksqexp,1,6,1,0,-46.227581376439986,-44.7579703799444
146,ksqexp,1,6,1.5,0.5,-46.13251384399199,-46.22745367629239
147,ksqexp,1,6,1.5,0.1,-45.704722706061865,-45.38052331749748
148,ksqexp,1,6,1.5,0.05,-45.71114516411904,-45.36153745526023
149,ksqexp,1,6,1.5,0.01,-45.713634327114384,-45.35562035571399
150,ksqexp,1,6,1.5,0,-45.713742737499345,-45.35537551871847
151,ksqexp,1,8,0.5,0.5,-44.87412509673997,-44.3120534328208
152,ksqexp,1,8,0.5,0.1,-54.3747976321268,-50.05408597113587
153,ksqexp,1,8,0.5,0.05,-55.2390947562679,-50.52846200400266
154,ksqexp,1,8,0.5,0.01,-55.53570773175736,-50.68957601912567
155,ksqexp,1,8,0.5,0,-55.54829331319377,-50.69639347738458
156,ksqexp,1,8,1,0.5,-44.66753164128418,-44.42835997830201
157,ksqexp,1,8,1,0.1,-45.90849787296293,-44.509321560110685
158,ksqexp,1,8,1,0.05,-46.030863653387044,-44.550245496007754
159,ksqexp,1,8,1,0.01,-46.07214470765875,-44.56425843022226
160,ksqexp,1,8,1,0,-46.073888001738354,-44.564852300837664
161,ksqexp,1,8,1.5,0.5,-46.09440991478271,-46.183216104770345
162,ksqexp,1,8,1.5,0.1,-45.69339169234038,-45.33543141191228
163,ksqexp,1,8,1.5,0.05,-45.70276756580666,-45.31745594873415
164,ksqexp,1,8,1.5,0.01,-45.706258873856555,-45.31189181382138
165,ksqexp,1,8,1.5,0,-45.70640966464391,-45.31166200872044
166,ksqexp,1,10,0.5,0.5,-44.85045955273073,-44.29228202094307
167,ksqexp,1,10,0.5,0.1,-54.36420724133111,-50.031872259384784
168,ksqexp,1,10,0.5,0.05,-55.23387170037136,-50.508921427510145
169,ksqexp,1,10,0.5,0.01,-55.53245380878403,-50.67103777223364
170,ksqexp,1,10,0.5,0,-55.54512434652009,-50.67789869613653
171,ksqexp,1,10,1,0.5,-44.68173571684209,-44.44280396364762
172,ksqexp,1,10,1,0.1,-45.974964420647005,-44.55926754056444
173,ksqexp,1,10,1,0.05,-46.101601837267154,-44.60297105892156
174,ksqexp,1,10,1,0.01,-46.144325677685146,-44.61792044660825
175,ksqexp,1,10,1,0,-46.146129923683795,-44.61855385301619
176,ksqexp,1,10,1.5,0.5,-46.134246188705205,-46.22011463249591
177,ksqexp,1,10,1.5,0.1,-45.78644655389972,-45.410261274079105
178,ksqexp,1,10,1.5,0.05,-45.79903722943082,-45.39447092584831
179,ksqexp,1,10,1.5,0.01,-45.803593017588604,-45.389628496037496
180,ksqexp,1,10,1.5,0,-45.80378854946247,-45.38942900537456
181,ksqexp,1,25,0.5,0.5,-44.94438765862583,-44.407941245038025
182,ksqexp,1,25,0.5,0.1,-54.62369918401053,-50.31512686435258
183,ksqexp,1,25,0.5,0.05,-55.50840707082091,-50.80536185967773
184,ksqexp,1,25,0.5,0.01,-55.812161401532286,-50.97196494347832
185,ksqexp,1,25,0.5,0,-55.82505148475625,-50.97901581032508
186,ksqexp,1,25,1,0.5,-44.80756676876523,-44.58088316896669
187,ksqexp,1,25,1,0.1,-46.2339133336997,-44.813851044470546
188,ksqexp,1,25,1,0.05,-46.3688405905815,-44.86423115151944
189,ksqexp,1,25,1,0.01,-46.414319626801095,-44.881389010360415
190,ksqexp,1,25,1,0,-46.41623979009729,-44.882115219321605
191,ksqexp,1,25,1.5,0.5,-46.28371120831404,-46.37401660902604
192,ksqexp,1,25,1.5,0.1,-46.045618979804694,-45.65530286791956
193,ksqexp,1,25,1.5,0.05,-46.06392086249245,-45.643987516349114
194,ksqexp,1,25,1.5,0.01,-46.07035181521097,-45.64060989299058
195,ksqexp,1,25,1.5,0,-46.07062599193512,-45.64047178905226
196,ksqexp,1.25,0.2,0.5,0.5,-71.76855051806946,-71.7705528906845
197,ksqexp,1.25,0.2,0.5,0.1,-1033.1897129837625,-987.9668304169471
198,ksqexp,1.25,0.2,0.5,0.05,-3529.4698694117774,-3376.2019739055554
199,ksqexp,1.25,0.2,0.5,0.01,-57019.36546928328,-56181.934536846245
200,ksqexp,1.25,0.2,0.5,0,-4463389.179645828,-4472833.729056751
201,ksqexp,1.25,0.2,1,0.5,-71.60880457506669,-71.18193287002481
202,ksqexp,1.25,0.2,1,0.1,-950.8836602618859,-908.3376125537172
203,ksqexp,1.25,0.2,1,0.05,-3241.3753056440373,-3115.2409167471606
204,ksqexp,1.25,0.2,1,0.01,-47609.121516991785,-47001.642234360545
205,ksqexp,1.25,0.2,1,0,-2231671.798400522,-2236394.856149794
206,ksqexp,1.25,0.2,1.5,0.5,-71.34897385865567,-70.64625092693403
207,ksqexp,1.25,0.2,1.5,0.1,-906.8186588927061,-867.0560435975547
208,ksqexp,1.25,0.2,1.5,0.05,-3087.091116043122,-2979.1698665490353
209,ksqexp,1.25,0.2,1.5,0.01,-41999.887793823655,-41508.05505999531
210,ksqexp,1.25,0.2,1.5,0,-1487767.7296755407,-1490916.954278722
211,ksqexp,1.25,0.5,0.5,0.5,-67.29786080314098,-66.3335665217729
212,ksqexp,1.25,0.5,0.5,0.1,-810.2518992978377,-784.8664662137573
213,ksqexp,1.25,0.5,0.5,0.05,-2870.8262622740704,-2809.1590014599346
214,ksqexp,1.25,0.5,0.5,0.01,-19363.073727649236,-19602.37178721276
215,ksqexp,1.25,0.5,0.5,0,-30525.09916763029,-32232.305914811783
216,ksqexp,1.25,0.5,1,0.5,-67.16412388680102,-66.00030480884004
217,ksqexp,1.25,0.5,1,0.1,-761.2589701761489,-742.8343528782453
218,ksqexp,1.25,0.5,1,0.05,-2586.7982356857424,-2530.6989204803995
219,ksqexp,1.25,0.5,1,0.01,-11523.104079421293,-11863.115886690053
220,ksqexp,1.25,0.5,1,0,-15254.376498939037,-16108.907520992847
221,ksqexp,1.25,0.5,1.5,0.5,-66.8513055890884,-65.7398679062408
222,ksqexp,1.25,0.5,1.5,0.1,-738.7852907488355,-723.2319025968286
223,ksqexp,1.25,0.5,1.5,0.05,-2338.5935144855184,-2286.8539501610067
224,ksqexp,1.25,0.5,1.5,0.01,-8285.900711666927,-8594.420971031159
225,ksqexp,1.25,0.5,1.5,0,-10166.926239965143,-10737.23201670657
226,ksqexp,1.25,1,0.5,0.5,-61.03356098601503,-59.97356668959982
227,ksqexp,1.25,1,0.5,0.1,-583.9271895677705,-579.5556561042296
228,ksqexp,1.25,1,0.5,0.05,-1359.3983618883772,-1339.6972592161308
229,ksqexp,1.25,1,0.5,0.01,-2660.693101836589,-2548.462334103463
230,ksqexp,1.25,1,0.5,0,-2788.462868344429,-2663.6109711241456
231,ksqexp,1.25,1,1,0.5,-61.347790022144856,-60.61465512387283
232,ksqexp,1.25,1,1,0.1,-471.0331585161294,-468.37240889576196
233,ksqexp,1.25,1,1,0.05,-902.3477301813429,-882.2134200645883
234,ksqexp,1.25,1,1,0.01,-1364.287653713995,-1306.2601175173677
235,ksqexp,1.25,1,1,0,-1397.1014829141122,-1335.7979593337272
236,ksqexp,1.25,1,1.5,0.5,-61.56005633819779,-61.187546937343576
237,ksqexp,1.25,1,1.5,0.1,-401.27124316863734,-398.26050243607415
238,ksqexp,1.25,1,1.5,0.05,-682.6875897842197,-664.8267116980198
239,ksqexp,1.25,1,1.5,0.01,-921.4007925049734,-882.7541688812998
240,ksqexp,1.25,1,1.5,0,-936.105011053516,-895.9842787015876
241,ksqexp,1.25,1.5,0.5,0.5,-58.55673936652231,-57.480751231810046
242,ksqexp,1.25,1.5,0.5,0.1,-376.6125011185033,-362.7196532952026
243,ksqexp,1.25,1.5,0.5,0.05,-595.8855396203264,-563.7986583819617
244,ksqexp,1.25,1.5,0.5,0.01,-753.8522061805378,-702.5280475784584
245,ksqexp,1.25,1.5,0.5,0,-762.6999191820921,-710.1674111760383
246,ksqexp,1.25,1.5,1,0.5,-58.80110988977056,-58.101817376288466
247,ksqexp,1.25,1.5,1,0.1,-256.6256477537207,-246.6486328744304
248,ksqexp,1.25,1.5,1,0.05,-341.73852897904385,-322.9637761221088
249,ksqexp,1.25,1.5,1,0.01,-386.9203449163511,-362.31815089266786
250,ksqexp,1.25,1.5,1,0,-389.1325049412929,-364.22686033104316
251,ksqexp,1.25,1.5,1.5,0.5,-59.06644536089935,-58.762676102575064
252,ksqexp,1.25,1.5,1.5,0.1,-200.11993838360956,-192.43670137056733
253,ksqexp,1.25,1.5,1.5,0.05,-245.40798942902023,-232.6167771522247
254,ksqexp,1.25,1.5,1.5,0.01,-266.4219900951537,-250.85991256662362
255,ksqexp,1.25,1.5,1.5,0,-267.4006902844024,-251.704000140796
256,ksqexp,1.25,2,0.5,0.5,-56.576320190350046,-55.474839102938944
257,ksqexp,1.25,2,0.5,0.1,-218.13092276133486,-210.39860820063143
258,ksqexp,1.25,2,0.5,0.05,-267.1456467911592,-257.3578765172365
259,ksqexp,1.25,2,0.5,0.01,-289.5165748366773,-278.54173928588955
260,ksqexp,1.25,2,0.5,0,-290.5535004854374,-279.51936427166254
261,ksqexp,1.25,2,1,0.5,-56.25684251526812,-55.60634221073232
262,ksqexp,1.25,2,1,0.1,-135.33559357560176,-132.25973348347554
263,ksqexp,1.25,2,1,0.05,-149.94949945102948,-146.22846181380015
264,ksqexp,1.25,2,1,0.01,-155.6662204862077,-151.6494352047572
265,ksqexp,1.25,2,1,0,-155.9181034693656,-151.8876999149676
266,ksqexp,1.25,2,1.5,0.5,-56.12650862308948,-55.95100754811573
267,ksqexp,1.25,2,1.5,0.1,-104.41828137613221,-103.14381090329363
268,ksqexp,1.25,2,1.5,0.05,-111.21544185249797,-109.64789551148125
269,ksqexp,1.25,2,1.5,0.01,-113.72178939007568,-112.03146190709707
270,ksqexp,1.25,2,1.5,0,-113.83029456289378,-112.1344685616934
271,ksqexp,1.25,2.5,0.5,0.5,-54.13453941500275,-53.062423610731486
272,ksqexp,1.25,2.5,0.5,0.1,-137.3218968026136,-131.83457350592005
273,ksqexp,1.25,2.5,0.5,0.05,-150.8433347246275,-145.23766150617584
274,ksqexp,1.25,2.5,0.5,0.01,-155.92503273268784,-150.30984422899314
275,ksqexp,1.25,2.5,0.5,0,-156.1462237426304,-150.53102967732315
276,ksqexp,1.25,2.5,1,0.5,-53.14164894341637,-52.58958058695921
277,ksqexp,1.25,2.5,1,0.1,-86.04123384276673,-84.70836033685883
278,ksqexp,1.25,2.5,1,0.05,-89.4110154845846,-88.13444212106727
279,ksqexp,1.25,2.5,1,0.01,-90.5861207608412,-89.3342193155601
280,ksqexp,1.25,2.5,1,0,-90.63619792512898,-89.3854046188491
281,ksqexp,1.25,2.5,1.5,0.5,-52.75243538324404,-52.7301761089785
282,ksqexp,1.25,2.5,1.5,0.1,-69.7132916795156,-69.83093528913584
283,ksqexp,1.25,2.5,1.5,0.05,-71.0994661672611,-71.27962800192923
284,ksqexp,1.25,2.5,1.5,0.01,-71.57025899985062,-71.7732805724836
285,ksqexp,1.25,2.5,1.5,0,-71.590179419103265,-71.79418636583742
286,ksqexp,1.25,3,0.5,0.5,-51.771451607145664,-50.73703858105303
287,ksqexp,1.25,3,0.5,0.1,-100.85368661972247,-94.55436811652062
288,ksqexp,1.25,3,0.5,0.05,-106.49243021231999,-99.73401998756648
289,ksqexp,1.25,3,0.5,0.01,-108.47179309145712,-101.56054864460351
290,ksqexp,1.25,3,0.5,0,-108.55626193049522,-101.63859520227675
291,ksqexp,1.25,3,1,0.5,-50.437487789193405,-49.93277769147676
292,ksqexp,1.25,3,1,0.1,-66.54260227107358,-64.75174692186485
293,ksqexp,1.25,3,1,0.05,-67.75279080729771,-65.9125182085809
294,ksqexp,1.25,3,1,0.01,-68.15783996019029,-66.30303165072706
295,ksqexp,1.25,3,1,0,-68.1749085417643,-66.31951114078038
296,ksqexp,1.25,3,1.5,0.5,-50.14628883955752,-50.178281744310425
297,ksqexp,1.25,3,1.5,0.1,-56.94227467556134,-56.759646557520185
298,ksqexp,1.25,3,1.5,0.05,-57.361471915226765,-57.18902625603019
299,ksqexp,1.25,3,1.5,0.01,-57.499331283802945,-57.33116668299157
300,ksqexp,1.25,3,1.5,0,-57.50511417881962,-57.33713988692551
301,ksqexp,1.25,3.5,0.5,0.5,-49.86609598426656,-48.863373333578856
302,ksqexp,1.25,3.5,0.5,0.1,-83.69507512356017,-76.35815382300476
303,ksqexp,1.25,3.5,0.5,0.05,-87.15338340542105,-79.04270943360855
304,ksqexp,1.25,3.5,0.5,0.01,-88.35580467872973,-79.96555499352175
305,ksqexp,1.25,3.5,0.5,0,-88.4070056827064,-80.00471695214793
306,ksqexp,1.25,3.5,1,0.5,-48.509417861368846,-48.01407266344119
307,ksqexp,1.25,3.5,1,0.1,-58.09821499057755,-55.72110360420476
308,ksqexp,1.25,3.5,1,0.05,-58.76634662372769,-56.24578866267209
309,ksqexp,1.25,3.5,1,0.01,-58.98880584052916,-56.41963264291836
310,ksqexp,1.25,3.5,1,0,-58.99816827596667,-56.42693904984403
311,ksqexp,1.25,3.5,1.5,0.5,-48.4879553585196,-48.51937700508343
312,ksqexp,1.25,3.5,1.5,0.1,-51.72844411407621,-51.14851382438082
313,ksqexp,1.25,3.5,1.5,0.05,-51.920441619585844,-51.30504743870691
314,ksqexp,1.25,3.5,1.5,0.01,-51.983248299306894,-51.35619464750847
315,ksqexp,1.25,3.5,1.5,0,-51.985879240392116,-51.35833651576575
316,ksqexp,1.25,4,0.5,0.5,-48.45767022655661,-47.48321518261096
317,ksqexp,1.25,4,0.5,0.1,-74.93219631000332,-66.88251370553581
318,ksqexp,1.25,4,0.5,0.05,-77.66412468271665,-68.65805141403463
319,ksqexp,1.25,4,0.5,0.01,-78.62432577206323,-69.26723021144763
320,ksqexp,1.25,4,0.5,0,-78.66535321452079,-69.29307687087103
321,ksqexp,1.25,4,1,0.5,-47.23077083473071,-46.73518869702153
322,ksqexp,1.25,4,1,0.1,-54.04361647950402,-51.26645912553947
323,ksqexp,1.25,4,1,0.05,-54.548501116026934,-51.57358361552239
324,ksqexp,1.25,4,1,0.01,-54.71829607121331,-51.675360283133614
325,ksqexp,1.25,4,1,0,-54.72546224795121,-51.67963835173824
326,ksqexp,1.25,4,1.5,0.5,-47.48903413372836,-47.50841851510546
327,ksqexp,1.25,4,1.5,0.1,-49.361391889840746,-48.50810332332761
328,ksqexp,1.25,4,1.5,0.05,-49.49130238704316,-48.57601501968236
329,ksqexp,1.25,4,1.5,0.01,-49.5343460480987,-48.59821902614087
330,ksqexp,1.25,4,1.5,0,-49.536155359112875,-48.599148945399776
331,ksqexp,1.25,6,0.5,0.5,-45.99162805116766,-45.098685047210104
332,ksqexp,1.25,6,0.5,0.1,-64.75931401682725,-55.64680285327939
333,ksqexp,1.25,6,0.5,0.05,-67.07307139832633,-56.743501717417885
334,ksqexp,1.25,6,0.5,0.01,-67.913037966353,-57.13189996694382
335,ksqexp,1.25,6,0.5,0,-67.94925611245769,-57.14853337376308
336,ksqexp,1.25,6,1,0.5,-45.320190311283234,-44.8317453075962
337,ksqexp,1.25,6,1,0.1,-49.80696819815321,-46.404560481644495
338,ksqexp,1.25,6,1,0.05,-50.25172533205722,-46.571236700583356
339,ksqexp,1.25,6,1,0.01,-50.405492093822374,-46.628479265822044
340,ksqexp,1.25,6,1,0,-50.41202978323864,-46.630908556375985
341,ksqexp,1.25,6,1.5,0.5,-46.205741265808236,-46.19899511904354
342,ksqexp,1.25,6,1.5,0.1,-47.19043639760812,-45.88818242324197
343,ksqexp,1.25,6,1.5,0.05,-47.313081063573506,-45.908153599829625
344,ksqexp,1.25,6,1.5,0.01,-47.35515957938514,-45.91538001941834
345,ksqexp,1.25,6,1.5,0,-47.356944440191704,-45.915690383965
346,ksqexp,1.25,8,0.5,0.5,-45.4204740406193,-44.55602494505012
347,ksqexp,1.25,8,0.5,0.1,-63.25861283200356,-53.95402500120981
348,ksqexp,1.25,8,0.5,0.05,-65.5817456215098,-55.010282424431885
349,ksqexp,1.25,8,0.5,0.01,-66.4300783261612,-55.38817348185469
350,ksqexp,1.25,8,0.5,0,-66.46671302310222,-55.40440150657144
351,ksqexp,1.25,8,1,0.5,-44.97592683055416,-44.4961737819754
352,ksqexp,1.25,8,1,0.1,-49.37382812502351,-45.83535565345734
353,ksqexp,1.25,8,1,0.05,-49.83917483595386,-46.00434763632062
354,ksqexp,1.25,8,1,0.01,-50.000765196577014,-46.062970608125084
355,ksqexp,1.25,8,1,0,-50.00764319087166,-46.06546491084317
356,ksqexp,1.25,8,1.5,0.5,-46.04678777901239,-46.037071614200244
357,ksqexp,1.25,8,1.5,0.1,-47.122063855394664,-45.70656804204766
358,ksqexp,1.25,8,1.5,0.05,-47.26181865961266,-45.73311309940078
359,ksqexp,1.25,8,1.5,0.01,-47.30990231340194,-45.742729627402476
360,ksqexp,1.25,8,1.5,0,-47.31194334682147,-45.74314281231966
361,ksqexp,1.25,10,0.5,0.5,-45.27362728900157,-44.41909018454212
362,ksqexp,1.25,10,0.5,0.1,-62.970757910468976,-53.63923699685393
363,ksqexp,1.25,10,0.5,0.05,-65.30061918285219,-54.69540729249922
364,ksqexp,1.25,10,0.5,0.01,-66.15194036626376,-55.073916724656826
365,ksqexp,1.25,10,0.5,0,-66.18870925629224,-55.09017842481982
366,ksqexp,1.25,10,1,0.5,-44.91564541421152,-44.442008029656996
367,ksqexp,1.25,10,1,0.1,-49.37691858763677,-45.806704165189146
368,ksqexp,1.25,10,1,0.05,-49.85324066439776,-45.98222880823925
369,ksqexp,1.25,10,1,0.01,-50.018700784650676,-46.043181328563996
370,ksqexp,1.25,10,1,0,-50.0257440624447,-46.045775413450855
371,ksqexp,1.25,10,1.5,0.5,-46.050209933412376,-46.04279073063353
372,ksqexp,1.25,10,1.5,0.1,-47.22644372164437,-45.77706323738568
373,ksqexp,1.25,10,1.5,0.05,-47.375369521482675,-45.809509106763606
374,ksqexp,1.25,10,1.5,0.01,-47.426572703292656,-45.82113302943
375,ksqexp,1.25,10,1.5,0,-47.428745764522624,-45.82163117638081
376,ksqexp,1.25,25,0.5,0.5,-45.359010315251396,-44.55393740581437
377,ksqexp,1.25,25,0.5,0.1,-63.23793518304894,-54.010231921282276
378,ksqexp,1.25,25,0.5,0.05,-65.58168121463954,-55.088065865611064
379,ksqexp,1.25,25,0.5,0.01,-66.43724424801181,-55.473934301609766
380,ksqexp,1.25,25,0.5,0,-66.47418629766977,-55.490507129510185
381,ksqexp,1.25,25,1,0.5,-45.08318767558966,-44.65282285485051
382,ksqexp,1.25,25,1,0.1,-49.791617277398835,-46.25559846058216
383,ksqexp,1.25,25,1,0.05,-50.28573787652749,-46.447510995105944
384,ksqexp,1.25,25,1,0.01,-50.45715834971633,-46.51395730595278
385,ksqexp,1.25,25,1,0,-50.46445285970366,-46.51678304603175
386,ksqexp,1.25,25,1.5,0.5,-46.280462315906206,-46.307643279697075
387,ksqexp,1.25,25,1.5,0.1,-47.696535364656576,-46.25506074948109
388,ksqexp,1.25,25,1.5,0.05,-47.86009707210085,-46.29982747197583
389,ksqexp,1.25,25,1.5,0.01,-47.916154628560896,-46.315528939048356
390,ksqexp,1.25,25,1.5,0,-47.918531813742796,-46.316198451592236
391,ksqexp,1.5,0.2,0.5,0.5,-72.428585723184,-72.56140117619478
392,ksqexp,1.5,0.2,0.5,0.1,-1181.548967376975,-1144.1887565968275
393,ksqexp,1.5,0.2,0.5,0.05,-4089.9218161115377,-3916.512696591719
394,ksqexp,1.5,0.2,0.5,0.01,-82413.65616666277,-79162.50383654376
395,ksqexp,1.5,0.2,0.5,0,-13250286.656493116,-13353169.626500294
396,ksqexp,1.5,0.2,1,0.5,-72.754770170231,-72.67807967229179
397,ksqexp,1.5,0.2,1,0.1,-1088.1300296317531,-1047.7232777101465
398,ksqexp,1.5,0.2,1,0.05,-3820.3339524954968,-3650.3249819425955
399,ksqexp,1.5,0.2,1,0.01,-81330.8970357223,-76767.04110926799
400,ksqexp,1.5,0.2,1,0,-6625127.324386142,-6676570.671118305
401,ksqexp,1.5,0.2,1.5,0.5,-72.95340991819764,-72.72019918892838
402,ksqexp,1.5,0.2,1.5,0.1,-1041.330160656251,-999.5633579853677
403,ksqexp,1.5,0.2,1.5,0.05,-3673.1730523730334,-3513.568345097695
404,ksqexp,1.5,0.2,1.5,0.01,-79136.03518076506,-73667.59223750031
405,ksqexp,1.5,0.2,1.5,0,-4416734.609400865,-4451031.257477494
406,ksqexp,1.5,0.5,0.5,0.5,-69.09309226376878,-68.0453464639601
407,ksqexp,1.5,0.5,0.5,0.1,-998.7859793425167,-960.6566549583617
408,ksqexp,1.5,0.5,0.5,0.05,-3390.4768946250733,-3326.392018659773
409,ksqexp,1.5,0.5,0.5,0.01,-47156.31523188102,-46489.975804571965
410,ksqexp,1.5,0.5,0.5,0,-101053.18541451775,-108960.73376740169
411,ksqexp,1.5,0.5,1,0.5,-70.02038275391425,-68.66373084835708
412,ksqexp,1.5,0.5,1,0.1,-901.4624497432912,-875.2136797306866
413,ksqexp,1.5,0.5,1,0.05,-3265.192607134688,-3238.654600583969
414,ksqexp,1.5,0.5,1,0.01,-31191.35466260352,-31177.4482321859
415,ksqexp,1.5,0.5,1,0,-50509.19041643898,-54464.40758770538
416,ksqexp,1.5,0.5,1.5,0.5,-70.57039299754902,-69.1567417974634
417,ksqexp,1.5,0.5,1.5,0.1,-863.055529841469,-843.732848655451
418,ksqexp,1.5,0.5,1.5,0.05,-3198.45368193217,-3182.7430530425045
419,ksqexp,1.5,0.5,1.5,0.01,-23412.964910695984,-23698.167704503532
420,ksqexp,1.5,0.5,1.5,0,-33663.98254561846,-36301.755935261535
421,ksqexp,1.5,1,0.5,0.5,-63.594065556947385,-61.89361472545237
422,ksqexp,1.5,1,0.5,0.1,-795.8643860369214,-773.5031774002416
423,ksqexp,1.5,1,0.5,0.05,-2464.6457175477167,-2357.6755669028
424,ksqexp,1.5,1,0.5,0.01,-9838.526715676875,-8300.67714442044
425,ksqexp,1.5,1,0.5,0,-11353.864247686965,-9405.330128389516
426,ksqexp,1.5,1,1,0.5,-65.13384496888268,-63.57070572700016
427,ksqexp,1.5,1,1,0.1,-711.0977776827325,-692.1042040774132
428,ksqexp,1.5,1,1,0.05,-1998.3464044796283,-1856.4033228969874
429,ksqexp,1.5,1,1,0.01,-5265.696771984142,-4405.06012467413
430,ksqexp,1.5,1,1,0,-5673.068511776692,-4700.525618227068
431,ksqexp,1.5,1,1.5,0.5,-65.89688257336215,-64.63811515155439
432,ksqexp,1.5,1,1.5,0.1,-660.6591286186572,-639.2380668971849
433,ksqexp,1.5,1,1.5,0.05,-1690.8225326786412,-1539.4180957169012
434,ksqexp,1.5,1,1.5,0.01,-3596.5697199447945,-3000.613666144451
435,ksqexp,1.5,1,1.5,0,-3782.2605879451808,-3135.048103524427
436,ksqexp,1.5,1.5,0.5,0.5,-61.4685936972354,-59.78270485164215
437,ksqexp,1.5,1.5,0.5,0.1,-641.589934428234,-602.6724424321205
438,ksqexp,1.5,1.5,0.5,0.05,-1472.1236418991084,-1319.1399490418971
439,ksqexp,1.5,1.5,0.5,0.01,-2697.2910633890815,-2261.1115914358197
440,ksqexp,1.5,1.5,0.5,0,-2798.3101680270893,-2334.7820852209
441,ksqexp,1.5,1.5,1,0.5,-62.72713374058692,-61.2511421108188
442,ksqexp,1.5,1.5,1,0.1,-513.4458117012409,-474.91013092080993
443,ksqexp,1.5,1.5,1,0.05,-962.5744018418723,-842.4439595481102
444,ksqexp,1.5,1.5,1,0.01,-1375.7584004527196,-1152.9819181688354
445,ksqexp,1.5,1.5,1,0,-1401.45906283878,-1171.6907616293593
446,ksqexp,1.5,1.5,1.5,0.5,-63.38519709732031,-62.24810633553423
447,ksqexp,1.5,1.5,1.5,0.1,-434.7631935778905,-397.2393305404544
448,ksqexp,1.5,1.5,1.5,0.05,-720.0039551563669,-624.2687262166124
449,ksqexp,1.5,1.5,1.5,0.01,-927.1556067866932,-778.4360426755168
450,ksqexp,1.5,1.5,1.5,0,-938.6326844258851,-786.7843104472769
451,ksqexp,1.5,2,0.5,0.5,-60.245501266931,-58.57601371871079
452,ksqexp,1.5,2,0.5,0.1,-425.2508928031488,-401.4111390310121
453,ksqexp,1.5,2,0.5,0.05,-660.8381768872034,-614.3481633557892
454,ksqexp,1.5,2,0.5,0.01,-821.8421534216722,-752.6097794979102
455,ksqexp,1.5,2,0.5,0,-830.6163147588926,-759.9816232133263
456,ksqexp,1.5,2,1,0.5,-61.1668107574537,-59.79126348782527
457,ksqexp,1.5,2,1,0.1,-284.808112971299,-269.2640283672334
458,ksqexp,1.5,2,1,0.05,-373.7514551417313,-347.69337186714955
459,ksqexp,1.5,2,1,0.01,-419.12238273542295,-386.29045545850306
460,ksqexp,1.5,2,1,0,-421.3080306584042,-388.1270440588909
461,ksqexp,1.5,2,1.5,0.5,-61.58348486747084,-60.652829200346
462,ksqexp,1.5,2,1.5,0.1,-219.17676658025417,-207.79971864487982
463,ksqexp,1.5,2,1.5,0.05,-265.7635290056596,-248.403081113208
464,ksqexp,1.5,2,1.5,0.01,-286.69875994360507,-266.15585468874343
465,ksqexp,1.5,2,1.5,0,-287.6625927150231,-266.9661744324679
466,ksqexp,1.5,2.5,0.5,0.5,-58.33229998255745,-56.73115265457347
467,ksqexp,1.5,2.5,0.5,0.1,-253.47582904287472,-242.45512657975212
468,ksqexp,1.5,2.5,0.5,0.05,-310.89901874188797,-299.16752481162575
469,ksqexp,1.5,2.5,0.5,0.01,-336.8858098569234,-324.6878266962152
470,ksqexp,1.5,2.5,0.5,0,-338.0927616439554,-325.86697255905716
471,ksqexp,1.5,2.5,1,0.5,-58.42955660968053,-57.26718498758916
472,ksqexp,1.5,2.5,1,0.1,-153.88179623752998,-150.10976875851577
473,ksqexp,1.5,2.5,1,0.05,-170.69315771315604,-166.8665425893273
474,ksqexp,1.5,2.5,1,0.01,-177.24600769628137,-173.36019303549241
475,ksqexp,1.5,2.5,1,0,-177.53497703576792,-173.6457221788415
476,ksqexp,1.5,2.5,1.5,0.5,-58.23150719468497,-57.648294939525115
477,ksqexp,1.5,2.5,1.5,0.1,-116.15562190131104,-114.98417850551887
478,ksqexp,1.5,2.5,1.5,0.05,-123.85383325679423,-122.73670931345562
479,ksqexp,1.5,2.5,1.5,0.01,-126.68383721245532,-125.57337423375284
480,ksqexp,1.5,2.5,1.5,0,-126.80637226504201,-125.69596215082028
481,ksqexp,1.5,3,0.5,0.5,-55.803232683103474,-54.29241217177928
482,ksqexp,1.5,3,0.5,0.1,-164.35470120631362,-154.4166838718966
483,ksqexp,1.5,3,0.5,0.05,-182.94847730275333,-172.41641387458466
484,ksqexp,1.5,3,0.5,0.01,-190.07723075913947,-179.30561521594026
485,ksqexp,1.5,3,0.5,0,-190.39153910021855,-179.6080538929404
486,ksqexp,1.5,3,1,0.5,-55.03040834373727,-54.0466999880061
487,ksqexp,1.5,3,1,0.1,-99.26011434743877,-96.1459455738408
488,ksqexp,1.5,3,1,0.05,-103.83724099382721,-100.72961357059339
489,ksqexp,1.5,3,1,0.01,-105.448054037254,-102.34197325797327
490,ksqexp,1.5,3,1,0,-105.51704819414627,-102.41092908073063
491,ksqexp,1.5,3,1.5,0.5,-54.42239512127389,-54.07689128637497
492,ksqexp,1.5,3,1.5,0.1,-77.53701459233383,-76.87314607421692
493,ksqexp,1.5,3,1.5,0.05,-79.36752939581777,-78.78874791921257
494,ksqexp,1.5,3,1.5,0.01,-79.98983720994026,-79.44154904675848
495,ksqexp,1.5,3,1.5,0,-80.01620799180662,-79.46921090970491
496,ksqexp,1.5,3.5,0.5,0.5,-53.34598438548298,-51.913973785339635
497,ksqexp,1.5,3.5,0.5,0.1,-122.73605912400716,-110.79369475828406
498,ksqexp,1.5,3.5,0.5,0.05,-132.34448142881558,-118.51076279722697
499,ksqexp,1.5,3.5,0.5,0.01,-135.96282591205116,-121.30357953498283
500,ksqexp,1.5,3.5,0.5,0,-136.12173081152696,-121.42433439511953
501,ksqexp,1.5,3.5,1,0.5,-52.067411366002574,-51.177444052332014
502,ksqexp,1.5,3.5,1,0.1,-76.79705168442872,-72.35648645265658
503,ksqexp,1.5,3.5,1,0.05,-78.9552599779313,-74.10050373656968
504,ksqexp,1.5,3.5,1,0.01,-79.70785673598877,-74.69355902697959
505,ksqexp,1.5,3.5,1,0,-79.74002170542676,-74.718695723247
506,ksqexp,1.5,3.5,1.5,0.5,-51.444772322212245,-51.194612084693276
507,ksqexp,1.5,3.5,1.5,0.1,-62.702005864998476,-61.079910356829465
508,ksqexp,1.5,3.5,1.5,0.05,-63.46769594152825,-61.719868081080506
509,ksqexp,1.5,3.5,1.5,0.01,-63.72585750666168,-61.93188874499593
510,ksqexp,1.5,3.5,1.5,0,-63.7367754365935,-61.94080626587677
511,ksqexp,1.5,4,0.5,0.5,-51.317607352071576,-49.950017707967014
512,ksqexp,1.5,4,0.5,0.1,-102.64859040457532,-88.91470355568266
513,ksqexp,1.5,4,0.5,0.05,-109.83857857821405,-93.44508537992304
514,ksqexp,1.5,4,0.5,0.01,-112.6276836846239,-95.08547393586274
515,ksqexp,1.5,4,0.5,0,-112.75113903922752,-95.15647396196995
516,ksqexp,1.5,4,1,0.5,-49.89444131651198,-49.04649935384552
517,ksqexp,1.5,4,1,0.1,-66.84028116704026,-61.3072648336935
518,ksqexp,1.5,4,1,0.05,-68.43801351239289,-62.24963895611421
519,ksqexp,1.5,4,1,0.01,-69.00836584498386,-62.57086925688685
520,ksqexp,1.5,4,1,0,-69.03288858615599,-62.58449718992886
521,ksqexp,1.5,4,1.5,0.5,-49.483076433165834,-49.25838400817052
522,ksqexp,1.5,4,1.5,0.1,-56.50457871032982,-54.11122538024252
523,ksqexp,1.5,4,1.5,0.05,-57.05319991796449,-54.41335471185599
524,ksqexp,1.5,4,1.5,0.01,-57.242728851153444,-54.513609139866986
525,ksqexp,1.5,4,1.5,0,-57.250795201710496,-54.517828365895355
526,ksqexp,1.5,6,0.5,0.5,-47.14517344763307,-45.952630790289575
527,ksqexp,1.5,6,0.5,0.1,-80.86227060096276,-64.20741664645166
528,ksqexp,1.5,6,0.5,0.05,-87.16910482432674,-66.86009591726976
529,ksqexp,1.5,6,0.5,0.01,-89.75748719406154,-67.8956185126221
530,ksqexp,1.5,6,0.5,0,-89.87349985215558,-67.9413705522772
531,ksqexp,1.5,6,1,0.5,-46.23312971635952,-45.442599404679406
532,ksqexp,1.5,6,1,0.1,-57.30322287468902,-50.02211673353922
533,ksqexp,1.5,6,1,0.05,-58.829182788640345,-50.57685619643855
534,ksqexp,1.5,6,1,0.01,-59.3954724547277,-50.77815412723846
535,ksqexp,1.5,6,1,0,-59.420042051829185,-50.786835183097494
536,ksqexp,1.5,6,1.5,0.5,-46.698788487568194,-46.47268389380601
537,ksqexp,1.5,6,1.5,0.1,-51.26212113878514,-47.62361442721703
538,ksqexp,1.5,6,1.5,0.05,-51.842538573695364,-47.79539846375064
539,ksqexp,1.5,6,1.5,0.01,-52.05061118016305,-47.85668529473712
540,ksqexp,1.5,6,1.5,0,-52.0595462183154,-47.8593134933852
541,ksqexp,1.5,8,0.5,0.5,-45.98573386422471,-44.87343248668892
542,ksqexp,1.5,8,0.5,0.1,-77.73344512103458,-60.41905801355564
543,ksqexp,1.5,8,0.5,0.05,-84.19368155133631,-63.01947150335967
544,ksqexp,1.5,8,0.5,0.01,-86.85856698140611,-64.05282484896986
545,ksqexp,1.5,8,0.5,0,-86.97808448088503,-64.09867810698086
546,ksqexp,1.5,8,1,0.5,-45.4458070458884,-44.683974747234316
547,ksqexp,1.5,8,1,0.1,-56.33338518162031,-48.63161712531549
548,ksqexp,1.5,8,1,0.05,-57.94858451472342,-49.20643731247046
549,ksqexp,1.5,8,1,0.01,-58.54928097477458,-49.41748229123224
550,ksqexp,1.5,8,1,0,-58.57535125912329,-49.42660928590768
551,ksqexp,1.5,8,1.5,0.5,-46.25089121130087,-46.027493830762666
552,ksqexp,1.5,8,1.5,0.1,-51.017143073932274,-47.058466114402336
553,ksqexp,1.5,8,1.5,0.05,-51.65849077731516,-47.25343181319923
554,ksqexp,1.5,8,1.5,0.01,-51.888550859470186,-47.32356321251191
555,ksqexp,1.5,8,1.5,0,-51.89843028512994,-47.32657644556602
556,ksqexp,1.5,10,0.5,0.5,-45.63936321226337,-44.55357902154004
557,ksqexp,1.5,10,0.5,0.1,-76.91626292611386,-59.5071037388799
558,ksqexp,1.5,10,0.5,0.05,-83.3684090112188,-62.08912044644968
559,ksqexp,1.5,10,0.5,0.01,-86.02734340865632,-63.11684522230502
560,ksqexp,1.5,10,0.5,0,-86.14654436247979,-63.16246189146667
561,ksqexp,1.5,10,1,0.5,-45.25333454542609,-44.50715500170539
562,ksqexp,1.5,10,1,0.1,-56.16762482532061,-48.39706651210453
563,ksqexp,1.5,10,1,0.05,-57.79925039637758,-48.981241135130674
564,ksqexp,1.5,10,1,0.01,-58.40548910534172,-49.19582598082507
565,ksqexp,1.5,10,1,0,-58.43179212894261,-49.20510660228996
566,ksqexp,1.5,10,1.5,0.5,-46.178834893350334,-45.964815234383565
567,ksqexp,1.5,10,1.5,0.1,-51.08019127254583,-47.06033330323544
568,ksqexp,1.5,10,1.5,0.05,-51.73829324283044,-47.26618441507895
569,ksqexp,1.5,10,1.5,0.01,-51.974076417724696,-47.34013544228715
570,ksqexp,1.5,10,1.5,0,-51.984198151025886,-47.343311605915
571,ksqexp,1.5,25,0.5,0.5,-45.60347155086948,-44.5984728773029
572,ksqexp,1.5,25,0.5,0.1,-76.1789670219703,-59.25997596654885
573,ksqexp,1.5,25,0.5,0.05,-82.37001433308436,-61.72811102699852
574,ksqexp,1.5,25,0.5,0.01,-84.91693580654022,-62.707403930808795
575,ksqexp,1.5,25,0.5,0,-85.03108499973852,-62.75084256037825
576,ksqexp,1.5,25,1,0.5,-45.35020547708708,-44.69622986206705
577,ksqexp,1.5,25,1,0.1,-56.15260708413748,-48.67193435201408
578,ksqexp,1.5,25,1,0.05,-57.73707965079824,-49.245987680014025
579,ksqexp,1.5,25,1,0.01,-58.32507230980148,-49.45624753635668
580,ksqexp,1.5,25,1,0,-58.35057679993499,-49.46533473008494
581,ksqexp,1.5,25,1.5,0.5,-46.37800883506538,-46.25902130077133
582,ksqexp,1.5,25,1.5,0.1,-51.35555691368109,-47.536851565374945
583,ksqexp,1.5,25,1.5,0.05,-52.00532640933691,-47.748559600284004
584,ksqexp,1.5,25,1.5,0.01,-52.2377568533499,-47.82424231193849
585,ksqexp,1.5,25,1.5,0,-52.247730833270545,-47.82748888667511
586,ksqexp,1.75,0.2,0.5,0.5,-72.33033644448456,-72.31659672035343
587,ksqexp,1.75,0.2,0.5,0.1,-1349.2685595608373,-1323.6955144441577
588,ksqexp,1.75,0.2,0.5,0.05,-4713.7492633479305,-4565.445988099532
589,ksqexp,1.75,0.2,0.5,0.01,-87532.15362209549,-85788.73351723193
590,ksqexp,1.75,0.2,0.5,0,-35016825.5157818,-35619909.15672124
591,ksqexp,1.75,0.2,1,0.5,-72.81942673410794,-72.69963025856804
592,ksqexp,1.75,0.2,1,0.1,-1268.0476613599624,-1235.46520251295
593,ksqexp,1.75,0.2,1,0.05,-4302.210871769033,-4146.0559268332345
594,ksqexp,1.75,0.2,1,0.01,-87987.15800833264,-86991.82729373014
595,ksqexp,1.75,0.2,1,0,-17508472.06393677,-17810030.830424774
596,ksqexp,1.75,0.2,1.5,0.5,-73.25821759700565,-73.12455444861948
597,ksqexp,1.75,0.2,1.5,0.1,-1208.5374266230576,-1173.4898019818918
598,ksqexp,1.75,0.2,1.5,0.05,-4094.882211048691,-3936.914553110948
599,ksqexp,1.75,0.2,1.5,0.01,-90053.39514612894,-88826.46055604515
600,ksqexp,1.75,0.2,1.5,0,-11672309.059449598,-11873353.152262785
601,ksqexp,1.75,0.5,0.5,0.5,-69.46657999138942,-68.35088831494454
602,ksqexp,1.75,0.5,0.5,0.1,-1253.8658852430117,-1196.2133224048127
603,ksqexp,1.75,0.5,0.5,0.05,-4204.904049945059,-4085.975469215279
604,ksqexp,1.75,0.5,0.5,0.01,-78504.7963984148,-79612.62415026358
605,ksqexp,1.75,0.5,0.5,0,-364493.9025560638,-384024.76919020177
606,ksqexp,1.75,0.5,1,0.5,-70.54453068305737,-69.10065889784975
607,ksqexp,1.75,0.5,1,0.1,-1158.204338749323,-1112.3485247023677
608,ksqexp,1.75,0.5,1,0.05,-3828.6986091033236,-3781.6390870296273
609,ksqexp,1.75,0.5,1,0.01,-65119.55759054934,-65589.68694426832
610,ksqexp,1.75,0.5,1,0,-182220.41853710444,-191987.7617956105
611,ksqexp,1.75,0.5,1.5,0.5,-71.40616081961181,-69.86603238278467
612,ksqexp,1.75,0.5,1.5,0.1,-1090.2337043022121,-1054.2965669664345
613,ksqexp,1.75,0.5,1.5,0.05,-3687.758439872009,-3678.385940253206
614,ksqexp,1.75,0.5,1.5,0.01,-55065.629711421156,-55371.25692546851
615,ksqexp,1.75,0.5,1.5,0,-121465.37935734329,-127978.21447149772
616,ksqexp,1.75,1,0.5,0.5,-64.4052290857931,-62.22598080993056
617,ksqexp,1.75,1,0.5,0.1,-995.8796093914722,-949.8674736541464
618,ksqexp,1.75,1,0.5,0.05,-3343.597094845626,-3188.8401639242147
619,ksqexp,1.75,1,0.5,0.01,-32691.738953855056,-24991.736099383976
620,ksqexp,1.75,1,0.5,0,-49340.00414390726,-35386.939353669244
621,ksqexp,1.75,1,1,0.5,-66.78134425733533,-64.47932992982022
622,ksqexp,1.75,1,1,0.1,-904.0288565908014,-868.1590338234741
623,ksqexp,1.75,1,1,0.05,-3107.880299970137,-2884.3372761250357
624,ksqexp,1.75,1,1,0.01,-19696.890906678433,-14629.58910876101
625,ksqexp,1.75,1,1,0,-24658.923348597164,-17684.790154916464
626,ksqexp,1.75,1,1.5,0.5,-68.29843825880758,-66.18570703125012
627,ksqexp,1.75,1,1.5,0.1,-861.1052848284518,-826.6887228685762
628,ksqexp,1.75,1,1.5,0.05,-2947.215932912193,-2661.380005404158
629,ksqexp,1.75,1,1.5,0.01,-14079.257532907362,-10344.326232131967
630,ksqexp,1.75,1,1.5,0,-16434.687046345203,-11786.864395606595
631,ksqexp,1.75,1.5,0.5,0.5,-62.81279890496511,-60.604821397562645
632,ksqexp,1.75,1.5,0.5,0.1,-861.038716172798,-798.9578216843099
633,ksqexp,1.75,1.5,0.5,0.05,-2684.8116713879467,-2378.9944275273433
634,ksqexp,1.75,1.5,0.5,0.01,-9582.890994398304,-7278.504447616497
635,ksqexp,1.75,1.5,0.5,0,-10693.618603961713,-7986.389633961078
636,ksqexp,1.75,1.5,1,0.5,-65.01059299860104,-62.786927935076534
637,ksqexp,1.75,1.5,1,0.1,-776.6032686959006,-712.5678083354477
638,ksqexp,1.75,1.5,1,0.05,-2150.0219053635255,-1822.2131805515955
639,ksqexp,1.75,1.5,1,0.01,-5051.019636117479,-3806.9507586736354
640,ksqexp,1.75,1.5,1,0,-5343.191487604024,-3992.2547741468916
641,ksqexp,1.75,1.5,1.5,0.5,-66.1553320341648,-64.16054886724451
642,ksqexp,1.75,1.5,1.5,0.1,-721.1919092379651,-651.9535314967297
643,ksqexp,1.75,1.5,1.5,0.05,-1795.9928597703731,-1482.9249749099306
644,ksqexp,1.75,1.5,1.5,0.01,-3430.396986173852,-2580.0253253585906
645,ksqexp,1.75,1.5,1.5,0,-3562.5064375464303,-2663.667143443124
646,ksqexp,1.75,2,0.5,0.5,-62.2334234524922,-60.110200351359026
647,ksqexp,1.75,2,0.5,0.1,-696.1708033792978,-649.5631104062477
648,ksqexp,1.75,2,0.5,0.05,-1502.251055076848,-1363.3024093201957
649,ksqexp,1.75,2,0.5,0.01,-2540.2504225911,-2184.6493253238696
650,ksqexp,1.75,2,0.5,0,-2620.0319339023267,-2243.857020017586
651,ksqexp,1.75,2,1,0.5,-64.20634485381663,-62.15398450568834
652,ksqexp,1.75,2,1,0.1,-541.2252031806177,-502.637367407879
653,ksqexp,1.75,2,1,0.05,-950.8863426428592,-848.6535453058118
654,ksqexp,1.75,2,1,0.01,-1290.7276675350543,-1110.7012516122638
655,ksqexp,1.75,2,1,0,-1310.9531640451135,-1125.681004427726
656,ksqexp,1.75,2,1.5,0.5,-65.23288891722682,-63.508216718807034
657,ksqexp,1.75,2,1.5,0.1,-448.6324836167702,-414.0944801370201
658,ksqexp,1.75,2,1.5,0.05,-700.35890864282635,-621.0021302324496
659,ksqexp,1.75,2,1.5,0.01,-868.3707787886739,-749.0747739612906
660,ksqexp,1.75,2,1.5,0,-877.384230767468,-755.7463225965477
661,ksqexp,1.75,2.5,0.5,0.5,-61.226994834159115,-59.22194509938326
662,ksqexp,1.75,2.5,0.5,0.1,-456.4914278528193,-435.1771714316846
663,ksqexp,1.75,2.5,0.5,0.05,-682.3225675151202,-654.4778135460125
664,ksqexp,1.75,2.5,0.5,0.01,-829.8966234280099,-790.8967633871954
665,ksqexp,1.75,2.5,0.5,0,-838.1626785902084,-798.1985707296009
666,ksqexp,1.75,2.5,1,0.5,-62.666802232409516,-60.90516809448718
667,ksqexp,1.75,2.5,1,0.1,-297.8530751676439,-288.0276123850418
668,ksqexp,1.75,2.5,1,0.05,-379.52850080715234,-366.357655596169
669,ksqexp,1.75,2.5,1,0.01,-421.0385455053098,-404.2159214114224
670,ksqexp,1.75,2.5,1,0,-423.08533721845475,-406.02839069492154
671,ksqexp,1.75,2.5,1.5,0.5,-63.22413930576092,-61.970048239124004
672,ksqexp,1.75,2.5,1.5,0.1,-225.4490239283544,-219.951664096688
673,ksqexp,1.75,2.5,1.5,0.05,-267.5171134935553,-259.9468408414497
674,ksqexp,1.75,2.5,1.5,0.01,-286.62082310792835,-277.29930360112223
675,ksqexp,1.75,2.5,1.5,0,-287.5168801851231,-278.09565410844783
676,ksqexp,1.75,3,0.5,0.5,-59.24340655904331,-57.36802604535065
677,ksqexp,1.75,3,0.5,0.1,-284.73062112443057,-269.7469511241998
678,ksqexp,1.75,3,0.5,0.05,-352.02574389534226,-335.62977072048085
679,ksqexp,1.75,3,0.5,0.01,-385.7672215248839,-366.53866241876386
680,ksqexp,1.75,3,0.5,0,-387.52251371466474,-368.04923261453536
681,ksqexp,1.75,3,1,0.5,-59.71228506513377,-58.23399250133325
682,ksqexp,1.75,3,1,0.1,-170.75617082288426,-165.4329504554494
683,ksqexp,1.75,3,1,0.05,-190.82768383642906,-184.96896555936004
684,ksqexp,1.75,3,1,0.01,-199.6125058700017,-192.93531859293736
685,ksqexp,1.75,3,1,0,-200.02956513801476,-193.29868209096333
686,ksqexp,1.75,3,1.5,0.5,-59.54568557634677,-58.69964477510235
687,ksqexp,1.75,3,1.5,0.1,-127.00103707981845,-125.13273724252849
688,ksqexp,1.75,3,1.5,0.05,-136.32497057807,-134.20076542003196
689,ksqexp,1.75,3,1.5,0.01,-140.14772947945738,-137.6844981230976
690,ksqexp,1.75,3,1.5,0,-140.32257237712426,-137.8391553480862
691,ksqexp,1.75,3.5,0.5,0.5,-56.75838864570123,-54.99005631805759
692,ksqexp,1.75,3.5,0.5,0.1,-194.8912077368872,-176.96836456931354
693,ksqexp,1.75,3.5,0.5,0.05,-225.27022148802442,-201.79751632145627
694,ksqexp,1.75,3.5,0.5,0.01,-240.35130235124822,-212.60406734533734
695,ksqexp,1.75,3.5,0.5,0,-241.1292723360239,-213.12583246554945
696,ksqexp,1.75,3.5,1,0.5,-56.29731679989906,-54.995005567148
697,ksqexp,1.75,3.5,1,0.1,-116.10776385564097,-108.24081421041019
698,ksqexp,1.75,3.5,1,0.05,-124.66937064750962,-114.90656827334301
699,ksqexp,1.75,3.5,1,0.01,-128.4306944658888,-117.54412532875388
700,ksqexp,1.75,3.5,1,0,-128.60827874775157,-117.6638220928337
701,ksqexp,1.75,3.5,1.5,0.5,-55.656257781420194,-55.02500969415309
702,ksqexp,1.75,3.5,1.5,0.1,-88.48559013025303,-84.6130661960548
703,ksqexp,1.75,3.5,1.5,0.05,-92.2625355762952,-87.4956992757927
704,ksqexp,1.75,3.5,1.5,0.01,-93.82087220934655,-88.58554862137466
705,ksqexp,1.75,3.5,1.5,0,-93.89193765078413,-88.63380873470507
706,ksqexp,1.75,4,0.5,0.5,-54.370403161779485,-52.68455781896155
707,ksqexp,1.75,4,0.5,0.1,-150.84153771758005,-129.34894283002544
708,ksqexp,1.75,4,0.5,0.05,-171.56158907609384,-142.26711787732535
709,ksqexp,1.75,4,0.5,0.01,-182.0982198839587,-147.95053998842678
710,ksqexp,1.75,4,0.5,0,-182.63006921195353,-148.2240879158143
711,ksqexp,1.75,4,1,0.5,-53.32846309062218,-52.11465065092004
712,ksqexp,1.75,4,1,0.1,-92.18741443451808,-81.91847607632647
713,ksqexp,1.75,4,1,0.05,-98.0476719909095,-85.23480818111638
714,ksqexp,1.75,4,1,0.01,-100.62032718515434,-86.56170247637668
715,ksqexp,1.75,4,1,0,-100.73990309249018,-86.62180620433243
716,ksqexp,1.75,4,1.5,0.5,-52.590087224287636,-52.04131331336186
717,ksqexp,1.75,4,1.5,0.1,-72.60023118320206,-66.98147169062686
718,ksqexp,1.75,4,1.5,0.05,-75.14431690209847,-68.33706871303019
719,ksqexp,1.75,4,1.5,0.01,-76.18683967878201,-68.85541809737224
720,ksqexp,1.75,4,1.5,0,-76.23383781875457,-68.87836906690515
721,ksqexp,1.75,6,0.5,0.5,-48.59797544126406,-47.1406939346736
722,ksqexp,1.75,6,0.5,0.1,-105.90284279595262,-78.26254072730937
723,ksqexp,1.75,6,0.5,0.05,-122.72482909331599,-84.91467263254437
724,ksqexp,1.75,6,0.5,0.01,-131.22161504739302,-88.00469152338502
725,ksqexp,1.75,6,0.5,0,-131.63232197867802,-88.15034275662128
726,ksqexp,1.75,6,1,0.5,-47.543794920799016,-46.43895406841158
727,ksqexp,1.75,6,1,0.1,-70.90605059232031,-56.903400075358796
728,ksqexp,1.75,6,1,0.05,-75.87639940094327,-58.66559330180644
729,ksqexp,1.75,6,1,0.01,-77.97802785706112,-59.380035213932864
730,ksqexp,1.75,6,1,0,-78.07299121129195,-59.41194633695287
731,ksqexp,1.75,6,1.5,0.5,-47.62440791247825,-47.11485005910066
732,ksqexp,1.75,6,1.5,0.1,-59.868929026322846,-51.61387323711989
733,ksqexp,1.75,6,1.5,0.05,-62.09556327801056,-52.33398490299588
734,ksqexp,1.75,6,1.5,0.01,-62.97186297110172,-52.61098675216139
735,ksqexp,1.75,6,1.5,0,-63.01053772174595,-52.62313763029125
736,ksqexp,1.75,8,0.5,0.5,-46.64695846240356,-45.31509276028575
737,ksqexp,1.75,8,0.5,0.1,-100.12758480699253,-70.79200697399978
738,ksqexp,1.75,8,0.5,0.05,-117.52792422784489,-77.33656640718038
739,ksqexp,1.75,8,0.5,0.01,-126.28588201344785,-80.41835418434883
740,ksqexp,1.75,8,0.5,0,-126.70751558144035,-80.56365963963201
741,ksqexp,1.75,8,1,0.5,-46.08698157461833,-45.022326260996806
742,ksqexp,1.75,8,1,0.1,-69.02888542673125,-53.95890532283107
743,ksqexp,1.75,8,1,0.05,-74.26242241784286,-55.76245584887538
744,ksqexp,1.75,8,1,0.01,-76.46193595428491,-56.49632191046421
745,ksqexp,1.75,8,1,0,-76.56105751620804,-56.52908733519588
746,ksqexp,1.75,8,1.5,0.5,-46.68593840467068,-46.176645708750534
747,ksqexp,1.75,8,1.5,0.1,-59.27033228573168,-50.2315520368208
748,ksqexp,1.75,8,1.5,0.05,-61.660418379082564,-50.99980949688747
749,ksqexp,1.75,8,1.5,0.01,-62.59506929185822,-51.295270287493366
750,ksqexp,1.75,8,1.5,0,-62.636228260707526,-51.30822000028284
751,ksqexp,1.75,10,0.5,0.5,-46.00622502607587,-44.72796977668882
752,ksqexp,1.75,10,0.5,0.1,-98.67795298396783,-68.88866832431731
753,ksqexp,1.75,10,0.5,0.05,-116.14510665657815,-75.37556121812563
754,ksqexp,1.75,10,0.5,0.01,-124.91528418438484,-78.4339639993531
755,ksqexp,1.75,10,0.5,0,-125.33712373999462,-78.57818000034067
756,ksqexp,1.75,10,1,0.5,-45.691048198767085,-44.649331532123135
757,ksqexp,1.75,10,1,0.1,-68.69333867426839,-53.34403651294238
758,ksqexp,1.75,10,1,0.05,-73.97610695083738,-55.15627901775665
759,ksqexp,1.75,10,1,0.01,-76.1914841558804,-55.89338562020477
760,ksqexp,1.75,10,1,0,-76.29125651040387,-55.926289110779464
761,ksqexp,1.75,10,1.5,0.5,-46.49266628477177,-45.99199602412107
762,ksqexp,1.75,10,1.5,0.1,-59.31468282003678,-50.06772313729163
763,ksqexp,1.75,10,1.5,0.05,-61.743724489217406,-50.8519571313963
764,ksqexp,1.75,10,1.5,0.01,-62.69157531546819,-51.15312165040438
765,ksqexp,1.75,10,1.5,0,-62.73329086678634,-51.16631558082788
766,ksqexp,1.75,25,0.5,0.5,-45.74081171578967,-44.568569874561334
767,ksqexp,1.75,25,0.5,0.1,-95.09610603389133,-66.57647173177777
768,ksqexp,1.75,25,0.5,0.05,-111.0451041889976,-72.22114229176908
769,ksqexp,1.75,25,0.5,0.01,-119.10823627863711,-74.89910767721888
770,ksqexp,1.75,25,0.5,0,-119.49739577266594,-75.02589108946691
771,ksqexp,1.75,25,1,0.5,-45.62376792262073,-44.714518721154406
772,ksqexp,1.75,25,1,0.1,-67.05803455854057,-52.57634580893781
773,ksqexp,1.75,25,1,0.05,-71.91927926571299,-54.1725971123805
774,ksqexp,1.75,25,1,0.01,-73.96860903632091,-54.82558399832687
775,ksqexp,1.75,25,1,0,-74.06107265574389,-54.854796583295204
776,ksqexp,1.75,25,1.5,0.5,-46.5742190439946,-46.22410049853349
777,ksqexp,1.75,25,1.5,0.1,-58.53448959672328,-49.9391252398931
778,ksqexp,1.75,25,1.5,0.05,-60.785626630578584,-50.63972726614179
779,ksqexp,1.75,25,1.5,0.01,-61.667432795098534,-50.90990231921712
780,ksqexp,1.75,25,1.5,0,-61.70628838305625,-50.92175518116256
781,ksqexp,2,0.2,0.5,0.5,-71.85361266241296,-71.66079361813857
782,ksqexp,2,0.2,0.5,0.1,-1434.862224932654,-1423.3028449501242
783,ksqexp,2,0.2,0.5,0.05,-5556.331716859958,-5417.219210474665
784,ksqexp,2,0.2,0.5,0.01,-96142.30044641595,-92421.35454162647
785,ksqexp,2,0.2,0.5,0,-90017265.76039039,-93142494.2866089
786,ksqexp,2,0.2,1,0.5,-72.27884724242935,-71.85847873046647
787,ksqexp,2,0.2,1,0.1,-1414.5836158613886,-1393.7255755297722
788,ksqexp,2,0.2,1,0.05,-5248.484504174715,-5069.624344122296
789,ksqexp,2,0.2,1,0.01,-92217.60144948792,-89532.05605023292
790,ksqexp,2,0.2,1,0,-45008850.14659761,-46571704.15470067
791,ksqexp,2,0.2,1.5,0.5,-72.73019085913059,-72.3008372428447
792,ksqexp,2,0.2,1.5,0.1,-1393.619522207641,-1365.0861680908777
793,ksqexp,2,0.2,1.5,0.05,-5005.296062672097,-4816.362709130726
794,ksqexp,2,0.2,1.5,0.01,-90925.68767891562,-89287.20676657789
795,ksqexp,2,0.2,1.5,0,-30005924.39023306,-31047881.922315404
796,ksqexp,2,0.5,0.5,0.5,-69.32183578567545,-68.18307743717037
797,ksqexp,2,0.5,0.5,0.1,-1375.3997223829128,-1306.118408891344
798,ksqexp,2,0.5,0.5,0.05,-5359.070835514671,-5131.11145053229
799,ksqexp,2,0.5,0.5,0.01,-96372.07477887657,-99497.84597630889
800,ksqexp,2,0.5,0.5,0,-1809117.891116184,-1595508.6640675615
801,ksqexp,2,0.5,1,0.5,-70.17908112561375,-68.65554837296767
802,ksqexp,2,0.5,1,0.1,-1375.8383561332653,-1310.2693939196777
803,ksqexp,2,0.5,1,0.05,-4962.541241261402,-4810.873275852927
804,ksqexp,2,0.5,1,0.01,-93126.15855216193,-95588.84226948956
805,ksqexp,2,0.5,1,0,-904523.2753924968,-797721.1545255489
806,ksqexp,2,0.5,1.5,0.5,-70.83189777311455,-69.18570905358897
807,ksqexp,2,0.5,1.5,0.1,-1354.7610639043323,-1294.036526433709
808,ksqexp,2,0.5,1.5,0.05,-4686.7795211267985,-4594.299953388738
809,ksqexp,2,0.5,1.5,0.01,-89862.2403238141,-91193.19962320046
810,ksqexp,2,0.5,1.5,0,-602994.4935561973,-531794.7480450327
811,ksqexp,2,1,0.5,0.5,-64.21494234609581,-61.828436243873846
812,ksqexp,2,1,0.5,0.1,-1169.1765354486959,-1099.3105546824506
813,ksqexp,2,1,0.5,0.05,-3955.898125106403,-3773.046272599995
814,ksqexp,2,1,0.5,0.01,-71601.35717242313,-54830.424155370245
815,ksqexp,2,1,0.5,0,-199898.60613928022,-130333.193711239
816,ksqexp,2,1,1,0.5,-66.62230362587151,-63.83294178621112
817,ksqexp,2,1,1,0.1,-1078.4966382603843,-1022.7616212246692
818,ksqexp,2,1,1,0.05,-3681.4438854507484,-3495.604066314969
819,ksqexp,2,1,1,0.01,-53926.784271734505,-38768.862351912176
820,ksqexp,2,1,1,0,-99930.83234415458,-65151.164938245405
821,ksqexp,2,1,1.5,0.5,-68.4102619575789,-65.66824446139307
822,ksqexp,2,1,1.5,0.1,-1021.376832865203,-973.5952559111811
823,ksqexp,2,1,1.5,0.05,-3590.6564865099845,-3363.2364823875514
824,ksqexp,2,1,1.5,0.01,-42773.89300437129,-29916.62518747974
825,ksqexp,2,1,1.5,0,-66611.03138270411,-43426.61247675647
826,ksqexp,2,1.5,0.5,0.5,-62.985684477263504,-60.42213240171132
827,ksqexp,2,1.5,0.5,0.1,-1000.4611069292152,-919.4290018975416
828,ksqexp,2,1.5,0.5,0.05,-3538.1325925189476,-3201.685003905201
829,ksqexp,2,1.5,0.5,0.01,-29762.618093895548,-21385.26733500589
830,ksqexp,2,1.5,0.5,0,-40889.91032476006,-27882.25142165427
831,ksqexp,2,1.5,1,0.5,-65.77643896271145,-62.96186372823243
832,ksqexp,2,1.5,1,0.1,-938.1756600590066,-862.8376222621498
833,ksqexp,2,1.5,1,0.05,-3286.6011395064197,-2865.8620346460757
834,ksqexp,2,1.5,1,0.01,-17248.94335384889,-12098.658356335358
835,ksqexp,2,1.5,1,0,-20435.092068565955,-13934.64603030672
836,ksqexp,2,1.5,1.5,0.5,-67.36373353545099,-64.65843260553027
837,ksqexp,2,1.5,1.5,0.1,-906.6228425992692,-829.7585652265172
838,ksqexp,2,1.5,1.5,0.05,-3083.6733472354363,-2604.2371655155202
839,ksqexp,2,1.5,1.5,0.01,-12132.018710975768,-8435.248256571447
840,ksqexp,2,1.5,1.5,0,-13619.609956726244,-9288.234880573622
841,ksqexp,2,2,0.5,0.5,-62.85958306237098,-60.411481825581994
842,ksqexp,2,2,0.5,0.1,-912.5552008401892,-848.1465756964235
843,ksqexp,2,2,0.5,0.05,-2653.346664210446,-2433.6850200619942
844,ksqexp,2,2,0.5,0.01,-7662.037804508263,-6305.150651320763
845,ksqexp,2,2,0.5,0,-8363.583309563739,-6783.113534564361
846,ksqexp,2,2,1,0.5,-65.50494936489433,-62.91395584763157
847,ksqexp,2,2,1,0.1,-805.495071419857,-751.6293324956201
848,ksqexp,2,2,1,0.05,-1992.0382280709598,-1779.745700984108
849,ksqexp,2,2,1,0.01,-3993.7128262184156,-3266.3268172218677
850,ksqexp,2,2,1,0,-4177.317723328939,-3390.595071185186
851,ksqexp,2,2,1.5,0.5,-66.90885380150135,-64.51993103146185
852,ksqexp,2,2,1.5,0.1,-728.8263458141128,-677.1745553558321
853,ksqexp,2,2,1.5,0.05,-1602.9231079400824,-1407.7333828603644
854,ksqexp,2,2,1.5,0.01,-2701.8311172131766,-2206.597513415482
855,ksqexp,2,2,1.5,0,-2784.6865171581408,-2262.546239581483
856,ksqexp,2,2.5,0.5,0.5,-62.5844356300385,-60.31049461633298
857,ksqexp,2,2.5,0.5,0.1,-705.4772693721484,-673.2984654325819
858,ksqexp,2,2.5,0.5,0.05,-1381.1298493890629,-1335.8351575928064
859,ksqexp,2,2.5,0.5,0.01,-2110.6413876186257,-1998.0138938817872
860,ksqexp,2,2.5,0.5,0,-2169.0971024943256,-2045.3692847514108
861,ksqexp,2,2.5,1,0.5,-64.95082234016995,-62.714365874849065
862,ksqexp,2,2.5,1,0.1,-524.2261586095944,-508.1809233679057
863,ksqexp,2,2.5,1,0.05,-833.5340039802168,-806.7593239891777
864,ksqexp,2,2.5,1,0.01,-1068.8624063475283,-1013.5288859287833
865,ksqexp,2,2.5,1,0,-1083.738529637646,-1025.5242428587771
866,ksqexp,2,2.5,1.5,0.5,-66.12948137723944,-64.28768193248482
867,ksqexp,2,2.5,1.5,0.1,-420.8257532936575,-410.71014308972144
868,ksqexp,2,2.5,1.5,0.05,-601.670351088157,-582.5340036953975
869,ksqexp,2,2.5,1.5,0.01,-718.1187260602768,-683.0289815857852
870,ksqexp,2,2.5,1.5,0,-724.7429953834901,-688.3665522731123
871,ksqexp,2,3,0.5,0.5,-61.42127029455471,-59.32593526672709
872,ksqexp,2,3,0.5,0.1,-470.80247189518826,-451.19019059766924
873,ksqexp,2,3,0.5,0.05,-689.7787520260317,-669.7867919420639
874,ksqexp,2,3,0.5,0.01,-847.2924587628604,-808.7533660895863
875,ksqexp,2,3,0.5,0,-858.7134959768423,-817.299606486084
876,ksqexp,2,3,1,0.5,-63.079660654729686,-61.21481050899297
877,ksqexp,2,3,1,0.1,-302.46121596729586,-295.6881178373978
878,ksqexp,2,3,1,0.05,-380.85608192232013,-372.3506765030843
879,ksqexp,2,3,1,0.01,-428.3698720788014,-412.15168851651214
880,ksqexp,2,3,1,0,-431.22391105609705,-414.2813080252851
881,ksqexp,2,3,1.5,0.5,-63.65268318476352,-62.35545233411273
882,ksqexp,2,3,1.5,0.1,-226.5715868182031,-224.10457334215624
883,ksqexp,2,3,1.5,0.05,-267.50538870347333,-263.1982366657607
884,ksqexp,2,3,1.5,0.01,-290.2678821156982,-281.7981364103937
885,ksqexp,2,3,1.5,0,-291.5180395024065,-282.73253196182134
886,ksqexp,2,3.5,0.5,0.5,-59.41165132227643,-57.45204117218769
887,ksqexp,2,3.5,0.5,0.1,-314.8005313200246,-290.9622804295854
888,ksqexp,2,3.5,0.5,0.05,-407.79034797997184,-369.99896071891055
889,ksqexp,2,3.5,0.5,0.01,-475.6053131599159,-415.3991546643287
890,ksqexp,2,3.5,0.5,0,-480.42533224937534,-418.20526974908546
891,ksqexp,2,3.5,1,0.5,-60.094257958559695,-58.47155200159483
892,ksqexp,2,3.5,1,0.1,-190.6566401763529,-178.56385444129685
893,ksqexp,2,3.5,1,0.05,-222.7761857340228,-203.47623803380583
894,ksqexp,2,3.5,1,0.01,-243.0271365811206,-216.24460571173492
895,ksqexp,2,3.5,1,0,-244.21045874110735,-216.93017854885215
896,ksqexp,2,3.5,1.5,0.5,-59.96957477053439,-58.98801695102466
897,ksqexp,2,3.5,1.5,0.1,-141.59888246006588,-134.3098837335769
898,ksqexp,2,3.5,1.5,0.05,-158.2262941139224,-146.47945742741956
899,ksqexp,2,3.5,1.5,0.01,-167.75284584185715,-152.33436466453463
900,ksqexp,2,3.5,1.5,0,-168.2628243326912,-152.62913824553505
901,ksqexp,2,4,0.5,0.5,-57.086742324538704,-55.21042050073995
902,ksqexp,2,4,0.5,0.1,-230.3102482655552,-199.68996360572743
903,ksqexp,2,4,0.5,0.05,-288.22506751331713,-237.15858637409752
904,ksqexp,2,4,0.5,0.01,-332.06037088831613,-259.58496274098337
905,ksqexp,2,4,0.5,0,-334.9312519535917,-260.94998753665976
906,ksqexp,2,4,1,0.5,-56.91067044449495,-55.39541587795201
907,ksqexp,2,4,1,0.1,-139.17120164330254,-121.87745063226339
908,ksqexp,2,4,1,0.05,-159.79042769975686,-133.54337365202105
909,ksqexp,2,4,1,0.01,-172.51092659133286,-139.74874550177643
910,ksqexp,2,4,1,0,-173.2066623234366,-140.0756525954732
911,ksqexp,2,4,1.5,0.5,-56.34035054170036,-55.47377449125294
912,ksqexp,2,4,1.5,0.1,-105.27033768078253,-94.01665746047348
913,ksqexp,2,4,1.5,0.05,-115.94902154161964,-99.65643272196009
914,ksqexp,2,4,1.5,0.01,-121.7924779783526,-102.437124703031
915,ksqexp,2,4,1.5,0,-122.08912254338281,-102.57486438018903
916,ksqexp,2,6,0.5,0.5,-50.26044343535054,-48.57246320256109
917,ksqexp,2,6,0.5,0.1,-142.29330934297963,-99.88169255381565
918,ksqexp,2,6,0.5,0.05,-183.23790366634697,-115.95872217700455
919,ksqexp,2,6,0.5,0.01,-211.01407394457055,-125.59797366419015
920,ksqexp,2,6,0.5,0,-212.5447854621735,-126.10800547884735
921,ksqexp,2,6,1,0.5,-49.22926504005255,-47.794556155808
922,ksqexp,2,6,1,0.1,-93.32930308700122,-68.77781680008236
923,ksqexp,2,6,1,0.05,-107.98038784273638,-73.97964464451005
924,ksqexp,2,6,1,0.01,-115.59638790941997,-76.50400292317826
925,ksqexp,2,6,1,0,-115.9668600865282,-76.62433532510818
926,ksqexp,2,6,1.5,0.5,-48.993408942226026,-48.1425562513309
927,ksqexp,2,6,1.5,0.1,-75.58664277566446,-59.301425447933156
928,ksqexp,2,6,1.5,0.05,-82.99460915163849,-61.77878255709734
929,ksqexp,2,6,1.5,0.01,-86.40640393911892,-62.87036204195183
930,ksqexp,2,6,1.5,0,-86.564875059602,-62.92043537333128
931,ksqexp,2,8,0.5,0.5,-47.49058008738537,-45.93892934007098
932,ksqexp,2,8,0.5,0.1,-131.7135424521931,-86.17963008252073
933,ksqexp,2,8,0.5,0.05,-173.64703184506567,-101.6101325552138
934,ksqexp,2,8,0.5,0.01,-201.5696065508071,-110.79889520434133
935,ksqexp,2,8,0.5,0,-203.08894064410123,-111.27915632105235
936,ksqexp,2,8,1,0.5,-46.94383230707837,-45.54725356893817
937,ksqexp,2,8,1,0.1,-89.51917347861672,-62.955593120177156
938,ksqexp,2,8,1,0.05,-104.57896228653314,-68.0412539773888
939,ksqexp,2,8,1,0.01,-112.25711811758316,-70.47028769988238
940,ksqexp,2,8,1,0,-112.62766620855474,-70.5851285146012
941,ksqexp,2,8,1.5,0.5,-47.35624882274894,-46.50186202762628
942,ksqexp,2,8,1.5,0.1,-73.99425883376388,-56.24052288527441
943,ksqexp,2,8,1.5,0.05,-81.64258607361405,-58.69777963198557
944,ksqexp,2,8,1.5,0.01,-85.10471291173171,-59.762581722273666
945,ksqexp,2,8,1.5,0,-85.26456482835667,-59.811109345296735
946,ksqexp,2,10,0.5,0.5,-46.46124277382889,-44.98375430036038
947,ksqexp,2,10,0.5,0.1,-129.34464262286397,-82.63145658613952
948,ksqexp,2,10,0.5,0.05,-171.67390784268355,-97.85914507617743
949,ksqexp,2,10,0.5,0.01,-199.77659432180613,-106.93752931001107
950,ksqexp,2,10,0.5,0,-201.30427606322402,-107.41228502493635
951,ksqexp,2,10,1,0.5,-46.25388223788582,-44.879844230756035
952,ksqexp,2,10,1,0.1,-88.96507840060383,-61.639380183922455
953,ksqexp,2,10,1,0.05,-104.20295376006962,-66.69788922950569
954,ksqexp,2,10,1,0.01,-111.9514424398373,-69.11305980501345
955,ksqexp,2,10,1,0,-112.32512802999834,-69.22725059314203
956,ksqexp,2,10,1.5,0.5,-46.96926706366633,-46.11547129146807
957,ksqexp,2,10,1.5,0.1,-74.02858939153774,-55.71269944320061
958,ksqexp,2,10,1.5,0.05,-81.78974003696973,-58.17516590581797
959,ksqexp,2,10,1.5,0.01,-85.29435617090846,-59.2409989126092
960,ksqexp,2,10,1.5,0,-85.45606878390193,-59.28956254873238
961,ksqexp,2,25,0.5,0.5,-45.875736026041196,-44.51701607535481
962,ksqexp,2,25,0.5,0.1,-121.10834442927028,-76.56586389420552
963,ksqexp,2,25,0.5,0.05,-158.31224676379597,-88.73694091604315
964,ksqexp,2,25,0.5,0.01,-183.69397259278125,-96.24439720250737
965,ksqexp,2,25,0.5,0,-185.0915860343051,-96.64447629119393
966,ksqexp,2,25,1,0.5,-45.96986964317082,-44.740424448910765
967,ksqexp,2,25,1,0.1,-84.18332770785865,-58.60106074841416
968,ksqexp,2,25,1,0.05,-97.76882971418748,-62.71487267907369
969,ksqexp,2,25,1,0.01,-104.82219632504737,-64.737261786958
970,ksqexp,2,25,1,0,-105.1648107528081,-64.83392397527228
971,ksqexp,2,25,1.5,0.5,-46.906691685571964,-46.22337963122097
972,ksqexp,2,25,1.5,0.1,-70.97798199460885,-54.05053486389347
973,ksqexp,2,25,1.5,0.05,-77.96070990162302,-56.080319911915815
974,ksqexp,2,25,1.5,0.01,-81.16463552056477,-56.97976764802474
975,ksqexp,2,25,1.5,0,-81.31320909077343,-57.021063302908885
976,ksqexp,2.25,0.2,0.5,0.5,-71.28855930721122,-71.09257915748734
977,ksqexp,2.25,0.2,0.5,0.1,-1453.6644646916386,-1445.058502780246
978,ksqexp,2.25,0.2,0.5,0.05,-5851.552584013904,-5774.25025345002
979,ksqexp,2.25,0.2,0.5,0.01,-120980.45263161768,-115340.67910579283
980,ksqexp,2.25,0.2,0.5,0,-213607030.1042802,-241591947.0180527
981,ksqexp,2.25,0.2,1,0.5,-71.51864285201418,-70.88684166332233
982,ksqexp,2.25,0.2,1,0.1,-1450.2396802154694,-1440.7352094616529
983,ksqexp,2.25,0.2,1,0.05,-5820.134432923469,-5683.996644995323
984,ksqexp,2.25,0.2,1,0.01,-109990.33075398584,-105688.8051518903
985,ksqexp,2.25,0.2,1,0,-106803317.00401758,-120797662.3870529
986,ksqexp,2.25,0.2,1.5,0.5,-71.88226735831977,-71.12232012736219
987,ksqexp,2.25,0.2,1.5,0.1,-1447.086482790785,-1433.1362016324988
988,ksqexp,2.25,0.2,1.5,0.05,-5780.19302795498,-5604.457289135391
989,ksqexp,2.25,0.2,1.5,0.01,-105466.6804444243,-101626.66823631259
990,ksqexp,2.25,0.2,1.5,0,-71202138.82590996,-80532123.0009711
991,ksqexp,2.25,0.5,0.5,0.5,-69.02744733316085,-68.01256975495458
992,ksqexp,2.25,0.5,0.5,0.1,-1369.3657324427138,-1291.9774075063738
993,ksqexp,2.25,0.5,0.5,0.05,-5848.404847314693,-5558.517670858926
994,ksqexp,2.25,0.5,0.5,0.01,-112268.14043908298,-115832.89198083871
995,ksqexp,2.25,0.5,0.5,0,-10034265.203338996,-7129083.248389159
996,ksqexp,2.25,0.5,1,0.5,-69.7046159981729,-68.21616898726013
997,ksqexp,2.25,0.5,1,0.1,-1413.8285167047293,-1337.181276866292
998,ksqexp,2.25,0.5,1,0.05,-5831.17988368053,-5582.446198278775
999,ksqexp,2.25,0.5,1,0.01,-104961.45736272678,-110376.25549553696
1000,ksqexp,2.25,0.5,1,0,-5017089.402808748,-3564500.9485380985
1001,ksqexp,2.25,0.5,1.5,0.5,-70.13779195851032,-68.47104053657584
1002,ksqexp,2.25,0.5,1.5,0.1,-1437.102262572297,-1363.115960976394
1003,ksqexp,2.25,0.5,1.5,0.05,-5728.164193116215,-5515.848173925181
1004,ksqexp,2.25,0.5,1.5,0.01,-102679.40881816095,-108188.00336325075
1005,ksqexp,2.25,0.5,1.5,0,-3344699.462774376,-2376309.179882799
1006,ksqexp,2.25,1,0.5,0.5,-63.751812557168975,-61.44561421750206
1007,ksqexp,2.25,1,0.5,0.1,-1270.3276363652537,-1180.3836678928476
1008,ksqexp,2.25,1,0.5,0.05,-4548.430499315785,-4289.930646128006
1009,ksqexp,2.25,1,0.5,0.01,-95769.4550563209,-79634.4786340053
1010,ksqexp,2.25,1,0.5,0,-775892.7532893544,-471216.7247062267
1011,ksqexp,2.25,1,1,0.5,-65.71317023045427,-62.74801440210855
1012,ksqexp,2.25,1,1,0.1,-1219.7662123529035,-1140.840043392193
1013,ksqexp,2.25,1,1,0.05,-4136.766634132185,-3939.8473400286916
1014,ksqexp,2.25,1,1,0.01,-91490.11846589672,-69629.00457973636
1015,ksqexp,2.25,1,1,0,-387920.43339013413,-235586.07568674552
1016,ksqexp,2.25,1,1.5,0.5,-67.36858307373592,-64.28844110551104
1017,ksqexp,2.25,1,1.5,0.1,-1170.1736328236773,-1100.312215314461
1018,ksqexp,2.25,1,1.5,0.05,-3945.968655721332,-3764.359634685472
1019,ksqexp,2.25,1,1.5,0.01,-84550.86887753315,-61254.10014066865
1020,ksqexp,2.25,1,1.5,0,-258599.11284942145,-157045.31433247653
1021,ksqexp,2.25,1.5,0.5,0.5,-62.530067163160865,-59.81341750615958
1022,ksqexp,2.25,1.5,0.5,0.1,-1097.5868871286705,-998.2968815464556
1023,ksqexp,2.25,1.5,0.5,0.05,-3960.0871609789056,-3626.8980790593946
1024,ksqexp,2.25,1.5,0.5,0.01,-67360.60433322612,-49288.07746932892
1025,ksqexp,2.25,1.5,0.5,0,-152535.75354710437,-97607.48154796472
1026,ksqexp,2.25,1.5,1,0.5,-65.51702115660336,-62.323170528200194
1027,ksqexp,2.25,1.5,1,0.1,-1034.815607314407,-946.8633504589644
1028,ksqexp,2.25,1.5,1,0.05,-3832.10041594587,-3476.565532114388
1029,ksqexp,2.25,1.5,1,0.01,-47358.2949529145,-32826.01333738427
1030,ksqexp,2.25,1.5,1,0,-76251.48886711641,-48791.46760894764
1031,ksqexp,2.25,1.5,1.5,0.5,-67.38901215592186,-64.1813721798643
1032,ksqexp,2.25,1.5,1.5,0.1,-1004.2394369796431,-921.6821400788514
1033,ksqexp,2.25,1.5,1.5,0.05,-3782.067995849,-3374.274608339008
1034,ksqexp,2.25,1.5,1.5,0.01,-36273.95607294418,-24574.47606965733
1035,ksqexp,2.25,1.5,1.5,0,-50826.19109957605,-32522.25351469292
1036,ksqexp,2.25,2,0.5,0.5,-62.69067134175587,-60.040819433015024
1037,ksqexp,2.25,2,0.5,0.1,-1033.922167300727,-954.200797451939
1038,ksqexp,2.25,2,0.5,0.05,-3568.803063040902,-3358.266822234817
1039,ksqexp,2.25,2,0.5,0.01,-20064.99714133639,-16556.85191865446
1040,ksqexp,2.25,2,0.5,0,-25073.20784552789,-19926.267565994407
1041,ksqexp,2.25,2,1,0.5,-65.75480529457771,-62.76147825268672
1042,ksqexp,2.25,2,1,0.1,-972.1352498498417,-912.2429608136733
1043,ksqexp,2.25,2,1,0.05,-3099.9910552983183,-2879.827684733291
1044,ksqexp,2.25,2,1,0.01,-11125.912403068049,-9029.001541501051
1045,ksqexp,2.25,2,1,0,-12526.48356062151,-9957.212562237453
1046,ksqexp,2.25,2,1.5,0.5,-67.43596493999296,-64.52312885410423
1047,ksqexp,2.25,2,1.5,0.1,-928.9065546973908,-877.089135920884
1048,ksqexp,2.25,2,1.5,0.05,-2751.9552661311077,-2515.03604402488
1049,ksqexp,2.25,2,1.5,0.01,-7698.593110448831,-6209.6998910283955
1050,ksqexp,2.25,2,1.5,0,-8347.032781989039,-6636.984879802065
1051,ksqexp,2.25,2.5,0.5,0.5,-62.8853607532071,-60.43423003389372
1052,ksqexp,2.25,2.5,0.5,0.1,-907.6462675011844,-867.2877726269653
1053,ksqexp,2.25,2.5,0.5,0.05,-2332.3137594510945,-2301.117922576787
1054,ksqexp,2.25,2.5,0.5,0.01,-5090.026261573505,-4904.3740753859465
1055,ksqexp,2.25,2.5,0.5,0,-5441.656911484458,-5186.9175958645665
1056,ksqexp,2.25,2.5,1,0.5,-65.79423617485752,-63.181484140972046
1057,ksqexp,2.25,2.5,1,0.1,-763.3347296939004,-747.0109569053413
1058,ksqexp,2.25,2.5,1,0.05,-1596.0271931197706,-1581.557506239396
1059,ksqexp,2.25,2.5,1,0.01,-2621.963393976579,-2518.2732339465265
1060,ksqexp,2.25,2.5,1,0,-2714.9662897146463,-2591.958227798141
1061,ksqexp,2.25,2.5,1.5,0.5,-67.31828908134332,-64.97213271341057
1062,ksqexp,2.25,2.5,1.5,0.1,-662.487940522748,-655.1065981303007
1063,ksqexp,2.25,2.5,1.5,0.05,-1219.5907670158974,-1208.0437227872956
1064,ksqexp,2.25,2.5,1.5,0.01,-1766.7429523720164,-1696.5550196164163
1065,ksqexp,2.25,2.5,1.5,0,-1808.8600721139835,-1729.7624281972521
1066,ksqexp,2.25,3,0.5,0.5,-62.42929811271359,-60.2033498934119
1067,ksqexp,2.25,3,0.5,0.1,-685.2863609374803,-664.5227259884844
1068,ksqexp,2.25,3,0.5,0.05,-1260.6649854319467,-1254.8612035605834
1069,ksqexp,2.25,3,0.5,0.01,-1873.7921741026519,-1808.8809380926461
1070,ksqexp,2.25,3,0.5,0,-1940.1097832424323,-1855.0745222252294
1071,ksqexp,2.25,3,1,0.5,-64.88686579929768,-62.71750713761036
1072,ksqexp,2.25,3,1,0.1,-492.8548439112791,-489.3420865471904
1073,ksqexp,2.25,3,1,0.05,-742.1263346632333,-742.1506666797744
1074,ksqexp,2.25,3,1,0.01,-949.9832146921657,-917.4112609583453
1075,ksqexp,2.25,3,1,0,-967.2788767504351,-929.29253940253
1076,ksqexp,2.25,3,1.5,0.5,-66.02437186906967,-64.33164272561977
1077,ksqexp,2.25,3,1.5,0.1,-387.85406948342995,-389.44766484638006
1078,ksqexp,2.25,3,1.5,0.05,-530.8787061197634,-531.5170350571527
1079,ksqexp,2.25,3,1.5,0.01,-638.0316700899203,-618.1797559719921
1080,ksqexp,2.25,3,1.5,0,-645.792564603893,-623.4892018393357
1081,ksqexp,2.25,3.5,0.5,0.5,-61.078804808679394,-59.03815924118469
1082,ksqexp,2.25,3.5,0.5,0.1,-480.50903190319787,-454.4025785545887
1083,ksqexp,2.25,3.5,0.5,0.05,-730.1716286367184,-680.2002994925864
1084,ksqexp,2.25,3.5,0.5,0.01,-992.8665763673555,-854.7466698325383
1085,ksqexp,2.25,3.5,0.5,0,-1020.7971344084541,-869.6633789063026
1086,ksqexp,2.25,3.5,1,0.5,-62.739709854364,-60.90149120543086
1087,ksqexp,2.25,3.5,1,0.1,-311.64386014588143,-297.7085882966419
1088,ksqexp,2.25,3.5,1,0.05,-412.44391165930887,-380.28469344543487
1089,ksqexp,2.25,3.5,1,0.01,-502.89988822013476,-435.335254251091
1090,ksqexp,2.25,3.5,1,0,-510.06872552732995,-439.1318363832251
1091,ksqexp,2.25,3.5,1.5,0.5,-63.25023061262774,-61.99852066604004
1092,ksqexp,2.25,3.5,1.5,0.1,-235.13746646358845,-225.61742041391386
1093,ksqexp,2.25,3.5,1.5,0.05,-292.837144868567,-269.4939842379334
1094,ksqexp,2.25,3.5,1.5,0.01,-339.42965092209306,-296.73034598423493
1095,ksqexp,2.25,3.5,1.5,0,-342.6165792995767,-298.41197895763474
1096,ksqexp,2.25,4,0.5,0.5,-59.123490665450404,-57.18797675928929
1097,ksqexp,2.25,4,0.5,0.1,-347.33136688361043,-308.9898057016192
1098,ksqexp,2.25,4,0.5,0.05,-491.893265211607,-410.7504149909527
1099,ksqexp,2.25,4,0.5,0.01,-656.0458437932614,-493.8572296982854
1100,ksqexp,2.25,4,0.5,0,-671.4568278501656,-500.85912601357956
1101,ksqexp,2.25,4,1,0.5,-59.903502068013026,-58.20588888445714
1102,ksqexp,2.25,4,1,0.1,-217.05464403619683,-192.05760368224105
1103,ksqexp,2.25,4,1,0.05,-278.0979590621246,-228.57487980763824
1104,ksqexp,2.25,4,1,0.01,-333.5487987660909,-255.05632669145763
1105,ksqexp,2.25,4,1,0,-337.4444457838938,-256.8143662452951
1106,ksqexp,2.25,4,1.5,0.5,-59.8249062342557,-58.72793483772217
1107,ksqexp,2.25,4,1.5,0.1,-163.43942175827266,-144.8349060654377
1108,ksqexp,2.25,4,1.5,0.05,-199.25265588275226,-164.46966736385426
1109,ksqexp,2.25,4,1.5,0.01,-227.1797458127444,-177.48561209951052
1110,ksqexp,2.25,4,1.5,0,-228.8976418434405,-178.25676974757113
1111,ksqexp,2.25,6,0.5,0.5,-51.96202551834737,-50.10404583824253
1112,ksqexp,2.25,6,0.5,0.1,-191.86204723062258,-130.92608749772856
1113,ksqexp,2.25,6,0.5,0.05,-279.64846473772235,-166.4080556042463
1114,ksqexp,2.25,6,0.5,0.01,-365.36493572244626,-195.91098924459035
1115,ksqexp,2.25,6,0.5,0,-371.1786305308367,-197.79347720192075
1116,ksqexp,2.25,6,1,0.5,-51.18189187492421,-49.41821679435012
1117,ksqexp,2.25,6,1,0.1,-127.03300289279898,-87.5043013287647
1118,ksqexp,2.25,6,1,0.05,-164.73953054534888,-101.27675194523862
1119,ksqexp,2.25,6,1,0.01,-190.92328003149163,-109.93260505463057
1120,ksqexp,2.25,6,1,0,-192.36786008841383,-110.39449594755992
1121,ksqexp,2.25,6,1.5,0.5,-50.77292809745904,-49.533206453660114
1122,ksqexp,2.25,6,1.5,0.1,-101.15581457209412,-72.44063619638838
1123,ksqexp,2.25,6,1.5,0.05,-122.47873028781737,-79.83298724303954
1124,ksqexp,2.25,6,1.5,0.01,-134.9223679417141,-83.85233065737985
1125,ksqexp,2.25,6,1.5,0,-135.55492670093136,-84.05215896064794
1126,ksqexp,2.25,8,0.5,0.5,-48.51040183990345,-46.74400328076405
1127,ksqexp,2.25,8,0.5,0.1,-172.70360401853125,-106.94539000813604
1128,ksqexp,2.25,8,0.5,0.05,-260.5218463332182,-139.7048487891504
1129,ksqexp,2.25,8,0.5,0.01,-342.84448724969803,-165.80202980441578
1130,ksqexp,2.25,8,0.5,0,-348.2783586585088,-167.40876522540577
1131,ksqexp,2.25,8,1,0.5,-48.0305945719858,-46.263657623945626
1132,ksqexp,2.25,8,1,0.1,-119.12062783896657,-76.47849671888103
1133,ksqexp,2.25,8,1,0.05,-156.52245378039495,-89.17148183509262
1134,ksqexp,2.25,8,1,0.01,-181.47927153107946,-96.76403117530111
1135,ksqexp,2.25,8,1,0,-182.8330315861257,-97.1601384719392
1136,ksqexp,2.25,8,1.5,0.5,-48.27644710170381,-47.00479165464575
1137,ksqexp,2.25,8,1.5,0.1,-97.02141809041659,-66.05589484288483
1138,ksqexp,2.25,8,1.5,0.05,-118.03419383175955,-72.83677372455128
1139,ksqexp,2.25,8,1.5,0.01,-129.88051723437545,-76.362230638405
1140,ksqexp,2.25,8,1.5,0,-130.47524598913054,-76.53458631899667
1141,ksqexp,2.25,10,0.5,0.5,-47.053225979414854,-45.357838844077605
1142,ksqexp,2.25,10,0.5,0.1,-168.3134587539883,-100.67661882149469
1143,ksqexp,2.25,10,0.5,0.05,-256.33858518481395,-132.43386964803952
1144,ksqexp,2.25,10,0.5,0.01,-338.48236265167884,-157.6635583707863
1145,ksqexp,2.25,10,0.5,0,-343.89959899771196,-159.21896468447827
1146,ksqexp,2.25,10,1,0.5,-46.968827402439324,-45.2141083420774
1147,ksqexp,2.25,10,1,0.1,-117.69685531901446,-73.80905364082092
1148,ksqexp,2.25,10,1,0.05,-155.17308126874053,-86.13513573047533
1149,ksqexp,2.25,10,1,0.01,-180.1002605769008,-93.49879526862655
1150,ksqexp,2.25,10,1,0,-181.45164673483382,-93.88328512149681
1151,ksqexp,2.25,10,1.5,0.5,-47.61056317905804,-46.33086792279698
1152,ksqexp,2.25,10,1.5,0.1,-96.58258526690535,-64.69477170560312
1153,ksqexp,2.25,10,1.5,0.05,-117.65095252739252,-71.29766533728366
1154,ksqexp,2.25,10,1.5,0.01,-129.49849686199525,-74.72761775916062
1155,ksqexp,2.25,10,1.5,0,-130.09298607436938,-74.89538203211443
1156,ksqexp,2.25,25,0.5,0.5,-46.06232872516582,-44.477980966626554
1157,ksqexp,2.25,25,0.5,0.1,-154.52678728221503,-89.55718365650799
1158,ksqexp,2.25,25,0.5,0.05,-228.85249090489003,-113.04424377393879
1159,ksqexp,2.25,25,0.5,0.01,-302.06097233933474,-133.0661792274557
1160,ksqexp,2.25,25,0.5,0,-307.03182616752576,-134.35921361318464
1161,ksqexp,2.25,25,1,0.5,-46.420729065035744,-44.792805525032456
1162,ksqexp,2.25,25,1,0.1,-108.15152585459865,-67.13849965870055
1163,ksqexp,2.25,25,1,0.05,-140.49793234797866,-76.48436320133442
1164,ksqexp,2.25,25,1,0.01,-163.02311984409397,-82.45757207275425
1165,ksqexp,2.25,25,1,0,-164.2652169849264,-82.7782493930424
1166,ksqexp,2.25,25,1.5,0.5,-47.39385337913858,-46.26642952373738
1167,ksqexp,2.25,25,1.5,0.1,-89.68168325929739,-60.30907617772939
1168,ksqexp,2.25,25,1.5,0.05,-108.14736330496281,-65.42340409647318
1169,ksqexp,2.25,25,1.5,0.01,-118.91995287474589,-68.2349821666217
1170,ksqexp,2.25,25,1.5,0,-119.46700401839726,-68.37525141824007
1171,ksqexp,2.5,0.2,0.5,0.5,-70.82736557772344,-70.80376972842797
1172,ksqexp,2.5,0.2,0.5,0.1,-1453.503827410926,-1438.5305638089292
1173,ksqexp,2.5,0.2,0.5,0.05,-5861.408918574017,-5803.7982334448925
1174,ksqexp,2.5,0.2,0.5,0.01,-149759.20898028818,-141752.7026234019
1175,ksqexp,2.5,0.2,0.5,0,-542483049.594192,-679590760.6362712
1176,ksqexp,2.5,0.2,1,0.5,-70.8001333652005,-70.20563889671337
1177,ksqexp,2.5,0.2,1,0.1,-1453.4446381342907,-1442.7593203398867
1178,ksqexp,2.5,0.2,1,0.05,-5852.087648025946,-5762.0665590914
1179,ksqexp,2.5,0.2,1,0.01,-143207.944524933,-135360.7037115046
1180,ksqexp,2.5,0.2,1,0,-271238062.75340325,-339802568.7940095
1181,ksqexp,2.5,0.2,1.5,0.5,-71.00076279968397,-70.14741320632545
1182,ksqexp,2.5,0.2,1.5,0.1,-1449.3945737772517,-1437.7145350349697
1183,ksqexp,2.5,0.2,1.5,0.05,-5873.527384995531,-5758.261199835162
1184,ksqexp,2.5,0.2,1.5,0.01,-136996.86209413668,-130380.86131894514
1185,ksqexp,2.5,0.2,1.5,0,-180824573.24994516,-226536614.0227545
1186,ksqexp,2.5,0.5,0.5,0.5,-68.72065560879389,-67.9724492575901
1187,ksqexp,2.5,0.5,0.5,0.1,-1334.132630633234,-1251.1574321771939
1188,ksqexp,2.5,0.5,0.5,0.05,-5780.297181361866,-5436.996744253773
1189,ksqexp,2.5,0.5,0.5,0.01,-136990.25072484135,-137016.66579696778
1190,ksqexp,2.5,0.5,0.5,0,-44388941.41221677,-28127481.272853494
1191,ksqexp,2.5,0.5,1,0.5,-69.28428179427317,-68.01606689314578
1192,ksqexp,2.5,0.5,1,0.1,-1373.6215758420012,-1287.3891957376784
1193,ksqexp,2.5,0.5,1,0.05,-5973.746287793844,-5660.107331273329
1194,ksqexp,2.5,0.5,1,0.01,-124090.34137285185,-128027.54301037319
1195,ksqexp,2.5,0.5,1,0,-22194446.49421326,-14063705.828003302
1196,ksqexp,2.5,0.5,1.5,0.5,-69.58391943690538,-68.08933797120898
1197,ksqexp,2.5,0.5,1.5,0.1,-1405.6754449411756,-1319.7815916302989
1198,ksqexp,2.5,0.5,1.5,0.05,-6042.503186076763,-5757.128230452306
1199,ksqexp,2.5,0.5,1.5,0.01,-116823.11139123264,-122847.35808512324
1200,ksqexp,2.5,0.5,1.5,0,-14796271.191295655,-9375776.811454993
1201,ksqexp,2.5,1,0.5,0.5,-63.3787605794532,-61.377208455768724
1202,ksqexp,2.5,1,0.5,0.1,-1304.6308502726647,-1201.4130273535798
1203,ksqexp,2.5,1,0.5,0.05,-5024.971892961354,-4670.157443647307
1204,ksqexp,2.5,1,0.5,0.01,-97182.40740097141,-88237.02273313416
1205,ksqexp,2.5,1,0.5,0,-3015357.614320216,-1719053.3881925636
1206,ksqexp,2.5,1,1,0.5,-64.7337768152137,-61.882224388026444
1207,ksqexp,2.5,1,1,0.1,-1297.3000393862817,-1199.8121810122013
1208,ksqexp,2.5,1,1,0.05,-4636.516419810484,-4354.306461466968
1209,ksqexp,2.5,1,1,0.01,-101713.86397645467,-86189.76805603455
1210,ksqexp,2.5,1,1,0,-1507645.4009765962,-859497.5531577799
1211,ksqexp,2.5,1,1.5,0.5,-66.05225054911708,-62.93133757184076
1212,ksqexp,2.5,1,1.5,0.1,-1272.9053496466906,-1180.7483635436145
1213,ksqexp,2.5,1,1.5,0.05,-4377.907227300041,-4141.937965256917
1214,ksqexp,2.5,1,1.5,0.01,-104093.33617681923,-83745.89649390904
1215,ksqexp,2.5,1,1.5,0,-1005077.3919037161,-572981.7023405904
1216,ksqexp,2.5,1.5,0.5,0.5,-61.8354215810758,-59.16137527125152
1217,ksqexp,2.5,1.5,0.5,0.1,-1171.6479069288812,-1056.9984038435177
1218,ksqexp,2.5,1.5,0.5,0.05,-4222.486647240744,-3855.5889022217953
1219,ksqexp,2.5,1.5,0.5,0.01,-99039.63303129765,-79408.60401220471
1220,ksqexp,2.5,1.5,0.5,0,-526376.6342222963,-326911.47101211303
1221,ksqexp,2.5,1.5,1,0.5,-64.69259690523474,-61.34627092362845
1222,ksqexp,2.5,1.5,1,0.1,-1108.7957204498762,-1006.1859527860903
1223,ksqexp,2.5,1.5,1,0.05,-4059.4450440751243,-3733.4037274952657
1224,ksqexp,2.5,1.5,1,0.01,-87484.4808378778,-64823.030859863225
1225,ksqexp,2.5,1.5,1,0,-263165.2353287168,-163437.49925174218
1226,ksqexp,2.5,1.5,1.5,0.5,-66.653656129392715,-63.172091788577546
1227,ksqexp,2.5,1.5,1.5,0.1,-1071.940109682498,-977.427803609591
1228,ksqexp,2.5,1.5,1.5,0.05,-4016.70611799326,-3696.383822156047
1229,ksqexp,2.5,1.5,1.5,0.01,-76412.53711165952,-54342.54091666078
1230,ksqexp,2.5,1.5,1.5,0,-175430.8909343397,-108948.96491292566
1231,ksqexp,2.5,2,0.5,0.5,-62.1108182760319,-59.38557648652859
1232,ksqexp,2.5,2,0.5,0.1,-1104.5083026232057,-1007.6089475739346
1233,ksqexp,2.5,2,0.5,0.05,-4042.3617886724846,-3851.750063145594
1234,ksqexp,2.5,2,0.5,0.01,-41569.81027288991,-36218.98843890014
1235,ksqexp,2.5,2,0.5,0,-67236.96458324796,-54499.12187707784
1236,ksqexp,2.5,2,1,0.5,-65.38367860162919,-62.12978063689154
1237,ksqexp,2.5,2,1,0.1,-1054.821624106756,-984.6439040331448
1238,ksqexp,2.5,2,1,0.05,-3793.7658911220974,-3661.6060901490287
1239,ksqexp,2.5,2,1,0.01,-25639.86877369,-21700.414359287835
1240,ksqexp,2.5,2,1,0,-33602.60361658066,-27238.528311877908
1241,ksqexp,2.5,2,1.5,0.5,-67.29116751265204,-64.00111458509186
1242,ksqexp,2.5,2,1.5,0.1,-1027.3842048720396,-973.3523525179625
1243,ksqexp,2.5,2,1.5,0.05,-3594.703026093698,-3462.8784031948744
1244,ksqexp,2.5,2,1.5,0.01,-18538.72306008129,-15500.45405697989
1245,ksqexp,2.5,2,1.5,0,-22393.940570458122,-18154.454415184413
1246,ksqexp,2.5,2.5,0.5,0.5,-62.58823341857061,-60.0380869247725
1247,ksqexp,2.5,2.5,0.5,0.1,-1030.3117908161068,-978.5790141469253
1248,ksqexp,2.5,2.5,0.5,0.05,-3197.6737167750807,-3219.0244895619066
1249,ksqexp,2.5,2.5,0.5,0.01,-11051.93239017431,-11119.855413155337
1250,ksqexp,2.5,2.5,0.5,0,-12724.03721773656,-12550.982646238197
1251,ksqexp,2.5,2.5,1,0.5,-65.83474352857262,-62.933192962258005
1252,ksqexp,2.5,2.5,1,0.1,-932.7420320953429,-917.6139037671776
1253,ksqexp,2.5,2.5,1,0.05,-2500.722677989952,-2557.131796620671
1254,ksqexp,2.5,2.5,1,0.01,-5884.130441948029,-5880.109994002399
1255,ksqexp,2.5,2.5,1,0,-6350.969355507524,-6269.476810222071
1256,ksqexp,2.5,2.5,1.5,0.5,-67.59190094798413,-64.82042570411268
1257,ksqexp,2.5,2.5,1.5,0.1,-859.4454088678141,-860.950127197992
1258,ksqexp,2.5,2.5,1.5,0.05,-2061.545029430521,-2116.672741173782
1259,ksqexp,2.5,2.5,1.5,0.01,-4012.9333085492863,-3999.782141510104
1260,ksqexp,2.5,2.5,1.5,0,-4229.404055793607,-4178.4321863857285
1261,ksqexp,2.5,3,0.5,0.5,-62.639439211772924,-60.33500152326406
1262,ksqexp,2.5,3,0.5,0.1,-867.7106002482429,-846.6890852493807
1263,ksqexp,2.5,3,0.5,0.05,-2016.2013539706306,-2060.595618806049
1264,ksqexp,2.5,3,0.5,0.01,-4006.7435103883786,-3939.3962130846908
1265,ksqexp,2.5,3,0.5,0,-4336.2716728801315,-4163.773936229708
1266,ksqexp,2.5,3,1,0.5,-65.59758508645697,-63.163693326046506
1267,ksqexp,2.5,3,1,0.1,-695.6615947608838,-701.4729356859639
1268,ksqexp,2.5,3,1,0.05,-1314.170900637829,-1353.7260681458342
1269,ksqexp,2.5,3,1,0.01,-2069.8845752897946,-2019.563160360915
1270,ksqexp,2.5,3,1,0,-2160.5531250326508,-2079.5834593552213
1271,ksqexp,2.5,3,1.5,0.5,-67.08546052170826,-65.00598218168041
1272,ksqexp,2.5,3,1.5,0.1,-584.7246340904527,-598.5840432255019
1273,ksqexp,2.5,3,1.5,0.05,-982.7639206136154,-1012.4146388869473
1274,ksqexp,2.5,3,1.5,0.01,-1396.4251867031624,-1360.33295666243
1275,ksqexp,2.5,3,1.5,0,-1438.1042653931452,-1387.6439568714604
1276,ksqexp,2.5,3.5,0.5,0.5,-61.90817729413657,-59.84011310785912
1277,ksqexp,2.5,3.5,0.5,0.1,-663.2753738227975,-640.0322197477375
1278,ksqexp,2.5,3.5,0.5,0.05,-1221.7890390335735,-1179.1989494225263
1279,ksqexp,2.5,3.5,0.5,0.01,-2093.6909385620615,-1775.64804177982
1280,ksqexp,2.5,3.5,0.5,0,-2238.875311284484,-1849.1479074490862
1281,ksqexp,2.5,3.5,1,0.5,-64.25814925262829,-62.24938871894964
1282,ksqexp,2.5,3.5,1,0.1,-472.58955831415693,-463.61381301478235
1283,ksqexp,2.5,3.5,1,0.05,-737.2527581903868,-697.9708568984311
1284,ksqexp,2.5,3.5,1,0.01,-1075.541484790466,-905.6564060552918
1285,ksqexp,2.5,3.5,1,0,-1114.586601503537,-925.1611695640785
1286,ksqexp,2.5,3.5,1.5,0.5,-65.25660948992932,-63.75919561951794
1287,ksqexp,2.5,3.5,1.5,0.1,-372.30608045686313,-366.5037372097348
1288,ksqexp,2.5,3.5,1.5,0.05,-537.3767034078593,-502.03377078673645
1289,ksqexp,2.5,3.5,1.5,0.01,-724.8604964797354,-611.1325206290048
1290,ksqexp,2.5,3.5,1.5,0,-742.6143548185274,-619.9562469413488
1291,ksqexp,2.5,4,0.5,0.5,-60.44670667654129,-58.5382150097174
1292,ksqexp,2.5,4,0.5,0.1,-495.1931466183171,-454.009966425521
1293,ksqexp,2.5,4,0.5,0.05,-812.307653953398,-701.8918803951866
1294,ksqexp,2.5,4,0.5,0.01,-1345.6700363150428,-977.6659470023471
1295,ksqexp,2.5,4,0.5,0,-1423.580352341569,-1012.0350436220152
1296,ksqexp,2.5,4,1,0.5,-62.0036791316356,-60.222995240636145
1297,ksqexp,2.5,4,1,0.1,-330.00752158229056,-300.4408476034807
1298,ksqexp,2.5,4,1,0.05,-482.4587217069931,-401.0937167438749
1299,ksqexp,2.5,4,1,0.01,-688.7774967084496,-499.9976604020443
1300,ksqexp,2.5,4,1,0,-709.2425226525861,-508.9715141866742
1301,ksqexp,2.5,4,1.5,0.5,-62.43744213680371,-61.20082345298799
1302,ksqexp,2.5,4,1.5,0.1,-253.993401624509,-229.36762816889066
1303,ksqexp,2.5,4,1.5,0.05,-351.9038575375384,-287.61356652925946
1304,ksqexp,2.5,4,1.5,0.01,-464.70803379780966,-340.0477888965647
1305,ksqexp,2.5,4,1.5,0,-473.9205694250491,-344.0743277653776
1306,ksqexp,2.5,6,0.5,0.5,-53.5090414840356,-51.6019920287329
1307,ksqexp,2.5,6,0.5,0.1,-254.85978546846474,-172.68072243147054
1308,ksqexp,2.5,6,0.5,0.05,-419.6965762876464,-242.1338561919647
1309,ksqexp,2.5,6,0.5,0.01,-659.5590421801385,-326.1978652486329
1310,ksqexp,2.5,6,0.5,0,-681.4215378872487,-333.26622834376326
1311,ksqexp,2.5,6,1,0.5,-53.15233702673319,-51.14742082178337
1312,ksqexp,2.5,6,1,0.1,-173.16489918186738,-114.50831119983195
1313,ksqexp,2.5,6,1,0.05,-256.22719194599904,-146.1982628542637
1314,ksqexp,2.5,6,1,0.01,-338.70851055000463,-173.98961615210533
1315,ksqexp,2.5,6,1,0,-344.2553939382317,-175.76960930725568
1316,ksqexp,2.5,6,1.5,0.5,-52.7596867034839,-51.16928755795074
1317,ksqexp,2.5,6,1.5,0.1,-138.27901653619924,-92.54463773013825
1318,ksqexp,2.5,6,1.5,0.05,-190.4531520544257,-111.48977382995886
1319,ksqexp,2.5,6,1.5,0.01,-232.19501077792876,-125.2758310065488
1320,ksqexp,2.5,6,1.5,0,-234.65733602956928,-126.06139305351454
1321,ksqexp,2.5,8,0.5,0.5,-49.59210288942453,-47.66754298603196
1322,ksqexp,2.5,8,0.5,0.1,-221.98535053609825,-132.34363241265575
1323,ksqexp,2.5,8,0.5,0.05,-382.69484459408073,-194.19683526470246
1324,ksqexp,2.5,8,0.5,0.01,-600.3412901985861,-262.651905250864
1325,ksqexp,2.5,8,0.5,0,-619.1682746249984,-267.9806419899695
1326,ksqexp,2.5,8,1,0.5,-49.25862684095141,-47.12826760341153
1327,ksqexp,2.5,8,1,0.1,-157.8572375295124,-94.59682267605442
1328,ksqexp,2.5,8,1,0.05,-237.4182954188315,-122.41099561588747
1329,ksqexp,2.5,8,1,0.01,-310.86975223876897,-144.42610696781637
1330,ksqexp,2.5,8,1,0,-315.64414834568123,-145.76746295169738
1331,ksqexp,2.5,8,1.5,0.5,-49.38880477393755,-47.65830881789213
1332,ksqexp,2.5,8,1.5,0.1,-129.11211705934818,-80.15310484387392
1333,ksqexp,2.5,8,1.5,0.05,-178.26435372079504,-96.4329579113874
1334,ksqexp,2.5,8,1.5,0.01,-215.1392194846471,-107.22764759415699
1335,ksqexp,2.5,8,1.5,0,-217.26009633059311,-107.82039336612435
1336,ksqexp,2.5,10,0.5,0.5,-47.74423791034434,-45.85399411216699
1337,ksqexp,2.5,10,0.5,0.1,-214.07391739478672,-122.086327827675
1338,ksqexp,2.5,10,0.5,0.05,-372.13243595644894,-180.45858946974326
1339,ksqexp,2.5,10,0.5,0.01,-583.9495984694073,-243.92573523468224
1340,ksqexp,2.5,10,0.5,0,-602.2681045281699,-248.87432099425453
1341,ksqexp,2.5,10,1,0.5,-47.797584354714836,-45.649576420504125
1342,ksqexp,2.5,10,1,0.1,-154.31159523561598,-89.66181630253142
1343,ksqexp,2.5,10,1,0.05,-232.132072144742,-115.67121665985354
1344,ksqexp,2.5,10,1,0.01,-303.6252909945241,-136.09490719404494
1345,ksqexp,2.5,10,1,0,-308.2734064094411,-137.34217975193474
1346,ksqexp,2.5,10,1.5,0.5,-48.382633735902104,-46.62770963802952
1347,ksqexp,2.5,10,1.5,0.1,-127.0897110036491,-77.19511686393
1348,ksqexp,2.5,10,1.5,0.05,-175.08606006183237,-92.37383787430049
1349,ksqexp,2.5,10,1.5,0.01,-210.99989807151914,-102.40363917426794
1350,ksqexp,2.5,10,1.5,0,-213.0658304484952,-102.95545609879751
1351,ksqexp,2.5,25,0.5,0.5,-46.27542604332719,-44.45439873779838
1352,ksqexp,2.5,25,0.5,0.1,-195.8777831032232,-105.60528265627819
1353,ksqexp,2.5,25,0.5,0.05,-324.0537218610943,-145.99766880467098
1354,ksqexp,2.5,25,0.5,0.01,-509.11122282371196,-194.26254607431886
1355,ksqexp,2.5,25,0.5,0,-525.9857921181374,-198.3669287951664
1356,ksqexp,2.5,25,1,0.5,-46.928162679268844,-44.86130944969688
1357,ksqexp,2.5,25,1,0.1,-139.27135674186906,-78.37497465691916
1358,ksqexp,2.5,25,1,0.05,-203.56765094334725,-96.67285636499358
1359,ksqexp,2.5,25,1,0.01,-267.4363691497844,-112.76236119868432
1360,ksqexp,2.5,25,1,0,-271.72698005738175,-113.80086043374442
1361,ksqexp,2.5,25,1.5,0.5,-47.98197524420947,-46.33639581246723
1362,ksqexp,2.5,25,1.5,0.1,-114.93425310666126,-68.92862164910375
1363,ksqexp,2.5,25,1.5,0.05,-155.4431522078166,-79.90585455393492
1364,ksqexp,2.5,25,1.5,0.01,-187.85572512027426,-87.9424407817768
1365,ksqexp,2.5,25,1.5,0,-189.7646994507257,-88.40282774186812
1366,kexp,1,0.2,0.5,0.5,-58.97719166197274,-59.156297432604376
1367,kexp,1,0.2,0.5,0.1,-186.0764894650201,-186.16752594446226
1368,kexp,1,0.2,0.5,0.05,-220.89367082054912,-220.96183434179383
1369,kexp,1,0.2,0.5,0.01,-235.99630612791483,-236.05608430884496
1370,kexp,1,0.2,0.5,0,-236.68266799213075,-236.74208576252087
1371,kexp,1,0.2,1,0.5,-56.269122930990065,-56.391005077586485
1372,kexp,1,0.2,1,0.1,-116.23639430904412,-116.30954990873177
1373,kexp,1,0.2,1,0.05,-126.34976110755635,-126.41695996542224
1374,kexp,1,0.2,1,0.01,-130.17747115182792,-130.2426298390933
1375,kexp,1,0.2,1,0,-130.3443393621212,-130.40941168383648
1376,kexp,1,0.2,1.5,0.5,-55.291098434015844,-55.39047206821961
1377,kexp,1,0.2,1.5,0.1,-91.28892924936879,-91.35939460558448
1378,kexp,1,0.2,1.5,0.05,-95.94228881330402,-96.01015407422283
1379,kexp,1,0.2,1.5,0.01,-97.61691486765875,-97.6839087477948
1380,kexp,1,0.2,1.5,0,-97.68888658474145,-97.75584375689886
1381,kexp,1,0.5,0.5,0.5,-53.68612699758464,-53.699540703386845
1382,kexp,1,0.5,0.5,0.1,-105.10863492645623,-104.62733445943087
1383,kexp,1,0.5,0.5,0.05,-112.4480824790544,-111.91732631338238
1384,kexp,1,0.5,0.5,0.01,-115.14426298068331,-114.59631283535647
1385,kexp,1,0.5,0.5,0,-115.26081511061103,-114.71213279851959
1386,kexp,1,0.5,1,0.5,-51.47963054184932,-51.48903592519251
1387,kexp,1,0.5,1,0.1,-70.60159439756845,-70.4348872195232
1388,kexp,1,0.5,1,0.05,-72.42933472224462,-72.25068287267
1389,kexp,1,0.5,1,0.01,-73.06021388376732,-72.87756318456672
1390,kexp,1,0.5,1,0,-73.08702171768103,-72.90420245217986
1391,kexp,1,0.5,1.5,0.5,-51.19102431703547,-51.222048262659996
1392,kexp,1,0.5,1.5,0.1,-60.79004982502021,-60.73581217874217
1393,kexp,1,0.5,1.5,0.05,-61.551560625300255,-61.49239363479278
1394,kexp,1,0.5,1.5,0.01,-61.80887505625856,-61.74807860006401
1395,kexp,1,0.5,1.5,0,-61.81974735330843,-61.75888243667157
1396,kexp,1,1,0.5,0.5,-49.53327721834712,-49.45342485926381
1397,kexp,1,1,0.5,0.1,-74.07151943839209,-73.41265736039622
1398,kexp,1,1,0.5,0.05,-76.45365609300103,-75.75040858539404
1399,kexp,1,1,0.5,0.01,-77.2774727030097,-76.55927671253652
1400,kexp,1,1,0.5,0,-77.31249737032567,-76.59367029747922
1401,kexp,1,1,1,0.5,-48.23089797109898,-48.202402706648016
1402,kexp,1,1,1,0.1,-55.31798738082964,-55.1188206826959
1403,kexp,1,1,1,0.05,-55.831116486017784,-55.622529828307755
1404,kexp,1,1,1,0.01,-56.00290549351079,-55.791218722581704
1405,kexp,1,1,1,0,-56.01014647483729,-55.798329607095674
1406,kexp,1,1,1.5,0.5,-48.74136931391245,-48.77049272894066
1407,kexp,1,1,1.5,0.1,-51.454641681383144,-51.41628435046547
1408,kexp,1,1,1.5,0.05,-51.63698386069285,-51.595302273469215
1409,kexp,1,1,1.5,0.01,-51.69747592850579,-51.65470797017041
1410,kexp,1,1,1.5,0,-51.700019609706395,-51.65720614366721
1411,kexp,1,1.5,0.5,0.5,-47.68137282159521,-47.574260342892224
1412,kexp,1,1.5,0.5,0.1,-63.55877806233808,-62.792236555857045
1413,kexp,1,1.5,0.5,0.05,-64.86829678349976,-64.05274079593997
1414,kexp,1,1.5,0.5,0.01,-65.31245648505403,-64.48046291977828
1415,kexp,1,1.5,0.5,0,-65.33124226943686,-64.49855555558435
1416,kexp,1,1.5,1,0.5,-46.876139186429626,-46.8414793345537
1417,kexp,1,1.5,1,0.1,-50.54481542664103,-50.32588658459374
1418,kexp,1,1.5,1,0.05,-50.79127446846368,-50.56244328413747
1419,kexp,1,1.5,1,0.01,-50.873092284251975,-50.64101021153926
1420,kexp,1,1.5,1,0,-50.87653332389175,-50.64431491474302
1421,kexp,1,1.5,1.5,0.5,-47.825372706781955,-47.86447448848765
1422,kexp,1,1.5,1.5,0.1,-48.755194979495435,-48.72746366688693
1423,kexp,1,1.5,1.5,0.05,-48.824885612084856,-48.7939220432434
1424,kexp,1,1.5,1.5,0.01,-48.84798283989985,-48.815964689579715
1425,kexp,1,1.5,1.5,0,-48.848953775427844,-48.81689146784798
1426,kexp,1,2,0.5,0.5,-46.59229285579732,-46.48843700397936
1427,kexp,1,2,0.5,0.1,-58.23103692667073,-57.427184484338994
1428,kexp,1,2,0.5,0.05,-59.11421163207507,-58.258095947695395
1429,kexp,1,2,0.5,0.01,-59.41111999051579,-58.53748462324445
1430,kexp,1,2,0.5,0,-59.42364838574144,-58.54927433137064
1431,kexp,1,2,1,0.5,-46.1044219255763,-46.08032411463713
1432,kexp,1,2,1,0.1,-48.223242760564055,-48.00886843288892
1433,kexp,1,2,1,0.05,-48.36704118451708,-48.142394205342924
1434,kexp,1,2,1,0.01,-48.414663827893484,-48.186644776013516
1435,kexp,1,2,1,0,-48.41666542283159,-48.18850495717463
1436,kexp,1,2,1.5,0.5,-47.336296546898446,-47.39300748145449
1437,kexp,1,2,1.5,0.1,-47.5013653927655,-47.492885699181535
1438,kexp,1,2,1.5,0.05,-47.52876166679466,-47.517090781537114
1439,kexp,1,2,1.5,0.01,-47.53794098157844,-47.52522865510291
1440,kexp,1,2,1.5,0,-47.53832786858695,-47.52557193250229
1441,kexp,1,2.5,0.5,0.5,-45.83041329583228,-45.744342792796175
1442,kexp,1,2.5,0.5,0.1,-54.94143192050236,-54.14628550734936
1443,kexp,1,2.5,0.5,0.05,-55.6024955170702,-54.75364798512945
1444,kexp,1,2.5,0.5,0.01,-55.823705044375615,-54.956844598576055
1445,kexp,1,2.5,0.5,0,-55.833027866032886,-54.96540781937581
1446,kexp,1,2.5,1,0.5,-45.569655615076556,-45.56425898812299
1447,kexp,1,2.5,1,0.1,-46.80921789762467,-46.61508577337997
1448,kexp,1,2.5,1,0.05,-46.90047196106525,-46.696000120852545
1449,kexp,1,2.5,1,0.01,-46.93071509655583,-46.722847190791235
1450,kexp,1,2.5,1,0,-46.93198642273664,-46.72397607622569
1451,kexp,1,2.5,1.5,0.5,-47.00150845020185,-47.07898084300089
1452,kexp,1,2.5,1.5,0.1,-46.747285754545786,-46.76327934779576
1453,kexp,1,2.5,1.5,0.05,-46.75334385420068,-46.76625310318446
1454,kexp,1,2.5,1.5,0.01,-46.75553535942407,-46.76743711092322
1455,kexp,1,2.5,1.5,0,-46.755629375033735,-46.767488928572554
1456,kexp,1,3,0.5,0.5,-45.26863415110051,-45.205526564052924
1457,kexp,1,3,0.5,0.1,-52.73814303255706,-51.974245445404115
1458,kexp,1,3,0.5,0.05,-53.267541880421376,-52.449647665674895
1459,kexp,1,3,0.5,0.01,-53.444242949751604,-52.608219932225644
1460,kexp,1,3,0.5,0,-53.451685010001334,-52.61489732516255
1461,kexp,1,3,1,0.5,-45.17637035572779,-45.19184999850706
1462,kexp,1,3,1,0.1,-45.86333036133426,-45.695575806661964
1463,kexp,1,3,1,0.05,-45.92374958831959,-45.74577389192538
1464,kexp,1,3,1,0.01,-45.94383816965048,-45.76250268739444
1465,kexp,1,3,1,0,-45.944683288815064,-45.763206859267484
1466,kexp,1,3,1.5,0.5,-46.75358782867285,-46.85138504213568
1467,kexp,1,3,1.5,0.1,-46.241309394440904,-46.2822142628405
1468,kexp,1,3,1.5,0.05,-46.23494584715988,-46.27290887814146
1469,kexp,1,3,1.5,0.01,-46.233081968332606,-46.270082930891704
1470,kexp,1,3,1.5,0,-46.23300614848445,-46.26996680403501
1471,kexp,1,3.5,0.5,0.5,-44.85312452120186,-44.81327153974555
1472,kexp,1,3.5,0.5,0.1,-51.21743523820306,-50.49304609739986
1473,kexp,1,3.5,0.5,0.05,-51.66356973053771,-50.885516128386634
1474,kexp,1,3.5,0.5,0.01,-51.812272928402315,-51.016184956678835
1475,kexp,1,3.5,0.5,0,-51.81853353741859,-51.02168469830988
1476,kexp,1,3.5,1,0.5,-44.88600649415522,-44.92142552015448
1477,kexp,1,3.5,1,0.1,-45.209127931339346,-45.06834398192552
1478,kexp,1,3.5,1,0.05,-45.250171420874494,-45.09937541725993
1479,kexp,1,3.5,1,0.01,-45.263897365149944,-45.10980762930185
1480,kexp,1,3.5,1,0,-45.264475627000486,-45.11024768656487
1481,kexp,1,3.5,1.5,0.5,-46.56901463667775,-46.68498217060051
1482,kexp,1,3.5,1.5,0.1,-45.88915183160472,-45.95287324824752
1483,kexp,1,3.5,1.5,0.05,-45.875022303830015,-45.93595328931428
1484,kexp,1,3.5,1.5,0.01,-45.8706281538569,-45.93064547061781
1485,kexp,1,3.5,1.5,0,-45.87044642359403,-45.93042544938385
1486,kexp,1,4,0.5,0.5,-44.548286654463716,-44.52977456114475
1487,kexp,1,4,0.5,0.1,-50.15450014596964,-49.47038351630096
1488,kexp,1,4,0.5,0.05,-50.545968987463965,-49.8088252663497
1489,kexp,1,4,0.5,0.01,-50.67635666640949,-49.92137721767293
1490,kexp,1,4,0.5,0,-50.681845120526205,-49.92611301844602
1491,kexp,1,4,1,0.5,-44.67336470256709,-44.72651019359325
1492,kexp,1,4,1,0.1,-44.75086205292449,-44.635049361029374
1493,kexp,1,4,1,0.05,-44.779243086929334,-44.65366011123979
1494,kexp,1,4,1,0.01,-44.788818980731634,-44.66001936821491
1495,kexp,1,4,1,0,-44.78922327056041,-44.660288662537496
1496,kexp,1,4,1.5,0.5,-46.43304041518483,-46.56452240898143
1497,kexp,1,4,1.5,0.1,-45.64114804342569,-45.72469451573695
1498,kexp,1,4,1.5,0.05,-45.62196250144997,-45.70286386167739
1499,kexp,1,4,1.5,0.01,-45.61592331662981,-45.69595755760104
1500,kexp,1,4,1.5,0,-45.61567275397233,-45.69567064396958
1501,kexp,1,6,0.5,0.5,-43.96449427155648,-44.00463221257232
1502,kexp,1,6,0.5,0.1,-48.224016848997756,-47.66343932733092
1503,kexp,1,6,0.5,0.05,-48.52328916961345,-47.9125335317654
1504,kexp,1,6,0.5,0.01,-48.622914385674015,-47.99523950641138
1505,kexp,1,6,0.5,0,-48.62710733243092,-47.99871802785596
1506,kexp,1,6,1,0.5,-44.26770318301156,-44.36807690132416
1507,kexp,1,6,1,0.1,-43.91802569612182,-43.87218192201195
1508,kexp,1,6,1,0.05,-43.92521376524954,-43.870443545423555
1509,kexp,1,6,1,0.01,-43.92785940889177,-43.870143738359175
1510,kexp,1,6,1,0,-43.927973346816195,-43.87013399183539
1511,kexp,1,6,1.5,0.5,-46.17290219921876,-46.34387120658629
1512,kexp,1,6,1.5,0.1,-45.18897001964677,-45.324284060153346
1513,kexp,1,6,1.5,0.05,-45.161384563740164,-45.2944869569309
1514,kexp,1,6,1.5,0.01,-45.15261680419891,-45.28499130998783
1515,kexp,1,6,1.5,0,-45.15225211834673,-45.28459607989835
1516,kexp,1,8,0.5,0.5,-43.80163004809377,-43.86922174160638
1517,kexp,1,8,0.5,0.1,-47.70112619322156,-47.203119368974946
1518,kexp,1,8,0.5,0.05,-47.97689512666862,-47.43045586260165
1519,kexp,1,8,0.5,0.01,-48.06870816803511,-47.50591798070049
1520,kexp,1,8,0.5,0,-48.072572445998745,-47.50909161438742
1521,kexp,1,8,1,0.5,-44.156505960734385,-44.27881246178621
1522,kexp,1,8,1,0.1,-43.69628117228654,-43.68431048452992
1523,kexp,1,8,1,0.05,-43.698178353246554,-43.67775431127916
1524,kexp,1,8,1,0.01,-43.69909753352484,-43.67588074827352
1525,kexp,1,8,1,0,-43.699139178589746,-43.675805085502105
1526,kexp,1,8,1.5,0.5,-46.103550461788714,-46.29243645217179
1527,kexp,1,8,1.5,0.1,-45.071439454017145,-45.23082355152238
1528,kexp,1,8,1.5,0.05,-45.04180845387313,-45.199206171108386
1529,kexp,1,8,1.5,0.01,-45.03237727841093,-45.189119616776054
1530,kexp,1,8,1.5,0,-45.03198485618927,-45.188699675943866
1531,kexp,1,10,0.5,0.5,-43.75307280843671,-43.833353770030044
1532,kexp,1,10,0.5,0.1,-47.543011359266394,-47.07462403919413
1533,kexp,1,10,0.5,0.05,-47.81177462985461,-47.29582438263957
1534,kexp,1,10,0.5,0.01,-47.901263233002666,-47.36924596308185
1535,kexp,1,10,0.5,0,-47.90502976397733,-47.372333738603274
1536,kexp,1,10,1,0.5,-44.12561517875913,-44.25834963398847
1537,kexp,1,10,1,0.1,-43.63348799351428,-43.637860794794
1538,kexp,1,10,1,0.05,-43.63388269821369,-43.6300413630143
1539,kexp,1,10,1,0.01,-43.63431212398492,-43.62775536253608
1540,kexp,1,10,1,0,-43.63433326693208,-43.627662427266344
1541,kexp,1,10,1.5,0.5,-46.08668991608284,-46.2842726757137
1542,kexp,1,10,1.5,0.1,-45.04160609624932,-45.212792312324005
1543,kexp,1,10,1.5,0.05,-45.01143161468641,-45.18074672013272
1544,kexp,1,10,1.5,0.01,-45.00182431866823,-45.17052117647203
1545,kexp,1,10,1.5,0,-45.00142453465297,-45.17009542355767
1546,kexp,1,25,0.5,0.5,-43.75196264898303,-43.85203222691339
1547,kexp,1,25,0.5,0.1,-47.49259727256018,-47.07293105945792
1548,kexp,1,25,0.5,0.05,-47.757985182431305,-47.29236040549547
1549,kexp,1,25,0.5,0.01,-47.846351687071845,-47.36518732807299
1550,kexp,1,25,0.5,0,-47.85007100954503,-47.36825002253916
1551,kexp,1,25,1,0.5,-44.1358610930846,-44.2868638298779
1552,kexp,1,25,1,0.1,-43.63476583697288,-43.66890206106971
1553,kexp,1,25,1,0.05,-43.63469218109422,-43.6611060029546
1554,kexp,1,25,1,0.01,-43.634968472046985,-43.65882637634546
1555,kexp,1,25,1,0,-43.63498319964713,-43.6587336948105
1556,kexp,1,25,1.5,0.5,-46.106210444061674,-46.320421919106494
1557,kexp,1,25,1.5,0.1,-45.06083642026185,-45.255282282076415
1558,kexp,1,25,1.5,0.05,-45.03062909284759,-45.22346109098733
1559,kexp,1,25,1.5,0.01,-45.02101093663115,-45.21330775879376
1560,kexp,1,25,1.5,0,-45.020610696417215,-45.21288501897133
1561,kexp,1.25,0.2,0.5,0.5,-60.32539971454167,-60.55262523427684
1562,kexp,1.25,0.2,0.5,0.1,-215.82469060580152,-215.867359760626
1563,kexp,1.25,0.2,0.5,0.05,-265.9839138480708,-265.9875389770671
1564,kexp,1.25,0.2,0.5,0.01,-289.11815247176963,-289.10830823716174
1565,kexp,1.25,0.2,0.5,0,-290.1909480263038,-290.1805418814547
1566,kexp,1.25,0.2,1,0.5,-57.36393801184168,-57.51246263785154
1567,kexp,1.25,0.2,1,0.1,-134.30094768938844,-134.35464712091462
1568,kexp,1.25,0.2,1,0.05,-149.48705151553185,-149.53081321315656
1569,kexp,1.25,0.2,1,0.01,-155.44645538727286,-155.48696899549566
1570,kexp,1.25,0.2,1,0,-155.70901729927775,-155.74939575562186
1571,kexp,1.25,0.2,1.5,0.5,-56.13401690031722,-56.252788188258634
1572,kexp,1.25,0.2,1.5,0.1,-103.79071934829888,-103.85376851367216
1573,kexp,1.25,0.2,1.5,0.05,-110.92454352456993,-110.98329483007623
1574,kexp,1.25,0.2,1.5,0.01,-113.55835579081871,-113.61572015399686
1575,kexp,1.25,0.2,1.5,0,-113.67236382245503,-113.72967047919752
1576,kexp,1.25,0.5,0.5,0.5,-55.150223784767775,-55.140074342614795
1577,kexp,1.25,0.5,0.5,0.1,-122.06838749036068,-121.22445858621762
1578,kexp,1.25,0.5,0.5,0.05,-133.11973585902177,-132.1861047683654
1579,kexp,1.25,0.5,0.5,0.01,-137.30029458379033,-136.3350491227711
1580,kexp,1.25,0.5,0.5,0,-137.4825351116078,-136.51593829870558
1581,kexp,1.25,0.5,1,0.5,-52.575316409242646,-52.55384617092088
1582,kexp,1.25,0.5,1,0.1,-79.08897573378192,-78.75781420634034
1583,kexp,1.25,0.5,1,0.05,-81.94467183958977,-81.59121851900338
1584,kexp,1.25,0.5,1,0.01,-82.94589350406999,-82.5849244795011
1585,kexp,1.25,0.5,1,0,-82.98861798005396,-82.62733154538455
1586,kexp,1.25,0.5,1.5,0.5,-51.93168278884307,-51.94092727166266
1587,kexp,1.25,0.5,1.5,0.1,-65.95416264317399,-65.80736035753837
1588,kexp,1.25,0.5,1.5,0.05,-67.1787957594242,-67.02254800070892
1589,kexp,1.25,0.5,1.5,0.01,-67.59692008849403,-67.43753571932206
1590,kexp,1.25,0.5,1.5,0,-67.61463570273132,-67.45511939414112
1591,kexp,1.25,1,0.5,0.5,-50.78429665474186,-50.63494864964411
1592,kexp,1.25,1,0.5,0.1,-84.36039238123969,-83.26534506490671
1593,kexp,1.25,1,0.5,0.05,-88.02009666278946,-86.84966254313196
1594,kexp,1.25,1,0.5,0.01,-89.30518623958383,-88.10922464419968
1595,kexp,1.25,1,0.5,0,-89.36004790481691,-88.16300702489046
1596,kexp,1.25,1,1,0.5,-49.114941451978304,-49.033914063964836
1597,kexp,1.25,1,1,0.1,-59.87855893737808,-59.504579539151436
1598,kexp,1.25,1,1,0.05,-60.71423092729748,-60.32365690270815
1599,kexp,1.25,1,1,0.01,-60.99603693443616,-60.59998709825705
1600,kexp,1.25,1,1,0,-61.00793781933443,-60.61165802899356
1601,kexp,1.25,1,1.5,0.5,-49.24645748691887,-49.248867768794966
1602,kexp,1.25,1,1.5,0.1,-53.91721257516507,-53.7961112261372
1603,kexp,1.25,1,1.5,0.05,-54.23695370911233,-54.10969416474552
1604,kexp,1.25,1,1.5,0.01,-54.34341048740127,-54.214135517871874
1605,kexp,1.25,1,1.5,0,-54.34789122418209,-54.2185317970378
1606,kexp,1.25,1.5,0.5,0.5,-48.7812065525314,-48.58777263098363
1607,kexp,1.25,1.5,0.5,0.1,-71.09748361360361,-69.8357087253956
1608,kexp,1.25,1.5,0.5,0.05,-73.1164417174287,-71.77270478978159
1609,kexp,1.25,1.5,0.5,0.01,-73.80816693285801,-72.43684020513993
1610,kexp,1.25,1.5,0.5,0,-73.83750192670898,-72.46501062222437
1611,kexp,1.25,1.5,1,0.5,-47.61806172972331,-47.52604526893581
1612,kexp,1.25,1.5,1,0.1,-53.67083934194988,-53.26509976443909
1613,kexp,1.25,1.5,1,0.05,-54.088065534467866,-53.665152137063686
1614,kexp,1.25,1.5,1,0.01,-54.22709839332749,-53.798537421246216
1615,kexp,1.25,1.5,1,0,-54.23295156049027,-53.80415363529068
1616,kexp,1.25,1.5,1.5,0.5,-48.193080756670405,-48.209232945741284
1617,kexp,1.25,1.5,1.5,0.1,-50.30092669100019,-50.19465220042731
1618,kexp,1.25,1.5,1.5,0.05,-50.44059093839988,-50.32837763154004
1619,kexp,1.25,1.5,1.5,0.01,-50.48681566070784,-50.37266339740525
1620,kexp,1.25,1.5,1.5,0,-50.48875820512241,-50.374524739686024
1621,kexp,1.25,2,0.5,0.5,-47.58429755730648,-47.389969218857104
1622,kexp,1.25,2,0.5,0.1,-64.22212944402908,-62.889144483510876
1623,kexp,1.25,2,0.5,0.05,-65.58220407653245,-64.161962796795
1624,kexp,1.25,2,0.5,0.01,-66.04283398371359,-64.59325583362093
1625,kexp,1.25,2,0.5,0,-66.06230865548812,-64.61149260061254
1626,kexp,1.25,2,1,0.5,-46.747941581864744,-46.669101451530814
1627,kexp,1.25,2,1,0.1,-50.60137045581814,-50.197741121458805
1628,kexp,1.25,2,1,0.05,-50.8561846367915,-50.43478911305626
1629,kexp,1.25,2,1,0.01,-50.940685227877786,-50.51345072316704
1630,kexp,1.25,2,1,0,-50.94423811146767,-50.51675866142799
1631,kexp,1.25,2,1.5,0.5,-47.62306503035436,-47.66487318419285
1632,kexp,1.25,2,1.5,0.1,-48.59947130281875,-48.520962183643675
1633,kexp,1.25,2,1.5,0.05,-48.6708967648307,-48.586523788647746
1634,kexp,1.25,2,1.5,0.01,-48.69454422763945,-48.608257136610284
1635,kexp,1.25,2,1.5,0,-48.6955380301776,-48.609170781751565
1636,kexp,1.25,2.5,0.5,0.5,-46.70939723984957,-46.53613184751353
1637,kexp,1.25,2.5,0.5,0.1,-59.84640704694318,-58.50854431665994
1638,kexp,1.25,2.5,0.5,0.05,-60.858955729040915,-59.4309582527432
1639,kexp,1.25,2.5,0.5,0.01,-61.199747710328644,-59.74143789289314
1640,kexp,1.25,2.5,0.5,0,-61.21413206374755,-59.754543106794976
1641,kexp,1.25,2.5,1,0.5,-46.117928502670956,-46.06495039256397
1642,kexp,1.25,2.5,1,0.1,-48.688358599000296,-48.31035405569682
1643,kexp,1.25,2.5,1,0.05,-48.85923153240575,-48.463258232789165
1644,kexp,1.25,2.5,1,0.01,-48.915797806530655,-48.51391688152896
1645,kexp,1.25,2.5,1,0,-48.918175074322356,-48.516046302976385
1646,kexp,1.25,2.5,1.5,0.5,-47.21979153451277,-47.29295934671615
1647,kexp,1.25,2.5,1.5,0.1,-47.56075035707275,-47.51876513182933
1648,kexp,1.25,2.5,1.5,0.05,-47.59744005756909,-47.54974212705948
1649,kexp,1.25,2.5,1.5,0.01,-47.60966495676815,-47.56010106712345
1650,kexp,1.25,2.5,1.5,0,-47.6101795112368,-47.56053746842811
1651,kexp,1.25,3,0.5,0.5,-46.02105465562122,-45.87846255423665
1652,kexp,1.25,3,0.5,0.1,-56.79056771420547,-55.482869949890336
1653,kexp,1.25,3,0.5,0.05,-57.59295985111594,-56.19375214978036
1654,kexp,1.25,3,0.5,0.01,-57.862060853492146,-56.43205376857629
1655,kexp,1.25,3,0.5,0,-57.87340861333545,-56.44210157278894
1656,kexp,1.25,3,1,0.5,-45.62433206538292,-45.601733325888375
1657,kexp,1.25,3,1,0.1,-47.36085854245791,-47.01861895773041
1658,kexp,1.25,3,1,0.05,-47.48161550608526,-47.121428828955025
1659,kexp,1.25,3,1,0.01,-47.52159892269742,-47.15550760318301
1660,kexp,1.25,3,1,0,-47.523279324976194,-47.156940240364825
1661,kexp,1.25,3,1.5,0.5,-46.903540760392275,-47.00846610940686
1662,kexp,1.25,3,1.5,0.1,-46.84201117139968,-46.83807728295588
1663,kexp,1.25,3,1.5,0.05,-46.85816261124727,-46.848697158258354
1664,kexp,1.25,3,1.5,0.01,-46.86366039973658,-46.85238640075884
1665,kexp,1.25,3,1.5,0,-46.863892995582944,-46.852543229618405
1666,kexp,1.25,3.5,0.5,0.5,-45.474254702681606,-45.36490112746843
1667,kexp,1.25,3.5,0.5,0.1,-54.57826130018965,-53.31620325641431
1668,kexp,1.25,3.5,0.5,0.05,-55.244368118766694,-53.89031698944406
1669,kexp,1.25,3.5,0.5,0.01,-55.46731665180106,-54.082274860612536
1670,kexp,1.25,3.5,0.5,0,-55.47671327383387,-54.09036314464864
1671,kexp,1.25,3.5,1,0.5,-45.23405579978807,-45.24166530896897
1672,kexp,1.25,3.5,1,0.1,-46.400889710741644,-46.09656732355186
1673,kexp,1.25,3.5,1,0.05,-46.48943493077707,-46.1673028365295
1674,kexp,1.25,3.5,1,0.01,-46.51880121936015,-46.19080513494338
1675,kexp,1.25,3.5,1,0,-46.52003590093889,-46.19179370893079
1676,kexp,1.25,3.5,1.5,0.5,-46.65225499599569,-46.7864595374794
1677,kexp,1.25,3.5,1.5,0.1,-46.32082283440741,-46.35245625147815
1678,kexp,1.25,3.5,1.5,0.05,-46.32386472455744,-46.350149205494446
1679,kexp,1.25,3.5,1.5,0.01,-46.32508030608125,-46.34961412126769
1680,kexp,1.25,3.5,1.5,0,-46.325133543369425,-46.34959399708884
1681,kexp,1.25,4,0.5,0.5,-45.0436412238234,-44.96645716922445
1682,kexp,1.25,4,0.5,0.1,-52.95344854221854,-51.741846203600836
1683,kexp,1.25,4,0.5,0.05,-53.52754499369786,-52.22399949014755
1684,kexp,1.25,4,0.5,0.01,-53.71949504757842,-52.384948264503734
1685,kexp,1.25,4,0.5,0,-53.727582941536085,-52.391727076871035
1686,kexp,1.25,4,1,0.5,-44.928367894098976,-44.96380794702534
1687,kexp,1.25,4,1,0.1,-45.69579044425068,-45.42765388783176
1688,kexp,1.25,4,1,0.05,-45.762738110539104,-45.476986731108006
1689,kexp,1.25,4,1,0.01,-45.78500537023061,-45.493449891679035
1690,kexp,1.25,4,1,0,-45.785942236178826,-45.4941431182484
1691,kexp,1.25,4,1.5,0.5,-46.45476201465809,-46.614681203208015
1692,kexp,1.25,4,1.5,0.1,-45.936783245966694,-45.99994640970237
1693,kexp,1.25,4,1.5,0.05,-45.9310852221473,-45.9890719998531
1694,kexp,1.25,4,1.5,0.01,-45.92945148073311,-45.98574236267926
1695,kexp,1.25,4,1.5,0,-45.92938543445684,-45.985605232106465
1696,kexp,1.25,6,0.5,0.5,-44.095591086923434,-44.11656478904055
1697,kexp,1.25,6,0.5,0.1,-49.68289743392234,-48.647293545926
1698,kexp,1.25,6,0.5,0.05,-50.09160556864562,-48.966155573687736
1699,kexp,1.25,6,0.5,0.01,-50.2281930627918,-49.07237002988899
1700,kexp,1.25,6,0.5,0,-50.23394749894165,-49.07684106725096
1701,kexp,1.25,6,1,0.5,-44.26279301000207,-44.37835010634464
1702,kexp,1.25,6,1,0.1,-44.27821112264187,-44.119205708786865
1703,kexp,1.25,6,1,0.05,-44.30677880210396,-44.131017113514076
1704,kexp,1.25,6,1,0.01,-44.31647424511345,-44.13517923222042
1705,kexp,1.25,6,1,0,-44.316884169716175,-44.13535675545052
1706,kexp,1.25,6,1.5,0.5,-46.02476223111683,-46.254244277006954
1707,kexp,1.25,6,1.5,0.1,-45.16315705017061,-45.31304940024036
1708,kexp,1.25,6,1.5,0.05,-45.14209268753918,-45.28734665574451
1709,kexp,1.25,6,1.5,0.01,-45.13546161613114,-45.279191155313526
1710,kexp,1.25,6,1.5,0,-45.13518649337429,-45.27885208491881
1711,kexp,1.25,8,0.5,0.5,-43.764507800442324,-43.83944256592036
1712,kexp,1.25,8,0.5,0.1,-48.61940331769147,-47.69090101854734
1713,kexp,1.25,8,0.5,0.05,-48.97989179204565,-47.963626776897065
1714,kexp,1.25,8,0.5,0.01,-49.10043984066791,-48.05446352905787
1715,kexp,1.25,8,0.5,0,-49.105519345092596,-48.05828714177141
1716,kexp,1.25,8,1,0.5,-44.03465576671857,-44.19268180405177
1717,kexp,1.25,8,1,0.1,-43.82262409320745,-43.72420444600822
1718,kexp,1.25,8,1,0.05,-43.84024477785143,-43.725690920821364
1719,kexp,1.25,8,1,0.01,-43.84636690973195,-43.72647847752566
1720,kexp,1.25,8,1,0,-43.84662719475863,-43.72651463825476
1721,kexp,1.25,8,1.5,0.5,-45.88000682014322,-46.144646719211465
1722,kexp,1.25,8,1.5,0.1,-44.91801312285286,-45.11273714382028
1723,kexp,1.25,8,1.5,0.05,-44.892671562735345,-45.0830797353462
1724,kexp,1.25,8,1.5,0.01,-44.88465304384581,-45.07364001604298
1725,kexp,1.25,8,1.5,0,-44.88431991138143,-45.0732472371518
1726,kexp,1.25,10,0.5,0.5,-43.645714985980014,-43.74889511901638
1727,kexp,1.25,10,0.5,0.1,-48.241784763803985,-47.37176590016923
1728,kexp,1.25,10,0.5,0.05,-48.585831397543096,-47.629352167694144
1729,kexp,1.25,10,0.5,0.01,-48.7009263860997,-47.71515400590203
1730,kexp,1.25,10,0.5,0,-48.705776603722114,-47.718765764228124
1731,kexp,1.25,10,1,0.5,-43.955544174499494,-44.136048483387654
1732,kexp,1.25,10,1,0.1,-43.66626107228016,-43.60070586259858
1733,kexp,1.25,10,1,0.05,-43.680268969875684,-43.5989561124821
1734,kexp,1.25,10,1,0.01,-43.685213901695704,-43.59868727384157
1735,kexp,1.25,10,1,0,-43.68542491147503,-43.59867919572719
1736,kexp,1.25,10,1.5,0.5,-45.832711427436166,-46.11600112082538
1737,kexp,1.25,10,1.5,0.1,-44.83813419351776,-45.05702011947646
1738,kexp,1.25,10,1.5,0.05,-44.81143942251643,-45.026199463958854
1739,kexp,1.25,10,1.5,0.01,-44.80298256698335,-45.01638233236932
1740,kexp,1.25,10,1.5,0,-44.802631114127074,-45.01597377296307
1741,kexp,1.25,25,0.5,0.5,-43.58397639143952,-43.72875662033851
1742,kexp,1.25,25,0.5,0.1,-48.0039889006357,-47.22748090188766
1743,kexp,1.25,25,0.5,0.05,-48.336970142019275,-47.476597380064185
1744,kexp,1.25,25,0.5,0.01,-48.44840105515048,-47.5595812560238
1745,kexp,1.25,25,0.5,0,-48.45309727263279,-47.56307443203833
1746,kexp,1.25,25,1,0.5,-43.929794032476046,-44.14847574445422
1747,kexp,1.25,25,1,0.1,-43.59605071929366,-43.589809561983785
1748,kexp,1.25,25,1,0.05,-43.607993921449776,-43.58685115582068
1749,kexp,1.25,25,1,0.01,-43.612266805804424,-43.58618702466468
1750,kexp,1.25,25,1,0,-43.61244969290232,-43.586162385083
1751,kexp,1.25,25,1.5,0.5,-45.83450593096568,-46.1528822679116
1752,kexp,1.25,25,1.5,0.1,-44.82584005026555,-45.09237831954412
1753,kexp,1.25,25,1.5,0.05,-44.79856215138515,-45.06144581903241
1754,kexp,1.25,25,1.5,0.01,-44.789916603529015,-45.051591905329495
1755,kexp,1.25,25,1.5,0,-44.78955726639345,-45.05118180283427
1756,kexp,1.5,0.2,0.5,0.5,-61.37838637146429,-61.64808484911869
1757,kexp,1.5,0.2,0.5,0.1,-243.05287234961892,-243.03043333561794
1758,kexp,1.5,0.2,0.5,0.05,-309.9427280030861,-309.86020692208865
1759,kexp,1.5,0.2,0.5,0.01,-342.6177769426108,-342.5154774798187
1760,kexp,1.5,0.2,0.5,0,-344.16325913167526,-344.0601618249171
1761,kexp,1.5,0.2,1,0.5,-58.25153291870343,-58.42210308966085
1762,kexp,1.5,0.2,1,0.1,-151.57079103369765,-151.59270319141703
1763,kexp,1.5,0.2,1,0.05,-172.57311116875002,-172.5799286754904
1764,kexp,1.5,0.2,1,0.01,-181.10717686533033,-181.10927522801092
1765,kexp,1.5,0.2,1,0,-181.4871345946559,-181.4890405351564
1766,kexp,1.5,0.2,1.5,0.5,-56.829464806963976,-56.96301454318048
1767,kexp,1.5,0.2,1.5,0.1,-116.04398605462583,-116.08946408282708
1768,kexp,1.5,0.2,1.5,0.05,-126.08565778660336,-126.12465847870487
1769,kexp,1.5,0.2,1.5,0.01,-129.8867077818533,-129.92369725975118
1770,kexp,1.5,0.2,1.5,0,-130.05241651396867,-130.08932353688957
1771,kexp,1.5,0.5,0.5,0.5,-56.32726397803682,-56.29766084632723
1772,kexp,1.5,0.5,0.5,0.1,-138.581342707989,-137.35322282835523
1773,kexp,1.5,0.5,0.5,0.05,-153.94885262009674,-152.58032408634082
1774,kexp,1.5,0.5,0.5,0.01,-159.9300684951758,-158.5112803591442
1775,kexp,1.5,0.5,0.5,0,-160.19298635479404,-158.77204051596485
1776,kexp,1.5,0.5,1,0.5,-53.490337541904715,-53.435991842803304
1777,kexp,1.5,0.5,1,0.1,-87.64639516787823,-87.13034293638025
1778,kexp,1.5,0.5,1,0.05,-91.73498919290934,-91.18326073678644
1779,kexp,1.5,0.5,1,0.01,-93.19087168677001,-92.62701572093229
1780,kexp,1.5,0.5,1,0,-93.25326141962849,-92.68889215148403
1781,kexp,1.5,0.5,1.5,0.5,-52.568394223062285,-52.55003624107442
1782,kexp,1.5,0.5,1.5,0.1,-71.29853571511043,-71.0404329238542
1783,kexp,1.5,0.5,1.5,0.05,-73.08727817724692,-72.81378857465177
1784,kexp,1.5,0.5,1.5,0.01,-73.70445389402067,-73.42582657514649
1785,kexp,1.5,0.5,1.5,0,-73.73067654100984,-73.4518327964295
1786,kexp,1.5,1,0.5,0.5,-51.82966131323193,-51.617100287831875
1787,kexp,1.5,1,0.5,0.1,-94.80427254338512,-93.24902733799014
1788,kexp,1.5,1,0.5,0.05,-99.99752876906263,-98.3295760806957
1789,kexp,1.5,1,0.5,0.01,-101.84899572434541,-100.14262232690923
1790,kexp,1.5,1,0.5,0,-101.92836596073255,-100.22036520618283
1791,kexp,1.5,1,1,0.5,-49.88412880125839,-49.74551750772697
1792,kexp,1.5,1,1,0.1,-64.66290807720436,-64.09046692063922
1793,kexp,1.5,1,1,0.05,-65.8953025238569,-65.29734823591913
1794,kexp,1.5,1,1,0.01,-66.31405753067664,-65.70765556044896
1795,kexp,1.5,1,1,0,-66.33177737491987,-65.72502032699278
1796,kexp,1.5,1,1.5,0.5,-49.70770573439376,-49.672699223811136
1797,kexp,1.5,1,1.5,0.1,-56.59395472827494,-56.367427183897654
1798,kexp,1.5,1,1.5,0.05,-57.08555725920894,-56.84923029077088
1799,kexp,1.5,1,1.5,0.01,-57.249976072021326,-57.01043502389928
1800,kexp,1.5,1,1.5,0,-57.25690461296211,-57.017228800577946
1801,kexp,1.5,1.5,0.5,0.5,-49.729438578906695,-49.455548657589524
1802,kexp,1.5,1.5,0.5,0.1,-78.9507889148199,-77.16735620849916
1803,kexp,1.5,1.5,0.5,0.05,-81.83324325650142,-79.92888579152482
1804,kexp,1.5,1.5,0.5,0.01,-82.83097596147498,-80.88572332018578
1805,kexp,1.5,1.5,0.5,0,-82.87340435734434,-80.92642338015098
1806,kexp,1.5,1.5,1,0.5,-48.289604438387954,-48.13347103223313
1807,kexp,1.5,1.5,1,0.1,-57.035587225394465,-56.41653701381554
1808,kexp,1.5,1.5,1,0.05,-57.66566217392143,-57.0205297216777
1809,kexp,1.5,1.5,1,0.01,-57.87658500126286,-57.22285600436198
1810,kexp,1.5,1.5,1,0,-57.885475317165685,-57.23138542599003
1811,kexp,1.5,1.5,1.5,0.5,-48.546614957025724,-48.52669702758571
1812,kexp,1.5,1.5,1.5,0.1,-52.039161659544234,-51.82863543205755
1813,kexp,1.5,1.5,1.5,0.05,-52.26783298401095,-52.047908006503334
1814,kexp,1.5,1.5,1.5,0.01,-52.34363553457296,-52.12063805544265
1815,kexp,1.5,1.5,1.5,0,-52.34682240379557,-52.123696207961395
1816,kexp,1.5,2,0.5,0.5,-48.4742332229695,-48.19467190425557
1817,kexp,1.5,2,0.5,0.1,-70.60505904333898,-68.71587950091956
1818,kexp,1.5,2,0.5,0.05,-72.550889337415,-70.5334708699264
1819,kexp,1.5,2,0.5,0.01,-73.21497148974242,-71.15426845406614
1820,kexp,1.5,2,0.5,0,-73.24310474569792,-71.1805733906738
1821,kexp,1.5,2,1,0.5,-47.35463999342147,-47.21346216301026
1822,kexp,1.5,2,1,0.1,-53.21606276354286,-52.595465559184376
1823,kexp,1.5,2,1,0.05,-53.61055605503835,-52.96308159511121
1824,kexp,1.5,2,1,0.01,-53.74173774004512,-53.08541378805258
1825,kexp,1.5,2,1,0,-53.7472573574111,-53.09056199455006
1826,kexp,1.5,2,1.5,0.5,-47.91120142828485,-47.92382246178677
1827,kexp,1.5,2,1.5,0.1,-49.867010208708365,-49.69136151594562
1828,kexp,1.5,2,1.5,0.05,-49.995156804809525,-49.81023128864799
1829,kexp,1.5,2,1.5,0.01,-50.03751867076346,-49.84956225932884
1830,kexp,1.5,2,1.5,0,-50.03929832802176,-49.85121496255082
1831,kexp,1.5,2.5,0.5,0.5,-47.539369438625464,-47.28265845872644
1832,kexp,1.5,2.5,0.5,0.1,-65.2061244039684,-63.29716023809014
1833,kexp,1.5,2.5,0.5,0.05,-66.65434420329133,-64.61286086050059
1834,kexp,1.5,2.5,0.5,0.01,-67.14474398491942,-65.05853428386297
1835,kexp,1.5,2.5,0.5,0,-67.16547619240102,-65.07737732369193
1836,kexp,1.5,2.5,1,0.5,-46.66192481303742,-46.55291915084343
1837,kexp,1.5,2.5,1,0.1,-50.807637567312625,-50.21732570005522
1838,kexp,1.5,2.5,1,0.05,-51.07966335079459,-50.46215902125992
1839,kexp,1.5,2.5,1,0.01,-51.16983316468892,-50.54337411681943
1840,kexp,1.5,2.5,1,0,-51.173623998987,-50.546789109913504
1841,kexp,1.5,2.5,1.5,0.5,-47.45383340332978,-47.50774791519181
1842,kexp,1.5,2.5,1.5,0.1,-48.530574179434446,-48.40298005593864
1843,kexp,1.5,2.5,1.5,0.05,-48.607237591166694,-48.4705779664967
1844,kexp,1.5,2.5,1.5,0.01,-48.632597810414495,-48.49297504398632
1845,kexp,1.5,2.5,1.5,0,-48.633663367897356,-48.49391647203826
1846,kexp,1.5,3,0.5,0.5,-46.775243494501105,-46.55475004741672
1847,kexp,1.5,3,0.5,0.1,-61.34770625739621,-59.46419356437025
1848,kexp,1.5,3,0.5,0.05,-62.49193246861033,-60.47331146969882
1849,kexp,1.5,3,0.5,0.01,-62.87761871945329,-60.81336455491051
1850,kexp,1.5,3,0.5,0,-62.893904301763854,-60.827722311389785
1851,kexp,1.5,3,1,0.5,-46.09780172283875,-46.02770815978093
1852,kexp,1.5,3,1,0.1,-49.10458043935437,-48.558225656139236
1853,kexp,1.5,3,1,0.05,-49.302854208219856,-48.72921274896463
1854,kexp,1.5,3,1,0.01,-49.36849710278605,-48.785863983459556
1855,kexp,1.5,3,1,0,-49.37125590064405,-48.788245326667514
1856,kexp,1.5,3,1.5,0.5,-47.08303870672085,-47.179756317925644
1857,kexp,1.5,3,1.5,0.1,-47.59247692937464,-47.515718928522574
1858,kexp,1.5,3,1.5,0.05,-47.638447889090486,-47.55284321216927
1859,kexp,1.5,3,1.5,0.01,-47.653720807856416,-47.56522197252406
1860,kexp,1.5,3,1.5,0,-47.65436320032442,-47.565743098483
1861,kexp,1.5,3.5,0.5,0.5,-46.13924550620407,-45.95956339179042
1862,kexp,1.5,3.5,0.5,0.1,-58.4759960386817,-56.638399834040634
1863,kexp,1.5,3.5,0.5,0.05,-59.420600237867475,-57.44626975767005
1864,kexp,1.5,3.5,0.5,0.01,-59.73815097293055,-57.717594475671184
1865,kexp,1.5,3.5,0.5,0,-59.75155013364466,-57.72904028983898
1866,kexp,1.5,3.5,1,0.5,-45.63140171238526,-45.60079130591453
1867,kexp,1.5,3.5,1,0.1,-47.84256062141239,-47.34323671136302
1868,kexp,1.5,3.5,1,0.05,-47.992908284893716,-47.46629828977767
1869,kexp,1.5,3.5,1,0.01,-48.04268987287564,-47.50708134051212
1870,kexp,1.5,3.5,1,0,-48.04478209378313,-47.50879574265489
1871,kexp,1.5,3.5,1.5,0.5,-46.77627043150719,-46.91318475994904
1872,kexp,1.5,3.5,1.5,0.1,-46.89784291798539,-46.86896920127818
1873,kexp,1.5,3.5,1.5,0.05,-46.92402213074125,-46.88649582690893
1874,kexp,1.5,3.5,1.5,0.01,-46.93281217938771,-46.89245241214668
1875,kexp,1.5,3.5,1.5,0,-46.933182847219726,-46.89270432698664
1876,kexp,1.5,4,0.5,0.5,-45.613513624417536,-45.47445290085683
1877,kexp,1.5,4,0.5,0.1,-56.30355224291333,-54.51917840413573
1878,kexp,1.5,4,0.5,0.05,-57.11153629715151,-55.18942896788054
1879,kexp,1.5,4,0.5,0.01,-57.38276356943514,-55.414049543713844
1880,kexp,1.5,4,0.5,0,-57.39420372675229,-55.42351980355446
1881,kexp,1.5,4,1,0.5,-45.24929498214261,-45.25565053932043
1882,kexp,1.5,4,1,0.1,-46.89013921433234,-46.43587964714972
1883,kexp,1.5,4,1,0.05,-47.007963343368466,-46.52646910929722
1884,kexp,1.5,4,1,0.01,-47.047018941037784,-46.556536384120584
1885,kexp,1.5,4,1,0,-47.04866080523837,-46.55780078663184
1886,kexp,1.5,4,1.5,0.5,-46.52501755085625,-46.69776907031932
1887,kexp,1.5,4,1.5,0.1,-46.373346775448496,-46.387144684633036
1888,kexp,1.5,4,1.5,0.05,-46.386184502037096,-46.3914970357438
1889,kexp,1.5,4,1.5,0.01,-46.390615201410405,-46.39314641301079
1890,kexp,1.5,4,1.5,0,-46.3908032647932,-46.39321788105313
1891,kexp,1.5,6,0.5,0.5,-44.33222862454752,-44.32392724321778
1892,kexp,1.5,6,0.5,0.1,-51.63737720455305,-50.04975964395484
1893,kexp,1.5,6,0.5,0.05,-52.19199974452273,-50.46590872269551
1894,kexp,1.5,6,0.5,0.01,-52.37806186223498,-50.604991640913624
1895,kexp,1.5,6,0.5,0,-52.385908529033365,-50.610851351761106
1896,kexp,1.5,6,1,0.5,-44.33704553121184,-44.4532874483703
1897,kexp,1.5,6,1,0.1,-44.85414756201981,-44.537855835890724
1898,kexp,1.5,6,1,0.05,-44.9125357283733,-44.56943683494397
1899,kexp,1.5,6,1,0.01,-44.93208008884247,-44.580115175650555
1900,kexp,1.5,6,1,0,-44.93290369463976,-44.58056625648265
1901,kexp,1.5,6,1.5,0.5,-45.9290379542009,-46.201389662443304
1902,kexp,1.5,6,1.5,0.1,-45.25399514816874,-45.38663799556367
1903,kexp,1.5,6,1.5,0.05,-45.24277143722236,-45.36741378287652
1904,kexp,1.5,6,1.5,0.01,-45.23936544568992,-45.361378229595964
1905,kexp,1.5,6,1.5,0,-45.23922551657237,-45.3611279914564
1906,kexp,1.5,8,0.5,0.5,-43.804227257384056,-43.87467915897569
1907,kexp,1.5,8,0.5,0.1,-49.928760420142524,-48.473375985534005
1908,kexp,1.5,8,0.5,0.05,-50.40420825849869,-48.81132192105383
1909,kexp,1.5,8,0.5,0.01,-50.56389387624676,-48.924293064349605
1910,kexp,1.5,8,0.5,0,-50.57063019244777,-48.929052928349954
1911,kexp,1.5,8,1,0.5,-43.972219555984545,-44.150466474265805
1912,kexp,1.5,8,1,0.1,-44.11813860523798,-43.88270359357609
1913,kexp,1.5,8,1,0.05,-44.15842519832882,-43.89663814899866
1914,kexp,1.5,8,1,0.01,-44.17205628467231,-43.90154374143849
1915,kexp,1.5,8,1,0,-44.17263221132743,-43.90175294196434
1916,kexp,1.5,8,1.5,0.5,-45.69568273806902,-46.02079887886985
1917,kexp,1.5,8,1.5,0.1,-44.854933981669184,-45.05129027099468
1918,kexp,1.5,8,1.5,0.05,-44.836579835392435,-45.02523972860643
1919,kexp,1.5,8,1.5,0.01,-44.83085968194791,-45.01698606483533
1920,kexp,1.5,8,1.5,0,-44.8306229843525,-45.01664304657041
1921,kexp,1.5,10,0.5,0.5,-43.585266414733326,-43.70094024224788
1922,kexp,1.5,10,0.5,0.1,-49.24910000656282,-47.87394725125443
1923,kexp,1.5,10,0.5,0.05,-49.695287208149914,-48.183600179248266
1924,kexp,1.5,10,0.5,0.01,-49.84526717996111,-48.287157854190006
1925,kexp,1.5,10,0.5,0,-49.851595387249745,-48.29152158189839
1926,kexp,1.5,10,1,0.5,-43.82516193502278,-44.03865570812649
1927,kexp,1.5,10,1,0.1,-43.83209034392105,-43.64394325405129
1928,kexp,1.5,10,1,0.05,-43.86588007431179,-43.65172422283908
1929,kexp,1.5,10,1,0.01,-43.877394249943734,-43.65462083339641
1930,kexp,1.5,10,1,0,-43.8778815674606,-43.6547459004683
1931,kexp,1.5,10,1.5,0.5,-45.60518610286213,-45.95982416353105
1932,kexp,1.5,10,1.5,0.1,-44.70491245462607,-44.93749225266509
1933,kexp,1.5,10,1.5,0.05,-44.684090096682965,-44.909173972411814
1934,kexp,1.5,10,1.5,0.01,-44.67757050385009,-44.90018455520078
1935,kexp,1.5,10,1.5,0,-44.67730039426324,-44.899810773393384
1936,kexp,1.5,25,0.5,0.5,-43.414588750780176,-43.60125257119386
1937,kexp,1.5,25,0.5,0.1,-48.69745239619354,-47.46317062949254
1938,kexp,1.5,25,0.5,0.05,-49.12038454102619,-47.75241861008504
1939,kexp,1.5,25,0.5,0.01,-49.262675320901096,-47.84919808207811
1940,kexp,1.5,25,0.5,0,-49.26868047315244,-47.853276688752764
1941,kexp,1.5,25,1,0.5,-43.730399646610785,-44.00749281381784
1942,kexp,1.5,25,1,0.1,-43.63389628936706,-43.53860685068091
1943,kexp,1.5,25,1,0.05,-43.66301088127362,-43.542791894177434
1944,kexp,1.5,25,1,0.01,-43.67300511969995,-43.5445153215869
1945,kexp,1.5,25,1,0,-43.67342885250763,-43.54459126613007
1946,kexp,1.5,25,1.5,0.5,-45.56707327862749,-45.98026161394841
1947,kexp,1.5,25,1.5,0.1,-44.628655546628046,-44.93788242683476
1948,kexp,1.5,25,1.5,0.05,-44.60630571294973,-44.90868122970108
1949,kexp,1.5,25,1.5,0.01,-44.59929247506695,-44.89940531962547
1950,kexp,1.5,25,1.5,0,-44.59900174569214,-44.89901955865803
1951,kexp,1.75,0.2,0.5,0.5,-62.231307943618546,-62.540066942756795
1952,kexp,1.75,0.2,0.5,0.1,-268.1210804423905,-268.02737443324696
1953,kexp,1.75,0.2,0.5,0.05,-352.7521203158832,-352.57223554390805
1954,kexp,1.75,0.2,0.5,0.01,-396.38637337319557,-396.17893166670257
1955,kexp,1.75,0.2,0.5,0,-398.4905847841723,-398.2820677491764
1956,kexp,1.75,0.2,1,0.5,-59.003807455580336,-59.194215707863414
1957,kexp,1.75,0.2,1,0.1,-168.07470496430045,-168.05838799135407
1958,kexp,1.75,0.2,1,0.05,-195.5310314978001,-195.4931196417842
1959,kexp,1.75,0.2,1,0.01,-207.06854683936828,-207.02412481788002
1960,kexp,1.75,0.2,1,0,-207.58758075689602,-207.54289880645513
1961,kexp,1.75,0.2,1.5,0.5,-57.43374192663042,-57.579871955305556
1962,kexp,1.75,0.2,1.5,0.1,-128.01016563701714,-128.03220057585236
1963,kexp,1.75,0.2,1.5,0.05,-141.34499775730401,-141.35780715961545
1964,kexp,1.75,0.2,1.5,0.01,-146.51683336712284,-146.52687484278306
1965,kexp,1.75,0.2,1.5,0,-146.7439028454917,-146.75383258990374
1966,kexp,1.75,0.5,0.5,0.5,-57.29723217806589,-57.25580508453035
1967,kexp,1.75,0.5,0.5,0.1,-154.59620289510326,-152.98223312774493
1968,kexp,1.75,0.5,0.5,0.05,-174.81530694889202,-173.00039656187374
1969,kexp,1.75,0.5,0.5,0.01,-182.90535021969174,-181.01731596481005
1970,kexp,1.75,0.5,0.5,0,-183.26392278970738,-181.37273457573437
1971,kexp,1.75,0.5,1,0.5,-54.2795699160239,-54.195273402239394
1972,kexp,1.75,0.5,1,0.1,-96.21198686109257,-95.50210405346236
1973,kexp,1.75,0.5,1,0.05,-101.72622650844485,-100.96432145613494
1974,kexp,1.75,0.5,1,0.01,-103.7200687846535,-102.940322758493
1975,kexp,1.75,0.5,1,0,-103.8058750703134,-103.02537213112613
1976,kexp,1.75,0.5,1.5,0.5,-53.13758570783108,-53.090881642432834
1977,kexp,1.75,0.5,1.5,0.1,-76.77003295294428,-76.39045257638614
1978,kexp,1.75,0.5,1.5,0.05,-79.21990922428773,-78.81759375053421
1979,kexp,1.75,0.5,1.5,0.01,-80.074119452568425,-79.66416714405543
1980,kexp,1.75,0.5,1.5,0,-80.11051593017608,-79.70024141592108
1981,kexp,1.75,1,0.5,0.5,-52.710376525631446,-52.44608582842965
1982,kexp,1.75,1,0.5,0.1,-105.2572853656032,-103.23482677465266
1983,kexp,1.75,1,0.5,0.05,-112.22324290037801,-110.04442323769605
1984,kexp,1.75,1,0.5,0.01,-114.74429915436382,-112.51177614657531
1985,kexp,1.75,1,0.5,0,-114.85282578861565,-112.61802342644657
1986,kexp,1.75,1,1,0.5,-50.55995896776894,-50.36494545201412
1987,kexp,1.75,1,1,0.1,-69.59827035575005,-68.8136072991798
1988,kexp,1.75,1,1,0.05,-71.29915479502044,-70.478281461433
1989,kexp,1.75,1,1,0.01,-71.88158270720936,-71.04867241690927
1990,kexp,1.75,1,1,0,-71.9062791573494,-71.07286239652674
1991,kexp,1.75,1,1.5,0.5,-50.13445841798655,-50.0572387728627
1992,kexp,1.75,1,1.5,0.1,-59.43988459666404,-59.09275377896779
1993,kexp,1.75,1,1.5,0.05,-60.13717528011907,-59.77577595946811
1994,kexp,1.75,1,1.5,0.01,-60.37153199070397,-60.00544063103189
1995,kexp,1.75,1,1.5,0,-60.38142038020658,-60.01513215316889
1996,kexp,1.75,1.5,0.5,0.5,-50.539889474658196,-50.19595028558185
1997,kexp,1.75,1.5,0.5,0.1,-86.95692291787803,-84.63972871754795
1998,kexp,1.75,1.5,0.5,0.05,-90.84949517484614,-88.36640823490488
1999,kexp,1.75,1.5,0.5,0.01,-92.21081064276028,-89.67133122586924
2000,kexp,1.75,1.5,0.5,0,-92.26886145061174,-89.72699547485057
2001,kexp,1.75,1.5,1,0.5,-48.8933620040451,-48.67175110948066
2002,kexp,1.75,1.5,1,0.1,-60.573000481050116,-59.72248301470839
2003,kexp,1.75,1.5,1,0.05,-61.45717643786984,-60.570011531727694
2004,kexp,1.75,1.5,1,0.01,-61.75462375270036,-60.8553489339736
2005,kexp,1.75,1.5,1,0,-61.767177268613494,-60.86739371957478
2006,kexp,1.75,1.5,1.5,0.5,-48.886247620721534,-48.82225607945382
2007,kexp,1.75,1.5,1.5,0.1,-53.93740408653749,-53.603254828947414
2008,kexp,1.75,1.5,1.5,0.05,-54.27402665877228,-53.926252100589615
2009,kexp,1.75,1.5,1.5,0.01,-54.3858994952304,-54.033663725310916
2010,kexp,1.75,1.5,1.5,0,-54.39060597461838,-54.0381832344902
2011,kexp,1.75,2,0.5,0.5,-49.25058712963522,-48.89499336740987
2012,kexp,1.75,2,0.5,0.1,-77.20298564725024,-74.74276854706508
2013,kexp,1.75,2,0.5,0.05,-79.83865589452883,-77.20314603082639
2014,kexp,1.75,2,0.5,0.01,-80.7452343886222,-78.05029753620613
2015,kexp,1.75,2,0.5,0,-80.78372084471734,-78.08627092901187
2016,kexp,1.75,2,1,0.5,-47.913057670903235,-47.70642119346902
2017,kexp,1.75,2,1,0.1,-56.00273986406885,-55.14418747199683
2018,kexp,1.75,2,1,0.05,-56.56516145096047,-55.66895631866607
2019,kexp,1.75,2,1,0.01,-56.75281524413914,-55.84418637218313
2020,kexp,1.75,2,1,0,-56.760717941245176,-55.85156736249656
2021,kexp,1.75,2,1.5,0.5,-48.19608971955514,-48.16934250197451
2022,kexp,1.75,2,1.5,0.1,-51.27796408736334,-50.9829574546305
2023,kexp,1.75,2,1.5,0.05,-51.47558147780567,-51.16711725441412
2024,kexp,1.75,2,1.5,0.01,-51.540959872774785,-51.22809352057761
2025,kexp,1.75,2,1.5,0,-51.5437070734483,-51.23065627368857
2026,kexp,1.75,2.5,0.5,0.5,-48.28581207192533,-47.95370232785989
2027,kexp,1.75,2.5,0.5,0.1,-70.82694853140727,-68.33098405456711
2028,kexp,1.75,2.5,0.5,0.05,-72.79101148278943,-70.11405852775212
2029,kexp,1.75,2.5,0.5,0.01,-73.46029258811632,-70.7220023097522
2030,kexp,1.75,2.5,0.5,0,-73.4886343270342,-70.74775046103723
2031,kexp,1.75,2.5,1,0.5,-47.1777460950937,-47.00831981587882
2032,kexp,1.75,2.5,1,0.1,-53.098895284294166,-52.273754535811364
2033,kexp,1.75,2.5,1,0.05,-53.493273360824126,-52.63005101234536
2034,kexp,1.75,2.5,1,0.01,-53.62429500386691,-52.74850736931279
2035,kexp,1.75,2.5,1,0,-53.62980655108888,-52.753491267799724
2036,kexp,1.75,2.5,1.5,0.5,-47.69369707478564,-47.71669017016795
2037,kexp,1.75,2.5,1.5,0.1,-49.63139805612311,-49.39428614440415
2038,kexp,1.75,2.5,1.5,0.05,-49.75745819389765,-49.50716085419202
2039,kexp,1.75,2.5,1.5,0.01,-49.79910473175476,-49.54449308928376
2040,kexp,1.75,2.5,1.5,0,-49.80085405914618,-49.546061636763056
2041,kexp,1.75,3,0.5,0.5,-47.480177281685805,-47.18845429333123
2042,kexp,1.75,3,0.5,0.1,-66.20695300667272,-63.73037488747384
2043,kexp,1.75,3,0.5,0.05,-67.75807583933482,-65.09661377522386
2044,kexp,1.75,3,0.5,0.01,-68.28369002102767,-65.55952625776591
2045,kexp,1.75,3,0.5,0,-68.3059149422804,-65.57909941607373
2046,kexp,1.75,3,1,0.5,-46.564135795298,-46.441086334797625
2047,kexp,1.75,3,1,0.1,-51.023595133191876,-50.24939084432202
2048,kexp,1.75,3,1,0.05,-51.31622381780317,-50.50370439880892
2049,kexp,1.75,3,1,0.01,-51.41323288221778,-50.588062866875696
2050,kexp,1.75,3,1,0,-51.41731135390396,-50.591610019112885
2051,kexp,1.75,3,1.5,0.5,-47.27788439435764,-47.353687945719074
2052,kexp,1.75,3,1.5,0.1,-48.466613926055906,-48.291970037317604
2053,kexp,1.75,3,1.5,0.05,-48.549778619616845,-48.36219654172258
2054,kexp,1.75,3,1.5,0.01,-48.57727825770382,-48.385459229626555
2055,kexp,1.75,3,1.5,0,-48.578433591158124,-48.38643698684245
2056,kexp,1.75,3.5,0.5,0.5,-46.78875003003817,-46.54385663039964
2057,kexp,1.75,3.5,0.5,0.1,-62.70979552638878,-60.27688761561877
2058,kexp,1.75,3.5,0.5,0.05,-63.98776909388469,-61.36698329005657
2059,kexp,1.75,3.5,0.5,0.01,-64.41937766824296,-61.73480978469306
2060,kexp,1.75,3.5,0.5,0,-64.43761159773123,-61.7503455448817
2061,kexp,1.75,3.5,1,0.5,-46.041296776627846,-45.966071660718164
2062,kexp,1.75,3.5,1,0.1,-49.46383192827897,-48.7444107563634
2063,kexp,1.75,3.5,1,0.05,-49.689922885492486,-48.93199406271213
2064,kexp,1.75,3.5,1,0.01,-49.764816920511386,-48.99416333054207
2065,kexp,1.75,3.5,1,0,-49.767964979557064,-48.996776841301916
2066,kexp,1.75,3.5,1.5,0.5,-46.924718100780254,-47.05093379096102
2067,kexp,1.75,3.5,1.5,0.1,-47.5942762882586,-47.47889303647742
2068,kexp,1.75,3.5,1.5,0.05,-47.64961032816767,-47.52147141336399
2069,kexp,1.75,3.5,1.5,0.01,-47.66796768051913,-47.53564746797721
2070,kexp,1.75,3.5,1.5,0,-47.668739540216706,-47.53624404016331
2071,kexp,1.75,4,0.5,0.5,-46.19751800243516,-46.00005424658056
2072,kexp,1.75,4,0.5,0.1,-60.014852390617015,-57.63412283250307
2073,kexp,1.75,4,0.5,0.05,-61.104482024049844,-58.53349070298285
2074,kexp,1.75,4,0.5,0.01,-61.47178720100045,-58.836139966753095
2075,kexp,1.75,4,0.5,0,-61.48729685533031,-58.84891378022406
2076,kexp,1.75,4,1,0.5,-45.599351540460276,-45.569387813289595
2077,kexp,1.75,4,1,0.1,-48.26753738988283,-47.60042158725251
2078,kexp,1.75,4,1,0.05,-48.44818164692438,-47.74238443784897
2079,kexp,1.75,4,1,0.01,-48.508034273692914,-47.78944469674777
2080,kexp,1.75,4,1,0,-48.51055020480875,-47.79142313089587
2081,kexp,1.75,4,1.5,0.5,-46.62739552270909,-46.79910876178886
2082,kexp,1.75,4,1.5,0.1,-46.92647806958809,-46.86404654002493
2083,kexp,1.75,4,1.5,0.05,-46.96293697616709,-46.88787856778265
2084,kexp,1.75,4,1.5,0.01,-46.97511201855723,-46.89591066564832
2085,kexp,1.75,4,1.5,0,-46.975624754689186,-46.89624968117779
2086,kexp,1.75,6,0.5,0.5,-44.64419576550524,-44.60344385139693
2087,kexp,1.75,6,0.5,0.1,-53.977999562118185,-51.79188577924874
2088,kexp,1.75,6,0.5,0.05,-54.71273563587429,-52.331099505271105
2089,kexp,1.75,6,0.5,0.01,-54.960173676587125,-52.5119184135604
2090,kexp,1.75,6,0.5,0,-54.97061929556236,-52.51954322335399
2091,kexp,1.75,6,1,0.5,-44.472328950419794,-44.57884291385819
2092,kexp,1.75,6,1,0.1,-45.6109322897771,-45.102177714757
2093,kexp,1.75,6,1,0.05,-45.70738167045615,-45.15955337999272
2094,kexp,1.75,6,1,0.01,-45.739526784099674,-45.178749146545044
2095,kexp,1.75,6,1,0,-45.740879984247876,-45.17955796424733
2096,kexp,1.75,6,1.5,0.5,-45.879760590846324,-46.18011073833828
2097,kexp,1.75,6,1.5,0.1,-45.45198595935872,-45.53715957851328
2098,kexp,1.75,6,1.5,0.05,-45.45398291039802,-45.52681035695349
2099,kexp,1.75,6,1.5,0.01,-45.454915002193665,-45.523681394270106
2100,kexp,1.75,6,1.5,0,-45.454956980536764,-45.52355297794268
2101,kexp,1.75,8,0.5,0.5,-43.92144725605855,-43.979110912770054
2102,kexp,1.75,8,0.5,0.1,-51.589166613351544,-49.53778642136516
2103,kexp,1.75,8,0.5,0.05,-52.20903239515122,-49.96057877281254
2104,kexp,1.75,8,0.5,0.01,-52.418116573000404,-50.102431843737975
2105,kexp,1.75,8,0.5,0,-52.426946704880436,-50.10841436440459
2106,kexp,1.75,8,1,0.5,-43.97053577006262,-44.155684480163785
2107,kexp,1.75,8,1,0.1,-44.57712522122669,-44.16124067008604
2108,kexp,1.75,8,1,0.05,-44.647114878608036,-44.19213147443683
2109,kexp,1.75,8,1,0.01,-44.67060644397867,-44.20265229779169
2110,kexp,1.75,8,1,0,-44.671597081799625,-44.20309751572798
2111,kexp,1.75,8,1.5,0.5,-45.55657333004839,-45.926317311368436
2112,kexp,1.75,8,1.5,0.1,-44.88823069244345,-45.05276583105684
2113,kexp,1.75,8,1.5,0.05,-44.879719122555876,-45.03207623584035
2114,kexp,1.75,8,1.5,0.01,-44.87723807994634,-45.02558444200017
2115,kexp,1.75,8,1.5,0,-44.877137307501705,-45.02531533290204
2116,kexp,1.75,10,0.5,0.5,-43.58749179924002,-43.704780973614525
2117,kexp,1.75,10,0.5,0.1,-50.56266502966073,-48.597920688854046
2118,kexp,1.75,10,0.5,0.05,-51.13813515082603,-48.97598070836815
2119,kexp,1.75,10,0.5,0.01,-51.33248173913726,-49.10293578712222
2120,kexp,1.75,10,0.5,0,-51.34069204918874,-49.1082912091963
2121,kexp,1.75,10,1,0.5,-43.74635153846613,-43.97765438042728
2122,kexp,1.75,10,1,0.1,-44.142058444300496,-43.78204162306862
2123,kexp,1.75,10,1,0.05,-44.20212498158857,-43.80310266601721
2124,kexp,1.75,10,1,0.01,-44.22238205795596,-43.81041276635532
2125,kexp,1.75,10,1,0,-44.2232372948015,-43.810723506752005
2126,kexp,1.75,10,1.5,0.5,-45.417188861369134,-45.82652133623165
2127,kexp,1.75,10,1.5,0.1,-44.65758739701356,-44.86788993051113
2128,kexp,1.75,10,1.5,0.05,-44.64527406282003,-44.84352720151646
2129,kexp,1.75,10,1.5,0.01,-44.64156139349712,-44.835843329069434
2130,kexp,1.75,10,1.5,0,-44.64140914340223,-44.835524372670974
2131,kexp,1.75,25,0.5,0.5,-43.26247388486367,-43.48202046550625
2132,kexp,1.75,25,0.5,0.1,-49.588702663205105,-47.79532222464234
2133,kexp,1.75,25,0.5,0.05,-50.12514468332488,-48.135859961888585
2134,kexp,1.75,25,0.5,0.01,-50.30659513565559,-48.25035496575199
2135,kexp,1.75,25,0.5,0,-50.31426371283771,-48.25518630360721
2136,kexp,1.75,25,1,0.5,-43.55357092793971,-43.87423660988946
2137,kexp,1.75,25,1,0.1,-43.768484374747416,-43.52897564344737
2138,kexp,1.75,25,1,0.05,-43.820476142186656,-43.54290635147785
2139,kexp,1.75,25,1,0.01,-43.83810941543087,-43.54789151513554
2140,kexp,1.75,25,1,0,-43.838854903424554,-43.548104921894726
2141,kexp,1.75,25,1.5,0.5,-45.32052766958941,-45.81264650208803
2142,kexp,1.75,25,1.5,0.1,-44.49092100004558,-44.804892208435795
2143,kexp,1.75,25,1.5,0.05,-44.475838726164106,-44.77844216431209
2144,kexp,1.75,25,1.5,0.01,-44.47123167103913,-44.77008179581188
2145,kexp,1.75,25,1.5,0,-44.47104206701736,-44.769734561391694
2146,kexp,2,0.2,0.5,0.5,-62.94000017098941,-63.28567763302622
2147,kexp,2,0.2,0.5,0.1,-291.32634524313494,-291.16141364494
2148,kexp,2,0.2,0.5,0.05,-394.4215009082878,-394.1394139543726
2149,kexp,2,0.2,0.5,0.01,-450.3493257262022,-450.03026516531656
2150,kexp,2,0.2,0.5,0,-453.0980863158034,-452.77762629463336
2151,kexp,2,0.2,1,0.5,-59.659210248125184,-59.86849644925472
2152,kexp,2,0.2,1,0.1,-183.85115845465992,-183.7938669972808
2153,kexp,2,0.2,1,0.05,-218.30877051008704,-218.22196066602717
2154,kexp,2,0.2,1,0.01,-233.26484442378546,-233.16937160783874
2155,kexp,2,0.2,1,0,-233.94460877122287,-233.84879703573048
2156,kexp,2,0.2,1.5,0.5,-57.97488793875124,-58.13270815316557
2157,kexp,2,0.2,1.5,0.1,-139.66875461171517,-139.66424302887754
2158,kexp,2,0.2,1.5,0.05,-156.64428290708625,-156.62717467920422
2159,kexp,2,0.2,1.5,0.01,-163.3860228979402,-163.36524001187644
2160,kexp,2,0.2,1.5,0,-163.6841063533202,-163.66317737972207
2161,kexp,2,0.5,0.5,0.5,-58.112893217401556,-58.067821797388326
2162,kexp,2,0.5,0.5,0.1,-170.10092969587154,-168.1092184456308
2163,kexp,2,0.5,0.5,0.05,-195.6466498718508,-193.38428381178036
2164,kexp,2,0.5,0.5,0.01,-206.14586338380423,-203.78331842115674
2165,kexp,2,0.5,0.5,0,-206.61505658595811,-204.24816975826553
2166,kexp,2,0.5,1,0.5,-54.9755015593662,-54.86619741375882
2167,kexp,2,0.5,1,0.1,-104.74377929157993,-103.83749679992121
2168,kexp,2,0.5,1,0.05,-111.86493706941795,-110.88741458781601
2169,kexp,2,0.5,1,0.01,-114.47899685716692,-113.47681764871837
2170,kexp,2,0.5,1,0,-114.59197193794706,-113.58874407435555
2171,kexp,2,0.5,1.5,0.5,-53.65852024976513,-53.5853250721732
2172,kexp,2,0.5,1.5,0.1,-82.32693780719003,-81.8208119087372
2173,kexp,2,0.5,1.5,0.05,-85.53109219885535,-84.99350197624348
2174,kexp,2,0.5,1.5,0.01,-86.66002851789037,-86.1118030902483
2175,kexp,2,0.5,1.5,0,-86.70826715481158,-86.15959227925876
2176,kexp,2,1,0.5,0.5,-53.46199082150659,-53.15902057252854
2177,kexp,2,1,0.5,0.1,-115.64304963851585,-113.15541785575134
2178,kexp,2,1,0.5,0.05,-124.60593844175419,-121.91193806819292
2179,kexp,2,1,0.5,0.01,-127.89821579177466,-125.1327638150434
2180,kexp,2,1,0.5,0,-128.04053497633132,-125.27204360413316
2181,kexp,2,1,1,0.5,-51.16062995167017,-50.913875953492585
2182,kexp,2,1,1,0.1,-74.63747348992469,-73.63303274247876
2183,kexp,2,1,1,0.05,-76.87636029608377,-75.82320068766133
2184,kexp,2,1,1,0.01,-77.64900260488737,-76.57957870448676
2185,kexp,2,1,1,0,-77.68183290963385,-76.61172389405624
2186,kexp,2,1,1.5,0.5,-50.53311755958208,-50.41282643015684
2187,kexp,2,1,1.5,0.1,-62.42050185165352,-61.94283368109914
2188,kexp,2,1,1.5,0.05,-63.35665585987342,-62.85940384662829
2189,kexp,2,1,1.5,0.01,-63.672894518056395,-63.169184135815875
2190,kexp,2,1,1.5,0,-63.686255653974996,-63.18227409060796
2191,kexp,2,1.5,0.5,0.5,-51.23542256133835,-50.83366947003145
2192,kexp,2,1.5,0.5,0.1,-95.02738421302644,-92.17301943853533
2193,kexp,2,1.5,0.5,0.05,-100.07021942627219,-96.99896706669405
2194,kexp,2,1.5,0.5,0.01,-101.85204912400891,-98.70666566378878
2195,kexp,2,1.5,0.5,0,-101.9282452741397,-98.77971997478177
2196,kexp,2,1.5,1,0.5,-49.437148718624265,-49.15242252385049
2197,kexp,2,1.5,1,0.1,-64.23985610625051,-63.145867482245336
2198,kexp,2,1.5,1,0.05,-65.4185760644476,-64.27569522754634
2199,kexp,2,1.5,1,0.01,-65.81714230652848,-64.65806056425404
2200,kexp,2,1.5,1,0,-65.83398610880228,-64.6742232859253
2201,kexp,2,1.5,1.5,0.5,-49.21236049690301,-49.100473366096786
2202,kexp,2,1.5,1.5,0.1,-55.96890945884064,-55.49706543842154
2203,kexp,2,1.5,1.5,0.05,-56.43226665098203,-55.94179175478483
2204,kexp,2,1.5,1.5,0.01,-56.58672021640364,-56.09013444322967
2205,kexp,2,1.5,1.5,0,-56.5932231536728,-56.09638115629343
2206,kexp,2,2,0.5,0.5,-49.92340606031219,-49.502311401609965
2207,kexp,2,2,0.5,0.1,-83.92080054368915,-80.88188500006007
2208,kexp,2,2,0.5,0.05,-87.34669141801275,-84.07930398259074
2209,kexp,2,2,0.5,0.01,-88.5344378433634,-85.18923250359327
2210,kexp,2,2,0.5,0,-88.58496753185763,-85.2364673688049
2211,kexp,2,2,1,0.5,-48.423469410989604,-48.15154742327488
2212,kexp,2,2,1,0.1,-58.921542622926886,-57.80944767294074
2213,kexp,2,2,1,0.05,-59.679788803096386,-58.51757162492246
2214,kexp,2,2,1,0.01,-59.93371160681065,-58.75491824592161
2215,kexp,2,2,1,0,-59.94441538792299,-58.76492553500503
2216,kexp,2,2,1.5,0.5,-48.47572513226064,-48.40328887117348
2217,kexp,2,2,1.5,0.1,-52.81175140881747,-52.37997386120609
2218,kexp,2,2,1.5,0.05,-53.09158896637636,-52.64138976507138
2219,kexp,2,2,1.5,0.01,-53.18432304101979,-52.72808954929624
2220,kexp,2,2,1.5,0,-53.18822143995755,-52.73173502375541
2221,kexp,2,2.5,0.5,0.5,-48.94442103078111,-48.546041277103654
2222,kexp,2,2.5,0.5,0.1,-76.60325636515279,-73.51034816138626
2223,kexp,2,2.5,0.5,0.05,-79.16064590173,-75.8320615450875
2224,kexp,2,2.5,0.5,0.01,-80.03774828991688,-76.62893827178895
2225,kexp,2,2.5,0.5,0,-80.07495412844649,-76.66274790131587
2226,kexp,2,2.5,1,0.5,-47.65802927261736,-47.426668617641674
2227,kexp,2,2.5,1,0.1,-55.52162544377372,-54.443699737924526
2228,kexp,2,2.5,1,0.05,-56.05935335634198,-54.930739203318566
2229,kexp,2,2.5,1,0.01,-56.238485585055265,-55.093110244712406
2230,kexp,2,2.5,1,0,-56.24602630097583,-55.099946723060874
2231,kexp,2,2.5,1.5,0.5,-47.93472778334155,-47.9185484773765
2232,kexp,2,2.5,1.5,0.1,-50.84508181123614,-50.47865497327076
2233,kexp,2,2.5,1.5,0.05,-51.03001510129891,-50.64548913542639
2234,kexp,2,2.5,1.5,0.01,-51.09113931774997,-50.70068383120068
2235,kexp,2,2.5,1.5,0,-51.093707125180664,-50.70300309700868
2236,kexp,2,3,0.5,0.5,-48.118057528593916,-47.76302468025316
2237,kexp,2,3,0.5,0.1,-71.2524667307446,-68.17151260415369
2238,kexp,2,3,0.5,0.05,-73.27325482687684,-69.95128751675091
2239,kexp,2,3,0.5,0.01,-73.96177719190761,-70.55770735502529
2240,kexp,2,3,0.5,0,-73.99093253315228,-70.58338636292122
2241,kexp,2,3,1,0.5,-47.00896941430942,-46.830147285645104
2242,kexp,2,3,1,0.1,-53.07514840766322,-52.053473703957735
2243,kexp,2,3,1,0.05,-53.47881419621046,-52.40603808540171
2244,kexp,2,3,1,0.01,-53.61289845263088,-52.52321321858314
2245,kexp,2,3,1,0,-53.61853857273195,-52.52814276279317
2246,kexp,2,3,1.5,0.5,-47.480544743259706,-47.52572529220649
2247,kexp,2,3,1.5,0.1,-49.446606407543406,-49.15253191856513
2248,kexp,2,3,1.5,0.05,-49.57440801585637,-49.262491154816814
2249,kexp,2,3,1.5,0.01,-49.61662416255492,-49.29885707531376
2250,kexp,2,3,1.5,0,-49.61839735262969,-49.30038499612624
2251,kexp,2,3.5,0.5,0.5,-47.39453130429289,-47.0912271422667
2252,kexp,2,3.5,0.5,0.1,-67.15732482014288,-64.11636993800008
2253,kexp,2,3.5,0.5,0.05,-68.82140222887443,-65.5348505953402
2254,kexp,2,3.5,0.5,0.01,-69.3861195852092,-66.01580875278583
2255,kexp,2,3.5,0.5,0,-69.41000710549214,-66.03614873261532
2256,kexp,2,3.5,1,0.5,-46.444126104667745,-46.32045631008352
2257,kexp,2,3.5,1,0.1,-51.220180071071304,-50.25962802536535
2258,kexp,2,3.5,1,0.05,-51.53580607105172,-50.523703279562845
2259,kexp,2,3.5,1,0.01,-51.640500987465614,-50.611324914122534
2260,kexp,2,3.5,1,0,-51.6449032642918,-50.61500954972784
2261,kexp,2,3.5,1.5,0.5,-47.08772332806733,-47.192464811200345
2262,kexp,2,3.5,1.5,0.1,-48.39207325191397,-48.167255350157234
2263,kexp,2,3.5,1.5,0.05,-48.48264873483831,-48.240129928279124
2264,kexp,2,3.5,1.5,0.01,-48.512600381369836,-48.264271853341334
2265,kexp,2,3.5,1.5,0,-48.513858750602424,-48.26528658881411
2266,kexp,2,4,0.5,0.5,-46.76082598713308,-46.51070549636437
2267,kexp,2,4,0.5,0.1,-63.963073290543704,-60.97131587544557
2268,kexp,2,4,0.5,0.05,-65.38003367619244,-62.138610236081234
2269,kexp,2,4,0.5,0.01,-65.85977554318285,-62.533110135748686
2270,kexp,2,4,0.5,0,-65.88005623320944,-62.54977943553786
2271,kexp,2,4,1,0.5,-45.95576730970343,-45.884866125507095
2272,kexp,2,4,1,0.1,-49.78295146913471,-48.880566243592014
2273,kexp,2,4,1,0.05,-50.038203061395656,-49.08378550260132
2274,kexp,2,4,1,0.01,-50.12284220998818,-49.15117695680345
2275,kexp,2,4,1,0,-50.1264008266108,-49.154010440956675
2276,kexp,2,4,1.5,0.5,-46.75055586648575,-46.90970672981852
2277,kexp,2,4,1.5,0.1,-47.57807261714228,-47.41533329239383
2278,kexp,2,4,1.5,0.05,-47.64330089974094,-47.46291369482278
2279,kexp,2,4,1.5,0.01,-47.66492981280907,-47.47874475915393
2280,kexp,2,4,1.5,0,-47.66583912445958,-47.479410876149416
2281,kexp,2,6,0.5,0.5,-44.99861578698759,-44.92703610957685
2282,kexp,2,6,0.5,0.1,-56.60313103200261,-53.79058741625098
2283,kexp,2,6,0.5,0.05,-57.55035658622528,-54.47692935790884
2284,kexp,2,6,0.5,0.01,-57.87062009041763,-54.70787600853657
2285,kexp,2,6,0.5,0,-57.88415418048382,-54.71762341072572
2286,kexp,2,6,1,0.5,-44.64782008669006,-44.737792264650444
2287,kexp,2,6,1,0.1,-46.51193350653806,-45.78230637363471
2288,kexp,2,6,1,0.05,-46.65452114021215,-45.871286117353236
2289,kexp,2,6,1,0.01,-46.70198500849266,-45.90094182791029
2290,kexp,2,6,1,0,-46.70398251662398,-45.902190233232304
2291,kexp,2,6,1.5,0.5,-45.86661282074629,-46.18214670697595
2292,kexp,2,6,1.5,0.1,-45.74260408259099,-45.752866799824055
2293,kexp,2,6,1.5,0.05,-45.76124207860928,-45.75377865322013
2294,kexp,2,6,1.5,0.01,-45.76764395306573,-45.75434284666232
2295,kexp,2,6,1.5,0,-45.76791539539375,-45.7543692741293
2296,kexp,2,8,0.5,0.5,-44.09999450246878,-44.142105221336884
2297,kexp,2,8,0.5,0.1,-53.534173376613744,-50.84203861798869
2298,kexp,2,8,0.5,0.05,-54.3265885399891,-51.36831596225929
2299,kexp,2,8,0.5,0.01,-54.595020751833715,-51.54553420003854
2300,kexp,2,8,0.5,0,-54.606370126055744,-51.55301541208315
2301,kexp,2,8,1,0.5,-44.018315977861256,-44.20132206158232
2302,kexp,2,8,1,0.1,-45.176714773331355,-44.5456832259473
2303,kexp,2,8,1,0.05,-45.28335381050437,-44.59793618365833
2304,kexp,2,8,1,0.01,-45.319044299253825,-44.615544072673
2305,kexp,2,8,1,0,-45.32054835462429,-44.61628731261493
2306,kexp,2,8,1.5,0.5,-45.457574148081015,-45.858374267616334
2307,kexp,2,8,1.5,0.1,-45.00989644284326,-45.11258219377881
2308,kexp,2,8,1.5,0.05,-45.0141350264402,-45.09901999088851
2309,kexp,2,8,1.5,0.01,-45.015855593126275,-45.0948721444925
2310,kexp,2,8,1.5,0,-45.015931197539516,-45.094701379523116
2311,kexp,2,10,0.5,0.5,-43.64942706527221,-43.76189420459088
2312,kexp,2,10,0.5,0.1,-52.14348112785882,-49.52937907321319
2313,kexp,2,10,0.5,0.05,-52.87457871275919,-49.99183048876324
2314,kexp,2,10,0.5,0.01,-53.12262805344147,-50.147759275298476
2315,kexp,2,10,0.5,0,-53.133119878787234,-50.1543440002709
2316,kexp,2,10,1,0.5,-43.715872255476015,-43.953702555847556
2317,kexp,2,10,1,0.1,-44.5847719016909,-44.012482051058015
2318,kexp,2,10,1,0.05,-44.677619777348255,-44.050593758142284
2319,kexp,2,10,1,0.01,-44.70881192290708,-44.063579034879325
2320,kexp,2,10,1,0,-44.71012763788606,-44.06412862318066
2321,kexp,2,10,1.5,0.5,-45.26848058536791,-45.71795023178789
2322,kexp,2,10,1.5,0.1,-44.694206005566755,-44.849740261856134
2323,kexp,2,10,1.5,0.05,-44.69312150250894,-44.83083852011879
2324,kexp,2,10,1.5,0.01,-44.69311683651805,-44.82495687187241
2325,kexp,2,10,1.5,0,-44.69312032431245,-44.8247135975493
2326,kexp,2,25,0.5,0.5,-43.135833189147995,-43.37791423842936
2327,kexp,2,25,0.5,0.1,-50.67089419463468,-48.227451074881735
2328,kexp,2,25,0.5,0.05,-51.34466486387202,-48.63068761373851
2329,kexp,2,25,0.5,0.01,-51.57377213491349,-48.7669477246941
2330,kexp,2,25,0.5,0,-51.58346825408488,-48.77270510133905
2331,kexp,2,25,1,0.5,-43.40500805970175,-43.753948456778716
2332,kexp,2,25,1,0.1,-44.00362288209452,-43.56656632888766
2333,kexp,2,25,1,0.05,-44.0844505888645,-43.59299936004216
2334,kexp,2,25,1,0.01,-44.11173744238066,-43.6021767354901
2335,kexp,2,25,1,0,-44.11288981158595,-43.60256690616578
2336,kexp,2,25,1.5,0.5,-45.10125209973865,-45.65524709719332
2337,kexp,2,25,1.5,0.1,-44.4200650354866,-44.69978548472284
2338,kexp,2,25,1.5,0.05,-44.41477112021456,-44.67720949958154
2339,kexp,2,25,1.5,0.01,-44.41340704898192,-44.67013731142025
2340,kexp,2,25,1.5,0,-44.413353764147466,-44.66984427450788
2341,kexp,2.25,0.2,0.5,0.5,-63.539921370969864,-63.92104440610975
2342,kexp,2.25,0.2,0.5,0.1,-312.91346011677547,-312.6807596976777
2343,kexp,2.25,0.2,0.5,0.05,-434.9749968736733,-434.58968446293585
2344,kexp,2.25,0.2,0.5,0.01,-504.45303836391355,-504.0196014308649
2345,kexp,2.25,0.2,0.5,0,-507.9319416715973,-507.4967317005694
2346,kexp,2.25,0.2,1,0.5,-60.24046681025704,-60.468267978499135
2347,kexp,2.25,0.2,1,0.1,-198.94258834209896,-198.8438092408731
2348,kexp,2.25,0.2,1,0.05,-240.871035409488,-240.7333807258799
2349,kexp,2.25,0.2,1,0.01,-259.64763244205295,-259.4987740184149
2350,kexp,2.25,0.2,1,0,-260.5097537058114,-260.360465217143
2351,kexp,2.25,0.2,1.5,0.5,-58.46825120847286,-58.637521124755125
2352,kexp,2.25,0.2,1.5,0.1,-151.0113309463646,-150.97889373548162
2353,kexp,2.25,0.2,1.5,0.05,-171.9411653926398,-171.8921122547829
2354,kexp,2.25,0.2,1.5,0.01,-180.44760493226704,-180.39380942322973
2355,kexp,2.25,0.2,1.5,0,-180.8263478133507,-180.7723664854704
2356,kexp,2.25,0.5,0.5,0.5,-58.80989817110585,-58.76862617858134
2357,kexp,2.25,0.5,0.5,0.1,-185.10086941340157,-182.74402923528632
2358,kexp,2.25,0.5,0.5,0.05,-216.39501371138948,-213.68926646712643
2359,kexp,2.25,0.5,0.5,0.01,-229.59617194003167,-226.75904865042202
2360,kexp,2.25,0.5,0.5,0,-230.19093988407766,-227.34809436440074
2361,kexp,2.25,0.5,1,0.5,-55.59836129505237,-55.46949025041838
2362,kexp,2.25,0.5,1,0.1,-113.21233069303607,-112.11052931164488
2363,kexp,2.25,0.5,1,0.05,-122.11091843314804,-120.91588825456655
2364,kexp,2.25,0.5,1,0.01,-125.42641011732405,-124.19880977156247
2365,kexp,2.25,0.5,1,0,-125.57030628407506,-124.34131722205834
2366,kexp,2.25,0.5,1.5,0.5,-54.141820251016895,-54.04512620139005
2367,kexp,2.25,0.5,1.5,0.1,-87.93679250699391,-87.30202830049345
2368,kexp,2.25,0.5,1.5,0.05,-91.9846203219653,-91.30831343452063
2369,kexp,2.25,0.5,1.5,0.01,-93.42566861819543,-92.73522993300602
2370,kexp,2.25,0.5,1.5,0,-93.48741851679975,-92.796381607343
2371,kexp,2.25,1,0.5,0.5,-54.111752890044684,-53.78275569456495
2372,kexp,2.25,1,0.5,0.1,-125.918421795137,-122.97234007779396
2373,kexp,2.25,1,0.5,0.05,-137.0889745201175,-133.88020778194405
2374,kexp,2.25,1,0.5,0.01,-141.25270594508865,-137.95222302900262
2375,kexp,2.25,1,0.5,0,-141.43344879970044,-138.12905536436375
2376,kexp,2.25,1,1,0.5,-51.69999110333251,-51.40774232496436
2377,kexp,2.25,1,1,0.1,-79.74747598512646,-78.51948313807365
2378,kexp,2.25,1,1,0.05,-82.59175301390344,-81.30070711460209
2379,kexp,2.25,1,1,0.01,-83.58098736132207,-82.2687974340395
2380,kexp,2.25,1,1,0,-83.62310908873025,-82.31002743180109
2381,kexp,2.25,1,1.5,0.5,-50.90788402343549,-50.745981094692326
2382,kexp,2.25,1,1.5,0.1,-65.50872448680425,-64.89404629563609
2383,kexp,2.25,1,1.5,0.05,-66.71627440663613,-66.07584072687969
2384,kexp,2.25,1,1.5,0.01,-67.12630508510091,-66.47735202559534
2385,kexp,2.25,1,1.5,0,-67.1436526182694,-66.49434155414745
2386,kexp,2.25,1.5,0.5,0.5,-51.837162014111804,-51.39017701420493
2387,kexp,2.25,1.5,0.5,0.1,-103.10885170788812,-99.7194151201988
2388,kexp,2.25,1.5,0.5,0.05,-109.43620782761312,-105.77285147901019
2389,kexp,2.25,1.5,0.5,0.01,-111.6949476460079,-107.93743404134243
2390,kexp,2.25,1.5,0.5,0,-111.7918102969175,-108.03030003789218
2391,kexp,2.25,1.5,1,0.5,-49.92888261665854,-49.58569718442556
2392,kexp,2.25,1.5,1,0.1,-68.00527957314252,-66.66018716491975
2393,kexp,2.25,1.5,1,0.05,-69.51819977637457,-68.11027103348297
2394,kexp,2.25,1.5,1,0.01,-70.03244048033824,-68.60362980768814
2395,kexp,2.25,1.5,1,0,-70.0542027294005,-68.62451352390327
2396,kexp,2.25,1.5,1.5,0.5,-49.525049950174946,-49.364413275932904
2397,kexp,2.25,1.5,1.5,0.1,-58.11150914231756,-57.49188374435782
2398,kexp,2.25,1.5,1.5,0.05,-58.72019418071217,-58.07614228550369
2399,kexp,2.25,1.5,1.5,0.01,-58.923746279015255,-58.27166748296943
2400,kexp,2.25,1.5,1.5,0,-58.93232364018709,-58.27990811920422
2401,kexp,2.25,2,0.5,0.5,-50.50767012953568,-50.03202240085932
2402,kexp,2.25,2,0.5,0.1,-90.70208315449737,-87.0822323590216
2403,kexp,2.25,2,0.5,0.05,-95.01533629289176,-91.10770615882291
2404,kexp,2.25,2,0.5,0.01,-96.52266724727968,-92.51654271272066
2405,kexp,2.25,2,0.5,0,-96.58693047900778,-92.57663034989437
2406,kexp,2.25,2,1,0.5,-48.889580800948835,-48.55497131320804
2407,kexp,2.25,2,1,0.1,-61.94474006708522,-60.56798642242865
2408,kexp,2.25,2,1,0.05,-62.92636292799235,-61.485307728264715
2409,kexp,2.25,2,1,0.01,-63.25635829113489,-61.793986184239536
2410,kexp,2.25,2,1,0,-63.2702828519122,-61.80701450090579
2411,kexp,2.25,2,1.5,0.5,-48.748702470370176,-48.62740892646065
2412,kexp,2.25,2,1.5,0.1,-54.450932477406134,-53.86911721983044
2413,kexp,2.25,2,1.5,0.05,-54.82570205715938,-54.21970870727907
2414,kexp,2.25,2,1.5,0.01,-54.95015570228231,-54.33623053085268
2415,kexp,2.25,2,1.5,0,-54.955390409543604,-54.34113265124482
2416,kexp,2.25,2.5,0.5,0.5,-49.52229847986281,-49.067028795115604
2417,kexp,2.25,2.5,0.5,0.1,-82.47351305333116,-78.7783985937312
2418,kexp,2.25,2.5,0.5,0.05,-85.69957284473962,-81.70783477514857
2419,kexp,2.25,2.5,0.5,0.01,-86.81326567983643,-82.72008661259315
2420,kexp,2.25,2.5,0.5,0,-86.86058988544096,-82.76311126712685
2421,kexp,2.25,2.5,1,0.5,-48.102142445386654,-47.80963755774262
2422,kexp,2.25,2.5,1,0.1,-58.04909455465323,-56.70458752823085
2423,kexp,2.25,2.5,1,0.05,-58.75099965666307,-57.34145373288601
2424,kexp,2.25,2.5,1,0.01,-58.98552123161981,-57.55441956435771
2425,kexp,2.25,2.5,1,0,-58.99540128433134,-57.56339339692948
2426,kexp,2.25,2.5,1.5,0.5,-48.174252385893276,-48.11374162505655
2427,kexp,2.25,2.5,1.5,0.1,-52.15700877931106,-51.64545383314328
2428,kexp,2.25,2.5,1.5,0.05,-52.410315294829,-51.87494004658522
2429,kexp,2.25,2.5,1.5,0.01,-52.49413930824653,-51.95094934280356
2430,kexp,2.25,2.5,1.5,0,-52.49766185064443,-51.95414420688551
2431,kexp,2.25,3,0.5,0.5,-48.687168775751076,-48.276943094057906
2432,kexp,2.25,3,0.5,0.1,-76.41597772475701,-72.72354817846804
2433,kexp,2.25,3,0.5,0.05,-78.96755147700313,-74.97154687583884
2434,kexp,2.25,3,0.5,0.01,-79.84180215079165,-75.74189726764617
2435,kexp,2.25,3,0.5,0,-79.87887704362305,-75.77456743860236
2436,kexp,2.25,3,1,0.5,-47.42709967256968,-47.19185116823507
2437,kexp,2.25,3,1,0.1,-55.23174849308464,-53.94683841694159
2438,kexp,2.25,3,1,0.05,-55.76303462428035,-54.4124415514362
2439,kexp,2.25,3,1,0.01,-55.939923692603855,-54.567545920307566
2440,kexp,2.25,3,1,0,-55.9473689009493,-54.574075114762415
2441,kexp,2.25,3,1.5,0.5,-47.68674515386336,-47.69453585575782
2442,kexp,2.25,3,1.5,0.1,-50.51897357274131,-50.08766365390307
2443,kexp,2.25,3,1.5,0.05,-50.69890444783317,-50.24401584331187
2444,kexp,2.25,3,1.5,0.01,-50.75835881271457,-50.2957283259026
2445,kexp,2.25,3,1.5,0,-50.76085628675298,-50.29790110684977
2446,kexp,2.25,3.5,0.5,0.5,-47.94663745049187,-47.592022279876076
2447,kexp,2.25,3.5,0.5,0.1,-71.74415195361459,-68.08675555128428
2448,kexp,2.25,3.5,0.5,0.05,-73.84564296310818,-69.87826237091434
2449,kexp,2.25,3.5,0.5,0.01,-74.56234392813045,-70.48873299727413
2450,kexp,2.25,3.5,0.5,0,-74.59270005431956,-70.51458408096916
2451,kexp,2.25,3.5,1,0.5,-46.8305646639489,-46.65668307972818
2452,kexp,2.25,3.5,1,0.1,-53.082807050983305,-51.86381002770598
2453,kexp,2.25,3.5,1,0.05,-53.50168776721979,-52.21623064330617
2454,kexp,2.25,3.5,1,0.01,-53.64088834912982,-52.333366824125186
2455,kexp,2.25,3.5,1,0,-53.64674435799213,-52.338294819805355
2456,kexp,2.25,3.5,1.5,0.5,-47.25939792691532,-47.33464944956959
2457,kexp,2.25,3.5,1.5,0.1,-49.278018102968545,-48.9243552814583
2458,kexp,2.25,3.5,1.5,0.05,-49.40998037126998,-49.032805388207144
2459,kexp,2.25,3.5,1.5,0.01,-49.453584270067665,-49.06868108365654
2460,kexp,2.25,3.5,1.5,0,-49.455415892585826,-49.070188499459476
2461,kexp,2.25,4,0.5,0.5,-47.286844282832014,-46.99034395477694
2462,kexp,2.25,4,0.5,0.1,-68.06938244713845,-64.45695822735355
2463,kexp,2.25,4,0.5,0.05,-69.85802684851745,-65.92956950453124
2464,kexp,2.25,4,0.5,0.01,-70.466362723516,-66.42946586253662
2465,kexp,2.25,4,0.5,0,-70.49211040212997,-66.45061329256372
2466,kexp,2.25,4,1,0.5,-46.30600620369172,-46.191569071749065
2467,kexp,2.25,4,1,0.1,-51.40646854688755,-50.25015917293823
2468,kexp,2.25,4,1,0.05,-51.74804780085061,-50.524403032726795
2469,kexp,2.25,4,1,0.01,-51.861473085345324,-50.61545212024034
2470,kexp,2.25,4,1,0,-51.866243788484326,-50.61928146752151
2471,kexp,2.25,4,1.5,0.5,-46.887280346767255,-47.024920922859955
2472,kexp,2.25,4,1.5,0.1,-48.314872332955126,-48.031079108671065
2473,kexp,2.25,4,1.5,0.05,-48.41407804907926,-48.106709478481
2474,kexp,2.25,4,1.5,0.01,-48.44689924890058,-48.13177400720106
2475,kexp,2.25,4,1.5,0,-48.448278350643996,-48.13282762588837
2476,kexp,2.25,6,0.5,0.5,-45.36997634686752,-45.271522986191115
2477,kexp,2.25,6,0.5,0.1,-59.43423594127589,-55.97825096143718
2478,kexp,2.25,6,0.5,0.05,-60.62503157142455,-56.834514016752145
2479,kexp,2.25,6,0.5,0.01,-61.029293274061416,-57.12365321602411
2480,kexp,2.25,6,0.5,0,-61.046395541264594,-57.13586806779248
2481,kexp,2.25,6,1,0.5,-44.84704062903235,-44.91618720865026
2482,kexp,2.25,6,1,0.1,-47.52759710731842,-46.55378889474999
2483,kexp,2.25,6,1,0.05,-47.724303317981764,-46.680041581095956
2484,kexp,2.25,6,1,0.01,-47.78979242701576,-46.7220660509059
2485,kexp,2.25,6,1,0,-47.792548699079546,-46.72383461846201
2486,kexp,2.25,6,1.5,0.5,-45.880611869011005,-46.20074013066403
2487,kexp,2.25,6,1.5,0.1,-46.11294488425145,-46.02398437008663
2488,kexp,2.25,6,1.5,0.05,-46.15168483915639,-46.03854958846871
2489,kexp,2.25,6,1.5,0.01,-46.164707196933165,-46.043599007308146
2490,kexp,2.25,6,1.5,0,-46.165256518403034,-46.043813568743495
2491,kexp,2.25,8,0.5,0.5,-44.32026266074591,-44.348252694727485
2492,kexp,2.25,8,0.5,0.1,-55.69921043653281,-52.33889965345694
2493,kexp,2.25,8,0.5,0.05,-56.69109743835666,-52.98627652803007
2494,kexp,2.25,8,0.5,0.01,-57.02855756884502,-53.205070260375386
2495,kexp,2.25,8,0.5,0,-57.04284185822654,-53.21431551667388
2496,kexp,2.25,8,1,0.5,-44.10217704748353,-44.27759503202775
2497,kexp,2.25,8,1,0.1,-45.892302843122714,-45.01861971545131
2498,kexp,2.25,8,1,0.05,-46.042434064124144,-45.09651578959315
2499,kexp,2.25,8,1,0.01,-46.09264546440185,-45.12265044397843
2500,kexp,2.25,8,1,0,-46.09476114935871,-45.12375246141075
2501,kexp,2.25,8,1.5,0.5,-45.391095484682474,-45.811946887728276
2502,kexp,2.25,8,1.5,0.1,-45.208941975487825,-45.2234958872111
2503,kexp,2.25,8,1.5,0.05,-45.22886590548326,-45.218823451213936
2504,kexp,2.25,8,1.5,0.01,-45.23576460473949,-45.21760278676181
2505,kexp,2.25,8,1.5,0,-45.236057679791344,-45.21755487638498
2506,kexp,2.25,10,0.5,0.5,-43.75947015370925,-43.865636762110306
2507,kexp,2.25,10,0.5,0.1,-53.94175309409743,-50.63982799596956
2508,kexp,2.25,10,0.5,0.05,-54.85377249431013,-51.20194326505728
2509,kexp,2.25,10,0.5,0.01,-55.164635708581756,-51.39224225914607
2510,kexp,2.25,10,0.5,0,-55.17780049281718,-51.40028701261346
2511,kexp,2.25,10,1,0.5,-43.72461790232267,-43.96201050977264
2512,kexp,2.25,10,1,0.1,-45.14125346039537,-44.325081270517394
2513,kexp,2.25,10,1,0.05,-45.27330116052404,-44.383937844694856
2514,kexp,2.25,10,1,0.01,-45.317608811757864,-44.4038424155721
2515,kexp,2.25,10,1,0,-45.31947725666552,-44.40468337338843
2516,kexp,2.25,10,1.5,0.5,-45.15369149009325,-45.63175461202267
2517,kexp,2.25,10,1.5,0.1,-44.80632037058554,-44.879127801194905
2518,kexp,2.25,10,1.5,0.05,-44.81921081197657,-44.86719772913941
2519,kexp,2.25,10,1.5,0.01,-44.82382856354571,-44.863618812536885
2520,kexp,2.25,10,1.5,0,-44.82402627800493,-44.86347226037686
2521,kexp,2.25,25,0.5,0.5,-43.03630751220742,-43.29205406714966
2522,kexp,2.25,25,0.5,0.1,-51.924356430028226,-48.75571149896025
2523,kexp,2.25,25,0.5,0.05,-52.75892861629845,-49.232997972461924
2524,kexp,2.25,25,0.5,0.01,-53.04418818637464,-49.39510081210071
2525,kexp,2.25,25,0.5,0,-53.05627727255313,-49.401959290547516
2526,kexp,2.25,25,1,0.5,-43.284617853157656,-43.648743374401064
2527,kexp,2.25,25,1,0.1,-44.33382267116586,-43.652095824162
2528,kexp,2.25,25,1,0.05,-44.44950651846994,-43.6938476657322
2529,kexp,2.25,25,1,0.01,-44.48849656982705,-43.70817346068652
2530,kexp,2.25,25,1,0,-44.49014258483625,-43.708780844759
2531,kexp,2.25,25,1.5,0.5,-44.909937024758825,-45.51034714043832
2532,kexp,2.25,25,1.5,0.1,-44.415461210224976,-44.6248512204396
2533,kexp,2.25,25,1.5,0.05,-44.42255573019436,-44.607325938077345
2534,kexp,2.25,25,1.5,0.01,-44.4253015850843,-44.601933807037526
2535,kexp,2.25,25,1.5,0,-44.42542112232198,-44.601711462894535
2536,kexp,2.5,0.2,0.5,0.5,-64.05504367770841,-64.47048101255079
2537,kexp,2.5,0.2,0.5,0.1,-333.08514781006926,-332.7898803336937
2538,kexp,2.5,0.2,0.5,0.05,-474.4448192223228,-473.957501921932
2539,kexp,2.5,0.2,0.5,0.01,-558.6577673766132,-558.1093971510084
2540,kexp,2.5,0.2,0.5,0,-562.9521797045751,-562.4016123541994
2541,kexp,2.5,0.2,1,0.5,-60.76224265348894,-61.008458472036835
2542,kexp,2.5,0.2,1,0.1,-213.39216221829656,-213.2526984910817
2543,kexp,2.5,0.2,1,0.05,-263.19401922323163,-263.00492413138255
2544,kexp,2.5,0.2,1,0.01,-286.1804875293819,-285.97724544004785
2545,kexp,2.5,0.2,1,0,-287.2465638147915,-287.0427881248306
2546,kexp,2.5,0.2,1.5,0.5,-58.9230525781704,-59.10383071433028
2547,kexp,2.5,0.2,1.5,0.1,-162.03734084627732,-161.9766587030431
2548,kexp,2.5,0.2,1.5,0.05,-187.20458430328873,-187.12261394398493
2549,kexp,2.5,0.2,1.5,0.01,-197.66630904825485,-197.5783616039527
2550,kexp,2.5,0.2,1.5,0,-198.13534861340818,-198.04717014358795
2551,kexp,2.5,0.5,0.5,0.5,-59.4132418621044,-59.382056091247875
2552,kexp,2.5,0.5,0.5,0.1,-199.60993342494731,-196.902385819594
2553,kexp,2.5,0.5,0.5,0.05,-237.02727775129333,-233.88465730174153
2554,kexp,2.5,0.5,0.5,0.01,-253.21582718918597,-249.9065523558125
2555,kexp,2.5,0.5,0.5,0,-253.95111148165833,-250.63454138126176
2556,kexp,2.5,0.5,1,0.5,-56.161609583857974,-56.01840337708502
2557,kexp,2.5,0.5,1,0.1,-121.59691164386192,-120.30230644803234
2558,kexp,2.5,0.5,1,0.05,-132.43335782062556,-131.02086921914864
2559,kexp,2.5,0.5,1,0.01,-136.53045752873334,-135.07639543018368
2560,kexp,2.5,0.5,1,0,-136.70902653667488,-135.25318729486625
2561,kexp,2.5,0.5,1.5,0.5,-54.593792425603105,-54.476955773926086
2562,kexp,2.5,0.5,1.5,0.1,-93.57453146565132,-92.81076397270282
2563,kexp,2.5,0.5,1.5,0.05,-98.55182384289571,-97.73512098779968
2564,kexp,2.5,0.5,1.5,0.01,-100.34205772550101,-99.50723065136064
2565,kexp,2.5,0.5,1.5,0,-100.41898832091368,-99.58339269864271
2566,kexp,2.5,1,0.5,0.5,-54.68007985471637,-54.33640035519795
2567,kexp,2.5,1,0.5,0.1,-136.05781454427108,-132.66228844763458
2568,kexp,2.5,1,0.5,0.05,-149.63435048731367,-145.9136215188816
2569,kexp,2.5,1,0.5,0.01,-154.76846485439495,-150.93321311643857
2570,kexp,2.5,1,0.5,0,-154.99226049882662,-151.1521140648365
2571,kexp,2.5,1,1,0.5,-52.18847059736772,-51.85743082810283
2572,kexp,2.5,1,1,0.1,-84.90395872022971,-83.45092747487817
2573,kexp,2.5,1,1,0.05,-88.4189837352544,-86.88674305513445
2574,kexp,2.5,1,1,0.01,-89.65103171846327,-88.09210662604806
2575,kexp,2.5,1,1,0,-89.70360302273919,-88.14355115495454
2576,kexp,2.5,1,1.5,0.5,-51.261626241555064,-51.0608141958456
2577,kexp,2.5,1,1.5,0.1,-68.6829844040878,-67.92708606143506
2578,kexp,2.5,1,1.5,0.05,-70.1938290656985,-69.40514502340807
2579,kexp,2.5,1,1.5,0.01,-70.70952572941563,-69.9099629113276
2580,kexp,2.5,1,1.5,0,-70.7313739638568,-69.93135361814653
2581,kexp,2.5,1.5,0.5,0.5,-52.36242020232318,-51.88220700612785
2582,kexp,2.5,1.5,0.5,0.1,-111.1669505956472,-107.2478677219064
2583,kexp,2.5,1.5,0.5,0.05,-118.90760025443556,-114.65154395513284
2584,kexp,2.5,1.5,0.5,0.01,-121.69916192312554,-117.32659731063147
2585,kexp,2.5,1.5,0.5,0,-121.8192123867256,-117.44169465171815
2586,kexp,2.5,1.5,1,0.5,-50.37550013758288,-49.97969655154525
2587,kexp,2.5,1.5,1,0.1,-71.84610721805808,-70.24525763647522
2588,kexp,2.5,1.5,1,0.05,-73.73211302434343,-72.05277052819058
2589,kexp,2.5,1.5,1,0.01,-74.37654386951984,-72.67103807258141
2590,kexp,2.5,1.5,1,0,-74.40385374833377,-72.697246362398
2591,kexp,2.5,1.5,1.5,0.5,-49.82435975087883,-49.616039256027086
2592,kexp,2.5,1.5,1.5,0.1,-60.34689019552029,-59.57224910155
2593,kexp,2.5,1.5,1.5,0.05,-61.11929075164025,-60.31362930289025
2594,kexp,2.5,1.5,1.5,0.01,-61.37846035916062,-60.56258510529259
2595,kexp,2.5,1.5,1.5,0,-61.38939096880172,-60.57308703256261
2596,kexp,2.5,2,0.5,0.5,-51.01771043969799,-50.49830670382155
2597,kexp,2.5,2,0.5,0.1,-97.51032649016544,-93.31131599206097
2598,kexp,2.5,2,0.5,0.05,-102.80507292376221,-98.25287254960246
2599,kexp,2.5,2,0.5,0.01,-104.67019095705085,-99.99650602140866
2600,kexp,2.5,2,0.5,0,-104.74987996570293,-100.07103802386206
2601,kexp,2.5,2,1,0.5,-49.31574702525244,-48.92264623121459
2602,kexp,2.5,2,1,0.1,-65.05148843497362,-63.402431276875284
2603,kexp,2.5,2,1,0.05,-66.28368872512799,-64.55443195495116
2604,kexp,2.5,2,1,0.01,-66.69956231612716,-64.94365169541035
2605,kexp,2.5,2,1,0,-66.7171288534471,-64.96009688030165
2606,kexp,2.5,2,1.5,0.5,-49.01387537967206,-48.842879218603294
2607,kexp,2.5,2,1.5,0.1,-56.18054038733908,-55.438699945980275
2608,kexp,2.5,2,1.5,0.05,-56.66289128738558,-55.89031781795995
2609,kexp,2.5,2,1.5,0.01,-56.823444686949195,-56.04077296917659
2610,kexp,2.5,2,1.5,0,-56.830201916006956,-56.04710659909981
2611,kexp,2.5,2.5,0.5,0.5,-50.02963529455923,-49.526784777845094
2612,kexp,2.5,2.5,0.5,0.1,-88.39890021611704,-84.10029410931291
2613,kexp,2.5,2.5,0.5,0.05,-92.3670643087721,-87.70464610659033
2614,kexp,2.5,2.5,0.5,0.01,-93.74600417362103,-88.95857292665495
2615,kexp,2.5,2.5,0.5,0,-93.80470313057545,-89.01196657933399
2616,kexp,2.5,2.5,1,0.5,-48.51190707126647,-48.16078074774087
2617,kexp,2.5,2.5,1,0.1,-60.66190504277515,-59.040605282603465
2618,kexp,2.5,2.5,1,0.05,-61.5486416779039,-59.84619847752975
2619,kexp,2.5,2.5,1,0.01,-61.84584953028737,-60.11644899767801
2620,kexp,2.5,2.5,1,0,-61.858380725763716,-60.127846189883805
2621,kexp,2.5,2.5,1.5,0.5,-48.41039500123424,-48.30289258846764
2622,kexp,2.5,2.5,1.5,0.1,-53.55470120649438,-52.88564849320028
2623,kexp,2.5,2.5,1.5,0.05,-53.885879984190545,-53.18647145060284
2624,kexp,2.5,2.5,1.5,0.01,-53.9956486152524,-53.28626644759051
2625,kexp,2.5,2.5,1.5,0,-54.00026335749592,-53.290462826743266
2626,kexp,2.5,3,0.5,0.5,-49.1924074410177,-48.73501946549899
2627,kexp,2.5,3,0.5,0.1,-81.65492113330467,-77.34764295544109
2628,kexp,2.5,3,0.5,0.05,-84.79702658603927,-80.11718169922085
2629,kexp,2.5,3,0.5,0.01,-85.87974529241767,-81.07176828829544
2630,kexp,2.5,3,0.5,0,-85.92573025527145,-81.11231428766155
2631,kexp,2.5,3,1,0.5,-47.81750636889313,-47.52692236680016
2632,kexp,2.5,3,1,0.1,-57.474184149123374,-55.91381255765731
2633,kexp,2.5,3,1,0.05,-58.14958296280916,-56.50713606372898
2634,kexp,2.5,3,1,0.01,-58.37502926275377,-56.70529473016286
2635,kexp,2.5,3,1,0,-58.3845245594673,-56.7136419016972
2636,kexp,2.5,3,1.5,0.5,-47.893728916335284,-47.85991052453183
2637,kexp,2.5,3,1.5,0.1,-51.67263044101819,-51.08974780051793
2638,kexp,2.5,3,1.5,0.05,-51.9122106994324,-51.29917172257163
2639,kexp,2.5,3,1.5,0.01,-51.99145001677835,-51.36849452024812
2640,kexp,2.5,3,1.5,0,-51.99477942755012,-51.37140787306694
2641,kexp,2.5,3.5,0.5,0.5,-48.444325720373655,-48.04541780761354
2642,kexp,2.5,3.5,0.5,0.1,-76.4234795972115,-72.14489614105581
2643,kexp,2.5,3.5,0.5,0.05,-79.01258877305945,-74.35296042515525
2644,kexp,2.5,3.5,0.5,0.01,-79.90007032129522,-75.10920360560985
2645,kexp,2.5,3.5,0.5,0,-79.93771038284333,-75.14127067147933
2646,kexp,2.5,3.5,1,0.5,-47.19673777753377,-46.97259239227415
2647,kexp,2.5,3.5,1,0.1,-55.03195597742468,-53.54070078538746
2648,kexp,2.5,3.5,1,0.05,-55.567758249354874,-53.99324834956186
2649,kexp,2.5,3.5,1,0.01,-55.74619170113247,-54.14397172603426
2650,kexp,2.5,3.5,1,0,-55.75370234793295,-54.15031614245045
2651,kexp,2.5,3.5,1.5,0.5,-47.43598977616459,-47.47625988584375
2652,kexp,2.5,3.5,1.5,0.1,-50.24165496136612,-49.74317990549457
2653,kexp,2.5,3.5,1.5,0.05,-50.42119074651339,-49.89251508831695
2654,kexp,2.5,3.5,1.5,0.01,-50.48053028687641,-49.941912501065715
2655,kexp,2.5,3.5,1.5,0,-50.4830231029901,-49.94398806614198
2656,kexp,2.5,4,0.5,0.5,-47.76963477091338,-47.433002729106796
2657,kexp,2.5,4,0.5,0.1,-72.28316843243626,-68.04430262170118
2658,kexp,2.5,4,0.5,0.05,-74.48687424761431,-69.85864509670894
2659,kexp,2.5,4,0.5,0.01,-75.23987224186908,-70.47734964947195
2660,kexp,2.5,4,0.5,0,-75.27178198916745,-70.50355452944751
2661,kexp,2.5,4,1,0.5,-46.64367239241654,-46.48477889054549
2662,kexp,2.5,4,1,0.1,-53.117558985843345,-51.69219747486264
2663,kexp,2.5,4,1,0.05,-53.55714838916203,-52.04717601305886
2664,kexp,2.5,4,1,0.01,-53.703378924243545,-52.165215805882674
2665,kexp,2.5,4,1,0,-53.70953229285964,-52.17018239686861
2666,kexp,2.5,4,1.5,0.5,-47.03287656963201,-47.14251722632132
2667,kexp,2.5,4,1.5,0.1,-49.1266347066477,-48.70444520218006
2668,kexp,2.5,4,1.5,0.05,-49.26507261987197,-48.812461445569554
2669,kexp,2.5,4,1.5,0.01,-49.310849248075755,-48.84821272851414
2670,kexp,2.5,4,1.5,0,-49.31277249412435,-48.8497151193837
2671,kexp,2.5,6,0.5,0.5,-45.7411965720514,-45.620615915157146
2672,kexp,2.5,6,0.5,0.1,-62.41440079721673,-58.30491447746237
2673,kexp,2.5,6,0.5,0.05,-63.878910558846705,-59.35302087754059
2674,kexp,2.5,6,0.5,0.01,-64.37818242843089,-59.70822239323312
2675,kexp,2.5,6,0.5,0,-64.3993276473567,-59.723242472428495
2676,kexp,2.5,6,1,0.5,-45.05850986559654,-45.10433564051312
2677,kexp,2.5,6,1,0.1,-48.63574581647089,-47.39865396847616
2678,kexp,2.5,6,1,0.05,-48.89449444381676,-47.567774318912114
2679,kexp,2.5,6,1,0.01,-48.98071694460505,-47.62406447261022
2680,kexp,2.5,6,1,0,-48.984346733688234,-47.62643341703186
2681,kexp,2.5,6,1.5,0.5,-45.914991568118424,-46.231277437185526
2682,kexp,2.5,6,1.5,0.1,-46.552649526464684,-46.34341597576233
2683,kexp,2.5,6,1.5,0.05,-46.614988780036114,-46.374047155343256
2684,kexp,2.5,6,1.5,0.01,-46.63580010407616,-46.3843840480374
2685,kexp,2.5,6,1.5,0,-46.63667652917879,-46.38482049862105
2686,kexp,2.5,8,0.5,0.5,-44.56530441475489,-44.58289457688236
2687,kexp,2.5,8,0.5,0.1,-58.03114749049846,-53.9867003356628
2688,kexp,2.5,8,0.5,0.05,-59.24845227564687,-54.77196460113514
2689,kexp,2.5,8,0.5,0.01,-59.66442613770182,-55.03833741811492
2690,kexp,2.5,8,0.5,0,-59.68205445016325,-55.04960419387979
2691,kexp,2.5,8,1,0.5,-44.210712935349164,-44.37556680974507
2692,kexp,2.5,8,1,0.1,-46.70283826626262,-45.56451310295
2693,kexp,2.5,8,1,0.05,-46.90322249279505,-45.67224065429008
2694,kexp,2.5,8,1,0.01,-46.970267518566565,-45.70832044212122
2695,kexp,2.5,8,1,0,-46.97309285533586,-45.70984119942374
2696,kexp,2.5,8,1.5,0.5,-45.3502520790235,-45.782388065966884
2697,kexp,2.5,8,1.5,0.1,-45.47524615140267,-45.378868791410035
2698,kexp,2.5,8,1.5,0.05,-45.51381155645855,-45.3848508937085
2699,kexp,2.5,8,1.5,0.01,-45.52687689261239,-45.38714401079917
2700,kexp,2.5,8,1.5,0,-45.52742909044434,-45.38724363466435
2701,kexp,2.5,10,0.5,0.5,-43.90442599945243,-44.00637571814969
2702,kexp,2.5,10,0.5,0.1,-55.91099873122276,-51.89831360252332
2703,kexp,2.5,10,0.5,0.05,-57.02826340537427,-52.57464886297994
2704,kexp,2.5,10,0.5,0.01,-57.41085249788994,-52.80453452897902
2705,kexp,2.5,10,0.5,0,-57.427074830018,-52.81426317004566
2706,kexp,2.5,10,1,0.5,-43.76290552584541,-43.99619879143152
2707,kexp,2.5,10,1,0.1,-45.79264313479741,-44.707994288621165
2708,kexp,2.5,10,1,0.05,-45.97021493309063,-44.79120271862113
2709,kexp,2.5,10,1,0.01,-46.02980441528363,-44.81924990596124
2710,kexp,2.5,10,1,0,-46.03231744039083,-44.8204339709645
2711,kexp,2.5,10,1.5,0.5,-45.06660393627994,-45.564369097908276
2712,kexp,2.5,10,1.5,0.1,-44.98450615937968,-44.950736115453545
2713,kexp,2.5,10,1.5,0.05,-45.014128014934265,-44.94728444282753
2714,kexp,2.5,10,1.5,0.01,-45.024290911522804,-44.946509729442425
2715,kexp,2.5,10,1.5,0,-45.02472174390112,-44.946481004665344
2716,kexp,2.5,25,0.5,0.5,-42.96222934247177,-43.225393622428676
2717,kexp,2.5,25,0.5,0.1,-53.324708168242715,-49.37264535128676
2718,kexp,2.5,25,0.5,0.05,-54.34290891264826,-49.935108124750435
2719,kexp,2.5,25,0.5,0.01,-54.692714702251756,-50.12710405408354
2720,kexp,2.5,25,0.5,0,-54.70755931160044,-50.135238138949745
2721,kexp,2.5,25,1,0.5,-43.18960446070195,-43.558989213710504
2722,kexp,2.5,25,1,0.1,-44.74947135437726,-43.78363961808861
2723,kexp,2.5,25,1,0.05,-44.90599032531201,-43.84353211007341
2724,kexp,2.5,25,1,0.01,-44.95873508392564,-43.86397065795481
2725,kexp,2.5,25,1,0,-44.96096176385564,-43.86483611803514
2726,kexp,2.5,25,1.5,0.5,-44.74452997229943,-45.37857215692676
2727,kexp,2.5,25,1.5,0.1,-44.47258364534702,-44.58007778552702
2728,kexp,2.5,25,1.5,0.05,-44.49468878848416,-44.56880405925837
2729,kexp,2.5,25,1.5,0.01,-44.50242327624613,-44.56549360552968
2730,kexp,2.5,25,1.5,0,-44.50275268132852,-44.56535887779363
