model_no,k_name,l1,l2,b,meas_error,lppd_exact,lppd_LOPO
1,ksqexp,1,0.2,0.5,0.5,-34.285792997346334,-34.623086455611755
2,ksqexp,1,0.2,0.5,0.1,-387.79735091660274,-402.77249279152005
3,ksqexp,1,0.2,0.5,0.05,-1476.0443070498118,-1542.7825246575076
4,ksqexp,1,0.2,0.5,0.01,-17278.247028755046,-16434.022466437553
5,ksqexp,1,0.2,0.5,0,-74343.0568039677,-58620.93122015453
6,ksqexp,1,0.2,1,0.5,-35.745644601282066,-36.051425543524395
7,ksqexp,1,0.2,1,0.1,-378.68462959984777,-396.63574853337684
8,ksqexp,1,0.2,1,0.05,-1358.688441096909,-1406.3685707319626
9,ksqexp,1,0.2,1,0.01,-12914.720651220738,-11692.096333352629
10,ksqexp,1,0.2,1,0,-37147.41259283443,-29287.493428644684
11,ksqexp,1,0.2,1.5,0.5,-36.685593373865636,-37.00342470359027
12,ksqexp,1,0.2,1.5,0.1,-370.70971908999303,-388.61103247432277
13,ksqexp,1,0.2,1.5,0.05,-1270.9546263837624,-1304.58299228589
14,ksqexp,1,0.2,1.5,0.01,-10673.845187849773,-9363.26325086548
15,ksqexp,1,0.2,1.5,0,-24751.654840246993,-19512.47123096617
16,ksqexp,1,0.5,0.5,0.5,-32.83178437342702,-33.30630894018468
17,ksqexp,1,0.5,0.5,0.1,-237.5290441243607,-250.76613724032254
18,ksqexp,1,0.5,0.5,0.05,-589.5848374259708,-587.4305644490555
19,ksqexp,1,0.5,0.5,0.01,-3725.8337347806664,-2914.2485510431875
20,ksqexp,1,0.5,0.5,0,-5647.832347839617,-4170.851413880326
21,ksqexp,1,0.5,1,0.5,-35.179323286917686,-35.79384622535671
22,ksqexp,1,0.5,1,0.1,-189.75178775191404,-196.29062460315535
23,ksqexp,1,0.5,1,0.05,-463.5314287891245,-440.7906933979533
24,ksqexp,1,0.5,1,0.01,-2231.271329729858,-1698.933932413696
25,ksqexp,1,0.5,1,0,-2817.193108999347,-2079.5943150714957
26,ksqexp,1,0.5,1.5,0.5,-36.898951183529384,-37.63495369222951
27,ksqexp,1,0.5,1.5,0.1,-166.24354677355106,-168.83378691808267
28,ksqexp,1,0.5,1.5,0.05,-405.1565169585219,-373.2699156186161
29,ksqexp,1,0.5,1.5,0.01,-1595.4871602576595,-1203.170591763283
30,ksqexp,1,0.5,1.5,0,-1876.4373494668923,-1385.2992700682664
31,ksqexp,1,1,0.5,0.5,-31.268147272655916,-32.08136449164426
32,ksqexp,1,1,0.5,0.1,-100.76651639547212,-99.1793404197603
33,ksqexp,1,1,0.5,0.05,-280.45315197112654,-246.58314632282486
34,ksqexp,1,1,0.5,0.01,-1068.031876645282,-773.7889741683094
35,ksqexp,1,1,0.5,0,-1213.5510590309223,-864.0174950490493
36,ksqexp,1,1,1,0.5,-33.42488400551317,-34.378687197078115
37,ksqexp,1,1,1,0.1,-90.92591760300165,-86.07041780650447
38,ksqexp,1,1,1,0.05,-229.88501003219153,-190.9288208197258
39,ksqexp,1,1,1,0.01,-572.1823340411772,-412.9920574880238
40,ksqexp,1,1,1,0,-610.7567281868659,-436.8336515582002
41,ksqexp,1,1,1.5,0.5,-35.1448254390591,-36.14890742173221
42,ksqexp,1,1,1.5,0.1,-87.25198657610903,-80.71009754423065
43,ksqexp,1,1,1.5,0.05,-198.51647948505865,-160.77166446768166
44,ksqexp,1,1,1.5,0.01,-395.14368467746533,-286.44711007267495
45,ksqexp,1,1,1.5,0,-412.6159411552625,-297.2296937146167
46,ksqexp,1,1.5,0.5,0.5,-29.893454885561347,-30.75716061353842
47,ksqexp,1,1.5,0.5,0.1,-81.90192416893767,-77.42969606196361
48,ksqexp,1,1.5,0.5,0.05,-211.32122829649327,-173.227870483538
49,ksqexp,1,1.5,0.5,0.01,-513.0752447263503,-365.9012681440653
50,ksqexp,1,1.5,0.5,0,-545.2985149935589,-385.58683668664685
51,ksqexp,1,1.5,1,0.5,-32.54962647233961,-33.513423449003504
52,ksqexp,1,1.5,1,0.1,-77.06625994242383,-69.8827520745823
53,ksqexp,1,1.5,1,0.05,-161.0037821813078,-127.26978983036123
54,ksqexp,1,1.5,1,0.01,-272.65438431415066,-197.00011196848953
55,ksqexp,1,1.5,1,0,-280.91383120855187,-202.03398614572592
56,ksqexp,1,1.5,1.5,0.5,-34.87160252259107,-35.89374979424715
57,ksqexp,1,1.5,1.5,0.1,-74.5009781742928,-66.37737107374258
58,ksqexp,1,1.5,1.5,0.05,-133.42921503460576,-105.23306675899406
59,ksqexp,1,1.5,1.5,0.01,-191.88415006573285,-141.39378924748627
60,ksqexp,1,1.5,1.5,0,-195.57626000883934,-143.64035937556363
61,ksqexp,1,2,0.5,0.5,-29.60701787878376,-30.48974879853856
62,ksqexp,1,2,0.5,0.1,-74.2996452647202,-68.24670770558619
63,ksqexp,1,2,0.5,0.05,-159.4212520769062,-126.95082544735978
64,ksqexp,1,2,0.5,0.01,-277.04246225543005,-200.01318952249886
65,ksqexp,1,2,0.5,0,-285.9554937843872,-205.3900977038586
66,ksqexp,1,2,1,0.5,-32.76813848911853,-33.79237028879305
67,ksqexp,1,2,1,0.1,-68.13760717956974,-60.621200801830014
68,ksqexp,1,2,1,0.05,-113.12050539577879,-89.7125883513579
69,ksqexp,1,2,1,0.01,-151.37879366760285,-113.06730556194094
70,ksqexp,1,2,1,0,-153.624172536709,-114.41758708433538
71,ksqexp,1,2,1.5,0.5,-35.46474581895709,-36.58015796626878
72,ksqexp,1,2,1.5,0.1,-64.70026276672561,-57.40257655948811
73,ksqexp,1,2,1.5,0.05,-92.54664717494525,-74.9251961277407
74,ksqexp,1,2,1.5,0.01,-111.30921676667958,-86.28725874642818
75,ksqexp,1,2,1.5,0,-112.30438887726461,-86.88407363835395
76,ksqexp,1,2.5,0.5,0.5,-29.669631954932846,-30.59005532678674
77,ksqexp,1,2.5,0.5,0.1,-66.05644820583778,-59.75801517074571
78,ksqexp,1,2.5,0.5,0.05,-116.97449049870178,-93.04016027084587
79,ksqexp,1,2.5,0.5,0.01,-165.07769850794193,-122.01287901417757
80,ksqexp,1,2.5,0.5,0,-168.0488246333298,-123.76178686022425
81,ksqexp,1,2.5,1,0.5,-33.14253280120015,-34.239588021220996
82,ksqexp,1,2.5,1,0.1,-58.67996300165632,-52.41127471194518
83,ksqexp,1,2.5,1,0.05,-81.19734401812669,-66.32210601779006
84,ksqexp,1,2.5,1,0.01,-95.46725287528388,-74.77010850344493
85,ksqexp,1,2.5,1,0,-96.20597152274851,-75.20252923339096
86,ksqexp,1,2.5,1.5,0.5,-36.051906289607466,-37.257776930039064
87,ksqexp,1,2.5,1.5,0.1,-55.407431493104575,-50.087453573866355
88,ksqexp,1,2.5,1.5,0.05,-68.02875907050412,-57.691768830322644
89,ksqexp,1,2.5,1.5,0.01,-74.72457528142726,-61.61787401862205
90,ksqexp,1,2.5,1.5,0,-75.0490105825532,-61.806766789174254
91,ksqexp,1,3,0.5,0.5,-29.787227972105196,-30.74782745072179
92,ksqexp,1,3,0.5,0.1,-58.53503933334009,-52.79944268837238
93,ksqexp,1,3,0.5,0.05,-89.43308461987917,-72.23700204361387
94,ksqexp,1,3,0.5,0.01,-112.11922627398877,-85.582941752695
95,ksqexp,1,3,0.5,0,-113.36691961190759,-86.30317571540266
96,ksqexp,1,3,1,0.5,-33.44142391413799,-34.59702486273191
97,ksqexp,1,3,1,0.1,-51.31263032735789,-46.58724470334625
98,ksqexp,1,3,1,0.05,-63.252359563956965,-53.70908313734073
99,ksqexp,1,3,1,0.01,-69.57643054621248,-57.357827893978936
100,ksqexp,1,3,1,0,-69.88264207091134,-57.53292487786165
101,ksqexp,1,3,1.5,0.5,-36.474337462440566,-37.746708564857364
102,ksqexp,1,3,1.5,0.1,-48.94301405294875,-45.4037770236817
103,ksqexp,1,3,1.5,0.05,-55.169814348726476,-49.020956278159964
104,ksqexp,1,3,1.5,0.01,-58.04556955459937,-50.6581983693087
105,ksqexp,1,3,1.5,0,-58.17853965588618,-50.733498031256126
106,ksqexp,1,3.5,0.5,0.5,-29.891099060986733,-30.885984756905774
107,ksqexp,1,3.5,0.5,0.1,-52.67025548859612,-47.73541413255405
108,ksqexp,1,3.5,0.5,0.05,-72.54022097448218,-59.947265893485984
109,ksqexp,1,3.5,0.5,0.01,-84.88581291605554,-67.12817196936817
110,ksqexp,1,3.5,0.5,0,-85.51988584959487,-67.4913480058653
111,ksqexp,1,3.5,1,0.5,-33.65232159564868,-34.84874747930051
112,ksqexp,1,3.5,1,0.1,-46.27543416918799,-42.84982627820644
113,ksqexp,1,3.5,1,0.05,-53.21555492521022,-46.89808394175616
114,ksqexp,1,3.5,1,0.01,-56.50559714179438,-48.76849073782523
115,ksqexp,1,3.5,1,0,-56.658993762061925,-48.855096196465155
116,ksqexp,1,3.5,1.5,0.5,-36.76218576993452,-38.078561381752685
117,ksqexp,1,3.5,1.5,0.1,-44.878402012924084,-42.64357983897269
118,ksqexp,1,3.5,1.5,0.05,-48.30588894236439,-44.58365736285164
119,ksqexp,1,3.5,1.5,0.01,-49.763671139656644,-45.39715538315217
120,ksqexp,1,3.5,1.5,0,-49.82935316555826,-45.433669026315386
121,ksqexp,1,4,0.5,0.5,-29.96935282083361,-30.991340591315733
122,ksqexp,1,4,0.5,0.1,-48.08951956166429,-43.97420105051308
123,ksqexp,1,4,0.5,0.05,-61.509677238277384,-52.110184086180425
124,ksqexp,1,4,0.5,0.01,-68.9334313801661,-56.411576433639496
125,ksqexp,1,4,0.5,0,-69.29840748048164,-56.62042445264208
126,ksqexp,1,4,1,0.5,-33.79770990298271,-35.02203034699791
127,ksqexp,1,4,1,0.1,-42.74251152705309,-40.34309683996284
128,ksqexp,1,4,1,0.05,-47.067323405208285,-42.82870418264244
129,ksqexp,1,4,1,0.01,-48.97353373212357,-43.90312864720642
130,ksqexp,1,4,1,0,-49.06035597695726,-43.9518106123986
131,ksqexp,1,4,1.5,0.5,-36.96043877236689,-38.306691582005165
132,ksqexp,1,4,1.5,0.1,-42.205226212364984,-40.91641193103602
133,ksqexp,1,4,1.5,0.05,-44.24499531475182,-42.047198463110966
134,ksqexp,1,4,1.5,0.01,-45.06847081919663,-42.499580460983104
135,ksqexp,1,4,1.5,0,-45.10499557543057,-42.51959609881168
136,ksqexp,1,6,0.5,0.5,-30.12883566063849,-31.22891586574756
137,ksqexp,1,6,0.5,0.1,-36.72354450831082,-35.318883063948704
138,ksqexp,1,6,0.5,0.05,-40.33317527783285,-37.45690368445525
139,ksqexp,1,6,0.5,0.01,-41.90807268098444,-38.36874280704437
140,ksqexp,1,6,0.5,0,-41.97955077168828,-38.40987715521015
141,ksqexp,1,6,1,0.5,-34.08477523026356,-35.38769866318249
142,ksqexp,1,6,1,0.1,-35.39748425350458,-35.46526272138809
143,ksqexp,1,6,1,0.05,-36.28705146940785,-35.94542514827484
144,ksqexp,1,6,1,0.01,-36.63107980972543,-36.13079634201162
145,ksqexp,1,6,1,0,-36.64614257433965,-36.138907258211454
146,ksqexp,1,6,1.5,0.5,-37.37272163681459,-38.81408248076347
147,ksqexp,1,6,1.5,0.1,-37.19163701296727,-37.949521058927054
148,ksqexp,1,6,1.5,0.05,-37.52807254316285,-38.10936562748043
149,ksqexp,1,6,1.5,0.01,-37.65355925684348,-38.16994009326094
150,ksqexp,1,6,1.5,0,-37.658996608542054,-38.172574059233895
151,ksqexp,1,8,0.5,0.5,-30.216194062211002,-31.392729954373014
152,ksqexp,1,8,0.5,0.1,-31.37670398068666,-31.623602878182425
153,ksqexp,1,8,0.5,0.05,-32.59159506576358,-32.33239992436985
154,ksqexp,1,8,0.5,0.01,-33.077851021466806,-32.612886725057635
155,ksqexp,1,8,0.5,0,-33.099344135302,-32.62524650745064
156,ksqexp,1,8,1,0.5,-34.23719202670317,-35.630821348469055
157,ksqexp,1,8,1,0.1,-32.65461097246539,-33.87392518761653
158,ksqexp,1,8,1,0.05,-32.845520012809416,-33.9544293430498
159,ksqexp,1,8,1,0.01,-32.918882851350006,-33.986824981256895
160,ksqexp,1,8,1,0,-32.92208243093041,-33.98825172154703
161,ksqexp,1,8,1.5,0.5,-37.60677887806557,-39.16065683590363
162,ksqexp,1,8,1.5,0.1,-35.62259305640342,-37.25147572074402
163,ksqexp,1,8,1.5,0.05,-35.643221806065895,-37.23638565720087
164,ksqexp,1,8,1.5,0.01,-35.653198112004404,-37.23334980846672
165,ksqexp,1,8,1.5,0,-35.65365196285051,-37.233243559635575
166,ksqexp,1,10,0.5,0.5,-30.29635767845453,-31.559123282187365
167,ksqexp,1,10,0.5,0.1,-28.74433829061559,-29.973550715621194
168,ksqexp,1,10,0.5,0.05,-29.178910405374804,-30.21915332317272
169,ksqexp,1,10,0.5,0.01,-29.34961666318511,-30.315638455364812
170,ksqexp,1,10,0.5,0,-29.35711110292705,-30.31987292976114
171,ksqexp,1,10,1,0.5,-34.35750720758693,-35.85308457748746
172,ksqexp,1,10,1,0.1,-31.53064620228601,-33.36187154403317
173,ksqexp,1,10,1,0.05,-31.516794978176797,-33.32679914717714
174,ksqexp,1,10,1,0.01,-31.515782908532323,-33.31747290004242
175,ksqexp,1,10,1,0,-31.515779704764004,-33.317105852063435
176,ksqexp,1,10,1.5,0.5,-37.78855836850047,-39.457669588904295
177,ksqexp,1,10,1.5,0.1,-35.11292915134527,-37.18834400356052
178,ksqexp,1,10,1.5,0.05,-35.04710960990881,-37.126882760186405
179,ksqexp,1,10,1.5,0.01,-35.02682893579545,-37.10763741770961
180,ksqexp,1,10,1.5,0,-35.02599267210388,-37.106840259564066
181,ksqexp,1,25,0.5,0.5,-30.853659666295847,-32.5918341324134
182,ksqexp,1,25,0.5,0.1,-25.856297250715663,-29.252012725527138
183,ksqexp,1,25,0.5,0.05,-25.660670729404462,-29.143337502607217
184,ksqexp,1,25,0.5,0.01,-25.597424057763448,-29.108670182294702
185,ksqexp,1,25,0.5,0,-25.594781889432394,-29.10722703148333
186,ksqexp,1,25,1,0.5,-34.77572409492415,-36.73172704673909
187,ksqexp,1,25,1,0.1,-30.59786230876391,-33.63492329536713
188,ksqexp,1,25,1,0.05,-30.43533570328053,-33.52235661142683
189,ksqexp,1,25,1,0.01,-30.382734173426293,-33.48606460475056
190,ksqexp,1,25,1,0,-30.38053607520735,-33.48454954506323
191,ksqexp,1,25,1.5,0.5,-38.2536324343911,-40.34989017633218
192,ksqexp,1,25,1.5,0.1,-34.931098042950985,-37.85226101002551
193,ksqexp,1,25,1.5,0.05,-34.80786830566051,-37.76393161862097
194,ksqexp,1,25,1.5,0.01,-34.7681045833923,-37.735500224428215
195,ksqexp,1,25,1.5,0,-34.766444237206024,-37.73431381633059
196,ksqexp,1.25,0.2,0.5,0.5,-33.31944841595394,-33.88447437857538
197,ksqexp,1.25,0.2,0.5,0.1,-390.5883624671095,-406.8019752932984
198,ksqexp,1.25,0.2,0.5,0.05,-1651.0019552147508,-1749.0003870281637
199,ksqexp,1.25,0.2,0.5,0.01,-26597.985302330453,-26367.0396658374
200,ksqexp,1.25,0.2,0.5,0,-402494.8204216292,-298733.62406821473
201,ksqexp,1.25,0.2,1,0.5,-34.15950315679875,-34.6346004891516
202,ksqexp,1.25,0.2,1,0.1,-395.5055800467448,-417.0200113735761
203,ksqexp,1.25,0.2,1,0.05,-1629.2433085962,-1723.1211318952835
204,ksqexp,1.25,0.2,1,0.01,-21579.85221382408,-20562.408194113443
205,ksqexp,1.25,0.2,1,0,-201213.7336334649,-149335.18299016537
206,ksqexp,1.25,0.2,1.5,0.5,-34.760428193083605,-35.22255041581412
207,ksqexp,1.25,0.2,1.5,0.1,-400.3124333625322,-424.17351670042467
208,ksqexp,1.25,0.2,1.5,0.05,-1584.9718854155653,-1668.0337351133992
209,ksqexp,1.25,0.2,1.5,0.01,-19056.78469910892,-17570.019135926974
210,ksqexp,1.25,0.2,1.5,0,-134122.81854688036,-99538.48563849585
211,ksqexp,1.25,0.5,0.5,0.5,-31.39860230124223,-32.07042321600678
212,ksqexp,1.25,0.5,0.5,0.1,-311.3084815720254,-337.6323779336651
213,ksqexp,1.25,0.5,0.5,0.05,-903.2317182992333,-953.3646370850912
214,ksqexp,1.25,0.5,0.5,0.01,-8208.697355128086,-6481.7357695228
215,ksqexp,1.25,0.5,0.5,0,-20517.642073197625,-15066.7203194096
216,ksqexp,1.25,0.5,1,0.5,-33.05501404974198,-33.838115778836
217,ksqexp,1.25,0.5,1,0.1,-271.9608435941045,-294.1296797661366
218,ksqexp,1.25,0.5,1,0.05,-720.7725175785079,-727.5217332422061
219,ksqexp,1.25,0.5,1,0.01,-5736.967370596095,-4354.280376520478
220,ksqexp,1.25,0.5,1,0,-10243.866276032877,-7519.931373988051
221,ksqexp,1.25,0.5,1.5,0.5,-34.46125442017824,-35.368793685695934
222,ksqexp,1.25,0.5,1.5,0.1,-244.06194245587008,-261.42370205533103
223,ksqexp,1.25,0.5,1.5,0.05,-636.5935215461317,-619.9821853244401
224,ksqexp,1.25,0.5,1.5,0.01,-4438.693743806862,-3323.8605117781603
225,ksqexp,1.25,0.5,1.5,0,-6822.064960210764,-5007.125686698903
226,ksqexp,1.25,1,0.5,0.5,-30.653943936360516,-31.759796541059554
227,ksqexp,1.25,1,0.5,0.1,-132.46408511302772,-136.86107479777777
228,ksqexp,1.25,1,0.5,0.05,-385.5008319218758,-350.8682108090105
229,ksqexp,1.25,1,0.5,0.01,-2783.7752654961596,-1957.0044134677212
230,ksqexp,1.25,1,0.5,0,-3837.1624975837694,-2614.7453056850686
231,ksqexp,1.25,1,1,0.5,-32.651353064240006,-34.0308635978558
232,ksqexp,1.25,1,1,0.1,-114.30238659671842,-112.16843670046171
233,ksqexp,1.25,1,1,0.05,-339.19346764486573,-288.2184628766362
234,ksqexp,1.25,1,1,0.01,-1611.811538648883,-1116.6256047757015
235,ksqexp,1.25,1,1,0,-1916.4006935356329,-1306.5274993318826
236,ksqexp,1.25,1,1.5,0.5,-34.11008665195074,-35.633189328630934
237,ksqexp,1.25,1,1.5,0.1,-108.07506603398754,-102.7787124309867
238,ksqexp,1.25,1,1.5,0.05,-311.5688268780716,-254.63605392416645
239,ksqexp,1.25,1,1.5,0.01,-1136.185760141901,-784.289487890227
240,ksqexp,1.25,1,1.5,0,-1278.9374140104853,-873.2455529778763
241,ksqexp,1.25,1.5,0.5,0.5,-29.37676922368885,-30.686039934030358
242,ksqexp,1.25,1.5,0.5,0.1,-94.70465158634627,-91.88291252594084
243,ksqexp,1.25,1.5,0.5,0.05,-296.8167080392315,-246.22410238861104
244,ksqexp,1.25,1.5,0.5,0.01,-1469.4053655881278,-974.5542255784866
245,ksqexp,1.25,1.5,0.5,0,-1735.515003261831,-1131.9814240418052
246,ksqexp,1.25,1.5,1,0.5,-31.392841970230055,-32.90478908749657
247,ksqexp,1.25,1.5,1,0.1,-89.64828278075576,-82.68242716926768
248,ksqexp,1.25,1.5,1,0.05,-260.166107271571,-201.03019862955188
249,ksqexp,1.25,1.5,1,0.01,-799.4290735464023,-528.53889197369
250,ksqexp,1.25,1.5,1,0,-871.0615287319829,-570.8551436892384
251,ksqexp,1.25,1.5,1.5,0.5,-33.14861495098302,-34.758934369984516
252,ksqexp,1.25,1.5,1.5,0.1,-88.62973309288192,-79.27623026220387
253,ksqexp,1.25,1.5,1.5,0.05,-232.9909334852206,-174.81273238302896
254,ksqexp,1.25,1.5,1.5,0.01,-553.0575062121392,-367.333075442518
255,ksqexp,1.25,1.5,1.5,0,-585.7010269760598,-386.60370680076915
256,ksqexp,1.25,2,0.5,0.5,-28.62820242996098,-29.9496623348536
257,ksqexp,1.25,2,0.5,0.1,-85.1984541471788,-80.04040871754216
258,ksqexp,1.25,2,0.5,0.05,-254.35312200903394,-199.00262269743877
259,ksqexp,1.25,2,0.5,0.01,-820.6619257221964,-543.4114164615045
260,ksqexp,1.25,2,0.5,0,-899.1651381294124,-589.7768852870028
261,ksqexp,1.25,2,1,0.5,-31.082411914138774,-32.616670645965506
262,ksqexp,1.25,2,1,0.1,-82.82760777996191,-73.58906438139823
263,ksqexp,1.25,2,1,0.05,-207.4206907638803,-154.3569578337066
264,ksqexp,1.25,2,1,0.01,-435.47520080866934,-290.886764888119
265,ksqexp,1.25,2,1,0,-455.8941394320785,-302.9335215804935
266,ksqexp,1.25,2,1.5,0.5,-33.240668589569886,-34.91503310208869
267,ksqexp,1.25,2,1.5,0.1,-81.86371265386599,-70.85553563160057
268,ksqexp,1.25,2,1.5,0.05,-176.6534594552712,-130.2658506481042
269,ksqexp,1.25,2,1.5,0.01,-301.74331717210856,-204.69499755529918
270,ksqexp,1.25,2,1.5,0,-310.9277965377983,-210.1097237221718
271,ksqexp,1.25,2.5,0.5,0.5,-28.42918143786733,-29.766196979674096
272,ksqexp,1.25,2.5,0.5,0.1,-79.80739236488888,-72.99499786862728
273,ksqexp,1.25,2.5,0.5,0.05,-206.99829563955166,-157.21622288847755
274,ksqexp,1.25,2.5,0.5,0.01,-463.6926950359307,-310.690965836514
275,ksqexp,1.25,2.5,0.5,0,-488.2943946520148,-325.1252762524433
276,ksqexp,1.25,2.5,1,0.5,-31.25914733053008,-32.86438495338231
277,ksqexp,1.25,2.5,1,0.1,-76.00810174686976,-66.13637954295768
278,ksqexp,1.25,2.5,1,0.05,-154.7175191934613,-115.00876133484034
279,ksqexp,1.25,2.5,1,0.01,-246.22060911356985,-169.07779129196555
280,ksqexp,1.25,2.5,1,0,-252.49457678484274,-172.75394251075429
281,ksqexp,1.25,2.5,1.5,0.5,-33.69466896320909,-35.48260284988669
282,ksqexp,1.25,2.5,1.5,0.1,-73.46575124624937,-63.09278501417963
283,ksqexp,1.25,2.5,1.5,0.05,-126.90713784940385,-95.48394918803048
284,ksqexp,1.25,2.5,1.5,0.01,-173.8864528732637,-123.11607069907892
285,ksqexp,1.25,2.5,1.5,0,-176.68529423368324,-124.75415468000313
286,ksqexp,1.25,3,0.5,0.5,-28.453743385912276,-29.827559539059127
287,ksqexp,1.25,3,0.5,0.1,-72.97829866982121,-65.54388283938954
288,ksqexp,1.25,3,0.5,0.05,-159.88641284443543,-120.20801148660038
289,ksqexp,1.25,3,0.5,0.01,-277.8535830761579,-188.6373221325605
290,ksqexp,1.25,3,0.5,0,-286.6869896841491,-193.67830629241257
291,ksqexp,1.25,3,1,0.5,-31.544273541826808,-33.23602969492835
292,ksqexp,1.25,3,1,0.1,-67.08230569982628,-58.21034169805614
293,ksqexp,1.25,3,1,0.05,-112.7286203353913,-85.39117001149071
294,ksqexp,1.25,3,1,0.01,-150.91121457002933,-107.28979081666202
295,ksqexp,1.25,3,1,0,-153.1354161329507,-108.55610316780887
296,ksqexp,1.25,3,1.5,0.5,-34.16106196172028,-36.06391120376337
297,ksqexp,1.25,3,1.5,0.1,-63.617360966371336,-55.34765783734973
298,ksqexp,1.25,3,1.5,0.05,-91.7407581519725,-71.75339529593717
299,ksqexp,1.25,3,1.5,0.01,-110.42334644548791,-82.41281162133662
300,ksqexp,1.25,3,1.5,0,-111.40888170575707,-82.9726922205201
301,ksqexp,1.25,3.5,0.5,0.5,-28.536045973890175,-29.95395905597793
302,ksqexp,1.25,3.5,0.5,0.1,-65.96789728495179,-58.723260041650676
303,ksqexp,1.25,3.5,0.5,0.05,-124.77279497975799,-94.21160983523318
304,ksqexp,1.25,3.5,0.5,0.01,-184.98747484444917,-128.09406695633706
305,ksqexp,1.25,3.5,0.5,0,-188.85558355175462,-130.23577710877154
306,ksqexp,1.25,3.5,1,0.5,-31.7946570581014,-33.564651271099805
307,ksqexp,1.25,3.5,1,0.1,-59.00657180820484,-51.73792962933965
308,ksqexp,1.25,3.5,1,0.05,-86.07375120632796,-67.27124267345388
309,ksqexp,1.25,3.5,1,0.01,-104.26931764655495,-77.38001345509471
310,ksqexp,1.25,3.5,1,0,-105.23362641192567,-77.91178113488324
311,ksqexp,1.25,3.5,1.5,0.5,-34.527354965031634,-36.52590135777463
312,ksqexp,1.25,3.5,1.5,0.1,-55.622799267536465,-49.56471829322185
313,ksqexp,1.25,3.5,1.5,0.05,-71.11360531278083,-58.276428172726185
314,ksqexp,1.25,3.5,1.5,0.01,-79.72595406414975,-63.02801704088659
315,ksqexp,1.25,3.5,1.5,0,-80.15029746094886,-63.26110590786321
316,ksqexp,1.25,4,0.5,0.5,-28.619840667532245,-30.079834032886623
317,ksqexp,1.25,4,0.5,0.1,-60.15304312372146,-53.47178032629867
318,ksqexp,1.25,4,0.5,0.05,-101.47477799514546,-77.73538797903319
319,ksqexp,1.25,4,0.5,0.01,-136.1961078443603,-96.90621137035768
320,ksqexp,1.25,4,0.5,0,-138.2220685136863,-98.00778149723492
321,ksqexp,1.25,4,1,0.5,-31.98663343790732,-33.818971603571505
322,ksqexp,1.25,4,1,0.1,-52.96965153718522,-47.24110759428773
323,ksqexp,1.25,4,1,0.05,-70.14341089031068,-56.85629520716087
324,ksqexp,1.25,4,1,0.01,-80.13498889858828,-62.29386772847082
325,ksqexp,1.25,4,1,0,-80.63542434885012,-62.564302293972574
326,ksqexp,1.25,4,1.5,0.5,-34.79663493800627,-36.86751326885543
327,ksqexp,1.25,4,1.5,0.1,-50.09621647900095,-45.83541506086638
328,ksqexp,1.25,4,1.5,0.05,-59.396104030264944,-50.933846570445816
329,ksqexp,1.25,4,1.5,0.01,-64.0119911248036,-53.42309320360551
330,ksqexp,1.25,4,1.5,0,-64.230533058317,-53.540465991688556
331,ksqexp,1.25,6,0.5,0.5,-28.79883852763349,-30.374176428549944
332,ksqexp,1.25,6,0.5,0.1,-45.337754094825804,-41.522519401844654
333,ksqexp,1.25,6,0.5,0.05,-58.92399315079106,-49.25071792606069
334,ksqexp,1.25,6,0.5,0.01,-66.5122832369205,-53.41416633224499
335,ksqexp,1.25,6,0.5,0,-66.88640416366827,-53.61751153005528
336,ksqexp,1.25,6,1,0.5,-32.354699999383186,-34.322862288080984
337,ksqexp,1.25,6,1,0.1,-40.14205743591182,-38.574829067205215
338,ksqexp,1.25,6,1,0.05,-44.49776035754155,-40.94459549519253
339,ksqexp,1.25,6,1,0.01,-46.43283685993001,-41.98266410185182
340,ksqexp,1.25,6,1,0,-46.52116004989479,-42.02987105113
341,ksqexp,1.25,6,1.5,0.5,-35.324274807629934,-37.54877375728217
342,ksqexp,1.25,6,1.5,0.1,-39.619816496688976,-39.42757551865154
343,ksqexp,1.25,6,1.5,0.05,-41.65762407565713,-40.50339416455953
344,ksqexp,1.25,6,1.5,0.01,-42.48656365002946,-40.93866569270439
345,ksqexp,1.25,6,1.5,0,-42.5234021116044,-40.957980991321364
346,ksqexp,1.25,8,0.5,0.5,-28.84563140077149,-30.50795449438566
347,ksqexp,1.25,8,0.5,0.1,-36.59900121044633,-35.29508700584293
348,ksqexp,1.25,8,0.5,0.05,-42.068173538546134,-38.40208919683666
349,ksqexp,1.25,8,0.5,0.01,-44.62963441812238,-39.823392508222135
350,ksqexp,1.25,8,0.5,0,-44.74846780837779,-39.88892532919788
351,ksqexp,1.25,8,1,0.5,-32.475608405990634,-34.54100687328976
352,ksqexp,1.25,8,1,0.1,-34.233474085222404,-34.95314517024104
353,ksqexp,1.25,8,1,0.05,-35.67351933027272,-35.72427204740294
354,ksqexp,1.25,8,1,0.01,-36.25400690378027,-36.03352937642892
355,ksqexp,1.25,8,1,0,-36.279720647912676,-36.04720869111173
356,ksqexp,1.25,8,1.5,0.5,-35.52809135155626,-37.87158028475259
357,ksqexp,1.25,8,1.5,0.1,-35.44237182246025,-37.152755629503844
358,ksqexp,1.25,8,1.5,0.05,-36.01723751724292,-37.44110125441679
359,ksqexp,1.25,8,1.5,0.01,-36.23782925444584,-37.552425964528084
360,ksqexp,1.25,8,1.5,0,-36.24746169435125,-37.557293245075336
361,ksqexp,1.25,10,0.5,0.5,-28.870827764434313,-30.62293998664184
362,ksqexp,1.25,10,0.5,0.1,-31.36309538149029,-31.846449104568492
363,ksqexp,1.25,10,0.5,0.05,-33.82322808203597,-33.25239065001844
364,ksqexp,1.25,10,0.5,0.01,-34.88105319449875,-33.84697972750792
365,ksqexp,1.25,10,0.5,0,-34.9288027743476,-33.87370174630799
366,ksqexp,1.25,10,1,0.5,-32.545979972553,-34.718528950629754
367,ksqexp,1.25,10,1,0.1,-31.226418213817972,-33.270392890019856
368,ksqexp,1.25,10,1,0.05,-31.72501331017233,-33.52680386684343
369,ksqexp,1.25,10,1,0.01,-31.920757800067125,-33.62812028858119
370,ksqexp,1.25,10,1,0,-31.92935208899891,-33.632574044810816
371,ksqexp,1.25,10,1.5,0.5,-35.655910462129725,-38.1297632407069
372,ksqexp,1.25,10,1.5,0.1,-33.53167271849489,-36.26771320928785
373,ksqexp,1.25,10,1.5,0.05,-33.66488949502713,-36.31972390744214
374,ksqexp,1.25,10,1.5,0.01,-33.71786437521292,-36.34186844637672
375,ksqexp,1.25,10,1.5,0,-33.720191960558765,-36.342854911016296
376,ksqexp,1.25,25,0.5,0.5,-29.191561094007692,-31.584579872024534
377,ksqexp,1.25,25,0.5,0.1,-22.95516745416449,-27.61847589468768
378,ksqexp,1.25,25,0.5,0.05,-22.73025449105141,-27.50854757419684
379,ksqexp,1.25,25,0.5,0.01,-22.658806714161813,-27.47487537714581
380,ksqexp,1.25,25,0.5,0,-22.655835774978954,-27.47348985644555
381,ksqexp,1.25,25,1,0.5,-32.79301622417827,-35.62062900654099
382,ksqexp,1.25,25,1,0.1,-27.326735976699766,-31.91575921082677
383,ksqexp,1.25,25,1,0.05,-27.095428715946287,-31.775077368633234
384,ksqexp,1.25,25,1,0.01,-27.02000217455857,-31.72957427922684
385,ksqexp,1.25,25,1,0,-27.016843891328353,-31.727673040207055
386,ksqexp,1.25,25,1.5,0.5,-36.00608267186556,-39.13591296657166
387,ksqexp,1.25,25,1.5,0.1,-31.505257029302314,-36.088531320482296
388,ksqexp,1.25,25,1.5,0.05,-31.32287966226003,-35.974703771302174
389,ksqexp,1.25,25,1.5,0.01,-31.26364749283192,-35.93792702784906
390,ksqexp,1.25,25,1.5,0,-31.26117003018163,-35.936390868199766
391,ksqexp,1.5,0.2,0.5,0.5,-32.7641035190401,-33.632024842733756
392,ksqexp,1.5,0.2,0.5,0.1,-367.5296363104328,-384.92013574325284
393,ksqexp,1.5,0.2,0.5,0.05,-1587.3249931826138,-1703.3882916758077
394,ksqexp,1.5,0.2,0.5,0.01,-35857.14750539704,-36947.406679706175
395,ksqexp,1.5,0.2,0.5,0,-1656172.6754347298,-1252992.208963632
396,ksqexp,1.5,0.2,1,0.5,-32.97343222588572,-33.69245368171603
397,ksqexp,1.5,0.2,1,0.1,-368.78606391165596,-392.15806440614267
398,ksqexp,1.5,0.2,1,0.05,-1657.588218122173,-1786.5812728299545
399,ksqexp,1.5,0.2,1,0.01,-30178.702977955796,-30338.676162022253
400,ksqexp,1.5,0.2,1,0,-828043.6071894269,-626456.008657867
401,ksqexp,1.5,0.2,1.5,0.5,-33.21612956116854,-33.884931434292085
402,ksqexp,1.5,0.2,1.5,0.1,-376.3011163572009,-403.3533291380748
403,ksqexp,1.5,0.2,1.5,0.05,-1687.6350169423808,-1816.4039223699435
404,ksqexp,1.5,0.2,1.5,0.01,-26904.08236222336,-26543.622528007916
405,ksqexp,1.5,0.2,1.5,0,-552003.1355328171,-417613.2187823911
406,ksqexp,1.5,0.5,0.5,0.5,-30.201718209157278,-31.105470539525108
407,ksqexp,1.5,0.5,0.5,0.1,-323.5883365916934,-356.0475609750857
408,ksqexp,1.5,0.5,0.5,0.05,-1145.0532231909324,-1261.2435490628645
409,ksqexp,1.5,0.5,0.5,0.01,-13696.941422092026,-11461.339402384574
410,ksqexp,1.5,0.5,0.5,0,-63771.815537501636,-49833.577717624816
411,ksqexp,1.5,0.5,1,0.5,-31.095342121515607,-32.06341371254729
412,ksqexp,1.5,0.5,1,0.1,-310.3523770323529,-343.757208525049
413,ksqexp,1.5,0.5,1,0.05,-967.3945339113735,-1046.9661067501536
414,ksqexp,1.5,0.5,1,0.01,-11116.740389986608,-8713.20003839682
415,ksqexp,1.5,0.5,1,0,-31862.329452980535,-24895.249318221067
416,ksqexp,1.5,0.5,1.5,0.5,-32.05957958649372,-33.134004184718535
417,ksqexp,1.5,0.5,1.5,0.1,-294.565963881639,-326.43034075665423
418,ksqexp,1.5,0.5,1.5,0.05,-867.319358119299,-917.470279310625
419,ksqexp,1.5,0.5,1.5,0.01,-9401.355699299991,-7188.322723786045
420,ksqexp,1.5,0.5,1.5,0,-21228.62441661936,-16585.26354477058
421,ksqexp,1.5,1,0.5,0.5,-29.575185051063624,-30.88329797725981
422,ksqexp,1.5,1,0.5,0.1,-168.72372431284967,-184.9036811167116
423,ksqexp,1.5,1,0.5,0.05,-498.79081051274227,-481.3569627173197
424,ksqexp,1.5,1,0.5,0.01,-5765.085393445007,-4103.80355377505
425,ksqexp,1.5,1,0.5,0,-11567.788458380825,-7763.200771144923
426,ksqexp,1.5,1,1,0.5,-31.35323776259788,-33.005937552432464
427,ksqexp,1.5,1,1,0.1,-143.456375341271,-149.4724517279925
428,ksqexp,1.5,1,1,0.05,-441.5710188563785,-397.1693269920602
429,ksqexp,1.5,1,1,0.01,-3839.9535013312766,-2655.9288694692773
430,ksqexp,1.5,1,1,0,-5775.07521270532,-3874.5238144105983
431,ksqexp,1.5,1,1.5,0.5,-32.67324221006281,-34.54203311812468
432,ksqexp,1.5,1,1.5,0.1,-133.19251961844134,-133.8311429166585
433,ksqexp,1.5,1,1.5,0.05,-415.55852338248496,-358.5267085964964
434,ksqexp,1.5,1,1.5,0.01,-2879.3247497037814,-1971.7359327356594
435,ksqexp,1.5,1,1.5,0,-3846.961441335174,-2581.088810784643
436,ksqexp,1.5,1.5,0.5,0.5,-28.90606487746853,-30.58514543845364
437,ksqexp,1.5,1.5,0.5,0.1,-111.28921497865902,-113.22301795906725
438,ksqexp,1.5,1.5,0.5,0.05,-358.94397076869416,-314.09632667958965
439,ksqexp,1.5,1.5,0.5,0.01,-3452.331854655681,-2215.1650475494366
440,ksqexp,1.5,1.5,0.5,0,-5127.9935030484785,-3170.3878307272416
441,ksqexp,1.5,1.5,1,0.5,-30.54312757744191,-32.57474953343397
442,ksqexp,1.5,1.5,1,0.1,-101.30101178087982,-97.56083795872951
443,ksqexp,1.5,1.5,1,0.05,-335.00848890466983,-270.1591559805101
444,ksqexp,1.5,1.5,1,0.01,-2066.4668798297935,-1303.6094155303547
445,ksqexp,1.5,1.5,1,0,-2561.8867398041084,-1585.201041649456
446,ksqexp,1.5,1.5,1.5,0.5,-31.88668066334521,-34.094132474722095
447,ksqexp,1.5,1.5,1.5,0.1,-98.79172470617999,-92.03612735078075
448,ksqexp,1.5,1.5,1.5,0.05,-319.93096990197006,-246.24960541263496
449,ksqexp,1.5,1.5,1.5,0.01,-1475.0004432630433,-926.5625858243269
450,ksqexp,1.5,1.5,1.5,0,-1709.308472797927,-1059.5961005311722
451,ksqexp,1.5,2,0.5,0.5,-28.03536252879464,-29.80928780425677
452,ksqexp,1.5,2,0.5,0.1,-92.26311729427873,-90.85084738283862
453,ksqexp,1.5,2,0.5,0.05,-312.37146560639127,-255.44491463437896
454,ksqexp,1.5,2,0.5,0.01,-2010.3924029045002,-1271.1291445073257
455,ksqexp,1.5,2,0.5,0,-2509.125975443918,-1555.9203539391658
456,ksqexp,1.5,2,1,0.5,-29.877286076885323,-31.958573262174696
457,ksqexp,1.5,2,1,0.1,-89.05248372242578,-82.64986456447608
458,ksqexp,1.5,2,1,0.05,-287.5700249991593,-216.55863715118858
459,ksqexp,1.5,2,1,0.01,-1118.8268632088,-703.6184390654713
460,ksqexp,1.5,2,1,0,-1256.1720639689388,-781.9335347863375
461,ksqexp,1.5,2,1.5,0.5,-31.53390477107046,-33.795354237761046
462,ksqexp,1.5,2,1.5,0.1,-89.37466142445308,-79.93738072504827
463,ksqexp,1.5,2,1.5,0.05,-265.9628013530656,-193.26583057856308
464,ksqexp,1.5,2,1.5,0.01,-778.1724040032627,-490.7482988217198
465,ksqexp,1.5,2,1.5,0,-841.311416230024,-526.7285847809997
466,ksqexp,1.5,2.5,0.5,0.5,-27.527873136808065,-29.29669362592575
467,ksqexp,1.5,2.5,0.5,0.1,-84.94289295224976,-81.62695202016477
468,ksqexp,1.5,2.5,0.5,0.05,-278.2969153890668,-216.45006758453758
469,ksqexp,1.5,2.5,0.5,0.01,-1150.7374383869164,-736.7928764889135
470,ksqexp,1.5,2.5,0.5,0,-1304.6918499460191,-826.4375189872245
471,ksqexp,1.5,2.5,1,0.5,-29.707917209565295,-31.811892051867403
472,ksqexp,1.5,2.5,1,0.1,-83.887520497497,-75.43162099748847
473,ksqexp,1.5,2.5,1,0.05,-239.45325914748653,-174.76583758254014
474,ksqexp,1.5,2.5,1,0.01,-615.8160907179338,-396.2020373568563
475,ksqexp,1.5,2.5,1,0,-656.4831629804835,-419.86855077582794
476,ksqexp,1.5,2.5,1.5,0.5,-31.65614522379305,-33.98872531701811
477,ksqexp,1.5,2.5,1.5,0.1,-84.16046424711463,-73.11752552898733
478,ksqexp,1.5,2.5,1.5,0.05,-209.93696672159015,-150.64472505874917
479,ksqexp,1.5,2.5,1.5,0.01,-424.8028929422008,-276.43149196948457
480,ksqexp,1.5,2.5,1.5,0,-443.2042572328204,-287.13621802665966
481,ksqexp,1.5,3,0.5,0.5,-27.351600184536014,-29.127664665948426
482,ksqexp,1.5,3,0.5,0.1,-80.50096573745627,-75.51355321051845
483,ksqexp,1.5,3,0.5,0.05,-238.17771811903364,-179.4110473161316
484,ksqexp,1.5,3,0.5,0.01,-676.3165846677476,-438.0127608152614
485,ksqexp,1.5,3,0.5,0,-728.9362966649971,-468.6738688818935
486,ksqexp,1.5,3,1,0.5,-29.829907419979847,-32.00008230737424
487,ksqexp,1.5,3,1,0.1,-78.68293395997435,-69.1508394989992
488,ksqexp,1.5,3,1,0.05,-188.2498608382257,-136.4437383446057
489,ksqexp,1.5,3,1,0.01,-356.8899300507234,-235.05975465844347
490,ksqexp,1.5,3,1,0,-370.4669747984141,-242.96693945215665
491,ksqexp,1.5,3,1.5,0.5,-32.00043569484858,-34.44577172165334
492,ksqexp,1.5,3,1.5,0.1,-77.47630757970838,-66.45820927804692
493,ksqexp,1.5,3,1.5,0.05,-157.47770998393065,-114.39115261166927
494,ksqexp,1.5,3,1.5,0.01,-247.68063934321077,-166.97861499851237
495,ksqexp,1.5,3,1.5,0,-253.7678575466896,-170.5219530389575
496,ksqexp,1.5,3.5,0.5,0.5,-27.344199800971257,-29.14975499581546
497,ksqexp,1.5,3.5,0.5,0.1,-75.03820022440824,-68.99477714728697
498,ksqexp,1.5,3.5,0.5,0.05,-194.24034546680772,-143.65773752371686
499,ksqexp,1.5,3.5,0.5,0.01,-419.3286731573406,-272.93044284290914
500,ksqexp,1.5,3.5,0.5,0,-439.994263502223,-284.6681265496555
501,ksqexp,1.5,3.5,1,0.5,-30.047596923556444,-32.303937268255204
502,ksqexp,1.5,3.5,1,0.1,-71.37051407483658,-62.09894219062595
503,ksqexp,1.5,3.5,1,0.05,-143.20823568336,-104.52245564495384
504,ksqexp,1.5,3.5,1,0.01,-222.11708918845662,-149.46416878497683
505,ksqexp,1.5,3.5,1,0,-227.37447343020574,-152.44721048002046
506,ksqexp,1.5,3.5,1.5,0.5,-32.37630358884575,-34.94323948884848
507,ksqexp,1.5,3.5,1.5,0.1,-68.81824602089144,-59.26236967395266
508,ksqexp,1.5,3.5,1.5,0.05,-116.7809693837926,-87.0295117309689
509,ksqexp,1.5,3.5,1.5,0.01,-156.9496743929796,-109.83656333438783
510,ksqexp,1.5,3.5,1.5,0,-159.29186681544263,-111.16422854314844
511,ksqexp,1.5,4,0.5,0.5,-27.398193943567932,-29.24457928814491
512,ksqexp,1.5,4,0.5,0.1,-69.08122042362695,-62.64782936121887
513,ksqexp,1.5,4,0.5,0.05,-157.5252833572646,-115.74233302629567
514,ksqexp,1.5,4,0.5,0.01,-282.9920553948019,-185.5783735355189
515,ksqexp,1.5,4,0.5,0,-292.6315857895147,-190.87495243397552
516,ksqexp,1.5,4,1,0.5,-30.25843693303523,-32.59992908098836
517,ksqexp,1.5,4,1,0.1,-63.98422276790034,-55.770886564235504
518,ksqexp,1.5,4,1,0.05,-111.2702466441157,-82.70375916925654
519,ksqexp,1.5,4,1,0.01,-152.26545349427354,-105.30924156682927
520,ksqexp,1.5,4,1,0,-154.69407536802956,-106.64118415490036
521,ksqexp,1.5,4,1.5,0.5,-32.69497247343014,-35.37223050816522
522,ksqexp,1.5,4,1.5,0.1,-60.87324888781116,-53.25624807200997
523,ksqexp,1.5,4,1.5,0.05,-90.28508529960082,-69.70293791704319
524,ksqexp,1.5,4,1.5,0.01,-110.42944453104128,-80.76477005257401
525,ksqexp,1.5,4,1.5,0,-111.50556198311872,-81.35391815581345
526,ksqexp,1.5,6,0.5,0.5,-27.609826466352573,-29.60535702905317
527,ksqexp,1.5,6,0.5,0.1,-52.84498844110874,-47.739656941173635
528,ksqexp,1.5,6,0.5,0.05,-86.39903043273631,-66.60587791231913
529,ksqexp,1.5,6,0.5,0.01,-112.64351100616318,-80.61530386564601
530,ksqexp,1.5,6,0.5,0,-114.12462362076927,-81.39543302062336
531,ksqexp,1.5,6,1,0.5,-30.745217409296806,-33.31030885210606
532,ksqexp,1.5,6,1,0.1,-46.45223360781367,-42.90393560712106
533,ksqexp,1.5,6,1,0.05,-59.74770712955287,-50.0783789363267
534,ksqexp,1.5,6,1,0.01,-67.11706957615634,-53.961002965205665
535,ksqexp,1.5,6,1,0,-67.47943646680095,-54.150738256443965
536,ksqexp,1.5,6,1.5,0.5,-33.387166119274674,-36.330262520716744
537,ksqexp,1.5,6,1.5,0.1,-44.214464972513674,-42.320970522434486
538,ksqexp,1.5,6,1.5,0.05,-51.212682005962854,-46.0273263974966
539,ksqexp,1.5,6,1.5,0.01,-54.56493031967996,-47.778245606471835
540,ksqexp,1.5,6,1.5,0,-54.721697513840915,-47.85983010088757
541,ksqexp,1.5,8,0.5,0.5,-27.66467977563783,-29.757052066199268
542,ksqexp,1.5,8,0.5,0.1,-42.85854371144357,-40.0631728476171
543,ksqexp,1.5,8,0.5,0.05,-58.48621974639035,-48.810138117014084
544,ksqexp,1.5,8,0.5,0.01,-67.83680617462267,-53.850590423259355
545,ksqexp,1.5,8,0.5,0,-68.30937803422528,-54.10277193138245
546,ksqexp,1.5,8,1,0.5,-30.89393981454283,-33.57373640927271
547,ksqexp,1.5,8,1,0.1,-37.85000259068113,-37.434189448876516
548,ksqexp,1.5,8,1,0.05,-43.007952697979796,-40.21619309657554
549,ksqexp,1.5,8,1,0.01,-45.40912222899748,-41.490030383229076
550,ksqexp,1.5,8,1,0,-45.52029847794615,-41.548749976436824
551,ksqexp,1.5,8,1.5,0.5,-33.62936594601826,-36.708498583473485
552,ksqexp,1.5,8,1.5,0.1,-37.204894311538474,-38.307772399187144
553,ksqexp,1.5,8,1.5,0.05,-39.64047618696972,-39.59279980494755
554,ksqexp,1.5,8,1.5,0.01,-40.66842971548065,-40.130633502525555
555,ksqexp,1.5,8,1.5,0,-40.714595392034525,-40.154732757896355
556,ksqexp,1.5,10,0.5,0.5,-27.670444550587668,-29.85202936967411
557,ksqexp,1.5,10,0.5,0.1,-35.80866938495039,-35.15396586757855
558,ksqexp,1.5,10,0.5,0.05,-43.74521519903631,-39.61871765516723
559,ksqexp,1.5,10,0.5,0.01,-47.843894193299036,-41.85578700573485
560,ksqexp,1.5,10,0.5,0,-48.040212720692374,-41.962060764805805
561,ksqexp,1.5,10,1,0.5,-30.9515383424991,-33.736989851669335
562,ksqexp,1.5,10,1,0.1,-32.77572439548574,-34.418152275611924
563,ksqexp,1.5,10,1,0.05,-35.01215952931869,-35.62870046031077
564,ksqexp,1.5,10,1,0.01,-35.97028674132774,-36.14100885085369
565,ksqexp,1.5,10,1,0,-36.01348205184451,-36.16402857447219
566,ksqexp,1.5,10,1.5,0.5,-33.74681564345639,-36.95590043261528
567,ksqexp,1.5,10,1.5,0.1,-33.47282934050744,-36.329186048436576
568,ksqexp,1.5,10,1.5,0.05,-34.404623995437696,-36.81792350109741
569,ksqexp,1.5,10,1.5,0.01,-34.77869045598296,-37.01337681369328
570,ksqexp,1.5,10,1.5,0,-34.795228595393326,-37.02200794430377
571,ksqexp,1.5,25,0.5,0.5,-27.80175248932832,-30.66674859334722
572,ksqexp,1.5,25,0.5,0.1,-21.343811121725732,-26.680676612772803
573,ksqexp,1.5,25,0.5,0.05,-21.351611634429794,-26.715376867044675
574,ksqexp,1.5,25,0.5,0.01,-21.375385897385563,-26.739786941481288
575,ksqexp,1.5,25,0.5,0,-21.37663588125655,-26.740965902159463
576,ksqexp,1.5,25,1,0.5,-31.101525269820396,-34.61410518058632
577,ksqexp,1.5,25,1,0.1,-24.655054621665368,-30.507955812220427
578,ksqexp,1.5,25,1,0.05,-24.391046849642297,-30.36466415746792
579,ksqexp,1.5,25,1,0.01,-24.30519599601143,-30.31886543275329
580,ksqexp,1.5,25,1,0,-24.30160275110354,-30.316957722863396
581,ksqexp,1.5,25,1.5,0.5,-34.033222142703,-38.017069191548714
582,ksqexp,1.5,25,1.5,0.1,-28.393268937149855,-34.48012355792172
583,ksqexp,1.5,25,1.5,0.05,-28.150127078992725,-34.34515290472001
584,ksqexp,1.5,25,1.5,0.01,-28.070582350623006,-34.3014389917099
585,ksqexp,1.5,25,1.5,0,-28.06724847444469,-34.29961176316452
586,ksqexp,1.75,0.2,0.5,0.5,-32.61238065151239,-33.811581178639386
587,ksqexp,1.75,0.2,0.5,0.1,-347.64520931325507,-367.0626628231814
588,ksqexp,1.75,0.2,0.5,0.05,-1451.583366337273,-1571.2376270406314
589,ksqexp,1.75,0.2,0.5,0.01,-41021.0565795899,-44238.44025456537
590,ksqexp,1.75,0.2,0.5,0,-4467386.663846081,-3616174.7642116463
591,ksqexp,1.75,0.2,1,0.5,-32.25417887306051,-33.271885901816724
592,ksqexp,1.75,0.2,1,0.1,-340.7637413246238,-364.7784746682845
593,ksqexp,1.75,0.2,1,0.05,-1511.7417996176011,-1656.9982992066577
594,ksqexp,1.75,0.2,1,0.01,-37347.82195553634,-39597.75309583519
595,ksqexp,1.75,0.2,1,0,-2233647.1394467684,-1808042.5910694553
596,ksqexp,1.75,0.2,1.5,0.5,-32.152859971443924,-33.08144003724969
597,ksqexp,1.75,0.2,1.5,0.1,-343.18349670177213,-370.715369109985
598,ksqexp,1.75,0.2,1.5,0.05,-1557.3312055374627,-1713.8599165917433
599,ksqexp,1.75,0.2,1.5,0.01,-34451.7918704975,-36015.79489012447
600,ksqexp,1.75,0.2,1.5,0,-1489067.2190162444,-1205332.578976441
601,ksqexp,1.75,0.5,0.5,0.5,-29.392168106870656,-30.52318024973028
602,ksqexp,1.75,0.5,0.5,0.1,-310.6649816464025,-346.0971315609613
603,ksqexp,1.75,0.5,0.5,0.05,-1217.0978142807328,-1367.156055622413
604,ksqexp,1.75,0.5,0.5,0.01,-17366.67052304876,-16124.699250633606
605,ksqexp,1.75,0.5,0.5,0,-186769.71623090515,-159073.15144935707
606,ksqexp,1.75,0.5,1,0.5,-29.62827712244318,-30.763116956517194
607,ksqexp,1.75,0.5,1,0.1,-307.83305217713763,-346.2458799611782
608,ksqexp,1.75,0.5,1,0.05,-1098.0471633208178,-1230.6337181842814
609,ksqexp,1.75,0.5,1,0.01,-15616.690707993374,-13329.616032500362
610,ksqexp,1.75,0.5,1,0,-93352.67391395169,-79506.73713854325
611,ksqexp,1.75,0.5,1.5,0.5,-30.218279336171463,-31.43695131913479
612,ksqexp,1.75,0.5,1.5,0.1,-301.57351550897715,-340.2710040916183
613,ksqexp,1.75,0.5,1.5,0.05,-1012.2319415201064,-1126.1618874080157
614,ksqexp,1.75,0.5,1.5,0.01,-14469.073787348887,-11827.140452339727
615,ksqexp,1.75,0.5,1.5,0,-62216.44872260234,-52987.38718103848
616,ksqexp,1.75,1,0.5,0.5,-28.48775888412826,-29.91216203284556
617,ksqexp,1.75,1,0.5,0.1,-199.1979267878469,-228.55033230768632
618,ksqexp,1.75,1,0.5,0.05,-608.2434399070917,-629.8401306626322
619,ksqexp,1.75,1,0.5,0.01,-9098.296843312191,-6858.733429987544
620,ksqexp,1.75,1,0.5,0,-35612.34511890465,-23392.76136040582
621,ksqexp,1.75,1,1,0.5,-29.95918389588036,-31.74472174865253
622,ksqexp,1.75,1,1,0.1,-170.5596588597597,-189.42217562598424
623,ksqexp,1.75,1,1,0.05,-537.8810862352102,-518.7689028646189
624,ksqexp,1.75,1,1,0.01,-7264.060910684679,-5185.14062082284
625,ksqexp,1.75,1,1,0,-17790.409185696757,-11682.743675925112
626,ksqexp,1.75,1,1.5,0.5,-31.125169836428707,-33.17228417924902
627,ksqexp,1.75,1,1.5,0.1,-157.57998029358802,-169.55550092596988
628,ksqexp,1.75,1,1.5,0.05,-505.19754268823885,-467.69231290371295
629,ksqexp,1.75,1,1.5,0.01,-6040.800864692723,-4209.417947802791
630,ksqexp,1.75,1,1.5,0,-11852.55441935918,-7782.195036172983
631,ksqexp,1.75,1.5,0.5,0.5,-28.35526205745678,-30.233300865981082
632,ksqexp,1.75,1.5,0.5,0.1,-133.14391429693012,-144.63529692932084
633,ksqexp,1.75,1.5,0.5,0.05,-419.6194475590892,-394.4544284454811
634,ksqexp,1.75,1.5,0.5,0.01,-6501.43017092272,-4231.745837427595
635,ksqexp,1.75,1.5,0.5,0,-15724.751846603436,-9379.479137447197
636,ksqexp,1.75,1.5,1,0.5,-29.841977985860485,-32.20248218802878
637,ksqexp,1.75,1.5,1,0.1,-117.38962651160473,-120.3295487123128
638,ksqexp,1.75,1.5,1,0.05,-384.5554193188136,-336.4248348536479
639,ksqexp,1.75,1.5,1,0.01,-4648.2224527923145,-2907.496135080853
640,ksqexp,1.75,1.5,1,0,-7854.350541438915,-4684.407367048221
641,ksqexp,1.75,1.5,1.5,0.5,-30.961974839459305,-33.600989675925405
642,ksqexp,1.75,1.5,1.5,0.1,-111.25147276192584,-110.22492508255904
643,ksqexp,1.75,1.5,1.5,0.05,-372.3845898491915,-310.80682119157865
644,ksqexp,1.75,1.5,1.5,0.01,-3598.516948677108,-2218.4771634393887
645,ksqexp,1.75,1.5,1.5,0,-5233.6740734131145,-3122.174087680458
646,ksqexp,1.75,2,0.5,0.5,-27.75139701147301,-29.868672528233358
647,ksqexp,1.75,2,0.5,0.1,-103.2951077568398,-108.03216274087923
648,ksqexp,1.75,2,0.5,0.05,-345.38893532568466,-306.1741818657647
649,ksqexp,1.75,2,0.5,0.01,-4030.634210456457,-2535.9146084486088
650,ksqexp,1.75,2,0.5,0,-6530.730445022856,-3946.614483711438
651,ksqexp,1.75,2,1,0.5,-29.206288205732484,-31.768279271509073
652,ksqexp,1.75,2,1,0.1,-94.83053021658371,-94.02186513581036
653,ksqexp,1.75,2,1,0.05,-330.0070910331145,-267.14986665216156
654,ksqexp,1.75,2,1,0.01,-2499.623409424831,-1543.836429742186
655,ksqexp,1.75,2,1,0,-3261.8784207187527,-1972.8023881900315
656,ksqexp,1.75,2,1.5,0.5,-30.458905338742348,-33.27086078191303
657,ksqexp,1.75,2,1.5,0.1,-93.12540068441224,-89.07609137482554
658,ksqexp,1.75,2,1.5,0.05,-321.32100590460215,-247.00323575939805
659,ksqexp,1.75,2,1.5,0.01,-1809.8023225887684,-1112.3086190448228
660,ksqexp,1.75,2,1.5,0,-2175.0517317207796,-1317.6556773525183
661,ksqexp,1.75,2.5,0.5,0.5,-27.105427690491858,-29.259844311174955
662,ksqexp,1.75,2.5,0.5,0.1,-88.78417733777435,-91.09627996787746
663,ksqexp,1.75,2.5,0.5,0.05,-307.49606380258325,-257.9019888790686
664,ksqexp,1.75,2.5,0.5,0.01,-2293.3325260331776,-1445.4810313932396
665,ksqexp,1.75,2.5,0.5,0,-2982.0006165171485,-1840.3406091670242
666,ksqexp,1.75,2.5,1,0.5,-28.744510199350632,-31.31911602849167
667,ksqexp,1.75,2.5,1,0.1,-85.20836866328781,-82.24930056531862
668,ksqexp,1.75,2.5,1,0.05,-288.10338587641263,-220.4277299702357
669,ksqexp,1.75,2.5,1,0.01,-1297.7695090889476,-812.4615244486718
670,ksqexp,1.75,2.5,1,0,-1490.619045293896,-922.9328870669899
671,ksqexp,1.75,2.5,1.5,0.5,-30.235148560583863,-33.07968005005616
672,ksqexp,1.75,2.5,1.5,0.1,-85.5382537033353,-79.22100360768658
673,ksqexp,1.75,2.5,1.5,0.05,-270.655935444427,-198.69730188983385
674,ksqexp,1.75,2.5,1.5,0.01,-907.0523537115785,-568.8262098328986
675,ksqexp,1.75,2.5,1.5,0,-996.2825106769185,-619.920969241516
676,ksqexp,1.75,3,0.5,0.5,-26.69655294318752,-28.833850278897813
677,ksqexp,1.75,3,0.5,0.1,-81.92586104273397,-82.39721654452663
678,ksqexp,1.75,3,0.5,0.05,-280.0073790298856,-223.56807727071075
679,ksqexp,1.75,3,0.5,0.01,-1380.9661029143335,-880.3129171139269
680,ksqexp,1.75,3,0.5,0,-1613.8320722930218,-1016.3743962300225
681,ksqexp,1.75,3,1,0.5,-28.59015442618229,-31.18088695132438
682,ksqexp,1.75,3,1,0.1,-80.60235817298759,-75.51225414384632
683,ksqexp,1.75,3,1,0.05,-248.61007356209285,-183.83875026643236
684,ksqexp,1.75,3,1,0.01,-746.4755006464021,-476.9583629163356
685,ksqexp,1.75,3,1,0,-808.8074159786021,-513.376151798612
686,ksqexp,1.75,3,1.5,0.5,-30.305051520585977,-33.21418567689934
687,ksqexp,1.75,3,1.5,0.1,-81.26763842532249,-73.0535476781434
688,ksqexp,1.75,3,1.5,0.05,-222.55787352378505,-160.59314090704322
689,ksqexp,1.75,3,1.5,0.01,-514.9115580558015,-331.94230219698903
690,ksqexp,1.75,3,1.5,0,-543.2565203414716,-348.50072691335345
691,ksqexp,1.75,3.5,0.5,0.5,-26.51911242528581,-28.65501567624873
692,ksqexp,1.75,3.5,0.5,0.1,-77.82711062603089,-76.58498098704752
693,ksqexp,1.75,3.5,0.5,0.05,-249.20761776360652,-191.79138878904934
694,ksqexp,1.75,3.5,0.5,0.01,-864.2516480593735,-553.8824706823741
695,ksqexp,1.75,3.5,0.5,0,-954.1930882077666,-606.2433767303442
696,ksqexp,1.75,3.5,1,0.5,-28.65367737521884,-31.302818217700878
697,ksqexp,1.75,3.5,1,0.1,-76.67910578237758,-70.02565295181799
698,ksqexp,1.75,3.5,1,0.05,-205.89231375219654,-149.91051789069473
699,ksqexp,1.75,3.5,1,0.01,-457.24157282105824,-296.52437979867915
700,ksqexp,1.75,3.5,1,0,-480.7113503397737,-310.1870733960628
701,ksqexp,1.75,3.5,1.5,0.5,-30.552237364970104,-33.56904519076468
702,ksqexp,1.75,3.5,1.5,0.1,-76.43450996605667,-67.4349046509852
703,ksqexp,1.75,3.5,1.5,0.05,-176.05056637105207,-127.24429505868113
704,ksqexp,1.75,3.5,1.5,0.01,-315.10608371971875,-208.14114073545386
705,ksqexp,1.75,3.5,1.5,0,-325.6747610406442,-214.29229565402093
706,ksqexp,1.75,4,0.5,0.5,-26.481160385901752,-28.638337635294256
707,ksqexp,1.75,4,0.5,0.1,-73.33221126875198,-70.72961286978766
708,ksqexp,1.75,4,0.5,0.05,-213.22932829808914,-160.00413454982993
709,ksqexp,1.75,4,0.5,0.01,-566.4795313704427,-362.4409596469073
710,ksqexp,1.75,4,0.5,0,-606.1171741875852,-384.9114104942068
711,ksqexp,1.75,4,1,0.5,-28.811262191534503,-31.54247159219051
712,ksqexp,1.75,4,1,0.1,-71.14750390366811,-63.95186747204662
713,ksqexp,1.75,4,1,0.05,-165.00943871736308,-119.73467464705722
714,ksqexp,1.75,4,1,0.01,-297.78824140552587,-195.1930872212137
715,ksqexp,1.75,4,1,0,-307.97391679981286,-200.96470463363312
716,ksqexp,1.75,4,1.5,0.5,-30.848334149355917,-33.9883323393227
717,ksqexp,1.75,4,1.5,0.1,-69.73937991798427,-61.23948424437518
718,ksqexp,1.75,4,1.5,0.05,-136.71518089328112,-100.11851180933692
719,ksqexp,1.75,4,1.5,0.01,-206.8260271307408,-139.85858997694112
720,ksqexp,1.75,4,1.5,0,-211.38348772353257,-142.43979275346754
721,ksqexp,1.75,6,0.5,0.5,-26.64734757896021,-28.960941137880155
722,ksqexp,1.75,6,0.5,0.1,-57.07521014596353,-52.974701039568195
723,ksqexp,1.75,6,0.5,0.05,-119.03676788679505,-88.29474227211631
724,ksqexp,1.75,6,0.5,0.01,-192.03726576488654,-126.7776066981699
725,ksqexp,1.75,6,0.5,0,-197.0802693191823,-129.38012342729363
726,ksqexp,1.75,6,1,0.5,-29.356427595834123,-32.38715572785846
727,ksqexp,1.75,6,1,0.1,-51.99006047762105,-47.43835070609682
728,ksqexp,1.75,6,1,0.05,-82.20307043678633,-63.80398225768291
729,ksqexp,1.75,6,1,0.01,-104.87647675027766,-75.60405384417083
730,ksqexp,1.75,6,1,0,-106.13392800308107,-76.25122257869344
731,ksqexp,1.75,6,1.5,0.5,-31.656870508199148,-35.18164962315833
732,ksqexp,1.75,6,1.5,0.1,-49.3997681385849,-45.9815772341623
733,ksqexp,1.75,6,1.5,0.05,-67.20867072544254,-55.437976763321245
734,ksqexp,1.75,6,1.5,0.01,-78.05651703346012,-61.04851987157793
735,ksqexp,1.75,6,1.5,0,-78.60913765862334,-61.33224572622324
736,ksqexp,1.75,8,0.5,0.5,-26.728747023177196,-29.15776274925442
737,ksqexp,1.75,8,0.5,0.1,-47.69630716803693,-44.63960552209419
738,ksqexp,1.75,8,0.5,0.05,-80.83935510162001,-63.12220797526621
739,ksqexp,1.75,8,0.5,0.01,-108.42796171174865,-77.55638456411603
740,ksqexp,1.75,8,0.5,0,-110.02838859753837,-78.3774970597031
741,ksqexp,1.75,8,1,0.5,-29.560664313172193,-32.74835635659489
742,ksqexp,1.75,8,1,0.1,-42.15853977350624,-40.65714943458517
743,ksqexp,1.75,8,1,0.05,-55.55403366785575,-47.814031672976306
744,ksqexp,1.75,8,1,0.01,-63.34465224581936,-51.835129520896324
745,ksqexp,1.75,8,1,0,-63.73426804567551,-52.034189068865174
746,ksqexp,1.75,8,1.5,0.5,-31.96842394091569,-35.6801946296276
747,ksqexp,1.75,8,1.5,0.1,-40.290784020993705,-40.42592354203874
748,ksqexp,1.75,8,1.5,0.05,-47.38757294227864,-44.14610440024386
749,ksqexp,1.75,8,1.5,0.01,-50.92597052497922,-45.95847920595817
750,ksqexp,1.75,8,1.5,0,-51.093551293265904,-46.04374317103688
751,ksqexp,1.75,10,0.5,0.5,-26.730537170172685,-29.24857882795889
752,ksqexp,1.75,10,0.5,0.1,-40.523196210194115,-39.05325651817682
753,ksqexp,1.75,10,0.5,0.05,-59.62666715626834,-49.612574319328836
754,ksqexp,1.75,10,0.5,0.01,-72.59652841482847,-56.39142429796785
755,ksqexp,1.75,10,0.5,0,-73.28489836088701,-56.74502790008514
756,ksqexp,1.75,10,1,0.5,-29.623733202233563,-32.9202901500372
757,ksqexp,1.75,10,1,0.1,-35.78456226374415,-36.60027712178425
758,ksqexp,1.75,10,1,0.05,-42.49185951622971,-40.16548563793786
759,ksqexp,1.75,10,1,0.01,-45.89862535827385,-41.9215621236465
760,ksqexp,1.75,10,1,0,-46.060853932360466,-42.004441616837454
761,ksqexp,1.75,10,1.5,0.5,-32.097960643912074,-35.942775322749704
762,ksqexp,1.75,10,1.5,0.1,-34.980737424972794,-37.39737405903904
763,ksqexp,1.75,10,1.5,0.05,-38.23785904542811,-39.09564825586876
764,ksqexp,1.75,10,1.5,0.01,-39.70939122666142,-39.847321247686665
765,ksqexp,1.75,10,1.5,0,-39.776829222108404,-39.88156962207596
766,ksqexp,1.75,25,0.5,0.5,-26.729927440644172,-29.91280443897138
767,ksqexp,1.75,25,0.5,0.1,-21.868530477754412,-26.801129978006564
768,ksqexp,1.75,25,0.5,0.05,-23.14916845308061,-27.41327030100276
769,ksqexp,1.75,25,0.5,0.01,-23.767385923050966,-27.697834289780463
770,ksqexp,1.75,25,0.5,0,-23.796087202712357,-27.710910154016247
771,ksqexp,1.75,25,1,0.5,-29.725560605388065,-33.7528383505345
772,ksqexp,1.75,25,1,0.1,-23.25143764098295,-29.687525469234735
773,ksqexp,1.75,25,1,0.05,-23.22700257281491,-29.654636051359883
774,ksqexp,1.75,25,1,0.01,-23.23835984658838,-29.652600052326168
775,ksqexp,1.75,25,1,0,-23.23906992892621,-29.652618440901495
776,ksqexp,1.75,25,1.5,0.5,-32.368848416401846,-37.02699899294932
777,ksqexp,1.75,25,1.5,0.1,-26.1103832019468,-33.23974840832512
778,ksqexp,1.75,25,1.5,0.05,-25.908816690913937,-33.12683762175548
779,ksqexp,1.75,25,1.5,0.01,-25.846618629114317,-33.09195044332048
780,ksqexp,1.75,25,1.5,0,-25.84405427101423,-33.090511303245094
781,ksqexp,2,0.2,0.5,0.5,-32.77652115734933,-34.27666399537845
782,ksqexp,2,0.2,0.5,0.1,-333.74743960876157,-355.7830836149863
783,ksqexp,2,0.2,0.5,0.05,-1359.8925761930197,-1480.1202735706704
784,ksqexp,2,0.2,0.5,0.01,-39840.09477772082,-44459.07748013597
785,ksqexp,2,0.2,0.5,0,-10858727.267565928,-9444547.677164199
786,ksqexp,2,0.2,1,0.5,-31.973475204438863,-33.29981782313127
787,ksqexp,2,0.2,1,0.1,-322.0533402450499,-347.8700902412572
788,ksqexp,2,0.2,1,0.05,-1391.579791342222,-1534.0670102438937
789,ksqexp,2,0.2,1,0.01,-38622.75765889655,-42855.061498903095
790,ksqexp,2,0.2,1,0,-5429364.435866535,-4722255.794392085
791,ksqexp,2,0.2,1.5,0.5,-31.546811411954486,-32.755467965472356
792,ksqexp,2,0.2,1.5,0.1,-321.1777055878086,-349.58054733904703
793,ksqexp,2,0.2,1.5,0.05,-1420.472428975317,-1576.7761698506233
794,ksqexp,2,0.2,1.5,0.01,-36997.262605517164,-40837.74749703048
795,ksqexp,2,0.2,1.5,0,-3619551.5340605387,-3148143.1870488743
796,ksqexp,2,0.5,0.5,0.5,-28.930219978995577,-30.268316764531008
797,ksqexp,2,0.5,0.5,0.1,-297.7050837266124,-335.4396501977835
798,ksqexp,2,0.5,0.5,0.05,-1216.9526660146869,-1387.5510544023898
799,ksqexp,2,0.5,0.5,0.01,-19351.67554360006,-19628.29034083965
800,ksqexp,2,0.5,0.5,0,-638941.4601099268,-562126.6113223933
801,ksqexp,2,0.5,1,0.5,-28.593427011707377,-29.862413851519435
802,ksqexp,2,0.5,1,0.1,-297.96364099981264,-339.8759682959052
803,ksqexp,2,0.5,1,0.05,-1140.0288562145563,-1302.3768674585533
804,ksqexp,2,0.5,1,0.01,-17829.14748403489,-16775.502509392714
805,ksqexp,2,0.5,1,0,-319430.2422636067,-281025.32118881185
806,ksqexp,2,0.5,1.5,0.5,-28.86209679666446,-30.173966825645156
807,ksqexp,2,0.5,1.5,0.1,-295.344160420613,-338.45356715682885
808,ksqexp,2,0.5,1.5,0.05,-1076.0724081236008,-1226.58754820415
809,ksqexp,2,0.5,1.5,0.01,-17028.11037202392,-15323.010681801636
810,ksqexp,2,0.5,1.5,0,-212929.27821711128,-187327.65520087926
811,ksqexp,2,1,0.5,0.5,-27.574283917081743,-29.05455743647277
812,ksqexp,2,1,0.5,0.1,-223.4347996183303,-263.4443692211875
813,ksqexp,2,1,0.5,0.05,-711.007844043148,-785.0339015360029
814,ksqexp,2,1,0.5,0.01,-11248.79694064409,-9310.297012231207
815,ksqexp,2,1,0.5,0,-121441.98280617906,-77403.9563353156
816,ksqexp,2,1,1,0.5,-28.712950397203375,-30.51793783019261
817,ksqexp,2,1,1,0.1,-196.1484536583121,-227.98158000777659
818,ksqexp,2,1,1,0.05,-625.4451157130875,-650.9199636515523
819,ksqexp,2,1,1,0.01,-10126.339206387582,-7879.052565304865
820,ksqexp,2,1,1,0,-60698.003878755226,-38681.601038324225
821,ksqexp,2,1,1.5,0.5,-29.710656067666147,-31.788064525986165
822,ksqexp,2,1,1.5,0.1,-181.2231519469015,-206.57187353773298
823,ksqexp,2,1,1.5,0.05,-587.214918391081,-587.3325407755361
824,ksqexp,2,1,1.5,0.01,-9360.002691142583,-7016.095052465358
825,ksqexp,2,1,1.5,0,-40452.800308223435,-25776.939209748034
826,ksqexp,2,1.5,0.5,0.5,-27.7118079787125,-29.6442256796435
827,ksqexp,2,1.5,0.5,0.1,-159.03099096181106,-183.22104926274085
828,ksqexp,2,1.5,0.5,0.05,-501.29211911798484,-507.1180186649189
829,ksqexp,2,1.5,0.5,0.01,-9000.086983895657,-6379.640006957001
830,ksqexp,2,1.5,0.5,0,-51224.73851818911,-30765.69426015127
831,ksqexp,2,1.5,1,0.5,-29.120391879631015,-31.58867158451671
832,ksqexp,2,1.5,1,0.1,-138.8744842730239,-152.2378446350004
833,ksqexp,2,1.5,1,0.05,-441.6247443946306,-420.7904753772159
834,ksqexp,2,1.5,1,0.01,-7913.081613718289,-5245.823410369981
835,ksqexp,2,1.5,1,0,-25597.9653710994,-15371.760626429343
836,ksqexp,2,1.5,1.5,0.5,-30.15735431858046,-32.97969049176804
837,ksqexp,2,1.5,1.5,0.1,-129.67166925747617,-137.58114166470702
838,ksqexp,2,1.5,1.5,0.05,-416.3152122445649,-382.2455450477051
839,ksqexp,2,1.5,1.5,0.01,-6958.052301918152,-4483.454169398234
840,ksqexp,2,1.5,1.5,0,-17058.49808511062,-10243.239944115732
841,ksqexp,2,2,0.5,0.5,-27.52481063255404,-29.81965317993571
842,ksqexp,2,2,0.5,0.1,-121.90212264497579,-135.38217077295778
843,ksqexp,2,2,0.5,0.05,-386.94867436087435,-373.8665188502067
844,ksqexp,2,2,0.5,0.01,-6486.474074516334,-4278.346645369374
845,ksqexp,2,2,0.5,0,-16686.01046996928,-10279.007246899879
846,ksqexp,2,2,1,0.5,-28.847538249079705,-31.71324708284094
847,ksqexp,2,2,1,0.1,-107.27769695187376,-113.72312107951382
848,ksqexp,2,2,1,0.05,-357.446123532344,-319.69000576886106
849,ksqexp,2,2,1,0.01,-4730.5794493207895,-3018.3114278656626
850,ksqexp,2,2,1,0,-8334.020350071563,-5134.116786349728
851,ksqexp,2,2,1.5,0.5,-29.868712199143683,-33.07598782640604
852,ksqexp,2,2,1.5,0.1,-101.50062200629849,-104.48199037896539
853,ksqexp,2,2,1.5,0.05,-349.099557877039,-296.3783877268796
854,ksqexp,2,2,1.5,0.01,-3699.1469995626794,-2334.031916556827
855,ksqexp,2,2,1.5,0,-5552.814273312322,-3421.9439404823434
856,ksqexp,2,2.5,0.5,0.5,-26.998916685716573,-29.437921740176524
857,ksqexp,2,2.5,0.5,0.1,-98.35911920736494,-107.22656066339162
858,ksqexp,2,2.5,0.5,0.05,-329.23858599108524,-304.3234807787927
859,ksqexp,2,2.5,0.5,0.01,-3821.6560057938987,-2470.735638319381
860,ksqexp,2,2.5,0.5,0,-6247.092677915464,-3891.364801679406
861,ksqexp,2,2.5,1,0.5,-28.316529848346356,-31.28396325450102
862,ksqexp,2,2.5,1,0.1,-89.59330912281246,-93.32894858929896
863,ksqexp,2,2.5,1,0.05,-311.20869027918667,-261.7083143571355
864,ksqexp,2,2.5,1,0.01,-2375.921874414296,-1509.6225842189565
865,ksqexp,2,2.5,1,0,-3118.3148501247974,-1944.2054128814116
866,ksqexp,2,2.5,1.5,0.5,-29.452686686087038,-32.745118094099716
867,ksqexp,2,2.5,1.5,0.1,-87.432913674718293,-87.96762893503376
868,ksqexp,2,2.5,1.5,0.05,-301.68828738314653,-240.18164330019547
869,ksqexp,2,2.5,1.5,0.01,-1721.839040957656,-1089.3638123432934
870,ksqexp,2,2.5,1.5,0,-2078.179560050887,-1297.9429375632515
871,ksqexp,2,3,0.5,0.5,-26.467276438501415,-28.910271694645388
872,ksqexp,2,3,0.5,0.1,-85.2174782332208,-91.70888653423945
873,ksqexp,2,3,0.5,0.05,-293.0382325003852,-257.6088554163921
874,ksqexp,2,3,0.5,0.01,-2335.4976776979756,-1500.3605995621745
875,ksqexp,2,3,0.5,0,-3116.56712057732,-1957.3523769609542
876,ksqexp,2,3,1,0.5,-27.91435346943827,-30.873372878331786
877,ksqexp,2,3,1,0.1,-80.27508669842796,-81.84532122982334
878,ksqexp,2,3,1,0.05,-273.8532409560727,-218.10719128541558
879,ksqexp,2,3,1,0.01,-1334.7151143733597,-850.7910617732555
880,ksqexp,2,3,1,0,-1555.7877959730363,-980.116186919925
881,ksqexp,2,3,1.5,0.5,-29.225535211764413,-32.53379766872616
882,ksqexp,2,3,1.5,0.1,-79.8505487113921,-78.10014279002547
883,ksqexp,2,3,1.5,0.05,-258.35442540818974,-196.37728332280673
884,ksqexp,2,3,1.5,0.01,-935.6039692971862,-597.0782973255177
885,ksqexp,2,3,1.5,0,-1038.3186767386508,-657.1614463431035
886,ksqexp,2,3.5,0.5,0.5,-26.106825845695745,-28.523274243201662
887,ksqexp,2,3.5,0.5,0.1,-78.27567583830903,-82.95958488565805
888,ksqexp,2,3.5,0.5,0.05,-270.23169807090073,-226.00921363745348
889,ksqexp,2,3.5,0.5,0.01,-1521.173003572168,-977.8661638247315
890,ksqexp,2,3.5,0.5,0,-1829.2426836823747,-1158.5237463365013
891,ksqexp,2,3.5,1,0.5,-27.74713097548397,-30.71502605336212
892,ksqexp,2,3.5,1,0.1,-75.66010034775078,-75.04774948866698
893,ksqexp,2,3.5,1,0.05,-243.73810963122634,-186.53678219156816
894,ksqexp,2,3.5,1,0.01,-830.6958745887387,-534.0052864200684
895,ksqexp,2,3.5,1,0,-914.1920798220477,-582.9742033298656
896,ksqexp,2,3.5,1.5,0.5,-29.236960981795445,-32.60236422112374
897,ksqexp,2,3.5,1.5,0.1,-76.01869677833609,-72.121991318671
898,ksqexp,2,3.5,1.5,0.05,-221.34841868033587,-163.99053714274274
899,ksqexp,2,3.5,1.5,0.01,-573.81990924482,-371.5438058695128
900,ksqexp,2,3.5,1.5,0,-611.9658682287987,-393.9150121891035
901,ksqexp,2,4,0.5,0.5,-25.923934162274534,-28.33092379263412
902,ksqexp,2,4,0.5,0.1,-74.07183670760662,-77.14293223150825
903,ksqexp,2,4,0.5,0.05,-246.54702547637913,-198.10117587775898
904,ksqexp,2,4,0.5,0.01,-1020.0205943590189,-653.8353556503587
905,ksqexp,2,4,0.5,0,-1156.684898005339,-732.7693839797057
906,ksqexp,2,4,1,0.5,-27.763000434105926,-30.781146727800163
907,ksqexp,2,4,1,0.1,-72.2864788447707,-69.90417622164881
908,ksqexp,2,4,1,0.05,-210.38555676485402,-157.30359993463557
909,ksqexp,2,4,1,0.01,-543.3999083521402,-351.04188176143396
910,ksqexp,2,4,1,0,-579.5014783381797,-371.89036019236966
911,ksqexp,2,4,1.5,0.5,-29.407671194671234,-32.8749292116383
912,ksqexp,2,4,1.5,0.1,-72.34523709035615,-67.1324125470902
913,ksqexp,2,4,1.5,0.05,-183.60804730497043,-134.90407670679846
914,ksqexp,2,4,1.5,0.01,-373.5666294583623,-244.95841640396324
915,ksqexp,2,4,1.5,0,-389.8976617114784,-254.38800893115996
916,ksqexp,2,6,0.5,0.5,-25.92541094525516,-28.452204020710607
917,ksqexp,2,6,0.5,0.1,-58.51654780423053,-57.60529172355835
918,ksqexp,2,6,0.5,0.05,-150.53584294815803,-112.49236085213248
919,ksqexp,2,6,0.5,0.01,-324.1377506165888,-203.88103986254893
920,ksqexp,2,6,0.5,0,-340.14999879465387,-211.97362564627502
921,ksqexp,2,6,1,0.5,-28.243725201497558,-31.585052360888856
922,ksqexp,2,6,1,0.1,-55.182190806599955,-51.66944960508477
923,ksqexp,2,6,1,0.05,-109.9630469097401,-82.11052240349622
924,ksqexp,2,6,1,0.01,-170.57360504317768,-113.43496124921184
925,ksqexp,2,6,1,0,-174.63393718698782,-115.48260813239965
926,ksqexp,2,6,1.5,0.5,-30.21632783223997,-34.14203668856679
927,ksqexp,2,6,1.5,0.1,-53.378221335516976,-49.81560776880642
928,ksqexp,2,6,1.5,0.05,-89.69845063825547,-69.43989576044982
929,ksqexp,2,6,1.5,0.01,-120.4499340342289,-85.20172372932974
930,ksqexp,2,6,1.5,0,-122.25257339905414,-86.10959238503894
931,ksqexp,2,8,0.5,0.5,-26.02519226009589,-28.689488833210156
932,ksqexp,2,8,0.5,0.1,-49.97306072942482,-48.36650914815133
933,ksqexp,2,8,0.5,0.05,-105.96519121323897,-79.9834204627563
934,ksqexp,2,8,0.5,0.01,-176.97174454391183,-115.76902957590409
935,ksqexp,2,8,0.5,0,-182.0940938871744,-118.2399815768288
936,ksqexp,2,8,1,0.5,-28.50230367950696,-32.06091731632634
937,ksqexp,2,8,1,0.1,-45.50694656673105,-43.82938263360144
938,ksqexp,2,8,1,0.05,-73.38059069433189,-58.61389870984474
939,ksqexp,2,8,1,0.01,-95.70643834035556,-69.62975681063016
940,ksqexp,2,8,1,0,-96.98036964230371,-70.24238808565408
941,ksqexp,2,8,1.5,0.5,-30.597189948187918,-34.79019027028683
942,ksqexp,2,8,1.5,0.1,-43.51155642053139,-42.95985767650071
943,ksqexp,2,8,1.5,0.05,-60.125422222868046,-51.53048930859406
944,ksqexp,2,8,1.5,0.01,-70.84194614231508,-56.76620918580895
945,ksqexp,2,8,1.5,0,-71.39978498812152,-57.033847019129446
946,ksqexp,2,10,0.5,0.5,-26.032995139052844,-28.791927824129388
947,ksqexp,2,10,0.5,0.1,-43.92376805994748,-42.705780249944745
948,ksqexp,2,10,0.5,0.05,-80.74877091415165,-62.84113310705682
949,ksqexp,2,10,0.5,0.01,-117.36222468881118,-80.84042229881037
950,ksqexp,2,10,0.5,0,-119.67566363780249,-81.93298983721884
951,ksqexp,2,10,1,0.5,-28.582889529800728,-32.266827253542374
952,ksqexp,2,10,1,0.1,-39.170213794222036,-39.28318153083887
953,ksqexp,2,10,1,0.05,-55.27121927013905,-47.57734314261446
954,ksqexp,2,10,1,0.01,-65.99598600377543,-52.73899731025476
955,ksqexp,2,10,1,0,-66.56065718219767,-53.004637697409024
956,ksqexp,2,10,1.5,0.5,-30.750808105661108,-35.096785281890305
957,ksqexp,2,10,1.5,0.1,-37.57163383193525,-39.229917339500105
958,ksqexp,2,10,1.5,0.05,-46.457196288461,-43.68251683749834
959,ksqexp,2,10,1.5,0.01,-51.403170214313676,-46.03851801914674
960,ksqexp,2,10,1.5,0,-51.64631179436544,-46.15251041627026
961,ksqexp,2,25,0.5,0.5,-25.930340377668713,-29.319619898955803
962,ksqexp,2,25,0.5,0.1,-24.898561787321828,-28.04980441359518
963,ksqexp,2,25,0.5,0.05,-30.664088165754713,-30.3308492665689
964,ksqexp,2,25,0.5,0.01,-34.04409860976279,-31.574344800965186
965,ksqexp,2,25,0.5,0,-34.21248683457366,-31.634948957828016
966,ksqexp,2,25,1,0.5,-28.632245540374115,-33.033940894250826
967,ksqexp,2,25,1,0.1,-23.904480930879746,-29.683750285613083
968,ksqexp,2,25,1,0.05,-25.277122261947845,-30.140267542880746
969,ksqexp,2,25,1,0.01,-25.9466746714524,-30.360405003860638
970,ksqexp,2,25,1,0,-25.977870942280063,-30.37060877899264
971,ksqexp,2,25,1.5,0.5,-30.996818752514965,-36.16783169618635
972,ksqexp,2,25,1.5,0.1,-25.421503427844044,-32.599481611365945
973,ksqexp,2,25,1.5,0.05,-25.82045930698412,-32.68826739203542
974,ksqexp,2,25,1.5,0.01,-26.014688632801153,-32.737499473621185
975,ksqexp,2,25,1.5,0,-26.023655744688732,-32.739818819368445
976,ksqexp,2.25,0.2,0.5,0.5,-33.101899300149604,-34.83739795182528
977,ksqexp,2.25,0.2,0.5,0.1,-323.8520569913318,-347.2080493043599
978,ksqexp,2.25,0.2,0.5,0.05,-1296.6381741013781,-1423.3198435527656
979,ksqexp,2.25,0.2,0.5,0.01,-36938.57068987969,-41908.13656290419
980,ksqexp,2.25,0.2,0.5,0,-25251600.6547915,-25616215.87656057
981,ksqexp,2.25,0.2,1,0.5,-32.044884297164295,-33.64595130231712
982,ksqexp,2.25,0.2,1,0.1,-308.73193762467685,-336.1479331557482
983,ksqexp,2.25,0.2,1,0.05,-1314.3351875662538,-1458.693157201397
984,ksqexp,2.25,0.2,1,0.01,-36698.85278476058,-41656.49933943119
985,ksqexp,2.25,0.2,1,0,-12626174.216255425,-12808353.219037604
986,ksqexp,2.25,0.2,1.5,0.5,-31.34882590611214,-32.830604842201005
987,ksqexp,2.25,0.2,1.5,0.1,-305.61646796836754,-335.77255031227196
988,ksqexp,2.25,0.2,1.5,0.05,-1333.9466993337915,-1488.878542105381
989,ksqexp,2.25,0.2,1.5,0.01,-35965.56251280376,-40783.81277157813
990,ksqexp,2.25,0.2,1.5,0,-8417503.223086007,-8538929.130191842
991,ksqexp,2.25,0.5,0.5,0.5,-28.738835386521668,-30.259017120678728
992,ksqexp,2.25,0.5,0.5,0.1,-286.85488467016916,-325.0300057804176
993,ksqexp,2.25,0.5,0.5,0.05,-1205.8426722076001,-1392.6146402542138
994,ksqexp,2.25,0.5,0.5,0.01,-20714.604319610695,-22361.00953934473
995,ksqexp,2.25,0.5,0.5,0,-2599731.525461955,-2157855.3630798394
996,ksqexp,2.25,0.5,1,0.5,-27.915051402106105,-29.300256200324036
997,ksqexp,2.25,0.5,1,0.1,-288.68472438012805,-332.80716375932207
998,ksqexp,2.25,0.5,1,0.05,-1158.5499131527017,-1344.658684094934
999,ksqexp,2.25,0.5,1,0.01,-19094.55608080152,-19400.673359745637
1000,ksqexp,2.25,0.5,1,0,-1299818.010276172,-1078882.5597395988
1001,ksqexp,2.25,0.5,1.5,0.5,-27.894451693424923,-29.27079561648233
1002,ksqexp,2.25,0.5,1.5,0.1,-288.30574841811483,-334.7373374896161
1003,ksqexp,2.25,0.5,1.5,0.05,-1113.1690983289934,-1292.2503091170493
1004,ksqexp,2.25,0.5,1.5,0.01,-18407.730841700348,-17954.61970391158
1005,ksqexp,2.25,0.5,1.5,0,-866515.919373202,-719227.3694231188
1006,ksqexp,2.25,1,0.5,0.5,-26.866829973694742,-28.376783398116974
1007,ksqexp,2.25,1,0.5,0.1,-239.58213734646134,-286.4659366363665
1008,ksqexp,2.25,1,0.5,0.05,-818.4470753739798,-942.5159180842252
1009,ksqexp,2.25,1,0.5,0.01,-12822.964154988636,-11558.107044384842
1010,ksqexp,2.25,1,0.5,0,-463273.10905302205,-292431.39331356535
1011,ksqexp,2.25,1,1,0.5,-27.68338621691913,-29.445879615869313
1012,ksqexp,2.25,1,1,0.1,-218.51199534517554,-261.0025335482785
1013,ksqexp,2.25,1,1,0.05,-720.6483057017202,-796.7017099319044
1014,ksqexp,2.25,1,1,0.01,-11653.828976921655,-10019.102518453928
1015,ksqexp,2.25,1,1,0,-231606.09963352943,-146188.47828959295
1016,ksqexp,2.25,1,1.5,0.5,-28.51379041949741,-30.525628108586705
1017,ksqexp,2.25,1,1.5,0.1,-204.99029299851813,-242.34533012141762
1018,ksqexp,2.25,1,1.5,0.05,-671.9012625656487,-720.459675460062
1019,ksqexp,2.25,1,1.5,0.01,-11086.962999001877,-9243.946082158765
1020,ksqexp,2.25,1,1.5,0,-154386.5360599481,-97443.62054619474
1021,ksqexp,2.25,1.5,0.5,0.5,-27.056845853868055,-28.96633953921309
1022,ksqexp,2.25,1.5,0.5,0.1,-186.20064243824473,-223.24853148982064
1023,ksqexp,2.25,1.5,0.5,0.05,-602.6822359188122,-649.8029505451545
1024,ksqexp,2.25,1.5,0.5,0.01,-9865.447370231796,-7925.681386560721
1025,ksqexp,2.25,1.5,0.5,0,-166024.33918684514,-104357.6222489852
1026,ksqexp,2.25,1.5,1,0.5,-28.35012313210187,-30.774695601756033
1027,ksqexp,2.25,1.5,1,0.1,-163.7615022918029,-189.73296791122237
1028,ksqexp,2.25,1.5,1,0.05,-524.7292339103399,-537.5110517436943
1029,ksqexp,2.25,1.5,1,0.01,-9639.325557641247,-7148.5483410721645
1030,ksqexp,2.25,1.5,1,0,-82991.07501861766,-52161.68099440475
1031,ksqexp,2.25,1.5,1.5,0.5,-29.335638101520047,-32.13860421945132
1032,ksqexp,2.25,1.5,1.5,0.1,-152.72647816471334,-172.1084666315762
1033,ksqexp,2.25,1.5,1.5,0.05,-484.1120326769304,-481.86849638827584
1034,ksqexp,2.25,1.5,1.5,0.01,-9364.92682782302,-6671.589542843337
1035,ksqexp,2.25,1.5,1.5,0,-55316.10870890553,-34765.8232253482
1036,ksqexp,2.25,2,0.5,0.5,-27.206259482897284,-29.540453444952202
1037,ksqexp,2.25,2,0.5,0.1,-145.41338207779546,-170.50875029326724
1038,ksqexp,2.25,2,0.5,0.05,-457.37660099214037,-474.8883964080955
1039,ksqexp,2.25,2,0.5,0.01,-8348.869454260828,-5988.0182818138765
1040,ksqexp,2.25,2,0.5,0,-42104.04382397303,-27180.488342532924
1041,ksqexp,2.25,2,1,0.5,-28.52522267347064,-31.493577838902233
1042,ksqexp,2.25,2,1,0.1,-126.9390931518972,-142.72774663796932
1043,ksqexp,2.25,2,1,0.05,-400.2900932477167,-392.7873083169315
1044,ksqexp,2.25,2,1,0.01,-7176.753046635201,-4890.876069477307
1045,ksqexp,2.25,2,1,0,-21037.208766794665,-13579.642579484702
1046,ksqexp,2.25,2,1.5,0.5,-29.47465931943592,-32.85941457908525
1047,ksqexp,2.25,2,1.5,0.1,-117.90337151483944,-129.2587457239031
1048,ksqexp,2.25,2,1.5,0.05,-378.9026237411417,-356.8287586737691
1049,ksqexp,2.25,2,1.5,0.01,-6206.958478194021,-4152.114072347281
1050,ksqexp,2.25,2,1.5,0,-14017.720907005307,-9048.81787871185
1051,ksqexp,2.25,2.5,0.5,0.5,-26.959177727448225,-29.55714308774818
1052,ksqexp,2.25,2.5,0.5,0.1,-114.0555407911375,-131.30737289741026
1053,ksqexp,2.25,2.5,0.5,0.05,-365.7777152615823,-368.54332348987685
1054,ksqexp,2.25,2.5,0.5,0.01,-5558.369155774035,-3821.680067319208
1055,ksqexp,2.25,2.5,0.5,0,-12968.095269611726,-8426.783373534605
1056,ksqexp,2.25,2.5,1,0.5,-28.17900219547553,-31.40690162790241
1057,ksqexp,2.25,2.5,1,0.1,-99.84264168525323,-110.90046334008827
1058,ksqexp,2.25,2.5,1,0.05,-335.99408052690285,-313.58885534787316
1059,ksqexp,2.25,2.5,1,0.01,-3919.1302538375176,-2617.883567204394
1060,ksqexp,2.25,2.5,1,0,-6473.639052907644,-4207.344900683036
1061,ksqexp,2.25,2.5,1.5,0.5,-29.11566078816621,-32.73880614148588
1062,ksqexp,2.25,2.5,1.5,0.1,-94.45669277086627,-102.26607741791814
1063,ksqexp,2.25,2.5,1.5,0.05,-325.21178880153815,-287.8791297826925
1064,ksqexp,2.25,2.5,1.5,0.01,-3014.0798898349813,-1995.4064175505332
1065,ksqexp,2.25,2.5,1.5,0,-4311.6109526807695,-2803.656055176584
1066,ksqexp,2.25,3,0.5,0.5,-26.477561407874795,-29.154677826445546
1067,ksqexp,2.25,3,0.5,0.1,-93.28199637655555,-106.16185527853729
1068,ksqexp,2.25,3,0.5,0.05,-310.17216851872865,-301.4803813832294
1069,ksqexp,2.25,3,0.5,0.01,-3468.1391997879623,-2321.384042901395
1070,ksqexp,2.25,3,0.5,0,-5697.514713184352,-3659.376911080966
1071,ksqexp,2.25,3,1,0.5,-27.679000545892244,-30.94747214373582
1072,ksqexp,2.25,3,1,0.1,-83.91628636025914,-92.19509620354599
1073,ksqexp,2.25,3,1,0.05,-287.5782717759157,-254.8504857299877
1074,ksqexp,2.25,3,1,0.01,-2156.8614998626867,-1416.427196733243
1075,ksqexp,2.25,3,1,0,-2841.595199510432,-1827.0892230585987
1076,ksqexp,2.25,3,1.5,0.5,-28.694139730594404,-32.34772477508091
1077,ksqexp,2.25,3,1.5,0.1,-81.20889423560345,-86.52503314379835
1078,ksqexp,2.25,3,1.5,0.05,-275.8578854729391,-231.1511383061334
1079,ksqexp,2.25,3,1.5,0.01,-1563.2601009635391,-1021.7328761762376
1080,ksqexp,2.25,3,1.5,0,-1892.4126811157132,-1219.1173147890686
1081,ksqexp,2.25,3.5,0.5,0.5,-26.010133239063315,-28.668574542996126
1082,ksqexp,2.25,3.5,0.5,0.1,-81.32051391352687,-91.6514941009354
1083,ksqexp,2.25,3.5,0.5,0.05,-275.5818036934385,-255.60920769066715
1084,ksqexp,2.25,3.5,0.5,0.01,-2333.0601521152707,-1531.8624381862935
1085,ksqexp,2.25,3.5,0.5,0,-3221.0854914074503,-2053.1790325857287
1086,ksqexp,2.25,3.5,1,0.5,-27.300075393497377,-30.544679041149873
1087,ksqexp,2.25,3.5,1,0.1,-74.87436190973548,-80.85085195105603
1088,ksqexp,2.25,3.5,1,0.05,-255.38481254330486,-214.23954607564414
1089,ksqexp,2.25,3.5,1,0.01,-1350.765439888492,-877.1602202318933
1090,ksqexp,2.25,3.5,1,0,-1605.826644775594,-1026.693505597523
1091,ksqexp,2.25,3.5,1.5,0.5,-28.44936864141732,-32.10489863155629
1092,ksqexp,2.25,3.5,1.5,0.1,-73.65976050720565,-76.56576078623091
1093,ksqexp,2.25,3.5,1.5,0.05,-241.17298132972587,-192.27537959428233
1094,ksqexp,2.25,3.5,1.5,0.01,-951.0018759256404,-617.4763700245219
1095,ksqexp,2.25,3.5,1.5,0,-1070.1976846651044,-687.3223192539291
1096,ksqexp,2.25,4,0.5,0.5,-25.679072980799305,-28.30233768981796
1097,ksqexp,2.25,4,0.5,0.1,-74.68578952605371,-83.21852824180462
1098,ksqexp,2.25,4,0.5,0.05,-255.89883880818377,-226.24503137043254
1099,ksqexp,2.25,4,0.5,0.01,-1632.4286542920772,-1060.273070923632
1100,ksqexp,2.25,4,0.5,0,-2038.4970957604748,-1294.4101705503124
1101,ksqexp,2.25,4,1,0.5,-27.1229526827684,-30.368441428729238
1102,ksqexp,2.25,4,1,0.1,-70.36322044915094,-74.21845103941983
1103,ksqexp,2.25,4,1,0.05,-232.23283468923725,-186.53369352194346
1104,ksqexp,2.25,4,1,0.01,-904.4533899400611,-585.0080192226981
1105,ksqexp,2.25,4,1,0,-1016.414016942881,-649.460886444332
1106,ksqexp,2.25,4,1.5,0.5,-28.421317851954065,-32.12571990313093
1107,ksqexp,2.25,4,1.5,0.1,-70.09428776695185,-70.82176878467193
1108,ksqexp,2.25,4,1.5,0.05,-213.21877224636663,-164.56053070297
1109,ksqexp,2.25,4,1.5,0.01,-627.0287558361263,-407.6500787827581
1110,ksqexp,2.25,4,1.5,0,-678.5103135476796,-437.2684481893902
1111,ksqexp,2.25,6,0.5,0.5,-25.401299168291867,-28.066203153742176
1112,ksqexp,2.25,6,0.5,0.1,-59.17623441173372,-62.548129062836715
1113,ksqexp,2.25,6,0.5,0.05,-174.56331026876563,-136.98975950335998
1114,ksqexp,2.25,6,0.5,0.01,-537.33228492063,-329.1156186213055
1115,ksqexp,2.25,6,0.5,0,-586.8712089100748,-353.2908583974687
1116,ksqexp,2.25,6,1,0.5,-27.390421383045922,-30.909864154016873
1117,ksqexp,2.25,6,1,0.1,-56.07375666140485,-55.645036609309045
1118,ksqexp,2.25,6,1,0.05,-137.78476212798168,-103.53555761622732
1119,ksqexp,2.25,6,1,0.01,-281.90798475506426,-177.64858339284905
1120,ksqexp,2.25,6,1,0,-294.75727175922606,-183.894240309148
1121,ksqexp,2.25,6,1.5,0.5,-29.077947364080178,-33.2327344277761
1122,ksqexp,2.25,6,1.5,0.1,-55.116709270528695,-53.45097942119292
1123,ksqexp,2.25,6,1.5,0.05,-115.89127490313285,-87.62653469033141
1124,ksqexp,2.25,6,1.5,0.01,-194.4132522933648,-127.42252402119702
1125,ksqexp,2.25,6,1.5,0,-200.17661608207146,-130.2193576839075
1126,ksqexp,2.25,8,0.5,0.5,-25.493973150132224,-28.305041288171523
1127,ksqexp,2.25,8,0.5,0.1,-50.55808273717624,-51.57882212158471
1128,ksqexp,2.25,8,0.5,0.05,-128.80195798473306,-97.50471276986593
1129,ksqexp,2.25,8,0.5,0.01,-293.21100402201773,-177.2468020654291
1130,ksqexp,2.25,8,0.5,0,-309.68800475513206,-184.54981521062894
1131,ksqexp,2.25,8,1,0.5,-27.68846835269711,-31.47893292597744
1132,ksqexp,2.25,8,1,0.1,-46.995528046924875,-46.53541228331521
1133,ksqexp,2.25,8,1,0.05,-94.79690125734096,-72.19696460656999
1134,ksqexp,2.25,8,1,0.01,-153.66431507311805,-99.74193767504322
1135,ksqexp,2.25,8,1,0,-157.84794337575627,-101.5880735079847
1136,ksqexp,2.25,8,1.5,0.5,-29.51733825872201,-34.0213983031775
1137,ksqexp,2.25,8,1.5,0.1,-45.60329175793469,-45.38418695954815
1138,ksqexp,2.25,8,1.5,0.05,-77.9387767850964,-62.0056881597002
1139,ksqexp,2.25,8,1.5,0.01,-108.16968309861029,-75.90788200394738
1140,ksqexp,2.25,8,1.5,0,-110.02524632984048,-76.72481636523642
1141,ksqexp,2.25,10,0.5,0.5,-25.516196739169953,-28.434007824348694
1142,ksqexp,2.25,10,0.5,0.1,-45.64730598397412,-45.87570035218073
1143,ksqexp,2.25,10,0.5,0.05,-103.54232500794915,-77.90316932389791
1144,ksqexp,2.25,10,0.5,0.01,-197.54996950498537,-121.12422619348646
1145,ksqexp,2.25,10,0.5,0,-205.40867270958964,-124.45242644857204
1146,ksqexp,2.25,10,1,0.5,-27.797635200441217,-31.74468962289983
1147,ksqexp,2.25,10,1,0.1,-41.587550634359054,-41.86480671551518
1148,ksqexp,2.25,10,1,0.05,-73.32565790620602,-57.90749067588762
1149,ksqexp,2.25,10,1,0.01,-104.64833042117752,-71.79599954980024
1150,ksqexp,2.25,10,1,0,-106.6150050532731,-72.62502003293277
1151,ksqexp,2.25,10,1.5,0.5,-29.70499535763561,-34.40180978401119
1152,ksqexp,2.25,10,1.5,0.1,-40.103688122454514,-41.34558285652021
1153,ksqexp,2.25,10,1.5,0.05,-60.15556251830866,-51.03992249145641
1154,ksqexp,2.25,10,1.5,0.01,-75.61067225249354,-57.776879872450145
1155,ksqexp,2.25,10,1.5,0,-76.47443925867854,-58.139874657232554
1156,ksqexp,2.25,25,0.5,0.5,-25.342135681460817,-28.856613986404426
1157,ksqexp,2.25,25,0.5,0.1,-29.410489529704492,-30.14882447285999
1158,ksqexp,2.25,25,0.5,0.05,-46.56613862985335,-36.198715189581414
1159,ksqexp,2.25,25,0.5,0.01,-61.12423319020772,-40.701423866429295
1160,ksqexp,2.25,25,0.5,0,-61.96804975316831,-40.95158963644627
1161,ksqexp,2.25,25,1,0.5,-27.789051822563167,-32.44586239500792
1162,ksqexp,2.25,25,1,0.1,-26.829185442995318,-30.575066481594146
1163,ksqexp,2.25,25,1,0.05,-33.18486330946106,-32.53896996426163
1164,ksqexp,2.25,25,1,0.01,-37.02062571257716,-33.65327152513273
1165,ksqexp,2.25,25,1,0,-37.21356198110015,-33.70826003032959
1166,ksqexp,2.25,25,1.5,0.5,-29.903519074652504,-35.440427289088305
1167,ksqexp,2.25,25,1.5,0.1,-26.981039898731566,-32.75739384485024
1168,ksqexp,2.25,25,1.5,0.05,-30.060395246100885,-33.621540564604
1169,ksqexp,2.25,25,1.5,0.01,-31.675472125755974,-34.06351859493462
1170,ksqexp,2.25,25,1.5,0,-31.75272282278268,-34.08447359471789
1171,ksqexp,2.5,0.2,0.5,0.5,-33.42613346495456,-35.33466146772257
1172,ksqexp,2.5,0.2,0.5,0.1,-316.8226307015616,-340.41715245720536
1173,ksqexp,2.5,0.2,0.5,0.05,-1250.0540909070762,-1378.2865250746515
1174,ksqexp,2.5,0.2,0.5,0.01,-34992.03191730814,-39979.08202120011
1175,ksqexp,2.5,0.2,0.5,0,-57723411.63143307,-73333293.1991047
1176,ksqexp,2.5,0.2,1,0.5,-32.31258656966707,-34.1240673589632
1177,ksqexp,2.5,0.2,1,0.1,-299.2152724494052,-326.1813764225258
1178,ksqexp,2.5,0.2,1,0.05,-1255.0076701743048,-1404.1423958453472
1179,ksqexp,2.5,0.2,1,0.01,-34871.32258265678,-39997.91657552451
1180,ksqexp,2.5,0.2,1,0,-28862670.28448533,-36668455.02657617
1181,ksqexp,2.5,0.2,1.5,0.5,-31.458470856897172,-33.16957815474743
1182,ksqexp,2.5,0.2,1.5,0.1,-294.3312107190809,-324.4371714512176
1183,ksqexp,2.5,0.2,1.5,0.05,-1269.2285450842978,-1428.6719408294637
1184,ksqexp,2.5,0.2,1.5,0.01,-34410.915259666624,-39530.052896345696
1185,ksqexp,2.5,0.2,1.5,0,-19241961.515029844,-24446007.40895799
1186,ksqexp,2.5,0.5,0.5,0.5,-28.722210074729247,-30.40113864661894
1187,ksqexp,2.5,0.5,0.5,0.1,-278.0907595693895,-314.1844436289042
1188,ksqexp,2.5,0.5,0.5,0.05,-1189.8544435064207,-1383.480045406616
1189,ksqexp,2.5,0.5,0.5,0.01,-22312.631086237994,-25201.869728958416
1190,ksqexp,2.5,0.5,0.5,0,-10327324.62048583,-7864596.616575229
1191,ksqexp,2.5,0.5,1,0.5,-27.51327317921432,-29.005356102623484
1192,ksqexp,2.5,0.5,1,0.1,-280.32273983027574,-323.69316552771693
1193,ksqexp,2.5,0.5,1,0.05,-1164.911850801558,-1368.6684673765383
1194,ksqexp,2.5,0.5,1,0.01,-20263.933491394753,-21961.269925682678
1195,ksqexp,2.5,0.5,1,0,-5163622.113469311,-3932256.438872782
1196,ksqexp,2.5,0.5,1.5,0.5,-27.239666496828637,-28.67416602104445
1197,ksqexp,2.5,0.5,1.5,0.1,-281.25190966174404,-328.3160225125655
1198,ksqexp,2.5,0.5,1.5,0.05,-1136.5391026043756,-1338.802480574278
1199,ksqexp,2.5,0.5,1.5,0.01,-19415.760020212023,-20361.938438559344
1200,ksqexp,2.5,0.5,1.5,0,-3442383.5116382986,-2621473.9846796957
1201,ksqexp,2.5,1,0.5,0.5,-26.341208326366903,-27.878350054678503
1202,ksqexp,2.5,1,0.5,0.1,-248.561031771069,-297.7428672532465
1203,ksqexp,2.5,1,0.5,0.05,-912.4367382991758,-1080.2537413687423
1204,ksqexp,2.5,1,0.5,0.01,-14413.293779708338,-14005.856893628179
1205,ksqexp,2.5,1,0.5,0,-1848457.1932355228,-1202148.6393296127
1206,ksqexp,2.5,1,1,0.5,-26.860401379570988,-28.56492259770047
1207,ksqexp,2.5,1,1,0.1,-234.2773113968072,-283.8729894793398
1208,ksqexp,2.5,1,1,0.05,-822.8756799742235,-948.0038289681788
1209,ksqexp,2.5,1,1,0.01,-12945.816757435294,-12090.775899099744
1210,ksqexp,2.5,1,1,0,-924191.0215972159,-601040.502858638
1211,ksqexp,2.5,1,1.5,0.5,-27.536394325845972,-29.448429031097604
1212,ksqexp,2.5,1,1.5,0.1,-224.13364384963077,-271.0823163440732
1213,ksqexp,2.5,1,1.5,0.05,-771.1528233913714,-868.2197327524369
1214,ksqexp,2.5,1,1.5,0.01,-12195.802335938777,-11134.192535311546
1215,ksqexp,2.5,1,1.5,0,-616104.8157260069,-400673.7534698276
1216,ksqexp,2.5,1.5,0.5,0.5,-26.46271822296368,-28.32505085232556
1217,ksqexp,2.5,1.5,0.5,0.1,-211.09374622712076,-258.3301447582921
1218,ksqexp,2.5,1.5,0.5,0.05,-710.3074490590485,-807.9675389333839
1219,ksqexp,2.5,1.5,0.5,0.01,-10291.297354687806,-9314.789577092815
1220,ksqexp,2.5,1.5,0.5,0,-510296.12284220546,-336913.13329033606
1221,ksqexp,2.5,1.5,1,0.5,-27.598788697341934,-29.911104223497933
1222,ksqexp,2.5,1.5,1,0.1,-188.93667041039723,-228.03883567062638
1223,ksqexp,2.5,1.5,1,0.05,-627.7277095007972,-681.4873361612914
1224,ksqexp,2.5,1.5,1,0.01,-9949.295010229467,-8354.881600184299
1225,ksqexp,2.5,1.5,1,0,-255120.17655379546,-168433.2639780675
1226,ksqexp,2.5,1.5,1.5,0.5,-28.513485325872665,-31.186424131286735
1227,ksqexp,2.5,1.5,1.5,0.1,-177.11120624533166,-209.71975741260786
1228,ksqexp,2.5,1.5,1.5,0.05,-580.1568829199817,-613.8927490529408
1229,ksqexp,2.5,1.5,1.5,0.01,-9923.121243707314,-7967.429674030355
1230,ksqexp,2.5,1.5,1.5,0,-170064.2982248228,-112276.0855091932
1231,ksqexp,2.5,2,0.5,0.5,-26.79957177036498,-29.093802938019607
1232,ksqexp,2.5,2,0.5,0.1,-171.2765541840369,-209.61369693058637
1233,ksqexp,2.5,2,0.5,0.05,-550.2743647680737,-607.0601509087577
1234,ksqexp,2.5,2,0.5,0.01,-9225.431995528874,-7331.7840095784395
1235,ksqexp,2.5,2,0.5,0,-104421.48096871775,-70438.02322988845
1236,ksqexp,2.5,2,1,0.5,-28.11123127467234,-31.03284381177342
1237,ksqexp,2.5,2,1,0.1,-149.9462509405173,-177.93286824163525
1238,ksqexp,2.5,2,1,0.05,-472.36481193353495,-498.53324791821393
1239,ksqexp,2.5,2,1,0.01,-8793.906935735195,-6508.866144891664
1240,ksqexp,2.5,2,1,0,-52189.87881796652,-35202.95603835487
1241,ksqexp,2.5,2,1.5,0.5,-29.057370806381783,-32.4257660735751
1242,ksqexp,2.5,2,1.5,0.1,-139.2634692662633,-161.5002046334542
1243,ksqexp,2.5,2,1.5,0.05,-433.9459887495041,-444.93656554819313
1244,ksqexp,2.5,2,1.5,0.01,-8294.286465466337,-5958.148263323522
1245,ksqexp,2.5,2,1.5,0,-34782.13445133067,-23460.72365552013
1246,ksqexp,2.5,2.5,0.5,0.5,-26.837167830433838,-29.482255110275005
1247,ksqexp,2.5,2.5,0.5,0.1,-134.82540891717042,-163.24898377060507
1248,ksqexp,2.5,2.5,0.5,0.05,-417.79397853627523,-452.30768662745186
1249,ksqexp,2.5,2.5,0.5,0.01,-7145.327658407597,-5325.055905452531
1250,ksqexp,2.5,2.5,0.5,0,-27505.497197420023,-18804.839964362407
1251,ksqexp,2.5,2.5,1,0.5,-28.083701731513475,-31.416334613369315
1252,ksqexp,2.5,2.5,1,0.1,-115.15406728337736,-135.51341937326868
1253,ksqexp,2.5,2.5,1,0.05,-370.3184934135635,-378.3229325303167
1254,ksqexp,2.5,2.5,1,0.01,-5752.969626085059,-4100.343221088515
1255,ksqexp,2.5,2.5,1,0,-13736.907033752474,-9391.53941774018
1256,ksqexp,2.5,2.5,1.5,0.5,-28.964978704471335,-32.753574730791364
1257,ksqexp,2.5,2.5,1.5,0.1,-106.34557406917226,-122.67350545502649
1258,ksqexp,2.5,2.5,1.5,0.05,-352.8932692949841,-345.21847338661536
1259,ksqexp,2.5,2.5,1.5,0.01,-4782.705984903362,-3357.3880477154908
1260,ksqexp,2.5,2.5,1.5,0,-9150.16755589281,-6256.563172001812
1261,ksqexp,2.5,3,0.5,0.5,-26.531601983352907,-29.355607321057704
1262,ksqexp,2.5,3,0.5,0.1,-106.07020336587968,-126.98258829749894
1263,ksqexp,2.5,3,0.5,0.05,-337.5783315357378,-356.65367487213035
1264,ksqexp,2.5,3,0.5,0.01,-4693.171644113913,-3377.451040975173
1265,ksqexp,2.5,3,0.5,0,-10550.125631272404,-7067.731603548683
1266,ksqexp,2.5,3,1,0.5,-27.67035955918528,-31.158630617051575
1267,ksqexp,2.5,3,1,0.1,-91.12731090918027,-106.6318792802862
1268,ksqexp,2.5,3,1,0.05,-307.4813133033785,-302.08950032770986
1269,ksqexp,2.5,3,1,0.01,-3253.9670036301377,-2265.1049758712547
1270,ksqexp,2.5,3,1,0,-5262.98959745505,-3526.975487075563
1271,ksqexp,2.5,3,1.5,0.5,-28.529720024668634,-32.448850407932994
1272,ksqexp,2.5,3,1.5,0.1,-85.86951010936608,-98.36966697510219
1273,ksqexp,2.5,3,1.5,0.05,-294.41144863414627,-274.86771038868966
1274,ksqexp,2.5,3,1.5,0.01,-2485.3653109903453,-1710.7483682536222
1275,ksqexp,2.5,3,1.5,0,-3503.4015621671556,-2349.514096176226
1276,ksqexp,2.5,3.5,0.5,0.5,-26.073783413426277,-28.929310101830026
1277,ksqexp,2.5,3.5,0.5,0.1,-88.26951316469486,-104.52914700745494
1278,ksqexp,2.5,3.5,0.5,0.05,-286.36958795947606,-292.51881656198344
1279,ksqexp,2.5,3.5,0.5,0.01,-3231.8886764902,-2226.6583804008155
1280,ksqexp,2.5,3.5,0.5,0,-5579.601202469087,-3614.974922624332
1281,ksqexp,2.5,3.5,1,0.5,-27.183105667159662,-30.668661215312156
1282,ksqexp,2.5,3.5,1,0.1,-77.29752747850094,-89.60346510672441
1283,ksqexp,2.5,3.5,1,0.05,-261.6019946721681,-244.59313308853893
1284,ksqexp,2.5,3.5,1,0.01,-2043.7222053581895,-1370.8788463620879
1285,ksqexp,2.5,3.5,1,0,-2780.586135424511,-1803.7619957088446
1286,ksqexp,2.5,3.5,1.5,0.5,-28.097402233689113,-32.00755895976974
1287,ksqexp,2.5,3.5,1.5,0.1,-73.91076859815925,-83.5285155890285
1288,ksqexp,2.5,3.5,1.5,0.05,-249.18928749371014,-220.43545988614062
1289,ksqexp,2.5,3.5,1.5,0.01,-1492.7196402801308,-993.2612438632182
1290,ksqexp,2.5,3.5,1.5,0,-1850.3717654562745,-1202.8150076151583
1291,ksqexp,2.5,4,0.5,0.5,-25.647332296068104,-28.46638186643011
1292,ksqexp,2.5,4,0.5,0.1,-78.01556749671383,-91.51756992230068
1293,ksqexp,2.5,4,0.5,0.05,-257.2108603810479,-251.27010565123936
1294,ksqexp,2.5,4,0.5,0.01,-2361.849697962971,-1576.3066912494492
1295,ksqexp,2.5,4,0.5,0,-3468.364643758004,-2204.571159977348
1296,ksqexp,2.5,4,1,0.5,-26.823865204934325,-30.272449536849535
1297,ksqexp,2.5,4,1,0.1,-69.49358518933109,-79.30838116768116
1298,ksqexp,2.5,4,1,0.05,-236.33991725657503,-209.2839762086085
1299,ksqexp,2.5,4,1,0.01,-1400.3557422983797,-916.856772531971
1300,ksqexp,2.5,4,1,0,-1727.1657664058248,-1101.092462682615
1301,ksqexp,2.5,4,1.5,0.5,-27.84995152862407,-31.750115283891816
1302,ksqexp,2.5,4,1.5,0.1,-67.44225980725999,-74.49609356232901
1303,ksqexp,2.5,4,1.5,0.05,-223.32118944987528,-187.59507603453895
1304,ksqexp,2.5,4,1.5,0.01,-995.0750964618998,-649.2122982065355
1305,ksqexp,2.5,4,1.5,0,-1149.55679561242,-736.0568860252758
1306,ksqexp,2.5,6,0.5,0.5,-25.020135811049332,-27.782422041344226
1307,ksqexp,2.5,6,0.5,0.1,-61.090299801801926,-68.59657032545717
1308,ksqexp,2.5,6,0.5,0.05,-189.38538120806513,-160.35913970880276
1309,ksqexp,2.5,6,0.5,0.01,-861.4601750893195,-520.5083234997545
1310,ksqexp,2.5,6,0.5,0,-1011.3236174931285,-589.9369161495008
1311,ksqexp,2.5,6,1,0.5,-26.738024020070867,-30.345668186453064
1312,ksqexp,2.5,6,1,0.1,-56.08565292217514,-59.78536694617492
1313,ksqexp,2.5,6,1,0.05,-159.18038261586275,-125.26907150796471
1314,ksqexp,2.5,6,1,0.01,-463.26393894589233,-281.2955599086241
1315,ksqexp,2.5,6,1,0,-503.5757984629834,-299.8015250560592
1316,ksqexp,2.5,6,1.5,0.5,-28.192881642055553,-32.446395786970726
1317,ksqexp,2.5,6,1.5,0.1,-55.05733425056289,-56.87793460568017
1318,ksqexp,2.5,6,1.5,0.05,-139.612035509002,-107.68289303451549
1319,ksqexp,2.5,6,1.5,0.01,-318.772241772013,-197.4873369032645
1320,ksqexp,2.5,6,1.5,0,-337.11718202386726,-205.8803847026143
1321,ksqexp,2.5,8,0.5,0.5,-25.06891832645741,-27.961231762107488
1322,ksqexp,2.5,8,0.5,0.1,-51.55978370942175,-55.34821101370185
1323,ksqexp,2.5,8,0.5,0.05,-145.16820255428888,-114.17057182248483
1324,ksqexp,2.5,8,0.5,0.01,-486.01640771675744,-274.8478922085684
1325,ksqexp,2.5,8,0.5,0,-539.2680254607855,-296.3891157951548
1326,ksqexp,2.5,8,1,0.5,-27.052272074313624,-30.957827412394934
1327,ksqexp,2.5,8,1,0.1,-47.243581627952054,-49.05132113350209
1328,ksqexp,2.5,8,1,0.05,-115.11496334139356,-87.11910014639197
1329,ksqexp,2.5,8,1,0.01,-255.67790645444495,-150.02315903986454
1330,ksqexp,2.5,8,1,0,-269.57997595205524,-155.60267035245218
1331,ksqexp,2.5,8,1.5,0.5,-28.676857777676627,-33.33818105025022
1332,ksqexp,2.5,8,1.5,0.1,-46.14624801074507,-47.527277314545664
1333,ksqexp,2.5,8,1.5,0.05,-98.00808726371334,-74.90113199109614
1334,ksqexp,2.5,8,1.5,0.01,-176.22855229144218,-108.9658698381502
1335,ksqexp,2.5,8,1.5,0,-182.47461615003783,-111.46451194535551
1336,ksqexp,2.5,10,0.5,0.5,-25.108618698857995,-28.12060723606733
1337,ksqexp,2.5,10,0.5,0.1,-47.051755923979876,-49.16277437384381
1338,ksqexp,2.5,10,0.5,0.05,-122.5640576055336,-92.81839525288387
1339,ksqexp,2.5,10,0.5,0.01,-338.36631554049103,-186.47599354249127
1340,ksqexp,2.5,10,0.5,0,-365.28657708619403,-196.6553978786748
1341,ksqexp,2.5,10,1,0.5,-27.19830461311644,-31.299329164277342
1342,ksqexp,2.5,10,1,0.1,-42.68804981868879,-44.1850755712846
1343,ksqexp,2.5,10,1,0.05,-93.51154836731202,-70.18177920945176
1344,ksqexp,2.5,10,1,0.01,-176.72460426717223,-104.44063183581407
1345,ksqexp,2.5,10,1,0,-183.63635121481,-107.03648822619103
1346,ksqexp,2.5,10,1.5,0.5,-28.906944644898587,-33.81335485370784
1347,ksqexp,2.5,10,1.5,0.1,-41.50014162759662,-43.3146458789785
1348,ksqexp,2.5,10,1.5,0.05,-78.34087465840904,-60.97084161296793
1349,ksqexp,2.5,10,1.5,0.01,-122.79662023811176,-78.80117200062388
1350,ksqexp,2.5,10,1.5,0,-125.87693265859947,-79.95417509660186
1351,ksqexp,2.5,25,0.5,0.5,-24.906295334591963,-28.485260072140708
1352,ksqexp,2.5,25,0.5,0.1,-33.58298555336973,-32.71120250424796
1353,ksqexp,2.5,25,0.5,0.05,-70.43709631872534,-45.117204856476135
1354,ksqexp,2.5,25,0.5,0.01,-124.17218162776038,-59.638134428479226
1355,ksqexp,2.5,25,0.5,0,-128.2928261243017,-60.671207043317175
1356,ksqexp,2.5,25,1,0.5,-27.157590699476916,-31.967524264145272
1357,ksqexp,2.5,25,1,0.1,-30.769214307564322,-32.13804687571423
1358,ksqexp,2.5,25,1,0.05,-49.59182210148845,-37.58928870734318
1359,ksqexp,2.5,25,1,0.01,-66.58536079264901,-41.940497096597774
1360,ksqexp,2.5,25,1,0,-67.59556201824117,-42.18916166995249
1361,ksqexp,2.5,25,1.5,0.5,-29.068008963278608,-34.83705290798494
1362,ksqexp,2.5,25,1.5,0.1,-30.33592921915174,-33.6815696851375
1363,ksqexp,2.5,25,1.5,0.05,-41.62457328737553,-36.70880340600001
1364,ksqexp,2.5,25,1.5,0.01,-49.71860731429118,-38.713970675278574
1365,ksqexp,2.5,25,1.5,0,-50.15379741140895,-38.81913664433571
1366,kexp,1,0.2,0.5,0.5,-33.526367627305625,-33.71460036311305
1367,kexp,1,0.2,0.5,0.1,-82.12870674601734,-82.46083537874134
1368,kexp,1,0.2,0.5,0.05,-109.35347679846124,-109.66787994212038
1369,kexp,1,0.2,0.5,0.01,-126.10213205754603,-126.38163358763134
1370,kexp,1,0.2,0.5,0,-126.969397851821,-127.2466807523256
1371,kexp,1,0.2,1,0.5,-35.11328916365518,-35.228253561652686
1372,kexp,1,0.2,1,0.1,-57.60710299416569,-57.78012115617976
1373,kexp,1,0.2,1,0.05,-66.78799106119386,-66.94641337462312
1374,kexp,1,0.2,1,0.01,-71.18535143111185,-71.33295448887962
1375,kexp,1,0.2,1,0,-71.39174333464364,-71.53878525143465
1376,kexp,1,0.2,1.5,0.5,-36.49058573902556,-36.57960892000942
1377,kexp,1,0.2,1.5,0.1,-49.21844049877011,-49.33674530079756
1378,kexp,1,0.2,1.5,0.05,-53.65492356948209,-53.76399500641099
1379,kexp,1,0.2,1.5,0.01,-55.56973660810614,-55.6736156388179
1380,kexp,1,0.2,1.5,0,-55.656515261305174,-55.76014351686085
1381,kexp,1,0.5,0.5,0.5,-32.09304304564849,-32.35767419069369
1382,kexp,1,0.5,0.5,0.1,-48.87605643469514,-49.22375738386412
1383,kexp,1,0.5,0.5,0.05,-55.361769867711246,-55.67505743600309
1384,kexp,1,0.5,0.5,0.01,-58.300770243409566,-58.59359400362651
1385,kexp,1,0.5,0.5,0,-58.43610393176803,-58.72791958087881
1386,kexp,1,0.5,1,0.5,-34.69847241375067,-34.88957247960259
1387,kexp,1,0.5,1,0.1,-39.69833291687073,-39.904795220767745
1388,kexp,1,0.5,1,0.05,-41.370043525553356,-41.564140255081085
1389,kexp,1,0.5,1,0.01,-42.03082210255456,-42.21942025773524
1390,kexp,1,0.5,1,0,-42.05996110584348,-42.24830945149509
1391,kexp,1,0.5,1.5,0.5,-37.027298161855654,-37.18900581502251
1392,kexp,1,0.5,1.5,0.1,-38.47201970979432,-38.63466436171619
1393,kexp,1,0.5,1.5,0.05,-39.131857966040364,-39.288311373332974
1394,kexp,1,0.5,1.5,0.01,-39.38106137807265,-39.53503040225034
1395,kexp,1,0.5,1.5,0,-39.39190359710727,-39.54576284160699
1396,kexp,1,1,0.5,0.5,-31.346007274949237,-31.753036628950994
1397,kexp,1,1,0.5,0.1,-35.93810298114943,-36.51698192931806
1398,kexp,1,1,0.5,0.05,-37.69255096279226,-38.25439752722036
1399,kexp,1,1,0.5,0.01,-38.39157697386853,-38.94480111873794
1400,kexp,1,1,0.5,0,-38.42247019270004,-38.97529174325664
1401,kexp,1,1,1,0.5,-34.811373935023134,-35.14620553544345
1402,kexp,1,1,1,0.1,-34.350425930729806,-34.749506095289476
1403,kexp,1,1,1,0.05,-34.664359121301935,-35.05911144558001
1404,kexp,1,1,1,0.01,-34.78215075045095,-35.17506100420753
1405,kexp,1,1,1,0,-34.78726223896168,-35.1800902135515
1406,kexp,1,1,1.5,0.5,-37.807530476824994,-38.11143718943938
1407,kexp,1,1,1.5,0.1,-36.27551440747316,-36.61724260900499
1408,kexp,1,1,1.5,0.05,-36.33977787169887,-36.679943862886674
1409,kexp,1,1,1.5,0.01,-36.36507509590854,-36.704600213092576
1410,kexp,1,1,1.5,0,-36.36618302108041,-36.705679803681846
1411,kexp,1,1.5,0.5,0.5,-31.11972355204591,-31.627308467484777
1412,kexp,1,1.5,0.5,0.1,-31.875882245596436,-32.66365162389617
1413,kexp,1,1.5,0.5,0.05,-32.59921315241079,-33.38449888803045
1414,kexp,1,1.5,0.5,0.01,-32.87646801005395,-33.659498728839466
1415,kexp,1,1.5,0.5,0,-32.888577044161934,-33.67149500348145
1416,kexp,1,1.5,1,0.5,-35.00051477049758,-35.44140637368962
1417,kexp,1,1.5,1,0.1,-33.101044698730234,-33.666661196014736
1418,kexp,1,1.5,1,0.05,-33.161068302406946,-33.72776535509955
1419,kexp,1,1.5,1,0.01,-33.18547921533044,-33.75232876173385
1420,kexp,1,1.5,1,0,-33.18655573199047,-33.75340936305264
1421,kexp,1,1.5,1.5,0.5,-38.29760183350045,-38.70961744951981
1422,kexp,1,1.5,1.5,0.1,-36.12089542049649,-36.613870980358236
1423,kexp,1,1.5,1.5,0.05,-36.08661999251893,-36.58103215923095
1424,kexp,1,1.5,1.5,0.01,-36.07692826681194,-36.571744264432525
1425,kexp,1,1.5,1.5,0,-36.07653872798873,-36.57137091629873
1426,kexp,1,2,0.5,0.5,-31.059699646226182,-31.62779830364481
1427,kexp,1,2,0.5,0.1,-30.103576240984523,-31.026763051495305
1428,kexp,1,2,0.5,0.05,-30.45008052348104,-31.37960890659318
1429,kexp,1,2,0.5,0.01,-30.581921402656477,-31.512696252213967
1430,kexp,1,2,0.5,0,-30.587662578688537,-31.51847951869864
1431,kexp,1,2,1,0.5,-35.17806140085434,-35.68656585500394
1432,kexp,1,2,1,0.1,-32.72261727911603,-33.39882845130052
1433,kexp,1,2,1,0.05,-32.69895712281572,-33.379480908433315
1434,kexp,1,2,1,0.01,-32.693529787791036,-33.37534161001663
1435,kexp,1,2,1,0,-32.693327812314756,-33.37519222879846
1436,kexp,1,2,1.5,0.5,-38.64377572320769,-39.12674183194197
1437,kexp,1,2,1.5,0.1,-36.26957372886107,-36.864145784006354
1438,kexp,1,2,1.5,0.05,-36.20644148464699,-36.804263067937505
1439,kexp,1,2,1.5,0.01,-36.18669089768639,-36.78552904845762
1440,kexp,1,2,1.5,0,-36.185872990254076,-36.78475323222913
1441,kexp,1,2.5,0.5,0.5,-31.0526740718505,-31.658008949848846
1442,kexp,1,2.5,0.5,0.1,-29.170819102626226,-30.17839523222221
1443,kexp,1,2.5,0.5,0.05,-29.340204055117912,-30.359441199286383
1444,kexp,1,2.5,0.5,0.01,-29.405861842562757,-30.428377652463286
1445,kexp,1,2.5,0.5,0,-29.408730775041917,-30.431377536875456
1446,kexp,1,2.5,1,0.5,-35.324610526503044,-35.876808506647706
1447,kexp,1,2.5,1,0.1,-32.60800605049856,-33.35645178983161
1448,kexp,1,2.5,1,0.05,-32.548376801206196,-33.30312607197596
1449,kexp,1,2.5,1,0.01,-32.530328711854104,-33.287052110299705
1450,kexp,1,2.5,1,0,-32.5295882905158,-33.2863934355995
1451,kexp,1,2.5,1.5,0.5,-38.89945027577065,-39.42948384959516
1452,kexp,1,2.5,1.5,0.1,-36.45895926849209,-37.12130617814546
1453,kexp,1,2.5,1.5,0.05,-36.38500571464889,-37.051741745133064
1454,kexp,1,2.5,1.5,0.01,-36.361508083700635,-37.02964123176636
1455,kexp,1,2.5,1.5,0,-36.36053089574167,-37.028722168575506
1456,kexp,1,3,0.5,0.5,-31.06334510826766,-31.693768965035577
1457,kexp,1,3,0.5,0.1,-28.61843657904906,-29.68131443908274
1458,kexp,1,3,0.5,0.05,-28.691223114892097,-29.769107583881397
1459,kexp,1,3,0.5,0.01,-28.721523273816516,-29.803940816183182
1460,kexp,1,3,0.5,0,-28.722866406735367,-29.805469443723663
1461,kexp,1,3,1,0.5,-35.442875916774284,-36.02510666569626
1462,kexp,1,3,1,0.1,-32.58869858958194,-33.386516857501235
1463,kexp,1,3,1,0.05,-32.511039158736175,-33.31645425178623
1464,kexp,1,3,1,0.01,-32.486724920993126,-33.29455535657251
1465,kexp,1,3,1,0,-32.48571784280701,-33.293648720369234
1466,kexp,1,3,1.5,0.5,-39.094864895641436,-39.65774106570457
1467,kexp,1,3,1.5,0.1,-36.63531840344938,-37.34482986234378
1468,kexp,1,3,1.5,0.05,-36.556786365685525,-37.27144312810109
1469,kexp,1,3,1.5,0.01,-36.531703011126645,-37.248007822926915
1470,kexp,1,3,1.5,0,-36.53065842156767,-37.24703191265458
1471,kexp,1,3.5,0.5,0.5,-31.080955122527072,-31.730341268679272
1472,kexp,1,3.5,0.5,0.1,-28.265748839040317,-29.36874491238328
1473,kexp,1,3.5,0.5,0.05,-28.280354021995905,-29.400619506590807
1474,kexp,1,3.5,0.5,0.01,-28.289662925387468,-29.415298307289945
1475,kexp,1,3.5,0.5,0,-28.290103743200245,-29.415960859931594
1476,kexp,1,3.5,1,0.5,-35.53947614904224,-36.144071533762
1477,kexp,1,3.5,1,0.1,-32.60714914807059,-33.44126507721404
1478,kexp,1,3.5,1,0.05,-32.51948048731129,-33.362091134329106
1479,kexp,1,3.5,1,0.01,-32.4917088312636,-33.33703902585078
1480,kexp,1,3.5,1,0,-32.490554860029036,-33.3359983621553
1481,kexp,1,3.5,1.5,0.5,-39.248829130481596,-39.83615325188724
1482,kexp,1,3.5,1.5,0.1,-36.788801532899186,-37.53319455703211
1483,kexp,1,3.5,1.5,0.05,-36.70823110236741,-37.45830295650909
1484,kexp,1,3.5,1.5,0.01,-36.68243685283922,-37.43433306337638
1485,kexp,1,3.5,1.5,0,-36.68136199904344,-37.43333429630136
1486,kexp,1,4,0.5,0.5,-31.10197433183126,-31.767274111924394
1487,kexp,1,4,0.5,0.1,-28.029100175960583,-29.164730964883468
1488,kexp,1,4,0.5,0.05,-28.006024522723806,-29.160596049739027
1489,kexp,1,4,0.5,0.01,-28.001882464355283,-29.162433257646498
1490,kexp,1,4,0.5,0,-28.00174673767223,-29.162545552219584
1491,kexp,1,4,1,0.5,-35.620068791618124,-36.242714501645
1492,kexp,1,4,1,0.1,-32.64075503323073,-33.50377125918583
1493,kexp,1,4,1,0.05,-32.54709214113767,-33.41927317865364
1494,kexp,1,4,1,0.01,-32.517258346761906,-33.392384600844544
1495,kexp,1,4,1,0,-32.516016857427466,-33.3912659477832
1496,kexp,1,4,1.5,0.5,-39.37336735590182,-39.980151577223474
1497,kexp,1,4,1.5,0.1,-36.92010798545445,-37.69205553377583
1498,kexp,1,4,1.5,0.05,-36.83863376837791,-37.616661457428485
1499,kexp,1,4,1.5,0.01,-36.81251888826373,-37.59250310246145
1500,kexp,1,4,1.5,0,-36.811430330751584,-37.59149617971009
1501,kexp,1,6,0.5,0.5,-31.199178214302613,-31.918908701891183
1502,kexp,1,6,0.5,0.1,-27.602082431410828,-28.84857933744298
1503,kexp,1,6,0.5,0.05,-27.510314199294235,-28.780298959581003
1504,kexp,1,6,0.5,0.01,-27.482010336026658,-28.75957543682622
1505,kexp,1,6,0.5,0,-27.48084302334223,-28.758724573159792
1506,kexp,1,6,1,0.5,-35.847635887825746,-36.52617346519278
1507,kexp,1,6,1,0.1,-32.79607290536283,-33.74692768966198
1508,kexp,1,6,1,0.05,-32.6929232332979,-33.654705149182696
1509,kexp,1,6,1,0.01,-32.659841532758946,-33.62515494377023
1510,kexp,1,6,1,0,-32.658462378345696,-33.623923301146576
1511,kexp,1,6,1.5,0.5,-39.70189156206535,-40.36588549688135
1512,kexp,1,6,1.5,0.1,-37.28426424900384,-38.13606567548881
1513,kexp,1,6,1.5,0.05,-37.202377278031875,-38.0613035968226
1514,kexp,1,6,1.5,0.01,-37.17608852210718,-38.03731327269725
1515,kexp,1,6,1.5,0,-37.1749922634209,-38.03631297721617
1516,kexp,1,8,0.5,0.5,-31.298477964004693,-32.069318371173665
1517,kexp,1,8,0.5,0.1,-27.484043801233387,-28.838849307686942
1518,kexp,1,8,0.5,0.05,-27.36708315557756,-28.74904012322853
1519,kexp,1,8,0.5,0.01,-27.330064153487537,-28.720841044686697
1520,kexp,1,8,0.5,0,-27.328526381073683,-28.719672134302325
1521,kexp,1,8,1,0.5,-35.99488290654406,-36.72169378301613
1522,kexp,1,8,1,0.1,-32.922063179456934,-33.948367483299805
1523,kexp,1,8,1,0.05,-32.8159753064804,-33.85451237460499
1524,kexp,1,8,1,0.01,-32.781894041662504,-33.82439093662428
1525,kexp,1,8,1,0,-32.78047259092544,-33.8231349594694
1526,kexp,1,8,1.5,0.5,-39.89244669077274,-40.60293093664774
1527,kexp,1,8,1.5,0.1,-37.497316009867724,-38.41329920862357
1528,kexp,1,8,1.5,0.05,-37.415737626286976,-38.33959188290154
1529,kexp,1,8,1.5,0.01,-37.389537439858785,-38.31593257553644
1530,kexp,1,8,1.5,0,-37.38844476095071,-38.314946001266364
1531,kexp,1,10,0.5,0.5,-31.392332308665345,-32.21181463588282
1532,kexp,1,10,0.5,0.1,-27.465549485038185,-28.927201165778136
1533,kexp,1,10,0.5,0.05,-27.336038101583423,-28.82828615663899
1534,kexp,1,10,0.5,0.01,-27.294710290524392,-28.7969266685258
1535,kexp,1,10,0.5,0,-27.292989731331048,-28.795623332832253
1536,kexp,1,10,1,0.5,-36.101816095362295,-36.873273408748574
1537,kexp,1,10,1,0.1,-33.01814811787429,-34.11463013483711
1538,kexp,1,10,1,0.05,-32.91061457272362,-34.02048894996467
1539,kexp,1,10,1,0.01,-32.87604409692047,-33.99025662898885
1540,kexp,1,10,1,0,-32.87460197356736,-33.988995821139675
1541,kexp,1,10,1.5,0.5,-40.017989043144894,-40.77024962430827
1542,kexp,1,10,1.5,0.1,-37.63445398336106,-38.60805648552096
1543,kexp,1,10,1.5,0.05,-37.55303931281745,-38.53515589144194
1544,kexp,1,10,1.5,0.01,-37.526886892989104,-38.51175267700575
1545,kexp,1,10,1.5,0,-37.52579615438779,-38.51077675065036
1546,kexp,1,25,0.5,0.5,-31.915845898695107,-32.95865460231075
1547,kexp,1,25,0.5,0.1,-27.928646164123336,-29.924497394603282
1548,kexp,1,25,0.5,0.05,-27.78303329427646,-29.82745977534642
1549,kexp,1,25,0.5,0.01,-27.736114311733548,-29.79645439234355
1550,kexp,1,25,0.5,0,-27.73415593998187,-29.795163054413944
1551,kexp,1,25,1,0.5,-36.503102855330184,-37.46962251247647
1552,kexp,1,25,1,0.1,-33.4249370106853,-34.83736612604826
1553,kexp,1,25,1,0.05,-33.31560603703779,-34.74677858697592
1554,kexp,1,25,1,0.01,-33.280416166775744,-34.71766741226641
1555,kexp,1,25,1,0,-33.27894775739019,-34.71645314250609
1556,kexp,1,25,1.5,0.5,-40.38606940393498,-41.31067927189441
1557,kexp,1,25,1.5,0.1,-38.02617949117821,-39.240815268292536
1558,kexp,1,25,1.5,0.05,-37.945032476834974,-39.17091803083698
1559,kexp,1,25,1.5,0.01,-37.91895613477791,-39.14847582468391
1560,kexp,1,25,1.5,0,-37.91786846326838,-39.147539938611864
1561,kexp,1.25,0.2,0.5,0.5,-33.48108843454968,-33.74184220472385
1562,kexp,1.25,0.2,0.5,0.1,-93.04384703494071,-93.5380968512
1563,kexp,1.25,0.2,0.5,0.05,-130.08610708000055,-130.55871447352988
1564,kexp,1.25,0.2,0.5,0.01,-155.2752019635493,-155.68187266446205
1565,kexp,1.25,0.2,0.5,0,-156.640100454148,-157.04225348991523
1566,kexp,1.25,0.2,1,0.5,-34.87380460156295,-35.03337215453213
1567,kexp,1.25,0.2,1,0.1,-64.23436700196046,-64.49302796962807
1568,kexp,1.25,0.2,1,0.05,-77.52750282044016,-77.76164604058258
1569,kexp,1.25,0.2,1,0.01,-84.36009316672434,-84.5730876872747
1570,kexp,1.25,0.2,1,0,-84.68907502301808,-84.90092599457228
1571,kexp,1.25,0.2,1.5,0.5,-36.06955152600471,-36.19273135590653
1572,kexp,1.25,0.2,1.5,0.1,-53.6446053941986,-53.820287466257845
1573,kexp,1.25,0.2,1.5,0.05,-60.31730284134772,-60.47650591364216
1574,kexp,1.25,0.2,1.5,0.01,-63.35590115628174,-63.50482895408956
1575,kexp,1.25,0.2,1.5,0,-63.49605664445375,-63.644473594608726
1576,kexp,1.25,0.5,0.5,0.5,-31.83664322494951,-32.18222161259978
1577,kexp,1.25,0.5,0.5,0.1,-54.19882443825005,-54.69303296870488
1578,kexp,1.25,0.5,0.5,0.05,-63.75243295064626,-64.18864390134375
1579,kexp,1.25,0.5,0.5,0.01,-68.35805615238907,-68.75532273498276
1580,kexp,1.25,0.5,0.5,0,-68.57467844126865,-68.96995830671884
1581,kexp,1.25,0.5,1,0.5,-34.15235913123962,-34.40413125421304
1582,kexp,1.25,0.5,1,0.1,-42.01163527507854,-42.29737462386524
1583,kexp,1.25,0.5,1,0.05,-44.66334390544178,-44.92656271672865
1584,kexp,1.25,0.5,1,0.01,-45.74912022377401,-46.00164976320982
1585,kexp,1.25,0.5,1,0,-45.79751516467946,-46.04955017018471
1586,kexp,1.25,0.5,1.5,0.5,-36.255243631599164,-36.469527739823945
1587,kexp,1.25,0.5,1.5,0.1,-39.42642400609935,-39.64743138879514
1588,kexp,1.25,0.5,1.5,0.05,-40.54510955030055,-40.75449288689792
1589,kexp,1.25,0.5,1.5,0.01,-40.976878401207735,-41.18138333216786
1590,kexp,1.25,0.5,1.5,0,-40.99578417229261,-41.20007089115181
1591,kexp,1.25,1,0.5,0.5,-30.88657323556549,-31.398121294401292
1592,kexp,1.25,1,0.5,0.1,-38.19843558113598,-38.94371804795333
1593,kexp,1.25,1,0.5,0.05,-40.9649968039199,-41.67551389534026
1594,kexp,1.25,1,0.5,0.01,-42.107665374871424,-42.79989898551299
1595,kexp,1.25,1,0.5,0,-42.158720806162904,-42.85008981604114
1596,kexp,1.25,1,1,0.5,-34.087081405905124,-34.51641461555949
1597,kexp,1.25,1,1,0.1,-34.72840277070653,-35.24289958117562
1598,kexp,1.25,1,1,0.05,-35.309707072874595,-35.81423352841624
1599,kexp,1.25,1,1,0.01,-35.52982288002608,-36.03009107325895
1600,kexp,1.25,1,1,0,-35.539403790660316,-36.03948128661349
1601,kexp,1.25,1,1.5,0.5,-36.885847428775804,-37.279874675689115
1602,kexp,1.25,1,1.5,0.1,-35.88125912208896,-36.32346419997357
1603,kexp,1.25,1,1.5,0.05,-36.05536937750527,-36.49342019912454
1604,kexp,1.25,1,1.5,0.01,-36.12078388213034,-36.55717081491129
1605,kexp,1.25,1,1.5,0,-36.123621552165915,-36.55993521014514
1606,kexp,1.25,1.5,0.5,0.5,-30.54905527213168,-31.191553494373718
1607,kexp,1.25,1.5,0.5,0.1,-32.87633971921121,-33.881658410646665
1608,kexp,1.25,1.5,0.5,0.05,-34.08901582977514,-35.08211114078853
1609,kexp,1.25,1.5,0.5,0.01,-34.56421256922483,-35.5500106163348
1610,kexp,1.25,1.5,0.5,0,-34.585103936141934,-35.57055277817257
1611,kexp,1.25,1.5,1,0.5,-34.20669773423268,-34.77859009407578
1612,kexp,1.25,1.5,1,0.1,-32.80562273496104,-33.541593277365884
1613,kexp,1.25,1.5,1,0.05,-32.97888548426188,-33.71369633044453
1614,kexp,1.25,1.5,1,0.01,-33.04488539347754,-33.778857923631676
1615,kexp,1.25,1.5,1,0,-33.04775772463033,-33.78168973942053
1616,kexp,1.25,1.5,1.5,0.5,-37.337616073282035,-37.879647526095766
1617,kexp,1.25,1.5,1.5,0.1,-35.31475599235335,-35.96396954345454
1618,kexp,1.25,1.5,1.5,0.05,-35.320968394196534,-35.97095151474659
1619,kexp,1.25,1.5,1.5,0.01,-35.3257357338704,-35.975825945332616
1620,kexp,1.25,1.5,1.5,0,-35.325965754170326,-35.97605882654764
1621,kexp,1.25,2,0.5,0.5,-30.42973563832455,-31.159231230990322
1622,kexp,1.25,2,0.5,0.1,-30.454540098202777,-31.646912419389004
1623,kexp,1.25,2,0.5,0.05,-31.083895108399606,-32.278343329367466
1624,kexp,1.25,2,0.5,0.01,-31.325565141872843,-32.51879822835402
1625,kexp,1.25,2,0.5,0,-31.33612215669652,-32.52928037832015
1626,kexp,1.25,2,1,0.5,-34.3581526964377,-35.02885784434879
1627,kexp,1.25,2,1,0.1,-32.11748030417788,-33.01370194638625
1628,kexp,1.25,2,1,0.05,-32.15106040437646,-33.051514397806635
1629,kexp,1.25,2,1,0.01,-32.16630571722393,-33.067876517812245
1630,kexp,1.25,2,1,0,-32.16699220595283,-33.068606739176786
1631,kexp,1.25,2,1.5,0.5,-37.67949382996726,-38.326425202868656
1632,kexp,1.25,2,1.5,0.1,-35.29554261307328,-36.09497525108134
1633,kexp,1.25,2,1.5,0.05,-35.248987223044836,-36.052221802449516
1634,kexp,1.25,2,1.5,0.01,-35.235169322933416,-36.03955539340263
1635,kexp,1.25,2,1.5,0,-35.23460565576207,-36.03903895951983
1636,kexp,1.25,2.5,0.5,0.5,-30.389790279147455,-31.175733761482995
1637,kexp,1.25,2.5,0.5,0.1,-29.13681633751828,-30.454129008134554
1638,kexp,1.25,2.5,0.5,0.05,-29.48674757255693,-30.81506318577565
1639,kexp,1.25,2.5,0.5,0.01,-29.620878413160327,-30.951567351274107
1640,kexp,1.25,2.5,0.5,0,-29.62672978428171,-30.957503048628435
1641,kexp,1.25,2.5,1,0.5,-34.496460896428275,-35.234656551822944
1642,kexp,1.25,2.5,1,0.1,-31.836843550688588,-32.84405886319581
1643,kexp,1.25,2.5,1,0.05,-31.808296210205448,-32.82314245160609
1644,kexp,1.25,2.5,1,0.01,-31.801429445687187,-32.818589915039794
1645,kexp,1.25,2.5,1,0,-31.801168944767937,-32.818424335057664
1646,kexp,1.25,2.5,1.5,0.5,-37.94230642149308,-38.66262577578619
1647,kexp,1.25,2.5,1.5,0.1,-35.406881338357636,-36.312001011657586
1648,kexp,1.25,2.5,1.5,0.05,-35.3388219132739,-36.24968732033112
1649,kexp,1.25,2.5,1.5,0.01,-35.31752096697374,-36.23019536775389
1650,kexp,1.25,2.5,1.5,0,-35.31663876499343,-36.2293881972644
1651,kexp,1.25,3,0.5,0.5,-30.37877730722267,-31.20247948585085
1652,kexp,1.25,3,0.5,0.1,-28.331272419432185,-29.731427427192866
1653,kexp,1.25,3,0.5,0.05,-28.52656789154701,-29.94343736098278
1654,kexp,1.25,3,0.5,0.01,-28.602682857058042,-30.02416005846633
1655,kexp,1.25,3,0.5,0,-28.606013584005165,-30.027673428203748
1656,kexp,1.25,3,1,0.5,-34.61261962585572,-35.398048828135366
1657,kexp,1.25,3,1,0.1,-31.71826103302971,-32.803196227764936
1658,kexp,1.25,3,1,0.05,-31.65753508777523,-32.752342858965164
1659,kexp,1.25,3,1,0.01,-31.639361252894542,-32.73726144163622
1660,kexp,1.25,3,1,0,-31.638618160111765,-32.736646400105336
1661,kexp,1.25,3,1.5,0.5,-38.14763064851555,-38.92049619345577
1662,kexp,1.25,3,1.5,0.1,-35.5441493561844,-36.52490265630236
1663,kexp,1.25,3,1.5,0.05,-35.46597432150282,-36.453783717985566
1664,kexp,1.25,3,1.5,0.01,-35.44117404089113,-36.43123153058316
1665,kexp,1.25,3,1.5,0,-35.44014311888083,-36.43029415747289
1666,kexp,1.25,3.5,0.5,0.5,-30.37903418123765,-31.229692954755176
1667,kexp,1.25,3.5,0.5,0.1,-27.798604657084905,-29.25601999187019
1668,kexp,1.25,3.5,0.5,0.05,-27.89971649522649,-29.37766200448839
1669,kexp,1.25,3.5,0.5,0.01,-27.941121872503302,-29.425144916167664
1670,kexp,1.25,3.5,0.5,0,-27.942951939107267,-29.427221993825707
1671,kexp,1.25,3.5,1,0.5,-34.70849308439524,-35.5285306881414
1672,kexp,1.25,3.5,1,0.1,-31.67201711343985,-32.81354031484511
1673,kexp,1.25,3.5,1,0.05,-31.592862415278965,-32.74581364822514
1674,kexp,1.25,3.5,1,0.01,-31.568268459045797,-32.72484717980946
1675,kexp,1.25,3.5,1,0,-31.567251976489153,-32.72398147098563
1676,kexp,1.25,3.5,1.5,0.5,-38.31106737339506,-39.12305855968942
1677,kexp,1.25,3.5,1.5,0.1,-35.6770802641803,-36.71397940015341
1678,kexp,1.25,3.5,1.5,0.05,-35.5937096723661,-36.638594570034044
1679,kexp,1.25,3.5,1.5,0.01,-35.56711585524784,-36.61455857288802
1680,kexp,1.25,3.5,1.5,0,-35.566008755685445,-36.61355806344139
1681,kexp,1.25,4,0.5,0.5,-30.38435804236453,-31.2559408455677
1682,kexp,1.25,4,0.5,0.1,-27.426170791680136,-28.926368149492674
1683,kexp,1.25,4,0.5,0.05,-27.465761901387747,-28.989193288959743
1684,kexp,1.25,4,0.5,0.01,-27.4847940631122,-29.015331777840984
1685,kexp,1.25,4,0.5,0,-27.485660310543942,-29.016489927591508
1686,kexp,1.25,4,1,0.5,-34.788019647802024,-35.63490777665915
1687,kexp,1.25,4,1,0.1,-31.660224608353328,-32.84526434044052
1688,kexp,1.25,4,1,0.05,-31.569703950850535,-32.76731180787541
1689,kexp,1.25,4,1,0.01,-31.541174648497506,-32.74279949889472
1690,kexp,1.25,4,1,0,-31.53999085782293,-32.74178299184329
1691,kexp,1.25,4,1.5,0.5,-38.4435566109015,-39.28607140720661
1692,kexp,1.25,4,1.5,0.1,-35.79701603602223,-36.8775447969941
1693,kexp,1.25,4,1.5,0.05,-35.71081229941149,-36.80002090886531
1694,kexp,1.25,4,1.5,0.01,-35.68323981098397,-36.775236509205605
1695,kexp,1.25,4,1.5,0,-35.682091140319656,-36.774204113331045
1696,kexp,1.25,6,0.5,0.5,-30.42618075836056,-31.360848408381518
1697,kexp,1.25,6,0.5,0.1,-26.667624493195266,-28.292010588334477
1698,kexp,1.25,6,0.5,0.05,-26.593578514223385,-28.24760079659534
1699,kexp,1.25,6,0.5,0.01,-26.572054139131932,-28.235541081865748
1700,kexp,1.25,6,0.5,0,-26.571182013942416,-28.235062867701664
1701,kexp,1.25,6,1,0.5,-35.004356356921186,-35.92594096811778
1702,kexp,1.25,6,1,0.1,-31.713665541765074,-33.01769552466394
1703,kexp,1.25,6,1,0.05,-31.60414829251055,-32.92350155800708
1704,kexp,1.25,6,1,0.01,-31.56909702228495,-32.89339636510179
1705,kexp,1.25,6,1,0,-31.567636568659427,-32.89214243916207
1706,kexp,1.25,6,1.5,0.5,-38.788614299867966,-39.713746809177294
1707,kexp,1.25,6,1.5,0.1,-36.14354926191377,-37.34105878945077
1708,kexp,1.25,6,1.5,0.05,-36.05379003880165,-37.26168214577264
1709,kexp,1.25,6,1.5,0.01,-36.024979539482274,-37.23622059655271
1710,kexp,1.25,6,1.5,0,-36.02377818697146,-37.235159063055285
1711,kexp,1.25,8,0.5,0.5,-30.482117115985833,-31.47365653980117
1712,kexp,1.25,8,0.5,0.1,-26.36317038050045,-28.102482652395555
1713,kexp,1.25,8,0.5,0.05,-26.246435654598514,-28.019784353098423
1714,kexp,1.25,8,0.5,0.01,-26.210009752122765,-27.994357728572833
1715,kexp,1.25,8,0.5,0,-26.208502649473296,-27.993309957769608
1716,kexp,1.25,8,1,0.5,-35.13664956447608,-36.11704963325609
1717,kexp,1.25,8,1,0.1,-31.78337505132967,-33.17980156003075
1718,kexp,1.25,8,1,0.05,-31.66746668587903,-33.080993315475524
1719,kexp,1.25,8,1,0.01,-31.63024681159046,-33.04930804564896
1720,kexp,1.25,8,1,0,-31.628694644456203,-33.047987147921404
1721,kexp,1.25,8,1.5,0.5,-38.98274322503947,-39.96846343086025
1722,kexp,1.25,8,1.5,0.1,-36.34684037647571,-37.62898016407364
1723,kexp,1.25,8,1.5,0.05,-36.25636086378774,-37.54996008427873
1724,kexp,1.25,8,1.5,0.01,-36.22729437247603,-37.524594066854014
1725,kexp,1.25,8,1.5,0,-36.226082076191204,-37.52353631137938
1726,kexp,1.25,10,0.5,0.5,-30.54250067716768,-31.58971815408432
1727,kexp,1.25,10,0.5,0.1,-26.217410186011268,-28.073072051338045
1728,kexp,1.25,10,0.5,0.05,-26.078670763484386,-27.97229598555057
1729,kexp,1.25,10,0.5,0.01,-26.034654109377485,-27.940610245304335
1730,kexp,1.25,10,0.5,0,-26.032824561041497,-27.939296368456308
1731,kexp,1.25,10,1,0.5,-35.230097887908755,-36.26455936879407
1732,kexp,1.25,10,1,0.1,-31.83981094534657,-33.32083963154929
1733,kexp,1.25,10,1,0.05,-31.720608777791924,-33.22021139933977
1734,kexp,1.25,10,1,0.01,-31.682280750437773,-33.187901638775614
1735,kexp,1.25,10,1,0,-31.680681819778286,-33.186554261291946
1736,kexp,1.25,10,1.5,0.5,-39.10809475741131,-40.14703930451341
1737,kexp,1.25,10,1.5,0.1,-36.475242290227,-37.83110814104845
1738,kexp,1.25,10,1.5,0.05,-36.384376797625876,-37.75256797703023
1739,kexp,1.25,10,1.5,0.01,-36.35517569782578,-37.7273487075219
1740,kexp,1.25,10,1.5,0,-36.3539576727651,-37.726296992311674
1741,kexp,1.25,25,0.5,0.5,-30.975844783281566,-32.321435223283565
1742,kexp,1.25,25,0.5,0.1,-26.293566542914963,-28.816604883409966
1743,kexp,1.25,25,0.5,0.05,-26.115841124250878,-28.698124248725243
1744,kexp,1.25,25,0.5,0.01,-26.058481930202863,-28.660155898932114
1745,kexp,1.25,25,0.5,0,-26.056086823258322,-28.658573378390653
1746,kexp,1.25,25,1,0.5,-35.58915485695293,-36.88984430489823
1747,kexp,1.25,25,1,0.1,-32.11686098528092,-34.01749550235642
1748,kexp,1.25,25,1,0.05,-31.990985556675337,-33.91702465386042
1749,kexp,1.25,25,1,0.01,-31.950429831796907,-33.88471168579846
1750,kexp,1.25,25,1,0,-31.948737081822664,-33.8833635916701
1751,kexp,1.25,25,1.5,0.5,-39.471143109744524,-40.752955952796654
1752,kexp,1.25,25,1.5,0.1,-36.826857935593004,-38.5174710315364
1753,kexp,1.25,25,1.5,0.05,-36.734537573224195,-38.44115528173025
1754,kexp,1.25,25,1.5,0.01,-36.70484916461499,-38.41663958542884
1755,kexp,1.25,25,1.5,0,-36.7036106014195,-38.41561709617169
1756,kexp,1.5,0.2,0.5,0.5,-33.418337553399226,-33.750108413449226
1757,kexp,1.5,0.2,0.5,0.1,-102.98073500406869,-103.63649465928098
1758,kexp,1.5,0.2,0.5,0.05,-149.96826820414154,-150.6032106734493
1759,kexp,1.5,0.2,0.5,0.01,-184.86436112877303,-185.3930729103421
1760,kexp,1.5,0.2,0.5,0,-186.83876293056545,-187.35967404763554
1761,kexp,1.5,0.2,1,0.5,-34.66245362166432,-34.8651062435522
1762,kexp,1.5,0.2,1,0.1,-70.55093838677959,-70.89659509104538
1763,kexp,1.5,0.2,1,0.05,-88.28094277945948,-88.59121288672392
1764,kexp,1.5,0.2,1,0.01,-98.00566104359834,-98.28077993435379
1765,kexp,1.5,0.2,1,0,-98.48569239549826,-98.75883435521447
1766,kexp,1.5,0.2,1.5,0.5,-35.726306972462204,-35.881750008093434
1767,kexp,1.5,0.2,1.5,0.1,-58.0504114607507,-58.28430947560696
1768,kexp,1.5,0.2,1.5,0.05,-67.22448389241444,-67.43320011840295
1769,kexp,1.5,0.2,1.5,0.01,-71.61907105881293,-71.81050644732927
1770,kexp,1.5,0.2,1.5,0,-71.82532564825006,-72.01587788885737
1771,kexp,1.5,0.5,0.5,0.5,-31.605418171586177,-32.02648433157955
1772,kexp,1.5,0.5,0.5,0.1,-59.30579665175081,-59.95289799964873
1773,kexp,1.5,0.5,0.5,0.05,-72.23762121581721,-72.80061944163087
1774,kexp,1.5,0.5,0.5,0.01,-78.84291399837292,-79.34258825368829
1775,kexp,1.5,0.5,0.5,0,-79.16012454295053,-79.6564585973239
1776,kexp,1.5,0.5,1,0.5,-33.67970315829449,-33.98656439443915
1777,kexp,1.5,0.5,1,0.1,-44.445319583552504,-44.81088099721906
1778,kexp,1.5,0.5,1,0.05,-48.24104875647622,-48.57156057157702
1779,kexp,1.5,0.5,1,0.01,-49.8502360613488,-50.163044080570515
1780,kexp,1.5,0.5,1,0,-49.92274051839728,-50.234714896742844
1781,kexp,1.5,0.5,1.5,0.5,-35.59898309715124,-35.86043802559577
1782,kexp,1.5,0.5,1.5,0.1,-40.60559053215412,-40.88320504225678
1783,kexp,1.5,0.5,1.5,0.05,-42.27781761825109,-42.53685086521155
1784,kexp,1.5,0.5,1.5,0.01,-42.93847360161846,-43.189363394895125
1785,kexp,1.5,0.5,1.5,0,-42.967602609904795,-43.21812376291148
1786,kexp,1.5,1,0.5,0.5,-30.49098559874207,-31.092253649375948
1787,kexp,1.5,1,0.5,0.1,-40.56948464352095,-41.48039155133989
1788,kexp,1.5,1,0.5,0.05,-44.519136839504235,-45.37360132334253
1789,kexp,1.5,1,0.5,0.01,-46.20942987887699,-47.03254731290784
1790,kexp,1.5,1,0.5,0,-46.28579603115916,-47.10740715997671
1791,kexp,1.5,1,1,0.5,-33.45067583308864,-33.96087321185865
1792,kexp,1.5,1,1,0.1,-35.30685075161853,-35.92751584986994
1793,kexp,1.5,1,1,0.05,-36.219089976407304,-36.8222626588158
1794,kexp,1.5,1,1,0.01,-36.569779333224446,-37.165311025166446
1795,kexp,1.5,1,1,0,-36.58511286593106,-37.180300084594876
1796,kexp,1.5,1,1.5,0.5,-36.072667614599254,-36.54346688253193
1797,kexp,1.5,1,1.5,0.1,-35.7024264778037,-36.23318931406266
1798,kexp,1.5,1,1.5,0.05,-36.01868294374701,-36.541670853149625
1799,kexp,1.5,1,1.5,0.01,-36.137073993858706,-36.65692507765445
1800,kexp,1.5,1,1.5,0,-36.14220857749732,-36.66192115944504
1801,kexp,1.5,1.5,0.5,0.5,-30.06548609842525,-30.82012828211787
1802,kexp,1.5,1.5,0.5,0.1,-34.07954466456272,-35.28828152449314
1803,kexp,1.5,1.5,0.5,0.05,-35.88371030767399,-37.06735857089942
1804,kexp,1.5,1.5,0.5,0.01,-36.60785756063959,-37.777069965678834
1805,kexp,1.5,1.5,0.5,0,-36.63992349492369,-37.808445856447875
1806,kexp,1.5,1.5,1,0.5,-33.503227412544845,-34.18516373847433
1807,kexp,1.5,1.5,1,0.1,-32.705854620753406,-33.59248624465019
1808,kexp,1.5,1.5,1,0.05,-33.02563495693629,-33.90758003219251
1809,kexp,1.5,1.5,1,0.01,-33.14656753342238,-34.02609979140515
1810,kexp,1.5,1.5,1,0,-33.15182532617487,-34.031245923412776
1811,kexp,1.5,1.5,1.5,0.5,-36.475317026401854,-37.12659658605914
1812,kexp,1.5,1.5,1.5,0.1,-34.69076257039481,-35.47487318905674
1813,kexp,1.5,1.5,1.5,0.05,-34.75349387646218,-35.53703060207827
1814,kexp,1.5,1.5,1.5,0.01,-34.77867524231777,-35.56175102208643
1815,kexp,1.5,1.5,1.5,0,-34.77978270328816,-35.56283604576502
1816,kexp,1.5,2,0.5,0.5,-29.896059958856494,-30.760316384141543
1817,kexp,1.5,2,0.5,0.1,-31.033466911590732,-32.47099915641844
1818,kexp,1.5,2,0.5,0.05,-32.01351287112159,-33.44643508768017
1819,kexp,1.5,2,0.5,0.01,-32.395629434947494,-33.82345518786288
1820,kexp,1.5,2,0.5,0,-32.41239928423107,-33.83996467770845
1821,kexp,1.5,2,1,0.5,-33.62545895197221,-34.43335328622452
1822,kexp,1.5,2,1,0.1,-31.690639808526935,-32.78081230069308
1823,kexp,1.5,2,1,0.05,-31.801893037723577,-32.895302708113284
1824,kexp,1.5,2,1,0.01,-31.84559122366115,-32.9395577099446
1825,kexp,1.5,2,1,0,-31.84750530702663,-32.94148926827168
1826,kexp,1.5,2,1.5,0.5,-36.80263659440384,-37.58866454437826
1827,kexp,1.5,2,1.5,0.1,-34.475010595273964,-35.45276299039247
1828,kexp,1.5,2,1.5,0.05,-34.45451031987037,-35.436149041807354
1829,kexp,1.5,2,1.5,0.01,-34.45002748173423,-35.43277308910483
1830,kexp,1.5,2,1.5,0,-34.44986408134057,-35.43265423184218
1831,kexp,1.5,2.5,0.5,0.5,-29.827177917132165,-30.766697925909263
1832,kexp,1.5,2.5,0.5,0.1,-29.33466288387192,-30.934027086744422
1833,kexp,1.5,2.5,0.5,0.05,-29.913678734756314,-31.521441991945796
1834,kexp,1.5,2.5,0.5,0.01,-30.136880623764025,-31.74506465348298
1835,kexp,1.5,2.5,0.5,0,-30.14663883294336,-31.754811008189137
1836,kexp,1.5,2.5,1,0.5,-33.75178492312268,-34.64994081234129
1837,kexp,1.5,2.5,1,0.1,-31.226772059368148,-32.46457340605941
1838,kexp,1.5,2.5,1,0.05,-31.243092896900738,-32.489165793244425
1839,kexp,1.5,2.5,1,0.01,-31.25249754692617,-32.500944614477724
1840,kexp,1.5,2.5,1,0,-31.25293704707547,-32.501479799324265
1841,kexp,1.5,2.5,1.5,0.5,-37.064364028696055,-37.948869860312286
1842,kexp,1.5,2.5,1.5,0.1,-34.48597235450947,-35.605697246426345
1843,kexp,1.5,2.5,1.5,0.05,-34.42998488688135,-35.556471161413164
1844,kexp,1.5,2.5,1.5,0.01,-34.41305429481096,-35.541634150194085
1845,kexp,1.5,2.5,1.5,0,-34.41235988517733,-35.541026163094244
1846,kexp,1.5,3,0.5,0.5,-29.797586306247524,-30.788809208628727
1847,kexp,1.5,3,0.5,0.1,-28.2736572919762,-29.984003212127817
1848,kexp,1.5,3,0.5,0.05,-28.628037012594998,-30.355221747973747
1849,kexp,1.5,3,0.5,0.01,-28.764863865894263,-30.495921125946715
1850,kexp,1.5,3,0.5,0,-28.77084344523614,-30.50204264622739
1851,kexp,1.5,3,1,0.5,-33.86327536349029,-34.82655506853833
1852,kexp,1.5,3,1,0.1,-30.9947294930164,-32.339145008365946
1853,kexp,1.5,3,1,0.05,-30.96081758959325,-32.31685456182735
1854,kexp,1.5,3,1,0.01,-30.952359442326944,-32.31195603421943
1855,kexp,1.5,3,1,0,-30.952034107015457,-32.311777117984484
1856,kexp,1.5,3,1.5,0.5,-37.27364458077016,-38.23082724716435
1857,kexp,1.5,3,1.5,0.1,-34.567288235758504,-35.791628032809626
1858,kexp,1.5,3,1.5,0.05,-34.493741861370644,-35.72679631059348
1859,kexp,1.5,3,1.5,0.01,-34.47070853677723,-35.706518401394966
1860,kexp,1.5,3,1.5,0,-34.469754427671404,-35.70567870863336
1861,kexp,1.5,3.5,0.5,0.5,-29.783881295623225,-30.81164844632454
1862,kexp,1.5,3.5,0.5,0.1,-27.557867383529207,-29.344780305613934
1863,kexp,1.5,3.5,0.5,0.05,-27.774143274522853,-29.583556060346012
1864,kexp,1.5,3.5,0.5,0.01,-27.858981535519124,-29.67453700170376
1865,kexp,1.5,3.5,0.5,0,-27.86270016759397,-29.67849811169107
1866,kexp,1.5,3.5,1,0.5,-33.95728177126278,-34.96872864783368
1867,kexp,1.5,3.5,1,0.1,-30.873037474048587,-32.29601086623838
1868,kexp,1.5,3.5,1,0.05,-30.809785383747037,-32.24671690316505
1869,kexp,1.5,3.5,1,0.01,-30.79100543515814,-32.23231352847434
1870,kexp,1.5,3.5,1,0,-30.79023941388014,-32.23172877285396
1871,kexp,1.5,3.5,1.5,0.5,-37.44260700861931,-38.45474171896683
1872,kexp,1.5,3.5,1.5,0.1,-34.66727354529002,-35.97052505240352
1873,kexp,1.5,3.5,1.5,0.05,-34.584173061615736,-35.897534270386934
1874,kexp,1.5,3.5,1.5,0.01,-34.557837046456086,-35.87442266553751
1875,kexp,1.5,3.5,1.5,0,-34.55674259604144,-35.8734624266411
1876,kexp,1.5,4,0.5,0.5,-29.777214561138553,-30.83217757651035
1877,kexp,1.5,4,0.5,0.1,-27.047509362558415,-28.88941660621003
1878,kexp,1.5,4,0.5,0.05,-27.17295904951012,-29.041333580659746
1879,kexp,1.5,4,0.5,0.01,-27.224140423459616,-29.10022831818583
1880,kexp,1.5,4,0.5,0,-27.22640166342895,-29.10280131814141
1881,kexp,1.5,4,1,0.5,-34.03577948665223,-35.08421318149234
1882,kexp,1.5,4,1,0.1,-30.808228302785892,-32.291209883763734
1883,kexp,1.5,4,1,0.05,-30.726562824865205,-32.225211999243896
1884,kexp,1.5,4,1,0.01,-30.701355357422923,-32.2049737143939
1885,kexp,1.5,4,1,0,-30.700315480906905,-32.204140321533615
1886,kexp,1.5,4,1.5,0.5,-37.58072294166425,-38.63577810375595
1887,kexp,1.5,4,1.5,0.1,-34.76703598262843,-36.1317930165752
1888,kexp,1.5,4,1.5,0.05,-34.67837255348911,-36.05428336845919
1889,kexp,1.5,4,1.5,0.01,-34.65011936928548,-36.029603681272704
1890,kexp,1.5,4,1.5,0,-34.64894352013416,-36.028576756065846
1891,kexp,1.5,6,0.5,0.5,-29.777071457942988,-30.903923948324675
1892,kexp,1.5,6,0.5,0.1,-25.960701805948872,-27.940045449937568
1893,kexp,1.5,6,0.5,0.05,-25.917274566304805,-27.931783916905292
1894,kexp,1.5,6,0.5,0.01,-25.907251989182416,-27.932823213629188
1895,kexp,1.5,6,0.5,0,-25.9068788801581,-27.932908400413396
1896,kexp,1.5,6,1,0.5,-34.24601071834636,-35.39042340029927
1897,kexp,1.5,6,1,0.1,-30.74890541027631,-32.386023015187824
1898,kexp,1.5,6,1,0.05,-30.635678941600002,-32.292450778698594
1899,kexp,1.5,6,1,0.01,-30.59957216031112,-32.26267550992736
1900,kexp,1.5,6,1,0,-30.59806920587899,-32.26143678748538
1901,kexp,1.5,6,1.5,0.5,-37.941362368501025,-39.10810221204548
1902,kexp,1.5,6,1.5,0.1,-35.081603607652276,-36.60582584968846
1903,kexp,1.5,6,1.5,0.05,-34.98480287699745,-36.52269239345692
1904,kexp,1.5,6,1.5,0.01,-34.953750700683564,-36.49604700515342
1905,kexp,1.5,6,1.5,0,-34.952456081191016,-36.494936349914596
1906,kexp,1.5,8,0.5,0.5,-29.797718892303823,-30.9831498417067
1907,kexp,1.5,8,0.5,0.1,-25.48116535123108,-27.573674293655657
1908,kexp,1.5,8,0.5,0.05,-25.374327481853648,-27.507173830793068
1909,kexp,1.5,8,0.5,0.01,-25.341917666354234,-27.487701305046144
1910,kexp,1.5,8,0.5,0,-25.340587686609837,-27.486910403922526
1911,kexp,1.5,8,1,0.5,-34.36805830550204,-35.58045383276879
1912,kexp,1.5,8,1,0.1,-30.762902150218757,-32.50793174264474
1913,kexp,1.5,8,1,0.05,-30.6388944714144,-32.405916565935925
1914,kexp,1.5,8,1,0.01,-30.599116291645174,-32.373252854781974
1915,kexp,1.5,8,1,0,-30.597457917272003,-32.371891722513084
1916,kexp,1.5,8,1.5,0.5,-38.1405553236032,-39.38216696606962
1917,kexp,1.5,8,1.5,0.1,-35.27251934881715,-36.902746171236416
1918,kexp,1.5,8,1.5,0.05,-35.173533078506594,-36.818907214656704
1919,kexp,1.5,8,1.5,0.01,-35.1417311688899,-36.791997676164335
1920,kexp,1.5,8,1.5,0,-35.14040476089923,-36.7908755954499
1921,kexp,1.5,10,0.5,0.5,-29.82956653138553,-31.072641800932278
1922,kexp,1.5,10,0.5,0.1,-25.220571127987498,-27.428605585937948
1923,kexp,1.5,10,0.5,0.05,-25.0811433779038,-27.333831096261747
1924,kexp,1.5,10,0.5,0.01,-25.037392871874786,-27.304519980365058
1925,kexp,1.5,10,0.5,0,-25.035580020287803,-27.303310207718567
1926,kexp,1.5,10,1,0.5,-34.45067853365763,-35.72348700462674
1927,kexp,1.5,10,1,0.1,-30.782076358629855,-32.62217547748713
1928,kexp,1.5,10,1,0.05,-30.652586377813535,-32.51648777062244
1929,kexp,1.5,10,1,0.01,-30.610958994046854,-32.48257344386584
1930,kexp,1.5,10,1,0,-30.60922252927682,-32.48115937658374
1931,kexp,1.5,10,1.5,0.5,-38.2660732569128,-39.570542233926
1932,kexp,1.5,10,1.5,0.1,-35.39135980844573,-37.109625566512015
1933,kexp,1.5,10,1.5,0.05,-35.291276481040775,-37.025806109222714
1934,kexp,1.5,10,1.5,0.01,-35.25910228281818,-36.99888844201077
1935,kexp,1.5,10,1.5,0,-35.25776013234705,-36.99776586627945
1936,kexp,1.5,25,0.5,0.5,-30.161331758363808,-31.747471994366663
1937,kexp,1.5,25,0.5,0.1,-24.9341859305797,-27.871018626529008
1938,kexp,1.5,25,0.5,0.05,-24.732888952159165,-27.7372013292665
1939,kexp,1.5,25,0.5,0.01,-24.66792451614595,-27.69430515442773
1940,kexp,1.5,25,0.5,0,-24.66521192365738,-27.692517144158465
1941,kexp,1.5,25,1,0.5,-34.76116019057654,-36.3498086521073
1942,kexp,1.5,25,1,0.1,-30.930374448288322,-33.260903590243096
1943,kexp,1.5,25,1,0.05,-30.78922807010932,-33.15152351450834
1944,kexp,1.5,25,1,0.01,-30.743715570687897,-33.11632462231562
1945,kexp,1.5,25,1,0,-30.741815541232384,-33.114855909629995
1946,kexp,1.5,25,1.5,0.5,-38.61552031418361,-40.218208398416124
1947,kexp,1.5,25,1.5,0.1,-35.69598661695495,-37.82316728583618
1948,kexp,1.5,25,1.5,0.05,-35.592648189259414,-37.74060167020181
1949,kexp,1.5,25,1.5,0.01,-35.55939438976755,-37.714065809058425
1950,kexp,1.5,25,1.5,0,-35.558006847165885,-37.71295893152887
1951,kexp,1.75,0.2,0.5,0.5,-33.35258195203464,-33.75291356093075
1952,kexp,1.75,0.2,0.5,0.1,-112.10521069297032,-112.91875057634927
1953,kexp,1.75,0.2,0.5,0.05,-169.01156681049736,-169.81132825563432
1954,kexp,1.75,0.2,0.5,0.01,-214.72214001121154,-215.36767609657008
1955,kexp,1.75,0.2,0.5,0,-217.41726662253208,-218.05070732620808
1956,kexp,1.75,0.2,1,0.5,-34.475769440472234,-34.71992515112928
1957,kexp,1.75,0.2,1,0.1,-76.55850198007467,-76.99119311621104
1958,kexp,1.75,0.2,1,0.05,-98.94774822854265,-99.33432660274568
1959,kexp,1.75,0.2,1,0.01,-111.98774564735973,-112.321775098339
1960,kexp,1.75,0.2,1,0,-112.64721961728519,-112.97817938915864
1961,kexp,1.75,0.2,1.5,0.5,-35.43934485654519,-35.62534033445677
1962,kexp,1.75,0.2,1.5,0.1,-62.37604439805164,-62.66841439340892
1963,kexp,1.75,0.2,1.5,0.05,-74.25878605301389,-74.51642096293726
1964,kexp,1.75,0.2,1.5,0.01,-80.22946602147046,-80.46097045903831
1965,kexp,1.75,0.2,1.5,0,-80.51452737914803,-80.74466017376737
1966,kexp,1.75,0.5,0.5,0.5,-31.401539538116168,-31.892669734969942
1967,kexp,1.75,0.5,0.5,0.1,-64.1855327748022,-64.98874769756861
1968,kexp,1.75,0.5,0.5,0.05,-80.72541508764388,-81.41811082274076
1969,kexp,1.75,0.5,0.5,0.01,-89.64319221801229,-90.24290424613304
1970,kexp,1.75,0.5,0.5,0,-90.080283062911775,-90.67492840307034
1971,kexp,1.75,0.5,1,0.5,-33.26981778512672,-33.62658733125608
1972,kexp,1.75,0.5,1,0.1,-46.93890347837526,-47.384503946781415
1973,kexp,1.75,0.5,1,0.05,-52.019436222719186,-52.41575333047801
1974,kexp,1.75,0.5,1,0.01,-54.247369292532355,-54.617244812921406
1975,kexp,1.75,0.5,1,0,-54.34884413200956,-54.71745275677465
1976,kexp,1.75,0.5,1.5,0.5,-35.03703682218892,-35.34068051718309
1977,kexp,1.75,0.5,1.5,0.1,-41.9414279147075,-42.27428528322564
1978,kexp,1.75,0.5,1.5,0.05,-44.252567321695594,-44.558638437469206
1979,kexp,1.75,0.5,1.5,0.01,-45.187504031077374,-45.481328087300525
1980,kexp,1.75,0.5,1.5,0,-45.229021254594436,-45.522284307567396
1981,kexp,1.75,1,0.5,0.5,-30.14779700336309,-30.826386240608187
1982,kexp,1.75,1,0.5,0.1,-42.986442550348166,-44.062768187533194
1983,kexp,1.75,1,0.5,0.05,-48.2655345729477,-49.26127131288787
1984,kexp,1.75,1,0.5,0.01,-50.6042476598237,-51.55246123671542
1985,kexp,1.75,1,0.5,0,-50.71108841996128,-51.656978815215346
1986,kexp,1.75,1,1,0.5,-32.89191660600449,-33.471163310923764
1987,kexp,1.75,1,1,0.1,-36.03789664010738,-36.75789286950599
1988,kexp,1.75,1,1,0.05,-37.339965085757875,-38.03341010769628
1989,kexp,1.75,1,1,0.01,-37.84916335213917,-38.53067277969872
1990,kexp,1.75,1,1,0,-37.87154088308986,-38.55250787221265
1991,kexp,1.75,1,1.5,0.5,-35.35710240937318,-35.89321084867817
1992,kexp,1.75,1,1.5,0.1,-35.70091993242186,-36.31113060565911
1993,kexp,1.75,1,1.5,0.05,-36.190149502072906,-36.78807028602254
1994,kexp,1.75,1,1.5,0.01,-36.37434453006706,-36.967227181733065
1995,kexp,1.75,1,1.5,0,-36.38234847073836,-36.97500765782016
1996,kexp,1.75,1.5,0.5,0.5,-29.651744426764168,-30.499667908994866
1997,kexp,1.75,1.5,0.5,0.1,-35.41677863615826,-36.81948436671493
1998,kexp,1.75,1.5,0.5,0.05,-37.90437432427881,-39.2669049095839
1999,kexp,1.75,1.5,0.5,0.01,-38.927569681387375,-40.26658534167168
2000,kexp,1.75,1.5,0.5,0,-38.973216116516944,-40.31109940113472
2001,kexp,1.75,1.5,1,0.5,-32.8818089159339,-33.65567154906884
2002,kexp,1.75,1.5,1,0.1,-32.76748466740552,-33.789093657900715
2003,kexp,1.75,1.5,1,0.05,-33.26563372613593,-34.27792745835025
2004,kexp,1.75,1.5,1,0.01,-33.45485488754213,-34.462606437397106
2005,kexp,1.75,1.5,1,0,-33.46309540255323,-34.47063829807328
2006,kexp,1.75,1.5,1.5,0.5,-35.70596802009952,-36.448366907071986
2007,kexp,1.75,1.5,1.5,0.1,-34.22817788022836,-35.1294813204494
2008,kexp,1.75,1.5,1.5,0.05,-34.3631754282944,-35.26195351672462
2009,kexp,1.75,1.5,1.5,0.01,-34.41479732734547,-35.312286159576665
2010,kexp,1.75,1.5,1.5,0,-34.41704526457792,-35.314474697067
2011,kexp,1.75,2,0.5,0.5,-29.440858878413074,-30.416621147781296
2012,kexp,1.75,2,0.5,0.1,-31.77834832799032,-33.44267883052232
2013,kexp,1.75,2,0.5,0.05,-33.17177044929886,-34.82303012418057
2014,kexp,1.75,2,0.5,0.01,-33.724612873849374,-35.36559039192386
2015,kexp,1.75,2,0.5,0,-33.74900271967802,-35.38946861925107
2016,kexp,1.75,2,1,0.5,-32.974208259925874,-33.89650839692579
2017,kexp,1.75,2,1,0.1,-31.418528947611893,-32.67997677248346
2018,kexp,1.75,2,1,0.05,-31.627426133893618,-32.89031431003872
2019,kexp,1.75,2,1,0.01,-31.70744428390916,-32.96995841735387
2020,kexp,1.75,2,1,0,-31.710931976792732,-32.97342039846392
2021,kexp,1.75,2,1.5,0.5,-36.01270039423502,-36.91475955568676
2022,kexp,1.75,2,1.5,0.1,-33.79840969605382,-34.93044688505433
2023,kexp,1.75,2,1.5,0.05,-33.81349442268068,-34.94906877869308
2024,kexp,1.75,2,1.5,0.01,-33.821843987615964,-34.958305785540226
2025,kexp,1.75,2,1.5,0,-33.82223182920309,-34.958727758241366
2026,kexp,1.75,2.5,0.5,0.5,-29.347032271333283,-30.41486947214235
2027,kexp,1.75,2.5,0.5,0.1,-29.709579874987458,-31.56673761259375
2028,kexp,1.75,2.5,0.5,0.05,-30.56329703831016,-32.42476449483173
2029,kexp,1.75,2.5,0.5,0.01,-30.89603969720349,-32.75501112137927
2030,kexp,1.75,2.5,0.5,0,-30.91063729057521,-32.769453290872484
2031,kexp,1.75,2.5,1,0.5,-33.086377578251316,-34.119076462691154
2032,kexp,1.75,2.5,1,0.1,-30.761685510143856,-32.20304058170873
2033,kexp,1.75,2.5,1,0.05,-30.836587594352945,-32.28622848564293
2034,kexp,1.75,2.5,1,0.01,-30.86746602426523,-32.31926806199776
2035,kexp,1.75,2.5,1,0,-30.86883207874976,-32.32071827910457
2036,kexp,1.75,2.5,1.5,0.5,-36.267682405114016,-37.290402588793
2037,kexp,1.75,2.5,1.5,0.1,-33.69380188746261,-35.0002602139344
2038,kexp,1.75,2.5,1.5,0.05,-33.65624654019469,-34.97014821079092
2039,kexp,1.75,2.5,1.5,0.01,-33.64596275990382,-34.9621135233453
2040,kexp,1.75,2.5,1.5,0,-33.645553774859124,-34.961796708567164
2041,kexp,1.75,3,0.5,0.5,-29.301254165836877,-30.434515179068917
2042,kexp,1.75,3,0.5,0.1,-28.396168969376525,-30.389824435741236
2043,kexp,1.75,3,0.5,0.05,-28.944472445507984,-30.9537838483132
2044,kexp,1.75,3,0.5,0.01,-29.156889896786264,-31.16856835997995
2045,kexp,1.75,3,0.5,0,-29.166187225138994,-31.177929823009986
2046,kexp,1.75,3,1,0.5,-33.19108968214497,-34.30579861779928
2047,kexp,1.75,3,1,0.1,-30.406816086285723,-31.981590574174085
2048,kexp,1.75,3,1,0.05,-30.409722347404163,-31.997346883181475
2049,kexp,1.75,3,1,0.01,-30.414681500007443,-32.00611628935555
2050,kexp,1.75,3,1,0,-30.414934067287604,-32.00652400138514
2051,kexp,1.75,3,1.5,0.5,-36.47622578191712,-37.59041568093545
2052,kexp,1.75,3,1.5,0.1,-33.70672307770342,-35.14487074860218
2053,kexp,1.75,3,1.5,0.05,-33.64232439740937,-35.09057219536579
2054,kexp,1.75,3,1.5,0.01,-33.62264912969875,-35.07405733175523
2055,kexp,1.75,3,1.5,0,-33.621839781395146,-35.073378827568746
2056,kexp,1.75,3.5,0.5,0.5,-29.27563696377671,-30.45572664970657
2057,kexp,1.75,3.5,0.5,0.1,-27.497191565799696,-29.586248879458598
2058,kexp,1.75,3.5,0.5,0.05,-27.85622990861156,-29.96857222668578
2059,kexp,1.75,3.5,0.5,0.01,-27.9958790851582,-30.113780960620293
2060,kexp,1.75,3.5,0.5,0,-28.00199301053473,-30.120102090374736
2061,kexp,1.75,3.5,1,0.5,-33.28168411259128,-34.45810278231459
2062,kexp,1.75,3.5,1,0.1,-30.201612531571847,-31.87630610170849
2063,kexp,1.75,3.5,1,0.05,-30.16188149404185,-31.85261465716702
2064,kexp,1.75,3.5,1,0.01,-30.15168519747624,-31.84736371087452
2065,kexp,1.75,3.5,1,0,-30.151288911783144,-31.84717122200369
2066,kexp,1.75,3.5,1.5,0.5,-36.6470575695836,-37.83167683348362
2067,kexp,1.75,3.5,1.5,0.1,-33.76380081763268,-35.30297442181863
2068,kexp,1.75,3.5,1.5,0.05,-33.68432157737777,-35.235497184320785
2069,kexp,1.75,3.5,1.5,0.01,-33.659409783026945,-35.21439165806968
2070,kexp,1.75,3.5,1.5,0,-33.65837764559483,-35.213517699276004
2071,kexp,1.75,4,0.5,0.5,-29.259083590409723,-30.47360742442284
2072,kexp,1.75,4,0.5,0.1,-26.84790933490381,-29.00465830032985
2073,kexp,1.75,4,0.5,0.05,-27.081727418961815,-29.267084132945662
2074,kexp,1.75,4,0.5,0.01,-27.174097681926355,-29.367209714043685
2075,kexp,1.75,4,0.5,0,-27.178153702329965,-29.37157088841136
2076,kexp,1.75,4,1,0.5,-33.35826809613079,-34.58226276332341
2077,kexp,1.75,4,1,0.1,-30.077266923939654,-31.82863474396266
2078,kexp,1.75,4,1,0.05,-30.010450570198433,-31.78019065972454
2079,kexp,1.75,4,1,0.01,-29.990715807835116,-31.766222761524475
2080,kexp,1.75,4,1,0,-29.98991215871784,-31.765658018435577
2081,kexp,1.75,4,1.5,0.5,-36.788119317810285,-38.02824854008743
2082,kexp,1.75,4,1.5,0.1,-33.83559537190325,-35.45422375393116
2083,kexp,1.75,4,1.5,0.05,-33.74703613693234,-35.37909254329645
2084,kexp,1.75,4,1.5,0.01,-33.718987175654085,-35.35533076593793
2085,kexp,1.75,4,1.5,0,-33.71782174424545,-35.35434382850902
2086,kexp,1.75,6,0.5,0.5,-29.226030943658618,-30.52319337956533
2087,kexp,1.75,6,0.5,0.1,-25.432745465156927,-27.740994287647567
2088,kexp,1.75,6,0.5,0.05,-25.43238105861814,-27.780415039620348
2089,kexp,1.75,6,0.5,0.01,-25.438555993669816,-27.79884304108519
2090,kexp,1.75,6,0.5,0,-25.438886197241366,-27.79967753830155
2091,kexp,1.75,6,1,0.5,-33.56383867882993,-34.90708195752074
2092,kexp,1.75,6,1,0.1,-29.892706677912365,-31.835262129601446
2093,kexp,1.75,6,1,0.05,-29.778679489109344,-31.74496278264717
2094,kexp,1.75,6,1,0.01,-29.742528951630558,-31.716434521092033
2095,kexp,1.75,6,1,0,-29.74102657281526,-31.715249988713797
2096,kexp,1.75,6,1.5,0.5,-37.160863714045824,-38.54371991776357
2097,kexp,1.75,6,1.5,0.1,-34.10278044636573,-35.92565084697268
2098,kexp,1.75,6,1.5,0.05,-34.00002778814718,-35.83974150100323
2099,kexp,1.75,6,1.5,0.01,-33.9671024427619,-35.81224336374216
2100,kexp,1.75,6,1.5,0,-33.96573013141006,-35.81109757225501
2101,kexp,1.75,8,0.5,0.5,-29.218853651898513,-30.574827516196986
2102,kexp,1.75,8,0.5,0.1,-24.785562970819637,-27.201025113906027
2103,kexp,1.75,8,0.5,0.05,-24.697582443144505,-27.158785534835484
2104,kexp,1.75,8,0.5,0.01,-24.672449952049263,-27.148165286872263
2105,kexp,1.75,8,0.5,0,-24.671437657842517,-27.147755749253406
2106,kexp,1.75,8,1,0.5,-33.67979155092248,-35.100229545845124
2107,kexp,1.75,8,1,0.1,-29.85041084734164,-31.916322061476414
2108,kexp,1.75,8,1,0.05,-29.720181166453536,-31.812791689299644
2109,kexp,1.75,8,1,0.01,-29.67848480518981,-31.77972406641508
2110,kexp,1.75,8,1,0,-29.676747338821517,-31.77834700906003
2111,kexp,1.75,8,1.5,0.5,-37.36662800866666,-38.839522654585195
2112,kexp,1.75,8,1.5,0.1,-34.27849722060728,-36.23008513645037
2113,kexp,1.75,8,1.5,0.05,-34.171608723342516,-36.141981353847456
2114,kexp,1.75,8,1.5,0.01,-34.13727271016311,-36.11371283285692
2115,kexp,1.75,8,1.5,0,-34.13584066588663,-36.11253419573462
2116,kexp,1.75,10,0.5,0.5,-29.227497322768848,-30.64020165336882
2117,kexp,1.75,10,0.5,0.1,-24.419982882080724,-26.943882335544732
2118,kexp,1.75,10,0.5,0.05,-24.287469536158966,-26.86176494850942
2119,kexp,1.75,10,0.5,0.01,-24.246682886266573,-26.837167294957183
2120,kexp,1.75,10,0.5,0,-24.245002241037973,-26.836161504897174
2121,kexp,1.75,10,1,0.5,-33.75508351646128,-35.240864780925165
2122,kexp,1.75,10,1,0.1,-29.834940140428962,-32.00449474429725
2123,kexp,1.75,10,1,0.05,-29.69663542309164,-31.895067986925433
2124,kexp,1.75,10,1,0.01,-29.652202945179123,-31.859991445628832
2125,kexp,1.75,10,1,0,-29.650349796816634,-31.858529340053142
2126,kexp,1.75,10,1.5,0.5,-37.494082776716255,-39.038899332262496
2127,kexp,1.75,10,1.5,0.1,-34.38814795503584,-36.44168448707279
2128,kexp,1.75,10,1.5,0.05,-34.27926118006746,-36.35298225135308
2129,kexp,1.75,10,1.5,0.01,-34.24424966500978,-36.324496677973805
2130,kexp,1.75,10,1.5,0,-34.24278908214927,-36.32330871851178
2131,kexp,1.75,25,0.5,0.5,-29.467515498006122,-31.244700312114453
2132,kexp,1.75,25,0.5,0.1,-23.815310510995804,-27.08161899455436
2133,kexp,1.75,25,0.5,0.05,-23.597479941554525,-26.937737187855472
2134,kexp,1.75,25,0.5,0.01,-23.527266962298924,-26.891680811806594
2135,kexp,1.75,25,0.5,0,-23.524336255776593,-26.889761864034366
2136,kexp,1.75,25,1,0.5,-34.02376425594185,-35.85857972872966
2137,kexp,1.75,25,1,0.1,-29.867998153589877,-32.57592362903103
2138,kexp,1.75,25,1,0.05,-29.71280470609544,-32.45857714988946
2139,kexp,1.75,25,1,0.01,-29.66272972207785,-32.42079855961002
2140,kexp,1.75,25,1,0,-29.660638870302915,-32.41922203668728
2141,kexp,1.75,25,1.5,0.5,-37.83175615202162,-39.718074305417105
2142,kexp,1.75,25,1.5,0.1,-34.649073095109514,-37.17128321242331
2143,kexp,1.75,25,1.5,0.05,-34.53499529893365,-37.08270188674976
2144,kexp,1.75,25,1.5,0.01,-34.498262779789485,-37.05422036065099
2145,kexp,1.75,25,1.5,0,-34.4967298418865,-37.053032194313104
2146,kexp,2,0.2,0.5,0.5,-33.29075526633061,-33.75684848443362
2147,kexp,2,0.2,0.5,0.1,-120.5450607570742,-121.5116534737868
2148,kexp,2,0.2,0.5,0.05,-187.2574702887305,-188.22426327474807
2149,kexp,2,0.2,0.5,0.01,-244.75603341879372,-245.51447488140386
2150,kexp,2,0.2,0.5,0,-248.28239872362502,-249.02343306318886
2151,kexp,2,0.2,1,0.5,-34.3108212263087,-34.59506775686897
2152,kexp,2,0.2,1,0.1,-82.27452430755105,-82.79383133260632
2153,kexp,2,0.2,1,0.05,-109.47186638177884,-109.93532167125842
2154,kexp,2,0.2,1,0.01,-126.21957831460166,-126.61003767849803
2155,kexp,2,0.2,1,0,-127.08680519024007,-127.47284002554075
2156,kexp,2,0.2,1.5,0.5,-35.19499070078627,-35.41016744401803
2157,kexp,2,0.2,1.5,0.1,-66.59360353871023,-66.94459444345352
2158,kexp,2,0.2,1.5,0.05,-81.34689630132824,-81.65327875046896
2159,kexp,2,0.2,1.5,0.01,-89.1023771593862,-89.3720566061275
2160,kexp,2,0.2,1.5,0,-89.47893077509511,-89.74663244232765
2161,kexp,2,0.5,0.5,0.5,-31.22486990122445,-31.781181538115533
2162,kexp,2,0.5,0.5,0.1,-68.84389764007626,-69.80479756602885
2163,kexp,2,0.5,0.5,0.05,-89.16034775907862,-89.98564603557485
2164,kexp,2,0.5,0.5,0.01,-100.68429951700854,-101.38231245118324
2165,kexp,2,0.5,0.5,0,-101.2605255227325,-101.9513784793387
2166,kexp,2,0.5,1,0.5,-32.91310881788283,-33.31543166647561
2167,kexp,2,0.5,1,0.1,-49.453640921549436,-49.97959269379021
2168,kexp,2,0.5,1,0.05,-55.93970310949861,-56.40102209297814
2169,kexp,2,0.5,1,0.01,-58.87859398803617,-59.303128153789665
2170,kexp,2,0.5,1,0,-59.013898826940114,-59.43664001080191
2171,kexp,2,0.5,1.5,0.5,-34.55168771910551,-34.89333062367888
2172,kexp,2,0.5,1.5,0.1,-43.385747687551785,-43.77303699884695
2173,kexp,2,0.5,1.5,0.05,-46.412659191652736,-46.76397202832185
2174,kexp,2,0.5,1.5,0.01,-47.66627526993419,-48.0004406245791
2175,kexp,2,0.5,1.5,0,-47.722346694400215,-48.05571728735532
2176,kexp,2,1,0.5,0.5,-29.849198397150023,-30.595051597527487
2177,kexp,2,1,0.5,0.1,-45.41163810260428,-46.653346212171144
2178,kexp,2,1,0.5,0.05,-52.145023070035386,-53.280760298895615
2179,kexp,2,1,0.5,0.01,-55.229570216339035,-56.29879930837908
2180,kexp,2,1,0.5,0,-55.37204883598568,-56.43796868680012
2181,kexp,2,1,1,0.5,-32.40027175101985,-33.03881498575139
2182,kexp,2,1,1,0.1,-36.88496617313004,-37.699466595621374
2183,kexp,2,1,1,0.05,-38.63118206763069,-39.40885665460355
2184,kexp,2,1,1,0.01,-39.326391610430264,-40.08698466478807
2185,kexp,2,1,1,0,-39.35710711368036,-40.11691708078909
2186,kexp,2,1,1.5,0.5,-34.72626079052866,-35.31829045505822
2187,kexp,2,1,1.5,0.1,-35.8438333266102,-36.52684545293437
2188,kexp,2,1,1.5,0.05,-36.53528050707725,-37.20072489930371
2189,kexp,2,1,1.5,0.01,-36.79800213416353,-37.45610294920056
2190,kexp,2,1,1.5,0,-36.80944997280836,-37.467223312019065
2191,kexp,2,1.5,0.5,0.5,-29.295001013161823,-30.22111397189573
2192,kexp,2,1.5,0.5,0.1,-36.8428337855822,-38.432824736345694
2193,kexp,2,1.5,0.5,0.05,-40.09629903859803,-41.629581110961546
2194,kexp,2,1.5,0.5,0.01,-41.46754977366235,-42.966457443047844
2195,kexp,2,1.5,0.5,0,-41.52918684952949,-43.02642176528835
2196,kexp,2,1.5,1,0.5,-32.33242846904002,-33.18336393062613
2197,kexp,2,1.5,1,0.1,-32.961175898885294,-34.10578038301704
2198,kexp,2,1.5,1,0.05,-33.66794721325278,-34.797686950701866
2199,kexp,2,1.5,1,0.01,-33.938728772290894,-35.06127536598132
2200,kexp,2,1.5,1,0,-33.950552712068145,-35.07276873090229
2201,kexp,2,1.5,1.5,0.5,-35.02026876768427,-35.83894804824425
2202,kexp,2,1.5,1.5,0.1,-33.90468416854441,-34.90937678859981
2203,kexp,2,1.5,1.5,0.05,-34.12724648867565,-35.12692755481684
2204,kexp,2,1.5,1.5,0.01,-34.21134414928583,-35.20866145351416
2205,kexp,2,1.5,1.5,0,-34.21499809957388,-35.2122078194354
2206,kexp,2,2,0.5,0.5,-29.04973366614497,-30.117981079320884
2207,kexp,2,2,0.5,0.1,-32.6453239184093,-34.522659495227934
2208,kexp,2,2,0.5,0.05,-34.50985319160278,-36.364411671756905
2209,kexp,2,2,0.5,0.01,-35.26325584770857,-37.10114413731679
2210,kexp,2,2,0.5,0,-35.296677842862024,-37.13373987860961
2211,kexp,2,2,1,0.5,-32.3956937190647,-33.41331981625217
2212,kexp,2,2,1,0.1,-31.278241753303007,-32.69268999351842
2213,kexp,2,2,1,0.05,-31.60410662468237,-33.01751065071447
2214,kexp,2,2,1,0.01,-31.728323395724335,-33.140072441408684
2215,kexp,2,2,1,0,-31.73373440535608,-33.14539822854238
2216,kexp,2,2,1.5,0.5,-35.30317733354807,-36.30184885853449
2217,kexp,2,2,1.5,0.1,-33.25083619192562,-34.51738382501245
2218,kexp,2,2,1.5,0.05,-33.31093033584196,-34.58027677109554
2219,kexp,2,2,1.5,0.01,-33.33565061425591,-34.605498760102556
2220,kexp,2,2,1.5,0,-33.33674335954798,-34.60660777854867
2221,kexp,2,2.5,0.5,0.5,-28.934542118831764,-30.109206350308863
2222,kexp,2,2.5,0.5,0.1,-30.2208835658022,-32.316261793783966
2223,kexp,2,2.5,0.5,0.05,-31.392020913335596,-33.486534243524765
2224,kexp,2,2.5,0.5,0.01,-31.8545679413339,-33.942781415024406
2225,kexp,2,2.5,0.5,0,-31.874942051090326,-33.96281115538167
2226,kexp,2,2.5,1,0.5,-32.49267459181962,-33.63784309603504
2227,kexp,2,2.5,1,0.1,-30.423606940112304,-32.04552405288372
2228,kexp,2,2.5,1,0.05,-30.570546256570797,-32.20021547549601
2229,kexp,2,2.5,1,0.01,-30.628146688207245,-32.25950544008296
2230,kexp,2,2.5,1,0,-30.630669531698118,-32.26208907133138
2231,kexp,2,2.5,1.5,0.5,-35.54775994569484,-36.68598150894835
2232,kexp,2,2.5,1.5,0.1,-33.02063092170752,-34.48970812964954
2233,kexp,2,2.5,1.5,0.05,-33.00789961997912,-34.48479619494798
2234,kexp,2,2.5,1.5,0.01,-33.006591979685595,-34.485769226285626
2235,kexp,2,2.5,1.5,0,-33.006568791944176,-34.48583847669246
2236,kexp,2,3,0.5,0.5,-28.87460973370648,-30.127338898758566
2237,kexp,2,3,0.5,0.1,-28.661205778502687,-30.914852574164588
2238,kexp,2,3,0.5,0.05,-29.436461427449526,-31.703572710764366
2239,kexp,2,3,0.5,0.01,-29.73925700226932,-32.00651547146666
2240,kexp,2,3,0.5,0,-29.752545412849095,-32.01975458193054
2241,kexp,2,3,1,0.5,-32.5891786681432,-33.83146417193082
2242,kexp,2,3,1,0.1,-29.940139117932038,-31.71916508082865
2243,kexp,2,3,1,0.05,-29.989805323661713,-31.782439366573843
2244,kexp,2,3,1,0.01,-30.0119460158998,-31.808432451467016
2245,kexp,2,3,1,0,-30.012940336624002,-31.809581220934632
2246,kexp,2,3,1.5,0.5,-35.752180499270544,-36.9985632050842
2247,kexp,2,3,1.5,0.1,-32.95628885614045,-34.58123999942419
2248,kexp,2,3,1.5,0.05,-32.9056564396499,-34.54183365338085
2249,kexp,2,3,1.5,0.01,-32.890989263530685,-34.530631187224685
2250,kexp,2,3,1.5,0,-32.89039541126805,-34.530180200655884
2251,kexp,2,3.5,0.5,0.5,-28.83855909459127,-30.148310878656936
2252,kexp,2,3.5,0.5,0.1,-27.581436654499015,-29.94736188061617
2253,kexp,2,3.5,0.5,0.05,-28.109671752877905,-30.498683616165987
2254,kexp,2,3.5,0.5,0.01,-28.315487441308505,-30.708859031488934
2255,kexp,2,3.5,0.5,0,-28.324508030567465,-30.718021479323934
2256,kexp,2,3.5,1,0.5,-32.67504999493034,-33.99173759696821
2257,kexp,2,3.5,1,0.1,-29.645876945855168,-31.54434342265457
2258,kexp,2,3.5,1,0.05,-29.63733570268672,-31.553495723381495
2259,kexp,2,3.5,1,0.01,-29.638565977718603,-31.560060425231928
2260,kexp,2,3.5,1,0,-29.63866249256861,-31.56037524536145
2261,kexp,2,3.5,1.5,0.5,-35.92197046145895,-37.25306226512664
2262,kexp,2,3.5,1.5,0.1,-32.96291448301554,-34.70921950104455
2263,kexp,2,3.5,1.5,0.05,-32.890546297009415,-34.650512834314945
2264,kexp,2,3.5,1.5,0.01,-32.86828806277285,-34.63255555362635
2265,kexp,2,3.5,1.5,0,-32.86737074662693,-34.63181660076589
2266,kexp,2,4,0.5,0.5,-28.81344426560528,-30.165316819155855
2267,kexp,2,4,0.5,0.1,-26.7938653898841,-29.23938255149406
2268,kexp,2,4,0.5,0.05,-27.157805539823862,-29.63308701253773
2269,kexp,2,4,0.5,0.01,-27.30042536741593,-29.78294537725904
2270,kexp,2,4,0.5,0,-27.306680846101592,-29.789472681307355
2271,kexp,2,4,1,0.5,-32.74869374952736,-34.123291556795
2272,kexp,2,4,1,0.1,-29.457068214221504,-31.447901967772
2273,kexp,2,4,1,0.05,-29.41121421971154,-31.422722854943572
2274,kexp,2,4,1,0.01,-29.399183083789644,-31.417094314194088
2275,kexp,2,4,1,0,-29.398711839284516,-31.416887240102387
2276,kexp,2,4,1.5,0.5,-36.063581326377765,-37.46218492964747
2277,kexp,2,4,1.5,0.1,-33.00045007712159,-34.843140029155236
2278,kexp,2,4,1.5,0.05,-32.91472121502288,-34.772897536138075
2279,kexp,2,4,1.5,0.01,-32.88782680303396,-34.75092538258157
2280,kexp,2,4,1.5,0,-32.88671227040707,-34.75001552642954
2281,kexp,2,6,0.5,0.5,-28.75304765252748,-30.200495196126408
2282,kexp,2,6,0.5,0.1,-25.050154220025213,-27.660847590726767
2283,kexp,2,6,0.5,0.05,-25.105089096484704,-27.759140094104175
2284,kexp,2,6,0.5,0.01,-25.132206419273256,-27.799229741647103
2285,kexp,2,6,0.5,0,-25.13344788071811,-27.801000032290737
2286,kexp,2,6,1,0.5,-32.94872656257875,-34.466690714125534
2287,kexp,2,6,1,0.1,-29.135366006442435,-31.353892332780575
2288,kexp,2,6,1,0.05,-29.023636962952487,-31.269613315246325
2289,kexp,2,6,1,0.01,-28.98853281033632,-31.24329388480461
2290,kexp,2,6,1,0,-28.98707755904609,-31.24220455889312
2291,kexp,2,6,1.5,0.5,-36.44364520610663,-38.016192641212044
2292,kexp,2,6,1.5,0.1,-33.20551244487837,-35.29666537318081
2293,kexp,2,6,1.5,0.05,-33.09807647148442,-35.20907397371253
2294,kexp,2,6,1.5,0.01,-33.063709298603726,-35.181094704823415
2295,kexp,2,6,1.5,0,-33.06227755189043,-35.17992950116272
2296,kexp,2,8,0.5,0.5,-28.723583538109445,-30.230170890277787
2297,kexp,2,8,0.5,0.1,-24.239222648575602,-26.94905792980441
2298,kexp,2,8,0.5,0.05,-24.17879923068715,-26.938666241604402
2299,kexp,2,8,0.5,0.01,-24.16419048931211,-26.939693163435482
2300,kexp,2,8,0.5,0,-24.16363673455626,-26.939785825042943
2301,kexp,2,8,1,0.5,-33.060945508241986,-34.66584537633287
2302,kexp,2,8,1,0.1,-29.034367293404348,-31.39169075747059
2303,kexp,2,8,1,0.05,-28.899943154694334,-31.28835711886653
2304,kexp,2,8,1,0.01,-28.857027018171802,-31.255473786817763
2305,kexp,2,8,1,0,-28.855240122769906,-31.25410576768216
2306,kexp,2,8,1.5,0.5,-36.6561428301289,-38.334654405019464
2307,kexp,2,8,1.5,0.1,-33.361939516614044,-35.605265079911185
2308,kexp,2,8,1.5,0.05,-33.24790779239527,-35.51351551603539
2309,kexp,2,8,1.5,0.01,-33.21129165984773,-35.484095620007935
2310,kexp,2,8,1.5,0,-33.20976468557866,-35.48286918196653
2311,kexp,2,10,0.5,0.5,-28.713521889168913,-30.27461040109442
2312,kexp,2,10,0.5,0.1,-23.775326868097444,-26.582802762203748
2313,kexp,2,10,0.5,0.05,-23.656930243224718,-26.519376119621395
2314,kexp,2,10,0.5,0.01,-23.621724587414413,-26.501661842483994
2315,kexp,2,10,0.5,0,-23.620288916092353,-26.50095326679034
2316,kexp,2,10,1,0.5,-33.13180823102045,-34.806561237467804
2317,kexp,2,10,1,0.1,-28.98574871253297,-31.454459372334746
2318,kexp,2,10,1,0.05,-28.8402070013153,-31.34258215407397
2319,kexp,2,10,1,0.01,-28.79350425484505,-31.306780012668906
2320,kexp,2,10,1,0,-28.791557044944167,-31.305288332732808
2321,kexp,2,10,1.5,0.5,-36.78709026581589,-38.54666541463319
2322,kexp,2,10,1.5,0.1,-33.46235374472926,-35.82169831999935
2323,kexp,2,10,1.5,0.05,-33.34520986619493,-35.72854707304142
2324,kexp,2,10,1.5,0.01,-33.30754129842258,-35.698637416673584
2325,kexp,2,10,1.5,0,-33.30596985463356,-35.697390121452834
2326,kexp,2,25,0.5,0.5,-28.87541087371891,-30.806675528358834
2327,kexp,2,25,0.5,0.1,-22.8906899896147,-26.42379369441664
2328,kexp,2,25,0.5,0.05,-22.66229280354392,-26.27425649635076
2329,kexp,2,25,0.5,0.01,-22.58885816558535,-26.226535086522038
2330,kexp,2,25,0.5,0,-22.585795140552946,-26.22454845715282
2331,kexp,2,25,1,0.5,-33.36781742497695,-35.41377368334186
2332,kexp,2,25,1,0.1,-28.916828830697664,-31.957039310015745
2333,kexp,2,25,1,0.05,-28.74874778339506,-31.83257227726235
2334,kexp,2,25,1,0.01,-28.694486151586673,-31.792489975905763
2335,kexp,2,25,1,0,-28.692220189903132,-31.790817200291066
2336,kexp,2,25,1.5,0.5,-37.11762576834379,-39.25367955694971
2337,kexp,2,25,1.5,0.1,-33.684608256647586,-36.5628657510459
2338,kexp,2,25,1.5,0.05,-33.560130326414736,-36.46851242532672
2339,kexp,2,25,1.5,0.01,-33.52002587597875,-36.438163093815724
2340,kexp,2,25,1.5,0,-33.518351973094184,-36.43689688141171
2341,kexp,2.25,0.2,0.5,0.5,-33.235835839019565,-33.76479818078276
2342,kexp,2.25,0.2,0.5,0.1,-128.39935068674657,-129.51402210637977
2343,kexp,2.25,0.2,0.5,0.05,-204.75760873609846,-205.893589859541
2344,kexp,2.25,0.2,0.5,0.01,-274.9042875471191,-275.7730778718372
2345,kexp,2.25,0.2,0.5,0,-279.3716729099648,-280.2167326829299
2346,kexp,2.25,0.2,1,0.5,-34.16496505725446,-34.48806397753625
2347,kexp,2.25,0.2,1,0.1,-87.72111257634594,-88.32640432978748
2348,kexp,2.25,0.2,1,0.05,-119.82197424063342,-120.36326890677078
2349,kexp,2.25,0.2,1,0.01,-140.6419402038311,-141.08709578362033
2350,kexp,2.25,0.2,1,0,-141.74513966356793,-142.1842537381236
2351,kexp,2.25,0.2,1.5,0.5,-34.983964698944945,-35.22724517706514
2352,kexp,2.25,0.2,1.5,0.1,-70.69141391973281,-71.10115070019874
2353,kexp,2.25,0.2,1.5,0.05,-88.44126496642443,-88.79662969319895
2354,kexp,2.25,0.2,1.5,0.01,-98.17957979415063,-98.486080427242
2355,kexp,2.25,0.2,1.5,0,-98.66028534300095,-98.96408418478026
2356,kexp,2.25,0.5,0.5,0.5,-31.07373557378885,-31.690953987408303
2357,kexp,2.25,0.5,0.5,0.1,-73.29311090637367,-74.41221973646422
2358,kexp,2.25,0.5,0.5,0.05,-97.50773548668866,-98.46863832912679
2359,kexp,2.25,0.5,0.5,0.01,-111.9137387040281,-112.7090008036424
2360,kexp,2.25,0.5,0.5,0,-112.64830448462732,-113.43395342594253
2361,kexp,2.25,0.5,1,0.5,-32.601373331500184,-33.045696957307314
2362,kexp,2.25,0.5,1,0.1,-51.96433911005126,-52.5710527252568
2363,kexp,2.25,0.5,1,0.05,-59.95944696020981,-60.48554840583644
2364,kexp,2.25,0.5,1,0.01,-63.69844442684765,-64.17592766068613
2365,kexp,2.25,0.5,1,0,-63.872433822380124,-64.34750666195006
2366,kexp,2.25,0.5,1.5,0.5,-34.12888064688702,-34.5051012250503
2367,kexp,2.25,0.5,1.5,0.1,-44.904118498795206,-45.34545935611492
2368,kexp,2.25,0.5,1.5,0.05,-48.71598881324091,-49.11140824903993
2369,kexp,2.25,0.5,1.5,0.01,-50.33167633420661,-50.704293095326946
2370,kexp,2.25,0.5,1.5,0,-50.40446703417249,-50.7760145065049
2371,kexp,2.25,1,0.5,0.5,-29.588955272697433,-30.39402281369395
2372,kexp,2.25,1,0.5,0.1,-47.82190778809672,-49.22894071751457
2373,kexp,2.25,1,0.5,0.05,-56.11593107145905,-57.391337122071455
2374,kexp,2.25,1,0.5,0.01,-60.04035323737835,-61.22773185484123
2375,kexp,2.25,1,0.5,0,-60.22362542100967,-61.40654498263236
2376,kexp,2.25,1,1,0.5,-31.965992965080197,-32.655922297993406
2377,kexp,2.25,1,1,0.1,-37.81988517526229,-38.72552808603084
2378,kexp,2.25,1,1,0.05,-40.06025534489155,-40.91785640276885
2379,kexp,2.25,1,1,0.01,-40.968499949323046,-41.80307723236903
2380,kexp,2.25,1,1,0,-41.008847515264165,-41.842359719568854
2381,kexp,2.25,1,1.5,0.5,-34.167806572919034,-34.80816403681593
2382,kexp,2.25,1,1.5,0.1,-36.10394079061507,-36.85495822419425
2383,kexp,2.25,1,1.5,0.05,-37.025276736185496,-37.75280111220323
2384,kexp,2.25,1,1.5,0.01,-37.37911137415608,-38.096604392183615
2385,kexp,2.25,1,1.5,0,-37.39457831319725,-38.11162139840119
2386,kexp,2.25,1.5,0.5,0.5,-28.98535494800401,-29.977701301777977
2387,kexp,2.25,1.5,0.5,0.1,-38.326426071469406,-40.09872786524915
2388,kexp,2.25,1.5,0.5,0.05,-42.419534835528125,-44.11778425007145
2389,kexp,2.25,1.5,0.5,0.01,-44.18668393124302,-45.838067413852045
2390,kexp,2.25,1.5,0.5,0,-44.26672101454651,-45.91579655824945
2391,kexp,2.25,1.5,1,0.5,-31.84523334834618,-32.76126263870131
2392,kexp,2.25,1.5,1,0.1,-33.262439830254635,-34.52097561511323
2393,kexp,2.25,1.5,1,0.05,-34.206459780009816,-35.4438220686643
2394,kexp,2.25,1.5,1,0.01,-34.57194208155242,-35.79896990196934
2395,kexp,2.25,1.5,1,0,-34.58795146937961,-35.814502732024145
2396,kexp,2.25,1.5,1.5,0.5,-34.40789793415541,-35.290939238070216
2397,kexp,2.25,1.5,1.5,0.1,-33.69953052995312,-34.79704360223594
2398,kexp,2.25,1.5,1.5,0.05,-34.024438853408896,-35.11398648530434
2399,kexp,2.25,1.5,1.5,0.01,-34.147025051177415,-35.23290146330966
2400,kexp,2.25,1.5,1.5,0,-34.152351720961036,-35.23806155658914
2401,kexp,2.25,2,0.5,0.5,-28.711180587984735,-29.856681300248066
2402,kexp,2.25,2,0.5,0.1,-33.60224922055021,-35.682058811425925
2403,kexp,2.25,2,0.5,0.05,-35.990940073333995,-38.03745372223426
2404,kexp,2.25,2,0.5,0.01,-36.97422982752813,-38.99657241263414
2405,kexp,2.25,2,0.5,0,-37.018097804333784,-39.039238127876715
2406,kexp,2.25,2,1,0.5,-31.880699093902855,-32.978124337688264
2407,kexp,2.25,2,1,0.1,-31.249172240965713,-32.80223216068412
2408,kexp,2.25,2,1,0.05,-31.710597757096647,-33.25954409371504
2409,kexp,2.25,2,1,0.01,-31.886861556376818,-33.43254134898616
2410,kexp,2.25,2,1,0,-31.894547486264628,-33.440066784859084
2411,kexp,2.25,2,1.5,0.5,-34.66551951161564,-35.744997486696874
2412,kexp,2.25,2,1.5,0.1,-32.81641798395963,-34.201733493127186
2413,kexp,2.25,2,1.5,0.05,-32.930760302159584,-34.31778972576624
2414,kexp,2.25,2,1.5,0.01,-32.97540137808323,-34.36238908451327
2415,kexp,2.25,2,1.5,0,-32.977354146922316,-34.36433310386925
2416,kexp,2.25,2.5,0.5,0.5,-28.57762358496698,-29.84148529640651
2417,kexp,2.25,2.5,0.5,0.1,-30.83761846638942,-33.15570651392881
2418,kexp,2.25,2.5,0.5,0.05,-32.3660932292235,-34.677383010485876
2419,kexp,2.25,2.5,0.5,0.01,-32.978455334815,-35.278819046211815
2420,kexp,2.25,2.5,0.5,0,-33.00554541348705,-35.30533199294982
2421,kexp,2.25,2.5,1,0.5,-31.96221911710392,-33.20152070565657
2422,kexp,2.25,2.5,1,0.1,-30.195205685200133,-31.978938911890143
2423,kexp,2.25,2.5,1,0.05,-30.427286894671827,-32.217764442882235
2424,kexp,2.25,2.5,1,0.01,-30.51686606936508,-32.30831710919157
2425,kexp,2.25,2.5,1,0,-30.520778038640124,-32.31225506949592
2426,kexp,2.25,2.5,1.5,0.5,-34.89750150523391,-36.13231519381894
2427,kexp,2.25,2.5,1.5,0.1,-32.45425568838147,-34.06609445296366
2428,kexp,2.25,2.5,1.5,0.05,-32.472691266757586,-34.0924497653746
2429,kexp,2.25,2.5,1.5,0.01,-32.482714442980054,-34.104667519552414
2430,kexp,2.25,2.5,1.5,0,-32.48317901372587,-34.105219528380744
2431,kexp,2.25,3,0.5,0.5,-28.505258177914666,-29.858399571930264
2432,kexp,2.25,3,0.5,0.1,-29.039377735703987,-31.533714817459558
2433,kexp,2.25,3,0.5,0.05,-30.07280634905458,-32.57766867787962
2434,kexp,2.25,3,0.5,0.01,-30.480632837586075,-32.9827589327107
2435,kexp,2.25,3,0.5,0,-30.498588118844065,-33.000517160281326
2436,kexp,2.25,3,1,0.5,-32.04967324983087,-33.39921661228237
2437,kexp,2.25,3,1,0.1,-29.579919881598606,-31.54117160324678
2438,kexp,2.25,3,1,0.05,-29.686124791833418,-31.661328084940124
2439,kexp,2.25,3,1,0.01,-29.729237716716394,-31.708137878059397
2440,kexp,2.25,3,1,0,-29.731139827813774,-31.71018465957805
2441,kexp,2.25,3,1.5,0.5,-35.095500156092086,-36.452894622957594
2442,kexp,2.25,3,1.5,0.1,-32.30649345740822,-34.09530530164623
2443,kexp,2.25,3,1.5,0.05,-32.274263644819904,-34.075190164307564
2444,kexp,2.25,3,1.5,0.01,-32.26628646178361,-34.07088591833394
2445,kexp,2.25,3,1.5,0,-32.26598049751642,-34.070730592724125
2446,kexp,2.25,3.5,0.5,0.5,-28.459942893796182,-29.87971314459535
2447,kexp,2.25,3.5,0.5,0.1,-27.782704936501172,-30.403678766532526
2448,kexp,2.25,3.5,0.5,0.05,-28.505351253738844,-31.148435557938953
2449,kexp,2.25,3.5,0.5,0.01,-28.788620481087836,-31.434286272987745
2450,kexp,2.25,3.5,0.5,0,-28.801061724967617,-31.44677493499336
2451,kexp,2.25,3.5,1,0.5,-32.12987579217529,-33.56526839096289
2452,kexp,2.25,3.5,1,0.1,-29.192999288480053,-31.290897919420644
2453,kexp,2.25,3.5,1,0.05,-29.223260788440783,-31.340119961695063
2454,kexp,2.25,3.5,1,0.01,-29.238797426766453,-31.36120777356257
2455,kexp,2.25,3.5,1,0,-29.239512073217302,-31.362147433629918
2456,kexp,2.25,3.5,1.5,0.5,-35.262099132143234,-36.716924713922126
2457,kexp,2.25,3.5,1.5,0.1,-32.257118246523554,-34.18538520955838
2458,kexp,2.25,3.5,1.5,0.05,-32.19540672727214,-34.13877669656186
2459,kexp,2.25,3.5,1.5,0.01,-32.17706722851965,-34.12514844994897
2460,kexp,2.25,3.5,1.5,0,-32.176318956020246,-34.1245950332294
2461,kexp,2.25,4,0.5,0.5,-28.42721034980117,-29.89678426286892
2462,kexp,2.25,4,0.5,0.1,-26.85872377333592,-29.569682816537455
2463,kexp,2.25,4,0.5,0.05,-27.373697127983444,-30.114745838267396
2464,kexp,2.25,4,0.5,0.01,-27.575601287036083,-30.32283767673388
2465,kexp,2.25,4,0.5,0,-27.58446377085877,-30.331912462945755
2466,kexp,2.25,4,1,0.5,-32.19970725835166,-33.702655036345384
2467,kexp,2.25,4,1,0.1,-28.93623677684688,-31.140630764554018
2468,kexp,2.25,4,1,0.05,-28.917470089870893,-31.144464445404576
2469,kexp,2.25,4,1,0.01,-28.915417464214247,-31.14929150698611
2470,kexp,2.25,4,1,0,-28.915377156303983,-31.149533546268962
2471,kexp,2.25,4,1.5,0.5,-35.40234419886878,-36.935671073284055
2472,kexp,2.25,4,1.5,0.1,-32.25553645851172,-34.295552948938095
2473,kexp,2.25,4,1.5,0.05,-32.17544400352373,-34.23279615648557
2474,kexp,2.25,4,1.5,0.01,-32.15069310313253,-34.21352458288991
2475,kexp,2.25,4,1.5,0,-32.14967171817674,-34.212730674101834
2476,kexp,2.25,6,0.5,0.5,-28.34291887254759,-29.922728395630482
2477,kexp,2.25,6,0.5,0.1,-24.787669822006837,-27.67566237166678
2478,kexp,2.25,6,0.5,0.05,-24.909915971823505,-27.84376799585162
2479,kexp,2.25,6,0.5,0.01,-24.962758614055062,-27.909803592147874
2480,kexp,2.25,6,0.5,0,-24.96512245177064,-27.91269791141069
2481,kexp,2.25,6,1,0.5,-32.392395082539146,-34.06258680948117
2482,kexp,2.25,6,1,0.1,-28.467286834658765,-30.93347473313403
2483,kexp,2.25,6,1,0.05,-28.36106939046392,-30.858043889499058
2484,kexp,2.25,6,1,0.01,-28.328155393988297,-30.834934629651045
2485,kexp,2.25,6,1,0,-28.326796264583255,-30.833983340059945
2486,kexp,2.25,6,1.5,0.5,-35.78483881777344,-37.52212917578237
2487,kexp,2.25,6,1.5,0.1,-32.38555372915257,-34.715716326150364
2488,kexp,2.25,6,1.5,0.05,-32.274817658267835,-34.627625417779626
2489,kexp,2.25,6,1.5,0.01,-32.239482078532674,-34.59956939286373
2490,kexp,2.25,6,1.5,0,-32.238010968920406,-34.59840191634328
2491,kexp,2.25,8,0.5,0.5,-28.294892321249154,-29.935048860588672
2492,kexp,2.25,8,0.5,0.1,-23.814836690348738,-26.792593683490797
2493,kexp,2.25,8,0.5,0.05,-23.790523408593852,-26.821379601568697
2494,kexp,2.25,8,0.5,0.01,-23.78970522631009,-26.83681609325916
2495,kexp,2.25,8,0.5,0,-23.78975263437859,-26.837531107684782
2496,kexp,2.25,8,1,0.5,-32.50168840199994,-34.26904883302511
2497,kexp,2.25,8,1,0.1,-28.30404959588831,-30.923995924470677
2498,kexp,2.25,8,1,0.05,-28.16757100975601,-30.82261329554339
2499,kexp,2.25,8,1,0.01,-28.124179605995472,-30.790523402964695
2500,kexp,2.25,8,1,0,-28.122374985641375,-30.78919034552294
2501,kexp,2.25,8,1.5,0.5,-36.00304368733584,-37.86251427365981
2502,kexp,2.25,8,1.5,0.1,-32.51776059281982,-35.02338937118003
2503,kexp,2.25,8,1.5,0.05,-32.397453133221205,-34.92867343207074
2504,kexp,2.25,8,1.5,0.01,-32.35884878448762,-34.89833141345328
2505,kexp,2.25,8,1.5,0,-32.35723920279842,-34.897066858205726
2506,kexp,2.25,10,0.5,0.5,-28.26957988680451,-29.961702824330366
2507,kexp,2.25,10,0.5,0.1,-23.25681337586996,-26.31923031009701
2508,kexp,2.25,10,0.5,0.05,-23.15952926200804,-26.280183943794757
2509,kexp,2.25,10,0.5,0.01,-23.13250384314277,-26.271444958452445
2510,kexp,2.25,10,0.5,0,-23.131425805998827,-26.27112400347236
2511,kexp,2.25,10,1,0.5,-32.57005910889104,-34.41184804494833
2512,kexp,2.25,10,1,0.1,-28.222547318067893,-30.961176566950048
2513,kexp,2.25,10,1,0.05,-28.071433232870913,-30.848140118434728
2514,kexp,2.25,10,1,0.01,-28.023029999477295,-30.812054568409756
2515,kexp,2.25,10,1,0,-28.021012890123114,-30.81055206568965
2516,kexp,2.25,10,1.5,0.5,-36.13831441364178,-38.088247475316784
2517,kexp,2.25,10,1.5,0.1,-32.60807834260896,-35.243957919222574
2518,kexp,2.25,10,1.5,0.05,-32.48331821964391,-35.14682819551341
2519,kexp,2.25,10,1.5,0.01,-32.4432053716443,-35.11565153388086
2520,kexp,2.25,10,1.5,0,-32.44153201823556,-35.114351519833704
2521,kexp,2.25,25,0.5,0.5,-28.36580494266156,-30.423757720414546
2522,kexp,2.25,25,0.5,0.1,-22.12164622143886,-25.87331136571345
2523,kexp,2.25,25,0.5,0.05,-21.888016849685034,-25.721919397541694
2524,kexp,2.25,25,0.5,0.01,-21.813203141667337,-25.673841041076056
2525,kexp,2.25,25,0.5,0,-21.81008614258298,-25.671842292583914
2526,kexp,2.25,25,1,0.5,-32.781868170514706,-35.01003346808075
2527,kexp,2.25,25,1,0.1,-28.062333823934935,-31.396084224102776
2528,kexp,2.25,25,1,0.05,-27.88249828123524,-31.265271677433706
2529,kexp,2.25,25,1,0.01,-27.824420129199126,-31.223140226854895
2530,kexp,2.25,25,1,0,-27.821994562712337,-31.221381877492366
2531,kexp,2.25,25,1.5,0.5,-36.466687963092326,-38.82272751240171
2532,kexp,2.25,25,1.5,0.1,-32.79627902752513,-35.99524144782141
2533,kexp,2.25,25,1.5,0.05,-32.66178497990836,-35.89536373140989
2534,kexp,2.25,25,1.5,0.01,-32.61843059708872,-35.863226114564604
2535,kexp,2.25,25,1.5,0,-32.616620802829196,-35.86188517253606
2536,kexp,2.5,0.2,0.5,0.5,-33.18878720544152,-33.77774491885952
2537,kexp,2.5,0.2,0.5,0.1,-135.74608993060534,-137.0038970856075
2538,kexp,2.5,0.2,0.5,0.05,-221.56533201317743,-222.87253433255356
2539,kexp,2.5,0.2,0.5,0.01,-305.12372903433067,-306.1014139179186
2540,kexp,2.5,0.2,0.5,0,-310.641174145139,-311.58780362601584
2541,kexp,2.5,0.2,1,0.5,-34.03584702437784,-34.39669296130774
2542,kexp,2.5,0.2,1,0.1,-92.9206457665069,-93.6111453948371
2543,kexp,2.5,0.2,1,0.05,-129.98127180708343,-130.6016346756106
2544,kexp,2.5,0.2,1,0.01,-155.2126913651283,-155.71141094295749
2545,kexp,2.5,0.2,1,0,-156.57998873674575,-157.07078895606546
2546,kexp,2.5,0.2,1.5,0.5,-34.79968200988096,-35.07020674506742
2547,kexp,2.5,0.2,1.5,0.1,-74.66634054341348,-75.13491125632787
2548,kexp,2.5,0.2,1.5,0.05,-95.51022629297857,-95.91510632420733
2549,kexp,2.5,0.2,1.5,0.01,-107.41942749623216,-107.76182796551997
2550,kexp,2.5,0.2,1.5,0,-108.01691702762325,-108.35577415979216
2551,kexp,2.5,0.5,0.5,0.5,-30.945775776276875,-31.620165657393834
2552,kexp,2.5,0.5,0.5,0.1,-77.54739567917099,-78.82448633047511
2553,kexp,2.5,0.5,0.5,0.05,-105.74574720414036,-106.84526912448713
2554,kexp,2.5,0.5,0.5,0.01,-123.29318449955801,-124.18517928790341
2555,kexp,2.5,0.5,0.5,0,-124.2052388128999,-125.08481382437552
2556,kexp,2.5,0.5,1,0.5,-32.32779621605855,-32.81123473579687
2557,kexp,2.5,0.5,1,0.1,-54.45459266808635,-55.142506595047955
2558,kexp,2.5,0.5,1,0.05,-64.04750719680382,-64.63859074161837
2559,kexp,2.5,0.5,1,0.01,-68.6727975430944,-69.20204619672292
2560,kexp,2.5,0.5,1,0,-68.8903192891335,-69.41645021229863
2561,kexp,2.5,0.5,1.5,0.5,-33.75761666184284,-34.165639458078935
2562,kexp,2.5,0.5,1.5,0.1,-46.47171053908151,-46.96700788374825
2563,kexp,2.5,0.5,1.5,0.05,-51.1308399309384,-51.56971325067406
2564,kexp,2.5,0.5,1.5,0.01,-53.15099628262831,-53.56069650947221
2565,kexp,2.5,0.5,1.5,0,-53.24266954688025,-53.650985773955846
2566,kexp,2.5,1,0.5,0.5,-29.361854093907546,-30.219704398953212
2567,kexp,2.5,1,0.5,0.1,-50.20277421307719,-51.77495201942736
2568,kexp,2.5,1,0.5,0.05,-60.147929123606396,-61.56328013594656
2569,kexp,2.5,1,0.5,0.01,-65.00299158801634,-66.30649985478239
2570,kexp,2.5,1,0.5,0,-65.23220283087782,-66.52994289325771
2571,kexp,2.5,1,1,0.5,-31.58060573075622,-32.31553158159827
2572,kexp,2.5,1,1,0.1,-38.8209497918686,-39.81539305917937
2573,kexp,2.5,1,1,0.05,-41.60148827198154,-42.53596119991873
2574,kexp,2.5,1,1,0.01,-42.74930079450935,-43.65405889469882
2575,kexp,2.5,1,1,0,-42.80057356765684,-43.70394433034964
2576,kexp,2.5,1,1.5,0.5,-33.67091226395327,-34.35345192243699
2577,kexp,2.5,1,1.5,0.1,-36.459193713999454,-37.27474857678479
2578,kexp,2.5,1,1.5,0.05,-37.63657410871661,-38.42216174437664
2579,kexp,2.5,1,1.5,0.01,-38.09395932320927,-38.86646400995608
2580,kexp,2.5,1,1.5,0,-38.11402057971049,-38.88593490918104
2581,kexp,2.5,1.5,0.5,0.5,-28.715043881697593,-29.764153730940613
2582,kexp,2.5,1.5,0.5,0.1,-39.84538197210395,-41.79613859762872
2583,kexp,2.5,1.5,0.5,0.05,-44.84410420819873,-46.703169355942485
2584,kexp,2.5,1.5,0.5,0.01,-47.05381863905652,-48.85202561563343
2585,kexp,2.5,1.5,0.5,0,-47.15466207358024,-48.94983385539237
2586,kexp,2.5,1.5,1,0.5,-31.411376703569363,-32.382864758538716
2587,kexp,2.5,1.5,1,0.1,-33.65123734301156,-35.016836604377296
2588,kexp,2.5,1.5,1,0.05,-34.859545723337284,-36.19704262659397
2589,kexp,2.5,1.5,1,0.01,-35.332716427939076,-36.6562744627556
2590,kexp,2.5,1.5,1,0,-35.35351358697934,-36.676425738720724
2591,kexp,2.5,1.5,1.5,0.5,-33.859096077666834,-34.796946689621834
2592,kexp,2.5,1.5,1.5,0.1,-33.59463967682858,-34.77689679135606
2593,kexp,2.5,1.5,1.5,0.05,-34.036137576921014,-35.207066142744246
2594,kexp,2.5,1.5,1.5,0.01,-34.203187583065215,-35.3689158924758
2595,kexp,2.5,1.5,1.5,0,-34.210454191391044,-35.375946466446095
2596,kexp,2.5,2,0.5,0.5,-28.41609956323528,-29.626708717707576
2597,kexp,2.5,2,0.5,0.1,-34.6251683465354,-36.89924670616024
2598,kexp,2.5,2,0.5,0.05,-37.58672418178121,-39.81653235861561
2599,kexp,2.5,2,0.5,0.01,-38.82869213103342,-41.02579468865482
2600,kexp,2.5,2,0.5,0,-38.884419757143455,-41.079884353933394
2601,kexp,2.5,2,1,0.5,-31.42063849950277,-32.58532908376074
2602,kexp,2.5,2,1,0.1,-31.313589005455988,-32.993989722695694
2603,kexp,2.5,2,1,0.05,-31.928411275761782,-33.601134823731186
2604,kexp,2.5,2,1,0.01,-32.16451803878014,-33.83205009674623
2605,kexp,2.5,2,1,0,-32.17483141227225,-33.842112425390866
2606,kexp,2.5,2,1.5,0.5,-34.0910569522104,-35.238606118911285
2607,kexp,2.5,2,1.5,0.1,-32.480276888045225,-33.971951802783465
2608,kexp,2.5,2,1.5,0.05,-32.65788193643872,-34.14987764439025
2609,kexp,2.5,2,1.5,0.01,-32.725990023156704,-34.21725053406633
2610,kexp,2.5,2,1.5,0,-32.728958730647804,-34.22017854921186
2611,kexp,2.5,2.5,0.5,0.5,-28.266605597089814,-29.605384382153204
2612,kexp,2.5,2.5,0.5,0.1,-31.536020731515833,-34.064503980260625
2613,kexp,2.5,2.5,0.5,0.05,-33.45908610860389,-35.97434844971365
2614,kexp,2.5,2.5,0.5,0.01,-34.240995497648974,-36.739938412667
2615,kexp,2.5,2.5,0.5,0,-34.275741944991026,-36.773832376874566
2616,kexp,2.5,2.5,1,0.5,-31.486898348232664,-32.80535247659409
2617,kexp,2.5,2.5,1,0.1,-30.06091742623392,-31.99140678868404
2618,kexp,2.5,2.5,1,0.05,-30.390849115169928,-32.3266668251314
2619,kexp,2.5,2.5,1,0.01,-30.517651239823152,-32.45349458303906
2620,kexp,2.5,2.5,1,0,-30.52318587393899,-32.45900936157462
2621,kexp,2.5,2.5,1.5,0.5,-34.30923391125891,-35.625194814130765
2622,kexp,2.5,2.5,1.5,0.1,-31.98236387702446,-33.720918389014976
2623,kexp,2.5,2.5,1.5,0.05,-32.03821678353222,-33.78454392833942
2624,kexp,2.5,2.5,1.5,0.01,-32.061935385268015,-33.810259191872625
2625,kexp,2.5,2.5,1.5,0,-32.06299061694646,-33.81139178983461
2626,kexp,2.5,3,0.5,0.5,-28.18324626113196,-29.62103832285031
2627,kexp,2.5,3,0.5,0.1,-29.507660100449055,-32.22695543532773
2628,kexp,2.5,3,0.5,0.05,-30.828728919274226,-33.555082671451714
2629,kexp,2.5,3,0.5,0.01,-31.356081040661287,-34.076195429577545
2630,kexp,2.5,3,0.5,0,-31.37938030267201,-34.099116617973344
2631,kexp,2.5,3,1,0.5,-31.564906081158224,-33.00482758001421
2632,kexp,2.5,3,1,0.1,-29.312398974672938,-31.4377531788302
2633,kexp,2.5,3,1,0.05,-29.484706136573358,-31.623993392527836
2634,kexp,2.5,3,1,0.01,-29.552588018215403,-31.695229307692273
2635,kexp,2.5,3,1,0,-29.555565280110063,-31.698332702018067
2636,kexp,2.5,3,1.5,0.5,-34.49933990924553,-35.95015112253365
2637,kexp,2.5,3,1.5,0.1,-31.74703543207513,-33.68074694478057
2638,kexp,2.5,3,1.5,0.05,-31.737817113601846,-33.68431723723447
2639,kexp,2.5,3,1.5,0.01,-31.738228374316193,-33.68851849745977
2640,kexp,2.5,3,1.5,0,-31.7382837059617,-33.68872816340667
2641,kexp,2.5,3.5,0.5,0.5,-28.129626006336288,-29.642816651194625
2642,kexp,2.5,3.5,0.5,0.1,-28.07881207154625,-30.936541490160394
2643,kexp,2.5,3.5,0.5,0.05,-29.019867984520722,-31.89813987066073
2644,kexp,2.5,3.5,0.5,0.01,-29.391784543001418,-32.27031755249239
2645,kexp,2.5,3.5,0.5,0,-29.40816192896659,-32.28661973838194
2646,kexp,2.5,3.5,1,0.5,-31.638835871712953,-33.174697487400984
2647,kexp,2.5,3.5,1,0.1,-28.830669787697946,-31.107510586833456
2648,kexp,2.5,3.5,1,0.05,-28.90723360940475,-31.203958246897017
2649,kexp,2.5,3.5,1,0.01,-28.93997256493858,-31.24230146145696
2650,kexp,2.5,3.5,1,0,-28.941432070312175,-31.243985167404936
2651,kexp,2.5,3.5,1.5,0.5,-34.66124704171439,-36.22058914089024
2652,kexp,2.5,3.5,1.5,0.1,-31.637671767982756,-33.726662430104426
2653,kexp,2.5,3.5,1.5,0.05,-31.590171433665706,-33.695507193401355
2654,kexp,2.5,3.5,1.5,0.01,-31.577036158258085,-33.68741321482194
2655,kexp,2.5,3.5,1.5,0,-31.57651221747497,-33.687097077128044
2656,kexp,2.5,4,0.5,0.5,-28.090009059405254,-29.660372830796646
2657,kexp,2.5,4,0.5,0.1,-27.021101563047235,-29.977428433447372
2658,kexp,2.5,4,0.5,0.05,-27.707146567875228,-30.693213091088953
2659,kexp,2.5,4,0.5,0.01,-27.977316584545346,-30.968014920939886
2660,kexp,2.5,4,0.5,0,-27.98919528788963,-30.980020938821493
2661,kexp,2.5,4,1,0.5,-31.704210827468597,-33.31637462029855
2662,kexp,2.5,4,1,0.1,-28.503609829929005,-30.899296811013922
2663,kexp,2.5,4,1,0.05,-28.518005411474284,-30.937875884274728
2664,kexp,2.5,4,1,0.01,-28.528228867334352,-30.95530427434852
2665,kexp,2.5,4,1,0,-28.52871949164837,-30.956088552096148
2666,kexp,2.5,4,1.5,0.5,-34.79869359751092,-36.44634453111307
2667,kexp,2.5,4,1.5,0.1,-31.593316493997488,-33.807667542587495
2668,kexp,2.5,4,1.5,0.05,-31.521698109699216,-33.75503972310591
2669,kexp,2.5,4,1.5,0.01,-31.50010253876998,-33.7394057299183
2670,kexp,2.5,4,1.5,0,-31.499217659621294,-33.73876785657541
2671,kexp,2.5,6,0.5,0.5,-27.984091925786295,-29.680406484426516
2672,kexp,2.5,6,0.5,0.1,-24.62552441060191,-27.76787369183647
2673,kexp,2.5,6,0.5,0.05,-24.826818033992733,-28.0165015084846
2674,kexp,2.5,6,0.5,0.01,-24.910184549959634,-28.112780076360323
2675,kexp,2.5,6,0.5,0,-24.91388410137982,-28.11698846321298
2676,kexp,2.5,6,1,0.5,-31.88761766498086,-33.68985946415339
2677,kexp,2.5,6,1,0.1,-27.879418141054746,-30.567472123956744
2678,kexp,2.5,6,1,0.05,-27.781982397090633,-30.503772529150478
2679,kexp,2.5,6,1,0.01,-27.752436894379763,-30.484905968944634
2680,kexp,2.5,6,1,0,-27.751224527519327,-30.48413701198102
2681,kexp,2.5,6,1.5,0.5,-35.17926544178533,-37.058839405080896
2682,kexp,2.5,6,1.5,0.1,-31.637536559269236,-34.18004053791831
2683,kexp,2.5,6,1.5,0.05,-31.52495353575124,-34.0926979912429
2684,kexp,2.5,6,1.5,0.01,-31.489150622064198,-34.06499480398303
2685,kexp,2.5,6,1.5,0,-31.487661436296467,-34.06384329496851
2686,kexp,2.5,8,0.5,0.5,-27.919878272148832,-29.678904305494537
2687,kexp,2.5,8,0.5,0.1,-23.491734848960654,-26.71334726963265
2688,kexp,2.5,8,0.5,0.05,-23.511947387635843,-26.788471797110542
2689,kexp,2.5,8,0.5,0.01,-23.52820739327924,-26.8210753843588
2690,kexp,2.5,8,0.5,0,-23.529000371459023,-26.82253338279655
2691,kexp,2.5,8,1,0.5,-31.99378404711989,-33.9036691378159
2692,kexp,2.5,8,1,0.1,-27.650033856478544,-30.505746455520526
2693,kexp,2.5,8,1,0.05,-27.513715138588303,-30.40811288412111
2694,kexp,2.5,8,1,0.01,-27.470626644703938,-30.37744698350064
2695,kexp,2.5,8,1,0,-27.46883752610003,-30.376175791786206
2696,kexp,2.5,8,1.5,0.5,-35.40145313603341,-37.41919864146722
2697,kexp,2.5,8,1.5,0.1,-31.740367585804318,-34.480639022581265
2698,kexp,2.5,8,1.5,0.05,-31.614725894221035,-34.38368811045387
2699,kexp,2.5,8,1.5,0.01,-31.574452057146107,-34.35267219945958
2700,kexp,2.5,8,1.5,0,-31.572773344381567,-34.351380028184785
2701,kexp,2.5,10,0.5,0.5,-27.881805621517785,-29.690556043482577
2702,kexp,2.5,10,0.5,0.1,-22.842063243493463,-26.134019164979357
2703,kexp,2.5,10,0.5,0.05,-22.772745770710063,-26.124835570486155
2704,kexp,2.5,10,0.5,0.01,-22.756501741844367,-26.127130120397474
2705,kexp,2.5,10,0.5,0,-22.755894722618354,-26.12728622932225
2706,kexp,2.5,10,1,0.5,-32.060697723160516,-34.04981271738581
2707,kexp,2.5,10,1,0.1,-27.53495362679836,-30.516203463682228
2708,kexp,2.5,10,1,0.05,-27.379995834917292,-30.40331667383628
2709,kexp,2.5,10,1,0.01,-27.330489476940755,-30.36740039874241
2710,kexp,2.5,10,1,0,-27.32842786340245,-30.36590631919165
2711,kexp,2.5,10,1.5,0.5,-35.54114087258394,-37.658924206391966
2712,kexp,2.5,10,1.5,0.1,-31.819016550464607,-34.70365871287169
2713,kexp,2.5,10,1.5,0.05,-31.687348250046103,-34.60305592345162
2714,kexp,2.5,10,1.5,0.01,-31.645027640685793,-34.57078201938597
2715,kexp,2.5,10,1.5,0,-31.643262343733586,-34.56943644921871
2716,kexp,2.5,25,0.5,0.5,-27.922781141497186,-30.08688250373065
2717,kexp,2.5,25,0.5,0.1,-21.478614911254827,-25.410512104636783
2718,kexp,2.5,25,0.5,0.05,-21.24470533686271,-25.26066954139954
2719,kexp,2.5,25,0.5,0.01,-21.170252736450852,-25.213425297370204
2720,kexp,2.5,25,0.5,0,-21.167156093737706,-25.21146524430884
2721,kexp,2.5,25,1,0.5,-32.2554352083175,-34.641859875740394
2722,kexp,2.5,25,1,0.1,-27.291582561497304,-30.885412804406464
2723,kexp,2.5,25,1,0.05,-27.101119195798486,-30.748987869753176
2724,kexp,2.5,25,1,0.01,-27.039595528619728,-30.70504990917271
2725,kexp,2.5,25,1,0,-27.03702593216883,-30.703216185281843
2726,kexp,2.5,25,1.5,0.5,-35.87181012589208,-38.42203836689131
2727,kexp,2.5,25,1.5,0.1,-31.97680819342055,-35.46486175547808
2728,kexp,2.5,25,1.5,0.05,-31.832716458906305,-35.359712939067066
2729,kexp,2.5,25,1.5,0.01,-31.786246082809416,-35.32586885329424
2730,kexp,2.5,25,1.5,0,-31.784305978385582,-35.3244565990133
