model_no,k_name,l1,l2,b,meas_error,lppd_exact,lppd_LOPO
1,ksqexp,1,0.2,0.5,0.5,-35.7305697483758,-34.78709735980179
2,ksqexp,1,0.2,0.5,0.1,-200.70276827686948,-186.91842651521964
3,ksqexp,1,0.2,0.5,0.05,-563.5502185858222,-506.0466553293051
4,ksqexp,1,0.2,0.5,0.01,-5581.248300942787,-5430.607207853115
5,ksqexp,1,0.2,0.5,0,-990359.7844184318,-989309.73792667
6,ksqexp,1,0.2,1,0.5,-34.01722874388187,-33.38172075615237
7,ksqexp,1,0.2,1,0.1,-168.140214617538,-153.0759970588889
8,ksqexp,1,0.2,1,0.05,-438.8988235465756,-394.27013196519704
9,ksqexp,1,0.2,1,0.01,-4854.2157919388455,-4791.064385054318
10,ksqexp,1,0.2,1,0,-495150.78982633905,-494626.1381695925
11,ksqexp,1,0.2,1.5,0.5,-33.62504707129281,-33.180278497197435
12,ksqexp,1,0.2,1.5,0.1,-149.77773811628563,-134.98950666038579
13,ksqexp,1,0.2,1.5,0.05,-379.4893305337038,-343.75727800810665
14,ksqexp,1,0.2,1.5,0.01,-4536.303309500052,-4502.188238115418
15,ksqexp,1,0.2,1.5,0,-330083.6411734264,-329734.1217921959
16,ksqexp,1,0.5,0.5,0.5,-34.56216962619949,-33.47384947003398
17,ksqexp,1,0.5,0.5,0.1,-128.12814545718408,-114.60332620423345
18,ksqexp,1,0.5,0.5,0.05,-288.30946367431335,-267.4998265700702
19,ksqexp,1,0.5,0.5,0.01,-2093.2209746000385,-2096.5445819711954
20,ksqexp,1,0.5,0.5,0,-4240.505992325635,-4253.110466370379
21,ksqexp,1,0.5,1,0.5,-33.625461806661,-32.76199659465028
22,ksqexp,1,0.5,1,0.1,-98.06724483193744,-89.34403788611111
23,ksqexp,1,0.5,1,0.05,-215.81255210410575,-206.0906758711048
24,ksqexp,1,0.5,1,0.01,-1383.839691240996,-1388.0543301081862
25,ksqexp,1,0.5,1,0,-2111.7455200800637,-2118.4967676629094
26,ksqexp,1,0.5,1.5,0.5,-33.94311815007606,-33.23349503089539
27,ksqexp,1,0.5,1.5,0.1,-84.41464407642118,-78.1804080926555
28,ksqexp,1,0.5,1.5,0.05,-186.08589812652846,-180.63157265056398
29,ksqexp,1,0.5,1.5,0.01,-1038.066619008669,-1041.7050081361053
30,ksqexp,1,0.5,1.5,0,-1404.949347731085,-1409.7495198147083
31,ksqexp,1,1,0.5,0.5,-37.38571166202794,-36.065037498323626
32,ksqexp,1,1,0.5,0.1,-86.19595531143541,-79.742158319635
33,ksqexp,1,1,0.5,0.05,-117.17808420739735,-111.6272641523278
34,ksqexp,1,1,0.5,0.01,-140.76868919647143,-136.6523422842371
35,ksqexp,1,1,0.5,0,-142.1542935240541,-138.13015439190602
36,ksqexp,1,1,1,0.5,-37.02672917571881,-35.96517725905247
37,ksqexp,1,1,1,0.1,-58.48669302765433,-55.79007790892182
38,ksqexp,1,1,1,0.05,-69.20595029268915,-67.16454615386955
39,ksqexp,1,1,1,0.01,-75.3771649127821,-73.81436548922981
40,ksqexp,1,1,1,0,-75.69037577110682,-74.15269833033211
41,ksqexp,1,1,1.5,0.5,-37.70773577850832,-36.89828649762179
42,ksqexp,1,1,1.5,0.1,-48.56406808596339,-47.163465371801536
43,ksqexp,1,1,1.5,0.05,-53.63275615207962,-52.665670335397365
44,ksqexp,1,1,1.5,0.01,-56.202868777123086,-55.48198534924495
45,ksqexp,1,1,1.5,0,-56.32639328514249,-55.617536408062875
46,ksqexp,1,1.5,0.5,0.5,-40.56997619792797,-39.2159228985069
47,ksqexp,1,1.5,0.5,0.1,-66.54273953478459,-61.260082464693355
48,ksqexp,1,1.5,0.5,0.05,-71.5765114948368,-66.24681980949673
49,ksqexp,1,1.5,0.5,0.01,-73.54237428184136,-68.22989638389585
50,ksqexp,1,1.5,0.5,0,-73.62922554924623,-68.31778364071874
51,ksqexp,1,1.5,1,0.5,-40.10330244712464,-39.08137107382569
52,ksqexp,1,1.5,1,0.1,-46.51606290247116,-44.301898442566205
53,ksqexp,1,1.5,1,0.05,-47.42638195301974,-45.23849529493334
54,ksqexp,1,1.5,1,0.01,-47.751919542225316,-45.578321267404775
55,ksqexp,1,1.5,1,0,-47.76590473774429,-45.592963323441765
56,ksqexp,1,1.5,1.5,0.5,-40.81748498967847,-40.110850243301726
57,ksqexp,1,1.5,1.5,0.1,-41.68012060549275,-40.51630416362714
58,ksqexp,1,1.5,1.5,0.05,-41.867615277066626,-40.72973354030967
59,ksqexp,1,1.5,1.5,0.01,-41.93268417581167,-40.80544093156221
60,ksqexp,1,1.5,1.5,0,-41.935454567189915,-40.808679984296354
61,ksqexp,1,2,0.5,0.5,-42.763558427729244,-41.44092872159865
62,ksqexp,1,2,0.5,0.1,-62.77841071898162,-56.49076279655337
63,ksqexp,1,2,0.5,0.05,-65.76507266906474,-58.89805951073712
64,ksqexp,1,2,0.5,0.01,-66.87283066848394,-59.79118815149577
65,ksqexp,1,2,0.5,0,-66.92088877989852,-59.82992322089093
66,ksqexp,1,2,1,0.5,-42.209867207651385,-41.24656404701539
67,ksqexp,1,2,1,0.1,-46.95148783974154,-44.182638164755794
68,ksqexp,1,2,1,0.05,-47.531920848432215,-44.62006539718615
69,ksqexp,1,2,1,0.01,-47.73565878093783,-44.7742070227239
70,ksqexp,1,2,1,0,-47.744356187132105,-44.78079267691757
71,ksqexp,1,2,1.5,0.5,-43.07936700798244,-42.45863006196366
72,ksqexp,1,2,1.5,0.1,-43.923530227234934,-42.4151842992896
73,ksqexp,1,2,1.5,0.05,-44.08438123071467,-42.51733454517182
74,ksqexp,1,2,1.5,0.01,-44.14044755789791,-42.553525308678246
75,ksqexp,1,2,1.5,0,-44.14283542288595,-42.55507259561381
76,ksqexp,1,2.5,0.5,0.5,-43.98501935327192,-42.756821269759755
77,ksqexp,1,2.5,0.5,0.1,-61.20289696413334,-54.249477612263824
78,ksqexp,1,2.5,0.5,0.05,-63.54576316424852,-55.841001276156156
79,ksqexp,1,2.5,0.5,0.01,-64.39824330310468,-56.41766671727607
80,ksqexp,1,2.5,0.5,0,-64.43500542610312,-56.4425031817174
81,ksqexp,1,2.5,1,0.5,-43.40250925804777,-42.53239950406212
82,ksqexp,1,2.5,1,0.1,-47.56425802087589,-44.534285777691075
83,ksqexp,1,2.5,1,0.05,-48.039515162794316,-44.821559969485385
84,ksqexp,1,2.5,1,0.01,-48.20440802959346,-44.921640626216956
85,ksqexp,1,2.5,1,0,-48.211423854925016,-44.92590284307219
86,ksqexp,1,2.5,1.5,0.5,-44.43606575726529,-43.919734642866956
87,ksqexp,1,2.5,1.5,0.1,-45.39429657839844,-43.78418507398523
88,ksqexp,1,2.5,1.5,0.05,-45.54142910719168,-43.85258444462223
89,ksqexp,1,2.5,1.5,0.01,-45.59207055069224,-43.87666516776986
90,ksqexp,1,2.5,1.5,0,-45.59422009789265,-43.87769283023175
91,ksqexp,1,3,0.5,0.5,-44.7740555242955,-43.68162265403923
92,ksqexp,1,3,0.5,0.1,-59.916015225253716,-53.05457571831384
93,ksqexp,1,3,0.5,0.05,-61.79563113315827,-54.207773069755596
94,ksqexp,1,3,0.5,0.01,-62.468339844897095,-54.61847288594596
95,ksqexp,1,3,0.5,0,-62.497212350315856,-54.63607587797095
96,ksqexp,1,3,1,0.5,-44.12684973257323,-43.385465894287634
97,ksqexp,1,3,1,0.1,-47.62367054110877,-44.749453650406544
98,ksqexp,1,3,1,0.05,-47.996639364207894,-44.94519641803397
99,ksqexp,1,3,1,0.01,-48.12482149701567,-45.01286336641053
100,ksqexp,1,3,1,0,-48.130261407643346,-45.0157390711628
101,ksqexp,1,3,1.5,0.5,-45.23791177433634,-44.85617814767149
102,ksqexp,1,3,1.5,0.1,-45.97971011103273,-44.54540838025524
103,ksqexp,1,3,1.5,0.05,-46.09193388804277,-44.58498940879461
104,ksqexp,1,3,1.5,0.01,-46.1303084898808,-44.59901742746944
105,ksqexp,1,3,1.5,0,-46.131934526790054,-44.59961690227796
106,ksqexp,1,3.5,0.5,0.5,-45.41114132833249,-44.463433809551375
107,ksqexp,1,3.5,0.5,0.1,-59.200634571330724,-52.74346371281082
108,ksqexp,1,3.5,0.5,0.05,-60.77910626873931,-53.65792876327862
109,ksqexp,1,3.5,0.5,0.01,-61.33732464180031,-53.97932850374552
110,ksqexp,1,3.5,0.5,0,-61.36120399262317,-53.993054339782034
111,ksqexp,1,3.5,1,0.5,-44.654269429414526,-44.05068553843557
112,ksqexp,1,3.5,1,0.1,-47.63430233301435,-45.05237768615235
113,ksqexp,1,3.5,1,0.05,-47.935642898415665,-45.19586005637146
114,ksqexp,1,3.5,1,0.01,-48.038557588692946,-45.245190735142
115,ksqexp,1,3.5,1,0,-48.04291787938028,-45.247284122356554
116,ksqexp,1,3.5,1.5,0.5,-45.771570268317824,-45.52800509848612
117,ksqexp,1,3.5,1.5,0.1,-46.27951865868514,-45.093013727873895
118,ksqexp,1,3.5,1.5,0.05,-46.36407745916909,-45.11454556642491
119,ksqexp,1,3.5,1.5,0.01,-46.39292440930993,-45.122349014116146
120,ksqexp,1,3.5,1.5,0,-46.39414594167653,-45.12268414993776
121,ksqexp,1,4,0.5,0.5,-45.952110675281055,-45.13152377953255
122,ksqexp,1,4,0.5,0.1,-58.99003749048171,-52.956690800273925
123,ksqexp,1,4,0.5,0.05,-60.388790458572636,-53.74585413655161
124,ksqexp,1,4,0.5,0.01,-60.87928762487219,-54.02045066347705
125,ksqexp,1,4,0.5,0,-60.900221625690186,-54.03214606322837
126,ksqexp,1,4,1,0.5,-45.076359288808334,-44.59341358678958
127,ksqexp,1,4,1,0.1,-47.7413949577823,-45.43484788007312
128,ksqexp,1,4,1,0.05,-47.99908735747145,-45.55077717797171
129,ksqexp,1,4,1,0.01,-48.08670678132965,-45.59044749973148
130,ksqexp,1,4,1,0,-48.09041472811469,-45.592128865165186
131,ksqexp,1,4,1.5,0.5,-46.16731448976326,-46.04125084007656
132,ksqexp,1,4,1.5,0.1,-46.52011869100325,-45.552824441931726
133,ksqexp,1,4,1.5,0.05,-46.58727482545854,-45.56475766538335
134,ksqexp,1,4,1.5,0.01,-46.61016673182403,-45.56925193623787
135,ksqexp,1,4,1.5,0,-46.611135862303705,-45.56944656586985
136,ksqexp,1,6,0.5,0.5,-47.134540959209794,-46.56244077122508
137,ksqexp,1,6,0.5,0.1,-59.445259758103944,-54.329531843259836
138,ksqexp,1,6,0.5,0.05,-60.604591025532244,-54.986741114418386
139,ksqexp,1,6,0.5,0.01,-61.004824430533795,-55.21122914808496
140,ksqexp,1,6,0.5,0,-61.021833956695964,-55.22074297201632
141,ksqexp,1,6,1,0.5,-45.98045281706119,-45.732724489648255
142,ksqexp,1,6,1,0.1,-48.288925048340865,-46.54494053301797
143,ksqexp,1,6,1,0.05,-48.488145691627416,-46.633136195424484
144,ksqexp,1,6,1,0.01,-48.55527948164465,-46.66294219674682
145,ksqexp,1,6,1,0,-48.558113880788035,-46.664201438847606
146,ksqexp,1,6,1.5,0.5,-46.96747979653627,-47.06607169881849
147,ksqexp,1,6,1.5,0.1,-47.135011973976106,-46.5981460812929
148,ksqexp,1,6,1.5,0.05,-47.17870349265874,-46.60123180130346
149,ksqexp,1,6,1.5,0.01,-47.19356833248654,-46.60261573561083
150,ksqexp,1,6,1.5,0,-47.194197288871095,-46.60267769452007
151,ksqexp,1,8,0.5,0.5,-47.477642616729106,-46.97079518218574
152,ksqexp,1,8,0.5,0.1,-59.67769979598088,-54.86980150368559
153,ksqexp,1,8,0.5,0.05,-60.78105624865093,-55.508506397175076
154,ksqexp,1,8,0.5,0.01,-61.160173789975765,-55.725611798619695
155,ksqexp,1,8,0.5,0,-61.1762654670525,-55.73480068145889
156,ksqexp,1,8,1,0.5,-46.23965501959287,-46.053596371658394
157,ksqexp,1,8,1,0.1,-48.47656610320909,-46.90815107904257
158,ksqexp,1,8,1,0.05,-48.66195028184891,-46.99283492257927
159,ksqexp,1,8,1,0.01,-48.724238539207455,-47.021333464789045
160,ksqexp,1,8,1,0,-48.72686636109663,-47.02253616995129
161,ksqexp,1,8,1.5,0.5,-47.189266245382285,-47.34551449587667
162,ksqexp,1,8,1.5,0.1,-47.316178416401925,-46.90576646378775
163,ksqexp,1,8,1.5,0.05,-47.3542367625387,-46.907998215595974
164,ksqexp,1,8,1.5,0.01,-47.36717605060677,-46.90905692961309
165,ksqexp,1,8,1.5,0,-47.36772342583149,-46.909104766177926
166,ksqexp,1,10,0.5,0.5,-47.601562846463445,-47.115856117219025
167,ksqexp,1,10,0.5,0.1,-59.79984161175778,-55.0986921645737
168,ksqexp,1,10,0.5,0.05,-60.889314027820824,-55.73573362647946
169,ksqexp,1,10,0.5,0.01,-61.263143379629646,-55.95198010609796
170,ksqexp,1,10,0.5,0,-61.27900471282008,-55.96112930779846
171,ksqexp,1,10,1,0.5,-46.34028340908493,-46.17371920945296
172,ksqexp,1,10,1,0.1,-48.572266484315975,-47.06169659609508
173,ksqexp,1,10,1,0.05,-48.7544966357272,-47.146528667697936
174,ksqexp,1,10,1,0.01,-48.8156666289243,-47.175035062812945
175,ksqexp,1,10,1,0,-48.81824663698494,-47.17623764927257
176,ksqexp,1,10,1.5,0.5,-47.27943761900974,-47.45313313195093
177,ksqexp,1,10,1.5,0.1,-47.40532791731517,-47.03478270453228
178,ksqexp,1,10,1.5,0.05,-47.44224464552593,-47.03738005290119
179,ksqexp,1,10,1.5,0.01,-47.45478689475633,-47.0385450498971
180,ksqexp,1,10,1.5,0,-47.45531737842701,-47.038597196493214
181,ksqexp,1,25,0.5,0.5,-47.796831799917896,-47.32358666847521
182,ksqexp,1,25,0.5,0.1,-60.144963322625586,-55.4924029278276
183,ksqexp,1,25,0.5,0.05,-61.23873976878107,-56.13772816640098
184,ksqexp,1,25,0.5,0.01,-61.61380380453373,-56.356620697393446
185,ksqexp,1,25,0.5,0,-61.629714835914925,-56.365880014429905
186,ksqexp,1,25,1,0.5,-46.51743446017404,-46.36156818452384
187,ksqexp,1,25,1,0.1,-48.818821372725154,-47.333362482625716
188,ksqexp,1,25,1,0.05,-49.00326316713444,-47.421449112952004
189,ksqexp,1,25,1,0.01,-49.06512783219448,-47.451002130594595
190,ksqexp,1,25,1,0,-49.06773663218835,-47.452248375871704
191,ksqexp,1,25,1.5,0.5,-47.44735996774184,-47.629916635896514
192,ksqexp,1,25,1.5,0.1,-47.61906144226942,-47.26523672251018
193,ksqexp,1,25,1.5,0.05,-47.65749214267708,-47.26981394148457
194,ksqexp,1,25,1.5,0.01,-47.6705167730013,-47.271615875969246
195,ksqexp,1,25,1.5,0,-47.67106733099997,-47.27169459641485
196,ksqexp,1.25,0.2,0.5,0.5,-36.77085714131739,-35.48350877221613
197,ksqexp,1.25,0.2,0.5,0.1,-240.8659399307788,-224.64140035421212
198,ksqexp,1.25,0.2,0.5,0.05,-790.5407934873928,-704.4514948313928
199,ksqexp,1.25,0.2,0.5,0.01,-7812.752453130538,-7345.875392165465
200,ksqexp,1.25,0.2,0.5,0,-3833687.673232279,-3825925.3513996154
201,ksqexp,1.25,0.2,1,0.5,-34.67978824924316,-33.71598557435169
202,ksqexp,1.25,0.2,1,0.1,-213.5417180972645,-194.36266160122966
203,ksqexp,1.25,0.2,1,0.05,-664.6673883106793,-585.2275596453926
204,ksqexp,1.25,0.2,1,0.01,-6648.440561426207,-6377.1313364554835
205,ksqexp,1.25,0.2,1,0,-1916814.329831783,-1912933.8497130836
206,ksqexp,1.25,0.2,1.5,0.5,-33.723907982056,-33.03793698610983
207,ksqexp,1.25,0.2,1.5,0.1,-199.36322612469863,-178.82910430859485
208,ksqexp,1.25,0.2,1.5,0.05,-584.6103508121615,-515.3007928362733
209,ksqexp,1.25,0.2,1.5,0.01,-6082.922872497797,-5896.076734589508
210,ksqexp,1.25,0.2,1.5,0,-1277855.2551183682,-1275268.7385057774
211,ksqexp,1.25,0.5,0.5,0.5,-35.08295402662156,-33.66177824925373
212,ksqexp,1.25,0.5,0.5,0.1,-178.57152044730185,-155.9687787034372
213,ksqexp,1.25,0.5,0.5,0.05,-472.7023843065656,-425.1323288700106
214,ksqexp,1.25,0.5,0.5,0.01,-3812.0569851910645,-3817.9002295668124
215,ksqexp,1.25,0.5,0.5,0,-19003.596700067683,-19112.71630277001
216,ksqexp,1.25,0.5,1,0.5,-33.73370648079501,-32.584070329054036
217,ksqexp,1.25,0.5,1,0.1,-147.18198788220678,-130.19802322777684
218,ksqexp,1.25,0.5,1,0.05,-358.49822684322936,-330.14715394502537
219,ksqexp,1.25,0.5,1,0.01,-3003.1279719976096,-3026.5838962424614
220,ksqexp,1.25,0.5,1,0,-9485.156308822472,-9540.50493500024
221,ksqexp,1.25,0.5,1.5,0.5,-33.46406099046144,-32.52554095592388
222,ksqexp,1.25,0.5,1.5,0.1,-129.21105094863378,-115.69796677043425
223,ksqexp,1.25,0.5,1.5,0.05,-305.4923863605289,-285.93914913291354
224,ksqexp,1.25,0.5,1.5,0.01,-2546.5217430486273,-2569.1455892428066
225,ksqexp,1.25,0.5,1.5,0,-6315.133403879267,-6352.558371183972
226,ksqexp,1.25,1,0.5,0.5,-37.01089618759134,-35.272805880808995
227,ksqexp,1.25,1,0.5,0.1,-143.08650566684116,-126.48598228247907
228,ksqexp,1.25,1,0.5,0.05,-265.47661024294905,-246.004617809308
229,ksqexp,1.25,1,0.5,0.01,-465.9731453403245,-449.5556448423134
230,ksqexp,1.25,1,0.5,0,-486.11983243466346,-470.13842964557284
231,ksqexp,1.25,1,1,0.5,-36.715721409725205,-35.13408805646401
232,ksqexp,1.25,1,1,0.1,-102.99435356684681,-94.26338051242733
233,ksqexp,1.25,1,1,0.05,-166.35702223865613,-157.55973739119474
234,ksqexp,1.25,1,1,0.01,-235.85155885341962,-228.6523901711468
235,ksqexp,1.25,1,1,0,-240.90270296266578,-233.82934590071991
236,ksqexp,1.25,1,1.5,0.5,-37.18007598198654,-35.83923680922839
237,ksqexp,1.25,1,1.5,0.1,-84.86072935213195,-79.29285024805947
238,ksqexp,1.25,1,1.5,0.05,-124.7026734471351,-119.55314241540833
239,ksqexp,1.25,1,1.5,0.01,-159.74858080259085,-155.5814735164393
240,ksqexp,1.25,1,1.5,0,-161.95431654763527,-157.8503080609819
241,ksqexp,1.25,1.5,0.5,0.5,-39.921713120884085,-38.08466157640525
242,ksqexp,1.25,1.5,0.5,0.1,-119.66631823382862,-104.64043672675919
243,ksqexp,1.25,1.5,0.5,0.05,-159.13164568855785,-140.19457048345708
244,ksqexp,1.25,1.5,0.5,0.01,-184.70498994393267,-162.14781992974062
245,ksqexp,1.25,1.5,0.5,0,-186.13304613688635,-163.32671183073538
246,ksqexp,1.25,1.5,1,0.5,-39.85773186441764,-38.23344848306077
247,ksqexp,1.25,1.5,1,0.1,-78.18042175167594,-70.35541804534192
248,ksqexp,1.25,1.5,1,0.05,-91.28743740624142,-81.91779668277668
249,ksqexp,1.25,1.5,1,0.01,-98.03087335051862,-87.58403158865933
250,ksqexp,1.25,1.5,1,0,-98.36358540723795,-87.85675199772935
251,ksqexp,1.25,1.5,1.5,0.5,-40.461798317928476,-39.14897310713235
252,ksqexp,1.25,1.5,1.5,0.1,-62.614661173215744,-57.568657954436325
253,ksqexp,1.25,1.5,1.5,0.05,-68.8660119439394,-62.98028706614222
254,ksqexp,1.25,1.5,1.5,0.01,-71.76151554752559,-65.37990412686995
255,ksqexp,1.25,1.5,1.5,0,-71.8977552623672,-65.49075548537124
256,ksqexp,1.25,2,0.5,0.5,-42.31693640593857,-40.498370090711326
257,ksqexp,1.25,2,0.5,0.1,-108.31339129966928,-90.60663230764236
258,ksqexp,1.25,2,0.5,0.05,-131.46986062301346,-108.40758237139133
259,ksqexp,1.25,2,0.5,0.01,-142.77330502789866,-117.00392640454629
260,ksqexp,1.25,2,0.5,0,-143.30980174842273,-117.41048098599553
261,ksqexp,1.25,2,1,0.5,-42.19625324893333,-40.62223113071603
262,ksqexp,1.25,2,1,0.1,-71.6779684238138,-62.12150970916894
263,ksqexp,1.25,2,1,0.05,-78.5058579469855,-67.25585206957464
264,ksqexp,1.25,2,1,0.01,-81.30561490286927,-69.35239808575871
265,ksqexp,1.25,2,1,0,-81.43071669458857,-69.44596028171392
266,ksqexp,1.25,2,1.5,0.5,-42.87572118943424,-41.6399036954459
267,ksqexp,1.25,2,1.5,0.1,-59.29677758637627,-53.08006882396338
268,ksqexp,1.25,2,1.5,0.05,-62.36716910413549,-55.34394738284165
269,ksqexp,1.25,2,1.5,0.01,-63.54353667518071,-56.21053533800629
270,ksqexp,1.25,2,1.5,0,-63.59501177608028,-56.24844347987303
271,ksqexp,1.25,2.5,0.5,0.5,-43.8165897987562,-42.07585010121158
272,ksqexp,1.25,2.5,0.5,0.1,-102.26173070582188,-81.74683702815229
273,ksqexp,1.25,2.5,0.5,0.05,-120.6889858991868,-93.63062729626253
274,ksqexp,1.25,2.5,0.5,0.01,-129.07904044166284,-98.93524039474411
275,ksqexp,1.25,2.5,0.5,0,-129.46644527717882,-99.17873088667616
276,ksqexp,1.25,2.5,1,0.5,-43.60666064624859,-42.1206803210741
277,ksqexp,1.25,2.5,1,0.1,-69.6414208356112,-58.476816504807864
278,ksqexp,1.25,2.5,1,0.05,-74.98888238710073,-61.806691399894255
279,ksqexp,1.25,2.5,1,0.01,-77.08059801608668,-63.09817272008637
280,ksqexp,1.25,2.5,1,0,-77.1726479491868,-63.1548698736462
281,ksqexp,1.25,2.5,1.5,0.5,-44.41096412635092,-43.2770496857115
282,ksqexp,1.25,2.5,1.5,0.1,-59.17892745174033,-51.911567472018845
283,ksqexp,1.25,2.5,1.5,0.05,-61.598995266794006,-53.37532155666252
284,ksqexp,1.25,2.5,1.5,0.01,-62.49332483774373,-53.91426752080779
285,ksqexp,1.25,2.5,1.5,0,-62.532038939478944,-53.93757296908962
286,ksqexp,1.25,3,0.5,0.5,-44.62685114890321,-43.01327030327947
287,ksqexp,1.25,3,0.5,0.1,-95.80790491920467,-74.5850519894051
288,ksqexp,1.25,3,0.5,0.05,-110.40660975776646,-82.93507634796853
289,ksqexp,1.25,3,0.5,0.01,-116.75060128784604,-86.49175717713742
290,ksqexp,1.25,3,0.5,0,-117.03895136668106,-86.65249525696971
291,ksqexp,1.25,3,1,0.5,-44.33574636680242,-42.980854219542195
292,ksqexp,1.25,3,1,0.1,-66.72818399428577,-55.45473246802458
293,ksqexp,1.25,3,1,0.05,-70.86750135008532,-57.73231650790922
294,ksqexp,1.25,3,1,0.01,-72.44042397868535,-58.59089884668081
295,ksqexp,1.25,3,1,0,-72.50905487897704,-58.62827837247842
296,ksqexp,1.25,3,1.5,0.5,-45.259210262182926,-44.271568101000426
297,ksqexp,1.25,3,1.5,0.1,-57.89686650544247,-50.71554746545446
298,ksqexp,1.25,3,1.5,0.05,-59.755235811023994,-51.70524453605218
299,ksqexp,1.25,3,1.5,0.01,-60.42748572621351,-52.062183565818565
300,ksqexp,1.25,3,1.5,0,-60.45641281614929,-52.07752951086701
301,ksqexp,1.25,3.5,0.5,0.5,-45.13059277968894,-43.679671832778105
302,ksqexp,1.25,3.5,0.5,0.1,-89.37544491590883,-69.16860849457494
303,ksqexp,1.25,3.5,0.5,0.05,-100.71595328673344,-75.1719750259828
304,ksqexp,1.25,3.5,0.5,0.01,-105.46775374434968,-77.64168507398362
305,ksqexp,1.25,3.5,0.5,0,-105.6812719370053,-77.75209263752025
306,ksqexp,1.25,3.5,1,0.5,-44.73980736851794,-43.55431909954504
307,ksqexp,1.25,3.5,1,0.1,-63.39144113303229,-53.03813548806211
308,ksqexp,1.25,3.5,1,0.05,-66.51810309038184,-54.62412612040964
309,ksqexp,1.25,3.5,1,0.01,-67.68150128321193,-55.210382486716334
310,ksqexp,1.25,3.5,1,0,-67.73196088687138,-55.23576402374161
311,ksqexp,1.25,3.5,1.5,0.5,-45.72218616540784,-44.92298785064185
312,ksqexp,1.25,3.5,1.5,0.1,-55.97791241276899,-49.596217984038674
313,ksqexp,1.25,3.5,1.5,0.05,-57.35932615498007,-50.27067119280003
314,ksqexp,1.25,3.5,1.5,0.01,-57.85174369931342,-50.51069621041598
315,ksqexp,1.25,3.5,1.5,0,-57.87284730331964,-50.52097791909323
316,ksqexp,1.25,4,0.5,0.5,-45.53789642891986,-44.26595192491376
317,ksqexp,1.25,4,0.5,0.1,-84.13713746475503,-65.56349467316936
318,ksqexp,1.25,4,0.5,0.05,-93.09628164743698,-70.06485179969862
319,ksqexp,1.25,4,0.5,0.01,-96.74851116517975,-71.86808664333553
320,ksqexp,1.25,4,0.5,0,-96.91126016342803,-71.94805698552095
321,ksqexp,1.25,4,1,0.5,-45.01789871758294,-44.019929502356774
322,ksqexp,1.25,4,1,0.1,-60.56367127941188,-51.39748958675517
323,ksqexp,1.25,4,1,0.05,-62.96613670251784,-52.5466312504066
324,ksqexp,1.25,4,1,0.01,-63.84669892846111,-52.965483143411554
325,ksqexp,1.25,4,1,0,-63.884730926076365,-52.98354604924847
326,ksqexp,1.25,4,1.5,0.5,-46.001788882521346,-45.406400421979306
327,ksqexp,1.25,4,1.5,0.1,-54.24203631467387,-48.80282062267202
328,ksqexp,1.25,4,1.5,0.05,-55.28336452225505,-49.27792818744651
329,ksqexp,1.25,4,1.5,0.01,-55.65083864939826,-49.44553664343875
330,ksqexp,1.25,4,1.5,0,-55.66654461351012,-49.45269917047083
331,ksqexp,1.25,6,0.5,0.5,-46.76039910457546,-46.04289762088508
332,ksqexp,1.25,6,0.5,0.1,-74.26661394550408,-60.890591251069175
333,ksqexp,1.25,6,0.5,0.05,-79.07857522190552,-63.14127718552248
334,ksqexp,1.25,6,0.5,0.01,-80.9233060125577,-63.988014822260375
335,ksqexp,1.25,6,0.5,0,-81.0040527598358,-64.0248914494263
336,ksqexp,1.25,6,1,0.5,-45.7585915808173,-45.3390383387719
337,ksqexp,1.25,6,1,0.1,-55.13561502634667,-49.33018597377499
338,ksqexp,1.25,6,1,0.05,-56.31272355787755,-49.83735487562009
339,ksqexp,1.25,6,1,0.01,-56.730671046202005,-50.0165713532924
340,ksqexp,1.25,6,1,0,-56.74856640015752,-50.024234984215575
341,ksqexp,1.25,6,1.5,0.5,-46.59049088911055,-46.59703243027036
342,ksqexp,1.25,6,1.5,0.1,-50.81325411426553,-47.89795582721118
343,ksqexp,1.25,6,1.5,0.05,-51.28416524977929,-48.08155165638156
344,ksqexp,1.25,6,1.5,0.01,-51.447132182334435,-48.145294127310756
345,ksqexp,1.25,6,1.5,0,-51.454061046908855,-48.14800626250827
346,ksqexp,1.25,8,0.5,0.5,-47.25011764557606,-46.73822807128451
347,ksqexp,1.25,8,0.5,0.1,-71.13551651883544,-60.05635786685226
348,ksqexp,1.25,8,0.5,0.05,-74.73437185040156,-61.758961912361876
349,ksqexp,1.25,8,0.5,0.01,-76.07627700531086,-62.38096629152922
350,ksqexp,1.25,8,0.5,0,-76.13455476109259,-62.40783142893419
351,ksqexp,1.25,8,1,0.5,-46.04769340527246,-45.85295840953231
352,ksqexp,1.25,8,1,0.1,-53.40626881439743,-48.99429101574169
353,ksqexp,1.25,8,1,0.05,-54.234735219357404,-49.34819713237486
354,ksqexp,1.25,8,1,0.01,-54.5247948510336,-49.47141122753252
355,ksqexp,1.25,8,1,0,-54.53716772494416,-49.476659162749115
356,ksqexp,1.25,8,1.5,0.5,-46.793814055867955,-47.03554508371232
357,ksqexp,1.25,8,1.5,0.1,-49.70747884627167,-47.801200112932186
358,ksqexp,1.25,8,1.5,0.05,-50.01766874402943,-47.91573471437063
359,ksqexp,1.25,8,1.5,0.01,-50.12417651939065,-47.955246905565424
360,ksqexp,1.25,8,1.5,0,-50.1286954795643,-47.956925174061915
361,ksqexp,1.25,10,0.5,0.5,-47.42916537507989,-46.991730359250205
362,ksqexp,1.25,10,0.5,0.1,-69.88049283062391,-59.78934664554213
363,ksqexp,1.25,10,0.5,0.05,-73.02980459110178,-61.30480846690216
364,ksqexp,1.25,10,0.5,0.01,-74.18921900180602,-61.85109025001937
365,ksqexp,1.25,10,0.5,0,-74.23939150805623,-61.87459580439508
366,ksqexp,1.25,10,1,0.5,-46.15395323435375,-46.04373596054408
367,ksqexp,1.25,10,1,0.1,-52.72331267776255,-48.89340644772028
368,ksqexp,1.25,10,1,0.05,-53.42403218484654,-49.19541670538069
369,ksqexp,1.25,10,1,0.01,-53.66776166157482,-49.299807070011326
370,ksqexp,1.25,10,1,0,-53.67814009040965,-49.30424470750012
371,ksqexp,1.25,10,1.5,0.5,-46.86796424509182,-47.19892484709025
372,ksqexp,1.25,10,1.5,0.1,-49.27385511875905,-47.78084555488112
373,ksqexp,1.25,10,1.5,0.05,-49.52535012366206,-47.872076091725695
374,ksqexp,1.25,10,1.5,0.01,-49.611398890831524,-47.90345282791883
375,ksqexp,1.25,10,1.5,0,-49.615046384539546,-47.9047844419135
376,ksqexp,1.25,25,0.5,0.5,-47.72298087864179,-47.34243677514748
377,ksqexp,1.25,25,0.5,0.1,-69.62482357614782,-60.107738309716915
378,ksqexp,1.25,25,0.5,0.05,-72.56593284809618,-61.54728212230935
379,ksqexp,1.25,25,0.5,0.01,-73.64105691911328,-62.062251225353066
380,ksqexp,1.25,25,0.5,0,-73.68749000303504,-62.08436197580552
381,ksqexp,1.25,25,1,0.5,-46.420157368095786,-46.36789671476583
382,ksqexp,1.25,25,1,0.1,-52.700073919702525,-49.196294750273076
383,ksqexp,1.25,25,1,0.05,-53.343996853384084,-49.479302907728695
384,ksqexp,1.25,25,1,0.01,-53.56707876021875,-49.57664371259453
385,ksqexp,1.25,25,1,0,-53.576567953818476,-49.580776289751675
386,ksqexp,1.25,25,1.5,0.5,-47.125890841917546,-47.512886426116175
387,ksqexp,1.25,25,1.5,0.1,-49.35663674616517,-48.08999270808309
388,ksqexp,1.25,25,1.5,0.05,-49.583046803268346,-48.17368432551455
389,ksqexp,1.25,25,1.5,0.01,-49.660311125488064,-48.20235559019789
390,ksqexp,1.25,25,1.5,0,-49.66358403742944,-48.20357116111383
391,ksqexp,1.5,0.2,0.5,0.5,-38.18630983711963,-36.635669242784864
392,ksqexp,1.5,0.2,0.5,0.1,-279.6185943521489,-262.21226317124916
393,ksqexp,1.5,0.2,0.5,0.05,-961.9644255282411,-857.3700519506209
394,ksqexp,1.5,0.2,0.5,0.01,-11000.044635048043,-10056.339553897324
395,ksqexp,1.5,0.2,0.5,0,-11854362.640227363,-11785370.303524002
396,ksqexp,1.5,0.2,1,0.5,-36.46729074148019,-35.04993693902398
397,ksqexp,1.5,0.2,1,0.1,-249.43341613206323,-228.04246916678593
398,ksqexp,1.5,0.2,1,0.05,-871.4983808902647,-762.1642690979387
399,ksqexp,1.5,0.2,1,0.01,-8855.831733038289,-8314.47599288438
400,ksqexp,1.5,0.2,1,0,-5927220.966892829,-5892724.918220194
401,ksqexp,1.5,0.2,1.5,0.5,-35.332344088263554,-34.17819136596905
402,ksqexp,1.5,0.2,1.5,0.1,-236.06820211217084,-212.10376420270765
403,ksqexp,1.5,0.2,1.5,0.05,-811.3800537365859,-705.8808879789729
404,ksqexp,1.5,0.2,1.5,0.01,-7984.902909555777,-7593.883189250801
405,ksqexp,1.5,0.2,1.5,0,-3951471.0764044793,-3928474.2283760486
406,ksqexp,1.5,0.5,0.5,0.5,-36.12949995401432,-34.4131546275811
407,ksqexp,1.5,0.5,0.5,0.1,-225.9835334582647,-193.85679541681844
408,ksqexp,1.5,0.5,0.5,0.05,-679.2119901905951,-593.7346556662102
409,ksqexp,1.5,0.5,0.5,0.01,-5926.27393974608,-5780.1531470521795
410,ksqexp,1.5,0.5,0.5,0,-70366.57094652616,-70918.97314049072
411,ksqexp,1.5,0.5,1,0.5,-35.11632134369723,-33.59696576452406
412,ksqexp,1.5,0.5,1,0.1,-194.79173993902836,-167.6087610815528
413,ksqexp,1.5,0.5,1,0.05,-541.3294712391893,-482.40448801747885
414,ksqexp,1.5,0.5,1,0.01,-4741.53777644898,-4732.579741576321
415,ksqexp,1.5,0.5,1,0,-35158.295341878664,-35435.664978827794
416,ksqexp,1.5,0.5,1.5,0.5,-34.63732077736589,-33.35330909943081
417,ksqexp,1.5,0.5,1.5,0.1,-176.9906630006325,-153.6396167681907
418,ksqexp,1.5,0.5,1.5,0.05,-468.519926552522,-422.7662950762416
419,ksqexp,1.5,0.5,1.5,0.01,-4176.543248894467,-4206.5446731319325
420,ksqexp,1.5,0.5,1.5,0,-23424.99284893613,-23610.68497288886
421,ksqexp,1.5,1,0.5,0.5,-37.269790463964256,-35.31182505628927
422,ksqexp,1.5,1,0.5,0.1,-213.37699860360638,-176.63026900157024
423,ksqexp,1.5,1,0.5,0.05,-474.0342084528469,-417.5643767959839
424,ksqexp,1.5,1,0.5,0.01,-1448.2116729236125,-1343.130580510738
425,ksqexp,1.5,1,0.5,0,-1661.3810858426286,-1546.6713244477544
426,ksqexp,1.5,1,1,0.5,-37.27737987083279,-35.27961930194569
427,ksqexp,1.5,1,1,0.1,-161.16162799875107,-138.41602777554408
428,ksqexp,1.5,1,1,0.05,-335.51108287662606,-303.0070784994497
429,ksqexp,1.5,1,1,0.01,-763.7808570396089,-710.4972319644658
430,ksqexp,1.5,1,1,0,-821.5235330963834,-765.633641145538
431,ksqexp,1.5,1,1.5,0.5,-37.66727886154427,-35.78519015094213
432,ksqexp,1.5,1,1.5,0.1,-136.1431166233169,-119.76358537900353
433,ksqexp,1.5,1,1.5,0.05,-269.1783040967861,-245.8176171392443
434,ksqexp,1.5,1,1.5,0.01,-518.0772976854798,-482.967861640711
435,ksqexp,1.5,1,1.5,0,-544.3616719913513,-508.0784032031829
436,ksqexp,1.5,1.5,0.5,0.5,-39.59543365305237,-37.46908114553762
437,ksqexp,1.5,1.5,0.5,0.1,-203.11615876228453,-166.6059603589997
438,ksqexp,1.5,1.5,0.5,0.05,-366.97206180706723,-305.4662651320074
439,ksqexp,1.5,1.5,0.5,0.01,-588.379019724431,-480.3097379382714
440,ksqexp,1.5,1.5,0.5,0,-609.9477249579347,-495.7794477658008
441,ksqexp,1.5,1.5,1,0.5,-39.999007027169455,-37.8524794584521
442,ksqexp,1.5,1.5,1,0.1,-144.41640174703974,-121.19690070380132
443,ksqexp,1.5,1.5,1,0.05,-223.42418675878832,-186.99824617937472
444,ksqexp,1.5,1.5,1,0.01,-298.58619380110144,-244.52901952641645
445,ksqexp,1.5,1.5,1,0,-304.0613335848371,-248.42727668095293
446,ksqexp,1.5,1.5,1.5,0.5,-40.67280084658137,-38.70008549565976
447,ksqexp,1.5,1.5,1.5,0.1,-116.68366363336841,-99.43036313202008
448,ksqexp,1.5,1.5,1.5,0.05,-164.53502629764532,-138.5521750442712
449,ksqexp,1.5,1.5,1.5,0.01,-202.47286808622425,-167.0533675046608
450,ksqexp,1.5,1.5,1.5,0,-204.88985986776743,-168.76720973417483
451,ksqexp,1.5,2,0.5,0.5,-41.72970716741132,-39.60747265069873
452,ksqexp,1.5,2,0.5,0.1,-191.20850152339688,-149.55749710083455
453,ksqexp,1.5,2,0.5,0.05,-310.48749889997436,-236.5767911145511
454,ksqexp,1.5,2,0.5,0.01,-406.96354575492376,-307.4563970347928
455,ksqexp,1.5,2,0.5,0,-412.63475154905234,-311.6743517399351
456,ksqexp,1.5,2,1,0.5,-42.080692095174676,-40.00609833980673
457,ksqexp,1.5,2,1,0.1,-133.30188063018642,-105.26365417743622
458,ksqexp,1.5,2,1,0.05,-181.57657344432246,-140.25307181131816
459,ksqexp,1.5,2,1,0.01,-209.33411683666273,-160.67421427354756
460,ksqexp,1.5,2,1,0,-210.73250369752424,-161.71220740486646
461,ksqexp,1.5,2,1.5,0.5,-42.81435081744663,-40.959624579954436
462,ksqexp,1.5,2,1.5,0.1,-106.82863409144277,-85.85510287171492
463,ksqexp,1.5,2,1.5,0.05,-132.79608469996217,-104.64026952696503
464,ksqexp,1.5,2,1.5,0.01,-145.6130937833471,-114.06425815024035
465,ksqexp,1.5,2,1.5,0,-146.22241117388086,-114.51548272170453
466,ksqexp,1.5,2.5,0.5,0.5,-43.30951157256069,-41.25939277544524
467,ksqexp,1.5,2.5,0.5,0.1,-179.14009259079285,-132.58186038854038
468,ksqexp,1.5,2.5,0.5,0.05,-275.870034338503,-193.13465197993102
469,ksqexp,1.5,2.5,0.5,0.01,-343.2193139255947,-234.16290805279908
470,ksqexp,1.5,2.5,0.5,0,-346.867333200485,-236.36622593483094
471,ksqexp,1.5,2.5,1,0.5,-43.516117863962336,-41.55638484470944
472,ksqexp,1.5,2.5,1,0.1,-124.90346906991863,-93.37779729083117
473,ksqexp,1.5,2.5,1,0.05,-161.69417240869151,-115.86803494987201
474,ksqexp,1.5,2.5,1,0.01,-180.53044567651477,-127.22553411769199
475,ksqexp,1.5,2.5,1,0,-181.43406833678847,-127.7681583408837
476,ksqexp,1.5,2.5,1.5,0.5,-44.31066960193567,-42.59788098620695
477,ksqexp,1.5,2.5,1.5,0.1,-100.85149752981171,-77.3701713562351
478,ksqexp,1.5,2.5,1.5,0.05,-120.05229862278877,-88.95716810451442
479,ksqexp,1.5,2.5,1.5,0.01,-128.68403067018164,-94.12288239289057
480,ksqexp,1.5,2.5,1.5,0,-129.0803034781366,-94.35945924045174
481,ksqexp,1.5,3,0.5,0.5,-44.28115811509216,-42.33550006200746
482,ksqexp,1.5,3,0.5,0.1,-166.69305407347244,-117.40149344743135
483,ksqexp,1.5,3,0.5,0.05,-246.7629967705022,-161.1091125968151
484,ksqexp,1.5,3,0.5,0.01,-298.0321657903767,-187.9272689206315
485,ksqexp,1.5,3,0.5,0,-300.7084332266601,-189.30793488261094
486,ksqexp,1.5,3,1,0.5,-44.344883974772145,-42.51949687051318
487,ksqexp,1.5,3,1,0.1,-116.57298256163038,-83.67251846025383
488,ksqexp,1.5,3,1,0.05,-145.87154370420765,-99.1466591734508
489,ksqexp,1.5,3,1,0.01,-160.00267285531146,-106.43954135776767
490,ksqexp,1.5,3,1,0,-160.66646772895479,-106.7797652144429
491,ksqexp,1.5,3,1.5,0.5,-45.21949661811285,-43.66953474884813
492,ksqexp,1.5,3,1.5,0.1,-95.01481507880999,-70.8150483116248
493,ksqexp,1.5,3,1.5,0.05,-110.03660022938634,-78.61462055701489
494,ksqexp,1.5,3,1.5,0.01,-116.48478669388967,-81.91249937393923
495,ksqexp,1.5,3,1.5,0,-116.77646932675678,-82.06103209022079
496,ksqexp,1.5,3.5,0.5,0.5,-44.83960797508596,-43.02390325917784
497,ksqexp,1.5,3.5,0.5,0.1,-153.5388864035996,-104.60529651217875
498,ksqexp,1.5,3.5,0.5,0.05,-217.69389975863976,-136.44379377306694
499,ksqexp,1.5,3.5,0.5,0.01,-255.73962000386027,-154.5717443470022
500,ksqexp,1.5,3.5,0.5,0,-257.66524934344784,-155.4779372683748
501,ksqexp,1.5,3.5,1,0.5,-44.782672324936975,-43.112234629997836
502,ksqexp,1.5,3.5,1,0.1,-107.25207948255354,-75.65545362373744
503,ksqexp,1.5,3.5,1,0.05,-129.79152650016943,-86.4801928340242
504,ksqexp,1.5,3.5,1,0.01,-140.11663424652403,-91.33527746172717
505,ksqexp,1.5,3.5,1,0,-140.59341378739373,-91.55812088727019
506,ksqexp,1.5,3.5,1.5,0.5,-45.73127662183363,-44.36880943416665
507,ksqexp,1.5,3.5,1.5,0.1,-88.13491314840279,-65.41133574341181
508,ksqexp,1.5,3.5,1.5,0.05,-99.47006240308518,-70.76408799365629
509,ksqexp,1.5,3.5,1.5,0.01,-104.15088863097665,-72.9450453461024
510,ksqexp,1.5,3.5,1.5,0,-104.36012536659875,-73.04217219261082
511,ksqexp,1.5,4,0.5,0.5,-45.21396411268233,-43.55090489540681
512,ksqexp,1.5,4,0.5,0.1,-140.93874901374622,-94.61853433732522
513,ksqexp,1.5,4,0.5,0.05,-191.57994460903092,-118.17464006210987
514,ksqexp,1.5,4,0.5,0.01,-219.74884596004566,-130.80108260325417
515,ksqexp,1.5,4,0.5,0,-221.1407550130871,-131.41819377969858
516,ksqexp,1.5,4,1,0.5,-45.040159744141484,-43.5454234726339
517,ksqexp,1.5,4,1,0.1,-98.21976534441457,-69.43265051926082
518,ksqexp,1.5,4,1,0.05,-115.36102429288955,-77.15543719569789
519,ksqexp,1.5,4,1,0.01,-122.8985273642675,-80.48896452320746
520,ksqexp,1.5,4,1,0,-123.24208333116631,-80.64011721138583
521,ksqexp,1.5,4,1.5,0.5,-46.02493514247057,-44.87178615621265
522,ksqexp,1.5,4,1.5,0.1,-81.38831069773236,-61.20226734137678
523,ksqexp,1.5,4,1.5,0.05,-89.85602938160059,-64.95305748811845
524,ksqexp,1.5,4,1.5,0.01,-93.2495048095226,-66.43911686148115
525,ksqexp,1.5,4,1.5,0,-93.39984953568731,-66.50474845465259
526,ksqexp,1.5,6,0.5,0.5,-46.41204372890181,-45.39767521941304
527,ksqexp,1.5,6,0.5,0.1,-109.86287360745652,-76.17973296313187
528,ksqexp,1.5,6,0.5,0.05,-133.28995817499302,-85.85611235043018
529,ksqexp,1.5,6,0.5,0.01,-144.47845624428905,-90.34011972988313
530,ksqexp,1.5,6,0.5,0,-145.00302183712273,-90.54858895240305
531,ksqexp,1.5,6,1,0.5,-45.70940575133669,-44.915800819767306
532,ksqexp,1.5,6,1,0.1,-76.46578534077295,-57.983746354499154
533,ksqexp,1.5,6,1,0.05,-83.61462357937054,-60.828233135025734
534,ksqexp,1.5,6,1,0.01,-86.48404822772285,-61.95505169329399
535,ksqexp,1.5,6,1,0,-86.61127396452585,-62.00483501721317
536,ksqexp,1.5,6,1.5,0.5,-46.55357949344382,-46.177805424862584
537,ksqexp,1.5,6,1.5,0.1,-65.27766077013207,-53.47562901605919
538,ksqexp,1.5,6,1.5,0.05,-68.62542872583589,-54.77491156624709
539,ksqexp,1.5,6,1.5,0.01,-69.88330822091105,-55.2598547293795
540,ksqexp,1.5,6,1.5,0,-69.93801477313319,-55.28090713865052
541,ksqexp,1.5,8,0.5,0.5,-47.15411352295655,-46.50240042274202
542,ksqexp,1.5,8,0.5,0.1,-97.72643516537406,-71.28941779387202
543,ksqexp,1.5,8,0.5,0.05,-112.48222090097642,-77.26768938986568
544,ksqexp,1.5,8,0.5,0.01,-119.02703993538063,-79.84042503706902
545,ksqexp,1.5,8,0.5,0,-119.32679382547572,-79.95729267137834
546,ksqexp,1.5,8,1,0.5,-46.119784112434914,-45.71739784855858
547,ksqexp,1.5,8,1,0.1,-68.26312799451262,-54.92340441077517
548,ksqexp,1.5,8,1,0.05,-72.48700421984734,-56.55454002994192
549,ksqexp,1.5,8,1,0.01,-74.11381989973853,-57.17514838319511
550,ksqexp,1.5,8,1,0,-74.18510000932423,-57.20225255245684
551,ksqexp,1.5,8,1.5,0.5,-46.80236568225223,-46.848345165395
552,ksqexp,1.5,8,1.5,0.1,-59.300336486135656,-51.43164157472727
553,ksqexp,1.5,8,1.5,0.05,-61.203166841134,-52.13945417341119
554,ksqexp,1.5,8,1.5,0.01,-61.898516166001194,-52.39680462187998
555,ksqexp,1.5,8,1.5,0,-61.92852550366675,-52.40789594608734
556,ksqexp,1.5,10,0.5,0.5,-47.4601041331492,-46.94312101658237
557,ksqexp,1.5,10,0.5,0.1,-92.08442662654261,-69.32566926940815
558,ksqexp,1.5,10,0.5,0.05,-103.30859543865552,-73.90797405576737
559,ksqexp,1.5,10,0.5,0.01,-108.08464286970076,-75.79597364977238
560,ksqexp,1.5,10,0.5,0,-108.30063966355588,-75.88060791899525
561,ksqexp,1.5,10,1,0.5,-46.28948132068259,-46.04538713924391
562,ksqexp,1.5,10,1,0.1,-64.55860548796038,-53.707496282659804
563,ksqexp,1.5,10,1,0.05,-67.6350785936197,-54.89370727221989
564,ksqexp,1.5,10,1,0.01,-68.79354709948369,-55.33454767301854
565,ksqexp,1.5,10,1,0,-68.84398661209089,-55.35367464979674
566,ksqexp,1.5,10,1.5,0.5,-46.89461483874974,-47.1212878661468
567,ksqexp,1.5,10,1.5,0.1,-56.633091919304704,-50.624111118610806
568,ksqexp,1.5,10,1.5,0.05,-57.97754130787209,-51.11764956309942
569,ksqexp,1.5,10,1.5,0.01,-58.46161825537625,-51.294432210901086
570,ksqexp,1.5,10,1.5,0,-58.482425694756536,-51.3020203267047
571,ksqexp,1.5,25,0.5,0.5,-47.87578448151692,-47.47736083551134
572,ksqexp,1.5,25,0.5,0.1,-88.03714464854562,-68.35169184240833
573,ksqexp,1.5,25,0.5,0.05,-96.7804943312598,-71.99595745758384
574,ksqexp,1.5,25,0.5,0.01,-100.361900038131,-73.43649487899268
575,ksqexp,1.5,25,0.5,0,-100.52203137703357,-73.50026537452922
576,ksqexp,1.5,25,1,0.5,-46.63797702000573,-46.52898481694579
577,ksqexp,1.5,25,1,0.1,-62.08754099199571,-53.231361059054436
578,ksqexp,1.5,25,1,0.05,-64.37822735196471,-54.12613147928512
579,ksqexp,1.5,25,1,0.01,-65.2229337286931,-54.450959583856076
580,ksqexp,1.5,25,1,0,-65.25950002210251,-54.46496190944891
581,ksqexp,1.5,25,1.5,0.5,-47.206318001535884,-47.5826171617105
582,ksqexp,1.5,25,1.5,0.1,-54.97194560516161,-50.424618825426656
583,ksqexp,1.5,25,1.5,0.05,-55.93818382014349,-50.779886414717964
584,ksqexp,1.5,25,1.5,0.01,-56.28128670901176,-50.90516281180557
585,ksqexp,1.5,25,1.5,0,-56.29597967034232,-50.91051752108665
586,ksqexp,1.75,0.2,0.5,0.5,-39.00967227379063,-37.408677652879355
587,ksqexp,1.75,0.2,0.5,0.1,-332.207656819364,-314.86094448459914
588,ksqexp,1.75,0.2,0.5,0.05,-1095.559682456925,-997.2436763677181
589,ksqexp,1.75,0.2,0.5,0.01,-16613.67395953438,-14601.284743880287
590,ksqexp,1.75,0.2,0.5,0,-32727899.388938542,-32075310.806537148
591,ksqexp,1.75,0.2,1,0.5,-38.054627156157004,-36.29711387194788
592,ksqexp,1.75,0.2,1,0.1,-286.12706152190736,-268.9031674246845
593,ksqexp,1.75,0.2,1,0.05,-1011.1041845856073,-889.1039890754757
594,ksqexp,1.75,0.2,1,0.01,-13263.230581414226,-11878.762368157437
595,ksqexp,1.75,0.2,1,0,-16364547.439459538,-16038229.979803368
596,ksqexp,1.75,0.2,1.5,0.5,-37.350807758876684,-35.66743452629821
597,ksqexp,1.75,0.2,1.5,0.1,-268.08418121863775,-247.34257883964867
598,ksqexp,1.75,0.2,1.5,0.05,-965.5632678098007,-838.4258394563662
599,ksqexp,1.75,0.2,1.5,0.01,-11551.876912875343,-10503.085151769537
600,ksqexp,1.75,0.2,1.5,0,-10909808.835573161,-10692259.362091046
601,ksqexp,1.75,0.5,0.5,0.5,-36.616377332758084,-34.76209905005799
602,ksqexp,1.75,0.5,0.5,0.1,-296.75124202188454,-256.17528607785283
603,ksqexp,1.75,0.5,0.5,0.05,-896.760702975058,-760.7176361605011
604,ksqexp,1.75,0.5,0.5,0.01,-8907.583510401882,-8173.412658782013
605,ksqexp,1.75,0.5,0.5,0,-225145.98274176964,-228326.54900926384
606,ksqexp,1.75,0.5,1,0.5,-36.316273818816896,-34.478581469973406
607,ksqexp,1.75,0.5,1,0.1,-251.003047527146,-213.1505886429971
608,ksqexp,1.75,0.5,1,0.05,-743.7200397738272,-637.5159974290841
609,ksqexp,1.75,0.5,1,0.01,-7352.526320315254,-6898.435770296001
610,ksqexp,1.75,0.5,1,0,-112539.52817864985,-114131.42820041846
611,ksqexp,1.75,0.5,1.5,0.5,-36.22268314857636,-34.53958406212938
612,ksqexp,1.75,0.5,1.5,0.1,-229.0725125475771,-193.70014633034046
613,ksqexp,1.75,0.5,1.5,0.05,-655.2486138980346,-567.5545510536336
614,ksqexp,1.75,0.5,1.5,0.01,-6530.230029827613,-6222.771229900397
615,ksqexp,1.75,0.5,1.5,0,-75006.82175832223,-76069.16634227918
616,ksqexp,1.75,1,0.5,0.5,-37.33760398420757,-35.386345989120734
617,ksqexp,1.75,1,0.5,0.1,-314.0962754336356,-243.83880891761567
618,ksqexp,1.75,1,0.5,0.05,-764.9282991582079,-616.5045136608164
619,ksqexp,1.75,1,0.5,0.01,-3786.3703303729653,-3312.170672496275
620,ksqexp,1.75,1,0.5,0,-5570.469116187875,-4821.593949702198
621,ksqexp,1.75,1,1,0.5,-37.825523069632844,-35.70535306084045
622,ksqexp,1.75,1,1,0.1,-249.3958296488069,-195.74843246504003
623,ksqexp,1.75,1,1,0.05,-560.9769501453,-469.3038217894016
624,ksqexp,1.75,1,1,0.01,-2209.620152647297,-1929.065111255078
625,ksqexp,1.75,1,1,0,-2768.915241953419,-2396.560693509827
626,ksqexp,1.75,1,1.5,0.5,-38.446362586797406,-36.30293795323964
627,ksqexp,1.75,1,1.5,0.1,-212.76997073768356,-169.97553541424014
628,ksqexp,1.75,1,1.5,0.05,-468.72342365233,-399.9640390067202
629,ksqexp,1.75,1,1.5,0.01,-1563.8481592775017,-1363.7433790500083
630,ksqexp,1.75,1,1.5,0,-1837.854603629607,-1591.006928603626
631,ksqexp,1.75,1.5,0.5,0.5,-39.17906809198795,-37.02818006609037
632,ksqexp,1.75,1.5,0.5,0.1,-306.7830664384664,-235.4248497247915
633,ksqexp,1.75,1.5,0.5,0.05,-718.5252300429306,-557.5948574832321
634,ksqexp,1.75,1.5,0.5,0.01,-1894.0637470416389,-1466.363568194855
635,ksqexp,1.75,1.5,0.5,0,-2144.23041215572,-1639.3764158028946
636,ksqexp,1.75,1.5,1,0.5,-40.012715110030236,-37.67107443529963
637,ksqexp,1.75,1.5,1,0.1,-240.76578987438342,-186.41371299162938
638,ksqexp,1.75,1.5,1,0.05,-502.2961563004531,-392.9829872878755
639,ksqexp,1.75,1.5,1,0.01,-994.7679951431935,-766.7550979858792
640,ksqexp,1.75,1.5,1,0,-1064.6250452223965,-814.2913218789301
641,ksqexp,1.75,1.5,1.5,0.5,-40.90791923497409,-38.569875545348125
642,ksqexp,1.75,1.5,1.5,0.1,-205.43298524352795,-160.81023778590765
643,ksqexp,1.75,1.5,1.5,0.05,-394.5609653523833,-309.9784275800792
644,ksqexp,1.75,1.5,1.5,0.01,-675.270220963011,-520.2349821442417
645,ksqexp,1.75,1.5,1.5,0,-707.5472459831636,-542.0536137631746
646,ksqexp,1.75,2,0.5,0.5,-41.06712605398669,-38.86884377643144
647,ksqexp,1.75,2,0.5,0.1,-290.7580335853588,-216.81151821891217
648,ksqexp,1.75,2,0.5,0.05,-670.1705154659348,-477.2936962816403
649,ksqexp,1.75,2,0.5,0.01,-1313.2867453140202,-933.2696720296775
650,ksqexp,1.75,2,0.5,0,-1370.2413351113157,-976.6801364084704
651,ksqexp,1.75,2,1,0.5,-41.771116402116256,-39.476978263958564
652,ksqexp,1.75,2,1,0.1,-230.99796934349513,-169.8301288531689
653,ksqexp,1.75,2,1,0.05,-447.6357087486304,-317.7987980073846
654,ksqexp,1.75,2,1,0.01,-669.1568929341939,-477.78585379508763
655,ksqexp,1.75,2,1,0,-683.6152769499946,-488.8489917893019
656,ksqexp,1.75,2,1.5,0.5,-42.6207744787813,-40.412284399134826
657,ksqexp,1.75,2,1.5,0.1,-197.8404803357941,-145.34278257399262
658,ksqexp,1.75,2,1.5,0.05,-339.35958555408575,-242.43470107227074
659,ksqexp,1.75,2,1.5,0.01,-451.1034871848536,-324.1047385318163
660,ksqexp,1.75,2,1.5,0,-457.5305809295581,-329.0292669650254
661,ksqexp,1.75,2.5,0.5,0.5,-42.61859580810792,-40.458577623564345
662,ksqexp,1.75,2.5,0.5,0.1,-271.24312785006146,-192.72939070104292
663,ksqexp,1.75,2.5,0.5,0.05,-590.3755247447533,-387.93331771153305
664,ksqexp,1.75,2.5,0.5,0.01,-1015.1624466011581,-642.1805937226093
665,ksqexp,1.75,2.5,0.5,0,-1047.1013932563478,-661.2597006946155
666,ksqexp,1.75,2.5,1,0.5,-43.05844741067137,-40.88523709773993
667,ksqexp,1.75,2.5,1,0.1,-214.12031051563213,-148.64330000850217
668,ksqexp,1.75,2.5,1,0.05,-380.2497865521719,-248.4180072142668
669,ksqexp,1.75,2.5,1,0.01,-518.403637435734,-330.7993737768419
670,ksqexp,1.75,2.5,1,0,-526.4725272767606,-335.611322411605
671,ksqexp,1.75,2.5,1.5,0.5,-43.85312489906257,-41.821192673306854
672,ksqexp,1.75,2.5,1.5,0.1,-181.72824794684334,-126.1852619469982
673,ksqexp,1.75,2.5,1.5,0.05,-284.2486058186832,-187.32715252276486
674,ksqexp,1.75,2.5,1.5,0.01,-352.1334645723504,-227.71717799603385
675,ksqexp,1.75,2.5,1.5,0,-355.720228680189,-229.85251972866376
676,ksqexp,1.75,3,0.5,0.5,-43.73000059491401,-41.638974703595174
677,ksqexp,1.75,3,0.5,0.1,-251.31094896667062,-169.6804814741917
678,ksqexp,1.75,3,0.5,0.05,-519.584051950425,-314.4533736101457
679,ksqexp,1.75,3,0.5,0.01,-835.2044700945733,-473.2237051353817
680,ksqexp,1.75,3,0.5,0,-857.2827147829178,-484.0131177865441
681,ksqexp,1.75,3,1,0.5,-43.939311026267085,-41.88939761774292
682,ksqexp,1.75,3,1,0.1,-196.51845995426592,-129.30272130919724
683,ksqexp,1.75,3,1,0.05,-329.2300323157961,-198.12573024892254
684,ksqexp,1.75,3,1,0.01,-429.07148009274204,-247.5895033597337
685,ksqexp,1.75,3,1,0,-434.6416643073388,-250.3037534191922
686,ksqexp,1.75,3,1.5,0.5,-44.7357362897929,-42.8710189000731
687,ksqexp,1.75,3,1.5,0.1,-166.00307486200862,-109.65447494807692
688,ksqexp,1.75,3,1.5,0.05,-245.60102764432636,-150.15077614872285
689,ksqexp,1.75,3,1.5,0.01,-294.0753630745889,-173.9873278030238
690,ksqexp,1.75,3,1.5,0,-296.5519708902746,-175.19128871779304
691,ksqexp,1.75,3.5,0.5,0.5,-44.44825623225275,-42.438489595509466
692,ksqexp,1.75,3.5,0.5,0.1,-233.5780798744707,-150.25115212882986
693,ksqexp,1.75,3.5,0.5,0.05,-460.8310808916788,-259.9842626611377
694,ksqexp,1.75,3.5,0.5,0.01,-699.5348157438048,-366.76633414034353
695,ksqexp,1.75,3.5,0.5,0,-715.1693677516886,-373.57023448433864
696,ksqexp,1.75,3.5,1,0.5,-44.48505595112201,-42.556959117920265
697,ksqexp,1.75,3.5,1,0.1,-181.06065357367692,-113.89934187768701
698,ksqexp,1.75,3.5,1,0.05,-288.197465702092,-163.36078080085423
699,ksqexp,1.75,3.5,1,0.01,-361.69040961822196,-195.74270072607112
700,ksqexp,1.75,3.5,1,0,-365.6262495136093,-197.45082903265748
701,ksqexp,1.75,3.5,1.5,0.5,-45.320679999866705,-43.62303272253684
702,ksqexp,1.75,3.5,1.5,0.1,-152.39386100087884,-97.07819241499803
703,ksqexp,1.75,3.5,1.5,0.05,-214.89988284566311,-125.3549640673772
704,ksqexp,1.75,3.5,1.5,0.01,-250.1540514264196,-140.77791839517104
705,ksqexp,1.75,3.5,1.5,0,-251.90253351649633,-141.53501730774366
706,ksqexp,1.75,4,0.5,0.5,-44.91476376836306,-43.000110521968736
707,ksqexp,1.75,4,0.5,0.1,-217.337164791093,-134.71117619437248
708,ksqexp,1.75,4,0.5,0.05,-407.20470706798,-219.29177242487685
709,ksqexp,1.75,4,0.5,0.01,-586.5027220459763,-293.7445112483849
710,ksqexp,1.75,4,0.5,0,-597.6138683885412,-298.25063746249276
711,ksqexp,1.75,4,1,0.5,-44.82413724412621,-43.02645561423229
712,ksqexp,1.75,4,1,0.1,-166.30864382719946,-101.8737498745743
713,ksqexp,1.75,4,1,0.05,-251.53107296615207,-138.24780319314968
714,ksqexp,1.75,4,1,0.01,-305.40511485493266,-160.31609216390297
715,ksqexp,1.75,4,1,0,-308.19584640072657,-161.44485991584324
716,ksqexp,1.75,4,1.5,0.5,-45.7057982479472,-44.18565285878167
717,ksqexp,1.75,4,1.5,0.1,-139.29434580420664,-87.44781887371819
718,ksqexp,1.75,4,1.5,0.05,-187.70803272506512,-107.72817527750273
719,ksqexp,1.75,4,1.5,0.01,-213.27557455081387,-118.13390361869857
720,ksqexp,1.75,4,1.5,0,-214.5138291589029,-118.63359082857782
721,ksqexp,1.75,6,0.5,0.5,-46.172587532143424,-44.78631860823519
722,ksqexp,1.75,6,0.5,0.1,-168.47873104053372,-101.05251556776412
723,ksqexp,1.75,6,0.5,0.05,-262.045754065744,-136.8036054570291
724,ksqexp,1.75,6,0.5,0.01,-327.8122299479788,-160.6715358434413
725,ksqexp,1.75,6,0.5,0,-331.3785339228739,-161.94530054932076
726,ksqexp,1.75,6,1,0.5,-45.63068777345642,-44.44732500503515
727,ksqexp,1.75,6,1,0.1,-121.8700526472878,-75.9293215918311
728,ksqexp,1.75,6,1,0.05,-157.95087108094367,-89.22931206604767
729,ksqexp,1.75,6,1,0.01,-176.4636063544651,-95.86708494467786
730,ksqexp,1.75,6,1,0,-177.35174483747772,-96.18296105260657
731,ksqexp,1.75,6,1.5,0.5,-46.47564322655806,-45.69403559778446
732,ksqexp,1.75,6,1.5,0.1,-100.89302964794584,-66.99126170375843
733,ksqexp,1.75,6,1.5,0.05,-119.87550625585102,-73.87573892881548
734,ksqexp,1.75,6,1.5,0.01,-128.40851261241298,-76.91411659544495
735,ksqexp,1.75,6,1.5,0,-128.80013857171,-77.0528379856631
736,ksqexp,1.75,8,0.5,0.5,-47.168867574986,-46.23101814777334
737,ksqexp,1.75,8,0.5,0.1,-144.91908739756735,-90.10726338481079
738,ksqexp,1.75,8,0.5,0.05,-201.89174083349053,-110.87784392948109
739,ksqexp,1.75,8,0.5,0.01,-236.35350601489634,-122.89081645350419
740,ksqexp,1.75,8,0.5,0,-238.11642781740616,-123.4973950436503
741,ksqexp,1.75,8,1,0.5,-46.25281506897327,-45.53355619023324
742,ksqexp,1.75,8,1,0.1,-101.45653827474733,-67.3291127005672
743,ksqexp,1.75,8,1,0.05,-121.57914444315216,-74.40161778917077
744,ksqexp,1.75,8,1,0.01,-130.95213425959628,-77.6235883579099
745,ksqexp,1.75,8,1,0,-131.38768311364436,-77.77238037404743
746,ksqexp,1.75,8,1.5,0.5,-46.9247962204229,-46.63999590268388
747,ksqexp,1.75,8,1.5,0.1,-84.0224576590017,-60.31051897455848
748,ksqexp,1.75,8,1.5,0.05,-94.16507017611838,-63.81106933626407
749,ksqexp,1.75,8,1.5,0.01,-98.41141105325514,-65.25669508798804
750,ksqexp,1.75,8,1.5,0,-98.6020916437931,-65.32136558356251
751,ksqexp,1.75,10,0.5,0.5,-47.70554470239311,-46.96787283747299
752,ksqexp,1.75,10,0.5,0.1,-132.72309335349198,-85.57332419751276
753,ksqexp,1.75,10,0.5,0.05,-173.5287634794077,-100.30575244565013
754,ksqexp,1.75,10,0.5,0.01,-196.1230503658303,-108.10058346051731
755,ksqexp,1.75,10,0.5,0,-197.24309939073166,-108.48204815267138
756,ksqexp,1.75,10,1,0.5,-46.61003289719166,-46.105255278606286
757,ksqexp,1.75,10,1,0.1,-91.34485032986852,-63.74200107430567
758,ksqexp,1.75,10,1,0.05,-104.95457867461366,-68.45766008058692
759,ksqexp,1.75,10,1,0.01,-110.9615491539907,-70.4942916239411
760,ksqexp,1.75,10,1,0,-111.236056504488,-70.58681020301609
761,ksqexp,1.75,10,1.5,0.5,-47.17391236165055,-47.127087843990346
762,ksqexp,1.75,10,1.5,0.1,-75.88763083948334,-57.54892791922511
763,ksqexp,1.75,10,1.5,0.05,-82.5530077920834,-59.807547627114324
764,ksqexp,1.75,10,1.5,0.01,-85.23845935977123,-60.705967357719466
765,ksqexp,1.75,10,1.5,0,-85.35769897453496,-60.74572098610103
766,ksqexp,1.75,25,0.5,0.5,-48.351889832952345,-47.77477180890317
767,ksqexp,1.75,25,0.5,0.1,-119.78212935551265,-81.58924343286161
768,ksqexp,1.75,25,0.5,0.05,-145.72847786799215,-91.04995091901557
769,ksqexp,1.75,25,0.5,0.01,-158.53739275357913,-95.46874384375404
770,ksqexp,1.75,25,0.5,0,-159.1483358424107,-95.67608837854779
771,ksqexp,1.75,25,1,0.5,-47.16566288266603,-46.8427957121153
772,ksqexp,1.75,25,1,0.1,-81.26047414957048,-60.745643978495714
773,ksqexp,1.75,25,1,0.05,-89.22147649913447,-63.497299431255946
774,ksqexp,1.75,25,1,0.01,-92.50453085584357,-64.60092717117544
775,ksqexp,1.75,25,1,0,-92.65156233926518,-64.64997217461304
776,ksqexp,1.75,25,1.5,0.5,-47.65406830175351,-47.824400215575054
777,ksqexp,1.75,25,1.5,0.1,-68.05893635081387,-55.361938372506934
778,ksqexp,1.75,25,1.5,0.05,-71.7832035702875,-56.60756541660632
779,ksqexp,1.75,25,1.5,0.01,-73.2139502877412,-57.07807313297964
780,ksqexp,1.75,25,1.5,0,-73.27662793758431,-57.098590206467954
781,ksqexp,2,0.2,0.5,0.5,-39.18260152789653,-37.724044277343616
782,ksqexp,2,0.2,0.5,0.1,-427.8005315881749,-396.77341914356106
783,ksqexp,2,0.2,0.5,0.05,-1299.2428351953636,-1235.39161080965
784,ksqexp,2,0.2,0.5,0.01,-21310.598441588016,-18508.03081844309
785,ksqexp,2,0.2,0.5,0,-88998562.09121035,-84121907.90739359
786,ksqexp,2,0.2,1,0.5,-38.54079103139782,-36.76409609881863
787,ksqexp,2,0.2,1,0.1,-360.65266243313147,-342.9382473506731
788,ksqexp,2,0.2,1,0.05,-1145.5373414630803,-1057.6186786141686
789,ksqexp,2,0.2,1,0.01,-18377.110811051425,-16043.746768430952
790,ksqexp,2,0.2,1,0,-44503826.36816558,-42065053.38134396
791,ksqexp,2,0.2,1.5,0.5,-38.23620558700747,-36.35041457704078
792,ksqexp,2,0.2,1.5,0.1,-327.18453058954384,-312.3052773300549
793,ksqexp,2,0.2,1.5,0.05,-1081.4746094997977,-975.7101664337166
794,ksqexp,2,0.2,1.5,0.01,-16581.032481340568,-14531.18447839897
795,ksqexp,2,0.2,1.5,0,-29670201.811197814,-28044254.820883006
796,ksqexp,2,0.5,0.5,0.5,-36.48902909628081,-34.67356375559723
797,ksqexp,2,0.5,0.5,0.1,-404.79481964431744,-354.32960644783253
798,ksqexp,2,0.5,0.5,0.05,-1225.2513522334318,-1033.2342801750917
799,ksqexp,2,0.5,0.5,0.01,-11787.504046623417,-10355.11470993198
800,ksqexp,2,0.5,0.5,0,-633831.4397553601,-651786.5975302423
801,ksqexp,2,0.5,1,0.5,-36.478979798113336,-34.53970222885122
802,ksqexp,2,0.5,1,0.1,-347.6480710684414,-299.02510971370515
803,ksqexp,2,0.5,1,0.05,-1024.4747661847327,-851.4606956836705
804,ksqexp,2,0.5,1,0.01,-9996.849739294194,-8898.160311337144
805,ksqexp,2,0.5,1,0,-316873.8312811349,-325853.6651989828
806,ksqexp,2,0.5,1.5,0.5,-36.74345525469133,-34.85444156941392
807,ksqexp,2,0.5,1.5,0.1,-315.10990999701477,-267.2894352506193
808,ksqexp,2,0.5,1.5,0.05,-913.014243145859,-758.5138462266921
809,ksqexp,2,0.5,1.5,0.01,-9233.95060009258,-8265.146835988253
810,ksqexp,2,0.5,1.5,0,-211223.99823646684,-217212.05410023459
811,ksqexp,2,1,0.5,0.5,-36.97907324968937,-35.164913502133544
812,ksqexp,2,1,0.5,0.1,-421.1874718872135,-323.96150971100656
813,ksqexp,2,1,0.5,0.05,-1245.0446956653552,-917.421936718566
814,ksqexp,2,1,0.5,0.01,-7866.998606833457,-6583.109650154263
815,ksqexp,2,1,0.5,0,-18419.886673858706,-14677.351711828149
816,ksqexp,2,1,1,0.5,-37.63351153856183,-35.66130156115498
817,ksqexp,2,1,1,0.1,-370.79318373025194,-276.55391109020013
818,ksqexp,2,1,1,0.05,-949.0065534438306,-707.4048892106671
819,ksqexp,2,1,1,0.01,-5209.407987897782,-4359.593667776285
820,ksqexp,2,1,1,0,-9186.332381900194,-7317.803237387802
821,ksqexp,2,1,1.5,0.5,-38.44066116904682,-36.4131576501249
822,ksqexp,2,1,1.5,0.1,-333.85288943163994,-246.60543799176855
823,ksqexp,2,1,1.5,0.05,-794.5026962300909,-604.0195768991526
824,ksqexp,2,1,1.5,0.01,-3936.4700136415418,-3283.711140110961
825,ksqexp,2,1,1.5,0,-6111.271553527238,-4867.4110346709185
826,ksqexp,2,1.5,0.5,0.5,-38.532355068715695,-36.54082568264318
827,ksqexp,2,1.5,0.5,0.1,-404.43399931492496,-303.33148044066854
828,ksqexp,2,1.5,0.5,0.05,-1172.4311758062033,-847.783486499545
829,ksqexp,2,1.5,0.5,0.01,-5589.249773161336,-4197.996870859757
830,ksqexp,2,1.5,0.5,0,-7433.264526679685,-5580.118418838326
831,ksqexp,2,1.5,1,0.5,-39.46760043328048,-37.275418586280125
832,ksqexp,2,1.5,1,0.1,-350.07962091764364,-256.4213337472598
833,ksqexp,2,1.5,1,0.05,-929.7683843229945,-675.2464891608057
834,ksqexp,2,1.5,1,0.01,-3122.5866006270385,-2353.578114834755
835,ksqexp,2,1.5,1,0,-3702.358904656316,-2778.5002192935885
836,ksqexp,2,1.5,1.5,0.5,-40.49281072187337,-38.238582403436595
837,ksqexp,2,1.5,1.5,0.1,-315.74791974573685,-230.02065730862134
838,ksqexp,2,1.5,1.5,0.05,-795.5548198270789,-581.4796826526639
839,ksqexp,2,1.5,1.5,0.01,-2175.5391454543287,-1640.664654924625
840,ksqexp,2,1.5,1.5,0,-2461.5143501980056,-1847.4181402008674
841,ksqexp,2,2,0.5,0.5,-40.296931939100624,-38.2030425715554
842,ksqexp,2,2,0.5,0.1,-371.82800539002653,-274.23221083776497
843,ksqexp,2,2,0.5,0.05,-1110.2632619194371,-762.0874037318112
844,ksqexp,2,2,0.5,0.01,-4216.428712210791,-2860.1351331460132
845,ksqexp,2,2,0.5,0,-4743.526898164611,-3269.4785258912843
846,ksqexp,2,2,1,0.5,-41.12074884479026,-38.9053257479617
847,ksqexp,2,2,1,0.1,-325.4674495567228,-232.01114687969445
848,ksqexp,2,2,1,0.05,-891.5150564946138,-600.1219893240161
849,ksqexp,2,2,1,0.01,-2225.6912767745976,-1520.1486581148908
850,ksqexp,2,2,1,0,-2364.101126822248,-1629.588513232849
851,ksqexp,2,2,1.5,0.5,-42.04742466401281,-39.855900420353336
852,ksqexp,2,2,1.5,0.1,-298.9826552068063,-210.11082325192865
853,ksqexp,2,2,1.5,0.05,-752.3351608478905,-504.21317311930983
854,ksqexp,2,2,1.5,0.01,-1511.2867442476631,-1036.0141685264452
855,ksqexp,2,2,1.5,0,-1573.7498591558303,-1085.749165252956
856,ksqexp,2,2.5,0.5,0.5,-41.892312151,-39.77705515564891
857,ksqexp,2,2.5,0.5,0.1,-342.20726938693764,-242.65892310931295
858,ksqexp,2,2.5,0.5,0.05,-998.7448036345228,-638.4256645740354
859,ksqexp,2,2.5,0.5,0.01,-3013.203725416529,-1816.3321019690165
860,ksqexp,2,2.5,0.5,0,-3284.5689051340096,-1975.7418711923447
861,ksqexp,2,2.5,1,0.5,-42.399812671304055,-40.25836902905681
862,ksqexp,2,2.5,1,0.1,-300.60388807468144,-203.50753149539378
863,ksqexp,2,2.5,1,0.05,-765.7802241397377,-477.349705112495
864,ksqexp,2,2.5,1,0.01,-1569.2390643143638,-946.4103804218137
865,ksqexp,2,2.5,1,0,-1639.7995666524546,-987.8649404727605
866,ksqexp,2,2.5,1.5,0.5,-43.15511744418327,-41.1105161671191
867,ksqexp,2,2.5,1.5,0.1,-275.54448129968387,-183.1773108140408
868,ksqexp,2,2.5,1.5,0.05,-623.6444986804909,-386.50991047510325
869,ksqexp,2,2.5,1.5,0.01,-1062.5831932458411,-642.7156113945006
870,ksqexp,2,2.5,1.5,0,-1094.3337769301495,-661.3632868062798
871,ksqexp,2,3,0.5,0.5,-43.15260212990109,-41.05552827243994
872,ksqexp,2,3,0.5,0.1,-317.1306498120684,-214.09535121100097
873,ksqexp,2,3,0.5,0.05,-877.6065427912688,-519.952587500607
874,ksqexp,2,3,0.5,0.01,-2302.442048636907,-1224.5236265358924
875,ksqexp,2,3,0.5,0,-2469.8934814723148,-1303.2012744263343
876,ksqexp,2,3,1,0.5,-43.34239827906562,-41.28592798071597
877,ksqexp,2,3,1,0.1,-275.4523194213678,-176.6495555638814
878,ksqexp,2,3,1,0.05,-648.2351703503191,-371.198139407276
879,ksqexp,2,3,1,0.01,-1192.980911702059,-635.3478825542632
880,ksqexp,2,3,1,0,-1236.2294842888148,-655.6113994045531
881,ksqexp,2,3,1.5,0.5,-43.99914481402272,-42.08928016623945
882,ksqexp,2,3,1.5,0.1,-249.5435520131721,-157.13643022380143
883,ksqexp,2,3,1.5,0.05,-517.5013986097,-293.8022012842422
884,ksqexp,2,3,1.5,0.01,-808.3800521822419,-433.4535957799901
885,ksqexp,2,3,1.5,0,-827.7988084615843,-442.53876440396675
886,ksqexp,2,3.5,0.5,0.5,-44.064111828901616,-41.996440240137524
887,ksqexp,2,3.5,0.5,0.1,-296.52963023654445,-190.2683412960808
888,ksqexp,2,3.5,0.5,0.05,-788.4971355666709,-430.6769375232599
889,ksqexp,2,3.5,0.5,0.01,-1883.0337864502376,-903.1505155079321
890,ksqexp,2,3.5,0.5,0,-1997.8254471222208,-950.1299079139736
891,ksqexp,2,3.5,1,0.5,-44.014304113312036,-42.031252661322284
892,ksqexp,2,3.5,1,0.1,-255.24683906449354,-154.96044550342137
893,ksqexp,2,3.5,1,0.05,-569.4821242640694,-299.5915381329001
894,ksqexp,2,3.5,1,0.01,-973.312036630723,-470.0520597981872
895,ksqexp,2,3.5,1,0,-1002.7931070739833,-482.0872249391014
896,ksqexp,2,3.5,1.5,0.5,-44.65136990239769,-42.85921721452133
897,ksqexp,2,3.5,1.5,0.1,-229.78461849574683,-137.05915603692839
898,ksqexp,2,3.5,1.5,0.05,-449.27012807406834,-235.16043095855392
899,ksqexp,2,3.5,1.5,0.01,-660.6956486769111,-323.4777421581376
900,ksqexp,2,3.5,1.5,0,-673.9063170226673,-328.86365399233597
901,ksqexp,2,4,0.5,0.5,-44.6962295057645,-42.66253593632553
902,ksqexp,2,4,0.5,0.1,-280.1710045824806,-171.46157414445435
903,ksqexp,2,4,0.5,0.05,-718.7766216230323,-366.5219398804492
904,ksqexp,2,4,0.5,0.01,-1576.372017644615,-705.02980043584
905,ksqexp,2,4,0.5,0,-1657.849781271361,-735.7619138244047
906,ksqexp,2,4,1,0.5,-44.48300848121894,-42.56908432314623
907,ksqexp,2,4,1,0.1,-239.4538726881553,-138.67212232923606
908,ksqexp,2,4,1,0.05,-507.8343201578328,-250.9267886637677
909,ksqexp,2,4,1,0.01,-813.7548921344128,-369.2688132753727
910,ksqexp,2,4,1,0,-834.5864723842312,-377.1099331571127
911,ksqexp,2,4,1.5,0.5,-45.14500790646966,-43.47051084721096
912,ksqexp,2,4,1.5,0.1,-214.28915483577896,-122.50902872488011
913,ksqexp,2,4,1.5,0.05,-396.28426707446744,-196.52050981733248
914,ksqexp,2,4,1.5,0.01,-553.637033084962,-256.84623517488325
915,ksqexp,2,4,1.5,0,-562.9560260934124,-260.3499296655985
916,ksqexp,2,6,0.5,0.5,-46.156508534332545,-44.418212055387365
917,ksqexp,2,6,0.5,0.1,-231.33112566740027,-129.2758535855025
918,ksqexp,2,6,0.5,0.05,-492.4806841393593,-225.665512018232
919,ksqexp,2,6,0.5,0.01,-819.6105574852569,-336.68937418118884
920,ksqexp,2,6,0.5,0,-843.1471412679862,-344.44602635776835
921,ksqexp,2,6,1,0.5,-45.55191817771561,-44.05533364667461
922,ksqexp,2,6,1,0.1,-186.28536080558436,-101.68400968782285
923,ksqexp,2,6,1,0.05,-319.7027517531569,-148.63106262294642
924,ksqexp,2,6,1,0.01,-424.5289553390838,-183.69100362627594
925,ksqexp,2,6,1,0,-430.47631199878595,-185.64739410900248
926,ksqexp,2,6,1.5,0.5,-46.26590040367368,-45.184349516617004
927,ksqexp,2,6,1.5,0.1,-160.58178899465506,-89.59682326858673
928,ksqexp,2,6,1.5,0.05,-241.8690700910189,-117.62323923926684
929,ksqexp,2,6,1.5,0.01,-293.0630689316488,-134.63560373350094
930,ksqexp,2,6,1.5,0,-295.71002564881803,-135.50517345060558
931,ksqexp,2,8,0.5,0.5,-47.30195031244172,-45.99004218464465
932,ksqexp,2,8,0.5,0.1,-202.57145757024642,-113.32387796127162
933,ksqexp,2,8,0.5,0.05,-370.2014658967066,-171.13339676554224
934,ksqexp,2,8,0.5,0.01,-533.00160612688,-223.55806639340446
935,ksqexp,2,8,0.5,0,-543.2912854956555,-226.79692232940735
936,ksqexp,2,8,1,0.5,-46.35163881141182,-45.30626158094298
937,ksqexp,2,8,1,0.1,-153.81972272167997,-86.51720758419808
938,ksqexp,2,8,1,0.05,-229.70724121856537,-111.60475976119031
939,ksqexp,2,8,1,0.01,-278.9743237839962,-127.26544504860311
940,ksqexp,2,8,1,0,-281.55818967515205,-128.076727813811
941,ksqexp,2,8,1.5,0.5,-46.94076224539992,-46.35638455159863
942,ksqexp,2,8,1.5,0.1,-129.13283589387459,-76.1080539589693
943,ksqexp,2,8,1.5,0.05,-172.51389681047294,-90.19493127623583
944,ksqexp,2,8,1.5,0.01,-195.95871963836552,-97.60167616695556
945,ksqexp,2,8,1.5,0,-197.10448115666287,-97.96065307166026
946,ksqexp,2,10,0.5,0.5,-48.07984037148555,-47.026304581819865
947,ksqexp,2,10,0.5,0.1,-186.7048186992282,-106.77631038013305
948,ksqexp,2,10,0.5,0.05,-308.7014097751643,-147.71860671557582
949,ksqexp,2,10,0.5,0.01,-410.65324972970643,-179.77995679735864
950,ksqexp,2,10,0.5,0,-416.6796708075327,-181.63687161811245
951,ksqexp,2,10,1,0.5,-46.93085365452535,-46.141005287473185
952,ksqexp,2,10,1,0.1,-136.23957564950857,-79.8400629408189
953,ksqexp,2,10,1,0.05,-187.31182613410994,-96.26058727963662
954,ksqexp,2,10,1,0.01,-217.17141227574024,-105.52681165927287
955,ksqexp,2,10,1,0,-218.67786364041004,-105.98936015144508
956,ksqexp,2,10,1.5,0.5,-47.411907820480714,-47.094440186071985
957,ksqexp,2,10,1.5,0.1,-112.72450371115237,-70.18253145406905
958,ksqexp,2,10,1.5,0.05,-140.80319982224816,-79.0460063876987
959,ksqexp,2,10,1.5,0.01,-154.8021554437833,-83.36042348797038
960,ksqexp,2,10,1.5,0,-155.46791801124982,-83.56417976051469
961,ksqexp,2,25,0.5,0.5,-49.069991555215566,-48.2032297005477
962,ksqexp,2,25,0.5,0.1,-164.7677683079759,-99.86398963744244
963,ksqexp,2,25,0.5,0.05,-233.970341923824,-122.80986019708969
964,ksqexp,2,25,0.5,0.01,-279.28530592014954,-136.6201909560874
965,ksqexp,2,25,0.5,0,-281.71701875520006,-137.34114197940983
966,ksqexp,2,25,1,0.5,-47.860288090630384,-47.253096859548606
967,ksqexp,2,25,1,0.1,-113.4900770079293,-72.70703427540822
968,ksqexp,2,25,1,0.05,-138.6898821616926,-80.5891362181837
969,ksqexp,2,25,1,0.01,-151.24397758631216,-84.33476450335979
970,ksqexp,2,25,1,0,-151.8442327304983,-84.51132564723558
971,ksqexp,2,25,1.5,0.5,-48.26408509029829,-48.161826349929925
972,ksqexp,2,25,1.5,0.1,-92.43033145321922,-63.997063209000416
973,ksqexp,2,25,1.5,0.05,-105.35832932599178,-67.92948696661446
974,ksqexp,2,25,1.5,0.01,-111.08165235947294,-69.61548649135793
975,ksqexp,2,25,1.5,0,-111.34396081955957,-69.69204363575855
976,ksqexp,2.25,0.2,0.5,0.5,-39.18798610516464,-37.94305140474306
977,ksqexp,2.25,0.2,0.5,0.1,-512.7845047309206,-461.86693462043246
978,ksqexp,2.25,0.2,0.5,0.05,-1723.8207426543913,-1637.2212700809177
979,ksqexp,2.25,0.2,0.5,0.01,-24519.308841634494,-21542.54503965384
980,ksqexp,2.25,0.2,0.5,0,-245628726.69765672,-221236833.9508356
981,ksqexp,2.25,0.2,1,0.5,-38.3701058361607,-36.77077089726214
982,ksqexp,2.25,0.2,1,0.1,-466.7001319226136,-432.0258825286718
983,ksqexp,2.25,0.2,1,0.05,-1485.217375103987,-1420.445373295947
984,ksqexp,2.25,0.2,1,0.01,-22137.72386633822,-19349.270883016798
985,ksqexp,2.25,0.2,1,0,-122846454.31624974,-110645084.72302644
986,ksqexp,2.25,0.2,1.5,0.5,-38.091288154649504,-36.30598093016597
987,ksqexp,2.25,0.2,1.5,0.1,-435.36995872168944,-409.53784984415665
988,ksqexp,2.25,0.2,1.5,0.05,-1353.8414746104586,-1285.5681369952242
989,ksqexp,2.25,0.2,1.5,0.01,-20555.7302431076,-17976.196464399916
990,ksqexp,2.25,0.2,1.5,0,-81904741.10322896,-73769289.80220604
991,ksqexp,2.25,0.5,0.5,0.5,-36.21848559082997,-34.53028945202855
992,ksqexp,2.25,0.5,0.5,0.1,-489.0629789572699,-432.86676109650796
993,ksqexp,2.25,0.5,0.5,0.05,-1697.0187691184037,-1457.3092556081117
994,ksqexp,2.25,0.5,0.5,0.01,-16622.837712850076,-13734.845717128905
995,ksqexp,2.25,0.5,0.5,0,-1658635.2212228985,-1693905.3709046408
996,ksqexp,2.25,0.5,1,0.5,-36.020001566200214,-34.13443877531993
997,ksqexp,2.25,0.5,1,0.1,-456.63716178699275,-400.9493133955178
998,ksqexp,2.25,0.5,1,0.05,-1467.7557154579067,-1216.2759588740894
999,ksqexp,2.25,0.5,1,0.01,-12842.310978320118,-10961.236948211013
1000,ksqexp,2.25,0.5,1,0,-829268.2214459587,-846906.3641292572
1001,ksqexp,2.25,0.5,1.5,0.5,-36.31144353468681,-34.41040079088213
1002,ksqexp,2.25,0.5,1.5,0.1,-430.3310175448575,-373.09379173273135
1003,ksqexp,2.25,0.5,1.5,0.05,-1330.1160474445928,-1081.4161580189025
1004,ksqexp,2.25,0.5,1.5,0.01,-11424.677865700536,-9912.809678216909
1005,ksqexp,2.25,0.5,1.5,0,-552814.8115227611,-564575.5932651111
1006,ksqexp,2.25,1,0.5,0.5,-36.5113731759621,-34.83981001536629
1007,ksqexp,2.25,1,0.5,0.1,-481.9593564384894,-384.59990502833
1008,ksqexp,2.25,1,0.5,0.05,-1726.1751278815527,-1258.5540976426337
1009,ksqexp,2.25,1,0.5,0.01,-14693.54485005824,-11385.867123058142
1010,ksqexp,2.25,1,0.5,0,-58650.226804307735,-44650.2509093309
1011,ksqexp,2.25,1,1,0.5,-36.96725428816952,-35.204591010879
1012,ksqexp,2.25,1,1,0.1,-459.12189290211205,-349.88594233378757
1013,ksqexp,2.25,1,1,0.05,-1490.8911371838767,-1046.8823618108117
1014,ksqexp,2.25,1,1,0.01,-10625.752365064543,-8537.881761400715
1015,ksqexp,2.25,1,1,0,-29294.145642913056,-22297.482723693007
1016,ksqexp,2.25,1,1.5,0.5,-37.73327312468658,-35.95618642813434
1017,ksqexp,2.25,1,1.5,0.1,-439.70156697422243,-325.9153890092294
1018,ksqexp,2.25,1,1.5,0.05,-1323.5174182953638,-919.1217850234791
1019,ksqexp,2.25,1,1.5,0.01,-8506.56216983055,-6922.289656348982
1020,ksqexp,2.25,1,1.5,0,-19511.57519812931,-14849.350257529597
1021,ksqexp,2.25,1.5,0.5,0.5,-37.89421523789273,-36.096987067929255
1022,ksqexp,2.25,1.5,0.5,0.1,-459.4461989872382,-354.2355949252191
1023,ksqexp,2.25,1.5,0.5,0.05,-1564.6865420010577,-1112.1110251707516
1024,ksqexp,2.25,1.5,0.5,0.01,-14600.51803423099,-10497.108298959163
1025,ksqexp,2.25,1.5,0.5,0,-25297.99495962741,-19366.003105957607
1026,ksqexp,2.25,1.5,1,0.5,-38.60104485824415,-36.68657657631303
1027,ksqexp,2.25,1.5,1,0.1,-425.4301274766828,-314.73351011991787
1028,ksqexp,2.25,1.5,1,0.05,-1375.8974880791548,-953.8804397386568
1029,ksqexp,2.25,1.5,1,0.01,-9167.409289656609,-6711.073407629445
1030,ksqexp,2.25,1.5,1,0,-12627.947382664805,-9665.127758520248
1031,ksqexp,2.25,1.5,1.5,0.5,-39.55881534162528,-37.60841885274118
1032,ksqexp,2.25,1.5,1.5,0.1,-402.90340664130366,-291.2336823363386
1033,ksqexp,2.25,1.5,1.5,0.05,-1260.8743359702776,-870.7563364146636
1034,ksqexp,2.25,1.5,1.5,0.01,-6675.472554347179,-4938.85386198948
1035,ksqexp,2.25,1.5,1.5,0,-8407.388818880105,-6434.29327590776
1036,ksqexp,2.25,2,0.5,0.5,-39.58552179223606,-37.657712128236504
1037,ksqexp,2.25,2,0.5,0.1,-418.5499111521933,-317.4827467436451
1038,ksqexp,2.25,2,0.5,0.05,-1427.00241824727,-983.605732381648
1039,ksqexp,2.25,2,0.5,0.01,-11776.110577974843,-7683.730023579276
1040,ksqexp,2.25,2,0.5,0,-16223.395266537435,-10980.795505547921
1041,ksqexp,2.25,2,1,0.5,-40.26273352327027,-38.26940399063209
1042,ksqexp,2.25,2,1,0.1,-384.39665373520694,-278.2006629982402
1043,ksqexp,2.25,2,1,0.05,-1290.9511159936978,-860.1641817335048
1044,ksqexp,2.25,2,1,0.01,-6842.029067974844,-4514.031248178898
1045,ksqexp,2.25,2,1,0,-8097.918495479727,-5479.474896355572
1046,ksqexp,2.25,2,1.5,0.5,-41.16591904012313,-39.201270176986576
1047,ksqexp,2.25,2,1.5,0.1,-366.8579181046432,-258.88395746236307
1048,ksqexp,2.25,2,1.5,0.05,-1198.328874073105,-788.0760448771554
1049,ksqexp,2.25,2,1.5,0.01,-4810.791246490459,-3193.6388392921126
1050,ksqexp,2.25,2,1.5,0,-5392.216888914783,-3648.492011536124
1051,ksqexp,2.25,2.5,0.5,0.5,-41.25671132307023,-39.25384507623824
1052,ksqexp,2.25,2.5,0.5,0.1,-382.52097457253035,-280.10057181989066
1053,ksqexp,2.25,2.5,0.5,0.05,-1296.0127470610796,-839.4463197931692
1054,ksqexp,2.25,2.5,0.5,0.01,-8013.909893989169,-4702.275051735541
1055,ksqexp,2.25,2.5,0.5,0,-10092.079909485941,-5887.629441973414
1056,ksqexp,2.25,2.5,1,0.5,-41.68917024214587,-39.7053045746347
1057,ksqexp,2.25,2.5,1,0.1,-351.5862083080121,-242.8099356707988
1058,ksqexp,2.25,2.5,1,0.05,-1148.7674792792511,-713.8383862887518
1059,ksqexp,2.25,2.5,1,0.01,-4461.3655660217,-2609.698763450431
1060,ksqexp,2.25,2.5,1,0,-5038.082743563533,-2938.645790705684
1061,ksqexp,2.25,2.5,1.5,0.5,-42.39961236669237,-40.51532684817692
1062,ksqexp,2.25,2.5,1.5,0.1,-336.60741506099976,-225.65848759232554
1063,ksqexp,2.25,2.5,1.5,0.05,-1036.347451513153,-633.6324357426507
1064,ksqexp,2.25,2.5,1.5,0.01,-3090.2365094821507,-1806.7524363033128
1065,ksqexp,2.25,2.5,1.5,0,-3356.2076754723103,-1958.4418954036448
1066,ksqexp,2.25,3,0.5,0.5,-42.69357697222697,-40.656140365050454
1067,ksqexp,2.25,3,0.5,0.1,-355.33598550484976,-247.58408467683287
1068,ksqexp,2.25,3,0.5,0.05,-1163.2912713089788,-701.5443843228501
1069,ksqexp,2.25,3,0.5,0.01,-5785.287023864884,-2981.14746071576
1070,ksqexp,2.25,3,0.5,0,-6924.399362498417,-3501.6754090366203
1071,ksqexp,2.25,3,1,0.5,-42.79969585318365,-40.8494652756403
1072,ksqexp,2.25,3,1,0.1,-325.2408734399037,-212.1927513173865
1073,ksqexp,2.25,3,1,0.05,-990.1986727197797,-568.5248790628682
1074,ksqexp,2.25,3,1,0.01,-3149.0709977042625,-1609.5878863962478
1075,ksqexp,2.25,3,1,0,-3458.574218489002,-1750.293949439408
1076,ksqexp,2.25,3,1.5,0.5,-43.3312808389824,-41.529696350766415
1077,ksqexp,2.25,3,1.5,0.1,-308.92024487761324,-195.49543661799876
1078,ksqexp,2.25,3,1.5,0.05,-867.667685538081,-487.4542726222093
1079,ksqexp,2.25,3,1.5,0.01,-2164.485184046058,-1105.0441732933125
1080,ksqexp,2.25,3,1.5,0,-2306.0898257446083,-1169.290785658214
1081,ksqexp,2.25,3.5,0.5,0.5,-43.81870656229641,-41.76317020382055
1082,ksqexp,2.25,3.5,0.5,0.1,-335.0542894256811,-221.42689447695614
1083,ksqexp,2.25,3.5,0.5,0.05,-1057.2326655930835,-589.1929685883365
1084,ksqexp,2.25,3.5,0.5,0.01,-4651.28357671336,-2121.931988258774
1085,ksqexp,2.25,3.5,0.5,0,-5404.636849377084,-2417.038188876624
1086,ksqexp,2.25,3.5,1,0.5,-43.631633076001926,-41.70668609228979
1087,ksqexp,2.25,3.5,1,0.1,-303.81486008569595,-187.20722892744178
1088,ksqexp,2.25,3.5,1,0.05,-880.9746724346429,-461.835332839147
1089,ksqexp,2.25,3.5,1,0.01,-2499.988657225567,-1132.8708317020366
1090,ksqexp,2.25,3.5,1,0,-2701.7592868403913,-1211.558491665124
1091,ksqexp,2.25,3.5,1.5,0.5,-44.06641705985005,-42.32697932217587
1092,ksqexp,2.25,3.5,1.5,0.1,-286.28963623203214,-170.89757299812612
1093,ksqexp,2.25,3.5,1.5,0.05,-761.2401943553419,-388.59359098262274
1094,ksqexp,2.25,3.5,1.5,0.01,-1711.7673694689165,-776.7745074396244
1095,ksqexp,2.25,3.5,1.5,0,-1803.5907551277828,-812.5225823190477
1096,ksqexp,2.25,4,0.5,0.5,-44.65152119510307,-42.579422156186794
1097,ksqexp,2.25,4,0.5,0.1,-319.41781998906,-200.60891089124496
1098,ksqexp,2.25,4,0.5,0.05,-986.3094545272512,-508.5561300163132
1099,ksqexp,2.25,4,0.5,0.01,-3936.679117312864,-1644.2167725600875
1100,ksqexp,2.25,4,0.5,0,-4475.507022087543,-1836.944824114835
1101,ksqexp,2.25,4,1,0.5,-44.24890352790688,-42.33589041690522
1102,ksqexp,2.25,4,1,0.1,-288.1821893783274,-168.158647734828
1103,ksqexp,2.25,4,1,0.05,-811.1192735947673,-391.60350889654114
1104,ksqexp,2.25,4,1,0.01,-2096.5482858747678,-873.3243076250661
1105,ksqexp,2.25,4,1,0,-2239.359290135818,-924.2340315655134
1106,ksqexp,2.25,4,1.5,0.5,-44.660779764907744,-42.971445253876475
1107,ksqexp,2.25,4,1.5,0.1,-270.8909181046367,-153.0463443034661
1108,ksqexp,2.25,4,1.5,0.05,-692.9946114972033,-326.39365763446335
1109,ksqexp,2.25,4,1.5,0.01,-1432.0252204737744,-599.738601655088
1110,ksqexp,2.25,4,1.5,0,-1496.7673689091725,-622.7877572421239
1111,ksqexp,2.25,6,0.5,0.5,-46.45784449844215,-44.419912977352446
1112,ksqexp,2.25,6,0.5,0.1,-278.8441270168353,-154.32485272763594
1113,ksqexp,2.25,6,0.5,0.05,-770.5614059852984,-336.8459359369543
1114,ksqexp,2.25,6,0.5,0.01,-2048.47456499567,-754.4426245577749
1115,ksqexp,2.25,6,0.5,0,-2196.4307161302404,-800.5909521887222
1116,ksqexp,2.25,6,1,0.5,-45.65064750623774,-43.89565238800367
1117,ksqexp,2.25,6,1,0.1,-244.81077598648227,-127.36551845453464
1118,ksqexp,2.25,6,1,0.05,-578.1341317435401,-243.41279669268363
1119,ksqexp,2.25,6,1,0.01,-1065.8764559629742,-399.76421613127286
1120,ksqexp,2.25,6,1,0,-1104.0491462478278,-411.64808065297865
1121,ksqexp,2.25,6,1.5,0.5,-46.13264749770326,-44.80437350272108
1122,ksqexp,2.25,6,1.5,0.1,-224.61057439482747,-115.29603102484737
1123,ksqexp,2.25,6,1.5,0.05,-465.70898391594955,-196.88036317931835
1124,ksqexp,2.25,6,1.5,0.01,-725.5780066826042,-279.46129736304806
1125,ksqexp,2.25,6,1.5,0,-742.7126128778273,-284.7911135197554
1126,ksqexp,2.25,8,0.5,0.5,-47.67052285478365,-45.93674209140332
1127,ksqexp,2.25,8,0.5,0.1,-253.0236426312282,-135.91677205747797
1128,ksqexp,2.25,8,0.5,0.05,-603.4099198103012,-255.4076409440257
1129,ksqexp,2.25,8,0.5,0.01,-1232.9111288129839,-449.2447503705734
1130,ksqexp,2.25,8,0.5,0,-1289.9017419919464,-466.13166141602454
1131,ksqexp,2.25,8,1,0.5,-46.563587874072546,-45.17926695650455
1132,ksqexp,2.25,8,1,0.1,-210.59499101162058,-108.45904831842975
1133,ksqexp,2.25,8,1,0.05,-417.26302158624003,-175.2068819470413
1134,ksqexp,2.25,8,1,0.01,-637.6897993595053,-241.94379528726725
1135,ksqexp,2.25,8,1,0,-652.226132982754,-246.24345541198548
1136,ksqexp,2.25,8,1.5,0.5,-46.97754157092258,-46.11031839141613
1137,ksqexp,2.25,8,1.5,0.1,-186.25890239797909,-96.72570740479796
1138,ksqexp,2.25,8,1.5,0.05,-323.6236566621568,-140.0627799713212
1139,ksqexp,2.25,8,1.5,0.01,-435.96300967641724,-173.8187046536546
1140,ksqexp,2.25,8,1.5,0,-442.4582533467428,-175.7380434910916
1141,ksqexp,2.25,10,0.5,0.5,-48.608598325123744,-47.155929301639574
1142,ksqexp,2.25,10,0.5,0.1,-238.56365055228565,-128.52213922896732
1143,ksqexp,2.25,10,0.5,0.05,-507.9509109027504,-216.53615840877222
1144,ksqexp,2.25,10,0.5,0.01,-897.0613739020492,-332.311299397074
1145,ksqexp,2.25,10,0.5,0,-928.1885073563334,-341.26405572590573
1146,ksqexp,2.25,10,1,0.5,-47.30042240603028,-46.19341052588421
1147,ksqexp,2.25,10,1,0.1,-189.74121589675335,-99.43976689137315
1148,ksqexp,2.25,10,1,0.05,-334.2978842849937,-144.25415626593136
1149,ksqexp,2.25,10,1,0.01,-464.0746756460101,-182.25747313879566
1150,ksqexp,2.25,10,1,0,-471.97032392217653,-184.52407589012373
1151,ksqexp,2.25,10,1.5,0.5,-47.621974498903946,-47.0437178186792
1152,ksqexp,2.25,10,1.5,0.1,-163.36107906145497,-87.61740870991825
1153,ksqexp,2.25,10,1.5,0.05,-254.5596795440979,-115.27340867287842
1154,ksqexp,2.25,10,1.5,0.01,-319.16944167192423,-134.05919538360314
1155,ksqexp,2.25,10,1.5,0,-322.68825284156657,-135.06807270126825
1156,ksqexp,2.25,25,0.5,0.5,-49.96049086867328,-48.731052923432685
1157,ksqexp,2.25,25,0.5,0.1,-216.84954070584692,-121.60323206002967
1158,ksqexp,2.25,25,0.5,0.05,-371.56862301883643,-170.25311242956334
1159,ksqexp,2.25,25,0.5,0.01,-520.4511427735902,-211.61099981610784
1160,ksqexp,2.25,25,0.5,0,-530.2587062043561,-214.21069318186917
1161,ksqexp,2.25,25,1,0.5,-48.66031961031837,-47.72913009085616
1162,ksqexp,2.25,25,1,0.1,-157.77402602671717,-88.99791015652585
1163,ksqexp,2.25,25,1,0.05,-225.92535098544906,-108.94217213993592
1164,ksqexp,2.25,25,1,0.01,-271.4037652961694,-121.26661220400946
1165,ksqexp,2.25,25,1,0,-273.86366234837357,-121.91581961744312
1166,ksqexp,2.25,25,1.5,0.5,-48.94314382566607,-48.55172037907587
1167,ksqexp,2.25,25,1.5,0.1,-129.56986508384406,-76.84126462743129
1168,ksqexp,2.25,25,1.5,0.05,-168.36307646231015,-87.83326413583661
1169,ksqexp,2.25,25,1.5,0.01,-190.10112040038393,-93.65535328914798
1170,ksqexp,2.25,25,1.5,0,-191.1893044852018,-93.94151852639455
1171,ksqexp,2.5,0.2,0.5,0.5,-39.37479384742897,-38.34443800842381
1172,ksqexp,2.5,0.2,0.5,0.1,-541.2505667179437,-479.1609107334926
1173,ksqexp,2.5,0.2,0.5,0.05,-2086.198829328063,-1936.1414789282974
1174,ksqexp,2.5,0.2,0.5,0.01,-29364.38726246215,-26596.14160020016
1175,ksqexp,2.5,0.2,0.5,0,-639219423.3886061,-567175094.7105203
1176,ksqexp,2.5,0.2,1,0.5,-38.16366939689909,-36.79013354782373
1177,ksqexp,2.5,0.2,1,0.1,-524.120383338473,-472.7355081829097
1178,ksqexp,2.5,0.2,1,0.05,-1943.4565285936098,-1841.2251896170815
1179,ksqexp,2.5,0.2,1,0.01,-25788.608090161084,-22873.943429840354
1180,ksqexp,2.5,0.2,1,0,-319809686.9459069,-283747612.9285267
1181,ksqexp,2.5,0.2,1.5,0.5,-37.70672472556845,-36.12749381009545
1182,ksqexp,2.5,0.2,1.5,0.1,-511.8420205725325,-468.949046483029
1183,ksqexp,2.5,0.2,1.5,0.05,-1829.4655626559231,-1743.9909018863477
1184,ksqexp,2.5,0.2,1.5,0.01,-24062.973188343953,-21219.499977909854
1185,ksqexp,2.5,0.2,1.5,0,-213250901.9272591,-189200641.62396452
1186,ksqexp,2.5,0.5,0.5,0.5,-36.141353399013745,-34.60491660451959
1187,ksqexp,2.5,0.5,0.5,0.1,-517.6596569779772,-459.62762049666884
1188,ksqexp,2.5,0.5,0.5,0.05,-2041.597090009704,-1806.1100376793447
1189,ksqexp,2.5,0.5,0.5,0.01,-27197.139952475638,-20573.957465172978
1190,ksqexp,2.5,0.5,0.5,0,-4343717.984183924,-4140335.6501126485
1191,ksqexp,2.5,0.5,1,0.5,-35.517452601626225,-33.74145486177373
1192,ksqexp,2.5,0.5,1,0.1,-512.6415230264743,-456.91928078915737
1193,ksqexp,2.5,0.5,1,0.05,-1896.5765011710243,-1626.347521582782
1194,ksqexp,2.5,0.5,1,0.01,-20328.562147830653,-15659.686204695141
1195,ksqexp,2.5,0.5,1,0,-2171808.8299301,-2070120.1708299066
1196,ksqexp,2.5,0.5,1.5,0.5,-35.64586561439003,-33.8162020662284
1197,ksqexp,2.5,0.5,1.5,0.1,-503.5507646993548,-447.3665511291952
1198,ksqexp,2.5,0.5,1.5,0.05,-1790.8027097900665,-1493.8996483000185
1199,ksqexp,2.5,0.5,1.5,0.01,-16946.448069519025,-13373.940662561616
1200,ksqexp,2.5,0.5,1.5,0,-1447838.0646671234,-1380047.8460544387
1201,ksqexp,2.5,1,0.5,0.5,-36.22156374803794,-34.65139238587296
1202,ksqexp,2.5,1,0.5,0.1,-500.7561642525885,-416.81979015599825
1203,ksqexp,2.5,1,0.5,0.05,-1949.698871374473,-1491.3612780309438
1204,ksqexp,2.5,1,0.5,0.01,-26092.307617777085,-17993.167529737966
1205,ksqexp,2.5,1,0.5,0,-177736.41226470144,-137208.91843114188
1206,ksqexp,2.5,1,1,0.5,-36.2917290818254,-34.681308179473184
1207,ksqexp,2.5,1,1,0.1,-492.00464389203904,-393.73682740810347
1208,ksqexp,2.5,1,1,0.05,-1834.3345717652612,-1328.887530013814
1209,ksqexp,2.5,1,1,0.01,-20394.72397746538,-14823.327376681544
1210,ksqexp,2.5,1,1,0,-88829.95824302474,-68569.96762301736
1211,ksqexp,2.5,1,1.5,0.5,-36.882932957255804,-35.30477396901784
1212,ksqexp,2.5,1,1.5,0.1,-483.54958343580324,-376.61940899413526
1213,ksqexp,2.5,1,1.5,0.05,-1742.8005653540622,-1223.8395973241543
1214,ksqexp,2.5,1,1.5,0.01,-17296.56593143536,-12985.602093391552
1215,ksqexp,2.5,1,1.5,0,-59197.257541018334,-45693.10451326902
1216,ksqexp,2.5,1.5,0.5,0.5,-37.48920008474228,-35.839458909542735
1217,ksqexp,2.5,1.5,0.5,0.1,-481.427279596222,-386.47911462858934
1218,ksqexp,2.5,1.5,0.5,0.05,-1748.62485814052,-1295.366258174203
1219,ksqexp,2.5,1.5,0.5,0.01,-27973.338641262664,-19281.254587826304
1220,ksqexp,2.5,1.5,0.5,0,-87439.92900073933,-68662.9454821988
1221,ksqexp,2.5,1.5,1,0.5,-37.79457513202347,-36.12170549243495
1222,ksqexp,2.5,1.5,1,0.1,-457.4300435877276,-354.17603765525587
1223,ksqexp,2.5,1.5,1,0.05,-1631.7023468176276,-1153.2366006030688
1224,ksqexp,2.5,1.5,1,0.01,-21581.175381284273,-15129.225957394261
1225,ksqexp,2.5,1.5,1,0,-43692.284188848396,-34307.244271777614
1226,ksqexp,2.5,1.5,1.5,0.5,-38.560333388917854,-36.91125237827634
1227,ksqexp,2.5,1.5,1.5,0.1,-440.9345687262018,-333.0579096167092
1228,ksqexp,2.5,1.5,1.5,0.05,-1567.433062266969,-1083.701108694089
1229,ksqexp,2.5,1.5,1.5,0.01,-17506.77111525426,-12418.310491043703
1230,ksqexp,2.5,1.5,1.5,0,-29112.526415285854,-22858.134326885473
1231,ksqexp,2.5,2,0.5,0.5,-39.119983885659266,-37.334086077164464
1232,ksqexp,2.5,2,0.5,0.1,-444.4190186450735,-352.232178619336
1233,ksqexp,2.5,2,0.5,0.05,-1574.4503937467882,-1131.454560599019
1234,ksqexp,2.5,2,0.5,0.01,-23927.501642934963,-15358.607048042399
1235,ksqexp,2.5,2,0.5,0,-53204.83751020748,-35568.54498586384
1236,ksqexp,2.5,2,1,0.5,-39.46015721187542,-37.691109435246666
1237,ksqexp,2.5,2,1,0.1,-411.9090962398889,-312.4369641896161
1238,ksqexp,2.5,2,1,0.05,-1498.615446287077,-1026.161082343584
1239,ksqexp,2.5,2,1,0.01,-16715.153791579898,-10774.470895456336
1240,ksqexp,2.5,2,1,0,-26582.680281262423,-17767.595713895094
1241,ksqexp,2.5,2,1.5,0.5,-40.23373443450751,-38.531624806396195
1242,ksqexp,2.5,2,1.5,0.1,-397.02942917070544,-292.4828405978482
1243,ksqexp,2.5,2,1.5,0.05,-1456.1148334954187,-975.5032555208763
1244,ksqexp,2.5,2,1.5,0.01,-12774.766228779976,-8277.433186201431
1245,ksqexp,2.5,2,1.5,0,-17711.418464127048,-11836.736563384113
1246,ksqexp,2.5,2.5,0.5,0.5,-40.835582611506354,-38.9392110346118
1247,ksqexp,2.5,2.5,0.5,0.1,-408.25919207062185,-313.94563779736075
1248,ksqexp,2.5,2.5,0.5,0.05,-1437.4338660673286,-973.778763589264
1249,ksqexp,2.5,2.5,0.5,0.01,-16770.792229675924,-9813.886381627628
1250,ksqexp,2.5,2.5,0.5,0,-29188.551672795707,-16739.911403552836
1251,ksqexp,2.5,2.5,1,0.5,-41.04163307896156,-39.23483941025497
1252,ksqexp,2.5,2.5,1,0.1,-376.68702157271974,-273.1556843490565
1253,ksqexp,2.5,2.5,1,0.05,-1359.2296426533005,-872.3632543331053
1254,ksqexp,2.5,2.5,1,0.01,-10661.026113248734,-6180.9992442557395
1255,ksqexp,2.5,2.5,1,0,-14580.90515791841,-8359.591218928768
1256,ksqexp,2.5,2.5,1.5,0.5,-41.67820907262233,-39.99871756951403
1257,ksqexp,2.5,2.5,1.5,0.1,-364.3949159014061,-255.09764372758795
1258,ksqexp,2.5,2.5,1.5,0.05,-1302.8590553207257,-816.1964513834953
1259,ksqexp,2.5,2.5,1.5,0.01,-7806.103780384131,-4509.963726495734
1260,ksqexp,2.5,2.5,1.5,0,-9714.480286146509,-5568.941801116324
1261,ksqexp,2.5,3,0.5,0.5,-42.42612547487031,-40.452834579438274
1262,ksqexp,2.5,3,0.5,0.1,-380.17309418468295,-278.65690222089785
1263,ksqexp,2.5,3,0.5,0.05,-1318.746043800768,-831.2499231022316
1264,ksqexp,2.5,3,0.5,0.01,-12112.219178503943,-6230.662436789823
1265,ksqexp,2.5,3,0.5,0,-18497.898438857334,-9109.489712521852
1266,ksqexp,2.5,3,1,0.5,-42.3843233182709,-40.56769597165813
1267,ksqexp,2.5,3,1,0.1,-350.89793899464695,-239.57160523689512
1268,ksqexp,2.5,3,1,0.05,-1212.0845469248488,-721.2240927460405
1269,ksqexp,2.5,3,1,0.01,-7319.361752784344,-3692.009158747834
1270,ksqexp,2.5,3,1,0,-9240.351302136976,-4549.51969053209
1271,ksqexp,2.5,3,1.5,0.5,-42.83243408382867,-41.18823983511547
1272,ksqexp,2.5,3,1.5,0.1,-338.8934063682608,-222.78341825306248
1273,ksqexp,2.5,3,1.5,0.05,-1132.7111542474142,-655.6107347215883
1274,ksqexp,2.5,3,1.5,0.01,-5241.936578854718,-2625.313685095668
1275,ksqexp,2.5,3,1.5,0,-6157.292902633618,-3032.3203352526457
1276,ksqexp,2.5,3.5,0.5,0.5,-43.76346758399811,-41.733160525451176
1277,ksqexp,2.5,3.5,0.5,0.1,-360.82561780183994,-250.32724938867995
1278,ksqexp,2.5,3.5,0.5,0.05,-1216.2970081970434,-711.4175648596046
1279,ksqexp,2.5,3.5,0.5,0.01,-9839.597010457996,-4418.998773109802
1280,ksqexp,2.5,3.5,0.5,0,-14036.195763878113,-6021.302774321286
1281,ksqexp,2.5,3.5,1,0.5,-43.43796774771897,-41.60932619369526
1282,ksqexp,2.5,3.5,1,0.1,-331.8403718975289,-213.16233212294628
1283,ksqexp,2.5,3.5,1,0.05,-1092.1982864348938,-596.7538545316194
1284,ksqexp,2.5,3.5,1,0.01,-5787.584001643629,-2545.668658048793
1285,ksqexp,2.5,3.5,1,0,-7012.939863534117,-3009.4969910052464
1286,ksqexp,2.5,3.5,1.5,0.5,-43.73008484950765,-42.10417023207143
1287,ksqexp,2.5,3.5,1.5,0.1,-318.10113730907773,-196.6796249804681
1288,ksqexp,2.5,3.5,1.5,0.05,-1008.2570585572656,-531.4051995167594
1289,ksqexp,2.5,3.5,1.5,0.01,-4098.042405291169,-1790.8077652230234
1290,ksqexp,2.5,3.5,1.5,0,-4674.64521365494,-2008.3523842187265
1291,ksqexp,2.5,4,0.5,0.5,-44.813582396713784,-42.729943783982286
1292,ksqexp,2.5,4,0.5,0.1,-347.01958295839,-228.11397991634917
1293,ksqexp,2.5,4,0.5,0.05,-1141.7493669998764,-618.8199179887257
1294,ksqexp,2.5,4,0.5,0.01,-8558.406764273279,-3464.9848477859173
1295,ksqexp,2.5,4,0.5,0,-11633.12629808721,-4529.51192130909
1296,ksqexp,2.5,4,1,0.5,-44.23828647003806,-42.38157377835293
1297,ksqexp,2.5,4,1,0.1,-317.02818007448263,-192.33819612635105
1298,ksqexp,2.5,4,1,0.05,-1020.2280056619921,-510.7437500882513
1299,ksqexp,2.5,4,1,0.01,-4935.114259229449,-1964.4539040539405
1300,ksqexp,2.5,4,1,0,-5813.890930588177,-2266.7802210575624
1301,ksqexp,2.5,4,1.5,0.5,-44.44442016548011,-42.81642370225897
1302,ksqexp,2.5,4,1.5,0.1,-302.3677105868823,-176.41383229472828
1303,ksqexp,2.5,4,1.5,0.05,-939.4824907472141,-451.4482356455412
1304,ksqexp,2.5,4,1.5,0.01,-3466.9743568376084,-1374.620203771254
1305,ksqexp,2.5,4,1.5,0,-3876.9364603045906,-1515.326976185811
1306,ksqexp,2.5,6,0.5,0.5,-47.084928087811335,-44.8078475754537
1307,ksqexp,2.5,6,0.5,0.1,-312.7233161272239,-176.92652909886894
1308,ksqexp,2.5,6,0.5,0.05,-982.2231141000619,-435.42360346229043
1309,ksqexp,2.5,6,0.5,0.01,-4785.693466724518,-1659.8595374629765
1310,ksqexp,2.5,6,0.5,0,-5642.391066079104,-1918.9128000517755
1311,ksqexp,2.5,6,1,0.5,-46.02941587179256,-44.064434267103664
1312,ksqexp,2.5,6,1,0.1,-282.8542033147134,-148.24892358219415
1313,ksqexp,2.5,6,1,0.05,-842.6240175752032,-347.8642569873227
1314,ksqexp,2.5,6,1,0.01,-2593.1522197913732,-898.9484085234394
1315,ksqexp,2.5,6,1,0,-2823.684171525943,-968.456989391157
1316,ksqexp,2.5,6,1.5,0.5,-46.24748586901244,-44.695998211318276
1317,ksqexp,2.5,6,1.5,0.1,-268.53837606770793,-136.43344379344612
1318,ksqexp,2.5,6,1.5,0.05,-742.3193805015403,-299.0715077528268
1319,ksqexp,2.5,6,1.5,0.01,-1781.8126523779918,-622.7758292242235
1320,ksqexp,2.5,6,1.5,0,-1886.9058623313063,-654.4290422705412
1321,ksqexp,2.5,8,0.5,0.5,-48.353515902136486,-46.18482213767559
1322,ksqexp,2.5,8,0.5,0.1,-291.7904450995524,-156.70894070085572
1323,ksqexp,2.5,8,0.5,0.05,-830.6912748795959,-344.85073320898533
1324,ksqexp,2.5,8,0.5,0.01,-2757.4588879607736,-926.5682811573026
1325,ksqexp,2.5,8,0.5,0,-3051.8309505684297,-1010.4473201017054
1326,ksqexp,2.5,8,1,0.5,-47.03649125642658,-45.287171046986394
1327,ksqexp,2.5,8,1,0.1,-256.0136454183589,-128.71726908622014
1328,ksqexp,2.5,8,1,0.05,-654.4537516148841,-258.7257747110896
1329,ksqexp,2.5,8,1,0.01,-1453.2171236782406,-494.81260720473597
1330,ksqexp,2.5,8,1,0,-1530.342058167873,-516.7322001899665
1331,ksqexp,2.5,8,1.5,0.5,-47.222899806960584,-46.03732673670778
1332,ksqexp,2.5,8,1.5,0.1,-236.77434543489917,-117.04970349049348
1333,ksqexp,2.5,8,1.5,0.05,-545.0665852321771,-214.57458481997514
1334,ksqexp,2.5,8,1.5,0.01,-991.1559070214472,-345.0666887136245
1335,ksqexp,2.5,8,1.5,0,-1025.9697504400724,-354.95115021706107
1336,ksqexp,2.5,10,0.5,0.5,-49.35507505400895,-47.433924143860594
1337,ksqexp,2.5,10,0.5,0.1,-280.55223655728156,-148.80557478642362
1338,ksqexp,2.5,10,0.5,0.05,-724.2402226399821,-295.2626337846779
1339,ksqexp,2.5,10,0.5,0.01,-1919.5160909506162,-641.1806177867865
1340,ksqexp,2.5,10,0.5,0,-2069.5321291759424,-682.3137809911152
1341,ksqexp,2.5,10,1,0.5,-47.84659383454121,-46.36084113412111
1342,ksqexp,2.5,10,1,0.1,-237.4552262093631,-118.7921725852487
1343,ksqexp,2.5,10,1,0.05,-535.1112536519885,-210.91904279649037
1344,ksqexp,2.5,10,1,0.01,-1001.1321391127237,-343.03086327985335
1345,ksqexp,2.5,10,1,0,-1040.0103495076582,-353.6654449984656
1346,ksqexp,2.5,10,1.5,0.5,-47.96036004444828,-47.0722469207582
1347,ksqexp,2.5,10,1.5,0.1,-213.75900639081172,-106.2949707940485
1348,ksqexp,2.5,10,1.5,0.05,-430.50057774329593,-171.49295678419224
1349,ksqexp,2.5,10,1.5,0.01,-682.1500266769872,-242.13089793884907
1350,ksqexp,2.5,10,1.5,0,-699.6270795381668,-246.90665638511464
1351,ksqexp,2.5,25,0.5,0.5,-50.98040097067315,-49.33842364224288
1352,ksqexp,2.5,25,0.5,0.1,-268.44919957507386,-144.7409527202835
1353,ksqexp,2.5,25,0.5,0.05,-552.3279785260493,-232.58912707699045
1354,ksqexp,2.5,25,0.5,0.01,-987.4590867948554,-345.8313236430461
1355,ksqexp,2.5,25,0.5,0,-1027.1917316858353,-355.4150538868771
1356,ksqexp,2.5,25,1,0.5,-49.55497668862219,-48.26277708925707
1357,ksqexp,2.5,25,1,0.1,-208.0387441804561,-108.23126610298597
1358,ksqexp,2.5,25,1,0.05,-359.19990168702685,-151.0596525110732
1359,ksqexp,2.5,25,1,0.01,-509.7979616385606,-189.00173296649862
1360,ksqexp,2.5,25,1,0,-519.9361214089009,-191.4376229012344
1361,ksqexp,2.5,25,1.5,0.5,-49.68946828095448,-48.98515059455689
1362,ksqexp,2.5,25,1.5,0.1,-176.02407008882102,-93.22712307242568
1363,ksqexp,2.5,25,1.5,0.05,-272.46028836851775,-119.4598329601664
1364,ksqexp,2.5,25,1.5,0.01,-349.11656184301694,-138.4843019036651
1365,ksqexp,2.5,25,1.5,0,-353.64157470342946,-139.56913599491105
1366,kexp,1,0.2,0.5,0.5,-35.73132609244962,-35.350922970440905
1367,kexp,1,0.2,0.5,0.1,-43.31642761410636,-42.41395349029832
1368,kexp,1,0.2,0.5,0.05,-45.07657859207058,-44.145597559229806
1369,kexp,1,0.2,0.5,0.01,-45.76154549310571,-44.822262262209314
1370,kexp,1,0.2,0.5,0,-45.79168388100535,-44.85207049642251
1371,kexp,1,0.2,1,0.5,-34.95444194738124,-34.70129180147142
1372,kexp,1,0.2,1,0.1,-32.3521091557891,-31.936110087154656
1373,kexp,1,0.2,1,0.05,-32.38896677398488,-31.96674856862945
1374,kexp,1,0.2,1,0.01,-32.40790638664736,-31.983852156161845
1375,kexp,1,0.2,1,0,-32.40878202150149,-31.9846534705299
1376,kexp,1,0.2,1.5,0.5,-35.608816202807006,-35.434680587939205
1377,kexp,1,0.2,1.5,0.1,-30.992028545336026,-30.742901597455027
1378,kexp,1,0.2,1.5,0.05,-30.8025934866377,-30.551044615216664
1379,kexp,1,0.2,1.5,0.01,-30.74104584064654,-30.488774972882887
1380,kexp,1,0.2,1.5,0,-30.738471501681264,-30.486171228580492
1381,kexp,1,0.5,0.5,0.5,-35.39747933979013,-34.97851402510787
1382,kexp,1,0.5,0.5,0.1,-34.46942051790095,-33.35913835996195
1383,kexp,1,0.5,0.5,0.05,-34.61597977144372,-33.464022452730596
1384,kexp,1,0.5,0.5,0.01,-34.67059012338058,-33.50498855494638
1385,kexp,1,0.5,0.5,0,-34.6729548522922,-33.50678194354691
1386,kexp,1,0.5,1,0.5,-35.768024709487655,-35.48594971811093
1387,kexp,1,0.5,1,0.1,-31.59973527034932,-31.10065683570933
1388,kexp,1,0.5,1,0.05,-31.43099915386195,-30.922199144221057
1389,kexp,1,0.5,1,0.01,-31.376125983033443,-30.864183809951278
1390,kexp,1,0.5,1,0,-31.373830015164263,-30.861756620659133
1391,kexp,1,0.5,1.5,0.5,-37.43743761980005,-37.2482226896426
1392,kexp,1,0.5,1.5,0.1,-33.29166318595692,-33.00290741194338
1393,kexp,1,0.5,1.5,0.05,-33.12216080536157,-32.82944768365646
1394,kexp,1,0.5,1.5,0.01,-33.06708249672477,-32.77309542807321
1395,kexp,1,0.5,1.5,0,-33.06477850285041,-32.77073827975935
1396,kexp,1,1,0.5,0.5,-37.342860169512235,-36.92109800300885
1397,kexp,1,1,0.5,0.1,-36.50820245150062,-35.28098414187105
1398,kexp,1,1,0.5,0.05,-36.57860963845757,-35.30202488834787
1399,kexp,1,1,0.5,0.01,-36.60418158858165,-35.31128013441081
1400,kexp,1,1,0.5,0,-36.60528083511196,-35.3116939661713
1401,kexp,1,1,1,0.5,-38.16322491750673,-37.88287532364821
1402,kexp,1,1,1,0.1,-35.18291097567469,-34.65504984474901
1403,kexp,1,1,1,0.05,-35.078139833691466,-34.53892964858925
1404,kexp,1,1,1,0.01,-35.044426715460126,-34.501524774888644
1405,kexp,1,1,1,0,-35.0430200145229,-34.4999636145057
1406,kexp,1,1,1.5,0.5,-40.278599857698836,-40.10208544000372
1407,kexp,1,1,1.5,0.1,-37.449232848267,-37.162398820804256
1408,kexp,1,1,1.5,0.05,-37.3471811984095,-37.05582579242727
1409,kexp,1,1,1.5,0.01,-37.314295838706876,-37.021477392798246
1410,kexp,1,1,1.5,0,-37.31292317439544,-37.02004359735356
1411,kexp,1,1.5,0.5,0.5,-39.38957867426516,-38.96888274967868
1412,kexp,1,1.5,0.5,0.1,-39.83730176647222,-38.49426958412747
1413,kexp,1,1.5,0.5,0.05,-39.96232181278583,-38.560695282560054
1414,kexp,1,1.5,0.5,0.01,-40.005374254460094,-38.58430512021114
1415,kexp,1,1.5,0.5,0,-40.00720153645232,-38.58531479199544
1416,kexp,1,1.5,1,0.5,-40.115487113655014,-39.84095143783694
1417,kexp,1,1.5,1,0.1,-38.00869376060229,-37.454537632986664
1418,kexp,1,1.5,1,0.05,-37.94398177774365,-37.37662941261684
1419,kexp,1,1.5,1,0.01,-37.92333939130302,-37.35168437811907
1420,kexp,1,1.5,1,0,-37.92248001458252,-37.350644871731106
1421,kexp,1,1.5,1.5,0.5,-42.25237226198854,-42.09209700852607
1422,kexp,1,1.5,1.5,0.1,-40.11460847555847,-39.832960510201865
1423,kexp,1,1.5,1.5,0.05,-40.04238532207534,-39.75562670880223
1424,kexp,1,1.5,1.5,0.01,-40.0191966205488,-39.73078126900164
1425,kexp,1,1.5,1.5,0,-40.018229607362294,-39.72974499838038
1426,kexp,1,2,0.5,0.5,-41.018500414293314,-40.61832278260542
1427,kexp,1,2,0.5,0.1,-42.564577812167336,-41.14764967090669
1428,kexp,1,2,0.5,0.05,-42.740395469149895,-41.256052445181105
1429,kexp,1,2,0.5,0.01,-42.7999456954972,-41.29315972983057
1430,kexp,1,2,0.5,0,-42.80246289963224,-41.294732338372796
1431,kexp,1,2,1,0.5,-41.53446881145907,-41.280030219415416
1432,kexp,1,2,1,0.1,-40.001245517741204,-39.441639447556156
1433,kexp,1,2,1,0.05,-39.96110539186774,-39.386625330128936
1434,kexp,1,2,1,0.01,-39.94844411265955,-39.36910508706356
1435,kexp,1,2,1,0,-39.94791854456602,-39.3683759991064
1436,kexp,1,2,1.5,0.5,-43.59602868586174,-43.46237937341883
1437,kexp,1,2,1.5,0.1,-41.861689973583026,-41.599027920204406
1438,kexp,1,2,1.5,0.05,-41.8057302835767,-41.537475468097625
1439,kexp,1,2,1.5,0.01,-41.78780747110049,-41.517736866733685
1440,kexp,1,2,1.5,0,-41.787060526280264,-41.516913986088454
1441,kexp,1,2.5,0.5,0.5,-42.245041690286946,-41.88428026135989
1442,kexp,1,2.5,0.5,0.1,-44.60906669327696,-43.18397124132847
1443,kexp,1,2.5,0.5,0.05,-44.82271848335067,-43.32433361955555
1444,kexp,1,2.5,0.5,0.01,-44.89458229171107,-43.37173621287526
1445,kexp,1,2.5,0.5,0,-44.89761475026003,-43.373738447343094
1446,kexp,1,2.5,1,0.5,-42.547547410551125,-42.327675586449956
1447,kexp,1,2.5,1,0.1,-41.393244974684805,-40.857585953029826
1448,kexp,1,2.5,1,0.05,-41.368763883246054,-40.817257688586196
1449,kexp,1,2.5,1,0.01,-41.36117838216552,-40.80448724483158
1450,kexp,1,2.5,1,0,-41.36086499664562,-40.80395659940796
1451,kexp,1,2.5,1.5,0.5,-44.518638200835696,-44.42151033359297
1452,kexp,1,2.5,1.5,0.1,-43.034228207278304,-42.80738242231958
1453,kexp,1,2.5,1.5,0.05,-42.98799888999533,-42.75537139093173
1454,kexp,1,2.5,1.5,0.01,-42.97322076569009,-42.738713635874674
1455,kexp,1,2.5,1.5,0,-42.9726051788436,-42.7380194168337
1456,kexp,1,3,0.5,0.5,-43.165863669176254,-42.85590562040453
1457,kexp,1,3,0.5,0.1,-46.130555336145015,-44.75406739454913
1458,kexp,1,3,0.5,0.05,-46.37153664071182,-44.9192576776402
1459,kexp,1,3,0.5,0.01,-46.452291489829896,-44.97466632336017
1460,kexp,1,3,0.5,0,-46.45569595556153,-44.97700275115868
1461,kexp,1,3,1,0.5,-43.27947919942347,-43.10318843689904
1462,kexp,1,3,1,0.1,-42.38258042151653,-41.89449358682151
1463,kexp,1,3,1,0.05,-42.36845477011531,-41.86431520673785
1464,kexp,1,3,1,0.01,-42.364221019124024,-41.854822509431585
1465,kexp,1,3,1,0,-42.36404769440364,-41.85442875199429
1466,kexp,1,3,1.5,0.5,-45.166289389046945,-45.111188773050074
1467,kexp,1,3,1.5,0.1,-43.84420008801804,-43.66520060272378
1468,kexp,1,3,1.5,0.05,-43.804140686058254,-43.61946975435162
1469,kexp,1,3,1.5,0.01,-43.79135412969668,-43.60483719046537
1470,kexp,1,3,1.5,0,-43.79082170742026,-43.60422751901014
1471,kexp,1,3.5,0.5,0.5,-43.86627990418535,-43.61086527840276
1472,kexp,1,3.5,0.5,0.1,-47.28219521392622,-45.99005886046718
1473,kexp,1,3.5,0.5,0.05,-47.543348171099595,-46.17555055197689
1474,kexp,1,3.5,0.5,0.01,-47.630657827149406,-46.23751742895152
1475,kexp,1,3.5,0.5,0,-47.63433646903048,-46.240127746989515
1476,kexp,1,3.5,1,0.5,-43.81999414662899,-43.69029282677416
1477,kexp,1,3.5,1,0.1,-43.10507620893633,-42.67774748999746
1478,kexp,1,3.5,1,0.05,-43.098113630847706,-42.655102094350646
1479,kexp,1,3.5,1,0.01,-43.09619549102749,-42.648040480188236
1480,kexp,1,3.5,1,0,-43.096118898967234,-42.64774823480106
1481,kexp,1,3.5,1.5,0.5,-45.63344678583003,-45.621286808460354
1482,kexp,1,3.5,1.5,0.1,-44.421905462425684,-44.295979649999026
1483,kexp,1,3.5,1.5,0.05,-44.38597004430421,-44.25469489323869
1484,kexp,1,3.5,1.5,0.01,-44.37451337757604,-44.241495034192255
1485,kexp,1,3.5,1.5,0,-44.37403647568189,-44.24094516414206
1486,kexp,1,4,0.5,0.5,-44.407290719213755,-44.204797039411986
1487,kexp,1,4,0.5,0.1,-48.17212021821168,-46.980469433122025
1488,kexp,1,4,0.5,0.05,-48.448684816203794,-47.18315117210195
1489,kexp,1,4,0.5,0.01,-48.54099707579559,-47.250683804841046
1490,kexp,1,4,0.5,0,-48.54488490808839,-47.253526703945646
1491,kexp,1,4,1,0.5,-44.228037592497195,-44.14353958656909
1492,kexp,1,4,1,0.1,-43.64708097677119,-43.28452793866767
1493,kexp,1,4,1,0.05,-43.64530525484711,-43.267777949794734
1494,kexp,1,4,1,0.01,-43.64506220794919,-43.262618865427406
1495,kexp,1,4,1,0,-43.64505557358078,-43.262406061149285
1496,kexp,1,4,1.5,0.5,-45.97923678069735,-46.007675561237896
1497,kexp,1,4,1.5,0.1,-44.84643774904425,-44.773276263008185
1498,kexp,1,4,1.5,0.05,-44.81339758240569,-44.73532151632119
1499,kexp,1,4,1.5,0.01,-44.80287385643339,-44.72319437834558
1500,kexp,1,4,1.5,0,-44.80243589548049,-44.72268928028749
1501,kexp,1,6,0.5,0.5,-45.64273844364854,-45.597930773718424
1502,kexp,1,6,0.5,0.1,-50.232507566693705,-49.40259933178897
1503,kexp,1,6,0.5,0.05,-50.545482843014824,-49.65258510156449
1504,kexp,1,6,0.5,0.01,-50.64960575678313,-49.73550234406976
1505,kexp,1,6,0.5,0,-50.65398737168419,-49.73898888485109
1506,kexp,1,6,1,0.5,-45.13144395292019,-45.18161400612824
1507,kexp,1,6,1,0.1,-44.84594061597307,-44.695897504640804
1508,kexp,1,6,1,0.05,-44.85543534116004,-44.69371111759855
1509,kexp,1,6,1,0.01,-44.85882831439075,-44.693255929159356
1510,kexp,1,6,1,0,-44.85897349214385,-44.69323958140157
1511,kexp,1,6,1.5,0.5,-46.72212047668938,-46.867989641647064
1512,kexp,1,6,1.5,0.1,-45.75400141894249,-45.84232542718661
1513,kexp,1,6,1.5,0.05,-45.726921642730275,-45.812038630235
1514,kexp,1,6,1.5,0.01,-45.71831684853613,-45.8023819017282
1515,kexp,1,6,1.5,0,-45.717958965698905,-45.801979913654826
1516,kexp,1,8,0.5,0.5,-46.14919762128636,-46.18275545097808
1517,kexp,1,8,0.5,0.1,-51.10316132085796,-50.47236317522995
1518,kexp,1,8,0.5,0.05,-51.432713470983785,-50.74609188873479
1519,kexp,1,8,0.5,0.01,-51.542223061628995,-50.83676618258277
1520,kexp,1,8,0.5,0,-51.54682998635543,-50.840577636532
1521,kexp,1,8,1,0.5,-45.49328162981437,-45.60973595494289
1522,kexp,1,8,1,0.1,-45.33187103264573,-45.2924034241815
1523,kexp,1,8,1,0.05,-45.34613520141081,-45.296972213395655
1524,kexp,1,8,1,0.01,-45.351067263884545,-45.29870221517794
1525,kexp,1,8,1,0,-45.35127670616836,-45.29877716678256
1526,kexp,1,8,1.5,0.5,-47.01172810826134,-47.21385667363108
1527,kexp,1,8,1.5,0.1,-46.10960177947999,-46.27804094182809
1528,kexp,1,8,1.5,0.05,-46.08491067005699,-46.25110157849681
1529,kexp,1,8,1.5,0.01,-46.07707484036179,-46.24252404691452
1530,kexp,1,8,1.5,0,-46.0767490461743,-46.242167110268866
1531,kexp,1,10,0.5,0.5,-46.36893057919277,-46.43847331401554
1532,kexp,1,10,0.5,0.1,-51.489654720983005,-50.95100645839794
1533,kexp,1,10,0.5,0.05,-51.82709509793462,-51.23597244125698
1534,kexp,1,10,0.5,0.01,-51.939175729799906,-51.33032594867812
1535,kexp,1,10,0.5,0,-51.943890278997316,-51.334291596794685
1536,kexp,1,10,1,0.5,-45.650706647379096,-45.79701595088479
1537,kexp,1,10,1,0.1,-45.546490857589276,-45.556997314352635
1538,kexp,1,10,1,0.05,-45.56300629467216,-45.564721486086775
1539,kexp,1,10,1,0.01,-45.56866584700744,-45.567473192168244
1540,kexp,1,10,1,0,-45.56890567640311,-45.56759084215707
1541,kexp,1,10,1.5,0.5,-47.13763837336481,-47.36462366478818
1542,kexp,1,10,1.5,0.1,-46.2659253838285,-46.46982250381318
1543,kexp,1,10,1.5,0.05,-46.24235352642517,-46.44442900118283
1544,kexp,1,10,1.5,0.01,-46.23487831789035,-46.43635014037258
1545,kexp,1,10,1.5,0,-46.234567575606555,-46.43601402401382
1546,kexp,1,25,0.5,0.5,-46.612511596271766,-46.71773334735378
1547,kexp,1,25,0.5,0.1,-51.93344090773297,-51.483254520287886
1548,kexp,1,25,0.5,0.05,-52.2809207106219,-51.78126940658424
1549,kexp,1,25,0.5,0.01,-52.39628931526969,-51.879903017734996
1550,kexp,1,25,0.5,0,-52.401141673577975,-51.88404812787847
1551,kexp,1,25,1,0.5,-45.83362985706956,-46.00857406714213
1552,kexp,1,25,1,0.1,-45.8028209339301,-45.860193341341194
1553,kexp,1,25,1,0.05,-45.82234406007335,-45.87172023007905
1554,kexp,1,25,1,0.01,-45.82897786177932,-45.87570442984421
1555,kexp,1,25,1,0,-45.829258410369036,-45.875873600085995
1556,kexp,1,25,1.5,0.5,-47.289400379446,-47.53960892026769
1557,kexp,1,25,1.5,0.1,-46.458574492341604,-46.69505097043258
1558,kexp,1,25,1.5,0.05,-46.43655239198924,-46.67157551171074
1559,kexp,1,25,1.5,0.01,-46.4295772831913,-46.66411578640099
1560,kexp,1,25,1.5,0,-46.429287422700774,-46.6638055242243
1561,kexp,1.25,0.2,0.5,0.5,-35.657529028625405,-35.19135208683013
1562,kexp,1.25,0.2,0.5,0.1,-48.054420533550605,-46.87483530805383
1563,kexp,1.25,0.2,0.5,0.05,-51.01868439907492,-49.79334319821262
1564,kexp,1.25,0.2,0.5,0.01,-52.208907423169705,-50.97027192742749
1565,kexp,1.25,0.2,0.5,0,-52.26181348610465,-51.022655826127746
1566,kexp,1.25,0.2,1,0.5,-34.664459969134654,-34.35187415613995
1567,kexp,1.25,0.2,1,0.1,-33.74329299488776,-33.200270310030064
1568,kexp,1.25,0.2,1,0.05,-34.03352149936602,-33.48040245611414
1569,kexp,1.25,0.2,1,0.01,-34.14634919306697,-33.59028756548446
1570,kexp,1.25,0.2,1,0,-34.15129597412837,-33.595116220848475
1571,kexp,1.25,0.2,1.5,0.5,-35.06929472703538,-34.85468879649957
1572,kexp,1.25,0.2,1.5,0.1,-31.06043056444385,-30.737074222458887
1573,kexp,1.25,0.2,1.5,0.05,-30.942777122232048,-30.615466227028417
1574,kexp,1.25,0.2,1.5,0.01,-30.906602430202973,-30.57812901734822
1575,kexp,1.25,0.2,1.5,0,-30.90511357011803,-30.576593119071116
1576,kexp,1.25,0.5,0.5,0.5,-34.85931771231843,-34.31927436484828
1577,kexp,1.25,0.5,0.5,0.1,-35.53084056588426,-34.03810260779238
1578,kexp,1.25,0.5,0.5,0.05,-35.90758651522313,-34.35295570987709
1579,kexp,1.25,0.5,0.5,0.01,-36.04577522177221,-34.47085653404279
1580,kexp,1.25,0.5,0.5,0,-36.0517412420548,-34.47597332347036
1581,kexp,1.25,0.5,1,0.5,-34.99388942431951,-34.63084535192775
1582,kexp,1.25,0.5,1,0.1,-30.945684176678103,-30.276669761418425
1583,kexp,1.25,0.5,1,0.05,-30.792729762489763,-30.109266644477042
1584,kexp,1.25,0.5,1,0.01,-30.743267848530422,-30.055136175474885
1585,kexp,1.25,0.5,1,0,-30.741201343942052,-30.05287476349504
1586,kexp,1.25,0.5,1.5,0.5,-36.40864518562151,-36.166175288159835
1587,kexp,1.25,0.5,1.5,0.1,-32.00740471374368,-31.622740103762013
1588,kexp,1.25,0.5,1.5,0.05,-31.82392162277272,-31.433378861219715
1589,kexp,1.25,0.5,1.5,0.01,-31.764178631066006,-31.37174471586078
1590,kexp,1.25,0.5,1.5,0,-31.76167814462626,-31.369165343559413
1591,kexp,1.25,1,0.5,0.5,-36.47339773944361,-35.905065531932976
1592,kexp,1.25,1,0.5,0.1,-36.521701542820836,-34.822783173510736
1593,kexp,1.25,1,0.5,0.05,-36.70228255554399,-34.93007386255358
1594,kexp,1.25,1,0.5,0.01,-36.76622785121761,-34.969714176385025
1595,kexp,1.25,1,0.5,0,-36.76896122335162,-34.971425770117044
1596,kexp,1.25,1,1,0.5,-37.16663124245115,-36.79025503444198
1597,kexp,1.25,1,1,0.1,-34.147961731606586,-33.41790373090208
1598,kexp,1.25,1,1,0.05,-34.047003936289144,-33.30007473676872
1599,kexp,1.25,1,1,0.01,-34.01463732295853,-33.262211035269566
1600,kexp,1.25,1,1,0,-34.013288096771355,-33.260631725183764
1601,kexp,1.25,1,1.5,0.5,-39.10086348928832,-38.86452855798787
1602,kexp,1.25,1,1.5,0.1,-36.034557434628375,-35.639181040242256
1603,kexp,1.25,1,1.5,0.05,-35.92289727055203,-35.520801563381355
1604,kexp,1.25,1,1.5,0.01,-35.88689038974161,-35.48261801884385
1605,kexp,1.25,1,1.5,0,-35.885387154643446,-35.48102381027277
1606,kexp,1.25,1.5,0.5,0.5,-38.44197904067504,-37.84973146844543
1607,kexp,1.25,1.5,0.5,0.1,-39.70901898147549,-37.80231445885083
1608,kexp,1.25,1.5,0.5,0.05,-39.93237922293233,-37.93814728164196
1609,kexp,1.25,1.5,0.5,0.01,-40.00934489509964,-37.985959462116945
1610,kexp,1.25,1.5,0.5,0,-40.01261248789137,-37.98799988424183
1611,kexp,1.25,1.5,1,0.5,-39.125689286303746,-38.739305662414736
1612,kexp,1.25,1.5,1,0.1,-37.04486654011775,-36.252922621823814
1613,kexp,1.25,1.5,1,0.05,-36.988077817063484,-36.17631798785087
1614,kexp,1.25,1.5,1,0.01,-36.970143358417474,-36.15190963881542
1615,kexp,1.25,1.5,1,0,-36.96939868485823,-36.15089379952568
1616,kexp,1.25,1.5,1.5,0.5,-41.133670703250495,-40.905628927261475
1617,kexp,1.25,1.5,1.5,0.1,-38.84787910091001,-38.44172745581872
1618,kexp,1.25,1.5,1.5,0.05,-38.771262188148,-38.35740069348776
1619,kexp,1.25,1.5,1.5,0.01,-38.74667599952289,-38.33031168394555
1620,kexp,1.25,1.5,1.5,0,-38.74565085058086,-38.3291818713555
1621,kexp,1.25,2,0.5,0.5,-40.09293965001476,-39.49903966941037
1622,kexp,1.25,2,0.5,0.1,-42.47808544578795,-40.40204588269585
1623,kexp,1.25,2,0.5,0.05,-42.75146978943926,-40.57299783003837
1624,kexp,1.25,2,0.5,0.01,-42.8445401570514,-40.631832724926426
1625,kexp,1.25,2,0.5,0,-42.848479565124904,-40.634329715888846
1626,kexp,1.25,2,1,0.5,-40.61904104465835,-40.23889354222765
1627,kexp,1.25,2,1,0.1,-39.176182305407785,-38.342461504007005
1628,kexp,1.25,2,1,0.05,-39.14744775748019,-38.29090742758613
1629,kexp,1.25,2,1,0.01,-39.13863763782778,-38.2746271613734
1630,kexp,1.25,2,1,0,-39.13827471790212,-38.27395118316814
1631,kexp,1.25,2,1.5,0.5,-42.58462724865077,-42.37691645719767
1632,kexp,1.25,2,1.5,0.1,-40.76830882126549,-40.36553895048653
1633,kexp,1.25,2,1.5,0.05,-40.71121194060151,-40.299768581010376
1634,kexp,1.25,2,1.5,0.01,-40.692956977507166,-40.2786935268437
1635,kexp,1.25,2,1.5,0,-40.69219653556175,-40.27781510566359
1636,kexp,1.25,2.5,0.5,0.5,-41.37844008123427,-40.80839075138997
1637,kexp,1.25,2.5,0.5,0.1,-44.59648151728195,-42.42820428684259
1638,kexp,1.25,2.5,0.5,0.05,-44.90743983909394,-42.62496811733442
1639,kexp,1.25,2.5,0.5,0.01,-45.01268418014465,-42.691949035051394
1640,kexp,1.25,2.5,0.5,0,-45.01713236878717,-42.69478403335785
1641,kexp,1.25,2.5,1,0.5,-41.720048768113124,-41.365550958156426
1642,kexp,1.25,2.5,1,0.1,-40.69972587212764,-39.86037539947404
1643,kexp,1.25,2.5,1,0.05,-40.68878962058426,-39.824400273536114
1644,kexp,1.25,2.5,1,0.01,-40.68575452799898,-39.81315603411909
1645,kexp,1.25,2.5,1,0,-40.68563308341863,-39.812690426969176
1646,kexp,1.25,2.5,1.5,0.5,-43.61584675712659,-43.44243574730995
1647,kexp,1.25,2.5,1.5,0.1,-42.09293271450882,-41.71557420517692
1648,kexp,1.25,2.5,1.5,0.05,-42.04752992029642,-41.66087545265178
1649,kexp,1.25,2.5,1.5,0.01,-42.033059077795826,-41.643378295254834
1650,kexp,1.25,2.5,1.5,0,-42.032456755029614,-41.64264932490884
1651,kexp,1.25,3,0.5,0.5,-42.36901374588541,-41.84229360582019
1652,kexp,1.25,3,0.5,0.1,-46.1841568182232,-44.00248841397938
1653,kexp,1.25,3,0.5,0.05,-46.52092302359123,-44.217780889378865
1654,kexp,1.25,3,0.5,0.01,-46.63451711310299,-44.29059877666266
1655,kexp,1.25,3,0.5,0,-46.63931414391268,-44.29367587593124
1656,kexp,1.25,3,1,0.5,-42.534732602445594,-42.221077789977635
1657,kexp,1.25,3,1,0.1,-41.79620505338246,-40.98608344371598
1658,kexp,1.25,3,1,0.05,-41.79665915854222,-40.9603322997451
1659,kexp,1.25,3,1,0.01,-41.79731160991191,-40.952383256307314
1660,kexp,1.25,3,1,0,-41.797344266756006,-40.9520551953568
1661,kexp,1.25,3,1.5,0.5,-44.35881243957279,-44.23003906855455
1662,kexp,1.25,3,1.5,0.1,-43.02475710788082,-42.6923003248598
1663,kexp,1.25,3,1.5,0.05,-42.98663433565844,-42.64468480036126
1664,kexp,1.25,3,1.5,0.01,-42.974515175761496,-42.62947200276663
1665,kexp,1.25,3,1.5,0,-42.97401107443752,-42.62883840190128
1666,kexp,1.25,3.5,0.5,0.5,-43.14059085199243,-42.66862043515708
1667,kexp,1.25,3.5,0.5,0.1,-47.391431306735605,-45.25724201877826
1668,kexp,1.25,3.5,0.5,0.05,-47.74591007713398,-45.487008116206376
1669,kexp,1.25,3.5,0.5,0.01,-47.865207872597026,-45.5643862178596
1670,kexp,1.25,3.5,0.5,0,-47.87024290370958,-45.56765247817731
1671,kexp,1.25,3.5,1,0.5,-43.148625664526534,-42.8847078057839
1672,kexp,1.25,3.5,1,0.1,-42.60369557069773,-41.84791885692871
1673,kexp,1.25,3.5,1,0.05,-42.6116433758025,-41.82941159338664
1674,kexp,1.25,3.5,1,0.01,-42.61471570649009,-41.823792347541925
1675,kexp,1.25,3.5,1,0,-42.61484942351014,-41.82356148301035
1676,kexp,1.25,3.5,1.5,0.5,-44.90618950917158,-44.827332184688444
1677,kexp,1.25,3.5,1.5,0.1,-43.69816470304623,-43.42315259965681
1678,kexp,1.25,3.5,1.5,0.05,-43.664749908189364,-43.38040223782672
1679,kexp,1.25,3.5,1.5,0.01,-43.65414907629449,-43.366756135945856
1680,kexp,1.25,3.5,1.5,0,-43.653708363510646,-43.366187918024
1681,kexp,1.25,4,0.5,0.5,-43.75145948744551,-43.33877700015772
1682,kexp,1.25,4,0.5,0.1,-48.333160107662174,-46.285345130068805
1683,kexp,1.25,4,0.5,0.05,-48.700345166749116,-46.52755185282498
1684,kexp,1.25,4,0.5,0.01,-48.82371223201974,-46.60886533639541
1685,kexp,1.25,4,0.5,0,-48.828916814649894,-46.612295020453274
1686,kexp,1.25,4,1,0.5,-43.62153506395468,-43.41065264546439
1687,kexp,1.25,4,1,0.1,-43.21550362195682,-42.52831967846232
1688,kexp,1.25,4,1,0.05,-43.22861162061034,-42.51537030705712
1689,kexp,1.25,4,1,0.01,-43.23334596236947,-42.51153687517778
1690,kexp,1.25,4,1,0,-43.233549042522746,-42.51138049409498
1691,kexp,1.25,4,1.5,0.5,-45.31948166039142,-45.29146281060039
1692,kexp,1.25,4,1.5,0.1,-44.19928417733407,-43.98725094004255
1693,kexp,1.25,4,1.5,0.05,-44.16905591148403,-43.948080332929294
1694,kexp,1.25,4,1.5,0.01,-44.159481112904366,-43.93558591808751
1695,kexp,1.25,4,1.5,0,-44.15908321854729,-43.93506575204482
1696,kexp,1.25,6,0.5,0.5,-45.24035464685559,-45.038343597548774
1697,kexp,1.25,6,0.5,0.1,-50.63236496469263,-49.01886524920768
1698,kexp,1.25,6,0.5,0.05,-51.02949154146282,-49.30180296721725
1699,kexp,1.25,6,0.5,0.01,-51.16239925717027,-49.39617254639369
1700,kexp,1.25,6,0.5,0,-51.168000815154784,-49.40014634875464
1701,kexp,1.25,6,1,0.5,-44.72809938879116,-44.70269245718997
1702,kexp,1.25,6,1,0.1,-44.6293091733534,-44.221060404887034
1703,kexp,1.25,6,1,0.05,-44.65328063581215,-44.22278473926085
1704,kexp,1.25,6,1,0.01,-44.66150171115571,-44.22367134598445
1705,kexp,1.25,6,1,0,-44.66185017613082,-44.22371188638573
1706,kexp,1.25,6,1.5,0.5,-46.25342051868327,-46.39429455916453
1707,kexp,1.25,6,1.5,0.1,-45.31551141532829,-45.32967504524347
1708,kexp,1.25,6,1.5,0.05,-45.29163660437223,-45.299043931863395
1709,kexp,1.25,6,1.5,0.01,-45.284102832015996,-45.28929607856848
1710,kexp,1.25,6,1.5,0,-45.283790063189514,-45.288890498998356
1711,kexp,1.25,8,0.5,0.5,-45.934640598910335,-45.86174957024805
1712,kexp,1.25,8,0.5,0.1,-51.74909028033022,-50.44668901962223
1713,kexp,1.25,8,0.5,0.05,-52.16311923680567,-50.75721567155525
1714,kexp,1.25,8,0.5,0.01,-52.30144992409891,-50.860545715392604
1715,kexp,1.25,8,0.5,0,-52.307277537924186,-50.86489425262347
1716,kexp,1.25,8,1,0.5,-45.22713117583795,-45.31307658202362
1717,kexp,1.25,8,1,0.1,-45.27518970935263,-45.04791282988754
1718,kexp,1.25,8,1,0.05,-45.30442381514582,-45.05801467806149
1719,kexp,1.25,8,1,0.01,-45.314334986649214,-45.06160522449434
1720,kexp,1.25,8,1,0,-45.314753933333016,-45.06175867299166
1721,kexp,1.25,8,1.5,0.5,-46.659677409354586,-46.897830691942694
1722,kexp,1.25,8,1.5,0.1,-45.802550568956505,-45.9529859402705
1723,kexp,1.25,8,1.5,0.05,-45.78147848618265,-45.9267244800408
1724,kexp,1.25,8,1.5,0.01,-45.774844733807264,-45.91838376840535
1725,kexp,1.25,8,1.5,0,-45.77456949853578,-45.91803691318298
1726,kexp,1.25,10,0.5,0.5,-46.270755542062496,-46.26697850416633
1727,kexp,1.25,10,0.5,0.1,-52.31152110685267,-51.178454316419305
1728,kexp,1.25,10,0.5,0.05,-52.73555160677867,-51.504920726697115
1729,kexp,1.25,10,0.5,0.01,-52.8771215630096,-51.61345658218066
1730,kexp,1.25,10,0.5,0,-52.88308454472052,-51.61802314903559
1731,kexp,1.25,10,1,0.5,-45.46814722072258,-45.61222403846605
1732,kexp,1.25,10,1,0.1,-45.59474382685053,-45.462574639704776
1733,kexp,1.25,10,1,0.05,-45.62695418066231,-45.47731272754611
1734,kexp,1.25,10,1,0.01,-45.63782467532783,-45.48240298010896
1735,kexp,1.25,10,1,0,-45.63828366634557,-45.482619087234404
1736,kexp,1.25,10,1.5,0.5,-46.85446717589955,-47.14215025455138
1737,kexp,1.25,10,1.5,0.1,-46.039943699272776,-46.25996676307591
1738,kexp,1.25,10,1.5,0.05,-46.02040262901843,-46.23604342332493
1739,kexp,1.25,10,1.5,0.01,-46.014261488451496,-46.228456552182884
1740,kexp,1.25,10,1.5,0,-46.01400680695363,-46.2281411667024
1741,kexp,1.25,25,0.5,0.5,-46.65791743056023,-46.737284829150134
1742,kexp,1.25,25,0.5,0.1,-52.987214033308156,-52.04606703675251
1743,kexp,1.25,25,0.5,0.05,-53.42564949285037,-52.392828684105176
1744,kexp,1.25,25,0.5,0.01,-53.57193939867433,-52.50802018416983
1745,kexp,1.25,25,0.5,0,-53.57810023378547,-52.51286580556545
1746,kexp,1.25,25,1,0.5,-45.7592569803478,-45.969831145828785
1747,kexp,1.25,25,1,0.1,-45.995225991036776,-45.967492090490474
1748,kexp,1.25,25,1,0.05,-46.03193398398739,-45.98833256542181
1749,kexp,1.25,25,1,0.01,-46.044261911883844,-45.99540071985291
1750,kexp,1.25,25,1,0,-46.044781823065755,-45.99569950732245
1751,kexp,1.25,25,1.5,0.5,-47.09893263649303,-47.44124020688946
1752,kexp,1.25,25,1.5,0.1,-46.34708054972022,-46.641581647490234
1753,kexp,1.25,25,1.5,0.05,-46.329925815178946,-46.620809887735525
1754,kexp,1.25,25,1.5,0.01,-46.324554968083454,-46.61424040786837
1755,kexp,1.25,25,1.5,0,-46.32433245289206,-46.613967507976255
1756,kexp,1.5,0.2,0.5,0.5,-35.746631066061326,-35.21484207822987
1757,kexp,1.5,0.2,0.5,0.1,-53.14731731372335,-51.7077084724434
1758,kexp,1.5,0.2,0.5,0.05,-57.55646729688464,-56.04871885878324
1759,kexp,1.5,0.2,0.5,0.01,-59.38279531880649,-57.85497104557583
1760,kexp,1.5,0.2,0.5,0,-59.46482693869847,-57.936219435101705
1761,kexp,1.5,0.2,1,0.5,-34.54486614369718,-34.1822840671478
1762,kexp,1.5,0.2,1,0.1,-35.5942340302621,-34.9278610983993
1763,kexp,1.5,0.2,1,0.05,-36.224065224472554,-35.54229016573639
1764,kexp,1.5,0.2,1,0.01,-36.4663797368493,-35.78011926506274
1765,kexp,1.5,0.2,1,0,-36.47698881355354,-35.79054915170705
1766,kexp,1.5,0.2,1.5,0.5,-34.73351389801389,-34.482864164521885
1767,kexp,1.5,0.2,1.5,0.1,-31.60154108256819,-31.203817567268032
1768,kexp,1.5,0.2,1.5,0.05,-31.599267543431765,-31.195417464536025
1769,kexp,1.5,0.2,1.5,0.01,-31.604730042807535,-31.19908534794093
1770,kexp,1.5,0.2,1.5,0,-31.60503287178044,-31.199315823851627
1771,kexp,1.5,0.5,0.5,0.5,-34.61325168243496,-33.97782457642851
1772,kexp,1.5,0.5,0.5,0.1,-37.22190184573635,-35.36761493379467
1773,kexp,1.5,0.5,0.5,0.05,-37.90702616447745,-35.96682260224534
1774,kexp,1.5,0.5,0.5,0.01,-38.15975760650483,-36.19131980882696
1775,kexp,1.5,0.5,0.5,0,-38.17069125427991,-36.201071821339696
1776,kexp,1.5,0.5,1,0.5,-34.48969605742546,-34.05787255988345
1777,kexp,1.5,0.5,1,0.1,-30.789234346686598,-29.954814162540412
1778,kexp,1.5,0.5,1,0.05,-30.674639012458027,-29.82003276998375
1779,kexp,1.5,0.5,1,0.01,-30.63845761662645,-29.7773272570461
1780,kexp,1.5,0.5,1,0,-30.63695584214413,-29.775553165351006
1781,kexp,1.5,0.5,1.5,0.5,-35.661042396586936,-35.37069579036534
1782,kexp,1.5,0.5,1.5,0.1,-31.166903411672205,-30.685929279719893
1783,kexp,1.5,0.5,1.5,0.05,-30.979856403735283,-30.49062585373991
1784,kexp,1.5,0.5,1.5,0.01,-30.918918399022775,-30.42703206672781
1785,kexp,1.5,0.5,1.5,0,-30.916367471478807,-30.424370380069462
1786,kexp,1.5,1,0.5,0.5,-35.96557893595002,-35.27935570241221
1787,kexp,1.5,1,0.5,0.1,-37.234628685766005,-35.089416749167945
1788,kexp,1.5,1,0.5,0.05,-37.569040176661225,-35.322647036542726
1789,kexp,1.5,1,0.5,0.01,-37.6870995603719,-35.40700582114214
1790,kexp,1.5,1,0.5,0,-37.6921436587236,-35.41063169689558
1791,kexp,1.5,1,1,0.5,-36.46348298319387,-36.005517121838494
1792,kexp,1.5,1,1,0.1,-33.570852908958116,-32.64455515142019
1793,kexp,1.5,1,1,0.05,-33.48499366052689,-32.53524841406421
1794,kexp,1.5,1,1,0.01,-33.45776277674326,-32.50036113700868
1795,kexp,1.5,1,1,0,-33.45663086907318,-32.4989085987303
1796,kexp,1.5,1,1.5,0.5,-38.19548011626358,-37.90566910379339
1797,kexp,1.5,1,1.5,0.1,-34.99094399424921,-34.48705222564769
1798,kexp,1.5,1,1.5,0.05,-34.87454979140193,-34.361265328087754
1799,kexp,1.5,1,1.5,0.01,-34.83701697928705,-34.32068534166695
1800,kexp,1.5,1,1.5,0,-34.83545003925104,-34.31899099940494
1801,kexp,1.5,1.5,0.5,0.5,-37.855109169566504,-37.12281394198903
1802,kexp,1.5,1.5,0.5,0.1,-40.28712152082728,-37.849540829909145
1803,kexp,1.5,1.5,0.5,0.05,-40.646994316582585,-38.08857604705238
1804,kexp,1.5,1.5,0.5,0.01,-40.77133383116229,-38.17246195041787
1805,kexp,1.5,1.5,0.5,0,-40.77661687067183,-38.17603993231614
1806,kexp,1.5,1.5,1,0.5,-38.40596397603908,-37.92387946890447
1807,kexp,1.5,1.5,1,0.1,-36.49573598847504,-35.47389922547471
1808,kexp,1.5,1.5,1,0.05,-36.45628229076715,-35.406832913143546
1809,kexp,1.5,1.5,1,0.01,-36.44420081850603,-35.385706048238596
1810,kexp,1.5,1.5,1,0,-36.44370335306352,-35.38482944751069
1811,kexp,1.5,1.5,1.5,0.5,-40.24780569204586,-39.95874705451371
1812,kexp,1.5,1.5,1.5,0.1,-37.892877073285455,-37.36241933666052
1813,kexp,1.5,1.5,1.5,0.05,-37.815784229256245,-37.27448497352621
1814,kexp,1.5,1.5,1.5,0.01,-37.791085046167915,-37.24625967828965
1815,kexp,1.5,1.5,1.5,0,-37.79005561392438,-37.245082719307945
1816,kexp,1.5,2,0.5,0.5,-39.50812259138876,-38.751177066327905
1817,kexp,1.5,2,0.5,0.1,-43.08996500380323,-40.393236881574346
1818,kexp,1.5,2,0.5,0.05,-43.49800338823439,-40.65918809080433
1819,kexp,1.5,2,0.5,0.01,-43.637569148022685,-40.75100861318336
1820,kexp,1.5,2,0.5,0,-43.643484005497236,-40.75490902512175
1821,kexp,1.5,2,1,0.5,-39.94351602715285,-39.453174106832286
1822,kexp,1.5,2,1,0.1,-38.72836549433261,-37.62862045228162
1823,kexp,1.5,2,1,0.05,-38.719959009776055,-37.58817036381364
1824,kexp,1.5,2,1,0.01,-38.71797954069397,-37.57567099954781
1825,kexp,1.5,2,1,0,-38.717904775188835,-37.575155041570014
1826,kexp,1.5,2,1.5,0.5,-41.76710630795594,-41.490623706809956
1827,kexp,1.5,2,1.5,0.1,-39.93942048232425,-39.39514347767018
1828,kexp,1.5,2,1.5,0.05,-39.88481921640977,-39.32820044759071
1829,kexp,1.5,2,1.5,0.01,-39.867425669986496,-39.306785988133
1830,kexp,1.5,2,1.5,0,-39.866701798483476,-39.305893813786064
1831,kexp,1.5,2.5,0.5,0.5,-40.82783058036764,-40.07397888763438
1832,kexp,1.5,2.5,0.5,0.1,-45.27146783359771,-42.396201009034435
1833,kexp,1.5,2.5,0.5,0.05,-45.71688718832244,-42.681572338331186
1834,kexp,1.5,2.5,0.5,0.01,-45.86845983738181,-42.77922548976769
1835,kexp,1.5,2.5,0.5,0,-45.87487527079026,-42.78336442281223
1836,kexp,1.5,2.5,1,0.5,-41.105845617740684,-40.62866449493282
1837,kexp,1.5,2.5,1,0.1,-40.35523723334424,-39.21665481786214
1838,kexp,1.5,2.5,1,0.05,-40.36667155059979,-39.19246748982189
1839,kexp,1.5,2.5,1,0.01,-40.37113321313173,-39.18521651373344
1840,kexp,1.5,2.5,1,0,-40.371327810285116,-39.184919700170326
1841,kexp,1.5,2.5,1.5,0.5,-42.876125401820104,-42.62818061419944
1842,kexp,1.5,2.5,1.5,0.1,-41.38202967571915,-40.848687644558254
1843,kexp,1.5,2.5,1.5,0.05,-41.34100431174344,-40.79420437300451
1844,kexp,1.5,2.5,1.5,0.01,-41.32800880345386,-40.776818755158814
1845,kexp,1.5,2.5,1.5,0,-41.32746875684759,-40.7760948926901
1846,kexp,1.5,3,0.5,0.5,-41.863045570981114,-41.13608442834242
1847,kexp,1.5,3,0.5,0.1,-46.913055295534654,-43.94994330569882
1848,kexp,1.5,3,0.5,0.05,-47.38306943411872,-44.2473533280902
1849,kexp,1.5,3,0.5,0.01,-47.5425233742296,-44.34855964222318
1850,kexp,1.5,3,0.5,0,-47.54926721058592,-44.35284316647528
1851,kexp,1.5,3,1,0.5,-41.98178512839931,-41.536435872242805
1852,kexp,1.5,3,1,0.1,-41.53820121676212,-40.402483623598556
1853,kexp,1.5,3,1,0.05,-41.56207974518137,-40.388467294322645
1854,kexp,1.5,3,1,0.01,-41.57056963526648,-40.3844836975955
1855,kexp,1.5,3,1,0,-41.570932564895024,-40.38432315076686
1856,kexp,1.5,3,1.5,0.5,-43.6918114878804,-43.48580652936054
1857,kexp,1.5,3,1.5,0.1,-42.41217157525445,-41.914306051287724
1858,kexp,1.5,3,1.5,0.05,-42.379525006186725,-41.86762749152122
1859,kexp,1.5,3,1.5,0.01,-42.36923801750275,-41.85275870248228
1860,kexp,1.5,3,1.5,0,-42.36881111639561,-41.85213991226475
1861,kexp,1.5,3.5,0.5,0.5,-42.68103611878168,-41.99766809688438
1862,kexp,1.5,3.5,0.5,0.1,-48.159246395281244,-45.18539802959489
1863,kexp,1.5,3.5,0.5,0.05,-48.644638437391066,-45.490849512240935
1864,kexp,1.5,3.5,0.5,0.01,-48.80896250718257,-45.594382044674
1865,kexp,1.5,3.5,0.5,0,-48.81590863406311,-45.59875966951596
1866,kexp,1.5,3.5,1,0.5,-42.65120746942205,-42.2506588974768
1867,kexp,1.5,3.5,1,0.1,-42.41372741593737,-41.314388173806016
1868,kexp,1.5,3.5,1,0.05,-42.44543446068772,-41.307143547361385
1869,kexp,1.5,3.5,1,0.01,-42.45644818709315,-41.305325835455854
1870,kexp,1.5,3.5,1,0,-42.45691647282568,-41.30525551489916
1871,kexp,1.5,3.5,1.5,0.5,-44.3026061652362,-44.14711288004728
1872,kexp,1.5,3.5,1.5,0.1,-43.164207169717656,-42.719972482073274
1873,kexp,1.5,3.5,1.5,0.05,-43.13684700779879,-42.67849023304594
1874,kexp,1.5,3.5,1.5,0.01,-43.12826490950181,-42.66529326650424
1875,kexp,1.5,3.5,1.5,0,-43.127909185810765,-42.664744230094435
1876,kexp,1.5,4,0.5,0.5,-43.33738889034611,-42.70745913129193
1877,kexp,1.5,4,0.5,0.1,-49.12990121694603,-46.20137031583472
1878,kexp,1.5,4,0.5,0.05,-49.62508688183792,-46.51338620855927
1879,kexp,1.5,4,0.5,0.01,-49.79245720962802,-46.61882440557986
1880,kexp,1.5,4,0.5,0,-49.79952923867033,-46.62327920980093
1881,kexp,1.5,4,1,0.5,-43.173226898981966,-42.82475257143279
1882,kexp,1.5,4,1,0.1,-43.079281930127785,-42.03882640168908
1883,kexp,1.5,4,1,0.05,-43.1160615796535,-42.036519938929594
1884,kexp,1.5,4,1,0.01,-43.1287024582274,-42.03627701206848
1885,kexp,1.5,4,1,0,-43.12923857968455,-42.036272243335574
1886,kexp,1.5,4,1.5,0.5,-44.770126588775305,-44.669052633941085
1887,kexp,1.5,4,1.5,0.1,-43.72815593974941,-43.34820310138475
1888,kexp,1.5,4,1.5,0.05,-43.704246587562174,-43.31043130423311
1889,kexp,1.5,4,1.5,0.01,-43.696774537597946,-43.298426025584966
1890,kexp,1.5,4,1.5,0,-43.696465126753544,-43.2979266879148
1891,kexp,1.5,6,0.5,0.5,-44.995019727590275,-44.59030561565525
1892,kexp,1.5,6,0.5,0.1,-51.54437571428339,-49.01916361219442
1893,kexp,1.5,6,0.5,0.05,-52.06003572715986,-49.35847665716608
1894,kexp,1.5,6,0.5,0.01,-52.23362675599487,-49.47231712535512
1895,kexp,1.5,6,0.5,0,-52.24095415979186,-49.477118169859246
1896,kexp,1.5,6,1,0.5,-44.432206437598815,-44.29227596801151
1897,kexp,1.5,6,1,0.1,-44.64488713702863,-43.9021584367823
1898,kexp,1.5,6,1,0.05,-44.69139784274945,-43.91303853539994
1899,kexp,1.5,6,1,0.01,-44.707133465753245,-43.917006095982515
1900,kexp,1.5,6,1,0,-44.707798315398705,-43.917176650669184
1901,kexp,1.5,6,1.5,0.5,-45.85859971573428,-45.95828904987007
1902,kexp,1.5,6,1.5,0.1,-45.010493906736144,-44.89308887359265
1903,kexp,1.5,6,1.5,0.05,-44.993033427067,-44.86409148642329
1904,kexp,1.5,6,1.5,0.01,-44.987626485829146,-44.854901533148585
1905,kexp,1.5,6,1.5,0,-44.987403133998576,-44.85451957767351
1906,kexp,1.5,8,0.5,0.5,-45.83115438026786,-45.59228468236875
1907,kexp,1.5,8,0.5,0.1,-52.81843551260001,-50.66861716024442
1908,kexp,1.5,8,0.5,0.05,-53.34856604063361,-51.03458504574568
1909,kexp,1.5,8,0.5,0.01,-53.526679794746165,-51.1569897238716
1910,kexp,1.5,8,0.5,0,-53.534194360247156,-51.162147892292914
1911,kexp,1.5,8,1,0.5,-45.04118373537016,-45.04839517521743
1912,kexp,1.5,8,1,0.1,-45.410499263427965,-44.900289450969105
1913,kexp,1.5,8,1,0.05,-45.46210787382286,-44.92009458729107
1914,kexp,1.5,8,1,0.01,-45.479467397834604,-44.92693285787575
1915,kexp,1.5,8,1,0,-45.48019982320251,-44.92722317646614
1916,kexp,1.5,8,1.5,0.5,-46.36384560486573,-46.59669174062691
1917,kexp,1.5,8,1.5,0.1,-45.60535422242412,-45.67149482414707
1918,kexp,1.5,8,1.5,0.05,-45.590840097747865,-45.647476084776606
1919,kexp,1.5,8,1.5,0.01,-45.58637582164766,-45.63988688268959
1920,kexp,1.5,8,1.5,0,-45.58619174425177,-45.639571704591305
1921,kexp,1.5,10,0.5,0.5,-46.26998700926327,-46.132640834891724
1922,kexp,1.5,10,0.5,0.1,-53.52535760346666,-51.61285172576262
1923,kexp,1.5,10,0.5,0.05,-54.0665031351986,-51.99782681365814
1924,kexp,1.5,10,0.5,0.01,-54.24815250108982,-52.1264177976451
1925,kexp,1.5,10,0.5,0,-54.255814455153875,-52.13183482228119
1926,kexp,1.5,10,1,0.5,-45.35823385946386,-45.452509913443066
1927,kexp,1.5,10,1,0.1,-45.82227738179348,-45.45119709570629
1928,kexp,1.5,10,1,0.05,-45.8773342164896,-45.47678856347901
1929,kexp,1.5,10,1,0.01,-45.895801526326835,-45.485496243219856
1930,kexp,1.5,10,1,0,-45.896580153008564,-45.48586464162938
1931,kexp,1.5,10,1.5,0.5,-46.62346683001411,-46.93247605532632
1932,kexp,1.5,10,1.5,0.1,-45.91752814605363,-46.08908494852276
1933,kexp,1.5,10,1.5,0.05,-45.90485710808612,-46.06808805788655
1934,kexp,1.5,10,1.5,0.01,-45.9009848714275,-46.061472551439834
1935,kexp,1.5,10,1.5,0,-45.90082548569081,-46.061198014812625
1936,kexp,1.5,25,0.5,0.5,-46.8084875599728,-46.81780166650861
1937,kexp,1.5,25,0.5,0.1,-54.44069468835049,-52.846930644710234
1938,kexp,1.5,25,0.5,0.05,-55.001127876813825,-53.25999989832542
1939,kexp,1.5,25,0.5,0.01,-55.18911398548076,-53.39781054069932
1940,kexp,1.5,25,0.5,0,-55.19704175178725,-53.4036141946333
1941,kexp,1.5,25,1,0.5,-45.76432914578232,-45.976505116136245
1942,kexp,1.5,25,1,0.1,-46.3758240761068,-46.18360597711799
1943,kexp,1.5,25,1,0.05,-46.437061696365625,-46.21787394891109
1944,kexp,1.5,25,1,0.01,-46.45753436279727,-46.2293950292592
1945,kexp,1.5,25,1,0,-46.4583968395671,-46.22988104632613
1946,kexp,1.5,25,1.5,0.5,-46.96799267373169,-47.37544313269324
1947,kexp,1.5,25,1.5,0.1,-46.34841735403734,-46.65107713566783
1948,kexp,1.5,25,1.5,0.05,-46.33908125821687,-46.634647156681716
1949,kexp,1.5,25,1.5,0.01,-46.336286357732156,-46.62950637851576
1950,kexp,1.5,25,1.5,0,-46.33617196889085,-46.629293430290595
1951,kexp,1.75,0.2,0.5,0.5,-35.913201626925975,-35.330434964598865
1952,kexp,1.75,0.2,0.5,0.1,-58.37609881999825,-56.68834560754248
1953,kexp,1.75,0.2,0.5,0.05,-64.44025676347674,-62.65687058157037
1954,kexp,1.75,0.2,0.5,0.01,-67.02946176917159,-65.21723755757652
1955,kexp,1.75,0.2,0.5,0,-67.14698169848091,-65.3336354134722
1956,kexp,1.75,0.2,1,0.5,-34.522154927965545,-34.11608991898312
1957,kexp,1.75,0.2,1,0.1,-37.73260110589689,-36.94429081419874
1958,kexp,1.75,0.2,1,0.05,-38.782156172475034,-37.971611744544646
1959,kexp,1.75,0.2,1,0.01,-39.18904257451055,-38.37198043661788
1960,kexp,1.75,0.2,1,0,-39.20690924407843,-38.38958736160359
1961,kexp,1.75,0.2,1.5,0.5,-34.5245157987022,-34.24039778274164
1962,kexp,1.75,0.2,1.5,0.1,-32.46355499038096,-31.989989410682245
1963,kexp,1.75,0.2,1.5,0.05,-32.61816563940463,-32.13560104923265
1964,kexp,1.75,0.2,1.5,0.01,-32.68140499430562,-32.19619761104607
1965,kexp,1.75,0.2,1.5,0,-32.684208525839416,-32.19889477754386
1966,kexp,1.75,0.5,0.5,0.5,-34.52488252036204,-33.81434697785764
1967,kexp,1.75,0.5,0.5,0.1,-39.290249759536884,-37.08914910088816
1968,kexp,1.75,0.5,0.5,0.05,-40.35759371473951,-38.04254277381422
1969,kexp,1.75,0.5,0.5,0.01,-40.755637359648276,-38.40300631531749
1970,kexp,1.75,0.5,0.5,0,-40.77291569051853,-38.418711971752934
1971,kexp,1.75,0.5,1,0.5,-34.15125971054875,-33.659730843831476
1972,kexp,1.75,0.5,1,0.1,-30.97422609059951,-29.976061203291106
1973,kexp,1.75,0.5,1,0.05,-30.92017832742454,-29.895006457114594
1974,kexp,1.75,0.5,1,0.01,-30.905221332384023,-29.87131452303602
1975,kexp,1.75,0.5,1,0,-30.904625168101155,-29.870353816695577
1976,kexp,1.75,0.5,1.5,0.5,-35.10071745032538,-34.76595682202163
1977,kexp,1.75,0.5,1.5,0.1,-30.647066000611726,-30.067630273659187
1978,kexp,1.75,0.5,1.5,0.05,-30.46689440196759,-29.876329903232865
1979,kexp,1.75,0.5,1.5,0.01,-30.408303310279337,-29.814158700958405
1980,kexp,1.75,0.5,1.5,0,-30.405851760665186,-29.811557865048158
1981,kexp,1.75,1,0.5,0.5,-35.66991582975117,-34.88977431696107
1982,kexp,1.75,1,0.5,0.1,-38.38342573447308,-35.81082195653024
1983,kexp,1.75,1,0.5,0.05,-38.91271995143881,-36.20673501988099
1984,kexp,1.75,1,0.5,0.01,-39.1001874482514,-36.349559114404315
1985,kexp,1.75,1,0.5,0,-39.1082053133392,-36.35569608963179
1986,kexp,1.75,1,1,0.5,-35.950379523230175,-35.42223446422485
1987,kexp,1.75,1,1,0.1,-33.31475612399124,-32.19468932672362
1988,kexp,1.75,1,1,0.05,-33.25509082409555,-32.10383146527046
1989,kexp,1.75,1,1,0.01,-33.236780699094275,-32.0753111251368
1990,kexp,1.75,1,1,0,-33.23602643187517,-32.074129029313134
1991,kexp,1.75,1,1.5,0.5,-37.481688961059014,-37.14273217386249
1992,kexp,1.75,1,1.5,0.1,-34.22445313676324,-33.609626805961724
1993,kexp,1.75,1,1.5,0.05,-34.10827377159458,-33.48084636224601
1994,kexp,1.75,1,1.5,0.01,-34.070852093411894,-33.43932990258917
1995,kexp,1.75,1,1.5,0,-34.06929023811021,-33.43759677593225
1996,kexp,1.75,1.5,0.5,0.5,-37.48974910398283,-36.64547539806034
1997,kexp,1.75,1.5,0.5,0.1,-41.3114679298229,-38.36756930704808
1998,kexp,1.75,1.5,0.5,0.05,-41.84278504312869,-38.73968491405624
1999,kexp,1.75,1.5,0.5,0.01,-42.027168722656384,-38.87046354133431
2000,kexp,1.75,1.5,0.5,0,-42.035012518768944,-38.87604461205902
2001,kexp,1.75,1.5,1,0.5,-37.867753241775794,-37.30370833742834
2002,kexp,1.75,1.5,1,0.1,-36.24229217505459,-34.99436089240782
2003,kexp,1.75,1.5,1,0.05,-36.229233525432676,-34.94451251057902
2004,kexp,1.75,1.5,1,0.01,-36.226072643738895,-34.92926325707601
2005,kexp,1.75,1.5,1,0,-36.22595206414695,-34.928635603778474
2006,kexp,1.75,1.5,1.5,0.5,-39.53349687305843,-39.18864509811574
2007,kexp,1.75,1.5,1.5,0.1,-37.17838018102174,-36.521178925718
2008,kexp,1.75,1.5,1.5,0.05,-37.10474587462914,-36.43293948188611
2009,kexp,1.75,1.5,1.5,0.01,-37.081234412947126,-36.4046677059976
2010,kexp,1.75,1.5,1.5,0,-37.08025534599922,-36.40348936774734
2011,kexp,1.75,2,0.5,0.5,-39.140337990943195,-38.25094348008793
2012,kexp,1.75,2,0.5,0.1,-44.14831589049791,-40.86258122081027
2013,kexp,1.75,2,0.5,0.05,-44.72419400450142,-41.25110991620496
2014,kexp,1.75,2,0.5,0.01,-44.922182163702935,-41.38575486927586
2015,kexp,1.75,2,0.5,0,-44.93058454153007,-41.39148038473888
2016,kexp,1.75,2,1,0.5,-39.434074080058494,-38.84859299899795
2017,kexp,1.75,2,1,0.1,-38.553328358328315,-37.192720880665696
2018,kexp,1.75,2,1,0.05,-38.57367548488585,-37.17024473375982
2019,kexp,1.75,2,1,0.01,-38.58137556879726,-37.16383975437931
2020,kexp,1.75,2,1,0,-38.58170934657605,-37.163581482191255
2021,kexp,1.75,2,1.5,0.5,-41.098294333978494,-40.75829422117367
2022,kexp,1.75,2,1.5,0.1,-39.320558117838225,-38.63184159009151
2023,kexp,1.75,2,1.5,0.05,-39.272051964751704,-38.56660744913301
2024,kexp,1.75,2,1.5,0.01,-39.25671159281273,-38.545804602409426
2025,kexp,1.75,2,1.5,0,-39.25607438165176,-38.54493861473909
2026,kexp,1.75,2.5,0.5,0.5,-40.486282573801844,-39.5792619572235
2027,kexp,1.75,2.5,0.5,0.1,-46.39360494661784,-42.84812226781584
2028,kexp,1.75,2.5,0.5,0.05,-47.00614305642169,-43.24876738299622
2029,kexp,1.75,2.5,0.5,0.01,-47.215728502699974,-43.38651706820213
2030,kexp,1.75,2.5,0.5,0,-47.22461226198963,-43.392362867988986
2031,kexp,1.75,2.5,1,0.5,-40.64339535465941,-40.05831787981835
2032,kexp,1.75,2.5,1,0.1,-40.26635170008259,-38.83378940849438
2033,kexp,1.75,2.5,1,0.05,-40.30834223660759,-38.82788527253762
2034,kexp,1.75,2.5,1,0.01,-40.32306725158207,-38.82680928294152
2035,kexp,1.75,2.5,1,0,-40.323694788110174,-38.82677330477055
2036,kexp,1.75,2.5,1.5,0.5,-42.26570898167014,-41.94732973389254
2037,kexp,1.75,2.5,1.5,0.1,-40.85803697286313,-40.16423718398486
2038,kexp,1.75,2.5,1.5,0.05,-40.82484875440493,-40.11264100689417
2039,kexp,1.75,2.5,1.5,0.01,-40.814475291005905,-40.09624861108582
2040,kexp,1.75,2.5,1.5,0,-40.81404573021099,-40.09556688376217
2041,kexp,1.75,3,0.5,0.5,-41.55741247597579,-40.658183512982376
2042,kexp,1.75,3,0.5,0.1,-48.09173957132657,-44.3841818471736
2043,kexp,1.75,3,0.5,0.05,-48.72757707728982,-44.7899914950385
2044,kexp,1.75,3,0.5,0.01,-48.94450634051596,-44.92880971700539
2045,kexp,1.75,3,0.5,0,-48.95369468067119,-44.93469330158906
2046,kexp,1.75,3,1,0.5,-41.569174558784674,-41.004844753469264
2047,kexp,1.75,3,1,0.1,-41.52434547472506,-40.06617030344313
2048,kexp,1.75,3,1,0.05,-41.579746310458,-40.07018995957052
2049,kexp,1.75,3,1,0.01,-41.598808738542786,-40.07228350122827
2050,kexp,1.75,3,1,0,-41.59961748810626,-40.07237950403189
2051,kexp,1.75,3,1.5,0.5,-43.13942812122603,-42.85790112826422
2052,kexp,1.75,3,1.5,0.1,-41.970316434395706,-41.299702093708646
2053,kexp,1.75,3,1.5,0.05,-41.94654529173007,-41.25651557466953
2054,kexp,1.75,3,1.5,0.01,-41.939217505355344,-41.242833594735224
2055,kexp,1.75,3,1.5,0,-41.938915190645375,-41.242265004911104
2056,kexp,1.75,3.5,0.5,0.5,-42.41270034074109,-41.540871948457344
2057,kexp,1.75,3.5,0.5,0.1,-49.3792201903515,-45.59702284644463
2058,kexp,1.75,3.5,0.5,0.05,-50.02813413049585,-46.004165124809184
2059,kexp,1.75,3.5,0.5,0.01,-50.24907633856705,-46.14293009012521
2060,kexp,1.75,3.5,0.5,0,-50.258429869867335,-46.148805977732465
2061,kexp,1.75,3.5,1,0.5,-42.285142053952946,-41.75695721924379
2062,kexp,1.75,3.5,1,0.1,-42.46017282112277,-41.01585113712591
2063,kexp,1.75,3.5,1,0.05,-42.52370106980728,-41.02603750969765
2064,kexp,1.75,3.5,1,0.01,-42.54537653854892,-41.030084479558
2065,kexp,1.75,3.5,1,0,-42.54629428898308,-41.03026164817696
2066,kexp,1.75,3.5,1.5,0.5,-43.80286575047287,-43.56900987264741
2067,kexp,1.75,3.5,1.5,0.1,-42.78984510045485,-42.1649006910143
2068,kexp,1.75,3.5,1.5,0.05,-42.77190931468355,-42.12716381934087
2069,kexp,1.75,3.5,1.5,0.01,-42.76646296744346,-42.115232545113116
2070,kexp,1.75,3.5,1.5,0,-42.766239195415864,-42.114736971723765
2071,kexp,1.75,4,0.5,0.5,-43.10479306075424,-42.273799011038804
2072,kexp,1.75,4,0.5,0.1,-50.37844895460199,-46.58935063035573
2073,kexp,1.75,4,0.5,0.05,-51.03423129284127,-46.996785139111914
2074,kexp,1.75,4,0.5,0.01,-51.257161232347855,-47.1352538719111
2075,kexp,1.75,4,0.5,0,-51.266595162889374,-47.14111298389595
2076,kexp,1.75,4,1,0.5,-42.84871090534515,-42.36669887803032
2077,kexp,1.75,4,1,0.1,-43.17332966839301,-41.77148967518485
2078,kexp,1.75,4,1,0.05,-43.24181033415107,-41.78585797321857
2079,kexp,1.75,4,1,0.01,-43.26506425727817,-41.79121999534605
2080,kexp,1.75,4,1,0,-43.26604770121745,-41.79145169876624
2081,kexp,1.75,4,1.5,0.5,-44.316477377897115,-44.13647674891214
2082,kexp,1.75,4,1.5,0.1,-43.40853294464685,-42.84402213262964
2083,kexp,1.75,4,1.5,0.05,-43.394289852514056,-42.810056435034916
2084,kexp,1.75,4,1.5,0.01,-43.39002961868084,-42.79933326089863
2085,kexp,1.75,4,1.5,0,-43.38985531405448,-42.798888037121934
2086,kexp,1.75,6,0.5,0.5,-44.887154019208026,-44.26554492684101
2087,kexp,1.75,6,0.5,0.1,-52.87091024064715,-49.38434324164295
2088,kexp,1.75,6,0.5,0.05,-53.53670831790848,-49.80235221910459
2089,kexp,1.75,6,0.5,0.01,-53.76212197774738,-49.943392865329194
2090,kexp,1.75,6,0.5,0,-53.77165112360601,-49.94934987520648
2091,kexp,1.75,6,1,0.5,-44.23368328615722,-43.961126455992265
2092,kexp,1.75,6,1,0.1,-44.864414776844455,-43.74442945620356
2093,kexp,1.75,6,1,0.05,-44.94120496809615,-43.7696709190856
2094,kexp,1.75,6,1,0.01,-44.96705708175065,-43.778455146609176
2095,kexp,1.75,6,1,0,-44.968148105493746,-43.77882880276437
2096,kexp,1.75,6,1.5,0.5,-45.53780539785034,-45.57366054195533
2097,kexp,1.75,6,1.5,0.1,-44.83444021646261,-44.54623571589093
2098,kexp,1.75,6,1.5,0.05,-44.826609580163414,-44.52092975125737
2099,kexp,1.75,6,1.5,0.01,-44.82439310690125,-44.512975112799744
2100,kexp,1.75,6,1.5,0,-44.824303866184245,-44.512645212016345
2101,kexp,1.75,8,0.5,0.5,-45.82853148866521,-45.39035245922331
2102,kexp,1.75,8,0.5,0.1,-54.24791821056989,-51.14587122418899
2103,kexp,1.75,8,0.5,0.05,-54.92436719085958,-51.586118348165996
2104,kexp,1.75,8,0.5,0.01,-55.15290820609828,-51.73414737394303
2105,kexp,1.75,8,0.5,0,-55.162564386945796,-51.74039400686321
2106,kexp,1.75,8,1,0.5,-44.931881861276814,-44.82866733973011
2107,kexp,1.75,8,1,0.1,-45.72370246365749,-44.863350746101055
2108,kexp,1.75,8,1,0.05,-45.80508288664321,-44.89726203810681
2109,kexp,1.75,8,1,0.01,-45.832376543623916,-44.908819266777584
2110,kexp,1.75,8,1,0,-45.83352732523815,-44.909308439300965
2111,kexp,1.75,8,1.5,0.5,-46.12817686243515,-46.32387920571163
2112,kexp,1.75,8,1.5,0.1,-45.52071803866188,-45.44949442691272
2113,kexp,1.75,8,1.5,0.05,-45.51583412912223,-45.42945963614567
2114,kexp,1.75,8,1.5,0.01,-45.51455530275202,-45.42319607896314
2115,kexp,1.75,8,1.5,0,-45.51450507139684,-45.42293668351275
2116,kexp,1.75,10,0.5,0.5,-46.35090228321419,-46.03968232852624
2117,kexp,1.75,10,0.5,0.1,-55.06623071844323,-52.24493390487425
2118,kexp,1.75,10,0.5,0.05,-55.753932628236896,-52.705398242182
2119,kexp,1.75,10,0.5,0.01,-55.98603928393872,-52.859973393541765
2120,kexp,1.75,10,0.5,0,-55.99584356247032,-52.86649355186739
2121,kexp,1.75,10,1,0.5,-45.31413632802623,-45.322568701616746
2122,kexp,1.75,10,1,0.1,-46.21304624031865,-45.5264919717334
2123,kexp,1.75,10,1,0.05,-46.29816433982057,-45.566935040703726
2124,kexp,1.75,10,1,0.01,-46.32665359144863,-45.58059896268038
2125,kexp,1.75,10,1,0,-46.327854178935766,-45.58117608677089
2126,kexp,1.75,10,1.5,0.5,-46.445902254486306,-46.74224658728902
2127,kexp,1.75,10,1.5,0.1,-45.89928386032603,-45.96520201903135
2128,kexp,1.75,10,1.5,0.05,-45.89648170481233,-45.94872374574448
2129,kexp,1.75,10,1.5,0.01,-45.89587023125406,-45.94360530667197
2130,kexp,1.75,10,1.5,0,-45.89584781781871,-45.943393698471056
2131,kexp,1.75,25,0.5,0.5,-47.03862845748749,-46.94669506821132
2132,kexp,1.75,25,0.5,0.1,-56.21654728502716,-53.846355469638176
2133,kexp,1.75,25,0.5,0.05,-56.929069403639446,-54.342680923453464
2134,kexp,1.75,25,0.5,0.01,-57.169366361967626,-54.50904025473065
2135,kexp,1.75,25,0.5,0,-57.17951459675621,-54.51605475972755
2136,kexp,1.75,25,1,0.5,-45.835235308043295,-46.02178166955495
2137,kexp,1.75,25,1,0.1,-46.92091514913579,-46.49623181627442
2138,kexp,1.75,25,1,0.05,-47.01410558353054,-46.54804061021827
2139,kexp,1.75,25,1,0.01,-47.045218903318954,-46.565392437664286
2140,kexp,1.75,25,1,0,-47.04652926465078,-46.566123767572826
2141,kexp,1.75,25,1.5,0.5,-46.89230231356824,-47.34003485017764
2142,kexp,1.75,25,1.5,0.1,-46.45708724746106,-46.72047557990874
2143,kexp,1.75,25,1.5,0.05,-46.45867805285666,-46.71008481204933
2144,kexp,1.75,25,1.5,0.01,-46.45948731089362,-46.706933004193694
2145,kexp,1.75,25,1.5,0,-46.459524254009814,-46.70680353691983
2146,kexp,2,0.2,0.5,0.5,-36.1168615753745,-35.493910571238686
2147,kexp,2,0.2,0.5,0.1,-63.629009293434045,-61.701518348941654
2148,kexp,2,0.2,0.5,0.05,-71.53216775004482,-69.47667451917313
2149,kexp,2,0.2,0.5,0.01,-75.00710025866265,-72.91191154232227
2150,kexp,2,0.2,0.5,0,-75.16647383788273,-73.06974058880517
2151,kexp,2,0.2,1,0.5,-34.55811768581384,-34.11341363743348
2152,kexp,2,0.2,1,0.1,-40.05772190293291,-39.14784429226566
2153,kexp,2,0.2,1,0.05,-41.60149165161892,-40.66099253292345
2154,kexp,2,0.2,1,0.01,-42.207501770955055,-41.257929514557816
2155,kexp,2,0.2,1,0,-42.23422401164998,-41.284290512918396
2156,kexp,2,0.2,1.5,0.5,-34.399525427780354,-34.08371459101065
2157,kexp,2,0.2,1.5,0.1,-33.553461732229074,-33.002268034730065
2158,kexp,2,0.2,1.5,0.05,-33.904439935455336,-33.340645137992254
2159,kexp,2,0.2,1.5,0.01,-34.041449168223885,-33.4739319705694
2160,kexp,2,0.2,1.5,0,-34.047464169413246,-33.47979725413216
2161,kexp,2,0.5,0.5,0.5,-34.527055557951975,-33.756859397015084
2162,kexp,2,0.5,0.5,0.1,-41.59903336449292,-39.06145402029181
2163,kexp,2,0.5,0.5,0.05,-43.118442982646535,-40.43483824238793
2164,kexp,2,0.5,0.5,0.01,-43.69237078224735,-40.960397601044875
2165,kexp,2,0.5,0.5,0,-43.717381100068785,-40.9833836843448
2166,kexp,2,0.5,1,0.5,-33.921762028772235,-33.37742028359061
2167,kexp,2,0.5,1,0.1,-31.40752120180524,-30.24583791120108
2168,kexp,2,0.5,1,0.05,-31.435740784411134,-30.23912093576476
2169,kexp,2,0.5,1,0.01,-31.44999125796688,-30.242059518280417
2170,kexp,2,0.5,1,0,-31.450645701088625,-30.2422419226381
2171,kexp,2,0.5,1.5,0.5,-34.672286684816044,-34.29561301074053
2172,kexp,2,0.5,1.5,0.1,-30.37017448645948,-29.689673482198277
2173,kexp,2,0.5,1.5,0.05,-30.207251124465607,-29.51224207211658
2174,kexp,2,0.5,1.5,0.01,-30.154590530794888,-29.45491262874387
2175,kexp,2,0.5,1.5,0,-30.152390668120063,-29.452518102096427
2176,kexp,2,1,0.5,0.5,-35.50427095166518,-34.648839518536455
2177,kexp,2,1,0.5,0.1,-39.822214171480475,-36.835977036972956
2178,kexp,2,1,0.5,0.05,-40.585926075215006,-37.42971389958992
2179,kexp,2,1,0.5,0.01,-40.85798263089921,-37.64458204021753
2180,kexp,2,1,0.5,0,-40.86963766571372,-37.65382471085746
2181,kexp,2,1,1,0.5,-35.566783130984525,-34.97725507651024
2182,kexp,2,1,1,0.1,-33.296827705967495,-31.983529554769824
2183,kexp,2,1,1,0.05,-33.274389255297194,-31.920945945240373
2184,kexp,2,1,1,0.01,-33.268820742898654,-31.902202943402692
2185,kexp,2,1,1,0,-33.268606589546216,-31.901436411961726
2186,kexp,2,1,1.5,0.5,-36.908205486162586,-36.5232241564031
2187,kexp,2,1,1.5,0.1,-33.67365154578358,-32.94461131154678
2188,kexp,2,1,1.5,0.05,-33.56270593078543,-32.81730019248952
2189,kexp,2,1,1.5,0.01,-33.52707244762792,-32.77633944486928
2190,kexp,2,1,1.5,0,-33.525586330874404,-32.77463041238341
2191,kexp,2,1.5,0.5,0.5,-37.26441067139976,-36.33040012868009
2192,kexp,2,1.5,0.5,0.1,-42.63513133875501,-39.202401790291155
2193,kexp,2,1.5,0.5,0.05,-43.37127238285901,-39.73569871108004
2194,kexp,2,1.5,0.5,0.01,-43.628119844049785,-39.92382724134264
2195,kexp,2,1.5,0.5,0,-43.6390624426353,-39.931864561328155
2196,kexp,2,1.5,1,0.5,-37.45611289074068,-36.82094715932266
2197,kexp,2,1.5,1,0.1,-36.2106371251345,-34.737710142981484
2198,kexp,2,1.5,1,0.05,-36.23294035096225,-34.712586330698024
2199,kexp,2,1.5,1,0.01,-36.24177331278638,-34.705785559493286
2200,kexp,2,1.5,1,0,-36.24215994245488,-34.705515859867646
2201,kexp,2,1.5,1.5,0.5,-38.948671349263165,-38.5519579718799
2202,kexp,2,1.5,1.5,0.1,-36.65522997934201,-35.86762598108345
2203,kexp,2,1.5,1.5,0.05,-36.58904816896954,-35.782402673831115
2204,kexp,2,1.5,1.5,0.01,-36.5680552194064,-35.75518959765846
2205,kexp,2,1.5,1.5,0,-36.567182542449714,-35.754056392772654
2206,kexp,2,2,0.5,0.5,-38.91182486717107,-37.91528715546892
2207,kexp,2,2,0.5,0.1,-45.50622582847958,-41.65430566812118
2208,kexp,2,2,0.5,0.05,-46.28134329316272,-42.19078128508567
2209,kexp,2,2,0.5,0.01,-46.54931549965967,-42.37753804196896
2210,kexp,2,2,0.5,0,-46.56070487631819,-42.38548936434449
2211,kexp,2,2,1,0.5,-39.042034965888305,-38.37383715938251
2212,kexp,2,2,1,0.1,-38.58419893292286,-36.96477150266347
2213,kexp,2,2,1,0.05,-38.64158172918417,-36.96686580733032
2214,kexp,2,2,1,0.01,-38.66179378105084,-36.96880355404518
2215,kexp,2,2,1,0,-38.66265614309196,-36.9688981771222
2216,kexp,2,2,1.5,0.5,-40.54449685644146,-40.145306989877284
2217,kexp,2,2,1.5,0.1,-38.87196749040746,-38.03472331804359
2218,kexp,2,2,1.5,0.05,-38.833201195220624,-37.97406286987385
2219,kexp,2,2,1.5,0.01,-38.821129373794065,-37.95482426451778
2220,kexp,2,2,1.5,0,-38.820629998739314,-37.954024548108436
2221,kexp,2,2.5,0.5,0.5,-40.280744921061064,-39.24769478980234
2222,kexp,2,2.5,0.5,0.1,-47.81604849687332,-43.62859840179163
2223,kexp,2,2.5,0.5,0.05,-48.62625997916336,-44.168488064134216
2224,kexp,2,2.5,0.5,0.01,-48.90505694972138,-44.355021742992975
2225,kexp,2,2.5,0.5,0,-48.91689226120478,-44.3629482525567
2226,kexp,2,2.5,1,0.5,-40.289187962152035,-39.6094029912415
2227,kexp,2,2.5,1,0.1,-40.37086691125699,-38.647030736966045
2228,kexp,2,2.5,1,0.05,-40.451384825729185,-38.665518102408626
2229,kexp,2,2.5,1,0.01,-40.47909785833056,-38.67269309075544
2230,kexp,2,2.5,1,0,-40.48027379256357,-38.67300579364514
2231,kexp,2,2.5,1.5,0.5,-41.757084837194334,-41.37231682719634
2232,kexp,2,2.5,1.5,0.1,-40.487456359563424,-39.62824661943937
2233,kexp,2,2.5,1.5,0.05,-40.46558467764909,-39.58214915500701
2234,kexp,2,2.5,1.5,0.01,-40.45899456760516,-39.56761813925155
2235,kexp,2,2.5,1.5,0,-40.45872440307299,-39.5670150740693
2236,kexp,2,3,0.5,0.5,-41.3842851390192,-40.34020593136234
2237,kexp,2,3,0.5,0.1,-49.57430045344046,-45.154184374238774
2238,kexp,2,3,0.5,0.05,-50.40611152029718,-45.69158076869898
2239,kexp,2,3,0.5,0.01,-50.69152981106831,-45.876348301887134
2240,kexp,2,3,0.5,0,-50.70363750489708,-45.88419000735092
2241,kexp,2,3,1,0.5,-41.25744924530329,-40.5870628320857
2242,kexp,2,3,1,0.1,-41.695504327008656,-39.917322250881305
2243,kexp,2,3,1,0.05,-41.790232264677556,-39.94519165209525
2244,kexp,2,3,1,0.01,-41.822533458003235,-39.95533322230902
2245,kexp,2,3,1,0,-41.82390099266157,-39.955769119102456
2246,kexp,2,3,1.5,0.5,-42.678344102555904,-42.32429499013463
2247,kexp,2,3,1.5,0.1,-41.669522780404826,-40.81969136790769
2248,kexp,2,3,1.5,0.05,-41.65801355829319,-40.782449941879555
2249,kexp,2,3,1.5,0.01,-41.65477569059532,-40.77076969754033
2250,kexp,2,3,1.5,0,-41.654645588639816,-40.77028558974839
2251,kexp,2,3.5,0.5,0.5,-42.273386127940434,-41.23917657110746
2252,kexp,2,3.5,0.5,0.1,-50.90835843100863,-46.35034395464107
2253,kexp,2,3.5,0.5,0.05,-51.750732333689285,-46.88188656724634
2254,kexp,2,3.5,0.5,0.01,-52.03919396507863,-47.06399564180975
2255,kexp,2,3.5,0.5,0,-52.051424534238194,-47.07171757474127
2256,kexp,2,3.5,1,0.5,-42.014408298870386,-41.37016649798764
2257,kexp,2,3.5,1,0.1,-42.68649134619666,-40.89810355331967
2258,kexp,2,3.5,1,0.05,-42.789544754907695,-40.9313428434059
2259,kexp,2,3.5,1,0.01,-42.82451125213677,-40.94315575227784
2260,kexp,2,3.5,1,0,-42.82598984079256,-40.94366076045244
2261,kexp,2,3.5,1.5,0.5,-43.38657890664699,-43.0755896597789
2262,kexp,2,3.5,1.5,0.1,-42.5479298673574,-41.73357214466318
2263,kexp,2,3.5,1.5,0.05,-42.54274637232222,-41.70192781950165
2264,kexp,2,3.5,1.5,0.01,-42.54154673789775,-41.69204126890787
2265,kexp,2,3.5,1.5,0,-42.54150170970099,-41.69163192241882
2266,kexp,2,4,0.5,0.5,-42.99746483943745,-41.988696724024905
2267,kexp,2,4,0.5,0.1,-51.941225678769065,-47.321291688520446
2268,kexp,2,4,0.5,0.05,-52.78740133762174,-47.84649015622637
2269,kexp,2,4,0.5,0.01,-53.07670696274406,-48.02592781586153
2270,kexp,2,4,0.5,0,-53.08896839916339,-48.03353112088603
2271,kexp,2,4,1,0.5,-42.6151988890317,-42.00891237551156
2272,kexp,2,4,1,0.1,-43.44399784138091,-41.67878774641231
2273,kexp,2,4,1,0.05,-43.55181161613669,-41.71530952841858
2274,kexp,2,4,1,0.01,-43.58828029700929,-41.72812533962154
2275,kexp,2,4,1,0,-43.58982123658582,-41.72867160750702
2276,kexp,2,4,1.5,0.5,-43.94044197750648,-43.68037638988851
2277,kexp,2,4,1.5,0.1,-43.21533143828118,-42.45464712256455
2278,kexp,2,4,1.5,0.05,-43.214040638417565,-42.426756690291626
2279,kexp,2,4,1.5,0.01,-43.214088640497756,-42.418068010963474
2280,kexp,2,4,1.5,0,-43.21409561578381,-42.41770853644379
2281,kexp,2,6,0.5,0.5,-44.88369489777608,-44.04966103155749
2282,kexp,2,6,0.5,0.1,-54.51090025167203,-50.05527487400749
2283,kexp,2,6,0.5,0.05,-55.35605044257707,-50.572505096202015
2284,kexp,2,6,0.5,0.01,-55.643797436841766,-50.747963474408735
2285,kexp,2,6,0.5,0,-55.65597977349022,-50.75538465925018
2286,kexp,2,6,1,0.5,-44.112153756922694,-43.70195144521068
2287,kexp,2,6,1,0.1,-45.24988941776803,-43.729694043149955
2288,kexp,2,6,1,0.05,-45.364370060041956,-43.77424542716464
2289,kexp,2,6,1,0.01,-45.40285482807849,-43.789508943383375
2290,kexp,2,6,1,0,-45.404478467620336,-43.79015584877328
2291,kexp,2,6,1.5,0.5,-45.28040061636181,-45.23945056805938
2292,kexp,2,6,1.5,0.1,-44.77087833094953,-44.28496357687477
2293,kexp,2,6,1.5,0.05,-44.77584912956721,-44.26537014842254
2294,kexp,2,6,1.5,0.01,-44.777878829918556,-44.25931942892656
2295,kexp,2,6,1.5,0,-44.777968132388104,-44.25906967867829
2296,kexp,2,8,0.5,0.5,-45.90626945064006,-45.25592460523287
2297,kexp,2,8,0.5,0.1,-55.965001483900586,-51.85780295453286
2298,kexp,2,8,0.5,0.05,-56.816351590448534,-52.390617750687746
2299,kexp,2,8,0.5,0.01,-57.105573516274845,-52.57070937550996
2300,kexp,2,8,0.5,0,-57.11781138346155,-52.578319470945324
2301,kexp,2,8,1,0.5,-44.886262258992524,-44.65501613680723
2302,kexp,2,8,1,0.1,-46.18877821577818,-44.93405320246657
2303,kexp,2,8,1,0.05,-46.30716725116408,-44.98648303205896
2304,kexp,2,8,1,0.01,-46.3468483809432,-45.00424266495686
2305,kexp,2,8,1,0,-46.34852126251532,-45.00499328908558
2306,kexp,2,8,1.5,0.5,-45.9464024014359,-46.08285413532135
2307,kexp,2,8,1.5,0.1,-45.53851107008858,-45.289975928722676
2308,kexp,2,8,1.5,0.05,-45.54635206161391,-45.2757277786239
2309,kexp,2,8,1.5,0.01,-45.54928774177342,-45.271386531936606
2310,kexp,2,8,1.5,0,-45.549414655591065,-45.27120799519635
2311,kexp,2,10,0.5,0.5,-46.494860162224484,-45.98739562362711
2312,kexp,2,10,0.5,0.1,-56.87001040009762,-53.05824316858258
2313,kexp,2,10,0.5,0.05,-57.73245100457338,-53.610907145847285
2314,kexp,2,10,0.5,0.01,-58.02512299109817,-53.79737338768379
2315,kexp,2,10,0.5,0,-58.03750338151735,-53.805249236323895
2316,kexp,2,10,1,0.5,-45.324091143601756,-45.22258526805322
2317,kexp,2,10,1,0.1,-46.74421829042253,-45.685669065137745
2318,kexp,2,10,1,0.05,-46.86653734859429,-45.745022139084824
2319,kexp,2,10,1,0.01,-46.90746857936196,-45.765009467585195
2320,kexp,2,10,1,0,-46.909193458209245,-45.765853036752965
2321,kexp,2,10,1.5,0.5,-46.31600785229845,-46.57344899854528
2322,kexp,2,10,1.5,0.1,-45.976469075666714,-45.89019733845028
2323,kexp,2,10,1.5,0.05,-45.986591151553405,-45.87990523528768
2324,kexp,2,10,1.5,0.01,-45.99025628343839,-45.87683651624376
2325,kexp,2,10,1.5,0,-45.99041358383095,-45.87671107029315
2326,kexp,2,25,0.5,0.5,-47.323393724398606,-47.110166934750964
2327,kexp,2,25,0.5,0.1,-58.24240136066404,-55.00451375518508
2328,kexp,2,25,0.5,0.05,-59.135899015437566,-55.60028442503222
2329,kexp,2,25,0.5,0.01,-59.4388765801066,-55.80094171865898
2330,kexp,2,25,0.5,0,-59.45169038119463,-55.809413168991476
2331,kexp,2,25,1,0.5,-45.95586109938036,-46.09669564104773
2332,kexp,2,25,1,0.1,-47.602587685282145,-46.8898687993813
2333,kexp,2,25,1,0.05,-47.735084002463935,-46.963257044785514
2334,kexp,2,25,1,0.01,-47.77933136567661,-46.98780245453808
2335,kexp,2,25,1,0,-47.781195053482826,-46.98883665817499
2336,kexp,2,25,1.5,0.5,-46.86248726490398,-47.32977702944385
2337,kexp,2,25,1.5,0.1,-46.66030936777544,-46.842563988820864
2338,kexp,2,25,1.5,0.05,-46.67598914602551,-46.83991998097789
2339,kexp,2,25,1.5,0.01,-46.6814541859914,-46.839323430050435
2340,kexp,2,25,1.5,0,-46.68168671096961,-46.83930125463285
2341,kexp,2.25,0.2,0.5,0.5,-36.33743543541245,-35.68248964068067
2342,kexp,2.25,0.2,0.5,0.1,-68.8455991862287,-66.68471784983069
2343,kexp,2.25,0.2,0.5,0.05,-78.74927164339282,-76.42348369350483
2344,kexp,2.25,0.2,0.5,0.01,-83.2289923691241,-80.85049348731137
2345,kexp,2.25,0.2,0.5,0,-83.43658461766485,-81.05603123038397
2346,kexp,2.25,0.2,1,0.5,-34.63112258950804,-34.151679426242374
2347,kexp,2.25,0.2,1,0.1,-42.506263057571566,-41.474849503398964
2348,kexp,2.25,0.2,1,0.05,-44.61355198374524,-43.54158753547948
2349,kexp,2.25,0.2,1,0.01,-45.45269328502593,-44.36855608767864
2350,kexp,2.25,0.2,1,0,-45.48987063035793,-44.40524879488025
2351,kexp,2.25,0.2,1.5,0.5,-34.332686815312286,-33.98666857526088
2352,kexp,2.25,0.2,1.5,0.1,-34.81017273961245,-34.17971645572029
2353,kexp,2.25,0.2,1.5,0.05,-35.39507184487152,-34.74767317831614
2354,kexp,2.25,0.2,1.5,0.01,-35.62168441944367,-34.96924259495254
2355,kexp,2.25,0.2,1.5,0,-35.6316227343688,-34.978978082828
2356,kexp,2.25,0.5,0.5,0.5,-34.58416509886731,-33.76613246650249
2357,kexp,2.25,0.5,0.5,0.1,-44.06692723691743,-41.20057639709189
2358,kexp,2.25,0.5,0.5,0.05,-46.10438902601438,-43.055955738654774
2359,kexp,2.25,0.5,0.5,0.01,-46.884511019909965,-43.77546386793335
2360,kexp,2.25,0.5,0.5,0,-46.91864779435163,-43.8070636077205
2361,kexp,2.25,0.5,1,0.5,-33.76765841465287,-33.1759954467177
2362,kexp,2.25,0.5,1,0.1,-32.02859517176276,-30.70309724422575
2363,kexp,2.25,0.5,1,0.05,-32.160260384998246,-30.790786382277755
2364,kexp,2.25,0.5,1,0.01,-32.21170742515394,-30.827974940153908
2365,kexp,2.25,0.5,1,0,-32.21396018278065,-30.829632739587574
2366,kexp,2.25,0.5,1.5,0.5,-34.34056641071632,-33.92405516698653
2367,kexp,2.25,0.5,1.5,0.1,-30.283404921299923,-29.4993961625742
2368,kexp,2.25,0.5,1.5,0.05,-30.147975235798352,-29.345570280695068
2369,kexp,2.25,0.5,1.5,0.01,-30.104848697355425,-29.296520448380633
2370,kexp,2.25,0.5,1.5,0,-30.103054412268662,-29.294479216891265
2371,kexp,2.25,1,0.5,0.5,-35.42223681391765,-34.50578178480493
2372,kexp,2.25,1,0.5,0.1,-41.464058618264666,-38.07463813298352
2373,kexp,2.25,1,0.5,0.05,-42.50047056968466,-38.900118202833056
2374,kexp,2.25,1,0.5,0.01,-42.87224997269687,-39.20054506392458
2375,kexp,2.25,1,0.5,0,-42.88820865009385,-39.213490107576774
2376,kexp,2.25,1,1,0.5,-35.275558893274145,-34.63156343474295
2377,kexp,2.25,1,1,0.1,-33.463118883340755,-31.95630324122133
2378,kexp,2.25,1,1,0.05,-33.48886732103875,-31.931741137923968
2379,kexp,2.25,1,1,0.01,-33.499892428330824,-31.92621191539281
2380,kexp,2.25,1,1,0,-33.50038281769134,-31.92600777754523
2381,kexp,2.25,1,1.5,0.5,-36.4409861156259,-36.01247133836945
2382,kexp,2.25,1,1.5,0.1,-33.29589997861119,-32.44935922098931
2383,kexp,2.25,1,1.5,0.05,-33.19524227476366,-32.32801120489463
2384,kexp,2.25,1,1.5,0.01,-33.16310264229923,-32.289124548670344
2385,kexp,2.25,1,1.5,0,-33.161764306934764,-32.28750376758259
2386,kexp,2.25,1.5,0.5,0.5,-37.13121276864014,-36.124573988160776
2387,kexp,2.25,1.5,0.5,0.1,-44.17005071221722,-40.261524818580064
2388,kexp,2.25,1.5,0.5,0.05,-45.14336157557027,-40.98306081219226
2389,kexp,2.25,1.5,0.5,0.01,-45.48499986775724,-41.23886472188345
2390,kexp,2.25,1.5,0.5,0,-45.49957864038029,-41.24980869478232
2391,kexp,2.25,1.5,1,0.5,-37.136234406368345,-36.43851556800395
2392,kexp,2.25,1.5,1,0.1,-36.352145025497144,-34.65406822810666
2393,kexp,2.25,1.5,1,0.05,-36.41873042899248,-34.66110817951024
2394,kexp,2.25,1.5,1,0.01,-36.44265060272531,-34.66533513005608
2395,kexp,2.25,1.5,1,0,-36.44367601482732,-34.66553309287775
2396,kexp,2.25,1.5,1.5,0.5,-38.46410196438272,-38.01868240828537
2397,kexp,2.25,1.5,1.5,0.1,-36.288216202036246,-35.3663552686507
2398,kexp,2.25,1.5,1.5,0.05,-36.233525922951564,-35.28750146591609
2399,kexp,2.25,1.5,1.5,0.01,-36.21640765446712,-35.26247195803381
2400,kexp,2.25,1.5,1.5,0,-36.21569857302605,-35.26143132563037
2401,kexp,2.25,2,0.5,0.5,-38.77536355294762,-37.69153342932922
2402,kexp,2.25,2,0.5,0.1,-47.07517158161861,-42.67383917408544
2403,kexp,2.25,2,0.5,0.05,-48.07986985326329,-43.382477897386394
2404,kexp,2.25,2,0.5,0.01,-48.42925094701442,-43.63042094053729
2405,kexp,2.25,2,0.5,0,-48.44412374778587,-43.64099195787027
2406,kexp,2.25,2,1,0.5,-38.7357864650757,-37.99487334410358
2407,kexp,2.25,2,1,0.1,-38.77668919355676,-36.898807656791675
2408,kexp,2.25,2,1,0.05,-38.879336782880685,-36.93197167526118
2409,kexp,2.25,2,1,0.01,-38.9149055070134,-36.94449208407238
2410,kexp,2.25,2,1,0,-38.91641734796444,-36.945034727261685
2411,kexp,2.25,2,1.5,0.5,-40.0813519510606,-39.62659746910208
2412,kexp,2.25,2,1.5,0.1,-38.56438114112716,-37.574304965419536
2413,kexp,2.25,2,1.5,0.05,-38.53904534917254,-37.52110578830395
2414,kexp,2.25,2,1.5,0.01,-38.531481250662615,-37.50439843218517
2415,kexp,2.25,2,1.5,0,-38.53117198140853,-37.50370575044864
2416,kexp,2.25,2.5,0.5,0.5,-40.164964599861264,-39.02791212362373
2417,kexp,2.25,2.5,0.5,0.1,-49.4488637346006,-44.64052154223484
2418,kexp,2.25,2.5,0.5,0.05,-50.4861254125673,-45.342246309867434
2419,kexp,2.25,2.5,0.5,0.01,-50.84514128022458,-45.58594084549497
2420,kexp,2.25,2.5,0.5,0,-50.860405820229836,-45.596310676025624
2421,kexp,2.25,2.5,1,0.5,-40.014187819647006,-39.25067450405647
2422,kexp,2.25,2.5,1,0.1,-40.62723258316539,-38.61301612250007
2423,kexp,2.25,2.5,1,0.05,-40.75417090959584,-38.66185392404873
2424,kexp,2.25,2.5,1,0.01,-40.797598401228,-38.67932705274555
2425,kexp,2.25,2.5,1,0,-40.799438578214044,-38.68007530227967
2426,kexp,2.25,2.5,1.5,0.5,-41.32966231559895,-40.88217362922555
2427,kexp,2.25,2.5,1.5,0.1,-40.24516234132479,-39.215584437032796
2428,kexp,2.25,2.5,1.5,0.05,-40.23812523907265,-39.17760187334921
2429,kexp,2.25,2.5,1.5,0.01,-40.2365004987712,-39.16580777965993
2430,kexp,2.25,2.5,1.5,0,-40.23643959759395,-39.16532027775555
2431,kexp,2.25,3,0.5,0.5,-41.29859109845759,-40.13304012118801
2432,kexp,2.25,3,0.5,0.1,-51.2689457525204,-46.16113569279648
2433,kexp,2.25,3,0.5,0.05,-52.32553135057108,-46.851658701772706
2434,kexp,2.25,3,0.5,0.01,-52.69019562146192,-47.0902989981846
2435,kexp,2.25,3,0.5,0,-52.705689105922346,-47.10044111156085
2436,kexp,2.25,3,1,0.5,-41.01941092756098,-40.2543310289046
2437,kexp,2.25,3,1,0.1,-42.011546571439105,-39.914399474160156
2438,kexp,2.25,3,1,0.05,-42.153288508498434,-39.97171908032553
2439,kexp,2.25,3,1,0.01,-42.20148222027047,-39.9918277137233
2440,kexp,2.25,3,1,0,-42.20352128051056,-39.992684879353554
2441,kexp,2.25,3,1.5,0.5,-42.290546642576714,-41.86718768641566
2442,kexp,2.25,3,1.5,0.1,-41.48720395168377,-40.45218354367163
2443,kexp,2.25,3,1.5,0.05,-41.49136677277469,-40.42331988616814
2444,kexp,2.25,3,1.5,0.01,-41.4933649700988,-40.41445491314436
2445,kexp,2.25,3,1.5,0,-41.49345543875883,-40.41408956867665
2446,kexp,2.25,3.5,0.5,0.5,-42.21953289450654,-41.04670710112144
2447,kexp,2.25,3.5,0.5,0.1,-52.653496119650136,-47.34695228903838
2448,kexp,2.25,3.5,0.5,0.05,-53.717746737305944,-48.023729679159004
2449,kexp,2.25,3.5,0.5,0.01,-54.08430873920355,-48.256793599831546
2450,kexp,2.25,3.5,0.5,0,-54.09987480769271,-48.2666897820222
2451,kexp,2.25,3.5,1,0.5,-41.81317089039539,-41.0639596992274
2452,kexp,2.25,3.5,1,0.1,-43.05329935057886,-40.921402501618324
2453,kexp,2.25,3.5,1,0.05,-43.20342123848781,-40.983045268723714
2454,kexp,2.25,3.5,1,0.01,-43.25428068980605,-41.004452954118726
2455,kexp,2.25,3.5,1,0,-43.256430631288566,-41.00536330292247
2456,kexp,2.25,3.5,1.5,0.5,-43.03742817048937,-42.65157412623438
2457,kexp,2.25,3.5,1.5,0.1,-42.417355089509734,-41.406190762714175
2458,kexp,2.25,3.5,1.5,0.05,-42.42825762303308,-41.38294126368096
2459,kexp,2.25,3.5,1.5,0.01,-42.43242502360464,-41.37586862497144
2460,kexp,2.25,3.5,1.5,0,-42.43260600587305,-41.37557790994885
2461,kexp,2.25,4,0.5,0.5,-42.973776257824504,-41.810400904919106
2462,kexp,2.25,4,0.5,0.1,-53.72485697060844,-48.30192598435055
2463,kexp,2.25,4,0.5,0.05,-54.78956420957676,-48.96522260799082
2464,kexp,2.25,4,0.5,0.01,-55.15569007266461,-49.193012038586964
2465,kexp,2.25,4,0.5,0,-55.17123122017228,-49.2026774269573
2466,kexp,2.25,4,1,0.5,-42.448040672443625,-41.72764192769197
2467,kexp,2.25,4,1,0.1,-43.85254682118617,-41.7232772357047
2468,kexp,2.25,4,1,0.05,-44.007128893852055,-41.787121051022766
2469,kexp,2.25,4,1,0.01,-44.05937403998889,-41.80915309452073
2470,kexp,2.25,4,1,0,-44.06158125049091,-41.81008856953781
2471,kexp,2.25,4,1.5,0.5,-43.626881162569106,-43.28764783526355
2472,kexp,2.25,4,1.5,0.1,-43.12839288129554,-42.16231850198194
2473,kexp,2.25,4,1.5,0.05,-43.143330139400895,-42.142709632442525
2474,kexp,2.25,4,1.5,0.01,-43.148786688743506,-42.13679176460238
2475,kexp,2.25,4,1.5,0,-43.14902136064996,-42.13654905045824
2476,kexp,2.25,6,0.5,0.5,-44.95377301346472,-43.920768558787024
2477,kexp,2.25,6,0.5,0.1,-56.38228751705831,-50.968533422673076
2478,kexp,2.25,6,0.5,0.05,-57.43425663101934,-51.603876676396446
2479,kexp,2.25,6,0.5,0.01,-57.79442822970311,-51.820514016642186
2480,kexp,2.25,6,0.5,0,-57.8096995523546,-51.82968944203696
2481,kexp,2.25,6,1,0.5,-44.04827443583543,-43.5023051720455
2482,kexp,2.25,6,1,0.1,-45.76787053223227,-43.83483158465635
2483,kexp,2.25,6,1,0.05,-45.92721689797161,-43.90338853248533
2484,kexp,2.25,6,1,0.01,-45.98079525437733,-43.92672274653661
2485,kexp,2.25,6,1,0,-45.9830558860725,-43.92771019526126
2486,kexp,2.25,6,1.5,0.5,-45.074645139995376,-44.94988798765878
2487,kexp,2.25,6,1.5,0.1,-44.80294708484435,-44.09991853298276
2488,kexp,2.25,6,1.5,0.05,-44.82385842886474,-44.08800745492989
2489,kexp,2.25,6,1.5,0.01,-44.83118591904905,-44.084515905530935
2490,kexp,2.25,6,1.5,0,-44.83149809736549,-44.08437387973093
2491,kexp,2.25,8,0.5,0.5,-46.0429639432526,-45.18095149654916
2492,kexp,2.25,8,0.5,0.1,-57.9043011421076,-52.77149894834237
2493,kexp,2.25,8,0.5,0.05,-58.95767958399161,-53.41432618099565
2494,kexp,2.25,8,0.5,0.01,-59.31750282860639,-53.632711754651424
2495,kexp,2.25,8,0.5,0,-59.33275028904546,-53.64195250298829
2496,kexp,2.25,8,1,0.5,-44.889973089566666,-44.52284920472488
2497,kexp,2.25,8,1,0.1,-46.77918558473751,-45.10162607803596
2498,kexp,2.25,8,1,0.05,-46.94164393502531,-45.17689810078765
2499,kexp,2.25,8,1,0.01,-46.99612863484671,-45.202324289669534
2500,kexp,2.25,8,1,0,-46.998426031002516,-45.20339826471425
2501,kexp,2.25,8,1.5,0.5,-45.80959392103354,-45.87222721862692
2502,kexp,2.25,8,1.5,0.1,-45.645462720941204,-45.18974481238784
2503,kexp,2.25,8,1.5,0.05,-45.6691121982074,-45.183093119266395
2504,kexp,2.25,8,1.5,0.01,-45.67729385276392,-45.18127597515659
2505,kexp,2.25,8,1.5,0,-45.67764137837544,-45.18120361868473
2506,kexp,2.25,10,0.5,0.5,-46.68465819271567,-45.972086783767885
2507,kexp,2.25,10,0.5,0.1,-58.88066072750289,-54.0320441971423
2508,kexp,2.25,10,0.5,0.05,-59.94481426504007,-54.69317045918029
2509,kexp,2.25,10,0.5,0.01,-60.3079044247308,-54.91735454091186
2510,kexp,2.25,10,0.5,0,-60.32328578047299,-54.926836102091926
2511,kexp,2.25,10,1,0.5,-45.376111028402626,-45.15024192879331
2512,kexp,2.25,10,1,0.1,-47.3930558145921,-45.92229565171355
2513,kexp,2.25,10,1,0.05,-47.55959469075752,-46.00460927442922
2514,kexp,2.25,10,1,0.01,-47.615368170004366,-46.03229367875919
2515,kexp,2.25,10,1,0,-47.617719066903334,-46.03346178769906
2516,kexp,2.25,10,1.5,0.5,-46.22615106293907,-46.425568645285466
2517,kexp,2.25,10,1.5,0.1,-46.13772757877851,-45.862531719590294
2518,kexp,2.25,10,1.5,0.05,-46.16383984978306,-45.86012825065655
2519,kexp,2.25,10,1.5,0.01,-46.172806720085255,-45.859675885549606
2520,kexp,2.25,10,1.5,0,-46.173186929100616,-45.85966044962979
2521,kexp,2.25,25,0.5,0.5,-47.642775244785334,-47.29629200269546
2522,kexp,2.25,25,0.5,0.1,-60.4588926260545,-56.2870912018189
2523,kexp,2.25,25,0.5,0.05,-61.56107635815037,-56.99776988386334
2524,kexp,2.25,25,0.5,0.01,-61.936865282680124,-57.238304095859604
2525,kexp,2.25,25,0.5,0,-61.95278155818759,-57.248472285431205
2526,kexp,2.25,25,1,0.5,-46.11218843679635,-46.192962279532615
2527,kexp,2.25,25,1,0.1,-48.39568213631664,-47.35001097284218
2528,kexp,2.25,25,1,0.05,-48.574720045869384,-47.448926297276145
2529,kexp,2.25,25,1,0.01,-48.63457697944483,-47.482007905511004
2530,kexp,2.25,25,1,0,-48.63709891994031,-47.48340180439415
2531,kexp,2.25,25,1.5,0.5,-46.86905193145562,-47.33914888289811
2532,kexp,2.25,25,1.5,0.1,-46.94460027590115,-47.00959845158352
2533,kexp,2.25,25,1.5,0.05,-46.97754043498988,-47.01640086352439
2534,kexp,2.25,25,1.5,0.01,-46.988722001665984,-47.0189261085018
2535,kexp,2.25,25,1.5,0,-46.98919480724463,-47.01903507744298
2536,kexp,2.5,0.2,0.5,0.5,-36.564404615119706,-35.88384765007683
2537,kexp,2.5,0.2,0.5,0.1,-73.99210831666954,-71.60300764376183
2538,kexp,2.5,0.2,0.5,0.05,-86.03835682051182,-83.44329535465519
2539,kexp,2.5,0.2,0.5,0.01,-91.63826970591093,-88.97529597098026
2540,kexp,2.5,0.2,0.5,0,-91.90044289045744,-89.2348145611893
2541,kexp,2.5,0.2,1,0.5,-34.72809637191971,-34.21724672208277
2542,kexp,2.5,0.2,1,0.1,-45.03618709706311,-43.88327179797562
2543,kexp,2.5,0.2,1,0.05,-47.77152544326209,-46.566627157415184
2544,kexp,2.5,0.2,1,0.01,-48.877257558096545,-47.6565299279655
2545,kexp,2.5,0.2,1,0,-48.92649029195721,-47.70513209773089
2546,kexp,2.5,0.2,1.5,0.5,-34.30737106858563,-33.932555144804645
2547,kexp,2.5,0.2,1.5,0.1,-36.191498134034816,-35.4804605067133
2548,kexp,2.5,0.2,1.5,0.05,-37.04603951219551,-36.31298187602624
2549,kexp,2.5,0.2,1.5,0.01,-37.37792208655152,-36.63825323703301
2550,kexp,2.5,0.2,1.5,0,-37.392496192168664,-36.652561376292724
2551,kexp,2.5,0.5,0.5,0.5,-34.67615076939045,-33.81948383146017
2552,kexp,2.5,0.5,0.5,0.1,-46.64196723771414,-43.453076530352156
2553,kexp,2.5,0.5,0.5,0.05,-49.25975273513736,-45.84884591810138
2554,kexp,2.5,0.5,0.5,0.01,-50.276065155467236,-46.79084163100134
2555,kexp,2.5,0.5,0.5,0,-50.320727452640426,-46.83239271405624
2556,kexp,2.5,0.5,1,0.5,-33.667783552323684,-33.03338039307133
2557,kexp,2.5,0.5,1,0.1,-32.7955760370097,-31.30590391331369
2558,kexp,2.5,0.5,1,0.05,-33.05128327097877,-31.507495809594193
2559,kexp,2.5,0.5,1,0.01,-33.147899548600584,-31.586537305802953
2560,kexp,2.5,0.5,1,0,-33.152100073830624,-31.59000452207477
2561,kexp,2.5,0.5,1.5,0.5,-34.0819017975669,-33.6274535206808
2562,kexp,2.5,0.5,1.5,0.1,-30.348950909240873,-29.459374737646982
2563,kexp,2.5,0.5,1.5,0.05,-30.251097383593134,-29.338730930742503
2564,kexp,2.5,0.5,1.5,0.01,-30.22111485402335,-29.30140515704439
2565,kexp,2.5,0.5,1.5,0,-30.21988104755758,-29.299865224748157
2566,kexp,2.5,1,0.5,0.5,-35.396455409026835,-34.42996861651967
2567,kexp,2.5,1,0.5,0.1,-43.2534121088353,-39.46923447880161
2568,kexp,2.5,1,0.5,0.05,-44.59961096171329,-40.559262464609766
2569,kexp,2.5,1,0.5,0.01,-45.086199049915606,-40.95871441262236
2570,kexp,2.5,1,0.5,0,-45.10713082539005,-40.97596119280778
2571,kexp,2.5,1,1,0.5,-35.052718374687636,-34.35985429049316
2572,kexp,2.5,1,1,0.1,-33.7762139951243,-32.075363949985125
2573,kexp,2.5,1,1,0.05,-33.86100556778742,-32.098475640309346
2574,kexp,2.5,1,1,0.01,-33.89249607397542,-32.10961584083946
2575,kexp,2.5,1,1,0,-33.89385691287436,-32.11012234530678
2576,kexp,2.5,1,1.5,0.5,-36.05640010874121,-35.58652161317416
2577,kexp,2.5,1,1.5,0.1,-33.06010518688428,-32.093126117957304
2578,kexp,2.5,1,1.5,0.05,-32.974794716374426,-31.98224264408615
2579,kexp,2.5,1,1.5,0.01,-32.94787324555716,-31.94696691292386
2580,kexp,2.5,1,1.5,0,-32.946755708739516,-31.94549949618123
2581,kexp,2.5,1.5,0.5,0.5,-37.06113358543031,-35.99501260886306
2582,kexp,2.5,1.5,0.5,0.1,-45.85995203126598,-41.48599884504012
2583,kexp,2.5,1.5,0.5,0.05,-47.101908998238635,-42.42204251425159
2584,kexp,2.5,1.5,0.5,0.01,-47.540616152348264,-42.755789650043184
2585,kexp,2.5,1.5,0.5,0,-47.55936959451091,-42.7700910024581
2586,kexp,2.5,1.5,1,0.5,-36.8851674316045,-36.131803527531886
2587,kexp,2.5,1.5,1,0.1,-36.632897241176046,-34.70907685585511
2588,kexp,2.5,1.5,1,0.05,-36.75263343457433,-34.755672194174586
2589,kexp,2.5,1.5,1,0.01,-36.79475202309102,-34.773520369097064
2590,kexp,2.5,1.5,1,0,-36.796548944999344,-34.7742966518686
2591,kexp,2.5,1.5,1.5,0.5,-38.058868369269526,-37.56745032005538
2592,kexp,2.5,1.5,1.5,0.1,-36.05109068369294,-34.99140060052775
2593,kexp,2.5,1.5,1.5,0.05,-36.01195508671266,-34.92229280387255
2594,kexp,2.5,1.5,1.5,0.01,-36.00008621287858,-34.90058845275384
2595,kexp,2.5,1.5,1.5,0,-35.999598828539305,-34.89968863505462
2596,kexp,2.5,2,0.5,0.5,-38.70192616898934,-37.54621338127744
2597,kexp,2.5,2,0.5,0.1,-48.798865338956496,-43.861223880671886
2598,kexp,2.5,2,0.5,0.05,-50.06267932282473,-44.76549171112978
2599,kexp,2.5,2,0.5,0.01,-50.504831343122746,-45.083607994500134
2600,kexp,2.5,2,0.5,0,-50.523684014787065,-45.09719101203153
2601,kexp,2.5,2,1,0.5,-38.49425678239598,-37.688763077209444
2602,kexp,2.5,2,1,0.1,-39.099882550106926,-36.963235719043894
2603,kexp,2.5,2,1,0.05,-39.255983396725796,-37.03392336711582
2604,kexp,2.5,2,1,0.01,-39.309769266812246,-37.059274405995275
2605,kexp,2.5,2,1,0,-39.31205247980912,-37.0603607962055
2606,kexp,2.5,2,1.5,0.5,-39.69097134895777,-39.18383193353736
2607,kexp,2.5,2,1.5,0.1,-38.375547685053164,-37.22863772713924
2608,kexp,2.5,2,1.5,0.05,-38.36736326412593,-37.185812371276945
2609,kexp,2.5,2,1.5,0.01,-38.36556474761509,-37.172618333516404
2610,kexp,2.5,2,1.5,0,-38.36549873486227,-37.172074157649014
2611,kexp,2.5,2.5,0.5,0.5,-40.10998263293789,-38.88636953013498
2612,kexp,2.5,2.5,0.5,0.1,-51.23489063242079,-45.822029354731995
2613,kexp,2.5,2.5,0.5,0.05,-52.52775140162049,-46.707360907509695
2614,kexp,2.5,2.5,0.5,0.01,-52.97790898155192,-47.016461127436585
2615,kexp,2.5,2.5,0.5,0,-52.99707932487726,-47.02963312511686
2616,kexp,2.5,2.5,1,0.5,-39.79887915452766,-38.960723225374075
2617,kexp,2.5,2.5,1,0.1,-41.00652635743651,-38.70198133230458
2618,kexp,2.5,2.5,1,0.05,-41.18773346370568,-38.78706648535771
2619,kexp,2.5,2.5,1,0.01,-41.24961400552411,-38.81688411238273
2620,kexp,2.5,2.5,1,0,-41.25223508975666,-38.818154965358225
2621,kexp,2.5,2.5,1.5,0.5,-40.968053647302035,-40.46121257080225
2622,kexp,2.5,2.5,1.5,0.1,-40.11185783306861,-38.90738722935187
2623,kexp,2.5,2.5,1.5,0.05,-40.1232039829529,-38.88015599221413
2624,kexp,2.5,2.5,1.5,0.01,-40.12774470184076,-38.87198679740169
2625,kexp,2.5,2.5,1.5,0,-40.1279437780964,-38.87165234549261
2626,kexp,2.5,3,0.5,0.5,-41.27138530197521,-40.003416654591526
2627,kexp,2.5,3,0.5,0.1,-53.11681985739541,-47.34087082422931
2628,kexp,2.5,3,0.5,0.05,-54.42607903622055,-48.20510847282091
2629,kexp,2.5,3,0.5,0.01,-54.8806286795733,-48.505354800701475
2630,kexp,2.5,3,0.5,0,-54.899971786500736,-48.51813320522395
2631,kexp,2.5,3,1,0.5,-40.83657840744914,-39.98647519173775
2632,kexp,2.5,3,1,0.1,-42.44454903910149,-40.02866903790349
2633,kexp,2.5,3,1,0.05,-42.64093053681357,-40.12094582477533
2634,kexp,2.5,3,1,0.01,-42.707675935763874,-40.152927355129805
2635,kexp,2.5,3,1,0,-42.71049978433713,-40.15428681131284
2636,kexp,2.5,3,1.5,0.5,-41.96242161651879,-41.47295576744134
2637,kexp,2.5,3,1.5,0.1,-41.405972702827626,-40.18047913808783
2638,kexp,2.5,3,1.5,0.05,-41.429242794695504,-40.1624347846609
2639,kexp,2.5,3,1.5,0.01,-41.43763906976411,-40.15720668465247
2640,kexp,2.5,3,1.5,0,-41.43799921699639,-40.15699478006436
2641,kexp,2.5,3.5,0.5,0.5,-42.22230736821548,-40.930985375547486
2642,kexp,2.5,3.5,0.5,0.1,-54.55388160996286,-48.52092605114831
2643,kexp,2.5,3.5,0.5,0.05,-55.86742827593163,-49.362670204867925
2644,kexp,2.5,3.5,0.5,0.01,-56.32251601522169,-49.65404904466248
2645,kexp,2.5,3.5,0.5,0,-56.34187175444971,-49.66643859132157
2646,kexp,2.5,3.5,1,0.5,-41.66359502114774,-40.81925606171422
2647,kexp,2.5,3.5,1,0.1,-43.53302972489186,-41.057695060247546
2648,kexp,2.5,3.5,1,0.05,-43.73767891996147,-41.152961297447014
2649,kexp,2.5,3.5,1,0.01,-43.807030160000274,-41.18576574171999
2650,kexp,2.5,3.5,1,0,-43.809962123783414,-41.18715798903365
2651,kexp,2.5,3.5,1.5,0.5,-42.74296237897057,-42.28493162211349
2652,kexp,2.5,3.5,1.5,0.1,-42.381855112181896,-41.16757241558069
2653,kexp,2.5,3.5,1.5,0.05,-42.41219343406643,-41.155014141853684
2654,kexp,2.5,3.5,1.5,0.01,-42.42286081001076,-41.15152739796613
2655,kexp,2.5,3.5,1.5,0,-42.42331568027556,-41.151387888327235
2656,kexp,2.5,4,0.5,0.5,-43.005242067084104,-41.707830566695144
2657,kexp,2.5,4,0.5,0.1,-55.667068612530294,-49.46483669546261
2658,kexp,2.5,4,0.5,0.05,-56.9773569786138,-50.285335143763334
2659,kexp,2.5,4,0.5,0.01,-57.43055637447883,-50.568557583248804
2660,kexp,2.5,4,0.5,0,-57.44982357425183,-50.580591602209104
2661,kexp,2.5,4,1,0.5,-42.32985430039877,-41.504933935336844
2662,kexp,2.5,4,1,0.1,-44.37149998415903,-41.87765353047091
2663,kexp,2.5,4,1,0.05,-44.580177712081195,-41.9738240957401
2664,kexp,2.5,4,1,0.01,-44.65074952382183,-42.006795880844685
2665,kexp,2.5,4,1,0,-44.65373157348405,-42.008193742331386
2666,kexp,2.5,4,1.5,0.5,-43.36409799996514,-42.947560090410356
2667,kexp,2.5,4,1.5,0.1,-43.13209322860522,-41.953033449028
2668,kexp,2.5,4,1.5,0.05,-43.166540504331564,-41.94389244524481
2669,kexp,2.5,4,1.5,0.01,-43.178515090495424,-41.9414795407142
2670,kexp,2.5,4,1.5,0,-43.1790243399428,-41.941384555762525
2671,kexp,2.5,6,0.5,0.5,-45.073095757513514,-43.8578365455255
2672,kexp,2.5,6,0.5,0.1,-58.42394425485469,-52.069757265356245
2673,kexp,2.5,6,0.5,0.05,-59.708945398199305,-52.840843325183094
2674,kexp,2.5,6,0.5,0.01,-60.15137101249303,-53.105086586830524
2675,kexp,2.5,6,0.5,0,-60.17015806500124,-53.11629331455128
2676,kexp,2.5,6,1,0.5,-44.02668428119854,-43.35004889677646
2677,kexp,2.5,6,1,0.1,-46.392190523266,-44.0388993267438
2678,kexp,2.5,6,1,0.05,-46.60342054848515,-44.135967509306575
2679,kexp,2.5,6,1,0.01,-46.67452344132992,-44.168913256606565
2680,kexp,2.5,6,1,0,-46.67752443280748,-44.17030655584357
2681,kexp,2.5,6,1.5,0.5,-44.91051499363518,-44.69852824926822
2682,kexp,2.5,6,1.5,0.1,-44.91640582370016,-43.98155642139396
2683,kexp,2.5,6,1.5,0.05,-44.956379453913755,-43.97926053259667
2684,kexp,2.5,6,1.5,0.01,-44.97005716248235,-43.9789747864912
2685,kexp,2.5,6,1.5,0,-44.97063665545872,-43.97896773633319
2686,kexp,2.5,8,0.5,0.5,-46.220113023434735,-45.154603115700574
2687,kexp,2.5,8,0.5,0.1,-60.01268593470703,-53.85220055877214
2688,kexp,2.5,8,0.5,0.05,-61.29403955016391,-54.62162894240864
2689,kexp,2.5,8,0.5,0.01,-61.73413849869089,-54.88432909528618
2690,kexp,2.5,8,0.5,0,-61.75281495846956,-54.89545973972939
2691,kexp,2.5,8,1,0.5,-44.93040185207711,-44.425642065121906
2692,kexp,2.5,8,1,0.1,-47.47203260316632,-45.353191610639136
2693,kexp,2.5,8,1,0.05,-47.68547376825851,-45.455518686326684
2694,kexp,2.5,8,1,0.01,-47.75715023635767,-45.49004934463886
2695,kexp,2.5,8,1,0,-47.76017362577633,-45.4915075847804
2696,kexp,2.5,8,1.5,0.5,-45.70921842888372,-45.68876727777945
2697,kexp,2.5,8,1.5,0.1,-45.82901888905662,-45.14340281036628
2698,kexp,2.5,8,1.5,0.05,-45.871544801341805,-45.14614636866704
2699,kexp,2.5,8,1.5,0.01,-45.8860049010519,-45.1474544817786
2700,kexp,2.5,8,1.5,0,-45.88661661492808,-45.147513633190066
2701,kexp,2.5,10,0.5,0.5,-46.9057350817323,-45.98837964207508
2702,kexp,2.5,10,0.5,0.1,-61.051921434615984,-55.14393190581934
2703,kexp,2.5,10,0.5,0.05,-62.34370245092844,-55.92925128323116
2704,kexp,2.5,10,0.5,0.01,-62.78685417920386,-56.196871974565404
2705,kexp,2.5,10,0.5,0,-62.805654344353016,-56.20820558460709
2706,kexp,2.5,10,1,0.5,-45.45961932319934,-45.10194788145422
2707,kexp,2.5,10,1,0.1,-48.139446360100656,-46.22821776226899
2708,kexp,2.5,10,1,0.05,-48.35710218377276,-46.33749755912794
2709,kexp,2.5,10,1,0.01,-48.43009810295298,-46.37424733643979
2710,kexp,2.5,10,1,0,-48.433176130281296,-46.37579796128297
2711,kexp,2.5,10,1.5,0.5,-46.168892238374355,-46.296820200311444
2712,kexp,2.5,10,1.5,0.1,-46.37190038524167,-45.87893048077965
2713,kexp,2.5,10,1.5,0.05,-46.417062622557765,-45.88612966364271
2714,kexp,2.5,10,1.5,0.01,-46.432360283127494,-45.88886679545033
2715,kexp,2.5,10,1.5,0,-46.43300682564021,-45.88898552023423
2716,kexp,2.5,25,0.5,0.5,-47.98191619967667,-47.49575423460195
2717,kexp,2.5,25,0.5,0.1,-62.819814354731065,-57.66646498876116
2718,kexp,2.5,25,0.5,0.05,-64.15734086145595,-58.50687906020685
2719,kexp,2.5,25,0.5,0.01,-64.61586891258344,-58.79272729874443
2720,kexp,2.5,25,0.5,0,-64.63531788608441,-58.80482691723787
2721,kexp,2.5,25,1,0.5,-46.29320316435449,-46.303811740573884
2722,kexp,2.5,25,1,0.1,-49.279439293299134,-47.86442852963327
2723,kexp,2.5,25,1,0.05,-49.51213153559906,-47.99273326153262
2724,kexp,2.5,25,1,0.01,-49.590053723454275,-48.03567529958571
2725,kexp,2.5,25,1,0,-49.593338245458654,-48.037485053565696
2726,kexp,2.5,25,1.5,0.5,-46.903861582921586,-47.36331873446014
2727,kexp,2.5,25,1.5,0.1,-47.29791820341881,-47.2146158663823
2728,kexp,2.5,25,1.5,0.05,-47.35128160641021,-47.23255163050967
2729,kexp,2.5,25,1.5,0.01,-47.36924380477031,-47.238763922196526
2730,kexp,2.5,25,1.5,0,-47.37000179863235,-47.239027865733696
