model_no,k_name,l1,l2,b,meas_error,lppd_exact,lppd_LOPO
1,ksqexp,1,0.2,0.5,0.5,-34.27255755337694,-34.98947791988914
2,ksqexp,1,0.2,0.5,0.1,-340.9499426083936,-360.40261820885763
3,ksqexp,1,0.2,0.5,0.05,-1356.6902858343726,-1425.1639358752068
4,ksqexp,1,0.2,0.5,0.01,-14198.574480546853,-14297.704250092444
5,ksqexp,1,0.2,0.5,0,-134600175080.76103,-134609864504.20334
6,ksqexp,1,0.2,1,0.5,-36.48813037036538,-37.365509318933746
7,ksqexp,1,0.2,1,0.1,-340.1730265276776,-358.68987008432055
8,ksqexp,1,0.2,1,0.05,-1307.1709266378323,-1370.7424577407173
9,ksqexp,1,0.2,1,0.01,-10069.459399508429,-9947.857713690768
10,ksqexp,1,0.2,1,0,-112241209171.86871,-112246460167.4186
11,ksqexp,1,0.2,1.5,0.5,-38.103272488975094,-39.07675745405594
12,ksqexp,1,0.2,1.5,0.1,-342.26334766608073,-360.1533767850193
13,ksqexp,1,0.2,1.5,0.05,-1238.7926440522915,-1297.5614953634988
14,ksqexp,1,0.2,1.5,0.01,-8415.05695775057,-8284.5317395425791
15,ksqexp,1,0.2,1.5,0,-95663831789.20795,-95667427881.76613
16,ksqexp,1,0.5,0.5,0.5,-31.70311224382994,-33.02545822485096
17,ksqexp,1,0.5,0.5,0.1,-76.47116363299904,-85.12964750689657
18,ksqexp,1,0.5,0.5,0.05,-178.26150924618264,-192.62494295663862
19,ksqexp,1,0.5,0.5,0.01,-1761.968724836335,-1838.4288531863806
20,ksqexp,1,0.5,0.5,0,-10204655.87071073,-10276974.353352526
21,ksqexp,1,0.5,1,0.5,-33.54379491339018,-34.9954199762563
22,ksqexp,1,0.5,1,0.1,-62.51008446198959,-68.00355124970415
23,ksqexp,1,0.5,1,0.05,-150.81579472640843,-164.0727280446295
24,ksqexp,1,0.5,1,0.01,-1528.2113948995088,-1576.5690135242903
25,ksqexp,1,0.5,1,0,-5102491.216679012,-5138651.665940689
26,ksqexp,1,0.5,1.5,0.5,-35.08652540728906,-36.56272119081187
27,ksqexp,1,0.5,1.5,0.1,-58.776031446203625,-63.37920540072486
28,ksqexp,1,0.5,1.5,0.05,-138.42592324458602,-150.93669747022685
29,ksqexp,1,0.5,1.5,0.01,-1450.3426533043717,-1495.0677677241733
30,ksqexp,1,0.5,1.5,0,-3401694.0436851894,-3425801.433874243
31,ksqexp,1,1,0.5,0.5,-26.945141285960695,-27.68787095212996
32,ksqexp,1,1,0.5,0.1,-27.569734159949938,-27.968237464297065
33,ksqexp,1,1,0.5,0.05,-62.96102606290525,-63.426424992065485
34,ksqexp,1,1,0.5,0.01,-785.956334421528,-808.3845827770474
35,ksqexp,1,1,0.5,0,-3852.918111530212,-3947.8552216656776
36,ksqexp,1,1,1,0.5,-29.759741079438115,-30.517550434157677
37,ksqexp,1,1,1,0.1,-29.447487871041236,-30.19829673744664
38,ksqexp,1,1,1,0.05,-62.79985170664539,-64.04788646918317
39,ksqexp,1,1,1,0.01,-637.0320497652586,-656.0369672630987
40,ksqexp,1,1,1,0,-1929.4100083722562,-1977.501607171162
41,ksqexp,1,1,1.5,0.5,-32.34821219124596,-33.154828773046226
42,ksqexp,1,1,1.5,0.1,-32.16361844863796,-33.099095289369686
43,ksqexp,1,1,1.5,0.05,-63.60085308609637,-65.17068976913151
44,ksqexp,1,1,1.5,0.01,-546.6971599677354,-562.9581265497461
45,ksqexp,1,1,1.5,0,-1291.0312791499216,-1323.5077071776655
46,ksqexp,1,1.5,0.5,0.5,-26.842919382664856,-27.461840565806078
47,ksqexp,1,1.5,0.5,0.1,-24.400090931687597,-24.875477220664344
48,ksqexp,1,1.5,0.5,0.05,-35.89887826435496,-36.72339866569098
49,ksqexp,1,1.5,0.5,0.01,-60.973638832335,-65.16784979094817
50,ksqexp,1,1.5,0.5,0,-64.7933123814986,-69.78407060387931
51,ksqexp,1,1.5,1,0.5,-30.444469056974768,-31.1609674704506
52,ksqexp,1,1.5,1,0.1,-26.49500159763571,-27.455370318100247
53,ksqexp,1,1.5,1,0.05,-31.940860455152077,-33.313899731640504
54,ksqexp,1,1.5,1,0.01,-40.457063473115205,-43.4659911830076
55,ksqexp,1,1.5,1,0,-41.37815118725972,-44.60355777549447
56,ksqexp,1,1.5,1.5,0.5,-33.44024704843764,-34.25225875771534
57,ksqexp,1,1.5,1.5,0.1,-28.931428959211672,-30.07176567031955
58,ksqexp,1,1.5,1.5,0.05,-31.917661045107746,-33.459134243298124
59,ksqexp,1,1.5,1.5,0.01,-35.989008803639884,-38.52616257074601
60,ksqexp,1,1.5,1.5,0,-36.36375421725001,-39.000710259755564
61,ksqexp,1,2,0.5,0.5,-27.333212117502274,-27.950947785924786
62,ksqexp,1,2,0.5,0.1,-20.680401088125578,-20.94947458389763
63,ksqexp,1,2,0.5,0.05,-19.840380076833657,-19.953459972866288
64,ksqexp,1,2,0.5,0.01,-18.74885863869125,-18.64923900267408
65,ksqexp,1,2,0.5,0,-18.670543675530375,-18.552769342297765
66,ksqexp,1,2,1,0.5,-31.24684615776691,-31.990392289081175
67,ksqexp,1,2,1,0.1,-23.505911705302267,-24.341896637849455
68,ksqexp,1,2,1,0.05,-22.233561340723924,-23.04679012166303
69,ksqexp,1,2,1,0.01,-21.455536456885575,-22.236100695856663
70,ksqexp,1,2,1,0,-21.414365977485712,-22.19262264591665
71,ksqexp,1,2,1.5,0.5,-34.40965245333668,-35.26559701955004
72,ksqexp,1,2,1.5,0.1,-26.860192321923343,-27.919690603434887
73,ksqexp,1,2,1.5,0.05,-25.720641506602213,-26.794891410151607
74,ksqexp,1,2,1.5,0.01,-25.14750537173493,-26.224434849443515
75,ksqexp,1,2,1.5,0,-25.1196301782087,-26.19656384722566
76,ksqexp,1,2.5,0.5,0.5,-27.7529261121608,-28.3931697582443
77,ksqexp,1,2.5,0.5,0.1,-20.490119494731772,-20.686932275026034
78,ksqexp,1,2.5,0.5,0.05,-19.869393880811263,-19.79718166929869
79,ksqexp,1,2.5,0.5,0.01,-19.806636139376685,-19.465453825388558
80,ksqexp,1,2.5,0.5,0,-19.811667585548232,-19.45288929928134
81,ksqexp,1,2.5,1,0.5,-31.849554587350465,-32.628711486293334
82,ksqexp,1,2.5,1,0.1,-24.594384666095802,-25.44985831348273
83,ksqexp,1,2.5,1,0.05,-23.948582874093347,-24.753726228117976
84,ksqexp,1,2.5,1,0.01,-23.73421739620784,-24.494395035403727
85,ksqexp,1,2.5,1,0,-23.725636891723266,-24.483243779218267
86,ksqexp,1,2.5,1.5,0.5,-35.14232216496911,-36.043301241108374
87,ksqexp,1,2.5,1.5,0.1,-28.572427612005736,-29.700985550261127
88,ksqexp,1,2.5,1.5,0.05,-28.022851282195095,-29.15712191538198
89,ksqexp,1,2.5,1.5,0.01,-27.829167169842886,-28.959214131465952
90,ksqexp,1,2.5,1.5,0,-27.820950093808825,-28.950685372586182
91,ksqexp,1,3,0.5,0.5,-28.098645996940206,-28.77242057325925
92,ksqexp,1,3,0.5,0.1,-21.514920069493087,-21.844251602458307
93,ksqexp,1,3,0.5,0.05,-21.26760764994704,-21.423898724261637
94,ksqexp,1,3,0.5,0.01,-21.315274746883226,-21.336059111646314
95,ksqexp,1,3,0.5,0,-21.321129536304884,-21.334049583840738
96,ksqexp,1,3,1,0.5,-32.33068903034199,-33.152242873946925
97,ksqexp,1,3,1,0.1,-26.02664973851054,-27.03931508329429
98,ksqexp,1,3,1,0.05,-25.62628301746461,-26.640710943434563
99,ksqexp,1,3,1,0.01,-25.501662992062034,-26.508638690145442
100,ksqexp,1,3,1,0,-25.49666164980092,-26.503148196367867
101,ksqexp,1,3,1.5,0.5,-35.73752136243439,-36.68795202112774
102,ksqexp,1,3,1.5,0.1,-30.16492642381928,-31.45696175307317
103,ksqexp,1,3,1.5,0.05,-29.80561758904663,-31.131868526655857
104,ksqexp,1,3,1.5,0.01,-29.684271498727544,-31.021501477475756
105,ksqexp,1,3,1.5,0,-29.67916245434152,-31.016837833934357
106,ksqexp,1,3.5,0.5,0.5,-28.41024382942062,-29.11791900637657
107,ksqexp,1,3.5,0.5,0.1,-22.44493816314892,-22.92608406593244
108,ksqexp,1,3.5,0.5,0.05,-22.28425845806089,-22.665609152804453
109,ksqexp,1,3.5,0.5,0.01,-22.299422088111555,-22.61589556541545
110,ksqexp,1,3.5,0.5,0,-22.30169595537029,-22.614668418374677
111,ksqexp,1,3.5,1,0.5,-32.73100808133386,-33.59239864380668
112,ksqexp,1,3.5,1,0.1,-27.04995121235779,-28.20178251632151
113,ksqexp,1,3.5,1,0.05,-26.7264735348382,-27.907157964183234
114,ksqexp,1,3.5,1,0.01,-26.621510147356076,-27.810630891528945
115,ksqexp,1,3.5,1,0,-26.617164050604696,-27.806606134222417
116,ksqexp,1,3.5,1.5,0.5,-36.21406529171209,-37.20977856804762
117,ksqexp,1,3.5,1.5,0.1,-31.237549735221876,-32.6577488434639
118,ksqexp,1,3.5,1.5,0.05,-30.94808360947793,-32.413125120763105
119,ksqexp,1,3.5,1.5,0.01,-30.85043177377464,-32.33135317494496
120,ksqexp,1,3.5,1.5,0,-30.84631018240254,-32.32790880623399
121,ksqexp,1,4,0.5,0.5,-28.69526772535566,-29.433378088534944
122,ksqexp,1,4,0.5,0.1,-23.170818159679325,-23.77171685871002
123,ksqexp,1,4,0.5,0.05,-23.01996821070685,-23.561206383178096
124,ksqexp,1,4,0.5,0.01,-23.00285206483487,-23.51216873720992
125,ksqexp,1,4,0.5,0,-23.002823416528248,-23.510522753863846
126,ksqexp,1,4,1,0.5,-33.063032469001804,-33.959247311632
127,ksqexp,1,4,1,0.1,-27.780978288957346,-29.031925100550914
128,ksqexp,1,4,1,0.05,-27.49347357969338,-28.783398965524725
129,ksqexp,1,4,1,0.01,-27.397730541425233,-28.701522888917328
130,ksqexp,1,4,1,0,-27.393710627001372,-28.698092334327583
131,ksqexp,1,4,1.5,0.5,-36.58876645040002,-37.62372080109537
132,ksqexp,1,4,1.5,0.1,-31.987609427020804,-33.49413062246412
133,ksqexp,1,4,1.5,0.05,-31.736196876030604,-33.288975512911144
134,ksqexp,1,4,1.5,0.01,-31.651569364009806,-33.220807099909344
135,ksqexp,1,4,1.5,0,-31.64799646388545,-33.21793896121478
136,ksqexp,1,6,0.5,0.5,-29.54588283375261,-30.376057507464086
137,ksqexp,1,6,0.5,0.1,-25.009745040412387,-25.883617333713456
138,ksqexp,1,6,0.5,0.05,-24.87311425369678,-25.7203169094673
139,ksqexp,1,6,0.5,0.01,-24.828791214843886,-25.667901950435162
140,ksqexp,1,6,0.5,0,-24.8269362026103,-25.66571924536218
141,ksqexp,1,6,1,0.5,-33.93567160317866,-34.942884084834084
142,ksqexp,1,6,1,0.1,-29.493899784116824,-30.954193071442454
143,ksqexp,1,6,1,0.05,-29.2846819773505,-30.77984069052207
144,ksqexp,1,6,1,0.01,-29.214836895060465,-30.722408145317633
145,ksqexp,1,6,1,0,-29.211893068260316,-30.71999652006798
146,ksqexp,1,6,1.5,0.5,-37.50668222428448,-38.66826993113123
147,ksqexp,1,6,1.5,0.1,-33.69784890240427,-35.381305002754075
148,ksqexp,1,6,1.5,0.05,-33.524002430634354,-35.24267860643371
149,ksqexp,1,6,1.5,0.01,-33.466613129438585,-35.19731375438636
150,ksqexp,1,6,1.5,0,-33.46420212354561,-35.195412378374954
151,ksqexp,1,8,0.5,0.5,-29.998395659805425,-30.89709820293009
152,ksqexp,1,8,0.5,0.1,-26.02968026773095,-27.035087756245268
153,ksqexp,1,8,0.5,0.05,-25.9509319035868,-26.9161772991812
154,ksqexp,1,8,0.5,0.01,-25.927457276890838,-26.87834098491263
155,ksqexp,1,8,0.5,0,-25.92649633539219,-26.876766188572958
156,ksqexp,1,8,1,0.5,-34.39706228811666,-35.493573663279
157,ksqexp,1,8,1,0.1,-30.419099184250882,-31.983970300314596
158,ksqexp,1,8,1,0.05,-30.257613861147735,-31.846143624384176
159,ksqexp,1,8,1,0.01,-30.204784796892206,-31.80128863342461
160,ksqexp,1,8,1,0,-30.20257049026796,-31.799411299466453
161,ksqexp,1,8,1.5,0.5,-37.98905476706863,-39.25245316777433
162,ksqexp,1,8,1.5,0.1,-34.601525213155355,-36.37839291464978
163,ksqexp,1,8,1.5,0.05,-34.46492550351427,-36.26817533215556
164,ksqexp,1,8,1.5,0.01,-34.420447017790714,-36.232443639058296
165,ksqexp,1,8,1.5,0,-34.41858530862976,-36.230949769837025
166,ksqexp,1,10,0.5,0.5,-30.232170756357885,-31.190089951485838
167,ksqexp,1,10,0.5,0.1,-26.613551064648565,-27.689680905100552
168,ksqexp,1,10,0.5,0.05,-26.58179316084106,-27.602341269361723
169,ksqexp,1,10,0.5,0.01,-26.57602560625762,-27.575709176465317
170,ksqexp,1,10,0.5,0,-26.57583587909209,-27.574614574143602
171,ksqexp,1,10,1,0.5,-34.660658218096685,-35.83000852809644
172,ksqexp,1,10,1,0.1,-30.970449042542,-32.59846535545772
173,ksqexp,1,10,1,0.05,-30.836605355970676,-32.480654926740776
174,ksqexp,1,10,1,0.01,-30.793442708132986,-32.44262599745575
175,ksqexp,1,10,1,0,-30.791640636897316,-32.441037873284884
176,ksqexp,1,10,1.5,0.5,-38.27926887776103,-39.622005266578476
177,ksqexp,1,10,1.5,0.1,-35.14408595819415,-36.98179960046069
178,ksqexp,1,10,1.5,0.05,-35.026992140084324,-36.886024300335365
179,ksqexp,1,10,1.5,0.01,-34.989146613216725,-36.855125871625525
180,ksqexp,1,10,1.5,0,-34.98756565623572,-36.853835739738265
181,ksqexp,1,25,0.5,0.5,-30.744801325440562,-31.92790126682665
182,ksqexp,1,25,0.5,0.1,-27.93437886491955,-29.197380111255868
183,ksqexp,1,25,0.5,0.05,-28.009607766250653,-29.176027889392163
184,ksqexp,1,25,0.5,0.01,-28.04271322551351,-29.172512504646352
185,ksqexp,1,25,0.5,0,-28.044198435901517,-29.17240463123017
186,ksqexp,1,25,1,0.5,-35.19095792090676,-36.56538829057911
187,ksqexp,1,25,1,0.1,-32.04280678820409,-33.81316549900108
188,ksqexp,1,25,1,0.05,-31.953755678691234,-33.725747955662285
189,ksqexp,1,25,1,0.01,-31.925888739720595,-33.69791838372218
190,ksqexp,1,25,1,0,-31.924734787247147,-33.69676050967245
191,ksqexp,1,25,1.5,0.5,-38.84109079285299,-40.37362897080672
192,ksqexp,1,25,1.5,0.1,-36.12809254666533,-38.09708694598765
193,ksqexp,1,25,1.5,0.05,-36.03868533464319,-38.020958557273374
194,ksqexp,1,25,1.5,0.01,-36.010094665586,-37.99655323476169
195,ksqexp,1,25,1.5,0,-36.008903671098174,-37.995535902559226
196,ksqexp,1.25,0.2,0.5,0.5,-33.74203174324049,-34.61082104488377
197,ksqexp,1.25,0.2,0.5,0.1,-373.6228984130737,-400.5020974650664
198,ksqexp,1.25,0.2,0.5,0.05,-1376.651853328971,-1495.8795920014236
199,ksqexp,1.25,0.2,0.5,0.01,-25733.93439236168,-27124.39143919632
200,ksqexp,1.25,0.2,0.5,0,-148352677617.97565,-148386520793.74045
201,ksqexp,1.25,0.2,1,0.5,-35.54167751264959,-36.5998093202134
202,ksqexp,1.25,0.2,1,0.1,-352.2415807127375,-381.2340802632392
203,ksqexp,1.25,0.2,1,0.05,-1369.9272709146926,-1490.2994944494312
204,ksqexp,1.25,0.2,1,0.01,-19746.1457079856,-20334.194127131213
205,ksqexp,1.25,0.2,1,0,-153708952018.4248,-153733054870.75067
206,ksqexp,1.25,0.2,1.5,0.5,-36.9072619996444,-38.09227793544285
207,ksqexp,1.25,0.2,1.5,0.1,-344.9642754979799,-374.89026535614784
208,ksqexp,1.25,0.2,1.5,0.05,-1373.856141356681,-1491.8198135357898
209,ksqexp,1.25,0.2,1.5,0.01,-16538.667588967368,-16712.528877761306
210,ksqexp,1.25,0.2,1.5,0,-155354432609.32816,-155373251634.65448
211,ksqexp,1.25,0.5,0.5,0.5,-32.3556151575123,-34.074574241648456
212,ksqexp,1.25,0.5,0.5,0.1,-134.25031359621084,-159.41104988787984
213,ksqexp,1.25,0.5,0.5,0.05,-291.01435868792015,-330.4999379428405
214,ksqexp,1.25,0.5,0.5,0.01,-3153.771400915336,-3590.044368019007
215,ksqexp,1.25,0.5,0.5,0,-148872500.25181186,-149533008.19158894
216,ksqexp,1.25,0.5,1,0.5,-33.968662912627074,-36.032918499196484
217,ksqexp,1.25,0.5,1,0.1,-99.00385874607426,-116.39330034133509
218,ksqexp,1.25,0.5,1,0.05,-239.9408552041782,-265.9537162295664
219,ksqexp,1.25,0.5,1,0.01,-2524.691571965628,-2809.664185324588
220,ksqexp,1.25,0.5,1,0,-74471177.8150978,-74801496.6325743
221,ksqexp,1.25,0.5,1.5,0.5,-35.274656869831624,-37.505621800865555
222,ksqexp,1.25,0.5,1.5,0.1,-86.41039331933999,-99.69839429020965
223,ksqexp,1.25,0.5,1.5,0.05,-219.89961900963033,-243.40263778072404
224,ksqexp,1.25,0.5,1.5,0.01,-2219.772625902314,-2425.4787407367735
225,ksqexp,1.25,0.5,1.5,0,-49655214.04921236,-49875441.27116547
226,ksqexp,1.25,1,0.5,0.5,-26.986030425373094,-28.164157129604412
227,ksqexp,1.25,1,0.5,0.1,-34.922001400083694,-34.65823831265034
228,ksqexp,1.25,1,0.5,0.05,-76.59246381473959,-74.64770045770692
229,ksqexp,1.25,1,0.5,0.01,-1252.3815376769853,-1277.9704267890345
230,ksqexp,1.25,1,0.5,0,-42562.8190776461,-44021.11379915672
231,ksqexp,1.25,1,1,0.5,-28.71327249807718,-29.889285535205445
232,ksqexp,1.25,1,1,0.1,-31.71632130241753,-32.30618536030992
233,ksqexp,1.25,1,1,0.05,-69.803080248046,-69.36989620675877
234,ksqexp,1.25,1,1,0.01,-1140.7502950579453,-1174.8526498460292
235,ksqexp,1.25,1,1,0,-21277.62771401877,-22007.81900062858
236,ksqexp,1.25,1,1.5,0.5,-30.62827009618531,-31.859979724018306
237,ksqexp,1.25,1,1.5,0.1,-32.08932778344593,-33.013422114055466
238,ksqexp,1.25,1,1.5,0.05,-69.47793875323883,-69.85004752404035
239,ksqexp,1.25,1,1.5,0.01,-1081.1306523744156,-1117.2482878480175
240,ksqexp,1.25,1,1.5,0,-14185.352810903412,-14672.842895868926
241,ksqexp,1.25,1.5,0.5,0.5,-25.827579896146833,-26.635811958190256
242,ksqexp,1.25,1.5,0.5,0.1,-29.142173000105917,-27.373675520301216
243,ksqexp,1.25,1.5,0.5,0.05,-61.7819169609799,-60.1492319621245
244,ksqexp,1.25,1.5,0.5,0.01,-385.2054189869378,-402.77561877519383
245,ksqexp,1.25,1.5,0.5,0,-631.7174108409904,-671.6839014488063
246,ksqexp,1.25,1.5,1,0.5,-28.70684580979627,-29.658636725401124
247,ksqexp,1.25,1.5,1,0.1,-29.20541477796737,-29.400065235053912
248,ksqexp,1.25,1.5,1,0.05,-56.65930700830951,-57.460421269257125
249,ksqexp,1.25,1.5,1,0.01,-239.62444899955946,-253.62416218874102
250,ksqexp,1.25,1.5,1,0,-319.47724271416376,-340.7295203481494
251,ksqexp,1.25,1.5,1.5,0.5,-31.223995083652213,-32.33948333555469
252,ksqexp,1.25,1.5,1.5,0.1,-31.001703133672567,-31.989399744779682
253,ksqexp,1.25,1.5,1.5,0.05,-54.9310455566315,-56.59146287574439
254,ksqexp,1.25,1.5,1.5,0.01,-178.833175581647,-190.2784353415796
255,ksqexp,1.25,1.5,1.5,0,-218.1878429170198,-233.20204951442423
256,ksqexp,1.25,2,0.5,0.5,-26.142189319242984,-26.91525670080115
257,ksqexp,1.25,2,0.5,0.1,-26.766495318995936,-25.29126692700712
258,ksqexp,1.25,2,0.5,0.05,-36.616853258684095,-35.44615006140122
259,ksqexp,1.25,2,0.5,0.01,-48.12941131637803,-50.66499163544559
260,ksqexp,1.25,2,0.5,0,-48.54556384967867,-51.777472293163235
261,ksqexp,1.25,2,1,0.5,-29.50394653959869,-30.484704280901372
262,ksqexp,1.25,2,1,0.1,-26.06650333441148,-26.584929153803976
263,ksqexp,1.25,2,1,0.05,-29.750755671301967,-30.8797716593785
264,ksqexp,1.25,2,1,0.01,-31.95785213839411,-34.80573852846864
265,ksqexp,1.25,2,1,0,-31.97628190005465,-35.014013533656
266,ksqexp,1.25,2,1.5,0.5,-32.26913471060858,-33.448770189901076
267,ksqexp,1.25,2,1.5,0.1,-27.471316553028814,-28.757296168127873
268,ksqexp,1.25,2,1.5,0.05,-28.926181720741106,-30.784728329552046
269,ksqexp,1.25,2,1.5,0.01,-29.272457809457308,-32.15693569748807
270,ksqexp,1.25,2,1.5,0,-29.24384468283835,-32.21685071230063
271,ksqexp,1.25,2.5,0.5,0.5,-26.613377897027107,-27.400138720064692
272,ksqexp,1.25,2.5,0.5,0.1,-24.162134271754557,-22.363216020209382
273,ksqexp,1.25,2.5,0.5,0.05,-25.00384605655823,-22.41012504089669
274,ksqexp,1.25,2.5,0.5,0.01,-25.224072722428755,-21.780957054761505
275,ksqexp,1.25,2.5,0.5,0,-25.24269774902344,-21.72080693939777
276,ksqexp,1.25,2.5,1,0.5,-30.23400922521215,-31.252541821394093
277,ksqexp,1.25,2.5,1,0.1,-24.063967981224216,-24.31230579359927
278,ksqexp,1.25,2.5,1,0.05,-23.274048757424733,-23.313684515838773
279,ksqexp,1.25,2.5,1,0.01,-22.800622678184883,-22.62700607260578
280,ksqexp,1.25,2.5,1,0,-22.77764078115372,-22.588787723968817
281,ksqexp,1.25,2.5,1.5,0.5,-33.13635806937229,-34.36974145838632
282,ksqexp,1.25,2.5,1.5,0.1,-26.20765918341938,-27.269125279947545
283,ksqexp,1.25,2.5,1.5,0.05,-25.246355789825188,-26.243115767019834
284,ksqexp,1.25,2.5,1.5,0.01,-24.76927073371106,-25.69604919647005
285,ksqexp,1.25,2.5,1.5,0,-24.746611891793144,-25.66877141886963
286,ksqexp,1.25,3,0.5,0.5,-26.992366169256684,-27.809151261143928
287,ksqexp,1.25,3,0.5,0.1,-23.619319931571873,-21.655876008341387
288,ksqexp,1.25,3,0.5,0.05,-24.270020579124072,-21.239125094930717
289,ksqexp,1.25,3,0.5,0.01,-25.178502777550236,-21.263521742110918
290,ksqexp,1.25,3,0.5,0,-25.25306379644582,-21.27739964837897
291,ksqexp,1.25,3,1,0.5,-30.78108583503071,-31.84390112955854
292,ksqexp,1.25,3,1,0.1,-24.725939235337766,-24.92434874157839
293,ksqexp,1.25,3,1,0.05,-24.35256721514038,-24.272443068219832
294,ksqexp,1.25,3,1,0.01,-24.334131331933182,-24.057968893327143
295,ksqexp,1.25,3,1,0,-24.337435351666276,-24.050001170522197
296,ksqexp,1.25,3,1.5,0.5,-33.79755256666462,-35.08596515133313
297,ksqexp,1.25,3,1.5,0.1,-27.47740794175377,-28.56445674737021
298,ksqexp,1.25,3,1.5,0.05,-26.977271228120276,-27.980712109434794
299,ksqexp,1.25,3,1.5,0.01,-26.82835978627407,-27.773539131524345
300,ksqexp,1.25,3,1.5,0,-26.82288263666135,-27.764858444579275
301,ksqexp,1.25,3.5,0.5,0.5,-27.29296650062574,-28.149761090741396
302,ksqexp,1.25,3.5,0.5,0.1,-24.221144389950805,-22.35577077131609
303,ksqexp,1.25,3.5,0.5,0.05,-25.14393231468372,-22.337371084098006
304,ksqexp,1.25,3.5,0.5,0.01,-25.96478916503579,-22.564140643699623
305,ksqexp,1.25,3.5,0.5,0,-26.01770496517353,-22.582514400647927
306,ksqexp,1.25,3.5,1,0.5,-31.212121287845672,-32.32555020480448
307,ksqexp,1.25,3.5,1,0.1,-25.872162713414966,-26.236728238454432
308,ksqexp,1.25,3.5,1,0.05,-25.699042113561248,-25.87889080687444
309,ksqexp,1.25,3.5,1,0.01,-25.70974531707718,-25.78758767410444
310,ksqexp,1.25,3.5,1,0,-25.712041156268914,-25.78457966201071
311,ksqexp,1.25,3.5,1.5,0.5,-34.33494921756797,-35.68251718261971
312,ksqexp,1.25,3.5,1.5,0.1,-28.83864841733144,-30.11978183290136
313,ksqexp,1.25,3.5,1.5,0.05,-28.50485894902896,-29.763065164534023
314,ksqexp,1.25,3.5,1.5,0.01,-28.404706141122777,-29.647335686919103
315,ksqexp,1.25,3.5,1.5,0,-28.400809986602077,-29.64259151582062
316,ksqexp,1.25,4,0.5,0.5,-27.55448553994186,-28.45326437465508
317,ksqexp,1.25,4,0.5,0.1,-24.95870282220229,-23.25927152700007
318,ksqexp,1.25,4,0.5,0.05,-25.907336101678542,-23.406173269942713
319,ksqexp,1.25,4,0.5,0.01,-26.531062933193983,-23.619077350420184
320,ksqexp,1.25,4,0.5,0,-26.565996803055043,-23.632754677190714
321,ksqexp,1.25,4,1,0.5,-31.572751550493596,-32.7354329379575
322,ksqexp,1.25,4,1,0.1,-26.786745402779736,-27.337044487043233
323,ksqexp,1.25,4,1,0.05,-26.65327091421864,-27.08691848125565
324,ksqexp,1.25,4,1,0.01,-26.638694882134722,-27.020644730557994
325,ksqexp,1.25,4,1,0,-26.638782167109245,-27.018251745253824
326,ksqexp,1.25,4,1.5,0.5,-34.77851370275954,-36.18218451958203
327,ksqexp,1.25,4,1.5,0.1,-29.83252895169952,-31.29920443653979
328,ksqexp,1.25,4,1.5,0.05,-29.550174809781993,-31.029253691657775
329,ksqexp,1.25,4,1.5,0.01,-29.45753168945485,-30.941068917339052
330,ksqexp,1.25,4,1.5,0,-29.453700721793375,-30.937407534644233
331,ksqexp,1.25,6,0.5,0.5,-28.392221088428386,-29.431934795948955
332,ksqexp,1.25,6,0.5,0.1,-26.917635770169206,-25.66593884364899
333,ksqexp,1.25,6,0.5,0.05,-27.717601326001958,-25.842575966221162
334,ksqexp,1.25,6,0.5,0.01,-28.043506372197314,-25.933474427119386
335,ksqexp,1.25,6,0.5,0,-28.058022072707924,-25.937791651258745
336,ksqexp,1.25,6,1,0.5,-32.53920388373134,-33.859052252116456
337,ksqexp,1.25,6,1,0.1,-28.756446968727833,-29.719365816704432
338,ksqexp,1.25,6,1,0.05,-28.664146202197095,-29.5618530380853
339,ksqexp,1.25,6,1,0.01,-28.632161183937043,-29.51021959478963
340,ksqexp,1.25,6,1,0,-28.630788611496563,-29.50805468103178
341,ksqexp,1.25,6,1.5,0.5,-35.861266723325286,-37.44115079705997
342,ksqexp,1.25,6,1.5,0.1,-31.874673424722513,-33.71874210001872
343,ksqexp,1.25,6,1.5,0.05,-31.681812414131496,-33.54824451222036
344,ksqexp,1.25,6,1.5,0.01,-31.61520400556136,-33.49120511976998
345,ksqexp,1.25,6,1.5,0,-31.612367557798574,-33.48879912434778
346,ksqexp,1.25,8,0.5,0.5,-28.938316694843742,-30.0817900340954
347,ksqexp,1.25,8,0.5,0.1,-27.97894635421225,-26.971034931956336
348,ksqexp,1.25,8,0.5,0.05,-28.811512245174377,-27.153275387704067
349,ksqexp,1.25,8,0.5,0.01,-29.143377114389654,-27.233344617138805
350,ksqexp,1.25,8,0.5,0,-29.157997434975798,-27.236947262810897
351,ksqexp,1.25,8,1,0.5,-33.067881637047854,-34.51313342261977
352,ksqexp,1.25,8,1,0.1,-29.743916884581655,-30.90150211837881
353,ksqexp,1.25,8,1,0.05,-29.721434440612306,-30.787406660885182
354,ksqexp,1.25,8,1,0.01,-29.7170154474352,-30.75082068701573
355,ksqexp,1.25,8,1,0,-29.71685819507466,-30.749293804594217
356,ksqexp,1.25,8,1.5,0.5,-36.39731152323967,-38.12013787860978
357,ksqexp,1.25,8,1.5,0.1,-32.86550842425175,-34.8823070586745
358,ksqexp,1.25,8,1.5,0.05,-32.737617916307045,-34.7544112763995
359,ksqexp,1.25,8,1.5,0.01,-32.695568262272324,-34.71249113041027
360,ksqexp,1.25,8,1.5,0,-32.69380188181863,-34.7107327519181
361,ksqexp,1.25,10,0.5,0.5,-29.254094602216433,-30.47784623025182
362,ksqexp,1.25,10,0.5,0.1,-28.651132242095528,-27.776057179111906
363,ksqexp,1.25,10,0.5,0.05,-29.56892226846809,-27.9917112904232
364,ksqexp,1.25,10,0.5,0.01,-29.941937544859226,-28.08506167788412
365,ksqexp,1.25,10,0.5,0,-29.958486784685284,-28.089256688278674
366,ksqexp,1.25,10,1,0.5,-33.37403997100129,-34.92322358436114
367,ksqexp,1.25,10,1,0.1,-30.37220505431085,-31.641996803340454
368,ksqexp,1.25,10,1,0.05,-30.407533088861673,-31.560194738184887
369,ksqexp,1.25,10,1,0.01,-30.42588812870933,-31.535504006397115
370,ksqexp,1.25,10,1,0,-30.426734774866294,-31.53449241351686
371,ksqexp,1.25,10,1.5,0.5,-36.708419461898835,-38.55003877646274
372,ksqexp,1.25,10,1.5,0.1,-33.486203782486534,-35.609627709619254
373,ksqexp,1.25,10,1.5,0.05,-33.400931339927446,-35.50767832591679
374,ksqexp,1.25,10,1.5,0.01,-33.37456257500145,-35.474927133656784
375,ksqexp,1.25,10,1.5,0,-33.37347420497114,-35.473561088660006
376,ksqexp,1.25,25,0.5,0.5,-29.838141319371555,-31.385615088184014
377,ksqexp,1.25,25,0.5,0.1,-30.393520494938077,-29.646730150436643
378,ksqexp,1.25,25,0.5,0.05,-31.63479588090154,-29.995251580537
379,ksqexp,1.25,25,0.5,0.01,-32.14420017357054,-30.14184296840419
380,ksqexp,1.25,25,0.5,0,-32.16687759079184,-30.148401216205308
381,ksqexp,1.25,25,1,0.5,-33.978279821110384,-35.87079969646521
382,ksqexp,1.25,25,1,0.1,-31.87822158017134,-33.31024441471622
383,ksqexp,1.25,25,1,0.05,-32.04865268785516,-33.29736722491217
384,ksqexp,1.25,25,1,0.01,-32.11678925930413,-33.29728149064966
385,ksqexp,1.25,25,1,0,-32.11978896497325,-33.29732556839955
386,ksqexp,1.25,25,1.5,0.5,-37.35805386932159,-39.54814397247704
387,ksqexp,1.25,25,1.5,0.1,-34.89532498611546,-37.21081757975686
388,ksqexp,1.25,25,1.5,0.05,-34.89211457034893,-37.15515169101383
389,ksqexp,1.25,25,1.5,0.01,-34.89460541591219,-37.13831412490732
390,ksqexp,1.25,25,1.5,0,-34.89474952307415,-37.137623785860804
391,ksqexp,1.5,0.2,0.5,0.5,-33.156414238379185,-34.18817686785083
392,ksqexp,1.5,0.2,0.5,0.1,-422.0430006827498,-450.85843277927614
393,ksqexp,1.5,0.2,0.5,0.05,-1504.4081956812431,-1647.8553299401947
394,ksqexp,1.5,0.2,0.5,0.01,-33054.28594431098,-36667.1092022725
395,ksqexp,1.5,0.2,0.5,0,-137612459711.82764,-137671915457.46072
396,ksqexp,1.5,0.2,1,0.5,-34.35706072241035,-35.575281711424516
397,ksqexp,1.5,0.2,1,0.1,-397.1395281109121,-429.8228020378859
398,ksqexp,1.5,0.2,1,0.05,-1413.5609719845704,-1574.9628543945032
399,ksqexp,1.5,0.2,1,0.01,-28904.543421120998,-31518.252603202578
400,ksqexp,1.5,0.2,1,0,-139936798765.13556,-139980359166.88043
401,ksqexp,1.5,0.2,1.5,0.5,-35.43019804282335,-36.77900391422009
402,ksqexp,1.5,0.2,1.5,0.1,-380.6621836966513,-415.6779340925447
403,ksqexp,1.5,0.2,1.5,0.05,-1386.806789639554,-1558.8307533476948
404,ksqexp,1.5,0.2,1.5,0.01,-25623.590681325,-27600.30796078473
405,ksqexp,1.5,0.2,1.5,0,-142932067406.91312,-142969503030.9623
406,ksqexp,1.5,0.5,0.5,0.5,-32.514434015622484,-34.44781980408019
407,ksqexp,1.5,0.5,0.5,0.1,-214.5657141288761,-258.0039134974213
408,ksqexp,1.5,0.5,0.5,0.05,-477.19878572466865,-584.8151714162856
409,ksqexp,1.5,0.5,0.5,0.01,-5013.630733730753,-5873.204765047925
410,ksqexp,1.5,0.5,0.5,0,-1330552387.2391872,-1334172017.2771947
411,ksqexp,1.5,0.5,1,0.5,-33.90138424951842,-36.30773075420818
412,ksqexp,1.5,0.5,1,0.1,-164.07473457528448,-201.893636829948
413,ksqexp,1.5,0.5,1,0.05,-353.67532252535943,-424.3203668974708
414,ksqexp,1.5,0.5,1,0.01,-4120.611654446749,-4915.840547517527
415,ksqexp,1.5,0.5,1,0,-667956066.8327112,-669767698.4021864
416,ksqexp,1.5,0.5,1.5,0.5,-35.03439737776132,-37.71284409019634
417,ksqexp,1.5,0.5,1.5,0.1,-137.67757830222126,-170.2432025784257
418,ksqexp,1.5,0.5,1.5,0.05,-310.4586949904583,-365.1798671206883
419,ksqexp,1.5,0.5,1.5,0.01,-3631.809645107869,-4330.864970485964
420,ksqexp,1.5,0.5,1.5,0,-445902827.51417005,-447110985.9628811
421,ksqexp,1.5,1,0.5,0.5,-27.76326572150295,-29.5376424672563
422,ksqexp,1.5,1,0.5,0.1,-55.654037023679514,-52.57741245682795
423,ksqexp,1.5,1,0.5,0.05,-119.0365620341198,-114.16420124205041
424,ksqexp,1.5,1,0.5,0.01,-1500.6887268662547,-1493.6851351940936
425,ksqexp,1.5,1,0.5,0,-332373.73457099416,-348150.48149298946
426,ksqexp,1.5,1,1,0.5,-28.525922015837324,-30.32347197740932
427,ksqexp,1.5,1,1,0.1,-44.769271852817695,-44.21581692497012
428,ksqexp,1.5,1,1,0.05,-92.15113498915404,-90.13058131828356
429,ksqexp,1.5,1,1,0.01,-1420.9289156883426,-1439.1755584885009
430,ksqexp,1.5,1,1,0,-166176.17391709672,-174066.09765010848
431,ksqexp,1.5,1,1.5,0.5,-29.77153601918222,-31.591151286519324
432,ksqexp,1.5,1,1.5,0.1,-40.707830425407224,-41.27457039104092
433,ksqexp,1.5,1,1.5,0.05,-83.62312929986939,-82.5524804573083
434,ksqexp,1.5,1,1.5,0.01,-1371.053168809609,-1400.2323716027017
435,ksqexp,1.5,1,1.5,0,-110779.68039088788,-116040.65838082117
436,ksqexp,1.5,1.5,0.5,0.5,-25.31047398684856,-26.39368680791648
437,ksqexp,1.5,1.5,0.5,0.1,-40.11842485872926,-32.68318644036418
438,ksqexp,1.5,1.5,0.5,0.05,-87.97728749052527,-74.65776200411369
439,ksqexp,1.5,1.5,0.5,0.01,-1030.0572136222036,-1045.7697946388673
440,ksqexp,1.5,1.5,0.5,0,-4271.215742983001,-4515.3960942215635
441,ksqexp,1.5,1.5,1,0.5,-27.437567001265833,-28.661566171772897
442,ksqexp,1.5,1.5,1,0.1,-35.277959856207055,-31.520511846112907
443,ksqexp,1.5,1.5,1,0.05,-74.42009833695188,-69.63160683652963
444,ksqexp,1.5,1.5,1,0.01,-788.8522280498254,-816.0256595679979
445,ksqexp,1.5,1.5,1,0,-2133.366993246714,-2257.3991193491656
446,ksqexp,1.5,1.5,1.5,0.5,-29.48176676540846,-30.896460308581187
447,ksqexp,1.5,1.5,1.5,0.1,-34.39974699037214,-32.59805835649414
448,ksqexp,1.5,1.5,1.5,0.05,-71.38472393476476,-69.7944872186948
449,ksqexp,1.5,1.5,1.5,0.01,-653.522794621864,-681.8838396306489
450,ksqexp,1.5,1.5,1.5,0,-1423.5413811798817,-1507.524097610502
451,ksqexp,1.5,2,0.5,0.5,-25.17045247291476,-26.131826326732337
452,ksqexp,1.5,2,0.5,0.1,-37.6731190855773,-30.908709572589242
453,ksqexp,1.5,2,0.5,0.05,-69.23829659741222,-60.74509481212848
454,ksqexp,1.5,2,0.5,0.01,-216.67018267640577,-234.97686859109808
455,ksqexp,1.5,2,0.5,0,-256.1197559396235,-288.687412304886
456,ksqexp,1.5,2,1,0.5,-27.932097731795427,-29.150428872510624
457,ksqexp,1.5,2,1,0.1,-32.858836838807655,-30.48194521516026
458,ksqexp,1.5,2,1,0.05,-53.67744161572813,-52.65687863001353
459,ksqexp,1.5,2,1,0.01,-119.94831482359736,-134.19587665334313
460,ksqexp,1.5,2,1,0,-130.76540350528452,-149.20737727284933
461,ksqexp,1.5,2,1.5,0.5,-30.292889183344244,-31.764860608312667
462,ksqexp,1.5,2,1.5,0.1,-32.100251530689334,-31.798877502515275
463,ksqexp,1.5,2,1.5,0.05,-48.173324584048025,-49.71866469948791
464,ksqexp,1.5,2,1.5,0.01,-86.86714912198843,-98.61919481844934
465,ksqexp,1.5,2,1.5,0,-91.77127606910953,-105.50468894833621
466,ksqexp,1.5,2.5,0.5,0.5,-25.550612784564347,-26.518334213734466
467,ksqexp,1.5,2.5,0.5,0.1,-35.03155155586778,-28.683325757855044
468,ksqexp,1.5,2.5,0.5,0.05,-47.67339637462294,-39.15153517225842
469,ksqexp,1.5,2.5,0.5,0.01,-56.32564481125126,-50.00551025346274
470,ksqexp,1.5,2.5,0.5,0,-56.32152317685316,-50.387715733527195
471,ksqexp,1.5,2.5,1,0.5,-28.669660127874383,-29.939335216411664
472,ksqexp,1.5,2.5,1,0.1,-29.581619860628322,-27.606878444029146
473,ksqexp,1.5,2.5,1,0.05,-33.1613494095854,-31.249483379817505
474,ksqexp,1.5,2.5,1,0.01,-34.063499591500296,-33.319636158626274
475,ksqexp,1.5,2.5,1,0,-33.97260779777699,-33.34041216091108
476,ksqexp,1.5,2.5,1.5,0.5,-31.216680192655506,-32.764637982627164
477,ksqexp,1.5,2.5,1.5,0.1,-28.765645819166664,-28.737420064090813
478,ksqexp,1.5,2.5,1.5,0.05,-29.77470462131094,-30.12572591298817
479,ksqexp,1.5,2.5,1.5,0.01,-29.39152562549559,-30.471346301600953
480,ksqexp,1.5,2.5,1.5,0,-29.313626104575803,-30.448634402775934
481,ksqexp,1.5,3,0.5,0.5,-25.959217938684734,-26.95426008460985
482,ksqexp,1.5,3,0.5,0.1,-32.37321009082762,-25.831595755427003
483,ksqexp,1.5,3,0.5,0.05,-38.32972681958913,-27.99789244011393
484,ksqexp,1.5,3,0.5,0.01,-41.94442199248168,-28.698918726625287
485,ksqexp,1.5,3,0.5,0,-42.222523711465776,-28.73316252235579
486,ksqexp,1.5,3,1,0.5,-29.30186523163872,-30.619452326576738
487,ksqexp,1.5,3,1,0.1,-27.802831036950405,-25.560895561560407
488,ksqexp,1.5,3,1,0.05,-28.56732469489313,-25.170020890756835
489,ksqexp,1.5,3,1,0.01,-28.996842420493483,-24.799331714590775
490,ksqexp,1.5,3,1,0,-29.03078404067548,-24.779894140488203
491,ksqexp,1.5,3,1.5,0.5,-31.972360647859443,-33.58224873132768
492,ksqexp,1.5,3,1.5,0.1,-27.805497224313843,-27.49333284125665
493,ksqexp,1.5,3,1.5,0.05,-27.532647972898754,-26.710713855080837
494,ksqexp,1.5,3,1.5,0.01,-27.42563043511703,-26.274070015285968
495,ksqexp,1.5,3,1.5,0,-27.424194249994102,-26.252794779774895
496,ksqexp,1.5,3.5,0.5,0.5,-26.285226960732228,-27.317871131851206
497,ksqexp,1.5,3.5,0.5,0.1,-31.280661408457696,-24.572463105496247
498,ksqexp,1.5,3.5,0.5,0.05,-36.828593422778596,-25.93910372819658
499,ksqexp,1.5,3.5,0.5,0.01,-40.854343657016464,-27.143453950934454
500,ksqexp,1.5,3.5,0.5,0,-41.133064385675354,-27.239931918637698
501,ksqexp,1.5,3.5,1,0.5,-29.78239558510975,-31.152222428145556
502,ksqexp,1.5,3.5,1,0.1,-28.03312167408881,-25.71855615592084
503,ksqexp,1.5,3.5,1,0.05,-29.12046958333623,-25.54553638475742
504,ksqexp,1.5,3.5,1,0.01,-29.884396726805765,-25.60726076517674
505,ksqexp,1.5,3.5,1,0,-29.931227593237253,-25.615624602942
506,ksqexp,1.5,3.5,1.5,0.5,-32.557723052563986,-34.23109346643875
507,ksqexp,1.5,3.5,1.5,0.1,-28.69983774129363,-28.391863719413823
508,ksqexp,1.5,3.5,1.5,0.05,-28.822380238619075,-27.981543630134112
509,ksqexp,1.5,3.5,1.5,0.01,-28.97767947657743,-27.868315969671787
510,ksqexp,1.5,3.5,1.5,0,-28.987938762074624,-27.864845597603086
511,ksqexp,1.5,4,0.5,0.5,-26.543354745797256,-27.620831864801684
512,ksqexp,1.5,4,0.5,0.1,-31.423087890323174,-24.74745170155936
513,ksqexp,1.5,4,0.5,0.05,-37.06763470238146,-26.380063863900826
514,ksqexp,1.5,4,0.5,0.01,-40.68001095582823,-27.690548235141723
515,ksqexp,1.5,4,0.5,0,-40.892928818098795,-27.77633417676828
516,ksqexp,1.5,4,1,0.5,-30.164281900243534,-31.590455519948314
517,ksqexp,1.5,4,1,0.1,-28.86923594391368,-26.704717001767378
518,ksqexp,1.5,4,1,0.05,-30.07650134435459,-26.798993736638185
519,ksqexp,1.5,4,1,0.01,-30.75223307644427,-26.95566186145547
520,ksqexp,1.5,4,1,0,-30.78793776818682,-26.965942797486704
521,ksqexp,1.5,4,1.5,0.5,-33.03949205060313,-34.778468306268834
522,ksqexp,1.5,4,1.5,0.1,-29.81589249273052,-29.70942008084806
523,ksqexp,1.5,4,1.5,0.05,-30.054301978104956,-29.518799789541223
524,ksqexp,1.5,4,1.5,0.01,-30.20237584584647,-29.486961536145884
525,ksqexp,1.5,4,1.5,0,-30.210264184638266,-29.486469104321515
526,ksqexp,1.5,6,0.5,0.5,-27.320743301784944,-28.572786495465458
527,ksqexp,1.5,6,0.5,0.1,-33.437262044223,-27.15114660988273
528,ksqexp,1.5,6,0.5,0.05,-38.692578054847054,-28.852847768844118
529,ksqexp,1.5,6,0.5,0.01,-41.19324600942003,-29.715267153625767
530,ksqexp,1.5,6,0.5,0,-41.31021129170529,-29.756822694433
531,ksqexp,1.5,6,1,0.5,-31.208514262982977,-32.82964049700266
532,ksqexp,1.5,6,1,0.1,-31.208100508573978,-29.59655396864081
533,ksqexp,1.5,6,1,0.05,-32.30764619453104,-29.810487470593326
534,ksqexp,1.5,6,1,0.01,-32.74599552570446,-29.911110166019178
535,ksqexp,1.5,6,1,0,-32.7653156767762,-29.915757913634557
536,ksqexp,1.5,6,1.5,0.5,-34.305431974026206,-36.262030151591766
537,ksqexp,1.5,6,1.5,0.1,-32.344798515583236,-32.82467777087671
538,ksqexp,1.5,6,1.5,0.05,-32.6068483187906,-32.77292303885807
539,ksqexp,1.5,6,1.5,0.01,-32.703526438085525,-32.75989312195356
540,ksqexp,1.5,6,1.5,0,-32.707673905035584,-32.7593930867071
541,ksqexp,1.5,8,0.5,0.5,-27.878167871312684,-29.26724319979985
542,ksqexp,1.5,8,0.5,0.1,-34.63178238178183,-28.5791161578251
543,ksqexp,1.5,8,0.5,0.05,-39.91451786810045,-30.210347430660928
544,ksqexp,1.5,8,0.5,0.01,-42.40155719134916,-30.978620246167374
545,ksqexp,1.5,8,0.5,0,-42.51708105242387,-31.014281955890606
546,ksqexp,1.5,8,1,0.5,-31.791251696873026,-33.56289249772553
547,ksqexp,1.5,8,1,0.1,-32.33221916308472,-30.9383136164354
548,ksqexp,1.5,8,1,0.05,-33.52963036441391,-31.183436249598255
549,ksqexp,1.5,8,1,0.01,-34.012790977358016,-31.289209929657456
550,ksqexp,1.5,8,1,0,-34.034174282746214,-31.29395648144855
551,ksqexp,1.5,8,1.5,0.5,-34.92316731870446,-37.045911960144124
552,ksqexp,1.5,8,1.5,0.1,-33.48623019563722,-34.17526047315113
553,ksqexp,1.5,8,1.5,0.05,-33.85026437156048,-34.17304193628537
554,ksqexp,1.5,8,1.5,0.01,-33.991047364191154,-34.177589052101375
555,ksqexp,1.5,8,1.5,0,-33.997195459435275,-34.17783808998699
556,ksqexp,1.5,10,0.5,0.5,-28.252704969786816,-29.749602078162255
557,ksqexp,1.5,10,0.5,0.1,-35.30270527107547,-29.449325753604043
558,ksqexp,1.5,10,0.5,0.05,-40.74119297097427,-31.083776167589107
559,ksqexp,1.5,10,0.5,0.01,-43.35062468397105,-31.858653624287918
560,ksqexp,1.5,10,0.5,0,-43.47278982344248,-31.894749697278062
561,ksqexp,1.5,10,1,0.5,-32.14087772928996,-34.04131837480118
562,ksqexp,1.5,10,1,0.1,-32.992828922712334,-31.74926354813062
563,ksqexp,1.5,10,1,0.05,-34.3067147580869,-32.034445620340335
564,ksqexp,1.5,10,1,0.01,-34.8476797828216,-32.158026872082004
565,ksqexp,1.5,10,1,0,-34.871789425683616,-32.16359237707253
566,ksqexp,1.5,10,1.5,0.5,-35.269823358010335,-37.53746789746425
567,ksqexp,1.5,10,1.5,0.1,-34.15832560032589,-34.986533493599204
568,ksqexp,1.5,10,1.5,0.05,-34.60952036194079,-35.023029939264276
569,ksqexp,1.5,10,1.5,0.01,-34.787613918586096,-35.042934239492034
570,ksqexp,1.5,10,1.5,0,-34.79544605967626,-35.043863370359205
571,ksqexp,1.5,25,0.5,0.5,-28.950097684974736,-30.84873964684241
572,ksqexp,1.5,25,0.5,0.1,-37.16630997426404,-31.50326129244228
573,ksqexp,1.5,25,0.5,0.05,-43.394242883887664,-33.35300913603512
574,ksqexp,1.5,25,0.5,0.01,-46.44180116672139,-34.24801084323537
575,ksqexp,1.5,25,0.5,0,-46.58533079991153,-34.28999396905693
576,ksqexp,1.5,25,1,0.5,-32.81420372545993,-35.1835109872564
577,ksqexp,1.5,25,1,0.1,-34.77867961174178,-33.734131101836084
578,ksqexp,1.5,25,1,0.05,-36.43998345740486,-34.15206353379561
579,ksqexp,1.5,25,1,0.01,-37.12910603042537,-34.33020881037444
580,ksqexp,1.5,25,1,0,-37.15989218303777,-34.33821235122958
581,ksqexp,1.5,25,1.5,0.5,-35.96736197934628,-38.73630816370183
582,ksqexp,1.5,25,1.5,0.1,-35.878198980451934,-36.95867038467351
583,ksqexp,1.5,25,1.5,0.05,-36.53819460013287,-37.08783941288108
584,ksqexp,1.5,25,1.5,0.01,-36.7973472205245,-37.14250066855039
585,ksqexp,1.5,25,1.5,0,-36.80873607730741,-37.14494191197328
586,ksqexp,1.75,0.2,0.5,0.5,-32.91286856496627,-34.1126551038699
587,ksqexp,1.75,0.2,0.5,0.1,-444.0615538918925,-472.24609576557486
588,ksqexp,1.75,0.2,0.5,0.05,-1705.4375264405744,-1847.4839053632222
589,ksqexp,1.75,0.2,0.5,0.01,-35038.39293465243,-41266.13543326671
590,ksqexp,1.75,0.2,0.5,0,-151565048757.18097,-151711527663.6772
591,ksqexp,1.75,0.2,1,0.5,-33.42126367256717,-34.82576965504414
592,ksqexp,1.75,0.2,1,0.1,-436.769733013935,-468.6263324097082
593,ksqexp,1.75,0.2,1,0.05,-1577.0294108658472,-1742.403260954694
594,ksqexp,1.75,0.2,1,0.01,-33697.90119752937,-39154.79961685161
595,ksqexp,1.75,0.2,1,0,-142195937769.29608,-142282592636.4911
596,ksqexp,1.75,0.2,1.5,0.5,-34.05490010717559,-35.59410088759117
597,ksqexp,1.75,0.2,1.5,0.1,-426.158561824523,-460.68838308127613
598,ksqexp,1.75,0.2,1.5,0.05,-1506.764502986879,-1688.8908801252971
599,ksqexp,1.75,0.2,1.5,0.01,-31927.431079497892,-36657.89714895737
600,ksqexp,1.75,0.2,1.5,0,-139074763648.192,-139141096535.69244
601,ksqexp,1.75,0.5,0.5,0.5,-32.43160798618794,-34.506083643998785
602,ksqexp,1.75,0.5,0.5,0.1,-282.6889012889776,-336.535876648915
603,ksqexp,1.75,0.5,0.5,0.05,-766.378371345968,-948.6379406290806
604,ksqexp,1.75,0.5,0.5,0.01,-6807.338144825472,-8033.7402174487515
605,ksqexp,1.75,0.5,0.5,0,-8184525529.233909,-8200403757.095089
606,ksqexp,1.75,0.5,1,0.5,-33.469214735744224,-36.07678563515426
607,ksqexp,1.75,0.5,1,0.1,-238.1953827729589,-291.91964384356044
608,ksqexp,1.75,0.5,1,0.05,-569.1805847131411,-708.4477415919333
609,ksqexp,1.75,0.5,1,0.01,-5978.44021797339,-7174.234819566853
610,ksqexp,1.75,0.5,1,0,-4193028426.917792,-4200998054.8919077
611,ksqexp,1.75,0.5,1.5,0.5,-34.393406842907524,-37.32935839589724
612,ksqexp,1.75,0.5,1.5,0.1,-209.71963225013522,-260.61484920983037
613,ksqexp,1.75,0.5,1.5,0.05,-475.7058500951565,-588.9891726275719
614,ksqexp,1.75,0.5,1.5,0.01,-5431.955324919864,-6608.3179023689345
615,ksqexp,1.75,0.5,1.5,0,-2818474698.3503685,-2823794480.52766
616,ksqexp,1.75,1,0.5,0.5,-28.824285418158237,-31.208984970241968
617,ksqexp,1.75,1,0.5,0.1,-86.94101665817925,-79.89431090913469
618,ksqexp,1.75,1,0.5,0.05,-221.70799048223515,-201.88620074363348
619,ksqexp,1.75,1,0.5,0.01,-1758.4554791917733,-1694.322221103795
620,ksqexp,1.75,1,0.5,0,-2003296.4238085246,-2116846.0490547023
621,ksqexp,1.75,1,1,0.5,-28.884532813577,-31.46454278240869
622,ksqexp,1.75,1,1,0.1,-73.33432748737046,-67.89871074314216
623,ksqexp,1.75,1,1,0.05,-158.82661611159244,-150.14048771380448
624,ksqexp,1.75,1,1,0.01,-1611.972198150636,-1586.22971170713
625,ksqexp,1.75,1,1,0,-1001637.3500462014,-1058414.714210635
626,ksqexp,1.75,1,1.5,0.5,-29.50385423196603,-32.13822782255442
627,ksqexp,1.75,1,1.5,0.1,-65.334457214885,-61.98715141054058
628,ksqexp,1.75,1,1.5,0.05,-131.7008793156058,-126.81094212822224
629,ksqexp,1.75,1,1.5,0.01,-1562.765541204958,-1556.4548784314009
630,ksqexp,1.75,1,1.5,0,-667750.4585416907,-705603.5594264648
631,ksqexp,1.75,1.5,0.5,0.5,-25.24008940217948,-26.707230447397134
632,ksqexp,1.75,1.5,0.5,0.1,-57.93686783806826,-43.58893706361146
633,ksqexp,1.75,1.5,0.5,0.05,-146.96996597712607,-105.2973869375832
634,ksqexp,1.75,1.5,0.5,0.01,-1524.389951030836,-1491.4198545050617
635,ksqexp,1.75,1.5,0.5,0,-21958.822911270392,-23280.380219797695
636,ksqexp,1.75,1.5,1,0.5,-26.55195995071447,-28.14378683209823
637,ksqexp,1.75,1.5,1,0.1,-50.032626236442574,-39.10637606291553
638,ksqexp,1.75,1.5,1,0.05,-112.39709570685895,-87.25074020172467
639,ksqexp,1.75,1.5,1,0.01,-1361.4731196557364,-1366.586827220642
640,ksqexp,1.75,1.5,1,0,-10970.900238802156,-11634.451721215708
641,ksqexp,1.75,1.5,1.5,0.5,-28.127687464317674,-29.913102595284734
642,ksqexp,1.75,1.5,1.5,0.1,-46.55586811339194,-38.06082350111476
643,ksqexp,1.75,1.5,1.5,0.05,-97.8480198813352,-81.26688355511524
644,ksqexp,1.75,1.5,1.5,0.01,-1244.525363079561,-1264.9181036407679
645,ksqexp,1.75,1.5,1.5,0,-7311.049571573671,-7755.265748001263
646,ksqexp,1.75,2,0.5,0.5,-24.50285701927666,-25.690278065392924
647,ksqexp,1.75,2,0.5,0.1,-52.88054075266305,-38.429951229754245
648,ksqexp,1.75,2,0.5,0.05,-121.7780874819324,-89.20504828179557
649,ksqexp,1.75,2,0.5,0.01,-664.3388344101177,-707.4754639927041
650,ksqexp,1.75,2,0.5,0,-1221.6462616904644,-1387.0056749783569
651,ksqexp,1.75,2,1,0.5,-26.632294830708773,-28.110410653994993
652,ksqexp,1.75,2,1,0.1,-45.96935852158935,-36.3960868544026
653,ksqexp,1.75,2,1,0.05,-89.08450710028801,-74.78064343733962
654,ksqexp,1.75,2,1,0.01,-419.11408986989386,-462.1077865101049
655,ksqexp,1.75,2,1,0,-608.0266634065764,-693.775627010005
656,ksqexp,1.75,2,1.5,0.5,-28.58755551174228,-30.357355102858794
657,ksqexp,1.75,2,1.5,0.1,-42.5985647636735,-36.28267012690586
658,ksqexp,1.75,2,1.5,0.05,-76.63387273681252,-70.20935758330606
659,ksqexp,1.75,2,1.5,0.01,-310.6366093475778,-347.9215954204504
660,ksqexp,1.75,2,1.5,0,-406.2774526950208,-465.4895994200013
661,ksqexp,1.75,2.5,0.5,0.5,-24.654023778224182,-25.81867480913914
662,ksqexp,1.75,2.5,0.5,0.1,-50.35104328392561,-36.93644027949234
663,ksqexp,1.75,2.5,0.5,0.05,-94.65676523279252,-69.72076428568958
664,ksqexp,1.75,2.5,0.5,0.01,-168.33270786223017,-166.6020002343818
665,ksqexp,1.75,2.5,0.5,0,-175.28147561736853,-182.70266833861436
666,ksqexp,1.75,2.5,1,0.5,-27.225117727995936,-28.753678812792067
667,ksqexp,1.75,2.5,1,0.1,-41.68604722890144,-34.115827326430406
668,ksqexp,1.75,2.5,1,0.05,-62.087685544096374,-52.89719010338951
669,ksqexp,1.75,2.5,1,0.01,-87.0639141288465,-91.45877663944457
670,ksqexp,1.75,2.5,1,0,-88.5484676071565,-95.5211563248376
671,ksqexp,1.75,2.5,1.5,0.5,-29.41127374344538,-31.26790471898716
672,ksqexp,1.75,2.5,1.5,0.1,-37.872700975531366,-33.7570833663873
673,ksqexp,1.75,2.5,1.5,0.05,-49.9276016723466,-46.71610411048565
674,ksqexp,1.75,2.5,1.5,0.01,-61.87801915829134,-67.49947295665243
675,ksqexp,1.75,2.5,1.5,0,-62.428121695581034,-69.25130906594957
676,ksqexp,1.75,3,0.5,0.5,-25.014180178598586,-26.206762524205725
677,ksqexp,1.75,3,0.5,0.1,-47.21509479968768,-34.27375031114669
678,ksqexp,1.75,3,0.5,0.05,-73.88984311604675,-49.45533451492032
679,ksqexp,1.75,3,0.5,0.01,-89.98018595968429,-59.670141068401506
680,ksqexp,1.75,3,0.5,0,-90.53408142923956,-59.837760073246955
681,ksqexp,1.75,3,1,0.5,-27.873960610477962,-29.463572887635976
682,ksqexp,1.75,3,1,0.1,-37.7555269573125,-30.832370325516862
683,ksqexp,1.75,3,1,0.05,-45.99817998444478,-35.47157875403943
684,ksqexp,1.75,3,1,0.01,-48.75279075891307,-36.89929083316969
685,ksqexp,1.75,3,1,0,-48.7974824046433,-36.861952246241714
686,ksqexp,1.75,3,1.5,0.5,-30.216548092506773,-32.151661073549846
687,ksqexp,1.75,3,1.5,0.1,-34.184810563776544,-30.54957837900526
688,ksqexp,1.75,3,1.5,0.05,-37.28266085353183,-32.1129616339439
689,ksqexp,1.75,3,1.5,0.01,-37.69772671498984,-32.0443196791037
690,ksqexp,1.75,3,1.5,0,-37.67593949551472,-31.994006403536915
691,ksqexp,1.75,3.5,0.5,0.5,-25.358328282240798,-26.58920767811176
692,ksqexp,1.75,3.5,0.5,0.1,-44.10512153148378,-30.978289160298306
693,ksqexp,1.75,3.5,0.5,0.05,-64.86090581522404,-38.63973427765691
694,ksqexp,1.75,3.5,0.5,0.01,-80.419611700556,-43.407228308299196
695,ksqexp,1.75,3.5,0.5,0,-81.50186854050071,-43.716364452161855
696,ksqexp,1.75,3.5,1,0.5,-28.411738107360744,-30.05932865161443
697,ksqexp,1.75,3.5,1,0.1,-35.648799155005086,-28.506212099276066
698,ksqexp,1.75,3.5,1,0.05,-42.174910956571885,-30.102358051823202
699,ksqexp,1.75,3.5,1,0.01,-45.9826116969497,-30.833035821351768
700,ksqexp,1.75,3.5,1,0,-46.20727759539348,-30.876362540644
701,ksqexp,1.75,3.5,1.5,0.5,-30.867224073138736,-32.873199640904886
702,ksqexp,1.75,3.5,1.5,0.1,-33.044528262706606,-29.157216364171994
703,ksqexp,1.75,3.5,1.5,0.05,-35.7474673374105,-29.34862738645802
704,ksqexp,1.75,3.5,1.5,0.01,-37.155589187214794,-29.383553469423195
705,ksqexp,1.75,3.5,1.5,0,-37.23307071227674,-29.387018669692612
706,ksqexp,1.75,4,0.5,0.5,-25.633366207427684,-26.909097264779895
707,ksqexp,1.75,4,0.5,0.1,-42.57882418452172,-29.112621672836767
708,ksqexp,1.75,4,0.5,0.05,-62.54017952924831,-35.551683082910706
709,ksqexp,1.75,4,0.5,0.01,-77.93219838419158,-40.77423312798738
710,ksqexp,1.75,4,0.5,0,-78.91113541233717,-41.13471889189082
711,ksqexp,1.75,4,1,0.5,-28.82539473338067,-30.53375544431365
712,ksqexp,1.75,4,1,0.1,-35.48459368580532,-28.1631500626036
713,ksqexp,1.75,4,1,0.05,-42.15874574064262,-29.86728637602863
714,ksqexp,1.75,4,1,0.01,-46.072498814603804,-31.030293704053562
715,ksqexp,1.75,4,1,0,-46.28422425679401,-31.09930047908388
716,ksqexp,1.75,4,1.5,0.5,-31.37750583961671,-33.45578147820246
717,ksqexp,1.75,4,1.5,0.1,-33.58606705404352,-29.639803813166626
718,ksqexp,1.75,4,1.5,0.05,-36.57321372665102,-30.161759068876826
719,ksqexp,1.75,4,1.5,0.01,-38.12092758039774,-30.524058561712753
720,ksqexp,1.75,4,1.5,0,-38.1992439704088,-30.544817774375968
721,ksqexp,1.75,6,0.5,0.5,-26.364076597613064,-27.836979362037173
722,ksqexp,1.75,6,0.5,0.1,-43.80350593009485,-30.099707129087236
723,ksqexp,1.75,6,0.5,0.05,-62.81162921654805,-36.26929789331265
724,ksqexp,1.75,6,0.5,0.01,-74.8829349980801,-40.240451584805825
725,ksqexp,1.75,6,0.5,0,-75.50927670759407,-40.45016966526842
726,ksqexp,1.75,6,1,0.5,-29.908342399815734,-31.850543761776645
727,ksqexp,1.75,6,1,0.1,-37.84667188598762,-30.86910994488944
728,ksqexp,1.75,6,1,0.05,-43.98727037563112,-32.648493630494514
729,ksqexp,1.75,6,1,0.01,-46.93862718407524,-33.541059655799884
730,ksqexp,1.75,6,1,0,-47.07661925203555,-33.583552612345905
731,ksqexp,1.75,6,1.5,0.5,-32.7551861067392,-35.09854687736733
732,ksqexp,1.75,6,1.5,0.1,-36.4233158258897,-33.07204727478567
733,ksqexp,1.75,6,1.5,0.05,-39.16386352832695,-33.75807090848906
734,ksqexp,1.75,6,1.5,0.01,-40.33691336365715,-34.07096682279593
735,ksqexp,1.75,6,1.5,0,-40.38972353280436,-34.08533702783458
736,ksqexp,1.75,8,0.5,0.5,-26.892221417663254,-28.52670314855004
737,ksqexp,1.75,8,0.5,0.1,-45.27479492128833,-31.653355534931244
738,ksqexp,1.75,8,0.5,0.05,-64.29597219181947,-37.579336792939834
739,ksqexp,1.75,8,0.5,0.01,-76.27629010629607,-41.1774550264031
740,ksqexp,1.75,8,0.5,0,-76.89588164409258,-41.36122245035821
741,ksqexp,1.75,8,1,0.5,-30.536283276805122,-32.652819090750675
742,ksqexp,1.75,8,1,0.1,-39.23119574149118,-32.415153442242406
743,ksqexp,1.75,8,1,0.05,-45.470147897086356,-34.14575802493917
744,ksqexp,1.75,8,1,0.01,-48.47574015721255,-34.976450676290796
745,ksqexp,1.75,8,1,0,-48.616541367963116,-35.01526796449107
746,ksqexp,1.75,8,1.5,0.5,-33.469973521157634,-36.00372099477868
747,ksqexp,1.75,8,1.5,0.1,-37.819658917867436,-34.66555659481462
748,ksqexp,1.75,8,1.5,0.05,-40.68516838654106,-35.3676173489246
749,ksqexp,1.75,8,1.5,0.01,-41.924671816624084,-35.67658816982494
750,ksqexp,1.75,8,1.5,0,-41.98075137523631,-35.69060656904098
751,ksqexp,1.75,10,0.5,0.5,-27.282202776959313,-29.048104677959316
752,ksqexp,1.75,10,0.5,0.1,-46.00564409925621,-32.57523251012915
753,ksqexp,1.75,10,0.5,0.05,-65.36037440740898,-38.4420654871065
754,ksqexp,1.75,10,0.5,0.01,-77.78576334791556,-42.042656908588704
755,ksqexp,1.75,10,0.5,0,-78.43436099302258,-42.22774436457238
756,ksqexp,1.75,10,1,0.5,-30.919567057991,-33.18211801245729
757,ksqexp,1.75,10,1,0.1,-39.98099329145319,-33.290597795954376
758,ksqexp,1.75,10,1,0.05,-46.4777919381989,-35.062753937671175
759,ksqexp,1.75,10,1,0.01,-49.660207050043994,-35.923303530679895
760,ksqexp,1.75,10,1,0,-49.81025542959395,-35.96372259011266
761,ksqexp,1.75,10,1.5,0.5,-33.86288215916263,-36.55667539453777
762,ksqexp,1.75,10,1.5,0.1,-38.59994224939006,-35.560660743823874
763,ksqexp,1.75,10,1.5,0.05,-41.65615513058228,-36.315446303645025
764,ksqexp,1.75,10,1.5,0.01,-42.99848461086065,-36.65107707933134
765,ksqexp,1.75,10,1.5,0,-43.05954367440976,-36.66637209846903
766,ksqexp,1.75,25,0.5,0.5,-28.10422565376046,-30.3448469838399
767,ksqexp,1.75,25,0.5,0.1,-47.55123606229089,-34.62439555949046
768,ksqexp,1.75,25,0.5,0.05,-68.4307049619796,-40.73107624349339
769,ksqexp,1.75,25,0.5,0.01,-82.16911993934892,-44.615635501381014
770,ksqexp,1.75,25,0.5,0,-82.89134358101799,-44.81767547762151
771,ksqexp,1.75,25,1,0.5,-31.67344649864245,-34.50960847020497
772,ksqexp,1.75,25,1,0.1,-41.81627377270503,-35.424354193864836
773,ksqexp,1.75,25,1,0.05,-49.1039523232832,-37.420821188039184
774,ksqexp,1.75,25,1,0.01,-52.71851845860752,-38.40530026973489
775,ksqexp,1.75,25,1,0,-52.88952844860762,-38.45176111185384
776,ksqexp,1.75,25,1.5,0.5,-34.61455714853684,-37.93525161647304
777,ksqexp,1.75,25,1.5,0.1,-40.49391222921407,-37.766644703188405
778,ksqexp,1.75,25,1.5,0.05,-44.03977769283292,-38.69018183611097
779,ksqexp,1.75,25,1.5,0.01,-45.60810064568603,-39.10167227763544
780,ksqexp,1.75,25,1.5,0,-45.679580170357866,-39.12044642309646
781,ksqexp,2,0.2,0.5,0.5,-33.05500869450755,-34.379614280800645
782,ksqexp,2,0.2,0.5,0.1,-437.4172853114755,-466.34399599046475
783,ksqexp,2,0.2,0.5,0.05,-1817.8581132178467,-1944.9931203867259
784,ksqexp,2,0.2,0.5,0.01,-35930.16808516791,-43421.629649732095
785,ksqexp,2,0.2,0.5,0,-171027220393.46512,-171445856241.58737
786,ksqexp,2,0.2,1,0.5,-33.061693761056304,-34.62227595258585
787,ksqexp,2,0.2,1,0.1,-443.0578480612264,-473.2161065693764
788,ksqexp,2,0.2,1,0.05,-1751.6221352171797,-1895.7796983648896
789,ksqexp,2,0.2,1,0.01,-35136.58945863606,-43119.894868261545
790,ksqexp,2,0.2,1,0,-162133045285.54776,-162363098489.72955
791,ksqexp,2,0.2,1.5,0.5,-33.266651171175,-34.98927973332848
792,ksqexp,2,0.2,1.5,0.1,-443.2342209947741,-474.9292005206237
793,ksqexp,2,0.2,1.5,0.05,-1691.0699750943638,-1849.4449451798582
794,ksqexp,2,0.2,1.5,0.01,-34471.36477585107,-42195.70029433838
795,ksqexp,2,0.2,1.5,0,-155696808163.64767,-155860209170.64548
796,ksqexp,2,0.5,0.5,0.5,-32.41524391205434,-34.59103101262742
797,ksqexp,2,0.5,0.5,0.1,-326.7153201494698,-385.9926474850449
798,ksqexp,2,0.5,0.5,0.05,-1035.0358194978605,-1274.5985824460968
799,ksqexp,2,0.5,0.5,0.01,-8961.639226280071,-10629.449650602453
800,ksqexp,2,0.5,0.5,0,-34403476206.25078,-34463609007.966606
801,ksqexp,2,0.5,1,0.5,-33.057119886641445,-35.793279910930586
802,ksqexp,2,0.5,1,0.1,-294.5652949707267,-357.8807667264934
803,ksqexp,2,0.5,1,0.05,-833.7040982776958,-1038.2150875858467
804,ksqexp,2,0.5,1,0.01,-7719.716779015591,-9289.41205027203
805,ksqexp,2,0.5,1,0,-19106305153.920624,-19136787967.00369
806,ksqexp,2,0.5,1.5,0.5,-33.71544679382212,-36.81435671842415
807,ksqexp,2,0.5,1.5,0.1,-270.9782793970186,-334.6144127841794
808,ksqexp,2,0.5,1.5,0.05,-721.2016665767281,-895.0965998696142
809,ksqexp,2,0.5,1.5,0.01,-7175.1102954847665,-8729.712045870825
810,ksqexp,2,0.5,1.5,0,-13223905594.778109,-13244312929.347174
811,ksqexp,2,1,0.5,0.5,-29.866728031885348,-32.726969721158255
812,ksqexp,2,1,0.5,0.1,-110.38771354413107,-107.98275570146873
813,ksqexp,2,1,0.5,0.05,-366.55743510260817,-321.52936851676264
814,ksqexp,2,1,0.5,0.01,-2476.032079234938,-2268.560713217458
815,ksqexp,2,1,0.5,0,-9757616.798128232,-10362544.974049633
816,ksqexp,2,1,1,0.5,-29.57177203921474,-32.88332156026948
817,ksqexp,2,1,1,0.1,-101.27281947531768,-93.9686364893062
818,ksqexp,2,1,1,0.05,-293.79826439384715,-260.3377863253911
819,ksqexp,2,1,1,0.01,-2008.5330766442635,-1879.052315796219
820,ksqexp,2,1,1,0,-4878952.928727345,-5181428.599159694
821,ksqexp,2,1,1.5,0.5,-29.722457594753177,-33.21180536598926
822,ksqexp,2,1,1.5,0.1,-96.24086798277713,-88.38333244082774
823,ksqexp,2,1,1.5,0.05,-247.55378826253795,-222.75517492201055
824,ksqexp,2,1,1.5,0.01,-1833.3544348950882,-1747.0000006107914
825,ksqexp,2,1,1.5,0,-3252658.646611177,-3454312.9594380385
826,ksqexp,2,1.5,0.5,0.5,-25.61108923722144,-27.536812116264713
827,ksqexp,2,1.5,0.5,0.1,-74.70354483867236,-57.149899661926895
828,ksqexp,2,1.5,0.5,0.05,-231.0223347901193,-156.99705987021864
829,ksqexp,2,1.5,0.5,0.01,-1903.1346789087784,-1688.9807257632938
830,ksqexp,2,1.5,0.5,0,-95071.67046875533,-101604.1179597404
831,ksqexp,2,1.5,1,0.5,-26.06286476826153,-28.103935821587232
832,ksqexp,2,1.5,1,0.1,-67.42627765739543,-50.960814528238316
833,ksqexp,2,1.5,1,0.05,-188.54962726245066,-128.55504311510737
834,ksqexp,2,1.5,1,0.01,-1680.542466470559,-1612.2142713060518
835,ksqexp,2,1.5,1,0,-47520.689732966406,-50790.6725845369
836,ksqexp,2,1.5,1.5,0.5,-27.1240496906364,-29.344504866515166
837,ksqexp,2,1.5,1.5,0.1,-63.662408504155295,-48.55522382888531
838,ksqexp,2,1.5,1.5,0.05,-164.772400296011,-114.98123517300748
839,ksqexp,2,1.5,1.5,0.01,-1606.607438817091,-1581.590350485853
840,ksqexp,2,1.5,1.5,0,-31673.145991878842,-33855.640019254664
841,ksqexp,2,2,0.5,0.5,-24.18771627060114,-25.629303568232828
842,ksqexp,2,2,0.5,0.1,-65.5308252077011,-45.919332529765356
843,ksqexp,2,2,0.5,0.05,-199.0916341568716,-130.7366122680953
844,ksqexp,2,2,0.5,0.01,-1258.3814286974825,-1281.0368423004709
845,ksqexp,2,2,0.5,0,-4859.498389109665,-5498.138438061952
846,ksqexp,2,2,1,0.5,-25.658225665073765,-27.405257040680066
847,ksqexp,2,2,1,0.1,-60.62937626478141,-44.06895084033733
848,ksqexp,2,2,1,0.05,-154.3793142392262,-107.83727503264905
849,ksqexp,2,2,1,0.01,-928.9562505840429,-1005.1591729698588
850,ksqexp,2,2,1,0,-2421.0433499545993,-2744.5103749630844
851,ksqexp,2,2,1.5,0.5,-27.21369006322084,-29.27932999639585
852,ksqexp,2,2,1.5,0.1,-57.73946175638688,-43.68120370407335
853,ksqexp,2,2,1.5,0.05,-129.81168315146581,-96.91631010600575
854,ksqexp,2,2,1.5,0.01,-758.5789210780715,-838.4502937845956
855,ksqexp,2,2,1.5,0,-1611.015639313364,-1829.4249866207354
856,ksqexp,2,2.5,0.5,0.5,-24.026458227611123,-25.38026017246828
857,ksqexp,2,2.5,0.5,0.1,-64.1558450039752,-44.688387000216416
858,ksqexp,2,2.5,0.5,0.05,-165.39989178575772,-110.39678649735332
859,ksqexp,2,2.5,0.5,0.01,-454.5326735430961,-468.60139375028723
860,ksqexp,2,2.5,0.5,0,-557.9120818995756,-650.742590065221
861,ksqexp,2,2.5,1,0.5,-26.026566215874002,-27.79155145815835
862,ksqexp,2,2.5,1,0.1,-56.898543924536575,-42.136850766101276
863,ksqexp,2,2.5,1,0.05,-115.25613285710241,-85.37458358447653
864,ksqexp,2,2.5,1,0.01,-244.26741682188785,-270.52907763271946
865,ksqexp,2,2.5,1,0,-274.51526647174995,-325.2757818330934
866,ksqexp,2,2.5,1.5,0.5,-27.84650322719446,-29.978719069650975
867,ksqexp,2,2.5,1.5,0.1,-52.31512677616734,-41.18173520572149
868,ksqexp,2,2.5,1.5,0.05,-91.36576124374915,-74.10681178863057
869,ksqexp,2,2.5,1.5,0.01,-168.69054502228724,-193.555052722882
870,ksqexp,2,2.5,1.5,0,-182.8403179201363,-219.57750220260934
871,ksqexp,2,3,0.5,0.5,-24.255588663904057,-25.627241534007524
872,ksqexp,2,3,0.5,0.1,-62.77078944153325,-43.552581666535325
873,ksqexp,2,3,0.5,0.05,-135.17637779128268,-87.56084274860679
874,ksqexp,2,3,0.5,0.01,-205.85310895302163,-153.52167205473785
875,ksqexp,2,3,0.5,0,-206.15945720996308,-157.68120792678528
876,ksqexp,2,3,1,0.5,-26.602661594498766,-28.43630384602967
877,ksqexp,2,3,1,0.1,-52.74460810165262,-39.388673909170485
878,ksqexp,2,3,1,0.05,-85.4043166572551,-61.099946815549494
879,ksqexp,2,3,1,0.01,-102.04273627208974,-81.15883357034681
880,ksqexp,2,3,1,0,-101.75166667494007,-81.96481544714815
881,ksqexp,2,3,1.5,0.5,-28.612022168419937,-30.836791152088548
882,ksqexp,2,3,1.5,0.1,-46.97851897619348,-37.75067559249052
883,ksqexp,2,3,1.5,0.05,-64.56958209907127,-50.48577425491113
884,ksqexp,2,3,1.5,0.01,-69.99679769054237,-59.25256694983626
885,ksqexp,2,3,1.5,0,-69.73972659677698,-59.516674715781974
886,ksqexp,2,3.5,0.5,0.5,-24.570039411841268,-25.982168320029796
887,ksqexp,2,3.5,0.5,0.1,-59.99552620387647,-40.61028659011529
888,ksqexp,2,3.5,0.5,0.05,-115.34013969478877,-66.98505234319032
889,ksqexp,2,3.5,0.5,0.01,-168.24551979010582,-87.59003058297063
890,ksqexp,2,3.5,0.5,0,-171.7437909129761,-88.37440539935746
891,ksqexp,2,3.5,1,0.5,-27.15720279935488,-29.06045575865974
892,ksqexp,2,3.5,1,0.1,-48.947324877185416,-35.707064553700924
893,ksqexp,2,3.5,1,0.05,-71.69310871775924,-45.36366909906414
894,ksqexp,2,3.5,1,0.01,-86.15770182023404,-49.71415810695019
895,ksqexp,2,3.5,1,0,-86.93533089606152,-49.82388585836563
896,ksqexp,2,3.5,1.5,0.5,-29.302178927370708,-31.61209490976051
897,ksqexp,2,3.5,1.5,0.1,-43.329061705260365,-34.201789328147534
898,ksqexp,2,3.5,1.5,0.05,-55.08924566072142,-38.51786774111155
899,ksqexp,2,3.5,1.5,0.01,-61.1598504475407,-39.75341406265475
900,ksqexp,2,3.5,1.5,0,-61.45650098593314,-39.7643694435732
901,ksqexp,2,4,0.5,0.5,-24.854853628189495,-26.313769098456117
902,ksqexp,2,4,0.5,0.1,-56.9552683911082,-36.906870824657375
903,ksqexp,2,4,0.5,0.05,-106.88002545502424,-55.444996717940626
904,ksqexp,2,4,0.5,0.01,-160.47415858169379,-73.4151268066946
905,ksqexp,2,4,0.5,0,-164.39399211728028,-74.71879849055745
906,ksqexp,2,4,1,0.5,-27.607153321401984,-29.57919544580685
907,ksqexp,2,4,1,0.1,-46.86701457618096,-32.961216618194136
908,ksqexp,2,4,1,0.05,-68.29404146617394,-39.80316518553833
909,ksqexp,2,4,1,0.01,-84.12953272730161,-44.657029215188444
910,ksqexp,2,4,1,0,-85.05442935058757,-44.94320542158933
911,ksqexp,2,4,1.5,0.5,-29.852744867631767,-32.24539106201202
912,ksqexp,2,4,1.5,0.1,-42.18121428562196,-32.44227980978721
913,ksqexp,2,4,1.5,0.05,-53.84694148575472,-35.711369863133626
914,ksqexp,2,4,1.5,0.01,-61.017705847205505,-37.701314583891474
915,ksqexp,2,4,1.5,0,-61.3985651902476,-37.80866449695855
916,ksqexp,2,6,0.5,0.5,-25.564328114381276,-27.236777295378527
917,ksqexp,2,6,0.5,0.1,-55.61907492387248,-33.931049851896425
918,ksqexp,2,6,0.5,0.05,-104.20610740441045,-49.675551686160446
919,ksqexp,2,6,0.5,0.01,-149.9546340402592,-64.2509348020494
920,ksqexp,2,6,0.5,0,-152.79204587455703,-65.16149554730677
921,ksqexp,2,6,1,0.5,-28.700126726885845,-30.946303450265322
922,ksqexp,2,6,1,0.1,-48.313951429312446,-33.52954458251965
923,ksqexp,2,6,1,0.05,-68.851292805993765,-39.79245601739528
924,ksqexp,2,6,1,0.01,-81.95142902174928,-43.83726979067603
925,ksqexp,2,6,1,0,-82.63123485710989,-44.04927929651976
926,ksqexp,2,6,1.5,0.5,-31.26076063631081,-33.971283325304
927,ksqexp,2,6,1.5,0.1,-44.773597744873214,-34.72785340251321
928,ksqexp,2,6,1.5,0.05,-55.83380549496055,-37.95023550786923
929,ksqexp,2,6,1.5,0.01,-61.748056030562964,-39.71597112644191
930,ksqexp,2,6,1.5,0,-62.03495461466255,-39.80253064522246
931,ksqexp,2,8,0.5,0.5,-26.050483944941156,-27.90549937931137
932,ksqexp,2,8,0.5,0.1,-57.14719814301079,-35.39391814122799
933,ksqexp,2,8,0.5,0.05,-105.31478782220765,-50.35255208585446
934,ksqexp,2,8,0.5,0.01,-149.97512171695692,-63.35646529605487
935,ksqexp,2,8,0.5,0,-152.73374153909214,-64.14155826613559
936,ksqexp,2,8,1,0.5,-29.35618001699238,-31.80913499017178
937,ksqexp,2,8,1,0.1,-49.8397930534798,-35.190170797791055
938,ksqexp,2,8,1,0.05,-70.15139060152485,-41.04613472751168
939,ksqexp,2,8,1,0.01,-83.02017972027726,-44.6508723423416
940,ksqexp,2,8,1,0,-83.68793204396772,-44.83608843556738
941,ksqexp,2,8,1.5,0.5,-32.059991871411164,-35.00048604598767
942,ksqexp,2,8,1.5,0.1,-46.327036911202214,-36.51363608055627
943,ksqexp,2,8,1.5,0.05,-57.312276593501984,-39.525697068232624
944,ksqexp,2,8,1.5,0.01,-63.178266600171824,-41.11472511888774
945,ksqexp,2,8,1.5,0,-63.46331897575367,-41.19158859117714
946,ksqexp,2,10,0.5,0.5,-26.430771171813042,-28.432729744234685
947,ksqexp,2,10,0.5,0.1,-57.89838955735077,-36.3468043739338
948,ksqexp,2,10,0.5,0.05,-106.38871342759789,-51.0130434357974
949,ksqexp,2,10,0.5,0.01,-152.12142208377733,-63.87985214551125
950,ksqexp,2,10,0.5,0,-154.97344768931535,-64.66268592883
951,ksqexp,2,10,1,0.5,-29.765957083982133,-32.37941647950328
952,ksqexp,2,10,1,0.1,-50.615683685434156,-36.103680164709296
953,ksqexp,2,10,1,0.05,-71.31434263222586,-41.91918173042718
954,ksqexp,2,10,1,0.01,-84.62030544845321,-45.535778133715674
955,ksqexp,2,10,1,0,-85.31507499223771,-45.722599894369196
956,ksqexp,2,10,1.5,0.5,-32.50344380344304,-35.61873255504002
957,ksqexp,2,10,1.5,0.1,-47.16568195839145,-37.46890644608735
958,ksqexp,2,10,1.5,0.05,-58.47306125805536,-40.504617787862315
959,ksqexp,2,10,1.5,0.01,-64.58769638989162,-42.12135851498405
960,ksqexp,2,10,1.5,0,-64.88627418994743,-42.199894648693714
961,ksqexp,2,25,0.5,0.5,-27.35686945153697,-29.90347748005248
962,ksqexp,2,25,0.5,0.1,-58.748857047802275,-38.26905992470064
963,ksqexp,2,25,0.5,0.05,-109.28673685989138,-52.885746061687485
964,ksqexp,2,25,0.5,0.01,-158.40274364909442,-66.33868102916335
965,ksqexp,2,25,0.5,0,-161.49022056433105,-67.17012805633031
966,ksqexp,2,25,1,0.5,-30.601504330911,-33.87427730509854
967,ksqexp,2,25,1,0.1,-52.153717690453,-38.19711526779343
968,ksqexp,2,25,1,0.05,-74.3138975094238,-44.28773651824969
969,ksqexp,2,25,1,0.01,-88.78514216764022,-48.174052253089386
970,ksqexp,2,25,1,0,-89.54364713662146,-48.376270745381916
971,ksqexp,2,25,1.5,0.5,-33.32277696583566,-37.163608438068714
972,ksqexp,2,25,1.5,0.1,-48.998988386178326,-39.74322256928177
973,ksqexp,2,25,1.5,0.05,-61.30384549505071,-43.03626684203431
974,ksqexp,2,25,1.5,0.01,-68.02323666302401,-44.815535980346425
975,ksqexp,2,25,1.5,0,-68.3521127572023,-44.9023084075011
976,ksqexp,2.25,0.2,0.5,0.5,-33.36162944974413,-34.772913465063574
977,ksqexp,2.25,0.2,0.5,0.1,-424.2473678822247,-457.1368600339957
978,ksqexp,2.25,0.2,0.5,0.05,-1806.9936007125282,-1929.5389337874888
979,ksqexp,2.25,0.2,0.5,0.01,-38773.19325595488,-45531.90221011298
980,ksqexp,2.25,0.2,0.5,0,-177218659503.6088,-178336266754.68002
981,ksqexp,2.25,0.2,1,0.5,-33.16072073383344,-34.81130384105647
982,ksqexp,2.25,0.2,1,0.1,-430.5851654241516,-462.35875240841096
983,ksqexp,2.25,0.2,1,0.05,-1800.912388751759,-1929.9018555500502
984,ksqexp,2.25,0.2,1,0.01,-36625.529545147205,-45129.93990904903
985,ksqexp,2.25,0.2,1,0,-175458943078.9874,-176092334647.51602
986,ksqexp,2.25,0.2,1.5,0.5,-33.09879959131843,-34.93330389299949
987,ksqexp,2.25,0.2,1.5,0.1,-434.31433869041547,-466.06715795868024
988,ksqexp,2.25,0.2,1.5,0.05,-1783.5253703854019,-1919.0574962220078
989,ksqexp,2.25,0.2,1.5,0.01,-35679.017762309755,-44845.50423421322
990,ksqexp,2.25,0.2,1.5,0,-172336779771.56152,-172783392729.38373
991,ksqexp,2.25,0.5,0.5,0.5,-32.543033040531746,-34.79295389537346
992,ksqexp,2.25,0.5,0.5,0.1,-350.36788477082524,-413.7464823511191
993,ksqexp,2.25,0.5,0.5,0.05,-1233.434717870611,-1517.608144215332
994,ksqexp,2.25,0.5,0.5,0.01,-12906.283106276107,-14647.925022000696
995,ksqexp,2.25,0.5,0.5,0,-87646499551.77422,-87839140661.90224
996,ksqexp,2.25,0.5,1,0.5,-32.8718684130604,-35.684346804940624
997,ksqexp,2.25,0.5,1,0.1,-328.9827753572106,-398.76787780817176
998,ksqexp,2.25,0.5,1,0.05,-1057.0770787839217,-1325.4045163158648
999,ksqexp,2.25,0.5,1,0.01,-10606.083866601331,-12177.86967765467
1000,ksqexp,2.25,0.5,1,0,-58804844410.00064,-58906309208.85866
1001,ksqexp,2.25,0.5,1.5,0.5,-33.30172499305308,-36.49049393515523
1002,ksqexp,2.25,0.5,1.5,0.1,-312.7181421516974,-385.5083965351514
1003,ksqexp,2.25,0.5,1.5,0.05,-944.4781838590791,-1185.515322699131
1004,ksqexp,2.25,0.5,1.5,0.01,-9567.582045518271,-11197.699318800032
1005,ksqexp,2.25,0.5,1.5,0,-44187257258.5347,-44255975581.01394
1006,ksqexp,2.25,1,0.5,0.5,-30.748108393815155,-33.911485167712414
1007,ksqexp,2.25,1,0.5,0.1,-127.63378853912013,-138.60864169706733
1008,ksqexp,2.25,1,0.5,0.05,-453.972554917791,-417.9494221627188
1009,ksqexp,2.25,1,0.5,0.01,-4342.122154084621,-3697.5495907987097
1010,ksqexp,2.25,1,0.5,0,-39851956.33979163,-42497183.25371162
1011,ksqexp,2.25,1,1,0.5,-30.356357575102848,-34.20864327279297
1012,ksqexp,2.25,1,1,0.1,-114.85745499307535,-115.79478705751742
1013,ksqexp,2.25,1,1,0.05,-419.2299932842537,-372.8482562177342
1014,ksqexp,2.25,1,1,0.01,-3190.5613560546803,-2724.81863064265
1015,ksqexp,2.25,1,1,0,-19928708.36700011,-21251456.794774443
1016,ksqexp,2.25,1,1.5,0.5,-30.2746054188407,-34.46206715243431
1017,ksqexp,2.25,1,1.5,0.1,-111.61406638256315,-108.88719174512337
1018,ksqexp,2.25,1,1.5,0.05,-389.40994178494265,-342.4676508995016
1019,ksqexp,2.25,1,1.5,0.01,-2724.957777932877,-2352.8530549692805
1020,ksqexp,2.25,1,1.5,0,-13286400.311360182,-14168264.278989563
1021,ksqexp,2.25,1.5,0.5,0.5,-26.37462389378551,-28.78471276235409
1022,ksqexp,2.25,1.5,0.5,0.1,-86.71508695440572,-70.3252111326351
1023,ksqexp,2.25,1.5,0.5,0.05,-303.3266502524674,-214.77964648027574
1024,ksqexp,2.25,1.5,0.5,0.01,-3073.930903196929,-2208.7866267345175
1025,ksqexp,2.25,1.5,0.5,0,-361704.74739829946,-390032.5744950922
1026,ksqexp,2.25,1.5,1,0.5,-26.033825380119755,-28.58908475640494
1027,ksqexp,2.25,1.5,1,0.1,-80.64885952993411,-63.419969027017665
1028,ksqexp,2.25,1.5,1,0.05,-265.79479396434306,-182.06555286754065
1029,ksqexp,2.25,1.5,1,0.01,-2272.9649593385057,-1852.24806964124
1030,ksqexp,2.25,1.5,1,0,-180830.51704669133,-194999.30523970342
1031,ksqexp,2.25,1.5,1.5,0.5,-26.555044697648942,-29.262116981395025
1032,ksqexp,2.25,1.5,1.5,0.1,-77.52164244639546,-60.406128582236434
1033,ksqexp,2.25,1.5,1.5,0.05,-244.36871490943227,-165.5410133218769
1034,ksqexp,2.25,1.5,1.5,0.01,-1982.449068809845,-1745.162912868864
1035,ksqexp,2.25,1.5,1.5,0,-120541.79465187129,-129990.89391754022
1036,ksqexp,2.25,2,0.5,0.5,-24.237186022468883,-25.95845275817151
1037,ksqexp,2.25,2,0.5,0.1,-74.94409250608884,-52.79847965311734
1038,ksqexp,2.25,2,0.5,0.05,-265.0803928761981,-172.23974456883894
1039,ksqexp,2.25,2,0.5,0.01,-2047.351858396172,-1800.4222396618068
1040,ksqexp,2.25,2,0.5,0,-16983.73907885836,-19079.57868722856
1041,ksqexp,2.25,2,1,0.5,-25.027960383061252,-27.045399733786056
1042,ksqexp,2.25,2,1,0.1,-71.24782189355324,-50.68668948467108
1043,ksqexp,2.25,2,1,0.05,-229.56876277089395,-151.65714296833372
1044,ksqexp,2.25,2,1,0.01,-1491.8904182133253,-1512.6979545473962
1045,ksqexp,2.25,2,1,0,-8476.959977072625,-9530.215595264723
1046,ksqexp,2.25,2,1.5,0.5,-26.18131327602784,-28.52774613109645
1047,ksqexp,2.25,2,1.5,0.1,-69.3611144572056,-50.5528554208838
1048,ksqexp,2.25,2,1.5,0.05,-206.1144984366986,-139.00770412472858
1049,ksqexp,2.25,2,1.5,0.01,-1267.620030180808,-1361.5611099481946
1050,ksqexp,2.25,2,1.5,0,-5644.157349898006,-6349.884951571891
1051,ksqexp,2.25,2.5,0.5,0.5,-23.70787495804234,-25.23910783003362
1052,ksqexp,2.25,2.5,0.5,0.1,-74.3598400079473,-50.82529232718016
1053,ksqexp,2.25,2.5,0.5,0.05,-240.90348463726363,-154.8731736550149
1054,ksqexp,2.25,2.5,0.5,0.01,-987.8209996629946,-980.0588882627551
1055,ksqexp,2.25,2.5,0.5,0,-1672.8188711810471,-2084.7591966061846
1056,ksqexp,2.25,2.5,1,0.5,-25.132509236570726,-27.105006645932463
1057,ksqexp,2.25,2.5,1,0.1,-69.92767549944399,-49.33702586294361
1058,ksqexp,2.25,2.5,1,0.05,-189.08585240849905,-128.27106050255273
1059,ksqexp,2.25,2.5,1,0.01,-572.7945159914555,-637.1771044936191
1060,ksqexp,2.25,2.5,1,0,-826.3108132418851,-1037.8179210551066
1061,ksqexp,2.25,2.5,1.5,0.5,-26.58737997302828,-28.956878054044708
1062,ksqexp,2.25,2.5,1.5,0.1,-66.5972390170115,-48.892030781637786
1063,ksqexp,2.25,2.5,1.5,0.05,-157.87118765890855,-113.05381922239148
1064,ksqexp,2.25,2.5,1.5,0.01,-412.1902218534319,-481.4164845171379
1065,ksqexp,2.25,2.5,1.5,0,-546.9321150409887,-691.6281492206156
1066,ksqexp,2.25,3,0.5,0.5,-23.746438716923095,-25.266386801730256
1067,ksqexp,2.25,3,0.5,0.1,-75.46868594061891,-51.28003157812649
1068,ksqexp,2.25,3,0.5,0.05,-214.06289193287247,-135.26771854343033
1069,ksqexp,2.25,3,0.5,0.01,-459.45740508043133,-386.05225523498046
1070,ksqexp,2.25,3,0.5,0,-459.78638002876716,-432.58856229260556
1071,ksqexp,2.25,3,1,0.5,-25.568592080445764,-27.600460224454295
1072,ksqexp,2.25,3,1,0.1,-68.48217362992881,-48.276321911302105
1073,ksqexp,2.25,3,1,0.05,-150.43748400648258,-102.01246050177808
1074,ksqexp,2.25,3,1,0.01,-224.95467972338764,-203.13567937164032
1075,ksqexp,2.25,3,1,0,-223.3848503213527,-215.3617868291176
1076,ksqexp,2.25,3,1.5,0.5,-27.238925127678566,-29.69916144513718
1077,ksqexp,2.25,3,1.5,0.1,-63.07693873696567,-46.71752279110378
1078,ksqexp,2.25,3,1.5,0.05,-116.85746403662007,-84.79525897298394
1079,ksqexp,2.25,3,1.5,0.01,-148.54269348682843,-140.34394526406632
1080,ksqexp,2.25,3,1.5,0,-147.37499719527904,-145.74351837708411
1081,ksqexp,2.25,3.5,0.5,0.5,-23.97575403114592,-25.53195245008749
1082,ksqexp,2.25,3.5,0.5,0.1,-75.09100830341707,-50.330883573384924
1083,ksqexp,2.25,3.5,0.5,0.05,-190.3999601689926,-112.65343843164308
1084,ksqexp,2.25,3.5,0.5,0.01,-347.3243651572718,-197.64296093901925
1085,ksqexp,2.25,3.5,0.5,0,-356.07857747947367,-200.31022011322793
1086,ksqexp,2.25,3.5,1,0.5,-26.080730889161405,-28.1898470636629
1087,ksqexp,2.25,3.5,1,0.1,-65.91905734582703,-45.69289470444651
1088,ksqexp,2.25,3.5,1,0.05,-125.68657229699016,-77.9076324478512
1089,ksqexp,2.25,3.5,1,0.01,-172.47846965346534,-101.7551900827493
1090,ksqexp,2.25,3.5,1,0,-174.36108259113772,-102.11338129630792
1091,ksqexp,2.25,3.5,1.5,0.5,-27.911314506561215,-30.469281486275058
1092,ksqexp,2.25,3.5,1.5,0.1,-59.334613240983934,-43.30745261392824
1093,ksqexp,2.25,3.5,1.5,0.05,-95.17438760259394,-62.450363269312895
1094,ksqexp,2.25,3.5,1.5,0.01,-115.86847541263631,-72.12061995623077
1095,ksqexp,2.25,3.5,1.5,0,-116.57924105140741,-72.17175845477806
1096,ksqexp,2.25,4,0.5,0.5,-24.237934800341655,-25.842301838634864
1097,ksqexp,2.25,4,0.5,0.1,-72.51152757942589,-46.99122314452918
1098,ksqexp,2.25,4,0.5,0.05,-174.08240265013725,-91.48974628466797
1099,ksqexp,2.25,4,0.5,0.01,-329.40671898387126,-148.35571593140705
1100,ksqexp,2.25,4,0.5,0,-343.53326177435605,-152.81889937558248
1101,ksqexp,2.25,4,1,0.5,-26.54254312355669,-28.72965835983551
1102,ksqexp,2.25,4,1,0.1,-62.77568752243111,-41.71111535803607
1103,ksqexp,2.25,4,1,0.05,-115.12826640438782,-62.31818841483079
1104,ksqexp,2.25,4,1,0.01,-166.81291641377427,-79.67183567928342
1105,ksqexp,2.25,4,1,0,-170.28742728489232,-80.71028268224997
1106,ksqexp,2.25,4,1.5,0.5,-28.489059800673108,-31.142515894943674
1107,ksqexp,2.25,4,1.5,0.1,-56.40308056144379,-39.46948740036824
1108,ksqexp,2.25,4,1.5,0.05,-88.49897219169506,-51.11810426272809
1109,ksqexp,2.25,4,1.5,0.01,-113.83875777418223,-59.04449863098089
1110,ksqexp,2.25,4,1.5,0,-115.32947253792413,-59.464733878955194
1111,ksqexp,2.25,6,0.5,0.5,-24.93649657566713,-26.76623775917083
1112,ksqexp,2.25,6,0.5,0.1,-66.70207463691388,-38.21579364257469
1113,ksqexp,2.25,6,0.5,0.05,-163.53136792348627,-69.75449028564395
1114,ksqexp,2.25,6,0.5,0.01,-308.04288074972203,-115.22329866791043
1115,ksqexp,2.25,6,0.5,0,-319.7098387344434,-118.91285697757607
1116,ksqexp,2.25,6,1,0.5,-27.640094646440428,-30.14139237454766
1117,ksqexp,2.25,6,1,0.1,-61.010667514190935,-37.256462651055216
1118,ksqexp,2.25,6,1,0.05,-112.45797644378047,-53.206450905492446
1119,ksqexp,2.25,6,1,0.01,-159.8176291425872,-67.89442369563835
1120,ksqexp,2.25,6,1,0,-162.7209838503156,-68.80299065368527
1121,ksqexp,2.25,6,1.5,0.5,-29.89239501630039,-32.91860384355348
1122,ksqexp,2.25,6,1.5,0.1,-56.88250789064989,-37.76146557095452
1123,ksqexp,2.25,6,1.5,0.05,-88.77319114326957,-47.40626838941204
1124,ksqexp,2.25,6,1.5,0.01,-111.91351995713023,-54.49792560142184
1125,ksqexp,2.25,6,1.5,0,-113.18202230860764,-54.890358641401654
1126,ksqexp,2.25,8,0.5,0.5,-25.374488506155902,-27.40732056308596
1127,ksqexp,2.25,8,0.5,0.1,-67.75939784020929,-39.05654506638899
1128,ksqexp,2.25,8,0.5,0.05,-162.50846076912595,-68.60742331100748
1129,ksqexp,2.25,8,0.5,0.01,-299.8947213323014,-108.02772724404987
1130,ksqexp,2.25,8,0.5,0,-310.8615328465517,-111.08894172497013
1131,ksqexp,2.25,8,1,0.5,-28.293020193906532,-31.041727225197988
1132,ksqexp,2.25,8,1,0.1,-62.28250353635031,-38.74255474955476
1133,ksqexp,2.25,8,1,0.05,-112.0338633057372,-53.28565220462204
1134,ksqexp,2.25,8,1,0.01,-156.93995821779583,-65.85540656876626
1135,ksqexp,2.25,8,1,0,-159.67757291260492,-66.61164948855463
1136,ksqexp,2.25,8,1.5,0.5,-30.735219900686037,-34.043764421438176
1137,ksqexp,2.25,8,1.5,0.1,-58.21660201679297,-39.526099796141864
1138,ksqexp,2.25,8,1.5,0.05,-88.9120757268735,-48.199215576088186
1139,ksqexp,2.25,8,1.5,0.01,-110.87333730630583,-54.248418076954245
1140,ksqexp,2.25,8,1.5,0,-112.07357635516284,-54.57654217287154
1141,ksqexp,2.25,10,0.5,0.5,-25.735049635180392,-27.926072998638855
1142,ksqexp,2.25,10,0.5,0.1,-68.33775452977933,-39.96339219571354
1143,ksqexp,2.25,10,0.5,0.05,-161.93644136808774,-68.4104796715537
1144,ksqexp,2.25,10,0.5,0.01,-298.78220908474117,-106.24429126772021
1145,ksqexp,2.25,10,0.5,0,-309.77598755091776,-109.1919190482201
1146,ksqexp,2.25,10,1,0.5,-28.72437566376062,-31.651544205746703
1147,ksqexp,2.25,10,1,0.1,-62.74157992291594,-39.593119565916496
1148,ksqexp,2.25,10,1,0.05,-112.07549981151195,-53.586689732693294
1149,ksqexp,2.25,10,1,0.01,-156.99499986800555,-65.70564855899208
1150,ksqexp,2.25,10,1,0,-159.74525672034954,-66.43657434117286
1151,ksqexp,2.25,10,1.5,0.5,-31.229619142675695,-34.735337176912395
1152,ksqexp,2.25,10,1.5,0.1,-58.72609355898549,-40.42537149232884
1153,ksqexp,2.25,10,1.5,0.05,-89.28183732521697,-48.79917506637033
1154,ksqexp,2.25,10,1.5,0.01,-111.31736021018418,-54.657073261204815
1155,ksqexp,2.25,10,1.5,0,-112.52566986402387,-54.97544953542565
1156,ksqexp,2.25,25,0.5,0.5,-26.74107482894752,-29.53726392017124
1157,ksqexp,2.25,25,0.5,0.1,-68.32381808699685,-41.76319013934602
1158,ksqexp,2.25,25,0.5,0.05,-162.62077486545826,-69.00291723819997
1159,ksqexp,2.25,25,0.5,0.01,-304.88616088654663,-107.14356015611837
1160,ksqexp,2.25,25,0.5,0,-316.39614391282925,-110.1632376650453
1161,ksqexp,2.25,25,1,0.5,-29.64202355934192,-33.296912313484114
1162,ksqexp,2.25,25,1,0.1,-63.43923777629331,-41.45142296290186
1163,ksqexp,2.25,25,1,0.05,-114.23139740257791,-55.362589514999144
1164,ksqexp,2.25,25,1,0.01,-161.271226795736,-67.78240654097836
1165,ksqexp,2.25,25,1,0,-164.16010674674772,-68.53702905238474
1166,ksqexp,2.25,25,1.5,0.5,-32.13269840126454,-36.441182462990085
1167,ksqexp,2.25,25,1.5,0.1,-59.941469613167435,-42.53668940717666
1168,ksqexp,2.25,25,1.5,0.05,-91.74844409191134,-51.050456031003485
1169,ksqexp,2.25,25,1.5,0.01,-114.93196901944997,-57.120989343045544
1170,ksqexp,2.25,25,1.5,0,-116.20541777801166,-57.45228294470525
1171,ksqexp,2.5,0.2,0.5,0.5,-33.651042309352434,-35.136689920544704
1172,ksqexp,2.5,0.2,0.5,0.1,-418.47337083535336,-456.4449347872186
1173,ksqexp,2.5,0.2,0.5,0.05,-1762.2508837239818,-1894.6303319162018
1174,ksqexp,2.5,0.2,0.5,0.01,-42389.745830575426,-47848.51959915079
1175,ksqexp,2.5,0.2,0.5,0,-173853926383.51553,-176312003019.4733
1176,ksqexp,2.5,0.2,1,0.5,-33.42704433584042,-35.13142095617694
1177,ksqexp,2.5,0.2,1,0.1,-418.9323368789197,-455.07098048351514
1178,ksqexp,2.5,0.2,1,0.05,-1769.9752130375011,-1900.5938928532198
1179,ksqexp,2.5,0.2,1,0.01,-39940.77272206861,-47382.629708581415
1180,ksqexp,2.5,0.2,1,0,-177649735400.56955,-179227311624.5536
1181,ksqexp,2.5,0.2,1.5,0.5,-33.27157853757497,-35.159915587213554
1182,ksqexp,2.5,0.2,1.5,0.1,-421.41863475454926,-456.55228090116117
1183,ksqexp,2.5,0.2,1.5,0.05,-1769.8114416775377,-1902.0123081477402
1184,ksqexp,2.5,0.2,1.5,0.01,-38393.09625835106,-47025.48805821293
1185,ksqexp,2.5,0.2,1.5,0,-178140163255.3974,-179294729170.889
1186,ksqexp,2.5,0.5,0.5,0.5,-32.76099722535795,-35.06661335648626
1187,ksqexp,2.5,0.5,0.5,0.1,-367.7719198012307,-434.38606011499337
1188,ksqexp,2.5,0.5,0.5,0.05,-1359.1579342680448,-1675.5335197915379
1189,ksqexp,2.5,0.5,0.5,0.01,-16918.43825774036,-19029.70594138454
1190,ksqexp,2.5,0.5,0.5,0,-134123850509.75496,-134612647988.87509
1191,ksqexp,2.5,0.5,1,0.5,-32.871676523602986,-35.73305760017577
1192,ksqexp,2.5,0.5,1,0.1,-349.3513926030857,-423.68846931354295
1193,ksqexp,2.5,0.5,1,0.05,-1222.9947755147534,-1549.155779220739
1194,ksqexp,2.5,0.5,1,0.01,-14632.640985344633,-15786.357260230776
1195,ksqexp,2.5,0.5,1,0,-111991539206.72064,-112275043016.23561
1196,ksqexp,2.5,0.5,1.5,0.5,-33.13910407704874,-36.3726853339602
1197,ksqexp,2.5,0.5,1.5,0.1,-337.4525754799799,-416.54880399974223
1198,ksqexp,2.5,0.5,1.5,0.05,-1123.023104221838,-1436.01825899527
1199,ksqexp,2.5,0.5,1.5,0.01,-13380.375358409006,-14415.676030883387
1200,ksqexp,2.5,0.5,1.5,0,-95447515635.48584,-95646559140.904
1201,ksqexp,2.5,1,0.5,0.5,-31.458128588475706,-34.78288775265496
1202,ksqexp,2.5,1,0.5,0.1,-150.7895053783858,-179.09628867333703
1203,ksqexp,2.5,1,0.5,0.05,-495.00284036274155,-495.6183549317102
1204,ksqexp,2.5,1,0.5,0.01,-7629.797231660612,-6270.460276566487
1205,ksqexp,2.5,1,0.5,0,-140642348.7892471,-150793165.87833506
1206,ksqexp,2.5,1,1,0.5,-31.062497994681372,-35.2493827862475
1207,ksqexp,2.5,1,1,0.1,-127.16195292977936,-140.85629959396903
1208,ksqexp,2.5,1,1,0.05,-467.5697666306354,-446.76309032049465
1209,ksqexp,2.5,1,1,0.01,-5697.7925485960195,-4534.123761293657
1210,ksqexp,2.5,1,1,0,-70354927.93383108,-75431884.87307961
1211,ksqexp,2.5,1,1.5,0.5,-30.907973238613238,-35.5684579888801
1212,ksqexp,2.5,1,1.5,0.1,-120.14933687736509,-128.1127332557666
1213,ksqexp,2.5,1,1.5,0.05,-455.5493272112489,-425.5405636365944
1214,ksqexp,2.5,1,1.5,0.01,-4773.162930707685,-3752.6541035858772
1215,ksqexp,2.5,1,1.5,0,-46910780.728612036,-50295765.20843985
1216,ksqexp,2.5,1.5,0.5,0.5,-27.402372982851976,-30.264894662794536
1217,ksqexp,2.5,1.5,0.5,0.1,-96.48221913966164,-83.68411460142399
1218,ksqexp,2.5,1.5,0.5,0.05,-357.4874852522675,-270.01010466426396
1219,ksqexp,2.5,1.5,0.5,0.01,-5132.2447458205315,-3328.963365076879
1220,ksqexp,2.5,1.5,0.5,0,-1234096.15729737,-1339347.8657019315
1221,ksqexp,2.5,1.5,1,0.5,-26.454567861898656,-29.562985789046817
1222,ksqexp,2.5,1.5,1,0.1,-90.26433874738444,-75.47061740804139
1223,ksqexp,2.5,1.5,1,0.05,-324.8930759529286,-234.83280414875261
1224,ksqexp,2.5,1.5,1,0.01,-3926.2202517380224,-2636.0704823732935
1225,ksqexp,2.5,1.5,1,0,-617021.5403515426,-669653.6199802024
1226,ksqexp,2.5,1.5,1.5,0.5,-26.46546014782746,-29.714433528277294
1227,ksqexp,2.5,1.5,1.5,0.1,-87.43965912895598,-71.86571463553354
1228,ksqexp,2.5,1.5,1.5,0.05,-305.8780472703298,-216.81476679099524
1229,ksqexp,2.5,1.5,1.5,0.01,-3256.5539646873053,-2302.7964849834184
1230,ksqexp,2.5,1.5,1.5,0,-411331.6385782259,-446423.73779495957
1231,ksqexp,2.5,2,0.5,0.5,-24.633242312175966,-26.65580266004029
1232,ksqexp,2.5,2,0.5,0.1,-82.32189667523811,-59.877351599044935
1233,ksqexp,2.5,2,0.5,0.05,-316.76095556518294,-206.41558700738864
1234,ksqexp,2.5,2,0.5,0.01,-3563.5109945171394,-2609.1283070805457
1235,ksqexp,2.5,2,0.5,0,-54458.30445752126,-60475.47146893469
1236,ksqexp,2.5,2,1,0.5,-24.754825187816383,-27.05025842719127
1237,ksqexp,2.5,2,1,0.1,-79.40429216281889,-56.48630889144649
1238,ksqexp,2.5,2,1,0.05,-288.4249386387867,-190.12256463444376
1239,ksqexp,2.5,2,1,0.01,-2465.1468735705084,-2080.5231432054
1240,ksqexp,2.5,2,1,0,-27207.890117372895,-30223.02942783483
1241,ksqexp,2.5,2,1.5,0.5,-25.500005620015344,-28.113395028504694
1242,ksqexp,2.5,2,1.5,0.1,-78.25038589702675,-56.14326398966219
1243,ksqexp,2.5,2,1.5,0.05,-269.6622142161016,-180.25822985651527
1244,ksqexp,2.5,2,1.5,0.01,-1987.4027672532777,-1855.4300110994245
1245,ksqexp,2.5,2,1.5,0,-18127.206788819272,-20141.670152960807
1246,ksqexp,2.5,2.5,0.5,0.5,-23.694523128313648,-25.39508913469539
1247,ksqexp,2.5,2.5,0.5,0.1,-81.20947863149233,-55.61951545570959
1248,ksqexp,2.5,2.5,0.5,0.05,-306.9933777051812,-193.54463873748276
1249,ksqexp,2.5,2.5,0.5,0.01,-1927.668459125057,-1696.085206925223
1250,ksqexp,2.5,2.5,0.5,0,-4827.415069304182,-6128.673085777068
1251,ksqexp,2.5,2.5,1,0.5,-24.560081174301967,-26.711746500424695
1252,ksqexp,2.5,2.5,1,0.1,-79.71582520602833,-54.758154800044245
1253,ksqexp,2.5,2.5,1,0.05,-264.60323955905267,-172.5844676724834
1254,ksqexp,2.5,2.5,1,0.01,-1136.2440403026926,-1180.2770436334577
1255,ksqexp,2.5,2.5,1,0,-2397.791756515023,-3055.18929528049
1256,ksqexp,2.5,2.5,1.5,0.5,-25.656990260241184,-28.226162955335425
1257,ksqexp,2.5,2.5,1.5,0.1,-78.281166345234,-55.02564828206607
1258,ksqexp,2.5,2.5,1.5,0.05,-234.8176190820663,-158.48766748797306
1259,ksqexp,2.5,2.5,1.5,0.01,-834.8684536559089,-943.2656342415556
1260,ksqexp,2.5,2.5,1.5,0,-1590.7079508567742,-2033.4853251731815
1261,ksqexp,2.5,3,0.5,0.5,-23.506210886951003,-25.144994194357697
1262,ksqexp,2.5,3,0.5,0.1,-83.76806273514372,-56.81095556995932
1263,ksqexp,2.5,3,0.5,0.05,-295.5448370010818,-181.97426029042853
1264,ksqexp,2.5,3,0.5,0.01,-996.4553064557722,-861.8908562961898
1265,ksqexp,2.5,3,0.5,0,-1036.6537639691767,-1171.5050920387082
1266,ksqexp,2.5,3,1,0.5,-24.81476700695428,-26.99916287614045
1267,ksqexp,2.5,3,1,0.1,-81.35724523239922,-55.41796852418774
1268,ksqexp,2.5,3,1,0.05,-235.3126784958164,-151.3366082916212
1269,ksqexp,2.5,3,1,0.01,-498.1302522890197,-482.36387429042117
1270,ksqexp,2.5,3,1,0,-506.4566893025898,-580.6182780110912
1271,ksqexp,2.5,3,1.5,0.5,-26.145864994016108,-28.787933652453596
1272,ksqexp,2.5,3,1.5,0.1,-78.45507061680694,-54.83789624174781
1273,ksqexp,2.5,3,1.5,0.05,-195.48434531420293,-131.9496069665247
1274,ksqexp,2.5,3,1.5,0.01,-329.07502347671226,-338.2161907635601
1275,ksqexp,2.5,3,1.5,0,-332.51498776286996,-386.44666277310745
1276,ksqexp,2.5,3.5,0.5,0.5,-23.606998387690467,-25.267264057337368
1277,ksqexp,2.5,3.5,0.5,0.1,-85.56853378785168,-57.674256145417964
1278,ksqexp,2.5,3.5,0.5,0.05,-280.2504464381108,-165.66240513568363
1279,ksqexp,2.5,3.5,0.5,0.01,-724.0946996981921,-460.8744080667816
1280,ksqexp,2.5,3.5,0.5,0,-739.6780420933295,-481.52522092419457
1281,ksqexp,2.5,3.5,1,0.5,-25.230513134628684,-27.48928782400713
1282,ksqexp,2.5,3.5,1,0.1,-81.55415644610461,-54.90014931053353
1283,ksqexp,2.5,3.5,1,0.05,-209.68518273665492,-127.54332801645137
1284,ksqexp,2.5,3.5,1,0.01,-359.21255031254543,-234.8112308409089
1285,ksqexp,2.5,3.5,1,0,-361.2021711548388,-238.84927714446744
1286,ksqexp,2.5,3.5,1.5,0.5,-26.742864669464996,-29.484779750063222
1287,ksqexp,2.5,3.5,1.5,0.1,-77.23118193801905,-53.28947167243907
1288,ksqexp,2.5,3.5,1.5,0.05,-166.9327014096742,-105.60354211710896
1289,ksqexp,2.5,3.5,1.5,0.01,-237.46812379574683,-159.300670330771
1290,ksqexp,2.5,3.5,1.5,0,-237.8342042703131,-160.7479526346516
1291,ksqexp,2.5,4,0.5,0.5,-23.80768226146538,-25.51333977887034
1292,ksqexp,2.5,4,0.5,0.1,-84.75930699772759,-56.112162853325565
1293,ksqexp,2.5,4,0.5,0.05,-262.267973355183,-142.81748061587928
1294,ksqexp,2.5,4,0.5,0.01,-680.5837823138395,-319.6247960600684
1295,ksqexp,2.5,4,0.5,0,-729.9014066052874,-336.3185625513694
1296,ksqexp,2.5,4,1,0.5,-25.662369565003967,-28.00383175024556
1297,ksqexp,2.5,4,1,0.1,-79.48764394800061,-51.97674537575437
1298,ksqexp,2.5,4,1,0.05,-191.5788664715195,-103.49410371838201
1299,ksqexp,2.5,4,1,0.01,-346.38174987732737,-164.90829732937598
1300,ksqexp,2.5,4,1,0,-358.87581488955004,-168.93191660579066
1301,ksqexp,2.5,4,1.5,0.5,-27.310062897747052,-30.155976332251207
1302,ksqexp,2.5,4,1.5,0.1,-74.48918417765854,-49.661197060337926
1303,ksqexp,2.5,4,1.5,0.05,-151.69386659134474,-83.71530938392323
1304,ksqexp,2.5,4,1.5,0.01,-232.50588614291888,-114.22796122986126
1305,ksqexp,2.5,4,1.5,0,-237.99127435723784,-115.9270247040864
1306,ksqexp,2.5,6,0.5,0.5,-24.47751476372748,-26.413412733681643
1307,ksqexp,2.5,6,0.5,0.1,-75.0752118734306,-42.705285792441046
1308,ksqexp,2.5,6,0.5,0.05,-234.28427200779646,-95.13682863194667
1309,ksqexp,2.5,6,0.5,0.01,-638.4338520697653,-220.03718063266405
1310,ksqexp,2.5,6,0.5,0,-685.5457839060915,-234.67847263890513
1311,ksqexp,2.5,6,1,0.5,-26.761429221272444,-29.45055400095781
1312,ksqexp,2.5,6,1,0.1,-73.07940449407026,-41.46817985869859
1313,ksqexp,2.5,6,1,0.05,-177.6778468306862,-73.96010459676674
1314,ksqexp,2.5,6,1,0.01,-329.94773011037137,-120.59493255301558
1315,ksqexp,2.5,6,1,0,-342.0109798344186,-124.33099869424422
1316,ksqexp,2.5,6,1.5,0.5,-28.705775283528638,-31.975311421423523
1317,ksqexp,2.5,6,1.5,0.1,-70.45154814475734,-41.69035385389691
1318,ksqexp,2.5,6,1.5,0.05,-144.5184320660067,-64.17661858494395
1319,ksqexp,2.5,6,1.5,0.01,-224.92051344386795,-88.68313267720916
1320,ksqexp,2.5,6,1.5,0,-230.29003518728592,-90.33916412838103
1321,ksqexp,2.5,8,0.5,0.5,-24.865144103345678,-27.0228947081229
1322,ksqexp,2.5,8,0.5,0.1,-75.17053083289473,-42.06347501907734
1323,ksqexp,2.5,8,0.5,0.05,-229.28015994062264,-90.53796157063312
1324,ksqexp,2.5,8,0.5,0.01,-597.1924883649697,-194.8885101010965
1325,ksqexp,2.5,8,0.5,0,-638.5137080039358,-206.2989492288236
1326,ksqexp,2.5,8,1,0.5,-27.37485383217066,-30.355488830294128
1327,ksqexp,2.5,8,1,0.1,-73.8097481374782,-42.26637546534062
1328,ksqexp,2.5,8,1,0.05,-172.75033464532697,-71.36858647248238
1329,ksqexp,2.5,8,1,0.01,-309.654528820184,-109.47566419151761
1330,ksqexp,2.5,8,1,0,-320.22522062272606,-112.38179129532634
1331,ksqexp,2.5,8,1.5,0.5,-29.532751231351956,-33.14279366042982
1332,ksqexp,2.5,8,1.5,0.1,-71.23380013149769,-43.05384485099905
1333,ksqexp,2.5,8,1.5,0.05,-140.35862650493956,-62.77024576752945
1334,ksqexp,2.5,8,1.5,0.01,-212.21377986259273,-82.57830577455941
1335,ksqexp,2.5,8,1.5,0,-216.91971487959572,-83.8667287372004
1336,ksqexp,2.5,10,0.5,0.5,-25.19923765629891,-27.526784532022052
1337,ksqexp,2.5,10,0.5,0.1,-75.65846061697209,-42.89718860343213
1338,ksqexp,2.5,10,0.5,0.05,-225.1094363261496,-88.78182674010094
1339,ksqexp,2.5,10,0.5,0.01,-575.2589614600818,-184.39488987925358
1340,ksqexp,2.5,10,0.5,0,-614.2287723087292,-194.70355944915596
1341,ksqexp,2.5,10,1,0.5,-27.817675259678065,-31.001905219894333
1342,ksqexp,2.5,10,1,0.1,-73.8537668013051,-43.03002219915644
1343,ksqexp,2.5,10,1,0.05,-168.94573093395158,-70.16328696671962
1344,ksqexp,2.5,10,1,0.01,-298.85472905702034,-104.92688364353909
1345,ksqexp,2.5,10,1,0,-308.822110380781,-107.55261378409533
1346,ksqexp,2.5,10,1.5,0.5,-30.069888121772617,-33.910512533305614
1347,ksqexp,2.5,10,1.5,0.1,-71.10443494167815,-43.82189270522116
1348,ksqexp,2.5,10,1.5,0.05,-137.28042000924935,-62.08843351191179
1349,ksqexp,2.5,10,1.5,0.01,-205.3726757642299,-80.12824064077074
1350,ksqexp,2.5,10,1.5,0,-209.81054645829005,-81.29295531680538
1351,ksqexp,2.5,25,0.5,0.5,-26.264409449380373,-29.24459039965725
1352,ksqexp,2.5,25,0.5,0.1,-75.04589671867781,-44.742046321580354
1353,ksqexp,2.5,25,0.5,0.05,-220.11082598655454,-86.95304281794853
1354,ksqexp,2.5,25,0.5,0.01,-564.658817919721,-177.82545710555763
1355,ksqexp,2.5,25,0.5,0,-602.8536115942974,-187.6626405459185
1356,ksqexp,2.5,25,1,0.5,-28.818510002390443,-32.78558050433298
1357,ksqexp,2.5,25,1,0.1,-73.33330496936385,-44.58251976234098
1358,ksqexp,2.5,25,1,0.05,-166.6415109722155,-70.08459354961407
1359,ksqexp,2.5,25,1,0.01,-294.6220618460945,-103.37241333169247
1360,ksqexp,2.5,25,1,0,-304.3967261574419,-105.88424257192976
1361,ksqexp,2.5,25,1.5,0.5,-31.07256276911653,-35.77945737557447
1362,ksqexp,2.5,25,1.5,0.1,-70.99529619643428,-45.560659985649096
1363,ksqexp,2.5,25,1.5,0.05,-136.23126839461315,-62.95234415522
1364,ksqexp,2.5,25,1.5,0.01,-203.34588926224993,-80.29819470112233
1365,ksqexp,2.5,25,1.5,0,-207.70175439966567,-81.41543333560435
1366,kexp,1,0.2,0.5,0.5,-31.530538685074365,-31.94030681440048
1367,kexp,1,0.2,0.5,0.1,-35.478358117398216,-36.794574818845284
1368,kexp,1,0.2,0.5,0.05,-36.899104541242636,-38.33448519303388
1369,kexp,1,0.2,0.5,0.01,-37.55307768627262,-39.03751040555764
1370,kexp,1,0.2,0.5,0,-37.58386348101043,-39.070534289749006
1371,kexp,1,0.2,1,0.5,-33.49849976065256,-33.86829924346617
1372,kexp,1,0.2,1,0.1,-30.145125191801874,-30.91088403588396
1373,kexp,1,0.2,1,0.05,-30.069017781318625,-30.869971310975487
1374,kexp,1,0.2,1,0.01,-30.051630717374017,-30.865681560123136
1375,kexp,1,0.2,1,0,-30.051024977593407,-30.865648060422615
1376,kexp,1,0.2,1.5,0.5,-35.446644387438575,-35.781780751388
1377,kexp,1,0.2,1.5,0.1,-30.700948621657876,-31.268311991009057
1378,kexp,1,0.2,1.5,0.05,-30.42821860196208,-31.0125293964979
1379,kexp,1,0.2,1.5,0.01,-30.33470550346813,-30.92505303902753
1380,kexp,1,0.2,1.5,0,-30.330735576460626,-30.92134275065094
1381,kexp,1,0.5,0.5,0.5,-29.843708818105892,-30.364278159908462
1382,kexp,1,0.5,0.5,0.1,-23.755401312042387,-24.899265029574174
1383,kexp,1,0.5,0.5,0.05,-23.42633283486941,-24.617982550539313
1384,kexp,1,0.5,0.5,0.01,-23.315427490679152,-24.524134013646066
1385,kexp,1,0.5,0.5,0,-23.310745167776954,-24.520186297516013
1386,kexp,1,0.5,1,0.5,-32.933661553681546,-33.39060148032972
1387,kexp,1,0.5,1,0.1,-26.884716388012713,-27.603804695770197
1388,kexp,1,0.5,1,0.05,-26.5480760306653,-27.281771245418774
1389,kexp,1,0.5,1,0.01,-26.43433764928737,-27.17297242398379
1390,kexp,1,0.5,1,0,-26.429528351884624,-27.168372139695048
1391,kexp,1,0.5,1.5,0.5,-35.84306242653275,-36.25928980148086
1392,kexp,1,0.5,1.5,0.1,-30.62043654035856,-31.19236711780115
1393,kexp,1,0.5,1.5,0.05,-30.35270969716188,-30.932108172574274
1394,kexp,1,0.5,1.5,0.01,-30.263534860212648,-30.84540873785528
1395,kexp,1,0.5,1.5,0,-30.259779513320456,-30.841757520487292
1396,kexp,1,1,0.5,0.5,-29.146795486149706,-29.632740091518624
1397,kexp,1,1,0.5,0.1,-21.895261397876283,-22.730276088186162
1398,kexp,1,1,0.5,0.05,-21.497659875327578,-22.35050669011277
1399,kexp,1,1,0.5,0.01,-21.363998293447604,-22.222777503723915
1400,kexp,1,1,0.5,0,-21.358354602931833,-22.217383665879794
1401,kexp,1,1,1,0.5,-33.200793424566385,-33.63255496531207
1402,kexp,1,1,1,0.1,-27.727291129662454,-28.32486721652925
1403,kexp,1,1,1,0.05,-27.470977170020426,-28.075655697745944
1404,kexp,1,1,1,0.01,-27.386562328783327,-27.993557312774577
1405,kexp,1,1,1,0,-27.38301839473907,-27.990110380295384
1406,kexp,1,1,1.5,0.5,-36.725667439019276,-37.1335246709205
1407,kexp,1,1,1.5,0.1,-32.42918908377223,-32.94652821607562
1408,kexp,1,1,1.5,0.05,-32.2446623915784,-32.76631832345068
1409,kexp,1,1,1.5,0.01,-32.184419606436215,-32.70747410636093
1410,kexp,1,1,1.5,0,-32.181896425415864,-32.70500938517484
1411,kexp,1,1.5,0.5,0.5,-29.14970142338206,-29.608348836992157
1412,kexp,1,1.5,0.5,0.1,-22.441154402278215,-23.17284392453354
1413,kexp,1,1.5,0.5,0.05,-22.110952384285863,-22.854124083095897
1414,kexp,1,1.5,0.5,0.01,-22.001614005836284,-22.748507386108628
1415,kexp,1,1.5,0.5,0,-21.997016902058316,-22.744065869687006
1416,kexp,1,1.5,1,0.5,-33.65989323990101,-34.08073919138813
1417,kexp,1,1.5,1,0.1,-28.837450587618697,-29.404252188314313
1418,kexp,1,1.5,1,0.05,-28.632239539737583,-29.204862068005703
1419,kexp,1,1.5,1,0.01,-28.565307310499236,-29.139814324357747
1420,kexp,1,1.5,1,0,-28.56250465196584,-29.137090419852054
1421,kexp,1,1.5,1.5,0.5,-37.43330576857637,-37.84214657438459
1422,kexp,1,1.5,1.5,0.1,-33.73711881962349,-34.248991974373844
1423,kexp,1,1.5,1.5,0.05,-33.59100996929189,-34.106792938358
1424,kexp,1,1.5,1.5,0.01,-33.54363783873217,-34.06068315603899
1425,kexp,1,1.5,1.5,0,-33.54165733534369,-34.058755369982414
1426,kexp,1,2,0.5,0.5,-29.337836239289853,-29.79059595328424
1427,kexp,1,2,0.5,0.1,-23.198913231634975,-23.908648255990364
1428,kexp,1,2,0.5,0.05,-22.91995818375545,-23.639633689706507
1429,kexp,1,2,0.5,0.01,-22.828398341744226,-23.551261478224703
1430,kexp,1,2,0.5,0,-22.824557945387753,-23.547553950866355
1431,kexp,1,2,1,0.5,-34.08420047832364,-34.50939327118603
1432,kexp,1,2,1,0.1,-29.719348025895922,-30.289965172000272
1433,kexp,1,2,1,0.05,-29.543930022860355,-30.120236843169124
1434,kexp,1,2,1,0.01,-29.486990215719295,-30.065135892962058
1435,kexp,1,2,1,0,-29.48460900220852,-30.062831491894173
1436,kexp,1,2,1.5,0.5,-37.98007368634676,-38.399280601799774
1437,kexp,1,2,1.5,0.1,-34.66262596092136,-35.18728333282843
1438,kexp,1,2,1.5,0.05,-34.537430013547365,-35.06605945917755
1439,kexp,1,2,1.5,0.01,-34.49697273924928,-35.02688387367008
1440,kexp,1,2,1.5,0,-34.49528278789098,-35.02524743897903
1441,kexp,1,2.5,0.5,0.5,-29.556357599577268,-30.014402680508137
1442,kexp,1,2.5,0.5,0.1,-23.8624007827934,-24.58185686327169
1443,kexp,1,2.5,0.5,0.05,-23.61841293460007,-24.347766453779315
1444,kexp,1,2.5,0.5,0.01,-23.538783856217442,-24.271301383112323
1445,kexp,1,2.5,0.5,0,-23.535448963702176,-24.268098262986424
1446,kexp,1,2.5,1,0.5,-34.4347130205442,-34.87073481400339
1447,kexp,1,2.5,1,0.1,-30.387684208547633,-30.97444774430205
1448,kexp,1,2.5,1,0.05,-30.230967365417154,-30.82361032957515
1449,kexp,1,2.5,1,0.01,-30.18024020003427,-30.774782710829268
1450,kexp,1,2.5,1,0,-30.178120352513556,-30.772742203768047
1451,kexp,1,2.5,1.5,0.5,-38.39890646077651,-38.831796262307144
1452,kexp,1,2.5,1.5,0.1,-35.33318326835094,-35.876253267470446
1453,kexp,1,2.5,1.5,0.05,-35.22077228694899,-35.767990641379455
1454,kexp,1,2.5,1.5,0.01,-35.18451470396007,-35.733071519902985
1455,kexp,1,2.5,1.5,0,-35.183000915526264,-35.73161361743757
1456,kexp,1,3,0.5,0.5,-29.762676965489813,-30.23134875312558
1457,kexp,1,3,0.5,0.1,-24.404076276034083,-25.146905072948538
1458,kexp,1,3,0.5,0.05,-24.184272144793205,-24.937554607770366
1459,kexp,1,3,0.5,0.01,-24.112816613658474,-24.86944169866872
1460,kexp,1,3,0.5,0,-24.10982714738826,-24.866591451130898
1461,kexp,1,3,1,0.5,-34.71785116074546,-35.16727400733452
1462,kexp,1,3,1,0.1,-30.89700914696563,-31.50457727989945
1463,kexp,1,3,1,0.05,-30.752758801496384,-31.366508267612662
1464,kexp,1,3,1,0.01,-30.706150046662998,-31.321896674920506
1465,kexp,1,3,1,0,-30.70420320735086,-31.32003325390606
1466,kexp,1,3,1.5,0.5,-38.722697450010436,-39.17017762082256
1467,kexp,1,3,1.5,0.1,-35.83188159105398,-36.394913513675704
1468,kexp,1,3,1.5,0.05,-35.727887249745514,-36.295275072283786
1469,kexp,1,3,1.5,0.01,-35.69438370926488,-36.26317698663458
1470,kexp,1,3,1.5,0,-35.69298532741398,-36.26183728824009
1471,kexp,1,3.5,0.5,0.5,-29.948447598840627,-30.430177315048162
1472,kexp,1,3.5,0.5,0.1,-24.846989028238998,-25.619239574079113
1473,kexp,1,3.5,0.5,0.05,-24.64454931892161,-25.42807239078465
1474,kexp,1,3.5,0.5,0.01,-24.578924701803533,-25.36605724813967
1475,kexp,1,3.5,0.5,0,-24.57618123401206,-25.363464168015586
1476,kexp,1,3.5,1,0.5,-34.948304237615616,-35.4119948172665
1477,kexp,1,3.5,1,0.1,-31.293662174151926,-31.923647723720357
1478,kexp,1,3.5,1,0.05,-31.158145447092622,-31.794654666918575
1479,kexp,1,3.5,1,0.01,-31.114411203869274,-31.753028479701428
1480,kexp,1,3.5,1,0,-31.112585001389178,-31.751290330279865
1481,kexp,1,3.5,1.5,0.5,-38.97767226441464,-39.4397141316004
1482,kexp,1,3.5,1.5,0.1,-36.213105276332534,-36.79617940843031
1483,kexp,1,3.5,1.5,0.05,-36.11495703880244,-36.702600547989746
1484,kexp,1,3.5,1.5,0.01,-36.08336150500315,-36.6724794032516
1485,kexp,1,3.5,1.5,0,-36.08204302392379,-36.67122248444358
1486,kexp,1,4,0.5,0.5,-30.114153644267322,-30.609842343204868
1487,kexp,1,4,0.5,0.1,-25.21599506045018,-26.01999756025348
1488,kexp,1,4,0.5,0.05,-25.026563287113603,-25.842767544922783
1489,kexp,1,4,0.5,0.01,-24.965285419730534,-25.78540310681028
1490,kexp,1,4,0.5,0,-24.962725099288313,-25.783005908405897
1491,kexp,1,4,1,0.5,-35.138875739259824,-35.61688057173682
1492,kexp,1,4,1,0.1,-31.610333681651653,-32.262946595150886
1493,kexp,1,4,1,0.05,-31.48119945167082,-32.14068890665156
1494,kexp,1,4,1,0.01,-31.439560193795405,-32.101272074687685
1495,kexp,1,4,1,0,-31.43782185122537,-32.09962656590759
1496,kexp,1,4,1.5,0.5,-39.18261655443877,-39.658792649734814
1497,kexp,1,4,1.5,0.1,-36.51223385009256,-37.11482698270773
1498,kexp,1,4,1.5,0.05,-36.41832078754127,-37.02569347752991
1499,kexp,1,4,1.5,0.01,-36.388104934341165,-36.99701988735583
1500,kexp,1,4,1.5,0,-36.38684420194661,-36.9958235518171
1501,kexp,1,6,0.5,0.5,-30.617662498105943,-31.166353332360046
1502,kexp,1,6,0.5,0.1,-26.243045582122758,-27.168811085764936
1503,kexp,1,6,0.5,0.05,-26.08437914666925,-27.02605098519903
1504,kexp,1,6,0.5,0.01,-26.03330853809207,-26.980108577098893
1505,kexp,1,6,0.5,0,-26.031177487804165,-26.978191575732247
1506,kexp,1,6,1,0.5,-35.65476358371678,-36.184726697384136
1507,kexp,1,6,1,0.1,-32.42152327185489,-33.15686981491989
1508,kexp,1,6,1,0.05,-32.30647565766704,-33.050015575524185
1509,kexp,1,6,1,0.01,-32.26944205132801,-33.01563139431819
1510,kexp,1,6,1,0,-32.267896665754996,-33.01419669355444
1511,kexp,1,6,1.5,0.5,-39.709122440895435,-40.23533552338041
1512,kexp,1,6,1.5,0.1,-37.2506544773564,-37.92265206016018
1513,kexp,1,6,1.5,0.05,-37.165852358377514,-37.84338638706862
1514,kexp,1,6,1.5,0.01,-37.13859673619553,-37.81791747161949
1515,kexp,1,6,1.5,0,-37.137459825147396,-37.81685516623731
1516,kexp,1,8,0.5,0.5,-30.940256567051968,-31.53111993836506
1517,kexp,1,8,0.5,0.1,-26.86031207055508,-27.882666131474718
1518,kexp,1,8,0.5,0.05,-26.71766091922274,-27.758876886646767
1519,kexp,1,8,0.5,0.01,-26.671869629588247,-27.719183757610782
1520,kexp,1,8,0.5,0,-26.669960228515464,-27.717529078376668
1521,kexp,1,8,1,0.5,-35.95150942718336,-36.522678566994806
1522,kexp,1,8,1,0.1,-32.86257927613092,-33.66359805684664
1523,kexp,1,8,1,0.05,-32.75397608760772,-33.56423687034672
1524,kexp,1,8,1,0.01,-32.719040818645915,-33.53229113775383
1525,kexp,1,8,1,0,-32.717583251035286,-33.530958474503294
1526,kexp,1,8,1.5,0.5,-39.99384750333126,-40.559763382939174
1527,kexp,1,8,1.5,0.1,-37.632031405999705,-38.3591398176856
1528,kexp,1,8,1.5,0.05,-37.55117510063439,-38.28442192160561
1529,kexp,1,8,1.5,0.01,-37.525197837344905,-38.26042579282197
1530,kexp,1,8,1.5,0,-37.52411435861724,-38.25942503995418
1531,kexp,1,10,0.5,0.5,-31.148186853714613,-31.771957708763164
1532,kexp,1,10,0.5,0.1,-27.247141245502604,-28.343599919404518
1533,kexp,1,10,0.5,0.05,-27.11395030124388,-28.231480397235973
1534,kexp,1,10,0.5,0.01,-27.071271050387455,-28.195623940021235
1535,kexp,1,10,0.5,0,-27.06949223612807,-28.194130228286603
1536,kexp,1,10,1,0.5,-36.13363485387556,-36.7371026542802
1537,kexp,1,10,1,0.1,-33.12502393148797,-33.97711390215778
1538,kexp,1,10,1,0.05,-33.01989217230857,-33.882023750025176
1539,kexp,1,10,1,0.01,-32.98608506495796,-33.851465469437876
1540,kexp,1,10,1,0,-32.98467468920047,-33.85019083805895
1541,kexp,1,10,1.5,0.5,-40.16292682689724,-40.76012905450981
1542,kexp,1,10,1.5,0.1,-37.852261877553104,-38.62258155647817
1543,kexp,1,10,1.5,0.05,-37.77343554501498,-38.550357739190204
1544,kexp,1,10,1.5,0.01,-37.74811498089825,-38.527168196317255
1545,kexp,1,10,1.5,0,-37.74705894029988,-38.526201141391645
1546,kexp,1,25,0.5,0.5,-31.59004667250377,-32.32609772464184
1547,kexp,1,25,0.5,0.1,-28.005278833533648,-29.353012739041205
1548,kexp,1,25,0.5,0.05,-27.88797855586479,-29.26413304076031
1549,kexp,1,25,0.5,0.01,-27.85051350937267,-29.23589963584734
1550,kexp,1,25,0.5,0,-27.848953352837718,-29.234725560621527
1551,kexp,1,25,1,0.5,-36.4886084151787,-37.19633239774929
1552,kexp,1,25,1,0.1,-33.60670613037681,-34.621848622944285
1553,kexp,1,25,1,0.05,-33.506806504222126,-34.534465092207036
1554,kexp,1,25,1,0.01,-33.474695924560685,-34.50640538822727
1555,kexp,1,25,1,0,-33.47335647510152,-34.505235210269106
1556,kexp,1,25,1.5,0.5,-40.47558154027194,-41.16998092754439
1557,kexp,1,25,1.5,0.1,-38.24017726687083,-39.14342724998546
1558,kexp,1,25,1.5,0.05,-38.16422429787703,-39.075454997278676
1559,kexp,1,25,1.5,0.01,-38.13983157424937,-39.05363825137701
1560,kexp,1,25,1.5,0,-38.13881428259789,-39.0527285268933
1561,kexp,1.25,0.2,0.5,0.5,-31.653894949391063,-32.16529736846145
1562,kexp,1.25,0.2,0.5,0.1,-39.73835549499586,-41.55100030330924
1563,kexp,1.25,0.2,0.5,0.05,-42.24091326310493,-44.249042386266666
1564,kexp,1.25,0.2,0.5,0.01,-43.437841618772374,-45.53004392717828
1565,kexp,1.25,0.2,0.5,0,-43.49529238153742,-45.59141478621733
1566,kexp,1.25,0.2,1,0.5,-33.27823471548999,-33.75238137548192
1567,kexp,1.25,0.2,1,0.1,-31.401344089544256,-32.46418125188442
1568,kexp,1.25,0.2,1,0.05,-31.5730759028926,-32.69471103273763
1569,kexp,1.25,0.2,1,0.01,-31.658649102672438,-32.80286934090586
1570,kexp,1.25,0.2,1,0,-31.662707233366206,-32.807926479466644
1571,kexp,1.25,0.2,1.5,0.5,-34.949280553331654,-35.38653388213032
1572,kexp,1.25,0.2,1.5,0.1,-30.78001799648991,-31.56888940234765
1573,kexp,1.25,0.2,1.5,0.05,-30.57867427922283,-31.396062115137564
1574,kexp,1.25,0.2,1.5,0.01,-30.511966109434653,-31.339765959840417
1575,kexp,1.25,0.2,1.5,0,-30.509168950609787,-31.33742047717943
1576,kexp,1.25,0.5,0.5,0.5,-29.799026880020683,-30.47987765690402
1577,kexp,1.25,0.5,0.5,0.1,-24.19505526888729,-25.792196796335684
1578,kexp,1.25,0.5,0.5,0.05,-23.94211955428314,-25.61747178058637
1579,kexp,1.25,0.5,0.5,0.01,-23.86226821246586,-25.566377158130305
1580,kexp,1.25,0.5,0.5,0,-23.858981057926705,-25.56434182206964
1581,kexp,1.25,0.5,1,0.5,-32.40855534772985,-33.0281703048238
1582,kexp,1.25,0.5,1,0.1,-26.07290425280514,-27.08931429400318
1583,kexp,1.25,0.5,1,0.05,-25.70596686246598,-26.746443772035896
1584,kexp,1.25,0.5,1,0.01,-25.58092317796401,-26.62967581780441
1585,kexp,1.25,0.5,1,0,-25.57562246154183,-26.62472710124402
1586,kexp,1.25,0.5,1.5,0.5,-35.02090712743705,-35.59594835293702
1587,kexp,1.25,0.5,1.5,0.1,-29.352523464554743,-30.16630548121753
1588,kexp,1.25,0.5,1.5,0.05,-29.045842121599353,-29.87190482926654
1589,kexp,1.25,0.5,1.5,0.01,-28.942840800758244,-29.77301968647683
1590,kexp,1.25,0.5,1.5,0,-28.93849302947486,-29.76884562769558
1591,kexp,1.25,1,0.5,0.5,-28.803000432317244,-29.44730637409838
1592,kexp,1.25,1,0.5,0.1,-21.05064083253509,-22.16442233972784
1593,kexp,1.25,1,0.5,0.05,-20.60583514746589,-21.744152894150194
1594,kexp,1.25,1,0.5,0.01,-20.455171984225444,-21.601755016117355
1595,kexp,1.25,1,0.5,0,-20.448796367980915,-21.59572892032104
1596,kexp,1.25,1,1,0.5,-32.449205083498704,-33.04260421655321
1597,kexp,1.25,1,1,0.1,-26.386811971865328,-27.215571500031192
1598,kexp,1.25,1,1,0.05,-26.08735364751684,-26.926474686632876
1599,kexp,1.25,1,1,0.01,-25.98809538003097,-26.830612117253764
1600,kexp,1.25,1,1,0,-25.983920938006342,-26.8265800657146
1601,kexp,1.25,1,1.5,0.5,-35.74933207378801,-36.32186985613813
1602,kexp,1.25,1,1.5,0.1,-30.912461116546204,-31.645054387402183
1603,kexp,1.25,1,1.5,0.05,-30.694214115656624,-31.43326376735432
1604,kexp,1.25,1,1.5,0.01,-30.622621608987412,-31.363768533122172
1605,kexp,1.25,1,1.5,0,-30.619619228088023,-31.360853880918853
1606,kexp,1.25,1.5,0.5,0.5,-28.613954357434263,-29.211037870249122
1607,kexp,1.25,1.5,0.5,0.1,-21.284280363025168,-22.2062985262276
1608,kexp,1.25,1.5,0.5,0.05,-20.907444932979494,-21.84145333852671
1609,kexp,1.25,1.5,0.5,0.01,-20.781914531911927,-21.71976502158692
1610,kexp,1.25,1.5,0.5,0,-20.776627717170804,-21.71463835470642
1611,kexp,1.25,1.5,1,0.5,-32.81750951693092,-33.388719176625095
1612,kexp,1.25,1.5,1,0.1,-27.43160812105467,-28.197754495695264
1613,kexp,1.25,1.5,1,0.05,-27.191792314072607,-27.96562560783106
1614,kexp,1.25,1.5,1,0.01,-27.113233882420193,-27.889554934663185
1615,kexp,1.25,1.5,1,0,-27.10994058533921,-27.88636559533976
1616,kexp,1.25,1.5,1.5,0.5,-36.421353834056944,-36.99127227120481
1617,kexp,1.25,1.5,1.5,0.1,-32.241914904165924,-32.957085510053055
1618,kexp,1.25,1.5,1.5,0.05,-32.06996698535799,-32.79066895370022
1619,kexp,1.25,1.5,1.5,0.01,-32.01404166237181,-32.736530180436255
1620,kexp,1.25,1.5,1.5,0,-32.01170164147004,-32.73426477562568
1621,kexp,1.25,2,0.5,0.5,-28.70948337165913,-29.288894500982494
1622,kexp,1.25,2,0.5,0.1,-21.966628562870202,-22.829750171754274
1623,kexp,1.25,2,0.5,0.05,-21.649078672083114,-22.520504807925107
1624,kexp,1.25,2,0.5,0.01,-21.544412621797015,-22.418402762987405
1625,kexp,1.25,2,0.5,0,-21.540017406656432,-22.414113303109417
1626,kexp,1.25,2,1,0.5,-33.21910413982141,-33.790504614983945
1627,kexp,1.25,2,1,0.1,-28.344426428122738,-29.104368859389524
1628,kexp,1.25,2,1,0.05,-28.140944462797336,-28.908052596848556
1629,kexp,1.25,2,1,0.01,-28.07468762002769,-28.84410678594135
1630,kexp,1.25,2,1,0,-28.071914472589434,-28.841430121946928
1631,kexp,1.25,2,1.5,0.5,-36.979304222150596,-37.560355416787054
1632,kexp,1.25,2,1.5,0.1,-33.235160367628076,-33.96247443277341
1633,kexp,1.25,2,1.5,0.05,-33.08914110822267,-33.8219499089844
1634,kexp,1.25,2,1.5,0.01,-33.04184697006372,-33.776428519050604
1635,kexp,1.25,2,1.5,0,-33.0398702613088,-33.77452582830133
1636,kexp,1.25,2.5,0.5,0.5,-28.889149461639903,-29.46870831174854
1637,kexp,1.25,2.5,0.5,0.1,-22.634749138629406,-23.493541727136844
1638,kexp,1.25,2.5,0.5,0.05,-22.35919767019401,-23.225436321208587
1639,kexp,1.25,2.5,0.5,0.01,-22.269018094075935,-23.137516534973585
1640,kexp,1.25,2.5,0.5,0,-22.265238492197163,-23.13382968234168
1641,kexp,1.25,2.5,1,0.5,-33.57755266821682,-34.16009223976409
1642,kexp,1.25,2.5,1,0.1,-29.070664440800336,-29.846245959721077
1643,kexp,1.25,2.5,1,0.05,-28.890473262364793,-29.673327748307205
1644,kexp,1.25,2.5,1,0.01,-28.832008545645106,-29.61720684125877
1645,kexp,1.25,2.5,1,0,-28.82956382613924,-29.61485995375814
1646,kexp,1.25,2.5,1.5,0.5,-37.42818400067671,-38.026302796268375
1647,kexp,1.25,2.5,1.5,0.1,-33.98195267903994,-34.73187870173547
1648,kexp,1.25,2.5,1.5,0.05,-33.852054124861496,-34.607672401144306
1649,kexp,1.25,2.5,1.5,0.01,-33.81008220310774,-34.56753664725798
1650,kexp,1.25,2.5,1.5,0,-33.80832903752838,-34.565860144305645
1651,kexp,1.25,3,0.5,0.5,-29.080145688960105,-29.668939710088324
1652,kexp,1.25,3,0.5,0.1,-23.202298371198115,-24.08071612460622
1653,kexp,1.25,3,0.5,0.05,-22.956176890718734,-23.842314102927446
1654,kexp,1.25,3,0.5,0.01,-22.87603503412074,-23.764513067742474
1655,kexp,1.25,3,0.5,0,-22.872680683332717,-23.761254770101324
1656,kexp,1.25,3,1,0.5,-33.878754976880785,-34.47714659390341
1657,kexp,1.25,3,1,0.1,-29.63897964929075,-30.438941186921188
1658,kexp,1.25,3,1,0.05,-29.474501340901757,-30.28207093403219
1659,kexp,1.25,3,1,0.01,-29.42125727013456,-30.23127879196444
1660,kexp,1.25,3,1,0,-29.419032191884686,-30.229156059971707
1661,kexp,1.25,3,1.5,0.5,-37.78605888072644,-38.4032719820411
1662,kexp,1.25,3,1.5,0.1,-34.551015864063345,-35.327023231423595
1663,kexp,1.25,3,1.5,0.05,-34.43185531758434,-35.21382533195869
1664,kexp,1.25,3,1.5,0.01,-34.39341130300888,-35.17730478967939
1665,kexp,1.25,3,1.5,0,-34.39180612814383,-35.17577992333723
1666,kexp,1.25,3.5,0.5,0.5,-29.260013090438342,-29.86261245589793
1667,kexp,1.25,3.5,0.5,0.1,-23.671040901899985,-24.580278833915195
1668,kexp,1.25,3.5,0.5,0.05,-23.445983965240504,-24.363716365206386
1669,kexp,1.25,3.5,0.5,0.01,-23.372973428211168,-24.29329710167077
1670,kexp,1.25,3.5,0.5,0,-23.369920593583796,-24.290350780419885
1671,kexp,1.25,3.5,1,0.5,-34.128497496040524,-34.7446608936322
1672,kexp,1.25,3.5,1,0.1,-30.086789996710934,-30.914634137938677
1673,kexp,1.25,3.5,1,0.05,-29.933365188700524,-30.769240812378605
1674,kexp,1.25,3.5,1,0.01,-29.883777102375657,-30.72224182992774
1675,kexp,1.25,3.5,1,0,-29.88170565486884,-30.720278462017088
1676,kexp,1.25,3.5,1.5,0.5,-38.07283688727191,-38.70956692310502
1677,kexp,1.25,3.5,1.5,0.1,-34.992097117338005,-35.795028071759496
1678,kexp,1.25,3.5,1.5,0.05,-34.88044468767776,-35.689629796049374
1679,kexp,1.25,3.5,1.5,0.01,-34.844459555692524,-35.655662326897804
1680,kexp,1.25,3.5,1.5,0,-34.842957442039015,-35.65424445595823
1681,kexp,1.25,4,0.5,0.5,-29.423702786062638,-30.04232991082587
1682,kexp,1.25,4,0.5,0.1,-24.060301098483,-25.00565896716491
1683,kexp,1.25,4,0.5,0.05,-23.85079047189357,-24.805649689865888
1684,kexp,1.25,4,0.5,0.01,-23.78301429121152,-24.740793089020556
1685,kexp,1.25,4,0.5,0,-23.780182444981477,-24.738081499555705
1686,kexp,1.25,4,1,0.5,-34.336547949208565,-34.971091766348906
1687,kexp,1.25,4,1,0.1,-30.44520480632411,-31.302113253945016
1688,kexp,1.25,4,1,0.05,-30.299836483433676,-31.16523183784641
1689,kexp,1.25,4,1,0.01,-30.252904517040353,-31.121036628966355
1690,kexp,1.25,4,1,0,-30.250944590168142,-31.119190954153726
1691,kexp,1.25,4,1.5,0.5,-38.30534949115535,-38.9613303814529
1692,kexp,1.25,4,1.5,0.1,-35.340358377093686,-36.16997229148129
1693,kexp,1.25,4,1.5,0.05,-35.234154416032666,-36.07031588418037
1694,kexp,1.25,4,1.5,0.01,-35.19994960898131,-36.0382235404154
1695,kexp,1.25,4,1.5,0,-35.1985220719722,-36.03688420576181
1696,kexp,1.25,6,0.5,0.5,-29.935584284779523,-30.621357288018288
1697,kexp,1.25,6,0.5,0.1,-25.13125785286114,-26.229769096962183
1698,kexp,1.25,6,0.5,0.05,-24.956692568108814,-26.069250856062258
1699,kexp,1.25,6,0.5,0.01,-24.900584333220248,-26.017549846832942
1700,kexp,1.25,6,0.5,0,-24.898244012948698,-26.01539211634217
1701,kexp,1.25,6,1,0.5,-34.90237055450515,-35.606860923040344
1702,kexp,1.25,6,1,0.1,-31.3574822218108,-32.32605398719737
1703,kexp,1.25,6,1,0.05,-31.22950472640452,-32.20835543620028
1704,kexp,1.25,6,1,0.01,-31.188279939727494,-32.1704484754303
1705,kexp,1.25,6,1,0,-31.186559350216058,-32.168866429494216
1706,kexp,1.25,6,1.5,0.5,-38.90548713237799,-39.631417476232166
1707,kexp,1.25,6,1.5,0.1,-36.199622697361434,-37.126781633468006
1708,kexp,1.25,6,1.5,0.05,-36.10501738247925,-37.03981095944658
1709,kexp,1.25,6,1.5,0.01,-36.07459063378749,-37.01184783618166
1710,kexp,1.25,6,1.5,0,-36.07332122938032,-37.010681300620256
1711,kexp,1.25,8,0.5,0.5,-30.284132255045687,-31.027475454177157
1712,kexp,1.25,8,0.5,0.1,-25.788104663372412,-27.01989085989414
1713,kexp,1.25,8,0.5,0.05,-25.6307053004603,-26.88063355388105
1714,kexp,1.25,8,0.5,0.01,-25.580275286180495,-26.835952853368372
1715,kexp,1.25,8,0.5,0,-25.57817358454267,-26.834089996998507
1716,kexp,1.25,8,1,0.5,-35.235014578399976,-35.99750023025178
1717,kexp,1.25,8,1,0.1,-31.8551625488736,-32.917077825863394
1718,kexp,1.25,8,1,0.05,-31.734817787472743,-32.80853370782593
1719,kexp,1.25,8,1,0.01,-31.696084723982825,-32.77361193983836
1720,kexp,1.25,8,1,0,-31.69446848645189,-32.7721548760901
1721,kexp,1.25,8,1.5,0.5,-39.233565349593604,-40.01641174011927
1722,kexp,1.25,8,1.5,0.1,-36.64366086630928,-37.65053863838383
1723,kexp,1.25,8,1.5,0.05,-36.55393600573516,-37.569344397286
1724,kexp,1.25,8,1.5,0.01,-36.5250933805134,-37.54325480652345
1725,kexp,1.25,8,1.5,0,-36.5238902204967,-37.54216660252921
1726,kexp,1.25,10,0.5,0.5,-30.52462816961611,-31.31370432813307
1727,kexp,1.25,10,0.5,0.1,-26.224359537622878,-27.562070074972453
1728,kexp,1.25,10,0.5,0.05,-26.07730194169904,-27.436423727414457
1729,kexp,1.25,10,0.5,0.01,-26.030278741401922,-27.396221698510267
1730,kexp,1.25,10,0.5,0,-26.028320052320844,-27.394546788129603
1731,kexp,1.25,10,1,0.5,-35.44837823172233,-36.257062842955044
1732,kexp,1.25,10,1,0.1,-32.161608158470365,-33.297795811358
1733,kexp,1.25,10,1,0.05,-32.04536545118535,-33.194560365347556
1734,kexp,1.25,10,1,0.01,-32.007967675957495,-33.16136520047874
1735,kexp,1.25,10,1,0,-32.00640731840365,-33.15998037651033
1736,kexp,1.25,10,1.5,0.5,-39.434516448711804,-40.26276961611774
1737,kexp,1.25,10,1.5,0.1,-36.90619344287271,-37.97653728437126
1738,kexp,1.25,10,1.5,0.05,-36.81896362435424,-37.89854594075385
1739,kexp,1.25,10,1.5,0.01,-36.79092921999692,-37.87349321356031
1740,kexp,1.25,10,1.5,0,-36.789759840506264,-37.87244833937907
1741,kexp,1.25,25,0.5,0.5,-31.07977812731696,-32.0255609502705
1742,kexp,1.25,25,0.5,0.1,-27.16624862142031,-28.85524605072137
1743,kexp,1.25,25,0.5,0.05,-27.03865907123649,-28.759415001885365
1744,kexp,1.25,25,0.5,0.01,-26.998031393821456,-28.72899867098193
1745,kexp,1.25,25,0.5,0,-26.996340989136723,-28.727734142599694
1746,kexp,1.25,25,1,0.5,-35.900580633408495,-36.862011970097456
1747,kexp,1.25,25,1,0.1,-32.77249093723914,-34.148413186471515
1748,kexp,1.25,25,1,0.05,-32.66287270727338,-34.055478497017894
1749,kexp,1.25,25,1,0.01,-32.62762516026411,-34.02562512276289
1750,kexp,1.25,25,1,0,-32.62615472124876,-34.02438002637794
1751,kexp,1.25,25,1.5,0.5,-39.837173895756074,-40.812473115324096
1752,kexp,1.25,25,1.5,0.1,-37.40488746058323,-38.67688887091319
1753,kexp,1.25,25,1.5,0.05,-37.32136995779706,-38.60472253114368
1754,kexp,1.25,25,1.5,0.01,-37.294535328153756,-38.5815516930335
1755,kexp,1.25,25,1.5,0,-37.293416065360915,-38.580585421045555
1756,kexp,1.5,0.2,0.5,0.5,-31.737174165166493,-32.33061681284759
1757,kexp,1.5,0.2,0.5,0.1,-44.06961382255721,-46.363449767684344
1758,kexp,1.5,0.2,0.5,0.05,-47.833009916083746,-50.41231566887737
1759,kexp,1.5,0.2,0.5,0.01,-49.70405425290464,-52.410859594619325
1760,kexp,1.5,0.2,0.5,0,-49.79568588095693,-52.50855842136345
1761,kexp,1.5,0.2,1,0.5,-33.09175689069061,-33.65192931154066
1762,kexp,1.5,0.2,1,0.1,-32.90171943430191,-34.253405000418326
1763,kexp,1.5,0.2,1,0.05,-33.39808907204205,-34.836991227616174
1764,kexp,1.5,0.2,1,0.01,-33.625541691177034,-35.098910892067195
1765,kexp,1.5,0.2,1,0,-33.63615315403274,-35.111065139684385
1766,kexp,1.5,0.2,1.5,0.5,-34.541289676067784,-35.06434405194952
1767,kexp,1.5,0.2,1.5,0.1,-31.149602521423144,-32.152677389130226
1768,kexp,1.5,0.2,1.5,0.05,-31.062576557925382,-32.10823338839863
1769,kexp,1.5,0.2,1.5,0.01,-31.04108385317629,-32.10264652420899
1770,kexp,1.5,0.2,1.5,0,-31.040299011644304,-32.10255747903764
1771,kexp,1.5,0.5,0.5,0.5,-29.79732038292125,-30.615853624135255
1772,kexp,1.5,0.5,0.5,0.1,-24.895524148035047,-26.941548721801905
1773,kexp,1.5,0.5,0.5,0.05,-24.76472840326666,-26.925707263515072
1774,kexp,1.5,0.5,0.5,0.01,-24.737043197494735,-26.941460611718316
1775,kexp,1.5,0.5,0.5,0,-24.7361379542231,-26.942466283480325
1776,kexp,1.5,0.5,1,0.5,-31.98241337860123,-32.74678996192729
1777,kexp,1.5,0.5,1,0.1,-25.50443509836302,-26.811489934246286
1778,kexp,1.5,0.5,1,0.05,-25.122595876280542,-26.465161142034198
1779,kexp,1.5,0.5,1,0.01,-24.99178653482233,-26.346764420391544
1780,kexp,1.5,0.5,1,0,-24.986232603255957,-26.341741247175715
1781,kexp,1.5,0.5,1.5,0.5,-34.324193123832,-35.04240607531463
1782,kexp,1.5,0.5,1.5,0.1,-28.31760255800485,-29.365058187021443
1783,kexp,1.5,0.5,1.5,0.05,-27.97947798265671,-29.04499745564413
1784,kexp,1.5,0.5,1.5,0.01,-27.865092625995178,-28.93673541151048
1785,kexp,1.5,0.5,1.5,0,-27.86025425298848,-28.932156335127182
1786,kexp,1.5,1,0.5,0.5,-28.580193683589066,-29.37201920517173
1787,kexp,1.5,1,0.5,0.1,-20.498781176665197,-21.890072760445406
1788,kexp,1.5,1,0.5,0.05,-20.021756241241278,-21.44522471333564
1789,kexp,1.5,1,0.5,0.01,-19.859398095447823,-21.293866108116116
1790,kexp,1.5,1,0.5,0,-19.85251773162927,-21.287453199450752
1791,kexp,1.5,1,1,0.5,-31.81999929174827,-32.56675265783857
1792,kexp,1.5,1,1,0.1,-25.250653344689994,-26.306225591770062
1793,kexp,1.5,1,1,0.05,-24.911757876347735,-25.981314171619612
1794,kexp,1.5,1,1,0.01,-24.79876385220488,-25.872929107345286
1795,kexp,1.5,1,1,0,-24.794003892364877,-25.868362734393227
1796,kexp,1.5,1,1.5,0.5,-34.893586484571216,-35.62274291633549
1797,kexp,1.5,1,1.5,0.1,-29.568415749716063,-30.510787051545343
1798,kexp,1.5,1,1.5,0.05,-29.317856082320024,-30.269033243138466
1799,kexp,1.5,1,1.5,0.01,-29.235289577798437,-30.18933608340208
1800,kexp,1.5,1,1.5,0,-29.2318227126818,-30.185989346112258
1801,kexp,1.5,1.5,0.5,0.5,-28.218675327413283,-28.945507324765984
1802,kexp,1.5,1.5,0.5,0.1,-20.421118434407077,-21.522991590567546
1803,kexp,1.5,1.5,0.5,0.05,-20.008338571171873,-21.121898240339263
1804,kexp,1.5,1.5,0.5,0.01,-19.87017967718718,-20.98741173855923
1805,kexp,1.5,1.5,0.5,0,-19.86435301222855,-20.98173736011208
1806,kexp,1.5,1.5,1,0.5,-32.09386133146405,-32.807887272810824
1807,kexp,1.5,1.5,1,0.1,-26.206437315327477,-27.163723398361913
1808,kexp,1.5,1.5,1,0.05,-25.93410373739248,-26.900851825643947
1809,kexp,1.5,1.5,1,0.01,-25.844527290796012,-26.814335997509456
1810,kexp,1.5,1.5,1,0,-25.840767932174685,-26.810704519802933
1811,kexp,1.5,1.5,1.5,0.5,-35.516488434348894,-36.23995629763561
1812,kexp,1.5,1.5,1.5,0.1,-30.88782393868006,-31.79902851462849
1813,kexp,1.5,1.5,1.5,0.05,-30.690599263795626,-31.608973373503996
1814,kexp,1.5,1.5,1.5,0.01,-30.62625736241619,-31.546947939009033
1815,kexp,1.5,1.5,1.5,0,-30.623563005563895,-31.544350339773946
1816,kexp,1.5,2,0.5,0.5,-28.217387913673683,-28.912957169127058
1817,kexp,1.5,2,0.5,0.1,-21.010454683489808,-22.007864202314625
1818,kexp,1.5,2,0.5,0.05,-20.66373268679865,-21.666248650366004
1819,kexp,1.5,2,0.5,0.01,-20.54909277512992,-21.552983646507624
1820,kexp,1.5,2,0.5,0,-20.544274439111454,-21.54821962369411
1821,kexp,1.5,2,1,0.5,-32.459626470610495,-33.16798990388144
1822,kexp,1.5,2,1,0.1,-27.125080870301247,-28.062026582941474
1823,kexp,1.5,2,1,0.05,-26.895127602928937,-27.840439195918343
1824,kexp,1.5,2,1,0.01,-26.82002856013881,-27.768029333403934
1825,kexp,1.5,2,1,0,-26.81688283488786,-27.764995780879502
1826,kexp,1.5,2,1.5,0.5,-36.06833579690773,-36.80239748638022
1827,kexp,1.5,2,1.5,0.1,-31.92127796437639,-32.84148438440642
1828,kexp,1.5,2,1.5,0.05,-31.754732222474026,-32.68189674122345
1829,kexp,1.5,2,1.5,0.01,-31.700669969442846,-32.63007848448398
1830,kexp,1.5,2,1.5,0,-31.698409066887645,-32.62791126668266
1831,kexp,1.5,2.5,0.5,0.5,-28.350209433923773,-29.03871405491769
1832,kexp,1.5,2.5,0.5,0.1,-21.66371934102056,-22.63684637927959
1833,kexp,1.5,2.5,0.5,0.05,-21.365343172070233,-22.341520992829093
1834,kexp,1.5,2.5,0.5,0.01,-21.267536916545364,-22.244369670954057
1835,kexp,1.5,2.5,0.5,0,-21.26343579556616,-22.240292170277442
1836,kexp,1.5,2.5,1,0.5,-32.81312039418594,-33.53134820155559
1837,kexp,1.5,2.5,1,0.1,-27.887416448802103,-28.83654819868165
1838,kexp,1.5,2.5,1,0.05,-27.68508654148834,-28.642517722113336
1839,kexp,1.5,2.5,1,0.01,-27.619292152893813,-28.579386773824186
1840,kexp,1.5,2.5,1,0,-27.6165393193898,-28.576744991615595
1841,kexp,1.5,2.5,1.5,0.5,-36.5317808561592,-37.28507694723162
1842,kexp,1.5,2.5,1.5,0.1,-32.721769622840426,-33.66688661109792
1843,kexp,1.5,2.5,1.5,0.05,-32.57454140507729,-33.5267987118586
1844,kexp,1.5,2.5,1.5,0.01,-32.52688860224847,-33.481447940565225
1845,kexp,1.5,2.5,1.5,0,-32.52489726073881,-33.47955269880321
1846,kexp,1.5,3,0.5,0.5,-28.520544216699566,-29.215163446763185
1847,kexp,1.5,3,0.5,0.1,-22.244372535235147,-23.229419117536874
1848,kexp,1.5,3,0.5,0.05,-21.980295320640646,-22.96817832773962
1849,kexp,1.5,3,0.5,0.01,-21.89428212670008,-22.882732649648695
1850,kexp,1.5,3,0.5,0,-21.890681715627625,-22.879152011967754
1851,kexp,1.5,3,1,0.5,-33.123288708796544,-33.858646467904414
1852,kexp,1.5,3,1,0.1,-28.499531384336404,-29.474659295853854
1853,kexp,1.5,3,1,0.05,-28.31601943889719,-29.299768814321407
1854,kexp,1.5,3,1,0.01,-28.256512118113626,-29.24302830379315
1855,kexp,1.5,3,1,0,-28.25402418026601,-29.24065572767366
1856,kexp,1.5,3,1.5,0.5,-36.912481411841796,-37.68850305378708
1857,kexp,1.5,3,1.5,0.1,-33.34522245589095,-34.321280459226564
1858,kexp,1.5,3,1.5,0.05,-33.21097686450209,-34.194491104983975
1859,kexp,1.5,3,1.5,0.01,-33.1676066080429,-34.15352487981345
1860,kexp,1.5,3,1.5,0,-33.165795101886665,-34.15181373298396
1861,kexp,1.5,3.5,0.5,0.5,-28.69203147382434,-29.399688399848696
1862,kexp,1.5,3.5,0.5,0.1,-22.733115401198674,-23.747317367018887
1863,kexp,1.5,3.5,0.5,0.05,-22.493656083381342,-23.511305271069926
1864,kexp,1.5,3.5,0.5,0.01,-22.416037262317904,-23.434447312396482
1865,kexp,1.5,3.5,0.5,0,-22.412792455384455,-23.431230312656353
1866,kexp,1.5,3.5,1,0.5,-33.38688350228746,-34.14259596982948
1867,kexp,1.5,3.5,1,0.1,-28.989389740764867,-29.9964497476736
1868,kexp,1.5,3.5,1,0.05,-28.81919039562708,-29.835352573970376
1869,kexp,1.5,3.5,1,0.01,-28.76410715865131,-29.783191886043898
1870,kexp,1.5,3.5,1,0,-28.761805360062045,-29.781011958614997
1871,kexp,1.5,3.5,1.5,0.5,-37.22378418488522,-38.02364963165501
1872,kexp,1.5,3.5,1.5,0.1,-33.835962463016656,-34.84498037489032
1873,kexp,1.5,3.5,1.5,0.05,-33.710853262425815,-34.72768968072279
1874,kexp,1.5,3.5,1.5,0.01,-33.67048531832744,-34.68984291082374
1875,kexp,1.5,3.5,1.5,0,-33.66879976169581,-34.68826260734293
1876,kexp,1.5,4,0.5,0.5,-28.852692255768822,-29.577001620815874
1877,kexp,1.5,4,0.5,0.1,-23.141044943902003,-24.19288915361271
1878,kexp,1.5,4,0.5,0.05,-22.919679339869205,-23.975967677793893
1879,kexp,1.5,4,0.5,0.01,-22.848193139795356,-23.90556596910871
1880,kexp,1.5,4,0.5,0,-22.845207704030805,-23.90262187407957
1881,kexp,1.5,4,1,0.5,-33.6094069010856,-34.386753619538574
1882,kexp,1.5,4,1,0.1,-29.38462108837866,-30.425995562785513
1883,kexp,1.5,4,1,0.05,-29.22414568839351,-30.27516638927855
1884,kexp,1.5,4,1,0.01,-29.172281793828677,-30.22640155225033
1885,kexp,1.5,4,1,0,-29.170115312170864,-30.22436432176726
1886,kexp,1.5,4,1.5,0.5,-37.47945939300444,-38.30320220398791
1887,kexp,1.5,4,1.5,0.1,-34.22730664676095,-35.269555277704974
1888,kexp,1.5,4,1.5,0.05,-34.10885483413244,-35.15929627088788
1889,kexp,1.5,4,1.5,0.01,-34.070668706381326,-35.123752352900624
1890,kexp,1.5,4,1.5,0,-34.069074614958815,-35.12226857107157
1891,kexp,1.5,6,0.5,0.5,-29.365862883595575,-30.166231708755543
1892,kexp,1.5,6,0.5,0.1,-24.251221686522808,-25.475755286959213
1893,kexp,1.5,6,0.5,0.05,-24.06937648791909,-25.303384278725996
1894,kexp,1.5,6,0.5,0.01,-24.011166523025178,-25.24790220142241
1895,kexp,1.5,6,0.5,0,-24.00874127102754,-25.245587117798912
1896,kexp,1.5,6,1,0.5,-34.21905015286215,-35.08147668286042
1897,kexp,1.5,6,1,0.1,-30.390618635408877,-31.568285801357224
1898,kexp,1.5,6,1,0.05,-30.250971992817437,-31.44050623349035
1899,kexp,1.5,6,1,0.01,-30.205968098520085,-31.39932177162423
1900,kexp,1.5,6,1,0,-30.204089568493423,-31.397602610512667
1901,kexp,1.5,6,1.5,0.5,-38.14624277769685,-39.05843041076867
1902,kexp,1.5,6,1.5,0.1,-35.19911063162105,-36.365340469730945
1903,kexp,1.5,6,1.5,0.05,-35.09482361128289,-36.27066290552091
1904,kexp,1.5,6,1.5,0.01,-35.06126280719505,-36.2402021473938
1905,kexp,1.5,6,1.5,0,-35.059862434390006,-36.23893120815901
1906,kexp,1.5,8,0.5,0.5,-29.723888237273933,-30.59406889848198
1907,kexp,1.5,8,0.5,0.1,-24.92261539392802,-26.308118288775894
1908,kexp,1.5,8,0.5,0.05,-24.758900666739383,-26.158765172767726
1909,kexp,1.5,8,0.5,0.01,-24.706716687200046,-26.110908094124998
1910,kexp,1.5,8,0.5,0,-24.70454499234985,-26.108913559036193
1911,kexp,1.5,8,1,0.5,-34.57777770080722,-35.51308736884643
1912,kexp,1.5,8,1,0.1,-30.93284227456942,-32.22832524884644
1913,kexp,1.5,8,1,0.05,-30.802017963398818,-32.111312682916655
1914,kexp,1.5,8,1,0.01,-30.75990262332644,-32.07364734347011
1915,kexp,1.5,8,1,0,-30.758145156904668,-32.07207560673532
1916,kexp,1.5,8,1.5,0.5,-38.51080385791914,-39.49618098131564
1917,kexp,1.5,8,1.5,0.1,-35.69810076929457,-36.96746248541177
1918,kexp,1.5,8,1.5,0.05,-35.599651683202886,-36.879807822152976
1919,kexp,1.5,8,1.5,0.01,-35.56798957787504,-36.85162856692302
1920,kexp,1.5,8,1.5,0,-35.566668645164206,-36.8504530560434
1921,kexp,1.5,10,0.5,0.5,-29.980487611989478,-30.908063508561256
1922,kexp,1.5,10,0.5,0.1,-25.376773928123374,-26.896269933616857
1923,kexp,1.5,10,0.5,0.05,-25.22360703667964,-26.761618349076446
1924,kexp,1.5,10,0.5,0.01,-25.1749077693701,-26.7186060715898
1925,kexp,1.5,10,0.5,0,-25.172882473352384,-26.716814929961235
1926,kexp,1.5,10,1,0.5,-34.81122881555603,-35.80581939313974
1927,kexp,1.5,10,1,0.1,-31.267673682412713,-32.65927310108366
1928,kexp,1.5,10,1,0.05,-31.141439834474582,-32.5484421643996
1929,kexp,1.5,10,1,0.01,-31.100822151612466,-32.51279044141422
1930,kexp,1.5,10,1,0,-31.099127397123137,-32.511302986511886
1931,kexp,1.5,10,1.5,0.5,-38.73539333948588,-39.7798274764619
1932,kexp,1.5,10,1.5,0.1,-35.992737845573814,-37.34529977110578
1933,kexp,1.5,10,1.5,0.05,-35.89719857391938,-37.26150665621757
1934,kexp,1.5,10,1.5,0.01,-35.866480593674076,-37.23457896509439
1935,kexp,1.5,10,1.5,0,-35.865199138454614,-37.233455772103724
1936,kexp,1.5,25,0.5,0.5,-30.627725995067735,-31.755611695365157
1937,kexp,1.5,25,0.5,0.1,-26.451587131737902,-28.427228651459792
1938,kexp,1.5,25,0.5,0.05,-26.31971824018476,-28.327652060196193
1939,kexp,1.5,25,0.5,0.01,-26.278022628939897,-28.296156782342628
1940,kexp,1.5,25,0.5,0,-26.276291217333,-28.294848687357632
1941,kexp,1.5,25,1,0.5,-35.34229216536497,-36.53890272039447
1942,kexp,1.5,25,1,0.1,-31.978958782657624,-33.6907187785058
1943,kexp,1.5,25,1,0.05,-31.860314924013142,-33.59250830008587
1944,kexp,1.5,25,1,0.01,-31.822163758302107,-33.560953751753985
1945,kexp,1.5,25,1,0,-31.82057218118826,-33.55963763947152
1946,kexp,1.5,25,1.5,0.5,-39.212078203816134,-40.45478087581774
1947,kexp,1.5,25,1.5,0.1,-36.581019669545356,-38.20730471957321
1948,kexp,1.5,25,1.5,0.05,-36.4898495202124,-38.13081527036918
1949,kexp,1.5,25,1.5,0.01,-36.46054499971642,-38.106248619210064
1950,kexp,1.5,25,1.5,0,-36.45932260254771,-38.10522405691746
1951,kexp,1.75,0.2,0.5,0.5,-31.798583474418763,-32.45835026502101
1952,kexp,1.75,0.2,0.5,0.1,-48.41579692177214,-51.171035044104244
1953,kexp,1.75,0.2,0.5,0.05,-53.59098432303636,-56.73333765933016
1954,kexp,1.75,0.2,0.5,0.01,-56.25970807955311,-59.58081078312571
1955,kexp,1.75,0.2,0.5,0,-56.39302603276376,-59.72279993633496
1956,kexp,1.75,0.2,1,0.5,-32.9364294159522,-33.56711990946551
1957,kexp,1.75,0.2,1,0.1,-34.57824568984435,-36.208285935338836
1958,kexp,1.75,0.2,1,0.05,-35.4674372129077,-37.21739330445905
1959,kexp,1.75,0.2,1,0.01,-35.87440911047422,-37.67299299278694
1960,kexp,1.75,0.2,1,0,-35.89346660866372,-37.69425224109513
1961,kexp,1.75,0.2,1.5,0.5,-34.20568633714591,-34.8002645945424
1962,kexp,1.75,0.2,1.5,0.1,-31.740627436380098,-32.949370851681465
1963,kexp,1.75,0.2,1.5,0.05,-31.807124494717844,-33.07478087866032
1964,kexp,1.75,0.2,1.5,0.01,-31.848866768442257,-33.13899840568738
1965,kexp,1.75,0.2,1.5,0,-31.85093690049444,-33.142059775869654
1966,kexp,1.75,0.5,0.5,0.5,-29.82242582544702,-30.75675233763936
1967,kexp,1.75,0.5,0.5,0.1,-25.790865616044464,-28.273112089456575
1968,kexp,1.75,0.5,0.5,0.05,-25.824045767846826,-28.463623810203494
1969,kexp,1.75,0.5,0.5,0.01,-25.869278472211807,-28.56983182585543
1970,kexp,1.75,0.5,0.5,0,-25.87175437455519,-28.575017884237422
1971,kexp,1.75,0.5,1,0.5,-31.6377626473033,-32.52757569104833
1972,kexp,1.75,0.5,1,0.1,-25.136833698793296,-26.72241061563321
1973,kexp,1.75,0.5,1,0.05,-24.754906215789987,-26.38925095750117
1974,kexp,1.75,0.5,1,0.01,-24.623944615690647,-26.27561011102538
1975,kexp,1.75,0.5,1,0,-24.61838288392503,-26.27079297316235
1976,kexp,1.75,0.5,1.5,0.5,-33.73578437024831,-34.57947302691829
1977,kexp,1.75,0.5,1.5,0.1,-27.481808840515974,-28.75034976764328
1978,kexp,1.75,0.5,1.5,0.05,-27.11971046183688,-28.412993224587336
1979,kexp,1.75,0.5,1.5,0.01,-26.996471337850913,-28.298236503384018
1980,kexp,1.75,0.5,1.5,0,-26.991249153762276,-28.29337476951524
1981,kexp,1.75,1,0.5,0.5,-28.439547442792772,-29.365857596211658
1982,kexp,1.75,1,0.5,0.1,-20.164169948297225,-21.826691932387465
1983,kexp,1.75,1,0.5,0.05,-19.668915695656338,-21.372014619902554
1984,kexp,1.75,1,0.5,0.01,-19.500102646269973,-21.217297280660926
1985,kexp,1.75,1,0.5,0,-19.492945905544723,-21.21074295791747
1986,kexp,1.75,1,1,0.5,-31.290869830278048,-32.17885169634683
1987,kexp,1.75,1,1,0.1,-24.285598008812098,-25.557516481517634
1988,kexp,1.75,1,1,0.05,-23.911143862504233,-25.200934250352837
1989,kexp,1.75,1,1,0.01,-23.785624418720943,-25.08134297798714
1990,kexp,1.75,1,1,0,-23.780328756790272,-25.07629679100873
1991,kexp,1.75,1,1.5,0.5,-34.14417087782574,-35.01725825814675
1992,kexp,1.75,1,1.5,0.1,-28.37831228734356,-29.51852551410249
1993,kexp,1.75,1,1.5,0.05,-28.09709482636988,-29.248604498822818
1994,kexp,1.75,1,1.5,0.01,-28.00402562392744,-29.159229183155958
1995,kexp,1.75,1,1.5,0,-28.00011314060872,-29.15547150210885
1996,kexp,1.75,1.5,0.5,0.5,-27.926557117384014,-28.774379938732825
1997,kexp,1.75,1.5,0.5,0.1,-19.77830864081255,-21.050609952665035
1998,kexp,1.75,1.5,0.5,0.05,-19.339422996126856,-20.62222605165608
1999,kexp,1.75,1.5,0.5,0.01,-19.19204562807593,-20.4780312407052
2000,kexp,1.75,1.5,0.5,0,-19.185824158648675,-20.47194043530746
2001,kexp,1.75,1.5,1,0.5,-31.470324107608896,-32.31724900690302
2002,kexp,1.75,1.5,1,0.1,-25.135839986130406,-26.27228429940311
2003,kexp,1.75,1.5,1,0.05,-24.833254919283675,-25.98075135752566
2004,kexp,1.75,1.5,1,0.01,-24.733345980153462,-25.884414160744782
2005,kexp,1.75,1.5,1,0,-24.72914857224077,-25.880365958231522
2006,kexp,1.75,1.5,1.5,0.5,-34.709634505527376,-35.57531785254939
2007,kexp,1.75,1.5,1.5,0.1,-29.664853050518516,-30.75940908264267
2008,kexp,1.75,1.5,1.5,0.05,-29.443157428447858,-30.54646273793947
2009,kexp,1.75,1.5,1.5,0.01,-29.370620068672416,-30.476753038591106
2010,kexp,1.75,1.5,1.5,0,-29.36758014351089,-30.47383123261267
2011,kexp,1.75,2,0.5,0.5,-27.831064787887257,-28.633930199787294
2012,kexp,1.75,2,0.5,0.1,-20.268941128254966,-21.386313170899474
2013,kexp,1.75,2,0.5,0.05,-19.90182942533509,-21.019545112785767
2014,kexp,1.75,2,0.5,0.01,-19.780221786440347,-20.897541034002547
2015,kexp,1.75,2,0.5,0,-19.77510775708285,-20.89240464308665
2016,kexp,1.75,2,1,0.5,-31.793812813993902,-32.628581928353704
2017,kexp,1.75,2,1,0.1,-26.045529497355773,-27.14496033577236
2018,kexp,1.75,2,1,0.05,-25.790926274549737,-26.899561211266505
2019,kexp,1.75,2,1,0.01,-25.70754554783615,-26.819123794113448
2020,kexp,1.75,2,1,0,-25.704050303477015,-26.81575115235267
2021,kexp,1.75,2,1.5,0.5,-35.2451312102661,-36.1202248232332
2022,kexp,1.75,2,1.5,0.1,-30.72074112775336,-31.819506639668056
2023,kexp,1.75,2,1.5,0.05,-30.53423227747278,-31.641285492316204
2024,kexp,1.75,2,1.5,0.01,-30.47356002092855,-31.58328404212008
2025,kexp,1.75,2,1.5,0,-30.471021252348486,-31.58085675551536
2026,kexp,1.75,2.5,0.5,0.5,-27.913258169374316,-28.700596492420004
2027,kexp,1.75,2.5,0.5,0.1,-20.896631322919337,-21.965593658403883
2028,kexp,1.75,2.5,0.5,0.05,-20.583701265820242,-21.64940496564207
2029,kexp,1.75,2.5,0.5,0.01,-20.48110516898023,-21.545148866965604
2030,kexp,1.75,2.5,0.5,0,-20.47680286620669,-21.540770314194646
2031,kexp,1.75,2.5,1,0.5,-32.13391479939706,-32.976074534902885
2032,kexp,1.75,2.5,1,0.1,-26.829331192793976,-27.935165611182057
2033,kexp,1.75,2.5,1,0.05,-26.606469919911426,-27.721179773461156
2034,kexp,1.75,2.5,1,0.01,-26.533850389710686,-27.651389148147018
2035,kexp,1.75,2.5,1,0,-26.530810330965476,-27.648466824576712
2036,kexp,1.75,2.5,1.5,0.5,-35.712469265096345,-36.60791452970828
2037,kexp,1.75,2.5,1.5,0.1,-31.559012331874012,-32.6833236665541
2038,kexp,1.75,2.5,1.5,0.05,-31.394899208268136,-32.52762785233589
2039,kexp,1.75,2.5,1.5,0.01,-31.341693914538126,-32.477133611188194
2040,kexp,1.75,2.5,1.5,0,-31.339469585958703,-32.47502242811173
2041,kexp,1.75,3,0.5,0.5,-28.05861994435079,-28.84768323065632
2042,kexp,1.75,3,0.5,0.1,-21.480130826609305,-22.550199880828895
2043,kexp,1.75,3,0.5,0.05,-21.206005900260514,-22.27191728045377
2044,kexp,1.75,3,0.5,0.01,-21.116845434884937,-22.18077121520763
2045,kexp,1.75,3,0.5,0,-21.113114660643337,-22.17695021718226
2046,kexp,1.75,3,1,0.5,-32.44549882094946,-33.30498763823814
2047,kexp,1.75,3,1,0.1,-27.47277682680396,-28.604406390674438
2048,kexp,1.75,3,1,0.05,-27.271697521207482,-28.41246255414054
2049,kexp,1.75,3,1,0.01,-27.206394295271394,-28.350070552115156
2050,kexp,1.75,3,1,0,-27.203662936314867,-28.347460349119157
2051,kexp,1.75,3,1.5,0.5,-36.106737061345356,-37.027592957358465
2052,kexp,1.75,3,1.5,0.1,-32.22366723716739,-33.382421440138984
2053,kexp,1.75,3,1.5,0.05,-32.07470390578727,-33.24221644376824
2054,kexp,1.75,3,1.5,0.01,-32.02651588271779,-33.196849507667295
2055,kexp,1.75,3,1.5,0,-32.02450246161245,-33.19495382650593
2056,kexp,1.75,3.5,0.5,0.5,-28.218816904379743,-29.019052940769654
2057,kexp,1.75,3.5,0.5,0.1,-21.981692674343,-23.076963168443992
2058,kexp,1.75,3.5,0.5,0.05,-21.735476344201018,-22.826920839663625
2059,kexp,1.75,3.5,0.5,0.01,-21.65589266604492,-22.745448065484005
2060,kexp,1.75,3.5,0.5,0,-21.652568275758878,-22.742037373990943
2061,kexp,1.75,3.5,1,0.5,-32.71733374100516,-33.59889805335396
2062,kexp,1.75,3.5,1,0.1,-27.99537890352767,-29.161636603327644
2063,kexp,1.75,3.5,1,0.05,-27.809773837201345,-28.985677556916297
2064,kexp,1.75,3.5,1,0.01,-27.749636719607302,-28.9286169887963
2065,kexp,1.75,3.5,1,0,-27.747122984067158,-28.926231318838866
2066,kexp,1.75,3.5,1.5,0.5,-36.435451454359644,-37.38372876677227
2067,kexp,1.75,3.5,1.5,0.1,-32.75407075606262,-33.95079735215781
2068,kexp,1.75,3.5,1.5,0.05,-32.61581925589054,-33.82172623140339
2069,kexp,1.75,3.5,1.5,0.01,-32.571163112547936,-33.780027746307155
2070,kexp,1.75,3.5,1.5,0,-32.569297986910385,-33.77828606719606
2071,kexp,1.75,4,0.5,0.5,-28.375018004104046,-29.191547821447575
2072,kexp,1.75,4,0.5,0.1,-22.404409551978585,-23.537002360093787
2073,kexp,1.75,4,0.5,0.05,-22.178668889326975,-23.30835216558542
2074,kexp,1.75,4,0.5,0.01,-22.10606575527854,-23.2341549803891
2075,kexp,1.75,4,0.5,0,-22.103037059094248,-23.231052298053974
2076,kexp,1.75,4,1,0.5,-32.950618632763046,-33.85636972494362
2077,kexp,1.75,4,1,0.1,-28.421159263356287,-29.625944880495965
2078,kexp,1.75,4,1,0.05,-28.246884342227276,-29.461933500499505
2079,kexp,1.75,4,1,0.01,-28.190513604196273,-29.408839799805058
2080,kexp,1.75,4,1,0,-28.18815834833345,-29.406620993843926
2081,kexp,1.75,4,1.5,0.5,-36.70925118876345,-37.68545292988034
2082,kexp,1.75,4,1.5,0.1,-33.18144562561202,-34.417194303812266
2083,kexp,1.75,4,1.5,0.05,-33.051027385262444,-34.29640636102385
2084,kexp,1.75,4,1.5,0.01,-33.00894598392347,-34.25742823373944
2085,kexp,1.75,4,1.5,0,-33.00718887815369,-34.25580065918186
2086,kexp,1.75,6,0.5,0.5,-28.88853305936183,-29.786260262600862
2087,kexp,1.75,6,0.5,0.1,-23.553595820552975,-24.87124239043726
2088,kexp,1.75,6,0.5,0.05,-23.371951190742724,-24.692020832039425
2089,kexp,1.75,6,0.5,0.01,-23.314241414885178,-24.634456092134535
2090,kexp,1.75,6,0.5,0,-23.311842039492994,-24.63205553171286
2091,kexp,1.75,6,1,0.5,-33.599219503721265,-34.60296458068791
2092,kexp,1.75,6,1,0.1,-29.512957844654434,-30.87558699572831
2093,kexp,1.75,6,1,0.05,-29.362934190230106,-30.73845351121756
2094,kexp,1.75,6,1,0.01,-29.31457806696063,-30.694226929797118
2095,kexp,1.75,6,1,0,-29.31255953017361,-30.692380489911685
2096,kexp,1.75,6,1.5,0.5,-37.43495891797624,-38.51668195912078
2097,kexp,1.75,6,1.5,0.1,-34.255287064871595,-35.639778906327344
2098,kexp,1.75,6,1.5,0.05,-34.141591009306644,-35.53745986783692
2099,kexp,1.75,6,1.5,0.01,-34.10498317809478,-35.50452016476097
2100,kexp,1.75,6,1.5,0,-34.10345546047443,-35.50314557605268
2101,kexp,1.75,8,0.5,0.5,-29.251012611719393,-30.22745712886351
2102,kexp,1.75,8,0.5,0.1,-24.23590207080014,-25.73429826554681
2103,kexp,1.75,8,0.5,0.05,-24.073538443941693,-25.579802912803384
2104,kexp,1.75,8,0.5,0.01,-24.022269458413795,-25.530457454439166
2105,kexp,1.75,8,0.5,0,-24.02014146124371,-25.528402745078512
2106,kexp,1.75,8,1,0.5,-33.98124005401163,-35.07085414268916
2107,kexp,1.75,8,1,0.1,-30.097015214014412,-31.599061395159588
2108,kexp,1.75,8,1,0.05,-29.95707063073068,-31.474345499690052
2109,kexp,1.75,8,1,0.01,-29.912024227518625,-31.43418697476548
2110,kexp,1.75,8,1,0,-29.910144512215094,-31.43251105862319
2111,kexp,1.75,8,1.5,0.5,-37.83365471828513,-39.003873855693456
2112,kexp,1.75,8,1.5,0.1,-34.80681098030264,-36.31670972640636
2113,kexp,1.75,8,1.5,0.05,-34.69995040379518,-36.22270098296333
2114,kexp,1.75,8,1.5,0.01,-34.665570101265224,-36.192465367769294
2115,kexp,1.75,8,1.5,0,-34.66413562927952,-36.19120392987946
2116,kexp,1.75,10,0.5,0.5,-29.514998173741514,-30.558279158910533
2117,kexp,1.75,10,0.5,0.1,-24.69522622114265,-26.34944753682681
2118,kexp,1.75,10,0.5,0.05,-24.543523453650316,-26.210422472094262
2119,kexp,1.75,10,0.5,0.01,-24.495790937775983,-26.166185765293147
2120,kexp,1.75,10,0.5,0,-24.49381168063419,-26.164345650931885
2121,kexp,1.75,10,1,0.5,-34.229785874482076,-35.39030980381336
2122,kexp,1.75,10,1,0.1,-30.45421319033599,-32.0718272962972
2123,kexp,1.75,10,1,0.05,-30.319343690512188,-31.954127230790007
2124,kexp,1.75,10,1,0.01,-30.275957379083327,-31.916258045511242
2125,kexp,1.75,10,1,0,-30.27414722486152,-31.914677995348757
2126,kexp,1.75,10,1.5,0.5,-38.078512227121934,-39.320602405146815
2127,kexp,1.75,10,1.5,0.1,-35.12979757574134,-36.741566442582986
2128,kexp,1.75,10,1.5,0.05,-35.02626895777339,-36.65208023957919
2129,kexp,1.75,10,1.5,0.01,-34.99297167243117,-36.62331227729644
2130,kexp,1.75,10,1.5,0,-34.99158250634457,-36.622112210229034
2131,kexp,1.75,25,0.5,0.5,-30.230462888387,-31.51525563980561
2132,kexp,1.75,25,0.5,0.1,-25.8528675189924,-28.065214944919955
2133,kexp,1.75,25,0.5,0.05,-25.722887101152846,-27.965140665257035
2134,kexp,1.75,25,0.5,0.01,-25.68230877685472,-27.933700222239317
2135,kexp,1.75,25,0.5,0,-25.680629863005475,-27.932396888860527
2136,kexp,1.75,25,1,0.5,-34.82179027036585,-36.23205081122752
2137,kexp,1.75,25,1,0.1,-31.239413512758034,-33.25661127426317
2138,kexp,1.75,25,1,0.05,-31.11276905717958,-33.15356355573952
2139,kexp,1.75,25,1,0.01,-31.07205980470598,-33.120455014758896
2140,kexp,1.75,25,1,0,-31.07036168170077,-33.119074095199295
2141,kexp,1.75,25,1.5,0.5,-38.614932234755116,-40.10548409610179
2142,kexp,1.75,25,1.5,0.1,-35.78926982635963,-37.74646809590591
2143,kexp,1.75,25,1.5,0.05,-35.6906318243237,-37.665665021023834
2144,kexp,1.75,25,1.5,0.01,-35.65891867655054,-37.63970597005976
2145,kexp,1.75,25,1.5,0,-35.65759572133964,-37.63862326405323
2146,kexp,2,0.2,0.5,0.5,-31.84811387566132,-32.56189142007413
2147,kexp,2,0.2,0.5,0.1,-52.74381154993229,-55.93975303806331
2148,kexp,2,0.2,0.5,0.05,-59.460103145101726,-63.15492601467938
2149,kexp,2,0.2,0.5,0.01,-63.0432472943023,-66.97540352254845
2150,kexp,2,0.2,0.5,0,-63.22574214242363,-67.16962378522761
2151,kexp,2,0.2,1,0.5,-32.8081314414189,-33.49678861967159
2152,kexp,2,0.2,1,0.1,-36.38344441111905,-38.28119593050835
2153,kexp,2,0.2,1,0.05,-37.72645457287798,-39.78067566846907
2154,kexp,2,0.2,1,0.01,-38.349345544007406,-40.46853407835588
2155,kexp,2,0.2,1,0,-38.37874251954145,-40.50090549791986
2156,kexp,2,0.2,1.5,0.5,-33.92811438572599,-34.58239559454744
2157,kexp,2,0.2,1.5,0.1,-32.50275832419181,-33.90894178786106
2158,kexp,2,0.2,1.5,0.05,-32.75870785274455,-34.242211146395185
2159,kexp,2,0.2,1.5,0.01,-32.88129692690912,-34.39488295600567
2160,kexp,2,0.2,1.5,0,-32.88706607838001,-34.401989501936896
2161,kexp,2,0.5,0.5,0.5,-29.865638664789625,-30.896317089829964
2162,kexp,2,0.5,0.5,0.1,-26.837542461733115,-29.74041980267016
2163,kexp,2,0.5,0.5,0.05,-27.072862224769914,-30.18054054618606
2164,kexp,2,0.5,0.5,0.01,-27.21133392133176,-30.400270654230425
2165,kexp,2,0.5,0.5,0,-27.218198082717954,-30.41078309889223
2166,kexp,2,0.5,1,0.5,-31.360176753270952,-32.357404186529955
2167,kexp,2,0.5,1,0.1,-24.936584475018126,-26.78740336447398
2168,kexp,2,0.5,1,0.05,-24.568694594818645,-26.48322292970866
2169,kexp,2,0.5,1,0.01,-24.443199051570492,-26.380706597598493
2170,kexp,2,0.5,1,0,-24.43787913911163,-26.376379829174276
2171,kexp,2,0.5,1.5,0.5,-33.239319048417464,-34.19170769781508
2172,kexp,2,0.5,1.5,0.1,-26.815559168286875,-28.292108357192426
2173,kexp,2,0.5,1.5,0.05,-26.436785238531964,-27.945595861258663
2174,kexp,2,0.5,1.5,0.01,-26.307259320886914,-27.82725491880386
2175,kexp,2,0.5,1.5,0,-26.301762924614703,-27.822235505969754
2176,kexp,2,1,0.5,0.5,-28.357064345809718,-29.40389949781971
2177,kexp,2,1,0.5,0.1,-20.000286346566565,-21.92459598492332
2178,kexp,2,1,0.5,0.05,-19.500070255867453,-21.47398043207806
2179,kexp,2,1,0.5,0.01,-19.33003132291706,-21.321466053652102
2180,kexp,2,1,0.5,0,-19.322829969470128,-21.315018291009117
2181,kexp,2,1,1,0.5,-30.845241158125322,-31.860924662246212
2182,kexp,2,1,1,0.1,-23.467131833457415,-24.942299905095975
2183,kexp,2,1,1,0.05,-23.061080579640993,-24.558214919944056
2184,kexp,2,1,1,0.01,-22.924317174580246,-24.428789199947985
2185,kexp,2,1,1,0,-22.91853913066288,-24.42332061420211
2186,kexp,2,1,1.5,0.5,-33.48819490381181,-34.491020138526345
2187,kexp,2,1,1.5,0.1,-27.32521818802591,-28.64888913942361
2188,kexp,2,1,1.5,0.05,-27.015141173105675,-28.352702465733515
2189,kexp,2,1,1.5,0.01,-26.91210212191017,-28.254223347510557
2190,kexp,2,1,1.5,0,-26.907765617795015,-28.250078155334027
2191,kexp,2,1.5,0.5,0.5,-27.71123940734089,-28.67084964725479
2192,kexp,2,1.5,0.5,0.1,-19.30707355145819,-20.739847651884602
2193,kexp,2,1.5,0.5,0.05,-18.851424723262358,-20.292555900815998
2194,kexp,2,1.5,0.5,0.01,-18.698192603855357,-20.14166390231539
2195,kexp,2,1.5,0.5,0,-18.691721049521405,-20.135286198501625
2196,kexp,2,1.5,1,0.5,-30.931174454685994,-31.900005872516456
2197,kexp,2,1.5,1,0.1,-24.19838410103314,-25.50009243953252
2198,kexp,2,1.5,1,0.05,-23.867940892282135,-25.18204245647343
2199,kexp,2,1.5,1,0.01,-23.75844515252625,-25.076546294388777
2200,kexp,2,1.5,1,0,-23.753840431434064,-25.07210859546367
2201,kexp,2,1.5,1.5,0.5,-33.99025752287696,-34.985339842867226
2202,kexp,2,1.5,1.5,0.1,-28.560900880447704,-29.823737403572796
2203,kexp,2,1.5,1.5,0.05,-28.315698963386723,-29.588758773641374
2204,kexp,2,1.5,1.5,0.01,-28.235244596416443,-29.511609047069125
2205,kexp,2,1.5,1.5,0,-28.23187032547645,-29.508372827856387
2206,kexp,2,2,0.5,0.5,-27.526691902313626,-28.42867675871699
2207,kexp,2,2,0.5,0.1,-19.697010839394906,-20.9217724568248
2208,kexp,2,2,0.5,0.05,-19.31788701475472,-20.536608697291022
2209,kexp,2,2,0.5,0.01,-19.192266409348004,-20.40820458085748
2210,kexp,2,2,0.5,0,-19.186983003783908,-20.402795305752697
2211,kexp,2,2,1,0.5,-31.209032220222266,-32.15929431369575
2212,kexp,2,2,1,0.1,-25.089206011490393,-26.335664140987753
2213,kexp,2,2,1,0.05,-24.811921999377837,-26.067994505136816
2214,kexp,2,2,1,0.01,-24.720879963307283,-25.980002412786686
2215,kexp,2,2,1,0,-24.71706088992412,-25.976310106646732
2216,kexp,2,2,1.5,0.5,-34.50280365706907,-35.50592498708131
2217,kexp,2,2,1.5,0.1,-29.626690806024627,-30.887823205735096
2218,kexp,2,2,1.5,0.05,-29.42095089116595,-30.691516183297388
2219,kexp,2,2,1.5,0.01,-29.35388479809207,-30.627486292641187
2220,kexp,2,2,1.5,0,-29.35107695204321,-30.62480514035127
2221,kexp,2,2.5,0.5,0.5,-27.557425019934048,-28.434907244055573
2222,kexp,2,2.5,0.5,0.1,-20.293786343601113,-21.443243311696207
2223,kexp,2,2.5,0.5,0.05,-19.974278297316147,-21.112215648007346
2224,kexp,2,2.5,0.5,0.01,-19.869698709745993,-21.002920146143406
2225,kexp,2,2.5,0.5,0,-19.86531510657331,-20.998328145115632
2226,kexp,2,2.5,1,0.5,-31.53053035353425,-32.48495322438132
2227,kexp,2,2.5,1,0.1,-25.8848029277456,-27.1301839051128
2228,kexp,2,2.5,1,0.05,-25.643194783417442,-26.897511948230793
2229,kexp,2,2.5,1,0.01,-25.564321184348334,-26.82145498571048
2230,kexp,2,2.5,1,0,-25.56101766975864,-26.81826833984025
2231,kexp,2,2.5,1.5,0.5,-34.96690597483556,-35.990742161991136
2232,kexp,2,2.5,1.5,0.1,-30.491628929401898,-31.777647159489444
2233,kexp,2,2.5,1.5,0.05,-30.311259021194054,-31.60674923854363
2234,kexp,2,2.5,1.5,0.01,-30.252691474367715,-31.55122761948892
2235,kexp,2,2.5,1.5,0,-30.250241957559727,-31.54890517148875
2236,kexp,2,3,0.5,0.5,-27.67518743600406,-28.54913217091799
2237,kexp,2,3,0.5,0.1,-20.8735084805885,-22.010869104695505
2238,kexp,2,3,0.5,0.05,-20.597024028252022,-21.721092291771118
2239,kexp,2,3,0.5,0.01,-20.507426563587256,-21.62614641523808
2240,kexp,2,3,0.5,0,-20.503681259106322,-21.622165661795602
2241,kexp,2,3,1,0.5,-31.83808119696124,-32.809133904272485
2242,kexp,2,3,1,0.1,-26.550473806151235,-27.819898636669894
2243,kexp,2,3,1,0.05,-26.333490500885535,-27.612000203774326
2244,kexp,2,3,1,0.01,-26.26293032905368,-27.544301310230995
2245,kexp,2,3,1,0,-26.259978065584814,-27.54146774526778
2246,kexp,2,3,1.5,0.5,-35.367892809165276,-36.418966861554544
2247,kexp,2,3,1.5,0.1,-31.187561851663244,-32.51028129532579
2248,kexp,2,3,1.5,0.05,-31.024441362907424,-32.35697748122757
2249,kexp,2,3,1.5,0.01,-30.97160863426589,-32.307301703613184
2250,kexp,2,3,1.5,0,-30.969400434483763,-32.30522520649901
2251,kexp,2,3.5,0.5,0.5,-27.8216170317451,-28.704022283642505
2252,kexp,2,3.5,0.5,0.1,-21.381932952343654,-22.538627518082812
2253,kexp,2,3.5,0.5,0.05,-21.13639834982646,-22.279736525161766
2254,kexp,2,3.5,0.5,0.01,-21.057479025777088,-22.195427347628105
2255,kexp,2,3.5,0.5,0,-21.054187497231695,-22.191898431745532
2256,kexp,2,3.5,1,0.5,-32.113436823508025,-33.10747058999175
2257,kexp,2,3.5,1,0.1,-27.098059322426863,-28.403507818380803
2258,kexp,2,3.5,1,0.05,-26.89861698434861,-28.213660554824596
2259,kexp,2,3.5,1,0.01,-26.833938900128754,-28.152008701380645
2260,kexp,2,3.5,1,0,-26.831234712909406,-28.149430104640956
2261,kexp,2,3.5,1.5,0.5,-35.70811121346019,-36.78939866157921
2262,kexp,2,3.5,1.5,0.1,-31.749281863120903,-33.113906616933065
2263,kexp,2,3.5,1.5,0.05,-31.59839700194109,-32.97330712197818
2264,kexp,2,3.5,1.5,0.01,-31.54961198285684,-32.927830815244214
2265,kexp,2,3.5,1.5,0,-31.547573884874854,-32.92593076234673
2266,kexp,2,4,0.5,0.5,-27.971682506624518,-28.869272241575786
2267,kexp,2,4,0.5,0.1,-21.81508722431634,-23.007269943140585
2268,kexp,2,4,0.5,0.05,-21.592202942376158,-22.771790488184468
2269,kexp,2,4,0.5,0.01,-21.52104484763928,-22.695483145223566
2270,kexp,2,4,0.5,0,-21.51808252798588,-22.692293439788987
2271,kexp,2,4,1,0.5,-32.35384544006239,-33.373930686897886
2272,kexp,2,4,1,0.1,-27.54833305707142,-28.895470808409712
2273,kexp,2,4,1,0.05,-27.36175264102292,-28.719157471468023
2274,kexp,2,4,1,0.01,-27.30136701855188,-28.662016381629744
2275,kexp,2,4,1,0,-27.298843635680267,-28.65962772022134
2276,kexp,2,4,1.5,0.5,-35.995323491770016,-37.107917890091905
2277,kexp,2,4,1.5,0.1,-32.20607845393545,-33.61462942332278
2278,kexp,2,4,1.5,0.05,-32.06416296940698,-33.48351673247909
2279,kexp,2,4,1.5,0.01,-32.01833472759774,-33.44116481900975
2280,kexp,2,4,1.5,0,-32.016420771651354,-33.43939591377285
2281,kexp,2,6,0.5,0.5,-28.48468953725686,-29.466010265139705
2282,kexp,2,6,0.5,0.1,-22.99984004763901,-24.38480352395306
2283,kexp,2,6,0.5,0.05,-22.825307065083983,-24.203171123636608
2284,kexp,2,6,0.5,0.01,-22.770556204938014,-24.145058471450408
2285,kexp,2,6,0.5,0,-22.768288042632687,-24.142637699365007
2286,kexp,2,6,1,0.5,-33.03546101146817,-34.164536374995926
2287,kexp,2,6,1,0.1,-28.71562845591359,-30.23945635944178
2288,kexp,2,6,1,0.05,-28.556604580787567,-30.09370522984441
2289,kexp,2,6,1,0.01,-28.505356036817105,-30.04667736768307
2290,kexp,2,6,1,0,-28.50321686509872,-30.04471374101661
2291,kexp,2,6,1.5,0.5,-36.77096611373684,-38.004526619109534
2292,kexp,2,6,1.5,0.1,-33.369387597404675,-34.949409031885246
2293,kexp,2,6,1.5,0.05,-33.24668919386305,-34.83958280624158
2294,kexp,2,6,1.5,0.01,-33.20716612598039,-34.804205710825606
2295,kexp,2,6,1.5,0,-33.205516572660514,-34.80272918830806
2296,kexp,2,8,0.5,0.5,-28.851187789358416,-29.917581667034852
2297,kexp,2,8,0.5,0.1,-23.695133437577322,-25.275459171064323
2298,kexp,2,8,0.5,0.05,-23.54114760603287,-25.120254110794363
2299,kexp,2,8,0.5,0.01,-23.493292851956056,-25.070954619473266
2300,kexp,2,8,0.5,0,-23.491315621452856,-25.068905008713614
2301,kexp,2,8,1,0.5,-33.43978448648946,-34.66626182226517
2302,kexp,2,8,1,0.1,-29.34035686873419,-31.023190347626397
2303,kexp,2,8,1,0.05,-29.19269889577401,-30.891526002337997
2304,kexp,2,8,1,0.01,-29.1451931505959,-30.849123433154958
2305,kexp,2,8,1,0,-29.143211081059157,-30.84735380241961
2306,kexp,2,8,1.5,0.5,-37.20198334195012,-38.53851420078053
2307,kexp,2,8,1.5,0.1,-33.97118567319929,-35.697957435613034
2308,kexp,2,8,1.5,0.05,-33.85633574056787,-35.597748331836705
2309,kexp,2,8,1.5,0.01,-33.819375230735346,-35.56550548551231
2310,kexp,2,8,1.5,0,-33.81783300100109,-35.56416016706255
2311,kexp,2,10,0.5,0.5,-29.119147573158344,-30.259646221297945
2312,kexp,2,10,0.5,0.1,-24.156888001953035,-25.90952907530755
2313,kexp,2,10,0.5,0.05,-24.01376709340998,-25.770493124860387
2314,kexp,2,10,0.5,0.01,-23.96953321827937,-25.72654553020215
2315,kexp,2,10,0.5,0,-23.967708472230832,-25.724720868247598
2316,kexp,2,10,1,0.5,-33.70178437096598,-35.00950892828483
2317,kexp,2,10,1,0.1,-29.71844002793993,-31.534311150733814
2318,kexp,2,10,1,0.05,-29.576374463928076,-31.41050847142939
2319,kexp,2,10,1,0.01,-29.530702949641825,-31.370675867730505
2320,kexp,2,10,1,0,-29.528797792161544,-31.369013904687158
2321,kexp,2,10,1.5,0.5,-37.46598072813775,-38.88650819567761
2322,kexp,2,10,1.5,0.1,-34.32145009399279,-36.16793523922824
2323,kexp,2,10,1.5,0.05,-34.21037360354635,-36.072928663402934
2324,kexp,2,10,1.5,0.01,-34.17464180411359,-36.04237629058358
2325,kexp,2,10,1.5,0,-34.17315099887829,-36.0411016835746
2326,kexp,2,25,0.5,0.5,-29.88260464303601,-31.30190635488267
2327,kexp,2,25,0.5,0.1,-25.36021641609723,-27.76405530353932
2328,kexp,2,25,0.5,0.05,-25.238417710418016,-27.6667732907565
2329,kexp,2,25,0.5,0.01,-25.201223088098203,-27.63655217282181
2330,kexp,2,25,0.5,0,-25.199694076481514,-27.635303423578048
2331,kexp,2,25,1,0.5,-34.34110531543667,-35.943299476667946
2332,kexp,2,25,1,0.1,-30.558693340978294,-32.84960136763513
2333,kexp,2,25,1,0.05,-30.425303155961068,-32.742274183148936
2334,kexp,2,25,1,0.01,-30.38246090669967,-32.707799529808206
2335,kexp,2,25,1,0,-30.380674213249396,-32.70636173613192
2336,kexp,2,25,1.5,0.5,-38.051943067779625,-39.768943663518634
2337,kexp,2,25,1.5,0.1,-35.039477599155475,-37.300834018213834
2338,kexp,2,25,1.5,0.05,-34.933741980697235,-37.21582606487597
2339,kexp,2,25,1.5,0.01,-34.89974272259386,-37.18851061028184
2340,kexp,2,25,1.5,0,-34.89832435891174,-37.18737127372385
2341,kexp,2.25,0.2,0.5,0.5,-31.89116507448043,-32.64934559225182
2342,kexp,2.25,0.2,0.5,0.1,-57.03299109786369,-60.64948927390066
2343,kexp,2.25,0.2,0.5,0.05,-65.40257516603808,-69.63862866953784
2344,kexp,2.25,0.2,0.5,0.01,-70.0107329139043,-74.54962558531632
2345,kexp,2.25,0.2,0.5,0,-70.24987757808661,-74.80399477570126
2346,kexp,2.25,0.2,1,0.5,-32.7026029778896,-33.43920450800966
2347,kexp,2.25,0.2,1,0.1,-38.283063125109685,-40.438449933376745
2348,kexp,2.25,0.2,1,0.05,-40.134839518377014,-42.486759223018545
2349,kexp,2.25,0.2,1,0.01,-41.00886688744227,-43.44418609714246
2350,kexp,2.25,0.2,1,0,-41.05049620032091,-43.48967514052082
2351,kexp,2.25,0.2,1.5,0.5,-33.69702679864572,-34.401387969459236
2352,kexp,2.25,0.2,1.5,0.1,-33.39861147791486,-34.99473623730287
2353,kexp,2.25,0.2,1.5,0.05,-33.877070849664065,-35.57084102569721
2354,kexp,2.25,0.2,1.5,0.01,-34.09771309000108,-35.830178815859696
2355,kexp,2.25,0.2,1.5,0,-34.10802584079185,-35.84222536183659
2356,kexp,2.25,0.5,0.5,0.5,-29.92144983453738,-31.031906315362363
2357,kexp,2.25,0.5,0.5,0.1,-28.00394148214566,-31.31148723869988
2358,kexp,2.25,0.5,0.5,0.05,-28.476321806238282,-32.04079475959404
2359,kexp,2.25,0.5,0.5,0.01,-28.727883490660446,-32.396549894144115
2360,kexp,2.25,0.5,0.5,0,-28.74014771309107,-32.4135384866979
2361,kexp,2.25,0.5,1,0.5,-31.13750814497615,-32.226326234964596
2362,kexp,2.25,0.5,1,0.1,-24.876402752122736,-26.979799427443677
2363,kexp,2.25,0.5,1,0.05,-24.535964193556758,-26.719590956385765
2364,kexp,2.25,0.5,1,0.01,-24.42152040505071,-26.634518474563123
2365,kexp,2.25,0.5,1,0,-24.41669443876806,-26.630968707237567
2366,kexp,2.25,0.5,1.5,0.5,-32.82006915217208,-33.866304031104406
2367,kexp,2.25,0.5,1.5,0.1,-26.293475161022588,-27.965962793361395
2368,kexp,2.25,0.5,1.5,0.05,-25.905095488746447,-27.618163720198183
2369,kexp,2.25,0.5,1.5,0.01,-25.77185946917227,-27.499152763847132
2370,kexp,2.25,0.5,1.5,0,-25.76620011402243,-27.494102214107965
2371,kexp,2.25,1,0.5,0.5,-28.317174319122987,-29.470717302855775
2372,kexp,2.25,1,0.5,0.1,-19.975523888503012,-22.15095466926019
2373,kexp,2.25,1,0.5,0.05,-19.482960043596382,-21.717550148442754
2374,kexp,2.25,1,0.5,0.01,-19.316906458463095,-21.572765443633713
2375,kexp,2.25,1,0.5,0,-19.309895241417134,-21.56667486808035
2376,kexp,2.25,1,1,0.5,-30.470003511721362,-31.599965917504914
2377,kexp,2.25,1,1,0.1,-22.775616853768238,-24.440511773453007
2378,kexp,2.25,1,1,0.05,-22.341937833834287,-24.033067550656256
2379,kexp,2.25,1,1,0.01,-22.195255644520103,-23.89521541668496
2380,kexp,2.25,1,1,0,-22.189050891748888,-23.889383945414117
2381,kexp,2.25,1,1.5,0.5,-32.91397575936752,-34.032583637353774
2382,kexp,2.25,1,1.5,0.1,-26.39366691582924,-27.88625722745754
2383,kexp,2.25,1,1.5,0.05,-26.056601307970897,-27.565760203655966
2384,kexp,2.25,1,1.5,0.01,-25.944163382717676,-27.45878477911989
2385,kexp,2.25,1,1.5,0,-25.939426208591723,-27.454277071257234
2386,kexp,2.25,1.5,0.5,0.5,-27.554483743856377,-28.616442160752104
2387,kexp,2.25,1.5,0.5,0.1,-18.97422286731815,-20.557308666581733
2388,kexp,2.25,1.5,0.5,0.05,-18.510789028853086,-20.099092751444054
2389,kexp,2.25,1.5,0.5,0.01,-18.35505299137208,-19.94448427885934
2390,kexp,2.25,1.5,0.5,0,-18.348477117619172,-19.937949454285587
2391,kexp,2.25,1.5,1,0.5,-30.463799471929978,-31.54342862634795
2392,kexp,2.25,1.5,1,0.1,-23.37678916120615,-24.829507871496148
2393,kexp,2.25,1.5,1,0.05,-23.020958224788608,-24.48712871781648
2394,kexp,2.25,1.5,1,0.01,-22.902664721063385,-24.373167715235507
2395,kexp,2.25,1.5,1,0,-22.897685444885653,-24.36836927683329
2396,kexp,2.25,1.5,1.5,0.5,-33.34838622620142,-34.45998754411986
2397,kexp,2.25,1.5,1.5,0.1,-27.564137266516997,-28.979763213120805
2398,kexp,2.25,1.5,1.5,0.05,-27.296494924859548,-28.723687305851637
2399,kexp,2.25,1.5,1.5,0.01,-27.20844070305135,-28.63937216150266
2400,kexp,2.25,1.5,1.5,0,-27.20474498737789,-28.63583265108664
2401,kexp,2.25,2,0.5,0.5,-27.286578167355934,-28.2798645887688
2402,kexp,2.25,2,0.5,0.1,-19.26215654584756,-20.582775598198726
2403,kexp,2.25,2,0.5,0.05,-18.87910593484267,-20.185654452417264
2404,kexp,2.25,2,0.5,0.01,-18.752408379705162,-20.053147963340713
2405,kexp,2.25,2,0.5,0,-18.74708216928748,-20.047564403558415
2406,kexp,2.25,2,1,0.5,-30.694080924060597,-31.74918027660571
2407,kexp,2.25,2,1,0.1,-24.241263474560238,-25.619418197714626
2408,kexp,2.25,2,1,0.05,-23.943361954597357,-25.331075106602547
2409,kexp,2.25,2,1,0.01,-23.845321380455708,-25.236029176273767
2410,kexp,2.25,2,1,0,-23.841206072848603,-25.232037907524962
2411,kexp,2.25,2,1.5,0.5,-33.83333013328038,-34.95162510386876
2412,kexp,2.25,2,1.5,0.1,-28.630305356685547,-30.037420663752926
2413,kexp,2.25,2,1.5,0.05,-28.40617546572179,-29.82365491652798
2414,kexp,2.25,2,1.5,0.01,-28.332970612542315,-29.75378009181246
2415,kexp,2.25,2,1.5,0,-28.329904140773433,-29.750852508919394
2416,kexp,2.25,2.5,0.5,0.5,-27.266555962688837,-28.22641017904081
2417,kexp,2.25,2.5,0.5,0.1,-19.82518465890143,-21.041799015893346
2418,kexp,2.25,2.5,0.5,0.05,-19.50684569006736,-20.701707498559742
2419,kexp,2.25,2.5,0.5,0.01,-19.403077957209806,-20.58940263021696
2420,kexp,2.25,2.5,0.5,0,-19.398733301703963,-20.584683894561923
2421,kexp,2.25,2.5,1,0.5,-30.99367393239915,-32.04930847843876
2422,kexp,2.25,2.5,1,0.1,-25.04191379853303,-26.410281411825906
2423,kexp,2.25,2.5,1,0.05,-24.783454589515788,-26.160264184629412
2424,kexp,2.25,2.5,1,0.01,-24.698943349150603,-26.078364172411664
2425,kexp,2.25,2.5,1,0,-24.695402147024467,-26.07493074815371
2426,kexp,2.25,2.5,1.5,0.5,-34.289295564851166,-35.42817453452015
2427,kexp,2.25,2.5,1.5,0.1,-29.51385982693347,-30.944207795451113
2428,kexp,2.25,2.5,1.5,0.05,-29.317979089211708,-30.758600409829274
2429,kexp,2.25,2.5,1.5,0.01,-29.254280366948947,-30.698197560307364
2430,kexp,2.25,2.5,1.5,0,-29.25161519553613,-30.695669799423783
2431,kexp,2.25,3,0.5,0.5,-27.355425228425727,-28.305964500551916
2432,kexp,2.25,3,0.5,0.1,-20.39710156989237,-21.58663569737795
2433,kexp,2.25,3,0.5,0.05,-20.125776164990775,-21.29072668926301
2434,kexp,2.25,3,0.5,0.01,-20.038453327538377,-21.193858325822116
2435,kexp,2.25,3,0.5,0,-20.034810105275398,-21.189797914017205
2436,kexp,2.25,3,1,0.5,-31.293419682718557,-32.364309071147325
2437,kexp,2.25,3,1,0.1,-25.72329396786616,-27.112708721407
2438,kexp,2.25,3,1,0.05,-25.49219780192162,-26.890042180397447
2439,kexp,2.25,3,1,0.01,-25.416969014354482,-26.81741462940263
2440,kexp,2.25,3,1,0,-25.4138205153622,-26.814373429678692
2441,kexp,2.25,3,1.5,0.5,-34.692078194250556,-35.8593301013803
2442,kexp,2.25,3,1.5,0.1,-30.233726813465807,-31.70199269944869
2443,kexp,2.25,3,1.5,0.05,-30.05713602463754,-31.53600160178722
2444,kexp,2.25,3,1.5,0.01,-29.99987476880838,-31.48214094078464
2445,kexp,2.25,3,1.5,0,-29.99748075212949,-31.47988870163895
2446,kexp,2.25,3.5,0.5,0.5,-27.486332587389686,-28.441983704359743
2447,kexp,2.25,3.5,0.5,0.1,-20.908139172262665,-22.10955123063728
2448,kexp,2.25,3.5,0.5,0.05,-20.670594448624726,-21.84684634007093
2449,kexp,2.25,3.5,0.5,0.01,-20.59497847927326,-21.76146339229674
2450,kexp,2.25,3.5,0.5,0,-20.59183332940932,-21.75789145491282
2451,kexp,2.25,3.5,1,0.5,-31.568684485676712,-32.66274656966568
2452,kexp,2.25,3.5,1,0.1,-26.289885377117486,-27.71555528992452
2453,kexp,2.25,3.5,1,0.05,-26.078312675837537,-27.51289069867726
2454,kexp,2.25,3.5,1,0.01,-26.009658598778167,-27.446991993608744
2455,kexp,2.25,3.5,1,0,-26.0067877016649,-27.444234831037807
2456,kexp,2.25,3.5,1.5,0.5,-35.039236941088596,-36.23876998538811
2457,kexp,2.25,3.5,1.5,0.1,-30.82021936296815,-32.33331692178337
2458,kexp,2.25,3.5,1.5,0.05,-30.657341800172876,-32.18154037221561
2459,kexp,2.25,3.5,1.5,0.01,-30.604631847142926,-32.13239341235574
2460,kexp,2.25,3.5,1.5,0,-30.60242925915524,-32.1303393898194
2461,kexp,2.25,4,0.5,0.5,-27.628756911656563,-28.59787610424452
2462,kexp,2.25,4,0.5,0.1,-21.34803538473863,-22.58175600984703
2463,kexp,2.25,4,0.5,0.05,-21.13511989563612,-22.344206785192124
2464,kexp,2.25,4,0.5,0.01,-21.06797947578419,-22.267457619270086
2465,kexp,2.25,4,0.5,0,-21.065194238761958,-22.264252095908198
2466,kexp,2.25,4,1,0.5,-31.81312304854474,-32.93444272844419
2467,kexp,2.25,4,1,0.1,-26.75954034682142,-28.229031177367176
2468,kexp,2.25,4,1,0.05,-26.562289776250406,-28.041393795221975
2469,kexp,2.25,4,1,0.01,-26.49843371962668,-27.98052221722822
2470,kexp,2.25,4,1,0,-26.49576512625731,-27.977976942617754
2471,kexp,2.25,4,1.5,0.5,-35.33591632033387,-36.56946193979936
2472,kexp,2.25,4,1.5,0.1,-31.30086698096393,-32.86188127825899
2473,kexp,2.25,4,1.5,0.05,-31.148056645297,-32.72074723635791
2474,kexp,2.25,4,1.5,0.01,-31.09867493336098,-32.675115039683064
2475,kexp,2.25,4,1.5,0,-31.096612188827677,-32.67320865826101
2476,kexp,2.25,6,0.5,0.5,-28.139633407742583,-29.193059398624627
2477,kexp,2.25,6,0.5,0.1,-22.562781776212354,-23.99329105284185
2478,kexp,2.25,6,0.5,0.05,-22.402017157194916,-23.8133982245082
2479,kexp,2.25,6,0.5,0.01,-22.352644604630857,-23.756199571977476
2480,kexp,2.25,6,0.5,0,-22.350611894229242,-23.753821069467165
2481,kexp,2.25,6,1,0.5,-32.521372004311274,-33.76080153559247
2482,kexp,2.25,6,1,0.1,-27.99138396000131,-29.65362946877938
2483,kexp,2.25,6,1,0.05,-27.824836761621377,-29.500041593880752
2484,kexp,2.25,6,1,0.01,-27.771193878882315,-29.450470536417072
2485,kexp,2.25,6,1,0,-27.768955110083382,-29.44840056698258
2486,kexp,2.25,6,1.5,0.5,-36.152440009367474,-37.520512916207764
2487,kexp,2.25,6,1.5,0.1,-32.54094088866119,-34.29370555396289
2488,kexp,2.25,6,1.5,0.05,-32.4097591476906,-34.176575987530704
2489,kexp,2.25,6,1.5,0.01,-32.36749055996398,-34.138826262817176
2490,kexp,2.25,6,1.5,0,-32.36572628210692,-34.1372504995614
2491,kexp,2.25,8,0.5,0.5,-28.510901177662483,-29.653965114161558
2492,kexp,2.25,8,0.5,0.1,-23.273170152490966,-24.910371831534217
2493,kexp,2.25,8,0.5,0.05,-23.13420137324517,-24.75851248796949
2494,kexp,2.25,8,0.5,0.01,-23.092174680680838,-24.71068855617955
2495,kexp,2.25,8,0.5,0,-23.090452229041503,-24.708705159407174
2496,kexp,2.25,8,1,0.5,-32.94691262702094,-34.29409490218848
2497,kexp,2.25,8,1,0.1,-28.654882716315182,-30.4941043555296
2498,kexp,2.25,8,1,0.05,-28.50097428820714,-30.356249048186307
2499,kexp,2.25,8,1,0.01,-28.451504607643045,-30.311854825657218
2500,kexp,2.25,8,1,0,-28.449441131598075,-30.310002108165992
2501,kexp,2.25,8,1.5,0.5,-36.613415696319606,-38.09804574378059
2502,kexp,2.25,8,1.5,0.1,-33.1897718493962,-35.1095843206866
2503,kexp,2.25,8,1.5,0.05,-33.06744307788738,-35.00337100002752
2504,kexp,2.25,8,1.5,0.01,-33.02807046353332,-34.96918440384664
2505,kexp,2.25,8,1.5,0,-33.026427532522504,-34.96775785782602
2506,kexp,2.25,10,0.5,0.5,-28.782100342887855,-30.004821994535774
2507,kexp,2.25,10,0.5,0.1,-23.73839744509063,-25.560675441409252
2508,kexp,2.25,10,0.5,0.05,-23.61059021162037,-25.425682209355543
2509,kexp,2.25,10,0.5,0.01,-23.572300550776887,-25.38345330754897
2510,kexp,2.25,10,0.5,0,-23.570735678194275,-25.381705220237087
2511,kexp,2.25,10,1,0.5,-33.221973383186125,-34.65975850750274
2512,kexp,2.25,10,1,0.1,-29.053706772326088,-31.042028315873612
2513,kexp,2.25,10,1,0.05,-28.905933658386942,-30.912896495438297
2514,kexp,2.25,10,1,0.01,-28.858481575775528,-30.871358999162787
2515,kexp,2.25,10,1,0,-28.856502759394093,-30.869626018315223
2516,kexp,2.25,10,1.5,0.5,-36.89600222247826,-38.476215884194445
2517,kexp,2.25,10,1.5,0.1,-33.56676140468425,-35.62351916100261
2518,kexp,2.25,10,1.5,0.05,-33.448660568797244,-35.523203750846676
2519,kexp,2.25,10,1.5,0.01,-33.410667071841026,-35.49093597480719
2520,kexp,2.25,10,1.5,0,-33.40908188653297,-35.48958971774837
2521,kexp,2.25,25,0.5,0.5,-29.578587684136746,-31.112833319304528
2522,kexp,2.25,25,0.5,0.1,-24.963466231613598,-27.518648352019753
2523,kexp,2.25,25,0.5,0.05,-24.856184270931614,-27.4274722610514
2524,kexp,2.25,25,0.5,0.01,-24.824693563521002,-27.399659800283725
2525,kexp,2.25,25,0.5,0,-24.82341462321681,-27.398516712964618
2526,kexp,2.25,25,1,0.5,-33.89942661743233,-35.673013755982815
2527,kexp,2.25,25,1,0.1,-29.937135969704464,-32.470976744077454
2528,kexp,2.25,25,1,0.05,-29.798406215411383,-32.360013739512134
2529,kexp,2.25,25,1,0.01,-29.753910422178425,-32.32439087923758
2530,kexp,2.25,25,1,0,-29.75205546747008,-32.3229054247702
2531,kexp,2.25,25,1.5,0.5,-37.52497252133208,-39.44726975645473
2532,kexp,2.25,25,1.5,0.1,-34.33555829673632,-36.873863104219815
2533,kexp,2.25,25,1.5,0.05,-34.22322033000862,-36.78483067316436
2534,kexp,2.25,25,1.5,0.01,-34.18709937175136,-36.75621855127388
2535,kexp,2.25,25,1.5,0,-34.18559251562669,-36.75502509544558
2536,kexp,2.5,0.2,0.5,0.5,-31.93064301733473,-32.72569850075991
2537,kexp,2.5,0.2,0.5,0.1,-61.27006580065703,-65.28807322930302
2538,kexp,2.5,0.2,0.5,0.05,-71.39128075899197,-76.15744265427708
2539,kexp,2.5,0.2,0.5,0.01,-77.1294832094104,-82.27055983954634
2540,kexp,2.5,0.2,0.5,0,-77.43273117898848,-82.59297208155186
2541,kexp,2.5,0.2,1,0.5,-32.61601089472479,-33.39256391713833
2542,kexp,2.5,0.2,1,0.1,-40.2518529636792,-42.65556411909476
2543,kexp,2.5,0.2,1,0.05,-42.6622027715463,-45.305735193502954
2544,kexp,2.5,0.2,1,0.01,-43.82146349388224,-46.56884428192014
2545,kexp,2.5,0.2,1,0,-43.87721665311662,-46.62945416616269
2546,kexp,2.5,0.2,1.5,0.5,-33.50334675505517,-34.24997453968811
2547,kexp,2.5,0.2,1.5,0.1,-34.39999291178974,-36.17934001149036
2548,kexp,2.5,0.2,1.5,0.05,-35.13149483191954,-37.0305996219751
2549,kexp,2.5,0.2,1.5,0.01,-35.467000920128726,-37.41439055909562
2550,kexp,2.5,0.2,1.5,0,-35.482701910804614,-37.432271627323566
2551,kexp,2.5,0.5,0.5,0.5,-29.98602127346427,-31.16239865034071
2552,kexp,2.5,0.5,0.5,0.1,-29.26600912980684,-32.96298518391267
2553,kexp,2.5,0.5,0.5,0.05,-30.007513190870576,-34.01784095238953
2554,kexp,2.5,0.5,0.5,0.01,-30.391531726825523,-34.531555871933826
2555,kexp,2.5,0.5,0.5,0,-30.41021049340216,-34.5561723296969
2556,kexp,2.5,0.5,1,0.5,-30.95968337927531,-32.12656455508297
2557,kexp,2.5,0.5,1,0.1,-24.93399064629288,-27.27852148761503
2558,kexp,2.5,0.5,1,0.05,-24.633721523763526,-27.076492991682624
2559,kexp,2.5,0.5,1,0.01,-24.535862468726428,-27.01511651007414
2560,kexp,2.5,0.5,1,0,-24.531784118032686,-27.0126317785086
2561,kexp,2.5,0.5,1.5,0.5,-32.46537285619664,-33.59267719945243
2562,kexp,2.5,0.5,1.5,0.1,-25.894215084193032,-27.752007416862106
2563,kexp,2.5,0.5,1.5,0.05,-25.50304971696725,-27.410505662601768
2564,kexp,2.5,0.5,1.5,0.01,-25.368675466868737,-27.29372920328586
2565,kexp,2.5,0.5,1.5,0,-25.362965426260548,-27.288775028124046
2566,kexp,2.5,1,0.5,0.5,-28.309151048426674,-29.556389551030385
2567,kexp,2.5,1,0.5,0.1,-20.0666048480257,-22.482506516794885
2568,kexp,2.5,1,0.5,0.05,-19.593681269451693,-22.078778021653278
2569,kexp,2.5,1,0.5,0.01,-19.436790407131646,-21.947205345717077
2570,kexp,2.5,1,0.5,0,-19.430206267434315,-21.941724701885718
2571,kexp,2.5,1,1,0.5,-30.154356636566618,-31.386053254070088
2572,kexp,2.5,1,1,0.1,-22.194628564701805,-24.03644926918944
2573,kexp,2.5,1,1,0.05,-21.73724901427192,-23.609729170780668
2574,kexp,2.5,1,1,0.01,-21.58199795452448,-23.464880169377608
2575,kexp,2.5,1,1,0,-21.575423718675825,-23.45874679794074
2576,kexp,2.5,1,1.5,0.5,-32.411010510095664,-33.63251148512386
2577,kexp,2.5,1,1.5,0.1,-25.569663656005893,-27.21759748047475
2578,kexp,2.5,1,1.5,0.05,-25.207508942611646,-26.874764721716524
2579,kexp,2.5,1,1.5,0.01,-25.08626633243676,-26.75992175881264
2580,kexp,2.5,1,1.5,0,-25.081152969152633,-26.75507759668822
2581,kexp,2.5,1.5,0.5,0.5,-27.443372554293127,-28.598342464988583
2582,kexp,2.5,1.5,0.5,0.1,-18.755960322506755,-20.479565869709457
2583,kexp,2.5,1.5,0.5,0.05,-18.293396858174376,-20.018086896365748
2584,kexp,2.5,1.5,0.5,0.01,-18.138499440635684,-19.86272833045109
2585,kexp,2.5,1.5,0.5,0,-18.131966219319846,-19.856167055963386
2586,kexp,2.5,1.5,1,0.5,-30.057960372670923,-31.237765195110708
2587,kexp,2.5,1.5,1,0.1,-22.656779896967905,-24.24687583467287
2588,kexp,2.5,1.5,1,0.05,-22.27806779424623,-23.882377902789003
2589,kexp,2.5,1.5,1,0.01,-22.151794925212997,-23.760670374467036
2590,kexp,2.5,1.5,1,0,-22.146475289261996,-23.75554116714861
2591,kexp,2.5,1.5,1.5,0.5,-32.77500598694027,-33.99096541702397
2592,kexp,2.5,1.5,1.5,0.1,-26.663571283693983,-28.217191920769434
2593,kexp,2.5,1.5,1.5,0.05,-26.374615979586142,-27.94100402269484
2594,kexp,2.5,1.5,1.5,0.01,-26.27930486444561,-27.849820006840634
2595,kexp,2.5,1.5,1.5,0,-26.27530174597783,-27.845989304279712
2596,kexp,2.5,2,0.5,0.5,-27.097668871636163,-28.174764822421793
2597,kexp,2.5,2,0.5,0.1,-18.940500091888758,-20.346480641799932
2598,kexp,2.5,2,0.5,0.05,-18.56135942549353,-19.94360136680668
2599,kexp,2.5,2,0.5,0.01,-18.436511874069275,-19.809271107137814
2600,kexp,2.5,2,0.5,0,-18.43127007831082,-19.8036119071207
2601,kexp,2.5,2,1,0.5,-30.23948279085271,-31.38939605788745
2602,kexp,2.5,2,1,0.1,-23.488895375006276,-24.984255311190775
2603,kexp,2.5,2,1,0.05,-23.172494466324398,-24.676873572676705
2604,kexp,2.5,2,1,0.01,-23.068147561662855,-24.575296575384996
2605,kexp,2.5,2,1,0,-23.06376497877057,-24.571028072430334
2606,kexp,2.5,2,1.5,0.5,-33.22889840843522,-34.450290893852596
2607,kexp,2.5,2,1.5,0.1,-27.722571180065625,-29.260046671248787
2608,kexp,2.5,2,1.5,0.05,-27.480962426074772,-29.029504556912244
2609,kexp,2.5,2,1.5,0.01,-27.401900219170802,-28.953989233140256
2610,kexp,2.5,2,1.5,0,-27.39858671232691,-28.95082356093807
2611,kexp,2.5,2.5,0.5,0.5,-27.028286264080965,-28.0634395639987
2612,kexp,2.5,2.5,0.5,0.1,-19.46796848960426,-20.740056136745928
2613,kexp,2.5,2.5,0.5,0.05,-19.158340673360048,-20.396482080438926
2614,kexp,2.5,2.5,0.5,0.01,-19.058174124392874,-20.28317888741845
2615,kexp,2.5,2.5,0.5,0,-19.053989236792162,-20.278419926987112
2616,kexp,2.5,2.5,1,0.5,-30.514962737170848,-31.66163507551529
2617,kexp,2.5,2.5,1,0.1,-24.289577148908823,-25.765515008130013
2618,kexp,2.5,2.5,1,0.05,-24.01622931436875,-25.499540633229987
2619,kexp,2.5,2.5,1,0.01,-23.92672768642012,-25.41224293052601
2620,kexp,2.5,2.5,1,0,-23.92297595846289,-25.40858126934173
2621,kexp,2.5,2.5,1.5,0.5,-33.673199395343126,-34.91472818877476
2622,kexp,2.5,2.5,1.5,0.1,-28.618639526902317,-30.176899605066673
2623,kexp,2.5,2.5,1.5,0.05,-28.408069861243693,-29.977134725970423
2624,kexp,2.5,2.5,1.5,0.01,-28.339498417785684,-29.91201803016939
2625,kexp,2.5,2.5,1.5,0,-28.336628299090005,-29.909291816865156
2626,kexp,2.5,3,0.5,0.5,-27.08780844108711,-28.10764911757519
2627,kexp,2.5,3,0.5,0.1,-20.02955929095546,-21.2582730331685
2628,kexp,2.5,3,0.5,0.05,-19.770746830418393,-20.961441739812866
2629,kexp,2.5,3,0.5,0.01,-19.688411243916175,-20.864514887506086
2630,kexp,2.5,3,0.5,0,-19.68498748094329,-20.860454826018845
2631,kexp,2.5,3,1,0.5,-30.804274974036055,-31.96435703105857
2632,kexp,2.5,3,1,0.1,-24.981900230130826,-26.474909357110302
2633,kexp,2.5,3,1,0.05,-24.73856031751885,-26.238718980207686
2634,kexp,2.5,3,1,0.01,-24.659284508482983,-26.1615650093801
2635,kexp,2.5,3,1,0,-24.655965924153115,-26.158332963815823
2636,kexp,2.5,3,1.5,0.5,-34.07420936078968,-35.34472158906358
2637,kexp,2.5,3,1.5,0.1,-29.356922330848164,-30.953472540796827
2638,kexp,2.5,3,1.5,0.05,-29.167629910157338,-30.775270229813184
2639,kexp,2.5,3,1.5,0.01,-29.106185146559564,-30.71737106423951
2640,kexp,2.5,3,1.5,0,-29.103615505293497,-30.714949109820388
2641,kexp,2.5,3.5,0.5,0.5,-27.202072046239568,-28.223233752107994
2642,kexp,2.5,3.5,0.5,0.1,-20.54031505134173,-21.772167417386378
2643,kexp,2.5,3.5,0.5,0.05,-20.31793810984132,-21.510565902944098
2644,kexp,2.5,3.5,0.5,0.01,-20.248272840854384,-21.42586494004975
2645,kexp,2.5,3.5,0.5,0,-20.24538859942412,-21.42232529646387
2646,kexp,2.5,3.5,1,0.5,-31.076775885605894,-32.25964145070506
2647,kexp,2.5,3.5,1,0.1,-25.562984227422636,-27.091493322120453
2648,kexp,2.5,3.5,1,0.05,-25.34107571329449,-26.87714915547484
2649,kexp,2.5,3.5,1,0.01,-25.26904627857822,-26.80737412633703
2650,kexp,2.5,3.5,1,0,-25.266033986571145,-26.80445389866206
2651,kexp,2.5,3.5,1.5,0.5,-34.42486861848017,-35.729117313140826
2652,kexp,2.5,3.5,1.5,0.1,-29.96314007739628,-31.60657611426189
2653,kexp,2.5,3.5,1.5,0.05,-29.788997270198767,-31.44404294723173
2654,kexp,2.5,3.5,1.5,0.01,-29.73259652650235,-31.39135612080054
2655,kexp,2.5,3.5,1.5,0,-29.730239215690766,-31.389153532800606
2656,kexp,2.5,4,0.5,0.5,-27.335672471462438,-28.368102187005185
2657,kexp,2.5,4,0.5,0.1,-20.98414281845314,-22.24394678387835
2658,kexp,2.5,4,0.5,0.05,-20.78820144783868,-22.008990657689736
2659,kexp,2.5,4,0.5,0.01,-20.727664578762163,-21.933464701688784
2660,kexp,2.5,4,0.5,0,-20.725168309718242,-21.930314783834163
2661,kexp,2.5,4,1,0.5,-31.322785542576867,-32.53352492972488
2662,kexp,2.5,4,1,0.1,-26.047942568112493,-27.621461593648448
2663,kexp,2.5,4,1,0.05,-25.841751241337402,-27.423550224725318
2664,kexp,2.5,4,1,0.01,-25.77500646311682,-27.359292322249214
2665,kexp,2.5,4,1,0,-25.77221721064486,-27.35660485947066
2666,kexp,2.5,4,1.5,0.5,-34.727878978949306,-36.068221310849125
2667,kexp,2.5,4,1.5,0.1,-30.46314914599638,-32.15763887292314
2668,kexp,2.5,4,1.5,0.05,-30.3001364620248,-32.00685864245258
2669,kexp,2.5,4,1.5,0.01,-30.247425761325616,-31.958063961298738
2670,kexp,2.5,4,1.5,0,-30.245223611024475,-31.956024984755473
2671,kexp,2.5,6,0.5,0.5,-27.842355466102962,-28.95806335983125
2672,kexp,2.5,6,0.5,0.1,-22.22290553383751,-23.680103893906374
2673,kexp,2.5,6,0.5,0.05,-22.082431448834473,-23.5059547631949
2674,kexp,2.5,6,0.5,0.01,-22.040855754803175,-23.451106128177862
2675,kexp,2.5,6,0.5,0,-22.039163256324887,-23.448831567720866
2676,kexp,2.5,6,1,0.5,-32.051611501656105,-33.38771747478043
2677,kexp,2.5,6,1,0.1,-27.334095785125125,-29.11356738402409
2678,kexp,2.5,6,1,0.05,-27.16158781171101,-28.952977523905805
2679,kexp,2.5,6,1,0.01,-27.106082376944027,-28.90114172388507
2680,kexp,2.5,6,1,0,-27.10376652617301,-28.898977139990347
2681,kexp,2.5,6,1.5,0.5,-35.577024959924536,-37.063448782867596
2682,kexp,2.5,6,1.5,0.1,-31.768369724401392,-33.672224710535694
2683,kexp,2.5,6,1.5,0.05,-31.629309837149254,-33.54805737377589
2684,kexp,2.5,6,1.5,0.01,-31.58449501974487,-33.50802053291936
2685,kexp,2.5,6,1.5,0,-31.582624382860104,-33.50634909748652
2686,kexp,2.5,8,0.5,0.5,-28.219073970657114,-29.427688916691427
2687,kexp,2.5,8,0.5,0.1,-22.949307195702275,-24.622147508435397
2688,kexp,2.5,8,0.5,0.05,-22.83176659455966,-24.4774521775875
2689,kexp,2.5,8,0.5,0.01,-22.79794845999708,-24.432475102132692
2690,kexp,2.5,8,0.5,0,-22.796583936962556,-24.430616836709188
2691,kexp,2.5,8,1,0.5,-32.496839663914514,-33.9499395659163
2692,kexp,2.5,8,1,0.1,-28.033611467068027,-30.00643380218037
2693,kexp,2.5,8,1,0.05,-27.874972707322428,-29.86316436528446
2694,kexp,2.5,8,1,0.01,-27.824058725355425,-29.81703971937607
2695,kexp,2.5,8,1,0,-27.821935869035492,-29.815114941786113
2696,kexp,2.5,8,1.5,0.5,-36.06510075358384,-37.68061680320473
2697,kexp,2.5,8,1.5,0.1,-32.460262813266894,-34.55014152085953
2698,kexp,2.5,8,1.5,0.05,-32.331037299383524,-34.438161660330984
2699,kexp,2.5,8,1.5,0.01,-32.28944546859123,-34.4021089324423
2700,kexp,2.5,8,1.5,0,-32.28770994646432,-34.40060441021825
2701,kexp,2.5,10,0.5,0.5,-28.493865647506674,-29.786436867226076
2702,kexp,2.5,10,0.5,0.1,-23.419928608031906,-25.288124094839905
2703,kexp,2.5,10,0.5,0.05,-23.313892546027468,-25.160979089471443
2704,kexp,2.5,10,0.5,0.01,-23.2839431920569,-25.12183514427667
2705,kexp,2.5,10,0.5,0,-23.282742005082792,-25.120222329068287
2706,kexp,2.5,10,1,0.5,-32.78481090850267,-34.33709263467625
2707,kexp,2.5,10,1,0.1,-28.453058184122792,-30.58995933562177
2708,kexp,2.5,10,1,0.05,-28.30110687293513,-30.456278332700762
2709,kexp,2.5,10,1,0.01,-28.252397661967,-30.413298972111324
2710,kexp,2.5,10,1,0,-28.25036738169595,-30.411506084310865
2711,kexp,2.5,10,1.5,0.5,-36.36563510799834,-38.08780143304454
2712,kexp,2.5,10,1.5,0.1,-32.86317056152764,-35.10662318258885
2713,kexp,2.5,10,1.5,0.05,-32.73863125748711,-35.00124197627184
2714,kexp,2.5,10,1.5,0.01,-32.69857065268363,-34.96733865912391
2715,kexp,2.5,10,1.5,0,-32.69689927397157,-34.96592410279826
2716,kexp,2.5,25,0.5,0.5,-29.313183922710074,-30.94548174550213
2717,kexp,2.5,25,0.5,0.1,-24.652705253218876,-27.324179082186802
2718,kexp,2.5,25,0.5,0.05,-24.5662438796827,-27.242423223556976
2719,kexp,2.5,25,0.5,0.01,-24.542806637667162,-27.218225913083923
2720,kexp,2.5,25,0.5,0,-24.541879683899193,-27.217240502355907
2721,kexp,2.5,25,1,0.5,-33.49459129843717,-35.42078386048993
2722,kexp,2.5,25,1,0.1,-29.372677727267813,-32.12074181934467
2723,kexp,2.5,25,1,0.05,-29.23011037397654,-32.00684726689483
2724,kexp,2.5,25,1,0.01,-29.18447700278677,-31.970316023239903
2725,kexp,2.5,25,1,0,-29.182575685937984,-31.968793063741508
2726,kexp,2.5,25,1.5,0.5,-37.033594954073145,-39.14126591423338
2727,kexp,2.5,25,1.5,0.1,-33.67812885195801,-36.467201361069336
2728,kexp,2.5,25,1.5,0.05,-33.55976783855705,-36.374376682524655
2729,kexp,2.5,25,1.5,0.01,-33.52171833411706,-36.34454501481181
2730,kexp,2.5,25,1.5,0,-33.52013112002211,-36.343300684276386
