model_no,k_name,l1,l2,b,meas_error,lppd_exact,lppd_LOPO
1,ksqexp,1,0.2,0.5,0.5,-43.89566061060595,-43.41939441724088
2,ksqexp,1,0.2,0.5,0.1,-261.82769429188613,-274.8388630782277
3,ksqexp,1,0.2,0.5,0.05,-577.3528362843214,-635.7462503730009
4,ksqexp,1,0.2,0.5,0.01,-9699.814284584816,-10046.490139663827
5,ksqexp,1,0.2,0.5,0,-1055086.3282845519,-1055459.287800318
6,ksqexp,1,0.2,1,0.5,-43.60279735165284,-43.321029864327855
7,ksqexp,1,0.2,1,0.1,-186.21768812657217,-201.84152916609858
8,ksqexp,1,0.2,1,0.05,-477.95087826351596,-525.6708881134955
9,ksqexp,1,0.2,1,0.01,-9065.456347987752,-9310.648117887278
10,ksqexp,1,0.2,1,0,-527519.6954768341,-527706.492949595
11,ksqexp,1,0.2,1.5,0.5,-43.32589944103805,-43.21044133155356
12,ksqexp,1,0.2,1.5,0.1,-157.1259035242138,-172.69022912673364
13,ksqexp,1,0.2,1.5,0.05,-446.8338592028701,-487.2309558129295
14,ksqexp,1,0.2,1.5,0.01,-8678.299812376019,-8872.392211186456
15,ksqexp,1,0.2,1.5,0,-351666.7478661552,-351791.4913371423
16,ksqexp,1,0.5,0.5,0.5,-37.57241231244773,-36.89071762282041
17,ksqexp,1,0.5,0.5,0.1,-113.9774193879174,-118.02904622077439
18,ksqexp,1,0.5,0.5,0.05,-313.32224536605196,-331.08689556010097
19,ksqexp,1,0.5,0.5,0.01,-3103.833918404642,-3124.686425407108
20,ksqexp,1,0.5,0.5,0,-5222.004023100836,-5232.07973467248
21,ksqexp,1,0.5,1,0.5,-36.70012132400894,-36.25267160118297
22,ksqexp,1,0.5,1,0.1,-95.00588375069714,-100.59005735864274
23,ksqexp,1,0.5,1,0.05,-284.52735381290466,-297.17209580430097
24,ksqexp,1,0.5,1,0.01,-1942.0666545571785,-1950.814103535836
25,ksqexp,1,0.5,1,0,-2608.892835292836,-2614.4109152348087
26,ksqexp,1,0.5,1.5,0.5,-36.83330270414649,-36.60682157393699
27,ksqexp,1,0.5,1.5,0.1,-89.99806108446516,-95.42464143579085
28,ksqexp,1,0.5,1.5,0.05,-269.73195738075935,-279.3790684631684
29,ksqexp,1,0.5,1.5,0.01,-1416.1844558825549,-1421.7120237238917
30,ksqexp,1,0.5,1.5,0,-1740.6464254374557,-1744.6452948538279
31,ksqexp,1,1,0.5,0.5,-35.93956125376717,-34.98432247821969
32,ksqexp,1,1,0.5,0.1,-75.9441723821392,-71.11139544947531
33,ksqexp,1,1,0.5,0.05,-113.39401961276842,-108.47108328331278
34,ksqexp,1,1,0.5,0.01,-144.88556285533008,-140.02471123979979
35,ksqexp,1,1,0.5,0,-146.74110428263356,-141.8846470253045
36,ksqexp,1,1,1,0.5,-36.89037579500764,-36.18561342678664
37,ksqexp,1,1,1,0.1,-58.727342993672046,-56.8002638415984
38,ksqexp,1,1,1,0.05,-73.94408848767645,-72.04942682969903
39,ksqexp,1,1,1,0.01,-82.92927868182089,-81.06238563617643
40,ksqexp,1,1,1,0,-83.38268145675804,-81.51720267267086
41,ksqexp,1,1,1.5,0.5,-38.358205833032,-37.915020840968104
42,ksqexp,1,1,1.5,0.1,-52.61428399544668,-51.69657626923066
43,ksqexp,1,1,1.5,0.05,-60.750240344278694,-59.864569174550894
44,ksqexp,1,1,1.5,0.01,-64.85814255805973,-63.98889075626761
45,ksqexp,1,1,1.5,0,-65.05386394605242,-64.18537798637557
46,ksqexp,1,1.5,0.5,0.5,-37.56566256941673,-36.494636161940726
47,ksqexp,1,1.5,0.5,0.1,-59.12584212633499,-51.930572106746574
48,ksqexp,1,1.5,0.5,0.05,-63.74762088904666,-55.73096137999316
49,ksqexp,1,1.5,0.5,0.01,-65.58159272218191,-57.26517256157422
50,ksqexp,1,1.5,0.5,0,-65.66274022346676,-57.33337077894347
51,ksqexp,1,1.5,1,0.5,-39.27769940603777,-38.43966487939151
52,ksqexp,1,1.5,1,0.1,-45.74359606029659,-42.50244462076841
53,ksqexp,1,1.5,1,0.05,-46.802233019975425,-43.35702621244154
54,ksqexp,1,1.5,1,0.01,-47.18790922223949,-43.67261396533935
55,ksqexp,1,1.5,1,0,-47.20454110633925,-43.68627029900116
56,ksqexp,1,1.5,1.5,0.5,-41.18143393384914,-40.61923713861475
57,ksqexp,1,1.5,1.5,0.1,-43.32338916818241,-41.523528905811666
58,ksqexp,1,1.5,1.5,0.05,-43.70216724348879,-41.81736026264562
59,ksqexp,1,1.5,1.5,0.01,-43.836705395309835,-41.92333950231706
60,ksqexp,1,1.5,1.5,0,-43.842464833934244,-41.92789357234014
61,ksqexp,1,2,0.5,0.5,-38.7427783445416,-37.720387016822414
62,ksqexp,1,2,0.5,0.1,-53.58854820407511,-46.52952901686752
63,ksqexp,1,2,0.5,0.05,-55.613998192556664,-47.79065488821399
64,ksqexp,1,2,0.5,0.01,-56.336604434477536,-48.24069061507399
65,ksqexp,1,2,0.5,0,-56.3675834246228,-48.25998517327079
66,ksqexp,1,2,1,0.5,-40.559442424351616,-39.7833880094357
67,ksqexp,1,2,1,0.1,-43.96984733184974,-40.87841934134012
68,ksqexp,1,2,1,0.05,-44.354090003244345,-41.07725221694579
69,ksqexp,1,2,1,0.01,-44.485736141214275,-41.1460760305461
70,ksqexp,1,2,1,0,-44.491318072981244,-41.14900156260775
71,ksqexp,1,2,1.5,0.5,-42.61266092642435,-42.126503816066815
72,ksqexp,1,2,1.5,0.1,-43.18091392986415,-41.529128879056856
73,ksqexp,1,2,1.5,0.05,-43.28585998438037,-41.558273826051604
74,ksqexp,1,2,1.5,0.01,-43.32170160335392,-41.568874783536174
75,ksqexp,1,2,1.5,0,-43.32321972246756,-41.569330459101074
76,ksqexp,1,2.5,0.5,0.5,-39.462592682387324,-38.53698754045415
77,ksqexp,1,2.5,0.5,0.1,-51.697594006972786,-45.17139804465233
78,ksqexp,1,2.5,0.5,0.05,-53.21654494842926,-45.99424200384492
79,ksqexp,1,2.5,0.5,0.01,-53.751699588658475,-46.28221136602527
80,ksqexp,1,2.5,0.5,0,-53.774563524027755,-46.29449224673927
81,ksqexp,1,2.5,1,0.5,-41.265266654401266,-40.60288084981309
82,ksqexp,1,2.5,1,0.1,-43.805804102804316,-41.03571913886972
83,ksqexp,1,2.5,1,0.05,-44.08423629779985,-41.14693287985895
84,ksqexp,1,2.5,1,0.01,-44.17912167224376,-41.185260043599946
85,ksqexp,1,2.5,1,0,-44.18313916027177,-41.186887177821966
86,ksqexp,1,2.5,1.5,0.5,-43.41527565510503,-43.046930510938346
87,ksqexp,1,2.5,1.5,0.1,-43.68014597977854,-42.269713464564454
88,ksqexp,1,2.5,1.5,0.05,-43.75131353071465,-42.27315245812985
89,ksqexp,1,2.5,1.5,0.01,-43.775624758328924,-42.27492761482806
90,ksqexp,1,2.5,1.5,0,-43.77665447239771,-42.275008921573715
91,ksqexp,1,3,0.5,0.5,-39.96269715365345,-39.11633502499643
92,ksqexp,1,3,0.5,0.1,-51.15197416549557,-44.97339106307225
93,ksqexp,1,3,0.5,0.05,-52.50819715370432,-45.66732592834308
94,ksqexp,1,3,0.5,0.01,-52.985093836652055,-45.90922373819723
95,ksqexp,1,3,0.5,0,-53.005458354228494,-45.91952915227022
96,ksqexp,1,3,1,0.5,-41.73543163947569,-41.158227344477886
97,ksqexp,1,3,1,0.1,-43.99969934281497,-41.43124831886813
98,ksqexp,1,3,1,0.05,-44.24854162808894,-41.521510382479114
99,ksqexp,1,3,1,0.01,-44.33330584169866,-41.55264301661462
100,ksqexp,1,3,1,0,-44.33689436716051,-41.55396494714019
101,ksqexp,1,3,1.5,0.5,-43.93789957398644,-43.65259913060896
102,ksqexp,1,3,1.5,0.1,-44.15125162526154,-42.88887252586095
103,ksqexp,1,3,1.5,0.05,-44.215236845403474,-42.88884234222861
104,ksqexp,1,3,1.5,0.01,-44.23710354587034,-42.88940403034855
105,ksqexp,1,3,1.5,0,-44.238029804852765,-42.88943364549072
106,ksqexp,1,3.5,0.5,0.5,-40.30425574054763,-39.51244906414926
107,ksqexp,1,3.5,0.5,0.1,-50.95321697896097,-44.965607722568215
108,ksqexp,1,3.5,0.5,0.05,-52.23211361280195,-45.59770398504493
109,ksqexp,1,3.5,0.5,0.01,-52.6816475488829,-45.81777412492002
110,ksqexp,1,3.5,0.5,0,-52.700841801808124,-45.82714672683741
111,ksqexp,1,3.5,1,0.5,-42.04101410636154,-41.517807234086376
112,ksqexp,1,3.5,1,0.1,-44.17252670065998,-41.71393621758192
113,ksqexp,1,3.5,1,0.05,-44.40782531770475,-41.79451578023451
114,ksqexp,1,3.5,1,0.01,-44.48798137931862,-41.8223434253581
115,ksqexp,1,3.5,1,0,-44.49137486864275,-41.82352537236212
116,ksqexp,1,3.5,1.5,0.5,-44.267574370421585,-44.0328008536072
117,ksqexp,1,3.5,1.5,0.1,-44.46283496882269,-43.28097054857082
118,ksqexp,1,3.5,1.5,0.05,-44.52381568239048,-43.27955745156422
119,ksqexp,1,3.5,1.5,0.01,-44.544659679635664,-43.2796328131369
120,ksqexp,1,3.5,1.5,0,-44.54554265763761,-43.27964168759902
121,ksqexp,1,4,0.5,0.5,-40.54386821369505,-39.78981093332414
122,ksqexp,1,4,0.5,0.1,-50.89677472837679,-45.02463345352657
123,ksqexp,1,4,0.5,0.05,-52.1336814850471,-45.62286166040123
124,ksqexp,1,4,0.5,0.01,-52.56843181568763,-45.83103287244309
125,ksqexp,1,4,0.5,0,-52.586994670430705,-45.839897628197505
126,ksqexp,1,4,1,0.5,-42.24480050417914,-41.75660552936363
127,ksqexp,1,4,1,0.1,-44.30443540411096,-41.91109119715979
128,ksqexp,1,4,1,0.05,-44.53241905505577,-41.986345526972194
129,ksqexp,1,4,1,0.01,-44.61009194715326,-42.012359888987625
130,ksqexp,1,4,1,0,-44.61338040250476,-42.01346508384097
131,ksqexp,1,4,1.5,0.5,-44.47923315979249,-44.27604188105112
132,ksqexp,1,4,1.5,0.1,-44.66563954000259,-43.5310500421957
133,ksqexp,1,4,1.5,0.05,-44.72500978973603,-43.52884822167021
134,ksqexp,1,4,1.5,0.01,-44.745305948895734,-43.528647236030025
135,ksqexp,1,4,1.5,0,-44.74616574658036,-43.52864433578492
136,ksqexp,1,6,0.5,0.5,-41.01062050811674,-40.32344192002941
137,ksqexp,1,6,0.5,0.1,-51.07358643368468,-45.39574311751358
138,ksqexp,1,6,0.5,0.05,-52.25986385642425,-45.95479304348781
139,ksqexp,1,6,0.5,0.01,-52.67675415793388,-46.149099062140536
140,ksqexp,1,6,0.5,0,-52.69455398331747,-46.157371078479834
141,ksqexp,1,6,1,0.5,-42.612120154238085,-42.181594422981085
142,ksqexp,1,6,1,0.1,-44.6033773357058,-42.31366144059902
143,ksqexp,1,6,1,0.05,-44.822673171026224,-42.38297557616156
144,ksqexp,1,6,1,0.01,-44.89738750755159,-42.40694894123667
145,ksqexp,1,6,1,0,-44.90055073068911,-42.40796756031919
146,ksqexp,1,6,1.5,0.5,-44.83000815998082,-44.67573623474454
147,ksqexp,1,6,1.5,0.1,-45.01515374595135,-43.952200732653836
148,ksqexp,1,6,1.5,0.05,-45.07270206312582,-43.9492954036195
149,ksqexp,1,6,1.5,0.01,-45.09237311846064,-43.94883712390747
150,ksqexp,1,6,1.5,0,-45.093206413198395,-43.94882315432937
151,ksqexp,1,8,0.5,0.5,-41.07395545291472,-40.3997761436724
152,ksqexp,1,8,0.5,0.1,-50.93354889548746,-45.291487735386795
153,ksqexp,1,8,0.5,0.05,-52.09733765051593,-45.82964824666728
154,ksqexp,1,8,0.5,0.01,-52.506492450713466,-46.016760147908656
155,ksqexp,1,8,0.5,0,-52.52396395251293,-46.02472673419091
156,ksqexp,1,8,1,0.5,-42.658339428517735,-42.23816931125133
157,ksqexp,1,8,1,0.1,-44.583351157745376,-42.311319411106595
158,ksqexp,1,8,1,0.05,-44.79791845457872,-42.37626787661614
159,ksqexp,1,8,1,0.01,-44.87105803767719,-42.3987857950118
160,ksqexp,1,8,1,0,-44.87415497774404,-42.39974313705175
161,ksqexp,1,8,1.5,0.5,-44.87998837675924,-44.73379997806949
162,ksqexp,1,8,1.5,0.1,-45.03899841692224,-43.98743789462898
163,ksqexp,1,8,1.5,0.05,-45.09492763178472,-43.98305340835934
164,ksqexp,1,8,1.5,0.01,-45.11406455259798,-43.98210652996211
165,ksqexp,1,8,1.5,0,-45.114875419540255,-43.982072038069504
166,ksqexp,1,10,0.5,0.5,-41.03739455474382,-40.36528133500229
167,ksqexp,1,10,0.5,0.1,-50.67279726339746,-45.03615531772662
168,ksqexp,1,10,0.5,0.05,-51.817538763506015,-45.55546745325427
169,ksqexp,1,10,0.5,0.01,-52.22024461369792,-45.73619624214663
170,ksqexp,1,10,0.5,0,-52.23744350644165,-45.743892986630215
171,ksqexp,1,10,1,0.5,-42.63323018629995,-42.21459793011632
172,ksqexp,1,10,1,0.1,-44.485621357300396,-42.21601259878799
173,ksqexp,1,10,1,0.05,-44.695972400667564,-42.27677983122676
174,ksqexp,1,10,1,0.01,-44.76772174918919,-42.297918817970654
175,ksqexp,1,10,1,0,-44.77076032042124,-42.29881826314522
176,ksqexp,1,10,1.5,0.5,-44.87119461474149,-44.72610075228995
177,ksqexp,1,10,1.5,0.1,-44.99875865597212,-43.94858429926771
178,ksqexp,1,10,1.5,0.05,-45.05311177403006,-43.94263222202505
179,ksqexp,1,10,1.5,0.01,-45.07173341194546,-43.9411727556989
180,ksqexp,1,10,1.5,0,-45.072522691800614,-43.941116788714695
181,ksqexp,1,25,0.5,0.5,-40.99809825018215,-40.32817687327903
182,ksqexp,1,25,0.5,0.1,-50.29767983563602,-44.667231541825004
183,ksqexp,1,25,0.5,0.05,-51.41545137464001,-45.15982825410045
184,ksqexp,1,25,0.5,0.01,-51.80907713641821,-45.331561568902174
185,ksqexp,1,25,0.5,0,-51.825892761785084,-45.33887860609662
186,ksqexp,1,25,1,0.5,-42.61641402546239,-42.199350327207085
187,ksqexp,1,25,1,0.1,-44.36870833005446,-42.10159321251708
188,ksqexp,1,25,1,0.05,-44.57342964004416,-42.15676692192598
189,ksqexp,1,25,1,0.01,-44.64332728036884,-42.17606586206616
190,ksqexp,1,25,1,0,-44.646288157593744,-42.17688809988861
191,ksqexp,1,25,1.5,0.5,-44.883943059250335,-44.73986269799832
192,ksqexp,1,25,1.5,0.1,-44.97257271847174,-43.9236048895916
193,ksqexp,1,25,1.5,0.05,-45.024990892514836,-43.91572094201805
194,ksqexp,1,25,1.5,0.01,-45.0429805774721,-43.913630429023044
195,ksqexp,1,25,1.5,0,-45.04374338958332,-43.91354803121757
196,ksqexp,1.25,0.2,0.5,0.5,-45.804633320920885,-45.293630963399025
197,ksqexp,1.25,0.2,0.5,0.1,-403.0114137332899,-404.9135402373958
198,ksqexp,1.25,0.2,0.5,0.05,-863.9425480753424,-916.0082604388375
199,ksqexp,1.25,0.2,0.5,0.01,-10527.898416048909,-11239.141680667715
200,ksqexp,1.25,0.2,0.5,0,-4014738.425324411,-4013475.5619069
201,ksqexp,1.25,0.2,1,0.5,-45.74362432997021,-45.3133089503604
202,ksqexp,1.25,0.2,1,0.1,-293.4502390882961,-301.9085915119102
203,ksqexp,1.25,0.2,1,0.05,-636.4819162528394,-696.7068910030779
204,ksqexp,1.25,0.2,1,0.01,-10188.243435345537,-10675.499257038828
205,ksqexp,1.25,0.2,1,0,-2007342.1366970032,-2006711.2662756604
206,ksqexp,1.25,0.2,1.5,0.5,-45.630018728881055,-45.291146930992525
207,ksqexp,1.25,0.2,1.5,0.1,-240.19546608432546,-251.92635056024326
208,ksqexp,1.25,0.2,1.5,0.05,-552.3862710879189,-611.9178125362677
209,ksqexp,1.25,0.2,1.5,0.01,-9951.608051218256,-10339.90087007046
210,ksqexp,1.25,0.2,1.5,0,-1338210.0349429913,-1337789.8291310233
211,ksqexp,1.25,0.5,0.5,0.5,-40.55224026948361,-39.76807595201789
212,ksqexp,1.25,0.5,0.5,0.1,-198.7919778305435,-192.8106781063799
213,ksqexp,1.25,0.5,0.5,0.05,-454.84367923155577,-470.28138264412166
214,ksqexp,1.25,0.5,0.5,0.01,-5920.217939658824,-5965.6039505891295
215,ksqexp,1.25,0.5,0.5,0,-20175.037941417944,-20040.748976647617
216,ksqexp,1.25,0.5,1,0.5,-39.59796026728967,-38.96194131293719
217,ksqexp,1.25,0.5,1,0.1,-149.11243025824447,-149.98591924140567
218,ksqexp,1.25,0.5,1,0.05,-367.97086443974536,-386.75536048283624
219,ksqexp,1.25,0.5,1,0.01,-4550.7848066163515,-4552.012084426807
220,ksqexp,1.25,0.5,1,0,-10076.874448406394,-10010.571673249133
221,ksqexp,1.25,0.5,1.5,0.5,-39.33519133908783,-38.859075311655886
222,ksqexp,1.25,0.5,1.5,0.1,-127.86817579886562,-131.45953852769134
223,ksqexp,1.25,0.5,1.5,0.05,-339.2869246628107,-356.46408491974546
224,ksqexp,1.25,0.5,1.5,0.01,-3700.4743013984003,-3692.217172554517
225,ksqexp,1.25,0.5,1.5,0,-6713.610551542965,-6669.969840111511
226,ksqexp,1.25,1,0.5,0.5,-36.9628216875716,-35.78701166989305
227,ksqexp,1.25,1,0.5,0.1,-122.6123111340465,-110.317490963655
228,ksqexp,1.25,1,0.5,0.05,-245.37476063487867,-228.89341093572014
229,ksqexp,1.25,1,0.5,0.01,-467.67264195394705,-448.3263260005277
230,ksqexp,1.25,1,0.5,0,-488.88934909103114,-469.372833807523
231,ksqexp,1.25,1,1,0.5,-37.33394717060469,-36.34702799164478
232,ksqexp,1.25,1,1,0.1,-94.66023062435599,-88.22506057358355
233,ksqexp,1.25,1,1,0.05,-164.5372364184274,-156.585987984995
234,ksqexp,1.25,1,1,0.01,-242.80135011943275,-234.0621951631741
235,ksqexp,1.25,1,1,0,-248.18758659779678,-239.40708524447862
236,ksqexp,1.25,1,1.5,0.5,-38.12615911905376,-37.39106026867811
237,ksqexp,1.25,1,1.5,0.1,-82.40868188935464,-78.34271194286428
238,ksqexp,1.25,1,1.5,0.05,-128.4257644663672,-123.59644672881572
239,ksqexp,1.25,1,1.5,0.01,-168.35311857601351,-163.1689523382997
240,ksqexp,1.25,1,1.5,0,-170.74432250844586,-165.5424924653936
241,ksqexp,1.25,1.5,0.5,0.5,-37.61814407929711,-36.23542544715001
242,ksqexp,1.25,1.5,0.5,0.1,-95.89336676537211,-80.32486538918178
243,ksqexp,1.25,1.5,0.5,0.05,-119.56758280929903,-100.57360157567908
244,ksqexp,1.25,1.5,0.5,0.01,-131.73600729844375,-111.2397210255925
245,ksqexp,1.25,1.5,0.5,0,-132.3257651115096,-111.75995177658773
246,ksqexp,1.25,1.5,1,0.5,-39.01073503225494,-37.785768265023435
247,ksqexp,1.25,1.5,1,0.1,-65.65021496795373,-57.783996002547745
248,ksqexp,1.25,1.5,1,0.05,-72.81216404984949,-63.969567551397624
249,ksqexp,1.25,1.5,1,0.01,-75.85761920329104,-66.63817407657606
250,ksqexp,1.25,1.5,1,0,-75.9953608512018,-66.75930680493725
251,ksqexp,1.25,1.5,1.5,0.5,-40.451268219250885,-39.50056741576658
252,ksqexp,1.25,1.5,1.5,0.1,-55.406875767829305,-50.559310949316725
253,ksqexp,1.25,1.5,1.5,0.05,-58.666795971615855,-53.376567752408825
254,ksqexp,1.25,1.5,1.5,0.01,-59.95245725145539,-54.500015474111336
255,ksqexp,1.25,1.5,1.5,0,-60.00921619713859,-54.549748580507725
256,ksqexp,1.25,2,0.5,0.5,-38.7571862932295,-37.355454064370704
257,ksqexp,1.25,2,0.5,0.1,-78.91171160085638,-62.95542381519466
258,ksqexp,1.25,2,0.5,0.05,-87.54037633064512,-68.51774289926634
259,ksqexp,1.25,2,0.5,0.01,-90.9547571624773,-70.71909649937301
260,ksqexp,1.25,2,0.5,0,-91.10575141699798,-70.81645873134704
261,ksqexp,1.25,2,1,0.5,-40.49710877600345,-39.25905798176287
262,ksqexp,1.25,2,1,0.1,-55.50088604004991,-47.65111773843785
263,ksqexp,1.25,2,1,0.05,-57.62006682179936,-48.94840608153907
264,ksqexp,1.25,2,1,0.01,-58.38531007283934,-49.41877899182485
265,ksqexp,1.25,2,1,0,-58.418239869130986,-49.4390415002505
266,ksqexp,1.25,2,1.5,0.5,-42.14770989980628,-41.210673571278704
267,ksqexp,1.25,2,1.5,0.1,-49.17172719291802,-44.45180098908749
268,ksqexp,1.25,2,1.5,0.05,-50.00799501859285,-44.928609897468824
269,ksqexp,1.25,2,1.5,0.01,-50.300580503763896,-45.09670916093328
270,ksqexp,1.25,2,1.5,0,-50.313059453063055,-45.10389252316917
271,ksqexp,1.25,2.5,0.5,0.5,-39.437278438023114,-38.12415686897067
272,ksqexp,1.25,2.5,0.5,0.1,-71.01893787423714,-55.75376222916638
273,ksqexp,1.25,2.5,0.5,0.05,-76.8921759626077,-58.79523897489786
274,ksqexp,1.25,2.5,0.5,0.01,-79.1366258107297,-59.9401067902595
275,ksqexp,1.25,2.5,0.5,0,-79.2347702847403,-59.989969241686644
276,ksqexp,1.25,2.5,1,0.5,-41.20286663389084,-40.08563372064999
277,ksqexp,1.25,2.5,1,0.1,-52.23285261403493,-44.89164089981485
278,ksqexp,1.25,2.5,1,0.05,-53.63198947103,-45.542106837987106
279,ksqexp,1.25,2.5,1,0.01,-54.12744550576835,-45.77187679378908
280,ksqexp,1.25,2.5,1,0,-54.148644256619484,-45.78170121895626
281,ksqexp,1.25,2.5,1.5,0.5,-42.97362296551159,-42.18309935820102
282,ksqexp,1.25,2.5,1.5,0.1,-47.84225424424815,-43.54265571733601
283,ksqexp,1.25,2.5,1.5,0.05,-48.3826945204437,-43.75815792072452
284,ksqexp,1.25,2.5,1.5,0.01,-48.569328281853764,-43.83307976355004
285,ksqexp,1.25,2.5,1.5,0,-48.57725901386592,-43.836268644723084
286,ksqexp,1.25,3,0.5,0.5,-39.89588917722131,-38.69550256188978
287,ksqexp,1.25,3,0.5,0.1,-67.95435295521203,-53.36790970361039
288,ksqexp,1.25,3,0.5,0.05,-73.05711376716509,-55.775839791761484
289,ksqexp,1.25,3,0.5,0.01,-74.99692456865823,-56.6740941036604
290,ksqexp,1.25,3,0.5,0,-75.08160094404923,-56.7131061537049
291,ksqexp,1.25,3,1,0.5,-41.66591258508477,-40.68718896070199
292,ksqexp,1.25,3,1,0.1,-51.379384560679675,-44.47101288844915
293,ksqexp,1.25,3,1,0.05,-52.60210835787509,-44.98297522274716
294,ksqexp,1.25,3,1,0.01,-53.03393535539912,-45.163128140793134
295,ksqexp,1.25,3,1,0,-53.0523968337245,-45.17082227378218
296,ksqexp,1.25,3,1.5,0.5,-43.54590121647714,-42.90545469243727
297,ksqexp,1.25,3,1.5,0.1,-47.85053078131258,-43.88338032657854
298,ksqexp,1.25,3,1.5,0.05,-48.32828508823803,-44.052742274142204
299,ksqexp,1.25,3,1.5,0.01,-48.4929901120822,-44.111549152772994
300,ksqexp,1.25,3,1.5,0,-48.499985563587444,-44.11405108049958
301,ksqexp,1.25,3.5,0.5,0.5,-40.241377711187454,-39.13634430222808
302,ksqexp,1.25,3.5,0.5,0.1,-66.55714364269805,-52.38173051343355
303,ksqexp,1.25,3.5,0.5,0.05,-71.3350232184959,-54.52625337010784
304,ksqexp,1.25,3.5,0.5,0.01,-73.15037091682383,-55.32492266819911
305,ksqexp,1.25,3.5,0.5,0,-73.22959926222494,-55.35959268409308
306,ksqexp,1.25,3.5,1,0.5,-42.00975915142914,-41.13741420958612
307,ksqexp,1.25,3.5,1,0.1,-51.15827957172693,-44.50294211258638
308,ksqexp,1.25,3.5,1,0.05,-52.31258820805882,-44.962226544813475
309,ksqexp,1.25,3.5,1,0.01,-52.720134735239,-45.12377248775979
310,ksqexp,1.25,3.5,1,0,-52.737556570863546,-45.13067099536461
311,ksqexp,1.25,3.5,1.5,0.5,-43.967014580371774,-43.434755496998434
312,ksqexp,1.25,3.5,1.5,0.1,-48.07741773073512,-44.301664901885786
313,ksqexp,1.25,3.5,1.5,0.05,-48.533629902665645,-44.455874254780724
314,ksqexp,1.25,3.5,1.5,0.01,-48.69085530156461,-44.50940969396554
315,ksqexp,1.25,3.5,1.5,0,-48.69753244038849,-44.511687199152924
316,ksqexp,1.25,4,0.5,0.5,-40.4911393577003,-39.455778690930295
317,ksqexp,1.25,4,0.5,0.1,-65.73681670789843,-51.770418678734075
318,ksqexp,1.25,4,0.5,0.05,-70.3409583842287,-53.765187390267194
319,ksqexp,1.25,4,0.5,0.01,-72.09160895820462,-54.50881378005468
320,ksqexp,1.25,4,0.5,0,-72.16802873454816,-54.54110358970727
321,ksqexp,1.25,4,1,0.5,-42.247737375984215,-41.44664275396032
322,ksqexp,1.25,4,1,0.1,-51.070358021074675,-44.544347259780615
323,ksqexp,1.25,4,1,0.05,-52.189750652829225,-44.974351254085505
324,ksqexp,1.25,4,1,0.01,-52.58510215149416,-45.12573340844177
325,ksqexp,1.25,4,1,0,-52.60200408844061,-45.13219937214036
326,ksqexp,1.25,4,1.5,0.5,-44.255491281546,-43.792668920325276
327,ksqexp,1.25,4,1.5,0.1,-48.26449735483792,-44.587721174689975
328,ksqexp,1.25,4,1.5,0.05,-48.710431280128454,-44.733687796807665
329,ksqexp,1.25,4,1.5,0.01,-48.86412536332436,-44.78439708622454
330,ksqexp,1.25,4,1.5,0,-48.87065263972075,-44.786554732985884
331,ksqexp,1.25,6,0.5,0.5,-41.04076036771421,-40.14240403759936
332,ksqexp,1.25,6,0.5,0.1,-64.62754963248335,-50.959990484840716
333,ksqexp,1.25,6,0.5,0.05,-68.99250598069727,-52.73743398464418
334,ksqexp,1.25,6,0.5,0.01,-70.65647175327045,-53.403163572595034
335,ksqexp,1.25,6,0.5,0,-70.72915693385231,-53.43210874203384
336,ksqexp,1.25,6,1,0.5,-42.71632136476256,-42.03993513768898
337,ksqexp,1.25,6,1,0.1,-51.04624753405543,-44.698664264263805
338,ksqexp,1.25,6,1,0.05,-52.118832267545464,-45.08632550153036
339,ksqexp,1.25,6,1,0.01,-52.498079508589754,-45.2232312168844
340,ksqexp,1.25,6,1,0,-52.51429762483711,-45.2290835876586
341,ksqexp,1.25,6,1.5,0.5,-44.78395802416062,-44.43474815024411
342,ksqexp,1.25,6,1.5,0.1,-48.64531607027498,-45.10298674714754
343,ksqexp,1.25,6,1.5,0.05,-49.0778583222579,-45.236813002988754
344,ksqexp,1.25,6,1.5,0.01,-49.22700000844015,-45.28341460166227
345,ksqexp,1.25,6,1.5,0,-49.233334621819985,-45.28539863623939
346,ksqexp,1.25,8,0.5,0.5,-41.253862677619026,-40.401774882375605
347,ksqexp,1.25,8,0.5,0.1,-64.36085449788742,-50.81055865985414
348,ksqexp,1.25,8,0.5,0.05,-68.65753922991279,-52.52630067808322
349,ksqexp,1.25,8,0.5,0.01,-70.29728465366586,-53.17020912171517
350,ksqexp,1.25,8,0.5,0,-70.36893299147715,-53.19822117342617
351,ksqexp,1.25,8,1,0.5,-42.87411216523052,-42.23587351143229
352,ksqexp,1.25,8,1,0.1,-51.04425847046967,-44.7569936435472
353,ksqexp,1.25,8,1,0.05,-52.1026561341129,-45.131848535232265
354,ksqexp,1.25,8,1,0.01,-52.47709105386954,-45.26441701794749
355,ksqexp,1.25,8,1,0,-52.49310562482174,-45.270086029225816
356,ksqexp,1.25,8,1.5,0.5,-44.941855272324,-44.623910881164164
357,ksqexp,1.25,8,1.5,0.1,-48.74340970390657,-45.241286322466934
358,ksqexp,1.25,8,1.5,0.05,-49.171300603397896,-45.370910957078365
359,ksqexp,1.25,8,1.5,0.01,-49.318884332532456,-45.416106312287454
360,ksqexp,1.25,8,1.5,0,-49.32515326925925,-45.418031081199494
361,ksqexp,1.25,10,0.5,0.5,-41.26868046666412,-40.42994612385532
362,ksqexp,1.25,10,0.5,0.1,-63.969837325718906,-50.45374223472419
363,ksqexp,1.25,10,0.5,0.05,-68.22252925049095,-52.12696606651886
364,ksqexp,1.25,10,0.5,0.01,-69.84706570811623,-52.75617698964895
365,ksqexp,1.25,10,0.5,0,-69.91806758193847,-52.78356437331044
366,ksqexp,1.25,10,1,0.5,-42.881393377771346,-42.253467899458705
367,ksqexp,1.25,10,1,0.1,-50.91217130087073,-44.64067823834544
368,ksqexp,1.25,10,1,0.05,-51.960895963986154,-45.006104771862
369,ksqexp,1.25,10,1,0.01,-52.33210523837435,-45.13552893163662
370,ksqexp,1.25,10,1,0,-52.347983986159804,-45.141065543895195
371,ksqexp,1.25,10,1.5,0.5,-44.964070448779445,-44.653849976404175
372,ksqexp,1.25,10,1.5,0.1,-48.7049482713089,-45.212162439224315
373,ksqexp,1.25,10,1.5,0.05,-49.129306780341786,-45.338300349347136
374,ksqexp,1.25,10,1.5,0.01,-49.27572616505817,-45.382346191929926
375,ksqexp,1.25,10,1.5,0,-49.28194622089041,-45.38422270079803
376,ksqexp,1.25,25,0.5,0.5,-41.22886709344279,-40.39909041178127
377,ksqexp,1.25,25,0.5,0.1,-63.061852117155375,-49.56731161871387
378,ksqexp,1.25,25,0.5,0.05,-67.23678608414508,-51.163440368748866
379,ksqexp,1.25,25,0.5,0.01,-68.83491439340008,-51.76646063375193
380,ksqexp,1.25,25,0.5,0,-68.90479906294458,-51.792739935082075
381,ksqexp,1.25,25,1,0.5,-42.87573624897887,-42.25358675923869
382,ksqexp,1.25,25,1,0.1,-50.644245039137346,-44.3784395919499
383,ksqexp,1.25,25,1,0.05,-51.67709870666612,-44.72785465872994
384,ksqexp,1.25,25,1,0.01,-52.043066438867264,-44.85198827089544
385,ksqexp,1.25,25,1,0,-52.05872503333786,-44.85730264345084
386,ksqexp,1.25,25,1.5,0.5,-45.0224047719686,-44.71508813432851
387,ksqexp,1.25,25,1.5,0.1,-48.6640172295781,-45.1713538544003
388,ksqexp,1.25,25,1.5,0.05,-49.08316265671654,-45.292073967088484
389,ksqexp,1.25,25,1.5,0.01,-49.22787526266408,-45.334344867947564
390,ksqexp,1.25,25,1.5,0,-49.234023790127274,-45.336146979616515
391,ksqexp,1.5,0.2,0.5,0.5,-46.75551351708325,-46.294566039789956
392,ksqexp,1.5,0.2,0.5,0.1,-562.5127437334268,-551.1505929409608
393,ksqexp,1.5,0.2,0.5,0.05,-1484.4873307414623,-1456.8193733390685
394,ksqexp,1.5,0.2,0.5,0.01,-12069.40774826786,-13167.199843160874
395,ksqexp,1.5,0.2,0.5,0,-11996050.715160193,-11984470.332947668
396,ksqexp,1.5,0.2,1,0.5,-46.82967491394813,-46.39592145223777
397,ksqexp,1.5,0.2,1,0.1,-463.75088267667235,-453.97616378537344
398,ksqexp,1.5,0.2,1,0.05,-1101.4410869948183,-1097.5301442147343
399,ksqexp,1.5,0.2,1,0.01,-11128.4119347837,-12029.358301835287
400,ksqexp,1.5,0.2,1,0,-5998038.925802827,-5992249.544788038
401,ksqexp,1.5,0.2,1.5,0.5,-46.84118745615354,-46.44868870506579
402,ksqexp,1.5,0.2,1.5,0.1,-402.57318191077627,-394.4997462242539
403,ksqexp,1.5,0.2,1.5,0.05,-918.3414959145063,-930.3420299232092
404,ksqexp,1.5,0.2,1.5,0.01,-10843.267317157322,-11595.603115559983
405,ksqexp,1.5,0.2,1.5,0,-3998679.6353137163,-3994820.592109842
406,ksqexp,1.5,0.5,0.5,0.5,-42.733712719525556,-41.916148760597594
407,ksqexp,1.5,0.5,0.5,0.1,-331.1521844965626,-313.0338685970606
408,ksqexp,1.5,0.5,0.5,0.05,-863.9531510514207,-827.1160362577833
409,ksqexp,1.5,0.5,0.5,0.01,-8245.597167209342,-8299.553045488912
410,ksqexp,1.5,0.5,0.5,0,-62126.196745559035,-61386.87027390049
411,ksqexp,1.5,0.5,1,0.5,-42.095035047665746,-41.408932625836094
412,ksqexp,1.5,0.5,1,0.1,-269.0011729336199,-255.5489078130726
413,ksqexp,1.5,0.5,1,0.05,-656.030921685017,-639.3167979658284
414,ksqexp,1.5,0.5,1,0.01,-7098.5572905507715,-7108.088412829661
415,ksqexp,1.5,0.5,1,0,-31044.05760336501,-30675.621426157875
416,ksqexp,1.5,0.5,1.5,0.5,-41.89433292473393,-41.3505138210109
417,ksqexp,1.5,0.5,1.5,0.1,-235.44998283715043,-225.10659620477435
418,ksqexp,1.5,0.5,1.5,0.05,-558.5021314865769,-550.8938172240069
419,ksqexp,1.5,0.5,1.5,0.01,-6316.684450570485,-6302.655853789885
420,ksqexp,1.5,0.5,1.5,0,-20686.1347149102,-20441.32864198513
421,ksqexp,1.5,1,0.5,0.5,-38.59873927414106,-37.28369452396642
422,ksqexp,1.5,1,0.5,0.1,-187.97465840051393,-166.01301101175883
423,ksqexp,1.5,1,0.5,0.05,-454.17326330509434,-409.9070517618039
424,ksqexp,1.5,1,0.5,0.01,-1429.5424903612395,-1332.295787329067
425,ksqexp,1.5,1,0.5,0,-1605.7177548281918,-1503.563751277106
426,ksqexp,1.5,1,1,0.5,-38.81067067152488,-37.663481655589315
427,ksqexp,1.5,1,1,0.1,-148.8541781397681,-134.47401817637686
428,ksqexp,1.5,1,1,0.05,-338.13676749545994,-308.73231898935774
429,ksqexp,1.5,1,1,0.01,-753.3296286882445,-704.8784388848838
430,ksqexp,1.5,1,1,0,-800.0853240660447,-750.3875281309441
431,ksqexp,1.5,1,1.5,0.5,-39.237532252682456,-38.3271380098112
432,ksqexp,1.5,1,1.5,0.1,-131.4962289735422,-120.29823801703778
433,ksqexp,1.5,1,1.5,0.05,-276.61272667466034,-254.6589163913349
434,ksqexp,1.5,1,1.5,0.01,-513.1613250968737,-481.5035524499245
435,ksqexp,1.5,1,1.5,0,-534.3318370215975,-502.11944363091783
436,ksqexp,1.5,1.5,0.5,0.5,-38.2784516271593,-36.64637278336363
437,ksqexp,1.5,1.5,0.5,0.1,-153.78981033700674,-126.12392873466816
438,ksqexp,1.5,1.5,0.5,0.05,-244.0388570748637,-204.52842732987426
439,ksqexp,1.5,1.5,0.5,0.01,-318.46622515167905,-270.83765088988935
440,ksqexp,1.5,1.5,0.5,0,-322.9471395952941,-274.84651025175197
441,ksqexp,1.5,1.5,1,0.5,-39.38420482980386,-37.83614848985334
442,ksqexp,1.5,1.5,1,0.1,-107.33311762493727,-91.41674161731049
443,ksqexp,1.5,1.5,1,0.05,-143.61094119485838,-123.40445485067279
444,ksqexp,1.5,1.5,1,0.01,-165.11924427162128,-142.59395797937015
445,ksqexp,1.5,1.5,1,0,-166.2209080091226,-143.57887981112654
446,ksqexp,1.5,1.5,1.5,0.5,-40.425390750863016,-39.110617175349994
447,ksqexp,1.5,1.5,1.5,0.1,-86.86238141565248,-76.06679582415703
448,ksqexp,1.5,1.5,1.5,0.05,-106.35973046069215,-93.32691651844681
449,ksqexp,1.5,1.5,1.5,0.01,-116.29116541059348,-102.18635649085995
450,ksqexp,1.5,1.5,1.5,0,-116.7694875752775,-102.61365975967381
451,ksqexp,1.5,2,0.5,0.5,-39.142249276051196,-37.40104959310147
452,ksqexp,1.5,2,0.5,0.1,-125.0202372869323,-95.78277352429033
453,ksqexp,1.5,2,0.5,0.05,-156.84974623602696,-117.85211401139667
454,ksqexp,1.5,2,0.5,0.01,-172.52376649684038,-128.80386788333774
455,ksqexp,1.5,2,0.5,0,-173.27664302303896,-129.33088321649728
456,ksqexp,1.5,2,1,0.5,-40.838955918867505,-39.16006860912143
457,ksqexp,1.5,2,1,0.1,-81.84452065460674,-65.70549438258303
458,ksqexp,1.5,2,1,0.05,-91.34334249920161,-72.21297836159616
459,ksqexp,1.5,2,1,0.01,-95.2792487781241,-74.92780866880975
460,ksqexp,1.5,2,1,0,-95.45637231398311,-75.0501804999795
461,ksqexp,1.5,2,1.5,0.5,-42.22213583069367,-40.797919436369874
462,ksqexp,1.5,2,1.5,0.1,-66.22947646865708,-55.63917142466947
463,ksqexp,1.5,2,1.5,0.05,-70.55934650365838,-58.56003501413176
464,ksqexp,1.5,2,1.5,0.01,-72.23333243082794,-59.69718244702477
465,ksqexp,1.5,2,1.5,0,-72.30693884348148,-59.74726969391823
466,ksqexp,1.5,2.5,0.5,0.5,-39.82854838315437,-38.12104684047356
467,ksqexp,1.5,2.5,0.5,0.1,-106.0315786040902,-76.97842184261275
468,ksqexp,1.5,2.5,0.5,0.05,-125.48497368288761,-87.24213014028284
469,ksqexp,1.5,2.5,0.5,0.01,-134.19531298206164,-91.7626925034373
470,ksqexp,1.5,2.5,0.5,0,-134.59696800139997,-91.97056176691437
471,ksqexp,1.5,2.5,1,0.5,-41.62821822202163,-40.004998135224625
472,ksqexp,1.5,2.5,1,0.1,-70.81818100925567,-55.085667557605
473,ksqexp,1.5,2.5,1,0.05,-76.28038613618106,-57.8168544626701
474,ksqexp,1.5,2.5,1,0.01,-78.40283616409506,-58.87528770951743
475,ksqexp,1.5,2.5,1,0,-78.49619482301925,-58.92184130040896
476,ksqexp,1.5,2.5,1.5,0.5,-43.1110193007781,-41.77582593116945
477,ksqexp,1.5,2.5,1.5,0.1,-59.26049125841879,-49.11637058926332
478,ksqexp,1.5,2.5,1.5,0.05,-61.663535296455706,-50.256793454934524
479,ksqexp,1.5,2.5,1.5,0.01,-62.54830374811687,-50.67800793558131
480,ksqexp,1.5,2.5,1.5,0,-62.58659386315606,-50.69625791139497
481,ksqexp,1.5,3,0.5,0.5,-40.22458808859164,-38.61509702108381
482,ksqexp,1.5,3,0.5,0.1,-97.65949388726571,-69.35598603688561
483,ksqexp,1.5,3,0.5,0.05,-113.82859229979985,-76.84767213908106
484,ksqexp,1.5,3,0.5,0.01,-120.86570100073838,-80.03096299023628
485,ksqexp,1.5,3,0.5,0,-121.18611172185624,-80.17505465588121
486,ksqexp,1.5,3,1,0.5,-42.0209618724504,-40.532016551361316
487,ksqexp,1.5,3,1,0.1,-66.97091920994949,-51.872666767188
488,ksqexp,1.5,3,1,0.05,-71.46759872295725,-53.8264998524498
489,ksqexp,1.5,3,1,0.01,-73.18046435325697,-54.5653309790399
490,ksqexp,1.5,3,1,0,-73.25528269962501,-54.59754742583698
491,ksqexp,1.5,3,1.5,0.5,-43.61042093251156,-42.43945387903153
492,ksqexp,1.5,3,1.5,0.1,-57.345862575314825,-47.74972660698158
493,ksqexp,1.5,3,1.5,0.05,-59.32163226708206,-48.557038328488886
494,ksqexp,1.5,3,1.5,0.01,-60.03813796094505,-48.84976122075428
495,ksqexp,1.5,3,1.5,0,-60.06899645857729,-48.86236844905528
496,ksqexp,1.5,3.5,0.5,0.5,-40.513674481339955,-39.01729339424664
497,ksqexp,1.5,3.5,0.5,0.1,-93.70288200152044,-66.10988744882422
498,ksqexp,1.5,3.5,0.5,0.05,-108.48227995052636,-72.52054194901713
499,ksqexp,1.5,3.5,0.5,0.01,-114.8477643879306,-75.20169047039026
500,ksqexp,1.5,3.5,0.5,0,-115.13645856288855,-75.32233455049024
501,ksqexp,1.5,3.5,1,0.5,-42.32278177195953,-40.97654706672189
502,ksqexp,1.5,3.5,1,0.1,-65.45093187258465,-50.8648288264493
503,ksqexp,1.5,3.5,1,0.05,-69.56283344244368,-52.53324374507471
504,ksqexp,1.5,3.5,1,0.01,-71.11868545760501,-53.15778106279256
505,ksqexp,1.5,3.5,1,0,-71.18650277030999,-53.18492689219082
506,ksqexp,1.5,3.5,1.5,0.5,-44.02002073666951,-43.00911917657875
507,ksqexp,1.5,3.5,1.5,0.1,-56.82907494519842,-47.64390451732002
508,ksqexp,1.5,3.5,1.5,0.05,-58.64406444099403,-48.336510841893045
509,ksqexp,1.5,3.5,1.5,0.01,-59.2990080928844,-48.585737901045846
510,ksqexp,1.5,3.5,1.5,0,-59.327174272519635,-48.59644777268724
511,ksqexp,1.5,4,0.5,0.5,-40.737096285351484,-39.34063254809972
512,ksqexp,1.5,4,0.5,0.1,-91.327751291336,-64.17180382411917
513,ksqexp,1.5,4,0.5,0.05,-105.3783383040488,-69.99574513668082
514,ksqexp,1.5,4,0.5,0.01,-111.41907570425636,-72.42408244229256
515,ksqexp,1.5,4,0.5,0,-111.69287191649647,-72.53324217245057
516,ksqexp,1.5,4,1,0.5,-42.554239194191325,-41.32368952634759
517,ksqexp,1.5,4,1,0.1,-64.64690331355791,-50.36228496165023
518,ksqexp,1.5,4,1,0.05,-68.57103938420447,-51.88470626955738
519,ksqexp,1.5,4,1,0.01,-70.05410856446957,-52.45361704311266
520,ksqexp,1.5,4,1,0,-70.11873090707164,-52.47833254918603
521,ksqexp,1.5,4,1.5,0.5,-44.33504530083482,-43.44685620370075
522,ksqexp,1.5,4,1.5,0.1,-56.65580859734376,-47.708828030611365
523,ksqexp,1.5,4,1.5,0.05,-58.39673559317577,-48.345419242479245
524,ksqexp,1.5,4,1.5,0.01,-59.0243566937008,-48.57419213034561
525,ksqexp,1.5,4,1.5,0,-59.051340670351486,-48.58401944137548
526,ksqexp,1.5,6,0.5,0.5,-41.19454480969729,-40.0097326742003
527,ksqexp,1.5,6,0.5,0.1,-87.2744375958536,-60.44986967908511
528,ksqexp,1.5,6,0.5,0.05,-100.48198678356974,-65.48774881935725
529,ksqexp,1.5,6,0.5,0.01,-106.18803232868255,-67.61320515436208
530,ksqexp,1.5,6,0.5,0,-106.44698923061655,-67.70906627170963
531,ksqexp,1.5,6,1,0.5,-42.97107566324211,-41.95225824938887
532,ksqexp,1.5,6,1,0.1,-63.475359852145516,-49.43897158303125
533,ksqexp,1.5,6,1,0.05,-67.2097002195183,-50.78392874996198
534,ksqexp,1.5,6,1,0.01,-68.62392129871924,-51.28968441343606
535,ksqexp,1.5,6,1,0,-68.68557536073206,-51.31169230069032
536,ksqexp,1.5,6,1.5,0.5,-44.911858241612805,-44.233470288416626
537,ksqexp,1.5,6,1.5,0.1,-56.583271912591805,-47.846990400399726
538,ksqexp,1.5,6,1.5,0.05,-58.25859034433772,-48.42069057096314
539,ksqexp,1.5,6,1.5,0.01,-58.863098225700746,-48.62765837159691
540,ksqexp,1.5,6,1.5,0,-58.88909417054512,-48.63655774364566
541,ksqexp,1.5,8,0.5,0.5,-41.458393661451645,-40.357609762936505
542,ksqexp,1.5,8,0.5,0.1,-86.30525815517944,-59.606471654272156
543,ksqexp,1.5,8,0.5,0.05,-99.33653453963402,-64.46774544443
544,ksqexp,1.5,8,0.5,0.01,-104.9790231022207,-66.52985636536586
545,ksqexp,1.5,8,0.5,0,-105.23524371736993,-66.62299658443867
546,ksqexp,1.5,8,1,0.5,-43.17208366096092,-42.22662957355922
547,ksqexp,1.5,8,1,0.1,-63.26536106213055,-49.30060462546048
548,ksqexp,1.5,8,1,0.05,-66.96388918255232,-50.60809243573526
549,ksqexp,1.5,8,1,0.01,-68.3658707201043,-51.10108441345639
550,ksqexp,1.5,8,1,0,-68.42700578615113,-51.12255174996234
551,ksqexp,1.5,8,1.5,0.5,-45.13995542693582,-44.52656945144825
552,ksqexp,1.5,8,1.5,0.1,-56.65738320504497,-47.97382254687038
553,ksqexp,1.5,8,1.5,0.05,-58.32162589934126,-48.534926231434504
554,ksqexp,1.5,8,1.5,0.01,-58.92241109825175,-48.73767222251914
555,ksqexp,1.5,8,1.5,0,-58.94824990885668,-48.746393571769026
556,ksqexp,1.5,10,0.5,0.5,-41.55836173942334,-40.494427618612015
557,ksqexp,1.5,10,0.5,0.1,-85.7232283540455,-59.110839642924454
558,ksqexp,1.5,10,0.5,0.05,-98.66197170169245,-63.883682727659945
559,ksqexp,1.5,10,0.5,0.01,-104.2715513915304,-65.91444178961946
560,ksqexp,1.5,10,0.5,0,-104.526361707224,-66.00624011117814
561,ksqexp,1.5,10,1,0.5,-43.23833901817589,-42.323029949084095
562,ksqexp,1.5,10,1,0.1,-63.08859788678847,-49.165954701329504
563,ksqexp,1.5,10,1,0.05,-66.76706158071687,-50.45390389642105
564,ksqexp,1.5,10,1,0.01,-68.16224585922889,-50.940288724220515
565,ksqexp,1.5,10,1,0,-68.22309346999836,-50.961476819634576
566,ksqexp,1.5,10,1.5,0.5,-45.218083248970544,-44.62906546396254
567,ksqexp,1.5,10,1.5,0.1,-56.63127006494773,-47.97415989186957
568,ksqexp,1.5,10,1.5,0.05,-58.28848043701028,-48.52819735674868
569,ksqexp,1.5,10,1.5,0.01,-58.88692076065188,-48.72859019350118
570,ksqexp,1.5,10,1.5,0,-58.912660824036806,-48.73721248908736
571,ksqexp,1.5,25,0.5,0.5,-41.50831699691833,-40.47566893383752
572,ksqexp,1.5,25,0.5,0.1,-83.95996671992211,-57.42818166286116
573,ksqexp,1.5,25,0.5,0.05,-96.72668178939236,-62.03264386590525
574,ksqexp,1.5,25,0.5,0.01,-102.27709404928018,-64.00552030213595
575,ksqexp,1.5,25,0.5,0,-102.52939262401998,-64.09486194309203
576,ksqexp,1.5,25,1,0.5,-43.231167159500096,-42.33948306668171
577,ksqexp,1.5,25,1,0.1,-62.5489844431401,-48.65373737750404
578,ksqexp,1.5,25,1,0.05,-66.1928624564625,-49.90681180091115
579,ksqexp,1.5,25,1,0.01,-67.57656601531228,-50.381613110536236
580,ksqexp,1.5,25,1,0,-67.63693076711388,-50.402313960144596
581,ksqexp,1.5,25,1.5,0.5,-45.31787544212732,-44.74468837465175
582,ksqexp,1.5,25,1.5,0.1,-56.53001689871911,-47.881331697220176
583,ksqexp,1.5,25,1.5,0.05,-58.17631517760953,-48.42374928533784
584,ksqexp,1.5,25,1.5,0.01,-58.77117689050769,-48.620325832746794
585,ksqexp,1.5,25,1.5,0,-58.7967669145956,-48.62878806579938
586,ksqexp,1.75,0.2,0.5,0.5,-47.21619157521702,-46.738116086274154
587,ksqexp,1.75,0.2,0.5,0.1,-663.2902154644586,-649.9905558653365
588,ksqexp,1.75,0.2,0.5,0.05,-2119.408643745611,-2045.737275043936
589,ksqexp,1.75,0.2,0.5,0.01,-19499.0338413718,-19423.87425385888
590,ksqexp,1.75,0.2,0.5,0,-30320855.124070596,-30269784.19403793
591,ksqexp,1.75,0.2,1,0.5,-47.29131275889205,-46.82227200011331
592,ksqexp,1.75,0.2,1,0.1,-594.573019630664,-580.6559368319733
593,ksqexp,1.75,0.2,1,0.05,-1781.2741103044555,-1688.1422100609534
594,ksqexp,1.75,0.2,1,0.01,-15523.9039037778,-16119.470221359732
595,ksqexp,1.75,0.2,1,0,-15160731.300061312,-15135196.707221448
596,ksqexp,1.75,0.2,1.5,0.5,-47.325218863379376,-46.87897797308064
597,ksqexp,1.75,0.2,1.5,0.1,-549.21483395154,-533.352970459832
598,ksqexp,1.75,0.2,1.5,0.05,-1588.6067998605504,-1489.9571775473546
599,ksqexp,1.75,0.2,1.5,0.01,-13990.336849890582,-14747.836595062872
600,ksqexp,1.75,0.2,1.5,0,-10107201.901850311,-10090179.50834356
601,ksqexp,1.75,0.5,0.5,0.5,-44.05650861166696,-43.120566048920296
602,ksqexp,1.75,0.5,0.5,0.1,-443.78308505926833,-424.3024356985637
603,ksqexp,1.75,0.5,0.5,0.05,-1347.9053446849446,-1281.5655984304262
604,ksqexp,1.75,0.5,0.5,0.01,-12484.089165781577,-11872.603128056095
605,ksqexp,1.75,0.5,0.5,0,-162374.97553757994,-160643.61772084056
606,ksqexp,1.75,0.5,1,0.5,-43.68058592166782,-42.83502818623087
607,ksqexp,1.75,0.5,1,0.1,-382.90091900070445,-366.3826259965911
608,ksqexp,1.75,0.5,1,0.05,-1135.8659966863202,-1069.909120404463
609,ksqexp,1.75,0.5,1,0.01,-10175.85148914247,-9864.519405719366
610,ksqexp,1.75,0.5,1,0,-81160.31985108754,-80296.28777669073
611,ksqexp,1.75,0.5,1.5,0.5,-43.627756750925,-42.9185764147484
612,ksqexp,1.75,0.5,1.5,0.1,-350.974277238339,-335.34211750028334
613,ksqexp,1.75,0.5,1.5,0.05,-1011.5107741979164,-947.3619730028369
614,ksqexp,1.75,0.5,1.5,0.01,-9093.534800394322,-8898.353866564175
615,ksqexp,1.75,0.5,1.5,0,-54091.555368221314,-53516.63191790786
616,ksqexp,1.75,1,0.5,0.5,-40.2085784433621,-38.70273846690534
617,ksqexp,1.75,1,0.5,0.1,-265.81016912206775,-234.47845435879069
618,ksqexp,1.75,1,0.5,0.05,-683.485789177699,-613.7570175235768
619,ksqexp,1.75,1,0.5,0.01,-3644.6796895730745,-3300.7730896716926
620,ksqexp,1.75,1,0.5,0,-4718.867585153568,-4324.621058844578
621,ksqexp,1.75,1,1,0.5,-40.54406364120392,-39.16672352753703
622,ksqexp,1.75,1,1,0.1,-211.70878798031796,-189.3864953023861
623,ksqexp,1.75,1,1,0.05,-550.4050100018418,-496.012186711351
624,ksqexp,1.75,1,1,0.01,-2044.0000090266412,-1861.3182813616613
625,ksqexp,1.75,1,1,0,-2350.121297512299,-2154.7558308926373
626,ksqexp,1.75,1,1.5,0.5,-40.86336020804785,-39.729515543607405
627,ksqexp,1.75,1,1.5,0.1,-187.1571890344336,-169.2373078814857
628,ksqexp,1.75,1,1.5,0.05,-480.30079639085636,-432.66370247873255
629,ksqexp,1.75,1,1.5,0.01,-1420.6579150600926,-1297.2056658589008
630,ksqexp,1.75,1,1.5,0,-1563.3298568040882,-1434.2580768037933
631,ksqexp,1.75,1.5,0.5,0.5,-39.32764902530935,-37.43071000176438
632,ksqexp,1.75,1.5,0.5,0.1,-221.49211891330188,-177.62590744228612
633,ksqexp,1.75,1.5,0.5,0.05,-444.4033871215464,-370.79256045741266
634,ksqexp,1.75,1.5,0.5,0.01,-787.1643471506944,-676.7834078667047
635,ksqexp,1.75,1.5,0.5,0,-818.0116436610219,-704.2162993624693
636,ksqexp,1.75,1.5,1,0.5,-40.381219054601516,-38.482575045576915
637,ksqexp,1.75,1.5,1,0.1,-165.29743274459983,-137.06688835715894
638,ksqexp,1.75,1.5,1,0.05,-283.11875405275606,-241.5535957722781
639,ksqexp,1.75,1.5,1,0.01,-400.6003501620833,-346.3240832740884
640,ksqexp,1.75,1.5,1,0,-408.419345659535,-353.27375687858466
641,ksqexp,1.75,1.5,1.5,0.5,-41.16864865187257,-39.456359284847515
642,ksqexp,1.75,1.5,1.5,0.1,-137.1744138019117,-116.58328984524155
643,ksqexp,1.75,1.5,1.5,0.05,-211.94522241994954,-183.212932977451
644,ksqexp,1.75,1.5,1.5,0.01,-271.2107314448259,-236.0020068616522
645,ksqexp,1.75,1.5,1.5,0,-274.6792363894818,-239.08356611841992
646,ksqexp,1.75,2,0.5,0.5,-39.79782681233986,-37.70636147671212
647,ksqexp,1.75,2,0.5,0.1,-192.76681062785343,-145.31955228539826
648,ksqexp,1.75,2,0.5,0.05,-289.527359661014,-216.32409431888058
649,ksqexp,1.75,2,0.5,0.01,-357.7114683650229,-267.65079597056103
650,ksqexp,1.75,2,0.5,0,-361.6612963439289,-270.635620579591
651,ksqexp,1.75,2,1,0.5,-41.52268013238947,-39.363996559728804
652,ksqexp,1.75,2,1,0.1,-129.37684357687604,-100.04738728272869
653,ksqexp,1.75,2,1,0.05,-164.99386027544554,-126.42634573738657
654,ksqexp,1.75,2,1,0.01,-184.21039449055567,-140.8729472494112
655,ksqexp,1.75,2,1,0,-185.17772923484065,-141.60147758920658
656,ksqexp,1.75,2,1.5,0.5,-42.74102991484919,-40.76773543036136
657,ksqexp,1.75,2,1.5,0.1,-101.55663594348182,-80.85671206727669
658,ksqexp,1.75,2,1.5,0.05,-119.94040010478204,-94.48587598984176
659,ksqexp,1.75,2,1.5,0.01,-128.7221115263865,-101.0667567123285
660,ksqexp,1.75,2,1.5,0,-129.14053029396342,-101.38075335567498
661,ksqexp,1.75,2.5,0.5,0.5,-40.45866106486701,-38.340720953018554
662,ksqexp,1.75,2.5,0.5,0.1,-160.40753582317,-112.50251196278849
663,ksqexp,1.75,2.5,0.5,0.05,-215.49034633435394,-143.09804978378742
664,ksqexp,1.75,2.5,0.5,0.01,-247.7223155863048,-160.88807419122733
665,ksqexp,1.75,2.5,0.5,0,-249.401796211462,-161.82215921759354
666,ksqexp,1.75,2.5,1,0.5,-42.41320515855491,-40.235427396701226
667,ksqexp,1.75,2.5,1,0.1,-104.74242708431291,-75.68763861423771
668,ksqexp,1.75,2.5,1,0.05,-123.10463284624312,-85.59702828103914
669,ksqexp,1.75,2.5,1,0.01,-131.7078251258279,-90.28451729167452
670,ksqexp,1.75,2.5,1,0,-132.11344009591238,-90.50699321441557
671,ksqexp,1.75,2.5,1.5,0.5,-43.75489832914177,-41.79204154916553
672,ksqexp,1.75,2.5,1.5,0.1,-82.85216696993952,-62.63730020611561
673,ksqexp,1.75,2.5,1.5,0.05,-91.8207910793643,-67.38494335270947
674,ksqexp,1.75,2.5,1.5,0.01,-95.6347167649734,-69.43235563519322
675,ksqexp,1.75,2.5,1.5,0,-95.80797815551428,-69.52592797899622
676,ksqexp,1.75,3,0.5,0.5,-40.85904150448058,-38.801974095430914
677,ksqexp,1.75,3,0.5,0.1,-142.66142574850383,-95.15055208118461
678,ksqexp,1.75,3,0.5,0.05,-186.30735429471815,-115.80416116287734
679,ksqexp,1.75,3,0.5,0.01,-210.0104915614376,-126.89083790365797
680,ksqexp,1.75,3,0.5,0,-211.184407156979,-127.44144950892489
681,ksqexp,1.75,3,1,0.5,-42.789395021334094,-40.70307901426019
682,ksqexp,1.75,3,1,0.1,-94.37630802913391,-66.05745904676256
683,ksqexp,1.75,3,1,0.05,-108.49829994228433,-72.50477858254897
684,ksqexp,1.75,3,1,0.01,-114.69292295846118,-75.34551432622817
685,ksqexp,1.75,3,1,0,-114.97607892943908,-75.47580800005058
686,ksqexp,1.75,3,1.5,0.5,-44.182073542152985,-42.344994003388464
687,ksqexp,1.75,3,1.5,0.1,-76.08358309259509,-56.65627127665712
688,ksqexp,1.75,3,1.5,0.05,-82.85441879704733,-59.66823425089568
689,ksqexp,1.75,3,1.5,0.01,-85.57637368836062,-60.890111854583786
690,ksqexp,1.75,3,1.5,0,-85.69729295230536,-60.94458426318524
691,ksqexp,1.75,3.5,0.5,0.5,-41.09968769858089,-39.14064491969526
692,ksqexp,1.75,3.5,0.5,0.1,-134.29536841970193,-87.6084046945117
693,ksqexp,1.75,3.5,0.5,0.05,-173.03554127396436,-104.55490477142531
694,ksqexp,1.75,3.5,0.5,0.01,-193.15924102665974,-113.1195160649608
695,ksqexp,1.75,3.5,0.5,0,-194.13380025939264,-113.53184171043166
696,ksqexp,1.75,3.5,1,0.5,-43.016251110788836,-41.065659293857145
697,ksqexp,1.75,3.5,1,0.1,-90.01100085543264,-62.53407545583943
698,ksqexp,1.75,3.5,1,0.05,-102.32210711962327,-67.69091358461304
699,ksqexp,1.75,3.5,1,0.01,-107.54361229890266,-69.85878303141395
700,ksqexp,1.75,3.5,1,0,-107.77925344540132,-69.95643815374683
701,ksqexp,1.75,3.5,1.5,0.5,-44.50543861376487,-42.83556238226626
702,ksqexp,1.75,3.5,1.5,0.1,-73.53501116178552,-54.87325540314717
703,ksqexp,1.75,3.5,1.5,0.05,-79.39149950499491,-57.251932654268295
704,ksqexp,1.75,3.5,1.5,0.01,-81.68412530653507,-58.18106781928291
705,ksqexp,1.75,3.5,1.5,0,-81.78506127301968,-58.22196040110975
706,ksqexp,1.75,4,0.5,0.5,-41.287029423529795,-39.43510290352658
707,ksqexp,1.75,4,0.5,0.1,-129.38952205932304,-83.45915660273393
708,ksqexp,1.75,4,0.5,0.05,-165.32159984643692,-98.32157365290779
709,ksqexp,1.75,4,0.5,0.01,-183.66403823669395,-105.62981665905333
710,ksqexp,1.75,4,0.5,0,-184.5462425886438,-105.97783442473037
711,ksqexp,1.75,4,1,0.5,-43.217185781348896,-41.40526156830426
712,ksqexp,1.75,4,1,0.1,-87.60299705911588,-60.77686983665758
713,ksqexp,1.75,4,1,0.05,-98.95163147004823,-65.24992077506828
714,ksqexp,1.75,4,1,0.01,-103.70975050186506,-67.09609296438595
715,ksqexp,1.75,4,1,0,-103.92367627339452,-67.17875926334135
716,ksqexp,1.75,4,1.5,0.5,-44.805669356626275,-43.29571786560662
717,ksqexp,1.75,4,1.5,0.1,-72.26093983106193,-54.151705454859616
718,ksqexp,1.75,4,1.5,0.05,-77.65476093780363,-56.20907831097108
719,ksqexp,1.75,4,1.5,0.01,-79.7482150620206,-57.001654022622354
720,ksqexp,1.75,4,1.5,0,-79.8401442673704,-57.036390975880046
721,ksqexp,1.75,6,0.5,0.5,-41.63714566148289,-40.06583727039564
722,ksqexp,1.75,6,0.5,0.1,-119.87484255127261,-74.626717166805
723,ksqexp,1.75,6,0.5,0.05,-152.45175158780728,-86.68499304384795
724,ksqexp,1.75,6,0.5,0.01,-169.08210670297441,-92.65780924207507
725,ksqexp,1.75,6,0.5,0,-169.88160520609125,-92.94273023083527
726,ksqexp,1.75,6,1,0.5,-43.54473299399673,-42.04428806922036
727,ksqexp,1.75,6,1,0.1,-83.54738641561758,-57.35112811015628
728,ksqexp,1.75,6,1,0.05,-93.91642261192136,-61.037929320819956
729,ksqexp,1.75,6,1,0.01,-98.25947005436004,-62.56456877396184
730,ksqexp,1.75,6,1,0,-98.45464993702478,-62.6329763980854
731,ksqexp,1.75,6,1.5,0.5,-45.35963314449781,-44.1833158280475
732,ksqexp,1.75,6,1.5,0.1,-70.46208962388967,-52.908379920385315
733,ksqexp,1.75,6,1.5,0.05,-75.42727904893592,-54.62784683457388
734,ksqexp,1.75,6,1.5,0.01,-77.35184509479382,-55.291295103021696
735,ksqexp,1.75,6,1.5,0,-77.43632161316289,-55.320381886914326
736,ksqexp,1.75,8,0.5,0.5,-41.82850871670301,-40.371926234680046
737,ksqexp,1.75,8,0.5,0.1,-117.19333054437757,-71.9433177422047
738,ksqexp,1.75,8,0.5,0.05,-149.34368410928727,-83.53404471258084
739,ksqexp,1.75,8,0.5,0.01,-165.8191416056122,-89.33726783315123
740,ksqexp,1.75,8,0.5,0,-166.61191719404266,-89.61486947350541
741,ksqexp,1.75,8,1,0.5,-43.67874111856419,-42.287456087654206
742,ksqexp,1.75,8,1,0.1,-82.65202440205843,-56.474252952542486
743,ksqexp,1.75,8,1,0.05,-92.93484571228898,-60.058104850820484
744,ksqexp,1.75,8,1,0.01,-97.24842612681151,-61.54961320503607
745,ksqexp,1.75,8,1,0,-97.4423521921949,-61.61653089347384
746,ksqexp,1.75,8,1.5,0.5,-45.565452352076775,-44.49648019916868
747,ksqexp,1.75,8,1.5,0.1,-70.23735603580177,-52.71132130309546
748,ksqexp,1.75,8,1.5,0.05,-75.17649834462236,-54.39449811330088
749,ksqexp,1.75,8,1.5,0.01,-77.0923777110808,-55.045831992728324
750,ksqexp,1.75,8,1.5,0,-77.17648729074861,-55.07440813321884
751,ksqexp,1.75,10,0.5,0.5,-41.97478980279045,-40.580825050300355
752,ksqexp,1.75,10,0.5,0.1,-116.10295736572812,-70.9715481669778
753,ksqexp,1.75,10,0.5,0.05,-148.07258369879244,-82.38045433803474
754,ksqexp,1.75,10,0.5,0.01,-164.48528301466342,-88.1194252853758
755,ksqexp,1.75,10,0.5,0,-165.27540007859145,-88.39428692880448
756,ksqexp,1.75,10,1,0.5,-43.77606279929655,-42.44023030417394
757,ksqexp,1.75,10,1,0.1,-82.29748669689099,-56.18074338876593
758,ksqexp,1.75,10,1,0.05,-92.5433135695764,-59.724931655477924
759,ksqexp,1.75,10,1,0.01,-96.84472399478612,-61.2031567653754
760,ksqexp,1.75,10,1,0,-97.03814046395456,-61.26951510848171
761,ksqexp,1.75,10,1.5,0.5,-45.68162647911951,-44.661956046936545
762,ksqexp,1.75,10,1.5,0.1,-70.15962166895673,-52.674266103519415
763,ksqexp,1.75,10,1.5,0.05,-75.08699456640085,-54.34345930457492
764,ksqexp,1.75,10,1.5,0.01,-76.99909193656676,-54.99019776528832
765,ksqexp,1.75,10,1.5,0,-77.0830440249157,-55.01858126813307
766,ksqexp,1.75,25,0.5,0.5,-41.921629206628495,-40.60653336599168
767,ksqexp,1.75,25,0.5,0.1,-113.09543342790592,-68.22856266742251
768,ksqexp,1.75,25,0.5,0.05,-144.7173009912569,-79.31345776820785
769,ksqexp,1.75,25,0.5,0.01,-161.00766794206586,-84.93900285690651
770,ksqexp,1.75,25,0.5,0,-161.79255851045747,-85.20902616938749
771,ksqexp,1.75,25,1,0.5,-43.75458273343391,-42.48730925869075
772,ksqexp,1.75,25,1,0.1,-81.29981865996805,-55.29971033230259
773,ksqexp,1.75,25,1,0.05,-91.47476504254564,-58.77605214494755
774,ksqexp,1.75,25,1,0.01,-95.75240991852615,-60.23156207849203
775,ksqexp,1.75,25,1,0,-95.9448241341923,-60.29696292237932
776,ksqexp,1.75,25,1.5,0.5,-45.8027742468374,-44.83847070531136
777,ksqexp,1.75,25,1.5,0.1,-69.89292696104351,-52.46970601472406
778,ksqexp,1.75,25,1.5,0.05,-74.79788015036335,-54.11625333238916
779,ksqexp,1.75,25,1.5,0.01,-76.70259393976649,-54.755528413147054
780,ksqexp,1.75,25,1.5,0,-76.7862361079513,-54.78359860647541
781,ksqexp,2,0.2,0.5,0.5,-47.48362158914563,-46.934145833510705
782,ksqexp,2,0.2,0.5,0.1,-729.06111868909,-713.772136803195
783,ksqexp,2,0.2,0.5,0.05,-2533.6242453015907,-2486.1643709381888
784,ksqexp,2,0.2,0.5,0.01,-36153.87169381547,-31830.81574491122
785,ksqexp,2,0.2,0.5,0,-67855088.22653927,-67685473.59348305
786,ksqexp,2,0.2,1,0.5,-47.531895289650805,-46.948634908187856
787,ksqexp,2,0.2,1,0.1,-682.0393201412609,-670.5217631922332
788,ksqexp,2,0.2,1,0.05,-2231.361527878731,-2160.643980835318
789,ksqexp,2,0.2,1,0.01,-30102.310874392126,-27164.1103499901
790,ksqexp,2,0.2,1,0,-33929250.55200207,-33844440.85331811
791,ksqexp,2,0.2,1.5,0.5,-47.48760189917181,-46.914174460716275
792,ksqexp,2,0.2,1.5,0.1,-645.8068132954758,-635.0879429729162
793,ksqexp,2,0.2,1.5,0.05,-2062.622764152628,-1967.1071579844843
794,ksqexp,2,0.2,1.5,0.01,-26465.557759985022,-24482.380274607753
795,ksqexp,2,0.2,1.5,0,-22619855.82222336,-22563316.082520373
796,ksqexp,2,0.5,0.5,0.5,-44.81998514143401,-43.737170316268866
797,ksqexp,2,0.5,0.5,0.1,-534.4820536134134,-512.8115475446391
798,ksqexp,2,0.5,0.5,0.05,-1693.0809786512323,-1648.537314133835
799,ksqexp,2,0.5,0.5,0.01,-21425.691119474195,-19116.95400393669
800,ksqexp,2,0.5,0.5,0,-378621.81179139356,-377648.62699834554
801,ksqexp,2,0.5,1,0.5,-44.5646473151412,-43.47423643724873
802,ksqexp,2,0.5,1,0.1,-469.9283312720523,-455.3023221897914
803,ksqexp,2,0.5,1,0.05,-1496.0649483130037,-1451.1127507558408
804,ksqexp,2,0.5,1,0.01,-16857.157763701613,-15119.312899196748
805,ksqexp,2,0.5,1,0,-189275.91142305333,-188791.4134634897
806,ksqexp,2,0.5,1.5,0.5,-44.6158491299,-43.61641334769514
807,ksqexp,2,0.5,1.5,0.1,-435.2118753071391,-423.7923925085522
808,ksqexp,2,0.5,1.5,0.05,-1397.058582243111,-1341.7766586746272
809,ksqexp,2,0.5,1.5,0.01,-14573.976423490425,-13236.7000815881
810,ksqexp,2,0.5,1.5,0,-126163.38486226751,-125841.78273362287
811,ksqexp,2,1,0.5,0.5,-41.46658320910776,-39.75295774405593
812,ksqexp,2,1,0.5,0.1,-352.1643646004282,-311.7402073889249
813,ksqexp,2,1,0.5,0.05,-946.1925704669234,-840.7695670533593
814,ksqexp,2,1,0.5,0.01,-7478.937561417294,-6669.323964991347
815,ksqexp,2,1,0.5,0,-12578.24784475416,-11397.732884794012
816,ksqexp,2,1,1,0.5,-42.05466333663391,-40.347209126560635
817,ksqexp,2,1,1,0.1,-287.6600180765426,-254.73742643334313
818,ksqexp,2,1,1,0.05,-763.2775489133629,-687.3118173504837
819,ksqexp,2,1,1,0.01,-4663.227690142919,-4173.670058124142
820,ksqexp,2,1,1,0,-6273.304914087125,-5685.168815758918
821,ksqexp,2,1,1.5,0.5,-42.46225138124037,-40.95788068263045
822,ksqexp,2,1,1.5,0.1,-254.86114672711383,-226.98752430684524
823,ksqexp,2,1,1.5,0.05,-678.4043552372037,-613.7329021982736
824,ksqexp,2,1,1.5,0.01,-3389.2923080632067,-3042.428608938317
825,ksqexp,2,1,1.5,0,-4174.447917463988,-3783.7714400888344
826,ksqexp,2,1.5,0.5,0.5,-40.38536393973797,-38.2551764405779
827,ksqexp,2,1.5,0.5,0.1,-298.1786436831238,-233.61485983221186
828,ksqexp,2,1.5,0.5,0.05,-699.0534555586556,-570.5136459993378
829,ksqexp,2,1.5,0.5,0.01,-1826.9461055487188,-1586.1849770228093
830,ksqexp,2,1.5,0.5,0,-2007.082403762789,-1746.1308747853452
831,ksqexp,2,1.5,1,0.5,-41.593672196781505,-39.348518630744536
832,ksqexp,2,1.5,1,0.1,-234.40556104125156,-187.46896146942228
833,ksqexp,2,1.5,1,0.05,-488.747515909705,-412.14128818968106
834,ksqexp,2,1.5,1,0.01,-950.0241170512646,-827.019905683113
835,ksqexp,2,1.5,1,0,-997.4940692154934,-869.120468711005
836,ksqexp,2,1.5,1.5,0.5,-42.34832089399398,-40.2267921914489
837,ksqexp,2,1.5,1.5,0.1,-200.480268924184,-164.12043394767718
838,ksqexp,2,1.5,1.5,0.05,-384.8753250329406,-329.6566810090427
839,ksqexp,2,1.5,1.5,0.01,-642.3234920375494,-560.5760600180724
840,ksqexp,2,1.5,1.5,0,-663.7552809070818,-579.574323252629
841,ksqexp,2,2,0.5,0.5,-40.51347221327048,-38.125309372488225
842,ksqexp,2,2,0.5,0.1,-275.92196828107217,-204.95908359347354
843,ksqexp,2,2,0.5,0.05,-507.2540658528417,-377.8230175194231
844,ksqexp,2,2,0.5,0.01,-761.0790184307915,-578.5233324484211
845,ksqexp,2,2,0.5,0,-781.2775086480186,-594.6379890783693
846,ksqexp,2,2,1,0.5,-42.37306876419376,-39.75515794305908
847,ksqexp,2,2,1,0.1,-198.87402457077644,-149.9086120161276
848,ksqexp,2,2,1,0.05,-303.6620865391352,-230.36669318378418
849,ksqexp,2,2,1,0.01,-385.14714209407845,-295.17278318393767
850,ksqexp,2,2,1,0,-390.23918033753483,-299.2310785557202
851,ksqexp,2,2,1.5,0.5,-43.563738841829014,-41.023624405022396
852,ksqexp,2,2,1.5,0.1,-159.47009223416552,-122.54117355472593
853,ksqexp,2,2,1.5,0.05,-220.4277355903421,-169.91882881657492
854,ksqexp,2,2,1.5,0.01,-260.43454754439233,-201.76178113938485
855,ksqexp,2,2,1.5,0,-262.68372764368183,-203.55276512927912
856,ksqexp,2,2.5,0.5,0.5,-41.07586017729366,-38.60067819433641
857,ksqexp,2,2.5,0.5,0.1,-235.5806012910493,-163.94185678852602
858,ksqexp,2,2.5,0.5,0.05,-367.721723169454,-241.60045880745105
859,ksqexp,2,2.5,0.5,0.01,-475.40431655325955,-305.2804014695729
860,ksqexp,2,2.5,0.5,0,-482.4289219352442,-309.55278604688635
861,ksqexp,2,2.5,1,0.5,-43.28485874944759,-40.56484814698437
862,ksqexp,2,2.5,1,0.1,-158.86214612593082,-110.68517543960817
863,ksqexp,2,2.5,1,0.05,-210.78857292100147,-140.64955889285093
864,ksqexp,2,2.5,1,0.01,-242.74313813022977,-159.60679472541386
865,ksqexp,2,2.5,1,0,-244.48454350231162,-160.6619000859307
866,ksqexp,2,2.5,1.5,0.5,-44.657466833176336,-42.037033251072685
867,ksqexp,2,2.5,1.5,0.1,-124.1709159139881,-88.38720773541948
868,ksqexp,2,2.5,1.5,0.05,-152.16418865226711,-104.44960653905206
869,ksqexp,2,2.5,1.5,0.01,-167.1999258643825,-113.36366066652329
870,ksqexp,2,2.5,1.5,0,-167.96040744989233,-113.82226152734306
871,ksqexp,2,3,0.5,0.5,-41.5243769293676,-39.07093013154542
872,ksqexp,2,3,0.5,0.1,-204.41342348801254,-132.80305908265308
873,ksqexp,2,3,0.5,0.05,-304.27601735728956,-181.6983962956629
874,ksqexp,2,3,0.5,0.01,-377.7515403890721,-218.25451536688064
875,ksqexp,2,3,0.5,0,-382.01943429953536,-220.44214340163427
876,ksqexp,2,3,1,0.5,-43.73316781026336,-41.06000626321178
877,ksqexp,2,3,1,0.1,-136.79881402412627,-89.60448279726444
878,ksqexp,2,3,1,0.05,-174.76827531814433,-107.8668400154672
879,ksqexp,2,3,1,0.01,-195.68989038753296,-118.29728441603281
880,ksqexp,2,3,1,0,-196.74081186986632,-118.8322801279455
881,ksqexp,2,3,1.5,0.5,-45.10233196567289,-42.56119039643057
882,ksqexp,2,3,1.5,0.1,-107.73415946530952,-73.19438468300068
883,ksqexp,2,3,1.5,0.05,-127.68932728464148,-82.73993681078777
884,ksqexp,2,3,1.5,0.01,-137.31466316233815,-87.52203890279044
885,ksqexp,2,3,1.5,0,-137.77192782178759,-87.7529824675741
886,ksqexp,2,3.5,0.5,0.5,-41.77256052038138,-39.38857115009706
887,ksqexp,2,3.5,0.5,0.1,-188.86224241506548,-117.80916174721996
888,ksqexp,2,3.5,0.5,0.05,-275.9502369774129,-156.97517462151566
889,ksqexp,2,3.5,0.5,0.01,-334.5816809524846,-183.22956316764763
890,ksqexp,2,3.5,0.5,0,-337.75891690012037,-184.6654777962255
891,ksqexp,2,3.5,1,0.5,-43.912771064963906,-41.34245620052739
892,ksqexp,2,3.5,1,0.1,-127.22471155214923,-81.16058304687195
893,ksqexp,2,3.5,1,0.05,-159.28573407054824,-95.24732180577993
894,ksqexp,2,3.5,1,0.01,-175.542776011002,-102.47375071937303
895,ksqexp,2,3.5,1,0,-176.32405990207943,-102.82354809340389
896,ksqexp,2,3.5,1.5,0.5,-45.31778664406993,-42.913143148446174
897,ksqexp,2,3.5,1.5,0.1,-101.07740652152066,-67.76591205119001
898,ksqexp,2,3.5,1.5,0.05,-117.56984281499761,-74.92577173447967
899,ksqexp,2,3.5,1.5,0.01,-124.96309545953179,-78.18286590499845
900,ksqexp,2,3.5,1.5,0,-125.30309766582434,-78.3335616242073
901,ksqexp,2,4,0.5,0.5,-41.936479826874454,-39.642735044786214
902,ksqexp,2,4,0.5,0.1,-180.54264792503577,-110.34535061418741
903,ksqexp,2,4,0.5,0.05,-259.8990215270051,-143.98882249900296
904,ksqexp,2,4,0.5,0.01,-310.637491784204,-164.86693628266826
905,ksqexp,2,4,0.5,0,-313.31181594480915,-165.96147055515192
906,ksqexp,2,4,1,0.5,-44.066098425308034,-41.623052793658836
907,ksqexp,2,4,1,0.1,-122.18566172273303,-77.19212104317037
908,ksqexp,2,4,1,0.05,-150.76116919435975,-88.89460834567751
909,ksqexp,2,4,1,0.01,-164.68251970869574,-94.54086228053282
910,ksqexp,2,4,1,0,-165.34077784610898,-94.8074178619653
911,ksqexp,2,4,1.5,0.5,-45.55959078951705,-43.313961732115054
912,ksqexp,2,4,1.5,0.1,-97.67343014465992,-65.39634559850512
913,ksqexp,2,4,1.5,0.05,-112.21003532619936,-71.2371720377453
914,ksqexp,2,4,1.5,0.01,-118.52084488410135,-73.76516173941138
915,ksqexp,2,4,1.5,0,-118.80775524355649,-73.88005706304781
916,ksqexp,2,6,0.5,0.5,-42.25374407556709,-40.2717326411286
917,ksqexp,2,6,0.5,0.1,-163.342386271011,-94.41451806504944
918,ksqexp,2,6,0.5,0.05,-231.38824815207738,-119.37138781412969
919,ksqexp,2,6,0.5,0.01,-273.70904621935364,-134.32669226432958
920,ksqexp,2,6,0.5,0,-275.91309799451574,-135.09845642653033
921,ksqexp,2,6,1,0.5,-44.37376003778046,-42.309520918777224
922,ksqexp,2,6,1,0.1,-112.82047986365119,-69.3477669120493
923,ksqexp,2,6,1,0.05,-137.11180304533093,-77.94085063102195
924,ksqexp,2,6,1,0.01,-148.71559973150616,-81.98296021808873
925,ksqexp,2,6,1,0,-149.26053362726313,-82.17206863184778
926,ksqexp,2,6,1.5,0.5,-46.12508442005327,-44.31249534695622
927,ksqexp,2,6,1.5,0.1,-91.9812547908325,-61.13757565916081
928,ksqexp,2,6,1.5,0.05,-104.31975637686074,-65.42117367389096
929,ksqexp,2,6,1.5,0.01,-109.59499932370032,-67.23852841713055
930,ksqexp,2,6,1.5,0,-109.83366893574447,-67.32059613281088
931,ksqexp,2,8,0.5,0.5,-42.32634252204283,-40.4811438086336
932,ksqexp,2,8,0.5,0.1,-157.0669433683138,-88.08719702640849
933,ksqexp,2,8,0.5,0.05,-223.6139295397899,-111.62826005056262
934,ksqexp,2,8,0.5,0.01,-265.2122593227201,-125.97542679067435
935,ksqexp,2,8,0.5,0,-267.3802742319765,-126.71860247900278
936,ksqexp,2,8,1,0.5,-44.3782051711892,-42.45607347251253
937,ksqexp,2,8,1,0.1,-110.11422344941099,-66.70582754541293
938,ksqexp,2,8,1,0.05,-134.00461468330047,-74.93258731554015
939,ksqexp,2,8,1,0.01,-145.43552299986808,-78.831688521407
940,ksqexp,2,8,1,0,-145.97243254912826,-79.01440144101781
941,ksqexp,2,8,1.5,0.5,-46.232133120506845,-44.5757360568893
942,ksqexp,2,8,1.5,0.1,-90.6812110268525,-59.93181441425446
943,ksqexp,2,8,1.5,0.05,-102.85192164289926,-64.06370079748983
944,ksqexp,2,8,1.5,0.01,-108.05825542148717,-65.82409194674372
945,ksqexp,2,8,1.5,0,-108.29380875245566,-65.90365786091523
946,ksqexp,2,10,0.5,0.5,-42.45015263282885,-40.68578546748925
947,ksqexp,2,10,0.5,0.1,-154.72744074478746,-85.9083431681203
948,ksqexp,2,10,0.5,0.05,-220.87519665343933,-109.05110758624495
949,ksqexp,2,10,0.5,0.01,-262.3444574175577,-123.26301837080956
950,ksqexp,2,10,0.5,0,-264.5072143982314,-124.00056596014808
951,ksqexp,2,10,1,0.5,-44.4455323284833,-42.60299337764871
952,ksqexp,2,10,1,0.1,-109.20788038842137,-65.8952370710493
953,ksqexp,2,10,1,0.05,-133.01912345597472,-74.03540978448677
954,ksqexp,2,10,1,0.01,-144.42621538214325,-77.90689852596282
955,ksqexp,2,10,1,0,-144.9621599010621,-78.08847034950362
956,ksqexp,2,10,1.5,0.5,-46.332421233970955,-44.756081175021876
957,ksqexp,2,10,1.5,0.1,-90.32293327996379,-59.64350700367349
958,ksqexp,2,10,1.5,0.05,-102.46969086223086,-63.74497976223099
959,ksqexp,2,10,1.5,0.01,-107.66918554567219,-65.49591828101535
960,ksqexp,2,10,1.5,0,-107.90446516629048,-65.57509524518953
961,ksqexp,2,25,0.5,0.5,-42.39992344652653,-40.78153440910965
962,ksqexp,2,25,0.5,0.1,-149.7018077230021,-81.60089735128018
963,ksqexp,2,25,0.5,0.05,-215.1104318368273,-104.12419825189879
964,ksqexp,2,25,0.5,0.01,-256.3117732718986,-118.11475716413604
965,ksqexp,2,25,0.5,0,-258.46303132091936,-118.84283587828024
966,ksqexp,2,25,1,0.5,-44.38829143047079,-42.686840447331726
967,ksqexp,2,25,1,0.1,-107.3301231252028,-64.38379956863403
968,ksqexp,2,25,1,0.05,-130.98189890629558,-72.38988842558517
969,ksqexp,2,25,1,0.01,-142.33505480649336,-76.21627950376852
970,ksqexp,2,25,1,0,-142.86872387282844,-76.39595079439071
971,ksqexp,2,25,1.5,0.5,-46.43633711653677,-44.98796417184418
972,ksqexp,2,25,1.5,0.1,-89.61888630533909,-59.168127213929104
973,ksqexp,2,25,1.5,0.05,-101.71167668952411,-63.223363514927314
974,ksqexp,2,25,1.5,0.01,-106.893409523524,-64.95910570462924
975,ksqexp,2,25,1.5,0,-107.1279448210983,-65.03764586567411
976,ksqexp,2.25,0.2,0.5,0.5,-47.60992678177336,-47.01054257905475
977,ksqexp,2.25,0.2,0.5,0.1,-762.8928635561631,-741.6542794839237
978,ksqexp,2.25,0.2,0.5,0.05,-2872.344008057995,-2838.870667527833
979,ksqexp,2.25,0.2,0.5,0.01,-45141.15589359947,-39952.34484852673
980,ksqexp,2.25,0.2,0.5,0,-138527653.15327242,-138158372.5278559
981,ksqexp,2.25,0.2,1,0.5,-47.720040635775874,-47.00693275774406
982,ksqexp,2.25,0.2,1,0.1,-741.9995277805086,-727.2784960971547
983,ksqexp,2.25,0.2,1,0.05,-2602.1261275703287,-2581.71252906748
984,ksqexp,2.25,0.2,1,0.01,-43452.63175798744,-37145.3733969983
985,ksqexp,2.25,0.2,1,0,-69271096.36289427,-69086414.41275224
986,ksqexp,2.25,0.2,1.5,0.5,-47.646548339824506,-46.90392042465376
987,ksqexp,2.25,0.2,1.5,0.1,-720.6948407813461,-710.2406341237739
988,ksqexp,2.25,0.2,1.5,0.05,-2419.2733066006135,-2393.5706582535795
989,ksqexp,2.25,0.2,1.5,0.01,-42148.146561816626,-35793.62863871368
990,ksqexp,2.25,0.2,1.5,0,-46182317.95261583,-46059188.141046375
991,ksqexp,2.25,0.5,0.5,0.5,-45.248380907169334,-44.06935379510082
992,ksqexp,2.25,0.5,0.5,0.1,-612.5717478933391,-581.3350746231524
993,ksqexp,2.25,0.5,0.5,0.05,-1977.8588314254864,-1935.3492831013587
994,ksqexp,2.25,0.5,0.5,0.01,-30927.44145002733,-27901.03559234511
995,ksqexp,2.25,0.5,0.5,0,-829424.5381276651,-835385.1742642785
996,ksqexp,2.25,0.5,1,0.5,-45.02136940615989,-43.713319249722375
997,ksqexp,2.25,0.5,1,0.1,-546.9381650263814,-526.9245027272818
998,ksqexp,2.25,0.5,1,0.05,-1744.2780654521987,-1731.734114396134
999,ksqexp,2.25,0.5,1,0.01,-26323.361562086593,-22984.554957714827
1000,ksqexp,2.25,0.5,1,0,-414669.8555967883,-417652.7075420502
1001,ksqexp,2.25,0.5,1.5,0.5,-45.106103203785025,-43.81138676067317
1002,ksqexp,2.25,0.5,1.5,0.1,-507.76953404328486,-494.2115565864934
1003,ksqexp,2.25,0.5,1.5,0.05,-1631.1820740379248,-1624.9189139325965
1004,ksqexp,2.25,0.5,1.5,0.01,-23390.307913317218,-20251.29761628212
1005,ksqexp,2.25,0.5,1.5,0,-276421.00660631736,-278411.2644971622
1006,ksqexp,2.25,1,0.5,0.5,-42.30432819304924,-40.44447790898394
1007,ksqexp,2.25,1,0.5,0.1,-439.62123382166595,-390.3459048371831
1008,ksqexp,2.25,1,0.5,0.05,-1262.1365873468085,-1101.2882842012523
1009,ksqexp,2.25,1,0.5,0.01,-12086.676946609934,-10869.165129656616
1010,ksqexp,2.25,1,0.5,0,-31456.426162344385,-28334.470976788885
1011,ksqexp,2.25,1,1,0.5,-43.12608019934479,-41.10369606233567
1012,ksqexp,2.25,1,1,0.1,-369.4429530520814,-325.65919100134573
1013,ksqexp,2.25,1,1,0.05,-1033.7401322367027,-907.9440712798098
1014,ksqexp,2.25,1,1,0.01,-8688.727880060203,-7764.395010389513
1015,ksqexp,2.25,1,1,0,-15705.955039064022,-14147.441692797101
1016,ksqexp,2.25,1,1.5,0.5,-43.72586282455727,-41.79874567199303
1017,ksqexp,2.25,1,1.5,0.1,-333.33194173077527,-292.61006255035016
1018,ksqexp,2.25,1,1.5,0.05,-913.7331234107631,-810.8124623283392
1019,ksqexp,2.25,1,1.5,0.01,-6794.87429356293,-6066.203924713836
1020,ksqexp,2.25,1,1.5,0,-10458.588598142569,-9421.222534853036
1021,ksqexp,2.25,1.5,0.5,0.5,-41.2359183593034,-38.95524112590199
1022,ksqexp,2.25,1.5,0.5,0.1,-382.1832997559067,-296.79854151731087
1023,ksqexp,2.25,1.5,0.5,0.05,-1007.1596176937137,-790.80984242076
1024,ksqexp,2.25,1.5,0.5,0.01,-3852.8829133532586,-3382.3234137736163
1025,ksqexp,2.25,1.5,0.5,0,-4740.800817691754,-4175.848546055612
1026,ksqexp,2.25,1.5,1,0.5,-42.64050249597513,-40.12599961824374
1027,ksqexp,2.25,1.5,1,0.1,-314.54241526688855,-243.61937542397789
1028,ksqexp,2.25,1.5,1,0.05,-752.7419002264744,-614.9150164719268
1029,ksqexp,2.25,1.5,1,0.01,-2108.3553531399284,-1855.8345585823681
1030,ksqexp,2.25,1.5,1,0,-2358.7950869328197,-2078.7822507747824
1031,ksqexp,2.25,1.5,1.5,0.5,-43.49681536866073,-41.02736395153821
1032,ksqexp,2.25,1.5,1.5,0.1,-276.92894196046814,-217.17305473003324
1033,ksqexp,2.25,1.5,1.5,0.05,-618.812682971741,-518.1385115019451
1034,ksqexp,2.25,1.5,1.5,0.01,-1451.359973728392,-1279.2399925045067
1035,ksqexp,2.25,1.5,1.5,0,-1567.5838321576857,-1382.5508079723695
1036,ksqexp,2.25,2,0.5,0.5,-41.11195867504705,-38.54286311300619
1037,ksqexp,2.25,2,0.5,0.1,-366.0145794294142,-268.1581568731821
1038,ksqexp,2.25,2,0.5,0.05,-811.7731996560451,-596.4083519581711
1039,ksqexp,2.25,2,0.5,0.01,-1592.597498880316,-1228.479355806888
1040,ksqexp,2.25,2,0.5,0,-1686.965268303686,-1306.8617135034237
1041,ksqexp,2.25,2,1,0.5,-43.110806347131984,-40.17277921007389
1042,ksqexp,2.25,2,1,0.1,-284.24252600800605,-209.19181044402015
1043,ksqexp,2.25,2,1,0.05,-528.0274627857324,-395.676738753205
1044,ksqexp,2.25,2,1,0.01,-813.5266113039476,-630.3768636273501
1045,ksqexp,2.25,2,1,0,-838.160648434098,-650.8197278494256
1046,ksqexp,2.25,2,1.5,0.5,-44.367536715161556,-41.38707688797724
1047,ksqexp,2.25,2,1.5,0.1,-237.76973216161878,-177.21952224429396
1048,ksqexp,2.25,2,1.5,0.05,-396.17801004670633,-301.11784356742186
1049,ksqexp,2.25,2,1.5,0.01,-546.9464464144587,-425.7469604259483
1050,ksqexp,2.25,2,1.5,0,-558.016431793783,-434.92972263434467
1051,ksqexp,2.25,2.5,0.5,0.5,-41.522621452870396,-38.81398022338666
1052,ksqexp,2.25,2.5,0.5,0.1,-327.2175950112964,-227.72449944395015
1053,ksqexp,2.25,2.5,0.5,0.05,-602.4658467240685,-396.90055945228215
1054,ksqexp,2.25,2.5,0.5,0.01,-913.574833856325,-592.0069268980523
1055,ksqexp,2.25,2.5,0.5,0,-940.760006427849,-610.1526947490325
1056,ksqexp,2.25,2.5,1,0.5,-43.95346932982557,-40.82341406348248
1057,ksqexp,2.25,2.5,1,0.1,-234.92196083605032,-161.40611945445855
1058,ksqexp,2.25,2.5,1,0.05,-360.4495843725282,-237.4943289579506
1059,ksqexp,2.25,2.5,1,0.01,-462.3325745583305,-302.37900945590667
1060,ksqexp,2.25,2.5,1,0,-469.2473898095341,-307.002522123364
1061,ksqexp,2.25,2.5,1.5,0.5,-45.45909455979177,-42.28132596904102
1062,ksqexp,2.25,2.5,1.5,0.1,-187.54871859166022,-129.53969263980872
1063,ksqexp,2.25,2.5,1.5,0.05,-261.0382088783021,-174.07577388857015
1064,ksqexp,2.25,2.5,1.5,0.01,-311.80092340501517,-206.6934290845149
1065,ksqexp,2.25,2.5,1.5,0,-314.86717433765335,-208.74312132634662
1066,ksqexp,2.25,3,0.5,0.5,-42.00222946996095,-39.273716954425794
1067,ksqexp,2.25,3,0.5,0.1,-283.7430800670992,-183.83281791383095
1068,ksqexp,2.25,3,0.5,0.05,-482.95600294554544,-285.1032273869362
1069,ksqexp,2.25,3,0.5,0.01,-684.9938822443974,-392.1296411882358
1070,ksqexp,2.25,3,0.5,0,-699.9225308035678,-400.69167627962105
1071,ksqexp,2.25,3,1,0.5,-44.524515875738786,-41.38986133451561
1072,ksqexp,2.25,3,1,0.1,-197.22746184085014,-125.21969734160437
1073,ksqexp,2.25,3,1,0.05,-284.6122472475267,-169.02824158033914
1074,ksqexp,2.25,3,1,0.01,-347.9833203039345,-203.35212886867237
1075,ksqexp,2.25,3,1,0,-351.7281933460015,-205.50139945305742
1076,ksqexp,2.25,3,1.5,0.5,-46.02944163422685,-42.87746773279085
1077,ksqexp,2.25,3,1.5,0.1,-156.06564182725685,-100.25242713502954
1078,ksqexp,2.25,3,1.5,0.05,-206.10744927883664,-125.47557476648781
1079,ksqexp,2.25,3,1.5,0.01,-236.8041423533283,-142.283147941338
1080,ksqexp,2.25,3,1.5,0,-238.45407094277374,-143.22863060084498
1081,ksqexp,2.25,3.5,0.5,0.5,-42.31494787890305,-39.62738614343331
1082,ksqexp,2.25,3.5,0.5,0.1,-257.94918290812615,-157.91526413538125
1083,ksqexp,2.25,3.5,0.5,0.05,-428.7794145294918,-236.95567577517807
1084,ksqexp,2.25,3.5,0.5,0.01,-585.361371472116,-311.9740992001403
1085,ksqexp,2.25,3.5,0.5,0,-595.499299885068,-317.06406649485564
1086,ksqexp,2.25,3.5,1,0.5,-44.74656363656648,-41.680031545049005
1087,ksqexp,2.25,3.5,1,0.1,-179.03790835059817,-108.37543234653586
1088,ksqexp,2.25,3.5,1,0.05,-251.92122237126046,-141.86644419094813
1089,ksqexp,2.25,3.5,1,0.01,-299.0758933941738,-164.73339857376658
1090,ksqexp,2.25,3.5,1,0,-301.6025984018106,-165.99899128764952
1091,ksqexp,2.25,3.5,1.5,0.5,-46.21298788453533,-43.15771839229362
1092,ksqexp,2.25,3.5,1.5,0.1,-142.1905080319547,-88.1874670821659
1093,ksqexp,2.25,3.5,1.5,0.05,-182.98672874891415,-107.0095312001454
1094,ksqexp,2.25,3.5,1.5,0.01,-205.3169146921061,-117.88024176000692
1095,ksqexp,2.25,3.5,1.5,0,-206.42768799577334,-118.43462297940931
1096,ksqexp,2.25,4,0.5,0.5,-42.494475017235764,-39.87183637989661
1097,ksqexp,2.25,4,0.5,0.1,-244.7877476074683,-145.26991744694973
1098,ksqexp,2.25,4,0.5,0.05,-399.6090918078753,-213.06340634881622
1099,ksqexp,2.25,4,0.5,0.01,-529.8089336611763,-269.99996861152397
1100,ksqexp,2.25,4,0.5,0,-537.6844264848213,-273.49166230933156
1101,ksqexp,2.25,4,1,0.5,-44.86610154988413,-41.8950544296127
1102,ksqexp,2.25,4,1,0.1,-170.06434615392237,-100.80695960169763
1103,ksqexp,2.25,4,1,0.05,-234.0356391672104,-128.32224128948758
1104,ksqexp,2.25,4,1,0.01,-272.2848502230806,-145.0310885735361
1105,ksqexp,2.25,4,1,0,-274.2447713985814,-145.89595201484033
1106,ksqexp,2.25,4,1.5,0.5,-46.37498615472248,-43.446513205543575
1107,ksqexp,2.25,4,1.5,0.1,-135.36323274705921,-82.97160567109518
1108,ksqexp,2.25,4,1.5,0.05,-170.4500408307312,-97.97700355610041
1109,ksqexp,2.25,4,1.5,0.01,-188.3604470061042,-105.77639949644784
1110,ksqexp,2.25,4,1.5,0,-189.22220979421604,-106.15470534605988
1111,ksqexp,2.25,6,0.5,0.5,-42.84922454663844,-40.519579828991475
1112,ksqexp,2.25,6,0.5,0.1,-219.09662582557485,-121.08737040948947
1113,ksqexp,2.25,6,0.5,0.05,-345.3104899651793,-167.76069243836227
1114,ksqexp,2.25,6,0.5,0.01,-442.45877449052335,-202.15790715094585
1115,ksqexp,2.25,6,0.5,0,-448.0744212506245,-204.12758791112347
1116,ksqexp,2.25,6,1,0.5,-45.22683476212672,-42.6420652200405
1117,ksqexp,2.25,6,1,0.1,-153.19085132928373,-86.67361308263281
1118,ksqexp,2.25,6,1,0.05,-203.39910454191258,-104.58065217371593
1119,ksqexp,2.25,6,1,0.01,-231.47005274280406,-114.41189621862557
1120,ksqexp,2.25,6,1,0,-232.8702479602566,-114.90040229060524
1121,ksqexp,2.25,6,1.5,0.5,-47.00333681608108,-44.54397241700246
1122,ksqexp,2.25,6,1.5,0.1,-123.1924586858891,-73.69607424414437
1123,ksqexp,2.25,6,1.5,0.05,-150.22887535602786,-83.18635530975894
1124,ksqexp,2.25,6,1.5,0.01,-163.30877694198398,-87.7344054499353
1125,ksqexp,2.25,6,1.5,0,-163.92618029047554,-87.94866384825426
1126,ksqexp,2.25,8,0.5,0.5,-42.846264736760936,-40.66629333394355
1127,ksqexp,2.25,8,0.5,0.1,-206.46517585905298,-108.68336827329308
1128,ksqexp,2.25,8,0.5,0.05,-327.09226866065814,-150.90034088189523
1129,ksqexp,2.25,8,0.5,0.01,-420.2473751426726,-182.6284682198538
1130,ksqexp,2.25,8,0.5,0,-425.622903152224,-184.44862027803276
1131,ksqexp,2.25,8,1,0.5,-45.13234682599085,-42.712661654577815
1132,ksqexp,2.25,8,1,0.1,-146.53578274762603,-80.53550861240198
1133,ksqexp,2.25,8,1,0.05,-194.7674697972987,-97.0045754356391
1134,ksqexp,2.25,8,1,0.01,-221.70907882748088,-106.11033584375721
1135,ksqexp,2.25,8,1,0,-223.0509929349597,-106.56284595388779
1136,ksqexp,2.25,8,1.5,0.5,-47.01576767633442,-44.75507598981841
1137,ksqexp,2.25,8,1.5,0.1,-119.133130852005,-70.17754332990086
1138,ksqexp,2.25,8,1.5,0.05,-145.15885786140836,-78.96799763504835
1139,ksqexp,2.25,8,1.5,0.01,-157.72523151831462,-83.19261435246229
1140,ksqexp,2.25,8,1.5,0,-158.31767962316422,-83.39157794383868
1141,ksqexp,2.25,10,0.5,0.5,-42.8984688119766,-40.80514212078116
1142,ksqexp,2.25,10,0.5,0.1,-201.4173224968884,-104.03272110100879
1143,ksqexp,2.25,10,0.5,0.05,-320.71688611488423,-145.1742083658872
1144,ksqexp,2.25,10,0.5,0.01,-413.2624897272077,-176.46489715890738
1145,ksqexp,2.25,10,0.5,0,-418.6070070837437,-178.26442384471386
1146,ksqexp,2.25,10,1,0.5,-45.11770850967637,-42.79293586669541
1147,ksqexp,2.25,10,1,0.1,-144.17373982764568,-78.48095192220325
1148,ksqexp,2.25,10,1,0.05,-192.05346929731022,-94.67831927685137
1149,ksqexp,2.25,10,1,0.01,-218.8463016381711,-103.68132943709617
1150,ksqexp,2.25,10,1,0,-220.18117530512268,-104.12920806542469
1151,ksqexp,2.25,10,1.5,0.5,-47.04371078604847,-44.89317812630768
1152,ksqexp,2.25,10,1.5,0.1,-117.85792407128991,-69.14838303769251
1153,ksqexp,2.25,10,1.5,0.05,-143.73474784608135,-77.82745757868705
1154,ksqexp,2.25,10,1.5,0.01,-156.24023898157083,-82.01098197893272
1155,ksqexp,2.25,10,1.5,0,-156.82988813957726,-82.20812623701728
1156,ksqexp,2.25,25,0.5,0.5,-42.84864517464304,-40.969362714091226
1157,ksqexp,2.25,25,0.5,0.1,-192.87262734154672,-97.16017643743079
1158,ksqexp,2.25,25,0.5,0.05,-310.3902999720624,-137.03093914820022
1159,ksqexp,2.25,25,0.5,0.01,-402.2338433028355,-167.84697075987683
1160,ksqexp,2.25,25,0.5,0,-407.5475642328867,-169.62606956261726
1161,ksqexp,2.25,25,1,0.5,-44.99920678364412,-42.900258837957
1162,ksqexp,2.25,25,1,0.1,-140.50597068293814,-75.77295192967547
1163,ksqexp,2.25,25,1,0.05,-187.95210793124758,-91.67427857757043
1164,ksqexp,2.25,25,1,0.01,-214.59141371146848,-100.57607320725168
1165,ksqexp,2.25,25,1,0,-215.91973663605313,-101.01968237852908
1166,ksqexp,2.25,25,1.5,0.5,-47.08236843561397,-45.157377200830815
1167,ksqexp,2.25,25,1.5,0.1,-116.08837342622483,-68.0298241235993
1168,ksqexp,2.25,25,1.5,0.05,-141.7984627004504,-76.59880062531752
1169,ksqexp,2.25,25,1.5,0.01,-154.24719999732847,-80.74592332933553
1170,ksqexp,2.25,25,1.5,0,-154.83445086447597,-80.94154341521572
1171,ksqexp,2.5,0.2,0.5,0.5,-47.609083251766435,-47.01724817571311
1172,ksqexp,2.5,0.2,0.5,0.1,-776.1746096156885,-746.7737739853002
1173,ksqexp,2.5,0.2,0.5,0.05,-3089.6075864391782,-3029.2705745672447
1174,ksqexp,2.5,0.2,0.5,0.01,-48549.564994700835,-46720.58509397633
1175,ksqexp,2.5,0.2,0.5,0,-263215623.32953614,-263160613.14343458
1176,ksqexp,2.5,0.2,1,0.5,-47.768271072433336,-46.99433147029904
1177,ksqexp,2.5,0.2,1,0.1,-769.2267724815571,-745.5011063035921
1178,ksqexp,2.5,0.2,1,0.05,-2915.0210557551704,-2897.0132826561157
1179,ksqexp,2.5,0.2,1,0.01,-45355.13768196794,-41561.204459037304
1180,ksqexp,2.5,0.2,1,0,-131634403.17660992,-131606542.43301512
1181,ksqexp,2.5,0.2,1.5,0.5,-47.73977486662104,-46.882996850049494
1182,ksqexp,2.5,0.2,1.5,0.1,-762.3785592471609,-743.7122346535145
1183,ksqexp,2.5,0.2,1.5,0.05,-2761.9598381875335,-2764.9514225582207
1184,ksqexp,2.5,0.2,1.5,0.01,-44777.174035448326,-39815.42056986865
1185,ksqexp,2.5,0.2,1.5,0,-87762150.1681673,-87743498.18013893
1186,ksqexp,2.5,0.5,0.5,0.5,-45.47827131362751,-44.27738696639614
1187,ksqexp,2.5,0.5,0.5,0.1,-679.3346531389492,-632.8111943458664
1188,ksqexp,2.5,0.5,0.5,0.05,-2264.1320810089614,-2179.4866840292843
1189,ksqexp,2.5,0.5,0.5,0.01,-36105.78692847011,-34483.81283113617
1190,ksqexp,2.5,0.5,0.5,0,-1822095.7474135114,-1829398.2250896976
1191,ksqexp,2.5,0.5,1,0.5,-45.20322448433297,-43.77712710687448
1192,ksqexp,2.5,0.5,1,0.1,-622.5926581856365,-587.6540565438271
1193,ksqexp,2.5,0.5,1,0.05,-1983.150654916834,-1954.263441637566
1194,ksqexp,2.5,0.5,1,0.01,-33612.42074055819,-30368.900427756507
1195,ksqexp,2.5,0.5,1,0,-910998.7829527595,-914652.9669215874
1196,ksqexp,2.5,0.5,1.5,0.5,-45.274768091552644,-43.78433783475093
1197,ksqexp,2.5,0.5,1.5,0.1,-581.2525373677825,-554.9966989441047
1198,ksqexp,2.5,0.5,1.5,0.05,-1841.0818154682172,-1838.6972024647723
1199,ksqexp,2.5,0.5,1.5,0.01,-31551.371598301062,-27737.19048909017
1200,ksqexp,2.5,0.5,1.5,0,-607302.2410970388,-609740.3285333357
1201,ksqexp,2.5,1,0.5,0.5,-42.79722895676229,-40.8805231403908
1202,ksqexp,2.5,1,0.5,0.1,-527.6606006045631,-466.7847975987825
1203,ksqexp,2.5,1,0.5,0.05,-1580.5161820852754,-1369.1576413072557
1204,ksqexp,2.5,1,0.5,0.01,-16350.2620905611,-14906.134525235726
1205,ksqexp,2.5,1,0.5,0,-74973.85690145091,-67393.4529606842
1206,ksqexp,2.5,1,1,0.5,-43.72265477492107,-41.50048050010877
1207,ksqexp,2.5,1,1,0.1,-450.7578576626702,-397.7909445144788
1208,ksqexp,2.5,1,1,0.05,-1347.4034711467439,-1152.1064332157912
1209,ksqexp,2.5,1,1,0.01,-13013.247925930422,-11837.867721793542
1210,ksqexp,2.5,1,1,0,-37458.327860859594,-33670.90208170056
1211,ksqexp,2.5,1,1.5,0.5,-44.507360461341165,-42.25146740446354
1212,ksqexp,2.5,1,1.5,0.1,-411.23473379626506,-359.9301325395617
1213,ksqexp,2.5,1,1.5,0.05,-1215.057356464905,-1040.1087273946764
1214,ksqexp,2.5,1,1.5,0.01,-11033.992203359288,-9985.427273080611
1215,ksqexp,2.5,1,1.5,0,-24955.941862022322,-22432.842160083463
1216,ksqexp,2.5,1.5,0.5,0.5,-41.84155317298543,-39.49698693633335
1217,ksqexp,2.5,1.5,0.5,0.1,-465.8226960858565,-364.4142482701726
1218,ksqexp,2.5,1.5,0.5,0.05,-1349.1944351831025,-1027.6818202912693
1219,ksqexp,2.5,1.5,0.5,0.01,-7275.116780751995,-6431.707643178524
1220,ksqexp,2.5,1.5,0.5,0,-10980.650303869847,-9766.84052768798
1221,ksqexp,2.5,1.5,1,0.5,-43.38558552720154,-40.70999208234941
1222,ksqexp,2.5,1.5,1,0.1,-396.96560880397215,-304.43012554478906
1223,ksqexp,2.5,1.5,1,0.05,-1076.5151197215541,-840.6152441071871
1224,ksqexp,2.5,1.5,1,0.01,-4307.778482474414,-3831.534861900904
1225,ksqexp,2.5,1.5,1,0,-5473.074807160557,-4869.001637553131
1226,ksqexp,2.5,1.5,1.5,0.5,-44.379766372946925,-41.66620405089382
1227,ksqexp,2.5,1.5,1.5,0.1,-359.24673493962985,-274.7233324312263
1228,ksqexp,2.5,1.5,1.5,0.05,-917.9055605901195,-735.3569103923124
1229,ksqexp,2.5,1.5,1.5,0.01,-3072.491721297028,-2736.40061265906
1230,ksqexp,2.5,1.5,1.5,0,-3640.006957925938,-3239.179324735278
1231,ksqexp,2.5,2,0.5,0.5,-41.55525899190309,-38.91834517379514
1232,ksqexp,2.5,2,0.5,0.1,-453.1178594285695,-330.134896836679
1233,ksqexp,2.5,2,0.5,0.05,-1172.4864108029242,-846.2569476714543
1234,ksqexp,2.5,2,0.5,0.01,-3215.579977301052,-2497.8929904228776
1235,ksqexp,2.5,2,0.5,0,-3609.8297974321263,-2835.2631558111148
1236,ksqexp,2.5,2,1,0.5,-43.611270339266525,-40.528323079332786
1237,ksqexp,2.5,2,1,0.1,-373.7419603462341,-270.5619246494709
1238,ksqexp,2.5,2,1,0.05,-839.370935756111,-616.4003219528012
1239,ksqexp,2.5,2,1,0.01,-1686.1905145086992,-1317.7770258316648
1240,ksqexp,2.5,2,1,0,-1794.549755351518,-1410.4012852894862
1241,ksqexp,2.5,2,1.5,0.5,-44.937246157776194,-41.722038723483244
1242,ksqexp,2.5,2,1.5,0.1,-326.2955156685945,-237.44743536305006
1243,ksqexp,2.5,2,1.5,0.05,-662.7570906728529,-493.7133497971123
1244,ksqexp,2.5,2,1.5,0.01,-1142.4405377611552,-895.6927814734496
1245,ksqexp,2.5,2,1.5,0,-1192.247064212153,-938.2379847506534
1246,ksqexp,2.5,2.5,0.5,0.5,-41.7904514186455,-38.9811745883703
1247,ksqexp,2.5,2.5,0.5,0.1,-423.3970522107141,-295.0625608901672
1248,ksqexp,2.5,2.5,0.5,0.05,-922.7805526605105,-610.5085826970073
1249,ksqexp,2.5,2.5,0.5,0.01,-1728.4612982438691,-1136.6179774470147
1250,ksqexp,2.5,2.5,0.5,0,-1821.0365313649747,-1205.338444393133
1251,ksqexp,2.5,2.5,1,0.5,-44.29965031596624,-40.96339399949401
1252,ksqexp,2.5,2.5,1,0.1,-325.89170993637555,-222.87834230356793
1253,ksqexp,2.5,2.5,1,0.05,-594.1111733121561,-390.1300258340416
1254,ksqexp,2.5,2.5,1,0.01,-880.5021938395864,-582.2730720946312
1255,ksqexp,2.5,2.5,1,0,-904.8069010843291,-600.4808115298686
1256,ksqexp,2.5,2.5,1.5,0.5,-45.91531010476392,-42.40405166502015
1257,ksqexp,2.5,2.5,1.5,0.1,-270.678637754038,-184.47941697786501
1258,ksqexp,2.5,2.5,1.5,0.05,-442.36876107404254,-291.61048150588414
1259,ksqexp,2.5,2.5,1.5,0.01,-591.2463478580123,-393.42769796321465
1260,ksqexp,2.5,2.5,1.5,0,-602.1876809736639,-401.65225725358727
1261,ksqexp,2.5,3,0.5,0.5,-42.24094629688201,-39.37204313818115
1262,ksqexp,2.5,3,0.5,0.1,-375.76092617931613,-245.53779008062642
1263,ksqexp,2.5,3,0.5,0.05,-736.2571747979234,-436.21175260017895
1264,ksqexp,2.5,3,0.5,0.01,-1235.9821738444882,-715.4645569497253
1265,ksqexp,2.5,3,0.5,0,-1284.2009648540466,-747.0154451983113
1266,ksqexp,2.5,3,1,0.5,-44.95748703263875,-41.55445112222124
1267,ksqexp,2.5,3,1,0.1,-275.75825490862604,-173.8035141780262
1268,ksqexp,2.5,3,1,0.05,-456.3897293914739,-267.4375977444966
1269,ksqexp,2.5,3,1,0.01,-627.2975600950438,-366.81175340640914
1270,ksqexp,2.5,3,1,0,-639.6662011424638,-374.97906150323047
1271,ksqexp,2.5,3,1.5,0.5,-46.637141442938,-43.07665444945428
1272,ksqexp,2.5,3,1.5,0.1,-223.5199919864817,-140.02972677215945
1273,ksqexp,2.5,3,1.5,0.05,-335.30701182807326,-198.3556858374975
1274,ksqexp,2.5,3,1.5,0.01,-422.10067524478825,-250.10690831104407
1275,ksqexp,2.5,3,1.5,0,-427.61193661375916,-253.75759033274576
1276,ksqexp,2.5,3.5,0.5,0.5,-42.62736675459254,-39.7717539920312
1277,ksqexp,2.5,3.5,0.5,0.1,-340.03436937850165,-208.15501919028205
1278,ksqexp,2.5,3.5,0.5,0.05,-642.6818912534621,-351.7084629425238
1279,ksqexp,2.5,3.5,0.5,0.01,-1026.3074635473831,-547.6208883423607
1280,ksqexp,2.5,3.5,0.5,0,-1057.854972750161,-565.6311225967826
1281,ksqexp,2.5,3.5,1,0.5,-45.30498245220997,-41.93602987079361
1282,ksqexp,2.5,3.5,1,0.1,-246.5397153501426,-145.57135912836333
1283,ksqexp,2.5,3.5,1,0.05,-394.34949908849114,-215.61821862348776
1284,ksqexp,2.5,3.5,1,0.01,-520.9394607535176,-282.416410241802
1285,ksqexp,2.5,3.5,1,0,-528.9206643812489,-286.99166072209744
1286,ksqexp,2.5,3.5,1.5,0.5,-46.91566615600379,-43.413042869694074
1287,ksqexp,2.5,3.5,1.5,0.1,-199.16075501655158,-117.90345118187687
1288,ksqexp,2.5,3.5,1.5,0.05,-289.03382552750156,-161.12757785166283
1289,ksqexp,2.5,3.5,1.5,0.01,-351.8614510021751,-194.87269640211545
1290,ksqexp,2.5,3.5,1.5,0,-355.3998849880491,-196.9024968425863
1291,ksqexp,2.5,4,0.5,0.5,-42.86750975969101,-40.05462381782398
1292,ksqexp,2.5,4,0.5,0.1,-320.774026193161,-188.27115200930984
1293,ksqexp,2.5,4,0.5,0.05,-594.2981674367544,-311.1959726235121
1294,ksqexp,2.5,4,0.5,0.01,-907.4653878137913,-457.8942657525963
1295,ksqexp,2.5,4,0.5,0,-930.5073474474623,-469.29096237155613
1296,ksqexp,2.5,4,1,0.5,-45.45189872850043,-42.14605154988211
1297,ksqexp,2.5,4,1,0.1,-232.09717038159243,-132.47013725035274
1298,ksqexp,2.5,4,1,0.05,-361.339730391665,-190.39121597208563
1299,ksqexp,2.5,4,1,0.01,-461.3004599691399,-237.97633793442884
1300,ksqexp,2.5,4,1,0,-467.09860703763763,-240.843892461584
1301,ksqexp,2.5,4,1.5,0.5,-47.041832464976295,-43.62450686000701
1302,ksqexp,2.5,4,1.5,0.1,-187.3136189009929,-108.15887769383464
1303,ksqexp,2.5,4,1.5,0.05,-264.1289178318418,-142.8558924162214
1304,ksqexp,2.5,4,1.5,0.01,-312.85273227703914,-166.21793054427891
1305,ksqexp,2.5,4,1.5,0,-315.4196836411315,-167.48552591173797
1306,ksqexp,2.5,6,0.5,0.5,-43.302251880344805,-40.72891725319667
1307,ksqexp,2.5,6,0.5,0.1,-287.2089593303239,-155.4229712376998
1308,ksqexp,2.5,6,0.5,0.05,-503.6691117074976,-237.30690619377881
1309,ksqexp,2.5,6,0.5,0.01,-711.0355279439307,-312.23503379259984
1310,ksqexp,2.5,6,0.5,0,-724.6821402361376,-317.1340230063046
1311,ksqexp,2.5,6,1,0.5,-45.89652222790002,-42.92898659572208
1312,ksqexp,2.5,6,1,0.1,-206.5026711686228,-110.71556651594574
1313,ksqexp,2.5,6,1,0.05,-301.57415292125796,-145.4001384157263
1314,ksqexp,2.5,6,1,0.01,-365.0326373297629,-168.14875248033303
1315,ksqexp,2.5,6,1,0,-368.46026610301374,-169.37531480443482
1316,ksqexp,2.5,6,1.5,0.5,-47.74282488756887,-44.761555928057184
1317,ksqexp,2.5,6,1.5,0.1,-166.40127677821093,-92.02927137188752
1318,ksqexp,2.5,6,1.5,0.05,-220.61511056272428,-111.53154185068448
1319,ksqexp,2.5,6,1.5,0.01,-250.9917201807469,-122.37138350794207
1320,ksqexp,2.5,6,1.5,0,-252.51029814308458,-122.91306883159335
1321,ksqexp,2.5,8,0.5,0.5,-43.305473915035854,-40.88618787782024
1322,ksqexp,2.5,8,0.5,0.1,-265.60220326413196,-134.5399440641082
1323,ksqexp,2.5,8,0.5,0.05,-465.2896168876797,-204.1628139477951
1324,ksqexp,2.5,8,0.5,0.01,-655.3445036711823,-268.5266006825139
1325,ksqexp,2.5,8,0.5,0,-667.7339823170561,-272.70339897034603
1326,ksqexp,2.5,8,1,0.5,-45.798184016163205,-43.007796302175606
1327,ksqexp,2.5,8,1,0.1,-192.96786283415707,-98.76193320006055
1328,ksqexp,2.5,8,1,0.05,-280.74201711142445,-128.61769961666909
1329,ksqexp,2.5,8,1,0.01,-338.7682142951592,-148.15874006570087
1330,ksqexp,2.5,8,1,0,-341.8817148201351,-149.20574813641244
1331,ksqexp,2.5,8,1.5,0.5,-47.74289170282629,-44.98727831063121
1332,ksqexp,2.5,8,1.5,0.1,-156.8963351149693,-84.19618316649593
1333,ksqexp,2.5,8,1.5,0.05,-206.91965052272965,-101.05294685092173
1334,ksqexp,2.5,8,1.5,0.01,-234.67448102812796,-110.36744863723257
1335,ksqexp,2.5,8,1.5,0,-236.05494907373492,-110.83052128705759
1336,ksqexp,2.5,10,0.5,0.5,-43.27580512393701,-40.93802956411595
1337,ksqexp,2.5,10,0.5,0.1,-255.6169093010844,-125.54696809403065
1338,ksqexp,2.5,10,0.5,0.05,-450.61679738182073,-191.99429443735028
1339,ksqexp,2.5,10,0.5,0.01,-637.2557666697703,-254.4502285171361
1340,ksqexp,2.5,10,0.5,0,-649.421985412467,-258.51091469233717
1341,ksqexp,2.5,10,1,0.5,-45.6859500565333,-42.99080199400263
1342,ksqexp,2.5,10,1,0.1,-187.4253733348901,-94.17862224970922
1343,ksqexp,2.5,10,1,0.05,-273.5418866938549,-123.02520996955035
1344,ksqexp,2.5,10,1,0.01,-330.56696952133933,-142.031732648162
1345,ksqexp,2.5,10,1,0,-333.6255353411899,-143.05047927227508
1346,ksqexp,2.5,10,1.5,0.5,-47.67298230037373,-45.045615516974976
1347,ksqexp,2.5,10,1.5,0.1,-153.34258003540708,-81.46911172602262
1348,ksqexp,2.5,10,1.5,0.05,-202.50636924205514,-97.83253849495065
1349,ksqexp,2.5,10,1.5,0.01,-229.79404742556775,-106.90337185647931
1350,ksqexp,2.5,10,1.5,0,-231.15070873693585,-107.35432422768017
1351,ksqexp,2.5,25,0.5,0.5,-43.221275732046976,-41.146555210598414
1352,ksqexp,2.5,25,0.5,0.1,-241.22989775571847,-114.48961624534735
1353,ksqexp,2.5,25,0.5,0.05,-431.5730396254204,-178.10092916169134
1354,ksqexp,2.5,25,0.5,0.01,-615.8856440719755,-239.30222217156367
1355,ksqexp,2.5,25,0.5,0,-627.9356037139318,-243.30341998824454
1356,ksqexp,2.5,25,1,0.5,-45.49422524746385,-43.09636774772525
1357,ksqexp,2.5,25,1,0.1,-180.33026722771098,-89.25113037963195
1358,ksqexp,2.5,25,1,0.05,-265.083441534938,-117.33635607142939
1359,ksqexp,2.5,25,1,0.01,-321.5263262139524,-136.0443191942733
1360,ksqexp,2.5,25,1,0,-324.5578711978777,-137.04962613828698
1361,ksqexp,2.5,25,1.5,0.5,-47.613269285158964,-45.310894391744
1362,ksqexp,2.5,25,1.5,0.1,-149.2814822829932,-78.98439069032413
1363,ksqexp,2.5,25,1.5,0.05,-197.83439195161304,-95.02638906291484
1364,ksqexp,2.5,25,1.5,0.01,-224.87701326083607,-103.97671943652468
1365,ksqexp,2.5,25,1.5,0,-226.22261711216956,-104.4223516171321
1366,kexp,1,0.2,0.5,0.5,-39.244086120946754,-39.07416844391953
1367,kexp,1,0.2,0.5,0.1,-70.55393047535419,-70.35451589717592
1368,kexp,1,0.2,0.5,0.05,-76.98012232409813,-76.82079061331612
1369,kexp,1,0.2,0.5,0.01,-79.56966058076146,-79.42652422557265
1370,kexp,1,0.2,0.5,0,-79.68486307786577,-79.54244286846072
1371,kexp,1,0.2,1,0.5,-39.521282557378306,-39.42077722131281
1372,kexp,1,0.2,1,0.1,-49.48248978913568,-49.4246827443513
1373,kexp,1,0.2,1,0.05,-51.01987313518662,-50.97399107414843
1374,kexp,1,0.2,1,0.01,-51.585033269670774,-51.543433201741664
1375,kexp,1,0.2,1,0,-51.60947255558285,-51.56805620474899
1376,kexp,1,0.2,1.5,0.5,-40.43463585172784,-40.377118303384194
1377,kexp,1,0.2,1.5,0.1,-44.24245318157598,-44.22694331545755
1378,kexp,1,0.2,1.5,0.05,-44.82489485444651,-44.815092875547904
1379,kexp,1,0.2,1.5,0.01,-45.032754599193375,-45.02492253216757
1380,kexp,1,0.2,1.5,0,-45.041665814751596,-45.033917416774045
1381,kexp,1,0.5,0.5,0.5,-37.20359561506431,-36.930729211552894
1382,kexp,1,0.5,0.5,0.1,-42.84902265899443,-42.113037612893166
1383,kexp,1,0.5,0.5,0.05,-43.73076701340644,-42.96974991135428
1384,kexp,1,0.5,0.5,0.01,-44.04916397288531,-43.28006708731129
1385,kexp,1,0.5,0.5,0,-44.06286027460051,-43.29342625505402
1386,kexp,1,0.5,1,0.5,-38.38346910036794,-38.218096602846046
1387,kexp,1,0.5,1,0.1,-37.8049170650531,-37.510197155138854
1388,kexp,1,0.5,1,0.05,-37.89521636036427,-37.59535724382514
1389,kexp,1,0.5,1,0.01,-37.92804110042812,-37.62653658291489
1390,kexp,1,0.5,1,0,-37.92945305660194,-37.62787998997853
1391,kexp,1,0.5,1.5,0.5,-40.355127091383636,-40.262565148920736
1392,kexp,1,0.5,1.5,0.1,-38.70624518763864,-38.562980620526616
1393,kexp,1,0.5,1.5,0.05,-38.68257160330263,-38.5375395183524
1394,kexp,1,0.5,1.5,0.01,-38.67590826972743,-38.530312325926225
1395,kexp,1,0.5,1.5,0,-38.675640750655816,-38.530021335007206
1396,kexp,1,1,0.5,0.5,-36.8777137963156,-36.528350395235876
1397,kexp,1,1,0.5,0.1,-38.21321920853152,-37.056362836957575
1398,kexp,1,1,0.5,0.05,-38.4523484010967,-37.238317683921686
1399,kexp,1,1,0.5,0.01,-38.53531354254151,-37.30213242570813
1400,kexp,1,1,0.5,0,-38.53884242758331,-37.304854003754926
1401,kexp,1,1,1,0.5,-38.91880970893479,-38.6986320370019
1402,kexp,1,1,1,0.1,-37.226346035886095,-36.75664899210436
1403,kexp,1,1,1,0.05,-37.19146212144331,-36.70895493354988
1404,kexp,1,1,1,0.01,-37.180796590088896,-36.69409047497618
1405,kexp,1,1,1,0,-37.18035763655981,-36.69347549451021
1406,kexp,1,1,1.5,0.5,-41.49810010205109,-41.375017213496896
1407,kexp,1,1,1.5,0.1,-39.59663481828821,-39.36535112493663
1408,kexp,1,1,1.5,0.05,-39.53775990603659,-39.30157512265465
1409,kexp,1,1,1.5,0.01,-39.51896857033891,-39.28118860786487
1410,kexp,1,1,1.5,0,-39.51818613961978,-39.28033942483077
1411,kexp,1,1.5,0.5,0.5,-37.28553638733844,-36.93694466204173
1412,kexp,1,1.5,0.5,0.1,-38.434977185306096,-37.19520437227249
1413,kexp,1,1.5,0.5,0.05,-38.623655892695254,-37.31909200254382
1414,kexp,1,1.5,0.5,0.01,-38.6883223012954,-37.362021182039115
1415,kexp,1,1.5,0.5,0,-38.69106392665683,-37.363846066361845
1416,kexp,1,1.5,1,0.5,-39.60047072111062,-39.38709185085084
1417,kexp,1,1.5,1,0.1,-38.063977269034375,-37.57726847619594
1418,kexp,1,1.5,1,0.05,-38.02957881760976,-37.528542330204715
1419,kexp,1,1.5,1,0.01,-38.018896110078146,-37.513158442273735
1420,kexp,1,1.5,1,0,-38.0184545166579,-37.512519715208356
1421,kexp,1,1.5,1.5,0.5,-42.34941117114626,-42.2408414837801
1422,kexp,1,1.5,1.5,0.1,-40.65475949725051,-40.4297910909127
1423,kexp,1,1.5,1.5,0.05,-40.60234734774993,-40.37199940183493
1424,kexp,1,1.5,1.5,0.01,-40.58560539863943,-40.35350496849599
1425,kexp,1,1.5,1.5,0,-40.584908146727784,-40.352734364894545
1426,kexp,1,2,0.5,0.5,-37.7288847922188,-37.40788277464804
1427,kexp,1,2,0.5,0.1,-38.95003191074556,-37.751006304351975
1428,kexp,1,2,0.5,0.05,-39.12826597294297,-37.86480037158588
1429,kexp,1,2,0.5,0.01,-39.18904322515256,-37.90395124343439
1430,kexp,1,2,0.5,0,-39.191616614060116,-37.90561249622141
1431,kexp,1,2,1,0.5,-40.10565543572507,-39.92099919345151
1432,kexp,1,2,1,0.1,-38.69887725936896,-38.25143531950907
1433,kexp,1,2,1,0.05,-38.667901451069056,-38.20654783130543
1434,kexp,1,2,1,0.01,-38.65828245220544,-38.19236242220485
1435,kexp,1,2,1,0,-38.65788482858376,-38.19177329811995
1436,kexp,1,2,1.5,0.5,-42.90361654503698,-42.82527976903113
1437,kexp,1,2,1.5,0.1,-41.3347128978782,-41.14865901362705
1438,kexp,1,2,1.5,0.05,-41.28662595878465,-41.095525661733426
1439,kexp,1,2,1.5,0.01,-41.27127046041915,-41.078525314905136
1440,kexp,1,2,1.5,0,-41.27063100016174,-41.07781699882407
1441,kexp,1,2.5,0.5,0.5,-38.11845817605713,-37.82995797695928
1442,kexp,1,2.5,0.5,0.1,-39.41463368706913,-38.28539315456523
1443,kexp,1,2.5,0.5,0.05,-39.58777338529201,-38.39631329325853
1444,kexp,1,2.5,0.5,0.01,-39.64663449662595,-38.4342867904077
1445,kexp,1,2.5,0.5,0,-39.649124846734956,-38.43589609730451
1446,kexp,1,2.5,1,0.5,-40.479059169593505,-40.32578045378867
1447,kexp,1,2.5,1,0.1,-39.15221730240478,-38.753931961377475
1448,kexp,1,2.5,1,0.05,-39.123246923774694,-38.71186035734608
1449,kexp,1,2.5,1,0.01,-39.114251585146306,-38.698562884376585
1450,kexp,1,2.5,1,0,-39.11387974834624,-38.69801061159178
1451,kexp,1,2.5,1.5,0.5,-43.28308252903505,-43.23528121403291
1452,kexp,1,2.5,1.5,0.1,-41.78698870556197,-41.64303600153514
1453,kexp,1,2.5,1.5,0.05,-41.74131258928739,-41.592784670029395
1454,kexp,1,2.5,1.5,0.01,-41.726728787150066,-41.57670866375565
1455,kexp,1,2.5,1.5,0,-41.72612148228707,-41.57603888309243
1456,kexp,1,3,0.5,0.5,-38.44635569192176,-38.187973109531825
1457,kexp,1,3,0.5,0.1,-39.81786561371553,-38.75703997921016
1458,kexp,1,3,0.5,0.05,-39.98861578190357,-38.86785160933887
1459,kexp,1,3,0.5,0.01,-40.046536742572194,-38.905642181031176
1460,kexp,1,3,0.5,0,-40.04898596496957,-38.90724221019587
1461,kexp,1,3,1,0.5,-40.76337531139976,-40.63811286104113
1462,kexp,1,3,1,0.1,-39.49219169090293,-39.13871720854714
1463,kexp,1,3,1,0.05,-39.46458295935643,-39.098768777685606
1464,kexp,1,3,1,0.01,-39.456011172428596,-39.08614298239994
1465,kexp,1,3,1,0,-39.455656850311996,-39.085618610464344
1466,kexp,1,3,1.5,0.5,-43.55640157558061,-43.53494473611781
1467,kexp,1,3,1.5,0.1,-42.10738797641345,-42.00015221852575
1468,kexp,1,3,1.5,0.05,-42.06322463920599,-41.9518343378862
1469,kexp,1,3,1.5,0.01,-42.04912440772713,-41.93637812239021
1470,kexp,1,3,1.5,0,-42.0485372454967,-41.935734177292204
1471,kexp,1,3.5,0.5,0.5,-38.71781751022235,-38.48523013041032
1472,kexp,1,3.5,0.5,0.1,-40.166393362988764,-39.16489141779452
1473,kexp,1,3.5,0.5,0.05,-40.3366411105078,-39.2771477342698
1474,kexp,1,3.5,0.5,0.01,-40.39429117154115,-39.315311883743846
1475,kexp,1,3.5,0.5,0,-40.39672788081715,-39.3169264863072
1476,kexp,1,3.5,1,0.5,-40.984366530884586,-40.88251820391374
1477,kexp,1,3.5,1,0.1,-39.75658690283378,-39.4406074048009
1478,kexp,1,3.5,1,0.05,-39.73009104023615,-39.402399921499914
1479,kexp,1,3.5,1,0.01,-39.72186748359256,-39.390326759026564
1480,kexp,1,3.5,1,0,-39.72152758478168,-39.38982536374219
1481,kexp,1,3.5,1.5,0.5,-43.760003898248435,-43.76009178424827
1482,kexp,1,3.5,1.5,0.1,-42.34454491729482,-42.26732219801676
1483,kexp,1,3.5,1.5,0.05,-42.30144950586345,-42.22041192767163
1484,kexp,1,3.5,1.5,0.01,-42.28769053469113,-42.20540689457882
1485,kexp,1,3.5,1.5,0,-42.287117586173856,-42.204781756292284
1486,kexp,1,4,0.5,0.5,-38.94039732547935,-38.729176075397525
1487,kexp,1,4,0.5,0.1,-40.464762452268936,-39.512680322377676
1488,kexp,1,4,0.5,0.05,-40.635676673036535,-39.62719745456453
1489,kexp,1,4,0.5,0.01,-40.693470510021406,-39.66603186702671
1490,kexp,1,4,0.5,0,-40.69591243514571,-39.66767379937224
1491,kexp,1,4,1,0.5,-41.15817558770346,-41.07538161005165
1492,kexp,1,4,1,0.1,-39.966179943836146,-39.68068007493828
1493,kexp,1,4,1,0.05,-39.940664511965814,-39.64395550554185
1494,kexp,1,4,1,0.01,-39.93274975147399,-39.63235450838114
1495,kexp,1,4,1,0,-39.9324226649938,-39.63187275998582
1496,kexp,1,4,1.5,0.5,-43.91495659400551,-43.93229639970255
1497,kexp,1,4,1.5,0.1,-42.52492789823593,-42.47169605361569
1498,kexp,1,4,1.5,0.05,-42.48264441183662,-42.425865455920245
1499,kexp,1,4,1.5,0.01,-42.46914497931767,-42.41120655647721
1500,kexp,1,4,1.5,0,-42.468582841680544,-42.410595846928814
1501,kexp,1,6,0.5,0.5,-39.48241791294059,-39.323271864805385
1502,kexp,1,6,0.5,0.1,-41.24289637294957,-40.41403341362524
1503,kexp,1,6,0.5,0.05,-41.419343340573754,-40.538073529006446
1504,kexp,1,6,0.5,0.01,-41.478800305166594,-40.579886133263415
1505,kexp,1,6,0.5,0,-41.48131031919662,-40.58165136175731
1506,kexp,1,6,1,0.5,-41.561478182588296,-41.524017274797366
1507,kexp,1,6,1,0.1,-40.46235937315043,-40.249826089101795
1508,kexp,1,6,1,0.05,-40.439644154058556,-40.21710334271283
1509,kexp,1,6,1,0.01,-40.4326183807098,-40.20678166015824
1510,kexp,1,6,1,0,-40.4323282568383,-40.206353200009126
1511,kexp,1,6,1.5,0.5,-44.25861235212274,-44.31595013995603
1512,kexp,1,6,1.5,0.1,-42.92713969500863,-42.929651806892366
1513,kexp,1,6,1.5,0.05,-42.88675354802598,-42.88633891805704
1514,kexp,1,6,1.5,0.01,-42.87386118084493,-42.8724876190863
1515,kexp,1,6,1.5,0,-42.873324336122906,-42.87191057949816
1516,kexp,1,8,0.5,0.5,-39.709548090725896,-39.57263707906004
1517,kexp,1,8,0.5,0.1,-41.58039097438787,-40.80724321231182
1518,kexp,1,8,0.5,0.05,-41.75979508593633,-40.93616599720831
1519,kexp,1,8,0.5,0.01,-41.82015825573499,-40.979520011130205
1520,kexp,1,8,0.5,0,-41.82270557410296,-40.981349216488795
1521,kexp,1,8,1,0.5,-41.72502553050367,-41.706485384302205
1522,kexp,1,8,1,0.1,-40.66541439493855,-40.484152589669456
1523,kexp,1,8,1,0.05,-40.643897820002515,-40.45317110973593
1524,kexp,1,8,1,0.01,-40.63725266344797,-40.443406370925786
1525,kexp,1,8,1,0,-40.63697836583456,-40.44300111265022
1526,kexp,1,8,1.5,0.5,-44.39343877636559,-44.46693670243469
1527,kexp,1,8,1.5,0.1,-43.085214808486334,-43.11060091513301
1528,kexp,1,8,1.5,0.05,-43.04557378646243,-43.0682991137469
1529,kexp,1,8,1.5,0.01,-43.03291965070227,-43.05477203497912
1530,kexp,1,8,1.5,0,-43.0323927298158,-43.05420851144241
1531,kexp,1,10,0.5,0.5,-39.805028641475495,-39.67800339564968
1532,kexp,1,10,0.5,0.1,-41.71092975757862,-40.96379603772372
1533,kexp,1,10,0.5,0.05,-41.89058167122869,-41.09392359666322
1534,kexp,1,10,0.5,0.01,-41.950989397481266,-41.13763845277215
1535,kexp,1,10,0.5,0,-41.95353818516781,-41.139482414809706
1536,kexp,1,10,1,0.5,-41.79394506623214,-41.78373734203835
1537,kexp,1,10,1,0.1,-40.747467175093725,-40.58034014581192
1538,kexp,1,10,1,0.05,-40.72624686030975,-40.54991424033748
1539,kexp,1,10,1,0.01,-40.719693251262754,-40.540325386038674
1540,kexp,1,10,1,0,-40.719422732672776,-40.539927435301024
1541,kexp,1,10,1.5,0.5,-44.45101088180276,-44.5314874728733
1542,kexp,1,10,1.5,0.1,-43.15120754990377,-43.186638526650114
1543,kexp,1,10,1.5,0.05,-43.11180866507623,-43.144701681648634
1544,kexp,1,10,1.5,0.01,-43.099231406183975,-43.131291209194096
1545,kexp,1,10,1.5,0,-43.09870768191181,-43.130732542203184
1546,kexp,1,25,0.5,0.5,-39.94301330457882,-39.82722401655332
1547,kexp,1,25,0.5,0.1,-41.87090097526341,-41.154963333470825
1548,kexp,1,25,0.5,0.05,-42.04861122472952,-41.284373985762954
1549,kexp,1,25,0.5,0.01,-42.1083113165636,-41.32778683711308
1550,kexp,1,25,0.5,0,-42.11082966637108,-41.329617411052546
1551,kexp,1,25,1,0.5,-41.89911036597664,-41.89844340889781
1552,kexp,1,25,1,0.1,-40.86572828749149,-40.7152670838604
1553,kexp,1,25,1,0.05,-40.844574348540625,-40.68523201202737
1554,kexp,1,25,1,0.01,-40.838033792495395,-40.675761833913754
1555,kexp,1,25,1,0,-40.837763729189284,-40.675368758609835
1556,kexp,1,25,1.5,0.5,-44.544469757006,-44.63288802187815
1557,kexp,1,25,1.5,0.1,-43.256179579542554,-43.303262015865236
1558,kexp,1,25,1.5,0.05,-43.217071045954704,-43.26176594069694
1559,kexp,1,25,1.5,0.01,-43.204585119320576,-43.24849548532043
1560,kexp,1,25,1.5,0,-43.20406518353281,-43.24794264120071
1561,kexp,1.25,0.2,0.5,0.5,-39.68387426145071,-39.48426680015662
1562,kexp,1.25,0.2,0.5,0.1,-80.74709236301419,-80.54139777605678
1563,kexp,1.25,0.2,0.5,0.05,-90.24832434686955,-90.12018199046311
1564,kexp,1.25,0.2,0.5,0.01,-94.25121943825408,-94.15556719368385
1565,kexp,1.25,0.2,0.5,0,-94.43194900224302,-94.33774858724684
1566,kexp,1.25,0.2,1,0.5,-39.64219016800879,-39.52086693010085
1567,kexp,1.25,0.2,1,0.1,-54.154134600335766,-54.11269749126569
1568,kexp,1.25,0.2,1,0.05,-56.57680665637109,-56.55876124129872
1569,kexp,1.25,0.2,1,0.01,-57.490251840344044,-57.48077818760456
1570,kexp,1.25,0.2,1,0,-57.53004933689581,-57.52094547580796
1571,kexp,1.25,0.2,1.5,0.5,-40.260969546452735,-40.1909922212897
1572,kexp,1.25,0.2,1.5,0.1,-46.672336097909124,-46.67630223430396
1573,kexp,1.25,0.2,1.5,0.05,-47.65022344947601,-47.665395174272774
1574,kexp,1.25,0.2,1.5,0.01,-48.00480203421859,-48.02389645380813
1575,kexp,1.25,0.2,1.5,0,-48.020072881631975,-48.03933453851198
1576,kexp,1.25,0.5,0.5,0.5,-37.42147431313124,-37.076927795228215
1577,kexp,1.25,0.5,0.5,0.1,-46.081585182185584,-45.105832295545625
1578,kexp,1.25,0.5,0.5,0.05,-47.48069503940268,-46.47238035371707
1579,kexp,1.25,0.5,0.5,0.01,-47.99603847251006,-46.97747054107361
1580,kexp,1.25,0.5,0.5,0,-48.018334884677024,-46.999342426252966
1581,kexp,1.25,0.5,1,0.5,-38.09141373423733,-37.879452596530264
1582,kexp,1.25,0.5,1,0.1,-38.41724873561277,-38.02876446712247
1583,kexp,1.25,0.5,1,0.05,-38.62010878753071,-38.22522982591569
1584,kexp,1.25,0.5,1,0.01,-38.692841652420455,-38.29595365526558
1585,kexp,1.25,0.5,1,0,-38.69596148279581,-38.29899023370516
1586,kexp,1.25,0.5,1.5,0.5,-39.70304262633911,-39.584262234043756
1587,kexp,1.25,0.5,1.5,0.1,-38.358036106049035,-38.171151379607046
1588,kexp,1.25,0.5,1.5,0.05,-38.3723288801802,-38.183372954815034
1589,kexp,1.25,0.5,1.5,0.01,-38.37886610140761,-38.18926209061795
1590,kexp,1.25,0.5,1.5,0,-38.37916044887727,-38.18952960289834
1591,kexp,1.25,1,0.5,0.5,-36.797393546429014,-36.33593459387387
1592,kexp,1.25,1,0.5,0.1,-39.71877960066004,-38.08824064069572
1593,kexp,1.25,1,0.5,0.05,-40.13803256366285,-38.419383595171446
1594,kexp,1.25,1,0.5,0.01,-40.28406897339097,-38.53574500951698
1595,kexp,1.25,1,0.5,0,-40.29028809190495,-38.54071134389984
1596,kexp,1.25,1,1,0.5,-38.4610792044248,-38.16703990392528
1597,kexp,1.25,1,1,0.1,-37.093948431398424,-36.42999974120887
1598,kexp,1.25,1,1,0.05,-37.08865635015332,-36.404813421527166
1599,kexp,1.25,1,1,0.01,-37.08802166848585,-36.397638478094805
1600,kexp,1.25,1,1,0,-37.08800686181404,-36.397349283034515
1601,kexp,1.25,1,1.5,0.5,-40.76645462776879,-40.60197732509283
1602,kexp,1.25,1,1.5,0.1,-38.882404503949665,-38.55499002469092
1603,kexp,1.25,1,1.5,0.05,-38.82889283291272,-38.49381308450792
1604,kexp,1.25,1,1.5,0.01,-38.81194099223881,-38.474361145856726
1605,kexp,1.25,1,1.5,0,-38.811236551847415,-38.473552029478
1606,kexp,1.25,1.5,0.5,0.5,-37.08529098513507,-36.604417122399965
1607,kexp,1.25,1.5,0.5,0.1,-39.65392377152236,-37.82568666898596
1608,kexp,1.25,1.5,0.5,0.05,-39.98697746673354,-38.0539846694556
1609,kexp,1.25,1.5,0.5,0.01,-40.10125536065636,-38.13290134055049
1610,kexp,1.25,1.5,0.5,0,-40.106102284417794,-38.13625455285247
1611,kexp,1.25,1.5,1,0.5,-39.15074230822109,-38.84981676777438
1612,kexp,1.25,1.5,1,0.1,-37.92566281078632,-37.19792775907376
1613,kexp,1.25,1.5,1,0.05,-37.91548801871093,-37.16422873527132
1614,kexp,1.25,1.5,1,0.01,-37.912908389243995,-37.15390508871126
1615,kexp,1.25,1.5,1,0,-37.91280824738081,-37.15347994531042
1616,kexp,1.25,1.5,1.5,0.5,-41.68971107328734,-41.53270251197344
1617,kexp,1.25,1.5,1.5,0.1,-40.035594249786776,-39.6918163327149
1618,kexp,1.25,1.5,1.5,0.05,-39.988088422052954,-39.635323780494716
1619,kexp,1.25,1.5,1.5,0.01,-39.97299473233943,-39.617295795947996
1620,kexp,1.25,1.5,1.5,0,-39.972367001768184,-39.61654517619798
1621,kexp,1.25,2,0.5,0.5,-37.46592459601497,-37.005754282311166
1622,kexp,1.25,2,0.5,0.1,-40.02348827710358,-38.191731876454234
1623,kexp,1.25,2,0.5,0.05,-40.33336062826624,-38.39424228508819
1624,kexp,1.25,2,0.5,0.01,-40.439147828666094,-38.46378546699919
1625,kexp,1.25,2,0.5,0,-40.44362870089012,-38.46673531660005
1626,kexp,1.25,2,1,0.5,-39.68146792043376,-39.40706863165391
1627,kexp,1.25,2,1,0.1,-38.590945710118845,-37.8898704337958
1628,kexp,1.25,2,1,0.05,-38.5831046328618,-37.858342586039306
1629,kexp,1.25,2,1,0.01,-38.58119379086133,-37.84863254582176
1630,kexp,1.25,2,1,0,-38.581120646173524,-37.84823206671973
1631,kexp,1.25,2,1.5,0.5,-42.31389608637616,-42.18920880589911
1632,kexp,1.25,2,1.5,0.1,-40.80767864680162,-40.50129478389879
1633,kexp,1.25,2,1.5,0.05,-40.76504405171308,-40.44982908716167
1634,kexp,1.25,2,1.5,0.01,-40.75150442866393,-40.43340493347775
1635,kexp,1.25,2,1.5,0,-40.75094139466862,-40.432721083495544
1636,kexp,1.25,2.5,0.5,0.5,-37.81824953581594,-37.3917458556901
1637,kexp,1.25,2.5,0.5,0.1,-40.35572284743965,-38.58375394205303
1638,kexp,1.25,2.5,0.5,0.05,-40.65011220526572,-38.77234547511516
1639,kexp,1.25,2.5,0.5,0.01,-40.750360639678725,-38.83687774400372
1640,kexp,1.25,2.5,0.5,0,-40.754604153595004,-38.83961253925752
1641,kexp,1.25,2.5,1,0.5,-40.07690473785759,-39.838369386052726
1642,kexp,1.25,2.5,1,0.1,-39.05618552238197,-38.408168574787865
1643,kexp,1.25,2.5,1,0.05,-39.04908182119502,-38.378181525914414
1644,kexp,1.25,2.5,1,0.01,-39.047361408668785,-38.368924835448155
1645,kexp,1.25,2.5,1,0,-39.04729569818601,-38.368542808703005
1646,kexp,1.25,2.5,1.5,0.5,-42.747660725513306,-42.6608043172022
1647,kexp,1.25,2.5,1.5,0.1,-41.32226800547969,-41.06670970202735
1648,kexp,1.25,2.5,1.5,0.05,-41.282126197041954,-41.018275962332915
1649,kexp,1.25,2.5,1.5,0.01,-41.26937968529405,-41.002819871239076
1650,kexp,1.25,2.5,1.5,0,-41.268849646450875,-41.00217633192131
1651,kexp,1.25,3,0.5,0.5,-38.12557773877478,-37.73476013832556
1652,kexp,1.25,3,0.5,0.1,-40.63950103102816,-38.941153063217726
1653,kexp,1.25,3,0.5,0.05,-40.92225746537933,-39.12048231965426
1654,kexp,1.25,3,0.5,0.01,-41.018395950914716,-39.18169890050456
1655,kexp,1.25,3,0.5,0,-41.022463892792224,-39.18429161463809
1656,kexp,1.25,3,1,0.5,-40.37970368716489,-40.17680830330747
1657,kexp,1.25,3,1,0.1,-39.39671644537551,-38.80406596462653
1658,kexp,1.25,3,1,0.05,-39.38957822042181,-38.77496924463573
1659,kexp,1.25,3,1,0.01,-39.387813844380204,-38.7659708598562
1660,kexp,1.25,3,1,0,-39.387745943044244,-38.765599304931854
1661,kexp,1.25,3,1.5,0.5,-43.063147115784226,-43.01201052508723
1662,kexp,1.25,3,1.5,0.1,-41.685138278455945,-41.478705149963666
1663,kexp,1.25,3,1.5,0.05,-41.64633280624582,-41.432163389867846
1664,kexp,1.25,3,1.5,0.01,-41.634009196083795,-41.417310404344626
1665,kexp,1.25,3,1.5,0,-41.63349672652983,-41.416691968433284
1666,kexp,1.25,3.5,0.5,0.5,-38.389694578295924,-38.03240000575349
1667,kexp,1.25,3.5,0.5,0.1,-40.88988171769174,-39.26254824007262
1668,kexp,1.25,3.5,0.5,0.05,-41.164227751320105,-39.43570930047491
1669,kexp,1.25,3.5,0.5,0.01,-41.257405482308315,-39.49471188085796
1670,kexp,1.25,3.5,0.5,0,-41.2613470655891,-39.497209673997645
1671,kexp,1.25,3.5,1,0.5,-40.61795209088576,-40.44724773855016
1672,kexp,1.25,3.5,1,0.1,-39.65895543135827,-39.11650515354818
1673,kexp,1.25,3.5,1,0.05,-39.65161459691344,-39.08802849971099
1674,kexp,1.25,3.5,1,0.01,-39.64976129055585,-39.079209509753795
1675,kexp,1.25,3.5,1,0,-39.649689421920854,-39.07884522224567
1676,kexp,1.25,3.5,1.5,0.5,-43.30103200654286,-43.281216058811296
1677,kexp,1.25,3.5,1.5,0.1,-41.953699693089845,-41.79035017555138
1678,kexp,1.25,3.5,1.5,0.05,-41.91569902519908,-41.74509272603316
1679,kexp,1.25,3.5,1.5,0.01,-41.903628924433875,-41.73064859539565
1680,kexp,1.25,3.5,1.5,0,-41.90312697409994,-41.73004717173209
1681,kexp,1.25,4,0.5,0.5,-38.61552218555901,-38.288155867248946
1682,kexp,1.25,4,0.5,0.1,-41.11448720571455,-39.550781148902836
1683,kexp,1.25,4,0.5,0.05,-41.38296258953485,-39.719995264367405
1684,kexp,1.25,4,0.5,0.01,-41.47406924207704,-39.77756426188419
1685,kexp,1.25,4,0.5,0,-41.47792239656377,-39.78000042887481
1686,kexp,1.25,4,1,0.5,-40.809228237892974,-40.66646922337369
1687,kexp,1.25,4,1,0.1,-39.86826061146478,-39.369177220072096
1688,kexp,1.25,4,1,0.05,-39.86075813767147,-39.34122485413181
1689,kexp,1.25,4,1,0.01,-39.85883534227528,-39.33255968332048
1690,kexp,1.25,4,1,0,-39.85876038554809,-39.33220165310342
1691,kexp,1.25,4,1.5,0.5,-43.485205624112865,-43.49200712531293
1692,kexp,1.25,4,1.5,0.1,-42.15954725931395,-42.03264635643512
1693,kexp,1.25,4,1.5,0.05,-42.12209058524131,-41.98832691728629
1694,kexp,1.25,4,1.5,0.01,-42.11019134772367,-41.97418117165581
1695,kexp,1.25,4,1.5,0,-42.10969648194488,-41.9735921612502
1696,kexp,1.25,6,0.5,0.5,-39.2270792208732,-38.98341845863994
1697,kexp,1.25,6,0.5,0.1,-41.7901979321968,-40.40640615267164
1698,kexp,1.25,6,0.5,0.05,-42.04891672664658,-40.571043064610464
1699,kexp,1.25,6,0.5,0.01,-42.13650924473352,-40.62680330583377
1700,kexp,1.25,6,0.5,0,-42.1402116335761,-40.62916028545
1701,kexp,1.25,6,1,0.5,-41.2859232828881,-41.218208924391796
1702,kexp,1.25,6,1,0.1,-40.395574423831626,-40.01235957013065
1703,kexp,1.25,6,1,0.05,-40.38810429879624,-39.986190438968386
1704,kexp,1.25,6,1,0.01,-40.386154207648545,-39.978066552621996
1705,kexp,1.25,6,1,0,-40.386077705522275,-39.977730756466975
1706,kexp,1.25,6,1.5,0.5,-43.917770295507886,-43.99364071979381
1707,kexp,1.25,6,1.5,0.1,-42.64030417550139,-42.607423457988574
1708,kexp,1.25,6,1.5,0.05,-42.60403068787607,-42.56526372964555
1709,kexp,1.25,6,1.5,0.01,-42.59250264247114,-42.55180478741167
1710,kexp,1.25,6,1.5,0,-42.592023162906685,-42.55124434687682
1711,kexp,1.25,8,0.5,0.5,-39.53598056970945,-39.3360120751355
1712,kexp,1.25,8,0.5,0.1,-42.161004954609155,-40.87613965704323
1713,kexp,1.25,8,0.5,0.05,-42.416906203081055,-41.04093364110303
1714,kexp,1.25,8,0.5,0.01,-42.503430942493566,-41.096603815712626
1715,kexp,1.25,8,0.5,0,-42.50708699660647,-41.09895547723514
1716,kexp,1.25,8,1,0.5,-41.511313730686524,-41.481245755160906
1717,kexp,1.25,8,1,0.1,-40.6482830339986,-40.324182874539
1718,kexp,1.25,8,1,0.05,-40.64098375531555,-40.29909724081871
1719,kexp,1.25,8,1,0.01,-40.63907152296872,-40.291307319885455
1720,kexp,1.25,8,1,0,-40.63899641600313,-40.29098529990105
1721,kexp,1.25,8,1.5,0.5,-44.11102861925821,-44.22008827825769
1722,kexp,1.25,8,1.5,0.1,-42.85458283858673,-42.86720454145883
1723,kexp,1.25,8,1.5,0.05,-42.81880310740154,-42.8260164931256
1724,kexp,1.25,8,1.5,0.01,-42.80742941029608,-42.812866275301175
1725,kexp,1.25,8,1.5,0,-42.806956322537815,-42.81231867419396
1726,kexp,1.25,10,0.5,0.5,-39.68881455856289,-39.5117330677002
1727,kexp,1.25,10,0.5,0.1,-42.335448486691135,-41.105679394858484
1728,kexp,1.25,10,0.5,0.05,-42.589024870720216,-41.269956316392424
1729,kexp,1.25,10,0.5,0.01,-42.67470417408667,-41.32537666763956
1730,kexp,1.25,10,0.5,0,-42.678323877331565,-41.32771698036693
1731,kexp,1.25,10,1,0.5,-41.62117874334832,-41.61047645705271
1732,kexp,1.25,10,1,0.1,-40.76801465965723,-40.4752250838909
1733,kexp,1.25,10,1,0.05,-40.76057531526637,-40.45051699898341
1734,kexp,1.25,10,1,0.01,-40.7586076376459,-40.442839726665696
1735,kexp,1.25,10,1,0,-40.75853010544145,-40.442522311548764
1736,kexp,1.25,10,1.5,0.5,-44.20458651104991,-44.33024634674243
1737,kexp,1.25,10,1.5,0.1,-42.95668335890245,-42.99245761817147
1738,kexp,1.25,10,1.5,0.05,-42.921054637876395,-42.95167768523204
1739,kexp,1.25,10,1.5,0.01,-42.90972681741955,-42.938656433832875
1740,kexp,1.25,10,1.5,0,-42.90925561488061,-42.938114188680345
1741,kexp,1.25,25,0.5,0.5,-39.914067708133985,-39.769033747776874
1742,kexp,1.25,25,0.5,0.1,-42.5317397302386,-41.38609698058138
1743,kexp,1.25,25,0.5,0.05,-42.77690836807735,-41.54506857802929
1744,kexp,1.25,25,0.5,0.01,-42.859667802963926,-41.5985949868286
1745,kexp,1.25,25,0.5,0,-42.863163317508565,-41.600854216892024
1746,kexp,1.25,25,1,0.5,-41.792140830547126,-41.808589870861795
1747,kexp,1.25,25,1,0.1,-40.93976772865857,-40.692942977821964
1748,kexp,1.25,25,1,0.05,-40.93128793018396,-40.668036309202044
1749,kexp,1.25,25,1,0.01,-40.928963755881064,-40.66027638020691
1750,kexp,1.25,25,1,0,-40.92887111548827,-40.65995531431027
1751,kexp,1.25,25,1.5,0.5,-44.35999709021142,-44.5085126117525
1752,kexp,1.25,25,1.5,0.1,-43.122132096643504,-43.19072945526161
1753,kexp,1.25,25,1.5,0.05,-43.086552135347716,-43.15039740439674
1754,kexp,1.25,25,1.5,0.01,-43.07523464363504,-43.13751559058951
1755,kexp,1.25,25,1.5,0,-43.07476381488424,-43.13697911352082
1756,kexp,1.5,0.2,0.5,0.5,-40.06094851791261,-39.83910500946496
1757,kexp,1.5,0.2,0.5,0.1,-90.68732211250496,-90.46475407021197
1758,kexp,1.5,0.2,0.5,0.05,-103.6507084508431,-103.55055993336585
1759,kexp,1.5,0.2,0.5,0.01,-109.34479063320691,-109.29806892190035
1760,kexp,1.5,0.2,0.5,0,-109.60563801760377,-109.56133187820473
1761,kexp,1.5,0.2,1,0.5,-39.778273688417435,-39.63717132996152
1762,kexp,1.5,0.2,1,0.1,-59.00311569389465,-58.97281069932322
1763,kexp,1.5,0.2,1,0.05,-62.46974844167416,-62.47713978693452
1764,kexp,1.5,0.2,1,0.01,-63.809601324427845,-63.831119684475034
1765,kexp,1.5,0.2,1,0,-63.86841851582339,-63.89055003419078
1766,kexp,1.5,0.2,1.5,0.5,-40.17306638304455,-40.08868498761091
1767,kexp,1.5,0.2,1.5,0.1,-49.39496196020417,-49.41435214971461
1768,kexp,1.5,0.2,1.5,0.05,-50.85264148859015,-50.89018742873767
1769,kexp,1.5,0.2,1.5,0.01,-51.39007691838874,-51.43407798702876
1770,kexp,1.5,0.2,1.5,0,-51.413335448320716,-51.45761285260762
1771,kexp,1.5,0.5,0.5,0.5,-37.7041875457911,-37.30009223717475
1772,kexp,1.5,0.5,0.5,0.1,-49.66191601688123,-48.44336965868322
1773,kexp,1.5,0.5,0.5,0.05,-51.687492231457,-50.42795927886731
1774,kexp,1.5,0.5,0.5,0.01,-52.448386172321996,-51.17632933228254
1775,kexp,1.5,0.5,0.5,0,-52.4814989179327,-51.208928793109344
1776,kexp,1.5,0.5,1,0.5,-37.9318892950953,-37.67488792663909
1777,kexp,1.5,0.5,1,0.1,-39.357848069746204,-38.86814529343492
1778,kexp,1.5,0.5,1,0.05,-39.70644620162073,-39.20894403010478
1779,kexp,1.5,0.5,1,0.01,-39.831639473678656,-39.331746151092105
1780,kexp,1.5,0.5,1,0,-39.837013836098656,-39.337022145880624
1781,kexp,1.5,0.5,1.5,0.5,-39.22135820889567,-39.07290065409795
1782,kexp,1.5,0.5,1.5,0.1,-38.31853048131215,-38.07926467572639
1783,kexp,1.5,0.5,1.5,0.05,-38.38642632892461,-38.14473141427769
1784,kexp,1.5,0.5,1.5,0.01,-38.411746676221256,-38.169311548935376
1785,kexp,1.5,0.5,1.5,0,-38.4128422421818,-38.17037669683291
1786,kexp,1.5,1,0.5,0.5,-36.85907602468467,-36.30149404852352
1787,kexp,1.5,1,0.5,0.1,-41.70532364881109,-39.599715733664894
1788,kexp,1.5,1,0.5,0.05,-42.358437732912016,-40.128399281858215
1789,kexp,1.5,1,0.5,0.01,-42.58735156446593,-40.31515558552121
1790,kexp,1.5,1,0.5,0,-42.59711746003932,-40.323138945409184
1791,kexp,1.5,1,1,0.5,-38.14774015674885,-37.78435135897832
1792,kexp,1.5,1,1,0.1,-37.26640629595418,-36.39904464790428
1793,kexp,1.5,1,1,0.05,-37.30461591181872,-36.40882582655826
1794,kexp,1.5,1,1,0.01,-37.318783333002926,-36.41361787268598
1795,kexp,1.5,1,1,0,-37.31939507856459,-36.413835967273215
1796,kexp,1.5,1,1.5,0.5,-40.180287462816466,-39.97257909799702
1797,kexp,1.5,1,1.5,0.1,-38.40659710399005,-37.972039813731584
1798,kexp,1.5,1,1.5,0.05,-38.36445562866458,-37.918811965500524
1799,kexp,1.5,1,1.5,0.01,-38.35135280958302,-37.902085309789214
1800,kexp,1.5,1,1.5,0,-38.35081105146494,-37.90139174128869
1801,kexp,1.5,1.5,0.5,0.5,-37.05084499725968,-36.45158308744582
1802,kexp,1.5,1.5,0.5,0.1,-41.384733030862755,-38.95166796660578
1803,kexp,1.5,1.5,0.5,0.05,-41.90742562782721,-39.32159141751284
1804,kexp,1.5,1.5,0.5,0.01,-42.08740962096252,-39.44966047072267
1805,kexp,1.5,1.5,0.5,0,-42.095050994678964,-39.45510501282481
1806,kexp,1.5,1.5,1,0.5,-38.83273872447148,-38.44696754370488
1807,kexp,1.5,1.5,1,0.1,-38.06449704419337,-37.07793811152274
1808,kexp,1.5,1.5,1,0.05,-38.08969776694832,-37.06826321625502
1809,kexp,1.5,1.5,1,0.01,-38.09898210289195,-37.06602598627534
1810,kexp,1.5,1.5,1,0,-38.09938223527643,-37.06594213874333
1811,kexp,1.5,1.5,1.5,0.5,-41.144191279211775,-40.934943884885854
1812,kexp,1.5,1.5,1.5,0.1,-39.60851310006655,-39.12876532319704
1813,kexp,1.5,1.5,1.5,0.05,-39.57055225367896,-39.07723999866501
1814,kexp,1.5,1.5,1.5,0.01,-39.55864305224604,-39.060890974888025
1815,kexp,1.5,1.5,1.5,0,-39.55814941553797,-39.06021128078129
1816,kexp,1.5,2,0.5,0.5,-37.3788755968362,-36.787869590508194
1817,kexp,1.5,2,0.5,0.1,-41.63641281319153,-39.13604080730719
1818,kexp,1.5,2,0.5,0.05,-42.12100906818543,-39.460819172145456
1819,kexp,1.5,2,0.5,0.01,-42.28694670329754,-39.572453320850755
1820,kexp,1.5,2,0.5,0,-42.29398132591453,-39.577190138282774
1821,kexp,1.5,2,1,0.5,-39.380036372907846,-39.0135978219285
1822,kexp,1.5,2,1,0.1,-38.748080966874035,-37.764534777796776
1823,kexp,1.5,2,1,0.05,-38.77376534996717,-37.754215201157884
1824,kexp,1.5,2,1,0.01,-38.7830495817831,-37.75160430769824
1825,kexp,1.5,2,1,0,-38.78344797839767,-37.75150302571777
1826,kexp,1.5,2,1.5,0.5,-41.8183466474497,-41.638907529683785
1827,kexp,1.5,2,1.5,0.1,-40.44761534216839,-39.995739458953366
1828,kexp,1.5,2,1.5,0.05,-40.41467651387359,-39.94904055457284
1829,kexp,1.5,2,1.5,0.01,-40.404354681055935,-39.93421392977795
1830,kexp,1.5,2,1.5,0,-40.40392696262243,-39.933597421596026
1831,kexp,1.5,2.5,0.5,0.5,-37.696443176311114,-37.13367132714593
1832,kexp,1.5,2.5,0.5,0.1,-41.86041713298987,-39.39189457453399
1833,kexp,1.5,2.5,0.5,0.05,-42.31839251589035,-39.69015361730601
1834,kexp,1.5,2.5,0.5,0.01,-42.4748037349679,-39.79231107505733
1835,kexp,1.5,2.5,0.5,0,-42.481429979718506,-39.796641801368466
1836,kexp,1.5,2.5,1,0.5,-39.79182056723204,-39.460281387339045
1837,kexp,1.5,2.5,1,0.1,-39.22092207267707,-38.28455449377752
1838,kexp,1.5,2.5,1,0.05,-39.24576695122492,-38.27398527237612
1839,kexp,1.5,2.5,1,0.01,-39.254694931211965,-38.27121263490993
1840,kexp,1.5,2.5,1,0,-39.25507751837403,-38.27110371136686
1841,kexp,1.5,2.5,1.5,0.5,-42.29422635571151,-42.15526090601609
1842,kexp,1.5,2.5,1.5,0.1,-41.01078185409551,-40.61151067662293
1843,kexp,1.5,2.5,1.5,0.05,-40.980245900434554,-40.56772934858523
1844,kexp,1.5,2.5,1.5,0.01,-40.97067983762999,-40.553825937795104
1845,kexp,1.5,2.5,1.5,0,-40.97028346465709,-40.553247781433804
1846,kexp,1.5,3,0.5,0.5,-37.97850528145544,-37.450678144077514
1847,kexp,1.5,3,0.5,0.1,-42.03661389167759,-39.631653224585776
1848,kexp,1.5,3,0.5,0.05,-42.473249329604826,-39.91055013828058
1849,kexp,1.5,3,0.5,0.01,-42.62215417282082,-40.005877081212404
1850,kexp,1.5,3,0.5,0,-42.62846003935591,-40.00991607950638
1851,kexp,1.5,3,1,0.5,-40.10740626322652,-39.814327799248844
1852,kexp,1.5,3,1,0.1,-39.55794184058773,-38.679676089694034
1853,kexp,1.5,3,1,0.05,-39.58116502717579,-38.6684563180435
1854,kexp,1.5,3,1,0.01,-39.58951118061642,-38.66542085958378
1855,kexp,1.5,3,1,0,-39.58986883752088,-38.665300387265304
1856,kexp,1.5,3,1.5,0.5,-42.64318909680217,-42.54552736507917
1857,kexp,1.5,3,1.5,0.1,-41.406767341226654,-41.06376441829993
1858,kexp,1.5,3,1.5,0.05,-41.377285039695934,-41.02167728848711
1859,kexp,1.5,3,1.5,0.01,-41.36804479122515,-41.00830791667225
1860,kexp,1.5,3,1.5,0,-41.36766187030771,-41.007751923253025
1861,kexp,1.5,3.5,0.5,0.5,-38.22423398066714,-37.73219668440227
1862,kexp,1.5,3.5,0.5,0.1,-42.18536886430128,-39.85037138862249
1863,kexp,1.5,3.5,0.5,0.05,-42.60512424910639,-40.11459154207848
1864,kexp,1.5,3.5,0.5,0.01,-42.748144345002444,-40.20477679417562
1865,kexp,1.5,3.5,0.5,0,-42.75419961957441,-40.20859658811009
1866,kexp,1.5,3.5,1,0.5,-40.35552085231128,-40.09953767181934
1867,kexp,1.5,3.5,1,0.1,-39.810745715791874,-38.989340997053766
1868,kexp,1.5,3.5,1,0.05,-39.8322678390613,-38.97736376594179
1869,kexp,1.5,3.5,1,0.01,-39.84002287455368,-38.97404613105094
1870,kexp,1.5,3.5,1,0,-39.84035539242652,-38.97391346787354
1871,kexp,1.5,3.5,1.5,0.5,-42.90771227060055,-42.848342298353835
1872,kexp,1.5,3.5,1.5,0.1,-41.69824636991117,-41.40764098890208
1873,kexp,1.5,3.5,1.5,0.05,-41.66921380534398,-41.366594599875526
1874,kexp,1.5,3.5,1.5,0.01,-41.660108163143526,-41.35355165847409
1875,kexp,1.5,3.5,1.5,0,-41.65973075010949,-41.353009194529854
1876,kexp,1.5,4,0.5,0.5,-38.437781790473615,-37.97979579294718
1877,kexp,1.5,4,0.5,0.1,-42.3191843657186,-40.051466691855126
1878,kexp,1.5,4,0.5,0.05,-42.72575107897396,-40.304484819231185
1879,kexp,1.5,4,0.5,0.01,-42.86419419546582,-40.390757253751744
1880,kexp,1.5,4,0.5,0,-42.870054796053125,-40.39441036394989
1881,kexp,1.5,4,1,0.5,-40.55508687173069,-40.33298891442703
1882,kexp,1.5,4,1,0.1,-40.00878120182823,-39.23903718945187
1883,kexp,1.5,4,1,0.05,-40.02878581790994,-39.22635914377635
1884,kexp,1.5,4,1,0.01,-40.03601974202465,-39.222787035775646
1885,kexp,1.5,4,1,0,-40.03633016146294,-39.22264344120342
1886,kexp,1.5,4,1.5,0.5,-43.11361041802647,-43.08829686815044
1887,kexp,1.5,4,1.5,0.1,-41.92069682954278,-41.67643923267817
1888,kexp,1.5,4,1.5,0.05,-41.891843300982956,-41.636074965315274
1889,kexp,1.5,4,1.5,0.01,-41.88278746832929,-41.62324488697233
1890,kexp,1.5,4,1.5,0,-41.88241204999882,-41.62271123369009
1891,kexp,1.5,6,0.5,0.5,-39.049478459264684,-38.69795736684603
1892,kexp,1.5,6,0.5,0.1,-42.76707831388387,-40.70993097381881
1893,kexp,1.5,6,0.5,0.05,-43.144012822059885,-40.93883158240247
1894,kexp,1.5,6,0.5,0.01,-43.27218630344173,-41.016654570632085
1895,kexp,1.5,6,0.5,0,-43.27761027435018,-41.019947502144866
1896,kexp,1.5,6,1,0.5,-41.06494890735465,-40.94262206487148
1897,kexp,1.5,6,1,0.1,-40.50824061519928,-39.888261061194115
1898,kexp,1.5,6,1,0.05,-40.52440593004644,-39.87389851337072
1899,kexp,1.5,6,1,0.01,-40.53032984920692,-39.869716838356545
1900,kexp,1.5,6,1,0,-40.530584803302986,-39.86954708025249
1901,kexp,1.5,6,1.5,0.5,-43.6080551091031,-43.67887351219637
1902,kexp,1.5,6,1.5,0.1,-42.44385145287257,-42.32872849732275
1903,kexp,1.5,6,1.5,0.05,-42.415012232190186,-42.28967768193045
1904,kexp,1.5,6,1.5,0.01,-42.40594260379241,-42.27725391435088
1905,kexp,1.5,6,1.5,0,-42.40556641302059,-42.276737039691206
1906,kexp,1.5,8,0.5,0.5,-39.39786019204017,-39.11097563239846
1907,kexp,1.5,8,0.5,0.1,-43.067790226563226,-41.14378081395011
1908,kexp,1.5,8,0.5,0.05,-43.43190334237116,-41.36331440145352
1909,kexp,1.5,8,0.5,0.01,-43.555610580150955,-41.437803075149624
1910,kexp,1.5,8,0.5,0,-43.56084443288227,-41.44095333890464
1911,kexp,1.5,8,1,0.5,-41.32685665105138,-41.261594843493704
1912,kexp,1.5,8,1,0.1,-40.766225711598985,-40.23217822155748
1913,kexp,1.5,8,1,0.05,-40.7805526834576,-40.21717416736361
1914,kexp,1.5,8,1,0.01,-40.78584918418081,-40.212752992767335
1915,kexp,1.5,8,1,0,-40.78607757232813,-40.21257288456296
1916,kexp,1.5,8,1.5,0.5,-43.844337929316325,-43.967343227377924
1917,kexp,1.5,8,1.5,0.1,-42.690305928006964,-42.64506370687269
1918,kexp,1.5,8,1.5,0.05,-42.66131751602839,-42.606541739376084
1919,kexp,1.5,8,1.5,0.01,-42.652190725891984,-42.59427971583327
1920,kexp,1.5,8,1.5,0,-42.65181205221038,-42.593769499852186
1921,kexp,1.5,10,0.5,0.5,-39.591593816812164,-39.34299619690121
1922,kexp,1.5,10,0.5,0.1,-43.23212373221874,-41.392451446305216
1923,kexp,1.5,10,0.5,0.05,-43.58862881169256,-41.60680861002732
1924,kexp,1.5,10,0.5,0.01,-43.70968772426093,-41.67944755002449
1925,kexp,1.5,10,0.5,0,-43.71480886416368,-41.68251859672045
1926,kexp,1.5,10,1,0.5,-41.467422934197565,-41.43497281818452
1927,kexp,1.5,10,1,0.1,-40.901487582224,-40.41819891858202
1928,kexp,1.5,10,1,0.05,-40.914612150558824,-40.40274762181036
1929,kexp,1.5,10,1,0.01,-40.91950046135882,-40.39816316714209
1930,kexp,1.5,10,1,0,-40.91971158837351,-40.39797603710626
1931,kexp,1.5,10,1.5,0.5,-43.96816878486426,-44.12011823724399
1932,kexp,1.5,10,1.5,0.1,-42.81742049592489,-42.81147042344997
1933,kexp,1.5,10,1.5,0.05,-42.78824362651255,-42.77315889656842
1934,kexp,1.5,10,1.5,0.01,-42.77905075236198,-42.760959602520096
1935,kexp,1.5,10,1.5,0,-42.778669263177264,-42.76045195063812
1936,kexp,1.5,25,0.5,0.5,-39.89904873981633,-39.71468559730103
1937,kexp,1.5,25,0.5,0.1,-43.403114005551686,-41.72271253878965
1938,kexp,1.5,25,0.5,0.05,-43.740108056484374,-41.923058567108534
1939,kexp,1.5,25,0.5,0.01,-43.8544658040083,-41.990812874836735
1940,kexp,1.5,25,0.5,0,-43.859302685544364,-41.993675965318346
1941,kexp,1.5,25,1,0.5,-41.70009201612467,-41.722137326204574
1942,kexp,1.5,25,1,0.1,-41.10413914864959,-40.71033545738358
1943,kexp,1.5,25,1,0.05,-41.11406861822666,-40.69323019384398
1944,kexp,1.5,25,1,0.01,-41.117885618623156,-40.688075401742466
1945,kexp,1.5,25,1,0,-41.11805158047009,-40.687864063801314
1946,kexp,1.5,25,1.5,0.5,-44.184949966188235,-44.383435602059926
1947,kexp,1.5,25,1.5,0.1,-43.03451582636561,-43.094070779066215
1948,kexp,1.5,25,1.5,0.05,-43.00474318984653,-43.05591488420878
1949,kexp,1.5,25,1.5,0.01,-42.995348021754545,-43.043756252482986
1950,kexp,1.5,25,1.5,0,-42.99495797884624,-43.04325019669926
1951,kexp,1.75,0.2,0.5,0.5,-40.3891139978259,-40.14992361639805
1952,kexp,1.75,0.2,0.5,0.1,-100.33954805346163,-100.08550675490902
1953,kexp,1.75,0.2,0.5,0.05,-117.0910593273734,-117.00976209537023
1954,kexp,1.75,0.2,0.5,0.01,-124.74275980438269,-124.74010361202284
1955,kexp,1.75,0.2,0.5,0,-125.0983199206809,-125.09926296867879
1956,kexp,1.75,0.2,1,0.5,-39.91874261103243,-39.75866066697967
1957,kexp,1.75,0.2,1,0.1,-63.94482886045618,-63.91827416492912
1958,kexp,1.75,0.2,1,0.05,-68.59940774416701,-68.6272832025803
1959,kexp,1.75,0.2,1,0.01,-70.44218139165281,-70.49093282204093
1960,kexp,1.75,0.2,1,0,-70.52368619827149,-70.57334944571886
1961,kexp,1.75,0.2,1.5,0.5,-40.13949559615772,-40.03930966961197
1962,kexp,1.75,0.2,1.5,0.1,-52.31760663937981,-52.34715884549743
1963,kexp,1.75,0.2,1.5,0.05,-54.33394948376723,-54.38990413014949
1964,kexp,1.75,0.2,1.5,0.01,-55.08991991349962,-55.15541315053338
1965,kexp,1.75,0.2,1.5,0,-55.12279839044848,-55.188701704375056
1966,kexp,1.75,0.5,0.5,0.5,-38.008751928090895,-37.55496312552403
1967,kexp,1.75,0.5,0.5,0.1,-53.461772840803434,-51.994080609875205
1968,kexp,1.75,0.5,0.5,0.05,-56.21547764474112,-54.69685853879754
1969,kexp,1.75,0.5,0.5,0.01,-57.269975677766745,-55.73628510237619
1970,kexp,1.75,0.5,0.5,0,-57.31613428569775,-55.78183330472944
1971,kexp,1.75,0.5,1,0.5,-37.861885137355,-37.561434874356195
1972,kexp,1.75,0.5,1,0.1,-40.54698279811615,-39.94773932670154
1973,kexp,1.75,0.5,1,0.05,-41.073589019101625,-40.46484281210902
1974,kexp,1.75,0.5,1,0.01,-41.26384657379455,-40.65226513988764
1975,kexp,1.75,0.5,1,0,-41.272029207101404,-40.660332133424276
1976,kexp,1.75,0.5,1.5,0.5,-38.86804116854023,-38.68727043920182
1977,kexp,1.75,0.5,1.5,0.1,-38.52572961828404,-38.225367071460084
1978,kexp,1.75,0.5,1.5,0.05,-38.662746034198655,-38.35947788750256
1979,kexp,1.75,0.5,1.5,0.01,-38.71251005812801,-38.408382613816116
1980,kexp,1.75,0.5,1.5,0,-38.7146509475805,-38.410488509667935
1981,kexp,1.75,1,0.5,0.5,-36.993079743039615,-36.3540679386421
1982,kexp,1.75,1,0.5,0.1,-44.01012763256255,-41.4293100728819
1983,kexp,1.75,1,0.5,0.05,-44.94839444834813,-42.20120785425738
1984,kexp,1.75,1,0.5,0.01,-45.2796711850726,-42.47576753559967
1985,kexp,1.75,1,0.5,0,-45.29383342266138,-42.487527703147244
1986,kexp,1.75,1,1,0.5,-37.93472314795067,-37.50637415911814
1987,kexp,1.75,1,1,0.1,-37.67510151062724,-36.59562415644347
1988,kexp,1.75,1,1,0.05,-37.77068031865336,-36.652692608101674
1989,kexp,1.75,1,1,0.01,-37.80447677921351,-36.67374739242017
1990,kexp,1.75,1,1,0,-37.80592063426628,-36.67465580389347
1991,kexp,1.75,1,1.5,0.5,-39.71079540182352,-39.45825968744573
1992,kexp,1.75,1,1.5,0.1,-38.132645917830146,-37.58014248925491
1993,kexp,1.75,1,1.5,0.05,-38.108061964744095,-37.54033901897353
1994,kexp,1.75,1,1.5,0.01,-38.10089728842006,-37.528188411612625
1995,kexp,1.75,1,1.5,0,-38.100606471520415,-37.52768860419768
1996,kexp,1.75,1.5,0.5,0.5,-37.10690564728483,-36.405085735537476
1997,kexp,1.75,1.5,0.5,0.1,-43.45258850936189,-40.41002235676229
1998,kexp,1.75,1.5,0.5,0.05,-44.20768461683243,-40.95633663925756
1999,kexp,1.75,1.5,0.5,0.01,-44.468958557391964,-41.14616077769019
2000,kexp,1.75,1.5,0.5,0,-44.480065926451104,-41.154239055321554
2001,kexp,1.75,1.5,1,0.5,-38.606484996857944,-38.141027236953306
2002,kexp,1.75,1.5,1,0.1,-38.417696709023154,-37.160059814061604
2003,kexp,1.75,1.5,1,0.05,-38.48933137815168,-37.18326920434833
2004,kexp,1.75,1.5,1,0.01,-38.51425197002563,-37.19213260598392
2005,kexp,1.75,1.5,1,0,-38.515312150255355,-37.1925176351087
2006,kexp,1.75,1.5,1.5,0.5,-40.693692379295626,-40.43072396789278
2007,kexp,1.75,1.5,1.5,0.1,-39.34875316160771,-38.719331305752235
2008,kexp,1.75,1.5,1.5,0.05,-39.32513465972947,-38.67656445038581
2009,kexp,1.75,1.5,1.5,0.01,-39.31800983273074,-38.66315625447596
2010,kexp,1.75,1.5,1.5,0,-39.3177176582477,-38.66260059509908
2011,kexp,1.75,2,0.5,0.5,-37.39318581064331,-36.6853835230972
2012,kexp,1.75,2,0.5,0.1,-43.60402389849316,-40.42003424750538
2013,kexp,1.75,2,0.5,0.05,-44.30328363229825,-40.897686581927154
2014,kexp,1.75,2,0.5,0.01,-44.54373753694121,-41.06232459637847
2015,kexp,1.75,2,0.5,0,-44.55394280005702,-41.069315971098774
2016,kexp,1.75,2,1,0.5,-39.16397161761719,-38.70859983515539
2017,kexp,1.75,2,1,0.1,-39.108044319108686,-37.82338609767818
2018,kexp,1.75,2,1,0.05,-39.17738153387216,-37.8418521042932
2019,kexp,1.75,2,1,0.01,-39.20129640787924,-37.84889972221115
2020,kexp,1.75,2,1,0,-39.20231164469946,-37.84920576109437
2021,kexp,1.75,2,1.5,0.5,-41.402521609650535,-41.164570373968346
2022,kexp,1.75,2,1.5,0.1,-40.23390076313701,-39.61794327781433
2023,kexp,1.75,2,1.5,0.05,-40.2149874273376,-39.579176908671435
2024,kexp,1.75,2,1.5,0.01,-40.209323181048134,-39.566997489869806
2025,kexp,1.75,2,1.5,0,-40.20909135963969,-39.566492457822974
2026,kexp,1.75,2.5,0.5,0.5,-37.68370522196112,-36.99540975812012
2027,kexp,1.75,2.5,0.5,0.1,-43.740097087607126,-40.54919395106916
2028,kexp,1.75,2.5,0.5,0.05,-44.400208878201774,-40.98561999616707
2029,kexp,1.75,2.5,0.5,0.01,-44.62654556656527,-41.13547091592384
2030,kexp,1.75,2.5,0.5,0,-44.636144386478215,-41.14182793256686
2031,kexp,1.75,2.5,1,0.5,-39.58887289321656,-39.16422304416524
2032,kexp,1.75,2.5,1,0.1,-39.58415072764089,-38.33423052456591
2033,kexp,1.75,2.5,1,0.05,-39.65059391468707,-38.34999102839158
2034,kexp,1.75,2.5,1,0.01,-39.67343373436973,-38.35602830939959
2035,kexp,1.75,2.5,1,0,-39.674402528805565,-38.35629065283837
2036,kexp,1.75,2.5,1.5,0.5,-41.91076242079157,-41.712794403603596
2037,kexp,1.75,2.5,1.5,0.1,-40.833227836508655,-40.26661602143082
2038,kexp,1.75,2.5,1.5,0.05,-40.81638091421931,-40.23032106506286
2039,kexp,1.75,2.5,1.5,0.01,-40.81135102852334,-40.21890834522284
2040,kexp,1.75,2.5,1.5,0,-40.81114534297524,-40.218434992993494
2041,kexp,1.75,3,0.5,0.5,-37.94543198241559,-37.28750473352223
2042,kexp,1.75,3,0.5,0.1,-43.82741223965197,-40.68019486503817
2043,kexp,1.75,3,0.5,0.05,-44.455653310495734,-41.08592875860911
2044,kexp,1.75,3,0.5,0.01,-44.67072261666375,-41.22493771686617
2045,kexp,1.75,3,0.5,0,-44.67983986238917,-41.23083145363587
2046,kexp,1.75,3,1,0.5,-39.91570593959797,-39.52899521595474
2047,kexp,1.75,3,1,0.1,-39.91659844078072,-38.72176574189148
2048,kexp,1.75,3,1,0.05,-39.97953640667936,-38.734933143236276
2049,kexp,1.75,3,1,0.01,-40.001149377267176,-38.740045556902935
2050,kexp,1.75,3,1,0,-40.00206589915803,-38.74026832135445
2051,kexp,1.75,3,1.5,0.5,-42.286967693222316,-42.13286194473865
2052,kexp,1.75,3,1.5,0.1,-41.25475084982615,-40.74721439774416
2053,kexp,1.75,3,1.5,0.05,-41.23851801331258,-40.71221103088095
2054,kexp,1.75,3,1.5,0.01,-41.23366329722937,-40.70119441303673
2055,kexp,1.75,3,1.5,0,-41.233464678142376,-40.700737377326114
2056,kexp,1.75,3.5,0.5,0.5,-38.17443173399511,-37.55070289231056
2057,kexp,1.75,3.5,0.5,0.1,-43.88781522247881,-40.80084527290154
2058,kexp,1.75,3.5,0.5,0.05,-44.49012797005617,-41.18256327321224
2059,kexp,1.75,3.5,0.5,0.01,-44.696133570912195,-41.313168147836
2060,kexp,1.75,3.5,0.5,0,-44.70486454735113,-41.318703646338875
2061,kexp,1.75,3.5,1,0.5,-40.17231438023524,-39.82453978941098
2062,kexp,1.75,3.5,1,0.1,-40.159324720735285,-39.023219407573
2063,kexp,1.75,3.5,1,0.05,-40.21885393139982,-39.033979858714204
2064,kexp,1.75,3.5,1,0.01,-40.2392980647435,-39.03825318502662
2065,kexp,1.75,3.5,1,0,-40.24016503327543,-39.03844023567921
2066,kexp,1.75,3.5,1.5,0.5,-42.57371545326999,-42.462291490893726
2067,kexp,1.75,3.5,1.5,0.1,-41.56391491773903,-41.11462281122717
2068,kexp,1.75,3.5,1.5,0.05,-41.5476653787022,-41.08027752978621
2069,kexp,1.75,3.5,1.5,0.01,-41.54278836058917,-41.06945816061332
2070,kexp,1.75,3.5,1.5,0,-41.54258862864557,-41.06900919885877
2071,kexp,1.75,4,0.5,0.5,-38.37397011304399,-37.78480039493439
2072,kexp,1.75,4,0.5,0.1,-43.93682048188138,-40.91312446452635
2073,kexp,1.75,4,0.5,0.05,-44.51811345290162,-41.27569690495821
2074,kexp,1.75,4,0.5,0.01,-44.71682080201488,-41.39963983960909
2075,kexp,1.75,4,0.5,0,-44.725241288379735,-41.40489177617526
2076,kexp,1.75,4,1,0.5,-40.37804975099646,-40.067444980883145
2077,kexp,1.75,4,1,0.1,-40.34423033820652,-39.26413698236007
2078,kexp,1.75,4,1,0.05,-40.400712824557594,-39.27275803846452
2079,kexp,1.75,4,1,0.01,-40.420122432708105,-39.27629429203376
2080,kexp,1.75,4,1,0,-40.420945647754074,-39.276450060183016
2081,kexp,1.75,4,1.5,0.5,-42.79764031502644,-42.725637427825966
2082,kexp,1.75,4,1.5,0.1,-41.79854499281671,-41.40282388960319
2083,kexp,1.75,4,1.5,0.05,-41.78201999085204,-41.3687990273648
2084,kexp,1.75,4,1.5,0.01,-41.77704131447799,-41.35807150529666
2085,kexp,1.75,4,1.5,0,-41.77683720094138,-41.35762625491888
2086,kexp,1.75,6,0.5,0.5,-38.957277519891996,-38.486975883559225
2087,kexp,1.75,6,0.5,0.1,-44.12098859036955,-41.31533576182632
2088,kexp,1.75,6,0.5,0.05,-44.65023394672853,-41.63118650057523
2089,kexp,1.75,6,0.5,0.01,-44.83098029652831,-41.73893953012508
2090,kexp,1.75,6,0.5,0,-44.83863787713177,-41.743503105377435
2091,kexp,1.75,6,1,0.5,-40.90405605011747,-40.71132333476026
2092,kexp,1.75,6,1,0.1,-40.79251850724016,-39.88619165131625
2093,kexp,1.75,6,1,0.05,-40.840594877030114,-39.88887030210141
2094,kexp,1.75,6,1,0.01,-40.8571740911541,-39.89037887938907
2095,kexp,1.75,6,1,0,-40.85787784988044,-39.890448792345225
2096,kexp,1.75,6,1.5,0.5,-43.339651436749776,-43.38663942315052
2097,kexp,1.75,6,1.5,0.1,-42.34532066622814,-42.10848320541739
2098,kexp,1.75,6,1.5,0.05,-42.327323485700056,-42.07458156494486
2099,kexp,1.75,6,1.5,0.01,-42.321840111676934,-42.063865844520286
2100,kexp,1.75,6,1.5,0,-42.321614607527025,-42.06342078806891
2101,kexp,1.75,8,0.5,0.5,-39.31350928529783,-38.92445415320252
2102,kexp,1.75,8,0.5,0.1,-44.28678286049544,-41.634550619685186
2103,kexp,1.75,8,0.5,0.05,-44.79034533490462,-41.928142982313155
2104,kexp,1.75,8,0.5,0.01,-44.962240847443766,-42.028166099312074
2105,kexp,1.75,8,0.5,0,-44.96952262591154,-42.03240085256436
2106,kexp,1.75,8,1,0.5,-41.18422800923279,-41.065849197221226
2107,kexp,1.75,8,1,0.1,-41.026148230981306,-40.22828149409612
2108,kexp,1.75,8,1,0.05,-41.069681166714354,-40.22781429887066
2109,kexp,1.75,8,1,0.01,-41.08473621142687,-40.22825170562231
2110,kexp,1.75,8,1,0,-41.08537570238693,-40.2282762875097
2111,kexp,1.75,8,1.5,0.5,-43.607100732934086,-43.724840517858894
2112,kexp,1.75,8,1.5,0.1,-42.6064848690871,-42.46293171686074
2113,kexp,1.75,8,1.5,0.05,-42.587405134499114,-42.428808724806224
2114,kexp,1.75,8,1.5,0.01,-42.5815576912111,-42.41800700227954
2115,kexp,1.75,8,1.5,0,-42.581316827942985,-42.417558199226434
2116,kexp,1.75,10,0.5,0.5,-39.529014341308624,-39.19288175887795
2117,kexp,1.75,10,0.5,0.1,-44.392716058627194,-41.84752772044965
2118,kexp,1.75,10,0.5,0.05,-44.881122950687,-42.128644114163436
2119,kexp,1.75,10,0.5,0.01,-45.04779545580145,-42.22432201473013
2120,kexp,1.75,10,0.5,0,-45.05485547142113,-42.22837180043462
2121,kexp,1.75,10,1,0.5,-41.344165490929825,-41.272186051970635
2122,kexp,1.75,10,1,0.1,-41.156065695738036,-40.427323084327675
2123,kexp,1.75,10,1,0.05,-41.19679552811008,-40.42498670700405
2124,kexp,1.75,10,1,0.01,-41.21091161985064,-40.424787798636494
2125,kexp,1.75,10,1,0,-41.21151153388304,-40.42478545389231
2126,kexp,1.75,10,1.5,0.5,-43.754321422033506,-43.9143702649264
2127,kexp,1.75,10,1.5,0.1,-42.74723005203893,-42.65991922121765
2128,kexp,1.75,10,1.5,0.05,-42.72740250640053,-42.62557931620562
2129,kexp,1.75,10,1.5,0.01,-42.72130505020654,-42.61469895084131
2130,kexp,1.75,10,1.5,0,-42.721053654768234,-42.61424677178012
2131,kexp,1.75,25,0.5,0.5,-39.90348844043903,-39.67100293494062
2132,kexp,1.75,25,0.5,0.1,-44.468642992336946,-42.166508254800505
2133,kexp,1.75,25,0.5,0.05,-44.921862086348966,-42.420292237311195
2134,kexp,1.75,25,0.5,0.01,-45.07649466174675,-42.50652312169318
2135,kexp,1.75,25,0.5,0,-45.083044407106534,-42.51017153640519
2136,kexp,1.75,25,1,0.5,-41.6282709325087,-41.64483676538366
2137,kexp,1.75,25,1,0.1,-41.36088141188627,-40.77348291357938
2138,kexp,1.75,25,1,0.05,-41.395190266036195,-40.76702163594213
2139,kexp,1.75,25,1,0.01,-41.40716620851759,-40.7654286978729
2140,kexp,1.75,25,1,0,-41.40767602764508,-40.76536746811351
2141,kexp,1.75,25,1.5,0.5,-44.02680567190679,-44.26384850109423
2142,kexp,1.75,25,1.5,0.1,-43.00163533586128,-43.02079590381823
2143,kexp,1.75,25,1.5,0.05,-42.98013774659266,-42.985944251381234
2144,kexp,1.75,25,1.5,0.01,-42.97348476951485,-42.97488278958767
2145,kexp,1.75,25,1.5,0,-42.97321000122322,-42.97442287875216
2146,kexp,2,0.2,0.5,0.5,-40.67930186548181,-40.42636830703859
2147,kexp,2,0.2,0.5,0.1,-109.69360512181736,-109.39416503554543
2148,kexp,2,0.2,0.5,0.05,-130.5095137905533,-130.43716324694938
2149,kexp,2,0.2,0.5,0.01,-140.37440352357703,-140.40991576550738
2150,kexp,2,0.2,0.5,0,-140.83926484592513,-140.8797752839911
2151,kexp,2,0.2,1,0.5,-40.058572647438034,-39.88057309625858
2152,kexp,2,0.2,1,0.1,-68.92519456196685,-68.89524465577865
2153,kexp,2,0.2,1,0.05,-74.89861572200437,-74.9419427800599
2154,kexp,2,0.2,1,0.01,-77.31919322812276,-77.39128886968668
2155,kexp,2,0.2,1,0,-77.42705643196919,-77.50041670814771
2156,kexp,2,0.2,1.5,0.5,-40.14112344049998,-40.02455409432775
2157,kexp,2,0.2,1.5,0.1,-55.37771854062516,-55.41248152460746
2158,kexp,2,0.2,1.5,0.05,-58.02648739137664,-58.097075791897524
2159,kexp,2,0.2,1.5,0.01,-59.03617748535504,-59.11991975124112
2160,kexp,2,0.2,1.5,0,-59.08031039350415,-59.16462061571461
2161,kexp,2,0.5,0.5,0.5,-38.315098875059654,-37.81988778116737
2162,kexp,2,0.5,0.5,0.1,-57.401868593737866,-55.67937541760861
2163,kexp,2,0.5,0.5,0.05,-60.97840302131585,-59.19321054644588
2164,kexp,2,0.5,0.5,0.01,-62.37391564030488,-60.57073987140286
2165,kexp,2,0.5,0.5,0,-62.435358026897546,-60.631463199300576
2166,kexp,2,0.5,1,0.5,-37.853326734408235,-37.51163620169752
2167,kexp,2,0.5,1,0.1,-41.9273569661862,-41.21152629232583
2168,kexp,2,0.5,1,0.05,-42.66319267982267,-41.93578244823062
2169,kexp,2,0.5,1,0.01,-42.93110067282242,-42.20032908262282
2170,kexp,2,0.5,1,0,-42.9426494347159,-42.211742004747876
2171,kexp,2,0.5,1.5,0.5,-38.61168005038611,-38.39733888159061
2172,kexp,2,0.5,1.5,0.1,-38.931009776554276,-38.56235126299027
2173,kexp,2,0.5,1.5,0.05,-39.15240716261007,-38.78021694899766
2174,kexp,2,0.5,1.5,0.01,-39.23230368606668,-38.85909961819282
2175,kexp,2,0.5,1.5,0,-39.23573667064746,-38.86249170655676
2176,kexp,2,1,0.5,0.5,-37.16263340142962,-36.454943610042044
2177,kexp,2,1,0.5,0.1,-46.53450136176633,-43.47945336055521
2178,kexp,2,1,0.5,0.05,-47.80729473795845,-44.53825858488355
2179,kexp,2,1,0.5,0.01,-48.26024680031777,-44.91779462756407
2180,kexp,2,1,0.5,0,-48.27965410685248,-44.93408740689915
2181,kexp,2,1,1,0.5,-37.792935960890134,-37.304003275463316
2182,kexp,2,1,1,0.1,-38.270989396536145,-36.9720051275748
2183,kexp,2,1,1,0.05,-38.437711915731974,-37.088546474939406
2184,kexp,2,1,1,0.01,-38.49600235172605,-37.130178594429836
2185,kexp,2,1,1,0,-38.49848629050502,-37.13196190005939
2186,kexp,2,1,1.5,0.5,-39.33410734586103,-39.035941286242085
2187,kexp,2,1,1.5,0.1,-38.028551033554535,-37.34866900215815
2188,kexp,2,1,1.5,0.05,-38.02779305708806,-37.32782206180288
2189,kexp,2,1,1.5,0.01,-38.02870317050102,-37.32213618717592
2190,kexp,2,1,1.5,0,-38.028753785101344,-37.32191016449542
2191,kexp,2,1.5,0.5,0.5,-37.210597994388074,-36.42123094793668
2192,kexp,2,1.5,0.5,0.1,-45.75058725389565,-42.09986097462225
2193,kexp,2,1.5,0.5,0.05,-46.77926152969669,-42.855859415810144
2194,kexp,2,1.5,0.5,0.01,-47.137187603577296,-43.119793227161495
2195,kexp,2,1.5,0.5,0,-47.15242703560507,-43.1310402299174
2196,kexp,2,1.5,1,0.5,-38.44496008914893,-37.90580523485882
2197,kexp,2,1.5,1,0.1,-38.940625751254366,-37.40325176999266
2198,kexp,2,1.5,1,0.05,-39.06970674197289,-37.46814733313107
2199,kexp,2,1.5,1,0.01,-39.11406267884188,-37.49113926463823
2200,kexp,2,1.5,1,0,-39.11594428294505,-37.49212169947148
2201,kexp,2,1.5,1.5,0.5,-40.320634482173126,-40.00394256673921
2202,kexp,2,1.5,1.5,0.1,-39.23286840134996,-38.44281669668574
2203,kexp,2,1.5,1.5,0.05,-39.22849019922514,-38.41268414174127
2204,kexp,2,1.5,1.5,0.01,-39.22779478216683,-38.40351580923824
2205,kexp,2,1.5,1.5,0,-39.227773465443775,-38.403138956046455
2206,kexp,2,2,0.5,0.5,-37.46304806525645,-36.65365550079446
2207,kexp,2,2,0.5,0.1,-45.81125663598034,-41.94020454842343
2208,kexp,2,2,0.5,0.05,-46.76330101521769,-42.5997528250441
2209,kexp,2,2,0.5,0.01,-47.09229236508737,-42.827966202018516
2210,kexp,2,2,0.5,0,-47.10627382944361,-42.83766760134984
2211,kexp,2,2,1,0.5,-39.00739833930094,-38.46874368523908
2212,kexp,2,2,1,0.1,-39.62706165304788,-38.02919756216578
2213,kexp,2,2,1,0.05,-39.75007006440084,-38.083931325852454
2214,kexp,2,2,1,0.01,-39.792050111022434,-38.103189980671864
2215,kexp,2,2,1,0,-39.793827834940906,-38.10401145107984
2216,kexp,2,2,1.5,0.5,-41.052426892458,-40.75515710126706
2217,kexp,2,2,1.5,0.1,-40.14699110316124,-39.3531807492394
2218,kexp,2,2,1.5,0.05,-40.146508546003226,-39.32558345618105
2219,kexp,2,2,1.5,0.01,-40.146976382953426,-39.317130923919144
2220,kexp,2,2,1.5,0,-40.14700260349442,-39.31678283438285
2221,kexp,2,2.5,0.5,0.5,-37.73295378463797,-36.93315863785169
2222,kexp,2,2.5,0.5,0.1,-45.87198284957864,-41.94899727915971
2223,kexp,2,2.5,0.5,0.05,-46.770614377819506,-42.55021196464805
2224,kexp,2,2.5,0.5,0.01,-47.08015470120247,-42.75735822483349
2225,kexp,2,2.5,0.5,0,-47.093298402835046,-42.76615415175206
2226,kexp,2,2.5,1,0.5,-39.44243276625036,-38.92873347327793
2227,kexp,2,2.5,1,0.1,-40.10113258566082,-38.52138420801325
2228,kexp,2,2.5,1,0.05,-40.218626507478206,-38.570216711412506
2229,kexp,2,2.5,1,0.01,-40.25860820039506,-38.58735465921669
2230,kexp,2,2.5,1,0,-40.26030006188558,-38.58808518988758
2231,kexp,2,2.5,1.5,0.5,-41.58494214905274,-41.325325662805426
2232,kexp,2,2.5,1.5,0.1,-40.77139933795696,-40.0202790255676
2233,kexp,2,2.5,1.5,0.05,-40.77236386192334,-39.99434546511004
2234,kexp,2,2.5,1.5,0.01,-40.77324768016124,-39.98638056649325
2235,kexp,2,2.5,1.5,0,-40.773290714958314,-39.9860523026607
2236,kexp,2,3,0.5,0.5,-37.97990305507246,-37.20400012763711
2237,kexp,2,3,0.5,0.1,-45.8844038505988,-41.979122038895596
2238,kexp,2,3,0.5,0.05,-46.739488758220915,-42.53678857059925
2239,kexp,2,3,0.5,0.01,-47.03351393824331,-42.72846945759505
2240,kexp,2,3,0.5,0,-47.045993139734485,-42.73660357972587
2241,kexp,2,3,1,0.5,-39.77925747818527,-39.3009281017148
2242,kexp,2,3,1,0.1,-40.42700135887099,-38.895304054485166
2243,kexp,2,3,1,0.05,-40.53872827784403,-38.939122326530374
2244,kexp,2,3,1,0.01,-40.57670201151375,-38.95450496233959
2245,kexp,2,3,1,0,-40.5783084182892,-38.955160696189964
2246,kexp,2,3,1.5,0.5,-41.98297473095149,-41.76765357227443
2247,kexp,2,3,1.5,0.1,-41.21123893680263,-40.51872688555141
2248,kexp,2,3,1.5,0.05,-41.21218646573496,-40.49344466165572
2249,kexp,2,3,1.5,0.01,-41.21302933636886,-40.485657685017905
2250,kexp,2,3,1.5,0,-41.21307027786441,-40.48533650174041
2251,kexp,2,3.5,0.5,0.5,-38.19659464869239,-37.45108481126735
2252,kexp,2,3.5,0.5,0.1,-45.86961487689776,-42.00932755907704
2253,kexp,2,3.5,0.5,0.05,-46.68892350136507,-42.532608313506614
2254,kexp,2,3.5,0.5,0.01,-46.97036628049714,-42.71220906616949
2255,kexp,2,3.5,0.5,0,-46.98230838258473,-42.71982769141298
2256,kexp,2,3.5,1,0.5,-40.04402147702179,-39.60438114007376
2257,kexp,2,3.5,1,0.1,-40.659276947884145,-39.184633280182645
2258,kexp,2,3.5,1,0.05,-40.76561870656842,-39.22406543683602
2259,kexp,2,3.5,1,0.01,-40.80174938169792,-39.237936234791746
2260,kexp,2,3.5,1,0,-40.80327768214237,-39.23852778990969
2261,kexp,2,3.5,1.5,0.5,-42.28830282575431,-42.11803384157092
2262,kexp,2,3.5,1.5,0.1,-41.53328320523055,-40.90202010393025
2263,kexp,2,3.5,1.5,0.05,-41.53360974069646,-40.87684713604795
2264,kexp,2,3.5,1.5,0.01,-41.534226334342286,-40.869072187264706
2265,kexp,2,3.5,1.5,0,-41.53425754871942,-40.868751256138545
2266,kexp,2,4,0.5,0.5,-38.38497455344601,-37.67222818098669
2267,kexp,2,4,0.5,0.1,-45.84429475745608,-42.03831673940373
2268,kexp,2,4,0.5,0.05,-46.63414352130317,-42.53375469564057
2269,kexp,2,4,0.5,0.01,-46.905310220716025,-42.703642702365464
2270,kexp,2,4,0.5,0,-46.91681459921655,-42.71084760826062
2271,kexp,2,4,1,0.5,-40.255767350013905,-39.85462984881621
2272,kexp,2,4,1,0.1,-40.83103075878469,-39.4137414707012
2273,kexp,2,4,1,0.05,-40.93259174087777,-39.44935347684818
2274,kexp,2,4,1,0.01,-40.96710116841694,-39.46191962418514
2275,kexp,2,4,1,0,-40.96856091926273,-39.46245592177972
2276,kexp,2,4,1.5,0.5,-42.52763274897401,-42.400384996226485
2277,kexp,2,4,1.5,0.1,-41.77662893947278,-41.20382184613068
2278,kexp,2,4,1.5,0.05,-41.77612001502915,-41.17848496613278
2279,kexp,2,4,1.5,0.01,-41.77644752512258,-41.17063952334497
2280,kexp,2,4,1.5,0,-41.77646645933662,-41.17031545968337
2281,kexp,2,6,0.5,0.5,-38.93476339260507,-38.34508977344238
2282,kexp,2,6,0.5,0.1,-45.76921531975444,-42.17271276303208
2283,kexp,2,6,0.5,0.05,-46.48255057885127,-42.59649661100402
2284,kexp,2,6,0.5,0.01,-46.727262376274105,-42.741569543495466
2285,kexp,2,6,0.5,0,-46.73764242674568,-42.74771942081337
2286,kexp,2,6,1,0.5,-40.79275841526925,-40.521834519525555
2287,kexp,2,6,1,0.1,-41.22066933857765,-39.993077536215964
2288,kexp,2,6,1,0.05,-41.308635337864715,-40.01781186605357
2289,kexp,2,6,1,0.01,-41.33857643408306,-40.02669815336647
2290,kexp,2,6,1,0,-41.339843468157646,-40.02707895945845
2291,kexp,2,6,1.5,0.5,-43.109152222368934,-43.11938600151005
2292,kexp,2,6,1.5,0.1,-42.335803599245146,-41.94626373853114
2293,kexp,2,6,1.5,0.05,-42.33203198797808,-41.919536932451486
2294,kexp,2,6,1.5,0.01,-42.33126132159734,-41.91120058782678
2295,kexp,2,6,1.5,0,-42.331233915355114,-41.91085557240575
2296,kexp,2,8,0.5,0.5,-39.28121954510291,-38.78418436785442
2297,kexp,2,8,0.5,0.1,-45.7684448557701,-42.33338001058598
2298,kexp,2,8,0.5,0.05,-46.44114125418718,-42.71963721855321
2299,kexp,2,8,0.5,0.01,-46.6718660008509,-42.85174562889359
2300,kexp,2,8,0.5,0,-46.681652311342596,-42.8573446734205
2301,kexp,2,8,1,0.5,-41.08096419925066,-40.89874081162595
2302,kexp,2,8,1,0.1,-41.41323137834737,-40.31213053646363
2303,kexp,2,8,1,0.05,-41.49339977945439,-40.330624885941816
2304,kexp,2,8,1,0.01,-41.52073401409408,-40.33740995056841
2305,kexp,2,8,1,0,-41.52189121831532,-40.337702072740655
2306,kexp,2,8,1.5,0.5,-43.40014035605352,-43.49824191355874
2307,kexp,2,8,1.5,0.1,-42.600240277666536,-42.325539854305454
2308,kexp,2,8,1.5,0.05,-42.5942091828985,-42.29759293359647
2309,kexp,2,8,1.5,0.01,-42.59268666392388,-42.28884059604848
2310,kexp,2,8,1.5,0,-42.59262762070054,-42.28847797258047
2311,kexp,2,10,0.5,0.5,-39.50337200511531,-39.07137693498108
2312,kexp,2,10,0.5,0.1,-45.78233800959479,-42.468603109396525
2313,kexp,2,10,0.5,0.05,-46.43052455525858,-42.83296532950064
2314,kexp,2,10,0.5,0.01,-46.65282127837179,-42.95750200738796
2315,kexp,2,10,0.5,0,-46.66224991702944,-42.962779275764575
2316,kexp,2,10,1,0.5,-41.25157311639651,-41.12823296799916
2317,kexp,2,10,1,0.1,-41.52238356087539,-40.50638475440795
2318,kexp,2,10,1,0.05,-41.59769880318654,-40.521090283598284
2319,kexp,2,10,1,0.01,-41.62341302364008,-40.52660031190167
2320,kexp,2,10,1,0,-41.62450200141716,-40.52683862883811
2321,kexp,2,10,1.5,0.5,-43.565119194159635,-43.71886511471187
2322,kexp,2,10,1.5,0.1,-42.745538167919925,-42.543717874248316
2323,kexp,2,10,1.5,0.05,-42.73800885211807,-42.51492768593769
2324,kexp,2,10,1.5,0.01,-42.73598939970115,-42.505889866581825
2325,kexp,2,10,1.5,0,-42.7359094629412,-42.50551517992953
2326,kexp,2,25,0.5,0.5,-39.92638980145524,-39.639808132197615
2327,kexp,2,25,0.5,0.1,-45.698589352332235,-42.70807169294395
2328,kexp,2,25,0.5,0.05,-46.291644567805804,-43.027096738664746
2329,kexp,2,25,0.5,0.01,-46.49509197757602,-43.1360182175041
2330,kexp,2,25,0.5,0,-46.503721871739586,-43.14063259095901
2331,kexp,2,25,1,0.5,-41.57545407494942,-41.577988428399806
2332,kexp,2,25,1,0.1,-41.70125540535665,-40.88116385463741
2333,kexp,2,25,1,0.05,-41.76589142759913,-40.888210865094166
2334,kexp,2,25,1,0.01,-41.788053457151676,-40.891150381335876
2335,kexp,2,25,1,0,-41.78899297017859,-40.89128029813278
2336,kexp,2,25,1.5,0.5,-43.88615761936208,-44.15174325443451
2337,kexp,2,25,1.5,0.1,-43.02196768121662,-42.97250215343096
2338,kexp,2,25,1.5,0.05,-43.01126617309629,-42.94212498571916
2339,kexp,2,25,1.5,0.01,-43.0081974586183,-42.932550333258824
2340,kexp,2,25,1.5,0,-43.0080734363875,-42.93215296725861
2341,kexp,2.25,0.2,0.5,0.5,-40.939583279959265,-40.67575319951247
2342,kexp,2.25,0.2,0.5,0.1,-118.75135552794286,-118.39446212535196
2343,kexp,2.25,0.2,0.5,0.05,-143.86716752466037,-143.7946049525211
2344,kexp,2.25,0.2,0.5,0.01,-156.19054553799288,-156.25885171585347
2345,kexp,2.25,0.2,0.5,0,-156.7792844893994,-156.8542000130661
2346,kexp,2.25,0.2,1,0.5,-40.195452627704135,-40.000835519296295
2347,kexp,2.25,0.2,1,0.1,-73.90862254690516,-73.86896013679974
2348,kexp,2.25,0.2,1,0.05,-81.32013914149249,-81.37445047280985
2349,kexp,2.25,0.2,1,0.01,-84.39179179031662,-84.48386807219076
2350,kexp,2.25,0.2,1,0,-84.52968520690449,-84.62343235357208
2351,kexp,2.25,0.2,1.5,0.5,-40.165969619577936,-40.033084414787645
2352,kexp,2.25,0.2,1.5,0.1,-58.53179525267532,-58.56746019427477
2353,kexp,2.25,0.2,1.5,0.05,-61.88202845483008,-61.964017078733654
2354,kexp,2.25,0.2,1.5,0.01,-63.18011916438417,-63.27939387691577
2355,kexp,2.25,0.2,1.5,0,-63.2371422121158,-63.33716656644302
2356,kexp,2.25,0.5,0.5,0.5,-38.613907168540386,-38.08430492216845
2357,kexp,2.25,0.5,0.5,0.1,-61.430172088136985,-59.44895153922015
2358,kexp,2.25,0.5,0.5,0.05,-65.91777669815438,-63.86007876752875
2359,kexp,2.25,0.5,0.5,0.01,-67.70101941721046,-65.62201636719516
2360,kexp,2.25,0.5,0.5,0,-67.77998871187977,-65.70014495467312
2361,kexp,2.25,0.5,1,0.5,-37.88746127003804,-37.50724293217456
2362,kexp,2.25,0.5,1,0.1,-43.45685163157766,-42.61901503571026
2363,kexp,2.25,0.5,1,0.05,-44.432045321054666,-43.58013728930959
2364,kexp,2.25,0.5,1,0.01,-44.79013581221525,-43.93424832214637
2365,kexp,2.25,0.5,1,0,-44.80561109221254,-43.94956428507346
2366,kexp,2.25,0.5,1.5,0.5,-38.42911212455773,-38.18110267776566
2367,kexp,2.25,0.5,1.5,0.1,-39.49672761673608,-39.054193441034826
2368,kexp,2.25,0.5,1.5,0.05,-39.817447447085456,-39.37058916067833
2369,kexp,2.25,0.5,1.5,0.01,-39.93316852553679,-39.48510230989847
2370,kexp,2.25,0.5,1.5,0,-39.9381419856273,-39.490027495178566
2371,kexp,2.25,1,0.5,0.5,-37.34841961567206,-36.58295657573968
2372,kexp,2.25,1,0.5,0.1,-49.21532629505077,-45.68841681053684
2373,kexp,2.25,1,0.5,0.05,-50.87031551993271,-47.07616598749215
2374,kexp,2.25,1,0.5,0.01,-51.46412739796222,-47.577698135389085
2375,kexp,2.25,1,0.5,0,-51.48962949649088,-47.599278740155334
2376,kexp,2.25,1,1,0.5,-37.70297428855721,-37.15787280947749
2377,kexp,2.25,1,1,0.1,-39.01814675101187,-37.493920395701224
2378,kexp,2.25,1,1,0.05,-39.26965115045772,-37.68197631925504
2379,kexp,2.25,1,1,0.01,-39.35732286031213,-37.74851447203968
2380,kexp,2.25,1,1,0,-39.3610566208469,-37.75135860029003
2381,kexp,2.25,1,1.5,0.5,-39.03152395985127,-38.68780966863094
2382,kexp,2.25,1,1.5,0.1,-38.06786161048264,-37.25289592783842
2383,kexp,2.25,1,1.5,0.05,-38.09722152572278,-37.25655409245319
2384,kexp,2.25,1,1.5,0.01,-38.10837177907442,-37.25924627742885
2385,kexp,2.25,1,1.5,0,-38.10885576233636,-37.259375320377146
2386,kexp,2.25,1.5,0.5,0.5,-37.3383142375622,-36.474724270299056
2387,kexp,2.25,1.5,0.5,0.1,-48.2112961673868,-43.957216325344845
2388,kexp,2.25,1.5,0.5,0.05,-49.55350488949882,-44.9551478647701
2389,kexp,2.25,1.5,0.5,0.01,-50.02333527241132,-45.3054304433893
2390,kexp,2.25,1.5,0.5,0,-50.04337202951017,-45.32037930185512
2391,kexp,2.25,1.5,1,0.5,-38.33027862494722,-37.72351882791749
2392,kexp,2.25,1.5,1,0.1,-39.60115151423839,-37.77796738822225
2393,kexp,2.25,1.5,1,0.05,-39.79864225634652,-37.89331230979849
2394,kexp,2.25,1.5,1,0.01,-39.86625814315873,-37.93348050660831
2395,kexp,2.25,1.5,1,0,-39.86912409971165,-37.935190085522116
2396,kexp,2.25,1.5,1.5,0.5,-40.010711509363354,-39.64125097076756
2397,kexp,2.25,1.5,1.5,0.1,-39.240815386036985,-38.28142752171356
2398,kexp,2.25,1.5,1.5,0.05,-39.26063386082847,-38.267860660107395
2399,kexp,2.25,1.5,1.5,0.01,-39.26804448964582,-38.26425911214738
2400,kexp,2.25,1.5,1.5,0,-39.26836488982459,-38.264117113463065
2401,kexp,2.25,2,0.5,0.5,-37.562092192305116,-36.665518359792415
2402,kexp,2.25,2,0.5,0.1,-48.18568414334819,-43.63079123564002
2403,kexp,2.25,2,0.5,0.05,-49.427386407872696,-44.50027375181976
2404,kexp,2.25,2,0.5,0.01,-49.85877138887319,-44.80248519207754
2405,kexp,2.25,2,0.5,0,-49.877130814045074,-44.81534804154539
2406,kexp,2.25,2,1,0.5,-38.893275784990344,-38.27793707299978
2407,kexp,2.25,2,1,0.1,-40.27425560489209,-38.355390632613734
2408,kexp,2.25,2,1,0.05,-40.46088983736116,-38.45383911673673
2409,kexp,2.25,2,1,0.01,-40.52438305600439,-38.48787396612455
2410,kexp,2.25,2,1,0,-40.52706987191886,-38.48931978369036
2411,kexp,2.25,2,1.5,0.5,-40.756503591368656,-40.40084427836634
2412,kexp,2.25,2,1.5,0.1,-40.170183181432925,-39.18819920369156
2413,kexp,2.25,2,1.5,0.05,-40.19258996312853,-39.17506508653856
2414,kexp,2.25,2,1.5,0.01,-40.20069198138938,-39.17144498384555
2415,kexp,2.25,2,1.5,0,-40.20103965792549,-39.171300464460764
2416,kexp,2.25,2.5,0.5,0.5,-37.815740111139085,-36.91883463438357
2417,kexp,2.25,2.5,0.5,0.1,-48.1780953415485,-43.522873696904746
2418,kexp,2.25,2.5,0.5,0.05,-49.3502303429049,-44.31441033384973
2419,kexp,2.25,2.5,0.5,0.01,-49.75601329281557,-44.58824345633055
2420,kexp,2.25,2.5,0.5,0,-49.77326692686479,-44.59988391742918
2421,kexp,2.25,2.5,1,0.5,-39.335588491792016,-38.73886998571775
2422,kexp,2.25,2.5,1,0.1,-40.74078153202724,-38.82084665513837
2423,kexp,2.25,2.5,1,0.05,-40.918675001259,-38.90943012151522
2424,kexp,2.25,2.5,1,0.01,-40.97902543189099,-38.93995894789988
2425,kexp,2.25,2.5,1,0,-40.98157743784109,-38.94125479211437
2426,kexp,2.25,2.5,1.5,0.5,-41.306717986837796,-40.98544247767911
2427,kexp,2.25,2.5,1.5,0.1,-40.81018783043785,-39.86203202862547
2428,kexp,2.25,2.5,1.5,0.05,-40.83312383770574,-39.84938239280983
2429,kexp,2.25,2.5,1.5,0.01,-40.841320258046785,-39.84584378380157
2430,kexp,2.25,2.5,1.5,0,-40.84167104155042,-39.84570185040024
2431,kexp,2.25,3,0.5,0.5,-38.05202340388776,-37.17182423581846
2432,kexp,2.25,3,0.5,0.1,-48.1245088915771,-43.45726174471531
2433,kexp,2.25,3,0.5,0.05,-49.24010025897344,-44.190708885225284
2434,kexp,2.25,3,0.5,0.01,-49.62556013291702,-44.44377197321179
2435,kexp,2.25,3,0.5,0,-49.641941320253515,-44.454522002534254
2436,kexp,2.25,3,1,0.5,-39.68088929806073,-39.115836997702125
2437,kexp,2.25,3,1,0.1,-41.05721507217509,-39.17553920589608
2438,kexp,2.25,3,1,0.05,-41.226657544629575,-39.25616928547658
2439,kexp,2.25,3,1,0.01,-41.28406625301057,-39.28392870794104
2440,kexp,2.25,3,1,0,-41.2864930622445,-39.28510668360992
2441,kexp,2.25,3,1.5,0.5,-41.72186820495311,-41.44393550600715
2442,kexp,2.25,3,1.5,0.1,-41.261717448558414,-40.36932877993688
2443,kexp,2.25,3,1.5,0.05,-41.28379640708723,-40.356437484176226
2444,kexp,2.25,3,1.5,0.01,-41.29166392731597,-40.35277273323293
2445,kexp,2.25,3,1.5,0,-41.29200040962679,-40.35262501069406
2446,kexp,2.25,3.5,0.5,0.5,-38.260295573150245,-37.40559222967152
2447,kexp,2.25,3.5,0.5,0.1,-48.04410472227764,-43.40303664495128
2448,kexp,2.25,3.5,0.5,0.05,-49.11311297039617,-44.09053955303274
2449,kexp,2.25,3.5,0.5,0.01,-49.482068885736076,-44.327369186849936
2450,kexp,2.25,3.5,0.5,0,-49.49774420021587,-44.337425416987145
2451,kexp,2.25,3.5,1,0.5,-39.953253601348216,-39.4253054441621
2452,kexp,2.25,3.5,1,0.1,-41.277873456579144,-39.44898404973632
2453,kexp,2.25,3.5,1,0.05,-41.439645987218135,-39.52287918792003
2454,kexp,2.25,3.5,1,0.01,-41.494426482447274,-39.54832354966096
2455,kexp,2.25,3.5,1,0,-41.496741871999255,-39.549403308638915
2456,kexp,2.25,3.5,1.5,0.5,-42.04245732196883,-41.81046285476087
2457,kexp,2.25,3.5,1.5,0.1,-41.59199765471811,-40.76162376036752
2458,kexp,2.25,3.5,1.5,0.05,-41.612697426945196,-40.7481103823158
2459,kexp,2.25,3.5,1.5,0.01,-41.62008195757666,-40.74421061182704
2460,kexp,2.25,3.5,1.5,0,-41.62039786264676,-40.744052705916204
2461,kexp,2.25,4,0.5,0.5,-38.4409153139689,-37.61589124792962
2462,kexp,2.25,4,0.5,0.1,-47.95352404176183,-43.35458013356816
2463,kexp,2.25,4,0.5,0.05,-48.98390405968715,-44.004668858046365
2464,kexp,2.25,4,0.5,0.01,-49.33930214549597,-44.22838477872442
2465,kexp,2.25,4,0.5,0,-49.354398993262095,-44.23788170766294
2466,kexp,2.25,4,1,0.5,-40.17098294671792,-39.68152045954426
2467,kexp,2.25,4,1,0.1,-41.43618585659103,-39.663704541956825
2468,kexp,2.25,4,1,0.05,-41.59120790346391,-39.73182372649876
2469,kexp,2.25,4,1,0.01,-41.64369596607758,-39.75529898856669
2470,kexp,2.25,4,1,0,-41.645914389064444,-39.756295379740926
2471,kexp,2.25,4,1.5,0.5,-42.29483768571548,-42.10806290285844
2472,kexp,2.25,4,1.5,0.1,-41.840728911851045,-41.071737679981155
2473,kexp,2.25,4,1.5,0.05,-41.859914758546395,-41.057438882709455
2474,kexp,2.25,4,1.5,0.01,-41.86678227748532,-41.053259880123214
2475,kexp,2.25,4,1.5,0,-41.86707628771911,-41.05309003716115
2476,kexp,2.25,6,0.5,0.5,-38.96172014980388,-38.25848012296265
2477,kexp,2.25,6,0.5,0.1,-47.63631426342684,-43.22799514022304
2478,kexp,2.25,6,0.5,0.05,-48.56362915682227,-43.77922327740501
2479,kexp,2.25,6,0.5,0.01,-48.88324137220674,-43.968608599327254
2480,kexp,2.25,6,0.5,0,-48.896815591005044,-43.97664482587625
2481,kexp,2.25,6,1,0.5,-40.71814205285429,-40.366799146797405
2482,kexp,2.25,6,1,0.1,-41.76476969916165,-40.19165335711128
2483,kexp,2.25,6,1,0.05,-41.900357976632215,-40.243264185341424
2484,kexp,2.25,6,1,0.01,-41.94631005887673,-40.26116436262061
2485,kexp,2.25,6,1,0,-41.94825269095882,-40.261925271195025
2486,kexp,2.25,6,1.5,0.5,-42.910141785687046,-42.87540795462121
2487,kexp,2.25,6,1.5,0.1,-42.40362639419829,-41.83739075964259
2488,kexp,2.25,6,1.5,0.05,-42.41743715261264,-41.819846882553975
2489,kexp,2.25,6,1.5,0.01,-42.42250372685272,-41.81455899389489
2490,kexp,2.25,6,1.5,0,-42.42272182433279,-41.81434218636439
2491,kexp,2.25,8,0.5,0.5,-39.29106321980903,-38.68733250957255
2492,kexp,2.25,8,0.5,0.1,-47.45744253241,-43.20986801408449
2493,kexp,2.25,8,0.5,0.05,-48.32736420671943,-43.7064111337277
2494,kexp,2.25,8,0.5,0.01,-48.62718271122683,-43.87690443066812
2495,kexp,2.25,8,0.5,0,-48.639916210338406,-43.88413792142936
2496,kexp,2.25,8,1,0.5,-41.00950030192575,-40.75844221734197
2497,kexp,2.25,8,1,0.1,-41.90727638336703,-40.47500409183612
2498,kexp,2.25,8,1,0.05,-42.03131028087705,-40.516773404004105
2499,kexp,2.25,8,1,0.01,-42.07339980962529,-40.531368860977615
2500,kexp,2.25,8,1,0,-42.075179706681595,-40.53199038337917
2501,kexp,2.25,8,1.5,0.5,-43.21976813541642,-43.288278740161125
2502,kexp,2.25,8,1.5,0.1,-42.66343450912804,-42.23161723176533
2503,kexp,2.25,8,1.5,0.05,-42.67357539163488,-42.211626206194644
2504,kexp,2.25,8,1.5,0.01,-42.67742408811721,-42.2055161242624
2505,kexp,2.25,8,1.5,0,-42.67759097218651,-42.2052646374267
2506,kexp,2.25,10,0.5,0.5,-39.510074369086915,-38.98053438739084
2507,kexp,2.25,10,0.5,0.1,-47.35882827279971,-43.23942641565452
2508,kexp,2.25,10,0.5,0.05,-48.19334934376471,-43.70294153308261
2509,kexp,2.25,10,0.5,0.01,-48.480982767609895,-43.862030694799806
2510,kexp,2.25,10,0.5,0,-48.49319898643039,-43.868779695915094
2511,kexp,2.25,10,1,0.5,-41.18508572584084,-41.00389320535467
2512,kexp,2.25,10,1,0.1,-41.98520377842366,-40.65159202058303
2513,kexp,2.25,10,1,0.05,-42.10193164019833,-40.687228786612565
2514,kexp,2.25,10,1,0.01,-42.14158351309155,-40.699767631951495
2515,kexp,2.25,10,1,0,-42.14326075860536,-40.70030243959787
2516,kexp,2.25,10,1.5,0.5,-43.39836034773294,-43.535322373296324
2517,kexp,2.25,10,1.5,0.1,-42.80637933834288,-42.46337504291706
2518,kexp,2.25,10,1.5,0.05,-42.81409288514225,-42.44173626907391
2519,kexp,2.25,10,1.5,0.01,-42.8171383196969,-42.435074839523004
2520,kexp,2.25,10,1.5,0,-42.81727144938822,-42.43480012089043
2521,kexp,2.25,25,0.5,0.5,-39.964358678199275,-39.62062673737989
2522,kexp,2.25,25,0.5,0.1,-47.06148588642863,-43.33449618243785
2523,kexp,2.25,25,0.5,0.05,-47.8169384270737,-43.73013437597259
2524,kexp,2.25,25,0.5,0.01,-48.07751427916225,-43.86586892091914
2525,kexp,2.25,25,0.5,0,-48.088583614654304,-43.871626676541055
2526,kexp,2.25,25,1,0.5,-41.53823195430405,-41.52099111435204
2527,kexp,2.25,25,1,0.1,-42.113428905180506,-41.02939544764138
2528,kexp,2.25,25,1,0.05,-42.21421902167181,-41.05278003624309
2529,kexp,2.25,25,1,0.01,-42.24857152310493,-41.06121812303229
2530,kexp,2.25,25,1,0,-42.250025805003645,-41.06158011629219
2531,kexp,2.25,25,1.5,0.5,-43.761064975614964,-44.047260624315776
2532,kexp,2.25,25,1.5,0.1,-43.09046145618883,-42.94828674051377
2533,kexp,2.25,25,1.5,0.05,-43.093072949583146,-42.923565403428256
2534,kexp,2.25,25,1.5,0.01,-43.09443423111249,-42.91587285811323
2535,kexp,2.25,25,1.5,0,-43.09449663517953,-42.915554696275635
2536,kexp,2.5,0.2,0.5,0.5,-41.175850367154865,-40.90344773462223
2537,kexp,2.5,0.2,0.5,0.1,-127.52062392982047,-127.09616289356705
2538,kexp,2.5,0.2,0.5,0.05,-157.13810182692208,-157.05719606053646
2539,kexp,2.5,0.2,0.5,0.01,-172.1555831326278,-172.25213913884997
2540,kexp,2.5,0.2,0.5,0,-172.88276105316748,-172.98774737814605
2541,kexp,2.5,0.2,1,0.5,-40.328387408144486,-40.11857151434797
2542,kexp,2.5,0.2,1,0.1,-78.87124076130169,-78.81640776398729
2543,kexp,2.5,0.2,1,0.05,-87.82974116072484,-87.891200437484
2544,kexp,2.5,0.2,1,0.01,-91.62416385291525,-91.73345349943705
2545,kexp,2.5,0.2,1,0,-91.79575935190083,-91.90717894314376
2546,kexp,2.5,0.2,1.5,0.5,-40.20633764974232,-40.05762825846436
2547,kexp,2.5,0.2,1.5,0.1,-61.74881619261126,-61.78169463421381
2548,kexp,2.5,0.2,1.5,0.05,-65.8651969104606,-65.9558834614632
2549,kexp,2.5,0.2,1.5,0.01,-67.4858659589059,-67.5984750882416
2550,kexp,2.5,0.2,1.5,0,-67.55741555069588,-67.67097956401753
2551,kexp,2.5,0.5,0.5,0.5,-38.90103898723205,-38.34302341879546
2552,kexp,2.5,0.5,0.5,0.1,-65.51104597020158,-63.268838001039576
2553,kexp,2.5,0.5,0.5,0.05,-70.99200214231966,-68.65742875632337
2554,kexp,2.5,0.5,0.5,0.01,-73.20897187884397,-70.84933427207817
2555,kexp,2.5,0.5,0.5,0,-73.30771446890861,-70.94710079487824
2556,kexp,2.5,0.5,1,0.5,-37.95147928713203,-37.53570170039275
2557,kexp,2.5,0.5,1,0.1,-45.103852793643405,-44.14000715259256
2558,kexp,2.5,0.5,1,0.05,-46.347442534153814,-45.36659208833323
2559,kexp,2.5,0.5,1,0.01,-46.80817377932326,-45.82262832006157
2560,kexp,2.5,0.5,1,0,-46.82813760817511,-45.842405909992074
2561,kexp,2.5,0.5,1.5,0.5,-38.30320726994144,-38.02223648224292
2562,kexp,2.5,0.5,1.5,0.1,-40.19363959840068,-39.672995983215515
2563,kexp,2.5,0.5,1.5,0.05,-40.628277925631124,-40.10234107877462
2564,kexp,2.5,0.5,1.5,0.01,-40.78550540410758,-40.25812489717111
2565,kexp,2.5,0.5,1.5,0,-40.792268754543706,-40.26483104831112
2566,kexp,2.5,1,0.5,0.5,-37.540184875665645,-36.726225056442026
2567,kexp,2.5,1,0.5,0.1,-52.00989847479118,-48.0147988743825
2568,kexp,2.5,1,0.5,0.05,-54.09314705190645,-49.772026239471316
2569,kexp,2.5,1,0.5,0.01,-54.84688393119913,-50.41244895379847
2570,kexp,2.5,1,0.5,0,-54.879331838650565,-50.440073114082296
2571,kexp,2.5,1,1,0.5,-37.651493686326084,-37.054612499345836
2572,kexp,2.5,1,1,0.1,-39.8893779726898,-38.1357429835425
2573,kexp,2.5,1,1,0.05,-40.239133870608086,-38.407195629267456
2574,kexp,2.5,1,1,0.01,-40.3610843695585,-38.502975891307926
2575,kexp,2.5,1,1,0,-40.36627894437759,-38.507067838686915
2576,kexp,2.5,1,1.5,0.5,-38.78849431882954,-38.40005603224227
2577,kexp,2.5,1,1.5,0.1,-38.228910350093585,-37.272789316310515
2578,kexp,2.5,1,1.5,0.05,-38.294668362993676,-37.306490675508094
2579,kexp,2.5,1,1.5,0.01,-38.31824116283401,-37.319489908246105
2580,kexp,2.5,1,1.5,0,-38.31925141298175,-37.3200561802561
2581,kexp,2.5,1.5,0.5,0.5,-37.47715701684282,-36.55084142083215
2582,kexp,2.5,1.5,0.5,0.1,-50.79015846560603,-45.93962056713335
2583,kexp,2.5,1.5,0.5,0.05,-52.484790700505506,-47.21087070164192
2584,kexp,2.5,1.5,0.5,0.01,-53.081706714053254,-47.659677106913954
2585,kexp,2.5,1.5,0.5,0,-53.10720687837781,-47.678861240359765
2586,kexp,2.5,1.5,1,0.5,-38.25036782872736,-37.58187045058083
2587,kexp,2.5,1.5,1,0.1,-40.37532123078658,-38.26219215993988
2588,kexp,2.5,1.5,1,0.05,-40.652118628289045,-38.4367060566791
2589,kexp,2.5,1.5,1,0.01,-40.74683835953862,-38.49711615653299
2590,kexp,2.5,1.5,1,0,-40.75085289104804,-38.499683748240805
2591,kexp,2.5,1.5,1.5,0.5,-39.7525397630271,-39.33188606791958
2592,kexp,2.5,1.5,1.5,0.1,-39.35577642156868,-38.22018941831008
2593,kexp,2.5,1.5,1.5,0.05,-39.404775915599785,-38.227152194824164
2594,kexp,2.5,1.5,1.5,0.01,-39.42199096602574,-38.2304648121176
2595,kexp,2.5,1.5,1.5,0,-39.422724995310176,-38.230614684247485
2596,kexp,2.5,2,0.5,0.5,-37.67545851284573,-36.70459074894663
2597,kexp,2.5,2,0.5,0.1,-50.68007686229117,-45.448418252989285
2598,kexp,2.5,2,0.5,0.05,-52.24731360301253,-46.55514889928368
2599,kexp,2.5,2,0.5,0.01,-52.794858156280945,-46.94171266889367
2600,kexp,2.5,2,0.5,0,-52.818196624289904,-46.95818772073109
2601,kexp,2.5,2,1,0.5,-38.81028533867361,-38.124976051847916
2602,kexp,2.5,2,1,0.1,-41.027082385135444,-38.78229779058821
2603,kexp,2.5,2,1,0.05,-41.28723944580349,-38.9318858616399
2604,kexp,2.5,2,1,0.01,-41.37570896564062,-38.98327883746822
2605,kexp,2.5,2,1,0,-41.379452507716195,-38.985458898379136
2606,kexp,2.5,2,1.5,0.5,-40.50547731097985,-40.09332748055204
2607,kexp,2.5,2,1.5,0.1,-40.289415189502236,-39.11143003751527
2608,kexp,2.5,2,1.5,0.05,-40.33920196303094,-39.1160942956403
2609,kexp,2.5,2,1.5,0.01,-40.35646103697958,-39.1184327695696
2610,kexp,2.5,2,1.5,0,-40.35719456890063,-39.11853939097914
2611,kexp,2.5,2.5,0.5,0.5,-37.91555501957132,-36.93499155092366
2612,kexp,2.5,2.5,0.5,0.1,-50.60784976613366,-45.22590268063832
2613,kexp,2.5,2.5,0.5,0.05,-52.08742902498226,-46.23256455178163
2614,kexp,2.5,2.5,0.5,0.01,-52.60236456423245,-46.582379611702805
2615,kexp,2.5,2.5,0.5,0,-52.62429053164961,-46.59726801052367
2616,kexp,2.5,2.5,1,0.5,-39.257274811411,-38.5842729845698
2617,kexp,2.5,2.5,1,0.1,-41.480881080523645,-39.21433026777798
2618,kexp,2.5,2.5,1,0.05,-41.728450082776774,-39.34931585574617
2619,kexp,2.5,2.5,1,0.01,-41.812402635852905,-39.39553669543361
2620,kexp,2.5,2.5,1,0,-41.81595248768427,-39.39749566681983
2621,kexp,2.5,2.5,1.5,0.5,-41.06813033788052,-40.68672021533275
2622,kexp,2.5,2.5,1.5,0.1,-40.93709198572896,-39.78266043045363
2623,kexp,2.5,2.5,1.5,0.05,-40.98618584123328,-39.7862568319775
2624,kexp,2.5,2.5,1.5,0.01,-41.00311150100716,-39.78814182505493
2625,kexp,2.5,2.5,1.5,0,-41.00382990640709,-39.78822831897173
2626,kexp,2.5,3,0.5,0.5,-38.14382129385427,-37.17274326573977
2627,kexp,2.5,3,0.5,0.1,-50.49357756330875,-45.067668002324254
2628,kexp,2.5,3,0.5,0.05,-51.90221390794268,-45.9999506787887
2629,kexp,2.5,3,0.5,0.01,-52.391416364887554,-46.3229727186121
2630,kexp,2.5,3,0.5,0,-52.41223494738076,-46.33671017867209
2631,kexp,2.5,3,1,0.5,-39.6094199873326,-38.963851083911926
2632,kexp,2.5,3,1,0.1,-41.784733958469445,-39.544804137156895
2633,kexp,2.5,3,1,0.05,-42.02072435117973,-39.66836277344936
2634,kexp,2.5,3,1,0.01,-42.100639516019356,-39.7106087246911
2635,kexp,2.5,3,1,0,-42.10401745473305,-39.71239854915623
2636,kexp,2.5,3,1.5,0.5,-41.49642999394532,-41.15657236816183
2637,kexp,2.5,3,1.5,0.1,-41.39449981635625,-40.29131756874778
2638,kexp,2.5,3,1.5,0.05,-41.441679423270095,-40.29352101091746
2639,kexp,2.5,3,1.5,0.01,-41.4579130248538,-40.29488735366007
2640,kexp,2.5,3,1.5,0,-41.45860172389679,-40.29495143937261
2641,kexp,2.5,3.5,0.5,0.5,-38.3464036044329,-37.39551297388154
2642,kexp,2.5,3.5,0.5,0.1,-50.353896308717324,-44.933055990159325
2643,kexp,2.5,3.5,0.5,0.05,-51.70409643932385,-45.80656233994204
2644,kexp,2.5,3.5,0.5,0.01,-52.17243139576592,-46.10868120968147
2645,kexp,2.5,3.5,0.5,0,-52.19235560553737,-46.12152373525447
2646,kexp,2.5,3.5,1,0.5,-39.88854124325544,-39.27768451508126
2647,kexp,2.5,3.5,1,0.1,-41.99205605077468,-39.79876126501097
2648,kexp,2.5,3.5,1,0.05,-42.21776162596394,-39.91284562588177
2649,kexp,2.5,3.5,1,0.01,-42.294143897381836,-39.951834431453186
2650,kexp,2.5,3.5,1,0,-42.29737196498982,-39.95348605834318
2651,kexp,2.5,3.5,1.5,0.5,-41.829324613942056,-41.53524911011886
2652,kexp,2.5,3.5,1.5,0.1,-41.72872788471037,-40.686610168093495
2653,kexp,2.5,3.5,1.5,0.05,-41.77360794742659,-40.68727006242604
2654,kexp,2.5,3.5,1.5,0.01,-41.789045953067294,-40.6880895427316
2655,kexp,2.5,3.5,1.5,0,-41.789700851521616,-40.6881302660958
2656,kexp,2.5,4,0.5,0.5,-38.5219785879889,-37.59704857682062
2657,kexp,2.5,4,0.5,0.1,-50.20469656844471,-44.8116490275381
2658,kexp,2.5,4,0.5,0.05,-51.50629341956773,-45.6372108553643
2659,kexp,2.5,4,0.5,0.01,-51.957451535283504,-45.92242880169453
2660,kexp,2.5,4,0.5,0,-51.97664152557281,-45.934549399485604
2661,kexp,2.5,4,1,0.5,-40.11197026231344,-39.538674326554776
2662,kexp,2.5,4,1,0.1,-42.136126953406276,-39.996540488841
2663,kexp,2.5,4,1,0.05,-42.352857396138475,-40.10259684512969
2664,kexp,2.5,4,1,0.01,-42.42618422035425,-40.13884717805903
2665,kexp,2.5,4,1,0,-42.42928296243214,-40.14038284121571
2666,kexp,2.5,4,1.5,0.5,-42.09257473827495,-41.84484231692413
2667,kexp,2.5,4,1.5,0.1,-41.979653724934536,-41.00024330201107
2668,kexp,2.5,4,1.5,0.05,-42.02221550328704,-40.99935079645613
2669,kexp,2.5,4,1.5,0.01,-42.03686532054193,-40.99963286522895
2670,kexp,2.5,4,1.5,0,-42.03748687476727,-40.99965075518321
2671,kexp,2.5,6,0.5,0.5,-39.020843228461324,-38.21304457367464
2672,kexp,2.5,6,0.5,0.1,-49.66358030655409,-44.43563275421611
2673,kexp,2.5,6,0.5,0.05,-50.83335109947854,-45.132728228933296
2674,kexp,2.5,6,0.5,0.01,-51.23849480890685,-45.37314772252188
2675,kexp,2.5,6,0.5,0,-51.25572419592407,-45.3833600757331
2676,kexp,2.5,6,1,0.5,-40.66947411716377,-40.23888039523532
2677,kexp,2.5,6,1,0.1,-42.40218734644993,-40.46664223283525
2678,kexp,2.5,6,1,0.05,-42.59295844796958,-40.549820768603574
2679,kexp,2.5,6,1,0.01,-42.65753715476421,-40.57834080408948
2680,kexp,2.5,6,1,0,-42.66026656752956,-40.57954989712968
2681,kexp,2.5,6,1.5,0.5,-42.73677737590877,-42.65224485426773
2682,kexp,2.5,6,1.5,0.1,-42.538492980190426,-41.77692149553181
2683,kexp,2.5,6,1.5,0.05,-42.573228965089264,-41.77056490915421
2684,kexp,2.5,6,1.5,0.01,-42.58525961208104,-41.76899689967716
2685,kexp,2.5,6,1.5,0,-42.58577079144947,-41.768936604322136
2686,kexp,2.5,8,0.5,0.5,-39.3316992889454,-38.62689484288088
2687,kexp,2.5,8,0.5,0.1,-49.30534786895553,-44.231815798099035
2688,kexp,2.5,8,0.5,0.05,-50.39926056563333,-44.855366774155115
2689,kexp,2.5,8,0.5,0.01,-50.77814780175046,-45.07032289476245
2690,kexp,2.5,8,0.5,0,-50.794260869866285,-45.0794526150015
2691,kexp,2.5,8,1,0.5,-40.96197798252502,-40.64093377500917
2692,kexp,2.5,8,1,0.1,-42.48961355987954,-40.706382719892424
2693,kexp,2.5,8,1,0.05,-42.664577530279566,-40.77563437857866
2694,kexp,2.5,8,1,0.01,-42.723865173932516,-40.79947866101148
2695,kexp,2.5,8,1,0,-42.72637158850252,-40.800490543621805
2696,kexp,2.5,8,1.5,0.5,-43.061597067621555,-43.093912280488794
2697,kexp,2.5,8,1.5,0.1,-42.78760752845704,-42.17807222516792
2698,kexp,2.5,8,1.5,0.05,-42.81702767123289,-42.16781456498938
2699,kexp,2.5,8,1.5,0.01,-42.82729489705084,-42.1649418841571
2700,kexp,2.5,8,1.5,0,-42.82773192810084,-42.16482661989036
2701,kexp,2.5,10,0.5,0.5,-39.54218846432188,-38.91803059045509
2702,kexp,2.5,10,0.5,0.1,-49.083003389690504,-44.13890094328739
2703,kexp,2.5,10,0.5,0.05,-50.12921864990442,-44.716826361510684
2704,kexp,2.5,10,0.5,0.01,-50.4916440060558,-44.9160135595823
2705,kexp,2.5,10,0.5,0,-50.5070577129106,-44.92447315263334
2706,kexp,2.5,10,1,0.5,-41.1391216764661,-40.897445580905824
2707,kexp,2.5,10,1,0.1,-42.529316485790396,-40.856275439458145
2708,kexp,2.5,10,1,0.05,-42.69413630286539,-40.91666773470087
2709,kexp,2.5,10,1,0.01,-42.75003636021814,-40.93754316091813
2710,kexp,2.5,10,1,0,-42.752400086046435,-40.938429885209864
2711,kexp,2.5,10,1.5,0.5,-43.25076022466166,-43.36358560251397
2712,kexp,2.5,10,1.5,0.1,-42.92279717672795,-42.41718232523809
2713,kexp,2.5,10,1.5,0.05,-42.948684493240556,-42.404303785424574
2714,kexp,2.5,10,1.5,0.01,-42.95778305161968,-42.400557598329414
2715,kexp,2.5,10,1.5,0,-42.958170977145535,-42.40040556279809
2716,kexp,2.5,25,0.5,0.5,-40.013574063191555,-39.61207905418511
2717,kexp,2.5,25,0.5,0.1,-48.52935192301112,-44.03299614725814
2718,kexp,2.5,25,0.5,0.05,-49.46873339731671,-44.516178629939446
2719,kexp,2.5,25,0.5,0.01,-49.79452787625262,-44.682753163748906
2720,kexp,2.5,25,0.5,0,-49.80838807001141,-44.68982835080382
2721,kexp,2.5,25,1,0.5,-41.51295316205298,-41.47257558353489
2722,kexp,2.5,25,1,0.1,-42.58597716627512,-41.21357567687834
2723,kexp,2.5,25,1,0.05,-42.72860928299928,-41.25607891768151
2724,kexp,2.5,25,1,0.01,-42.77712780355768,-41.27097294915786
2725,kexp,2.5,25,1,0,-42.779180913888815,-41.271607663478854
2726,kexp,2.5,25,1.5,0.5,-43.64899968679132,-43.949811008307705
2727,kexp,2.5,25,1.5,0.1,-43.20142957951494,-42.94637602505832
2728,kexp,2.5,25,1.5,0.05,-43.21984919615019,-42.92849253616762
2729,kexp,2.5,25,1.5,0.01,-43.22648414773754,-42.92307971242868
2730,kexp,2.5,25,1.5,0,-43.22676862857051,-42.9228575344352
