model_no,k_name,l1,l2,b,meas_error,lppd_exact,lppd_LOPO
1,ksqexp,1,0.2,0.5,0.5,-56.16465221814557,-57.50646289891007
2,ksqexp,1,0.2,0.5,0.1,-684.1123540520628,-686.7986979760276
3,ksqexp,1,0.2,0.5,0.05,-2341.6189877627735,-2355.749865373346
4,ksqexp,1,0.2,0.5,0.01,-46900.95161691766,-47023.66833851888
5,ksqexp,1,0.2,0.5,0,-27086464809.642986,-27086817812.98537
6,ksqexp,1,0.2,1,0.5,-55.96141915595336,-56.946498343987976
7,ksqexp,1,0.2,1,0.1,-619.5267613435747,-622.7586546444834
8,ksqexp,1,0.2,1,0.05,-2282.543094209751,-2297.0803979444295
9,ksqexp,1,0.2,1,0.01,-42206.34737568683,-42283.516424508096
10,ksqexp,1,0.2,1,0,-13707175125.491581,-13707352030.436693
11,ksqexp,1,0.2,1.5,0.5,-56.32080328366024,-57.08678729166634
12,ksqexp,1,0.2,1.5,0.1,-595.2555518171591,-598.8225753659331
13,ksqexp,1,0.2,1.5,0.05,-2264.098616048452,-2277.9060099187145
14,ksqexp,1,0.2,1.5,0.01,-40353.835999739786,-40413.92478029329
15,ksqexp,1,0.2,1.5,0,-9175158587.660799,-9175276614.289118
16,ksqexp,1,0.5,0.5,0.5,-47.66142628038807,-48.40894425082433
17,ksqexp,1,0.5,0.5,0.1,-447.834809984494,-447.2587335688197
18,ksqexp,1,0.5,0.5,0.05,-1602.3246842463122,-1600.2852203069613
19,ksqexp,1,0.5,0.5,0.01,-25431.42749889626,-25763.52979478006
20,ksqexp,1,0.5,0.5,0,-2978032.2859499557,-2981057.0687337695
21,ksqexp,1,0.5,1,0.5,-47.47193932980616,-47.8989802611408
22,ksqexp,1,0.5,1,0.1,-425.31553984484776,-424.9251422039586
23,ksqexp,1,0.5,1,0.05,-1537.7212921995883,-1539.9461711466474
24,ksqexp,1,0.5,1,0.01,-19222.751693676502,-19476.165465963786
25,ksqexp,1,0.5,1,0,-1489008.178038851,-1490520.893786912
26,ksqexp,1,0.5,1.5,0.5,-48.091711346912874,-48.452662663930475
27,ksqexp,1,0.5,1.5,0.1,-415.3853857254078,-415.1475297044273
28,ksqexp,1,0.5,1.5,0.05,-1501.7011027568649,-1507.399053794356
29,ksqexp,1,0.5,1.5,0.01,-16050.399020387677,-16250.453748172242
30,ksqexp,1,0.5,1.5,0,-992668.548330586,-993677.2409573749
31,ksqexp,1,1,0.5,0.5,-45.91500537920215,-47.169539797786385
32,ksqexp,1,1,0.5,0.1,-275.1491359626082,-280.8694321091311
33,ksqexp,1,1,0.5,0.05,-598.150234505182,-611.1510602553908
34,ksqexp,1,1,0.5,0.01,-3904.1734275834033,-3928.708734514456
35,ksqexp,1,1,0.5,0,-6888.752525950012,-6913.899786178571
36,ksqexp,1,1,1,0.5,-46.65654962259076,-47.75117140810115
37,ksqexp,1,1,1,0.1,-215.2356478254551,-220.29841291303282
38,ksqexp,1,1,1,0.05,-448.27449446321447,-457.0944670564057
39,ksqexp,1,1,1,0.01,-2490.8691899565224,-2503.9644596267012
40,ksqexp,1,1,1,0,-3449.611334258714,-3462.7051505997397
41,ksqexp,1,1,1.5,0.5,-47.89007588615116,-48.95350445816481
42,ksqexp,1,1,1.5,0.1,-185.51019927296403,-189.98966423192246
43,ksqexp,1,1,1.5,0.05,-388.37886567087935,-395.21404374593556
44,ksqexp,1,1,1.5,0.01,-1835.484193564763,-1844.6036831734796
45,ksqexp,1,1,1.5,0,-2306.021587847198,-2315.0975895610354
46,ksqexp,1,1.5,0.5,0.5,-43.665335767688575,-45.188143797659365
47,ksqexp,1,1.5,0.5,0.1,-133.7679328993276,-139.66481844809906
48,ksqexp,1,1.5,0.5,0.05,-236.06836556794588,-243.82790792823988
49,ksqexp,1,1.5,0.5,0.01,-395.22044417038484,-403.43011058982603
50,ksqexp,1,1.5,0.5,0,-408.6984578235413,-416.86088281024973
51,ksqexp,1,1.5,1,0.5,-43.985601109716356,-45.42283977667691
52,ksqexp,1,1.5,1,0.1,-102.50008938301308,-106.60856058047784
53,ksqexp,1,1.5,1,0.05,-158.2898326313596,-163.00670189717576
54,ksqexp,1,1.5,1,0.01,-212.30811556943524,-217.04525659809798
55,ksqexp,1,1.5,1,0,-215.72331580397002,-220.4480627824322
56,ksqexp,1,1.5,1.5,0.5,-45.09602374441098,-46.52117387941074
57,ksqexp,1,1.5,1.5,0.1,-89.87248385960247,-93.2011539862109
58,ksqexp,1,1.5,1.5,0.05,-125.59292817745934,-129.1950667086834
59,ksqexp,1,1.5,1.5,0.01,-152.67061040471867,-156.2549557542807
60,ksqexp,1,1.5,1.5,0,-154.1889252151682,-157.767779524278
61,ksqexp,1,2,0.5,0.5,-41.432722537456705,-43.07381785514525
62,ksqexp,1,2,0.5,0.1,-74.39948897667401,-78.70540635887974
63,ksqexp,1,2,0.5,0.05,-88.20150003646856,-92.70986346485013
64,ksqexp,1,2,0.5,0.01,-95.61553338532194,-100.06246805821742
65,ksqexp,1,2,0.5,0,-95.97895920056155,-100.42007304857147
66,ksqexp,1,2,1,0.5,-41.78178778395233,-43.33539994298439
67,ksqexp,1,2,1,0.1,-56.115659780227325,-59.10242615175338
68,ksqexp,1,2,1,0.05,-60.47420314054234,-63.49435262429973
69,ksqexp,1,2,1,0.01,-62.373647836378126,-65.37874128109257
70,ksqexp,1,2,1,0,-62.46005101090974,-65.4640680327328
71,ksqexp,1,2,1.5,0.5,-43.1763672210032,-44.714719461181396
72,ksqexp,1,2,1.5,0.1,-51.177318397488165,-53.69133535191802
73,ksqexp,1,2,1.5,0.05,-53.22169831042197,-55.75104138720205
74,ksqexp,1,2,1.5,0.01,-54.04141292580289,-56.56670132523405
75,ksqexp,1,2,1.5,0,-54.07773838067554,-56.6027231271114
76,ksqexp,1,2.5,0.5,0.5,-40.03297584866119,-41.71698461706935
77,ksqexp,1,2.5,0.5,0.1,-50.2810618190627,-53.44194609235919
78,ksqexp,1,2.5,0.5,0.05,-52.36882528209078,-55.55527788546613
79,ksqexp,1,2.5,0.5,0.01,-53.206154277921414,-56.38121808961488
80,ksqexp,1,2.5,0.5,0,-53.243346968254556,-56.41761606305439
81,ksqexp,1,2.5,1,0.5,-40.58695610545399,-42.175698489210724
82,ksqexp,1,2.5,1,0.1,-42.12198208413092,-44.60631912630616
83,ksqexp,1,2.5,1,0.05,-42.53852227570602,-45.05063813446308
84,ksqexp,1,2.5,1,0.01,-42.69406935139706,-45.212583384550896
85,ksqexp,1,2.5,1,0,-42.700820737330815,-45.21956720763785
86,ksqexp,1,2.5,1.5,0.5,-42.279645312003915,-43.86446992556059
87,ksqexp,1,2.5,1.5,0.1,-41.81748744568277,-44.08551231336496
88,ksqexp,1,2.5,1.5,0.05,-41.93242729604712,-44.22508905228373
89,ksqexp,1,2.5,1.5,0.01,-41.97543738519382,-44.27538076772481
90,ksqexp,1,2.5,1.5,0,-41.977302093714336,-44.2775410225266
91,ksqexp,1,3,0.5,0.5,-39.23537469441872,-40.93551011714326
92,ksqexp,1,3,0.5,0.1,-42.578474908523,-45.26063489809899
93,ksqexp,1,3,0.5,0.05,-43.09199860764354,-45.796579020076976
94,ksqexp,1,3,0.5,0.01,-43.27887850131631,-45.98754594991175
95,ksqexp,1,3,0.5,0,-43.28694398612809,-45.99573679949509
96,ksqexp,1,3,1,0.5,-40.0181695296785,-41.626637728240055
97,ksqexp,1,3,1,0.1,-38.554750153676615,-40.90662664902191
98,ksqexp,1,3,1,0.05,-38.54861812784729,-40.93598574470179
99,ksqexp,1,3,1,0.01,-38.548436823225785,-40.9472526131088
100,ksqexp,1,3,1,0,-38.54845006773401,-40.94774336120806
101,ksqexp,1,3,1.5,0.5,-41.958300169349386,-43.58352953866745
102,ksqexp,1,3,1.5,0.1,-39.84874602568276,-42.10461254654743
103,ksqexp,1,3,1.5,0.05,-39.78177702675301,-42.067685886216765
104,ksqexp,1,3,1.5,0.01,-39.76049386348097,-42.05620998298201
105,ksqexp,1,3,1.5,0,-39.75960886166235,-42.055735648507266
106,ksqexp,1,3.5,0.5,0.5,-38.868270928888265,-40.58547979904828
107,ksqexp,1,3.5,0.5,0.1,-40.0907302943826,-42.609377325162136
108,ksqexp,1,3.5,0.5,0.05,-40.28686382055118,-42.830094917932115
109,ksqexp,1,3.5,0.5,0.01,-40.35411920429597,-42.9053579336049
110,ksqexp,1,3.5,0.5,0,-40.35697124337838,-42.90854534986784
111,ksqexp,1,3.5,1,0.5,-39.83278290241769,-41.46829591866411
112,ksqexp,1,3.5,1,0.1,-37.62263332028244,-39.965508995076995
113,ksqexp,1,3.5,1,0.05,-37.543068586920825,-39.92388537272389
114,ksqexp,1,3.5,1,0.01,-37.517178371609965,-39.91064482775851
115,ksqexp,1,3.5,1,0,-37.51609471466188,-39.91009392526836
116,ksqexp,1,3.5,1.5,0.5,-41.93001808154686,-43.600345542848906
117,ksqexp,1,3.5,1.5,0.1,-39.48598960593594,-41.78510392023117
118,ksqexp,1,3.5,1.5,0.05,-39.391686671116545,-41.72233167467762
119,ksqexp,1,3.5,1.5,0.01,-39.36107299091229,-41.70211087768278
120,ksqexp,1,3.5,1.5,0,-39.35979263848947,-41.70126688380326
121,ksqexp,1,4,0.5,0.5,-38.746551939539835,-40.48604713473046
122,ksqexp,1,4,0.5,0.1,-39.33044327724934,-41.80340807202957
123,ksqexp,1,4,0.5,0.05,-39.450996189981936,-41.94667789814892
124,ksqexp,1,4,0.5,0.01,-39.4909282806645,-41.994592282763335
125,ksqexp,1,4,0.5,0,-39.49260358168138,-41.99660992536348
126,ksqexp,1,4,1,0.5,-39.82283967000953,-41.4889160952459
127,ksqexp,1,4,1,0.1,-37.444113618867796,-39.808450139775594
128,ksqexp,1,4,1,0.05,-37.35084786556985,-39.75303807924614
129,ksqexp,1,4,1,0.01,-37.32027646091368,-39.73513486775201
130,ksqexp,1,4,1,0,-37.31899438466085,-39.7343868943846
131,ksqexp,1,4,1.5,0.5,-42.00352513853627,-43.715360277674314
132,ksqexp,1,4,1.5,0.1,-39.51565489296173,-41.85912034780493
133,ksqexp,1,4,1.5,0.05,-39.41813416186091,-41.793150144004095
134,ksqexp,1,4,1.5,0.01,-39.386440651656585,-41.77185845185359
135,ksqexp,1,4,1.5,0,-39.38511475238884,-41.77096931746142
136,ksqexp,1,6,0.5,0.5,-38.834670069109336,-40.63896672893612
137,ksqexp,1,6,0.5,0.1,-39.443854680204815,-41.880247531517206
138,ksqexp,1,6,0.5,0.05,-39.58359083818353,-42.02013298113393
139,ksqexp,1,6,0.5,0.01,-39.63135200924648,-42.067404228531956
140,ksqexp,1,6,0.5,0,-39.633374704876516,-42.06940103120004
141,ksqexp,1,6,1,0.5,-40.02012681019183,-41.75529319953783
142,ksqexp,1,6,1,0.1,-37.76730424225634,-40.165604539427115
143,ksqexp,1,6,1,0.05,-37.68617365593304,-40.116258209670214
144,ksqexp,1,6,1,0.01,-37.659839893839454,-40.10044008619781
145,ksqexp,1,6,1,0,-37.658738446208154,-40.09978064814752
146,ksqexp,1,6,1.5,0.5,-42.27080770680564,-44.05948331972631
147,ksqexp,1,6,1.5,0.1,-39.91014231814135,-42.31423584299936
148,ksqexp,1,6,1.5,0.05,-39.821192713379304,-42.254070953806284
149,ksqexp,1,6,1.5,0.01,-39.79238708311874,-42.2347054067129
150,ksqexp,1,6,1.5,0,-39.79118312672023,-42.233897287200236
151,ksqexp,1,8,0.5,0.5,-38.88762851774279,-40.703934807336125
152,ksqexp,1,8,0.5,0.1,-39.63351552626715,-42.04369905311298
153,ksqexp,1,8,0.5,0.05,-39.79389295826141,-42.19466136594376
154,ksqexp,1,8,0.5,0.01,-39.849323181893325,-42.245943764982755
155,ksqexp,1,8,0.5,0,-39.851678401663705,-42.248113333123946
156,ksqexp,1,8,1,0.5,-40.07798970402433,-41.822751000007855
157,ksqexp,1,8,1,0.1,-37.89504228028973,-40.283752262910795
158,ksqexp,1,8,1,0.05,-37.82008097920879,-40.23796340815718
159,ksqexp,1,8,1,0.01,-37.795874395375364,-40.22335247873001
160,ksqexp,1,8,1,0,-37.79486331758992,-40.222744116511784
161,ksqexp,1,8,1.5,0.5,-42.33040116738563,-44.127913261590116
162,ksqexp,1,8,1.5,0.1,-40.014744850464204,-42.416091902192306
163,ksqexp,1,8,1.5,0.05,-39.928853601562444,-42.35780253253101
164,ksqexp,1,8,1.5,0.01,-39.90107565005391,-42.33905973392429
165,ksqexp,1,8,1.5,0,-39.89991505629985,-42.338277811044456
166,ksqexp,1,10,0.5,0.5,-38.89531044179804,-40.71269813594079
167,ksqexp,1,10,0.5,0.1,-39.65942176268553,-42.06607983083992
168,ksqexp,1,10,0.5,0.05,-39.822242247759405,-42.21841727951188
169,ksqexp,1,10,0.5,0.01,-39.87856971439779,-42.27019044644911
170,ksqexp,1,10,0.5,0,-39.88096372222687,-42.27238107092331
171,ksqexp,1,10,1,0.5,-40.08632164461769,-41.83169845363525
172,ksqexp,1,10,1,0.1,-37.91281649324461,-40.29961914737536
173,ksqexp,1,10,1,0.05,-37.838608476093214,-40.25428023165044
174,ksqexp,1,10,1,0.01,-37.81465961462952,-40.23982083807497
175,ksqexp,1,10,1,0,-37.81365946394203,-40.239218874622566
176,ksqexp,1,10,1.5,0.5,-42.33899882144723,-44.13690634390148
177,ksqexp,1,10,1.5,0.1,-40.02952710244296,-42.42964481257329
178,ksqexp,1,10,1.5,0.05,-39.94401974818168,-42.371596606268945
179,ksqexp,1,10,1.5,0.01,-39.91637000384885,-42.35293348478096
180,ksqexp,1,10,1.5,0,-39.91521481124823,-42.35215490925903
181,ksqexp,1,25,0.5,0.5,-38.903986504548385,-40.72304964281861
182,ksqexp,1,25,0.5,0.1,-39.676535117138506,-42.086988100893414
183,ksqexp,1,25,0.5,0.05,-39.83987234725884,-42.239932454876346
184,ksqexp,1,25,0.5,0.01,-39.89637224640525,-42.29190650979271
185,ksqexp,1,25,0.5,0,-39.89877351725403,-42.29410557731364
186,ksqexp,1,25,1,0.5,-40.095140718723535,-41.84156356388971
187,ksqexp,1,25,1,0.1,-37.927117312642615,-40.315129929520424
188,ksqexp,1,25,1,0.05,-37.85318498081705,-40.27005822277095
189,ksqexp,1,25,1,0.01,-37.8293265513957,-40.25568613085235
190,ksqexp,1,25,1,0,-37.82833019261993,-40.255087824266035
191,ksqexp,1,25,1.5,0.5,-42.348170002675765,-44.14662455709385
192,ksqexp,1,25,1.5,0.1,-40.04289951714739,-42.44333408997863
193,ksqexp,1,25,1.5,0.05,-39.957580301087745,-42.38545610250837
194,ksqexp,1,25,1.5,0.01,-39.92999181344088,-42.366848269731506
195,ksqexp,1,25,1.5,0,-39.92883918447638,-42.366072006653546
196,ksqexp,1.25,0.2,0.5,0.5,-55.779405744487114,-57.814638843925984
197,ksqexp,1.25,0.2,0.5,0.1,-796.9723024120108,-801.9961873462285
198,ksqexp,1.25,0.2,0.5,0.05,-2627.663598636518,-2645.8395332193513
199,ksqexp,1.25,0.2,0.5,0.01,-55613.235924824345,-55967.62454045155
200,ksqexp,1.25,0.2,0.5,0,-211494329414.43512,-211498337323.50125
201,ksqexp,1.25,0.2,1,0.5,-55.05821646598409,-56.79281219727394
202,ksqexp,1.25,0.2,1,0.1,-721.6302801913232,-726.0086721737599
203,ksqexp,1.25,0.2,1,0.05,-2438.3443577948033,-2459.6450378553
204,ksqexp,1.25,0.2,1,0.01,-51090.31160391442,-51321.30420681888
205,ksqexp,1.25,0.2,1,0,-116467507262.54579,-116469539614.91852
206,ksqexp,1.25,0.2,1.5,0.5,-55.2636425701525,-56.739888806583856
207,ksqexp,1.25,0.2,1.5,0.1,-678.0429727215227,-682.6510259663793
208,ksqexp,1.25,0.2,1.5,0.05,-2382.7206430211913,-2405.4045858730433
209,ksqexp,1.25,0.2,1.5,0.01,-47841.9971737467,-48015.45741669945
210,ksqexp,1.25,0.2,1.5,0,-80357152199.93913,-80358513499.06845
211,ksqexp,1.25,0.5,0.5,0.5,-48.8127405638578,-49.82715421713037
212,ksqexp,1.25,0.5,0.5,0.1,-519.7376723625296,-522.4909568391785
213,ksqexp,1.25,0.5,0.5,0.05,-1790.036748646728,-1807.340112471152
214,ksqexp,1.25,0.5,0.5,0.01,-38090.20200838061,-38673.74405723282
215,ksqexp,1.25,0.5,0.5,0,-26980585.666112352,-27036915.397939745
216,ksqexp,1.25,0.5,1,0.5,-48.76201963079,-49.28690123263976
217,ksqexp,1.25,0.5,1,0.1,-482.0800718750258,-487.53248690049105
218,ksqexp,1.25,0.5,1,0.05,-1678.6690971288558,-1690.6228359637125
219,ksqexp,1.25,0.5,1,0.01,-35145.92403458166,-35797.67346138243
220,ksqexp,1.25,0.5,1,0,-13490455.116521053,-13518620.710498022
221,ksqexp,1.25,0.5,1.5,0.5,-49.11958459656553,-49.50297347959403
222,ksqexp,1.25,0.5,1.5,0.1,-462.60943059928337,-468.07934057184934
223,ksqexp,1.25,0.5,1.5,0.05,-1635.2259742857032,-1645.3711887313355
224,ksqexp,1.25,0.5,1.5,0.01,-32332.357847893432,-32962.94873772713
225,ksqexp,1.25,0.5,1.5,0,-8993666.930410601,-9012444.36914119
226,ksqexp,1.25,1,0.5,0.5,-45.999435768978536,-47.226099807656475
227,ksqexp,1.25,1,0.5,0.1,-367.35668227423844,-372.85848012179906
228,ksqexp,1.25,1,0.5,0.05,-963.4213658360711,-991.7038492943681
229,ksqexp,1.25,1,0.5,0.01,-7255.235697220079,-7364.020368180897
230,ksqexp,1.25,1,0.5,0,-39755.182013675774,-39913.16916163592
231,ksqexp,1.25,1,1,0.5,-46.786559522804595,-47.80361237030972
232,ksqexp,1.25,1,1,0.1,-310.4074400354158,-317.9379569772783
233,ksqexp,1.25,1,1,0.05,-723.9671171559423,-749.16681108448
234,ksqexp,1.25,1,1,0.01,-5982.445854269732,-6043.463579210902
235,ksqexp,1.25,1,1,0,-19876.214484572996,-19956.06941875013
236,ksqexp,1.25,1,1.5,0.5,-47.798375069958176,-48.84010261183157
237,ksqexp,1.25,1,1.5,0.1,-276.59487537856967,-284.7988830081676
238,ksqexp,1.25,1,1.5,0.05,-606.616759850567,-628.1281202190495
239,ksqexp,1.25,1,1.5,0.01,-5178.901878534396,-5222.313868261185
240,ksqexp,1.25,1,1.5,0,-13252.682424569595,-13306.493287266743
241,ksqexp,1.25,1.5,0.5,0.5,-44.90639203723555,-46.576923132239415
242,ksqexp,1.25,1.5,0.5,0.1,-193.16563381837238,-204.01397198169676
243,ksqexp,1.25,1.5,0.5,0.05,-398.32804941384427,-417.8455825673695
244,ksqexp,1.25,1.5,0.5,0.01,-1522.4179215630188,-1549.8057130816692
245,ksqexp,1.25,1.5,0.5,0,-1816.496306788548,-1842.62403608795
246,ksqexp,1.25,1.5,1,0.5,-45.14818598216537,-46.77991412826101
247,ksqexp,1.25,1.5,1,0.1,-146.11084920605236,-154.72155556920964
248,ksqexp,1.25,1.5,1,0.05,-302.3985896751112,-315.1383557004883
249,ksqexp,1.25,1.5,1,0.01,-834.0948217514317,-848.6391699928394
250,ksqexp,1.25,1.5,1,0,-914.3609351287282,-928.5035318165511
251,ksqexp,1.25,1.5,1.5,0.5,-45.82518743941596,-47.549432841554086
252,ksqexp,1.25,1.5,1.5,0.1,-127.41623322269147,-134.7132775383665
253,ksqexp,1.25,1.5,1.5,0.05,-257.83726693825474,-267.64429557290623
254,ksqexp,1.25,1.5,1.5,0.01,-579.6720546813317,-590.0131986525031
255,ksqexp,1.25,1.5,1.5,0,-616.4398009482959,-626.5873534345726
256,ksqexp,1.25,2,0.5,0.5,-42.47013419324408,-44.324799592444
257,ksqexp,1.25,2,0.5,0.1,-116.52177249402779,-124.38896421171626
258,ksqexp,1.25,2,0.5,0.05,-187.71091805093656,-198.73521883658944
259,ksqexp,1.25,2,0.5,0.01,-272.95414548929614,-284.03369003518685
260,ksqexp,1.25,2,0.5,0,-279.1206138235875,-290.0741314903882
261,ksqexp,1.25,2,1,0.5,-42.34632996549501,-44.193269943420255
262,ksqexp,1.25,2,1,0.1,-86.55551569463636,-92.62511756342013
263,ksqexp,1.25,2,1,0.05,-121.09984652634105,-128.08336909191527
264,ksqexp,1.25,2,1,0.01,-148.16582113016722,-154.9528407191938
265,ksqexp,1.25,2,1,0,-149.71232579714,-156.4678483690222
266,ksqexp,1.25,2,1.5,0.5,-43.1030829185154,-45.040881562163555
267,ksqexp,1.25,2,1.5,0.1,-74.90974618705631,-80.05683565136809
268,ksqexp,1.25,2,1.5,0.05,-95.56441714216537,-101.06871171654457
269,ksqexp,1.25,2,1.5,0.01,-108.68397280939148,-114.0537315634805
270,ksqexp,1.25,2,1.5,0,-109.36688654793339,-114.72307742166925
271,ksqexp,1.25,2.5,0.5,0.5,-40.65048178897317,-42.559859884826814
272,ksqexp,1.25,2.5,0.5,0.1,-74.42961513075288,-79.48158262836714
273,ksqexp,1.25,2.5,0.5,0.05,-88.32763371227527,-94.08995974650315
274,ksqexp,1.25,2.5,0.5,0.01,-96.40146333576071,-102.09286852276891
275,ksqexp,1.25,2.5,0.5,0,-96.814049416321,-102.49147607055117
276,ksqexp,1.25,2.5,1,0.5,-40.70284067757845,-42.58658938510614
277,ksqexp,1.25,2.5,1,0.1,-54.29877253521731,-58.47728191079537
278,ksqexp,1.25,2.5,1,0.05,-58.72867688486956,-63.09470947955768
279,ksqexp,1.25,2.5,1,0.01,-60.796672207609,-65.15139660074941
280,ksqexp,1.25,2.5,1,0,-60.89316895755872,-65.2458766566929
281,ksqexp,1.25,2.5,1.5,0.5,-41.78090591274563,-43.75835397806501
282,ksqexp,1.25,2.5,1.5,0.1,-48.720416149231795,-52.527211495939035
283,ksqexp,1.25,2.5,1.5,0.05,-50.78969797222039,-54.695231104425154
284,ksqexp,1.25,2.5,1.5,0.01,-51.67041108129256,-55.58176072732003
285,ksqexp,1.25,2.5,1.5,0,-51.71019890422137,-55.621333618346696
286,ksqexp,1.25,3,0.5,0.5,-39.47279011350056,-41.37921326471685
287,ksqexp,1.25,3,0.5,0.1,-54.19493044812571,-57.107967441748045
288,ksqexp,1.25,3,0.5,0.05,-57.258794261548566,-60.31402056185761
289,ksqexp,1.25,3,0.5,0.01,-58.588623509893054,-61.64409533159997
290,ksqexp,1.25,3,0.5,0,-58.649920186317395,-61.704155258313975
291,ksqexp,1.25,3,1,0.5,-39.75270736553772,-41.62216882654853
292,ksqexp,1.25,3,1,0.1,-42.34067404353623,-45.45372356729666
293,ksqexp,1.25,3,1,0.05,-42.93176172847868,-46.162430668797235
294,ksqexp,1.25,3,1,0.01,-43.16736676289622,-46.43105747082384
295,ksqexp,1.25,3,1,0,-43.17783541819194,-46.44279725917178
296,ksqexp,1.25,3,1.5,0.5,-41.09089089301283,-43.074675920300294
297,ksqexp,1.25,3,1.5,0.1,-40.6154854028867,-43.82220088242097
298,ksqexp,1.25,3,1.5,0.05,-40.75280480419722,-44.05598027655982
299,ksqexp,1.25,3,1.5,0.01,-40.80864767125743,-44.142581168783245
300,ksqexp,1.25,3,1.5,0,-40.8111305954709,-44.146334692787015
301,ksqexp,1.25,3.5,0.5,0.5,-38.71984624055418,-40.60706700520021
302,ksqexp,1.25,3.5,0.5,0.1,-46.10239927295082,-47.87884308970233
303,ksqexp,1.25,3.5,0.5,0.05,-47.067506069970264,-48.86039829871064
304,ksqexp,1.25,3.5,0.5,0.01,-47.405042600947056,-49.21076762895889
305,ksqexp,1.25,3.5,0.5,0,-47.41948529170663,-49.22580775897688
306,ksqexp,1.25,3.5,1,0.5,-39.215643240690774,-41.06924940711493
307,ksqexp,1.25,3.5,1,0.1,-38.40225896297695,-41.06252296057656
308,ksqexp,1.25,3.5,1,0.05,-38.38217205337186,-41.14861636252012
309,ksqexp,1.25,3.5,1,0.01,-38.371968156459424,-41.1778466688846
310,ksqexp,1.25,3.5,1,0,-38.37149504184345,-41.179081371821816
311,ksqexp,1.25,3.5,1.5,0.5,-40.7724981141942,-42.770335860941714
312,ksqexp,1.25,3.5,1.5,0.1,-38.33299792411266,-41.342611085195614
313,ksqexp,1.25,3.5,1.5,0.05,-38.195783170386846,-41.301698066745914
314,ksqexp,1.25,3.5,1.5,0.01,-38.14818216529003,-41.288070794658594
315,ksqexp,1.25,3.5,1.5,0,-38.14615505859908,-41.287496009486425
316,ksqexp,1.25,4,0.5,0.5,-38.29436690633919,-40.17074324628528
317,ksqexp,1.25,4,0.5,0.1,-42.90924581471289,-44.14749661776132
318,ksqexp,1.25,4,0.5,0.05,-43.36688669254706,-44.57430774489962
319,ksqexp,1.25,4,0.5,0.01,-43.49384309198044,-44.70876797755449
320,ksqexp,1.25,4,0.5,0,-43.49876448183838,-44.71427688937072
321,ksqexp,1.25,4,1,0.5,-38.977307563577085,-40.83322989633409
322,ksqexp,1.25,4,1,0.1,-37.10285229634099,-39.5885234756278
323,ksqexp,1.25,4,1,0.05,-36.959111518264535,-39.541693399833925
324,ksqexp,1.25,4,1,0.01,-36.90323957189763,-39.523548328277506
325,ksqexp,1.25,4,1,0,-36.90078409591424,-39.522749727063456
326,ksqexp,1.25,4,1.5,0.5,-40.69601872583025,-42.724559782711886
327,ksqexp,1.25,4,1.5,0.1,-37.742777329191036,-40.70735743389522
328,ksqexp,1.25,4,1.5,0.05,-37.55887458892752,-40.615431450892096
329,ksqexp,1.25,4,1.5,0.01,-37.494843863461696,-40.58421959103082
330,ksqexp,1.25,4,1.5,0,-37.49211406732863,-40.5828974396895
331,ksqexp,1.25,6,0.5,0.5,-38.05699170055702,-39.9865530503608
332,ksqexp,1.25,6,0.5,0.1,-41.46802315645951,-42.14174506622031
333,ksqexp,1.25,6,0.5,0.05,-41.9048350504772,-42.40024316592273
334,ksqexp,1.25,6,0.5,0.01,-42.045238992080826,-42.48440519973615
335,ksqexp,1.25,6,0.5,0,-42.051052393918305,-42.48790545103977
336,ksqexp,1.25,6,1,0.5,-39.05583220366924,-40.99612831095933
337,ksqexp,1.25,6,1,0.1,-37.030735248839804,-39.35730419554246
338,ksqexp,1.25,6,1,0.05,-36.92211585064903,-39.2964786572275
339,ksqexp,1.25,6,1,0.01,-36.88264943239792,-39.27552674443472
340,ksqexp,1.25,6,1,0,-36.880945964700075,-39.27463462328014
341,ksqexp,1.25,6,1.5,0.5,-40.995062935396966,-43.150995188881055
342,ksqexp,1.25,6,1.5,0.1,-38.15189767743362,-41.10834377484983
343,ksqexp,1.25,6,1.5,0.05,-38.001440290581975,-41.023487392815696
344,ksqexp,1.25,6,1.5,0.01,-37.950394628005185,-40.99538322390968
345,ksqexp,1.25,6,1.5,0,-37.94823392168442,-40.99420111409278
346,ksqexp,1.25,8,0.5,0.5,-38.17667084428621,-40.147437938012565
347,ksqexp,1.25,8,0.5,0.1,-42.09078420689736,-42.5842180752564
348,ksqexp,1.25,8,0.5,0.05,-42.69918023039175,-42.915526381279946
349,ksqexp,1.25,8,0.5,0.01,-42.9184226575608,-43.0322331863404
350,ksqexp,1.25,8,0.5,0,-42.927879437816756,-43.03722640964607
351,ksqexp,1.25,8,1,0.5,-39.217323591045734,-41.194613600720466
352,ksqexp,1.25,8,1,0.1,-37.51270955388067,-39.74725294654252
353,ksqexp,1.25,8,1,0.05,-37.46226932400055,-39.71253364132449
354,ksqexp,1.25,8,1,0.01,-37.44536944664407,-39.70147148015062
355,ksqexp,1.25,8,1,0,-37.444656559561004,-39.7010108488832
356,ksqexp,1.25,8,1.5,0.5,-41.179498862593086,-43.37246339905641
357,ksqexp,1.25,8,1.5,0.1,-38.569516978315804,-41.474261005295006
358,ksqexp,1.25,8,1.5,0.05,-38.44928692988371,-41.40359642235868
359,ksqexp,1.25,8,1.5,0.01,-38.40925792217507,-41.380560416015875
360,ksqexp,1.25,8,1.5,0,-38.40757236686247,-41.379595762026675
361,ksqexp,1.25,10,0.5,0.5,-38.217049363283394,-40.19708019617355
362,ksqexp,1.25,10,0.5,0.1,-42.31128583446183,-42.74376854502513
363,ksqexp,1.25,10,0.5,0.05,-42.97370536767972,-43.098874201133555
364,ksqexp,1.25,10,0.5,0.01,-43.21731584028064,-43.22583639218778
365,ksqexp,1.25,10,0.5,0,-43.2278934598817,-43.23129552241875
366,ksqexp,1.25,10,1,0.5,-39.26559886260842,-41.24881634743328
367,ksqexp,1.25,10,1,0.1,-37.66668253213395,-39.86446591137561
368,ksqexp,1.25,10,1,0.05,-37.63377741924704,-39.837612090731206
369,ksqexp,1.25,10,1,0.01,-37.623611692622276,-39.82948541509328
370,ksqexp,1.25,10,1,0,-37.62319365285457,-39.82915235147879
371,ksqexp,1.25,10,1.5,0.5,-41.23190460838031,-43.42923664624883
372,ksqexp,1.25,10,1.5,0.1,-38.695413842829105,-41.57486472943188
373,ksqexp,1.25,10,1.5,0.05,-38.58400314168806,-41.50826230473629
374,ksqexp,1.25,10,1.5,0.01,-38.54716532412301,-41.48666448268463
375,ksqexp,1.25,10,1.5,0,-38.54561715056438,-41.485761394562765
376,ksqexp,1.25,25,0.5,0.5,-38.25107566596026,-40.23619300207089
377,ksqexp,1.25,25,0.5,0.1,-42.42264469423035,-42.845502837489875
378,ksqexp,1.25,25,0.5,0.05,-43.09744313644892,-43.20753402409744
379,ksqexp,1.25,25,0.5,0.01,-43.346130657105505,-43.33713228042625
380,ksqexp,1.25,25,0.5,0,-43.356936027111345,-43.342707098817264
381,ksqexp,1.25,25,1,0.5,-39.31084797644882,-41.2954752569293
382,ksqexp,1.25,25,1,0.1,-37.76812765615486,-39.95336328770031
383,ksqexp,1.25,25,1,0.05,-37.74027483743445,-39.92950651196945
384,ksqexp,1.25,25,1,0.01,-37.731916049255,-39.922414670650234
385,ksqexp,1.25,25,1,0,-37.73157565560126,-39.92212563873505
386,ksqexp,1.25,25,1.5,0.5,-41.28503986694972,-43.481025897712705
387,ksqexp,1.25,25,1.5,0.1,-38.79282509033559,-41.65918280294124
388,ksqexp,1.25,25,1.5,0.05,-38.68442473395154,-41.594440218274876
389,ksqexp,1.25,25,1.5,0.01,-38.64861678230567,-41.57346539607217
390,ksqexp,1.25,25,1.5,0,-38.647112298483265,-41.572588585438204
391,ksqexp,1.5,0.2,0.5,0.5,-55.51282105593498,-58.09905151572654
392,ksqexp,1.5,0.2,0.5,0.1,-868.1278341474448,-879.1484122529239
393,ksqexp,1.5,0.2,0.5,0.05,-3034.7383816002243,-3049.9995083556046
394,ksqexp,1.5,0.2,0.5,0.01,-59721.05601665649,-60451.84996981764
395,ksqexp,1.5,0.2,0.5,0,-671391715679.8947,-671411146419.5295
396,ksqexp,1.5,0.2,1,0.5,-54.0521531579501,-56.485411974966254
397,ksqexp,1.5,0.2,1,0.1,-821.2966455997213,-827.1796696013197
398,ksqexp,1.5,0.2,1,0.05,-2728.782823597845,-2747.77108873394
399,ksqexp,1.5,0.2,1,0.01,-57677.67601866037,-58235.124605812896
400,ksqexp,1.5,0.2,1,0,-474366226242.9535,-474376529669.945
401,ksqexp,1.5,0.2,1.5,0.5,-53.81815528141813,-56.03281331888017
402,ksqexp,1.5,0.2,1.5,0.1,-780.6938248943159,-785.2849573339804
403,ksqexp,1.5,0.2,1.5,0.05,-2592.32007493724,-2615.4291180426753
404,ksqexp,1.5,0.2,1.5,0.01,-55567.465087702745,-56003.126612842825
405,ksqexp,1.5,0.2,1.5,0,-366457289516.858,-366464297270.57886
406,ksqexp,1.5,0.5,0.5,0.5,-49.128771317146864,-50.640212307105315
407,ksqexp,1.5,0.5,0.5,0.1,-616.7205410865563,-614.7094808775641
408,ksqexp,1.5,0.5,0.5,0.05,-2097.865184411401,-2143.8619954428923
409,ksqexp,1.5,0.5,0.5,0.01,-40737.85228421143,-41254.93786398889
410,ksqexp,1.5,0.5,0.5,0,-166334346.12888458,-166741754.22581962
411,ksqexp,1.5,0.5,1,0.5,-49.26244355137186,-50.19205074698276
412,ksqexp,1.5,0.5,1,0.1,-570.4717203222231,-577.8477361393564
413,ksqexp,1.5,0.5,1,0.05,-1894.9423301226425,-1940.6313278823932
414,ksqexp,1.5,0.5,1,0.01,-40859.271899931824,-41541.9081579064
415,ksqexp,1.5,0.5,1,0,-83173759.42470226,-83377472.21896192
416,ksqexp,1.5,0.5,1.5,0.5,-49.69677906842668,-50.37807874622143
417,ksqexp,1.5,0.5,1.5,0.1,-542.0867494448788,-553.1261966405489
418,ksqexp,1.5,0.5,1.5,0.05,-1794.9609436427536,-1834.6423133664255
419,ksqexp,1.5,0.5,1.5,0.01,-40596.68054917607,-41373.0843978476
420,ksqexp,1.5,0.5,1.5,0,-55450626.82671028,-55586437.589575075
421,ksqexp,1.5,1,0.5,0.5,-45.879775526602195,-47.02019224261151
422,ksqexp,1.5,1,0.5,0.1,-453.12811681602795,-454.1484806650743
423,ksqexp,1.5,1,0.5,0.05,-1340.6166965980015,-1379.6751307862125
424,ksqexp,1.5,1,0.5,0.01,-10022.21433006924,-10452.71004287372
425,ksqexp,1.5,1,0.5,0,-192781.88193005265,-194739.12970726
426,ksqexp,1.5,1,1,0.5,-46.895034352896914,-47.67608230335273
427,ksqexp,1.5,1,1,0.1,-394.4596427181041,-401.46677658271284
428,ksqexp,1.5,1,1,0.05,-1101.2466613533152,-1150.1651205832386
429,ksqexp,1.5,1,1,0.01,-8344.843643572189,-8599.856638396996
430,ksqexp,1.5,1,1,0,-96382.7880746819,-97362.59994750061
431,ksqexp,1.5,1,1.5,0.5,-48.00033564670841,-48.78287218935103
432,ksqexp,1.5,1,1.5,0.1,-363.0827372170967,-372.92255694188117
433,ksqexp,1.5,1,1.5,0.05,-957.3627769010691,-1006.9351070325524
434,ksqexp,1.5,1,1.5,0.01,-7701.36923934005,-7888.70116064677
435,ksqexp,1.5,1,1.5,0,-64252.54263092604,-64906.54248599066
436,ksqexp,1.5,1.5,0.5,0.5,-45.732618856915884,-47.404396991811076
437,ksqexp,1.5,1.5,0.5,0.1,-267.4186331826189,-281.94116665331927
438,ksqexp,1.5,1.5,0.5,0.05,-561.3535931698469,-600.8860986127427
439,ksqexp,1.5,1.5,0.5,0.01,-3822.571323948105,-3915.101162212746
440,ksqexp,1.5,1.5,0.5,0,-6889.61766238139,-6975.4301689376825
441,ksqexp,1.5,1.5,1,0.5,-46.34405610550636,-47.897583299244374
442,ksqexp,1.5,1.5,1,0.1,-199.86304353705663,-214.21590134355847
443,ksqexp,1.5,1.5,1,0.05,-419.1640906433252,-447.49570623234086
444,ksqexp,1.5,1.5,1,0.01,-2454.425546833964,-2502.7017713005084
445,ksqexp,1.5,1.5,1,0,-3445.414215346433,-3489.8691787176062
446,ksqexp,1.5,1.5,1.5,0.5,-46.9858636381024,-48.65845665096565
447,ksqexp,1.5,1.5,1.5,0.1,-169.66144588454955,-182.80338975762925
448,ksqexp,1.5,1.5,1.5,0.05,-363.18532591229246,-385.81645421675347
449,ksqexp,1.5,1.5,1.5,0.01,-1812.4682593826187,-1845.3823086008802
450,ksqexp,1.5,1.5,1.5,0,-2300.1370502229047,-2330.8061659068057
451,ksqexp,1.5,2,0.5,0.5,-43.791605380283244,-45.7642197121061
452,ksqexp,1.5,2,0.5,0.1,-160.14244363159972,-171.4715324098783
453,ksqexp,1.5,2,0.5,0.05,-314.7948169414737,-338.20894920049477
454,ksqexp,1.5,2,0.5,0.01,-799.2344426518356,-835.2753729534088
455,ksqexp,1.5,2,0.5,0,-873.593266101833,-908.6628215746539
456,ksqexp,1.5,2,1,0.5,-43.564497926156534,-45.52896273413066
457,ksqexp,1.5,2,1,0.1,-119.72927440916119,-129.7219536008997
458,ksqexp,1.5,2,1,0.05,-223.70088455188923,-240.39020205630774
459,ksqexp,1.5,2,1,0.01,-422.7312593933671,-442.3805234747962
460,ksqexp,1.5,2,1,0,-442.2028426564362,-461.56007655354716
461,ksqexp,1.5,2,1.5,0.5,-43.84420256673109,-45.96914031205738
462,ksqexp,1.5,2,1.5,0.1,-103.7434293842552,-112.79220071665449
463,ksqexp,1.5,2,1.5,0.05,-181.5751672111125,-194.86713105012953
464,ksqexp,1.5,2,1.5,0.01,-292.42125896261587,-306.6773610081214
465,ksqexp,1.5,2,1.5,0,-301.19669151633104,-315.31648488983853
466,ksqexp,1.5,2.5,0.5,0.5,-41.59130337295022,-43.670342881694125
467,ksqexp,1.5,2.5,0.5,0.1,-111.31288945993373,-118.81924011071746
468,ksqexp,1.5,2.5,0.5,0.05,-163.92777257358682,-178.0681964297856
469,ksqexp,1.5,2.5,0.5,0.01,-217.9150054545002,-235.3559758403278
470,ksqexp,1.5,2.5,0.5,0,-221.76543028030076,-239.19495282623495
471,ksqexp,1.5,2.5,1,0.5,-41.223770949453225,-43.28973743806119
472,ksqexp,1.5,2.5,1,0.1,-78.77992783032015,-86.05326545883891
473,ksqexp,1.5,2.5,1,0.05,-101.55211690012283,-111.64957522874498
474,ksqexp,1.5,2.5,1,0.01,-118.2452229250706,-129.0809024856851
475,ksqexp,1.5,2.5,1,0,-119.19996772389044,-130.03628529986963
476,ksqexp,1.5,2.5,1.5,0.5,-41.74076429196382,-43.959575479926635
477,ksqexp,1.5,2.5,1.5,0.1,-66.48707098659321,-73.30167661986408
478,ksqexp,1.5,2.5,1.5,0.05,-79.41755021393983,-87.7403269900714
479,ksqexp,1.5,2.5,1.5,0.01,-87.38555381674966,-96.02164059875278
480,ksqexp,1.5,2.5,1.5,0,-87.80213696732243,-96.44071955337522
481,ksqexp,1.5,3,0.5,0.5,-40.05858936436699,-42.149113299952376
482,ksqexp,1.5,3,0.5,0.1,-78.648140512878,-82.61120839027714
483,ksqexp,1.5,3,0.5,0.05,-91.72497261159286,-97.99004687256668
484,ksqexp,1.5,3,0.5,0.01,-98.96160634070793,-106.2730688898247
485,ksqexp,1.5,3,0.5,0,-99.34963063033668,-106.69402339319807
486,ksqexp,1.5,3,1,0.5,-39.92636995870977,-41.98197733123476
487,ksqexp,1.5,3,1,0.1,-54.38994937158723,-59.10335346130195
488,ksqexp,1.5,3,1,0.05,-58.026310806604045,-63.7589304917267
489,ksqexp,1.5,3,1,0.01,-59.749333641197694,-65.84389750740323
490,ksqexp,1.5,3,1,0,-59.832818526427346,-65.94109167247593
491,ksqexp,1.5,3,1.5,0.5,-40.7545597975711,-42.97284525000947
492,ksqexp,1.5,3,1.5,0.1,-47.26095363133369,-52.120876377289946
493,ksqexp,1.5,3,1.5,0.05,-48.75825592113689,-54.23377530413222
494,ksqexp,1.5,3,1.5,0.01,-49.42031889015376,-55.1079747845961
495,ksqexp,1.5,3,1.5,0,-49.45120459136865,-55.14743786513606
496,ksqexp,1.5,3.5,0.5,0.5,-39.02603626932617,-41.086990000104024
497,ksqexp,1.5,3.5,0.5,0.1,-60.958522268189355,-62.073911981514165
498,ksqexp,1.5,3.5,0.5,0.05,-64.76779036119511,-66.53733230206781
499,ksqexp,1.5,3.5,0.5,0.01,-65.98777023526746,-68.23963445089004
500,ksqexp,1.5,3.5,0.5,0,-66.03688383403377,-68.31355113009704
501,ksqexp,1.5,3.5,1,0.5,-39.131636857361976,-41.145553276796065
502,ksqexp,1.5,3.5,1,0.1,-43.94701750057774,-47.0078990410659
503,ksqexp,1.5,3.5,1,0.05,-44.32263696171311,-47.90400197981164
504,ksqexp,1.5,3.5,1,0.01,-44.374986370167,-48.203868246286284
505,ksqexp,1.5,3.5,1,0,-44.37597168728947,-48.21637788772958
506,ksqexp,1.5,3.5,1.5,0.5,-40.19370078762217,-42.395317683474836
507,ksqexp,1.5,3.5,1.5,0.1,-40.19969037431325,-43.99169395819231
508,ksqexp,1.5,3.5,1.5,0.05,-40.045150314425676,-44.23287285348664
509,ksqexp,1.5,3.5,1.5,0.01,-39.95091518467509,-44.30507951322743
510,ksqexp,1.5,3.5,1.5,0,-39.94632440501413,-44.30797690690906
511,ksqexp,1.5,4,0.5,0.5,-38.31722186604938,-40.33778323353108
512,ksqexp,1.5,4,0.5,0.1,-52.60172575473785,-52.05075104987052
513,ksqexp,1.5,4,0.5,0.05,-54.15638378446043,-53.72464902286563
514,ksqexp,1.5,4,0.5,0.01,-54.32174865552749,-54.175585727422806
515,ksqexp,1.5,4,0.5,0,-54.31956655991655,-54.19115416239888
516,ksqexp,1.5,4,1,0.5,-38.63269420216702,-40.60862758266488
517,ksqexp,1.5,4,1,0.1,-39.77960420816439,-42.04204552283042
518,ksqexp,1.5,4,1,0.05,-39.52464624368855,-42.150935130786266
519,ksqexp,1.5,4,1,0.01,-39.32545832103802,-42.146063162625126
520,ksqexp,1.5,4,1,0,-39.315129918091614,-42.14512838724308
521,ksqexp,1.5,4,1.5,0.5,-39.889430441724585,-42.08722541293955
522,ksqexp,1.5,4,1.5,0.1,-37.73225794017275,-41.08242018536443
523,ksqexp,1.5,4,1.5,0.05,-37.30710162762271,-40.97701018409945
524,ksqexp,1.5,4,1.5,0.01,-37.113237881827175,-40.92300073158407
525,ksqexp,1.5,4,1.5,0,-37.10430780418718,-40.92044322889691
526,ksqexp,1.5,6,0.5,0.5,-37.43513808504657,-39.4245308101984
527,ksqexp,1.5,6,0.5,0.1,-46.199988473940124,-43.7260132769745
528,ksqexp,1.5,6,0.5,0.05,-47.282552805283004,-44.26300092866079
529,ksqexp,1.5,6,0.5,0.01,-47.53581191018792,-44.39246575623493
530,ksqexp,1.5,6,0.5,0,-47.54402096718978,-44.39673867943003
531,ksqexp,1.5,6,1,0.5,-38.279999135383704,-40.28013163200367
532,ksqexp,1.5,6,1,0.1,-37.57598687585099,-39.03710094038172
533,ksqexp,1.5,6,1,0.05,-37.38783798691239,-38.94863045384197
534,ksqexp,1.5,6,1,0.01,-37.28179890458958,-38.9029097221828
535,ksqexp,1.5,6,1,0,-37.276674326686,-38.90072984845039
536,ksqexp,1.5,6,1.5,0.5,-39.93550410880729,-42.2504827513058
537,ksqexp,1.5,6,1.5,0.1,-37.08222932488611,-40.06132382534399
538,ksqexp,1.5,6,1.5,0.05,-36.77361618489156,-39.91680258474918
539,ksqexp,1.5,6,1.5,0.01,-36.650349991566756,-39.861795468133074
540,ksqexp,1.5,6,1.5,0,-36.64488221322144,-39.85938367151566
541,ksqexp,1.5,8,0.5,0.5,-37.519843873918624,-39.5714434999633
542,ksqexp,1.5,8,0.5,0.1,-47.01347215126905,-44.019323356773114
543,ksqexp,1.5,8,0.5,0.05,-48.75074950931242,-44.777062449246245
544,ksqexp,1.5,8,0.5,0.01,-49.45340047427672,-45.06232915360434
545,ksqexp,1.5,8,0.5,0,-49.48554822112319,-45.074925837630694
546,ksqexp,1.5,8,1,0.5,-38.496268041284615,-40.56415763826374
547,ksqexp,1.5,8,1,0.1,-38.45531063021117,-39.610603694264086
548,ksqexp,1.5,8,1,0.05,-38.54778344489185,-39.62635187593429
549,ksqexp,1.5,8,1,0.01,-38.58113944419783,-39.6317066508465
550,ksqexp,1.5,8,1,0,-38.582621654763614,-39.631937791942235
551,ksqexp,1.5,8,1.5,0.5,-40.23014934761408,-42.62371019596566
552,ksqexp,1.5,8,1.5,0.1,-37.94106171018366,-40.71922427878172
553,ksqexp,1.5,8,1.5,0.05,-37.79402122240093,-40.637593892610575
554,ksqexp,1.5,8,1.5,0.01,-37.741233253422465,-40.609461771656676
555,ksqexp,1.5,8,1.5,0,-37.73896956598954,-40.60826521009663
556,ksqexp,1.5,10,0.5,0.5,-37.605783625838384,-39.68740649693579
557,ksqexp,1.5,10,0.5,0.1,-47.69103859582151,-44.44766923352707
558,ksqexp,1.5,10,0.5,0.05,-49.79274829362373,-45.345414643667105
559,ksqexp,1.5,10,0.5,0.01,-50.730325199657536,-45.71534817377369
560,ksqexp,1.5,10,0.5,0,-50.7747723188094,-45.73229769200383
561,ksqexp,1.5,10,1,0.5,-38.61312874099611,-40.70364627562021
562,ksqexp,1.5,10,1,0.1,-38.98305562546555,-39.96434969014376
563,ksqexp,1.5,10,1,0.05,-39.21811729671854,-40.03458474855311
564,ksqexp,1.5,10,1,0.01,-39.320023015148564,-40.06505323288165
565,ksqexp,1.5,10,1,0,-39.32472461847822,-40.06645065042842
566,ksqexp,1.5,10,1.5,0.5,-40.365049326369956,-42.77788221725265
567,ksqexp,1.5,10,1.5,0.1,-38.38891830066945,-41.036733381990025
568,ksqexp,1.5,10,1.5,0.05,-38.319263606372765,-40.98495333261413
569,ksqexp,1.5,10,1.5,0.01,-38.299471870885974,-40.96913669570884
570,ksqexp,1.5,10,1.5,0,-38.298698818367036,-40.968491736615945
571,ksqexp,1.5,25,0.5,0.5,-37.68977769647569,-39.78804722605811
572,ksqexp,1.5,25,0.5,0.1,-48.154462391929336,-44.79227236258997
573,ksqexp,1.5,25,0.5,0.05,-50.41204004100756,-45.7542628173741
574,ksqexp,1.5,25,0.5,0.01,-51.44427173704356,-46.15911580637011
575,ksqexp,1.5,25,0.5,0,-51.49360840227806,-46.177812364307385
576,ksqexp,1.5,25,1,0.5,-38.735826136876064,-40.832780671210706
577,ksqexp,1.5,25,1,0.1,-39.39100224281954,-40.270431664003475
578,ksqexp,1.5,25,1,0.05,-39.68891536476549,-40.36697595910825
579,ksqexp,1.5,25,1,0.01,-39.819537326471085,-40.40861405112089
580,ksqexp,1.5,25,1,0,-39.825571030388424,-40.41051918826717
581,ksqexp,1.5,25,1.5,0.5,-40.515287762349985,-42.92665176724819
582,ksqexp,1.5,25,1.5,0.1,-38.767011288359065,-41.32574214561187
583,ksqexp,1.5,25,1.5,0.05,-38.732497687745905,-41.289114505980585
584,ksqexp,1.5,25,1.5,0.01,-38.72701594480984,-41.27913317374188
585,ksqexp,1.5,25,1.5,0,-38.7268820064194,-41.27874489629813
586,ksqexp,1.75,0.2,0.5,0.5,-55.566733526717265,-58.53413541477219
587,ksqexp,1.75,0.2,0.5,0.1,-885.6510847980157,-911.2279887005619
588,ksqexp,1.75,0.2,0.5,0.05,-3417.2213302404816,-3436.943287589181
589,ksqexp,1.75,0.2,0.5,0.01,-62297.622577862785,-63413.71945142408
590,ksqexp,1.75,0.2,0.5,0,-989655521933.8932,-989709061499.6135
591,ksqexp,1.75,0.2,1,0.5,-53.48745342768098,-56.453239718654785
592,ksqexp,1.75,0.2,1,0.1,-878.0317376923292,-892.676829717224
593,ksqexp,1.75,0.2,1,0.05,-3140.9894389877268,-3144.2644290883177
594,ksqexp,1.75,0.2,1,0.01,-61009.48276640029,-62107.71322942151
595,ksqexp,1.75,0.2,1,0,-882324301349.9761,-882356316721.7959
596,ksqexp,1.75,0.2,1.5,0.5,-52.75409530172964,-55.5807301491932
597,ksqexp,1.75,0.2,1.5,0.1,-860.5257430239132,-869.4319024640758
598,ksqexp,1.75,0.2,1.5,0.05,-2960.8701062518635,-2965.0356041607415
599,ksqexp,1.75,0.2,1.5,0.01,-59939.00963723604,-60925.47602897465
600,ksqexp,1.75,0.2,1.5,0,-791938603849.2328,-791961366980.6356
601,ksqexp,1.75,0.5,0.5,0.5,-49.032138113168564,-51.10123577869801
602,ksqexp,1.75,0.5,0.5,0.1,-694.3419565945759,-687.3636259414411
603,ksqexp,1.75,0.5,0.5,0.05,-2523.771607207151,-2569.1546109454534
604,ksqexp,1.75,0.5,0.5,0.01,-41462.28859845885,-42302.2937320412
605,ksqexp,1.75,0.5,0.5,0,-777416964.6352605,-779271470.4885792
606,ksqexp,1.75,0.5,1,0.5,-49.00884087945791,-50.52792843470247
607,ksqexp,1.75,0.5,1,0.1,-666.5634284324897,-668.3537134595354
608,ksqexp,1.75,0.5,1,0.05,-2275.6859357037542,-2347.7245787288684
609,ksqexp,1.75,0.5,1,0.01,-41526.7744773452,-42213.154016835615
610,ksqexp,1.75,0.5,1,0,-388848695.4964768,-389776077.78852314
611,ksqexp,1.75,0.5,1.5,0.5,-49.37001732056934,-50.6300591648358
612,ksqexp,1.75,0.5,1.5,0.1,-643.8184885666993,-652.0822197724012
613,ksqexp,1.75,0.5,1.5,0.05,-2117.7142003671474,-2194.095712849439
614,ksqexp,1.75,0.5,1.5,0.01,-41914.598605965184,-42626.6912710555
615,ksqexp,1.75,0.5,1.5,0,-259263623.7003889,-259881907.68086246
616,ksqexp,1.75,1,0.5,0.5,-45.622387047417256,-46.83975209295366
617,ksqexp,1.75,1,0.5,0.1,-554.0417149364317,-545.3817698666364
618,ksqexp,1.75,1,0.5,0.05,-1681.970930169545,-1713.41507961439
619,ksqexp,1.75,1,0.5,0.01,-15351.715920019122,-16618.904762884205
620,ksqexp,1.75,1,0.5,0,-804635.7357800509,-820948.1341404722
621,ksqexp,1.75,1,1,0.5,-46.62199293640083,-47.336842477917806
622,ksqexp,1.75,1,1,0.1,-484.77210800129484,-485.7626895644537
623,ksqexp,1.75,1,1,0.05,-1449.2664934675358,-1509.1950187952
624,ksqexp,1.75,1,1,0.01,-11516.022859473045,-12335.80443298993
625,ksqexp,1.75,1,1,0,-402303.12775670906,-410460.7939893599
626,ksqexp,1.75,1,1.5,0.5,-47.79957431822753,-48.449400842460356
627,ksqexp,1.75,1,1.5,0.1,-446.5051365459113,-452.9172250180338
628,ksqexp,1.75,1,1.5,0.05,-1319.5718170403609,-1391.46257601175
629,ksqexp,1.75,1,1.5,0.01,-10057.332470047475,-10672.228553793911
630,ksqexp,1.75,1,1.5,0,-268194.96763726365,-273634.3880128542
631,ksqexp,1.75,1.5,0.5,0.5,-45.79491688248765,-47.439677866932286
632,ksqexp,1.75,1.5,0.5,0.1,-359.1638749073231,-369.869752157374
633,ksqexp,1.75,1.5,0.5,0.05,-788.5835442905687,-848.8345756004577
634,ksqexp,1.75,1.5,0.5,0.01,-6103.353719505166,-6347.527202104934
635,ksqexp,1.75,1.5,0.5,0,-22690.4339722158,-22991.17921784755
636,ksqexp,1.75,1.5,1,0.5,-46.83702632467405,-48.23623526999325
637,ksqexp,1.75,1.5,1,0.1,-271.5397003998229,-288.27980446496315
638,ksqexp,1.75,1.5,1,0.05,-573.8628473151109,-623.8106792740408
639,ksqexp,1.75,1.5,1,0.01,-4752.796149797028,-4895.686940671638
640,ksqexp,1.75,1.5,1,0,-11340.248707175078,-11492.64549828211
641,ksqexp,1.75,1.5,1.5,0.5,-47.740281707716434,-49.21228396393478
642,ksqexp,1.75,1.5,1.5,0.1,-229.50889326584678,-247.37557153055124
643,ksqexp,1.75,1.5,1.5,0.05,-482.4343270826531,-524.3743037903205
644,ksqexp,1.75,1.5,1.5,0.01,-3923.6548394542265,-4025.4524836273704
645,ksqexp,1.75,1.5,1.5,0,-7559.644205667473,-7662.591512234994
646,ksqexp,1.75,2,0.5,0.5,-44.82544191273579,-46.893354128762006
647,ksqexp,1.75,2,0.5,0.1,-211.0105832323455,-225.10154943191569
648,ksqexp,1.75,2,0.5,0.05,-437.4342403498044,-471.8854135693323
649,ksqexp,1.75,2,0.5,0.01,-1960.3888509356789,-2071.2533422415945
650,ksqexp,1.75,2,0.5,0,-2555.0378868032867,-2666.7290080620555
651,ksqexp,1.75,2,1,0.5,-44.94959872822704,-46.944848015275646
652,ksqexp,1.75,2,1,0.1,-154.66935673522445,-168.13104262728305
653,ksqexp,1.75,2,1,0.05,-328.4972256355657,-355.65863671510016
654,ksqexp,1.75,2,1,0.01,-1107.8745002898202,-1166.8879018506743
655,ksqexp,1.75,2,1,0,-1277.9682456431206,-1336.2062600238328
656,ksqexp,1.75,2,1.5,0.5,-45.16275179908889,-47.327531085551314
657,ksqexp,1.75,2,1.5,0.1,-132.49505439765065,-144.94060153254262
658,ksqexp,1.75,2,1.5,0.05,-279.4559561580647,-302.9518485655308
659,ksqexp,1.75,2,1.5,0.01,-775.7087181734041,-816.6722179786756
660,ksqexp,1.75,2,1.5,0,-855.069021136548,-895.4893332358107
661,ksqexp,1.75,2.5,0.5,0.5,-42.68423215998075,-44.944077973469554
662,ksqexp,1.75,2.5,0.5,0.1,-149.4718248921658,-158.08246267225533
663,ksqexp,1.75,2.5,0.5,0.05,-275.94545415303884,-299.06861135578225
664,ksqexp,1.75,2.5,0.5,0.01,-514.4267966437436,-570.1717085840336
665,ksqexp,1.75,2.5,0.5,0,-543.2123137689457,-600.3332971398057
666,ksqexp,1.75,2.5,1,0.5,-42.14338381226395,-44.37548799296422
667,ksqexp,1.75,2.5,1,0.1,-109.6643003158162,-118.89425888965597
668,ksqexp,1.75,2.5,1,0.05,-179.87484677188678,-199.66774767093148
669,ksqexp,1.75,2.5,1,0.01,-267.99019419509074,-298.982311291653
670,ksqexp,1.75,2.5,1,0,-275.4286257340226,-306.74636588564647
671,ksqexp,1.75,2.5,1.5,0.5,-42.20448487250373,-44.618037772309826
672,ksqexp,1.75,2.5,1.5,0.1,-92.84490655957791,-102.16197722991566
673,ksqexp,1.75,2.5,1.5,0.05,-139.02357557471888,-156.10476876001914
674,ksqexp,1.75,2.5,1.5,0.01,-185.63430634571904,-208.20345069152427
675,ksqexp,1.75,2.5,1.5,0,-188.95805312060762,-211.6747121981055
676,ksqexp,1.75,3,0.5,0.5,-40.78287621959206,-43.09335445183294
677,ksqexp,1.75,3,0.5,0.1,-113.17658869280096,-117.73228082758608
678,ksqexp,1.75,3,0.5,0.05,-159.47074457437995,-172.14697275373825
679,ksqexp,1.75,3,0.5,0.01,-192.1414189187702,-215.5358504426596
680,ksqexp,1.75,3,0.5,0,-194.23421347160604,-218.23886028482804
681,ksqexp,1.75,3,1,0.5,-40.251499129741305,-42.51644614857993
682,ksqexp,1.75,3,1,0.1,-77.47590420870526,-83.88400970274826
683,ksqexp,1.75,3,1,0.05,-93.80463680596871,-105.17661414516698
684,ksqexp,1.75,3,1,0.01,-102.67790461405411,-117.64578241778864
685,ksqexp,1.75,3,1,0,-103.16574638889517,-118.30540957049101
686,ksqexp,1.75,3,1.5,0.5,-40.59427928500467,-43.03987364777332
687,ksqexp,1.75,3,1.5,0.1,-63.58260980328433,-70.52596783243537
688,ksqexp,1.75,3,1.5,0.05,-71.53608824135821,-81.77211302571348
689,ksqexp,1.75,3,1.5,0.01,-75.40186965767556,-87.50141334744377
690,ksqexp,1.75,3,1.5,0,-75.60024745879767,-87.7849160959344
691,ksqexp,1.75,3.5,0.5,0.5,-39.45739094759466,-41.753794939072414
692,ksqexp,1.75,3.5,0.5,0.1,-86.65442140954721,-87.27079922235323
693,ksqexp,1.75,3.5,0.5,0.05,-102.27197185828253,-105.66987438884351
694,ksqexp,1.75,3.5,0.5,0.01,-106.57722105061212,-114.06758630425423
695,ksqexp,1.75,3.5,0.5,0,-106.63525527775447,-114.42799396026403
696,ksqexp,1.75,3.5,1,0.5,-39.176621701614344,-41.40710218112247
697,ksqexp,1.75,3.5,1,0.1,-57.63591869446667,-61.21827861340193
698,ksqexp,1.75,3.5,1,0.05,-60.735085536174104,-66.38220705154005
699,ksqexp,1.75,3.5,1,0.01,-60.93830005066539,-68.22067022438763
700,ksqexp,1.75,3.5,1,0,-60.91744336267835,-68.29431030699476
701,ksqexp,1.75,3.5,1.5,0.5,-39.8092887007296,-42.234237618920275
702,ksqexp,1.75,3.5,1.5,0.1,-48.18639276485032,-52.89833359942367
703,ksqexp,1.75,3.5,1.5,0.05,-48.78764657195232,-55.02062988749786
704,ksqexp,1.75,3.5,1.5,0.01,-48.493581841571824,-55.68168624813512
705,ksqexp,1.75,3.5,1.5,0,-48.46882949085702,-55.707072522176
706,ksqexp,1.75,4,0.5,0.5,-38.529402914222025,-40.783290445581116
707,ksqexp,1.75,4,0.5,0.1,-70.72266842639091,-68.26047904117894
708,ksqexp,1.75,4,0.5,0.05,-77.26743624786931,-75.3726093294973
709,ksqexp,1.75,4,0.5,0.01,-77.09253798574781,-77.35732837279325
710,ksqexp,1.75,4,0.5,0,-76.95162783190847,-77.40067993548692
711,ksqexp,1.75,4,1,0.5,-38.49216684606861,-40.66737878261364
712,ksqexp,1.75,4,1,0.1,-47.922289677547404,-49.67577744314675
713,ksqexp,1.75,4,1,0.05,-48.129362444657595,-51.004089649121646
714,ksqexp,1.75,4,1,0.01,-47.25391168758235,-51.166198279580264
715,ksqexp,1.75,4,1,0,-47.189184888351846,-51.164119603238746
716,ksqexp,1.75,4,1.5,0.5,-39.34723168023583,-41.74134448378347
717,ksqexp,1.75,4,1.5,0.1,-41.55901259618929,-45.03183361539258
718,ksqexp,1.75,4,1.5,0.05,-40.82837322131288,-45.2870888691694
719,ksqexp,1.75,4,1.5,0.01,-40.100629444265635,-45.21584264896691
720,ksqexp,1.75,4,1.5,0,-40.05902734061815,-45.209256259132594
721,ksqexp,1.75,6,0.5,0.5,-36.928469942097145,-39.057093149479016
722,ksqexp,1.75,6,0.5,0.1,-54.23457991396138,-47.525268481524435
723,ksqexp,1.75,6,0.5,0.05,-56.977811626631755,-48.905151211837286
724,ksqexp,1.75,6,0.5,0.01,-57.02953977316117,-49.032307348929976
725,ksqexp,1.75,6,0.5,0,-56.99795344307658,-49.02473956161994
726,ksqexp,1.75,6,1,0.5,-37.581472707037186,-39.67770145234558
727,ksqexp,1.75,6,1,0.1,-40.10539330470405,-39.83868903509238
728,ksqexp,1.75,6,1,0.05,-39.81157106320651,-39.756910997291484
729,ksqexp,1.75,6,1,0.01,-39.379394587400036,-39.60872767013112
730,ksqexp,1.75,6,1,0,-39.353729936266575,-39.599815612972336
731,ksqexp,1.75,6,1.5,0.5,-38.98079270138269,-41.420059138889286
732,ksqexp,1.75,6,1.5,0.1,-37.31720974553819,-39.65187509519792
733,ksqexp,1.75,6,1.5,0.05,-36.667227632284224,-39.39866983915969
734,ksqexp,1.75,6,1.5,0.01,-36.28223966886727,-39.25589396017425
735,ksqexp,1.75,6,1.5,0,-36.26297886736643,-39.248831063479045
736,ksqexp,1.75,8,0.5,0.5,-36.81642492694447,-38.99636760169301
737,ksqexp,1.75,8,0.5,0.1,-54.25854279790051,-46.48849431337944
738,ksqexp,1.75,8,0.5,0.05,-58.322646994735514,-48.11661371548886
739,ksqexp,1.75,8,0.5,0.01,-60.07687357576832,-48.73495210799257
740,ksqexp,1.75,8,0.5,0,-60.16419541234521,-48.762934682029375
741,ksqexp,1.75,8,1,0.5,-37.73042007106232,-39.907753671218195
742,ksqexp,1.75,8,1,0.1,-40.92823493341392,-40.035083215772566
743,ksqexp,1.75,8,1,0.05,-41.41478826176991,-40.18200719476776
744,ksqexp,1.75,8,1,0.01,-41.57867703404853,-40.22002673576266
745,ksqexp,1.75,8,1,0,-41.58612384544856,-40.22149734660057
746,ksqexp,1.75,8,1.5,0.5,-39.29390131542044,-41.84950938083945
747,ksqexp,1.75,8,1.5,0.1,-38.38529567893081,-40.290198706208365
748,ksqexp,1.75,8,1.5,0.05,-38.2555111151164,-40.206113456800445
749,ksqexp,1.75,8,1.5,0.01,-38.187231023837654,-40.166822327648205
750,ksqexp,1.75,8,1.5,0,-38.184090089731086,-40.165008334812605
751,ksqexp,1.75,10,0.5,0.5,-36.9106452282009,-39.14664499045119
752,ksqexp,1.75,10,0.5,0.1,-55.37574857548595,-47.05482247253223
753,ksqexp,1.75,10,0.5,0.05,-60.60254322002885,-49.07889255173236
754,ksqexp,1.75,10,0.5,0.01,-63.58320886400668,-50.09096354325268
755,ksqexp,1.75,10,0.5,0,-63.751127897769976,-50.144266608522315
756,ksqexp,1.75,10,1,0.5,-37.899320819589164,-40.12764915626384
757,ksqexp,1.75,10,1,0.1,-41.953156886589824,-40.637695794659976
758,ksqexp,1.75,10,1,0.05,-43.0159736046645,-40.98099113850048
759,ksqexp,1.75,10,1,0.01,-43.574742715326124,-41.14714507851753
760,ksqexp,1.75,10,1,0,-43.60336641491078,-41.15538677861523
761,ksqexp,1.75,10,1.5,0.5,-39.5088223616559,-42.11404777989502
762,ksqexp,1.75,10,1.5,0.1,-39.32085983253842,-40.88646537761854
763,ksqexp,1.75,10,1.5,0.05,-39.54216536784979,-40.92271132226008
764,ksqexp,1.75,10,1.5,0.01,-39.67143908994815,-40.94837781618731
765,ksqexp,1.75,10,1.5,0,-39.67810268711781,-40.949750268640756
766,ksqexp,1.75,25,0.5,0.5,-37.05639948436763,-39.33899565684817
767,ksqexp,1.75,25,0.5,0.1,-56.59349443466309,-47.851979866241145
768,ksqexp,1.75,25,0.5,0.05,-62.714136261519236,-50.20275582257348
769,ksqexp,1.75,25,0.5,0.01,-66.59387900141735,-51.50243502115141
770,ksqexp,1.75,25,0.5,0,-66.82042827928906,-51.57377738390221
771,ksqexp,1.75,25,1,0.5,-38.12209500008151,-40.38080081225245
772,ksqexp,1.75,25,1,0.1,-43.05563182250197,-41.3698673253204
773,ksqexp,1.75,25,1,0.05,-44.55167724288473,-41.86650242024547
774,ksqexp,1.75,25,1,0.01,-45.397034506144294,-42.125247728749414
775,ksqexp,1.75,25,1,0,-45.44091928028133,-42.13829773877537
776,ksqexp,1.75,25,1.5,0.5,-39.78849505134775,-42.41039164752546
777,ksqexp,1.75,25,1.5,0.1,-40.33816754490459,-41.57952961427908
778,ksqexp,1.75,25,1.5,0.05,-40.82003475373371,-41.7078157787537
779,ksqexp,1.75,25,1.5,0.01,-41.09140584733157,-41.78016573614147
780,ksqexp,1.75,25,1.5,0,-41.10507304704087,-41.78379462370829
781,ksqexp,2,0.2,0.5,0.5,-55.846933092554664,-59.0639492758073
782,ksqexp,2,0.2,0.5,0.1,-871.6877491434462,-916.0168533920817
783,ksqexp,2,0.2,0.5,0.05,-3572.289858995355,-3657.4339215156824
784,ksqexp,2,0.2,0.5,0.01,-67355.73340493356,-68314.81933701478
785,ksqexp,2,0.2,0.5,0,-1067533913720.5239,-1067624317048.7874
786,ksqexp,2,0.2,1,0.5,-53.39640375877501,-56.71863177039638
787,ksqexp,2,0.2,1,0.1,-880.5618998858952,-915.6100765667542
788,ksqexp,2,0.2,1,0.05,-3449.768730888251,-3480.8609853391913
789,ksqexp,2,0.2,1,0.01,-64680.33259391026,-66140.74038988005
790,ksqexp,2,0.2,1,0,-1049894885781.0239,-1049961790727.1257
791,ksqexp,2,0.2,1.5,0.5,-52.27662550057549,-55.52696865061493
792,ksqexp,2,0.2,1.5,0.1,-881.1652030269481,-908.9814439763943
793,ksqexp,2,0.2,1.5,0.05,-3328.5305535031657,-3337.0664440280916
794,ksqexp,2,0.2,1.5,0.01,-63414.90892406105,-65003.98961106764
795,ksqexp,2,0.2,1.5,0,-1021358868710.1046,-1021411064903.097
796,ksqexp,2,0.5,0.5,0.5,-48.93287355181109,-51.49286329429258
797,ksqexp,2,0.5,0.5,0.1,-722.6981334811097,-721.7807412324761
798,ksqexp,2,0.5,0.5,0.05,-2841.028915678386,-2881.9133547936667
799,ksqexp,2,0.5,0.5,0.01,-43853.323136831255,-45868.28077166211
800,ksqexp,2,0.5,0.5,0,-2955004105.5921307,-2961857422.1996183
801,ksqexp,2,0.5,1,0.5,-48.641091278910885,-50.71087782688046
802,ksqexp,2,0.5,1,0.1,-713.889111665465,-715.80256960403
803,ksqexp,2,0.5,1,0.05,-2688.4771787671357,-2772.829446269919
804,ksqexp,2,0.5,1,0.01,-41956.7167906921,-43421.57109526234
805,ksqexp,2,0.5,1,0,-1479489152.371164,-1482917197.5332654
806,ksqexp,2,0.5,1.5,0.5,-48.84639278119649,-50.692873375480026
807,ksqexp,2,0.5,1.5,0.1,-707.5750153796317,-714.5712305884283
808,ksqexp,2,0.5,1.5,0.05,-2548.1582958980616,-2650.4374852233054
809,ksqexp,2,0.5,1.5,0.01,-41915.98693834661,-43132.870382529734
810,ksqexp,2,0.5,1.5,0,-986768761.9999434,-989054434.4138296
811,ksqexp,2,1,0.5,0.5,-45.37394976632151,-46.822328496589876
812,ksqexp,2,1,0.5,0.1,-647.9839070839582,-630.2018471209108
813,ksqexp,2,1,0.5,0.05,-2067.584757391238,-2065.750638877386
814,ksqexp,2,1,0.5,0.01,-23504.327431255795,-26043.85391268976
815,ksqexp,2,1,0.5,0,-2902076.0249846894,-2988219.437381251
816,ksqexp,2,1,1,0.5,-46.08013483187112,-46.940458197078364
817,ksqexp,2,1,1,0.1,-588.9536192070486,-579.7773211187424
818,ksqexp,2,1,1,0.05,-1772.3780742788074,-1815.9023718533638
819,ksqexp,2,1,1,0.01,-17621.383907564476,-19549.99596366599
820,ksqexp,2,1,1,0,-1451018.7895827766,-1494092.2646270494
821,ksqexp,2,1,1.5,0.5,-47.103878034044456,-47.84482816404232
822,ksqexp,2,1,1.5,0.1,-545.520352893505,-542.64903363755
823,ksqexp,2,1,1.5,0.05,-1626.8597934611694,-1694.6368418916034
824,ksqexp,2,1,1.5,0.01,-14744.594818242582,-16281.104220630903
825,ksqexp,2,1,1.5,0,-967334.8074956272,-996051.6056464649
826,ksqexp,2,1.5,0.5,0.5,-45.365670172486126,-46.99498838164011
827,ksqexp,2,1.5,0.5,0.1,-470.65959149523866,-468.47201855549383
828,ksqexp,2,1.5,0.5,0.05,-1094.6679331880262,-1160.7802057772676
829,ksqexp,2,1.5,0.5,0.01,-7835.01199682929,-8320.175716982905
830,ksqexp,2,1.5,0.5,0,-68160.37910714059,-69512.38330345775
831,ksqexp,2,1.5,1,0.5,-46.59374139238028,-47.87333852085863
832,ksqexp,2,1.5,1,0.1,-367.1933554172165,-377.786220545411
833,ksqexp,2,1.5,1,0.05,-798.9559471405793,-872.1516168002422
834,ksqexp,2,1.5,1,0.01,-6652.0076545513075,-6969.351044505945
835,ksqexp,2,1.5,1,0,-34069.60439319111,-34748.093627502574
836,ksqexp,2,1.5,1.5,0.5,-47.72253897200419,-49.02415721882651
837,ksqexp,2,1.5,1.5,0.1,-311.26862695886234,-327.8841772151616
838,ksqexp,2,1.5,1.5,0.05,-666.1580918057884,-733.3750298278078
839,ksqexp,2,1.5,1.5,0.01,-5987.422454878564,-6234.449763665537
840,ksqexp,2,1.5,1.5,0,-22708.802843395137,-23162.78708618179
841,ksqexp,2,2,0.5,0.5,-45.24990693212265,-47.37081932182439
842,ksqexp,2,2,0.5,0.1,-281.3220616163389,-295.06003247202096
843,ksqexp,2,2,0.5,0.05,-571.5074922287915,-618.4358030714038
844,ksqexp,2,2,0.5,0.01,-3739.41882451101,-3991.7773677500004
845,ksqexp,2,2,0.5,0,-6789.132510323203,-7129.751846016594
846,ksqexp,2,2,1,0.5,-45.84878911052565,-47.80751548195444
847,ksqexp,2,2,1,0.1,-199.94683284185234,-216.49035116374432
848,ksqexp,2,2,1,0.05,-431.2494255858249,-466.9524317590467
849,ksqexp,2,2,1,0.01,-2382.2632443399366,-2537.1053812959544
850,ksqexp,2,2,1,0,-3389.9368416102097,-3563.225504566389
851,ksqexp,2,2,1.5,0.5,-46.31643250838927,-48.40586894841207
852,ksqexp,2,2,1.5,0.1,-167.0262667409381,-183.12424261792015
853,ksqexp,2,2,1.5,0.05,-373.40707062921115,-403.6630809754937
854,ksqexp,2,2,1.5,0.01,-1757.8519726195427,-1868.8910873722166
855,ksqexp,2,2,1.5,0,-2259.6622688397324,-2377.174040906215
856,ksqexp,2,2.5,0.5,0.5,-43.68270609777221,-46.09674448673388
857,ksqexp,2,2.5,0.5,0.1,-187.2878776835572,-197.12662736438335
858,ksqexp,2,2.5,0.5,0.05,-394.46553975091336,-420.14102052780254
859,ksqexp,2,2.5,0.5,0.01,-1143.2586381163333,-1291.7938575514058
860,ksqexp,2,2.5,0.5,0,-1304.0778838345527,-1474.9425933160956
861,ksqexp,2,2.5,1,0.5,-43.349724743340175,-45.70074740899599
862,ksqexp,2,2.5,1,0.1,-138.40754752258576,-148.8665798130533
863,ksqexp,2,2.5,1,0.05,-284.42419165556356,-308.72794647174925
864,ksqexp,2,2.5,1,0.01,-606.9418572708668,-690.3270073459345
865,ksqexp,2,2.5,1,0,-651.1610865594282,-740.013329965375
866,ksqexp,2,2.5,1.5,0.5,-43.258683875874176,-45.79418361582411
867,ksqexp,2,2.5,1.5,0.1,-119.09715386842876,-129.51294369756695
868,ksqexp,2,2.5,1.5,0.05,-230.24147654811964,-253.65730242597422
869,ksqexp,2,2.5,1.5,0.01,-416.015270718244,-475.1229183584083
870,ksqexp,2,2.5,1.5,0,-436.31281067816815,-497.82756537095275
871,ksqexp,2,3,0.5,0.5,-41.67888585950185,-44.20400352914023
872,ksqexp,2,3,0.5,0.1,-146.41949605403485,-150.89304564539557
873,ksqexp,2,3,0.5,0.05,-263.6727132180096,-279.3770343951126
874,ksqexp,2,3,0.5,0.01,-396.83077154151266,-461.39416238777375
875,ksqexp,2,3,0.5,0,-405.6196882989646,-476.67309154489027
876,ksqexp,2,3,1,0.5,-40.92637854771573,-43.39528461123416
877,ksqexp,2,3,1,0.1,-106.06485055202391,-112.82833120923509
878,ksqexp,2,3,1,0.05,-162.8702934427094,-179.88096823283695
879,ksqexp,2,3,1,0.01,-202.37108526145263,-240.01477539624298
880,ksqexp,2,3,1,0,-204.47841340383513,-243.86167922662648
881,ksqexp,2,3,1.5,0.5,-40.847508734371715,-43.50296917159288
882,ksqexp,2,3,1.5,0.1,-88.33790277438355,-96.10625993934148
883,ksqexp,2,3,1.5,0.05,-121.34077661961808,-137.66860665321585
884,ksqexp,2,3,1.5,0.01,-139.33998504759612,-167.35541519069324
885,ksqexp,2,3,1.5,0,-140.2219785280168,-169.04853186907658
886,ksqexp,2,3.5,0.5,0.5,-40.04805206038514,-42.58756198424476
887,ksqexp,2,3.5,0.5,0.1,-118.32981448182652,-118.1328023062969
888,ksqexp,2,3.5,0.5,0.05,-171.6951363928367,-175.97525961512162
889,ksqexp,2,3.5,0.5,0.01,-193.40496832848984,-216.44085328555022
890,ksqexp,2,3.5,0.5,0,-192.6204747577657,-218.2792129650617
891,ksqexp,2,3.5,1,0.5,-39.38208657806457,-41.846705492513614
892,ksqexp,2,3.5,1,0.1,-80.57675487385706,-84.01567977758579
893,ksqexp,2,3.5,1,0.05,-97.9233701367594,-106.0902054340898
894,ksqexp,2,3.5,1,0.01,-100.16865680561386,-116.50494358045228
895,ksqexp,2,3.5,1,0,-99.83348219690872,-116.9139337817498
896,ksqexp,2,3.5,1.5,0.5,-39.58104609697163,-42.237781853175804
897,ksqexp,2,3.5,1.5,0.1,-65.1556964377169,-70.22716357227651
898,ksqexp,2,3.5,1.5,0.05,-72.3852350325712,-81.4187833335651
899,ksqexp,2,3.5,1.5,0.01,-71.89712430336157,-85.75636114469259
900,ksqexp,2,3.5,1.5,0,-71.69514144408721,-85.91616415183208
901,ksqexp,2,4,0.5,0.5,-38.879654097015525,-41.39140993367927
902,ksqexp,2,4,0.5,0.1,-97.15736166639994,-92.52473514191306
903,ksqexp,2,4,0.5,0.05,-122.79319962371807,-118.14798283204519
904,ksqexp,2,4,0.5,0.01,-124.4002241598774,-129.0837078508131
905,ksqexp,2,4,0.5,0,-123.22706272754165,-129.31822871696838
906,ksqexp,2,4,1,0.5,-38.45893443357296,-40.8787584558427
907,ksqexp,2,4,1,0.1,-64.14250548051113,-64.66698122468979
908,ksqexp,2,4,1,0.05,-69.55148914665111,-72.21829818162948
909,ksqexp,2,4,1,0.01,-66.94609391265719,-74.15196530252905
910,ksqexp,2,4,1,0,-66.5498345137394,-74.17209546907067
911,ksqexp,2,4,1.5,0.5,-38.927957070635884,-41.55396115453002
912,ksqexp,2,4,1.5,0.1,-52.1441664034728,-55.046629058079965
913,ksqexp,2,4,1.5,0.05,-53.03646759674845,-58.125075410613135
914,ksqexp,2,4,1.5,0.01,-50.66500932220397,-58.58813065254461
915,ksqexp,2,4,1.5,0,-50.44808187699302,-58.58070781946264
916,ksqexp,2,6,0.5,0.5,-36.61489963959834,-38.951443480648834
917,ksqexp,2,6,0.5,0.1,-67.27466309351372,-54.78936499745654
918,ksqexp,2,6,0.5,0.05,-75.50605107601498,-59.042020472352576
919,ksqexp,2,6,0.5,0.01,-74.39920823242944,-59.314439249815656
920,ksqexp,2,6,0.5,0,-74.04455610853512,-59.2391320060128
921,ksqexp,2,6,1,0.5,-37.00904924283643,-39.26347653040062
922,ksqexp,2,6,1,0.1,-46.37684934201732,-42.85487977341306
923,ksqexp,2,6,1,0.05,-46.74109094658958,-43.26554889871333
924,ksqexp,2,6,1,0.01,-45.12296361733435,-42.865537394143956
925,ksqexp,2,6,1,0,-44.98769672383757,-42.82996900786293
926,ksqexp,2,6,1.5,0.5,-38.1564209860298,-40.733004668446306
927,ksqexp,2,6,1.5,0.1,-40.36987113974308,-40.778822672384635
928,ksqexp,2,6,1.5,0.05,-39.434216457231464,-40.54304752049284
929,ksqexp,2,6,1.5,0.01,-38.172795241212846,-40.173984015410284
930,ksqexp,2,6,1.5,0,-38.09273369591217,-40.15090477524306
931,ksqexp,2,8,0.5,0.5,-36.175288470599604,-38.51899351840436
932,ksqexp,2,8,0.5,0.1,-65.11539563266263,-50.66128622373079
933,ksqexp,2,8,0.5,0.05,-74.56924790969391,-54.28441398902148
934,ksqexp,2,8,0.5,0.01,-77.93562541933413,-55.439950687826645
935,ksqexp,2,8,0.5,0,-78.0676625055371,-55.47787466151199
936,ksqexp,2,8,1,0.5,-36.97123971846627,-39.288694849096984
937,ksqexp,2,8,1,0.1,-46.2121182663761,-41.58725918932695
938,ksqexp,2,8,1,0.05,-47.81551546264669,-42.122046783880805
939,ksqexp,2,8,1,0.01,-48.04109215613063,-42.168834234392016
940,ksqexp,2,8,1,0,-48.04231049146382,-42.167131547514515
941,ksqexp,2,8,1.5,0.5,-38.385100534778886,-41.093252649010886
942,ksqexp,2,8,1.5,0.1,-40.970006180857666,-40.64171854213251
943,ksqexp,2,8,1.5,0.05,-41.04764156911604,-40.619882861123365
944,ksqexp,2,8,1.5,0.01,-40.83823445955406,-40.526619142308135
945,ksqexp,2,8,1.5,0,-40.82451658655996,-40.52087394283462
946,ksqexp,2,10,0.5,0.5,-36.20828561158616,-38.62473617980162
947,ksqexp,2,10,0.5,0.1,-66.29145388043095,-50.89566853174262
948,ksqexp,2,10,0.5,0.05,-77.92024627068956,-55.123950146726415
949,ksqexp,2,10,0.5,0.01,-85.35963568574712,-57.4611958213926
950,ksqexp,2,10,0.5,0,-85.86839068260403,-57.606094423386175
951,ksqexp,2,10,1,0.5,-37.14244236600012,-39.541532634209524
952,ksqexp,2,10,1,0.1,-47.561013329875024,-42.21445031028211
953,ksqexp,2,10,1,0.05,-50.52550705071291,-43.16077896346648
954,ksqexp,2,10,1,0.01,-52.24248739567421,-43.646351143329774
955,ksqexp,2,10,1,0,-52.34349897831691,-43.673407145049836
956,ksqexp,2,10,1.5,0.5,-38.642868494824064,-41.441655608277514
957,ksqexp,2,10,1.5,0.1,-42.32265986575068,-41.39942123359618
958,ksqexp,2,10,1.5,0.05,-43.34555401029324,-41.67006444409133
959,ksqexp,2,10,1.5,0.01,-43.92667409258865,-41.812064870906596
960,ksqexp,2,10,1.5,0,-43.959191842919196,-41.81983481880612
961,ksqexp,2,25,0.5,0.5,-36.40206508256992,-38.9157431182895
962,ksqexp,2,25,0.5,0.1,-68.52121966328347,-52.21086911957937
963,ksqexp,2,25,0.5,0.05,-82.94084129489343,-57.40042353625847
964,ksqexp,2,25,0.5,0.01,-95.268931461886325,-61.19212234173773
965,ksqexp,2,25,0.5,0,-96.22352691861808,-61.463803296691964
966,ksqexp,2,25,1,0.5,-37.45773837758096,-39.939182357348805
967,ksqexp,2,25,1,0.1,-49.7274903626544,-43.528037694365025
968,ksqexp,2,25,1,0.05,-54.35965081103824,-45.020969208940926
969,ksqexp,2,25,1,0.01,-57.82424636016585,-46.02335984236253
970,ksqexp,2,25,1,0,-58.041004123026866,-46.083639879669725
971,ksqexp,2,25,1.5,0.5,-39.04909718545519,-41.91526678011648
972,ksqexp,2,25,1.5,0.1,-44.38094976635179,-42.67985189414119
973,ksqexp,2,25,1.5,0.05,-46.53026894194742,-43.31331057743624
974,ksqexp,2,25,1.5,0.01,-48.0190272280251,-43.72455708935832
975,ksqexp,2,25,1.5,0,-48.10415329001674,-43.74757550705386
976,ksqexp,2.25,0.2,0.5,0.5,-56.220394017138105,-59.608109896588104
977,ksqexp,2.25,0.2,0.5,0.1,-857.147166361053,-914.7155671387678
978,ksqexp,2.25,0.2,0.5,0.05,-3549.8134741401154,-3732.16063386641
979,ksqexp,2.25,0.2,0.5,0.01,-75092.0708442562,-75857.18277514193
980,ksqexp,2.25,0.2,0.5,0,-1062524009666.8191,-1062631355374.2026
981,ksqexp,2.25,0.2,1,0.5,-53.59876022556938,-57.158940404168334
982,ksqexp,2.25,0.2,1,0.1,-864.1844571915763,-918.4352352647928
983,ksqexp,2.25,0.2,1,0.05,-3515.1467341071952,-3641.2569489247617
984,ksqexp,2.25,0.2,1,0.01,-71297.8125827817,-72699.84292823709
985,ksqexp,2.25,0.2,1,0,-1075568532664.6509,-1075667513545.6537
986,ksqexp,2.25,0.2,1.5,0.5,-52.235268588286694,-55.768348549648415
987,ksqexp,2.25,0.2,1.5,0.1,-868.4810332109876,-918.9488726419308
988,ksqexp,2.25,0.2,1.5,0.05,-3461.517044362857,-3549.6787573089673
989,ksqexp,2.25,0.2,1.5,0.01,-69304.19381379534,-71038.11433685878
990,ksqexp,2.25,0.2,1.5,0,-1077987790587.8102,-1078075641354.5564
991,ksqexp,2.25,0.5,0.5,0.5,-48.91701802780482,-51.87826668710407
992,ksqexp,2.25,0.5,0.5,0.1,-730.1230103953587,-740.7296475686938
993,ksqexp,2.25,0.5,0.5,0.05,-2942.4769658348764,-2991.9224454195473
994,ksqexp,2.25,0.5,0.5,0.01,-50188.187110437124,-53801.679919944385
995,ksqexp,2.25,0.5,0.5,0,-9555485927.118061,-9578880280.44214
996,ksqexp,2.25,0.5,1,0.5,-48.37007777110317,-50.882826123302976
997,ksqexp,2.25,0.5,1,0.1,-721.9715675175805,-730.1754880490645
998,ksqexp,2.25,0.5,1,0.05,-2907.0269942841287,-3003.852159281096
999,ksqexp,2.25,0.5,1,0.01,-44581.84252834018,-47558.64080507347
1000,ksqexp,2.25,0.5,1,0,-4798289289.308856,-4809998614.443736
1001,ksqexp,2.25,0.5,1.5,0.5,-48.447178071127546,-50.764469452550735
1002,ksqexp,2.25,0.5,1.5,0.1,-722.3325243246896,-732.8146604854564
1003,ksqexp,2.25,0.5,1.5,0.05,-2845.061328142152,-2970.5882126290635
1004,ksqexp,2.25,0.5,1.5,0.01,-42947.523064352696,-45525.14746307126
1005,ksqexp,2.25,0.5,1.5,0,-3203454035.229308,-3211262955.495117
1006,ksqexp,2.25,1,0.5,0.5,-45.21938387787475,-46.97332912992934
1007,ksqexp,2.25,1,0.5,0.1,-701.9610456901099,-681.2863324564084
1008,ksqexp,2.25,1,0.5,0.05,-2499.1953259632974,-2450.4220153455594
1009,ksqexp,2.25,1,0.5,0.01,-31414.053945115145,-35038.46405940083
1010,ksqexp,2.25,1,0.5,0,-9187063.686475359,-9525367.302001834
1011,ksqexp,2.25,1,1,0.5,-45.54965554060161,-46.67469804455389
1012,ksqexp,2.25,1,1,0.1,-677.0053242736132,-659.6666090186171
1013,ksqexp,2.25,1,1,0.05,-2163.7535169595553,-2163.0376866964866
1014,ksqexp,2.25,1,1,0.01,-25546.119616044492,-28875.608413351827
1015,ksqexp,2.25,1,1,0,-4593526.429641844,-4762680.92960409
1016,ksqexp,2.25,1,1.5,0.5,-46.28933990042679,-47.25756590811078
1017,ksqexp,2.25,1,1.5,0.1,-646.5220396068196,-633.0473055465942
1018,ksqexp,2.25,1,1.5,0.05,-1969.7986278247806,-2001.585199519694
1019,ksqexp,2.25,1,1.5,0.01,-21961.90101951291,-24867.941580403323
1020,ksqexp,2.25,1,1.5,0,-3062340.102480942,-3175111.2235244797
1021,ksqexp,2.25,1.5,0.5,0.5,-44.79326154595941,-46.440968384977815
1022,ksqexp,2.25,1.5,0.5,0.1,-580.6966540865408,-562.6742109848886
1023,ksqexp,2.25,1.5,0.5,0.05,-1520.5289047394651,-1552.2186751695365
1024,ksqexp,2.25,1.5,0.5,0.01,-10028.071290101874,-10867.225787035606
1025,ksqexp,2.25,1.5,0.5,0,-190765.83676285605,-196927.84352339807
1026,ksqexp,2.25,1.5,1,0.5,-45.94477031776701,-47.16716079927545
1027,ksqexp,2.25,1.5,1,0.1,-487.6557584591618,-482.2320412310382
1028,ksqexp,2.25,1.5,1,0.05,-1113.340559638264,-1192.892325705714
1029,ksqexp,2.25,1.5,1,0.01,-8332.867977438682,-8869.494009866636
1030,ksqexp,2.25,1.5,1,0,-95366.65903639681,-98450.59782312991
1031,ksqexp,2.25,1.5,1.5,0.5,-47.11373679892951,-48.32816192251188
1032,ksqexp,2.25,1.5,1.5,0.1,-423.808699594506,-428.1606366450853
1033,ksqexp,2.25,1.5,1.5,0.05,-923.4049992168083,-1013.5254695346299
1034,ksqexp,2.25,1.5,1.5,0.01,-7625.878458983856,-8054.093566216771
1035,ksqexp,2.25,1.5,1.5,0,-63569.718860996305,-65627.63486541568
1036,ksqexp,2.25,2,0.5,0.5,-45.12146526433825,-47.24213052353037
1037,ksqexp,2.25,2,0.5,0.1,-377.11955541009445,-383.2222032822308
1038,ksqexp,2.25,2,0.5,0.05,-753.544377788708,-811.9089231620554
1039,ksqexp,2.25,2,0.5,0.01,-5838.1953976406685,-6173.273102095052
1040,ksqexp,2.25,2,0.5,0,-16599.06029830967,-17627.62782936171
1041,ksqexp,2.25,2,1,0.5,-46.02497097145434,-47.9042360821579
1042,ksqexp,2.25,2,1,0.1,-268.83341620417957,-283.98211937424225
1043,ksqexp,2.25,2,1,0.05,-547.2486648542789,-597.2516308003133
1044,ksqexp,2.25,2,1,0.01,-4176.055108986209,-4453.57646747749
1045,ksqexp,2.25,2,1,0,-8289.721936870581,-8807.590081395567
1046,ksqexp,2.25,2,1.5,0.5,-46.77041797623845,-48.732563855316826
1047,ksqexp,2.25,2,1.5,0.1,-218.7558574769768,-236.62179418792167
1048,ksqexp,2.25,2,1.5,0.05,-469.3246498537404,-510.848963487524
1049,ksqexp,2.25,2,1.5,0.01,-3293.426536184959,-3524.3851333021457
1050,ksqexp,2.25,2,1.5,0,-5522.733099314521,-5870.368114322326
1051,ksqexp,2.25,2.5,0.5,0.5,-44.310934048045965,-46.81700718381737
1052,ksqexp,2.25,2.5,0.5,0.1,-237.479339588525,-247.59748078004904
1053,ksqexp,2.25,2.5,0.5,0.05,-499.14004014307176,-529.304518225169
1054,ksqexp,2.25,2.5,0.5,0.01,-2306.8157977051533,-2589.7686152048473
1055,ksqexp,2.25,2.5,0.5,0,-2968.316647777241,-3436.461500973842
1056,ksqexp,2.25,2.5,1,0.5,-44.38196314362714,-46.7737486326781
1057,ksqexp,2.25,2.5,1,0.1,-169.5373211617414,-181.5883015845131
1058,ksqexp,2.25,2.5,1,0.05,-382.77032899991735,-408.5258777648984
1059,ksqexp,2.25,2.5,1,0.01,-1283.4042472397416,-1468.6194688959501
1060,ksqexp,2.25,2.5,1,0,-1478.4278313625005,-1716.6107274012281
1061,ksqexp,2.25,2.5,1.5,0.5,-44.446411895531064,-46.998476219071215
1062,ksqexp,2.25,2.5,1.5,0.1,-143.6731575610558,-155.79607009317226
1063,ksqexp,2.25,2.5,1.5,0.05,-328.34491318856544,-352.2743185424407
1064,ksqexp,2.25,2.5,1.5,0.01,-891.8965794768632,-1028.9703991665417
1065,ksqexp,2.25,2.5,1.5,0,-984.5888815438345,-1146.1177916171332
1066,ksqexp,2.25,3,0.5,0.5,-42.59553865475458,-45.28824042737846
1067,ksqexp,2.25,3,0.5,0.1,-176.98845274549566,-181.39587911445136
1068,ksqexp,2.25,3,0.5,0.05,-374.27920697085136,-388.4359947665616
1069,ksqexp,2.25,3,0.5,0.01,-830.4107826134897,-970.5912437767323
1070,ksqexp,2.25,3,0.5,0,-858.3545536916803,-1045.8784413486699
1071,ksqexp,2.25,3,1,0.5,-41.93247262163092,-44.553007902240545
1072,ksqexp,2.25,3,1,0.1,-131.22264162655938,-137.89889149628064
1073,ksqexp,2.25,3,1,0.05,-260.06334003115956,-277.48811922778543
1074,ksqexp,2.25,3,1,0.01,-420.3881008395926,-505.22407447082156
1075,ksqexp,2.25,3,1,0,-426.27273134740784,-524.6361503737971
1076,ksqexp,2.25,3,1.5,0.5,-41.65515526985104,-44.45790515171555
1077,ksqexp,2.25,3,1.5,0.1,-112.37068205231914,-120.08912182462227
1078,ksqexp,2.25,3,1.5,0.05,-203.68142701582022,-222.1860641669578
1079,ksqexp,2.25,3,1.5,0.01,-282.7446578904253,-345.0176562063954
1080,ksqexp,2.25,3,1.5,0,-285.03611397415597,-353.67937672355794
1081,ksqexp,2.25,3.5,0.5,0.5,-40.830486979012555,-43.57769321462704
1082,ksqexp,2.25,3.5,0.5,0.1,-147.19525462987048,-146.07475399528323
1083,ksqexp,2.25,3.5,0.5,0.05,-270.4212238924688,-271.5753847885589
1084,ksqexp,2.25,3.5,0.5,0.01,-379.5697035584494,-434.2455700350836
1085,ksqexp,2.25,3.5,0.5,0,-372.4218841369587,-444.27792562182293
1086,ksqexp,2.25,3.5,1,0.5,-39.9330275338172,-42.60042464609871
1087,ksqexp,2.25,3.5,1,0.1,-106.4926166543164,-108.97522140277978
1088,ksqexp,2.25,3.5,1,0.05,-165.46130519705494,-173.55672812942
1089,ksqexp,2.25,3.5,1,0.01,-188.06197901585702,-224.0310575828636
1090,ksqexp,2.25,3.5,1,0,-185.42786999873283,-226.38579044097014
1091,ksqexp,2.25,3.5,1.5,0.5,-39.75308155827743,-42.60574285076905
1092,ksqexp,2.25,3.5,1.5,0.1,-88.2495417561535,-92.63236709042084
1093,ksqexp,2.25,3.5,1.5,0.05,-121.57866522989995,-131.95454682075498
1094,ksqexp,2.25,3.5,1.5,0.01,-127.29669707592072,-155.56542158665295
1095,ksqexp,2.25,3.5,1.5,0,-125.8871887315349,-156.54573546924206
1096,ksqexp,2.25,4,0.5,0.5,-39.42424412532888,-42.16265964076552
1097,ksqexp,2.25,4,0.5,0.1,-125.86154867627927,-119.15523459338861
1098,ksqexp,2.25,4,0.5,0.05,-198.2245238888836,-186.95410032478532
1099,ksqexp,2.25,4,0.5,0.01,-223.80786259450488,-239.46260589197456
1100,ksqexp,2.25,4,0.5,0,-217.39378089040596,-241.55711408339334
1101,ksqexp,2.25,4,1,0.5,-38.64430191485607,-41.28873742530645
1102,ksqexp,2.25,4,1,0.1,-87.14767212106004,-85.51751411925181
1103,ksqexp,2.25,4,1,0.05,-113.34734613798574,-113.339667534479
1104,ksqexp,2.25,4,1,0.01,-111.66044140641728,-126.64532940621626
1105,ksqexp,2.25,4,1,0,-109.60274116493558,-127.07048485013459
1106,ksqexp,2.25,4,1.5,0.5,-38.72229639697326,-41.56179612597396
1107,ksqexp,2.25,4,1.5,0.1,-70.43656356262493,-71.63753628193572
1108,ksqexp,2.25,4,1.5,0.05,-82.10851626514807,-86.24926038440171
1109,ksqexp,2.25,4,1.5,0.01,-77.52343667449206,-91.55456958192084
1110,ksqexp,2.25,4,1.5,0,-76.46305136470268,-91.69893186968069
1111,ksqexp,2.25,6,0.5,0.5,-36.5341525917872,-39.09542942697257
1112,ksqexp,2.25,6,0.5,0.1,-86.11264915778519,-66.14110740321244
1113,ksqexp,2.25,6,0.5,0.05,-110.13075118491481,-78.4933121887848
1114,ksqexp,2.25,6,0.5,0.01,-108.0271271928906,-80.85164103684164
1115,ksqexp,2.25,6,0.5,0,-105.99026826099879,-80.55869385356307
1116,ksqexp,2.25,6,1,0.5,-36.61008358198589,-39.059911206353966
1117,ksqexp,2.25,6,1,0.1,-58.29993331438457,-49.181278249842705
1118,ksqexp,2.25,6,1,0.05,-63.0410010397279,-52.03353781334391
1119,ksqexp,2.25,6,1,0.01,-58.524222156566104,-51.488401730378676
1120,ksqexp,2.25,6,1,0,-57.87879938703739,-51.37432986825579
1121,ksqexp,2.25,6,1.5,0.5,-37.48742037808587,-40.2199310427077
1122,ksqexp,2.25,6,1.5,0.1,-48.214137270733126,-44.52892431432748
1123,ksqexp,2.25,6,1.5,0.05,-48.58177840457622,-45.22096993366122
1124,ksqexp,2.25,6,1.5,0.01,-44.97125014855522,-44.50484900173896
1125,ksqexp,2.25,6,1.5,0,-44.63229986456419,-44.43686530675766
1126,ksqexp,2.25,8,0.5,0.5,-35.7027131967367,-38.21213352636796
1127,ksqexp,2.25,8,0.5,0.1,-80.60431405355311,-57.11310163783496
1128,ksqexp,2.25,8,0.5,0.05,-103.73477194148623,-65.58569424628587
1129,ksqexp,2.25,8,0.5,0.01,-110.22188643536256,-67.96152664768586
1130,ksqexp,2.25,8,0.5,0,-109.95394322609242,-67.90941185000887
1131,ksqexp,2.25,8,1,0.5,-36.306614971911884,-38.7706945100804
1132,ksqexp,2.25,8,1,0.1,-56.11342102357763,-45.002036857766285
1133,ksqexp,2.25,8,1,0.05,-61.69153953584068,-46.88139991945128
1134,ksqexp,2.25,8,1,0.01,-61.50699047894247,-46.865629327684815
1135,ksqexp,2.25,8,1,0,-61.36426695370057,-46.82827507749307
1136,ksqexp,2.25,8,1.5,0.5,-37.55920008905739,-40.40356812298673
1137,ksqexp,2.25,8,1.5,0.1,-47.46437338651034,-42.45438094552748
1138,ksqexp,2.25,8,1.5,0.05,-48.950176559086124,-42.89445681382757
1139,ksqexp,2.25,8,1.5,0.01,-48.05370990823826,-42.61894244750562
1140,ksqexp,2.25,8,1.5,0,-47.9583649630432,-42.59188625337034
1141,ksqexp,2.25,10,0.5,0.5,-35.60243385215629,-38.182094484711826
1142,ksqexp,2.25,10,0.5,0.1,-81.34040048809673,-56.349671946589766
1143,ksqexp,2.25,10,0.5,0.05,-107.29530483471588,-65.17414288271573
1144,ksqexp,2.25,10,0.5,0.01,-123.37126217420554,-69.98372088533954
1145,ksqexp,2.25,10,0.5,0,-124.49482223468438,-70.283207593713
1146,ksqexp,2.25,10,1,0.5,-36.42431543558064,-38.989891459718365
1147,ksqexp,2.25,10,1,0.1,-57.452586205461515,-45.23177696124931
1148,ksqexp,2.25,10,1,0.05,-65.16925838689197,-47.605095436938285
1149,ksqexp,2.25,10,1,0.01,-69.0185898221136,-48.652647980514125
1150,ksqexp,2.25,10,1,0,-69.25058973061581,-48.711123389464085
1151,ksqexp,2.25,10,1.5,0.5,-37.81490514299205,-40.78928592963977
1152,ksqexp,2.25,10,1.5,0.1,-48.97928993698646,-43.07398604164737
1153,ksqexp,2.25,10,1.5,0.05,-52.1453485281949,-43.95283992034006
1154,ksqexp,2.25,10,1.5,0.01,-53.54773501291966,-44.29300972337757
1155,ksqexp,2.25,10,1.5,0,-53.626502327758296,-44.311085421026526
1156,ksqexp,2.25,25,0.5,0.5,-35.806886704894175,-38.547725811041
1157,ksqexp,2.25,25,0.5,0.1,-84.48639028195358,-57.9676801838521
1158,ksqexp,2.25,25,0.5,0.05,-116.19892852125697,-68.66892303318566
1159,ksqexp,2.25,25,0.5,0.01,-149.64574777782707,-78.41733299797303
1160,ksqexp,2.25,25,0.5,0,-153.17734542568755,-79.36832029081778
1161,ksqexp,2.25,25,1,0.5,-36.80500209682068,-39.5294200087342
1162,ksqexp,2.25,25,1,0.1,-60.800525148522134,-47.09889618729072
1163,ksqexp,2.25,25,1,0.05,-72.5975342368346,-50.75097137196474
1164,ksqexp,2.25,25,1,0.01,-83.50802843134198,-53.784792596463014
1165,ksqexp,2.25,25,1,0,-84.37428412563305,-54.0154520377393
1166,ksqexp,2.25,25,1.5,0.5,-38.324211998587245,-41.4501438924618
1167,ksqexp,2.25,25,1.5,0.1,-52.29068836325572,-44.99290504882063
1168,ksqexp,2.25,25,1.5,0.05,-58.54148813235622,-46.81838951584187
1169,ksqexp,2.25,25,1.5,0.01,-63.86311390833653,-48.25834180374757
1170,ksqexp,2.25,25,1.5,0,-64.2305871212209,-48.35515271891667
1171,ksqexp,2.5,0.2,0.5,0.5,-56.60236561133297,-60.117725545811574
1172,ksqexp,2.5,0.2,0.5,0.1,-852.4059499287977,-916.6635660100318
1173,ksqexp,2.5,0.2,0.5,0.05,-3501.739251956053,-3753.6266021472024
1174,ksqexp,2.5,0.2,0.5,0.01,-79877.78443960931,-81473.88869975715
1175,ksqexp,2.5,0.2,0.5,0,-1053714503574.3864,-1053834562107.933
1176,ksqexp,2.5,0.2,1,0.5,-53.925657485343535,-57.65954015017159
1177,ksqexp,2.5,0.2,1,0.1,-853.0498309691277,-918.0562875141517
1178,ksqexp,2.5,0.2,1,0.05,-3484.2643860645485,-3704.9200289842784
1179,ksqexp,2.5,0.2,1,0.01,-77763.50181685199,-79751.72522252408
1180,ksqexp,2.5,0.2,1,0,-1062373154460.9069,-1062493873983.9806
1181,ksqexp,2.5,0.2,1.5,0.5,-52.41413794456739,-56.15444526175377
1182,ksqexp,2.5,0.2,1.5,0.1,-855.3491311094119,-920.3107981439308
1183,ksqexp,2.5,0.2,1.5,0.05,-3451.7388791417197,-3641.561052632339
1184,ksqexp,2.5,0.2,1.5,0.01,-76410.29731163866,-78705.79014798916
1185,ksqexp,2.5,0.2,1.5,0,-1072314837634.0387,-1072433532770.6511
1186,ksqexp,2.5,0.5,0.5,0.5,-48.97037762460459,-52.256869263466086
1187,ksqexp,2.5,0.5,0.5,0.1,-736.9476211769711,-759.4003218366626
1188,ksqexp,2.5,0.5,0.5,0.05,-2944.1533943182017,-3003.678153064642
1189,ksqexp,2.5,0.5,0.5,0.01,-59171.5086658121,-64524.137085139766
1190,ksqexp,2.5,0.5,0.5,0,-27011545298.386555,-27088171366.140564
1191,ksqexp,2.5,0.5,1,0.5,-48.179312810194155,-51.0449515656948
1192,ksqexp,2.5,0.5,1,0.1,-720.6471675907103,-736.9794139859315
1193,ksqexp,2.5,0.5,1,0.05,-2963.380486419474,-3058.71828817824
1194,ksqexp,2.5,0.5,1,0.01,-50943.66535823379,-55703.215981953515
1195,ksqexp,2.5,0.5,1,0,-13669645013.32348,-13708051348.246555
1196,ksqexp,2.5,0.5,1.5,0.5,-48.15578417256419,-50.83606781025499
1197,ksqexp,2.5,0.5,1.5,0.1,-719.3886095726363,-734.7593110281622
1198,ksqexp,2.5,0.5,1.5,0.05,-2958.6850264168575,-3087.2543549265697
1199,ksqexp,2.5,0.5,1.5,0.01,-47206.118293004096,-51505.98352609194
1200,ksqexp,2.5,0.5,1.5,0,-9150110308.610044,-9175735299.039286
1201,ksqexp,2.5,1,0.5,0.5,-45.16236557822852,-47.236716230500576
1202,ksqexp,2.5,1,0.5,0.1,-715.9051912845127,-698.8615425622746
1203,ksqexp,2.5,1,0.5,0.05,-2836.24147142515,-2753.3551812248365
1204,ksqexp,2.5,1,0.5,0.01,-37682.05590982783,-41602.19107238049
1205,ksqexp,2.5,1,0.5,0,-26014918.453999445,-27104019.01622018
1206,ksqexp,2.5,1,1,0.5,-45.161366831061,-46.594616242724626
1207,ksqexp,2.5,1,1,0.1,-720.0041384489407,-701.9605675042076
1208,ksqexp,2.5,1,1,0.05,-2597.2715158496167,-2537.257231291215
1209,ksqexp,2.5,1,1,0.01,-32450.342255914282,-36893.69242079137
1210,ksqexp,2.5,1,1,0,-13007602.000757009,-13552160.625694435
1211,ksqexp,2.5,1,1.5,0.5,-45.61393378887291,-46.86178198358761
1212,ksqexp,2.5,1,1.5,0.1,-712.1732626131658,-693.6543813537386
1213,ksqexp,2.5,1,1.5,0.05,-2402.238714236044,-2370.6092568514987
1214,ksqexp,2.5,1,1.5,0.01,-29241.505072950233,-33549.68477663482
1215,ksqexp,2.5,1,1.5,0,-8671753.926837936,-9034795.830861654
1216,ksqexp,2.5,1.5,0.5,0.5,-44.28405328959936,-45.99500363205608
1217,ksqexp,2.5,1.5,0.5,0.1,-655.4356639094126,-628.2509062432188
1218,ksqexp,2.5,1.5,0.5,0.05,-2043.6890778375814,-1997.9642951550534
1219,ksqexp,2.5,1.5,0.5,0.01,-13174.54425887694,-14717.070549769385
1220,ksqexp,2.5,1.5,0.5,0,-498873.34426859964,-522692.1201875323
1221,ksqexp,2.5,1.5,1,0.5,-45.19850478009566,-46.42350828540654
1222,ksqexp,2.5,1.5,1,0.1,-600.0146195370666,-577.4973915411849
1223,ksqexp,2.5,1.5,1,0.05,-1565.6864830463576,-1601.8486081322112
1224,ksqexp,2.5,1.5,1,0.01,-10579.8147761798,-11482.487718503071
1225,ksqexp,2.5,1.5,1,0,-249414.72936602426,-261327.4989953797
1226,ksqexp,2.5,1.5,1.5,0.5,-46.25159656629001,-47.44885973539659
1227,ksqexp,2.5,1.5,1.5,0.1,-549.1883394800924,-534.0008178039719
1228,ksqexp,2.5,1.5,1.5,0.05,-1300.8162023307198,-1377.6836119504546
1229,ksqexp,2.5,1.5,1.5,0.01,-9525.066383846059,-10182.718867891648
1230,ksqexp,2.5,1.5,1.5,0,-166264.6153212203,-174208.71466688352
1231,ksqexp,2.5,2,0.5,0.5,-44.68566982770361,-46.7715261875603
1232,ksqexp,2.5,2,0.5,0.1,-481.5216705274315,-475.19992289838234
1233,ksqexp,2.5,2,0.5,0.05,-1037.9864673555373,-1087.6643694013605
1234,ksqexp,2.5,2,0.5,0.01,-7962.149871585678,-8288.859726994497
1235,ksqexp,2.5,2,0.5,0,-38239.580683205415,-41343.83239104421
1236,ksqexp,2.5,2,1,0.5,-45.67156571220996,-47.4608241937255
1237,ksqexp,2.5,2,1,0.1,-365.77510094678087,-371.7708588160475
1238,ksqexp,2.5,2,1,0.05,-718.2744666325794,-781.0662161528645
1239,ksqexp,2.5,2,1,0.01,-6316.874233012758,-6599.628330731988
1240,ksqexp,2.5,2,1,0,-19104.70973286554,-20661.03861499938
1241,ksqexp,2.5,2,1.5,0.5,-46.556538678905035,-48.40020982356035
1242,ksqexp,2.5,2,1.5,0.1,-299.60016359690314,-312.4834657695469
1243,ksqexp,2.5,2,1.5,0.05,-595.1002362234811,-653.8277385162729
1244,ksqexp,2.5,2,1.5,0.01,-5305.925840117161,-5589.372271181054
1245,ksqexp,2.5,2,1.5,0,-12729.209860094172,-13769.564455059231
1246,ksqexp,2.5,2.5,0.5,0.5,-44.49348650812154,-47.023782609545364
1247,ksqexp,2.5,2.5,0.5,0.1,-308.28863943588505,-315.41708211940266
1248,ksqexp,2.5,2.5,0.5,0.05,-618.9263410982949,-653.9579359981224
1249,ksqexp,2.5,2.5,0.5,0.01,-4154.599491415278,-4488.849797641581
1250,ksqexp,2.5,2.5,0.5,0,-6415.295575346091,-7597.074453599716
1251,ksqexp,2.5,2.5,1,0.5,-44.90336884173731,-47.272823802812454
1252,ksqexp,2.5,2.5,1,0.1,-215.0990678303708,-226.99730651416849
1253,ksqexp,2.5,2.5,1,0.05,-469.1165204240688,-500.4900657361975
1254,ksqexp,2.5,2.5,1,0.01,-2508.616439287786,-2796.826819151313
1255,ksqexp,2.5,2.5,1,0,-3196.9499165377183,-3792.665689496735
1256,ksqexp,2.5,2.5,1.5,0.5,-45.22020398836705,-47.71728374446578
1257,ksqexp,2.5,2.5,1.5,0.1,-176.56602386475987,-189.74670386432638
1258,ksqexp,2.5,2.5,1.5,0.05,-410.4043460608629,-438.25974116363057
1259,ksqexp,2.5,2.5,1.5,0.01,-1795.073632757853,-2037.0591503053706
1260,ksqexp,2.5,2.5,1.5,0,-2126.9586827198145,-2527.3200851260017
1261,ksqexp,2.5,3,0.5,0.5,-43.30328227281117,-46.1009117951777
1262,ksqexp,2.5,3,0.5,0.1,-214.59036986172768,-218.64841384718784
1263,ksqexp,2.5,3,0.5,0.05,-468.22723184089585,-480.25738322566536
1264,ksqexp,2.5,3,0.5,0.01,-1703.3556541277965,-1922.3853120300146
1265,ksqexp,2.5,3,0.5,0,-1810.428775371255,-2258.1142710787576
1266,ksqexp,2.5,3,1,0.5,-42.935231022229196,-45.64249979695766
1267,ksqexp,2.5,3,1,0.1,-155.57279234658225,-161.9230150505344
1268,ksqexp,2.5,3,1,0.05,-355.30386295171115,-370.6724322908273
1269,ksqexp,2.5,3,1,0.01,-883.3148683633426,-1037.3349386181953
1270,ksqexp,2.5,3,1,0,-897.5987075504074,-1126.807958531621
1271,ksqexp,2.5,3,1.5,0.5,-42.71480904566466,-45.59082683199921
1272,ksqexp,2.5,3,1.5,0.1,-133.0141799247142,-140.52761176766566
1273,ksqexp,2.5,3,1.5,0.05,-298.2418269229286,-314.8858085165059
1274,ksqexp,2.5,3,1.5,0.01,-593.2138578908502,-712.0745416776649
1275,ksqexp,2.5,3,1.5,0,-596.112675098385,-752.4965106886428
1276,ksqexp,2.5,3.5,0.5,0.5,-41.67274997427668,-44.5772863151647
1277,ksqexp,2.5,3.5,0.5,0.1,-173.23192107830522,-171.11290066878038
1278,ksqexp,2.5,3.5,0.5,0.05,-372.12515977028636,-366.7493639848808
1279,ksqexp,2.5,3.5,0.5,0.01,-778.6042256671805,-873.8416145849959
1280,ksqexp,2.5,3.5,0.5,0,-752.3981702559828,-929.864787434385
1281,ksqexp,2.5,3.5,1,0.5,-40.789513149974546,-43.61394239065879
1282,ksqexp,2.5,3.5,1,0.1,-128.84730807965397,-129.91563639955973
1283,ksqexp,2.5,3.5,1,0.05,-256.4649544238051,-259.91410486063745
1284,ksqexp,2.5,3.5,1,0.01,-382.940997668186,-451.32660856656497
1285,ksqexp,2.5,3.5,1,0,-370.9517535882382,-465.5016876488854
1286,ksqexp,2.5,3.5,1.5,0.5,-40.398354535305266,-43.39977658840262
1287,ksqexp,2.5,3.5,1.5,0.1,-110.04735564453537,-113.06834071697241
1288,ksqexp,2.5,3.5,1.5,0.05,-199.24872838593214,-206.67447665579567
1289,ksqexp,2.5,3.5,1.5,0.01,-253.26341069470496,-307.2672019108989
1290,ksqexp,2.5,3.5,1.5,0,-246.59360487922692,-313.5046444165298
1291,ksqexp,2.5,4,0.5,0.5,-40.145925532721456,-43.06563724593282
1292,ksqexp,2.5,4,0.5,0.1,-150.9804425169,-142.6928926111429
1293,ksqexp,2.5,4,0.5,0.05,-294.41024018321934,-271.9022383134781
1294,ksqexp,2.5,4,0.5,0.01,-435.9347738277558,-466.11705109845053
1295,ksqexp,2.5,4,0.5,0,-411.60894891245977,-482.0008313084548
1296,ksqexp,2.5,4,1,0.5,-39.14352853336774,-41.972820939637906
1297,ksqexp,2.5,4,1,0.1,-110.62032405270959,-106.4518491373032
1298,ksqexp,2.5,4,1,0.05,-184.69187718851146,-176.99762019159903
1299,ksqexp,2.5,4,1,0.01,-210.7717300277281,-239.76856962774121
1300,ksqexp,2.5,4,1,0,-202.50254253959207,-243.88100594560254
1301,ksqexp,2.5,4,1.5,0.5,-38.88440309304891,-41.89738147979898
1302,ksqexp,2.5,4,1.5,0.1,-92.29598879850256,-90.87714668196301
1303,ksqexp,2.5,4,1.5,0.05,-136.43157822372643,-135.48505524600196
1304,ksqexp,2.5,4,1.5,0.01,-139.834177058246,-165.49738816429343
1305,ksqexp,2.5,4,1.5,0,-135.59106388837787,-167.29838756695202
1306,ksqexp,2.5,6,0.5,0.5,-36.6728820132545,-39.432354443972905
1307,ksqexp,2.5,6,0.5,0.1,-108.54866842001286,-80.5816285076322
1308,ksqexp,2.5,6,0.5,0.05,-167.7167908503468,-110.52582318388725
1309,ksqexp,2.5,6,0.5,0.01,-175.23560043067977,-123.79284528989486
1310,ksqexp,2.5,6,0.5,0,-166.2864630521909,-123.06786825437288
1311,ksqexp,2.5,6,1,0.5,-36.40168263035288,-39.050942242426814
1312,ksqexp,2.5,6,1,0.1,-76.19744065553054,-59.02697166664111
1313,ksqexp,2.5,6,1,0.05,-95.5624184393355,-69.32723413302843
1314,ksqexp,2.5,6,1,0.01,-87.52454539672543,-70.5705814157301
1315,ksqexp,2.5,6,1,0,-84.79099021916498,-70.29658075814292
1316,ksqexp,2.5,6,1.5,0.5,-36.982730724541085,-39.883641708923086
1317,ksqexp,2.5,6,1.5,0.1,-62.18194483968545,-51.58890127307708
1318,ksqexp,2.5,6,1.5,0.05,-69.73878507811281,-56.132625504441954
1319,ksqexp,2.5,6,1.5,0.01,-61.78233278897025,-55.657185431205775
1320,ksqexp,2.5,6,1.5,0,-60.416489386351515,-55.4968083599588
1321,ksqexp,2.5,8,0.5,0.5,-35.44573432202961,-38.101854586292575
1322,ksqexp,2.5,8,0.5,0.1,-99.67474425790584,-65.72233063470733
1323,ksqexp,2.5,8,0.5,0.05,-153.11267953302456,-84.5408421531273
1324,ksqexp,2.5,8,0.5,0.01,-172.83222987363666,-91.60722970039244
1325,ksqexp,2.5,8,0.5,0,-169.95016489514305,-91.05963954193352
1326,ksqexp,2.5,8,1,0.5,-35.788956425091186,-38.3919294972648
1327,ksqexp,2.5,8,1,0.1,-71.52466375328767,-50.71138567775005
1328,ksqexp,2.5,8,1,0.05,-89.49151374248028,-56.55617756235267
1329,ksqexp,2.5,8,1,0.01,-89.60142608674924,-56.916052053710835
1330,ksqexp,2.5,8,1,0,-88.64677463542918,-56.71787056270767
1331,ksqexp,2.5,8,1.5,0.5,-36.847975264760464,-39.81247818217437
1332,ksqexp,2.5,8,1.5,0.1,-59.475890129953996,-46.335516433944505
1333,ksqexp,2.5,8,1.5,0.05,-67.06325886353743,-48.66852169221086
1334,ksqexp,2.5,8,1.5,0.01,-64.83961972434003,-48.172398098467326
1335,ksqexp,2.5,8,1.5,0,-64.33630131908616,-48.061271003594186
1336,ksqexp,2.5,10,0.5,0.5,-35.15491670613487,-37.85926771919132
1337,ksqexp,2.5,10,0.5,0.1,-99.53163911953705,-63.29914486702459
1338,ksqexp,2.5,10,0.5,0.05,-156.01085547873228,-81.329599717695
1339,ksqexp,2.5,10,0.5,0.01,-193.48526790374316,-91.86664091735436
1340,ksqexp,2.5,10,0.5,0,-195.00446478700627,-92.26361541232981
1341,ksqexp,2.5,10,1,0.5,-35.803275529967905,-38.508471105315266
1342,ksqexp,2.5,10,1,0.1,-72.57992870748495,-50.045073906882855
1343,ksqexp,2.5,10,1,0.05,-93.14092822666242,-56.013623267664315
1344,ksqexp,2.5,10,1,0.01,-101.76480541057131,-58.25518568031572
1345,ksqexp,2.5,10,1,0,-102.03340036317084,-58.320980743164036
1346,ksqexp,2.5,10,1.5,0.5,-37.0617162884334,-40.18188069052594
1347,ksqexp,2.5,10,1.5,0.1,-60.933639559272216,-46.41607493566077
1348,ksqexp,2.5,10,1.5,0.05,-70.75118135450978,-49.07583995748451
1349,ksqexp,2.5,10,1.5,0.01,-73.76422540743278,-49.78341627306746
1350,ksqexp,2.5,10,1.5,0,-73.83370231980025,-49.797425952917514
1351,ksqexp,2.5,25,0.5,0.5,-35.31597673578542,-38.24835267535705
1352,ksqexp,2.5,25,0.5,0.1,-103.11487053107709,-64.73399862089619
1353,ksqexp,2.5,25,0.5,0.05,-168.78066864953198,-85.46768868875165
1354,ksqexp,2.5,25,0.5,0.01,-251.43388232468132,-108.35105948059153
1355,ksqexp,2.5,25,0.5,0,-262.9450304501472,-111.33988440543331
1356,ksqexp,2.5,25,1,0.5,-36.212810001829425,-39.16727539411438
1357,ksqexp,2.5,25,1,0.1,-76.92470519887908,-52.21657970005614
1358,ksqexp,2.5,25,1,0.05,-104.78599396877037,-60.3575329853614
1359,ksqexp,2.5,25,1,0.01,-134.10625059814555,-68.20001884728315
1360,ksqexp,2.5,25,1,0,-137.08452577746328,-68.96843225550545
1361,ksqexp,2.5,25,1.5,0.5,-37.64510054346721,-41.025399555871815
1362,ksqexp,2.5,25,1.5,0.1,-65.43488863618182,-48.83704096041068
1363,ksqexp,2.5,25,1.5,0.05,-81.27728072046418,-53.271074031335104
1364,ksqexp,2.5,25,1.5,0.01,-96.60812019662613,-57.29806795207627
1365,ksqexp,2.5,25,1.5,0,-97.92168097158317,-57.63527163503303
1366,kexp,1,0.2,0.5,0.5,-50.10478750459321,-50.859523585197536
1367,kexp,1,0.2,0.5,0.1,-129.74891754832717,-130.62136149810692
1368,kexp,1,0.2,0.5,0.05,-151.60403263696975,-152.4052013112853
1369,kexp,1,0.2,0.5,0.01,-161.09178814366044,-161.8642127988188
1370,kexp,1,0.2,0.5,0,-161.5233546487865,-162.29450804632225
1371,kexp,1,0.2,1,0.5,-47.91255264069646,-48.414179485193564
1372,kexp,1,0.2,1,0.1,-83.27427997625783,-83.72522852216831
1373,kexp,1,0.2,1,0.05,-89.4718046581719,-89.90256732421356
1374,kexp,1,0.2,1,0.01,-91.8256137047427,-92.24909640999454
1375,kexp,1,0.2,1,0,-91.92834306400444,-92.35151304898152
1376,kexp,1,0.2,1.5,0.5,-47.50732683384917,-47.881275472679526
1377,kexp,1,0.2,1.5,0.1,-67.68717435445164,-68.00694809801224
1378,kexp,1,0.2,1.5,0.05,-70.4710427578967,-70.78156633310135
1379,kexp,1,0.2,1.5,0.01,-71.47735931363397,-71.78467143681762
1380,kexp,1,0.2,1.5,0,-71.52066263531643,-71.82783814944204
1381,kexp,1,0.5,0.5,0.5,-44.62072243033433,-45.49453797816775
1382,kexp,1,0.5,0.5,0.1,-71.92691110801266,-73.05989766561191
1383,kexp,1,0.5,0.5,0.05,-76.06153793225408,-77.1822147533623
1384,kexp,1,0.5,0.5,0.01,-77.58604590611287,-78.701734674438
1385,kexp,1,0.5,0.5,0,-77.6520184718624,-78.76748725054803
1386,kexp,1,0.5,1,0.5,-43.94436140031327,-44.542444213485325
1387,kexp,1,0.5,1,0.1,-52.66802371927637,-53.32859016232124
1388,kexp,1,0.5,1,0.05,-53.62092035155387,-54.27918565786232
1389,kexp,1,0.5,1,0.01,-53.95190137183545,-54.60929708470074
1390,kexp,1,0.5,1,0,-53.96598841107974,-54.62334641589083
1391,kexp,1,0.5,1.5,0.5,-44.774456817955766,-45.24804948615241
1392,kexp,1,0.5,1.5,0.1,-48.37431028268265,-48.879708278025674
1393,kexp,1,0.5,1.5,0.05,-48.73361611128943,-49.238486838668244
1394,kexp,1,0.5,1.5,0.01,-48.856114263201256,-49.36077773249341
1395,kexp,1,0.5,1.5,0,-48.861301824145634,-49.365956237665515
1396,kexp,1,1,0.5,0.5,-42.39160647623938,-43.39973199560222
1397,kexp,1,1,0.5,0.1,-52.69320116787609,-54.35567297739403
1398,kexp,1,1,0.5,0.05,-53.76957666576971,-55.46141267664588
1399,kexp,1,1,0.5,0.01,-54.14259645417734,-55.84402511772934
1400,kexp,1,1,0.5,0,-54.15846374579313,-55.86029428074493
1401,kexp,1,1,1,0.5,-42.605663634275466,-43.352494253693706
1402,kexp,1,1,1,0.1,-44.17483978833991,-45.16382952764514
1403,kexp,1,1,1,0.05,-44.346829244129204,-45.345314201531714
1404,kexp,1,1,1,0.01,-44.405138832801164,-45.40669771003975
1405,kexp,1,1,1,0,-44.40760430457109,-45.40929164393418
1406,kexp,1,1,1.5,0.5,-44.16335194688313,-44.78573147586849
1407,kexp,1,1,1.5,0.1,-43.90872620515713,-44.670136034865635
1408,kexp,1,1,1.5,0.05,-43.93749574996253,-44.70406716101777
1409,kexp,1,1,1.5,0.01,-43.94754664430025,-44.71578338427661
1410,kexp,1,1,1.5,0,-43.947974590883675,-44.71628086505021
1411,kexp,1,1.5,0.5,0.5,-41.40808811956838,-42.515695851763496
1412,kexp,1,1.5,0.5,0.1,-46.53546713423223,-48.496810006300706
1413,kexp,1,1.5,0.5,0.05,-47.00896985097521,-49.01351822025824
1414,kexp,1,1.5,0.5,0.01,-47.16990805573825,-49.1886585997501
1415,kexp,1,1.5,0.5,0,-47.176718287442476,-49.1960647015327
1416,kexp,1,1.5,1,0.5,-42.07517256984077,-42.925556998433926
1417,kexp,1,1.5,1,0.1,-41.80179175319125,-42.97909304173453
1418,kexp,1,1.5,1,0.05,-41.833782360525085,-43.02469388341602
1419,kexp,1,1.5,1,0.01,-41.84495387260185,-43.040282029708784
1420,kexp,1,1.5,1,0,-41.84542948771293,-43.04094232878392
1421,kexp,1,1.5,1.5,0.5,-44.00988712988616,-44.73233295615336
1422,kexp,1,1.5,1.5,0.1,-42.8932244193192,-43.80442393549666
1423,kexp,1,1.5,1.5,0.05,-42.86739368361622,-43.785852238346294
1424,kexp,1,1.5,1.5,0.01,-42.85932410397507,-43.78012780277707
1425,kexp,1,1.5,1.5,0,-42.858989987867645,-43.779891637931726
1426,kexp,1,2,0.5,0.5,-40.766070839713116,-41.94261384156282
1427,kexp,1,2,0.5,0.1,-43.55232495304083,-45.649968991621385
1428,kexp,1,2,0.5,0.05,-43.811410585197,-45.95458777934322
1429,kexp,1,2,0.5,0.01,-43.898877019474014,-46.05696514037439
1430,kexp,1,2,0.5,0,-43.90257145653769,-46.06128453971925
1431,kexp,1,2,1,0.5,-41.74093155801145,-42.65904739703908
1432,kexp,1,2,1,0.1,-40.7192422656095,-41.99598911610328
1433,kexp,1,2,1,0.05,-40.70411005493048,-41.995575214481796
1434,kexp,1,2,1,0.01,-40.699636530785895,-41.995871131290556
1435,kexp,1,2,1,0,-40.699454116459286,-41.99588807918927
1436,kexp,1,2,1.5,0.5,-43.914819542513335,-44.70341020049358
1437,kexp,1,2,1.5,0.1,-42.47987278512309,-43.478198175131126
1438,kexp,1,2,1.5,0.05,-42.43673563173558,-43.44305480958121
1439,kexp,1,2,1.5,0.01,-42.42297784444539,-43.43187766647542
1440,kexp,1,2,1.5,0,-42.42240510316838,-43.431412692414
1441,kexp,1,2.5,0.5,0.5,-40.343790177077125,-41.56893178564455
1442,kexp,1,2.5,0.5,0.1,-41.923998579725435,-44.08403856019164
1443,kexp,1,2.5,0.5,0.05,-42.08770687036967,-44.29200359745932
1444,kexp,1,2.5,0.5,0.01,-42.1429314893555,-44.36165851012724
1445,kexp,1,2.5,0.5,0,-42.14526347034108,-44.364594613801714
1446,kexp,1,2.5,1,0.5,-41.531576586794095,-42.496080825047294
1447,kexp,1,2.5,1,0.1,-40.153629244431,-41.48783207999707
1448,kexp,1,2.5,1,0.05,-40.11839225011259,-41.46745309855602
1449,kexp,1,2.5,1,0.01,-40.10729205101787,-41.46116055159118
1450,kexp,1,2.5,1,0,-40.10683143878096,-41.46090082243747
1451,kexp,1,2.5,1.5,0.5,-43.86015826381118,-44.69515617721494
1452,kexp,1,2.5,1.5,0.1,-42.28485956914289,-43.339454696099466
1453,kexp,1,2.5,1.5,0.05,-42.23472549888655,-43.297593874168584
1454,kexp,1,2.5,1.5,0.01,-42.218679473696945,-43.2842168345546
1455,kexp,1,2.5,1.5,0,-42.21801086166461,-43.28365965871931
1456,kexp,1,3,0.5,0.5,-40.07401567948783,-41.335498055841214
1457,kexp,1,3,0.5,0.1,-40.99142194269113,-43.18632988986617
1458,kexp,1,3,0.5,0.05,-41.107480416812386,-43.34483014350354
1459,kexp,1,3,0.5,0.01,-41.14672614417439,-43.39786297323044
1460,kexp,1,3,0.5,0,-41.148384311540546,-43.400097769171836
1461,kexp,1,3,1,0.5,-41.40580335522878,-42.404494715015645
1462,kexp,1,3,1,0.1,-39.843966915299546,-41.21705400440469
1463,kexp,1,3,1,0.05,-39.79904226296629,-41.186916062188125
1464,kexp,1,3,1,0.01,-39.78476256277384,-41.17741553430695
1465,kexp,1,3,1,0,-39.784168616534345,-41.17702122289544
1466,kexp,1,3,1.5,0.5,-43.83407116666853,-44.70380620486254
1467,kexp,1,3,1.5,0.1,-42.191217815723164,-43.286531016251146
1468,kexp,1,3,1.5,0.05,-42.137887390258406,-43.24162370196006
1469,kexp,1,3,1.5,0.01,-42.12079906738464,-43.227251340432865
1470,kexp,1,3,1.5,0,-42.1200868182702,-43.226652474207505
1471,kexp,1,3.5,0.5,0.5,-39.905323449208765,-41.19552313134372
1472,kexp,1,3.5,0.5,0.1,-40.44158255422528,-42.66299653086712
1473,kexp,1,3.5,0.5,0.05,-40.53194158997868,-42.794393080733634
1474,kexp,1,3.5,0.5,0.01,-40.562613661209596,-42.838358271077944
1475,kexp,1,3.5,0.5,0,-40.56391077135707,-42.84021093274497
1476,kexp,1,3.5,1,0.5,-41.33267153954252,-42.358079095357596
1477,kexp,1,3.5,1,0.1,-39.670442795838824,-41.0737084153881
1478,kexp,1,3.5,1,0.05,-39.62046190071014,-41.038466073055915
1479,kexp,1,3.5,1,0.01,-39.604527247513474,-41.02729128249309
1480,kexp,1,3.5,1,0,-39.60386394838125,-41.02682677130727
1481,kexp,1,3.5,1.5,0.5,-43.82508409370391,-44.72196821043975
1482,kexp,1,3.5,1.5,0.1,-42.14775197623544,-43.274854974188756
1483,kexp,1,3.5,1.5,0.05,-42.092841520792675,-43.22848930784419
1484,kexp,1,3.5,1.5,0.01,-42.0752388794149,-43.21364094987404
1485,kexp,1,3.5,1.5,0,-42.07450510746106,-43.21302215089944
1486,kexp,1,4,0.5,0.5,-39.80177763435943,-41.115466192458875
1487,kexp,1,4,0.5,0.1,-40.11126869625743,-42.35715570141297
1488,kexp,1,4,0.5,0.05,-40.186983519226565,-42.47306384058063
1489,kexp,1,4,0.5,0.01,-40.21278691316359,-42.51186108579628
1490,kexp,1,4,0.5,0,-40.21387917521356,-42.51349610751009
1491,kexp,1,4,1,0.5,-41.29172487192335,-42.33872118017139
1492,kexp,1,4,1,0.1,-39.57239799128487,-41.00089202942518
1493,kexp,1,4,1,0.05,-39.51962442614701,-40.962877320847404
1494,kexp,1,4,1,0.01,-39.50277733753191,-40.950794211451594
1495,kexp,1,4,1,0,-39.50207581913418,-40.950291626683644
1496,kexp,1,4,1.5,0.5,-43.82545139083088,-44.74401830488164
1497,kexp,1,4,1.5,0.1,-42.12981469895596,-43.28265966188387
1498,kexp,1,4,1.5,0.05,-42.074080331302106,-43.23558764131996
1499,kexp,1,4,1.5,0.01,-42.05620978070576,-43.22050868888768
1500,kexp,1,4,1.5,0,-42.055464800513086,-43.21988023314654
1501,kexp,1,6,0.5,0.5,-39.675222877805126,-41.049611691051446
1502,kexp,1,6,0.5,0.1,-39.673896886308356,-42.006260345151986
1503,kexp,1,6,0.5,0.05,-39.73029429787983,-42.102768398652316
1504,kexp,1,6,0.5,0.01,-39.74969719121943,-42.13510349102507
1505,kexp,1,6,0.5,0,-39.75052039338024,-42.136466492119276
1506,kexp,1,6,1,0.5,-41.258262227094555,-42.35938210709926
1507,kexp,1,6,1,0.1,-39.46698718546302,-40.96513111560034
1508,kexp,1,6,1,0.05,-39.41076864037599,-40.92411203279203
1509,kexp,1,6,1,0.01,-39.39279772636151,-40.911044111785685
1510,kexp,1,6,1,0,-39.39204915292115,-40.91050024240589
1511,kexp,1,6,1.5,0.5,-43.85372840405744,-44.82439579018838
1512,kexp,1,6,1.5,0.1,-42.13873940520691,-43.355909806175355
1513,kexp,1,6,1.5,0.05,-42.08212806570897,-43.30836959091463
1514,kexp,1,6,1.5,0.01,-42.063972413171044,-43.29313651596115
1515,kexp,1,6,1.5,0,-42.06321550617389,-43.292501592573565
1516,kexp,1,8,0.5,0.5,-39.67936725208806,-41.082287907483064
1517,kexp,1,8,0.5,0.1,-39.633149061576546,-42.01977408916709
1518,kexp,1,8,0.5,0.05,-39.68664973680828,-42.114489752274224
1519,kexp,1,8,0.5,0.01,-39.70509324294922,-42.146221885249886
1520,kexp,1,8,0.5,0,-39.70587612073825,-42.14755944350689
1521,kexp,1,8,1,0.5,-41.27409220604277,-42.399514292244916
1522,kexp,1,8,1,0.1,-39.47537736077668,-41.008446102972776
1523,kexp,1,8,1,0.05,-39.418769730201454,-40.96744585750711
1524,kexp,1,8,1,0.01,-39.40067160034541,-40.95438229144476
1525,kexp,1,8,1,0,-39.39991769737763,-40.9538385855439
1526,kexp,1,8,1.5,0.5,-43.878923108204255,-44.87144353456067
1527,kexp,1,8,1.5,0.1,-42.164136222987686,-43.4096998020758
1528,kexp,1,8,1.5,0.05,-42.10750718820037,-43.36238210155296
1529,kexp,1,8,1.5,0.01,-42.08934548616568,-43.34722034997921
1530,kexp,1,8,1.5,0,-42.08858832299658,-43.34658839962843
1531,kexp,1,10,0.5,0.5,-39.69529503179553,-41.111012613876525
1532,kexp,1,10,0.5,0.1,-39.647197803776464,-42.06112131610242
1533,kexp,1,10,0.5,0.05,-39.70041895780795,-42.15628998841198
1534,kexp,1,10,0.5,0.01,-39.71876805995521,-42.188167264948675
1535,kexp,1,10,0.5,0,-39.71954695079197,-42.189510872279385
1536,kexp,1,10,1,0.5,-41.288435515942815,-42.424425160372344
1537,kexp,1,10,1,0.1,-39.491130480840944,-41.040186151846505
1538,kexp,1,10,1,0.05,-39.43455614614098,-40.999441001804946
1539,kexp,1,10,1,0.01,-39.416468473979684,-40.98645969692423
1540,kexp,1,10,1,0,-39.41571500465159,-40.98591942525958
1541,kexp,1,10,1.5,0.5,-43.89351700042076,-44.89512361137376
1542,kexp,1,10,1.5,0.1,-42.18055979002283,-43.43825392713248
1543,kexp,1,10,1.5,0.05,-42.12399262440148,-43.391113323625916
1544,kexp,1,10,1.5,0.01,-42.105850790593145,-43.37600861273198
1545,kexp,1,10,1.5,0,-42.10509445601063,-43.37537904299185
1546,kexp,1,25,0.5,0.5,-39.72477105511488,-41.15188719613402
1547,kexp,1,25,0.5,0.1,-39.69195916234035,-42.13236071508351
1548,kexp,1,25,0.5,0.05,-39.74583441545351,-42.229006363863846
1549,kexp,1,25,0.5,0.01,-39.76439604522041,-42.26136668903621
1550,kexp,1,25,0.5,0,-39.76518382591046,-42.262730535428474
1551,kexp,1,25,1,0.5,-41.31181847007453,-42.457117565603
1552,kexp,1,25,1,0.1,-39.52138809502989,-41.08515023251892
1553,kexp,1,25,1,0.05,-39.46508251520068,-41.04490315771885
1554,kexp,1,25,1,0.01,-39.44708174089978,-41.03208313695147
1555,kexp,1,25,1,0,-39.446331901866174,-41.031549605689904
1556,kexp,1,25,1.5,0.5,-43.91443129883516,-44.923828049848474
1557,kexp,1,25,1.5,0.1,-42.205947833935085,-43.4743164381296
1558,kexp,1,25,1.5,0.05,-42.14954698804016,-43.427453633096945
1559,kexp,1,25,1.5,0.01,-42.13145878932878,-43.4124385563312
1560,kexp,1,25,1.5,0,-42.13070469392392,-43.411812729182564
1561,kexp,1.25,0.2,0.5,0.5,-50.9272085111571,-51.89691102398243
1562,kexp,1.25,0.2,0.5,0.1,-150.01866676163732,-151.21130144438015
1563,kexp,1.25,0.2,0.5,0.05,-181.80041890969116,-182.88584386125254
1564,kexp,1.25,0.2,0.5,0.01,-196.44929763090582,-197.49026524735982
1565,kexp,1.25,0.2,0.5,0,-197.12910498261553,-198.1680934671587
1566,kexp,1.25,0.2,1,0.5,-48.49443642181102,-49.156533350063455
1567,kexp,1.25,0.2,1,0.1,-95.00349982620162,-95.61544971748613
1568,kexp,1.25,0.2,1,0.05,-104.43460018765006,-105.01560989889846
1569,kexp,1.25,0.2,1,0.01,-108.14581122851719,-108.71550808575766
1570,kexp,1.25,0.2,1,0,-108.30949288869515,-108.87870220413632
1571,kexp,1.25,0.2,1.5,0.5,-47.82992488704737,-48.329739783057036
1572,kexp,1.25,0.2,1.5,0.1,-75.46373425815534,-75.8958463292117
1573,kexp,1.25,0.2,1.5,0.05,-79.81210755421084,-80.22993987469629
1574,kexp,1.25,0.2,1.5,0.01,-81.42376818705343,-81.83659771755552
1575,kexp,1.25,0.2,1.5,0,-81.49361229001113,-81.90622854908722
1576,kexp,1.25,0.5,0.5,0.5,-44.869287609251685,-45.94268594951912
1577,kexp,1.25,0.5,0.5,0.1,-80.90853539065019,-82.14762365497506
1578,kexp,1.25,0.5,0.5,0.05,-87.210640410448,-88.41408349219857
1579,kexp,1.25,0.5,0.5,0.01,-89.60386338901564,-90.79383079167967
1580,kexp,1.25,0.5,0.5,0,-89.70831274866191,-90.89769456745705
1581,kexp,1.25,0.5,1,0.5,-43.92001411821627,-44.65056715431745
1582,kexp,1.25,0.5,1,0.1,-56.6626422514378,-57.4076083567088
1583,kexp,1.25,0.5,1,0.05,-58.200008209033946,-58.93695949586985
1584,kexp,1.25,0.5,1,0.01,-58.742196438513375,-59.47631686305471
1585,kexp,1.25,0.5,1,0,-58.765368594149656,-59.49936811264345
1586,kexp,1.25,0.5,1.5,0.5,-44.49791306561468,-45.07805815730337
1587,kexp,1.25,0.5,1.5,0.1,-50.405935660996356,-50.99205070669017
1588,kexp,1.25,0.5,1.5,0.05,-51.02108851756616,-51.604332780248846
1589,kexp,1.25,0.5,1.5,0.01,-51.232726299014345,-51.8149740867714
1590,kexp,1.25,0.5,1.5,0,-51.24171064259374,-51.823916060987834
1591,kexp,1.25,1,0.5,0.5,-42.33695224120254,-43.53645608939095
1592,kexp,1.25,1,0.5,0.1,-56.689809496104424,-58.491105115356966
1593,kexp,1.25,1,0.5,0.05,-58.36243841905051,-60.18549694313971
1594,kexp,1.25,1,0.5,0.01,-58.95091037999306,-60.78103294435611
1595,kexp,1.25,1,0.5,0,-58.97604539218007,-60.806463564476914
1596,kexp,1.25,1,1,0.5,-42.319135298500576,-43.20669002268604
1597,kexp,1.25,1,1,0.1,-45.37034855910012,-46.49303067129977
1598,kexp,1.25,1,1,0.05,-45.68162104477596,-46.81294149167793
1599,kexp,1.25,1,1,0.01,-45.7875793539007,-46.921694828745515
1600,kexp,1.25,1,1,0,-45.79206456777751,-46.926296843802724
1601,kexp,1.25,1,1.5,0.5,-43.640421932620626,-44.390608688598384
1602,kexp,1.25,1,1.5,0.1,-44.075949028416716,-44.971081529799754
1603,kexp,1.25,1,1.5,0.05,-44.15868247973463,-45.0590820503813
1604,kexp,1.25,1,1.5,0.01,-44.18686800632776,-45.08896733883777
1605,kexp,1.25,1,1.5,0,-44.18806105968495,-45.090231370286155
1606,kexp,1.25,1.5,0.5,0.5,-41.28773737027973,-42.606825606646346
1607,kexp,1.25,1.5,0.5,0.1,-48.77593411234311,-50.99630417083652
1608,kexp,1.25,1.5,0.5,0.05,-49.51681952782295,-51.782200885399895
1609,kexp,1.25,1.5,0.5,0.01,-49.770951152616725,-52.05119298312483
1610,kexp,1.25,1.5,0.5,0,-49.78173120960148,-52.06259733058562
1611,kexp,1.25,1.5,1,0.5,-41.71964809423949,-42.74277084540169
1612,kexp,1.25,1.5,1,0.1,-42.14703238461661,-43.53732466242127
1613,kexp,1.25,1.5,1,0.05,-42.233807022919926,-43.63959281169863
1614,kexp,1.25,1.5,1,0.01,-42.263388327234985,-43.674213139816814
1615,kexp,1.25,1.5,1,0,-42.26464065391146,-43.67567630244453
1616,kexp,1.25,1.5,1.5,0.5,-43.42942982404043,-44.31544600039427
1617,kexp,1.25,1.5,1.5,0.1,-42.55987610916153,-43.66929326346584
1618,kexp,1.25,1.5,1.5,0.05,-42.55183432823287,-43.669983416290826
1619,kexp,1.25,1.5,1.5,0.01,-42.54968551307391,-43.67065963156199
1620,kexp,1.25,1.5,1.5,0,-42.54960056874063,-43.67069272645624
1621,kexp,1.25,2,0.5,0.5,-40.574057740697235,-41.98106541249175
1622,kexp,1.25,2,0.5,0.1,-44.84027537727291,-47.25454974384495
1623,kexp,1.25,2,0.5,0.05,-45.246215188688566,-47.70944701571174
1624,kexp,1.25,2,0.5,0.01,-45.38404095307168,-47.86332124715723
1625,kexp,1.25,2,0.5,0,-45.38987130122386,-47.86982445007329
1626,kexp,1.25,2,1,0.5,-41.32719590226647,-42.44247637046923
1627,kexp,1.25,2,1,0.1,-40.64990111336714,-42.182365364457596
1628,kexp,1.25,2,1,0.05,-40.66027442217966,-42.209996741826615
1629,kexp,1.25,2,1,0.01,-40.66431448347951,-42.219635247596486
1630,kexp,1.25,2,1,0,-40.664490625990574,-42.22004547134458
1631,kexp,1.25,2,1.5,0.5,-43.301311846806875,-44.279417032395195
1632,kexp,1.25,2,1.5,0.1,-41.929691965975245,-43.16391159829292
1633,kexp,1.25,2,1.5,0.05,-41.89233863087867,-43.13643586128374
1634,kexp,1.25,2,1.5,0.01,-41.88051191595364,-43.12780068569626
1635,kexp,1.25,2,1.5,0,-41.88002050097822,-43.12744257849996
1636,kexp,1.25,2.5,0.5,0.5,-40.05549784702191,-41.523233178013676
1637,kexp,1.25,2.5,0.5,0.1,-42.587588578647754,-45.071788765225826
1638,kexp,1.25,2.5,0.5,0.05,-42.842207680433,-45.372176201902505
1639,kexp,1.25,2.5,0.5,0.01,-42.9284033909672,-45.47324359259137
1640,kexp,1.25,2.5,0.5,0,-42.93204665277222,-45.477508900837634
1641,kexp,1.25,2.5,1,0.5,-41.05589330434835,-42.23237240888116
1642,kexp,1.25,2.5,1,0.1,-39.832302674430295,-41.43807114268681
1643,kexp,1.25,2.5,1,0.05,-39.809580553808324,-41.432489277201675
1644,kexp,1.25,2.5,1,0.01,-39.80265953977942,-41.43111338797388
1645,kexp,1.25,2.5,1,0,-39.802374948594256,-41.43106048448382
1646,kexp,1.25,2.5,1.5,0.5,-43.21776639785827,-44.258849141487
1647,kexp,1.25,2.5,1.5,0.1,-41.61571779541037,-42.92524283143623
1648,kexp,1.25,2.5,1.5,0.05,-41.56626256757189,-42.88594213746801
1649,kexp,1.25,2.5,1.5,0.01,-41.55046570062681,-42.87342217026512
1650,kexp,1.25,2.5,1.5,0,-41.54980781393649,-42.87290111243376
1651,kexp,1.25,3,0.5,0.5,-39.68634055085601,-41.197432494450766
1652,kexp,1.25,3,0.5,0.1,-41.21886313700762,-43.72238591830518
1653,kexp,1.25,3,0.5,0.05,-41.396200070346374,-43.94080824581762
1654,kexp,1.25,3,0.5,0.01,-41.45630999279235,-44.01415011595428
1655,kexp,1.25,3,0.5,0,-41.45885135662056,-44.017243626279466
1656,kexp,1.25,3,1,0.5,-40.873704478929824,-42.09325155244485
1657,kexp,1.25,3,1,0.1,-39.35640118044077,-41.00440644991698
1658,kexp,1.25,3,1,0.05,-39.31738870393831,-40.98195143328501
1659,kexp,1.25,3,1,0.01,-39.30510313230757,-40.97501031620169
1660,kexp,1.25,3,1,0,-39.30459338048643,-40.97472373652754
1661,kexp,1.25,3,1.5,0.5,-43.168442477835974,-44.25540692305392
1662,kexp,1.25,3,1.5,0.1,-41.4506814178785,-42.811123517735226
1663,kexp,1.25,3,1.5,0.05,-41.39555111643721,-42.76617465124196
1664,kexp,1.25,3,1.5,0.01,-41.37789972610351,-42.75180574855983
1665,kexp,1.25,3,1.5,0,-41.37716415517806,-42.75120720667966
1666,kexp,1.25,3.5,0.5,0.5,-39.428813926950404,-40.9730704725228
1667,kexp,1.25,3.5,0.5,0.1,-40.35647785234927,-42.86483374432044
1668,kexp,1.25,3.5,0.5,0.05,-40.49090516861045,-43.03620467482889
1669,kexp,1.25,3.5,0.5,0.01,-40.53663469437142,-43.093733797695435
1670,kexp,1.25,3.5,0.5,0,-40.53856974409823,-43.0961601255122
1671,kexp,1.25,3.5,1,0.5,-40.754161061329356,-42.00648660068253
1672,kexp,1.25,3.5,1,0.1,-39.06917229131236,-40.74668948832193
1673,kexp,1.25,3.5,1,0.05,-39.0214128891409,-40.71494136886238
1674,kexp,1.25,3.5,1,0.01,-39.00625777972605,-40.70494542342606
1675,kexp,1.25,3.5,1,0,-39.00562770510969,-40.70453068655855
1676,kexp,1.25,3.5,1.5,0.5,-43.14240021632889,-44.265006534843145
1677,kexp,1.25,3.5,1.5,0.1,-41.36270618601219,-42.76178986116117
1678,kexp,1.25,3.5,1.5,0.05,-41.30467565442515,-42.71393438977126
1679,kexp,1.25,3.5,1.5,0.01,-41.28607893615675,-42.698615953787616
1680,kexp,1.25,3.5,1.5,0,-41.28530379218399,-42.69797764031102
1681,kexp,1.25,4,0.5,0.5,-39.25144441809514,-40.822766196540826
1682,kexp,1.25,4,0.5,0.1,-39.79862414524591,-42.31164033205329
1683,kexp,1.25,4,0.5,0.05,-39.90767896257449,-42.45453362085207
1684,kexp,1.25,4,0.5,0.01,-39.944947459533054,-42.50253241816554
1685,kexp,1.25,4,0.5,0,-39.94652623138986,-42.50455707751802
1686,kexp,1.25,4,1,0.5,-40.676938647377845,-41.955830509090404
1687,kexp,1.25,4,1,0.1,-38.89152457513528,-40.593408043447276
1688,kexp,1.25,4,1,0.05,-38.83874983151259,-40.55626224596241
1689,kexp,1.25,4,1,0.01,-38.821953703476474,-40.54449572329929
1690,kexp,1.25,4,1,0,-38.821254865626706,-40.54400674690403
1691,kexp,1.25,4,1.5,0.5,-43.13089224046681,-44.28242305628433
1692,kexp,1.25,4,1.5,0.1,-41.316340990906355,-42.74705278551716
1693,kexp,1.25,4,1.5,0.05,-41.256729108651875,-42.69763476432275
1694,kexp,1.25,4,1.5,0.01,-41.23761785096948,-42.681806402972825
1695,kexp,1.25,4,1.5,0,-41.23682117710995,-42.681146736770266
1696,kexp,1.25,6,0.5,0.5,-38.958335824839885,-40.60599070721383
1697,kexp,1.25,6,0.5,0.1,-38.90814065008883,-41.47521298461572
1698,kexp,1.25,6,0.5,0.05,-38.9801123178766,-41.576386420551195
1699,kexp,1.25,6,0.5,0.01,-39.00508471566812,-41.61048260274395
1700,kexp,1.25,6,0.5,0,-39.00614648700114,-41.61192196803715
1701,kexp,1.25,6,1,0.5,-40.56922146799428,-41.92049441458127
1702,kexp,1.25,6,1,0.1,-38.63828451567534,-40.41805007177476
1703,kexp,1.25,6,1,0.05,-38.57858783760008,-40.373702814316154
1704,kexp,1.25,6,1,0.01,-38.55953357917549,-40.3595780938613
1705,kexp,1.25,6,1,0,-38.55874019154511,-40.35899028326231
1706,kexp,1.25,6,1.5,0.5,-43.14141514553675,-44.36855390675145
1707,kexp,1.25,6,1.5,0.1,-41.28240123424503,-42.80014399399175
1708,kexp,1.25,6,1.5,0.05,-41.2208318425504,-42.74905858109289
1709,kexp,1.25,6,1.5,0.01,-41.201084791631786,-42.732685630098814
1710,kexp,1.25,6,1.5,0,-41.20026152646481,-42.73200315507581
1711,kexp,1.25,8,0.5,0.5,-38.91078430893052,-40.603123553365094
1712,kexp,1.25,8,0.5,0.1,-38.729648980885685,-41.362202007566495
1713,kexp,1.25,8,0.5,0.05,-38.79389347607086,-41.45589483554423
1714,kexp,1.25,8,0.5,0.01,-38.816316119208956,-41.48750263896483
1715,kexp,1.25,8,0.5,0,-38.81727082038458,-41.488837295713026
1716,kexp,1.25,8,1,0.5,-40.56654238814915,-41.957509351341
1717,kexp,1.25,8,1,0.1,-38.608638587858486,-40.43990141252333
1718,kexp,1.25,8,1,0.05,-38.547695621391654,-40.394677662691684
1719,kexp,1.25,8,1,0.01,-38.528235751920036,-40.38026499844141
1720,kexp,1.25,8,1,0,-38.527425391459474,-40.37966511030407
1721,kexp,1.25,8,1.5,0.5,-43.16807800608613,-44.433273467007574
1722,kexp,1.25,8,1.5,0.1,-41.303920844058425,-42.8686449711404
1723,kexp,1.25,8,1.5,0.05,-41.24211675872518,-42.81763050034987
1724,kexp,1.25,8,1.5,0.01,-41.222293469051145,-42.801279389456695
1725,kexp,1.25,8,1.5,0,-41.22146701522297,-42.8005978152397
1726,kexp,1.25,10,0.5,0.5,-38.915873380130506,-40.63295035877679
1727,kexp,1.25,10,0.5,0.1,-38.70632268969162,-41.38418090407754
1728,kexp,1.25,10,0.5,0.05,-38.76881958273762,-41.47699214251327
1729,kexp,1.25,10,0.5,0.01,-38.79066561452152,-41.50830264933916
1730,kexp,1.25,10,0.5,0,-38.79159610379075,-41.509624754150316
1731,kexp,1.25,10,1,0.5,-40.58005056660374,-41.99199763467184
1732,kexp,1.25,10,1,0.1,-38.61840146256038,-40.47922740635671
1733,kexp,1.25,10,1,0.05,-38.557268846191604,-40.4341404533361
1734,kexp,1.25,10,1,0.01,-38.537747149668085,-40.41977121347739
1735,kexp,1.25,10,1,0,-38.53693420101692,-40.41917313091681
1736,kexp,1.25,10,1.5,0.5,-43.18824288136573,-44.4723636472008
1737,kexp,1.25,10,1.5,0.1,-41.325118401652894,-42.91409470401641
1738,kexp,1.25,10,1.5,0.05,-41.2633436546976,-42.86330380005805
1739,kexp,1.25,10,1.5,0.01,-41.24352973064928,-42.84702459739825
1740,kexp,1.25,10,1.5,0,-41.24270366683088,-42.8463460232443
1741,kexp,1.25,25,0.5,0.5,-38.960612921813144,-40.70706895026158
1742,kexp,1.25,25,0.5,0.1,-38.762601932638724,-41.50250427553989
1743,kexp,1.25,25,0.5,0.05,-38.82548170631534,-41.59735951487994
1744,kexp,1.25,25,0.5,0.01,-38.84745155208913,-41.629337520535024
1745,kexp,1.25,25,0.5,0,-38.84838721535857,-41.63068758276404
1746,kexp,1.25,25,1,0.5,-40.61999713250865,-42.056189302742766
1747,kexp,1.25,25,1,0.1,-38.667651857211325,-40.56493030709216
1748,kexp,1.25,25,1,0.05,-38.60688864155471,-40.520712423271114
1749,kexp,1.25,25,1,0.01,-38.58748663768745,-40.506624644931755
1750,kexp,1.25,25,1,0,-38.58667869216243,-40.50603832577515
1751,kexp,1.25,25,1.5,0.5,-43.22768139512965,-44.5326850012787
1752,kexp,1.25,25,1.5,0.1,-41.372130260165754,-42.988831930940485
1753,kexp,1.25,25,1.5,0.05,-41.310642673745434,-42.938586415225856
1754,kexp,1.25,25,1.5,0.01,-41.290921475842474,-42.92248323103162
1755,kexp,1.25,25,1.5,0,-41.2900992845023,-42.921812006850836
1756,kexp,1.5,0.2,0.5,0.5,-51.5964385523771,-52.7553412141136
1757,kexp,1.5,0.2,0.5,0.1,-168.84109774378382,-170.38135308103864
1758,kexp,1.5,0.2,0.5,0.05,-211.51234622702594,-212.9095819925924
1759,kexp,1.5,0.2,0.5,0.01,-232.31133521236538,-233.64752839152862
1760,kexp,1.5,0.2,0.5,0,-233.29563328105584,-234.62909238230353
1761,kexp,1.5,0.2,1,0.5,-48.993757811424445,-49.80572116925697
1762,kexp,1.5,0.2,1,0.1,-106.40919409270928,-107.19388613436604
1763,kexp,1.5,0.2,1,0.05,-119.56910258125818,-120.31171521373838
1764,kexp,1.5,0.2,1,0.01,-124.92716692188515,-125.65418301676877
1765,kexp,1.5,0.2,1,0,-125.16595178425948,-125.89229374529324
1766,kexp,1.5,0.2,1.5,0.5,-48.12904194567882,-48.749588637672325
1767,kexp,1.5,0.2,1.5,0.1,-83.26277946976305,-83.81350584462585
1768,kexp,1.5,0.2,1.5,0.05,-89.45784853745269,-89.9890233011655
1769,kexp,1.5,0.2,1.5,0.01,-91.81069564258165,-92.33496037479705
1770,kexp,1.5,0.2,1.5,0,-91.91338138427108,-92.4373509652366
1771,kexp,1.5,0.5,0.5,0.5,-45.13271152391517,-46.38005074513792
1772,kexp,1.5,0.5,0.5,0.1,-89.96310233615806,-91.28644115471319
1773,kexp,1.5,0.5,0.5,0.05,-98.80407446231173,-100.0660643305485
1774,kexp,1.5,0.5,0.5,0.01,-102.25811635995944,-103.4971657270403
1775,kexp,1.5,0.5,0.5,0,-102.41013433443294,-103.64818916769411
1776,kexp,1.5,0.5,1,0.5,-43.94542917983771,-44.79241062692613
1777,kexp,1.5,0.5,1,0.1,-60.930485463084274,-61.74232360212897
1778,kexp,1.5,0.5,1,0.05,-63.17724635246517,-63.97465244443658
1779,kexp,1.5,0.5,1,0.01,-63.98176206495544,-64.77412136817466
1780,kexp,1.5,0.5,1,0,-64.01629007398616,-64.80843433040877
1781,kexp,1.5,0.5,1.5,0.5,-44.30585986426671,-44.97878122384634
1782,kexp,1.5,0.5,1.5,0.1,-52.7389031720583,-53.389939288556086
1783,kexp,1.5,0.5,1.5,0.05,-53.67128267369379,-54.31677173390559
1784,kexp,1.5,0.5,1.5,0.01,-53.995211184340306,-54.63879917029067
1785,kexp,1.5,0.5,1.5,0,-54.00899875372992,-54.652506151207625
1786,kexp,1.5,1,0.5,0.5,-42.33294304792453,-43.67639683642318
1787,kexp,1.5,1,0.5,0.1,-61.0558731612984,-62.88587349405783
1788,kexp,1.5,1,0.5,0.05,-63.45491912426162,-65.29450731138249
1789,kexp,1.5,1,0.5,0.01,-64.31147764786543,-66.15411424499132
1790,kexp,1.5,1,0.5,0,-64.34821213083153,-66.19097601296689
1791,kexp,1.5,1,1,0.5,-42.10686930683722,-43.096211442433066
1792,kexp,1.5,1,1,0.1,-46.85887603442731,-48.052453336890224
1793,kexp,1.5,1,1,0.05,-47.346445783889656,-48.54667159974525
1794,kexp,1.5,1,1,0.01,-47.513385749143474,-48.7157643806216
1795,kexp,1.5,1,1,0,-47.52046345626998,-48.72293209228983
1796,kexp,1.5,1,1.5,0.5,-43.215385371505334,-44.059545723997985
1797,kexp,1.5,1,1.5,0.1,-44.493793972761175,-45.476308701146976
1798,kexp,1.5,1,1.5,0.05,-44.6474666404246,-45.63486098073502
1799,kexp,1.5,1,1.5,0.01,-44.69966269768187,-45.68863372122847
1800,kexp,1.5,1,1.5,0,-44.70187066477681,-45.69090755209161
1801,kexp,1.5,1.5,0.5,0.5,-41.21973924317481,-42.69041394622009
1802,kexp,1.5,1.5,0.5,0.1,-51.37882505051508,-53.724303460289235
1803,kexp,1.5,1.5,0.5,0.05,-52.4523973972527,-54.84102785844648
1804,kexp,1.5,1.5,0.5,0.01,-52.82400115434844,-55.22701161527557
1805,kexp,1.5,1.5,0.5,0,-52.83980286733809,-55.24341908845951
1806,kexp,1.5,1.5,1,0.5,-41.433905142800754,-42.580485881791304
1807,kexp,1.5,1.5,1,0.1,-42.72397589731877,-44.25297735115899
1808,kexp,1.5,1.5,1,0.05,-42.88262679374171,-44.42815654690622
1809,kexp,1.5,1.5,1,0.01,-42.93651680982133,-44.487443370392995
1810,kexp,1.5,1.5,1,0,-42.938796449484435,-44.48994905561722
1811,kexp,1.5,1.5,1.5,0.5,-42.93024840477602,-43.93803688457461
1812,kexp,1.5,1.5,1.5,0.1,-42.40536828544284,-43.65918082530193
1813,kexp,1.5,1.5,1.5,0.05,-42.4225683168387,-43.68623682520316
1814,kexp,1.5,1.5,1.5,0.01,-42.42884769441448,-43.695712145419286
1815,kexp,1.5,1.5,1.5,0,-42.429117743585806,-43.6961158113887
1816,kexp,1.5,2,0.5,0.5,-40.4684187756222,-42.043137285771415
1817,kexp,1.5,2,0.5,0.1,-46.51381190884947,-49.119129153340694
1818,kexp,1.5,2,0.5,0.05,-47.10766011235225,-49.76254252276309
1819,kexp,1.5,2,0.5,0.01,-47.31045956892836,-49.98164462930738
1820,kexp,1.5,2,0.5,0,-47.3190517859355,-49.99092104078819
1821,kexp,1.5,2,1,0.5,-40.99575220542408,-42.257733400527044
1822,kexp,1.5,2,1,0.1,-40.79002178584849,-42.507421096217655
1823,kexp,1.5,2,1,0.05,-40.83591581705738,-42.572479612308236
1824,kexp,1.5,2,1,0.01,-40.85185060029875,-42.59464397068069
1825,kexp,1.5,2,1,0,-40.85252812430436,-42.59558210592684
1826,kexp,1.5,2,1.5,0.5,-42.76478094625031,-43.88983076053046
1827,kexp,1.5,2,1.5,0.1,-41.52401409496644,-42.942070987633215
1828,kexp,1.5,2,1.5,0.05,-41.496560713493444,-42.92612932905892
1829,kexp,1.5,2,1.5,0.01,-41.488029716427704,-42.92132297645866
1830,kexp,1.5,2,1.5,0,-41.48767700382215,-42.92112589436753
1831,kexp,1.5,2.5,0.5,0.5,-39.89512634297448,-41.54305449933551
1832,kexp,1.5,2.5,0.5,0.1,-43.675085383485225,-46.368913437207034
1833,kexp,1.5,2.5,0.5,0.05,-44.051264394004505,-46.78978014628669
1834,kexp,1.5,2.5,0.5,0.01,-44.17907393394199,-46.93205888664491
1835,kexp,1.5,2.5,0.5,0,-44.18448137855887,-46.93807099627634
1836,kexp,1.5,2.5,1,0.5,-40.67933156061511,-42.01836823923693
1837,kexp,1.5,2.5,1,0.1,-39.71821327080038,-41.529049108126515
1838,kexp,1.5,2.5,1,0.05,-39.715037287064845,-41.544705470714504
1839,kexp,1.5,2.5,1,0.01,-39.714638900596945,-41.55040155277301
1840,kexp,1.5,2.5,1,0,-39.71462899464348,-41.55064630954789
1841,kexp,1.5,2.5,1.5,0.5,-42.65386068981548,-43.85905226635136
1842,kexp,1.5,2.5,1.5,0.1,-41.07666791329283,-42.59105267878349
1843,kexp,1.5,2.5,1.5,0.05,-41.03060181990561,-42.55679083109144
1844,kexp,1.5,2.5,1.5,0.01,-41.015944765362306,-42.545945460768685
1845,kexp,1.5,2.5,1.5,0,-41.015334966737214,-42.54549484737039
1846,kexp,1.5,3,0.5,0.5,-39.45909033778231,-41.15753559484968
1847,kexp,1.5,3,0.5,0.1,-41.89931336500348,-44.60174281172936
1848,kexp,1.5,3,0.5,0.05,-42.16353313121856,-44.902867652543
1849,kexp,1.5,3,0.5,0.01,-42.25327847765445,-45.004341601993964
1850,kexp,1.5,3,0.5,0,-42.25707498683341,-45.008625768519856
1851,kexp,1.5,3,1,0.5,-40.453281626067486,-41.844655000721204
1852,kexp,1.5,3,1,0.1,-39.07718809066325,-40.93480924425038
1853,kexp,1.5,3,1,0.05,-39.04968876901181,-40.92497795526349
1854,kexp,1.5,3,1,0.01,-39.04125065881354,-40.9222353289452
1855,kexp,1.5,3,1,0,-39.040902986754816,-40.92212540687274
1856,kexp,1.5,3,1.5,0.5,-42.582785348693626,-43.84490621111804
1857,kexp,1.5,3,1.5,0.1,-40.8326756946615,-42.40819076090113
1858,kexp,1.5,3,1.5,0.05,-40.77778209820948,-42.364973304859845
1859,kexp,1.5,3,1.5,0.01,-40.76023342069529,-42.351189229389384
1860,kexp,1.5,3,1.5,0,-40.75950242012956,-42.35061538639127
1861,kexp,1.5,3.5,0.5,0.5,-39.13351332459748,-40.86845786138582
1862,kexp,1.5,3.5,0.5,0.1,-40.740350298271935,-43.42412837093757
1863,kexp,1.5,3.5,0.5,0.05,-40.94172545954552,-43.65505978344706
1864,kexp,1.5,3.5,0.5,0.01,-41.01029526325204,-43.73281305932235
1865,kexp,1.5,3.5,0.5,0,-41.01319768984797,-43.73609493828209
1866,kexp,1.5,3.5,1,0.5,-40.294708522475176,-41.72409282155086
1867,kexp,1.5,3.5,1,0.1,-38.67623447662873,-40.56095527531563
1868,kexp,1.5,3.5,1,0.05,-38.63553926372323,-40.53676092644929
1869,kexp,1.5,3.5,1,0.01,-38.62276001721614,-40.52928363070789
1870,kexp,1.5,3.5,1,0,-38.622230186245915,-40.528974934853856
1871,kexp,1.5,3.5,1.5,0.5,-42.54011980518605,-43.84538352194574
1872,kexp,1.5,3.5,1.5,0.1,-40.695201820587755,-42.31455314335406
1873,kexp,1.5,3.5,1.5,0.05,-40.635733706365826,-42.26657324846579
1874,kexp,1.5,3.5,1.5,0.01,-40.616691342148265,-42.251230842023254
1875,kexp,1.5,3.5,1.5,0,-40.61589778511401,-42.25059170044669
1876,kexp,1.5,4,0.5,0.5,-38.893640837922106,-40.656962573146295
1877,kexp,1.5,4,0.5,0.1,-39.960597651147594,-42.6227450399823
1878,kexp,1.5,4,0.5,0.05,-40.124250748726894,-42.81002218894513
1879,kexp,1.5,4,0.5,0.01,-40.18019022690573,-42.8731060096143
1880,kexp,1.5,4,0.5,0,-40.18256025049569,-42.87576895949749
1881,kexp,1.5,4,1,0.5,-40.18477335465702,-41.64396391727595
1882,kexp,1.5,4,1,0.1,-38.41750896072959,-40.32214894043131
1883,kexp,1.5,4,1,0.05,-38.36913960275391,-40.28935566203069
1884,kexp,1.5,4,1,0.01,-38.35384419024419,-40.27905202854929
1885,kexp,1.5,4,1,0,-38.35320886895964,-40.27862476431402
1886,kexp,1.5,4,1.5,0.5,-42.51647103760084,-43.8563761671548
1887,kexp,1.5,4,1.5,0.1,-40.61678472345373,-42.27111495303487
1888,kexp,1.5,4,1.5,0.05,-40.55477906412699,-42.22045905310009
1889,kexp,1.5,4,1.5,0.01,-40.53491000152426,-42.20424255162952
1890,kexp,1.5,4,1.5,0,-40.53408184185046,-42.20356679932263
1891,kexp,1.5,6,0.5,0.5,-38.43287492882282,-40.27611008240572
1892,kexp,1.5,6,0.5,0.1,-38.591279536477195,-41.23667476644892
1893,kexp,1.5,6,0.5,0.05,-38.69723379024973,-41.354934101631514
1894,kexp,1.5,6,0.5,0.01,-38.734000559894525,-41.39497035104225
1895,kexp,1.5,6,0.5,0,-38.73556400004922,-41.396662472814526
1896,kexp,1.5,6,1,0.5,-40.00019827772423,-41.541668885884704
1897,kexp,1.5,6,1,0.1,-38.00348671143947,-39.977248781942095
1898,kexp,1.5,6,1,0.05,-37.944043512112316,-39.93189959768023
1899,kexp,1.5,6,1,0.01,-37.925131879173016,-39.91748141436963
1900,kexp,1.5,6,1,0,-37.92434510468931,-39.91688167298742
1901,kexp,1.5,6,1.5,0.5,-42.50628611192079,-43.93969186541259
1902,kexp,1.5,6,1.5,0.1,-40.53172938192817,-42.286280995195504
1903,kexp,1.5,6,1.5,0.05,-40.46641339831873,-42.23230065519492
1904,kexp,1.5,6,1.5,0.01,-40.44546872351209,-42.214999349564295
1905,kexp,1.5,6,1.5,0,-40.444595572973284,-42.21427817311622
1906,kexp,1.5,8,0.5,0.5,-38.3145603011304,-40.21156969917171
1907,kexp,1.5,8,0.5,0.1,-38.23527009311612,-40.93140077293186
1908,kexp,1.5,8,0.5,0.05,-38.32742160848326,-41.03395876930678
1909,kexp,1.5,8,0.5,0.01,-38.35963573293176,-41.06877839399217
1910,kexp,1.5,8,0.5,0,-38.36100801628149,-41.070251070000516
1911,kexp,1.5,8,1,0.5,-39.9705795662741,-41.56310764026458
1912,kexp,1.5,8,1,0.1,-37.92224678579506,-39.95477759218661
1913,kexp,1.5,8,1,0.05,-37.86046630578923,-39.90715870032753
1914,kexp,1.5,8,1,0.01,-37.840794573654684,-39.89199770230175
1915,kexp,1.5,8,1,0,-37.839975998872745,-39.89136683372021
1916,kexp,1.5,8,1.5,0.5,-42.53147654456842,-44.017603416566104
1917,kexp,1.5,8,1.5,0.1,-40.54478285575365,-42.361382543086116
1918,kexp,1.5,8,1.5,0.05,-40.47894832597677,-42.30716606086773
1919,kexp,1.5,8,1.5,0.01,-40.45783560147728,-42.28978664644318
1920,kexp,1.5,8,1.5,0,-40.45695542647407,-42.28906218836495
1921,kexp,1.5,10,0.5,0.5,-38.294452045696815,-40.22645277686029
1922,kexp,1.5,10,0.5,0.1,-38.146389448662106,-40.89553932363446
1923,kexp,1.5,10,0.5,0.05,-38.2346297261282,-40.99459600087844
1924,kexp,1.5,10,0.5,0.01,-38.26555755803576,-41.02825179080636
1925,kexp,1.5,10,0.5,0,-38.266875874392596,-41.02967550416574
1926,kexp,1.5,10,1,0.5,-39.9771509840123,-41.60076443664375
1927,kexp,1.5,10,1,0.1,-37.91691421287561,-39.99018706088943
1928,kexp,1.5,10,1,0.05,-37.85460279514793,-39.94236082956289
1929,kexp,1.5,10,1,0.01,-37.83475875512847,-39.92713101508672
1930,kexp,1.5,10,1,0,-37.83393297540911,-39.92649725282099
1931,kexp,1.5,10,1.5,0.5,-42.55538591321949,-44.07121225936976
1932,kexp,1.5,10,1.5,0.1,-40.56814307791403,-42.42146209695012
1933,kexp,1.5,10,1.5,0.05,-40.50227849251597,-42.36746012223865
1934,kexp,1.5,10,1.5,0.01,-40.4811560247416,-42.350149524637715
1935,kexp,1.5,10,1.5,0,-40.4802754424856,-42.349427935777676
1936,kexp,1.5,25,0.5,0.5,-38.34257908939196,-40.32842237923774
1937,kexp,1.5,25,0.5,0.1,-38.18709606609788,-41.04039743670017
1938,kexp,1.5,25,0.5,0.05,-38.274772168727374,-41.141251110520805
1939,kexp,1.5,25,0.5,0.01,-38.30551716009974,-41.175492678023936
1940,kexp,1.5,25,0.5,0,-38.30682783793151,-41.176940916956596
1941,kexp,1.5,25,1,0.5,-40.03031175854128,-41.6993534496799
1942,kexp,1.5,25,1,0.1,-37.97924992670545,-40.11805355278724
1943,kexp,1.5,25,1,0.05,-37.91732978440784,-40.071412301605896
1944,kexp,1.5,25,1,0.01,-37.89761333041705,-40.05656653899587
1945,kexp,1.5,25,1,0,-37.89679289253985,-40.05594883090076
1946,kexp,1.5,25,1.5,0.5,-42.61480258122282,-44.171097705962566
1947,kexp,1.5,25,1.5,0.1,-40.63808551319045,-42.54383156323838
1948,kexp,1.5,25,1.5,0.05,-40.57263484386306,-42.490685750962925
1949,kexp,1.5,25,1.5,0.01,-40.55164632900984,-42.47365161223874
1950,kexp,1.5,25,1.5,0,-40.55077134414699,-42.47294156895377
1951,kexp,1.75,0.2,0.5,0.5,-52.157381506450854,-53.48172447391847
1952,kexp,1.75,0.2,0.5,0.1,-186.35399730452224,-188.26001415008116
1953,kexp,1.75,0.2,0.5,0.05,-240.63107404474297,-242.35888192479456
1954,kexp,1.75,0.2,0.5,0.01,-268.5105924521624,-270.1600740014153
1955,kexp,1.75,0.2,0.5,0,-269.85548697658925,-271.50144085953235
1956,kexp,1.75,0.2,1,0.5,-49.433075505620614,-50.38319633032556
1957,kexp,1.75,0.2,1,0.1,-117.4409192824717,-118.40603396951741
1958,kexp,1.75,0.2,1,0.05,-134.75686918237028,-135.66850657513558
1959,kexp,1.75,0.2,1,0.01,-142.04205124502002,-142.9336028351356
1960,kexp,1.75,0.2,1,0,-142.37007488222577,-143.26075607007243
1961,kexp,1.75,0.2,1.5,0.5,-48.410965003540966,-49.14566058513756
1962,kexp,1.75,0.2,1.5,0.1,-90.99991471083305,-91.67314216681054
1963,kexp,1.75,0.2,1.5,0.05,-99.2968140838219,-99.94503177799868
1964,kexp,1.75,0.2,1.5,0.01,-102.52376910511768,-103.16307405503028
1965,kexp,1.75,0.2,1.5,0,-102.66559428263733,-103.30451790545575
1966,kexp,1.75,0.5,0.5,0.5,-45.39467067553002,-46.79768342455163
1967,kexp,1.75,0.5,0.5,0.1,-98.94370749114348,-100.34783281760608
1968,kexp,1.75,0.5,0.5,0.05,-110.65288490895796,-111.96871296502103
1969,kexp,1.75,0.5,0.5,0.01,-115.35469063326349,-116.63753796617708
1970,kexp,1.75,0.5,0.5,0,-115.56335087351276,-116.84476872614738
1971,kexp,1.75,0.5,1,0.5,-44.00349230050216,-44.95636080940942
1972,kexp,1.75,0.5,1,0.1,-65.36582284147227,-66.23694185335816
1973,kexp,1.75,0.5,1,0.05,-68.43945427919817,-69.28931559222747
1974,kexp,1.75,0.5,1,0.01,-69.55676318623867,-70.39920790986092
1975,kexp,1.75,0.5,1,0,-69.60491783602784,-70.44704670968773
1976,kexp,1.75,0.5,1.5,0.5,-44.17679752468401,-44.93328576861349
1977,kexp,1.75,0.5,1.5,0.1,-55.288703525172096,-55.99582481873211
1978,kexp,1.75,0.5,1.5,0.05,-56.597287992364016,-57.295985686506555
1979,kexp,1.75,0.5,1.5,0.01,-57.05649797617964,-57.75231902835921
1980,kexp,1.75,0.5,1.5,0,-57.07609692336004,-57.771796137363445
1981,kexp,1.75,1,0.5,0.5,-42.36455801999826,-43.823030563141444
1982,kexp,1.75,1,0.5,0.1,-65.66204630300018,-67.46286759176698
1983,kexp,1.75,1,0.5,0.05,-68.9099878352292,-70.70555984365973
1984,kexp,1.75,1,0.5,0.01,-70.08649586870729,-71.88025777740906
1985,kexp,1.75,1,0.5,0,-70.13715598189502,-71.93084207693825
1986,kexp,1.75,1,1,0.5,-41.954754939946994,-43.02167367018805
1987,kexp,1.75,1,1,0.1,-48.577769826342426,-49.80493968162971
1988,kexp,1.75,1,1,0.05,-49.27777600030884,-50.50893426620921
1989,kexp,1.75,1,1,0.01,-49.51902292491368,-50.75148119635156
1990,kexp,1.75,1,1,0,-49.52926906246104,-50.76178182637565
1991,kexp,1.75,1,1.5,0.5,-42.874555379181864,-43.79018332287068
1992,kexp,1.75,1,1.5,0.1,-45.12352668149705,-46.16337088353335
1993,kexp,1.75,1,1.5,0.05,-45.365015159097794,-46.40905339830488
1994,kexp,1.75,1,1.5,0.01,-45.44715409169281,-46.492552212679364
1995,kexp,1.75,1,1.5,0,-45.45063018932682,-46.49608517619898
1996,kexp,1.75,1.5,0.5,0.5,-41.1835709863523,-42.7650919453692
1997,kexp,1.75,1.5,0.5,0.1,-54.23145898887729,-56.613015308399994
1998,kexp,1.75,1.5,0.5,0.05,-55.699519989198365,-58.11998856809447
1999,kexp,1.75,1.5,0.5,0.01,-56.212291201992805,-58.64595801510046
2000,kexp,1.75,1.5,0.5,0,-56.23414951319908,-58.66837518515702
2001,kexp,1.75,1.5,1,0.5,-41.20537652653881,-42.44012145512892
2002,kexp,1.75,1.5,1,0.1,-43.49206371289234,-45.106667659296185
2003,kexp,1.75,1.5,1,0.05,-43.73941690945641,-45.371028635600474
2004,kexp,1.75,1.5,1,0.01,-43.82350971737074,-45.46070896937261
2005,kexp,1.75,1.5,1,0,-43.827068035632074,-45.464501709043525
2006,kexp,1.75,1.5,1.5,0.5,-42.5068608912182,-43.60474760912276
2007,kexp,1.75,1.5,1.5,0.1,-42.414044014534504,-43.77149277191918
2008,kexp,1.75,1.5,1.5,0.05,-42.464028492143115,-43.83222290253781
2009,kexp,1.75,1.5,1.5,0.01,-42.48129756799935,-43.8529876374493
2010,kexp,1.75,1.5,1.5,0,-42.48203097648786,-43.85386731705027
2011,kexp,1.75,2,0.5,0.5,-40.405814884788754,-42.10257056146003
2012,kexp,1.75,2,0.5,0.1,-48.435318726107376,-51.13927793471871
2013,kexp,1.75,2,0.5,0.05,-49.25464626625974,-52.00668647320264
2014,kexp,1.75,2,0.5,0.01,-49.53613256813311,-52.304092388225904
2015,kexp,1.75,2,0.5,0,-49.548077848495396,-52.316707090174454
2016,kexp,1.75,2,1,0.5,-40.72421115154527,-42.09386597047088
2017,kexp,1.75,2,1,0.1,-41.094250076605285,-42.94108779967059
2018,kexp,1.75,2,1,0.05,-41.18530205640406,-43.05272391894513
2019,kexp,1.75,2,1,0.01,-41.21642295643652,-43.09055650577711
2020,kexp,1.75,2,1,0,-41.2177413110983,-43.09215587128953
2021,kexp,1.75,2,1.5,0.5,-42.29769056181118,-43.53502371917732
2022,kexp,1.75,2,1.5,0.1,-41.24903964428229,-42.8080673212624
2023,kexp,1.75,2,1.5,0.05,-41.235627700802375,-42.80759942723659
2024,kexp,1.75,2,1.5,0.01,-41.231775008337166,-42.80794260304562
2025,kexp,1.75,2,1.5,0,-41.23161923202283,-42.80796223171788
2026,kexp,1.75,2.5,0.5,0.5,-39.801979481890505,-41.58385936745584
2027,kexp,1.75,2.5,0.5,0.1,-45.028909342619855,-47.84721332006316
2028,kexp,1.75,2.5,0.5,0.05,-45.5535222295148,-48.41341174356732
2029,kexp,1.75,2.5,0.5,0.01,-45.732481737755805,-48.6057815623547
2030,kexp,1.75,2.5,0.5,0,-45.74006145562251,-48.613921128861165
2031,kexp,1.75,2.5,1,0.5,-40.37189778444146,-41.834487732247915
2032,kexp,1.75,2.5,1,0.1,-39.760029455201064,-41.722838525310905
2033,kexp,1.75,2.5,1,0.05,-39.78294280069637,-41.76578841220665
2034,kexp,1.75,2.5,1,0.01,-39.791269309644115,-41.78060392476677
2035,kexp,1.75,2.5,1,0,-39.79162704307684,-41.78123286181746
2036,kexp,1.75,2.5,1.5,0.5,-42.15835431126628,-43.49277649632986
2037,kexp,1.75,2.5,1.5,0.1,-40.6526200510288,-42.32976449719584
2038,kexp,1.75,2.5,1.5,0.05,-40.61262701276322,-42.303020604245106
2039,kexp,1.75,2.5,1.5,0.01,-40.599996785255016,-42.29467244804313
2040,kexp,1.75,2.5,1.5,0,-40.599472338957284,-42.29432687286517
2041,kexp,1.75,3,0.5,0.5,-39.324416217898616,-41.16485519032744
2042,kexp,1.75,3,0.5,0.1,-42.86955848572355,-45.69334110482031
2043,kexp,1.75,3,0.5,0.05,-43.242384798524924,-46.09674582901733
2044,kexp,1.75,3,0.5,0.01,-43.369351671928655,-46.23320579824876
2045,kexp,1.75,3,0.5,0,-43.37472662091991,-46.2389728940873
2046,kexp,1.75,3,1,0.5,-40.1118720979935,-41.636969290285634
2047,kexp,1.75,3,1,0.1,-38.9536139370398,-40.97018076565897
2048,kexp,1.75,3,1,0.05,-38.942694241016774,-40.97750137071352
2049,kexp,1.75,3,1,0.01,-38.939794592902466,-40.980472759715795
2050,kexp,1.75,3,1,0,-38.9396802215311,-40.98060336980865
2051,kexp,1.75,3,1.5,0.5,-42.06637930100701,-43.46905727256804
2052,kexp,1.75,3,1.5,0.1,-40.32215118964434,-42.071346082420504
2053,kexp,1.75,3,1.5,0.05,-40.26948064124143,-42.031615765529565
2054,kexp,1.75,3,1.5,0.01,-40.25268724543568,-42.01899514813791
2055,kexp,1.75,3,1.5,0,-40.25198818846662,-42.01847029511445
2056,kexp,1.75,3.5,0.5,0.5,-38.95139431804691,-40.83234224358483
2057,kexp,1.75,3.5,0.5,0.1,-41.43330119737098,-44.21919306303624
2058,kexp,1.75,3.5,0.5,0.05,-41.72063199097561,-44.52629114224396
2059,kexp,1.75,3.5,0.5,0.01,-41.818622340631265,-44.63000776606716
2060,kexp,1.75,3.5,0.5,0,-41.82277194975786,-44.634389122908345
2061,kexp,1.75,3.5,1,0.5,-39.9220029496415,-41.490821871701954
2062,kexp,1.75,3.5,1,0.1,-38.4403311641606,-40.48245939013622
2063,kexp,1.75,3.5,1,0.05,-38.41099189446791,-40.469493708797266
2064,kexp,1.75,3.5,1,0.01,-38.402014431806485,-40.4657569926381
2065,kexp,1.75,3.5,1,0,-38.40164483115563,-40.46560575240974
2066,kexp,1.75,3.5,1.5,0.5,-42.007929898443216,-43.461141068842245
2067,kexp,1.75,3.5,1.5,0.1,-40.13095984707017,-41.928965596503936
2068,kexp,1.75,3.5,1.5,0.05,-40.07167343875032,-41.882212479928114
2069,kexp,1.75,3.5,1.5,0.01,-40.05271563993899,-41.8672894415452
2070,kexp,1.75,3.5,1.5,0,-40.05192589168828,-41.86666806231072
2071,kexp,1.75,4,0.5,0.5,-38.663777175331546,-40.57427066766081
2072,kexp,1.75,4,0.5,0.1,-40.44476069705474,-43.18319015863953
2073,kexp,1.75,4,0.5,0.05,-40.680463032114154,-43.42957331203142
2074,kexp,1.75,4,0.5,0.01,-40.761087411658245,-43.51279018649659
2075,kexp,1.75,4,0.5,0,-40.76450411738217,-43.516305545081366
2076,kexp,1.75,4,1,0.5,-39.784606057082,-41.38620230827859
2077,kexp,1.75,4,1,0.1,-38.101581144303935,-40.158446478907024
2078,kexp,1.75,4,1,0.05,-38.061469247859044,-40.133150047426305
2079,kexp,1.75,4,1,0.01,-38.048951389190236,-40.12535061659816
2080,kexp,1.75,4,1,0,-38.048433267532346,-40.125028834583574
2081,kexp,1.75,4,1.5,0.5,-41.97256950049042,-43.4655074345379
2082,kexp,1.75,4,1.5,0.1,-40.01772680592228,-41.85297260728329
2083,kexp,1.75,4,1.5,0.05,-39.9547388943124,-41.80218083315402
2084,kexp,1.75,4,1.5,0.01,-39.93457340155647,-41.785936760582544
2085,kexp,1.75,4,1.5,0,-39.93373308431676,-41.78526003115266
2086,kexp,1.75,6,0.5,0.5,-38.05499312244723,-40.04218677506945
2087,kexp,1.75,6,0.5,0.1,-38.60711591253855,-41.2387950145002
2088,kexp,1.75,6,0.5,0.05,-38.762126071200235,-41.38506731559648
2089,kexp,1.75,6,0.5,0.01,-38.81586178530223,-41.43475635110859
2090,kexp,1.75,6,0.5,0,-38.81814647207147,-41.436858349056486
2091,kexp,1.75,6,1,0.5,-39.52938577602551,-41.2178869331239
2092,kexp,1.75,6,1,0.1,-37.525286071105874,-39.63219495959178
2093,kexp,1.75,6,1,0.05,-37.46932127860638,-39.5880140759924
2094,kexp,1.75,6,1,0.01,-37.451619236479466,-39.57401787265601
2095,kexp,1.75,6,1,0,-37.450883913821876,-39.573436238565854
2096,kexp,1.75,6,1.5,0.5,-41.941512735530864,-43.541359674514624
2097,kexp,1.75,6,1.5,0.1,-39.876399582613686,-41.817910701484415
2098,kexp,1.75,6,1.5,0.05,-39.808467410205644,-41.76171195811076
2099,kexp,1.75,6,1.5,0.01,-39.78669407872863,-41.74370294148428
2100,kexp,1.75,6,1.5,0,-39.78578649447457,-41.74295230180597
2101,kexp,1.75,8,0.5,0.5,-37.86063463101988,-39.90305283842236
2102,kexp,1.75,8,0.5,0.1,-38.05847700740482,-40.70342575931612
2103,kexp,1.75,8,0.5,0.05,-38.19279626328685,-40.82389190614359
2104,kexp,1.75,8,0.5,0.01,-38.2397029987644,-40.865001935229515
2105,kexp,1.75,8,0.5,0,-38.24170090300416,-40.86674298445559
2106,kexp,1.75,8,1,0.5,-39.47058261261344,-41.21662559823331
2107,kexp,1.75,8,1,0.1,-37.38720939489809,-39.55075278755693
2108,kexp,1.75,8,1,0.05,-37.3276530257996,-39.50251275559113
2109,kexp,1.75,8,1,0.01,-37.3087828700547,-39.48718883244986
2110,kexp,1.75,8,1,0,-37.30799867586315,-39.4865515685543
2111,kexp,1.75,8,1.5,0.5,-41.96457601617735,-43.62891006420666
2112,kexp,1.75,8,1.5,0.1,-39.87917775721256,-41.893015838668475
2113,kexp,1.75,8,1.5,0.05,-39.81039074303398,-41.83613633098355
2114,kexp,1.75,8,1.5,0.01,-39.78834052347372,-41.817904506213836
2115,kexp,1.75,8,1.5,0,-39.787421366885816,-41.81714452999142
2116,kexp,1.75,10,0.5,0.5,-37.80656148650741,-39.89004266856855
2117,kexp,1.75,10,0.5,0.1,-37.88711890549367,-40.57894771070105
2118,kexp,1.75,10,0.5,0.05,-38.01491064360067,-40.692207798023645
2119,kexp,1.75,10,0.5,0.01,-38.05967270076759,-40.730927780861826
2120,kexp,1.75,10,0.5,0,-38.061580646145664,-40.732568334980286
2121,kexp,1.75,10,1,0.5,-39.466846508882746,-41.25190895886
2122,kexp,1.75,10,1,0.1,-37.3616555443926,-39.572386743923545
2123,kexp,1.75,10,1,0.05,-37.301153951631115,-39.52339651545816
2124,kexp,1.75,10,1,0.01,-37.28197742792087,-39.50782681504802
2125,kexp,1.75,10,1,0,-37.28118042732174,-39.507179249493994
2126,kexp,1.75,10,1.5,0.5,-41.99153083415074,-43.69565976918747
2127,kexp,1.75,10,1.5,0.1,-39.90359797111583,-41.96504228282364
2128,kexp,1.75,10,1.5,0.05,-39.83470778086226,-41.908314456620104
2129,kexp,1.75,10,1.5,0.01,-39.8126243311264,-41.89013095287556
2130,kexp,1.75,10,1.5,0,-39.81170378778357,-41.889372987736294
2131,kexp,1.75,25,0.5,0.5,-37.842720813081506,-40.00639298636821
2132,kexp,1.75,25,0.5,0.1,-37.881971637019404,-40.71601535540046
2133,kexp,1.75,25,0.5,0.05,-38.00760897475733,-40.82972734412859
2134,kexp,1.75,25,0.5,0.01,-38.05167500384431,-40.868592427028595
2135,kexp,1.75,25,0.5,0,-38.05355388792478,-40.87023903889772
2136,kexp,1.75,25,1,0.5,-39.527837672147186,-41.38282956631616
2137,kexp,1.75,25,1,0.1,-37.42904896362474,-39.7370770476024
2138,kexp,1.75,25,1,0.05,-37.368882924709965,-39.68946200102786
2139,kexp,1.75,25,1,0.01,-37.349817505075855,-39.67433858486385
2140,kexp,1.75,25,1,0,-37.349025174518864,-39.67370968147314
2141,kexp,1.75,25,1.5,0.5,-42.070742634865546,-43.839543344653876
2142,kexp,1.75,25,1.5,0.1,-39.996005435504486,-42.139616406076414
2143,kexp,1.75,25,1.5,0.05,-39.927659141564895,-42.08406783419677
2144,kexp,1.75,25,1.5,0.01,-39.905752199290475,-42.066265377944866
2145,kexp,1.75,25,1.5,0,-39.90483903678678,-42.065523329069414
2146,kexp,2,0.2,0.5,0.5,-52.63851076359018,-54.107534725520104
2147,kexp,2,0.2,0.5,0.1,-202.69938767999767,-204.98262849702022
2148,kexp,2,0.2,0.5,0.05,-269.1102037328062,-271.1807958579504
2149,kexp,2,0.2,0.5,0.01,-304.9468451420736,-306.9211407093738
2150,kexp,2,0.2,0.5,0,-306.7083052626164,-308.67824195074763
2151,kexp,2,0.2,1,0.5,-49.82645907508629,-50.903228306265774
2152,kexp,2,0.2,1,0.1,-128.08408828173665,-129.234410563218
2153,kexp,2,0.2,1,0.05,-149.92520301746026,-151.01040974146434
2154,kexp,2,0.2,1,0.01,-159.40899390605276,-160.46942283250635
2155,kexp,2,0.2,1,0,-159.84037732648076,-160.89973015599975
2156,kexp,2,0.2,1.5,0.5,-48.67867634999864,-49.52053385590587
2157,kexp,2,0.2,1.5,0.1,-98.62698448918445,-99.42494050974287
2158,kexp,2,0.2,1.5,0.05,-109.25665097472803,-110.02395706949109
2159,kexp,2,0.2,1.5,0.01,-113.48779888367577,-114.24409545275091
2160,kexp,2,0.2,1.5,0,-113.67505811249517,-114.43088298914849
2161,kexp,2,0.5,0.5,0.5,-45.64762019450456,-47.19203317439385
2162,kexp,2,0.5,0.5,0.1,-107.7731613258671,-109.2604089711314
2163,kexp,2,0.5,0.5,0.05,-122.64343982890999,-124.01457067178254
2164,kexp,2,0.5,0.5,0.01,-128.77516578175874,-130.10284483281944
2165,kexp,2,0.5,0.5,0,-129.0495322107789,-130.37532733922984
2166,kexp,2,0.5,1,0.5,-44.082718512828166,-45.13368791819353
2167,kexp,2,0.5,1,0.1,-69.90025144561213,-70.82696166269186
2168,kexp,2,0.5,1,0.05,-73.91132590619723,-74.809648389709
2169,kexp,2,0.5,1,0.01,-75.39126257137391,-76.27968249352541
2170,kexp,2,0.5,1,0,-75.45531518545143,-76.34331342829825
2171,kexp,2,0.5,1.5,0.5,-44.09471995490559,-44.928057197321266
2172,kexp,2,0.5,1.5,0.1,-57.99605254663083,-58.75364170982788
2173,kexp,2,0.5,1.5,0.05,-59.73750118609997,-60.48363862599987
2174,kexp,2,0.5,1.5,0.01,-60.35481326327739,-61.097044598102066
2175,kexp,2,0.5,1.5,0,-60.38123294342688,-61.12329889107462
2176,kexp,2,1,0.5,0.5,-42.419435723151146,-43.975295666326105
2177,kexp,2,1,0.5,0.1,-70.41902297693953,-72.16228426229186
2178,kexp,2,1,0.5,0.05,-74.6314284255451,-76.35296900046356
2179,kexp,2,1,0.5,0.01,-76.1790972536864,-77.89347983686923
2180,kexp,2,1,0.5,0,-76.24600828692286,-77.96009229548562
2181,kexp,2,1,1,0.5,-41.84884582716584,-42.9784327079123
2182,kexp,2,1,1,0.1,-50.476216094761035,-51.7150478380507
2183,kexp,2,1,1,0.05,-51.42388874552706,-52.663635240295854
2184,kexp,2,1,1,0.01,-51.75273953333717,-52.99280866255181
2185,kexp,2,1,1,0,-51.76673235330165,-53.00681538277279
2186,kexp,2,1,1.5,0.5,-42.602276019583314,-43.574495854437245
2187,kexp,2,1,1.5,0.1,-45.9286006580652,-47.006229918586705
2188,kexp,2,1,1.5,0.05,-46.27459152735291,-47.35554246533777
2189,kexp,2,1,1.5,0.01,-46.392630919896725,-47.47466808711547
2190,kexp,2,1,1.5,0,-46.39763047541884,-47.47971317852684
2191,kexp,2,1.5,0.5,0.5,-41.16940535743773,-42.83501048529761
2192,kexp,2,1.5,0.5,0.1,-57.26643372167387,-59.62758293100481
2193,kexp,2,1.5,0.5,0.05,-59.188430026556155,-61.58277652832202
2194,kexp,2,1.5,0.5,0.01,-59.86583924479921,-62.27181356968106
2195,kexp,2,1.5,0.5,0,-59.89478731618597,-62.30125858154625
2196,kexp,2,1.5,1,0.5,-41.02430231076654,-42.32288651681057
2197,kexp,2,1.5,1,0.1,-44.42093171650102,-46.084496431340106
2198,kexp,2,1.5,1,0.05,-44.773661596687255,-46.45437513739374
2199,kexp,2,1.5,1,0.01,-44.893883463242894,-46.58028099298472
2200,kexp,2,1.5,1,0,-44.8989741570261,-46.585610726149675
2201,kexp,2,1.5,1.5,0.5,-42.15070505187692,-43.315603891243356
2202,kexp,2,1.5,1.5,0.1,-42.568473324564806,-43.99976341776266
2203,kexp,2,1.5,1.5,0.05,-42.65885182757857,-44.10163237168173
2204,kexp,2,1.5,1.5,0.01,-42.68971914574675,-44.13625356414334
2205,kexp,2,1.5,1.5,0,-42.691026537342,-44.13771820771995
2206,kexp,2,2,0.5,0.5,-40.36698854523171,-42.153320370151604
2207,kexp,2,2,0.5,0.1,-50.53321217179637,-53.26901967957289
2208,kexp,2,2,0.5,0.05,-51.613905927718015,-54.39473859842883
2209,kexp,2,2,0.5,0.01,-51.987478757627294,-54.78338893917636
2210,kexp,2,2,0.5,0,-52.00335823393412,-54.79990453753602
2211,kexp,2,2,1,0.5,-40.50003111537103,-41.94807079996324
2212,kexp,2,2,1,0.1,-41.53575574552506,-43.46952584319429
2213,kexp,2,2,1,0.05,-41.68150709864946,-43.63690813260817
2214,kexp,2,2,1,0.01,-41.731107891437524,-43.69359184969724
2215,kexp,2,2,1,0,-41.73320701448534,-43.695987862966405
2216,kexp,2,2,1.5,0.5,-41.8929862222823,-43.21540108952828
2217,kexp,2,2,1.5,0.1,-41.09329071214742,-42.75912075736934
2218,kexp,2,2,1.5,0.05,-41.09813657335219,-42.778183206436935
2219,kexp,2,2,1.5,0.01,-41.10037909989505,-42.78504491070413
2220,kexp,2,2,1.5,0,-41.10048004138734,-42.785339071494704
2221,kexp,2,2.5,0.5,0.5,-39.74431460805024,-41.62585720323966
2222,kexp,2,2.5,0.5,0.1,-46.563452006925544,-49.44081890214947
2223,kexp,2,2.5,0.5,0.05,-47.261586169188625,-50.175663376938616
2224,kexp,2,2.5,0.5,0.01,-47.500777899534704,-50.426630356716096
2225,kexp,2,2.5,0.5,0,-47.51092057870931,-50.43726399275401
2226,kexp,2,2.5,1,0.5,-40.11582953747326,-41.671395233069155
2227,kexp,2,2.5,1,0.1,-39.92749098307059,-41.999386272631504
2228,kexp,2,2.5,1,0.05,-39.982881605138914,-42.075571065839334
2229,kexp,2,2.5,1,0.01,-40.00210265376796,-42.101534185453446
2230,kexp,2,2.5,1,0,-40.002919818078674,-42.102633218011526
2231,kexp,2,2.5,1.5,0.5,-41.722886654723915,-43.15810620562257
2232,kexp,2,2.5,1.5,0.1,-40.33219679552549,-42.13698158310824
2233,kexp,2,2.5,1.5,0.05,-40.301006865651864,-42.12028992903819
2234,kexp,2,2.5,1.5,0.01,-40.29131059649519,-42.11528464926913
2235,kexp,2,2.5,1.5,0,-40.290909664593805,-42.11507972648954
2236,kexp,2,3,0.5,0.5,-39.241744169592224,-41.190216511124824
2237,kexp,2,3,0.5,0.1,-44.03409686957406,-46.91936772843696
2238,kexp,2,3,0.5,0.05,-44.53534639877056,-47.44287647438569
2239,kexp,2,3,0.5,0.01,-44.706585449026676,-47.62068327373302
2240,kexp,2,3,0.5,0,-44.71384076454024,-47.62820588471288
2241,kexp,2,3,1,0.5,-39.82806860962021,-41.456708438888484
2242,kexp,2,3,1,0.1,-38.952552122143324,-41.086696855860936
2243,kexp,2,3,1,0.05,-38.96308176101787,-41.11551455348234
2244,kexp,2,3,1,0.01,-38.96735948678012,-41.12566683830715
2245,kexp,2,3,1,0,-38.96754759065336,-41.12609994163276
2246,kexp,2,3,1.5,0.5,-41.609758420567424,-43.124511756428106
2247,kexp,2,3,1.5,0.1,-39.90721887762579,-41.79517034231003
2248,kexp,2,3,1.5,0.05,-39.85878565160159,-41.76070686329555
2249,kexp,2,3,1.5,0.01,-39.84341248577604,-41.749839147329965
2250,kexp,2,3,1.5,0,-39.84277329942003,-41.74938806066884
2251,kexp,2,3.5,0.5,0.5,-38.83749678117044,-40.83148959139195
2252,kexp,2,3.5,0.5,0.1,-42.335813623840735,-45.16928630808856
2253,kexp,2,3.5,0.5,0.05,-42.72614918874976,-45.56737651026318
2254,kexp,2,3.5,0.5,0.01,-42.85956914944111,-45.70226968881932
2255,kexp,2,3.5,0.5,0,-42.86522264441871,-45.707973086680326
2256,kexp,2,3.5,1,0.5,-39.61300705886555,-41.291814147858354
2257,kexp,2,3.5,1,0.1,-38.32727865770747,-40.486865053102335
2258,kexp,2,3.5,1,0.05,-38.313370791855625,-40.48860228033476
2259,kexp,2,3.5,1,0.01,-38.30955999318384,-40.48977038048615
2260,kexp,2,3.5,1,0,-38.30940815894726,-40.48982568075835
2261,kexp,2,3.5,1.5,0.5,-41.53596809857781,-43.108766524308685
2262,kexp,2,3.5,1.5,0.1,-39.65802449743981,-41.59989912395603
2263,kexp,2,3.5,1.5,0.05,-39.60055783591651,-41.55573834113183
2264,kexp,2,3.5,1.5,0.01,-39.58222342721381,-41.54168470325962
2265,kexp,2,3.5,1.5,0,-39.58146009718779,-41.541099978849516
2266,kexp,2,4,0.5,0.5,-38.5156671428641,-40.54118572062502
2267,kexp,2,4,0.5,0.1,-41.15150283103076,-43.91504010254868
2268,kexp,2,4,0.5,0.05,-41.474737730646694,-44.23354475569464
2269,kexp,2,4,0.5,0.01,-41.585477351783375,-44.34142795819973
2270,kexp,2,4,0.5,0,-41.590172434100744,-44.345988791787704
2271,kexp,2,4,1,0.5,-39.45306872724075,-41.16806299097713
2272,kexp,2,4,1,0.1,-37.90966545122088,-40.07937683290634
2273,kexp,2,4,1,0.05,-37.881437731892134,-40.06452762555431
2274,kexp,2,4,1,0.01,-37.872909008401166,-40.06021641815459
2275,kexp,2,4,1,0,-37.872559128199825,-40.060041555400794
2276,kexp,2,4,1.5,0.5,-41.489324706886016,-43.10681353985833
2277,kexp,2,4,1.5,0.1,-39.507384234342894,-41.48842867535015
2278,kexp,2,4,1.5,0.05,-39.44483851889203,-41.43861670952233
2279,kexp,2,4,1.5,0.01,-39.42484431747949,-41.42271157618311
2280,kexp,2,4,1.5,0,-39.42401145963178,-41.4220492433385
2281,kexp,2,6,0.5,0.5,-37.78516062362757,-39.88208403683041
2282,kexp,2,6,0.5,0.1,-38.86851111230333,-41.42983607288514
2283,kexp,2,6,0.5,0.05,-39.08580310087556,-41.613871798841
2284,kexp,2,6,0.5,0.01,-39.16112715721075,-41.67656742413624
2285,kexp,2,6,0.5,0,-39.164329995291844,-41.6792216887063
2286,kexp,2,6,1,0.5,-39.13600075452907,-40.94023928120804
2287,kexp,2,6,1,0.1,-37.173153495915194,-39.36888779086587
2288,kexp,2,6,1,0.05,-37.12366303775994,-39.327925675282
2289,kexp,2,6,1,0.01,-37.10816972879936,-39.31503134009576
2290,kexp,2,6,1,0,-37.10752793286181,-39.314496401420215
2291,kexp,2,6,1.5,0.5,-41.437736668954216,-43.17270817695622
2292,kexp,2,6,1.5,0.1,-39.30516285447688,-41.393888133455235
2293,kexp,2,6,1.5,0.05,-39.235742521363015,-41.33616991260746
2294,kexp,2,6,1.5,0.01,-39.21351051657212,-41.3176819230253
2295,kexp,2,6,1.5,0,-39.21258401211941,-41.316911405727495
2296,kexp,2,8,0.5,0.5,-37.517829030058635,-39.665545644483416
2297,kexp,2,8,0.5,0.1,-38.12584280032667,-40.64679875665027
2298,kexp,2,8,0.5,0.05,-38.31493870624791,-40.79346776285202
2299,kexp,2,8,0.5,0.01,-38.380946413089625,-40.843724538491514
2300,kexp,2,8,0.5,0,-38.38375790209284,-40.84585527331793
2301,kexp,2,8,1,0.5,-39.04895856310956,-40.913100861664965
2302,kexp,2,8,1,0.1,-36.976992825594515,-39.21965754796775
2303,kexp,2,8,1,0.05,-36.92251551011141,-39.17251208546295
2304,kexp,2,8,1,0.01,-36.9053996199421,-39.157594597761445
2305,kexp,2,8,1,0,-36.904689931474145,-39.156974884618855
2306,kexp,2,8,1.5,0.5,-41.45871138063661,-43.26696859340734
2307,kexp,2,8,1.5,0.1,-39.29656864739844,-41.4633314876661
2308,kexp,2,8,1.5,0.05,-39.22590281245986,-41.40435730965648
2309,kexp,2,8,1.5,0.01,-39.203267405416106,-41.38545921419562
2310,kexp,2,8,1.5,0,-39.20232404133609,-41.38467152178926
2311,kexp,2,10,0.5,0.5,-37.42630237483027,-39.61645879146969
2312,kexp,2,10,0.5,0.1,-37.864246533810075,-40.412752287087265
2313,kexp,2,10,0.5,0.05,-38.043904197889894,-40.54764494767266
2314,kexp,2,10,0.5,0.01,-38.106811497385316,-40.59399654479201
2315,kexp,2,10,0.5,0,-38.109492947351825,-40.595963083403134
2316,kexp,2,10,1,0.5,-39.03381365044059,-40.94214459573423
2317,kexp,2,10,1,0.1,-36.929085829500316,-39.22021578405509
2318,kexp,2,10,1,0.05,-36.87320124428672,-39.17160949127066
2319,kexp,2,10,1,0.01,-36.855629494172724,-39.15621446412788
2320,kexp,2,10,1,0,-36.854900753380164,-39.15557474607327
2321,kexp,2,10,1.5,0.5,-41.48877192609795,-43.345463994296075
2322,kexp,2,10,1.5,0.1,-39.321852081957914,-41.544712125155854
2323,kexp,2,10,1.5,0.05,-39.25100094740538,-41.48577602214116
2324,kexp,2,10,1.5,0.01,-39.22830597096866,-41.466889294420035
2325,kexp,2,10,1.5,0,-39.22736012212467,-41.46610206703369
2326,kexp,2,25,0.5,0.5,-37.43638829301806,-39.730676207656614
2327,kexp,2,25,0.5,0.1,-37.78698265480761,-40.50365949776854
2328,kexp,2,25,0.5,0.05,-37.96236522147986,-40.63648751937701
2329,kexp,2,25,0.5,0.01,-38.02389361313437,-40.682160120390584
2330,kexp,2,25,0.5,0,-38.02651751307758,-40.68409818335299
2331,kexp,2,25,1,0.5,-39.09771618767996,-41.10092498089984
2332,kexp,2,25,1,0.1,-36.994452016046836,-39.41328872390341
2333,kexp,2,25,1,0.05,-36.93878664372906,-39.366091787332174
2334,kexp,2,25,1,0.01,-36.921290679499286,-39.35115511214089
2335,kexp,2,25,1,0,-36.92056515844898,-39.350534571791904
2336,kexp,2,25,1.5,0.5,-41.58742437048619,-43.53550040851235
2337,kexp,2,25,1.5,0.1,-39.436153064856654,-41.77328015451917
2338,kexp,2,25,1.5,0.05,-39.36598149621412,-41.71584008099384
2339,kexp,2,25,1.5,0.01,-39.34350773170101,-41.69743714976129
2340,kexp,2,25,1.5,0,-39.34257114030798,-41.696670134675394
2341,kexp,2.25,0.2,0.5,0.5,-53.05859586812039,-54.6545584193884
2342,kexp,2.25,0.2,0.5,0.1,-218.00704391700765,-220.67445814945532
2343,kexp,2.25,0.2,0.5,0.05,-296.933794501159,-299.35488253925917
2344,kexp,2.25,0.2,0.5,0.01,-341.5544663146111,-343.86055074038575
2345,kexp,2.25,0.2,0.5,0,-343.7883255627868,-346.08918012728634
2346,kexp,2.25,0.2,1,0.5,-50.183226542930186,-51.37589446947836
2347,kexp,2.25,0.2,1,0.1,-138.34132482947336,-139.67970783764872
2348,kexp,2.25,0.2,1,0.05,-165.02677108938326,-166.2881416578927
2349,kexp,2.25,0.2,1,0.01,-176.97225491255003,-178.20393856589732
2350,kexp,2.25,0.2,1,0,-177.52110421756862,-178.75149611606602
2351,kexp,2.25,0.2,1.5,0.5,-48.93375325929234,-49.87589720720816
2352,kexp,2.25,0.2,1.5,0.1,-106.11605123386475,-107.03988200581315
2353,kexp,2.25,0.2,1.5,0.05,-119.287704872361,-120.17504922135628
2354,kexp,2.25,0.2,1.5,0.01,-124.65036953058416,-125.52450702870019
2355,kexp,2.25,0.2,1.5,0,-124.88935386668506,-125.76292487652125
2356,kexp,2.25,0.5,0.5,0.5,-45.888707782195,-47.562661731643075
2357,kexp,2.25,0.5,0.5,0.1,-116.41131067460167,-117.98536170572096
2358,kexp,2.25,0.5,0.5,0.05,-134.70365845601643,-136.1330000232451
2359,kexp,2.25,0.5,0.5,0.01,-142.44291046329715,-143.81794378754532
2360,kexp,2.25,0.5,0.5,0,-142.79204042333225,-144.16471816622487
2361,kexp,2.25,0.5,1,0.5,-44.175558224163154,-45.318364811701834
2362,kexp,2.25,0.5,1,0.1,-74.48798122209803,-75.46816442103574
2363,kexp,2.25,0.5,1,0.05,-79.5406404979506,-80.48503233071389
2364,kexp,2.25,0.5,1,0.01,-81.43242057284776,-82.3643206558183
2365,kexp,2.25,0.5,1,0,-81.51464303123235,-82.44601117427007
2366,kexp,2.25,0.5,1.5,0.5,-44.047967812645005,-44.95291858661481
2367,kexp,2.25,0.5,1.5,0.1,-60.818448758714204,-61.62252359118498
2368,kexp,2.25,0.5,1.5,0.05,-63.04719089305104,-63.83665007603601
2369,kexp,2.25,0.5,1.5,0.01,-63.84525002627359,-64.62972593005976
2370,kexp,2.25,0.5,1.5,0,-63.87950066686413,-64.66376560995312
2371,kexp,2.25,1,0.5,0.5,-42.488984922982496,-44.13104791330153
2372,kexp,2.25,1,0.5,0.1,-75.26552343791532,-76.93842055896219
2373,kexp,2.25,1,0.5,0.05,-80.5516212335459,-82.1852080274848
2374,kexp,2.25,1,0.5,0.01,-82.5210675197432,-84.1418434442465
2375,kexp,2.25,1,0.5,0,-82.60655590020934,-84.22679885746234
2376,kexp,2.25,1,1,0.5,-41.7779842627129,-42.960843754669035
2377,kexp,2.25,1,1,0.1,-52.51490284772218,-53.75223590393202
2378,kexp,2.25,1,1,0.05,-53.74455828860858,-54.97945298118275
2379,kexp,2.25,1,1,0.01,-54.17426945043632,-55.40843110704504
2380,kexp,2.25,1,1,0,-54.19258900135678,-55.426720859973216
2381,kexp,2.25,1,1.5,0.5,-42.38492355573862,-43.40368655587037
2382,kexp,2.25,1,1.5,0.1,-46.87829163484373,-47.980588341077464
2383,kexp,2.25,1,1.5,0.05,-47.3452373746327,-48.44985672551804
2384,kexp,2.25,1,1.5,0.01,-47.50514370089741,-48.61053912429171
2385,kexp,2.25,1,1.5,0,-47.511923468374746,-48.617351627446716
2386,kexp,2.25,1.5,0.5,0.5,-41.17156148252773,-42.90380996642123
2387,kexp,2.25,1.5,0.5,0.1,-60.437864765048715,-62.743775494328936
2388,kexp,2.25,1.5,0.5,0.05,-62.87128543408122,-65.20379032314271
2389,kexp,2.25,1.5,0.5,0.01,-63.736687660489935,-66.07906924000484
2390,kexp,2.25,1.5,0.5,0,-63.77376147266919,-66.11657203030794
2391,kexp,2.25,1.5,1,0.5,-40.88241990914763,-42.22826108005076
2392,kexp,2.25,1.5,1,0.1,-45.485734937976126,-47.17319364654059
2393,kexp,2.25,1.5,1,0.05,-45.960367418974414,-47.664924072594125
2394,kexp,2.25,1.5,1,0.01,-46.122676970396206,-47.832969859641906
2395,kexp,2.25,1.5,1,0,-46.129556085839425,-47.840091000005366
2396,kexp,2.25,1.5,1.5,0.5,-41.85250019976129,-43.06773632011701
2397,kexp,2.25,1.5,1.5,0.1,-42.851296250255004,-44.334760285368375
2398,kexp,2.25,1.5,1.5,0.05,-42.98970812355933,-44.4853253395579
2399,kexp,2.25,1.5,1.5,0.01,-43.03681729574315,-44.53642621090853
2400,kexp,2.25,1.5,1.5,0,-43.03881105692189,-44.538587423263685
2401,kexp,2.25,2,0.5,0.5,-40.34357821806289,-42.196632835801076
2402,kexp,2.25,2,0.5,0.1,-52.76654649721906,-55.48678462013406
2403,kexp,2.25,2,0.5,0.05,-54.1435248686389,-56.90457204224425
2404,kexp,2.25,2,0.5,0.01,-54.62250147259181,-57.39746748217308
2405,kexp,2.25,2,0.5,0,-54.64289594463612,-57.41845234697073
2406,kexp,2.25,2,1,0.5,-40.31524472731815,-41.82000419634368
2407,kexp,2.25,2,1,0.1,-42.096182067617036,-44.084803981262716
2408,kexp,2.25,2,1,0.05,-42.30616653580058,-44.31718977682059
2409,kexp,2.25,2,1,0.01,-42.37757225671284,-44.39597129265315
2410,kexp,2.25,2,1,0,-42.38059379109084,-44.39930245153214
2411,kexp,2.25,2,1.5,0.5,-41.54393952124823,-42.93044101111687
2412,kexp,2.25,2,1.5,0.1,-41.04621470138388,-42.79205555848712
2413,kexp,2.25,2,1.5,0.05,-41.07360861546112,-42.83481758059407
2414,kexp,2.25,2,1.5,0.01,-41.08339751796905,-42.84961397966512
2415,kexp,2.25,2,1.5,0,-41.08381650662143,-42.85024258643168
2416,kexp,2.25,2.5,0.5,0.5,-39.70665826691723,-41.662388119272904
2417,kexp,2.25,2.5,0.5,0.1,-48.23150359731084,-51.11748075530297
2418,kexp,2.25,2.5,0.5,0.05,-49.127367204140086,-52.04359789042782
2419,kexp,2.25,2.5,0.5,0.01,-49.435715962070844,-52.361572153078356
2420,kexp,2.25,2.5,0.5,0,-49.448807341075835,-52.37506409542566
2421,kexp,2.25,2.5,1,0.5,-39.90060239122987,-41.52530178159063
2422,kexp,2.25,2.5,1,0.1,-40.2018679229185,-42.348320298944586
2423,kexp,2.25,2.5,1,0.05,-40.29610343870974,-42.463697986521396
2424,kexp,2.25,2.5,1,0.01,-40.32840010293471,-42.50286020654598
2425,kexp,2.25,2.5,1,0,-40.32976917459656,-42.50451643160886
2426,kexp,2.25,2.5,1.5,0.5,-41.34072851097851,-42.85382788355829
2427,kexp,2.25,2.5,1.5,0.1,-40.106405863194205,-42.00983384030952
2428,kexp,2.25,2.5,1.5,0.05,-40.08681358723425,-42.005804762023914
2429,kexp,2.25,2.5,1.5,0.01,-40.08098465160357,-42.00501798800197
2430,kexp,2.25,2.5,1.5,0,-40.08074655249137,-42.004990643724895
2431,kexp,2.25,3,0.5,0.5,-39.1885300270013,-41.21909970767538
2432,kexp,2.25,3,0.5,0.1,-45.337653513304865,-48.23632892217123
2433,kexp,2.25,3,0.5,0.05,-45.986189391468386,-48.896857303170655
2434,kexp,2.25,3,0.5,0.01,-46.20852806119529,-49.12215494043729
2435,kexp,2.25,3,0.5,0,-46.217957410390454,-49.131697563077864
2436,kexp,2.25,3,1,0.5,-39.58846709211544,-41.29648828022477
2437,kexp,2.25,3,1,0.1,-39.05312565251958,-41.27041937979883
2438,kexp,2.25,3,1,0.05,-39.08992462851028,-41.325026876395825
2439,kexp,2.25,3,1,0.01,-39.10301451516173,-41.34382081073897
2440,kexp,2.25,3,1,0,-39.1035742321442,-41.34461823596196
2441,kexp,2.25,3,1.5,0.5,-41.205433002390826,-42.808805969520094
2442,kexp,2.25,3,1.5,0.1,-39.578718157733306,-41.5758129249728
2443,kexp,2.25,3,1.5,0.05,-39.53658820886086,-41.548441210311125
2444,kexp,2.25,3,1.5,0.01,-39.52332044466399,-41.53993365788646
2445,kexp,2.25,3,1.5,0,-39.52276993945456,-41.53958189364991
2446,kexp,2.25,3.5,0.5,0.5,-38.764293093165385,-40.84605428770879
2447,kexp,2.25,3.5,0.5,0.1,-43.3870216064942,-46.22414061794714
2448,kexp,2.25,3.5,0.5,0.05,-43.896398442468325,-46.72702029668008
2449,kexp,2.25,3.5,0.5,0.01,-44.07099628217689,-46.89802393269254
2450,kexp,2.25,3.5,0.5,0,-44.078400296289765,-46.90526092515065
2451,kexp,2.25,3.5,1,0.5,-39.35232861479231,-41.11743532256563
2452,kexp,2.25,3.5,1,0.1,-38.31458744995345,-40.558157760050655
2453,kexp,2.25,3.5,1,0.05,-38.32011843696191,-40.577983729524924
2454,kexp,2.25,3.5,1,0.01,-38.322826531160416,-40.58519980645135
2455,kexp,2.25,3.5,1,0,-38.32294957621767,-40.58550993638175
2456,kexp,2.25,3.5,1.5,0.5,-41.11617043589003,-42.7850937149685
2457,kexp,2.25,3.5,1.5,0.1,-39.266956059351706,-41.3230074309201
2458,kexp,2.25,3.5,1.5,0.05,-39.21299148650305,-41.28283415133899
2459,kexp,2.25,3.5,1.5,0.01,-39.195836330458555,-41.2701117022614
2460,kexp,2.25,3.5,1.5,0,-39.19512276958864,-41.269583040188316
2461,kexp,2.25,4,0.5,0.5,-38.418965046485965,-40.53520250100124
2462,kexp,2.25,4,0.5,0.1,-42.01714713413664,-44.76567084796719
2463,kexp,2.25,4,0.5,0.05,-42.4423571051629,-45.16825547115538
2464,kexp,2.25,4,0.5,0.01,-42.588363400139606,-45.30503697102656
2465,kexp,2.25,4,0.5,0,-42.594557613270865,-45.31082425735852
2466,kexp,2.25,4,1,0.5,-39.17371830455172,-40.97900789402947
2467,kexp,2.25,4,1,0.1,-37.818496676019606,-40.06842522812043
2468,kexp,2.25,4,1,0.05,-37.80570264070411,-40.0668732949631
2469,kexp,2.25,4,1,0.01,-37.80235776492875,-40.06700764972052
2470,kexp,2.25,4,1,0,-37.80222655436434,-40.06702009329011
2471,kexp,2.25,4,1.5,0.5,-41.05840486347834,-42.77701908876212
2472,kexp,2.25,4,1.5,0.1,-39.07622318453092,-41.17325723536288
2473,kexp,2.25,4,1.5,0.05,-39.0155845310381,-41.12556461335616
2474,kexp,2.25,4,1.5,0.01,-38.99624474720446,-41.11037429205296
2475,kexp,2.25,4,1.5,0,-38.995439634792064,-41.109742138665425
2476,kexp,2.25,6,0.5,0.5,-37.59276988645498,-39.775976476651124
2477,kexp,2.25,6,0.5,0.1,-39.313575789107745,-41.766766479491125
2478,kexp,2.25,6,0.5,0.05,-39.60534749612496,-41.99746329605177
2479,kexp,2.25,6,0.5,0.01,-39.706594746253174,-42.076267867860324
2480,kexp,2.25,6,0.5,0,-39.710901346608246,-42.07960658575853
2481,kexp,2.25,6,1,0.5,-38.80347426561957,-40.70004494879469
2482,kexp,2.25,6,1,0.1,-36.92421627743873,-39.17453100417506
2483,kexp,2.25,6,1,0.05,-36.88410787892887,-39.13876104754407
2484,kexp,2.25,6,1,0.01,-36.87180071863476,-39.12762704242628
2485,kexp,2.25,6,1,0,-36.871293693142626,-39.12716653145135
2486,kexp,2.25,6,1.5,0.5,-40.98643631741538,-42.83156187955554
2487,kexp,2.25,6,1.5,0.1,-38.808402819466366,-41.01170159278804
2488,kexp,2.25,6,1.5,0.05,-38.73865284679409,-40.953186609978964
2489,kexp,2.25,6,1.5,0.01,-38.716343971326424,-40.934457050120415
2490,kexp,2.25,6,1.5,0,-38.71541457538652,-40.93367661341708
2491,kexp,2.25,8,0.5,0.5,-37.25959653802654,-39.48555146449971
2492,kexp,2.25,8,0.5,0.1,-38.38188706287687,-40.731128894447615
2493,kexp,2.25,8,0.5,0.05,-38.63741615824001,-40.91169344715206
2494,kexp,2.25,8,0.5,0.01,-38.72667233566059,-40.9737804825566
2495,kexp,2.25,8,0.5,0,-38.730475060952614,-40.97641526657575
2496,kexp,2.25,8,1,0.5,-38.690364676607516,-40.646284563707304
2497,kexp,2.25,8,1,0.1,-36.67017365594985,-38.952274462308154
2498,kexp,2.25,8,1,0.05,-36.62354440513409,-38.90789445283274
2499,kexp,2.25,8,1,0.01,-36.609114378017146,-38.89394136544127
2500,kexp,2.25,8,1,0,-36.60851851477073,-38.89336270796427
2501,kexp,2.25,8,1.5,0.5,-41.00525529845071,-42.92995065786354
2502,kexp,2.25,8,1.5,0.1,-38.78711417490793,-41.07032098112445
2503,kexp,2.25,8,1.5,0.05,-38.71566733292218,-41.00984521593778
2504,kexp,2.25,8,1.5,0.01,-38.692808801402784,-40.990475848885914
2505,kexp,2.25,8,1.5,0,-38.69185643277659,-40.98966862182961
2506,kexp,2.25,10,0.5,0.5,-37.13069956712494,-39.39638473654462
2507,kexp,2.25,10,0.5,0.1,-38.02798292414678,-40.37468083118689
2508,kexp,2.25,10,0.5,0.05,-38.27095325266601,-40.53820183072481
2509,kexp,2.25,10,0.5,0.01,-38.356083627008054,-40.59463387241304
2510,kexp,2.25,10,0.5,0,-38.359713305139756,-40.597030852822414
2511,kexp,2.25,10,1,0.5,-38.663979549753115,-40.66663345219224
2512,kexp,2.25,10,1,0.1,-36.599339537978146,-38.92651184302677
2513,kexp,2.25,10,1,0.05,-36.55080294228744,-38.87981436674369
2514,kexp,2.25,10,1,0.01,-36.53575530542444,-38.86510413487054
2515,kexp,2.25,10,1,0,-36.53513363245083,-38.864493763771016
2516,kexp,2.25,10,1.5,0.5,-41.03866190604295,-43.01875177207698
2517,kexp,2.25,10,1.5,0.1,-38.81322493568876,-41.15845996527597
2518,kexp,2.25,10,1.5,0.05,-38.741500809793834,-41.09785841389911
2519,kexp,2.25,10,1.5,0.01,-38.718553255615035,-41.07844715727968
2520,kexp,2.25,10,1.5,0,-38.71759717495461,-41.0776381674901
2521,kexp,2.25,25,0.5,0.5,-37.10410661483985,-39.49253198490201
2522,kexp,2.25,25,0.5,0.1,-37.85910018940018,-40.383289377652936
2523,kexp,2.25,25,0.5,0.05,-38.0952699196388,-40.541104655381005
2524,kexp,2.25,25,0.5,0.01,-38.17820986071093,-40.59566478791802
2525,kexp,2.25,25,0.5,0,-38.18174815460541,-40.59798329794638
2526,kexp,2.25,25,1,0.5,-38.72740703842192,-40.84824847324361
2527,kexp,2.25,25,1,0.1,-36.65769491366891,-39.1389263592522
2528,kexp,2.25,25,1,0.05,-36.609219495102536,-39.093510043538004
2529,kexp,2.25,25,1,0.01,-36.594199649027,-39.079217978885076
2530,kexp,2.25,25,1,0,-36.59357922484735,-39.078625121023514
2531,kexp,2.25,25,1.5,0.5,-41.15683301263638,-43.25580608109069
2532,kexp,2.25,25,1.5,0.1,-38.949370213015406,-41.44124975212621
2533,kexp,2.25,25,1.5,0.05,-38.878469747182976,-41.38244388869196
2534,kexp,2.25,25,1.5,0.01,-38.85579116373817,-41.36361386318699
2535,kexp,2.25,25,1.5,0,-38.854846348328294,-41.36282916211903
2536,kexp,2.5,0.2,0.5,0.5,-53.430537637350234,-55.13839334256074
2537,kexp,2.5,0.2,0.5,0.1,-232.3910541966255,-235.4465856376848
2538,kexp,2.5,0.2,0.5,0.05,-324.10221255784586,-326.87849006800224
2539,kexp,2.5,0.2,0.5,0.01,-378.2878320943727,-380.9295915820087
2540,kexp,2.5,0.2,0.5,0,-381.0497873738552,-383.68540281458974
2541,kexp,2.5,0.2,1,0.5,-50.50991089433892,-51.80868044207293
2542,kexp,2.5,0.2,1,0.1,-148.22387408385188,-149.75190878628555
2543,kexp,2.5,0.2,1,0.05,-180.02966411913732,-181.46850455634151
2544,kexp,2.5,0.2,1,0.01,-194.69185808258015,-196.09586464355905
2545,kexp,2.5,0.2,1,0,-195.3722638520007,-196.77475217897842
2546,kexp,2.5,0.2,1.5,0.5,-49.177206757096904,-50.2131111999408
2547,kexp,2.5,0.2,1.5,0.1,-113.45128260461446,-114.50144732827002
2548,kexp,2.5,0.2,1.5,0.05,-129.354600104763,-130.36222635495827
2549,kexp,2.5,0.2,1.5,0.01,-135.973416231095,-136.96552828401389
2550,kexp,2.5,0.2,1.5,0,-136.27041277497244,-137.26185873070492
2551,kexp,2.5,0.5,0.5,0.5,-46.11732487839938,-47.91061597311125
2552,kexp,2.5,0.5,0.5,0.1,-124.83825901101983,-126.50268862237749
2553,kexp,2.5,0.5,0.5,0.05,-146.7854636683507,-148.27581966222243
2554,kexp,2.5,0.5,0.5,0.01,-156.30547058320627,-157.73028373641833
2555,kexp,2.5,0.5,0.5,0,-156.73841554800293,-158.1603848661637
2556,kexp,2.5,0.5,1,0.5,-44.27698192554637,-45.5063157332
2557,kexp,2.5,0.5,1,0.1,-79.09735066109526,-80.12956442637464
2558,kexp,2.5,0.5,1,0.05,-85.28972388794719,-86.27847212997925
2559,kexp,2.5,0.5,1,0.01,-87.6419505377784,-88.61551778054695
2560,kexp,2.5,0.5,1,0,-87.74461505907189,-88.71753584957764
2561,kexp,2.5,0.5,1.5,0.5,-44.02798875900862,-45.000285968033864
2562,kexp,2.5,0.5,1.5,0.1,-63.72465173829302,-64.57216704347731
2563,kexp,2.5,0.5,1.5,0.05,-66.4929745095097,-67.32257729717635
2564,kexp,2.5,0.5,1.5,0.01,-67.4942459002161,-68.31774231700565
2565,kexp,2.5,0.5,1.5,0,-67.53733832899735,-68.36057627695489
2566,kexp,2.5,1,0.5,0.5,-42.56754977983348,-44.288279060188856
2567,kexp,2.5,1,0.5,0.1,-80.15900920189492,-81.75677275307523
2568,kexp,2.5,1,0.5,0.05,-86.62213290224278,-88.16212695852477
2569,kexp,2.5,1,0.5,0.01,-89.0634023507363,-90.58472277118354
2570,kexp,2.5,1,0.5,0,-89.169796215022,-90.69034193169077
2571,kexp,2.5,1,1,0.5,-41.73374903103838,-42.963745652429104
2572,kexp,2.5,1,1,0.1,-54.66360083123105,-55.891286342640946
2573,kexp,2.5,1,1,0.05,-56.2086468575958,-57.430329840404994
2574,kexp,2.5,1,1,0.01,-56.752425613221114,-57.972266467083216
2575,kexp,2.5,1,1,0,-56.77565334470876,-57.99541867724214
2576,kexp,2.5,1,1.5,0.5,-42.211509442937434,-43.26983205948002
2577,kexp,2.5,1,1.5,0.1,-47.947610526055584,-49.065427066813406
2578,kexp,2.5,1,1.5,0.05,-48.55170597950152,-49.67075153630799
2579,kexp,2.5,1,1.5,0.01,-48.75944474280449,-49.8789309981937
2580,kexp,2.5,1,1.5,0,-48.768262487881735,-49.88776769237139
2581,kexp,2.5,1.5,0.5,0.5,-41.18618682336218,-42.973649596595834
2582,kexp,2.5,1.5,0.5,0.1,-63.711900986229324,-65.94161566074611
2583,kexp,2.5,1.5,0.5,0.05,-66.71242021854837,-68.96159803101328
2584,kexp,2.5,1.5,0.5,0.01,-67.78907862138345,-70.04633436114318
2585,kexp,2.5,1.5,0.5,0,-67.83531794914056,-70.0929345034801
2586,kexp,2.5,1.5,1,0.5,-40.77268311016501,-42.154470041946816
2587,kexp,2.5,1.5,1,0.1,-46.66557123378069,-48.35970023057225
2588,kexp,2.5,1.5,1,0.05,-47.27846013539233,-48.989538375552364
2589,kexp,2.5,1.5,1,0.01,-47.48883933917289,-49.205694914334465
2590,kexp,2.5,1.5,1,0,-47.497764899429264,-49.21486526990415
2591,kexp,2.5,1.5,1.5,0.5,-41.60343930708957,-42.85693243464618
2592,kexp,2.5,1.5,1.5,0.1,-43.24634227970059,-44.76609391992224
2593,kexp,2.5,1.5,1.5,0.05,-43.44042435104048,-44.97295169043669
2594,kexp,2.5,1.5,1.5,0.01,-43.50644347563278,-45.04319430600276
2595,kexp,2.5,1.5,1.5,0,-43.509237316206594,-45.046165625393556
2596,kexp,2.5,2,0.5,0.5,-40.33173183243253,-42.23546510083126
2597,kexp,2.5,2,0.5,0.1,-55.10851566712363,-57.78011544888045
2598,kexp,2.5,2,0.5,0.05,-56.815981992557816,-59.523336220958434
2599,kexp,2.5,2,0.5,0.01,-57.41367567898964,-60.13358673092079
2600,kexp,2.5,2,0.5,0,-57.43916893431591,-60.15961709724721
2601,kexp,2.5,2,1,0.5,-40.1639131091315,-41.70948367398811
2602,kexp,2.5,2,1,0.1,-42.76105981602408,-44.780530063049554
2603,kexp,2.5,2,1,0.05,-43.04481443669422,-45.08725930523781
2604,kexp,2.5,2,1,0.01,-43.1413850170203,-45.191447177246616
2605,kexp,2.5,2,1,0,-43.14547246978867,-45.19585498925279
2606,kexp,2.5,2,1.5,0.5,-41.24405542436548,-42.67855804913164
2607,kexp,2.5,2,1.5,0.1,-41.09766032842303,-42.902658222517005
2608,kexp,2.5,2,1.5,0.05,-41.151948905740646,-42.97337903275695
2609,kexp,2.5,2,1.5,0.01,-41.17076406313881,-42.99756629059786
2610,kexp,2.5,2,1.5,0,-41.17156374831864,-42.99859105329393
2611,kexp,2.5,2.5,0.5,0.5,-39.68178796207255,-41.69275152084825
2612,kexp,2.5,2.5,0.5,0.1,-50.00527326744069,-52.86135601441169
2613,kexp,2.5,2.5,0.5,0.05,-51.122583003751174,-54.00107317097686
2614,kexp,2.5,2.5,0.5,0.01,-51.50898187850299,-54.39449519498938
2615,kexp,2.5,2.5,0.5,0,-51.52540803812548,-54.41121262567644
2616,kexp,2.5,2.5,1,0.5,-39.719474909505905,-41.39482282809716
2617,kexp,2.5,2.5,1,0.1,-40.57023730142558,-42.76370303513263
2618,kexp,2.5,2.5,1,0.05,-40.70970876557336,-42.92429751691476
2619,kexp,2.5,2.5,1,0.01,-40.757287939602065,-42.97874986197873
2620,kexp,2.5,2.5,1,0,-40.75930268618861,-42.981052241276466
2621,kexp,2.5,2.5,1.5,0.5,-41.00612960704045,-42.57879061239286
2622,kexp,2.5,2.5,1.5,0.1,-39.96743552561488,-41.94580893261602
2623,kexp,2.5,2.5,1.5,0.05,-39.962295720749985,-41.957129402562906
2624,kexp,2.5,2.5,1.5,0.01,-39.96129250984157,-41.96146705853763
2625,kexp,2.5,2.5,1.5,0,-39.96125766892633,-41.96165554652711
2626,kexp,2.5,3,0.5,0.5,-39.15285602796129,-41.24548551372665
2627,kexp,2.5,3,0.5,0.1,-46.747564611499826,-49.620787648226916
2628,kexp,2.5,3,0.5,0.05,-47.56174302699027,-50.434808247145405
2629,kexp,2.5,3,0.5,0.01,-47.84193094698864,-50.713675867653215
2630,kexp,2.5,3,0.5,0,-47.85382584329384,-50.725501291390714
2631,kexp,2.5,3,1,0.5,-39.38456096149697,-41.15257815754568
2632,kexp,2.5,3,1,0.1,-39.24148097434756,-41.513275556422144
2633,kexp,2.5,3,1,0.05,-39.3093767666521,-41.59798046215493
2634,kexp,2.5,3,1,0.01,-39.33292815966426,-41.62689267731925
2635,kexp,2.5,3,1,0,-39.333929375008545,-41.628117043617515
2636,kexp,2.5,3,1.5,0.5,-40.84741151287648,-42.52014909345823
2637,kexp,2.5,3,1.5,0.1,-39.32921742968169,-41.410460039338844
2638,kexp,2.5,3,1.5,0.05,-39.29550932412453,-41.39205806871668
2639,kexp,2.5,3,1.5,0.01,-39.285052763868116,-41.386538389352495
2640,kexp,2.5,3,1.5,0,-39.28462065230236,-41.386312394416514
2641,kexp,2.5,3.5,0.5,0.5,-38.715678420576545,-40.8653177536184
2642,kexp,2.5,3.5,0.5,0.1,-44.54941435671565,-47.35363939162214
2643,kexp,2.5,3.5,0.5,0.05,-45.19331380011765,-47.97453056797914
2644,kexp,2.5,3.5,0.5,0.01,-45.414726070653614,-48.18644714305634
2645,kexp,2.5,3.5,0.5,0,-45.4241234234136,-48.19542448053833
2646,kexp,2.5,3.5,1,0.5,-39.12979411262032,-40.96187917894298
2647,kexp,2.5,3.5,1,0.1,-38.38705985818991,-40.686154358433754
2648,kexp,2.5,3.5,1,0.05,-38.416028989808424,-40.727431188330186
2649,kexp,2.5,3.5,1,0.01,-38.42661507758005,-40.74183841628564
2650,kexp,2.5,3.5,1,0,-38.427070510116245,-40.74245175309276
2651,kexp,2.5,3.5,1.5,0.5,-40.74209985073908,-42.487643270756
2652,kexp,2.5,3.5,1.5,0.1,-38.95015205161681,-41.09490652155149
2653,kexp,2.5,3.5,1.5,0.05,-38.90141823010261,-41.06015230386028
2654,kexp,2.5,3.5,1.5,0.01,-38.886015972684085,-41.04923685863315
2655,kexp,2.5,3.5,1.5,0,-38.88537630574252,-41.04878427733793
2656,kexp,2.5,4,0.5,0.5,-38.35456296918653,-40.54237709756094
2657,kexp,2.5,4,0.5,0.1,-43.000775245428386,-45.700844972701894
2658,kexp,2.5,4,0.5,0.05,-43.54181392648728,-46.19882030696983
2659,kexp,2.5,4,0.5,0.01,-43.72810686634315,-46.36856461468403
2660,kexp,2.5,4,0.5,0,-43.73601621171784,-46.37575286000487
2661,kexp,2.5,4,1,0.5,-38.935211945367854,-40.811921157684175
2662,kexp,2.5,4,1,0.1,-37.81189324043761,-40.11418007404977
2663,kexp,2.5,4,1,0.05,-37.8180648374751,-40.128731116312096
2664,kexp,2.5,4,1,0.01,-37.8211011115216,-40.13425995514614
2665,kexp,2.5,4,1,0,-37.8212392007971,-40.134499807584056
2666,kexp,2.5,4,1.5,0.5,-40.67304767164081,-42.47327816198368
2667,kexp,2.5,4,1.5,0.1,-38.71646986492051,-40.90381960201326
2668,kexp,2.5,4,1.5,0.05,-38.659245970546536,-40.859413566737956
2669,kexp,2.5,4,1.5,0.01,-38.641060004932775,-40.84532461585117
2670,kexp,2.5,4,1.5,0,-38.640303630550804,-40.844738890173126
2671,kexp,2.5,6,0.5,0.5,-37.45544939880563,-39.7080614056566
2672,kexp,2.5,6,0.5,0.1,-39.89857392524765,-42.216067121159206
2673,kexp,2.5,6,0.5,0.05,-40.276410123477696,-42.50171162076445
2674,kexp,2.5,6,0.5,0.01,-40.40776672572373,-42.599555583144785
2675,kexp,2.5,6,0.5,0,-40.41335711106634,-42.60370408079188
2676,kexp,2.5,6,1,0.5,-38.51924340925686,-40.49000483439735
2677,kexp,2.5,6,1,0.1,-36.76144029882701,-39.038541291812265
2678,kexp,2.5,6,1,0.05,-36.73359320762143,-39.00988937450187
2679,kexp,2.5,6,1,0.01,-36.72544739759721,-39.00116246553618
2680,kexp,2.5,6,1,0,-36.72511637326325,-39.00080366744041
2681,kexp,2.5,6,1.5,0.5,-40.58047527267014,-42.515494868201486
2682,kexp,2.5,6,1.5,0.1,-38.378149171642896,-40.668565083161425
2683,kexp,2.5,6,1.5,0.05,-38.309265129486846,-40.60999894367418
2684,kexp,2.5,6,1.5,0.01,-38.28727521102094,-40.591273663248096
2685,kexp,2.5,6,1.5,0,-38.286359560725906,-40.59049362972335
2686,kexp,2.5,8,0.5,0.5,-37.065072130388124,-39.35075209087726
2687,kexp,2.5,8,0.5,0.1,-38.785381775656816,-40.930256748294944
2688,kexp,2.5,8,0.5,0.05,-39.11841278516575,-41.15194045765299
2689,kexp,2.5,8,0.5,0.01,-39.234923651769414,-41.22841239935668
2690,kexp,2.5,8,0.5,0,-39.23988997842174,-41.23166049998063
2691,kexp,2.5,8,1,0.5,-38.38251877168428,-40.410297588680756
2692,kexp,2.5,8,1,0.1,-36.450052678435874,-38.74018759893288
2693,kexp,2.5,8,1,0.05,-36.414008921219335,-38.70021320943609
2694,kexp,2.5,8,1,0.01,-36.403193049606074,-38.68777580046712
2695,kexp,2.5,8,1,0,-36.40275027161249,-38.6872614610789
2696,kexp,2.5,8,1.5,0.5,-40.596772275370654,-42.6157128680204
2697,kexp,2.5,8,1.5,0.1,-38.34244526807456,-40.71160290285426
2698,kexp,2.5,8,1.5,0.05,-38.271346795096214,-40.65024094372607
2699,kexp,2.5,8,1.5,0.01,-38.24863943936268,-40.630603444736025
2700,kexp,2.5,8,1.5,0,-38.24769380274065,-40.6297852148464
2701,kexp,2.5,10,0.5,0.5,-36.90090622322588,-39.220550455552356
2702,kexp,2.5,10,0.5,0.1,-38.340124540866746,-40.444383405918856
2703,kexp,2.5,10,0.5,0.05,-38.657305676124835,-40.64317482089453
2704,kexp,2.5,10,0.5,0.01,-38.768608702395824,-40.712044157661545
2705,kexp,2.5,10,0.5,0,-38.773356594699855,-40.714972476979646
2706,kexp,2.5,10,1,0.5,-38.34557797924589,-40.420464133974804
2707,kexp,2.5,10,1,0.1,-36.35628905075672,-38.68425013126451
2708,kexp,2.5,10,1,0.05,-36.31780134511405,-38.64096880620192
2709,kexp,2.5,10,1,0.01,-36.30619438954535,-38.62745097890948
2710,kexp,2.5,10,1,0,-36.30571855581294,-38.62689138520058
2711,kexp,2.5,10,1.5,0.5,-40.63359462457267,-42.71327250732684
2712,kexp,2.5,10,1.5,0.1,-38.36909068344517,-40.80379639195065
2713,kexp,2.5,10,1.5,0.05,-38.29760998075761,-40.74209337962298
2714,kexp,2.5,10,1.5,0.01,-38.274780055433624,-40.72234403988132
2715,kexp,2.5,10,1.5,0,-38.27382930958222,-40.72152112134282
2716,kexp,2.5,25,0.5,0.5,-36.83094565243001,-39.28514539603581
2717,kexp,2.5,25,0.5,0.1,-38.066816394424386,-40.339697619560226
2718,kexp,2.5,25,0.5,0.05,-38.374374082184794,-40.528114681451925
2719,kexp,2.5,25,0.5,0.01,-38.48258190227877,-40.5935813593804
2720,kexp,2.5,25,0.5,0,-38.48720071818201,-40.59636704271161
2721,kexp,2.5,25,1,0.5,-38.40674414727105,-40.62027326940451
2722,kexp,2.5,25,1,0.1,-36.40468549423998,-38.90756884783333
2723,kexp,2.5,25,1,0.05,-36.36607374693583,-38.865282068423994
2724,kexp,2.5,25,1,0.01,-36.354438676985936,-38.852091207094716
2725,kexp,2.5,25,1,0,-36.35396180052332,-38.85154533339349
2726,kexp,2.5,25,1.5,0.5,-40.77178986603121,-42.99744458225049
2727,kexp,2.5,25,1.5,0.1,-38.52748982397275,-41.140100133637226
2728,kexp,2.5,25,1.5,0.05,-38.45698610694913,-41.08046806771851
2729,kexp,2.5,25,1.5,0.01,-38.43447625711022,-41.06138973453398
2730,kexp,2.5,25,1.5,0,-38.433538928035624,-41.060594863689744
