model_no,k_name,l1,l2,b,meas_error,lppd_exact,lppd_LOPO
1,ksqexp,1,0.2,0.5,0.5,-29.347235025791523,-29.471475618805236
2,ksqexp,1,0.2,0.5,0.1,-211.38415390395764,-210.27908447695975
3,ksqexp,1,0.2,0.5,0.05,-737.8984763303339,-731.8215333327361
4,ksqexp,1,0.2,0.5,0.01,-6954.961795309969,-6702.847040570885
5,ksqexp,1,0.2,0.5,0,-53953.735957099125,-50141.84945913793
6,ksqexp,1,0.2,1,0.5,-30.678105479144275,-30.740563021022645
7,ksqexp,1,0.2,1,0.1,-198.5222254360764,-197.3259131005814
8,ksqexp,1,0.2,1,0.05,-642.7272973822817,-636.3468648976591
9,ksqexp,1,0.2,1,0.01,-4945.147535994082,-4697.8398493244495
10,ksqexp,1,0.2,1,0,-26957.60776619179,-25052.071210448412
11,ksqexp,1,0.2,1.5,0.5,-31.660542468154407,-31.7162075773795
12,ksqexp,1,0.2,1.5,0.1,-189.92449429846673,-188.6089997153101
13,ksqexp,1,0.2,1.5,0.05,-582.1159178840963,-575.6758955487744
14,ksqexp,1,0.2,1.5,0.01,-3947.015002512238,-3726.86143027487
15,ksqexp,1,0.2,1.5,0,-17961.685536703404,-16691.59951863002
16,ksqexp,1,0.5,0.5,0.5,-28.440287776819847,-28.707414163798358
17,ksqexp,1,0.5,0.5,0.1,-98.4823368595292,-97.15248593714688
18,ksqexp,1,0.5,0.5,0.05,-243.59086985114837,-238.51470584295254
19,ksqexp,1,0.5,0.5,0.01,-1414.9250510521113,-1350.1006336332382
20,ksqexp,1,0.5,0.5,0,-2216.442932288349,-2132.010987434699
21,ksqexp,1,0.5,1,0.5,-30.484456971876167,-30.724397981277058
22,ksqexp,1,0.5,1,0.1,-82.55785303483191,-81.55535987575246
23,ksqexp,1,0.5,1,0.05,-194.086691976458,-189.12953944730077
24,ksqexp,1,0.5,1,0.01,-845.612109603326,-808.5940368643621
25,ksqexp,1,0.5,1,0,-1107.2857239032444,-1065.4000110833706
26,ksqexp,1,0.5,1.5,0.5,-32.21638341613661,-32.46331247338992
27,ksqexp,1,0.5,1.5,0.1,-75.56236781123935,-74.6806248165909
28,ksqexp,1,0.5,1.5,0.05,-171.40512314769543,-166.48435104757337
29,ksqexp,1,0.5,1.5,0.01,-609.7512455908594,-584.1638921786905
30,ksqexp,1,0.5,1.5,0,-740.3573093991628,-712.6536739446574
31,ksqexp,1,1,0.5,0.5,-27.915166004548908,-28.307796794270356
32,ksqexp,1,1,0.5,0.1,-48.86384473504648,-48.98879837124433
33,ksqexp,1,1,0.5,0.05,-102.90992659473721,-103.63424182660496
34,ksqexp,1,1,0.5,0.01,-214.56456762413217,-217.59217833983502
35,ksqexp,1,1,0.5,0,-226.2724926441797,-229.6201980013499
36,ksqexp,1,1,1,0.5,-30.75057246181209,-31.17598319100531
37,ksqexp,1,1,1,0.1,-46.2157172339573,-46.79356184637304
38,ksqexp,1,1,1,0.05,-78.47458835790671,-79.5538873645176
39,ksqexp,1,1,1,0.01,-118.65031761876908,-120.65621713531806
40,ksqexp,1,1,1,0,-121.62257872887615,-123.71124779758347
41,ksqexp,1,1,1.5,0.5,-33.218939783516255,-33.69128743289086
42,ksqexp,1,1,1.5,0.1,-45.855252839976465,-46.595843559238325
43,ksqexp,1,1,1.5,0.05,-67.52266504802049,-68.64883547745058
44,ksqexp,1,1,1.5,0.01,-88.21516904638271,-89.84713237251553
45,ksqexp,1,1,1.5,0,-89.52993084314652,-91.19892114864248
46,ksqexp,1,1.5,0.5,0.5,-28.49104220344811,-28.95496001538914
47,ksqexp,1,1.5,0.5,0.1,-39.9140976811261,-40.495735224857434
48,ksqexp,1,1.5,0.5,0.05,-60.98531420634855,-62.009102906040575
49,ksqexp,1,1.5,0.5,0.01,-81.07428977091146,-82.64041530391421
50,ksqexp,1,1.5,0.5,0,-82.33071438947445,-83.93424308532012
51,ksqexp,1,1.5,1,0.5,-31.8865277158703,-32.43719521191427
52,ksqexp,1,1.5,1,0.1,-38.19125617010841,-39.099579902470545
53,ksqexp,1,1.5,1,0.05,-47.09857974333169,-48.24812999241574
54,ksqexp,1,1.5,1,0.01,-52.894680962348204,-54.21903451663817
55,ksqexp,1,1.5,1,0,-53.19823618260637,-54.53217921694687
56,ksqexp,1,1.5,1.5,0.5,-34.79657244398056,-35.424834452944914
57,ksqexp,1,1.5,1.5,0.1,-38.691338552355106,-39.69592584476717
58,ksqexp,1,1.5,1.5,0.05,-43.50945378408433,-44.66299950821731
59,ksqexp,1,1.5,1.5,0.01,-46.14877853602058,-47.38852649919828
60,ksqexp,1,1.5,1.5,0,-46.27806687891018,-47.522148026040206
61,ksqexp,1,2,0.5,0.5,-29.188310992194847,-29.69009994932749
62,ksqexp,1,2,0.5,0.1,-35.5187612440609,-36.22337786539657
63,ksqexp,1,2,0.5,0.05,-44.78070895795363,-45.69485785732053
64,ksqexp,1,2,0.5,0.01,-50.965799391744724,-52.02918153774281
65,ksqexp,1,2,0.5,0,-51.29310590850558,-52.364477145470296
66,ksqexp,1,2,1,0.5,-32.82961887690778,-33.447600699274055
67,ksqexp,1,2,1,0.1,-34.71878092012013,-35.687856145408844
68,ksqexp,1,2,1,0.05,-37.834111416712425,-38.8997138838284
69,ksqexp,1,2,1,0.01,-39.414335377088776,-40.52657718473696
70,ksqexp,1,2,1,0,-39.48958949524051,-40.60402604475058
71,ksqexp,1,2,1.5,0.5,-35.92748502017962,-36.637058477350855
72,ksqexp,1,2,1.5,0.1,-36.19552322755651,-37.24348738064462
73,ksqexp,1,2,1.5,0.05,-37.653175259583676,-38.757354106434505
74,ksqexp,1,2,1.5,0.01,-38.315349128854876,-39.44308080999071
75,ksqexp,1,2,1.5,0,-38.34574079049779,-39.474532444181506
76,ksqexp,1,2.5,0.5,0.5,-29.72143344953261,-30.246926945130028
77,ksqexp,1,2.5,0.5,0.1,-32.98338630419856,-33.75820451091077
78,ksqexp,1,2.5,0.5,0.05,-37.63195211488156,-38.511605276535235
79,ksqexp,1,2.5,0.5,0.01,-40.19115733017128,-41.12692715199468
80,ksqexp,1,2.5,0.5,0,-40.316711233877584,-41.255182669703835
81,ksqexp,1,2.5,1,0.5,-33.48372862359418,-34.14356304456066
82,ksqexp,1,2.5,1,0.1,-33.165332605897625,-34.16593855768394
83,ksqexp,1,2.5,1,0.05,-34.46136097302867,-35.510762652614
84,ksqexp,1,2.5,1,0.01,-35.04682680344551,-36.115760476749045
85,ksqexp,1,2.5,1,0,-35.07363985151563,-36.14343914560401
86,ksqexp,1,2.5,1.5,0.5,-36.68209880550085,-37.440658543153575
87,ksqexp,1,2.5,1.5,0.1,-35.36747905409508,-36.44009146558287
88,ksqexp,1,2.5,1.5,0.05,-35.88705878341885,-36.98931803848136
89,ksqexp,1,2.5,1.5,0.01,-36.10675708303232,-37.21986362803539
90,ksqexp,1,2.5,1.5,0,-36.11660615731122,-37.23018140415148
91,ksqexp,1,3,0.5,0.5,-30.134033745673346,-30.677919673822593
92,ksqexp,1,3,0.5,0.1,-31.347893989974487,-32.20072359342927
93,ksqexp,1,3,0.5,0.05,-33.83949477337752,-34.76184672682732
94,ksqexp,1,3,0.5,0.01,-35.05878625727984,-36.01256363797472
95,ksqexp,1,3,0.5,0,-35.11615927870249,-36.07137271719436
96,ksqexp,1,3,1,0.5,-33.95349656213127,-34.64470287641687
97,ksqexp,1,3,1,0.1,-32.35580536139637,-33.40221977785956
98,ksqexp,1,3,1,0.05,-32.91739293114384,-33.99828034170772
99,ksqexp,1,3,1,0.01,-33.157885409228015,-34.25139422951054
100,ksqexp,1,3,1,0,-33.16870420847952,-34.26275816154055
101,ksqexp,1,3,1.5,0.5,-37.20553495312947,-38.0002814061509
102,ksqexp,1,3,1.5,0.1,-35.064736713234296,-36.17503117453601
103,ksqexp,1,3,1.5,0.05,-35.23473493473958,-36.3671071546054
104,ksqexp,1,3,1.5,0.01,-35.30697907993209,-36.44698836933177
105,ksqexp,1,3,1.5,0,-35.31020928506954,-36.450543409652866
106,ksqexp,1,3.5,0.5,0.5,-30.470053485466323,-31.028783296013483
107,ksqexp,1,3.5,0.5,0.1,-30.320670148277948,-31.231504935081315
108,ksqexp,1,3.5,0.5,0.05,-31.71134703710999,-32.67657569567949
109,ksqexp,1,3.5,0.5,0.01,-32.34260988610299,-33.330171480131554
110,ksqexp,1,3.5,0.5,0,-32.371579015027784,-33.36013430941227
111,ksqexp,1,3.5,1,0.5,-34.31137044098178,-35.02679661420778
112,ksqexp,1,3.5,1,0.1,-31.953986075601396,-33.04038294822628
113,ksqexp,1,3.5,1,0.05,-32.18074639050445,-33.296136347436125
114,ksqexp,1,3.5,1,0.01,-32.27778092001981,-33.403346801836314
115,ksqexp,1,3.5,1,0,-32.28213052890618,-33.40813086497115
116,ksqexp,1,3.5,1.5,0.5,-37.59129241347792,-38.41410020312411
117,ksqexp,1,3.5,1.5,0.1,-35.007462125870006,-36.15314875124603
118,ksqexp,1,3.5,1.5,0.05,-35.02881750838643,-36.193832328095006
119,ksqexp,1,3.5,1.5,0.01,-35.0423284070211,-36.21386805567176
120,ksqexp,1,3.5,1.5,0,-35.04297113356466,-36.21478648352284
121,ksqexp,1,4,0.5,0.5,-30.75264596270484,-31.32358120143827
122,ksqexp,1,4,0.5,0.1,-29.709104190760154,-30.654125526993976
123,ksqexp,1,4,0.5,0.05,-30.5072116008889,-31.496832282263636
124,ksqexp,1,4,0.5,0.01,-30.852444112365788,-31.859359203786155
125,ksqexp,1,4,0.5,0,-30.868041936806144,-31.875715008787257
126,ksqexp,1,4,1,0.5,-34.59830963725108,-35.33290450136667
127,ksqexp,1,4,1,0.1,-31.795606217729837,-32.910951877339116
128,ksqexp,1,4,1,0.05,-31.85858839027637,-32.99986146523891
129,ksqexp,1,4,1,0.01,-31.88944804136418,-33.039615524617645
130,ksqexp,1,4,1,0,-31.890863876009153,-33.041408786190786
131,ksqexp,1,4,1.5,0.5,-37.89357909048828,-38.73885314645127
132,ksqexp,1,4,1.5,0.1,-35.081452619579544,-36.25550479353527
133,ksqexp,1,4,1.5,0.05,-35.0351247729772,-36.22707632281798
134,ksqexp,1,4,1.5,0.01,-35.02293810733827,-36.220855725600444
135,ksqexp,1,4,1.5,0,-35.02246128912596,-36.220630145374415
136,ksqexp,1,6,0.5,0.5,-31.514860679633237,-32.12377429646185
137,ksqexp,1,6,0.5,0.1,-29.08370747808909,-30.067181799522587
138,ksqexp,1,6,0.5,0.05,-29.165056455641945,-30.16995208275481
139,ksqexp,1,6,0.5,0.01,-29.200426748487946,-30.21271878454476
140,ksqexp,1,6,0.5,0,-29.20201216503428,-30.21461879833012
141,ksqexp,1,6,1,0.5,-35.35604935004372,-36.14546270837341
142,ksqexp,1,6,1,0.1,-32.05541534393636,-33.234468490857864
143,ksqexp,1,6,1,0.05,-31.952352619265433,-33.15133927617731
144,ksqexp,1,6,1,0.01,-31.919803507176038,-33.125380655293185
145,ksqexp,1,6,1,0,-31.918452398439108,-33.124306488798275
146,ksqexp,1,6,1.5,0.5,-38.69056806164703,-39.60067117292164
147,ksqexp,1,6,1.5,0.1,-35.75185138886369,-37.00144355842731
148,ksqexp,1,6,1.5,0.05,-35.64899658237113,-36.91401346843586
149,ksqexp,1,6,1.5,0.01,-35.615966665583386,-36.8860253508538
150,ksqexp,1,6,1.5,0,-35.614589242975434,-36.88485915235624
151,ksqexp,1,8,0.5,0.5,-31.87800699798321,-32.52170462520071
152,ksqexp,1,8,0.5,0.1,-29.23284133142212,-30.223560671651118
153,ksqexp,1,8,0.5,0.05,-29.216030375567,-30.216240234019487
154,ksqexp,1,8,0.5,0.01,-29.21344098882499,-30.21655008706989
155,ksqexp,1,8,0.5,0,-29.213364806423154,-30.216593145539502
156,ksqexp,1,8,1,0.5,-35.77383111671662,-36.607833526134286
157,ksqexp,1,8,1,0.1,-32.54656493164499,-33.76738689718481
158,ksqexp,1,8,1,0.05,-32.4339515250161,-33.6720098877995
159,ksqexp,1,8,1,0.01,-32.397770746714365,-33.64145017586252
160,ksqexp,1,8,1,0,-32.39626171370894,-33.640176494755885
161,ksqexp,1,8,1.5,0.5,-39.165644777160956,-40.12740582115103
162,ksqexp,1,8,1.5,0.1,-36.38036887712837,-37.68520273794974
163,ksqexp,1,8,1.5,0.05,-36.28115951471259,-37.60042150410834
164,ksqexp,1,8,1.5,0.01,-36.24921712769125,-37.573164751689646
165,ksqexp,1,8,1.5,0,-36.247884116208574,-37.572027711233176
166,ksqexp,1,10,0.5,0.5,-32.04733507508297,-32.72731346402688
167,ksqexp,1,10,0.5,0.1,-29.38185008395184,-30.39832734245113
168,ksqexp,1,10,0.5,0.05,-29.34987298479193,-30.370112877322498
169,ksqexp,1,10,0.5,0.01,-29.341645724745433,-30.36268379737152
170,ksqexp,1,10,0.5,0,-29.34132545566416,-30.36239214208207
171,ksqexp,1,10,1,0.5,-36.02246898698883,-36.8989111460573
172,ksqexp,1,10,1,0.1,-32.907304177757695,-34.17209272429135
173,ksqexp,1,10,1,0.05,-32.79913509535269,-34.079950309709744
174,ksqexp,1,10,1,0.01,-32.7643817173451,-34.05038757334293
175,ksqexp,1,10,1,0,-32.76293220266331,-34.049154994854334
176,ksqexp,1,10,1.5,0.5,-39.473659172763426,-40.482313600011175
177,ksqexp,1,10,1.5,0.1,-36.818748667987535,-38.17461119847744
178,ksqexp,1,10,1.5,0.05,-36.7254075034881,-38.095287370659754
179,ksqexp,1,10,1.5,0.01,-36.69537750889654,-38.069795994935596
180,ksqexp,1,10,1.5,0,-36.69412455173488,-38.06873271251784
181,ksqexp,1,25,0.5,0.5,-32.431447118961735,-33.24609540202123
182,ksqexp,1,25,0.5,0.1,-29.93987852003413,-31.161442486433646
183,ksqexp,1,25,0.5,0.05,-29.915993054844016,-31.13898185236241
184,ksqexp,1,25,0.5,0.01,-29.91042406316625,-31.133233803942712
185,ksqexp,1,25,0.5,0,-29.910215310460753,-31.133010333733527
186,ksqexp,1,25,1,0.5,-36.53011186245714,-37.53884303937288
187,ksqexp,1,25,1,0.1,-33.65878580477188,-35.08701412430279
188,ksqexp,1,25,1,0.05,-33.56295174726855,-35.006952134041526
189,ksqexp,1,25,1,0.01,-33.532252087092424,-34.981321516034626
190,ksqexp,1,25,1,0,-33.530972633043376,-34.980253488842266
191,ksqexp,1,25,1.5,0.5,-40.06982387753459,-41.20854136044717
192,ksqexp,1,25,1.5,0.1,-37.63955077294406,-39.14552549057342
193,ksqexp,1,25,1.5,0.05,-37.55637761838186,-39.07642349197806
194,ksqexp,1,25,1.5,0.01,-37.52966267863133,-39.05424921720355
195,ksqexp,1,25,1.5,0,-37.52854850730995,-39.05332464061851
196,ksqexp,1.25,0.2,0.5,0.5,-29.179375822313837,-29.382395488126754
197,ksqexp,1.25,0.2,0.5,0.1,-251.44608471395088,-247.01765084109815
198,ksqexp,1.25,0.2,0.5,0.05,-862.6779427494537,-857.447350844347
199,ksqexp,1.25,0.2,0.5,0.01,-10485.154283757236,-10200.229265472979
200,ksqexp,1.25,0.2,0.5,0,-193891.731781388,-165903.38410533176
201,ksqexp,1.25,0.2,1,0.5,-30.50789429283,-30.549915792728225
202,ksqexp,1.25,0.2,1,0.1,-228.18497021433384,-225.9514717507449
203,ksqexp,1.25,0.2,1,0.05,-772.7134066465715,-768.697873562004
204,ksqexp,1.25,0.2,1,0.01,-8190.461509846922,-7792.126577270183
205,ksqexp,1.25,0.2,1,0,-96917.68894312516,-82924.31624906114
206,ksqexp,1.25,0.2,1.5,0.5,-31.4046172999138,-31.386728230395534
207,ksqexp,1.25,0.2,1.5,0.1,-216.5151115655892,-215.10208127110832
208,ksqexp,1.25,0.2,1.5,0.05,-716.8227971716126,-712.8155554520815
209,ksqexp,1.25,0.2,1.5,0.01,-6987.433993006546,-6548.160061520816
210,ksqexp,1.25,0.2,1.5,0,-64595.74973178626,-55267.38180819565
211,ksqexp,1.25,0.5,0.5,0.5,-28.266169851112892,-28.647096324228897
212,ksqexp,1.25,0.5,0.5,0.1,-132.74210325485203,-130.52790344617028
213,ksqexp,1.25,0.5,0.5,0.05,-353.04819415112837,-346.3300866066122
214,ksqexp,1.25,0.5,0.5,0.01,-3210.720035910557,-2930.3462538636004
215,ksqexp,1.25,0.5,0.5,0,-8143.480997777186,-7433.848312980689
216,ksqexp,1.25,0.5,1,0.5,-29.84617320093026,-30.152880810472936
217,ksqexp,1.25,0.5,1,0.1,-109.74767956149934,-108.56175062743208
218,ksqexp,1.25,0.5,1,0.05,-282.9746721929033,-275.0128849874463
219,ksqexp,1.25,0.5,1,0.01,-2213.6034362312594,-2008.9868667753321
220,ksqexp,1.25,0.5,1,0,-4063.199193536088,-3709.1058345599117
221,ksqexp,1.25,0.5,1.5,0.5,-31.150421666674678,-31.446745448963203
222,ksqexp,1.25,0.5,1.5,0.1,-98.71393571026088,-97.75367657638851
223,ksqexp,1.25,0.5,1.5,0.05,-251.92166574147063,-242.8491409502337
224,ksqexp,1.25,0.5,1.5,0.01,-1703.3203861695108,-1545.592555918902
225,ksqexp,1.25,0.5,1.5,0,-2705.8958941622923,-2470.315645542133
226,ksqexp,1.25,1,0.5,0.5,-27.13289638747361,-27.668683804661494
227,ksqexp,1.25,1,0.5,0.1,-61.702459547451745,-59.76647386700532
228,ksqexp,1.25,1,0.5,0.05,-152.82330037118697,-148.95921797871617
229,ksqexp,1.25,1,0.5,0.01,-497.43332490074425,-497.21922888188226
230,ksqexp,1.25,1,0.5,0,-557.678795216898,-560.8601310733028
231,ksqexp,1.25,1,1,0.5,-29.296893663302974,-29.8358494560327
232,ksqexp,1.25,1,1,0.1,-54.731246297987084,-53.999824791437646
233,ksqexp,1.25,1,1,0.05,-120.55325363088821,-118.99606757360732
234,ksqexp,1.25,1,1,0.01,-265.81655953983534,-267.2424184482095
235,ksqexp,1.25,1,1,0,-281.7235206245438,-284.1239805026583
236,ksqexp,1.25,1,1.5,0.5,-31.18333191360772,-31.764065928138038
237,ksqexp,1.25,1,1.5,0.1,-52.6874065237633,-52.513728247647165
238,ksqexp,1.25,1,1.5,0.05,-103.38504628826408,-102.83338147529928
239,ksqexp,1.25,1,1.5,0.01,-185.35756161726454,-187.04228809578913
240,ksqexp,1.25,1,1.5,0,-192.5290857837075,-194.66925366407466
241,ksqexp,1.25,1.5,0.5,0.5,-27.184016775064165,-27.847398232982115
242,ksqexp,1.25,1.5,0.5,0.1,-46.97911556453645,-45.9678930291751
243,ksqexp,1.25,1.5,0.5,0.05,-89.46251317364766,-88.02130525952978
244,ksqexp,1.25,1.5,0.5,0.01,-150.64949896452902,-150.11917743549955
245,ksqexp,1.25,1.5,0.5,0,-155.4898003099424,-155.13753505247132
246,ksqexp,1.25,1.5,1,0.5,-29.87150777931188,-30.60213368787496
247,ksqexp,1.25,1.5,1,0.1,-42.501176334227864,-42.70089461754907
248,ksqexp,1.25,1.5,1,0.05,-64.39076562086495,-64.63710548176537
249,ksqexp,1.25,1.5,1,0.01,-84.16819465483613,-84.88920529210758
250,ksqexp,1.25,1.5,1,0,-85.36625190406994,-86.13529197319325
251,ksqexp,1.25,1.5,1.5,0.5,-32.23516101294567,-33.050185714130386
252,ksqexp,1.25,1.5,1.5,0.1,-41.32770141597454,-42.03247087043546
253,ksqexp,1.25,1.5,1.5,0.05,-54.6877237805498,-55.520335464987866
254,ksqexp,1.25,1.5,1.5,0.01,-64.26158916578123,-65.38207566742231
255,ksqexp,1.25,1.5,1.5,0,-64.78239252980222,-65.92520104091375
256,ksqexp,1.25,2,0.5,0.5,-27.76154569093988,-28.50536590311165
257,ksqexp,1.25,2,0.5,0.1,-39.073259126807855,-39.081539581761724
258,ksqexp,1.25,2,0.5,0.05,-57.94791918808992,-58.08178914288234
259,ksqexp,1.25,2,0.5,0.01,-74.8631989131153,-75.26428252352825
260,ksqexp,1.25,2,0.5,0,-75.88963438513586,-76.30961009526703
261,ksqexp,1.25,2,1,0.5,-30.789776671788772,-31.661053472076183
262,ksqexp,1.25,2,1,0.1,-35.70505559572795,-36.66255837538236
263,ksqexp,1.25,2,1,0.05,-43.28433531130632,-44.38445167353671
264,ksqexp,1.25,2,1,0.01,-48.0315022074098,-49.23331792749716
265,ksqexp,1.25,2,1,0,-48.27600346481249,-49.483312649645534
266,ksqexp,1.25,2,1.5,0.5,-33.41461864845239,-34.408456354675565
267,ksqexp,1.25,2,1.5,0.1,-35.67630728673679,-36.982332376499585
268,ksqexp,1.25,2,1.5,0.05,-39.64250627952499,-41.05319733547287
269,ksqexp,1.25,2,1.5,0.01,-41.75952976066671,-43.22651658181762
270,ksqexp,1.25,2,1.5,0,-41.86211659022402,-43.331870266605904
271,ksqexp,1.25,2.5,0.5,0.5,-28.34245267318429,-29.144381920258688
272,ksqexp,1.25,2.5,0.5,0.1,-34.61946148768846,-35.32669901195213
273,ksqexp,1.25,2.5,0.5,0.05,-44.04089146959514,-44.94343303638811
274,ksqexp,1.25,2.5,0.5,0.01,-50.48952606983336,-51.54349549545248
275,ksqexp,1.25,2.5,0.5,0,-50.83492884706151,-51.89680833534954
276,ksqexp,1.25,2.5,1,0.5,-31.554892748418236,-32.53230121335603
277,ksqexp,1.25,2.5,1,0.1,-32.606897239566074,-33.99129365656876
278,ksqexp,1.25,2.5,1,0.05,-35.73800335376996,-37.24083257117191
279,ksqexp,1.25,2.5,1,0.01,-37.36957896736416,-38.92727350124882
280,ksqexp,1.25,2.5,1,0,-37.44796479465016,-39.008182755135046
281,ksqexp,1.25,2.5,1.5,0.5,-34.33043934764876,-35.45563585385583
282,ksqexp,1.25,2.5,1.5,0.1,-33.630394660679336,-35.247659960487816
283,ksqexp,1.25,2.5,1.5,0.05,-35.07180911356812,-36.76599335457168
284,ksqexp,1.25,2.5,1.5,0.01,-35.745151581918236,-37.47012061061509
285,ksqexp,1.25,2.5,1.5,0,-35.77630021016495,-37.502630994708944
286,ksqexp,1.25,3,0.5,0.5,-28.80779284330487,-29.64925810054225
287,ksqexp,1.25,3,0.5,0.1,-31.913300585930426,-33.05702017254551
288,ksqexp,1.25,3,0.5,0.05,-36.997204566471936,-38.33313597740382
289,ksqexp,1.25,3,0.5,0.01,-39.927544347819556,-41.375512518252954
290,ksqexp,1.25,3,0.5,0,-40.073920856990746,-41.52735923977272
291,ksqexp,1.25,3,1,0.5,-32.13579349995852,-33.18975082240038
292,ksqexp,1.25,3,1,0.1,-31.067001426387048,-32.708783002025484
293,ksqexp,1.25,3,1,0.05,-32.47280355776078,-34.21646004965504
294,ksqexp,1.25,3,1,0.01,-33.13480988530885,-34.920400855314206
295,ksqexp,1.25,3,1,0,-33.16550773013742,-34.952968077821
296,ksqexp,1.25,3,1.5,0.5,-35.01328092687689,-36.23232362749982
297,ksqexp,1.25,3,1.5,0.1,-32.85247475855783,-34.66082070479508
298,ksqexp,1.25,3,1.5,0.05,-33.400325332005075,-35.273811182341326
299,ksqexp,1.25,3,1.5,0.01,-33.64238231231999,-35.54013055110789
300,ksqexp,1.25,3,1.5,0,-33.65336012107312,-35.55216112372
301,ksqexp,1.25,3.5,0.5,0.5,-29.181013504640045,-30.04894335105788
302,ksqexp,1.25,3.5,0.5,0.1,-30.21855976026785,-31.60782641624794
303,ksqexp,1.25,3.5,0.5,0.05,-33.1162062455916,-34.67354142142835
304,ksqexp,1.25,3.5,0.5,0.01,-34.607844270133,-36.24962160322271
305,ksqexp,1.25,3.5,0.5,0,-34.67929840870558,-36.32504869887464
306,ksqexp,1.25,3.5,1,0.5,-32.58311067214444,-33.691122615758786
307,ksqexp,1.25,3.5,1,0.1,-30.26772801377385,-32.059959147088875
308,ksqexp,1.25,3.5,1,0.05,-30.908088584076634,-32.788048154494376
309,ksqexp,1.25,3.5,1,0.01,-31.19569615976657,-33.10947175440526
310,ksqexp,1.25,3.5,1,0,-31.20880648393134,-33.12406359448799
311,ksqexp,1.25,3.5,1.5,0.5,-35.52791411802835,-36.81375246059925
312,ksqexp,1.25,3.5,1.5,0.1,-32.57892083240175,-34.5058197392583
313,ksqexp,1.25,3.5,1.5,0.05,-32.757569277392626,-34.741408201597345
314,ksqexp,1.25,3.5,1.5,0.01,-32.83893543269102,-34.84315325703795
315,ksqexp,1.25,3.5,1.5,0,-32.84263260898297,-34.847725326333205
316,ksqexp,1.25,4,0.5,0.5,-29.4927837330269,-30.37833742815002
317,ksqexp,1.25,4,0.5,0.1,-29.244985910723603,-30.738539564408324
318,ksqexp,1.25,4,0.5,0.05,-30.986675307412185,-32.6148047716213
319,ksqexp,1.25,4,0.5,0.01,-31.816501508391408,-33.5063643596436
320,ksqexp,1.25,4,0.5,0,-31.855199841785232,-33.54789749201014
321,ksqexp,1.25,4,1,0.5,-32.94196439503314,-34.08742241133146
322,ksqexp,1.25,4,1,0.1,-29.916710149435588,-31.783365642824396
323,ksqexp,1.25,4,1,0.05,-30.191991141147138,-32.13336978522034
324,ksqexp,1.25,4,1,0.01,-30.316035891722855,-32.285003116754
325,ksqexp,1.25,4,1,0,-30.321670807133522,-32.29183266187296
326,ksqexp,1.25,4,1.5,0.5,-35.930249958710675,-37.26335815808806
327,ksqexp,1.25,4,1.5,0.1,-32.5726670835088,-34.5668238208477
328,ksqexp,1.25,4,1.5,0.05,-32.58644655909961,-34.630835106958614
329,ksqexp,1.25,4,1.5,0.01,-32.60044992173999,-34.66235321166212
330,ksqexp,1.25,4,1.5,0,-32.60115122893261,-34.66380115184254
331,ksqexp,1.25,6,0.5,0.5,-30.36394943023485,-31.290323682101324
332,ksqexp,1.25,6,0.5,0.1,-28.268110214348543,-29.741405626672844
333,ksqexp,1.25,6,0.5,0.05,-28.6034011210138,-30.116032954060135
334,ksqexp,1.25,6,0.5,0.01,-28.74159920395916,-30.269629507697204
335,ksqexp,1.25,6,0.5,0,-28.747746141510106,-30.27645526988078
336,ksqexp,1.25,6,1,0.5,-33.87720871487486,-35.10447583248938
337,ksqexp,1.25,6,1,0.1,-30.039023663929566,-31.97092291435376
338,ksqexp,1.25,6,1,0.05,-29.939045206865867,-31.916642645195285
339,ksqexp,1.25,6,1,0.01,-29.90891233099316,-31.902160740648753
340,ksqexp,1.25,6,1,0,-29.907678909584916,-31.901591379795423
341,ksqexp,1.25,6,1.5,0.5,-36.9386005174927,-38.37881595616821
342,ksqexp,1.25,6,1.5,0.1,-33.26232477449369,-35.361969322954316
343,ksqexp,1.25,6,1.5,0.05,-33.129448421623955,-35.26569348577881
344,ksqexp,1.25,6,1.5,0.01,-33.086760237058016,-35.2352256087451
345,ksqexp,1.25,6,1.5,0,-33.08497993233493,-35.23396018316016
346,ksqexp,1.25,8,0.5,0.5,-30.838927809000765,-31.806978929748123
347,ksqexp,1.25,8,0.5,0.1,-28.324219169780495,-29.75078654886834
348,ksqexp,1.25,8,0.5,0.05,-28.427486033073787,-29.8523510965241
349,ksqexp,1.25,8,0.5,0.01,-28.469861919574125,-29.89350278301257
350,ksqexp,1.25,8,0.5,0,-28.471735761842016,-29.895318673478563
351,ksqexp,1.25,8,1,0.5,-34.379792933078434,-35.66902188969883
352,ksqexp,1.25,8,1,0.1,-30.52490450058104,-32.493172309274854
353,ksqexp,1.25,8,1,0.05,-30.388033421684103,-32.39069103654692
354,ksqexp,1.25,8,1,0.01,-30.343983120372243,-32.35805517882932
355,ksqexp,1.25,8,1,0,-30.34214491245339,-32.35669721213014
356,ksqexp,1.25,8,1.5,0.5,-37.48504899124942,-39.00184252024049
357,ksqexp,1.25,8,1.5,0.1,-33.938310932113644,-36.10767153443715
358,ksqexp,1.25,8,1.5,0.05,-33.80219709478196,-36.00297680642822
359,ksqexp,1.25,8,1.5,0.01,-33.75811392520237,-35.9692226244429
360,ksqexp,1.25,8,1.5,0,-33.75627139605575,-35.967813491748174
361,ksqexp,1.25,10,0.5,0.5,-31.085297174013196,-32.09799908772342
362,ksqexp,1.25,10,0.5,0.1,-28.51998135512537,-29.933338888635607
363,ksqexp,1.25,10,0.5,0.05,-28.58741957476399,-29.97636043597422
364,ksqexp,1.25,10,0.5,0.01,-28.616114179844782,-29.99506111395532
365,ksqexp,1.25,10,0.5,0,-28.617391501434735,-29.995896724438413
366,ksqexp,1.25,10,1,0.5,-34.68189523201995,-36.02962373607359
367,ksqexp,1.25,10,1,0.1,-30.960464567244525,-32.96914639213609
368,ksqexp,1.25,10,1,0.05,-30.829557378121496,-32.86620793323096
369,ksqexp,1.25,10,1,0.01,-30.787493036668597,-32.833224137610124
370,ksqexp,1.25,10,1,0,-30.78573851167826,-32.831849388732856
371,ksqexp,1.25,10,1.5,0.5,-37.8389715846116,-39.424118350098325
372,ksqexp,1.25,10,1.5,0.1,-34.46773309292632,-36.698400876869066
373,ksqexp,1.25,10,1.5,0.05,-34.341621897069714,-36.600642335727564
374,ksqexp,1.25,10,1.5,0.01,-34.3008793869624,-36.5691387304759
375,ksqexp,1.25,10,1.5,0,-34.299177615159714,-36.56782371023395
376,ksqexp,1.25,25,0.5,0.5,-31.54218284398033,-32.77794875507926
377,ksqexp,1.25,25,0.5,0.1,-29.23007618229741,-30.855471558668714
378,ksqexp,1.25,25,0.5,0.05,-29.326629879977908,-30.8988828652564
379,ksqexp,1.25,25,0.5,0.01,-29.366008183416284,-30.91739189385579
380,ksqexp,1.25,25,0.5,0,-29.367747199125525,-30.91821608097189
381,ksqexp,1.25,25,1,0.5,-35.356779497559344,-36.94307716843179
382,ksqexp,1.25,25,1,0.1,-32.09323130478083,-34.33295599557443
383,ksqexp,1.25,25,1,0.05,-31.99514134542558,-34.253901932529715
384,ksqexp,1.25,25,1,0.01,-31.96419280707295,-34.22883958775178
385,ksqexp,1.25,25,1,0,-31.962908322783623,-34.22779799406613
386,ksqexp,1.25,25,1.5,0.5,-38.67325266411099,-40.5062212838211
387,ksqexp,1.25,25,1.5,0.1,-35.7518532301644,-38.2232406539042
388,ksqexp,1.25,25,1.5,0.05,-35.65198275938455,-38.14707828829064
389,ksqexp,1.25,25,1.5,0.01,-35.61995402255559,-38.122666297437426
390,ksqexp,1.25,25,1.5,0,-35.61861879740433,-38.12164873183533
391,ksqexp,1.5,0.2,0.5,0.5,-28.692854281807236,-29.078374147227382
392,ksqexp,1.5,0.2,0.5,0.1,-310.7122650695176,-301.26979492988346
393,ksqexp,1.5,0.2,0.5,0.05,-1072.4594219190897,-1054.7826125985582
394,ksqexp,1.5,0.2,0.5,0.01,-13070.091390148507,-13048.287452917684
395,ksqexp,1.5,0.2,0.5,0,-780177.1120375192,-592044.2782014923
396,ksqexp,1.5,0.2,1,0.5,-29.834724037114064,-30.01866761714718
397,ksqexp,1.5,0.2,1,0.1,-287.21915011439023,-280.0096002195207
398,ksqexp,1.5,0.2,1,0.05,-928.9221191765233,-922.725124087975
399,ksqexp,1.5,0.2,1,0.01,-10818.434670059736,-10594.382354523877
400,ksqexp,1.5,0.2,1,0,-390052.3059164346,-295986.79981290177
401,ksqexp,1.5,0.2,1.5,0.5,-30.67964305187562,-30.76452902089821
402,ksqexp,1.5,0.2,1.5,0.1,-270.1590760908137,-264.76397166185484
403,ksqexp,1.5,0.2,1.5,0.05,-847.8486272457093,-846.4586979705952
404,ksqexp,1.5,0.2,1.5,0.01,-9664.569947743325,-9292.514793965414
405,ksqexp,1.5,0.2,1.5,0,-260012.80759737958,-197303.32780095315
406,ksqexp,1.5,0.5,0.5,0.5,-28.160944224439397,-28.688045675338227
407,ksqexp,1.5,0.5,0.5,0.1,-182.58393474228825,-176.38473323548692
408,ksqexp,1.5,0.5,0.5,0.05,-499.05366359544314,-484.8098894102674
409,ksqexp,1.5,0.5,0.5,0.01,-5390.520178264815,-4781.038699557457
410,ksqexp,1.5,0.5,0.5,0,-31837.947607204078,-27305.875090697977
411,ksqexp,1.5,0.5,1,0.5,-29.335245835051726,-29.77109672078961
412,ksqexp,1.5,0.5,1,0.1,-152.05083607288867,-147.57227249117872
413,ksqexp,1.5,0.5,1,0.05,-387.90649555611304,-376.74877320683294
414,ksqexp,1.5,0.5,1,0.01,-4501.866130174391,-3902.870483521668
415,ksqexp,1.5,0.5,1,0,-15902.068874408309,-13637.342829234136
416,ksqexp,1.5,0.5,1.5,0.5,-30.35559257413432,-30.762952785405233
417,ksqexp,1.5,0.5,1.5,0.1,-134.36357295633832,-131.0618556841343
418,ksqexp,1.5,0.5,1.5,0.05,-338.53702515810613,-326.88203292725717
419,ksqexp,1.5,0.5,1.5,0.01,-3886.98515082851,-3340.510480767054
420,ksqexp,1.5,0.5,1.5,0,-10592.899684392449,-9083.955837257165
421,ksqexp,1.5,1,0.5,0.5,-26.812762799585506,-27.44715408461992
422,ksqexp,1.5,1,0.5,0.1,-84.02906775838247,-78.32738565496359
423,ksqexp,1.5,1,0.5,0.05,-221.0243219238207,-205.9992852817209
424,ksqexp,1.5,1,0.5,0.01,-1213.7996043538624,-1160.4926420865224
425,ksqexp,1.5,1,0.5,0,-1535.0293562175768,-1506.2637113699914
426,ksqexp,1.5,1,1,0.5,-28.42630033584783,-29.07847041679159
427,ksqexp,1.5,1,1,0.1,-70.47114353827436,-66.49358485741512
428,ksqexp,1.5,1,1,0.05,-181.40367421813644,-170.94532274432316
429,ksqexp,1.5,1,1,0.01,-675.1631270840476,-652.8369545383193
430,ksqexp,1.5,1,1,0,-763.934371756619,-750.9065713812043
431,ksqexp,1.5,1,1.5,0.5,-29.885279789492913,-30.578090227036665
432,ksqexp,1.5,1,1.5,0.1,-65.21035737506637,-62.28310590612592
433,ksqexp,1.5,1,1.5,0.05,-161.39315043221472,-152.99691661584347
434,ksqexp,1.5,1,1.5,0.01,-468.92918943777966,-456.32942845498974
435,ksqexp,1.5,1,1.5,0,-509.69336659016705,-501.9115143061741
436,ksqexp,1.5,1.5,0.5,0.5,-26.54298398411665,-27.32975965084454
437,ksqexp,1.5,1.5,0.5,0.1,-59.92031699729907,-55.41126276014231
438,ksqexp,1.5,1.5,0.5,0.05,-138.2543003030588,-128.57103931420028
439,ksqexp,1.5,1.5,0.5,0.01,-329.4812373897425,-309.36925018332994
440,ksqexp,1.5,1.5,0.5,0,-351.2981747141051,-330.6536125294941
441,ksqexp,1.5,1.5,1,0.5,-28.522909365067484,-29.38545783900954
442,ksqexp,1.5,1.5,1,0.1,-52.03789827900919,-49.705226096476295
443,ksqexp,1.5,1.5,1,0.05,-101.0293562007006,-95.81865331064581
444,ksqexp,1.5,1.5,1,0.01,-172.5328151021696,-163.7606518202351
445,ksqexp,1.5,1.5,1,0,-178.0633511805234,-169.18468765340137
446,ksqexp,1.5,1.5,1.5,0.5,-30.361363390163927,-31.304311606146854
447,ksqexp,1.5,1.5,1.5,0.1,-48.92323561674398,-47.687536525265386
448,ksqexp,1.5,1.5,1.5,0.05,-83.218519892947,-79.99005103300667
449,ksqexp,1.5,1.5,1.5,0.01,-120.66723741756044,-115.75014264179954
450,ksqexp,1.5,1.5,1.5,0,-123.10906674321097,-118.15236943573326
451,ksqexp,1.5,2,0.5,0.5,-26.859615327967116,-27.731642187280887
452,ksqexp,1.5,2,0.5,0.1,-46.975169249653185,-44.54801499368725
453,ksqexp,1.5,2,0.5,0.05,-84.87270290298451,-80.58237629013601
454,ksqexp,1.5,2,0.5,0.01,-137.35520744848483,-130.05830418627346
455,ksqexp,1.5,2,0.5,0,-141.4496228207038,-133.88287005606196
456,ksqexp,1.5,2,1,0.5,-29.22159557396207,-30.230060688454756
457,ksqexp,1.5,2,1,0.1,-40.28855532973414,-39.91038161461329
458,ksqexp,1.5,2,1,0.05,-59.036710750424945,-57.80174568881509
459,ksqexp,1.5,2,1,0.01,-75.76793812372438,-73.52965658030219
460,ksqexp,1.5,2,1,0,-76.77391647558642,-74.47015301619174
461,ksqexp,1.5,2,1.5,0.5,-31.36019970854864,-32.50198219112899
462,ksqexp,1.5,2,1.5,0.1,-38.33138705434141,-38.82549326461527
463,ksqexp,1.5,2,1.5,0.05,-49.556862114073716,-49.52006468856362
464,ksqexp,1.5,2,1.5,0.01,-57.57191137968202,-57.050295447909534
465,ksqexp,1.5,2,1.5,0,-58.006004455765286,-57.45657076511283
466,ksqexp,1.5,2.5,0.5,0.5,-27.411809948624903,-28.357900217135253
467,ksqexp,1.5,2.5,0.5,0.1,-38.99737613478236,-38.504942905757275
468,ksqexp,1.5,2.5,0.5,0.05,-58.18334476279535,-57.26335501025567
469,ksqexp,1.5,2.5,0.5,0.01,-76.51534876111374,-75.00411581513596
470,ksqexp,1.5,2.5,0.5,0,-77.66792506390325,-76.10817291696485
471,ksqexp,1.5,2.5,1,0.5,-30.00690508926557,-31.158482198997067
472,ksqexp,1.5,2.5,1,0.1,-34.04967691272662,-35.081644213868714
473,ksqexp,1.5,2.5,1,0.05,-41.846575018039296,-42.7569517905824
474,ksqexp,1.5,2.5,1,0.01,-47.036634098172804,-47.78123608950335
475,ksqexp,1.5,2.5,1,0,-47.310223299346994,-48.04419535601771
476,ksqexp,1.5,2.5,1.5,0.5,-32.311716576637565,-33.647721827725256
477,ksqexp,1.5,2.5,1.5,0.1,-33.44737097849297,-35.06902457410884
478,ksqexp,1.5,2.5,1.5,0.05,-37.55190728896091,-39.12233564059068
479,ksqexp,1.5,2.5,1.5,0.01,-39.86739253244068,-41.36993347985637
480,ksqexp,1.5,2.5,1.5,0,-39.981646143188414,-41.48019293445894
481,ksqexp,1.5,3,0.5,0.5,-27.92468843587462,-28.93075964995496
482,ksqexp,1.5,3,0.5,0.1,-34.417348852103366,-35.137976846126364
483,ksqexp,1.5,3,0.5,0.05,-44.54997404398452,-45.40084576486393
484,ksqexp,1.5,3,0.5,0.01,-51.9730016213248,-52.8857218107206
485,ksqexp,1.5,3,0.5,0,-52.38328697073984,-53.29713324321384
486,ksqexp,1.5,3,1,0.5,-30.66330194494832,-31.9369433170546
487,ksqexp,1.5,3,1,0.1,-30.915040167137857,-32.76803327411367
488,ksqexp,1.5,3,1,0.05,-34.30441086398113,-36.28618413628496
489,ksqexp,1.5,3,1,0.01,-36.18086373736324,-38.206084392473755
490,ksqexp,1.5,3,1,0,-36.272879767162536,-38.299745840331035
491,ksqexp,1.5,3,1.5,0.5,-33.08197928866337,-34.5787118342956
492,ksqexp,1.5,3,1.5,0.1,-31.344379604236146,-33.60978609241353
493,ksqexp,1.5,3,1.5,0.05,-32.89208955733443,-35.25571722058741
494,ksqexp,1.5,3,1.5,0.01,-33.65740022058741,-36.05392968702156
495,ksqexp,1.5,3,1.5,0,-33.69340079886936,-36.091273472274416
496,ksqexp,1.5,3.5,0.5,0.5,-28.34310850924344,-29.3903848245638
497,ksqexp,1.5,3.5,0.5,0.1,-31.473046420430784,-32.90112915992227
498,ksqexp,1.5,3.5,0.5,0.05,-36.94796147494807,-38.694121716230534
499,ksqexp,1.5,3.5,0.5,0.01,-40.28927210201684,-42.23140527279084
500,ksqexp,1.5,3.5,0.5,0,-40.460214164977366,-42.41197190218655
501,ksqexp,1.5,3.5,1,0.5,-31.18487734959701,-32.549904635204584
502,ksqexp,1.5,3.5,1,0.1,-29.168132111735645,-31.49359323621576
503,ksqexp,1.5,3.5,1,0.05,-30.630627803097067,-33.151329670289435
504,ksqexp,1.5,3.5,1,0.01,-31.360328232906202,-33.96355679460532
505,ksqexp,1.5,3.5,1,0,-31.39476244653007,-34.00169179607423
506,ksqexp,1.5,3.5,1.5,0.5,-33.69232828676038,-35.309044948431634
507,ksqexp,1.5,3.5,1.5,0.1,-30.37484642099028,-33.01384593706472
508,ksqexp,1.5,3.5,1.5,0.05,-30.901917218203568,-33.67419540405632
509,ksqexp,1.5,3.5,1.5,0.01,-31.15204898041675,-33.975150041700694
510,ksqexp,1.5,3.5,1.5,0,-31.16360197356241,-33.98892186054653
511,ksqexp,1.5,4,0.5,0.5,-28.683888212849094,-29.7559719671111
512,ksqexp,1.5,4,0.5,0.1,-29.69314411287306,-31.43952194788343
513,ksqexp,1.5,4,0.5,0.05,-32.79725066726856,-34.86422157599883
514,ksqexp,1.5,4,0.5,0.01,-34.46594473266616,-36.715319739899485
515,ksqexp,1.5,4,0.5,0,-34.54724079081712,-36.80553955426046
516,ksqexp,1.5,4,1,0.5,-31.605042131769814,-33.03280667479239
517,ksqexp,1.5,4,1,0.1,-28.294559940425753,-30.84137808664311
518,ksqexp,1.5,4,1,0.05,-28.89665858393166,-31.633173249140732
519,ksqexp,1.5,4,1,0.01,-29.184935743587317,-31.99946225340215
520,ksqexp,1.5,4,1,0,-29.19830033567772,-32.01631195566082
521,ksqexp,1.5,4,1.5,0.5,-34.18095791362737,-35.88185489833315
522,ksqexp,1.5,4,1.5,0.1,-30.038857820720676,-32.86381051491539
523,ksqexp,1.5,4,1.5,0.05,-30.143575763095903,-33.09766850065556
524,ksqexp,1.5,4,1.5,0.01,-30.20315335018197,-33.205631048394
525,ksqexp,1.5,4,1.5,0,-30.20597695058665,-33.21055952274526
526,ksqexp,1.5,6,0.5,0.5,-29.626536710371656,-30.725288855510307
527,ksqexp,1.5,6,0.5,0.1,-28.55343354208816,-30.02337473002862
528,ksqexp,1.5,6,0.5,0.05,-29.294563523171036,-30.794813517143595
529,ksqexp,1.5,6,0.5,0.01,-29.599593565067853,-31.121290065207493
530,ksqexp,1.5,6,0.5,0,-29.613169303802188,-31.13595334829881
531,ksqexp,1.5,6,1,0.5,-32.72984870503907,-34.258616584069294
532,ksqexp,1.5,6,1,0.1,-28.42397144583467,-30.931706848039042
533,ksqexp,1.5,6,1,0.05,-28.319659711766036,-30.91786381584485
534,ksqexp,1.5,6,1,0.01,-28.28809756790161,-30.919942116828114
535,ksqexp,1.5,6,1,0,-28.286800269467644,-30.92010649423773
536,ksqexp,1.5,6,1.5,0.5,-35.44988095078194,-37.300775267490216
537,ksqexp,1.5,6,1.5,0.1,-30.893565297982263,-33.789428849220826
538,ksqexp,1.5,6,1.5,0.05,-30.70138869063981,-33.67608673921496
539,ksqexp,1.5,6,1.5,0.01,-30.63799808702109,-33.64029984382272
540,ksqexp,1.5,6,1.5,0,-30.635334024731034,-33.63881430959635
541,ksqexp,1.5,8,0.5,0.5,-30.160209461329874,-31.284550389873516
542,ksqexp,1.5,8,0.5,0.1,-29.067143958011386,-30.11204895828406
543,ksqexp,1.5,8,0.5,0.05,-29.54584890915598,-30.453040582217348
544,ksqexp,1.5,8,0.5,0.01,-29.729310956200752,-30.58502310552836
545,ksqexp,1.5,8,0.5,0,-29.737304354387568,-30.590792627978356
546,ksqexp,1.5,8,1,0.5,-33.32904472062598,-34.91334933199524
547,ksqexp,1.5,8,1,0.1,-29.234645528291512,-31.592966461257053
548,ksqexp,1.5,8,1,0.05,-29.09988871243527,-31.496981954272435
549,ksqexp,1.5,8,1,0.01,-29.055952063243573,-31.4665330728209
550,ksqexp,1.5,8,1,0,-29.054109306784,-31.46526632823764
551,ksqexp,1.5,8,1.5,0.5,-36.10942508918977,-38.040279904152364
552,ksqexp,1.5,8,1.5,0.1,-31.862215931590494,-34.720820821527376
553,ksqexp,1.5,8,1.5,0.05,-31.679727248296313,-34.59139222356884
554,ksqexp,1.5,8,1.5,0.01,-31.61956176244153,-34.54918218538901
555,ksqexp,1.5,8,1.5,0,-31.617034390967746,-34.547414328383184
556,ksqexp,1.5,10,0.5,0.5,-30.45764359169229,-31.625578482259648
557,ksqexp,1.5,10,0.5,0.1,-29.472360307376995,-30.291588892590468
558,ksqexp,1.5,10,0.5,0.05,-29.948775467524737,-30.53418353789778
559,ksqexp,1.5,10,0.5,0.01,-30.132901890743288,-30.627193208852635
560,ksqexp,1.5,10,0.5,0,-30.140951008903123,-30.63124785775687
561,ksqexp,1.5,10,1,0.5,-33.67292751357857,-35.31986670370186
562,ksqexp,1.5,10,1,0.1,-29.836268203558507,-32.13015008468666
563,ksqexp,1.5,10,1,0.05,-29.730268989412128,-32.03271632586288
564,ksqexp,1.5,10,1,0.01,-29.69712790491983,-32.00167871467979
565,ksqexp,1.5,10,1,0,-29.695755144379316,-32.00038662182422
566,ksqexp,1.5,10,1.5,0.5,-36.501843796117264,-38.510297946024295
567,ksqexp,1.5,10,1.5,0.1,-32.546014373168624,-35.40507643714351
568,ksqexp,1.5,10,1.5,0.05,-32.39067671281239,-35.28726589024314
569,ksqexp,1.5,10,1.5,0.01,-32.340128924931435,-35.24902255253838
570,ksqexp,1.5,10,1.5,0,-32.33801328959161,-35.247422976576146
571,ksqexp,1.5,25,0.5,0.5,-30.96809889121384,-32.428021368817944
572,ksqexp,1.5,25,0.5,0.1,-30.570680939627067,-31.357249734270564
573,ksqexp,1.5,25,0.5,0.05,-31.208824985608075,-31.62278548711582
574,ksqexp,1.5,25,0.5,0.01,-31.45903276208125,-31.726242307972115
575,ksqexp,1.5,25,0.5,0,-31.47002318688643,-31.730775979259125
576,ksqexp,1.5,25,1,0.5,-34.45130245792673,-36.4340678948176
577,ksqexp,1.5,25,1,0.1,-31.46602153247127,-33.914790415323715
578,ksqexp,1.5,25,1,0.05,-31.460610030919156,-33.87048547090799
579,ksqexp,1.5,25,1,0.01,-31.46346899401353,-33.85801106942788
580,ksqexp,1.5,25,1,0,-31.46364115101502,-33.857510820072676
581,ksqexp,1.5,25,1.5,0.5,-37.485784949995946,-39.85860372977631
582,ksqexp,1.5,25,1.5,0.1,-34.36287948862063,-37.45315079069747
583,ksqexp,1.5,25,1.5,0.05,-34.279145160884504,-37.380877098503895
584,ksqexp,1.5,25,1.5,0.01,-34.25323980215563,-37.358028055952026
585,ksqexp,1.5,25,1.5,0,-34.2521705724451,-37.35707920040914
586,ksqexp,1.75,0.2,0.5,0.5,-28.37127793618422,-28.939580139863605
587,ksqexp,1.75,0.2,0.5,0.1,-332.2302120849544,-323.67047816628735
588,ksqexp,1.75,0.2,0.5,0.05,-1289.7917091649558,-1263.4319241685446
589,ksqexp,1.75,0.2,0.5,0.01,-15459.113584190742,-15695.219399063424
590,ksqexp,1.75,0.2,0.5,0,-3622422.3311805557,-2501483.0416612597
591,ksqexp,1.75,0.2,1,0.5,-29.118633489023154,-29.49305623727176
592,ksqexp,1.75,0.2,1,0.1,-321.8682408932937,-314.2173585655278
593,ksqexp,1.75,0.2,1,0.05,-1188.1300487146277,-1168.26692018118
594,ksqexp,1.75,0.2,1,0.01,-12556.795182563888,-12731.348575033873
595,ksqexp,1.75,0.2,1,0,-1811185.7803813373,-1250709.0742932076
596,ksqexp,1.75,0.2,1.5,0.5,-29.799953000281146,-30.0600459098362
597,ksqexp,1.75,0.2,1.5,0.1,-314.74084141944667,-307.95720247256776
598,ksqexp,1.75,0.2,1.5,0.05,-1104.413783510077,-1088.8259481412063
599,ksqexp,1.75,0.2,1.5,0.01,-11273.580356571278,-11307.506468878295
600,ksqexp,1.75,0.2,1.5,0,-1207433.128427093,-833781.430780342
601,ksqexp,1.75,0.5,0.5,0.5,-28.256336954121572,-28.907268670851064
602,ksqexp,1.75,0.5,0.5,0.1,-223.44844023149852,-216.76963502329278
603,ksqexp,1.75,0.5,0.5,0.05,-716.9301080794569,-679.9060324443807
604,ksqexp,1.75,0.5,0.5,0.01,-7088.089039505421,-6251.102729585915
605,ksqexp,1.75,0.5,0.5,0,-131706.43167442086,-107717.7056865189
606,ksqexp,1.75,0.5,1,0.5,-28.975926488251776,-29.54630599229403
607,ksqexp,1.75,0.5,1,0.1,-200.53714916325413,-192.77835203134651
608,ksqexp,1.75,0.5,1,0.05,-581.470500346245,-546.1855453467012
609,ksqexp,1.75,0.5,1,0.01,-6513.4141959791405,-5551.6204138073035
610,ksqexp,1.75,0.5,1,0,-65827.38911632274,-53835.07383596528
611,ksqexp,1.75,0.5,1.5,0.5,-29.674877162413065,-30.217108750660383
612,ksqexp,1.75,0.5,1.5,0.1,-184.70658686180687,-176.60721106049323
613,ksqexp,1.75,0.5,1.5,0.05,-504.0296438587308,-471.3750223281452
614,ksqexp,1.75,0.5,1.5,0.01,-6214.57689214228,-5201.659574981115
615,ksqexp,1.75,0.5,1.5,0,-43870.49560398592,-35876.98438413231
616,ksqexp,1.75,1,0.5,0.5,-26.883875313797468,-27.562486965007626
617,ksqexp,1.75,1,0.5,0.1,-108.0679475056001,-100.69826261771365
618,ksqexp,1.75,1,0.5,0.05,-311.7717966948173,-279.51066657522244
619,ksqexp,1.75,1,0.5,0.01,-2800.2803164224465,-2527.023551684261
620,ksqexp,1.75,1,0.5,0,-4851.2893486331295,-4523.2347206896675
621,ksqexp,1.75,1,1,0.5,-27.97118123740205,-28.726916350001005
622,ksqexp,1.75,1,1,0.1,-92.14734215389491,-84.60046033804036
623,ksqexp,1.75,1,1,0.05,-257.93023007300263,-232.70605440931126
624,ksqexp,1.75,1,1,0.01,-1782.4865404220131,-1614.9705286320466
625,ksqexp,1.75,1,1,0,-2414.93417562748,-2252.872385749706
626,ksqexp,1.75,1,1.5,0.5,-29.039017872743862,-29.868644106002684
627,ksqexp,1.75,1,1.5,0.1,-84.56455433019397,-77.55995131882194
628,ksqexp,1.75,1,1.5,0.05,-232.80384002638658,-211.56516803162384
629,ksqexp,1.75,1,1.5,0.01,-1303.5063681650709,-1186.9108487936483
630,ksqexp,1.75,1,1.5,0,-1605.606437945483,-1498.8755936095677
631,ksqexp,1.75,1.5,0.5,0.5,-26.463975694342242,-27.285940324591415
632,ksqexp,1.75,1.5,0.5,0.1,-73.76331645421317,-66.09355343973769
633,ksqexp,1.75,1.5,0.5,0.05,-201.5263151163182,-179.04297127980044
634,ksqexp,1.75,1.5,0.5,0.01,-764.2182833176988,-669.1973685964505
635,ksqexp,1.75,1.5,0.5,0,-894.3000503607344,-776.404969752264
636,ksqexp,1.75,1.5,1,0.5,-27.805050322344414,-28.765475117991553
637,ksqexp,1.75,1.5,1,0.1,-64.88713730600665,-58.954911873141405
638,ksqexp,1.75,1.5,1,0.05,-154.9645123088951,-140.29353139642748
639,ksqexp,1.75,1.5,1,0.01,-408.87344629890663,-358.1325995950603
640,ksqexp,1.75,1.5,1,0,-443.81095711743063,-386.8590403124869
641,ksqexp,1.75,1.5,1.5,0.5,-29.138188747802193,-30.208621985358445
642,ksqexp,1.75,1.5,1.5,0.1,-60.49644170279025,-56.00826193322131
643,ksqexp,1.75,1.5,1.5,0.05,-130.8370577879928,-119.54266419891638
644,ksqexp,1.75,1.5,1.5,0.01,-280.5977177127489,-246.7851493641126
645,ksqexp,1.75,1.5,1.5,0,-296.4385826310668,-259.8010537915494
646,ksqexp,1.75,2,0.5,0.5,-26.53393704845512,-27.4322955518342
647,ksqexp,1.75,2,0.5,0.1,-58.07996593704014,-52.22615518669276
648,ksqexp,1.75,2,0.5,0.05,-125.26454302934208,-112.8998739886031
649,ksqexp,1.75,2,0.5,0.01,-287.6825751354145,-253.2038735918134
650,ksqexp,1.75,2,0.5,0,-307.7251414314062,-269.63861968493666
651,ksqexp,1.75,2,1,0.5,-28.230136668321663,-29.304204667354586
652,ksqexp,1.75,2,1,0.1,-48.41662063258138,-45.489357217761366
653,ksqexp,1.75,2,1,0.05,-88.3879109555162,-81.67341876247254
654,ksqexp,1.75,2,1,0.01,-149.93876331272833,-133.8352368910658
655,ksqexp,1.75,2,1,0,-155.0408509703835,-138.0071583825237
656,ksqexp,1.75,2,1.5,0.5,-29.870453094573993,-31.096845348953277
657,ksqexp,1.75,2,1.5,0.1,-44.47526748745106,-43.057486234378885
658,ksqexp,1.75,2,1.5,0.05,-72.1430639128117,-67.79463537033456
659,ksqexp,1.75,2,1.5,0.01,-104.68256948153793,-95.08037046515598
660,ksqexp,1.75,2,1.5,0,-106.93674422573577,-96.92066136186216
661,ksqexp,1.75,2.5,0.5,0.5,-26.95257560504359,-27.91097167682493
662,ksqexp,1.75,2.5,0.5,0.1,-46.41322623614228,-43.55945351613162
663,ksqexp,1.75,2.5,0.5,0.05,-82.56729628996096,-77.26912166520364
664,ksqexp,1.75,2.5,0.5,0.01,-138.60353899505768,-127.352141826801
665,ksqexp,1.75,2.5,0.5,0,-143.327301174584,-131.42256929823156
666,ksqexp,1.75,2.5,1,0.5,-28.939842113638754,-30.133317572596162
667,ksqexp,1.75,2.5,1,0.1,-38.085077037308835,-37.853031419562086
668,ksqexp,1.75,2.5,1,0.05,-56.4749365276779,-54.90718290863029
669,ksqexp,1.75,2.5,1,0.01,-74.82062013089491,-71.08397839187455
670,ksqexp,1.75,2.5,1,0,-75.98401152216941,-72.08514859964755
671,ksqexp,1.75,2.5,1.5,0.5,-30.781383725360342,-32.18638997202186
672,ksqexp,1.75,2.5,1.5,0.1,-35.670256733102505,-36.53893683343621
673,ksqexp,1.75,2.5,1.5,0.05,-46.925266223319454,-46.86822532146968
674,ksqexp,1.75,2.5,1.5,0.01,-55.82458557986842,-54.66460504559426
675,ksqexp,1.75,2.5,1.5,0,-56.32690506580256,-55.09666512868282
676,ksqexp,1.75,3,0.5,0.5,-27.46191965543924,-28.48475004463883
677,ksqexp,1.75,3,0.5,0.1,-39.78971310426014,-39.0533616944233
678,ksqexp,1.75,3,0.5,0.05,-59.888436850501435,-58.51931523409583
679,ksqexp,1.75,3,0.5,0.01,-81.05136078079104,-78.53111051612814
680,ksqexp,1.75,3,0.5,0,-82.45543748223541,-79.8313628088886
681,ksqexp,1.75,3,1,0.5,-29.632509414726186,-30.96047073936684
682,ksqexp,1.75,3,1,0.1,-32.91866159177322,-34.28909638682196
683,ksqexp,1.75,3,1,0.05,-41.27753476501562,-42.46262990514048
684,ksqexp,1.75,3,1,0.01,-47.34834921851582,-48.20666240711893
685,ksqexp,1.75,3,1,0,-47.679767221125715,-48.51567168194866
686,ksqexp,1.75,3,1.5,0.5,-31.595733479356333,-33.19033390764227
687,ksqexp,1.75,3,1.5,0.1,-31.589924998720758,-33.79066124173649
688,ksqexp,1.75,3,1.5,0.05,-36.031797648476946,-38.16087539358833
689,ksqexp,1.75,3,1.5,0.01,-38.741189854256746,-40.73864088468864
690,ksqexp,1.75,3,1.5,0,-38.87853389913158,-40.86776473814938
691,ksqexp,1.75,3.5,0.5,0.5,-27.919783452892318,-28.99667598791662
692,ksqexp,1.75,3.5,0.5,0.1,-35.60174098048594,-36.158295528696044
693,ksqexp,1.75,3.5,0.5,0.05,-46.450520344421605,-47.2333756190324
694,ksqexp,1.75,3.5,0.5,0.01,-54.96391191658836,-55.88934771639827
695,ksqexp,1.75,3.5,0.5,0,-55.45127922396155,-56.38088300345453
696,ksqexp,1.75,3.5,1,0.5,-30.215099177886565,-31.661776154397423
697,ksqexp,1.75,3.5,1,0.1,-29.861081423909482,-32.19689236156256
698,ksqexp,1.75,3.5,1,0.05,-33.42480669160276,-36.02952160045453
699,ksqexp,1.75,3.5,1,0.01,-35.533227627919736,-38.247903791028946
700,ksqexp,1.75,3.5,1,0,-35.639083143662624,-38.358377349105176
701,ksqexp,1.75,3.5,1.5,0.5,-32.27072823340043,-34.027695417149275
702,ksqexp,1.75,3.5,1.5,0.1,-29.39952712513493,-32.40710812188397
703,ksqexp,1.75,3.5,1.5,0.05,-30.959872430277727,-34.18738096218112
704,ksqexp,1.75,3.5,1.5,0.01,-31.786018152397414,-35.098221076156904
705,ksqexp,1.75,3.5,1.5,0,-31.82567454968226,-35.141532230453016
706,ksqexp,1.75,4,0.5,0.5,-28.297231837927853,-29.410168191061253
707,ksqexp,1.75,4,0.5,0.1,-32.7440544510768,-33.9720428665383
708,ksqexp,1.75,4,0.5,0.05,-38.58638877770955,-40.292922110177194
709,ksqexp,1.75,4,0.5,0.01,-42.284310870655204,-44.35980085343177
710,ksqexp,1.75,4,0.5,0,-42.476943624252705,-44.57221727883276
711,ksqexp,1.75,4,1,0.5,-30.689920936449045,-32.22591314035337
712,ksqexp,1.75,4,1,0.1,-28.040605422291307,-30.880247405140793
713,ksqexp,1.75,4,1,0.05,-29.431970361811416,-32.64371978948217
714,ksqexp,1.75,4,1,0.01,-30.160791152932042,-33.55014780322351
715,ksqexp,1.75,4,1,0,-30.195670612271304,-33.59335098831085
716,ksqexp,1.75,4,1.5,0.5,-32.82377546077573,-34.7039405081871
717,ksqexp,1.75,4,1.5,0.1,-28.299586434768404,-31.73359590353522
718,ksqexp,1.75,4,1.5,0.05,-28.681568850305926,-32.39262490200837
719,ksqexp,1.75,4,1.5,0.01,-28.883051860050927,-32.709670810295115
720,ksqexp,1.75,4,1.5,0,-28.892569708078835,-32.724385657930974
721,ksqexp,1.75,6,0.5,0.5,-29.287548291665793,-30.424054036542184
722,ksqexp,1.75,6,0.5,0.1,-30.474585700895954,-31.158367037215285
723,ksqexp,1.75,6,0.5,0.05,-31.89636870047173,-32.439812370446134
724,ksqexp,1.75,6,0.5,0.01,-32.476567286841565,-32.99646005675663
725,ksqexp,1.75,6,0.5,0,-32.50216749218909,-33.02165524013679
726,ksqexp,1.75,6,1,0.5,-31.951245990550653,-33.624144477144405
727,ksqexp,1.75,6,1,0.1,-27.525443889295193,-30.212917706250114
728,ksqexp,1.75,6,1,0.05,-27.40193019398429,-30.228475076404077
729,ksqexp,1.75,6,1,0.01,-27.35347649883044,-30.240745364053335
730,ksqexp,1.75,6,1,0,-27.351284933177702,-30.241327829946645
731,ksqexp,1.75,6,1.5,0.5,-34.29328330683372,-36.38869406986175
732,ksqexp,1.75,6,1.5,0.1,-28.852115343136795,-32.32264498344864
733,ksqexp,1.75,6,1.5,0.05,-28.541114124357815,-32.1615243582484
734,ksqexp,1.75,6,1.5,0.01,-28.429779875794296,-32.10749603394962
735,ksqexp,1.75,6,1.5,0,-28.42498084685138,-32.10520879324063
736,ksqexp,1.75,8,0.5,0.5,-29.844809637572194,-30.98120118426208
737,ksqexp,1.75,8,0.5,0.1,-32.08325499475865,-31.527302443079048
738,ksqexp,1.75,8,0.5,0.05,-33.58217513367762,-32.311264395265226
739,ksqexp,1.75,8,0.5,0.01,-34.183583208313735,-32.61468542988302
740,ksqexp,1.75,8,0.5,0,-34.2101251323355,-32.62793122436862
741,ksqexp,1.75,8,1,0.5,-32.6418585919933,-34.35799691907467
742,ksqexp,1.75,8,1,0.1,-29.127733980838883,-31.196345085430064
743,ksqexp,1.75,8,1,0.05,-29.109821863717514,-31.128234602608295
744,ksqexp,1.75,8,1,0.01,-29.10446391541571,-31.105113448802484
745,ksqexp,1.75,8,1,0,-29.104219542383817,-31.104121655195197
746,ksqexp,1.75,8,1.5,0.5,-35.083222964683905,-37.25851511619188
747,ksqexp,1.75,8,1.5,0.1,-30.486272549860878,-33.60847406375617
748,ksqexp,1.75,8,1.5,0.05,-30.270499908951116,-33.44476326587807
749,ksqexp,1.75,8,1.5,0.01,-30.1960789718445,-33.38919744358295
750,ksqexp,1.75,8,1.5,0,-30.192907779083974,-33.386841898847734
751,ksqexp,1.75,10,0.5,0.5,-30.157406407862773,-31.32555911637423
752,ksqexp,1.75,10,0.5,0.1,-33.19855373019194,-31.823259201938022
753,ksqexp,1.75,10,0.5,0.05,-35.02814017078737,-32.555911721340024
754,ksqexp,1.75,10,0.5,0.01,-35.788698852342556,-32.84374869439204
755,ksqexp,1.75,10,0.5,0,-35.8227185498146,-32.85640155236583
756,ksqexp,1.75,10,1,0.5,-33.018213600617294,-34.79005273199066
757,ksqexp,1.75,10,1,0.1,-30.242420768000166,-31.8950851430589
758,ksqexp,1.75,10,1,0.05,-30.381375834258996,-31.85747430780122
759,ksqexp,1.75,10,1,0.01,-30.439416974131202,-31.847190268404407
760,ksqexp,1.75,10,1,0,-30.44199276490602,-31.84677788158357
761,ksqexp,1.75,10,1.5,0.5,-35.52027587174418,-37.77107288582386
762,ksqexp,1.75,10,1.5,0.1,-31.590631100115875,-34.47281030031815
763,ksqexp,1.75,10,1.5,0.05,-31.476563778021152,-34.34487269851868
764,ksqexp,1.75,10,1.5,0.01,-31.44057008146968,-34.30266771724781
765,ksqexp,1.75,10,1.5,0,-31.439074269949725,-34.30089342470372
766,ksqexp,1.75,25,0.5,0.5,-30.69310194648674,-32.19788889102026
767,ksqexp,1.75,25,0.5,0.1,-35.37542631840885,-33.08003972959419
768,ksqexp,1.75,25,0.5,0.05,-38.02379081607519,-34.01448861091602
769,ksqexp,1.75,25,0.5,0.01,-39.162746351879505,-34.402690227569394
770,ksqexp,1.75,25,0.5,0,-39.21423574878485,-34.420060668032015
771,ksqexp,1.75,25,1,0.5,-33.84476799934963,-36.02423421981932
772,ksqexp,1.75,25,1,0.1,-32.83906036320613,-34.140416299033
773,ksqexp,1.75,25,1,0.05,-33.341975106948276,-34.25140261560808
774,ksqexp,1.75,25,1,0.01,-33.54100516687077,-34.297852631330095
775,ksqexp,1.75,25,1,0,-33.54976572325632,-34.29992028404633
776,ksqexp,1.75,25,1.5,0.5,-36.58589937791441,-39.29231282183032
777,ksqexp,1.75,25,1.5,0.1,-34.29145004390889,-37.07205496560655
778,ksqexp,1.75,25,1.5,0.05,-34.40375891881749,-37.053679684080706
779,ksqexp,1.75,25,1.5,0.01,-34.450206806471144,-37.050624550302345
780,ksqexp,1.75,25,1.5,0,-34.452265814748614,-37.05053025609919
781,ksqexp,2,0.2,0.5,0.5,-28.50093549624278,-29.197813561184145
782,ksqexp,2,0.2,0.5,0.1,-339.2015266164822,-332.4950533645496
783,ksqexp,2,0.2,0.5,0.05,-1343.3331165378836,-1324.1275046427113
784,ksqexp,2,0.2,0.5,0.01,-21331.727375328453,-21063.433861635123
785,ksqexp,2,0.2,0.5,0,-15313528.114212293,-10568247.96474119
786,ksqexp,2,0.2,1,0.5,-28.73318661996549,-29.282904860901137
787,ksqexp,2,0.2,1,0.1,-328.3939531585627,-322.4708622449359
788,ksqexp,2,0.2,1,0.05,-1302.455524792228,-1288.546611826677
789,ksqexp,2,0.2,1,0.01,-16657.95903391855,-16599.6590654777
790,ksqexp,2,0.2,1,0,-7656988.465518982,-5284236.407651185
791,ksqexp,2,0.2,1.5,0.5,-29.17581845748182,-29.612348249329855
792,ksqexp,2,0.2,1.5,0.1,-322.9871159242743,-318.0064211628115
793,ksqexp,2,0.2,1.5,0.05,-1268.6762004638324,-1255.9740804101355
794,ksqexp,2,0.2,1.5,0.01,-14320.701924974028,-14345.8719774496
795,ksqexp,2,0.2,1.5,0,-5104686.116427827,-3522827.83685882
796,ksqexp,2,0.5,0.5,0.5,-28.693934330050343,-29.41423931318827
797,ksqexp,2,0.5,0.5,0.1,-246.0834879540002,-241.72829467190923
798,ksqexp,2,0.5,0.5,0.05,-882.4933391912123,-845.5477037257114
799,ksqexp,2,0.5,0.5,0.01,-9806.331074165537,-8471.863991087399
800,ksqexp,2,0.5,0.5,0,-544444.5734105465,-432564.07521763927
801,ksqexp,2,0.5,1,0.5,-28.987514183949962,-29.654773785267924
802,ksqexp,2,0.5,1,0.1,-231.0506803937813,-224.91113211650145
803,ksqexp,2,0.5,1,0.05,-769.8529880345171,-723.7070436424849
804,ksqexp,2,0.5,1,0.01,-8296.577108670876,-7065.93694486378
805,ksqexp,2,0.5,1,0,-272187.35251981986,-216249.89959039108
806,ksqexp,2,0.5,1.5,0.5,-29.370878037888414,-30.015895526192825
807,ksqexp,2,0.5,1.5,0.1,-219.90296173397581,-212.64274771974038
808,ksqexp,2,0.5,1.5,0.05,-699.9073069031965,-648.794634059493
809,ksqexp,2,0.5,1.5,0.01,-7792.243464745721,-6567.861880280897
810,ksqexp,2,0.5,1.5,0,-181437.69863186625,-144147.9308346505
811,ksqexp,2,1,0.5,0.5,-27.310458116356447,-27.973012635036888
812,ksqexp,2,1,0.5,0.1,-130.52370772756262,-125.328627542981
813,ksqexp,2,1,0.5,0.05,-397.497461930551,-357.0569398985464
814,ksqexp,2,1,0.5,0.01,-4891.142792516004,-4343.599509505576
815,ksqexp,2,1,0.5,0,-16247.195335076909,-14193.35342842373
816,ksqexp,2,1,1,0.5,-27.941348424512828,-28.742317108253154
817,ksqexp,2,1,1,0.1,-111.62747544808299,-104.52803818080137
818,ksqexp,2,1,1,0.05,-339.74108163775367,-299.1981160410189
819,ksqexp,2,1,1,0.01,-3732.533533943182,-3285.031267112176
820,ksqexp,2,1,1,0,-8105.425451299474,-7081.042367176618
821,ksqexp,2,1,1.5,0.5,-28.671286426093484,-29.591693092354735
822,ksqexp,2,1,1.5,0.1,-102.62035883146402,-94.67531486165792
823,ksqexp,2,1,1.5,0.05,-312.18402280184733,-274.3328373465297
824,ksqexp,2,1,1.5,0.01,-3035.231410947574,-2656.497810689705
825,ksqexp,2,1,1.5,0,-5394.292774192564,-4713.06263359954
826,ksqexp,2,1.5,0.5,0.5,-26.76927602680365,-27.53865152128053
827,ksqexp,2,1.5,0.5,0.1,-85.41082951143481,-77.12349905533557
828,ksqexp,2,1.5,0.5,0.05,-266.73697249683113,-230.1913837741276
829,ksqexp,2,1.5,0.5,0.01,-1624.022652926214,-1376.9630247315688
830,ksqexp,2,1.5,0.5,0,-2417.649243729056,-1948.441310450316
831,ksqexp,2,1.5,1,0.5,-27.654054644959054,-28.637354954524
832,ksqexp,2,1.5,1,0.1,-76.1488477434733,-67.81503497421822
833,ksqexp,2,1.5,1,0.05,-219.50435772165528,-192.20890702511937
834,ksqexp,2,1.5,1,0.01,-955.726339626661,-795.7144973822188
835,ksqexp,2,1.5,1,0,-1199.4112102716822,-967.3594428869802
836,ksqexp,2,1.5,1.5,0.5,-28.58120811971135,-29.72430263858143
837,ksqexp,2,1.5,1.5,0.1,-72.16390929299317,-64.57452821713157
838,ksqexp,2,1.5,1.5,0.05,-191.5532155507578,-169.7179675458023
839,ksqexp,2,1.5,1.5,0.01,-678.93298813784,-561.3665031778362
840,ksqexp,2,1.5,1.5,0,-796.1225211196577,-643.1228094881491
841,ksqexp,2,2,0.5,0.5,-26.684064353153907,-27.526829488869673
842,ksqexp,2,2,0.5,0.1,-70.45813315921106,-61.530860133975594
843,ksqexp,2,2,0.5,0.05,-175.24871914440615,-152.08239496514202
844,ksqexp,2,2,0.5,0.01,-598.1543289568965,-501.7324582647926
845,ksqexp,2,2,0.5,0,-697.7725134991529,-576.1181168697484
846,ksqexp,2,2,1,0.5,-27.857088586244203,-28.928041191207075
847,ksqexp,2,2,1,0.1,-59.076759382934924,-52.9439843529997
848,ksqexp,2,2,1,0.05,-127.82084209597728,-113.882481296263
849,ksqexp,2,2,1,0.01,-318.0863526028541,-266.72609776155883
850,ksqexp,2,2,1,0,-344.84406129672016,-286.5735804998187
851,ksqexp,2,2,1.5,0.5,-29.052019262699236,-30.30570538052921
852,ksqexp,2,2,1.5,0.1,-53.57327689201456,-49.38374353976352
853,ksqexp,2,2,1.5,0.05,-105.61750851375488,-95.34238189442533
854,ksqexp,2,2,1.5,0.01,-217.86910681194485,-183.8845485784109
855,ksqexp,2,2,1.5,0,-229.99190053056984,-192.8493917123051
856,ksqexp,2,2.5,0.5,0.5,-26.920275051258443,-27.8007803427727
857,ksqexp,2,2.5,0.5,0.1,-57.66799694525347,-51.2693180595446
858,ksqexp,2,2.5,0.5,0.05,-115.61428500180055,-103.66673449180949
859,ksqexp,2,2.5,0.5,0.01,-268.279219386856,-233.63759177196715
860,ksqexp,2,2.5,0.5,0,-288.56859903330985,-249.66461151663557
861,ksqexp,2,2.5,1,0.5,-28.40289548552853,-29.54033391358223
862,ksqexp,2,2.5,1,0.1,-45.117452159656196,-42.588288758332766
863,ksqexp,2,2.5,1,0.05,-79.89687734281362,-74.15753372366063
864,ksqexp,2,2.5,1,0.01,-138.82688316312078,-123.1120219248147
865,ksqexp,2,2.5,1,0,-144.00751906784143,-127.18595057888868
866,ksqexp,2,2.5,1.5,0.5,-29.83096052024929,-31.195977297235324
867,ksqexp,2,2.5,1.5,0.1,-40.47478191573403,-39.77677052426962
868,ksqexp,2,2.5,1.5,0.05,-64.8642860214604,-61.58518057702963
869,ksqexp,2,2.5,1.5,0.01,-96.32168379706273,-87.35404137076583
870,ksqexp,2,2.5,1.5,0,-98.61114915448712,-89.150387013472
871,ksqexp,2,3,0.5,0.5,-27.347662995973256,-28.27942475227487
872,ksqexp,2,3,0.5,0.1,-49.218923814630166,-45.512016172459596
873,ksqexp,2,3,0.5,0.05,-84.01432104914171,-78.24229141639498
874,ksqexp,2,3,0.5,0.01,-141.46137938110581,-130.06447322965266
875,ksqexp,2,3,0.5,0,-146.60243416452823,-134.4755765937021
876,ksqexp,2,3,1,0.5,-29.057238642146597,-30.302734170452652
877,ksqexp,2,3,1,0.1,-37.725107793976555,-37.61088866450985
878,ksqexp,2,3,1,0.05,-55.39752609498503,-54.3525881943217
879,ksqexp,2,3,1,0.01,-74.37577981157813,-71.27232073501557
880,ksqexp,2,3,1,0,-75.6351436481881,-72.35482172993798
881,ksqexp,2,3,1.5,0.5,-30.634272947915374,-32.16322256212257
882,ksqexp,2,3,1.5,0.1,-34.202096004968226,-35.581761093239834
883,ksqexp,2,3,1.5,0.05,-45.01970934347275,-45.794118233406856
884,ksqexp,2,3,1.5,0.01,-54.2305122480459,-53.97318275938559
885,ksqexp,2,3,1.5,0,-54.770036903263865,-54.4385602034648
886,ksqexp,2,3.5,0.5,0.5,-27.803176031588425,-28.79278884475353
887,ksqexp,2,3.5,0.5,0.1,-44.153443904772644,-42.23788863378277
888,ksqexp,2,3.5,0.5,0.05,-64.47734263944736,-62.26297946669427
889,ksqexp,2,3.5,0.5,0.01,-86.47337935119485,-83.82361298710248
890,ksqexp,2,3.5,0.5,0,-87.98575862820435,-85.27441220913721
891,ksqexp,2,3.5,1,0.5,-29.665421285183807,-31.034902302456143
892,ksqexp,2,3.5,1,0.1,-33.528593736671496,-34.874959642545974
893,ksqexp,2,3.5,1,0.05,-41.63577715625871,-43.22980191363164
894,ksqexp,2,3.5,1,0.01,-47.802073600122924,-49.40242369694736
895,ksqexp,2,3.5,1,0,-48.147653347756695,-49.74239116356285
896,ksqexp,2,3.5,1.5,0.5,-31.34260021854477,-33.046485739654464
897,ksqexp,2,3.5,1.5,0.1,-30.733725442097636,-33.38798955070203
898,ksqexp,2,3.5,1.5,0.05,-34.86560439766721,-37.81214033175309
899,ksqexp,2,3.5,1.5,0.01,-37.52135112712875,-40.549404649675544
900,ksqexp,2,3.5,1.5,0,-37.65894168579231,-40.68904091334255
901,ksqexp,2,4,0.5,0.5,-28.208152669956316,-29.245368862886505
902,ksqexp,2,4,0.5,0.1,-40.551033517606676,-39.65490880754858
903,ksqexp,2,4,0.5,0.05,-51.95576462099615,-51.46966286038573
904,ksqexp,2,4,0.5,0.01,-60.72529509167468,-60.93937740037336
905,ksqexp,2,4,0.5,0,-61.22887988259839,-61.48826225212074
906,ksqexp,2,4,1,0.5,-30.182725800178716,-31.661049691134505
907,ksqexp,2,4,1,0.1,-30.74209527036716,-32.9167649039278
908,ksqexp,2,4,1,0.05,-34.05257585548014,-36.85634169663191
909,ksqexp,2,4,1,0.01,-36.00391934600801,-39.20647738193948
910,ksqexp,2,4,1,0,-36.101670271359154,-39.324899194197904
911,ksqexp,2,4,1.5,0.5,-31.940244346623075,-33.79497674508438
912,ksqexp,2,4,1.5,0.1,-28.649667808980215,-32.031716430189356
913,ksqexp,2,4,1.5,0.05,-29.84604046089941,-33.76778111414659
914,ksqexp,2,4,1.5,0.01,-30.48599315310551,-34.68383768929835
915,ksqexp,2,4,1.5,0,-30.51659050032551,-34.72776827425983
916,ksqexp,2,6,0.5,0.5,-29.251550388208653,-30.32836710153302
917,ksqexp,2,6,0.5,0.1,-36.189540993192374,-34.50795996034291
918,ksqexp,2,6,0.5,0.05,-39.54323609539788,-36.85554601446186
919,ksqexp,2,6,0.5,0.01,-41.008366423445175,-37.89605516260891
920,ksqexp,2,6,0.5,0,-41.07432703968791,-37.943424360172656
921,ksqexp,2,6,1,0.5,-31.542076390245796,-33.20768553507373
922,ksqexp,2,6,1,0.1,-28.788412144120574,-30.63438246865795
923,ksqexp,2,6,1,0.05,-28.898581258257096,-30.77483467293345
924,ksqexp,2,6,1,0.01,-28.905446536552066,-30.82140968305722
925,ksqexp,2,6,1,0,-28.90492695160388,-30.82320337427676
926,ksqexp,2,6,1.5,0.5,-33.54011551058193,-35.688062494827946
927,ksqexp,2,6,1.5,0.1,-28.219198979301026,-31.536107442626683
928,ksqexp,2,6,1.5,0.05,-27.817755613313192,-31.32641808451721
929,ksqexp,2,6,1.5,0.01,-27.646933877821958,-31.24413701418654
930,ksqexp,2,6,1.5,0,-27.639117022170574,-31.24045314562465
931,ksqexp,2,8,0.5,0.5,-29.807781438563428,-30.86317149635614
932,ksqexp,2,8,0.5,0.1,-38.58805198067279,-34.63167820819733
933,ksqexp,2,8,0.5,0.05,-43.028101482993776,-36.39020295284087
934,ksqexp,2,8,0.5,0.01,-45.14031077832711,-37.11349719947319
935,ksqexp,2,8,0.5,0,-45.23933884033159,-37.145738483939645
936,ksqexp,2,8,1,0.5,-32.284415984155515,-33.993648885252874
937,ksqexp,2,8,1,0.1,-31.240866749721693,-31.73105448803927
938,ksqexp,2,8,1,0.05,-31.89187534730395,-31.802760834673702
939,ksqexp,2,8,1,0.01,-32.1569067950192,-31.82432770918311
940,ksqexp,2,8,1,0,-32.1686022611,-31.825141550446546
941,ksqexp,2,8,1.5,0.5,-34.41703825311061,-36.66470696743207
942,ksqexp,2,8,1.5,0.1,-30.658439672092246,-33.086663357135286
943,ksqexp,2,8,1.5,0.05,-30.616936589092873,-32.91066493866469
944,ksqexp,2,8,1.5,0.01,-30.602982833535652,-32.8451328093072
945,ksqexp,2,8,1.5,0,-30.602346834597963,-32.84226600595822
946,ksqexp,2,10,0.5,0.5,-30.107708859999487,-31.179645118806256
947,ksqexp,2,10,0.5,0.1,-40.72270207193543,-35.016101844265584
948,ksqexp,2,10,0.5,0.05,-46.62664423976951,-36.969115199774194
949,ksqexp,2,10,0.5,0.01,-49.58059134550168,-37.8317228174038
950,ksqexp,2,10,0.5,0,-49.72146038713271,-37.87127323317204
951,ksqexp,2,10,1,0.5,-32.6704955667674,-34.43242720821077
952,ksqexp,2,10,1,0.1,-33.24610962892,-32.6520912002255
953,ksqexp,2,10,1,0.05,-34.50250359447104,-32.871560572318344
954,ksqexp,2,10,1,0.01,-35.04091777394249,-32.96208217767257
955,ksqexp,2,10,1,0,-35.065196781911766,-32.96610414657941
956,ksqexp,2,10,1.5,0.5,-34.879721695422084,-37.20986309824985
957,ksqexp,2,10,1.5,0.1,-32.520266281333996,-34.208229146248705
958,ksqexp,2,10,1.5,0.05,-32.83262557368116,-34.14256404648488
959,ksqexp,2,10,1.5,0.01,-32.964540078348456,-34.12253277592755
960,ksqexp,2,10,1.5,0,-32.97043234670913,-34.121704551055764
961,ksqexp,2,25,0.5,0.5,-30.610678515251905,-32.04919269716492
962,ksqexp,2,25,0.5,0.1,-44.763840864745916,-36.32995739348936
963,ksqexp,2,25,0.5,0.05,-53.87349480869119,-39.14111672173943
964,ksqexp,2,25,0.5,0.01,-58.63431946897625,-40.51597588546581
965,ksqexp,2,25,0.5,0,-58.86410354889379,-40.58102680470047
966,ksqexp,2,25,1,0.5,-33.46050713246014,-35.69057607502473
967,ksqexp,2,25,1,0.1,-37.63912909291635,-35.39725399431237
968,ksqexp,2,25,1,0.05,-40.22094760289412,-36.06921846385799
969,ksqexp,2,25,1,0.01,-41.33884400651173,-36.35606354430751
970,ksqexp,2,25,1,0,-41.38945959235046,-36.36898925554652
971,ksqexp,2,25,1.5,0.5,-35.93229361747814,-38.79943806352567
972,ksqexp,2,25,1.5,0.1,-36.8173617384847,-37.426672666633756
973,ksqexp,2,25,1.5,0.05,-37.898248821731386,-37.65607514787284
974,ksqexp,2,25,1.5,0.01,-38.33583065249301,-37.75138569199885
975,ksqexp,2,25,1.5,0,-38.35523503995898,-37.75563350581849
976,ksqexp,2.25,0.2,0.5,0.5,-29.12050921379457,-29.859275052111762
977,ksqexp,2.25,0.2,0.5,0.1,-346.07025894884157,-340.74936924472513
978,ksqexp,2.25,0.2,0.5,0.05,-1358.226740808836,-1340.7249080468223
979,ksqexp,2.25,0.2,0.5,0.01,-27067.92704431234,-26612.758196628973
980,ksqexp,2.25,0.2,0.5,0,-55457622.21235115,-39948320.50217234
981,ksqexp,2.25,0.2,1,0.5,-28.880002284958948,-29.543276874098016
982,ksqexp,2.25,0.2,1,0.1,-333.4698692667129,-328.1100733462768
983,ksqexp,2.25,0.2,1,0.05,-1320.1519794986534,-1309.7282632459426
984,ksqexp,2.25,0.2,1,0.01,-22813.167895138053,-22175.499877155566
985,ksqexp,2.25,0.2,1,0,-27731659.28274354,-19975978.006600525
986,ksqexp,2.25,0.2,1.5,0.5,-29.018553356276,-29.598251573969836
987,ksqexp,2.25,0.2,1.5,0.1,-326.2398801079441,-321.6906084015457
988,ksqexp,2.25,0.2,1.5,0.05,-1302.2912766370275,-1294.8389302968733
989,ksqexp,2.25,0.2,1.5,0.01,-20318.33130631674,-19592.800463913958
990,ksqexp,2.25,0.2,1.5,0,-18488379.63737889,-13317697.739096053
991,ksqexp,2.25,0.5,0.5,0.5,-29.460134165040714,-30.17949097054309
992,ksqexp,2.25,0.5,0.5,0.1,-259.62680928914426,-257.76686717587836
993,ksqexp,2.25,0.5,0.5,0.05,-998.5915407503732,-968.3618844490163
994,ksqexp,2.25,0.5,0.5,0.01,-13602.821901035946,-11704.417567898914
995,ksqexp,2.25,0.5,0.5,0,-2060675.614542358,-1626700.5269301848
996,ksqexp,2.25,0.5,1,0.5,-29.45329568650678,-30.153248602372557
997,ksqexp,2.25,0.5,1,0.1,-249.138834178834,-245.1925551574944
998,ksqexp,2.25,0.5,1,0.05,-915.0294109398366,-873.9346967854277
999,ksqexp,2.25,0.5,1,0.01,-11479.755887002695,-9586.94253192533
1000,ksqexp,2.25,0.5,1,0,-1030294.5754054385,-813310.4410474286
1001,ksqexp,2.25,0.5,1.5,0.5,-29.568498611460587,-30.259285169254216
1002,ksqexp,2.25,0.5,1.5,0.1,-242.81501275867427,-237.43176250484882
1003,ksqexp,2.25,0.5,1.5,0.05,-854.0007333208807,-806.7277012367817
1004,ksqexp,2.25,0.5,1.5,0.01,-10465.674744118493,-8658.585088339369
1005,ksqexp,2.25,0.5,1.5,0,-686836.6348280292,-542182.8238576282
1006,ksqexp,2.25,1,0.5,0.5,-27.99692963751205,-28.58794291019302
1007,ksqexp,2.25,1,0.5,0.1,-158.5208395933124,-156.3222152852356
1008,ksqexp,2.25,1,0.5,0.05,-487.27311220345325,-452.095446316797
1009,ksqexp,2.25,1,0.5,0.01,-6943.471132815715,-6108.346622090804
1010,ksqexp,2.25,1,0.5,0,-52432.27218034423,-43151.51918985698
1011,ksqexp,2.25,1,1,0.5,-28.25787211879093,-29.019704501047226
1012,ksqexp,2.25,1,1,0.1,-136.29722035087119,-131.6155089640518
1013,ksqexp,2.25,1,1,0.05,-410.77272479221034,-368.0717439590746
1014,ksqexp,2.25,1,1,0.01,-5852.2181784592985,-5172.242090682059
1015,ksqexp,2.25,1,1,0,-26190.502890848977,-21553.134510304917
1016,ksqexp,2.25,1,1.5,0.5,-28.694926993192272,-29.61593957529553
1017,ksqexp,2.25,1,1.5,0.1,-124.13963621214627,-118.09065504932325
1018,ksqexp,2.25,1,1.5,0.05,-377.16377779821767,-332.2321811347258
1019,ksqexp,2.25,1,1.5,0.01,-5148.929703831704,-4537.850480563688
1020,ksqexp,2.25,1,1.5,0,-17446.03662029685,-14356.463241867863
1021,ksqexp,2.25,1.5,0.5,0.5,-27.25438056079717,-27.91030171557403
1022,ksqexp,2.25,1.5,0.5,0.1,-101.49512848990372,-93.85424057341824
1023,ksqexp,2.25,1.5,0.5,0.05,-321.6853874582741,-276.66792518789015
1024,ksqexp,2.25,1.5,0.5,0.01,-2886.494216012374,-2484.878641579731
1025,ksqexp,2.25,1.5,0.5,0,-6590.545741229176,-5055.822060369309
1026,ksqexp,2.25,1.5,1,0.5,-27.864265436597233,-28.78827037408509
1027,ksqexp,2.25,1.5,1,0.1,-87.44348926488732,-78.60015873123098
1028,ksqexp,2.25,1.5,1,0.05,-280.6808975443405,-240.95791820574573
1029,ksqexp,2.25,1.5,1,0.01,-1918.3779867580618,-1604.5916222865312
1030,ksqexp,2.25,1.5,1,0,-3279.6295018514475,-2515.3456538030537
1031,ksqexp,2.25,1.5,1.5,0.5,-28.5255686400861,-29.655807962298898
1032,ksqexp,2.25,1.5,1.5,0.1,-82.33017559535797,-73.36188744560991
1033,ksqexp,2.25,1.5,1.5,0.05,-255.84929559074547,-221.3453164509876
1034,ksqexp,2.25,1.5,1.5,0.01,-1458.5395790392254,-1198.328250422292
1035,ksqexp,2.25,1.5,1.5,0,-2178.7814001406405,-1671.310834269166
1036,ksqexp,2.25,2,0.5,0.5,-27.07563146981113,-27.807144614099215
1037,ksqexp,2.25,2,0.5,0.1,-85.7834623822032,-74.33937755912133
1038,ksqexp,2.25,2,0.5,0.05,-233.35215308803632,-197.1400459833289
1039,ksqexp,2.25,2,0.5,0.01,-1130.650558538543,-938.9552436547424
1040,ksqexp,2.25,2,0.5,0,-1576.2588230668898,-1259.0395746121014
1041,ksqexp,2.25,2,1,0.5,-27.92912313237724,-28.932261791034517
1042,ksqexp,2.25,2,1,0.1,-71.78251391075837,-62.47998420767026
1043,ksqexp,2.25,2,1,0.05,-176.16950812352562,-152.98789829777365
1044,ksqexp,2.25,2,1,0.01,-647.2050872343669,-529.8549244250514
1045,ksqexp,2.25,2,1,0,-778.6701018020823,-623.1674744681543
1046,ksqexp,2.25,2,1.5,0.5,-28.8116094975831,-30.02555593698483
1047,ksqexp,2.25,2,1.5,0.1,-65.09238579949617,-57.697050118778556
1048,ksqexp,2.25,2,1.5,0.05,-147.39273630534223,-130.2833414404821
1049,ksqexp,2.25,2,1.5,0.01,-453.63425116250875,-370.22511233220587
1050,ksqexp,2.25,2,1.5,0,-515.5978507585182,-414.0007640132655
1051,ksqexp,2.25,2.5,0.5,0.5,-27.15643533956068,-27.917426421331527
1052,ksqexp,2.25,2.5,0.5,0.1,-74.52059927339303,-63.237875245632125
1053,ksqexp,2.25,2.5,0.5,0.05,-159.15943668460343,-137.09595177227496
1054,ksqexp,2.25,2.5,0.5,0.01,-502.3874344796211,-426.7842264497921
1055,ksqexp,2.25,2.5,0.5,0,-585.0908834113781,-488.74215194403837
1056,ksqexp,2.25,2.5,1,0.5,-28.293029159235186,-29.323226147675655
1057,ksqexp,2.25,2.5,1,0.1,-56.790111655658905,-50.4929089343577
1058,ksqexp,2.25,2.5,1,0.05,-110.41054381777292,-99.1879662994015
1059,ksqexp,2.25,2.5,1,0.01,-265.11636497353277,-225.92280417301993
1060,ksqexp,2.25,2.5,1,0,-287.38404333614835,-242.44157977061724
1061,ksqexp,2.25,2.5,1.5,0.5,-29.409844251568355,-30.670154758854167
1062,ksqexp,2.25,2.5,1.5,0.1,-49.09802476117149,-45.577295416357856
1063,ksqexp,2.25,2.5,1.5,0.05,-89.65579592238255,-82.38766882864617
1064,ksqexp,2.25,2.5,1.5,0.01,-180.85135746905277,-155.67973061106915
1065,ksqexp,2.25,2.5,1.5,0,-190.9390866334094,-163.13204573122323
1066,ksqexp,2.25,3,0.5,0.5,-27.456265310562078,-28.250962309847203
1067,ksqexp,2.25,3,0.5,0.1,-65.40380586070003,-56.31868240482288
1068,ksqexp,2.25,3,0.5,0.05,-118.28723586890264,-104.7558681381449
1069,ksqexp,2.25,3,0.5,0.01,-251.19423847829984,-223.6585205791133
1070,ksqexp,2.25,3,0.5,0,-269.4869640881896,-238.57386650523702
1071,ksqexp,2.25,3,1,0.5,-28.837462948337347,-29.93296539875344
1072,ksqexp,2.25,3,1,0.1,-47.14182061276594,-43.777601517775395
1073,ksqexp,2.25,3,1,0.05,-77.1421832652056,-72.23739475126177
1074,ksqexp,2.25,3,1,0.01,-127.94781312154583,-116.82172099223631
1075,ksqexp,2.25,3,1,0,-132.60110718383794,-120.6023426992072
1076,ksqexp,2.25,3,1.5,0.5,-30.12896814502128,-31.496990651323152
1077,ksqexp,2.25,3,1.5,0.1,-40.30949572183116,-39.57379042402023
1078,ksqexp,2.25,3,1.5,0.05,-60.79325552809059,-59.03944993284892
1079,ksqexp,2.25,3,1.5,0.01,-87.7216962460481,-82.40964764198954
1080,ksqexp,2.25,3,1.5,0,-89.76314495951905,-84.06915817886039
1081,ksqexp,2.25,3.5,0.5,0.5,-27.85799046079984,-28.704293941456378
1082,ksqexp,2.25,3.5,0.5,0.1,-59.6412637595882,-52.522260313680086
1083,ksqexp,2.25,3.5,0.5,0.05,-94.03551128309263,-85.1922266905763
1084,ksqexp,2.25,3.5,0.5,0.01,-144.99533672585903,-135.03931136109128
1085,ksqexp,2.25,3.5,0.5,0,-149.61583433687193,-139.35876731832093
1086,ksqexp,2.25,3.5,1,0.5,-29.41568620459551,-30.619451367615365
1087,ksqexp,2.25,3.5,1,0.1,-41.92562746510873,-40.42042888220648
1088,ksqexp,2.25,3.5,1,0.05,-57.54541626630357,-56.28526762465671
1089,ksqexp,2.25,3.5,1,0.01,-73.71380607376229,-72.33193732712779
1090,ksqexp,2.25,3.5,1,0,-74.80916008398616,-73.37598313999968
1091,ksqexp,2.25,3.5,1.5,0.5,-30.82367089234183,-32.34933600355516
1092,ksqexp,2.25,3.5,1.5,0.1,-35.742728085338264,-36.6735192877132
1093,ksqexp,2.25,3.5,1.5,0.05,-44.66984457115506,-46.0946361683807
1094,ksqexp,2.25,3.5,1.5,0.01,-52.21304507055746,-53.731528341708206
1095,ksqexp,2.25,3.5,1.5,0,-52.664258760633935,-54.172378508688645
1096,ksqexp,2.25,4,0.5,0.5,-28.261905128247808,-29.16227642752803
1097,ksqexp,2.25,4,0.5,0.1,-55.69086623162635,-49.81073368309842
1098,ksqexp,2.25,4,0.5,0.05,-77.60276656064367,-71.11139586060109
1099,ksqexp,2.25,4,0.5,0.01,-97.59200043878273,-92.8518472011449
1100,ksqexp,2.25,4,0.5,0,-98.90731986173886,-94.32367576555437
1101,ksqexp,2.25,4,1,0.5,-29.946947245035872,-31.26734650449652
1102,ksqexp,2.25,4,1,0.1,-38.518485438725946,-38.08842679242199
1103,ksqexp,2.25,4,1,0.05,-45.849216190270695,-46.334468933378076
1104,ksqexp,2.25,4,1,0.01,-50.790774461345855,-52.324186035584454
1105,ksqexp,2.25,4,1,0,-51.055865897627,-52.65445878030443
1106,ksqexp,2.25,4,1.5,0.5,-31.43931438099871,-33.1269068012898
1107,ksqexp,2.25,4,1.5,0.1,-32.86969327049695,-34.77077772113162
1108,ksqexp,2.25,4,1.5,0.05,-36.01334933840078,-38.89869816150263
1109,ksqexp,2.25,4,1.5,0.01,-37.80804787512896,-41.4268761712327
1110,ksqexp,2.25,4,1.5,0,-37.89603800786401,-41.55537655009718
1111,ksqexp,2.25,6,0.5,0.5,-29.373840168864735,-30.34584445637618
1112,ksqexp,2.25,6,0.5,0.1,-48.758783317039146,-41.91715513659214
1113,ksqexp,2.25,6,0.5,0.05,-58.36889988165801,-47.36658272145191
1114,ksqexp,2.25,6,0.5,0.01,-63.76773747678805,-50.14017866545637
1115,ksqexp,2.25,6,0.5,0,-64.0487946128664,-50.279274150411965
1116,ksqexp,2.25,6,1,0.5,-31.39407898408069,-32.957943052554874
1117,ksqexp,2.25,6,1,0.1,-34.7100898899046,-33.58403171948729
1118,ksqexp,2.25,6,1,0.05,-36.51254349904256,-34.46105812438971
1119,ksqexp,2.25,6,1,0.01,-37.29210391279884,-34.818734115208194
1120,ksqexp,2.25,6,1,0,-37.326840597877364,-34.8345309357935
1121,ksqexp,2.25,6,1.5,0.5,-33.13034572222374,-35.18576375226843
1122,ksqexp,2.25,6,1.5,0.1,-31.040979247708282,-32.51255819595469
1123,ksqexp,2.25,6,1.5,0.05,-31.194149177721094,-32.50134674644497
1124,ksqexp,2.25,6,1.5,0.01,-31.21072720381537,-32.478436505160005
1125,ksqexp,2.25,6,1.5,0,-31.21017935914935,-32.47693996409025
1126,ksqexp,2.25,8,0.5,0.5,-29.93355023821054,-30.86673030841687
1127,ksqexp,2.25,8,0.5,0.1,-50.62764043029888,-40.65205861143118
1128,ksqexp,2.25,8,0.5,0.05,-63.470148953471764,-45.14485897490063
1129,ksqexp,2.25,8,0.5,0.01,-71.81003970607415,-47.46868392349051
1130,ksqexp,2.25,8,0.5,0,-72.26000521156662,-47.585379774364405
1131,ksqexp,2.25,8,1,0.5,-32.17031317821529,-33.781008328944225
1132,ksqexp,2.25,8,1,0.1,-37.56658735217483,-34.177503641221726
1133,ksqexp,2.25,8,1,0.05,-41.10380448765525,-34.97757861122058
1134,ksqexp,2.25,8,1,0.01,-42.91647095455572,-35.33315033956528
1135,ksqexp,2.25,8,1,0,-43.00363837077049,-35.349590490577754
1136,ksqexp,2.25,8,1.5,0.5,-34.061160445158244,-36.24242104339106
1137,ksqexp,2.25,8,1.5,0.1,-34.15410514220517,-33.947367540678364
1138,ksqexp,2.25,8,1.5,0.05,-35.424557962496195,-34.024750495888945
1139,ksqexp,2.25,8,1.5,0.01,-36.014930228427055,-34.06005919306457
1140,ksqexp,2.25,8,1.5,0,-36.042172856627154,-34.06165082920487
1141,ksqexp,2.25,10,0.5,0.5,-30.218261293241415,-31.150623087822623
1142,ksqexp,2.25,10,0.5,0.1,-53.06010535691058,-40.59853069743753
1143,ksqexp,2.25,10,0.5,0.05,-69.72084650277684,-45.641401140130355
1144,ksqexp,2.25,10,0.5,0.01,-81.05981296829695,-48.491743383995825
1145,ksqexp,2.25,10,0.5,0,-81.67453941828687,-48.63789505446269
1146,ksqexp,2.25,10,1,0.5,-32.55608951440078,-34.2215601870912
1147,ksqexp,2.25,10,1,0.1,-40.35185997494559,-35.090610331312035
1148,ksqexp,2.25,10,1,0.05,-45.63829618537224,-36.26376803971684
1149,ksqexp,2.25,10,1,0.01,-48.40001853479114,-36.827107292837674
1150,ksqexp,2.25,10,1,0,-48.53342815238241,-36.853710068555806
1151,ksqexp,2.25,10,1.5,0.5,-34.53015251607043,-36.81485820476975
1152,ksqexp,2.25,10,1.5,0.1,-36.84739314730329,-35.211592995187495
1153,ksqexp,2.25,10,1.5,0.05,-39.14951986773192,-35.55036678007845
1154,ksqexp,2.25,10,1.5,0.01,-40.22706545793599,-35.708959610363564
1155,ksqexp,2.25,10,1.5,0,-40.277047829706255,-35.716305173122045
1156,ksqexp,2.25,25,0.5,0.5,-30.631210974774813,-31.95044420717714
1157,ksqexp,2.25,25,0.5,0.1,-58.21279219202027,-41.02980083333241
1158,ksqexp,2.25,25,0.5,0.05,-83.80390770773339,-48.31799257156887
1159,ksqexp,2.25,25,0.5,0.01,-101.97314692581324,-53.00417740041729
1160,ksqexp,2.25,25,0.5,0,-102.96219477183011,-53.25167790779569
1161,ksqexp,2.25,25,1,0.5,-33.21380020261228,-35.411805088825325
1162,ksqexp,2.25,25,1,0.1,-46.83752293568649,-37.984342701681925
1163,ksqexp,2.25,25,1,0.05,-56.16477346236313,-40.355973649667284
1164,ksqexp,2.25,25,1,0.01,-61.06228704693369,-41.55020778166809
1165,ksqexp,2.25,25,1,0,-61.29870155628009,-41.607153215589165
1166,ksqexp,2.25,25,1.5,0.5,-35.446750371241045,-38.365880017575556
1167,ksqexp,2.25,25,1.5,0.1,-43.276162586846915,-38.89392536424221
1168,ksqexp,2.25,25,1.5,0.05,-47.9429780132179,-39.99290437515541
1169,ksqexp,2.25,25,1.5,0.01,-50.10172521911678,-40.49328428030421
1170,ksqexp,2.25,25,1.5,0,-50.201527250007494,-40.51630175129673
1171,ksqexp,2.5,0.2,0.5,0.5,-30.011095333508226,-30.71708772752069
1172,ksqexp,2.5,0.2,0.5,0.1,-355.0881709475857,-351.8119854986329
1173,ksqexp,2.5,0.2,0.5,0.05,-1377.8482414980854,-1358.7126211743287
1174,ksqexp,2.5,0.2,0.5,0.01,-30490.03332928196,-30123.503240614566
1175,ksqexp,2.5,0.2,0.5,0,-201675391.28483117,-147077598.9867117
1176,ksqexp,2.5,0.2,1,0.5,-29.54727062389425,-30.225020928801232
1177,ksqexp,2.5,0.2,1,0.1,-340.9565415493158,-336.1844714544151
1178,ksqexp,2.5,0.2,1,0.05,-1325.5817455480237,-1311.9077714871478
1179,ksqexp,2.5,0.2,1,0.01,-27268.839873445875,-26739.62093929846
1180,ksqexp,2.5,0.2,1,0,-100863279.11975975,-73556955.32724804
1181,ksqexp,2.5,0.2,1.5,0.5,-29.43775475488558,-30.07173159580882
1182,ksqexp,2.5,0.2,1.5,0.1,-331.70380440788364,-327.08952175512036
1183,ksqexp,2.5,0.2,1.5,0.05,-1305.427999775594,-1294.7063574901085
1184,ksqexp,2.5,0.2,1.5,0.01,-24940.023952851025,-24277.816062826514
1185,ksqexp,2.5,0.2,1.5,0,-67247851.11875959,-49041983.10783213
1186,ksqexp,2.5,0.5,0.5,0.5,-30.385792312181177,-31.048045988776092
1187,ksqexp,2.5,0.5,0.5,0.1,-271.8178125397671,-272.04447965053566
1188,ksqexp,2.5,0.5,0.5,0.05,-1068.1249641929746,-1047.7131833939268
1189,ksqexp,2.5,0.5,0.5,0.01,-17073.012886092427,-15261.37254029544
1190,ksqexp,2.5,0.5,0.5,0,-6606871.979202178,-5332789.122196073
1191,ksqexp,2.5,0.5,1,0.5,-30.28885041815231,-30.950399405734608
1192,ksqexp,2.5,0.5,1,0.1,-258.4645984163017,-257.3928333917014
1193,ksqexp,2.5,0.5,1,0.05,-1028.1828634843139,-992.2946330993788
1194,ksqexp,2.5,0.5,1,0.01,-14372.41438597068,-12398.8626360366
1195,ksqexp,2.5,0.5,1,0,-3303390.6454929733,-2666353.6342625767
1196,ksqexp,2.5,0.5,1.5,0.5,-30.25400965779282,-30.916174468833827
1197,ksqexp,2.5,0.5,1.5,0.1,-254.77649762643836,-252.16341121646937
1198,ksqexp,2.5,0.5,1.5,0.05,-989.6251025588873,-945.6244191258609
1199,ksqexp,2.5,0.5,1.5,0.01,-13096.227589418631,-11056.365881199572
1200,ksqexp,2.5,0.5,1.5,0,-2202229.680887989,-1777541.025334004
1201,ksqexp,2.5,1,0.5,0.5,-28.835411659531974,-29.32307503745578
1202,ksqexp,2.5,1,0.5,0.1,-188.37379002559948,-189.23290811835653
1203,ksqexp,2.5,1,0.5,0.05,-615.4640830106612,-587.9782511029646
1204,ksqexp,2.5,1,0.5,0.01,-8506.387416039774,-7370.501875165647
1205,ksqexp,2.5,1,0.5,0,-157675.68737015224,-123728.59488252255
1206,ksqexp,2.5,1,1,0.5,-28.835666290904786,-29.483513591256532
1207,ksqexp,2.5,1,1,0.1,-167.3911426660622,-165.4816599347081
1208,ksqexp,2.5,1,1,0.05,-513.8536727622148,-475.6233586961238
1209,ksqexp,2.5,1,1,0.01,-7768.279534399852,-6807.424552848152
1210,ksqexp,2.5,1,1,0,-78804.9334970132,-61834.77433874604
1211,ksqexp,2.5,1,1.5,0.5,-29.022852977287876,-29.843484584891034
1212,ksqexp,2.5,1,1.5,0.1,-154.76262730862987,-151.00363494394483
1213,ksqexp,2.5,1,1.5,0.05,-461.05625883180903,-418.00674007034615
1214,ksqexp,2.5,1,1.5,0.01,-7216.980951600287,-6359.653419158033
1215,ksqexp,2.5,1,1.5,0,-52517.46734973674,-41206.28806888518
1216,ksqexp,2.5,1.5,0.5,0.5,-27.78753694478607,-28.303050070406584
1217,ksqexp,2.5,1.5,0.5,0.1,-127.2883199177871,-119.88697279013986
1218,ksqexp,2.5,1.5,0.5,0.05,-384.65832792711706,-335.4804979047089
1219,ksqexp,2.5,1.5,0.5,0.01,-4451.318417524161,-3914.1696357892724
1220,ksqexp,2.5,1.5,0.5,0,-17524.572817670458,-13135.949608071376
1221,ksqexp,2.5,1.5,1,0.5,-28.216216654419476,-29.02305031927483
1222,ksqexp,2.5,1.5,1,0.1,-105.80290453851684,-96.89821644777564
1223,ksqexp,2.5,1.5,1,0.05,-336.731775550771,-288.40454528057103
1224,ksqexp,2.5,1.5,1,0.01,-3217.093038464399,-2791.311206753135
1225,ksqexp,2.5,1.5,1,0,-8740.361713754708,-6549.617183353938
1226,ksqexp,2.5,1.5,1.5,0.5,-28.710791521862234,-29.75425476375615
1227,ksqexp,2.5,1.5,1.5,0.1,-96.96860474488109,-87.4867970089808
1228,ksqexp,2.5,1.5,1.5,0.05,-313.36326592571214,-268.1734298498368
1229,ksqexp,2.5,1.5,1.5,0.01,-2598.7558778707335,-2215.6840145701876
1230,ksqexp,2.5,1.5,1.5,0,-5815.081911080596,-4356.9636430692335
1231,ksqexp,2.5,2,0.5,0.5,-27.509578726599575,-28.102533740144615
1232,ksqexp,2.5,2,0.5,0.1,-108.3681925655522,-93.8489787616122
1233,ksqexp,2.5,2,0.5,0.05,-302.6576768722655,-251.54505671732218
1234,ksqexp,2.5,2,0.5,0.01,-1861.5085096577627,-1585.2030633876566
1235,ksqexp,2.5,2,0.5,0,-3543.8810676925505,-2794.7864297025685
1236,ksqexp,2.5,2,1,0.5,-28.179252828819966,-29.07570500195918
1237,ksqexp,2.5,2,1,0.1,-89.0716892735444,-76.3790754569535
1238,ksqexp,2.5,2,1,0.05,-236.22458697662682,-200.2567976423243
1239,ksqexp,2.5,2,1,0.01,-1184.1640700457817,-982.3680739630793
1240,ksqexp,2.5,2,1,0,-1756.9287413387003,-1386.0401466970754
1241,ksqexp,2.5,2,1.5,0.5,-28.873045951780664,-30.000748138380565
1242,ksqexp,2.5,2,1.5,0.1,-80.26289774344201,-69.32845529371708
1243,ksqexp,2.5,2,1.5,0.05,-200.54822346354877,-173.42906000014577
1244,ksqexp,2.5,2,1.5,0.01,-875.0765269404435,-717.2294341660821
1245,ksqexp,2.5,2,1.5,0,-1164.0686186436149,-919.2487063713859
1246,ksqexp,2.5,2.5,0.5,0.5,-27.48790095098051,-28.119685840157814
1247,ksqexp,2.5,2.5,0.5,0.1,-98.92310953560056,-81.19651461838805
1248,ksqexp,2.5,2.5,0.5,0.05,-222.56658472141348,-183.5161310099501
1249,ksqexp,2.5,2.5,0.5,0.01,-859.4383919470856,-734.8242143457979
1250,ksqexp,2.5,2.5,0.5,0,-1158.9080317898183,-955.5438870647108
1251,ksqexp,2.5,2.5,1,0.5,-28.398178733230676,-29.314878719295557
1252,ksqexp,2.5,2.5,1,0.1,-75.45271088778313,-63.41684300978482
1253,ksqexp,2.5,2.5,1,0.05,-152.7221186349406,-132.18047392788458
1254,ksqexp,2.5,2.5,1,0.01,-481.008218730208,-407.69845591761214
1255,ksqexp,2.5,2.5,1,0,-569.2189618979971,-471.3938350798026
1256,ksqexp,2.5,2.5,1.5,0.5,-29.30630705070899,-30.45018842738148
1257,ksqexp,2.5,2.5,1.5,0.1,-64.02261625422298,-55.694426709443015
1258,ksqexp,2.5,2.5,1.5,0.05,-122.5646488209467,-109.42059547937511
1259,ksqexp,2.5,2.5,1.5,0.01,-333.8797503029542,-283.04877060892
1260,ksqexp,2.5,2.5,1.5,0,-375.446594876106,-312.8011408397703
1261,ksqexp,2.5,3,0.5,0.5,-27.661963856786596,-28.319338828906847
1262,ksqexp,2.5,3,0.5,0.1,-90.66957143094463,-73.272481613801
1263,ksqexp,2.5,3,0.5,0.05,-171.41538363571138,-142.6935978502512
1264,ksqexp,2.5,3,0.5,0.01,-428.279541750219,-378.9832053427016
1265,ksqexp,2.5,3,0.5,0,-488.054874108442,-426.9865354233157
1266,ksqexp,2.5,3,1,0.5,-28.8056730421884,-29.75503156878059
1267,ksqexp,2.5,3,1,0.1,-64.5678118421796,-55.009541360780496
1268,ksqexp,2.5,3,1,0.05,-109.48640483530156,-97.22244523999073
1269,ksqexp,2.5,3,1,0.01,-221.064834785232,-198.04461940462036
1270,ksqexp,2.5,3,1,0,-237.15908768882505,-210.78687330927116
1271,ksqexp,2.5,3,1.5,0.5,-29.89573585651407,-31.09550668307561
1272,ksqexp,2.5,3,1.5,0.1,-52.884328301966335,-47.56658821819598
1273,ksqexp,2.5,3,1.5,0.05,-84.69716186770287,-78.41024444702992
1274,ksqexp,2.5,3,1.5,0.01,-149.0622775865633,-135.78990286522816
1275,ksqexp,2.5,3,1.5,0,-156.3178155661481,-141.51097597407446
1276,ksqexp,2.5,3.5,0.5,0.5,-27.97785129198458,-28.676823857703262
1277,ksqexp,2.5,3.5,0.5,0.1,-84.60004700002257,-68.68419372522548
1278,ksqexp,2.5,3.5,0.5,0.05,-142.6567507194666,-119.57807354644021
1279,ksqexp,2.5,3.5,0.5,0.01,-244.5756263980629,-222.69014331618936
1280,ksqexp,2.5,3.5,0.5,0,-257.7778983802599,-235.2240426230889
1281,ksqexp,2.5,3.5,1,0.5,-29.307683954266636,-30.33949093291695
1282,ksqexp,2.5,3.5,1,0.1,-58.225549315807704,-50.65301566112036
1283,ksqexp,2.5,3.5,1,0.05,-85.15015680013934,-77.19197142301786
1284,ksqexp,2.5,3.5,1,0.01,-121.1928715603529,-114.51501215704808
1285,ksqexp,2.5,3.5,1,0,-124.45345164902633,-117.64614362056649
1286,ksqexp,2.5,3.5,1.5,0.5,-30.527531389514483,-31.851609505698615
1287,ksqexp,2.5,3.5,1.5,0.1,-47.07096822652695,-43.69060858605029
1288,ksqexp,2.5,3.5,1.5,0.05,-63.34208494921196,-60.79733329189736
1289,ksqexp,2.5,3.5,1.5,0.01,-81.42428248720744,-79.8933544917196
1290,ksqexp,2.5,3.5,1.5,0,-82.80262615463256,-81.24416737065391
1291,ksqexp,2.5,4,0.5,0.5,-28.34828150347707,-29.100818892213272
1292,ksqexp,2.5,4,0.5,0.1,-80.32190086016001,-65.65802903977908
1293,ksqexp,2.5,4,0.5,0.05,-123.6431318594095,-103.23993931670628
1294,ksqexp,2.5,4,0.5,0.01,-165.96845111989796,-150.49994174067135
1295,ksqexp,2.5,4,0.5,0,-169.29756654851215,-154.52928934042603
1296,ksqexp,2.5,4,1,0.5,-29.817446873351503,-30.96101310383655
1297,ksqexp,2.5,4,1,0.1,-54.328911694819254,-47.95525517672235
1298,ksqexp,2.5,4,1,0.05,-69.94273832271972,-63.9549379074919
1299,ksqexp,2.5,4,1,0.01,-81.37435192751785,-78.45715973451988
1300,ksqexp,2.5,4,1,0,-82.06356730697807,-79.39347224832389
1301,ksqexp,2.5,4,1.5,0.5,-31.128536242016697,-32.60991776464358
1302,ksqexp,2.5,4,1.5,0.1,-43.62713763831571,-41.35471171737538
1303,ksqexp,2.5,4,1.5,0.05,-51.046648443400485,-50.15902618394354
1304,ksqexp,2.5,4,1.5,0.01,-55.54111131181812,-56.76216979324339
1305,ksqexp,2.5,4,1.5,0,-55.77622432190669,-57.13885664589966
1306,ksqexp,2.5,6,0.5,0.5,-29.523933372704427,-30.387198225765125
1307,ksqexp,2.5,6,0.5,0.1,-70.20016593740054,-54.72843998861912
1308,ksqexp,2.5,6,0.5,0.05,-97.14977850331559,-68.60145891086746
1309,ksqexp,2.5,6,0.5,0.01,-119.37441477641381,-78.35219419281829
1310,ksqexp,2.5,6,0.5,0,-120.97124526408844,-79.03321089973322
1311,ksqexp,2.5,6,1,0.5,-31.34453073481949,-32.78643858321158
1312,ksqexp,2.5,6,1,0.1,-48.06944275537167,-40.65347370105651
1313,ksqexp,2.5,6,1,0.05,-56.45074253633328,-44.352063784915224
1314,ksqexp,2.5,6,1,0.01,-62.113636333979784,-46.65235387927733
1315,ksqexp,2.5,6,1,0,-62.44144173962532,-46.78689476156909
1316,ksqexp,2.5,6,1.5,0.5,-32.89150260527338,-34.80624253543642
1317,ksqexp,2.5,6,1.5,0.1,-39.95363106629809,-36.680276644093595
1318,ksqexp,2.5,6,1.5,0.05,-43.48458717343411,-37.99653368213403
1319,ksqexp,2.5,6,1.5,0.01,-45.61052914120848,-38.78585791157532
1320,ksqexp,2.5,6,1.5,0,-45.722163996030325,-38.82877948130248
1321,ksqexp,2.5,8,0.5,0.5,-30.112279995557348,-30.925507729149555
1322,ksqexp,2.5,8,0.5,0.1,-69.58989723863868,-50.57461954928018
1323,ksqexp,2.5,8,0.5,0.05,-102.90972928139524,-62.31359115293502
1324,ksqexp,2.5,8,0.5,0.01,-135.7616669339816,-71.35707928210888
1325,ksqexp,2.5,8,0.5,0,-138.03084983337564,-71.9514062438021
1326,ksqexp,2.5,8,1,0.5,-32.16884923873636,-33.65522162522802
1327,ksqexp,2.5,8,1,0.1,-50.209296856069,-39.706612934561264
1328,ksqexp,2.5,8,1,0.05,-63.176256966088495,-43.26817452760603
1329,ksqexp,2.5,8,1,0.01,-72.51069408409501,-45.55792978916187
1330,ksqexp,2.5,8,1,0,-73.0333915285171,-45.68478286134301
1331,ksqexp,2.5,8,1.5,0.5,-33.87971658278204,-35.932761769727016
1332,ksqexp,2.5,8,1.5,0.1,-43.19181064724976,-37.282808105147346
1333,ksqexp,2.5,8,1.5,0.05,-49.86901061188601,-38.78469064501672
1334,ksqexp,2.5,8,1.5,0.01,-53.94817022806356,-39.67380714031887
1335,ksqexp,2.5,8,1.5,0,-54.15822885748432,-39.719898499817546
1336,ksqexp,2.5,10,0.5,0.5,-30.400602060385115,-31.190456944892873
1337,ksqexp,2.5,10,0.5,0.1,-70.58590814176783,-49.16710697033816
1338,ksqexp,2.5,10,0.5,0.05,-110.66107044757464,-61.394144448648525
1339,ksqexp,2.5,10,0.5,0.01,-151.8187308171276,-71.39785945879369
1340,ksqexp,2.5,10,0.5,0,-154.5910750753064,-72.03443003476966
1341,ksqexp,2.5,10,1,0.5,-32.57281686714166,-34.108394013106214
1342,ksqexp,2.5,10,1,0.1,-52.805185070379814,-40.01681015462474
1343,ksqexp,2.5,10,1,0.05,-69.66809388727083,-44.163632718019755
1344,ksqexp,2.5,10,1,0.01,-81.69760860609775,-46.82582698257488
1345,ksqexp,2.5,10,1,0,-82.35823024816065,-46.96894390307695
1346,ksqexp,2.5,10,1.5,0.5,-34.36831908221003,-36.5411997726612
1347,ksqexp,2.5,10,1.5,0.1,-46.20158328079721,-38.29320788712055
1348,ksqexp,2.5,10,1.5,0.05,-55.3424828584608,-40.23849568747623
1349,ksqexp,2.5,10,1.5,0.01,-60.79470540868976,-41.34851527327234
1350,ksqexp,2.5,10,1.5,0,-61.07127206918388,-41.4044386251213
1351,ksqexp,2.5,25,0.5,0.5,-30.70288082505805,-31.884766906930036
1352,ksqexp,2.5,25,0.5,0.1,-73.30109348615187,-46.64855079195428
1353,ksqexp,2.5,25,0.5,0.05,-130.18456213472055,-62.3375252430803
1354,ksqexp,2.5,25,0.5,0.01,-190.7432115986582,-76.9450628733314
1355,ksqexp,2.5,25,0.5,0,-194.75043476023302,-77.87290585141787
1356,ksqexp,2.5,25,1,0.5,-33.049836306340694,-35.1777405689183
1357,ksqexp,2.5,25,1,0.1,-59.583501871322355,-41.80524422460524
1358,ksqexp,2.5,25,1,0.05,-85.61570820848932,-48.27316729803406
1359,ksqexp,2.5,25,1,0.01,-103.94714911026753,-52.53353451432035
1360,ksqexp,2.5,25,1,0,-104.93839059775816,-52.75948010627719
1361,ksqexp,2.5,25,1.5,0.5,-35.0701722887918,-37.98441299307581
1362,ksqexp,2.5,25,1.5,0.1,-53.84579958320767,-41.61399390509645
1363,ksqexp,2.5,25,1.5,0.05,-68.71949190670958,-45.121784695234624
1364,ksqexp,2.5,25,1.5,0.01,-77.35926349763996,-47.08197486044101
1365,ksqexp,2.5,25,1.5,0,-77.79169930569036,-47.17899495688388
1366,kexp,1,0.2,0.5,0.5,-29.871671297167843,-30.077101916782688
1367,kexp,1,0.2,0.5,0.1,-48.9274176793984,-49.264741302838374
1368,kexp,1,0.2,0.5,0.05,-60.66670228815916,-61.01268820706133
1369,kexp,1,0.2,0.5,0.01,-67.8290754824753,-68.17917675841352
1370,kexp,1,0.2,0.5,0,-68.19918738551658,-68.5494889275562
1371,kexp,1,0.2,1,0.5,-32.43611469072184,-32.58426136702543
1372,kexp,1,0.2,1,0.1,-38.971790889730535,-39.16509052530927
1373,kexp,1,0.2,1,0.05,-42.70085076617262,-42.89704094172653
1374,kexp,1,0.2,1,0.01,-44.50295113047201,-44.70032127828654
1375,kexp,1,0.2,1,0,-44.58771711799617,-44.785140462924026
1376,kexp,1,0.2,1.5,0.5,-34.63243848529188,-34.75244411886122
1377,kexp,1,0.2,1.5,0.1,-37.02091076882772,-37.1652779122198
1378,kexp,1,0.2,1.5,0.05,-38.724902023800055,-38.87077131990298
1379,kexp,1,0.2,1.5,0.01,-39.47379589703901,-39.620234861075645
1380,kexp,1,0.2,1.5,0,-39.507883795115404,-39.6543477410058
1381,kexp,1,0.5,0.5,0.5,-29.999172597382632,-30.231206902710593
1382,kexp,1,0.5,0.5,0.1,-33.188915117383644,-33.55129577333963
1383,kexp,1,0.5,0.5,0.05,-35.64864937562132,-36.01914499362935
1384,kexp,1,0.5,0.5,0.01,-36.783910626612816,-37.157683845875496
1385,kexp,1,0.5,0.5,0,-36.83641134793754,-37.210331570772354
1386,kexp,1,0.5,1,0.5,-33.44917433012626,-33.6363260737107
1387,kexp,1,0.5,1,0.1,-32.31206121169371,-32.551140708165086
1388,kexp,1,0.5,1,0.05,-32.83432712792641,-33.07629304158223
1389,kexp,1,0.5,1,0.01,-33.0502641314527,-33.29326212684796
1390,kexp,1,0.5,1,0,-33.05988703530596,-33.302929425596396
1391,kexp,1,0.5,1.5,0.5,-36.41446931829864,-36.58004441525532
1392,kexp,1,0.5,1.5,0.1,-34.38174783685011,-34.5790053650846
1393,kexp,1,0.5,1.5,0.05,-34.52803748807383,-34.72688632860875
1394,kexp,1,0.5,1.5,0.01,-34.588991270739704,-34.78838460539445
1395,kexp,1,0.5,1.5,0,-34.59170236443207,-34.79111881054091
1396,kexp,1,1,0.5,0.5,-30.2704293878074,-30.53485669046735
1397,kexp,1,1,0.5,0.1,-28.587947916988433,-28.994295652986338
1398,kexp,1,1,0.5,0.05,-29.124340081419383,-29.536858312159357
1399,kexp,1,1,0.5,0.01,-29.348865751263432,-29.76347991680747
1400,kexp,1,1,0.5,0,-29.35890145396554,-29.773604561333173
1401,kexp,1,1,1,0.5,-34.339792076100274,-34.57730036942332
1402,kexp,1,1,1,0.1,-31.45599781628455,-31.76281590605489
1403,kexp,1,1,1,0.05,-31.465425416255762,-31.77504825535031
1404,kexp,1,1,1,0.01,-31.474479530644903,-31.785022151622062
1405,kexp,1,1,1,0,-31.47492812275484,-31.78550932605268
1406,kexp,1,1,1.5,0.5,-37.77605278154682,-38.00247008534879
1407,kexp,1,1,1.5,0.1,-35.04881947794776,-35.32228724267042
1408,kexp,1,1,1.5,0.05,-34.98926410199968,-35.26452993596018
1409,kexp,1,1,1.5,0.01,-34.971644697835934,-35.24749418874641
1410,kexp,1,1,1.5,0,-34.970927112408496,-35.24680101434972
1411,kexp,1,1.5,0.5,0.5,-30.671736821649915,-30.965947457708044
1412,kexp,1,1.5,0.5,0.1,-27.814331772954844,-28.276600318856993
1413,kexp,1,1.5,0.5,0.05,-27.956749465223947,-28.42582769969014
1414,kexp,1,1.5,0.5,0.01,-28.018683765453837,-28.489982988535353
1415,kexp,1,1.5,0.5,0,-28.021463763617255,-28.49285603974724
1416,kexp,1,1.5,1,0.5,-34.94782308789593,-35.22688774513087
1417,kexp,1,1.5,1,0.1,-31.780830662005005,-32.149675310170366
1418,kexp,1,1.5,1,0.05,-31.706243166611973,-32.078589133075894
1419,kexp,1,1.5,1,0.01,-31.68387043734043,-32.057350757311845
1420,kexp,1,1.5,1,0,-31.68295551870421,-32.0564832560614
1421,kexp,1,1.5,1.5,0.5,-38.542795520273394,-38.81729139901728
1422,kexp,1,1.5,1.5,0.1,-35.80737482920671,-36.14512787496912
1423,kexp,1,1.5,1.5,0.05,-35.72223912917058,-36.062351819570644
1424,kexp,1,1.5,1.5,0.01,-35.69523209095008,-36.03610650557375
1425,kexp,1,1.5,1.5,0,-35.69410953713385,-36.03501576156678
1426,kexp,1,2,0.5,0.5,-31.043415643257166,-31.35717647202381
1427,kexp,1,2,0.5,0.1,-27.829643110949302,-28.334070868224824
1428,kexp,1,2,0.5,0.05,-27.84099954035662,-28.35345589272522
1429,kexp,1,2,0.5,0.01,-27.851529886572717,-28.366597969972712
1430,kexp,1,2,0.5,0,-27.852050411323408,-28.367227802863482
1431,kexp,1,2,1,0.5,-35.399580716506655,-35.706479708143654
1432,kexp,1,2,1,0.1,-32.215024563188045,-32.628045142500866
1433,kexp,1,2,1,0.05,-32.11846303133097,-32.53569202902651
1434,kexp,1,2,1,0.01,-32.088002627240506,-32.50659441442709
1435,kexp,1,2,1,0,-32.086738531871354,-32.50538727552032
1436,kexp,1,2,1.5,0.5,-39.062905224236765,-39.369744695060746
1437,kexp,1,2,1.5,0.1,-36.407084271818185,-36.789741711606545
1438,kexp,1,2,1.5,0.05,-36.31849834174169,-36.704010824256315
1439,kexp,1,2,1.5,0.01,-36.29013966989006,-36.67657371435998
1440,kexp,1,2,1.5,0,-36.28895800545814,-36.67543053314342
1441,kexp,1,2.5,0.5,0.5,-31.352293555191356,-31.678405924534797
1442,kexp,1,2.5,0.5,0.1,-28.056868583742826,-28.589979778966804
1443,kexp,1,2.5,0.5,0.05,-28.015725483372382,-28.55786819052378
1444,kexp,1,2.5,0.5,0.01,-28.006067386390054,-28.551150754772035
1445,kexp,1,2.5,0.5,0,-28.005705857927477,-28.550912314952367
1446,kexp,1,2.5,1,0.5,-35.74591127459014,-36.071255429431716
1447,kexp,1,2.5,1,0.1,-32.61616652628854,-33.05947542398891
1448,kexp,1,2.5,1,0.05,-32.5138174155394,-32.96187091737698
1449,kexp,1,2.5,1,0.01,-32.481166533391104,-32.93075690204924
1450,kexp,1,2.5,1,0,-32.479807316499056,-32.929461920744366
1451,kexp,1,2.5,1.5,0.5,-39.44495301332955,-39.773570676364095
1452,kexp,1,2.5,1.5,0.1,-36.878322277535766,-37.29182225521468
1453,kexp,1,2.5,1.5,0.05,-36.79101533532979,-37.207736098216486
1454,kexp,1,2.5,1.5,0.01,-36.7629993682221,-37.18075993240109
1455,kexp,1,2.5,1.5,0,-36.761831236095254,-37.17963522274739
1456,kexp,1,3,0.5,0.5,-31.60116676590691,-31.935441842724643
1457,kexp,1,3,0.5,0.1,-28.323850247085876,-28.87545183221139
1458,kexp,1,3,0.5,0.05,-28.259712457309014,-28.820957797612714
1459,kexp,1,3,0.5,0.01,-28.241233696488404,-28.80561939551406
1460,kexp,1,3,0.5,0,-28.240487315092565,-28.805004456880734
1461,kexp,1,3,1,0.5,-36.015739262694254,-36.353785685719934
1462,kexp,1,3,1,0.1,-32.956858200169414,-33.42101760318644
1463,kexp,1,3,1,0.05,-32.85388131811121,-33.323149698856916
1464,kexp,1,3,1,0.01,-32.82090129403214,-33.29182472425415
1465,kexp,1,3,1,0,-32.81952691280988,-33.29051951929568
1466,kexp,1,3,1.5,0.5,-39.7363990938134,-40.08028731903788
1467,kexp,1,3,1.5,0.1,-37.25001093912605,-37.685181710667294
1468,kexp,1,3,1.5,0.05,-37.16497635097678,-37.60362450352862
1469,kexp,1,3,1.5,0.01,-37.137669026802705,-37.577439902137364
1470,kexp,1,3,1.5,0,-37.13653021212212,-37.57634797350715
1471,kexp,1,3.5,0.5,0.5,-31.801136927774856,-32.14129385707106
1472,kexp,1,3.5,0.5,0.1,-28.576826665741997,-29.140248776639883
1473,kexp,1,3.5,0.5,0.05,-28.502318711705644,-29.075672611530305
1474,kexp,1,3.5,0.5,0.01,-28.47980947505942,-29.05639521035436
1475,kexp,1,3.5,0.5,0,-28.47888681535232,-29.055607791622055
1476,kexp,1,3.5,1,0.5,-36.22922265388086,-36.57655204945164
1477,kexp,1,3.5,1,0.1,-33.23919185873457,-33.71817134212449
1478,kexp,1,3.5,1,0.05,-33.13731752401367,-33.62164301064293
1479,kexp,1,3.5,1,0.01,-33.104637403227976,-33.59069458282587
1480,kexp,1,3.5,1,0,-33.10327492036461,-33.58940447781605
1481,kexp,1,3.5,1.5,0.5,-39.964383263417226,-40.319577905552585
1482,kexp,1,3.5,1.5,0.1,-37.54584214305668,-37.996887290813284
1483,kexp,1,3.5,1.5,0.05,-37.46308500850883,-37.91778734607536
1484,kexp,1,3.5,1.5,0.01,-37.436503022467356,-37.892386130288585
1485,kexp,1,3.5,1.5,0,-37.43539438877563,-37.891326806620995
1486,kexp,1,4,0.5,0.5,-31.963165462843588,-32.308055228820706
1487,kexp,1,4,0.5,0.1,-28.801553091421994,-29.37301573937999
1488,kexp,1,4,0.5,0.05,-28.72256235325527,-29.30404009047466
1489,kexp,1,4,0.5,0.01,-28.698242531743432,-29.282975207456357
1490,kexp,1,4,0.5,0,-28.697240055957572,-29.282108892122167
1491,kexp,1,4,1,0.5,-36.40088524479624,-36.75551200751656
1492,kexp,1,4,1,0.1,-33.472470588786294,-33.962635541997294
1493,kexp,1,4,1,0.05,-33.37222260157196,-33.86788923829433
1494,kexp,1,4,1,0.01,-33.340040722664945,-33.83748916328688
1495,kexp,1,4,1,0,-33.33869874795534,-33.836221657217294
1496,kexp,1,4,1.5,0.5,-40.146465423068534,-40.51056617278523
1497,kexp,1,4,1.5,0.1,-37.784251720216176,-38.247597718158644
1498,kexp,1,4,1.5,0.05,-37.703521679214795,-38.1706553665398
1499,kexp,1,4,1.5,0.01,-37.67758993754354,-38.1459464713358
1500,kexp,1,4,1.5,0,-37.67650841202845,-38.14491601232288
1501,kexp,1,6,0.5,0.5,-32.37589395827673,-32.73740854941891
1502,kexp,1,6,0.5,0.1,-29.432320406662043,-30.028052157165202
1503,kexp,1,6,0.5,0.05,-29.353058811579903,-29.958672648287646
1504,kexp,1,6,0.5,0.01,-29.32820296139079,-29.937009997334606
1505,kexp,1,6,0.5,0,-29.327172951757788,-29.93611335588702
1506,kexp,1,6,1,0.5,-36.836397302140746,-37.21311546134197
1507,kexp,1,6,1,0.1,-34.08015129826004,-34.60225549739392
1508,kexp,1,6,1,0.05,-33.98590982266793,-34.513864393494174
1509,kexp,1,6,1,0.01,-33.95564176661491,-34.48548949042167
1510,kexp,1,6,1,0,-33.9543794307922,-34.48430625956545
1511,kexp,1,6,1.5,0.5,-40.605201504375486,-40.99512368970177
1512,kexp,1,6,1.5,0.1,-38.38784828669574,-38.88593497377902
1513,kexp,1,6,1.5,0.05,-38.31260822853564,-38.814812636048366
1514,kexp,1,6,1.5,0.01,-38.2884460187925,-38.791979490555896
1515,kexp,1,6,1.5,0,-38.28743835721127,-38.79102732753259
1516,kexp,1,8,0.5,0.5,-32.58836610839233,-32.96754934765006
1517,kexp,1,8,0.5,0.1,-29.773614018012296,-30.399860120258758
1518,kexp,1,8,0.5,0.05,-29.698082471482536,-30.334490495229353
1519,kexp,1,8,0.5,0.01,-29.674358434859627,-30.31403932639231
1520,kexp,1,8,0.5,0,-29.673374863404586,-30.313192329181724
1521,kexp,1,8,1,0.5,-37.06299984085738,-37.45928820545828
1522,kexp,1,8,1,0.1,-34.39842980475047,-34.9491450173053
1523,kexp,1,8,1,0.05,-34.307788617474955,-34.864684843459386
1524,kexp,1,8,1,0.01,-34.27868234811103,-34.83757779469715
1525,kexp,1,8,1,0,-34.277468521368135,-34.836447494810884
1526,kexp,1,8,1.5,0.5,-40.8439511169353,-41.254783176383555
1527,kexp,1,8,1.5,0.1,-38.69947115662289,-39.225646463967045
1528,kexp,1,8,1.5,0.05,-38.627046068022835,-39.157605082935966
1529,kexp,1,8,1.5,0.01,-38.60379287290512,-39.135766608967295
1530,kexp,1,8,1.5,0,-38.602823174097026,-39.13485598342839
1531,kexp,1,10,0.5,0.5,-32.708304369292094,-33.105100679567954
1532,kexp,1,10,0.5,0.1,-29.96157807836963,-30.622342646367308
1533,kexp,1,10,0.5,0.05,-29.888403557655977,-30.55999294567024
1534,kexp,1,10,0.5,0.01,-29.865422946530256,-30.54049580762417
1535,kexp,1,10,0.5,0,-29.86447022126332,-30.539688411553296
1536,kexp,1,10,1,0.5,-37.19324972146447,-37.60767654955219
1537,kexp,1,10,1,0.1,-34.57824852790841,-35.15635380223364
1538,kexp,1,10,1,0.05,-34.48958524273533,-35.07423377272988
1539,kexp,1,10,1,0.01,-34.461118500361216,-35.04788308729928
1540,kexp,1,10,1,0,-34.45993139047218,-35.04678438202452
1541,kexp,1,10,1.5,0.5,-40.982287449147584,-41.41153737187268
1542,kexp,1,10,1.5,0.1,-38.87704255375569,-39.428249206868095
1543,kexp,1,10,1.5,0.05,-38.80612449888557,-39.36196470484934
1544,kexp,1,10,1.5,0.01,-38.78335792357042,-39.340693412419036
1545,kexp,1,10,1.5,0,-38.782408546949554,-39.33980647225609
1546,kexp,1,25,0.5,0.5,-32.9739459250448,-33.44553973101887
1547,kexp,1,25,0.5,0.1,-30.341168917746625,-31.16983090874065
1548,kexp,1,25,0.5,0.05,-30.271707402232117,-31.115920396100563
1549,kexp,1,25,0.5,0.01,-30.24990320997923,-31.09914313562543
1550,kexp,1,25,0.5,0,-30.248999366281403,-31.098449261061262
1551,kexp,1,25,1,0.5,-37.456386040189045,-37.941436740357005
1552,kexp,1,25,1,0.1,-34.92000848206431,-35.60955925534753
1553,kexp,1,25,1,0.05,-34.83434330985127,-35.5321401996319
1554,kexp,1,25,1,0.01,-34.806844323075694,-35.50730888991249
1555,kexp,1,25,1,0,-34.80569762504491,-35.5062736517668
1556,kexp,1,25,1.5,0.5,-41.25100358657446,-41.74692084307359
1557,kexp,1,25,1.5,0.1,-39.20686135752598,-39.85030217231052
1558,kexp,1,25,1.5,0.05,-39.1382088528308,-39.787270475852374
1559,kexp,1,25,1.5,0.01,-39.11617269616293,-39.7670483525146
1560,kexp,1,25,1.5,0,-39.11525381137391,-39.76620521540983
1561,kexp,1.25,0.2,0.5,0.5,-29.590905382586442,-29.841924378276012
1562,kexp,1.25,0.2,0.5,0.1,-54.412839524123136,-54.815780900258524
1563,kexp,1.25,0.2,0.5,0.05,-70.62839805428199,-71.04248223285354
1564,kexp,1.25,0.2,0.5,0.01,-81.48016902471164,-81.90073395281793
1565,kexp,1.25,0.2,0.5,0,-82.06581618486713,-82.48672185354508
1566,kexp,1.25,0.2,1,0.5,-31.86172322863462,-32.04288300161656
1567,kexp,1.25,0.2,1,0.1,-41.579721637884425,-41.81328768588999
1568,kexp,1.25,0.2,1,0.05,-47.09445470269363,-47.332159647653924
1569,kexp,1.25,0.2,1,0.01,-49.93884185960829,-50.17846122802378
1570,kexp,1.25,0.2,1,0,-50.075911676309744,-50.315620920951176
1571,kexp,1.25,0.2,1.5,0.5,-33.83753448848795,-33.98478886373983
1572,kexp,1.25,0.2,1.5,0.1,-38.276982824544426,-38.45307659204827
1573,kexp,1.25,0.2,1.5,0.05,-40.925457960388265,-41.10379653483342
1574,kexp,1.25,0.2,1.5,0.01,-42.146762725673746,-42.32603126788294
1575,kexp,1.25,0.2,1.5,0,-42.20326693949751,-42.382577376126406
1576,kexp,1.25,0.5,0.5,0.5,-29.64078191005403,-29.92429490566481
1577,kexp,1.25,0.5,0.5,0.1,-35.186495927695404,-35.612602660503455
1578,kexp,1.25,0.5,0.5,0.05,-38.897196990821676,-39.33457256853407
1579,kexp,1.25,0.5,0.5,0.01,-40.70893216682875,-41.15163308047607
1580,kexp,1.25,0.5,0.5,0,-40.79439355234344,-41.23734479716422
1581,kexp,1.25,0.5,1,0.5,-32.73307914258051,-32.96517324163344
1582,kexp,1.25,0.5,1,0.1,-32.5271026848382,-32.81992870431314
1583,kexp,1.25,0.5,1,0.05,-33.424923945817206,-33.72213300311853
1584,kexp,1.25,0.5,1,0.01,-33.804964156700734,-34.10386007704796
1585,kexp,1.25,0.5,1,0,-33.822035871979026,-34.121005894663426
1586,kexp,1.25,0.5,1.5,0.5,-35.45149932192261,-35.65981790796641
1587,kexp,1.25,0.5,1.5,0.1,-33.84410117792626,-34.091684271639
1588,kexp,1.25,0.5,1.5,0.05,-34.1553849268267,-34.405438935511654
1589,kexp,1.25,0.5,1.5,0.01,-34.28291197513653,-34.53385025045062
1590,kexp,1.25,0.5,1.5,0,-34.288573411820366,-34.53954969379241
1591,kexp,1.25,1,0.5,0.5,-29.741472752355573,-30.062625087754782
1592,kexp,1.25,1,0.5,0.1,-28.91002684411071,-29.36931245259159
1593,kexp,1.25,1,0.5,0.05,-29.830228386641455,-30.294748722538653
1594,kexp,1.25,1,0.5,0.01,-30.22405147914592,-30.690493198847104
1595,kexp,1.25,1,0.5,0,-30.24179111882107,-30.70831649763774
1596,kexp,1.25,1,1,0.5,-33.52078275230597,-33.81731304499778
1597,kexp,1.25,1,1,0.1,-30.784965008449756,-31.15885203337231
1598,kexp,1.25,1,1,0.05,-30.881668377666205,-31.258750260140133
1599,kexp,1.25,1,1,0.01,-30.924843817797335,-31.302993155881694
1600,kexp,1.25,1,1,0,-30.926790317591404,-31.304984680894638
1601,kexp,1.25,1,1.5,0.5,-36.76646763142777,-37.055435128505906
1602,kexp,1.25,1,1.5,0.1,-33.98367919510238,-34.32942733974376
1603,kexp,1.25,1,1.5,0.05,-33.95274813824504,-34.30073527292398
1604,kexp,1.25,1,1.5,0.01,-33.946023394771395,-34.294743364167815
1605,kexp,1.25,1,1.5,0,-33.945780150561575,-34.29453084202701
1606,kexp,1.25,1.5,0.5,0.5,-30.06206348194334,-30.423928247778544
1607,kexp,1.25,1.5,0.5,0.1,-27.555090604791634,-28.083681038720893
1608,kexp,1.25,1.5,0.5,0.05,-27.868731255434692,-28.40214749219293
1609,kexp,1.25,1.5,0.5,0.01,-28.000558526738377,-28.535523971208896
1610,kexp,1.25,1.5,0.5,0,-28.00644541243027,-28.54147561009066
1611,kexp,1.25,1.5,1,0.5,-34.11603759177799,-34.471018080901636
1612,kexp,1.25,1.5,1,0.1,-30.87593467190925,-31.334385068520763
1613,kexp,1.25,1.5,1,0.05,-30.82955019155689,-31.291840588484114
1614,kexp,1.25,1.5,1,0.01,-30.81798671815498,-31.28152063528029
1615,kexp,1.25,1.5,1,0,-30.817543209908024,-31.281129107992797
1616,kexp,1.25,1.5,1.5,0.5,-37.562062582484685,-37.91953851376416
1617,kexp,1.25,1.5,1.5,0.1,-34.65304914082104,-35.088954371856744
1618,kexp,1.25,1.5,1.5,0.05,-34.57164785323086,-35.0104458818716
1619,kexp,1.25,1.5,1.5,0.01,-34.54628165992753,-34.986013779702716
1620,kexp,1.25,1.5,1.5,0,-34.54523257579645,-34.9850037073561
1621,kexp,1.25,2,0.5,0.5,-30.416438578012603,-30.808046564272296
1622,kexp,1.25,2,0.5,0.1,-27.31142689575238,-27.901017904773227
1623,kexp,1.25,2,0.5,0.05,-27.41133135428352,-28.007327358649437
1624,kexp,1.25,2,0.5,0.01,-27.45672592423068,-28.054764014253873
1625,kexp,1.25,2,0.5,0,-27.458779782056183,-28.05690293376763
1626,kexp,1.25,2,1,0.5,-34.59001175726936,-34.98795614394918
1627,kexp,1.25,2,1,0.1,-31.239001292526805,-31.764493602986445
1628,kexp,1.25,2,1,0.05,-31.15022541924085,-31.680587257101095
1629,kexp,1.25,2,1,0.01,-31.122936701608594,-31.65487324938054
1630,kexp,1.25,2,1,0,-31.12181261619102,-31.653814956879586
1631,kexp,1.25,2,1.5,0.5,-38.1281126536474,-38.53584329257219
1632,kexp,1.25,2,1.5,0.1,-35.25681956327431,-35.761920290857255
1633,kexp,1.25,2,1.5,0.05,-35.16421128336447,-35.67295009785023
1634,kexp,1.25,2,1.5,0.01,-35.13470806294522,-35.6446210998204
1635,kexp,1.25,2,1.5,0,-35.133480327637315,-35.64344239798502
1636,kexp,1.25,2.5,0.5,0.5,-30.739603976767413,-31.151025001880274
1637,kexp,1.25,2.5,0.5,0.1,-27.428827250900135,-28.06500507935086
1638,kexp,1.25,2.5,0.5,0.05,-27.437617887313653,-28.081990191786485
1639,kexp,1.25,2.5,0.5,0.01,-27.44728930356295,-28.09429621655147
1640,kexp,1.25,2.5,0.5,0,-27.447773497422247,-28.09489035425773
1641,kexp,1.25,2.5,1,0.5,-34.97250599190153,-35.400917307389946
1642,kexp,1.25,2.5,1,0.1,-31.6357637590491,-32.21145013404447
1643,kexp,1.25,2.5,1,0.05,-31.532674294571958,-32.11415898244951
1644,kexp,1.25,2.5,1,0.01,-31.500085251012674,-32.08344699933999
1645,kexp,1.25,2.5,1,0,-31.498732028110698,-32.08217222073569
1646,kexp,1.25,2.5,1.5,0.5,-38.55995836413315,-39.00393698832143
1647,kexp,1.25,2.5,1.5,0.1,-35.765261193459224,-36.32177612819289
1648,kexp,1.25,2.5,1.5,0.05,-35.67112273118395,-36.231902676866035
1649,kexp,1.25,2.5,1.5,0.01,-35.64096516068567,-36.20312228404068
1650,kexp,1.25,2.5,1.5,0,-35.639708305077335,-36.20192294296561
1651,kexp,1.25,3,0.5,0.5,-31.014892183912046,-31.439312222425247
1652,kexp,1.25,3,0.5,0.1,-27.659693349070963,-28.32814198550515
1653,kexp,1.25,3,0.5,0.05,-27.625586258150534,-28.30356628922624
1654,kexp,1.25,3,0.5,0.01,-27.618657510191117,-28.29971525311229
1655,kexp,1.25,3,0.5,0,-27.618415317030685,-28.29960161846143
1656,kexp,1.25,3,1,0.5,-35.28160783158302,-35.73171534677105
1657,kexp,1.25,3,1,0.1,-32.00070542207628,-32.612957825829376
1658,kexp,1.25,3,1,0.05,-31.893138212312255,-32.51189363745032
1659,kexp,1.25,3,1,0.01,-31.858829802469142,-32.47969172309135
1660,kexp,1.25,3,1,0,-31.857401675074946,-32.478351640825714
1661,kexp,1.25,3,1.5,0.5,-38.899072362240695,-39.36952077699324
1662,kexp,1.25,3,1.5,0.1,-36.184949719871305,-36.77948204213625
1663,kexp,1.25,3,1.5,0.05,-36.09209832688146,-36.691373626245834
1664,kexp,1.25,3,1.5,0.01,-36.062296555094896,-36.663103761932824
1665,kexp,1.25,3,1.5,0,-36.06105389449481,-36.661925081685695
1666,kexp,1.25,3.5,0.5,0.5,-31.243148747947338,-31.676215756577093
1667,kexp,1.25,3.5,0.5,0.1,-27.91045249879395,-28.599258790463857
1668,kexp,1.25,3.5,0.5,0.05,-27.85500638436313,-28.55410101199723
1669,kexp,1.25,3.5,0.5,0.01,-27.839830695065462,-28.5422507732813
1670,kexp,1.25,3.5,0.5,0,-27.83922799623747,-28.541787003608864
1671,kexp,1.25,3.5,1,0.5,-35.531860308351426,-35.9976855631206
1672,kexp,1.25,3.5,1,0.1,-32.31703271476805,-32.95553791791099
1673,kexp,1.25,3.5,1,0.05,-32.208789180205116,-32.85428255695073
1674,kexp,1.25,3.5,1,0.01,-32.17413764298963,-32.821895073265836
1675,kexp,1.25,3.5,1,0,-32.17269378275553,-32.82054584697644
1676,kexp,1.25,3.5,1.5,0.5,-39.16957325381714,-39.6597618003301
1677,kexp,1.25,3.5,1.5,0.1,-36.52904286466933,-37.15185488779881
1678,kexp,1.25,3.5,1.5,0.05,-36.43822572084988,-37.06612893334343
1679,kexp,1.25,3.5,1.5,0.01,-36.4090556998742,-37.038603431446084
1680,kexp,1.25,3.5,1.5,0,-36.40783914500073,-37.03745556150491
1681,kexp,1.25,4,0.5,0.5,-31.430938116230703,-31.870035204448765
1682,kexp,1.25,4,0.5,0.1,-28.14679856123701,-28.847424569688705
1683,kexp,1.25,4,0.5,0.05,-28.080515077349514,-28.791705256024393
1684,kexp,1.25,4,0.5,0.01,-28.061109953345365,-28.77571128515667
1685,kexp,1.25,4,0.5,0,-28.060322056609888,-28.775065850652798
1686,kexp,1.25,4,1,0.5,-35.73559517594078,-36.21318127788869
1687,kexp,1.25,4,1,0.1,-32.585198559388274,-33.24267706280508
1688,kexp,1.25,4,1,0.05,-32.477784955120576,-33.14256526332886
1689,kexp,1.25,4,1,0.01,-32.44333960863815,-33.11048537642349
1690,kexp,1.25,4,1,0,-32.44190366765353,-33.10914830513528
1691,kexp,1.25,4,1.5,0.5,-39.38809800930319,-39.89346572339107
1692,kexp,1.25,4,1.5,0.1,-36.81150513262391,-37.45577809984722
1693,kexp,1.25,4,1.5,0.05,-36.722781828590385,-37.37239607429593
1694,kexp,1.25,4,1.5,0.01,-36.694276556823006,-37.345616084392674
1695,kexp,1.25,4,1.5,0,-36.69308763807436,-37.34449922336918
1696,kexp,1.25,6,0.5,0.5,-31.911822340129813,-32.366909031220374
1697,kexp,1.25,6,0.5,0.1,-28.84004815877661,-29.556534080399864
1698,kexp,1.25,6,0.5,0.05,-28.764819609600533,-29.49099690376999
1699,kexp,1.25,6,0.5,0.01,-28.74160106064174,-29.470869494860686
1700,kexp,1.25,6,0.5,0,-28.74064318574957,-29.470040278766803
1701,kexp,1.25,6,1,0.5,-36.25565665965206,-36.763311134951245
1702,kexp,1.25,6,1,0.1,-33.29963517398298,-34.00075691113311
1703,kexp,1.25,6,1,0.05,-33.19801773075796,-33.906914547497045
1704,kexp,1.25,6,1,0.01,-33.1653792987203,-33.87679195788506
1705,kexp,1.25,6,1,0,-33.16401809655292,-33.87553587823112
1706,kexp,1.25,6,1.5,0.5,-39.942903894692364,-40.48758113635607
1707,kexp,1.25,6,1.5,0.1,-37.53905277563753,-38.23676681115419
1708,kexp,1.25,6,1.5,0.05,-37.45669581955755,-38.16027940021787
1709,kexp,1.25,6,1.5,0.01,-37.430236737621755,-38.1357155980918
1710,kexp,1.25,6,1.5,0,-37.429133166894374,-38.1346911781264
1711,kexp,1.25,8,0.5,0.5,-32.160199489276586,-32.632460865497684
1712,kexp,1.25,8,0.5,0.1,-29.22584954944595,-29.96197702114573
1713,kexp,1.25,8,0.5,0.05,-29.15285202479771,-29.897940082941773
1714,kexp,1.25,8,0.5,0.01,-29.130193080186555,-29.878104624805786
1715,kexp,1.25,8,0.5,0,-29.129256736757984,-29.87728540587891
1716,kexp,1.25,8,1,0.5,-36.52753395196014,-37.05891572176312
1717,kexp,1.25,8,1,0.1,-33.6805468760079,-34.41455608808988
1718,kexp,1.25,8,1,0.05,-33.58309328851763,-34.32515251457091
1719,kexp,1.25,8,1,0.01,-33.551794317708215,-34.296455865381645
1720,kexp,1.25,8,1,0,-33.550488996703685,-34.295259253216315
1721,kexp,1.25,8,1.5,0.5,-40.23357603432711,-40.8066364130152
1722,kexp,1.25,8,1.5,0.1,-37.9201237085332,-38.65551852034082
1723,kexp,1.25,8,1.5,0.05,-37.84127296112222,-38.58287099098228
1724,kexp,1.25,8,1.5,0.01,-37.815946134822006,-38.559546632655334
1725,kexp,1.25,8,1.5,0,-37.81488985009278,-38.558573969069535
1726,kexp,1.25,10,0.5,0.5,-32.302814431198456,-32.794687464276706
1727,kexp,1.25,10,0.5,0.1,-29.4440350526223,-30.212138559530217
1728,kexp,1.25,10,0.5,0.05,-29.373152074258886,-30.150318811305947
1729,kexp,1.25,10,0.5,0.01,-29.351135690641467,-30.131142454716823
1730,kexp,1.25,10,0.5,0,-29.35022572608204,-30.130350118090217
1731,kexp,1.25,10,1,0.5,-36.68677070105591,-37.24101022052838
1732,kexp,1.25,10,1,0.1,-33.90081398800446,-34.66797179295163
1733,kexp,1.25,10,1,0.05,-33.8057931512875,-34.5813651464936
1734,kexp,1.25,10,1,0.01,-33.77528050129014,-34.55357129276811
1735,kexp,1.25,10,1,0,-33.77400802647351,-34.55241237868599
1736,kexp,1.25,10,1.5,0.5,-40.40525570856015,-41.00343434202408
1737,kexp,1.25,10,1.5,0.1,-38.14189111997702,-38.911009556260574
1738,kexp,1.25,10,1.5,0.05,-38.0649868440156,-38.840625474827846
1739,kexp,1.25,10,1.5,0.01,-38.040288910268735,-38.81803203733515
1740,kexp,1.25,10,1.5,0,-38.039258893344616,-38.817089898958784
1741,kexp,1.25,25,0.5,0.5,-32.61666823042499,-33.21476383348613
1742,kexp,1.25,25,0.5,0.1,-29.864877462860534,-30.852676343708737
1743,kexp,1.25,25,0.5,0.05,-29.79666854961649,-30.798622155847365
1744,kexp,1.25,25,0.5,0.01,-29.77547511260416,-30.78191196395498
1745,kexp,1.25,25,0.5,0,-29.774599072671762,-30.781222153600584
1746,kexp,1.25,25,1,0.5,-37.02119292541873,-37.68140711118261
1747,kexp,1.25,25,1,0.1,-34.331689682452506,-35.261106631137274
1748,kexp,1.25,25,1,0.05,-34.24038464946229,-35.18047739085006
1749,kexp,1.25,25,1,0.01,-34.21107250153989,-35.15461485302349
1750,kexp,1.25,25,1,0,-34.20985016952768,-35.153536607053205
1751,kexp,1.25,25,1.5,0.5,-40.760315066677535,-41.463321125703885
1752,kexp,1.25,25,1.5,0.1,-38.57750952976521,-39.489568899750644
1753,kexp,1.25,25,1.5,0.05,-38.50363386892151,-39.423662203615805
1754,kexp,1.25,25,1.5,0.01,-38.479913180954114,-39.40251334709832
1755,kexp,1.25,25,1.5,0,-38.478923968553744,-39.40163152494508
1756,kexp,1.5,0.2,0.5,0.5,-29.38527941159259,-29.67355585018396
1757,kexp,1.5,0.2,0.5,0.1,-59.671799933222474,-60.12857548815367
1758,kexp,1.5,0.2,0.5,0.05,-80.49751764483128,-80.96696530660206
1759,kexp,1.5,0.2,0.5,0.01,-95.60900720897727,-96.08734851623981
1760,kexp,1.5,0.2,0.5,0,-96.45895688181487,-96.93780001491822
1761,kexp,1.5,0.2,1,0.5,-31.40585381468155,-31.61422545661385
1762,kexp,1.5,0.2,1,0.1,-44.2744770713488,-44.54061256299884
1763,kexp,1.5,0.2,1,0.05,-51.73914563439252,-52.01049160826629
1764,kexp,1.5,0.2,1,0.01,-55.828063368841065,-56.102114124597996
1765,kexp,1.5,0.2,1,0,-56.029833289982406,-56.30401588325605
1766,kexp,1.5,0.2,1.5,0.5,-33.199451567684406,-33.369012484024985
1767,kexp,1.5,0.2,1.5,0.1,-39.74529946731408,-39.94693206277117
1768,kexp,1.5,0.2,1.5,0.05,-43.463707512672634,-43.668284711267226
1769,kexp,1.5,0.2,1.5,0.01,-45.25965611031062,-45.46555735564321
1770,kexp,1.5,0.2,1.5,0,-45.344115525103874,-45.55007793843377
1771,kexp,1.5,0.5,0.5,0.5,-29.399933340629993,-29.720023252111343
1772,kexp,1.5,0.5,0.5,0.1,-37.372941584968,-37.839784777767605
1773,kexp,1.5,0.5,0.5,0.05,-42.47425289667193,-42.95581126311694
1774,kexp,1.5,0.5,0.5,0.01,-45.10058752579514,-45.59021445793985
1775,kexp,1.5,0.5,0.5,0,-45.22692957701757,-45.716952258883225
1776,kexp,1.5,0.5,1,0.5,-32.1638328186499,-32.42907935848241
1777,kexp,1.5,0.5,1,0.1,-32.99284032698627,-33.32469964083674
1778,kexp,1.5,0.5,1,0.05,-34.33599335981432,-34.67403183298009
1779,kexp,1.5,0.5,1,0.01,-34.92064179617106,-35.261233527578774
1780,kexp,1.5,0.5,1,0,-34.9471479439401,-35.287854123251954
1781,kexp,1.5,0.5,1.5,0.5,-34.6566986173361,-34.89734942972124
1782,kexp,1.5,0.5,1.5,0.1,-33.572667763313035,-33.85867984835005
1783,kexp,1.5,0.5,1.5,0.05,-34.08863660641981,-34.37818820800857
1784,kexp,1.5,0.5,1.5,0.01,-34.30171816384221,-34.592594518317824
1785,kexp,1.5,0.5,1.5,0,-34.31121083282761,-34.60214484462115
1786,kexp,1.5,1,0.5,0.5,-29.376565650862336,-29.731684141097084
1787,kexp,1.5,1,0.5,0.1,-29.550215570294817,-30.02131299095265
1788,kexp,1.5,1,0.5,0.05,-30.927836979206578,-31.402279520461565
1789,kexp,1.5,1,0.5,0.01,-31.533525811305246,-32.009510140786134
1790,kexp,1.5,1,0.5,0,-31.561056422765027,-32.03711237245862
1791,kexp,1.5,1,1,0.5,-32.84979494047842,-33.1866298302394
1792,kexp,1.5,1,1,0.1,-30.355692437060576,-30.771311698996513
1793,kexp,1.5,1,1,0.05,-30.56581757440528,-30.98483681539408
1794,kexp,1.5,1,1,0.01,-30.654464527612763,-31.074657393894732
1795,kexp,1.5,1,1,0,-30.658421807326214,-31.078664655258628
1796,kexp,1.5,1,1.5,0.5,-35.89823388829127,-36.233217150974944
1797,kexp,1.5,1,1.5,0.1,-33.127815348736554,-33.52593819182189
1798,kexp,1.5,1,1.5,0.05,-33.138490563333484,-33.53922612766453
1799,kexp,1.5,1,1.5,0.01,-33.14774582380802,-33.54934784498966
1800,kexp,1.5,1,1.5,0,-33.148200368880445,-33.549838849559194
1801,kexp,1.5,1.5,0.5,0.5,-29.617982623179206,-30.018526727258443
1802,kexp,1.5,1.5,0.5,0.1,-27.642256505281686,-28.179148940749954
1803,kexp,1.5,1.5,0.5,0.05,-28.173629162194395,-28.711218697656452
1804,kexp,1.5,1.5,0.5,0.01,-28.397011696434546,-28.93476482156091
1805,kexp,1.5,1.5,0.5,0,-28.407005633821555,-28.94476525181399
1806,kexp,1.5,1.5,1,0.5,-33.41659481708375,-33.822819973919025
1807,kexp,1.5,1.5,1,0.1,-30.18910156639115,-30.70160816035925
1808,kexp,1.5,1.5,1,0.05,-30.184953605565674,-30.701102501221673
1809,kexp,1.5,1.5,1,0.01,-30.189646604625047,-30.706974427617162
1810,kexp,1.5,1.5,1,0,-30.189913355510708,-30.707290466636344
1811,kexp,1.5,1.5,1.5,0.5,-36.697191648926456,-37.1156311083756
1812,kexp,1.5,1.5,1.5,0.1,-33.6683467357626,-34.17466196760011
1813,kexp,1.5,1.5,1.5,0.05,-33.5971279279001,-34.10663617039916
1814,kexp,1.5,1.5,1.5,0.01,-33.575747297225526,-34.086287146437094
1815,kexp,1.5,1.5,1.5,0,-33.574872696130285,-34.08545563830053
1816,kexp,1.5,2,0.5,0.5,-29.93999053950788,-30.37756677316846
1817,kexp,1.5,2,0.5,0.1,-27.130056178022357,-27.736430090372703
1818,kexp,1.5,2,0.5,0.05,-27.351223501047155,-27.959609795087616
1819,kexp,1.5,2,0.5,0.01,-27.445066911215616,-28.05398751962204
1820,kexp,1.5,2,0.5,0,-27.449261791630434,-28.058203573097632
1821,kexp,1.5,2,1,0.5,-33.89403856804278,-34.35500293259453
1822,kexp,1.5,2,1,0.1,-30.45369216771871,-31.049748694250518
1823,kexp,1.5,2,1,0.05,-30.381547770611434,-30.98243344176053
1824,kexp,1.5,2,1,0.01,-30.360668146922503,-30.963110600747473
1825,kexp,1.5,2,1,0,-30.359823821767307,-30.962331271829548
1826,kexp,1.5,2,1.5,0.5,-37.28747788473383,-37.77076979158179
1827,kexp,1.5,2,1.5,0.1,-34.244039440463254,-34.83890512637995
1828,kexp,1.5,2,1.5,0.05,-34.151204956662845,-34.75018478519101
1829,kexp,1.5,2,1.5,0.01,-34.12188510861865,-34.722192354940624
1830,kexp,1.5,2,1.5,0,-34.12066793187742,-34.721030604804916
1831,kexp,1.5,2.5,0.5,0.5,-30.259865258746423,-30.72416396009326
1832,kexp,1.5,2.5,0.5,0.1,-27.111370581983415,-27.77813020409814
1833,kexp,1.5,2.5,0.5,0.05,-27.19464073464527,-27.86579719498208
1834,kexp,1.5,2.5,0.5,0.01,-27.233173557254617,-27.905660038991208
1835,kexp,1.5,2.5,0.5,0,-27.234922038664358,-27.9074631660964
1836,kexp,1.5,2.5,1,0.5,-34.295439907126294,-34.79782200571934
1837,kexp,1.5,2.5,1,0.1,-30.818605370789165,-31.4823660884376
1838,kexp,1.5,2.5,1,0.05,-30.7208553038492,-31.390725868640573
1839,kexp,1.5,2.5,1,0.01,-30.690477605065038,-31.362322895721963
1840,kexp,1.5,2.5,1,0,-30.689222317069227,-31.361150102601428
1841,kexp,1.5,2.5,1.5,0.5,-37.75121121272451,-38.28406164850432
1842,kexp,1.5,2.5,1.5,0.1,-34.76263493023726,-35.42769296220921
1843,kexp,1.5,2.5,1.5,0.05,-34.66409218477733,-35.33413771824576
1844,kexp,1.5,2.5,1.5,0.01,-34.63262290877442,-35.304278985156955
1845,kexp,1.5,2.5,1.5,0,-34.63131250993897,-35.30303584817147
1846,kexp,1.5,3,0.5,0.5,-30.5475419099441,-31.030386184604396
1847,kexp,1.5,3,0.5,0.1,-27.279576279413984,-27.992990397454342
1848,kexp,1.5,3,0.5,0.05,-27.294897231324168,-28.014851249572722
1849,kexp,1.5,3,0.5,0.01,-27.306739897167194,-28.028742475338078
1850,kexp,1.5,3,0.5,0,-27.30731530800575,-28.029402806895707
1851,kexp,1.5,3,1,0.5,-34.63065064908142,-35.16414773043283
1852,kexp,1.5,3,1,0.1,-31.185248435075657,-31.901817399728333
1853,kexp,1.5,3,1,0.05,-31.07753846387578,-31.801295312261708
1854,kexp,1.5,3,1,0.01,-31.0434397229888,-31.769523500237987
1855,kexp,1.5,3,1,0,-31.042023251583743,-31.768204274789138
1856,kexp,1.5,3,1.5,0.5,-38.124709033313245,-38.69556156908401
1857,kexp,1.5,3,1.5,0.1,-35.209681512235484,-35.92959983015228
1858,kexp,1.5,3,1.5,0.05,-35.11065058604285,-35.83627539377413
1859,kexp,1.5,3,1.5,0.01,-35.078905884152306,-35.80637440551752
1860,kexp,1.5,3,1.5,0,-35.07758266617975,-35.80512819749053
1861,kexp,1.5,3.5,0.5,0.5,-30.79488966898047,-31.290338705707562
1862,kexp,1.5,3.5,0.5,0.1,-27.508130153329034,-28.25360978610653
1863,kexp,1.5,3.5,0.5,0.05,-27.487827728505717,-28.241281690500116
1864,kexp,1.5,3.5,0.5,0.01,-27.48580525568389,-28.241784158871077
1865,kexp,1.5,3.5,0.5,0,-27.48577311738789,-28.241856960063558
1866,kexp,1.5,3.5,1,0.5,-34.90899589340413,-35.465822123190435
1867,kexp,1.5,3.5,1,0.1,-31.519607760023618,-32.2759822943041
1868,kexp,1.5,3.5,1,0.05,-31.40843685616998,-32.17279894658353
1869,kexp,1.5,3.5,1,0.01,-31.37298607856072,-32.13993569040123
1870,kexp,1.5,3.5,1,0,-31.371510483091814,-32.13856824785391
1871,kexp,1.5,3.5,1.5,0.5,-38.42889833803914,-39.02905322172035
1872,kexp,1.5,3.5,1.5,0.1,-35.58781076919642,-36.3501612402583
1873,kexp,1.5,3.5,1.5,0.05,-35.49009298507607,-36.25870177603715
1874,kexp,1.5,3.5,1.5,0.01,-35.4587212477337,-36.22935250571778
1875,kexp,1.5,3.5,1.5,0,-35.457413038397554,-36.2281287771887
1876,kexp,1.5,4,0.5,0.5,-31.00317074020307,-31.50713275435015
1877,kexp,1.5,4,0.5,0.1,-27.743249304323403,-28.508176291619186
1878,kexp,1.5,4,0.5,0.05,-27.703608604570196,-28.477204594412207
1879,kexp,1.5,4,0.5,0.01,-27.69406165715802,-28.470407196134822
1880,kexp,1.5,4,0.5,0,-27.693700038811826,-28.470159882867563
1881,kexp,1.5,4,1,0.5,-35.1397262960545,-35.714156672068754
1882,kexp,1.5,4,1,0.1,-31.8124869857844,-32.59822876389361
1883,kexp,1.5,4,1,0.05,-31.700720354805707,-32.49499254611363
1884,kexp,1.5,4,1,0.01,-31.66495876002263,-32.46199461036742
1885,kexp,1.5,4,1,0,-31.66346884918113,-32.460620216229586
1886,kexp,1.5,4,1.5,0.5,-38.678540120670945,-39.30154373591434
1887,kexp,1.5,4,1.5,0.1,-35.905309422502285,-36.70044792694699
1888,kexp,1.5,4,1.5,0.05,-35.809458894068115,-36.61126320386395
1889,kexp,1.5,4,1.5,0.01,-35.77866617889716,-36.58262473422168
1890,kexp,1.5,4,1.5,0,-35.77738188604266,-36.58143042742228
1891,kexp,1.5,6,0.5,0.5,-31.54628435754246,-32.067188903845576
1892,kexp,1.5,6,0.5,0.1,-28.483165664627446,-29.26201776677362
1893,kexp,1.5,6,0.5,0.05,-28.422667853592984,-29.208876485373516
1894,kexp,1.5,6,0.5,0.01,-28.404745435945674,-29.19321984066958
1895,kexp,1.5,6,0.5,0,-28.404014814262936,-29.192582618228244
1896,kexp,1.5,6,1,0.5,-35.73906920114132,-36.3547932770182
1897,kexp,1.5,6,1,0.1,-32.62093034023854,-33.468076750604766
1898,kexp,1.5,6,1,0.05,-32.51386244828389,-33.370268187021914
1899,kexp,1.5,6,1,0.01,-32.479488233785155,-33.338889255924094
1900,kexp,1.5,6,1,0,-32.47805480808935,-33.337580977010475
1901,kexp,1.5,6,1.5,0.5,-39.32348290167338,-40.00320371547635
1902,kexp,1.5,6,1.5,0.1,-36.74551767615693,-37.618704448948804
1903,kexp,1.5,6,1.5,0.05,-36.656519775484966,-37.53718275282149
1904,kexp,1.5,6,1.5,0.01,-36.62791794450118,-37.51099603072504
1905,kexp,1.5,6,1.5,0,-36.62672490610432,-37.50990386334441
1906,kexp,1.5,8,0.5,0.5,-31.825730163847382,-32.36122703423956
1907,kexp,1.5,8,0.5,0.1,-28.90538861060876,-29.686829510969147
1908,kexp,1.5,8,0.5,0.05,-28.8449386279213,-29.631588821480104
1909,kexp,1.5,8,0.5,0.01,-28.826742789822877,-29.614901350416222
1910,kexp,1.5,8,0.5,0,-28.82599742586264,-29.61421703133827
1911,kexp,1.5,8,1,0.5,-36.052915640922116,-36.69614348460489
1912,kexp,1.5,8,1,0.1,-33.059290507295295,-33.942546135889934
1913,kexp,1.5,8,1,0.05,-32.95679428353686,-33.849470190135705
1914,kexp,1.5,8,1,0.01,-32.92388358313599,-33.81960178878963
1915,kexp,1.5,8,1,0,-32.92251113396823,-33.818356395399114
1916,kexp,1.5,8,1.5,0.5,-39.663105377551986,-40.37933239442656
1917,kexp,1.5,8,1.5,0.1,-37.19192921604672,-38.113128296450036
1918,kexp,1.5,8,1.5,0.05,-37.107074073321286,-38.03614623521522
1919,kexp,1.5,8,1.5,0.01,-37.07980965897988,-38.011423974432425
1920,kexp,1.5,8,1.5,0,-37.07867247007657,-38.010392950159634
1921,kexp,1.5,10,0.5,0.5,-31.985403901437714,-32.53976762106766
1922,kexp,1.5,10,0.5,0.1,-29.143918602242625,-29.946614148484176
1923,kexp,1.5,10,0.5,0.05,-29.085012407508493,-29.891996336558893
1924,kexp,1.5,10,0.5,0.01,-29.067243814464863,-29.875399324232863
1925,kexp,1.5,10,0.5,0,-29.06651548430103,-29.874717530283483
1926,kexp,1.5,10,1,0.5,-36.2363913464821,-36.90576162840381
1927,kexp,1.5,10,1,0.1,-33.31343899798874,-34.232760286294294
1928,kexp,1.5,10,1,0.05,-33.2137547511398,-34.142775617685594
1929,kexp,1.5,10,1,0.01,-33.18175251360159,-34.11390287165844
1930,kexp,1.5,10,1,0,-33.180418007825274,-34.112699030157934
1931,kexp,1.5,10,1.5,0.5,-39.86371250177446,-40.61120155570355
1932,kexp,1.5,10,1.5,0.1,-37.452481034108835,-38.41511957754869
1933,kexp,1.5,10,1.5,0.05,-37.369983247897615,-38.34085516930283
1934,kexp,1.5,10,1.5,0.01,-37.343480966425815,-38.31701066214289
1935,kexp,1.5,10,1.5,0,-37.34237561573996,-38.316016296856496
1936,kexp,1.5,25,0.5,0.5,-32.33384336084164,-33.017236494593355
1937,kexp,1.5,25,0.5,0.1,-29.587965596635346,-30.637132616407026
1938,kexp,1.5,25,0.5,0.05,-29.530518125423644,-30.58821333434753
1939,kexp,1.5,25,0.5,0.01,-29.513162540540804,-30.573360131365597
1940,kexp,1.5,25,0.5,0,-29.512450826678226,-30.572750089041527
1941,kexp,1.5,25,1,0.5,-36.629049033766904,-37.43542544871075
1942,kexp,1.5,25,1,0.1,-33.817503129546346,-34.941656245760065
1943,kexp,1.5,25,1,0.05,-33.72218156259617,-34.858637706563805
1944,kexp,1.5,25,1,0.01,-33.69159082559675,-34.832014787079174
1945,kexp,1.5,25,1,0,-33.690315297605146,-34.8309049071965
1946,kexp,1.5,25,1.5,0.5,-40.29186162636412,-41.18094893299917
1947,kexp,1.5,25,1.5,0.1,-37.97868792287768,-39.13255890062326
1948,kexp,1.5,25,1.5,0.05,-37.89993951684137,-39.063900557956515
1949,kexp,1.5,25,1.5,0.01,-37.874648323156386,-39.04186542423542
1950,kexp,1.5,25,1.5,0,-37.87359355465429,-39.04094661332216
1951,kexp,1.75,0.2,0.5,0.5,-29.231364428868797,-29.551056460278676
1952,kexp,1.75,0.2,0.5,0.1,-64.69998635854526,-65.20347125143547
1953,kexp,1.75,0.2,0.5,0.05,-90.19694773344862,-90.71348945893945
1954,kexp,1.75,0.2,0.5,0.01,-110.07103123784393,-110.59862381222787
1955,kexp,1.75,0.2,0.5,0,-111.23377792107192,-111.76203776655925
1956,kexp,1.75,0.2,1,0.5,-31.036958274172168,-31.26865582973791
1957,kexp,1.75,0.2,1,0.1,-46.99587556523643,-47.289524549773866
1958,kexp,1.75,0.2,1,0.05,-56.53036799937108,-56.82998119856946
1959,kexp,1.75,0.2,1,0.01,-62.051835529153486,-62.35491155189228
1960,kexp,1.75,0.2,1,0,-62.330675581789315,-62.633926608561474
1961,kexp,1.75,0.2,1.5,0.5,-32.676999774049094,-32.865553332073446
1962,kexp,1.75,0.2,1.5,0.1,-41.34557516091315,-41.56851515056475
1963,kexp,1.75,0.2,1.5,0.05,-46.234600210830756,-46.46105637099057
1964,kexp,1.75,0.2,1.5,0.01,-48.70234941993978,-48.93051651965082
1965,kexp,1.75,0.2,1.5,0,-48.82029823406351,-49.04854632126318
1966,kexp,1.75,0.5,0.5,0.5,-29.234290266088433,-29.580673962276137
1967,kexp,1.75,0.5,0.5,0.1,-39.660870909813035,-40.153140939069054
1968,kexp,1.75,0.5,0.5,0.05,-46.26004200015358,-46.770443587970085
1969,kexp,1.75,0.5,0.5,0.01,-49.83088873006079,-50.35269952960976
1970,kexp,1.75,0.5,0.5,0,-50.006017840795046,-50.52841012022484
1971,kexp,1.75,0.5,1,0.5,-31.704932354799507,-31.994839535179434
1972,kexp,1.75,0.5,1,0.1,-33.64009191065531,-34.00023625693317
1973,kexp,1.75,0.5,1,0.05,-35.48914848410759,-35.857465915868836
1974,kexp,1.75,0.5,1,0.01,-36.31769070794219,-36.68961848688705
1975,kexp,1.75,0.5,1,0,-36.35561952116441,-36.72771223146361
1976,kexp,1.75,0.5,1.5,0.5,-33.99525157371614,-34.26042294718966
1977,kexp,1.75,0.5,1.5,0.1,-33.50793865736389,-33.82324095208987
1978,kexp,1.75,0.5,1.5,0.05,-34.26466164430718,-34.58471566955412
1979,kexp,1.75,0.5,1.5,0.01,-34.58193569002962,-34.903846733024174
1980,kexp,1.75,0.5,1.5,0,-34.596143514475784,-34.91813636839756
1981,kexp,1.75,1,0.5,0.5,-29.122479813573506,-29.496274050192866
1982,kexp,1.75,1,0.5,0.1,-30.4027657013926,-30.86035819057353
1983,kexp,1.75,1,0.5,0.05,-32.30084560078214,-32.7592537823682
1984,kexp,1.75,1,0.5,0.01,-33.15934932263389,-33.618829603287274
1985,kexp,1.75,1,0.5,0,-33.198746079151064,-33.65828444816379
1986,kexp,1.75,1,1,0.5,-32.296228587402545,-32.66003999242805
1987,kexp,1.75,1,1,0.1,-30.116619431322412,-30.55646765312804
1988,kexp,1.75,1,1,0.05,-30.464428435401445,-30.907767032112126
1989,kexp,1.75,1,1,0.01,-30.60974082790822,-31.05434387725075
1990,kexp,1.75,1,1,0,-30.616223232600973,-31.060880890678476
1991,kexp,1.75,1,1.5,0.5,-35.15166354676594,-35.5202326054468
1992,kexp,1.75,1,1.5,0.1,-32.44959257290136,-32.88530657205058
1993,kexp,1.75,1,1.5,0.05,-32.514339141673986,-32.952999838823885
1994,kexp,1.75,1,1.5,0.01,-32.54466074750815,-32.98431610246436
1995,kexp,1.75,1,1.5,0,-32.54603905043619,-32.9857364715354
1996,kexp,1.75,1.5,0.5,0.5,-29.293977410101306,-29.71287844026267
1997,kexp,1.75,1.5,0.5,0.1,-27.975154688608296,-28.482697909012536
1998,kexp,1.75,1.5,0.5,0.05,-28.765572460181613,-29.26814029798972
1999,kexp,1.75,1.5,0.5,0.01,-29.10137789668643,-29.602204367345408
2000,kexp,1.75,1.5,0.5,0,-29.116464499890217,-29.617217406849885
2001,kexp,1.75,1.5,1,0.5,-32.827986167881,-33.2673942662428
2002,kexp,1.75,1.5,1,0.1,-29.68181331830723,-30.223184365490056
2003,kexp,1.75,1.5,1,0.05,-29.733271770281895,-30.27769168451386
2004,kexp,1.75,1.5,1,0.01,-29.759627299892983,-30.305033274819355
2005,kexp,1.75,1.5,1,0,-29.760843990281757,-30.30629120763551
2006,kexp,1.75,1.5,1.5,0.5,-35.938833121272005,-36.40142299493784
2007,kexp,1.75,1.5,1.5,0.1,-32.836560852202915,-33.392469865531105
2008,kexp,1.75,1.5,1.5,0.05,-32.781903974447594,-33.34113141166339
2009,kexp,1.75,1.5,1.5,0.01,-32.766890701940305,-33.327191184660485
2010,kexp,1.75,1.5,1.5,0,-32.766293920461656,-33.32663924128045
2011,kexp,1.75,2,0.5,0.5,-29.579205036261556,-30.038904320174716
2012,kexp,1.75,2,0.5,0.1,-27.201958035004743,-27.777168927312843
2013,kexp,1.75,2,0.5,0.05,-27.574210224488446,-28.144896506701322
2014,kexp,1.75,2,0.5,0.01,-27.729631994972948,-28.298602748281887
2015,kexp,1.75,2,0.5,0,-27.736564930207905,-28.30546144779065
2016,kexp,1.75,2,1,0.5,-33.29869202245189,-33.80084809193494
2017,kexp,1.75,2,1,0.1,-29.834165263316738,-30.469034404976068
2018,kexp,1.75,2,1,0.05,-29.78729946920933,-30.42639819807408
2019,kexp,1.75,2,1,0.01,-29.77608511976786,-30.416537869451158
2020,kexp,1.75,2,1,0,-29.775662201460552,-30.416171387339304
2021,kexp,1.75,2,1.5,0.5,-36.53966391425648,-37.078017069989805
2022,kexp,1.75,2,1.5,0.1,-33.3640744596208,-34.02265589425711
2023,kexp,1.75,2,1.5,0.05,-33.27491332331099,-33.93783555668167
2024,kexp,1.75,2,1.5,0.01,-33.24716519157639,-33.9114868446284
2025,kexp,1.75,2,1.5,0,-33.24601805860504,-33.91039813391621
2026,kexp,1.75,2.5,0.5,0.5,-29.886072065398658,-30.377566636324094
2027,kexp,1.75,2.5,0.5,0.1,-27.038435325679213,-27.681092001023522
2028,kexp,1.75,2.5,0.5,0.05,-27.219069535161378,-27.85988375085717
2029,kexp,1.75,2.5,0.5,0.01,-27.29574192131112,-27.935743562516414
2030,kexp,1.75,2.5,0.5,0,-27.29916705969912,-27.939132515927035
2031,kexp,1.75,2.5,1,0.5,-33.70768386673405,-34.25980585764134
2032,kexp,1.75,2.5,1,0.1,-30.15067127272026,-30.866372465942188
2033,kexp,1.75,2.5,1,0.05,-30.06438057986926,-30.785869741782207
2034,kexp,1.75,2.5,1,0.01,-30.03842205016658,-30.761775120980463
2035,kexp,1.75,2.5,1,0,-30.037359648211815,-30.76079051651407
2036,kexp,1.75,2.5,1.5,0.5,-37.022610286090085,-37.621334500392805
2037,kexp,1.75,2.5,1.5,0.1,-33.87427477496115,-34.61827388559293
2038,kexp,1.75,2.5,1.5,0.05,-33.77394741502871,-34.52337451880522
2039,kexp,1.75,2.5,1.5,0.01,-33.742072682556575,-34.49325217252029
2040,kexp,1.75,2.5,1.5,0,-33.740747277781274,-34.49199995010874
2041,kexp,1.75,3,0.5,0.5,-30.175967969724443,-30.691010391484703
2042,kexp,1.75,3,0.5,0.1,-27.128479093446217,-27.829078482169763
2043,kexp,1.75,3,0.5,0.05,-27.211593162341867,-27.91321804913007
2044,kexp,1.75,3,0.5,0.01,-27.24927441438271,-27.951060164202776
2045,kexp,1.75,3,0.5,0,-27.250976993029294,-27.9527677001202
2046,kexp,1.75,3,1,0.5,-34.05855849269783,-34.65007686697465
2047,kexp,1.75,3,1,0.1,-30.50255784000629,-31.28516886019161
2048,kexp,1.75,3,1,0.05,-30.399303520413962,-31.189137688324788
2049,kexp,1.75,3,1,0.01,-30.367028415919783,-31.15919719028485
2050,kexp,1.75,3,1,0,-30.3656925052178,-31.157958810246257
2051,kexp,1.75,3,1.5,0.5,-37.41950215983151,-38.06645597717849
2052,kexp,1.75,3,1.5,0.1,-34.33236179036016,-35.14625593240567
2053,kexp,1.75,3,1.5,0.05,-34.22901841534855,-35.04929466294467
2054,kexp,1.75,3,1.5,0.01,-34.19596472554448,-35.01830341189913
2055,kexp,1.75,3,1.5,0,-34.19458777601516,-35.017012613689886
2056,kexp,1.75,3.5,0.5,0.5,-30.434162442014646,-30.966067277086502
2057,kexp,1.75,3.5,0.5,0.1,-27.31940357770997,-28.06361759753622
2058,kexp,1.75,3.5,0.5,0.05,-27.349553714011595,-28.096956820024467
2059,kexp,1.75,3.5,0.5,0.01,-27.366375356820217,-28.114666078478077
2060,kexp,1.75,3.5,0.5,0,-27.3671606589963,-28.115486966933318
2061,kexp,1.75,3.5,1,0.5,-34.3566424164486,-34.978926376669506
2062,kexp,1.75,3.5,1,0.1,-30.840978610773554,-31.676594528290263
2063,kexp,1.75,3.5,1,0.05,-30.7305027239027,-31.574474016837872
2064,kexp,1.75,3.5,1,0.01,-30.695500806850298,-31.54217692186637
2065,kexp,1.75,3.5,1,0,-30.694046498631106,-31.54083565271065
2066,kexp,1.75,3.5,1.5,0.5,-37.7486920062657,-38.43414723212463
2067,kexp,1.75,3.5,1.5,0.1,-34.73137810760431,-35.60143366128738
2068,kexp,1.75,3.5,1.5,0.05,-34.628152139098816,-35.50535497262534
2069,kexp,1.75,3.5,1.5,0.01,-34.59504539351371,-35.474558963001016
2070,kexp,1.75,3.5,1.5,0,-34.59366521191208,-35.47327531470622
2071,kexp,1.75,4,0.5,0.5,-30.657242674189018,-31.20089495338516
2072,kexp,1.75,4,0.5,0.1,-27.541059634661842,-28.314039323870066
2073,kexp,1.75,4,0.5,0.05,-27.541273263518118,-28.318670947688606
2074,kexp,1.75,4,0.5,0.01,-27.54638029822985,-28.32506949293883
2075,kexp,1.75,4,0.5,0,-27.546651628294907,-28.325393325113676
2076,kexp,1.75,4,1,0.5,-34.60840344270968,-35.254568798439344
2077,kexp,1.75,4,1,0.1,-31.147990435301924,-32.02415938509123
2078,kexp,1.75,4,1,0.05,-31.034847730439274,-31.920178400011135
2079,kexp,1.75,4,1,0.01,-30.99878236963423,-31.887080252986987
2080,kexp,1.75,4,1,0,-30.997281352955657,-31.88570325311612
2081,kexp,1.75,4,1.5,0.5,-38.023144853045544,-38.73937548416719
2082,kexp,1.75,4,1.5,0.1,-35.074127978722004,-35.98877683502404
2083,kexp,1.75,4,1.5,0.05,-34.972233183185644,-35.89461147561142
2084,kexp,1.75,4,1.5,0.01,-34.93951256968587,-35.86439012556993
2085,kexp,1.75,4,1.5,0,-34.93814802791289,-35.863129995854344
2086,kexp,1.75,6,0.5,0.5,-31.25648304044665,-31.820928816022207
2087,kexp,1.75,6,0.5,0.1,-28.310244219674637,-29.10362167747281
2088,kexp,1.75,6,0.5,0.05,-28.27418340002786,-29.070550058514357
2089,kexp,1.75,6,0.5,0.01,-28.264929871364487,-29.062042209050485
2090,kexp,1.75,6,0.5,0,-28.264570095262968,-29.061711128962237
2091,kexp,1.75,6,1,0.5,-35.279246299319865,-35.980782761712284
2092,kexp,1.75,6,1,0.1,-32.03413716971983,-32.9945206171979
2093,kexp,1.75,6,1,0.05,-31.923573429714754,-32.89420910603397
2094,kexp,1.75,6,1,0.01,-31.888112049984862,-32.86206184719452
2095,kexp,1.75,6,1,0,-31.886633681111842,-32.86072192128769
2096,kexp,1.75,6,1.5,0.5,-38.749013667734275,-39.54195426274246
2097,kexp,1.75,6,1.5,0.1,-36.011496150971276,-37.0326960091997
2098,kexp,1.75,6,1.5,0.05,-35.916465728403686,-36.94654646950512
2099,kexp,1.75,6,1.5,0.01,-35.885919194259245,-36.91886995326197
2100,kexp,1.75,6,1.5,0,-35.88464497646661,-36.917715618801886
2101,kexp,1.75,8,0.5,0.5,-31.56711841186317,-32.143563289887084
2102,kexp,1.75,8,0.5,0.1,-28.76885801322716,-29.547234052554405
2103,kexp,1.75,8,0.5,0.05,-28.730039077266035,-29.507625224946544
2104,kexp,1.75,8,0.5,0.01,-28.71942875376374,-29.496431656332412
2105,kexp,1.75,8,0.5,0,-28.71900691136539,-29.495981776167557
2106,kexp,1.75,8,1,0.5,-35.63479177954654,-36.3684337162403
2107,kexp,1.75,8,1,0.1,-32.52850735356152,-33.529185719707975
2108,kexp,1.75,8,1,0.05,-32.422766001479005,-33.433716895888594
2109,kexp,1.75,8,1,0.01,-32.388836819633504,-33.40309952543954
2110,kexp,1.75,8,1,0,-32.38742215790745,-33.401823112442486
2111,kexp,1.75,8,1.5,0.5,-39.13672112634503,-39.97550321808138
2112,kexp,1.75,8,1.5,0.1,-36.5214320219882,-37.60248819983728
2113,kexp,1.75,8,1.5,0.05,-36.43111933105829,-37.52151889027038
2114,kexp,1.75,8,1.5,0.01,-36.40209468461397,-37.49551165169104
2115,kexp,1.75,8,1.5,0,-36.400884006827035,-37.494426991273706
2116,kexp,1.75,10,0.5,0.5,-31.742370873316084,-32.335374561769115
2117,kexp,1.75,10,0.5,0.1,-29.02599233786367,-29.809734786595026
2118,kexp,1.75,10,0.5,0.05,-28.988032718252207,-29.768651917448103
2119,kexp,1.75,10,0.5,0.01,-28.97758954896574,-29.756798496489736
2120,kexp,1.75,10,0.5,0,-28.977173429504575,-29.75631897129918
2121,kexp,1.75,10,1,0.5,-35.841288824044824,-36.603723949752315
2122,kexp,1.75,10,1,0.1,-32.81493490135146,-33.852988863726864
2123,kexp,1.75,10,1,0.05,-32.712365783034826,-33.76081191625453
2124,kexp,1.75,10,1,0.01,-32.67946081952888,-33.73125139458816
2125,kexp,1.75,10,1,0,-32.67808892869792,-33.73001904933383
2126,kexp,1.75,10,1.5,0.5,-39.36497501227777,-40.24110397888107
2127,kexp,1.75,10,1.5,0.1,-36.819233929686746,-37.94909583993859
2128,kexp,1.75,10,1.5,0.05,-36.731687303430874,-37.8712750009962
2129,kexp,1.75,10,1.5,0.01,-36.70355748537474,-37.846284697070914
2130,kexp,1.75,10,1.5,0,-36.70238419516811,-37.84524250875189
2131,kexp,1.75,25,0.5,0.5,-32.11640428209334,-32.852870656387395
2132,kexp,1.75,25,0.5,0.1,-29.480317790904852,-30.51452068730238
2133,kexp,1.75,25,0.5,0.05,-29.442412164015238,-30.47569792135329
2134,kexp,1.75,25,0.5,0.01,-29.43191264254761,-30.464401014960657
2135,kexp,1.75,25,0.5,0,-29.431493372637714,-30.463942803183194
2136,kexp,1.75,25,1,0.5,-36.2822383476191,-37.20787579314462
2137,kexp,1.75,25,1,0.1,-33.37954799177209,-34.656213213728215
2138,kexp,1.75,25,1,0.05,-33.28192186968481,-34.57169008129254
2139,kexp,1.75,25,1,0.01,-33.250619278869245,-34.544599802780965
2140,kexp,1.75,25,1,0,-33.2493143754893,-34.54347060651971
2141,kexp,1.75,25,1.5,0.5,-39.85550264299194,-40.907459112051605
2142,kexp,1.75,25,1.5,0.1,-37.423501251582294,-38.78896989434798
2143,kexp,1.75,25,1.5,0.05,-37.34038764425651,-38.717774110760885
2144,kexp,1.75,25,1.5,0.01,-37.31369153389195,-38.69492283457091
2145,kexp,1.75,25,1.5,0,-37.312578143179216,-38.69396997437214
2146,kexp,2,0.2,0.5,0.5,-29.11466109305913,-29.46143904619947
2147,kexp,2,0.2,0.5,0.1,-69.50575152719833,-70.05146993548884
2148,kexp,2,0.2,0.5,0.05,-99.69148418074815,-100.24949987306493
2149,kexp,2,0.2,0.5,0.01,-124.77420602300785,-125.34497910883819
2150,kexp,2,0.2,0.5,0,-126.29795531726253,-126.86955279814842
2151,kexp,2,0.2,1,0.5,-30.733678990058515,-30.985964358309896
2152,kexp,2,0.2,1,0.1,-49.71000513580354,-50.0277505077531
2153,kexp,2,0.2,1,0.05,-61.40194195206473,-61.726023795277555
2154,kexp,2,0.2,1,0.01,-68.53104226208538,-68.85925030409665
2155,kexp,2,0.2,1,0,-68.89929074162747,-69.22771496698032
2156,kexp,2,0.2,1.5,0.5,-32.24208796804424,-32.4473340098541
2157,kexp,2,0.2,1.5,0.1,-43.02738199749825,-43.26867558505288
2158,kexp,2,0.2,1.5,0.05,-49.16816670743541,-49.41337252751835
2159,kexp,2,0.2,1.5,0.01,-52.40009446543915,-52.64736100811362
2160,kexp,2,0.2,1.5,0,-52.557059314695984,-52.804425788203574
2161,kexp,2,0.5,0.5,0.5,-29.11916334228288,-29.48477462543923
2162,kexp,2,0.5,0.5,0.1,-42.0010433428494,-42.50808385622245
2163,kexp,2,0.5,0.5,0.05,-50.180928201364836,-50.70921154405932
2164,kexp,2,0.5,0.5,0.01,-54.81867651931288,-55.36219767284984
2165,kexp,2,0.5,0.5,0,-55.050485741366366,-55.59481172890484
2166,kexp,2,0.5,1,0.5,-31.330430043750503,-31.638914225001756
2167,kexp,2,0.5,1,0.1,-34.421230190691745,-34.80164795796903
2168,kexp,2,0.5,1,0.05,-36.82889585193608,-37.21958338923787
2169,kexp,2,0.5,1,0.01,-37.939421692716216,-38.33494337337372
2170,kexp,2,0.5,1,0,-37.990762533808244,-38.38650909174247
2171,kexp,2,0.5,1.5,0.5,-33.439724263877714,-33.7236388786698
2172,kexp,2,0.5,1.5,0.1,-33.605040633650134,-33.942615302114426
2173,kexp,2,0.5,1.5,0.05,-34.63529426435711,-34.978933058546474
2174,kexp,2,0.5,1.5,0.01,-35.07503630314521,-35.42114622393303
2175,kexp,2,0.5,1.5,0,-35.094844897743215,-35.441064979141885
2176,kexp,2,1,0.5,0.5,-28.944649198264795,-29.327148501995627
2177,kexp,2,1,0.5,0.1,-31.402194242865757,-31.83023662531439
2178,kexp,2,1,0.5,0.05,-33.875246676521826,-34.30099207985896
2179,kexp,2,1,0.5,0.01,-35.026138543479576,-35.45241668545937
2180,kexp,2,1,0.5,0,-35.07947241137603,-35.505794812840044
2181,kexp,2,1,1,0.5,-31.835860430421327,-32.2172020803001
2182,kexp,2,1,1,0.1,-30.029237518558567,-30.48081865872126
2183,kexp,2,1,1,0.05,-30.53728829223834,-30.992341953823132
2184,kexp,2,1,1,0.01,-30.750310701467846,-31.206708434080113
2185,kexp,2,1,1,0,-30.759834164085763,-31.216291027609767
2186,kexp,2,1,1.5,0.5,-34.507520835832416,-34.90036657660311
2187,kexp,2,1,1.5,0.1,-31.920871839237293,-32.38296544769702
2188,kexp,2,1,1.5,0.05,-32.051623580579104,-32.516959031504236
2189,kexp,2,1,1.5,0.01,-32.10808171325862,-32.57453578959353
2190,kexp,2,1,1.5,0,-32.11061151499002,-32.577113199200845
2191,kexp,2,1.5,0.5,0.5,-29.056549570964226,-29.480521218026446
2192,kexp,2,1.5,0.5,0.1,-28.485361603920442,-28.939860430123463
2193,kexp,2,1.5,0.5,0.05,-29.571904092423193,-30.0145206931114
2194,kexp,2,1.5,0.5,0.01,-30.040382429881422,-30.478929771362672
2195,kexp,2,1.5,0.5,0,-30.061539578993976,-30.49991553139059
2196,kexp,2,1.5,1,0.5,-32.32998819800949,-32.7898982432003
2197,kexp,2,1.5,1,0.1,-29.32151860657529,-29.874144424507453
2198,kexp,2,1.5,1,0.05,-29.44131862972905,-29.996073703457206
2199,kexp,2,1.5,1,0.01,-29.494697775959345,-30.050139892503182
2200,kexp,2,1.5,1,0,-29.497104722209336,-30.052575606506885
2201,kexp,2,1.5,1.5,0.5,-35.273415180616134,-35.767741038130346
2202,kexp,2,1.5,1.5,0.1,-32.137924018930185,-32.72801750841249
2203,kexp,2,1.5,1.5,0.05,-32.10607999247019,-32.6994705390309
2204,kexp,2,1.5,1.5,0.01,-32.09983076994445,-32.694288677286806
2205,kexp,2,1.5,1.5,0,-32.09961653665562,-32.694119064920656
2206,kexp,2,2,0.5,0.5,-29.30552933074737,-29.771145213463587
2207,kexp,2,2,0.5,0.1,-27.463619331796863,-27.976181800805847
2208,kexp,2,2,0.5,0.05,-28.014284863502542,-28.514061284902212
2209,kexp,2,2,0.5,0.01,-28.244036881275804,-28.739234529092748
2210,kexp,2,2,0.5,0,-28.25429731611721,-28.749299092129952
2211,kexp,2,2,1,0.5,-32.78837491854365,-33.316025330664026
2212,kexp,2,2,1,0.1,-29.354458493606714,-30.005421137214444
2213,kexp,2,2,1,0.05,-29.3412470914738,-29.9953776140159
2214,kexp,2,2,1,0.01,-29.342945251212466,-29.99807245700797
2215,kexp,2,2,1,0,-29.343086118315906,-29.998254689101646
2216,kexp,2,2,1.5,0.5,-35.87592036387051,-36.453957098006555
2217,kexp,2,2,1.5,0.1,-32.604033996422466,-33.30677169159992
2218,kexp,2,2,1.5,0.05,-32.52244923993021,-33.22954530609764
2219,kexp,2,2,1.5,0.01,-32.4976886100967,-33.20618756696824
2220,kexp,2,2,1.5,0,-32.49667248577084,-33.2052299881482
2221,kexp,2,2.5,0.5,0.5,-29.594865454669023,-30.095305023609544
2222,kexp,2,2.5,0.5,0.1,-27.155600768478916,-27.736385252412486
2223,kexp,2,2.5,0.5,0.05,-27.45493695604773,-28.025636935674537
2224,kexp,2,2.5,0.5,0.01,-27.578790286285532,-28.14583116530728
2225,kexp,2,2.5,0.5,0,-27.584298943338847,-28.151182781363435
2226,kexp,2,2.5,1,0.5,-33.19797054577093,-33.78170583184548
2227,kexp,2,2.5,1,0.1,-29.612992531888,-30.353704497538992
2228,kexp,2,2.5,1,0.05,-29.544198622665537,-30.28984385525864
2229,kexp,2,2.5,1,0.01,-29.524884584448994,-30.272105731025945
2230,kexp,2,2.5,1,0,-29.524111330092605,-30.27139812323961
2231,kexp,2,2.5,1.5,0.5,-36.369536171865846,-37.01625675559778
2232,kexp,2,2.5,1.5,0.1,-33.093425957985325,-33.89332759980009
2233,kexp,2,2.5,1.5,0.05,-32.994008026546396,-33.79953761447136
2234,kexp,2,2.5,1.5,0.01,-32.962672329628944,-33.77001762625315
2235,kexp,2,2.5,1.5,0,-32.961372225739076,-33.76879333726086
2236,kexp,2,3,0.5,0.5,-29.880493894091867,-30.40832344848845
2237,kexp,2,3,0.5,0.1,-27.160386301498946,-27.8062164790561
2238,kexp,2,3,0.5,0.05,-27.32867339380854,-27.96788843624068
2239,kexp,2,3,0.5,0.01,-27.399114581407463,-28.03586512207113
2240,kexp,2,3,0.5,0,-27.402250425227635,-28.038894597113032
2241,kexp,2,3,1,0.5,-33.55714618002376,-34.18687356324903
2242,kexp,2,3,1,0.1,-29.939227690582978,-30.75801685476035
2243,kexp,2,3,1,0.05,-29.845054420681254,-30.670540084502083
2244,kexp,2,3,1,0.01,-29.816252847169213,-30.64389527635174
2245,kexp,2,3,1,0,-29.815068243543287,-30.642800697762237
2246,kexp,2,3,1.5,0.5,-36.78172216801862,-37.485069325225254
2247,kexp,2,3,1.5,0.1,-33.550755034256326,-34.43308830920018
2248,kexp,2,3,1.5,0.05,-33.44508225863349,-34.33422002239868
2249,kexp,2,3,1.5,0.01,-33.41139945370061,-34.302736148191684
2250,kexp,2,3,1.5,0,-33.409997616380515,-34.30142616471129
2251,kexp,2,3.5,0.5,0.5,-30.143111250686037,-30.69163897646245
2252,kexp,2,3.5,0.5,0.1,-27.30370135127914,-28.002631909070185
2253,kexp,2,3.5,0.5,0.05,-27.398946901408323,-28.09412882600657
2254,kexp,2,3.5,0.5,0.01,-27.440208541752327,-28.133900080122753
2255,kexp,2,3.5,0.5,0,-27.44205590965258,-28.135682253988637
2256,kexp,2,3.5,1,0.5,-33.8681935240638,-34.53516589889768
2257,kexp,2,3.5,1,0.1,-30.271102519272475,-31.154444180821084
2258,kexp,2,3.5,1,0.05,-30.165029394065858,-31.05652758084361
2259,kexp,2,3.5,1,0.01,-30.1317700864146,-31.02590421027363
2260,kexp,2,3.5,1,0,-30.130392213754785,-31.02463645399132
2261,kexp,2,3.5,1.5,0.5,-37.128738344104846,-37.87864334111566
2262,kexp,2,3.5,1.5,0.1,-33.960121565837504,-34.91083571208555
2263,kexp,2,3.5,1.5,0.05,-33.85291678656229,-34.81141205168345
2264,kexp,2,3.5,1.5,0.01,-33.818591416101725,-34.77960315069702
2265,kexp,2,3.5,1.5,0,-33.817161081856206,-34.7782779540602
2266,kexp,2,4,0.5,0.5,-30.375684453018494,-30.93931593111453
2267,kexp,2,4,0.5,0.1,-27.502096063142986,-28.238805943696104
2268,kexp,2,4,0.5,0.05,-27.554865046278916,-28.289618933850782
2269,kexp,2,4,0.5,0.01,-27.579345418657933,-28.313204808680293
2270,kexp,2,4,0.5,0,-27.58045437754256,-28.314273602804985
2271,kexp,2,4,1,0.5,-34.13538192975476,-34.83215960837851
2272,kexp,2,4,1,0.1,-30.583051221238073,-31.517542953036667
2273,kexp,2,4,1,0.05,-30.471617174710243,-31.415343940675672
2274,kexp,2,4,1,0.01,-30.436308170178908,-31.383022831364315
2275,kexp,2,4,1,0,-30.434841053235534,-31.381680566134225
2276,kexp,2,4,1.5,0.5,-37.422094984708266,-38.21014380761607
2277,kexp,2,4,1.5,0.1,-34.319340239059706,-35.325765751158954
2278,kexp,2,4,1.5,0.05,-34.21262674377134,-35.22759430698289
2279,kexp,2,4,1.5,0.01,-34.17838758791488,-35.19611840843748
2280,kexp,2,4,1.5,0,-34.17696004520179,-35.19480632064654
2281,kexp,2,6,0.5,0.5,-31.022647563995275,-31.613301209967062
2282,kexp,2,6,0.5,0.1,-28.28031785039648,-29.049599103487104
2283,kexp,2,6,0.5,0.05,-28.27780798768794,-29.04376913565257
2284,kexp,2,6,0.5,0.01,-28.280444639486028,-29.044957767694605
2285,kexp,2,6,0.5,0,-28.280593470788578,-29.04504193402671
2286,kexp,2,6,1,0.5,-34.867428544718685,-35.635011990201896
2287,kexp,2,6,1,0.1,-31.528032529017654,-32.571843955772096
2288,kexp,2,6,1,0.05,-31.41597094207332,-32.47052036304895
2289,kexp,2,6,1,0.01,-31.38009045006127,-32.4381060738392
2290,kexp,2,6,1,0,-31.378595291133436,-32.436755657485634
2291,kexp,2,6,1.5,0.5,-38.21730800000706,-39.102742451884296
2292,kexp,2,6,1.5,0.1,-35.335879231469825,-36.47849494618191
2293,kexp,2,6,1.5,0.05,-35.235524519250816,-36.388200716779494
2294,kexp,2,6,1.5,0.01,-35.20326501732831,-36.3591934895155
2295,kexp,2,6,1.5,0,-35.201919331319,-36.35798366537667
2296,kexp,2,8,0.5,0.5,-31.365099697419733,-31.96637202045127
2297,kexp,2,8,0.5,0.1,-28.774695755434326,-29.513923627784806
2298,kexp,2,8,0.5,0.05,-28.765844931096876,-29.496221594290134
2299,kexp,2,8,0.5,0.01,-28.76573001212353,-29.492705850593932
2300,kexp,2,8,0.5,0,-28.765755708014954,-29.49258341749825
2301,kexp,2,8,1,0.5,-35.263962937236826,-36.069501242559475
2302,kexp,2,8,1,0.1,-32.075885042705266,-33.16583463606489
2303,kexp,2,8,1,0.05,-31.968682596300113,-33.06923197223206
2304,kexp,2,8,1,0.01,-31.93432773041294,-33.03828442485051
2305,kexp,2,8,1,0,-31.932895796456226,-33.036994616419555
2306,kexp,2,8,1.5,0.5,-38.6514720311677,-39.593211415412576
2307,kexp,2,8,1.5,0.1,-35.90628187204808,-37.12198701423726
2308,kexp,2,8,1.5,0.05,-35.81112630197837,-37.03741977989328
2309,kexp,2,8,1.5,0.01,-35.780541708643995,-37.01025475166533
2310,kexp,2,8,1.5,0,-35.77926592600782,-37.009121782798786
2311,kexp,2,10,0.5,0.5,-31.55663642644112,-32.17172727523628
2312,kexp,2,10,0.5,0.1,-29.052162778930008,-29.778643535100425
2313,kexp,2,10,0.5,0.05,-29.043409091284868,-29.75698954670263
2314,kexp,2,10,0.5,0.01,-29.04316643443407,-29.751918211961655
2315,kexp,2,10,0.5,0,-29.043184972478624,-29.751727625276423
2316,kexp,2,10,1,0.5,-35.493795482374324,-36.33081465672665
2317,kexp,2,10,1,0.1,-32.39489566665164,-33.52300954213028
2318,kexp,2,10,1,0.05,-32.29121357920894,-33.42982580138469
2319,kexp,2,10,1,0.01,-32.25799427836825,-33.39997070231366
2320,kexp,2,10,1,0,-32.25660975315365,-33.398726388023704
2321,kexp,2,10,1.5,0.5,-38.90731216159561,-39.892764951827616
2322,kexp,2,10,1.5,0.1,-36.241178593726374,-37.513156091414636
2323,kexp,2,10,1.5,0.05,-36.14919789875271,-37.43214951803242
2324,kexp,2,10,1.5,0.01,-36.119640952994914,-37.40613435622989
2325,kexp,2,10,1.5,0,-36.118408113450045,-37.405049409011944
2326,kexp,2,25,0.5,0.5,-31.9515556019478,-32.71774066064654
2327,kexp,2,25,0.5,0.1,-29.509772427557948,-30.471908915443443
2328,kexp,2,25,0.5,0.05,-29.499570832508343,-30.44784470719755
2329,kexp,2,25,0.5,0.01,-29.49877576793404,-30.44172044127968
2330,kexp,2,25,0.5,0,-29.498770333098296,-30.441482826506977
2331,kexp,2,25,1,0.5,-35.976891499274466,-36.99919351691997
2332,kexp,2,25,1,0.1,-33.012072087645954,-34.40482628621099
2333,kexp,2,25,1,0.05,-32.913883797697046,-34.31971528402
2334,kexp,2,25,1,0.01,-32.88244997319201,-34.29246288267599
2335,kexp,2,25,1,0,-32.881140140446625,-34.291327218641456
2336,kexp,2,25,1.5,0.5,-39.45315796288737,-40.64622757121715
2337,kexp,2,25,1.5,0.1,-36.91520064427375,-38.46328464668878
2338,kexp,2,25,1.5,0.05,-36.828321807202016,-38.389825921876046
2339,kexp,2,25,1.5,0.01,-36.800417285821986,-38.36624858137298
2340,kexp,2,25,1.5,0,-36.79925350963451,-38.36526544942602
2341,kexp,2.25,0.2,0.5,0.5,-29.02565041115972,-29.396151445784668
2342,kexp,2.25,0.2,0.5,0.1,-74.10159373241167,-74.68666797564256
2343,kexp,2.25,0.2,0.5,0.05,-108.96703284542552,-109.56259478661883
2344,kexp,2.25,0.2,0.5,0.01,-139.6562043942934,-140.2656668162642
2345,kexp,2.25,0.2,0.5,0,-141.58886294263644,-142.19928915647395
2346,kexp,2.25,0.2,1,0.5,-30.48105136083571,-30.751896015148212
2347,kexp,2.25,0.2,1,0.1,-52.397176497807386,-52.736659151969455
2348,kexp,2.25,0.2,1,0.05,-66.31036845809423,-66.65616309831836
2349,kexp,2.25,0.2,1,0.01,-75.21041748032981,-75.56086605016071
2350,kexp,2.25,0.2,1,0,-75.68037745691741,-76.03107902279977
2351,kexp,2.25,0.2,1.5,0.5,-31.87496402469387,-32.09524295858059
2352,kexp,2.25,0.2,1.5,0.1,-44.75790576638047,-45.01545087890126
2353,kexp,2.25,0.2,1.5,0.05,-52.21604191638719,-52.47769877715541
2354,kexp,2.25,0.2,1.5,0.01,-56.3000408832026,-56.564050629720015
2355,kexp,2.25,0.2,1.5,0,-56.50153905948292,-56.765665742712464
2356,kexp,2.25,0.5,0.5,0.5,-29.039245659847232,-29.419184706006877
2357,kexp,2.25,0.5,0.5,0.1,-44.36390750870677,-44.878033698318646
2358,kexp,2.25,0.5,0.5,0.05,-54.188692720736086,-54.72667326087137
2359,kexp,2.25,0.5,0.5,0.01,-60.00879214312918,-60.566232285618874
2360,kexp,2.25,0.5,0.5,0,-60.30515967399898,-60.863663279670675
2361,kexp,2.25,0.5,1,0.5,-31.021514942497536,-31.34418671743767
2362,kexp,2.25,0.5,1,0.1,-35.30241746857454,-35.6970108262795
2363,kexp,2.25,0.5,1,0.05,-38.31464958315648,-38.721636562635865
2364,kexp,2.25,0.5,1,0.01,-39.74408291519037,-40.15727372223072
2365,kexp,2.25,0.5,1,0,-39.81082514498586,-40.224309665241194
2366,kexp,2.25,0.5,1.5,0.5,-32.96893822479588,-33.267313611335155
2367,kexp,2.25,0.5,1.5,0.1,-33.83004217799544,-34.18444483995449
2368,kexp,2.25,0.5,1.5,0.05,-35.16362531718785,-35.525469067166746
2369,kexp,2.25,0.5,1.5,0.01,-35.74374122931135,-36.10874360085281
2370,kexp,2.25,0.5,1.5,0,-35.77003706835942,-36.135181893474886
2371,kexp,2.25,1,0.5,0.5,-28.820528315527902,-29.20525331139748
2372,kexp,2.25,1,0.5,0.1,-32.50639363127272,-32.89411800920665
2373,kexp,2.25,1,0.5,0.05,-35.6018571590472,-35.9835541767645
2374,kexp,2.25,1,0.5,0.01,-37.0834632531129,-37.465069240432896
2375,kexp,2.25,1,0.5,0,-37.152803945989554,-37.534439728647634
2376,kexp,2.25,1,1,0.5,-31.450168637608648,-31.842228394463238
2377,kexp,2.25,1,1,0.1,-30.06466366158124,-30.51863082971413
2378,kexp,2.25,1,1,0.05,-30.75395273464023,-31.2112508735083
2379,kexp,2.25,1,1,0.01,-31.045580414309338,-31.504287270767538
2380,kexp,2.25,1,1,0,-31.058662279012115,-31.517432571508113
2381,kexp,2.25,1,1.5,0.5,-33.94926537286519,-34.35931066519974
2382,kexp,2.25,1,1.5,0.1,-31.518227536529864,-31.997929432994415
2383,kexp,2.25,1,1.5,0.05,-31.72639026386391,-32.209582528386186
2384,kexp,2.25,1,1.5,0.01,-31.814028161225426,-32.29845693507552
2385,kexp,2.25,1,1.5,0,-31.817938490000756,-32.30242028577627
2386,kexp,2.25,1.5,0.5,0.5,-28.882112520437094,-29.30269023485227
2387,kexp,2.25,1.5,0.5,0.1,-29.126843686871638,-29.513051315011783
2388,kexp,2.25,1.5,0.5,0.05,-30.54307772157942,-30.909393496643574
2389,kexp,2.25,1.5,0.5,0.01,-31.163979468147712,-31.523511672915095
2390,kexp,2.25,1.5,0.5,0,-31.192181689945212,-31.551428411052843
2391,kexp,2.25,1.5,1,0.5,-31.90602466108215,-32.37746140370625
2392,kexp,2.25,1.5,1,0.1,-29.0827160927362,-29.63385188148598
2393,kexp,2.25,1.5,1,0.05,-29.283008228806988,-29.83505359874137
2394,kexp,2.25,1.5,1,0.01,-29.36873113054537,-29.921066198350594
2395,kexp,2.25,1.5,1,0,-29.372569416709055,-29.92491667283223
2396,kexp,2.25,1.5,1.5,0.5,-34.68786801278667,-35.204631907163
2397,kexp,2.25,1.5,1.5,0.1,-31.554424161603578,-32.166939750435674
2398,kexp,2.25,1.5,1.5,0.05,-31.55149698828641,-32.167151044890375
2399,kexp,2.25,1.5,1.5,0.01,-31.55641469318575,-32.17308623132794
2400,kexp,2.25,1.5,1.5,0,-31.556688758995495,-32.17340286012455
2401,kexp,2.25,2,0.5,0.5,-29.09731389296827,-29.558307173889936
2402,kexp,2.25,2,0.5,0.1,-27.869266511398976,-28.29863663833454
2403,kexp,2.25,2,0.5,0.05,-28.623580873264014,-29.030412767502177
2404,kexp,2.25,2,0.5,0.01,-28.940119117422068,-29.338963289258103
2405,kexp,2.25,2,0.5,0,-28.954292136790784,-29.35279530990919
2406,kexp,2.25,2,1,0.5,-32.348921448199285,-32.89094001081077
2407,kexp,2.25,2,1,0.1,-28.992298589558036,-29.642966673734648
2408,kexp,2.25,2,1,0.05,-29.020845914155135,-29.673209651741054
2409,kexp,2.25,2,1,0.01,-29.038690471407556,-29.691554516945512
2410,kexp,2.25,2,1,0,-29.0395380397932,-29.692422504665984
2411,kexp,2.25,2,1.5,0.5,-35.28601507280777,-35.89227683246365
2412,kexp,2.25,2,1.5,0.1,-31.949914420311426,-32.68200470123333
2413,kexp,2.25,2,1.5,0.05,-31.87977592013064,-32.61605389381837
2414,kexp,2.25,2,1.5,0.01,-31.85943331031183,-32.59705548071652
2415,kexp,2.25,2,1.5,0,-31.858610107510458,-32.59628833630222
2416,kexp,2.25,2.5,0.5,0.5,-29.36756749032858,-29.86466932397655
2417,kexp,2.25,2.5,0.5,0.1,-27.420928105956083,-27.91440533147135
2418,kexp,2.25,2.5,0.5,0.05,-27.85895439528395,-28.332384171634047
2419,kexp,2.25,2.5,0.5,0.01,-28.038835473347486,-28.50513855935411
2420,kexp,2.25,2.5,0.5,0,-28.046830705850358,-28.512829230822017
2421,kexp,2.25,2.5,1,0.5,-32.75481243029793,-33.357058325558626
2422,kexp,2.25,2.5,1,0.1,-29.18725869282355,-29.933221480723834
2423,kexp,2.25,2.5,1,0.05,-29.14187804058603,-29.891450551626924
2424,kexp,2.25,2.5,1,0.01,-29.131437276533145,-29.882139972675326
2425,kexp,2.25,2.5,1,0,-29.131050154219388,-29.88179969106844
2426,kexp,2.25,2.5,1.5,0.5,-35.78447470310078,-36.465692110733535
2427,kexp,2.25,2.5,1.5,0.1,-32.409970054879054,-33.248138592111474
2428,kexp,2.25,2.5,1.5,0.05,-32.31417783453161,-33.15796021030771
2429,kexp,2.25,2.5,1.5,0.01,-32.28434684187356,-33.12993788671649
2430,kexp,2.25,2.5,1.5,0,-32.2831134037338,-33.12877994454287
2431,kexp,2.25,3,0.5,0.5,-29.645207542860962,-30.172282969326037
2432,kexp,2.25,3,0.5,0.1,-27.338466787504956,-27.900229340972658
2433,kexp,2.25,3,0.5,0.05,-27.608409106916977,-28.154081615666662
2434,kexp,2.25,3,0.5,0.01,-27.71840444202054,-28.258336039906293
2435,kexp,2.25,3,0.5,0,-27.723276955904822,-28.26296302220499
2436,kexp,2.25,3,1,0.5,-33.1173397971455,-33.77054028107467
2437,kexp,2.25,3,1,0.1,-29.48086352663743,-30.31331741981264
2438,kexp,2.25,3,1,0.05,-29.40036560765865,-30.238493887448616
2439,kexp,2.25,3,1,0.01,-29.37670412527301,-30.21664613369594
2440,kexp,2.25,3,1,0,-29.375742615392287,-30.21576018921535
2441,kexp,2.25,3,1.5,0.5,-36.20620249977431,-36.950694866347554
2442,kexp,2.25,3,1.5,0.1,-32.858185869331564,-33.788956631181115
2443,kexp,2.25,3,1.5,0.05,-32.75222321824498,-33.68999511962551
2444,kexp,2.25,3,1.5,0.01,-32.71861793039024,-33.65865153744836
2445,kexp,2.25,3,1.5,0,-32.717221268617244,-33.65734934494882
2446,kexp,2.25,3.5,0.5,0.5,-29.90775384189696,-30.458604684065676
2447,kexp,2.25,3.5,0.5,0.1,-27.42865135285653,-28.050407957151737
2448,kexp,2.25,3.5,0.5,0.05,-27.603024651678627,-28.212214868008576
2449,kexp,2.25,3.5,0.5,0.01,-27.674241134136842,-28.27890319602668
2450,kexp,2.25,3.5,0.5,0,-27.677393538499963,-28.281861494485625
2451,kexp,2.25,3.5,1,0.5,-33.436320373435706,-34.13204701976294
2452,kexp,2.25,3.5,1,0.1,-29.7986822041126,-30.705245094756236
2453,kexp,2.25,3.5,1,0.05,-29.70074487990772,-30.614759670713088
2454,kexp,2.25,3.5,1,0.01,-29.670548175871588,-30.586962464152787
2455,kexp,2.25,3.5,1,0,-29.669303207353334,-30.585817647358557
2456,kexp,2.25,3.5,1.5,0.5,-36.56557423579897,-37.36333181265677
2457,kexp,2.25,3.5,1.5,0.1,-33.269959912340546,-34.27954741565221
2458,kexp,2.25,3.5,1.5,0.05,-33.160383919256624,-34.17815593667572
2459,kexp,2.25,3.5,1.5,0.01,-33.1253871763461,-34.14580650171339
2460,kexp,2.25,3.5,1.5,0,-33.12392986370283,-34.14445979838212
2461,kexp,2.25,4,0.5,0.5,-30.145500802072323,-30.71449932907812
2462,kexp,2.25,4,0.5,0.1,-27.59696978082198,-28.264183825742666
2463,kexp,2.25,4,0.5,0.05,-27.714561137160974,-28.371555554127895
2464,kexp,2.25,4,0.5,0.01,-27.76308136837006,-28.41633588013252
2465,kexp,2.25,4,0.5,0,-27.765231659574933,-28.41832525976708
2466,kexp,2.25,4,1,0.5,-33.71431262787032,-34.44501142576218
2467,kexp,2.25,4,1,0.1,-30.108366405590118,-31.07543679343591
2468,kexp,2.25,4,1,0.05,-30.001784168219682,-30.97765471425872
2469,kexp,2.25,4,1,0.01,-29.968323556478417,-30.947034915066354
2470,kexp,2.25,4,1,0,-29.96693683490175,-30.94576683536289
2471,kexp,2.25,4,1.5,0.5,-36.87292681551762,-37.715263647542656
2472,kexp,2.25,4,1.5,0.1,-33.63849842030624,-34.71370896366291
2473,kexp,2.25,4,1.5,0.05,-33.52828234726956,-34.61261568509049
2474,kexp,2.25,4,1.5,0.01,-33.4929671913265,-34.58025263493015
2475,kexp,2.25,4,1.5,0,-33.491495326743994,-34.57890412729568
2476,kexp,2.25,6,0.5,0.5,-30.830700404073312,-31.43421078077022
2477,kexp,2.25,6,0.5,0.1,-28.36451187018223,-29.07875246262174
2478,kexp,2.25,6,0.5,0.05,-28.404343132055182,-29.107103063540706
2479,kexp,2.25,6,0.5,0.01,-28.42202917204163,-29.1204949729224
2480,kexp,2.25,6,0.5,0,-28.422822316159372,-29.121102220178336
2481,kexp,2.25,6,1,0.5,-34.4965953162597,-35.31344929197346
2482,kexp,2.25,6,1,0.1,-31.093609554016634,-32.1949319454003
2483,kexp,2.25,6,1,0.05,-30.98210603280335,-32.094149170758996
2484,kexp,2.25,6,1,0.01,-30.94649903323491,-32.06199392721957
2485,kexp,2.25,6,1,0,-30.945016329243504,-32.0606552660746
2486,kexp,2.25,6,1.5,0.5,-37.725530957330484,-38.68510088819089
2487,kexp,2.25,6,1.5,0.1,-34.7164115080687,-35.956452004877555
2488,kexp,2.25,6,1.5,0.05,-34.61152315443633,-35.86257323956479
2489,kexp,2.25,6,1.5,0.01,-34.577810678497336,-35.83242057603522
2490,kexp,2.25,6,1.5,0,-34.576404433674114,-35.831163048110305
2491,kexp,2.25,8,0.5,0.5,-31.204370726197286,-31.818686202562706
2492,kexp,2.25,8,0.5,0.1,-28.891179265885135,-29.563602353945587
2493,kexp,2.25,8,0.5,0.05,-28.92016072583937,-29.57371454288905
2494,kexp,2.25,8,0.5,0.01,-28.933329700954115,-29.57996325825637
2495,kexp,2.25,8,0.5,0,-28.93392227002247,-29.580257482246978
2496,kexp,2.25,8,1,0.5,-34.93200002614436,-35.79372607491577
2497,kexp,2.25,8,1,0.1,-31.690324339492573,-32.84499419886218
2498,kexp,2.25,8,1,0.05,-31.583449884486168,-32.74851835161354
2499,kexp,2.25,8,1,0.01,-31.54926806329959,-32.71766287272934
2500,kexp,2.25,8,1,0,-31.547844093500952,-32.716377470202886
2501,kexp,2.25,8,1.5,0.5,-38.2031393305771,-39.230136734298995
2502,kexp,2.25,8,1.5,0.1,-35.34239607882768,-36.66950094632494
2503,kexp,2.25,8,1.5,0.05,-35.243065678408975,-36.581764910032355
2504,kexp,2.25,8,1.5,0.01,-35.21113985538717,-36.55358293677352
2505,kexp,2.25,8,1.5,0,-35.20980813473039,-36.55240756625941
2506,kexp,2.25,10,0.5,0.5,-31.413378956923594,-32.039111549150924
2507,kexp,2.25,10,0.5,0.1,-29.19084090507833,-29.83219330920335
2508,kexp,2.25,10,0.5,0.05,-29.219021754641318,-29.83549693058552
2509,kexp,2.25,10,0.5,0.01,-29.231711919724926,-29.83914551148314
2510,kexp,2.25,10,0.5,0,-29.23228195469473,-29.83932654190714
2511,kexp,2.25,10,1,0.5,-35.185576890581636,-36.08186749176885
2512,kexp,2.25,10,1,0.1,-32.04209524716479,-33.235806656868576
2513,kexp,2.25,10,1,0.05,-31.939057507670853,-33.14279102311648
2514,kexp,2.25,10,1,0.01,-31.906111509270826,-33.11303349666776
2515,kexp,2.25,10,1,0,-31.90473911365595,-33.11179373086574
2516,kexp,2.25,10,1.5,0.5,-38.486460337268255,-39.56390897082887
2517,kexp,2.25,10,1.5,0.1,-35.71402433183316,-37.105096529781484
2518,kexp,2.25,10,1.5,0.05,-35.618267061595915,-37.021304112790375
2519,kexp,2.25,10,1.5,0.01,-35.58749829772641,-36.99439510804008
2520,kexp,2.25,10,1.5,0,-35.58621493337991,-36.99327289392362
2521,kexp,2.25,25,0.5,0.5,-31.827861753010836,-32.60735372864567
2522,kexp,2.25,25,0.5,0.1,-29.649808403441334,-30.49743092022167
2523,kexp,2.25,25,0.5,0.05,-29.67503931580093,-30.49257545563355
2524,kexp,2.25,25,0.5,0.01,-29.68668870253595,-30.493186854512633
2525,kexp,2.25,25,0.5,0,-29.687214360270197,-30.493236563163066
2526,kexp,2.25,25,1,0.5,-35.70783418864942,-36.808417646712684
2527,kexp,2.25,25,1,0.1,-32.70782649730971,-34.185946927997335
2528,kexp,2.25,25,1,0.05,-32.610838813904266,-34.10119091599251
2529,kexp,2.25,25,1,0.01,-32.57986531430078,-34.074092130212364
2530,kexp,2.25,25,1,0,-32.578575504241336,-34.072963308860686
2531,kexp,2.25,25,1.5,0.5,-39.08365075628804,-40.39857184994643
2532,kexp,2.25,25,1.5,0.1,-36.45310079116224,-38.157471640705424
2533,kexp,2.25,25,1.5,0.05,-36.3631193261634,-38.08206953442675
2534,kexp,2.25,25,1.5,0.01,-36.334224335380036,-38.05787131338758
2535,kexp,2.25,25,1.5,0,-36.333019318969065,-38.056862324165685
2536,kexp,2.5,0.2,0.5,0.5,-28.957789936589442,-29.349307170020438
2537,kexp,2.5,0.2,0.5,0.1,-78.50098954679987,-79.12355757057523
2538,kexp,2.5,0.2,0.5,0.05,-118.02066515686474,-118.65099056951681
2539,kexp,2.5,0.2,0.5,0.01,-154.672887472398,-155.31763514770898
2540,kexp,2.5,0.2,0.5,0,-157.06205740495645,-157.70788363971366
2541,kexp,2.5,0.2,1,0.5,-30.268301152785394,-30.55613424127673
2542,kexp,2.5,0.2,1,0.1,-55.04585918959443,-55.40543017306615
2543,kexp,2.5,0.2,1,0.05,-71.22633099055366,-71.59180406277065
2544,kexp,2.5,0.2,1,0.01,-82.04993227636976,-82.42042570698761
2545,kexp,2.5,0.2,1,0,-82.63386942510047,-83.00464654080636
2546,kexp,2.5,0.2,1.5,0.5,-31.561375817475803,-31.79544549151765
2547,kexp,2.5,0.2,1.5,0.1,-46.51522497433324,-46.787504262746396
2548,kexp,2.5,0.2,1.5,0.05,-55.343832500850475,-55.62022152594007
2549,kexp,2.5,0.2,1.5,0.01,-60.3635918506829,-60.64255470677618
2550,kexp,2.5,0.2,1.5,0,-60.61513019575431,-60.894224271775094
2551,kexp,2.5,0.5,0.5,0.5,-28.984565807332444,-29.375399397399004
2552,kexp,2.5,0.5,0.5,0.1,-46.730887897247285,-47.24643012428646
2553,kexp,2.5,0.5,0.5,0.05,-58.25030451990529,-58.791684883416444
2554,kexp,2.5,0.5,0.5,0.01,-65.36178680841023,-65.92716401070419
2555,kexp,2.5,0.5,0.5,0,-65.73057442387497,-66.29730715620498
2556,kexp,2.5,0.5,1,0.5,-30.76430272927352,-31.09796844362873
2557,kexp,2.5,0.5,1,0.1,-36.259026938540565,-36.66307711309342
2558,kexp,2.5,0.5,1,0.05,-39.91597557892796,-40.334512633135276
2559,kexp,2.5,0.5,1,0.01,-41.700109411351164,-42.126348758994546
2560,kexp,2.5,0.5,1,0,-41.78424159364046,-42.210851941920794
2561,kexp,2.5,0.5,1.5,0.5,-32.56658608389277,-32.87622857551304
2562,kexp,2.5,0.5,1.5,0.1,-34.15706680200929,-34.5240241922956
2563,kexp,2.5,0.5,1.5,0.05,-35.821091672856795,-36.19690339617065
2564,kexp,2.5,0.5,1.5,0.01,-36.55911752642504,-36.93884191400963
2565,kexp,2.5,0.5,1.5,0,-36.592787416522015,-36.972690303451046
2566,kexp,2.5,1,0.5,0.5,-28.735059413112708,-29.117819868612205
2567,kexp,2.5,1,0.5,0.1,-33.68700642790772,-34.02680101111047
2568,kexp,2.5,1,0.5,0.05,-37.44632895245792,-37.77569565385506
2569,kexp,2.5,1,0.5,0.01,-39.29580206804371,-39.624346228534414
2570,kexp,2.5,1,0.5,0,-39.38321880119263,-39.711776923532085
2571,kexp,2.5,1,1,0.5,-31.124941536488656,-31.522732106466012
2572,kexp,2.5,1,1,0.1,-30.2007618864202,-30.649865284317926
2573,kexp,2.5,1,1,0.05,-31.090842933810602,-31.54299271780368
2574,kexp,2.5,1,1,0.01,-31.47181855076566,-31.925421227983783
2575,kexp,2.5,1,1,0,-31.488977257111827,-31.942647270176533
2576,kexp,2.5,1,1.5,0.5,-33.46316279639781,-33.88495713818961
2577,kexp,2.5,1,1.5,0.1,-31.222411549971184,-31.71269816188968
2578,kexp,2.5,1,1.5,0.05,-31.518873255518468,-32.01284309582252
2579,kexp,2.5,1,1.5,0.01,-31.642699368617237,-32.13801512338719
2580,kexp,2.5,1,1.5,0,-31.648220175710357,-32.14359415235042
2581,kexp,2.5,1.5,0.5,0.5,-28.754159215206954,-29.16603906907232
2582,kexp,2.5,1.5,0.5,0.1,-29.867960313135967,-30.17566914488579
2583,kexp,2.5,1.5,0.5,0.05,-31.64445035806662,-31.92320366348981
2584,kexp,2.5,1.5,0.5,0.01,-32.43709255963909,-32.70597005458064
2585,kexp,2.5,1.5,0.5,0,-32.473313249291465,-32.741775210561116
2586,kexp,2.5,1.5,1,0.5,-31.542970317758346,-32.01945418590259
2587,kexp,2.5,1.5,1,0.1,-28.94554791739041,-29.485568705064026
2588,kexp,2.5,1.5,1,0.05,-29.2379372405557,-29.77735430185348
2589,kexp,2.5,1.5,1,0.01,-29.361284448978346,-29.9004968467392
2590,kexp,2.5,1.5,1,0,-29.366795947036092,-29.905999899612727
2591,kexp,2.5,1.5,1.5,0.5,-34.17078624470579,-34.70286557157926
2592,kexp,2.5,1.5,1.5,0.1,-31.070651098308776,-31.69629592455417
2593,kexp,2.5,1.5,1.5,0.05,-31.102589666406868,-31.731078595824833
2594,kexp,2.5,1.5,1.5,0.01,-31.121078036994067,-31.75049064549097
2595,kexp,2.5,1.5,1.5,0,-31.121946946305687,-31.751398229318866
2596,kexp,2.5,2,0.5,0.5,-28.9386056448299,-29.38831130939333
2597,kexp,2.5,2,0.5,0.1,-28.386202520989233,-28.718726478272167
2598,kexp,2.5,2,0.5,0.05,-29.36761901204354,-29.666484836019816
2599,kexp,2.5,2,0.5,0.01,-29.78316115059077,-30.07011618844871
2600,kexp,2.5,2,0.5,0,-29.80182969980444,-30.088276344472106
2601,kexp,2.5,2,1,0.5,-31.96853509004137,-32.516959964691814
2602,kexp,2.5,2,1,0.1,-28.72962261116917,-29.367807390549352
2603,kexp,2.5,2,1,0.05,-28.807775224777398,-29.445797548953173
2604,kexp,2.5,2,1,0.01,-28.844986949303582,-29.482880961968224
2605,kexp,2.5,2,1,0,-28.846684669937616,-29.484572553048903
2606,kexp,2.5,2,1.5,0.5,-34.760332427607366,-35.38614196655736
2607,kexp,2.5,2,1.5,0.1,-31.388883721545724,-32.13880369452966
2608,kexp,2.5,2,1.5,0.05,-31.334012683761152,-32.08777062981675
2609,kexp,2.5,2,1.5,0.01,-31.31952742907808,-32.074511325469224
2610,kexp,2.5,2,1.5,0,-31.318959760025564,-32.07399472261916
2611,kexp,2.5,2.5,0.5,0.5,-29.18976588868686,-29.675543123552465
2612,kexp,2.5,2.5,0.5,0.1,-27.802974031907183,-28.191955409909234
2613,kexp,2.5,2.5,0.5,0.05,-28.39851533993441,-28.75593195984319
2614,kexp,2.5,2.5,0.5,0.01,-28.64311600718786,-28.989362795734642
2615,kexp,2.5,2.5,0.5,0,-28.653998647877515,-28.999768489955
2616,kexp,2.5,2.5,1,0.5,-32.367996967899806,-32.97931855978967
2617,kexp,2.5,2.5,1,0.1,-28.85762509850801,-29.59411880542099
2618,kexp,2.5,2.5,1,0.05,-28.841445704113774,-29.579792586263622
2619,kexp,2.5,2.5,1,0.01,-28.842106239533823,-29.580990204160507
2620,kexp,2.5,2.5,1,0,-28.842202776693295,-29.5811085404034
2621,kexp,2.5,2.5,1.5,0.5,-35.25953653437759,-35.96502809073064
2622,kexp,2.5,2.5,1.5,0.1,-31.813518267540957,-32.676261447298195
2623,kexp,2.5,2.5,1.5,0.05,-31.72406641713059,-32.592209582859354
2624,kexp,2.5,2.5,1.5,0.01,-31.696718938077364,-32.56659761051897
2625,kexp,2.5,2.5,1.5,0,-31.695594253019014,-32.565545323941144
2626,kexp,2.5,3,0.5,0.5,-29.457505332969202,-29.974728939133712
2627,kexp,2.5,3,0.5,0.1,-27.63398842419185,-28.091381907363367
2628,kexp,2.5,3,0.5,0.05,-28.021274213847896,-28.451456632789228
2629,kexp,2.5,3,0.5,0.01,-28.177513878766106,-28.598080861237797
2630,kexp,2.5,3,0.5,0,-28.184424714501812,-28.604581280919753
2631,kexp,2.5,3,1,0.5,-32.73057366692258,-33.39645344530846
2632,kexp,2.5,3,1,0.1,-29.114123316468092,-29.943254560223593
2633,kexp,2.5,3,1,0.05,-29.051840589013647,-29.885170407552273
2634,kexp,2.5,3,1,0.01,-29.03499412768478,-29.86964178509252
2635,kexp,2.5,3,1,0,-29.03432819205225,-29.869030504045526
2636,kexp,2.5,3,1.5,0.5,-35.68671538806896,-36.46067545322245
2637,kexp,2.5,3,1.5,0.1,-32.24663791669235,-33.21018280364876
2638,kexp,2.5,3,1.5,0.05,-32.14245100839304,-33.1129850906901
2639,kexp,2.5,3,1.5,0.01,-32.10964673364317,-33.08243675111914
2640,kexp,2.5,3,1.5,0,-32.10828611796164,-33.08117034514784
2641,kexp,2.5,3.5,0.5,0.5,-29.717060134101605,-30.260314642221584
2642,kexp,2.5,3.5,0.5,0.1,-27.668540868928563,-28.190398106120902
2643,kexp,2.5,3.5,0.5,0.05,-27.935520435164996,-28.43430610099787
2644,kexp,2.5,3.5,0.5,0.01,-28.04213860131947,-28.532753492014685
2645,kexp,2.5,3.5,0.5,0,-28.04683789950087,-28.537103846827726
2646,kexp,2.5,3.5,1,0.5,-33.05389088589013,-33.7664359155667
2647,kexp,2.5,3.5,1,0.1,-29.412705944778324,-30.323643911864597
2648,kexp,2.5,3.5,1,0.05,-29.32663080584802,-30.24385344350081
2649,kexp,2.5,3.5,1,0.01,-29.300832365010898,-30.220063388073893
2650,kexp,2.5,3.5,1,0,-29.299777649457084,-30.21909234402538
2651,kexp,2.5,3.5,1.5,0.5,-36.054391158466096,-36.88706271869727
2652,kexp,2.5,3.5,1.5,0.1,-32.654937090333284,-33.70607088874649
2653,kexp,2.5,3.5,1.5,0.05,-32.54464204507229,-33.60415114233405
2654,kexp,2.5,3.5,1.5,0.01,-32.509541212972266,-33.57175898527245
2655,kexp,2.5,3.5,1.5,0,-32.50808099950492,-33.57041194315485
2656,kexp,2.5,4,0.5,0.5,-29.95675728457811,-30.520688962395393
2657,kexp,2.5,4,0.5,0.1,-27.802518245723668,-28.37587734780753
2658,kexp,2.5,4,0.5,0.05,-27.996805459376603,-28.549974050998145
2659,kexp,2.5,4,0.5,0.01,-28.07398969994616,-28.619965556629772
2660,kexp,2.5,4,0.5,0,-28.07738449449281,-28.623052700728334
2661,kexp,2.5,4,1,0.5,-33.3391150475571,-34.09093054049826
2662,kexp,2.5,4,1,0.1,-29.714765562110497,-30.694176570369564
2663,kexp,2.5,4,1,0.05,-29.6162033165034,-30.6035119375544
2664,kexp,2.5,4,1,0.01,-29.58570424113814,-30.575550911469946
2665,kexp,2.5,4,1,0,-29.5844454518984,-30.57439800320544
2666,kexp,2.5,4,1.5,0.5,-36.3718876096853,-37.25456589833348
2667,kexp,2.5,4,1.5,0.1,-33.02722417558432,-34.15258409817221
2668,kexp,2.5,4,1.5,0.05,-32.91487859297858,-34.04972675568551
2669,kexp,2.5,4,1.5,0.01,-32.87895239566598,-34.01687140356136
2670,kexp,2.5,4,1.5,0,-32.87745587109803,-34.01550320409673
2671,kexp,2.5,6,0.5,0.5,-30.67101822126612,-31.277214031164554
2672,kexp,2.5,6,0.5,0.1,-28.542432277272113,-29.17706197159772
2673,kexp,2.5,6,0.5,0.05,-28.63319922625999,-29.24642743894629
2674,kexp,2.5,6,0.5,0.01,-28.66907397498857,-29.274530993936096
2675,kexp,2.5,6,0.5,0,-28.6706468638956,-29.27576968115893
2676,kexp,2.5,6,1,0.5,-34.16136918982642,-35.01364592772457
2677,kexp,2.5,6,1,0.1,-30.723737146657406,-31.860611615368114
2678,kexp,2.5,6,1,0.05,-30.614903107810598,-31.76199138558571
2679,kexp,2.5,6,1,0.01,-30.58028619461502,-31.730648437246202
2680,kexp,2.5,6,1,0,-30.578846262081996,-31.729344968960962
2681,kexp,2.5,6,1.5,0.5,-37.27086287319658,-38.28891128149413
2682,kexp,2.5,6,1.5,0.1,-34.15047223135429,-35.46708037602499
2683,kexp,2.5,6,1.5,0.05,-34.04190681542486,-35.37024585511439
2684,kexp,2.5,6,1.5,0.01,-34.00702440712112,-35.33915661022441
2685,kexp,2.5,6,1.5,0,-34.005569494878486,-35.33786016496401
2686,kexp,2.5,8,0.5,0.5,-31.07394710282755,-31.692532857427864
2687,kexp,2.5,8,0.5,0.1,-29.095605214495926,-29.67945771704455
2688,kexp,2.5,8,0.5,0.05,-29.17000118220838,-29.723078076156952
2689,kexp,2.5,8,0.5,0.01,-29.199184228281997,-29.74113177115138
2690,kexp,2.5,8,0.5,0,-29.20046098179669,-29.74193022231533
2691,kexp,2.5,8,1,0.5,-34.63234082366418,-35.53704117748809
2692,kexp,2.5,8,1,0.1,-31.363169952444142,-32.56128950600059
2693,kexp,2.5,8,1,0.05,-31.258434807009873,-32.466223626809516
2694,kexp,2.5,8,1,0.01,-31.225036474625828,-32.43589286380679
2695,kexp,2.5,8,1,0,-31.223646246067556,-32.43463013847028
2696,kexp,2.5,8,1.5,0.5,-37.78786626385338,-38.88457532614159
2697,kexp,2.5,8,1.5,0.1,-34.825897679031684,-36.24354347057889
2698,kexp,2.5,8,1.5,0.05,-34.723107686974096,-36.15310875986929
2699,kexp,2.5,8,1.5,0.01,-34.69007588790497,-36.12406480977244
2700,kexp,2.5,8,1.5,0,-34.68869810089307,-36.12285354392545
2701,kexp,2.5,10,0.5,0.5,-31.301211306824243,-31.92954037613908
2702,kexp,2.5,10,0.5,0.1,-29.418082951395288,-29.953386614599168
2703,kexp,2.5,10,0.5,0.05,-29.490565496901684,-29.986915174797158
2704,kexp,2.5,10,0.5,0.01,-29.51883376039596,-30.001155333686143
2705,kexp,2.5,10,0.5,0,-29.52006887128774,-30.00178812413488
2706,kexp,2.5,10,1,0.5,-34.90953229698016,-35.85236535533052
2707,kexp,2.5,10,1,0.1,-31.746962180210318,-32.985277871347954
2708,kexp,2.5,10,1,0.05,-31.646322540970825,-32.89360353081807
2709,kexp,2.5,10,1,0.01,-31.6142404833062,-32.864337695123055
2710,kexp,2.5,10,1,0,-31.61290515360202,-32.863119106005975
2711,kexp,2.5,10,1.5,0.5,-38.0980053882257,-39.25218287297814
2712,kexp,2.5,10,1.5,0.1,-35.23309446750523,-36.72252239145551
2713,kexp,2.5,10,1.5,0.05,-35.134251621779804,-36.63636940144273
2714,kexp,2.5,10,1.5,0.01,-35.10249836416923,-36.608706475935406
2715,kexp,2.5,10,1.5,0,-35.10117401444235,-36.60755286670044
2716,kexp,2.5,25,0.5,0.5,-31.73613413075299,-32.51757753806918
2717,kexp,2.5,25,0.5,0.1,-29.87975463558903,-30.581112730417537
2718,kexp,2.5,25,0.5,0.05,-29.947842604992104,-30.599768810725223
2719,kexp,2.5,25,0.5,0.01,-29.974610554298614,-30.60864700552305
2720,kexp,2.5,25,0.5,0,-29.975782218633125,-30.609049629009554
2721,kexp,2.5,25,1,0.5,-35.47003794866608,-36.63407047552904
2722,kexp,2.5,25,1,0.1,-32.45981359768147,-33.99745165983704
2723,kexp,2.5,25,1,0.05,-32.36580587500723,-33.91401565778384
2724,kexp,2.5,25,1,0.01,-32.335894107815534,-33.887395546095064
2725,kexp,2.5,25,1,0,-32.33464973507433,-33.886287291706545
2726,kexp,2.5,25,1.5,0.5,-38.74459618872199,-40.164685653478415
2727,kexp,2.5,25,1.5,0.1,-36.03486071164958,-37.87208050058007
2728,kexp,2.5,25,1.5,0.05,-35.94248390894097,-37.795088807970906
2729,kexp,2.5,25,1.5,0.01,-35.912832114389985,-37.77038655103915
2730,kexp,2.5,25,1.5,0,-35.911595673957514,-37.769356612677306
