model_no,k_name,l1,l2,b,meas_error,lppd_exact,lppd_LOPO
1,ksqexp,1,0.2,0.5,0.5,-31.81479114861126,-31.952992071020976
2,ksqexp,1,0.2,0.5,0.1,-310.3762006001338,-310.19084605360825
3,ksqexp,1,0.2,0.5,0.05,-1124.5406716242512,-1127.025215098978
4,ksqexp,1,0.2,0.5,0.01,-21536.322938327692,-22076.810301807684
5,ksqexp,1,0.2,0.5,0,-54868630.57494667,-55106832.081917696
6,ksqexp,1,0.2,1,0.5,-33.274673259095735,-33.36348396605905
7,ksqexp,1,0.2,1,0.1,-291.4603847593039,-291.74537267501114
8,ksqexp,1,0.2,1,0.05,-1069.8381040154502,-1075.2874228079634
9,ksqexp,1,0.2,1,0.01,-18819.059956998117,-19366.419466450712
10,ksqexp,1,0.2,1,0,-27437113.28835895,-27556216.95037757
11,ksqexp,1,0.2,1.5,0.5,-34.211420738656415,-34.28905003442596
12,ksqexp,1,0.2,1.5,0.1,-281.77013097415295,-282.3191456997693
13,ksqexp,1,0.2,1.5,0.05,-1045.0222308486698,-1052.8150467423714
14,ksqexp,1,0.2,1.5,0.01,-16928.2983150608,-17428.330190375393
15,ksqexp,1,0.2,1.5,0,-18292021.749811787,-18371424.856497288
16,ksqexp,1,0.5,0.5,0.5,-31.089897522322637,-31.42821331378432
17,ksqexp,1,0.5,0.5,0.1,-216.32259508262624,-216.02964819386665
18,ksqexp,1,0.5,0.5,0.05,-530.354275266263,-523.6721138204814
19,ksqexp,1,0.5,0.5,0.01,-2083.2102556990476,-2057.9695221856837
20,ksqexp,1,0.5,0.5,0,-34867.02251496028,-35180.82356502125
21,ksqexp,1,0.5,1,0.5,-33.383361618095364,-33.75688245293439
22,ksqexp,1,0.5,1,0.1,-178.78915866930456,-177.66424855730233
23,ksqexp,1,0.5,1,0.05,-363.56001661990945,-357.73896214424275
24,ksqexp,1,0.5,1,0.01,-1766.985683867836,-1756.0609297455906
25,ksqexp,1,0.5,1,0,-17427.92013660541,-17584.993455335964
26,ksqexp,1,0.5,1.5,0.5,-35.04138211085045,-35.43472883213222
27,ksqexp,1,0.5,1.5,0.1,-155.8111120292898,-154.47835294117291
28,ksqexp,1,0.5,1.5,0.05,-282.56040871670524,-277.6986746361323
29,ksqexp,1,0.5,1.5,0.01,-1648.6256208880818,-1643.3230794376889
30,ksqexp,1,0.5,1.5,0,-11617.675973805959,-11722.506705990922
31,ksqexp,1,1,0.5,0.5,-31.104573317366548,-31.61847821554467
32,ksqexp,1,1,0.5,0.1,-81.46287322496316,-83.31644640525394
33,ksqexp,1,1,0.5,0.05,-125.83031209169036,-127.95374863472175
34,ksqexp,1,1,0.5,0.01,-426.95972787730915,-428.0581416826371
35,ksqexp,1,1,0.5,0,-517.9227009263669,-518.2432228652971
36,ksqexp,1,1,1,0.5,-34.08414068917312,-34.658272040764686
37,ksqexp,1,1,1,0.1,-58.801128094743554,-60.113515687460236
38,ksqexp,1,1,1,0.05,-92.98248397627108,-94.36413784274333
39,ksqexp,1,1,1,0.01,-240.40431909934858,-241.0962054127895
40,ksqexp,1,1,1,0,-265.443749141932,-265.9088259451722
41,ksqexp,1,1,1.5,0.5,-36.21161583141608,-36.811858177612876
42,ksqexp,1,1,1.5,0.1,-52.08932889970996,-53.190321994567086
43,ksqexp,1,1,1.5,0.05,-81.8059772007686,-82.91718187066395
44,ksqexp,1,1,1.5,0.01,-172.5879640282042,-173.20762998607393
45,ksqexp,1,1,1.5,0,-184.07475518853153,-184.58801694774604
46,ksqexp,1,1.5,0.5,0.5,-30.67685653394887,-31.130976354254543
47,ksqexp,1,1.5,0.5,0.1,-45.81571383501639,-47.10198430543137
48,ksqexp,1,1.5,0.5,0.05,-61.612415551733804,-63.377122301089294
49,ksqexp,1,1.5,0.5,0.01,-79.86663460588854,-82.02925444218764
50,ksqexp,1,1.5,0.5,0,-81.12673726343476,-83.3123678278888
51,ksqexp,1,1.5,1,0.5,-33.98096949341642,-34.49841024819953
52,ksqexp,1,1.5,1,0.1,-39.53236373449669,-40.63362386441666
53,ksqexp,1,1.5,1,0.05,-46.73289278806705,-48.04288736241971
54,ksqexp,1,1.5,1,0.01,-52.23204860715977,-53.66087859455368
55,ksqexp,1,1.5,1,0,-52.538166792319196,-53.97288058008372
56,ksqexp,1,1.5,1.5,0.5,-36.519518066889376,-37.07559579070037
57,ksqexp,1,1.5,1.5,0.1,-39.03328012514749,-40.04046501025317
58,ksqexp,1,1.5,1.5,0.05,-43.11380544876541,-44.23871144481982
59,ksqexp,1,1.5,1.5,0.01,-45.66840831575876,-46.850155362900715
60,ksqexp,1,1.5,1.5,0,-45.79930006719871,-46.98370826270788
61,ksqexp,1,2,0.5,0.5,-30.283180657800855,-30.66243183608374
62,ksqexp,1,2,0.5,0.1,-33.67872146233458,-33.96858753585143
63,ksqexp,1,2,0.5,0.05,-36.25543436569058,-36.46876284243111
64,ksqexp,1,2,0.5,0.01,-37.55871987483131,-37.736069126128676
65,ksqexp,1,2,0.5,0,-37.620922745640996,-37.796585065100146
66,ksqexp,1,2,1,0.5,-34.11229084513472,-34.55914319603734
67,ksqexp,1,2,1,0.1,-33.05512085438981,-33.52847457623421
68,ksqexp,1,2,1,0.05,-33.6516338913753,-34.106093737434044
69,ksqexp,1,2,1,0.01,-33.91432105474312,-34.36086611063758
70,ksqexp,1,2,1,0,-33.926243329746576,-34.372433430870785
71,ksqexp,1,2,1.5,0.5,-37.18306006282561,-37.678101853568606
72,ksqexp,1,2,1.5,0.1,-35.2125674613654,-35.75903607746988
73,ksqexp,1,2,1.5,0.05,-35.40009193722336,-35.93946831624398
74,ksqexp,1,2,1.5,0.01,-35.48166840114915,-36.018162192639586
75,ksqexp,1,2,1.5,0,-35.48534029110684,-36.02170631945493
76,ksqexp,1,2.5,0.5,0.5,-30.180958042403006,-30.52254757185998
77,ksqexp,1,2.5,0.5,0.1,-29.582981640020936,-29.55174976401884
78,ksqexp,1,2.5,0.5,0.05,-30.131102453197954,-29.998010864743964
79,ksqexp,1,2.5,0.5,0.01,-30.351824026204927,-30.179379876919402
80,ksqexp,1,2.5,0.5,0,-30.361596370663722,-30.18742738955449
81,ksqexp,1,2.5,1,0.5,-34.498549177805856,-34.92337791993071
82,ksqexp,1,2.5,1,0.1,-31.974248333176433,-32.32433642519258
83,ksqexp,1,2.5,1,0.05,-31.988025324882738,-32.31665186437896
84,ksqexp,1,2.5,1,0.01,-31.997591642804718,-32.3184561709313
85,ksqexp,1,2.5,1,0,-31.998050755013725,-32.318581490095305
86,ksqexp,1,2.5,1.5,0.5,-37.953635101364625,-38.44191115873799
87,ksqexp,1,2.5,1.5,0.1,-35.40732699615887,-35.90214229708501
88,ksqexp,1,2.5,1.5,0.05,-35.351500930070856,-35.83948391568473
89,ksqexp,1,2.5,1.5,0.01,-35.33487108815327,-35.82040664701636
90,ksqexp,1,2.5,1.5,0,-35.334192316521595,-35.819622957002466
91,ksqexp,1,3,0.5,0.5,-30.201108936267214,-30.541435768735784
92,ksqexp,1,3,0.5,0.1,-28.15051176196167,-28.196329396958774
93,ksqexp,1,3,0.5,0.05,-28.30414041689393,-28.286778864001402
94,ksqexp,1,3,0.5,0.01,-28.36474347741853,-28.324451827466454
95,ksqexp,1,3,0.5,0,-28.367402771659453,-28.32612400239855
96,ksqexp,1,3,1,0.5,-34.8419316354544,-35.29165485171901
97,ksqexp,1,3,1,0.1,-31.989129180905667,-32.446294399348766
98,ksqexp,1,3,1,0.05,-31.921603460339654,-32.37055923322797
99,ksqexp,1,3,1,0.01,-31.900987804873896,-32.347022609040295
100,ksqexp,1,3,1,0,-31.90014003057959,-32.346049844077314
101,ksqexp,1,3,1.5,0.5,-38.524568504019605,-39.056884679778705
102,ksqexp,1,3,1.5,0.1,-35.97391250508013,-36.582064507675135
103,ksqexp,1,3,1.5,0.05,-35.894647923928474,-36.502969843878894
104,ksqexp,1,3,1.5,0.01,-35.86942521139821,-36.47773258506445
105,ksqexp,1,3,1.5,0,-35.86837588362087,-36.47668189137311
106,ksqexp,1,3.5,0.5,0.5,-30.23293781770647,-30.589884045682933
107,ksqexp,1,3.5,0.5,0.1,-27.493437070277395,-27.686208957506068
108,ksqexp,1,3.5,0.5,0.05,-27.519705662818797,-27.673855010342283
109,ksqexp,1,3.5,0.5,0.01,-27.53308066695462,-27.673468577905034
110,ksqexp,1,3.5,0.5,0,-27.53369467093424,-27.673493246109185
111,ksqexp,1,3.5,1,0.5,-35.06360461385168,-35.55554624285721
112,ksqexp,1,3.5,1,0.1,-32.08492776038128,-32.670631767051965
113,ksqexp,1,3.5,1,0.05,-31.995305584602857,-32.58066279765525
114,ksqexp,1,3.5,1,0.01,-31.966900636041917,-32.55203767750127
115,ksqexp,1,3.5,1,0,-31.965720191678674,-32.55084685203465
116,ksqexp,1,3.5,1.5,0.5,-38.87473243547221,-39.464548511565276
117,ksqexp,1,3.5,1.5,0.1,-36.34536193046245,-37.07325735352474
118,ksqexp,1,3.5,1.5,0.05,-36.26165296499964,-36.993812247758235
119,ksqexp,1,3.5,1.5,0.01,-36.23483643941098,-36.96834950703691
120,ksqexp,1,3.5,1.5,0,-36.23371879866446,-36.96728815408205
121,ksqexp,1,4,0.5,0.5,-30.25691301425002,-30.633446066739843
122,ksqexp,1,4,0.5,0.1,-27.14578032543934,-27.45873377590702
123,ksqexp,1,4,0.5,0.05,-27.11742264306242,-27.404983136720645
124,ksqexp,1,4,0.5,0.01,-27.111268071424117,-27.389781232908582
125,ksqexp,1,4,0.5,0,-27.111044639802763,-27.38917044922375
126,ksqexp,1,4,1,0.5,-35.19859750632009,-35.7295406566924
127,ksqexp,1,4,1,0.1,-32.15629042100902,-32.840490452108675
128,ksqexp,1,4,1,0.05,-32.05797394812426,-32.746038964631865
129,ksqexp,1,4,1,0.01,-32.02657155076363,-32.71583088194452
130,ksqexp,1,4,1,0,-32.02526382557304,-32.71457244763449
131,ksqexp,1,4,1.5,0.5,-39.08393125197721,-39.72282701329976
132,ksqexp,1,4,1.5,0.1,-36.56743840949545,-37.38516318563502
133,ksqexp,1,4,1.5,0.05,-36.482416312094955,-37.306616490028176
134,ksqexp,1,4,1.5,0.01,-36.45513134181566,-37.28141402257833
135,ksqexp,1,4,1.5,0,-36.453993654235404,-37.280363213844744
136,ksqexp,1,6,0.5,0.5,-30.322342332562172,-30.74112247222195
137,ksqexp,1,6,0.5,0.1,-26.769182670531293,-27.277971692958978
138,ksqexp,1,6,0.5,0.05,-26.686363121235132,-27.18483480397365
139,ksqexp,1,6,0.5,0.01,-26.661190787520017,-27.155817125326365
140,ksqexp,1,6,0.5,0,-26.660156952896504,-27.154616944131064
141,ksqexp,1,6,1,0.5,-35.41406039572279,-36.017423886998174
142,ksqexp,1,6,1,0.1,-32.309730581773266,-33.15004022333299
143,ksqexp,1,6,1,0.05,-32.20381120587111,-33.05283872121503
144,ksqexp,1,6,1,0.01,-32.16982011232657,-33.02164699216893
145,ksqexp,1,6,1,0,-32.16840281775967,-33.02034643173413
146,ksqexp,1,6,1.5,0.5,-39.39929374063065,-40.12417357046095
147,ksqexp,1,6,1.5,0.1,-36.90918648292405,-37.86817682258092
148,ksqexp,1,6,1.5,0.05,-36.82373894605891,-37.79179394846352
149,ksqexp,1,6,1.5,0.01,-36.79628654338022,-37.76726909876395
150,ksqexp,1,6,1.5,0,-36.79514153945431,-37.766246361009635
151,ksqexp,1,8,0.5,0.5,-30.397461889231096,-30.82429642088819
152,ksqexp,1,8,0.5,0.1,-26.81703378548487,-27.35641956503755
153,ksqexp,1,8,0.5,0.05,-26.72846277109645,-27.259375477002592
154,ksqexp,1,8,0.5,0.01,-26.70127202107573,-27.228964711397364
155,ksqexp,1,8,0.5,0,-26.70015209359386,-27.227704882508505
156,ksqexp,1,8,1,0.5,-35.50342555160693,-36.118420498413315
157,ksqexp,1,8,1,0.1,-32.41107162506056,-33.27417419581019
158,ksqexp,1,8,1,0.05,-32.305034628475596,-33.17743264525606
159,ksqexp,1,8,1,0.01,-32.270992139948056,-33.14637903214551
160,ksqexp,1,8,1,0,-32.2695725535609,-33.145084126659384
161,ksqexp,1,8,1.5,0.5,-39.501058948698855,-40.238887175604624
162,ksqexp,1,8,1.5,0.1,-37.02998880521735,-38.00896570977393
163,ksqexp,1,8,1.5,0.05,-36.94511153580994,-37.9334567990346
164,ksqexp,1,8,1.5,0.01,-36.91784027798689,-37.909211721434644
165,ksqexp,1,8,1.5,0,-36.91670280695701,-37.908200641450975
166,ksqexp,1,10,0.5,0.5,-30.486729027080884,-30.914794777021715
167,ksqexp,1,10,0.5,0.1,-26.95510037560312,-27.498081173474194
168,ksqexp,1,10,0.5,0.05,-26.867800999868116,-27.402500894194148
169,ksqexp,1,10,0.5,0.01,-26.840992471417128,-27.37253794110404
170,ksqexp,1,10,0.5,0,-26.83988818608844,-27.37129653327477
171,ksqexp,1,10,1,0.5,-35.58340505184568,-36.19963348202838
172,ksqexp,1,10,1,0.1,-32.51867353878905,-33.38392599772283
173,ksqexp,1,10,1,0.05,-32.413636631032944,-33.2882325428869
174,ksqexp,1,10,1,0.01,-32.379915232782544,-33.257515825921416
175,ksqexp,1,10,1,0,-32.37850903563776,-33.2562349730715
176,ksqexp,1,10,1.5,0.5,-39.57820386477938,-40.31719047964784
177,ksqexp,1,10,1.5,0.1,-37.12764896051989,-38.10826552630825
178,ksqexp,1,10,1.5,0.05,-37.04352777251701,-38.0335333419246
179,ksqexp,1,10,1.5,0.01,-37.01650005874484,-38.009538521047176
180,ksqexp,1,10,1.5,0,-37.01537275222799,-38.00853788641173
181,ksqexp,1,25,0.5,0.5,-30.958412650555985,-31.387005575221128
182,ksqexp,1,25,0.5,0.1,-27.85027575515024,-28.39288124445383
183,ksqexp,1,25,0.5,0.05,-27.784051471019136,-28.318299322442712
184,ksqexp,1,25,0.5,0.01,-27.76413246964721,-28.295200512004662
185,ksqexp,1,25,0.5,0,-27.76331680230773,-28.294246655956574
186,ksqexp,1,25,1,0.5,-35.95069422812727,-36.56691993902918
187,ksqexp,1,25,1,0.1,-33.045735457998745,-33.91028947418575
188,ksqexp,1,25,1,0.05,-32.947240242105245,-33.82110025837803
189,ksqexp,1,25,1,0.01,-32.91563708546569,-33.7924895284664
190,ksqexp,1,25,1,0,-32.91431941293708,-33.791296686761775
191,ksqexp,1,25,1.5,0.5,-39.88918149834173,-40.627902617285876
192,ksqexp,1,25,1.5,0.1,-37.52963047981726,-38.50944157702154
193,ksqexp,1,25,1.5,0.05,-37.44896899048299,-38.43814425535874
194,ksqexp,1,25,1.5,0.01,-37.42305773800156,-38.415257817964275
195,ksqexp,1,25,1.5,0,-37.421977049887076,-38.41430346377125
196,ksqexp,1.25,0.2,0.5,0.5,-32.09400263193941,-32.32947212721185
197,ksqexp,1.25,0.2,0.5,0.1,-375.7673904819467,-372.60624021885474
198,ksqexp,1.25,0.2,0.5,0.05,-1385.0473867586654,-1369.63488041564
199,ksqexp,1.25,0.2,0.5,0.01,-26344.51510391323,-26914.39752377088
200,ksqexp,1.25,0.2,0.5,0,-331191855.0091711,-332469697.21164805
201,ksqexp,1.25,0.2,1,0.5,-33.63081874995664,-33.783526535922505
202,ksqexp,1.25,0.2,1,0.1,-356.98016377773496,-353.5576500212374
203,ksqexp,1.25,0.2,1,0.05,-1285.8612644888142,-1273.0989011042604
204,ksqexp,1.25,0.2,1,0.01,-24283.774801432515,-25108.668133393214
205,ksqexp,1.25,0.2,1,0,-165695703.77121422,-166334679.28213823
206,ksqexp,1.25,0.2,1.5,0.5,-34.516114610891194,-34.631083374247936
207,ksqexp,1.25,0.2,1.5,0.1,-345.22917444738465,-341.6695598771552
208,ksqexp,1.25,0.2,1.5,0.05,-1233.0057295129916,-1223.7187004927584
209,ksqexp,1.25,0.2,1.5,0.01,-22888.999197918754,-23809.713171886742
210,ksqexp,1.25,0.2,1.5,0,-110485990.3732894,-110911986.20419931
211,ksqexp,1.25,0.5,0.5,0.5,-30.897329615274295,-31.277699582461505
212,ksqexp,1.25,0.5,0.5,0.1,-298.11571279816127,-299.04489816007367
213,ksqexp,1.25,0.5,0.5,0.05,-918.9629316381646,-910.7629574535445
214,ksqexp,1.25,0.5,0.5,0.01,-4101.734322843255,-4025.7330498883084
215,ksqexp,1.25,0.5,0.5,0,-200956.81022238126,-205858.54495603545
216,ksqexp,1.25,0.5,1,0.5,-32.78646931445763,-33.233999530201224
217,ksqexp,1.25,0.5,1,0.1,-268.81094302891955,-268.2240664750861
218,ksqexp,1.25,0.5,1,0.05,-718.1528108359781,-709.5704065536036
219,ksqexp,1.25,0.5,1,0.01,-2774.996187865662,-2739.9750916832704
220,ksqexp,1.25,0.5,1,0,-100464.52784741619,-102915.74966094525
221,ksqexp,1.25,0.5,1.5,0.5,-34.11225044490636,-34.61629660106858
222,ksqexp,1.25,0.5,1.5,0.1,-246.62351736895383,-245.42332318960544
223,ksqexp,1.25,0.5,1.5,0.05,-600.5436835614665,-592.588062865683
224,ksqexp,1.25,0.5,1.5,0.01,-2364.9974749380085,-2347.4961085244186
225,ksqexp,1.25,0.5,1.5,0,-66969.87000566971,-68604.25366739297
226,ksqexp,1.25,1,0.5,0.5,-30.40871209938359,-30.985823903193893
227,ksqexp,1.25,1,0.5,0.1,-145.31357881477408,-149.9499110391065
228,ksqexp,1.25,1,0.5,0.05,-237.73626750135196,-247.49793767478135
229,ksqexp,1.25,1,0.5,0.01,-1059.9681952745948,-1067.5970048602223
230,ksqexp,1.25,1,0.5,0,-1955.5789691468333,-1940.8777616857778
231,ksqexp,1.25,1,1,0.5,-33.02518408248176,-33.72542447871799
232,ksqexp,1.25,1,1,0.1,-100.3116793102153,-104.40935944061975
233,ksqexp,1.25,1,1,0.05,-151.46034667016727,-158.06236467417685
234,ksqexp,1.25,1,1,0.01,-682.9034056705337,-684.2950793220556
235,ksqexp,1.25,1,1,0,-977.6972913589716,-970.9634826315998
236,ksqexp,1.25,1,1.5,0.5,-34.88169341236488,-35.66310836082845
237,ksqexp,1.25,1,1.5,0.1,-80.54124841233683,-84.19529352996645
238,ksqexp,1.25,1,1.5,0.05,-122.67720285371765,-127.78951822961626
239,ksqexp,1.25,1,1.5,0.01,-508.2327532644327,-508.36997455984533
240,ksqexp,1.25,1,1.5,0,-654.5273869468878,-650.4493778591359
241,ksqexp,1.25,1.5,0.5,0.5,-30.343198099947394,-30.88952088423053
242,ksqexp,1.25,1.5,0.5,0.1,-72.04182329757494,-76.01243686340865
243,ksqexp,1.25,1.5,0.5,0.05,-108.62281768790673,-116.83535722515246
244,ksqexp,1.25,1.5,0.5,0.01,-231.8051167688709,-245.06344482142705
245,ksqexp,1.25,1.5,0.5,0,-250.70291269621038,-264.13433481214645
246,ksqexp,1.25,1.5,1,0.5,-33.21034304434633,-33.89253068664725
247,ksqexp,1.25,1.5,1,0.1,-52.21365627357807,-55.77853064645078
248,ksqexp,1.25,1.5,1,0.05,-76.50642003409133,-82.26255138156546
249,ksqexp,1.25,1.5,1,0.01,-126.93851060699511,-134.2400392357607
250,ksqexp,1.25,1.5,1,0,-131.84284148193484,-139.18416197048109
251,ksqexp,1.25,1.5,1.5,0.5,-35.24591055584865,-36.025543789724125
252,ksqexp,1.25,1.5,1.5,0.1,-46.59155654736352,-49.800266324472645
253,ksqexp,1.25,1.5,1.5,0.05,-64.9559963503711,-69.53146247409232
254,ksqexp,1.25,1.5,1.5,0.01,-92.82046251918737,-98.11420749469642
255,ksqexp,1.25,1.5,1.5,0,-95.01347448722498,-100.32476109983895
256,ksqexp,1.25,2,0.5,0.5,-30.00479581551681,-30.461568944266006
257,ksqexp,1.25,2,0.5,0.1,-45.761745544434646,-47.12979150660295
258,ksqexp,1.25,2,0.5,0.05,-58.05805410776764,-60.46683491589004
259,ksqexp,1.25,2,0.5,0.01,-69.62046833008935,-72.83169451163567
260,ksqexp,1.25,2,0.5,0,-70.34579791454733,-73.60206575371517
261,ksqexp,1.25,2,1,0.5,-33.11937363380237,-33.71510490137489
262,ksqexp,1.25,2,1,0.1,-37.7638076543358,-39.299939764518555
263,ksqexp,1.25,2,1,0.05,-42.65598212563948,-44.632120867577434
264,ksqexp,1.25,2,1,0.01,-45.91571003423253,-48.128024910375274
265,ksqexp,1.25,2,1,0,-46.08747064868448,-48.31130155256735
266,ksqexp,1.25,2,1.5,0.5,-35.49193884155619,-36.19576524813375
267,ksqexp,1.25,2,1.5,0.1,-36.714600254473815,-38.23314385467011
268,ksqexp,1.25,2,1.5,0.05,-39.27126935374675,-41.03331220500024
269,ksqexp,1.25,2,1.5,0.01,-40.72047760211866,-42.59495344851318
270,ksqexp,1.25,2,1.5,0,-40.792018325934926,-42.67170358467285
271,ksqexp,1.25,2.5,0.5,0.5,-29.77347061161013,-30.1614766833647
272,ksqexp,1.25,2.5,0.5,0.1,-35.76379557935631,-35.44737456625471
273,ksqexp,1.25,2.5,0.5,0.05,-39.08236543404267,-38.60301917793607
274,ksqexp,1.25,2.5,0.5,0.01,-40.74940646394563,-40.20049063948889
275,ksqexp,1.25,2.5,0.5,0,-40.82903025851061,-40.27692627703235
276,ksqexp,1.25,2.5,1,0.5,-33.2949019218633,-33.834290513200614
277,ksqexp,1.25,2.5,1,0.1,-32.911315349921146,-33.33363016435378
278,ksqexp,1.25,2.5,1,0.05,-33.69188713336715,-34.078671369360265
279,ksqexp,1.25,2.5,1,0.01,-34.03368440182829,-34.40628390147256
280,ksqexp,1.25,2.5,1,0,-34.0491929794414,-34.42116283057976
281,ksqexp,1.25,2.5,1.5,0.5,-36.08825760468241,-36.74995500173198
282,ksqexp,1.25,2.5,1.5,0.1,-34.210396303103636,-34.906859333564704
283,ksqexp,1.25,2.5,1.5,0.05,-34.46545620056841,-35.15029447499661
284,ksqexp,1.25,2.5,1.5,0.01,-34.574984058967075,-35.25518347457072
285,ksqexp,1.25,2.5,1.5,0,-34.5799039863871,-35.25989844840197
286,ksqexp,1.25,3,0.5,0.5,-29.737399786947933,-30.094889121296884
287,ksqexp,1.25,3,0.5,0.1,-31.818620111566677,-31.02448672880302
288,ksqexp,1.25,3,0.5,0.05,-33.0326207474866,-31.998495824865373
289,ksqexp,1.25,3,0.5,0.01,-33.524134604789175,-32.39810035136547
290,ksqexp,1.25,3,0.5,0,-33.54596745793807,-32.415911037098155
291,ksqexp,1.25,3,1,0.5,-33.66271456435557,-34.19729066612283
292,ksqexp,1.25,3,1,0.1,-31.790623591658612,-32.04323106384593
293,ksqexp,1.25,3,1,0.05,-31.94359891926494,-32.14716293407958
294,ksqexp,1.25,3,1,0.01,-32.005069034891065,-32.19102277081114
295,ksqexp,1.25,3,1,0,-32.007779743842065,-32.192977276587186
296,ksqexp,1.25,3,1.5,0.5,-36.79092461078352,-37.47132992796307
297,ksqexp,1.25,3,1.5,0.1,-34.301370040058686,-34.94522482880248
298,ksqexp,1.25,3,1.5,0.05,-34.28707279734962,-34.91616719456565
299,ksqexp,1.25,3,1.5,0.01,-34.28572605238829,-34.90956651505678
300,ksqexp,1.25,3,1.5,0,-34.28570727251774,-34.9093227897968
301,ksqexp,1.25,3.5,0.5,0.5,-29.793350340026233,-30.154790629567426
302,ksqexp,1.25,3.5,0.5,0.1,-30.052111504162262,-29.330880231025283
303,ksqexp,1.25,3.5,0.5,0.05,-30.65733375277072,-29.75088357458604
304,ksqexp,1.25,3.5,0.5,0.01,-30.88681337384982,-29.91339372482228
305,ksqexp,1.25,3.5,0.5,0,-30.896804862071622,-29.920505006283538
306,ksqexp,1.25,3.5,1,0.5,-34.01754962577194,-34.59249150597389
307,ksqexp,1.25,3.5,1,0.1,-31.608436681179047,-32.01264351022704
308,ksqexp,1.25,3.5,1,0.05,-31.61826921882779,-31.994400508283384
309,ksqexp,1.25,3.5,1,0.01,-31.625043838035626,-31.991433622772433
310,ksqexp,1.25,3.5,1,0,-31.625367339968967,-31.99134281158271
311,ksqexp,1.25,3.5,1.5,0.5,-37.365591232985295,-38.11484045277578
312,ksqexp,1.25,3.5,1.5,0.1,-34.74435326045586,-35.561937860246935
313,ksqexp,1.25,3.5,1.5,0.05,-34.67966298129524,-35.49422667082207
314,ksqexp,1.25,3.5,1.5,0.01,-34.659701693773066,-35.47315035783056
315,ksqexp,1.25,3.5,1.5,0,-34.65887826599154,-35.47227884674379
316,ksqexp,1.25,4,0.5,0.5,-29.859267105275453,-30.244786521614714
317,ksqexp,1.25,4,0.5,0.1,-29.091930367567844,-28.5718855745274
318,ksqexp,1.25,4,0.5,0.05,-29.454548757268604,-28.789975963635754
319,ksqexp,1.25,4,0.5,0.01,-29.58998082716002,-28.87406492191728
320,ksqexp,1.25,4,0.5,0,-29.59584950823486,-28.877736296276517
321,ksqexp,1.25,4,1,0.5,-34.277306412949955,-34.91336392950187
322,ksqexp,1.25,4,1,0.1,-31.591733650617996,-32.190629137776746
323,ksqexp,1.25,4,1,0.05,-31.55083177505503,-32.135427340593154
324,ksqexp,1.25,4,1,0.01,-31.53938878129078,-32.11902811724244
325,ksqexp,1.25,4,1,0,-31.53893038671732,-32.11835905931538
326,ksqexp,1.25,4,1.5,0.5,-37.761047378935,-38.595983000790156
327,ksqexp,1.25,4,1.5,0.1,-35.08420732826388,-36.09033430673101
328,ksqexp,1.25,4,1.5,0.05,-35.0038396342147,-36.014349921475855
329,ksqexp,1.25,4,1.5,0.01,-34.97834078183666,-35.990226401459324
330,ksqexp,1.25,4,1.5,0,-34.9772807796073,-35.98922341372811
331,ksqexp,1.25,6,0.5,0.5,-29.996662256635073,-30.47966908837716
332,ksqexp,1.25,6,0.5,0.1,-27.72469846012379,-27.720269176554954
333,ksqexp,1.25,6,0.5,0.05,-27.83589088122333,-27.739177376504554
334,ksqexp,1.25,6,0.5,0.01,-27.87973126363067,-27.75012642562617
335,ksqexp,1.25,6,0.5,0,-27.881652550376668,-27.75063884933439
336,ksqexp,1.25,6,1,0.5,-34.70150130328456,-35.51707043590018
337,ksqexp,1.25,6,1,0.1,-31.623697546859432,-32.65430089463489
338,ksqexp,1.25,6,1,0.05,-31.534343110352417,-32.567705374632304
339,ksqexp,1.25,6,1,0.01,-31.506148730765663,-32.54024764552387
340,ksqexp,1.25,6,1,0,-31.504978445726163,-32.53910643683458
341,ksqexp,1.25,6,1.5,0.5,-38.38649964467531,-39.4443205338518
342,ksqexp,1.25,6,1.5,0.1,-35.62845205279193,-37.0329000232795
343,ksqexp,1.25,6,1.5,0.05,-35.53473828177472,-36.95269629171377
344,ksqexp,1.25,6,1.5,0.01,-35.50466447302766,-36.926990545471995
345,ksqexp,1.25,6,1.5,0,-35.503410510910776,-36.92591906607269
346,ksqexp,1.25,8,0.5,0.5,-30.05840850528999,-30.573164427616987
347,ksqexp,1.25,8,0.5,0.1,-27.462189255150612,-27.590768257313183
348,ksqexp,1.25,8,0.5,0.05,-27.529638108534012,-27.57525017510195
349,ksqexp,1.25,8,0.5,0.01,-27.558029505243613,-27.573942612127205
350,ksqexp,1.25,8,0.5,0,-27.559290445341684,-27.573930061324106
351,ksqexp,1.25,8,1,0.5,-34.82503743513169,-35.69132526130681
352,ksqexp,1.25,8,1,0.1,-31.672795799353466,-32.80779869787145
353,ksqexp,1.25,8,1,0.05,-31.57583213333555,-32.716533073215274
354,ksqexp,1.25,8,1,0.01,-31.54505162595349,-32.6874559280692
355,ksqexp,1.25,8,1,0,-31.543771921481337,-32.68624586087914
356,ksqexp,1.25,8,1.5,0.5,-38.556517420742054,-39.67326235414407
357,ksqexp,1.25,8,1.5,0.1,-35.78987578977816,-37.28816406336656
358,ksqexp,1.25,8,1.5,0.05,-35.69450469400336,-37.20784952599548
359,ksqexp,1.25,8,1.5,0.01,-35.66386700180208,-37.18208222388351
360,ksqexp,1.25,8,1.5,0,-35.662589180263645,-37.181007894136386
361,ksqexp,1.25,10,0.5,0.5,-30.124125313310696,-30.64617839682748
362,ksqexp,1.25,10,0.5,0.1,-27.458224521762485,-27.618725144718503
363,ksqexp,1.25,10,0.5,0.05,-27.51372540442215,-27.593789179525764
364,ksqexp,1.25,10,0.5,0.01,-27.537882477506773,-27.589124610740182
365,ksqexp,1.25,10,0.5,0,-27.538962307603196,-27.588968269245743
366,ksqexp,1.25,10,1,0.5,-34.90246682350704,-35.77902355547339
367,ksqexp,1.25,10,1,0.1,-31.745993505369647,-32.90286341792629
368,ksqexp,1.25,10,1,0.05,-31.647563688427272,-32.81082765438447
369,ksqexp,1.25,10,1,0.01,-31.61627500896445,-32.78147302359539
370,ksqexp,1.25,10,1,0,-31.61497370169649,-32.780251052025875
371,ksqexp,1.25,10,1.5,0.5,-38.646396382811616,-39.774410896013535
372,ksqexp,1.25,10,1.5,0.1,-35.8914639370765,-37.40792956153477
373,ksqexp,1.25,10,1.5,0.05,-35.796191294617515,-37.32804061420241
374,ksqexp,1.25,10,1.5,0.01,-35.76557782481416,-37.302404339965655
375,ksqexp,1.25,10,1.5,0,-35.76430093313032,-37.30133541302509
376,ksqexp,1.25,25,0.5,0.5,-30.669813585129933,-31.19447938217457
377,ksqexp,1.25,25,0.5,0.1,-28.376764626883563,-28.547422562099868
378,ksqexp,1.25,25,0.5,0.05,-28.444517439724216,-28.536014718249998
379,ksqexp,1.25,25,0.5,0.01,-28.472460451199378,-28.535593373783346
380,ksqexp,1.25,25,0.5,0,-28.473696424762267,-28.535612788902036
381,ksqexp,1.25,25,1,0.5,-35.36133244361716,-36.23925304372052
382,ksqexp,1.25,25,1,0.1,-32.37820693548551,-33.5379530744006
383,ksqexp,1.25,25,1,0.05,-32.28607947588392,-33.45241241716623
384,ksqexp,1.25,25,1,0.01,-32.2568119996393,-33.42514525089374
385,ksqexp,1.25,25,1,0,-32.255594948797885,-33.42401034717671
386,ksqexp,1.25,25,1.5,0.5,-39.06629806964545,-40.194730166206334
387,ksqexp,1.25,25,1.5,0.1,-36.428325804589626,-37.94497696374984
388,ksqexp,1.25,25,1.5,0.05,-36.33733816232453,-37.86939366076802
389,ksqexp,1.25,25,1.5,0.01,-36.30810389788892,-37.845144024221106
390,ksqexp,1.25,25,1.5,0,-36.306884556879176,-37.8441329666741
391,ksqexp,1.5,0.2,0.5,0.5,-31.673509522946826,-32.025916709018674
392,ksqexp,1.5,0.2,0.5,0.1,-434.83398793994945,-431.652327862611
393,ksqexp,1.5,0.2,0.5,0.05,-1685.2520233747834,-1661.2048703934195
394,ksqexp,1.5,0.2,0.5,0.01,-33138.569656525324,-32762.43396428843
395,ksqexp,1.5,0.2,0.5,0,-1430004788.1172833,-1434672267.5367277
396,ksqexp,1.5,0.2,1,0.5,-33.25295830206378,-33.5288843729028
397,ksqexp,1.5,0.2,1,0.1,-419.017863370903,-415.5923416813887
398,ksqexp,1.5,0.2,1,0.05,-1638.152932170834,-1601.309236267883
399,ksqexp,1.5,0.2,1,0.01,-30130.406450097264,-30417.80410496416
400,ksqexp,1.5,0.2,1,0,-716833795.8755705,-719168039.3095086
401,ksqexp,1.5,0.2,1.5,0.5,-34.222174243758076,-34.436356921870384
402,ksqexp,1.5,0.2,1.5,0.1,-411.9298002928371,-407.45329341543186
403,ksqexp,1.5,0.2,1.5,0.05,-1604.4777144375162,-1561.2735797085898
404,ksqexp,1.5,0.2,1.5,0.01,-28398.239463067683,-29042.213699788364
405,ksqexp,1.5,0.2,1.5,0,-478298187.39159906,-479854461.7336699
406,ksqexp,1.5,0.5,0.5,0.5,-30.595222092541654,-31.00400806350871
407,ksqexp,1.5,0.5,0.5,0.1,-348.1716717196518,-351.8858866906945
408,ksqexp,1.5,0.5,0.5,0.05,-1298.0871674629361,-1297.5536655813648
409,ksqexp,1.5,0.5,0.5,0.01,-9103.619853551312,-8973.786700825187
410,ksqexp,1.5,0.5,0.5,0,-872086.7502134944,-899874.4838059084
411,ksqexp,1.5,0.5,1,0.5,-32.2062282304568,-32.66982794522527
412,ksqexp,1.5,0.5,1,0.1,-339.75196879186467,-341.89625508670406
413,ksqexp,1.5,0.5,1,0.05,-1127.2091158253468,-1123.0451407520713
414,ksqexp,1.5,0.5,1,0.01,-5714.237003981018,-5619.332983903715
415,ksqexp,1.5,0.5,1,0,-436021.6679460119,-449916.20777486556
416,ksqexp,1.5,0.5,1.5,0.5,-33.27867261690027,-33.80605313507427
417,ksqexp,1.5,0.5,1.5,0.1,-329.0376158270564,-330.25909655775484
418,ksqexp,1.5,0.5,1.5,0.05,-1002.3124740601834,-997.4928275996706
419,ksqexp,1.5,0.5,1.5,0.01,-4370.589005770285,-4303.677389921539
420,ksqexp,1.5,0.5,1.5,0,-290669.0597579416,-299932.5261211034
421,ksqexp,1.5,1,0.5,0.5,-29.659065936339786,-30.20492950863791
422,ksqexp,1.5,1,0.5,0.1,-225.10349441316407,-231.10729416264854
423,ksqexp,1.5,1,0.5,0.05,-480.900269973737,-504.2505739718441
424,ksqexp,1.5,1,0.5,0.01,-1862.2658404825747,-1907.6519582103283
425,ksqexp,1.5,1,0.5,0,-6837.840933459761,-6555.092639237632
426,ksqexp,1.5,1,1,0.5,-31.898958535816753,-32.58395771179685
427,ksqexp,1.5,1,1,0.1,-175.3530592667489,-182.16310087080092
428,ksqexp,1.5,1,1,0.05,-299.11346545362824,-319.0734840674044
429,ksqexp,1.5,1,1,0.01,-1396.4282108541006,-1401.1010620188279
430,ksqexp,1.5,1,1,0,-3411.5511066821864,-3271.235231872635
431,ksqexp,1.5,1,1.5,0.5,-33.51516492080075,-34.31338270858364
432,ksqexp,1.5,1,1.5,0.1,-144.219611053933,-151.29535267527984
433,ksqexp,1.5,1,1.5,0.05,-224.9606438185531,-241.7477452274927
434,ksqexp,1.5,1,1.5,0.01,-1146.1103891014914,-1138.4933639861206
435,ksqexp,1.5,1,1.5,0,-2272.245131536651,-2179.406731981485
436,ksqexp,1.5,1.5,0.5,0.5,-29.81337313141145,-30.361185938921462
437,ksqexp,1.5,1.5,0.5,0.1,-124.57252295546547,-131.1924697744861
438,ksqexp,1.5,1.5,0.5,0.05,-196.27562473346242,-217.44859659681688
439,ksqexp,1.5,1.5,0.5,0.01,-611.3135991474974,-655.5782033064061
440,ksqexp,1.5,1.5,0.5,0,-795.1026637589683,-831.2699064753094
441,ksqexp,1.5,1.5,1,0.5,-32.3770182970733,-33.08524670572886
442,ksqexp,1.5,1.5,1,0.1,-84.34843469544326,-91.53640582913431
443,ksqexp,1.5,1.5,1,0.05,-125.34767434105954,-141.4990508786198
444,ksqexp,1.5,1.5,1,0.01,-345.1423655579619,-366.91164967193765
445,ksqexp,1.5,1.5,1,0,-397.9174151015209,-416.96856764007094
446,ksqexp,1.5,1.5,1.5,0.5,-34.1708544076588,-35.01209703210417
447,ksqexp,1.5,1.5,1.5,0.1,-67.85040043322913,-74.76825703451081
448,ksqexp,1.5,1.5,1.5,0.05,-101.17528252216337,-114.30770574031386
449,ksqexp,1.5,1.5,1.5,0.01,-243.68956148794948,-258.37249171353943
450,ksqexp,1.5,1.5,1.5,0,-268.3129887045978,-281.6587778674708
451,ksqexp,1.5,2,0.5,0.5,-29.691070806566493,-30.158171339398447
452,ksqexp,1.5,2,0.5,0.1,-70.710678416591,-73.65857933267075
453,ksqexp,1.5,2,0.5,0.05,-100.95608876529553,-109.87438968719988
454,ksqexp,1.5,2,0.5,0.01,-163.44186682599275,-180.3509136475812
455,ksqexp,1.5,2,0.5,0,-170.37768882916671,-187.86907289168082
456,ksqexp,1.5,2,1,0.5,-32.40613344326353,-33.04115862498716
457,ksqexp,1.5,2,1,0.1,-50.1236065688974,-53.77039883419836
458,ksqexp,1.5,2,1,0.05,-66.55355495125048,-73.3910413832324
459,ksqexp,1.5,2,1,0.01,-89.37603311460302,-98.84157381208556
460,ksqexp,1.5,2,1,0,-91.12853949627858,-100.74259893777167
461,ksqexp,1.5,2,1.5,0.5,-34.348594902486944,-35.13202301294323
462,ksqexp,1.5,2,1.5,0.1,-43.91907003815148,-47.537020424570926
463,ksqexp,1.5,2,1.5,0.05,-54.928246787698185,-60.54661613512687
464,ksqexp,1.5,2,1.5,0.01,-66.73168676708595,-73.65317252070508
465,ksqexp,1.5,2,1.5,0,-67.50281314368962,-74.49109771085195
466,ksqexp,1.5,2.5,0.5,0.5,-29.478902582385484,-29.868170423610362
467,ksqexp,1.5,2.5,0.5,0.1,-49.621544067960805,-49.0690023232755
468,ksqexp,1.5,2.5,0.5,0.05,-62.03293926227454,-62.175663118902364
469,ksqexp,1.5,2.5,0.5,0.01,-71.70753370894049,-72.54551038803906
470,ksqexp,1.5,2.5,0.5,0,-72.27203089639973,-73.15091762751271
471,ksqexp,1.5,2.5,1,0.5,-32.41415803763428,-32.9874202755125
472,ksqexp,1.5,2.5,1,0.1,-38.667140210174,-39.43684021894098
473,ksqexp,1.5,2.5,1,0.05,-43.04142149909014,-44.178410527620635
474,ksqexp,1.5,2.5,1,0.01,-45.62619742635784,-46.97788217100716
475,ksqexp,1.5,2.5,1,0,-45.757032804998545,-47.11938525008782
476,ksqexp,1.5,2.5,1.5,0.5,-34.633920206718436,-35.374578902261796
477,ksqexp,1.5,2.5,1.5,0.1,-36.4192134971418,-37.614512183642645
478,ksqexp,1.5,2.5,1.5,0.05,-38.548350655153826,-39.961925717362526
479,ksqexp,1.5,2.5,1.5,0.01,-39.656124623762366,-41.17471883440682
480,ksqexp,1.5,2.5,1.5,0,-39.709356873921244,-41.23286455695801
481,ksqexp,1.5,3,0.5,0.5,-29.374190526252853,-29.71224034118795
482,ksqexp,1.5,3,0.5,0.1,-41.04642467283605,-38.72005887207352
483,ksqexp,1.5,3,0.5,0.05,-46.30337836811987,-43.36823487856181
484,ksqexp,1.5,3,0.5,0.01,-48.84218316272305,-45.68011687178229
485,ksqexp,1.5,3,0.5,0,-48.96205999990807,-45.790259532282505
486,ksqexp,1.5,3,1,0.5,-32.6396479920925,-33.18836198203207
487,ksqexp,1.5,3,1,0.1,-34.58017666710682,-34.23594469664594
488,ksqexp,1.5,3,1,0.05,-35.86182177331069,-35.38633074645918
489,ksqexp,1.5,3,1,0.01,-36.40013886451261,-35.87975947995767
490,ksqexp,1.5,3,1,0,-36.42431492971379,-35.90204321700384
491,ksqexp,1.5,3,1.5,0.5,-35.189946429136924,-35.93119376418495
492,ksqexp,1.5,3,1.5,0.1,-34.390085466532,-34.809111270197356
493,ksqexp,1.5,3,1.5,0.05,-34.84382917795613,-35.21966089246448
494,ksqexp,1.5,3,1.5,0.01,-35.02757861200951,-35.389083162620224
495,ksqexp,1.5,3,1.5,0,-35.03572333956663,-35.39662787850847
496,ksqexp,1.5,3.5,0.5,0.5,-29.400928399597536,-29.719552817304557
497,ksqexp,1.5,3.5,0.5,0.1,-36.94674166976412,-34.192137474036834
498,ksqexp,1.5,3.5,0.5,0.05,-39.79566291786321,-36.355388889914074
499,ksqexp,1.5,3.5,0.5,0.01,-40.966006782974425,-37.263442123940635
500,ksqexp,1.5,3.5,0.5,0,-41.018213835057345,-37.304210188923754
501,ksqexp,1.5,3.5,1,0.5,-33.00007182851731,-33.56687351971695
502,ksqexp,1.5,3.5,1,0.1,-33.17714413291571,-32.74373230400969
503,ksqexp,1.5,3.5,1,0.05,-33.71715186189126,-33.13945355894319
504,ksqexp,1.5,3.5,1,0.01,-33.92209888849399,-33.2936842356645
505,ksqexp,1.5,3.5,1,0,-33.931022890125085,-33.300445266404786
506,ksqexp,1.5,3.5,1.5,0.5,-35.82976533279854,-36.62259693798075
507,ksqexp,1.5,3.5,1.5,0.1,-34.18274242981479,-34.64095434027438
508,ksqexp,1.5,3.5,1.5,0.05,-34.30847995849348,-34.72173004150868
509,ksqexp,1.5,3.5,1.5,0.01,-34.35715716682195,-34.75503890289193
510,ksqexp,1.5,3.5,1.5,0,-34.35928267514867,-34.756513725581975
511,ksqexp,1.5,4,0.5,0.5,-29.492422852771174,-29.8204472743949
512,ksqexp,1.5,4,0.5,0.1,-34.64505740110935,-32.03323319200363
513,ksqexp,1.5,4,0.5,0.05,-36.51863048810178,-33.31040828347993
514,ksqexp,1.5,4,0.5,0.01,-37.25217437989974,-33.81809190627939
515,ksqexp,1.5,4,0.5,0,-37.284432429943436,-33.84050567477316
516,ksqexp,1.5,4,1,0.5,-33.3569179003214,-33.97886040159331
517,ksqexp,1.5,4,1,0.1,-32.62148878082133,-32.424930996439485
518,ksqexp,1.5,4,1,0.05,-32.909027439504584,-32.60050491110819
519,ksqexp,1.5,4,1,0.01,-33.01619471436598,-32.66833918338295
520,ksqexp,1.5,4,1,0,-33.02083613296379,-32.671301801143855
521,ksqexp,1.5,4,1.5,0.5,-36.3856672677042,-37.27087154785096
522,ksqexp,1.5,4,1.5,0.1,-34.35163798179847,-35.07053833343631
523,ksqexp,1.5,4,1.5,0.05,-34.37780498591815,-35.06949998627283
524,ksqexp,1.5,4,1.5,0.01,-34.38975578434686,-35.072083193869396
525,ksqexp,1.5,4,1.5,0,-34.390294133996974,-35.07222394330829
526,ksqexp,1.5,6,0.5,0.5,-29.78123406128907,-30.24260662063828
527,ksqexp,1.5,6,0.5,0.1,-31.037269573968743,-29.41582838601344
528,ksqexp,1.5,6,0.5,0.05,-31.846125231228026,-29.827953419576755
529,ksqexp,1.5,6,0.5,0.01,-32.15282926972806,-29.986972336050766
530,ksqexp,1.5,6,0.5,0,-32.16619168443757,-29.993927098699846
531,ksqexp,1.5,6,1,0.5,-34.09544485095569,-34.99483669734631
532,ksqexp,1.5,6,1,0.1,-31.944556245632903,-32.614055220713276
533,ksqexp,1.5,6,1,0.05,-31.980390719972924,-32.600683216788184
534,ksqexp,1.5,6,1,0.01,-31.99618673740973,-32.599065169020044
535,ksqexp,1.5,6,1,0,-31.99689434495773,-32.59902812562971
536,ksqexp,1.5,6,1.5,0.5,-37.444469786611464,-38.69807723984778
537,ksqexp,1.5,6,1.5,0.1,-34.81957211214042,-36.34080441642873
538,ksqexp,1.5,6,1.5,0.05,-34.75271762287064,-36.27834500502833
539,ksqexp,1.5,6,1.5,0.01,-34.731975591122534,-36.25885822440559
540,ksqexp,1.5,6,1.5,0,-34.7311186651821,-36.25805190133494
541,ksqexp,1.5,8,0.5,0.5,-29.88722948868271,-30.420512013237612
542,ksqexp,1.5,8,0.5,0.1,-30.141570048618103,-28.87833538732829
543,ksqexp,1.5,8,0.5,0.05,-30.747359674134152,-29.135196119496634
544,ksqexp,1.5,8,0.5,0.01,-30.97564624172986,-29.234932697928567
545,ksqexp,1.5,8,0.5,0,-30.985568207942517,-29.23929713085511
546,ksqexp,1.5,8,1,0.5,-34.308933308636256,-35.329304633041176
547,ksqexp,1.5,8,1,0.1,-31.814575082925177,-32.76848401948456
548,ksqexp,1.5,8,1,0.05,-31.80462162041234,-32.723653625617466
549,ksqexp,1.5,8,1,0.01,-31.804112242022253,-32.7108148835769
550,ksqexp,1.5,8,1,0,-31.804121068044996,-32.710296967055655
551,ksqexp,1.5,8,1.5,0.5,-37.739430714663136,-39.1380309966867
552,ksqexp,1.5,8,1.5,0.1,-34.978086366751235,-36.75337589203117
553,ksqexp,1.5,8,1.5,0.05,-34.8950731069659,-36.68165121063174
554,ksqexp,1.5,8,1.5,0.01,-34.86872427585141,-36.65889941942959
555,ksqexp,1.5,8,1.5,0,-34.8676287881347,-36.65795367918807
556,ksqexp,1.5,10,0.5,0.5,-29.94376651691883,-30.49824906633619
557,ksqexp,1.5,10,0.5,0.1,-29.85777448038354,-28.70202089693739
558,ksqexp,1.5,10,0.5,0.05,-30.401884568625704,-28.91056966746318
559,ksqexp,1.5,10,0.5,0.01,-30.60709425721103,-28.992381438488284
560,ksqexp,1.5,10,0.5,0,-30.61601312153016,-28.995969005102545
561,ksqexp,1.5,10,1,0.5,-34.3998869554635,-35.45459334904486
562,ksqexp,1.5,10,1,0.1,-31.800651120804787,-32.834756702164924
563,ksqexp,1.5,10,1,0.05,-31.77772060831386,-32.78078001096808
564,ksqexp,1.5,10,1,0.01,-31.772659626855578,-32.764728213539655
565,ksqexp,1.5,10,1,0,-31.772474203991536,-32.76407315787638
566,ksqexp,1.5,10,1.5,0.5,-37.859996360516995,-39.29879458744863
567,ksqexp,1.5,10,1.5,0.1,-35.06475176630412,-36.90943428535155
568,ksqexp,1.5,10,1.5,0.05,-34.97756292395173,-36.83533109553022
569,ksqexp,1.5,10,1.5,0.01,-34.94977462276629,-36.81174591249186
570,ksqexp,1.5,10,1.5,0,-34.948617998202245,-36.81076464220103
571,ksqexp,1.5,25,0.5,0.5,-30.454359639523165,-31.019864602249882
572,ksqexp,1.5,25,0.5,0.1,-30.399953539997217,-29.32170343884167
573,ksqexp,1.5,25,0.5,0.05,-30.909211104504763,-29.506415584035448
574,ksqexp,1.5,25,0.5,0.01,-31.10132628123681,-29.57915554911467
575,ksqexp,1.5,25,0.5,0,-31.10967668317891,-29.58234823375544
576,ksqexp,1.5,25,1,0.5,-34.868452683624135,-35.93673781625948
577,ksqexp,1.5,25,1,0.1,-32.34842325536433,-33.42341681890699
578,ksqexp,1.5,25,1,0.05,-32.32278591227022,-33.36926179150503
579,ksqexp,1.5,25,1,0.01,-32.31666423797136,-33.3530166058051
580,ksqexp,1.5,25,1,0,-32.31643243268496,-33.35235196251936
581,ksqexp,1.5,25,1.5,0.5,-38.326260941134194,-39.77866470355017
582,ksqexp,1.5,25,1.5,0.1,-35.62311019878737,-37.49470376710667
583,ksqexp,1.5,25,1.5,0.05,-35.53772606753195,-37.42335185292062
584,ksqexp,1.5,25,1.5,0.01,-35.510475763423784,-37.40062252268364
585,ksqexp,1.5,25,1.5,0,-35.509341115911624,-37.399676638841534
586,ksqexp,1.75,0.2,0.5,0.5,-31.00939567672241,-31.444755352630885
587,ksqexp,1.75,0.2,0.5,0.1,-470.7556584733581,-466.09917994124004
588,ksqexp,1.75,0.2,0.5,0.05,-1827.330435470514,-1813.4198242175646
589,ksqexp,1.75,0.2,0.5,0.01,-42031.345080903906,-40708.06690035967
590,ksqexp,1.75,0.2,0.5,0,-4872875479.862984,-4886903983.227548
591,ksqexp,1.75,0.2,1,0.5,-32.416004209580755,-32.82662044102817
592,ksqexp,1.75,0.2,1,0.1,-456.95146013702544,-453.3081535921491
593,ksqexp,1.75,0.2,1,0.05,-1773.658553162127,-1754.609220230849
594,ksqexp,1.75,0.2,1,0.01,-39482.514497709264,-38477.68833600774
595,ksqexp,1.75,0.2,1,0,-2457601558.701465,-2464618789.0294995
596,ksqexp,1.75,0.2,1.5,0.5,-33.33636300749386,-33.696579250266645
597,ksqexp,1.75,0.2,1.5,0.1,-447.265685730396,-444.17971731706314
598,ksqexp,1.75,0.2,1.5,0.05,-1752.6149879881289,-1727.6722091848214
599,ksqexp,1.75,0.2,1.5,0.01,-37387.134746407806,-36782.945593950724
600,ksqexp,1.75,0.2,1.5,0,-1643159282.8481026,-1647838088.694694
601,ksqexp,1.75,0.5,0.5,0.5,-30.229044786793313,-30.670966695037976
602,ksqexp,1.75,0.5,0.5,0.1,-365.3016118006049,-370.9622805257419
603,ksqexp,1.75,0.5,0.5,0.05,-1503.5694297423122,-1518.322413618371
604,ksqexp,1.75,0.5,0.5,0.01,-16992.57359151852,-16990.117377251787
605,ksqexp,1.75,0.5,0.5,0,-3048968.608972767,-3151024.7704074113
606,ksqexp,1.75,0.5,1,0.5,-31.628875076489265,-32.103708779064704
607,ksqexp,1.75,0.5,1,0.1,-366.3644751474792,-372.0136041432301
608,ksqexp,1.75,0.5,1,0.05,-1438.8507614628272,-1448.2488728016044
609,ksqexp,1.75,0.5,1,0.01,-11619.861543640616,-11507.103453647098
610,ksqexp,1.75,0.5,1,0,-1524462.6504132685,-1575492.0184162254
611,ksqexp,1.75,0.5,1.5,0.5,-32.53005774763715,-33.04956338692147
612,ksqexp,1.75,0.5,1.5,0.1,-366.6261657487647,-371.7008962713784
613,ksqexp,1.75,0.5,1.5,0.05,-1363.7751005313005,-1371.4535705551025
614,ksqexp,1.75,0.5,1.5,0.01,-9033.62880679929,-8896.924698476354
615,ksqexp,1.75,0.5,1.5,0,-1016292.4637624428,-1050312.8177715745
616,ksqexp,1.75,1,0.5,0.5,-29.058637159283066,-29.558214251905206
617,ksqexp,1.75,1,0.5,0.1,-282.6509641264778,-288.5281401549927
618,ksqexp,1.75,1,0.5,0.05,-859.4495498608495,-884.9999678238336
619,ksqexp,1.75,1,0.5,0.01,-3093.0353196137826,-3335.2051862225235
620,ksqexp,1.75,1,0.5,0,-22990.756780281627,-21190.749971631045
621,ksqexp,1.75,1,1,0.5,-30.92741822502754,-31.54844232923965
622,ksqexp,1.75,1,1,0.1,-255.81377986563135,-262.92882238533804
623,ksqexp,1.75,1,1,0.05,-621.7686201026565,-649.0868738339433
624,ksqexp,1.75,1,1,0.01,-2275.365539068422,-2385.4122440796655
625,ksqexp,1.75,1,1,0,-11480.277860830578,-10581.777098157952
626,ksqexp,1.75,1,1.5,0.5,-32.296142197473664,-33.034923928288535
627,ksqexp,1.75,1,1.5,0.1,-232.37426468702367,-239.88891110910438
628,ksqexp,1.75,1,1.5,0.05,-486.40820199005736,-514.1822291740459
629,ksqexp,1.75,1,1.5,0.01,-1954.8879966797829,-2008.5237472376648
630,ksqexp,1.75,1,1.5,0,-7646.241964686398,-7048.243255642773
631,ksqexp,1.75,1.5,0.5,0.5,-29.22594952089076,-29.747435844553372
632,ksqexp,1.75,1.5,0.5,0.1,-191.15098360305922,-197.81597139092864
633,ksqexp,1.75,1.5,0.5,0.05,-384.77984467553057,-420.346951818021
634,ksqexp,1.75,1.5,0.5,0.01,-1216.0377492517455,-1376.888039440269
635,ksqexp,1.75,1.5,0.5,0,-2272.3124045128543,-2370.33897394039
636,ksqexp,1.75,1.5,1,0.5,-31.463722694306327,-32.12680430925039
637,ksqexp,1.75,1.5,1,0.1,-144.17063143530672,-153.69116683591147
638,ksqexp,1.75,1.5,1,0.05,-236.69798965311094,-268.672387387734
639,ksqexp,1.75,1.5,1,0.01,-769.7440238662222,-848.6458763553085
640,ksqexp,1.75,1.5,1,0,-1130.1259451544793,-1180.440957265067
641,ksqexp,1.75,1.5,1.5,0.5,-33.050327646990844,-33.84549775187709
642,ksqexp,1.75,1.5,1.5,0.1,-117.29669241873523,-127.56573009973216
643,ksqexp,1.75,1.5,1.5,0.05,-177.94377494738532,-206.12844045631806
644,ksqexp,1.75,1.5,1.5,0.01,-570.3356449797889,-620.7735538986927
645,ksqexp,1.75,1.5,1.5,0,-752.1877796375232,-786.5989395872938
646,ksqexp,1.75,2,0.5,0.5,-29.274181507673873,-29.738904960763097
647,ksqexp,1.75,2,0.5,0.1,-115.33375947308713,-118.40387398980799
648,ksqexp,1.75,2,0.5,0.05,-182.10115838129082,-200.30060772671163
649,ksqexp,1.75,2,0.5,0.01,-390.0672176204971,-446.0203552591417
650,ksqexp,1.75,2,0.5,0,-440.75585163623214,-500.35133218202736
651,ksqexp,1.75,2,1,0.5,-31.668927610358924,-32.28505058028145
652,ksqexp,1.75,2,1,0.1,-78.4876242861327,-84.00202020381438
653,ksqexp,1.75,2,1,0.05,-112.74664483550136,-128.51542004274228
654,ksqexp,1.75,2,1,0.01,-207.22779968185907,-237.27156720009378
655,ksqexp,1.75,2,1,0,-220.89697196406925,-251.85103805097975
656,ksqexp,1.75,2,1.5,0.5,-33.362413497327665,-34.126776006589836
657,ksqexp,1.75,2,1.5,0.1,-63.29919556413866,-69.36506454769189
658,ksqexp,1.75,2,1.5,0.05,-88.03839402954566,-101.48536246728922
659,ksqexp,1.75,2,1.5,0.01,-144.19234720448745,-165.19394294133488
660,ksqexp,1.75,2,1.5,0,-150.40133543919146,-171.80826336923258
661,ksqexp,1.75,2.5,0.5,0.5,-29.15037853508276,-29.541123304231597
662,ksqexp,1.75,2.5,0.5,0.1,-76.34193505797839,-74.30782163672518
663,ksqexp,1.75,2.5,0.5,0.05,-111.76641968601565,-112.1728889736623
664,ksqexp,1.75,2.5,0.5,0.01,-156.59586365332905,-162.48292757391897
665,ksqexp,1.75,2.5,0.5,0,-160.35197032595855,-166.70422242949655
666,ksqexp,1.75,2.5,1,0.5,-31.684369641263487,-32.24605014548751
667,ksqexp,1.75,2.5,1,0.1,-53.92530704073474,-54.4403017408076
668,ksqexp,1.75,2.5,1,0.05,-69.71599870580641,-72.07656076295137
669,ksqexp,1.75,2.5,1,0.01,-84.25998128100512,-88.54487170815042
670,ksqexp,1.75,2.5,1,0,-85.18805649345839,-89.59264133964265
671,ksqexp,1.75,2.5,1.5,0.5,-33.533776897405986,-34.26762377787288
672,ksqexp,1.75,2.5,1.5,0.1,-46.18970094256019,-47.62119352010565
673,ksqexp,1.75,2.5,1.5,0.05,-55.45858412502551,-58.177551852193496
674,ksqexp,1.75,2.5,1.5,0.01,-62.522200019595466,-66.22349289879222
675,ksqexp,1.75,2.5,1.5,0,-62.92407531155444,-66.6794377380894
676,ksqexp,1.75,3,0.5,0.5,-29.03088982212389,-29.362907197838542
677,ksqexp,1.75,3,0.5,0.1,-59.8215272773214,-54.40166004446648
678,ksqexp,1.75,3,0.5,0.05,-79.71391041741673,-71.89849623519206
679,ksqexp,1.75,3,0.5,0.01,-92.76878614357693,-84.0309993778027
680,ksqexp,1.75,3,0.5,0,-93.46706768240175,-84.69621836305757
681,ksqexp,1.75,3,1,0.5,-31.786561613556206,-32.31976652005693
682,ksqexp,1.75,3,1,0.1,-44.54390977698314,-42.394427588268705
683,ksqexp,1.75,3,1,0.05,-51.19145708278199,-48.40916342694616
684,ksqexp,1.75,3,1,0.01,-54.564430065975245,-51.593329662572486
685,ksqexp,1.75,3,1,0,-54.726108338232414,-51.74823256075632
686,ksqexp,1.75,3,1.5,0.5,-33.880518774358464,-34.61470653004421
687,ksqexp,1.75,3,1.5,0.1,-39.97078046367956,-39.240177692954745
688,ksqexp,1.75,3,1.5,0.05,-43.109150850100605,-42.1308254482115
689,ksqexp,1.75,3,1.5,0.01,-44.53729098262936,-43.492771374553435
690,ksqexp,1.75,3,1.5,0,-44.603111989407424,-43.55622739259658
691,ksqexp,1.75,3.5,0.5,0.5,-29.00969275130133,-29.304552126390316
692,ksqexp,1.75,3.5,0.5,0.1,-51.74710041720879,-44.97635064866213
693,ksqexp,1.75,3.5,0.5,0.05,-63.92089230470068,-53.97649035136048
694,ksqexp,1.75,3.5,0.5,0.01,-70.24065094462505,-58.66951194548049
695,ksqexp,1.75,3.5,0.5,0,-70.54556922618596,-58.896242398749905
696,ksqexp,1.75,3.5,1,0.5,-32.05904191091465,-32.59224368177857
697,ksqexp,1.75,3.5,1,0.1,-40.23745745654531,-37.39296453673403
698,ksqexp,1.75,3.5,1,0.05,-43.71716466973923,-39.92803749474222
699,ksqexp,1.75,3.5,1,0.01,-45.20987333369249,-41.02410964753606
700,ksqexp,1.75,3.5,1,0,-45.27733186262926,-41.07374303633846
701,ksqexp,1.75,3.5,1.5,0.5,-34.425174833759215,-35.1934387530371
702,ksqexp,1.75,3.5,1.5,0.1,-37.559276770983985,-36.42553819389933
703,ksqexp,1.75,3.5,1.5,0.05,-39.031015839701915,-37.479050570076275
704,ksqexp,1.75,3.5,1.5,0.01,-39.61923466600272,-37.904696551637684
705,ksqexp,1.75,3.5,1.5,0,-39.64524284114042,-37.92356668199337
706,ksqexp,1.75,4,0.5,0.5,-29.08502248941194,-29.3668723745953
707,ksqexp,1.75,4,0.5,0.1,-46.87079377793016,-39.98407613492695
708,ksqexp,1.75,4,0.5,0.05,-55.18466040154043,-45.44896455467711
709,ksqexp,1.75,4,0.5,0.01,-59.2075179053572,-48.033386342796604
710,ksqexp,1.75,4,0.5,0,-59.397777922783355,-48.154321241585706
711,ksqexp,1.75,4,1,0.5,-32.42705670914528,-32.99202750040195
712,ksqexp,1.75,4,1,0.1,-37.95362407194408,-35.328170143433134
713,ksqexp,1.75,4,1,0.05,-40.150162831945416,-36.7119363342366
714,ksqexp,1.75,4,1,0.01,-41.058885083513836,-37.278236548484706
715,ksqexp,1.75,4,1,0,-41.09957082481728,-37.30347480268524
716,ksqexp,1.75,4,1.5,0.5,-35.02939681187141,-35.86995448940317
717,ksqexp,1.75,4,1.5,0.1,-36.56572509071125,-35.74153417412878
718,ksqexp,1.75,4,1.5,0.05,-37.43525142380567,-36.26392575477159
719,ksqexp,1.75,4,1.5,0.01,-37.77584123772611,-36.46820956238049
720,ksqexp,1.75,4,1.5,0,-37.79082522532917,-36.47718275630511
721,ksqexp,1.75,6,0.5,0.5,-29.535624362494847,-29.9342142389381
722,ksqexp,1.75,6,0.5,0.1,-38.10599333340175,-33.069622134036074
723,ksqexp,1.75,6,0.5,0.05,-41.356956312838115,-34.76990152605414
724,ksqexp,1.75,6,0.5,0.01,-42.756753958156644,-35.48794361211885
725,ksqexp,1.75,6,0.5,0,-42.820458694986385,-35.52035358730173
726,ksqexp,1.75,6,1,0.5,-33.50643781553569,-34.37981003948928
727,ksqexp,1.75,6,1,0.1,-34.395387900559754,-33.55538025607724
728,ksqexp,1.75,6,1,0.05,-35.049897434325466,-33.864625982588606
729,ksqexp,1.75,6,1,0.01,-35.30630692644465,-33.98629691357967
730,ksqexp,1.75,6,1,0,-35.317597520415106,-33.991651917008966
731,ksqexp,1.75,6,1.5,0.5,-36.55396220712072,-37.84546447953234
732,ksqexp,1.75,6,1.5,0.1,-35.36659160597168,-36.18386133429243
733,ksqexp,1.75,6,1.5,0.05,-35.537269554004574,-36.24565229008102
734,ksqexp,1.75,6,1.5,0.01,-35.604352869021476,-36.27158709598543
735,ksqexp,1.75,6,1.5,0,-35.607300562210504,-36.272741460273906
736,ksqexp,1.75,8,0.5,0.5,-29.738181164921958,-30.254663023180388
737,ksqexp,1.75,8,0.5,0.1,-35.61197412440369,-31.48506766039486
738,ksqexp,1.75,8,0.5,0.05,-37.79719723715232,-32.4976038162872
739,ksqexp,1.75,8,0.5,0.01,-38.676688262200514,-32.90500491529139
740,ksqexp,1.75,8,0.5,0,-38.715750641486885,-32.92307899756463
741,ksqexp,1.75,8,1,0.5,-33.86678128865296,-34.950418771853904
742,ksqexp,1.75,8,1,0.1,-33.491657894154045,-33.38811829064764
743,ksqexp,1.75,8,1,0.05,-33.83587834002673,-33.51525454236133
744,ksqexp,1.75,8,1,0.01,-33.96548634737673,-33.5654402055271
745,ksqexp,1.75,8,1,0,-33.971120552459766,-33.56764459598944
746,ksqexp,1.75,8,1.5,0.5,-37.03004055362863,-38.58333137068518
747,ksqexp,1.75,8,1.5,0.1,-35.131082160727445,-36.58765402594821
748,ksqexp,1.75,8,1.5,0.05,-35.16477018301526,-36.57503761694917
749,ksqexp,1.75,8,1.5,0.01,-35.17957083780554,-36.57320741571367
750,ksqexp,1.75,8,1.5,0,-35.18023395613304,-36.573156562178184
751,ksqexp,1.75,10,0.5,0.5,-29.825420186632236,-30.386917673198404
752,ksqexp,1.75,10,0.5,0.1,-34.78966673402075,-30.956471881463642
753,ksqexp,1.75,10,0.5,0.05,-36.68018310503371,-31.774831604775873
754,ksqexp,1.75,10,0.5,0.01,-37.42384986087057,-32.099206343679306
755,ksqexp,1.75,10,0.5,0,-37.456597998790826,-32.113513686110146
756,ksqexp,1.75,10,1,0.5,-34.0078453725774,-35.1681802470108
757,ksqexp,1.75,10,1,0.1,-33.24251628874713,-33.370357570609755
758,ksqexp,1.75,10,1,0.05,-33.50556390598895,-33.44919392178853
759,ksqexp,1.75,10,1,0.01,-33.60303904884547,-33.48098636129637
760,ksqexp,1.75,10,1,0,-33.60725318405852,-33.48238707129733
761,ksqexp,1.75,10,1.5,0.5,-37.21472062583885,-38.86067942815342
762,ksqexp,1.75,10,1.5,0.1,-35.113541367329574,-36.76965667610081
763,ksqexp,1.75,10,1.5,0.05,-35.11277154700011,-36.738351243862475
764,ksqexp,1.75,10,1.5,0.01,-35.11469143740557,-36.72968113758331
765,ksqexp,1.75,10,1.5,0,-35.114795012504516,-36.72933496641169
766,ksqexp,1.75,25,0.5,0.5,-30.27984052494146,-30.865771511318393
767,ksqexp,1.75,25,0.5,0.1,-34.578379003454906,-30.9772941664719
768,ksqexp,1.75,25,0.5,0.05,-36.28006796261043,-31.661490812399304
769,ksqexp,1.75,25,0.5,0.01,-36.947407887174045,-31.93364456456423
770,ksqexp,1.75,25,0.5,0,-36.9767489468254,-31.945652272364793
771,ksqexp,1.75,25,1,0.5,-34.46290657810233,-35.66427120181633
772,ksqexp,1.75,25,1,0.1,-33.500896693784476,-33.77510910089405
773,ksqexp,1.75,25,1,0.05,-33.72262743512886,-33.828043265011445
774,ksqexp,1.75,25,1,0.01,-33.80472214423018,-33.85037176998756
775,ksqexp,1.75,25,1,0,-33.808268337309485,-33.85136395259257
776,ksqexp,1.75,25,1.5,0.5,-37.70221851910366,-39.39628491592507
777,ksqexp,1.75,25,1.5,0.1,-35.560325200064284,-37.326955748823984
778,ksqexp,1.75,25,1.5,0.05,-35.5459332722468,-37.28887011517411
779,ksqexp,1.75,25,1.5,0.01,-35.54287608961687,-37.27771151953234
780,ksqexp,1.75,25,1.5,0,-35.542764900832196,-37.277257946057105
781,ksqexp,2,0.2,0.5,0.5,-30.415336927702295,-30.88588333340193
782,ksqexp,2,0.2,0.5,0.1,-482.2780515990706,-478.29373517799803
783,ksqexp,2,0.2,0.5,0.05,-1927.6956858016788,-1905.8427125391675
784,ksqexp,2,0.2,0.5,0.01,-44380.651470423676,-43655.256328711366
785,ksqexp,2,0.2,0.5,0,-13777035107.189667,-13815289337.652794
786,ksqexp,2,0.2,1,0.5,-31.58214723135878,-32.07829848368975
787,ksqexp,2,0.2,1,0.1,-477.6486973226366,-472.3230391188082
788,ksqexp,2,0.2,1,0.05,-1856.8364743611198,-1837.0265506534952
789,ksqexp,2,0.2,1,0.01,-43538.349752809125,-42875.15932909483
790,ksqexp,2,0.2,1,0,-7059259039.108926,-7078399619.502498
791,ksqexp,2,0.2,1.5,0.5,-32.37190990919145,-32.85318666673972
792,ksqexp,2,0.2,1.5,0.1,-470.5268945710138,-465.2800348405392
793,ksqexp,2,0.2,1.5,0.05,-1821.8893121593985,-1801.8013004468548
794,ksqexp,2,0.2,1.5,0.01,-42646.41501853739,-42096.87086921791
795,ksqexp,2,0.2,1.5,0,-4745335658.555211,-4758098785.355505
796,ksqexp,2,0.5,0.5,0.5,-29.895858414876603,-30.371188688277858
797,ksqexp,2,0.5,0.5,0.1,-374.25696452908136,-379.3744457317043
798,ksqexp,2,0.5,0.5,0.05,-1565.4214189815316,-1595.7510879241388
799,ksqexp,2,0.5,0.5,0.01,-27388.97142735917,-27605.38014371865
800,ksqexp,2,0.5,0.5,0,-9060167.325483039,-9349033.725025577
801,ksqexp,2,0.5,1,0.5,-31.122861798412515,-31.620497318450248
802,ksqexp,2,0.5,1,0.1,-373.4774041330781,-380.82616870932037
803,ksqexp,2,0.5,1,0.05,-1574.6267432594063,-1602.355865155895
804,ksqexp,2,0.5,1,0.01,-20385.49208753609,-20481.190484185627
805,ksqexp,2,0.5,1,0,-4530125.935178426,-4674561.867574296
806,ksqexp,2,0.5,1.5,0.5,-31.895648964526682,-32.42191828701867
807,ksqexp,2,0.5,1.5,0.1,-375.7714056844195,-383.94798542958614
808,ksqexp,2,0.5,1.5,0.05,-1566.043523805565,-1589.8656969060935
809,ksqexp,2,0.5,1.5,0.01,-16647.64340614449,-16621.165966562592
810,ksqexp,2,0.5,1.5,0,-3020078.1541436343,-3116370.124806728
811,ksqexp,2,1,0.5,0.5,-28.665929037790903,-29.144617315454663
812,ksqexp,2,1,0.5,0.1,-308.578000133793,-313.5846718587391
813,ksqexp,2,1,0.5,0.05,-1151.365521951031,-1183.220513298846
814,ksqexp,2,1,0.5,0.01,-6630.683161907578,-7138.41336726184
815,ksqexp,2,1,0.5,0,-66976.5355472869,-62325.37102786269
816,ksqexp,2,1,1,0.5,-30.18744458295588,-30.75774087776527
817,ksqexp,2,1,1,0.1,-299.09847391822984,-306.75653642008723
818,ksqexp,2,1,1,0.05,-1006.3584257163335,-1036.4497219072102
819,ksqexp,2,1,1,0.01,-4136.601265323537,-4525.582923217107
820,ksqexp,2,1,1,0,-33465.483218364265,-31141.709205839594
821,ksqexp,2,1,1.5,0.5,-31.319343314060543,-31.994274441084045
822,ksqexp,2,1,1.5,0.1,-290.0391821566134,-298.90221512439825
823,ksqexp,2,1,1.5,0.05,-890.1874429454409,-917.1355939983958
824,ksqexp,2,1,1.5,0.01,-3259.1320030967427,-3565.4991595627553
825,ksqexp,2,1,1.5,0,-22297.921016537468,-20749.94419167271
826,ksqexp,2,1.5,0.5,0.5,-28.706013313706585,-29.212117417134966
827,ksqexp,2,1.5,0.5,0.1,-239.5250348501238,-243.13165528744292
828,ksqexp,2,1.5,0.5,0.05,-649.9827712699615,-695.6154950484306
829,ksqexp,2,1.5,0.5,0.01,-2053.9801788167524,-2504.5764598469427
830,ksqexp,2,1.5,0.5,0,-5803.744379837615,-6160.486422012381
831,ksqexp,2,1.5,1,0.5,-30.605373544833434,-31.225412933169274
832,ksqexp,2,1.5,1,0.1,-205.2729136394859,-214.56415951727135
833,ksqexp,2,1.5,1,0.05,-448.6601784642712,-497.9143578696158
834,ksqexp,2,1.5,1,0.01,-1350.1940163142883,-1618.1878178883508
835,ksqexp,2,1.5,1,0,-2889.381738486837,-3069.3649761551656
836,ksqexp,2,1.5,1.5,0.5,-31.97732733482949,-32.71184942448962
837,ksqexp,2,1.5,1.5,0.1,-180.34960942798097,-192.18084679096742
838,ksqexp,2,1.5,1.5,0.05,-345.86565579195604,-392.92563053205447
839,ksqexp,2,1.5,1.5,0.01,-1054.5596813712953,-1240.2715696142816
840,ksqexp,2,1.5,1.5,0,-1920.7181635358702,-2041.7818021332675
841,ksqexp,2,2,0.5,0.5,-28.85189995498202,-29.336623458208077
842,ksqexp,2,2,0.5,0.1,-167.08861513376596,-167.87950562455268
843,ksqexp,2,2,0.5,0.05,-333.3903366515038,-357.3366772127311
844,ksqexp,2,2,0.5,0.01,-847.7939844201978,-990.932378650195
845,ksqexp,2,2,0.5,0,-1117.7193262018511,-1278.5286763508766
846,ksqexp,2,2,1,0.5,-30.90839743097065,-31.519149072370148
847,ksqexp,2,2,1,0.1,-124.75490732877537,-130.09566126748234
848,ksqexp,2,2,1,0.05,-206.7925657620086,-232.10576417644162
849,ksqexp,2,2,1,0.01,-472.8960231977595,-550.6783130751388
850,ksqexp,2,2,1,0,-553.7397602431338,-635.6001756338849
851,ksqexp,2,2,1.5,0.5,-32.37154107161814,-33.107424722755
852,ksqexp,2,2,1.5,0.1,-101.84796583346747,-108.91849889739007
853,ksqexp,2,2,1.5,0.05,-155.88459383831403,-179.39397237056198
854,ksqexp,2,2,1.5,0.01,-330.1533031123265,-383.97714357054974
855,ksqexp,2,2,1.5,0,-368.53722790561517,-424.0813316967115
856,ksqexp,2,2.5,0.5,0.5,-28.797399223484646,-29.22069268068073
857,ksqexp,2,2.5,0.5,0.1,-115.12116904267481,-110.37924953911956
858,ksqexp,2,2.5,0.5,0.05,-206.74774319801418,-202.25225780269864
859,ksqexp,2,2.5,0.5,0.01,-376.0867994399659,-387.4855226789163
860,ksqexp,2,2.5,0.5,0,-398.3883138097431,-412.590413366109
861,ksqexp,2,2.5,1,0.5,-30.967580286831264,-31.53382944830907
862,ksqexp,2,2.5,1,0.1,-82.90036672525831,-81.56848549114608
863,ksqexp,2,2.5,1,0.05,-129.5878621069871,-130.22235282762685
864,ksqexp,2,2.5,1,0.01,-193.45148177846147,-201.36963406022892
865,ksqexp,2,2.5,1,0,-199.209981511554,-207.86726735748854
866,ksqexp,2,2.5,1.5,0.5,-32.54383031936268,-33.259547807380244
867,ksqexp,2,2.5,1.5,0.1,-68.64544210964492,-68.78876418187802
868,ksqexp,2,2.5,1.5,0.05,-98.90284697297018,-101.15406180994755
869,ksqexp,2,2.5,1.5,0.01,-133.0425580584605,-139.51572007340476
870,ksqexp,2,2.5,1.5,0,-135.60786081798233,-142.4168754236988
871,ksqexp,2,3,0.5,0.5,-28.686098838566522,-29.049858770502258
872,ksqexp,2,3,0.5,0.1,-88.06626802170405,-78.53871640397213
873,ksqexp,2,3,0.5,0.05,-150.3040484597978,-130.44329078223973
874,ksqexp,2,3,0.5,0.01,-216.8526462262045,-187.81827544992512
875,ksqexp,2,3,0.5,0,-221.3661445301425,-191.860598900549
876,ksqexp,2,3,1,0.5,-31.014831451814793,-31.552775699499616
877,ksqexp,2,3,1,0.1,-65.08721106133842,-59.293129795475934
878,ksqexp,2,3,1,0.05,-92.98632977140132,-82.65787933722248
879,ksqexp,2,3,1,0.01,-113.13206588092939,-100.26494085632946
880,ksqexp,2,3,1,0,-114.2397825665178,-101.25933248732841
881,ksqexp,2,3,1.5,0.5,-32.76460440304866,-33.484375083276824
882,ksqexp,2,3,1.5,0.1,-55.55762547803847,-51.73410789063634
883,ksqexp,2,3,1.5,0.05,-71.3933603219877,-65.09858019793994
884,ksqexp,2,3,1.5,0.01,-80.84269564490126,-73.418983593222
885,ksqexp,2,3,1.5,0,-81.3216520067641,-73.84956711158372
886,ksqexp,2,3.5,0.5,0.5,-28.622192669552145,-28.939502729999866
887,ksqexp,2,3.5,0.5,0.1,-74.85306940790123,-62.63712854125737
888,ksqexp,2,3.5,0.5,0.05,-118.29077327076942,-93.41703568402023
889,ksqexp,2,3.5,0.5,0.01,-155.00821171562205,-117.83524733002852
890,ksqexp,2,3.5,0.5,0,-157.21446296593282,-119.2558048227849
891,ksqexp,2,3.5,1,0.5,-31.184575908603854,-31.71304122294861
892,ksqexp,2,3.5,1,0.1,-56.31033414785055,-48.76729804328125
893,ksqexp,2,3.5,1,0.05,-73.67845395726326,-60.57552535600099
894,ksqexp,2,3.5,1,0.01,-84.13060744603953,-67.37148332548392
895,ksqexp,2,3.5,1,0,-84.66556768061463,-67.712956381876
896,ksqexp,2,3.5,1.5,0.5,-33.165140999850436,-33.90999899874988
897,ksqexp,2,3.5,1.5,0.1,-49.08514175780947,-44.032651026069445
898,ksqexp,2,3.5,1.5,0.05,-58.29342670680461,-50.13373863867278
899,ksqexp,2,3.5,1.5,0.01,-63.04435759085012,-53.17782745965883
900,ksqexp,2,3.5,1.5,0,-63.273259349662,-53.32266366664031
901,ksqexp,2,4,0.5,0.5,-28.649049382624362,-28.93533783260248
902,ksqexp,2,4,0.5,0.1,-66.97522381044983,-53.76999298190675
903,ksqexp,2,4,0.5,0.05,-98.21116762121015,-73.38774086557223
904,ksqexp,2,4,0.5,0.01,-122.05898135241868,-86.89904547390863
905,ksqexp,2,4,0.5,0,-123.44408346123349,-87.64599923939787
906,ksqexp,2,4,1,0.5,-31.492603553083953,-32.03048988308228
907,ksqexp,2,4,1,0.1,-50.969024675396895,-43.32490648611685
908,ksqexp,2,4,1,0.05,-62.65717786783289,-50.19677640879969
909,ksqexp,2,4,1,0.01,-69.2845117579071,-53.81976641103799
910,ksqexp,2,4,1,0,-69.61762990021825,-53.996940625167184
911,ksqexp,2,4,1.5,0.5,-33.714662627067156,-34.506778615345205
912,ksqexp,2,4,1.5,0.1,-45.359921606096464,-40.531337643149804
913,ksqexp,2,4,1.5,0.05,-51.35534197863574,-43.91130252290564
914,ksqexp,2,4,1.5,0.01,-54.3247727629683,-45.49713278113563
915,ksqexp,2,4,1.5,0,-54.46613547832172,-45.57124451961153
916,ksqexp,2,6,0.5,0.5,-29.18574872192985,-29.525905661659582
917,ksqexp,2,6,0.5,0.1,-50.399617567175085,-39.52688503064057
918,ksqexp,2,6,0.5,0.05,-61.66117511159681,-45.17207838390142
919,ksqexp,2,6,0.5,0.01,-68.23661992441842,-48.20906048709082
920,ksqexp,2,6,0.5,0,-68.57618950466326,-48.36070016677109
921,ksqexp,2,6,1,0.5,-32.83392242646892,-33.63205784591869
922,ksqexp,2,6,1,0.1,-40.747954032841086,-36.37053676363493
923,ksqexp,2,6,1,0.05,-44.149467160891305,-37.960425998699804
924,ksqexp,2,6,1,0.01,-45.7686735771951,-38.68005876102287
925,ksqexp,2,6,1,0,-45.844937147627036,-38.71337470630233
926,ksqexp,2,6,1.5,0.5,-35.62630254649541,-36.8519081889652
927,ksqexp,2,6,1.5,0.1,-38.870901110000126,-37.32820354524415
928,ksqexp,2,6,1.5,0.05,-40.37221642153479,-37.99373705059179
929,ksqexp,2,6,1.5,0.01,-41.02857990587517,-38.275539484525964
930,ksqexp,2,6,1.5,0,-41.05850979493809,-38.28825631936604
931,ksqexp,2,8,0.5,0.5,-29.525178063455126,-30.010870835190698
932,ksqexp,2,8,0.5,0.1,-44.769502169425316,-35.76973370890463
933,ksqexp,2,8,0.5,0.05,-51.394577579994895,-38.76494542285213
934,ksqexp,2,8,0.5,0.01,-54.620005402928086,-40.167774542504155
935,ksqexp,2,8,0.5,0,-54.77446290569809,-40.2338559870796
936,ksqexp,2,8,1,0.5,-33.40408553814271,-34.489129444293205
937,ksqexp,2,8,1,0.1,-37.70357426055658,-35.056775683186835
938,ksqexp,2,8,1,0.05,-39.35147389892889,-35.752259485453926
939,ksqexp,2,8,1,0.01,-40.04452647616619,-36.040669770960385
940,ksqexp,2,8,1,0,-40.075834784772255,-36.05361888849121
941,ksqexp,2,8,1.5,0.5,-36.35036995602543,-37.9532263679982
942,ksqexp,2,8,1.5,0.1,-37.1194315679892,-37.12125165781922
943,ksqexp,2,8,1.5,0.05,-37.7168353597235,-37.35311476884067
944,ksqexp,2,8,1.5,0.01,-37.956320545783406,-37.4467098439567
945,ksqexp,2,8,1.5,0,-37.966948844335555,-37.45086328894946
946,ksqexp,2,10,0.5,0.5,-29.67555169242624,-30.238209958389927
947,ksqexp,2,10,0.5,0.1,-42.83996723130335,-34.52903158770976
948,ksqexp,2,10,0.5,0.05,-48.12251526584311,-36.78460548581295
949,ksqexp,2,10,0.5,0.01,-50.46098850636534,-37.768641309995154
950,ksqexp,2,10,0.5,0,-50.568424190902626,-37.81357607559114
951,ksqexp,2,10,1,0.5,-33.6282698875203,-34.8482118232419
952,ksqexp,2,10,1,0.1,-36.761172077497264,-34.722501945317546
953,ksqexp,2,10,1,0.05,-37.92828782924511,-35.183093985206135
954,ksqexp,2,10,1,0.01,-38.383144468733924,-35.364521831241085
955,ksqexp,2,10,1,0,-38.40315929376369,-35.37251928127417
956,ksqexp,2,10,1.5,0.5,-36.62998597641801,-38.39969606308641
957,ksqexp,2,10,1.5,0.1,-36.64101309207583,-37.17706648357086
958,ksqexp,2,10,1.5,0.05,-36.998670216573,-37.29935808369478
959,ksqexp,2,10,1.5,0.01,-37.13289412500856,-37.34738186994888
960,ksqexp,2,10,1.5,0,-37.13872776131112,-37.349490449848176
961,ksqexp,2,25,0.5,0.5,-30.117277989058994,-30.722710171316674
962,ksqexp,2,25,0.5,0.1,-41.4739665757503,-33.68098234276847
963,ksqexp,2,25,0.5,0.05,-46.01153993946761,-35.48436069789757
964,ksqexp,2,25,0.5,0.01,-47.93710690603763,-36.252576946608635
965,ksqexp,2,25,0.5,0,-48.02376190821661,-36.28719329765074
966,ksqexp,2,25,1,0.5,-34.103590368791664,-35.40856237876061
967,ksqexp,2,25,1,0.1,-36.4418588785865,-34.792602237202985
968,ksqexp,2,25,1,0.05,-37.37969312084371,-35.13265785227626
969,ksqexp,2,25,1,0.01,-37.73038487633477,-35.26382941577153
970,ksqexp,2,25,1,0,-37.74557984744218,-35.26955957817777
971,ksqexp,2,25,1.5,0.5,-37.16103864490993,-39.03809934955373
972,ksqexp,2,25,1.5,0.1,-36.76327661238915,-37.61851938996888
973,ksqexp,2,25,1.5,0.05,-37.01591821539347,-37.69132145182521
974,ksqexp,2,25,1.5,0.01,-37.106310906955365,-37.71976293864719
975,ksqexp,2,25,1.5,0,-37.11017592713613,-37.72100510504605
976,ksqexp,2.25,0.2,0.5,0.5,-29.953357173902642,-30.434413235368815
977,ksqexp,2.25,0.2,0.5,0.1,-480.8893005378755,-480.42997969042347
978,ksqexp,2.25,0.2,0.5,0.05,-1983.3248366432726,-1959.8651176648455
979,ksqexp,2.25,0.2,0.5,0.01,-45392.57234082258,-44739.651935292306
980,ksqexp,2.25,0.2,0.5,0,-32939840373.65798,-33037820998.562984
981,ksqexp,2.25,0.2,1,0.5,-30.9177340540802,-31.447416260318324
982,ksqexp,2.25,0.2,1,0.1,-483.4936184655129,-479.91924459969584
983,ksqexp,2.25,0.2,1,0.05,-1919.0868175872943,-1893.1698775613202
984,ksqexp,2.25,0.2,1,0.01,-45152.53228073128,-44623.85812788618
985,ksqexp,2.25,0.2,1,0,-17476151438.38356,-17525196749.99196
986,ksqexp,2.25,0.2,1.5,0.5,-31.575599541118045,-32.11438994506241
987,ksqexp,2.25,0.2,1.5,0.1,-480.70066930059716,-475.89301682103707
988,ksqexp,2.25,0.2,1.5,0.05,-1877.1191003921956,-1851.3052765930627
989,ksqexp,2.25,0.2,1.5,0.01,-44845.604975209535,-44461.490571529175
990,ksqexp,2.25,0.2,1.5,0,-11892861194.66134,-11925566287.565674
991,ksqexp,2.25,0.5,0.5,0.5,-29.62123849238689,-30.130614800445244
992,ksqexp,2.25,0.5,0.5,0.1,-381.8633433435592,-385.2789115066081
993,ksqexp,2.25,0.5,0.5,0.05,-1575.4756349926326,-1611.4038306223297
994,ksqexp,2.25,0.5,0.5,0.01,-38499.54976720954,-38649.84050364929
995,ksqexp,2.25,0.5,0.5,0,-23769167.73224291,-24450494.36948428
996,ksqexp,2.25,0.5,1,0.5,-30.730028055738277,-31.259288574874077
997,ksqexp,2.25,0.5,1,0.1,-377.1711802007653,-383.4573000431177
998,ksqexp,2.25,0.5,1,0.05,-1596.1746964249244,-1642.105039846998
999,ksqexp,2.25,0.5,1,0.01,-33092.032782998314,-32881.6858276065
1000,ksqexp,2.25,0.5,1,0,-11885087.378447674,-12225755.79717545
1001,ksqexp,2.25,0.5,1.5,0.5,-31.413748494297845,-31.96033965945308
1002,ksqexp,2.25,0.5,1.5,0.1,-377.260532887298,-385.63909072746725
1003,ksqexp,2.25,0.5,1.5,0.05,-1612.4828456060911,-1660.6579728326797
1004,ksqexp,2.25,0.5,1.5,0.01,-28863.577444916562,-28563.338714846966
1005,ksqexp,2.25,0.5,1.5,0,-7923484.135392384,-8150598.54120901
1006,ksqexp,2.25,1,0.5,0.5,-28.46633132501182,-28.957171504484425
1007,ksqexp,2.25,1,0.5,0.1,-319.5985697236304,-323.3239243656322
1008,ksqexp,2.25,1,0.5,0.05,-1271.087940230572,-1305.8134516582445
1009,ksqexp,2.25,1,0.5,0.01,-14512.444227152191,-15026.059322088682
1010,ksqexp,2.25,1,0.5,0,-170017.47155163885,-165075.35681112146
1011,ksqexp,2.25,1,1,0.5,-29.693696685054697,-30.251986730615485
1012,ksqexp,2.25,1,1,0.1,-314.710950453228,-321.46117549809577
1013,ksqexp,2.25,1,1,0.05,-1209.4201070997362,-1255.1692418082255
1014,ksqexp,2.25,1,1,0.01,-9470.957392891269,-9915.618194021616
1015,ksqexp,2.25,1,1,0,-84978.49010061618,-82509.49060597733
1016,ksqexp,2.25,1,1.5,0.5,-30.605100586953462,-31.24674376858185
1017,ksqexp,2.25,1,1.5,0.1,-311.1943495426347,-319.85217833877317
1018,ksqexp,2.25,1,1.5,0.05,-1152.4703753795882,-1200.6159812214273
1019,ksqexp,2.25,1,1.5,0.01,-7206.434501502924,-7621.3868098738885
1020,ksqexp,2.25,1,1.5,0,-56634.93952368175,-54990.3140227311
1021,ksqexp,2.25,1.5,0.5,0.5,-28.32919793898371,-28.8410511415346
1022,ksqexp,2.25,1.5,0.5,0.1,-264.0100595350324,-262.71549679361783
1023,ksqexp,2.25,1.5,0.5,0.05,-870.3786317568878,-912.9098500923525
1024,ksqexp,2.25,1.5,0.5,0.01,-3762.04244991629,-4679.591510714512
1025,ksqexp,2.25,1.5,0.5,0,-14078.451464868998,-15149.269487274545
1026,ksqexp,2.25,1.5,1,0.5,-29.905009301066436,-30.51532155151071
1027,ksqexp,2.25,1.5,1,0.1,-242.49234636860223,-247.8858865497201
1028,ksqexp,2.25,1.5,1,0.05,-693.1395849355804,-754.0986139844803
1029,ksqexp,2.25,1.5,1,0.01,-2300.5293298466636,-2929.1221486772183
1030,ksqexp,2.25,1.5,1,0,-7020.26308696245,-7557.59290060543
1031,ksqexp,2.25,1.5,1.5,0.5,-31.066358251003876,-31.776622200258167
1032,ksqexp,2.25,1.5,1.5,0.1,-226.19971960177122,-235.84897235126186
1033,ksqexp,2.25,1.5,1.5,0.05,-578.8238878000312,-644.3679562148493
1034,ksqexp,2.25,1.5,1.5,0.01,-1764.4858652440805,-2245.282441789741
1035,ksqexp,2.25,1.5,1.5,0,-4670.324169773333,-5029.824598880215
1036,ksqexp,2.25,2,0.5,0.5,-28.50061654265861,-29.023762399121217
1037,ksqexp,2.25,2,0.5,0.1,-204.99362782490218,-202.19119499045456
1038,ksqexp,2.25,2,0.5,0.05,-531.228583708651,-552.9832502385218
1039,ksqexp,2.25,2,0.5,0.01,-1702.426890267201,-1989.7844516693312
1040,ksqexp,2.25,2,0.5,0,-2748.1085939631257,-3121.740652885632
1041,ksqexp,2.25,2,1,0.5,-30.240345934336407,-30.88188152408736
1042,ksqexp,2.25,2,1,0.1,-170.02699571222408,-173.236147511709
1043,ksqexp,2.25,2,1,0.05,-369.32622278311857,-398.1045727107813
1044,ksqexp,2.25,2,1,0.01,-1003.4817219315604,-1171.764403635169
1045,ksqexp,2.25,2,1,0,-1363.1999509375516,-1551.788247002498
1046,ksqexp,2.25,2,1.5,0.5,-31.484211211802837,-32.23243351536516
1047,ksqexp,2.25,2,1.5,0.1,-147.9732929753577,-153.95064971968253
1048,ksqexp,2.25,2,1.5,0.05,-288.2409262426214,-317.67954718174144
1049,ksqexp,2.25,2,1.5,0.01,-721.7152953917218,-840.447151600141
1050,ksqexp,2.25,2,1.5,0,-904.35439079317,-1031.2614325395305
1051,ksqexp,2.25,2.5,0.5,0.5,-28.496230253335952,-28.980005320354483
1052,ksqexp,2.25,2.5,0.5,0.1,-153.58545268576367,-146.37485110018147
1053,ksqexp,2.25,2.5,0.5,0.05,-348.4892240508584,-334.819677357909
1054,ksqexp,2.25,2.5,0.5,0.01,-915.8989751902632,-905.6160553123806
1055,ksqexp,2.25,2.5,0.5,0,-1031.9052345529801,-1033.2203615682065
1056,ksqexp,2.25,2.5,1,0.5,-30.31706965844553,-30.931178685983575
1057,ksqexp,2.25,2.5,1,0.1,-119.50551127347767,-116.15857339565648
1058,ksqexp,2.25,2.5,1,0.05,-238.84671050624263,-230.6235444095811
1059,ksqexp,2.25,2.5,1,0.01,-479.3105137714747,-478.5327075627966
1060,ksqexp,2.25,2.5,1,0,-510.73765107703315,-513.2976656787957
1061,ksqexp,2.25,2.5,1.5,0.5,-31.643070357065262,-32.38013574069238
1062,ksqexp,2.25,2.5,1.5,0.1,-101.99314848117707,-100.11031567802284
1063,ksqexp,2.25,2.5,1.5,0.05,-187.60768771150197,-182.42022886240753
1064,ksqexp,2.25,2.5,1.5,0.01,-325.48331855886266,-326.8959961189959
1065,ksqexp,2.25,2.5,1.5,0,-339.8057798626364,-342.7807569762483
1066,ksqexp,2.25,3,0.5,0.5,-28.387580473302286,-28.815464405853735
1067,ksqexp,2.25,3,0.5,0.1,-119.2245747197329,-106.7719817885924
1068,ksqexp,2.25,3,0.5,0.05,-259.9819593307512,-223.073396118332
1069,ksqexp,2.25,3,0.5,0.01,-557.0619263270321,-455.20582701800964
1070,ksqexp,2.25,3,0.5,0,-588.7199949627889,-480.11315298464393
1071,ksqexp,2.25,3,1,0.5,-30.326060009079463,-30.90907674240915
1072,ksqexp,2.25,3,1,0.1,-92.57906342297514,-83.33895605898279
1073,ksqexp,2.25,3,1,0.05,-176.4724466675139,-150.0928739588765
1074,ksqexp,2.25,3,1,0.01,-285.0825251289861,-234.64274432730815
1075,ksqexp,2.25,3,1,0,-293.1442876027796,-240.9888570382094
1076,ksqexp,2.25,3,1.5,0.5,-31.788086551292295,-32.524304373142364
1077,ksqexp,2.25,3,1.5,0.1,-80.19021377744866,-72.52455563246254
1078,ksqexp,2.25,3,1.5,0.05,-137.39689084424256,-117.33077917517869
1079,ksqexp,2.25,3,1.5,0.01,-193.83014334423873,-161.25424011985612
1080,ksqexp,2.25,3,1.5,0,-197.40970854513577,-164.07141512637594
1081,ksqexp,2.25,3.5,0.5,0.5,-28.287051809673855,-28.66385235745038
1082,ksqexp,2.25,3.5,0.5,0.1,-100.92185423744696,-84.4081548340564
1083,ksqexp,2.25,3.5,0.5,0.05,-208.7690705755157,-161.94359021747715
1084,ksqexp,2.25,3.5,0.5,0.01,-393.3691051512924,-275.47933242581047
1085,ksqexp,2.25,3.5,0.5,0,-410.9630905858061,-285.34351773449606
1086,ksqexp,2.25,3.5,1,0.5,-30.405790790868505,-30.971482410107733
1087,ksqexp,2.25,3.5,1,0.1,-79.12725088245477,-66.57495537027381
1088,ksqexp,2.25,3.5,1,0.05,-138.33920545050793,-106.27311381859055
1089,ksqexp,2.25,3.5,1,0.01,-202.74429264792317,-144.34239900791042
1090,ksqexp,2.25,3.5,1,0,-207.20363659491122,-146.82495664263118
1091,ksqexp,2.25,3.5,1.5,0.5,-32.05641702088778,-32.809410064811935
1092,ksqexp,2.25,3.5,1.5,0.1,-69.07205445105394,-58.782473862842586
1093,ksqexp,2.25,3.5,1.5,0.05,-107.36438760446728,-83.39683130370044
1094,ksqexp,2.25,3.5,1.5,0.01,-140.09920954474595,-102.34851089981474
1095,ksqexp,2.25,3.5,1.5,0,-142.07447534386583,-103.44275970044733
1096,ksqexp,2.25,4,0.5,0.5,-28.25300951105216,-28.587687853868474
1097,ksqexp,2.25,4,0.5,0.1,-90.8664394875114,-71.74155810338085
1098,ksqexp,2.25,4,0.5,0.05,-173.83354128791885,-124.73386409183365
1099,ksqexp,2.25,4,0.5,0.01,-295.8425877040906,-188.9911438480599
1100,ksqexp,2.25,4,0.5,0,-306.5392615896339,-194.09433833030008
1101,ksqexp,2.25,4,1,0.5,-30.615624168652754,-31.174906680059653
1102,ksqexp,2.25,4,1,0.1,-70.97229530566547,-57.072682083984056
1103,ksqexp,2.25,4,1,0.05,-113.33505443305566,-81.76307787929096
1104,ksqexp,2.25,4,1,0.01,-154.55729715096842,-102.46939799251622
1105,ksqexp,2.25,4,1,0,-157.25272896311753,-103.74509266185082
1106,ksqexp,2.25,4,1.5,0.5,-32.491522178844875,-33.27277943595958
1107,ksqexp,2.25,4,1.5,0.1,-62.0790079009151,-51.17499701227139
1108,ksqexp,2.25,4,1.5,0.05,-88.48711954859353,-65.75122569523478
1109,ksqexp,2.25,4,1.5,0.01,-109.09143120166716,-75.85967842535821
1110,ksqexp,2.25,4,1.5,0,-110.28120817507839,-76.41933419977119
1111,ksqexp,2.25,6,0.5,0.5,-28.74281997974284,-29.053098955413667
1112,ksqexp,2.25,6,0.5,0.1,-67.90886545790775,-49.02003165656762
1113,ksqexp,2.25,6,0.5,0.05,-99.38230534040638,-64.45151355253341
1114,ksqexp,2.25,6,0.5,0.01,-128.74468612174894,-76.79092546668049
1115,ksqexp,2.25,6,0.5,0,-130.69765023826866,-77.56013147657312
1116,ksqexp,2.25,6,1,0.5,-32.04180633795842,-32.76870298197385
1117,ksqexp,2.25,6,1,0.1,-52.30268199236854,-41.860591108987236
1118,ksqexp,2.25,6,1,0.05,-65.0605612524356,-47.58739657053154
1119,ksqexp,2.25,6,1,0.01,-73.7542030709764,-51.10049336464931
1120,ksqexp,2.25,6,1,0,-74.22958321096442,-51.28590581545431
1121,ksqexp,2.25,6,1.5,0.5,-34.59803536204067,-35.72360318455294
1122,ksqexp,2.25,6,1.5,0.1,-47.02489397389812,-40.68126905258106
1123,ksqexp,2.25,6,1.5,0.05,-53.96800127419708,-43.64694553652292
1124,ksqexp,2.25,6,1.5,0.01,-57.99377924106754,-45.23975418167104
1125,ksqexp,2.25,6,1.5,0,-58.197550966299815,-45.31848736091305
1126,ksqexp,2.25,8,0.5,0.5,-29.231454343707444,-29.680953760501108
1127,ksqexp,2.25,8,0.5,0.1,-58.152982191189025,-42.001646132143684
1128,ksqexp,2.25,8,0.5,0.05,-75.84899051477274,-49.69354435703237
1129,ksqexp,2.25,8,0.5,0.01,-88.10435389248643,-54.53163452686576
1130,ksqexp,2.25,8,0.5,0,-88.8069210112991,-54.79727271575053
1131,ksqexp,2.25,8,1,0.5,-32.87203370614552,-33.921056295857476
1132,ksqexp,2.25,8,1,0.1,-45.58997678164866,-38.25547768394273
1133,ksqexp,2.25,8,1,0.05,-51.52616101931249,-40.66734523462317
1134,ksqexp,2.25,8,1,0.01,-54.773611113385996,-41.90683850489232
1135,ksqexp,2.25,8,1,0,-54.93648790866157,-41.96760270147939
1136,ksqexp,2.25,8,1.5,0.5,-35.63543557482262,-37.215891432025714
1137,ksqexp,2.25,8,1.5,0.1,-42.142558707414636,-38.83491394196944
1138,ksqexp,2.25,8,1.5,0.05,-44.98067186987821,-39.939106343296146
1139,ksqexp,2.25,8,1.5,0.01,-46.370715320913384,-40.457345775881066
1140,ksqexp,2.25,8,1.5,0,-46.43700030700331,-40.481702796473485
1141,ksqexp,2.25,10,0.5,0.5,-29.46928270931264,-30.025162578804817
1142,ksqexp,2.25,10,0.5,0.1,-54.56167595155772,-39.57702786882476
1143,ksqexp,2.25,10,0.5,0.05,-67.85370324248083,-45.00335770015171
1144,ksqexp,2.25,10,0.5,0.01,-75.37118512106694,-47.90851257479261
1145,ksqexp,2.25,10,0.5,0,-75.76008538160781,-48.05493844379814
1146,ksqexp,2.25,10,1,0.5,-33.214354107142306,-34.45893232727365
1147,ksqexp,2.25,10,1,0.1,-43.29195951512881,-37.19668664702799
1148,ksqexp,2.25,10,1,0.05,-47.17127688811345,-38.695374152240554
1149,ksqexp,2.25,10,1,0.01,-48.97766486941868,-39.37329914634245
1150,ksqexp,2.25,10,1,0,-49.06286953229525,-39.40488434396025
1151,ksqexp,2.25,10,1.5,0.5,-36.04662942356718,-37.87658027691783
1152,ksqexp,2.25,10,1.5,0.1,-40.56079658918589,-38.42979770920891
1153,ksqexp,2.25,10,1.5,0.05,-42.21272487194122,-39.04122846668603
1154,ksqexp,2.25,10,1.5,0.01,-42.92209135920246,-39.300436482305486
1155,ksqexp,2.25,10,1.5,0,-42.95445434877629,-39.312189743904675
1156,ksqexp,2.25,25,0.5,0.5,-29.95869616884078,-30.583999908188922
1157,ksqexp,2.25,25,0.5,0.1,-51.60530856406126,-37.53648920468729
1158,ksqexp,2.25,25,0.5,0.05,-62.31120980331874,-41.62345152262341
1159,ksqexp,2.25,25,0.5,0.01,-67.45131664007121,-43.57040660145607
1160,ksqexp,2.25,25,0.5,0,-67.69222386383721,-43.66144906828496
1161,ksqexp,2.25,25,1,0.5,-33.76830436153644,-35.15998800171781
1162,ksqexp,2.25,25,1,0.1,-41.922054011524615,-36.68922401106295
1163,ksqexp,2.25,25,1,0.05,-44.708016374618126,-37.71362383361377
1164,ksqexp,2.25,25,1,0.01,-45.81724526047874,-38.127220811701115
1165,ksqexp,2.25,25,1,0,-45.86614899204069,-38.145536033017656
1166,ksqexp,2.25,25,1.5,0.5,-36.67130928084407,-38.69341323603301
1167,ksqexp,2.25,25,1.5,0.1,-39.92845279198073,-38.577944542362076
1168,ksqexp,2.25,25,1.5,0.05,-40.97829120355203,-38.950046431029115
1169,ksqexp,2.25,25,1.5,0.01,-41.36480052278772,-39.09141015968821
1170,ksqexp,2.25,25,1.5,0,-41.38144746786591,-39.09755512121766
1171,ksqexp,2.5,0.2,0.5,0.5,-29.58576563720703,-30.072124281270018
1172,ksqexp,2.5,0.2,0.5,0.1,-476.0826487389553,-478.87577928440135
1173,ksqexp,2.5,0.2,0.5,0.05,-2009.5952675014528,-1995.3601501180983
1174,ksqexp,2.5,0.2,0.5,0.01,-45681.92067687429,-45102.779677401915
1175,ksqexp,2.5,0.2,0.5,0,-66515316026.56853,-66752314367.131935
1176,ksqexp,2.5,0.2,1,0.5,-30.403366489024684,-30.94881009183692
1177,ksqexp,2.5,0.2,1,0.1,-482.93502496397673,-482.6649726178609
1178,ksqexp,2.5,0.2,1,0.05,-1965.600067867925,-1942.1255444150263
1179,ksqexp,2.5,0.2,1,0.01,-45866.78100100697,-45349.94956899062
1180,ksqexp,2.5,0.2,1,0,-37623768474.67622,-37742511812.0941
1181,ksqexp,2.5,0.2,1.5,0.5,-30.958307903511482,-31.523768007809327
1182,ksqexp,2.5,0.2,1.5,0.1,-483.59314755911504,-481.6280555011488
1183,ksqexp,2.5,0.2,1.5,0.05,-1925.5654347120733,-1898.8969823290645
1184,ksqexp,2.5,0.2,1.5,0.01,-46058.48638262153,-45614.89170642851
1185,ksqexp,2.5,0.2,1.5,0,-26229910484.81791,-26309081960.521015
1186,ksqexp,2.5,0.5,0.5,0.5,-29.37733583624395,-29.919750122895334
1187,ksqexp,2.5,0.5,0.5,0.1,-389.3060573967358,-391.47939459335436
1188,ksqexp,2.5,0.5,0.5,0.05,-1579.772179253427,-1608.313395134943
1189,ksqexp,2.5,0.5,0.5,0.01,-42788.3554770589,-44092.407596527206
1190,ksqexp,2.5,0.5,0.5,0,-56663683.13181031,-57967654.00876113
1191,ksqexp,2.5,0.5,1,0.5,-30.416764331766892,-30.990368159162113
1192,ksqexp,2.5,0.5,1,0.1,-381.1923533689092,-385.313158703653
1193,ksqexp,2.5,0.5,1,0.05,-1585.7246952093387,-1633.4814956310217
1194,ksqexp,2.5,0.5,1,0.01,-41879.774227027556,-42280.95422122993
1195,ksqexp,2.5,0.5,1,0,-28334852.767386623,-28986819.641544245
1196,ksqexp,2.5,0.5,1.5,0.5,-31.056300029864033,-31.643690008968296
1197,ksqexp,2.5,0.5,1.5,0.1,-378.74118136314775,-384.9031897537314
1198,ksqexp,2.5,0.5,1.5,0.05,-1599.025486107024,-1657.370543559976
1199,ksqexp,2.5,0.5,1.5,0.01,-40352.865127024495,-40137.73794469558
1200,ksqexp,2.5,0.5,1.5,0,-18890547.914029434,-19325189.535596292
1201,ksqexp,2.5,1,0.5,0.5,-28.396586602799964,-28.919890335777776
1202,ksqexp,2.5,1,0.5,0.1,-325.6804504309482,-328.3793294703303
1203,ksqexp,2.5,1,0.5,0.05,-1310.837544780331,-1340.1273655277764
1204,ksqexp,2.5,1,0.5,0.01,-22094.23024272394,-23523.161811479993
1205,ksqexp,2.5,1,0.5,0,-419730.2514679391,-413498.2669254285
1206,ksqexp,2.5,1,1,0.5,-29.421046760427505,-30.007590293545753
1207,ksqexp,2.5,1,1,0.1,-321.2012558877227,-326.91927729596813
1208,ksqexp,2.5,1,1,0.05,-1276.3407390750092,-1319.6674179769748
1209,ksqexp,2.5,1,1,0.01,-16806.600365022012,-17843.012510809174
1210,ksqexp,2.5,1,1,0,-209827.64589423744,-206714.0095583482
1211,ksqexp,2.5,1,1.5,0.5,-30.155239389071607,-30.80880450581065
1212,ksqexp,2.5,1,1.5,0.1,-318.0406806819671,-325.45038936178764
1213,ksqexp,2.5,1,1.5,0.05,-1250.3080385453914,-1303.4858593630597
1214,ksqexp,2.5,1,1.5,0.01,-13819.95051228511,-14635.433886390942
1215,ksqexp,2.5,1,1.5,0,-139862.81224619193,-137788.6423827825
1216,ksqexp,2.5,1.5,0.5,0.5,-28.109734932986715,-28.641138464029936
1217,ksqexp,2.5,1.5,0.5,0.1,-276.99573461085635,-272.24847602485426
1218,ksqexp,2.5,1.5,0.5,0.05,-989.6767721650825,-1013.5348702978417
1219,ksqexp,2.5,1.5,0.5,0.01,-7086.224069237639,-8657.489210200045
1220,ksqexp,2.5,1.5,0.5,0,-33542.09554351823,-36076.599700741186
1221,ksqexp,2.5,1.5,1,0.5,-29.41132265390017,-30.045528783002645
1222,ksqexp,2.5,1.5,1,0.1,-259.5811297151726,-259.70327254311024
1223,ksqexp,2.5,1.5,1,0.05,-868.0317876525602,-922.6265744233614
1224,ksqexp,2.5,1.5,1,0.01,-4320.391547438966,-5501.2516499905505
1225,ksqexp,2.5,1.5,1,0,-16745.62422683008,-18015.113186107166
1226,ksqexp,2.5,1.5,1.5,0.5,-30.37598395852169,-31.105626884324433
1227,ksqexp,2.5,1.5,1.5,0.1,-248.2860631558087,-252.67129936652773
1228,ksqexp,2.5,1.5,1.5,0.05,-779.6402661690472,-847.960079762895
1229,ksqexp,2.5,1.5,1.5,0.01,-3204.6397739133918,-4164.141702331754
1230,ksqexp,2.5,1.5,1.5,0,-11149.590425476285,-11997.40778564991
1231,ksqexp,2.5,2,0.5,0.5,-28.24540645232006,-28.806451315034813
1232,ksqexp,2.5,2,0.5,0.1,-227.31737420403726,-220.88384691999832
1233,ksqexp,2.5,2,0.5,0.05,-691.7742146129474,-707.9593003426478
1234,ksqexp,2.5,2,0.5,0.01,-3426.940191102343,-3816.9249376747202
1235,ksqexp,2.5,2,0.5,0,-6630.039235511329,-7401.812579360276
1236,ksqexp,2.5,2,1,0.5,-29.717108425529158,-30.40962452800766
1237,ksqexp,2.5,2,1,0.1,-199.43169992336587,-199.5321146657825
1238,ksqexp,2.5,2,1,0.05,-545.7096403557398,-573.7021127692616
1239,ksqexp,2.5,2,1,0.01,-2069.5156019383007,-2339.672422898349
1240,ksqexp,2.5,2,1,0,-3298.400830264583,-3686.386374453153
1241,ksqexp,2.5,2,1.5,0.5,-30.77490743394793,-31.57227569975107
1242,ksqexp,2.5,2,1.5,0.1,-181.70770928549894,-185.6002149962223
1243,ksqexp,2.5,2,1.5,0.05,-461.527455061711,-491.203954549994
1244,ksqexp,2.5,2,1.5,0.01,-1519.8448505969513,-1725.5918001251025
1245,ksqexp,2.5,2,1.5,0,-2190.645339261985,-2450.7016166157787
1246,ksqexp,2.5,2.5,0.5,0.5,-28.281767178563157,-28.829924720804424
1247,ksqexp,2.5,2.5,0.5,0.1,-182.8360753112973,-173.37103368062196
1248,ksqexp,2.5,2.5,0.5,0.05,-492.67567595703696,-475.88223069561326
1249,ksqexp,2.5,2.5,0.5,0.01,-2167.326059269678,-2005.2482412670872
1250,ksqexp,2.5,2.5,0.5,0,-2729.9989453946273,-2583.8031323224236
1251,ksqexp,2.5,2.5,1,0.5,-29.80404645423434,-30.49605514129821
1252,ksqexp,2.5,2.5,1,0.1,-151.3550904715227,-146.7855931880999
1253,ksqexp,2.5,2.5,1,0.05,-377.19830269856965,-361.10489581205
1254,ksqexp,2.5,2.5,1,0.01,-1194.0821905108369,-1115.2679413122628
1255,ksqexp,2.5,2.5,1,0,-1354.427977691804,-1283.5903406282273
1256,ksqexp,2.5,2.5,1.5,0.5,-30.906944716755174,-31.710896501733863
1257,ksqexp,2.5,2.5,1.5,0.1,-134.05038603066788,-131.44828640674658
1258,ksqexp,2.5,2.5,1.5,0.05,-317.564716732649,-300.9847658718961
1259,ksqexp,2.5,2.5,1.5,0.01,-823.9489386174945,-773.8399106937565
1260,ksqexp,2.5,2.5,1.5,0,-898.6949777129169,-852.9767325876426
1261,ksqexp,2.5,3,0.5,0.5,-28.17650095743359,-28.67881942932433
1262,ksqexp,2.5,3,0.5,0.1,-147.57284941615302,-133.3063445804419
1263,ksqexp,2.5,3,0.5,0.05,-379.15520160715903,-332.8864638001164
1264,ksqexp,2.5,3,0.5,0.01,-1418.631533923146,-1095.2009515111995
1265,ksqexp,2.5,3,0.5,0,-1646.295827918509,-1250.5436992013322
1266,ksqexp,2.5,3,1,0.5,-29.76666827078126,-30.428017039187196
1267,ksqexp,2.5,3,1,0.1,-119.6655998232275,-108.9637699323766
1268,ksqexp,2.5,3,1,0.05,-288.85450033263197,-246.35208897225462
1269,ksqexp,2.5,3,1,0.01,-755.7220446992858,-580.0076272486622
1270,ksqexp,2.5,3,1,0,-816.9420030250508,-621.5938616270646
1271,ksqexp,2.5,3,1.5,0.5,-30.97142063256768,-31.765812114016995
1272,ksqexp,2.5,3,1.5,0.1,-106.18506576306382,-96.78620256786823
1273,ksqexp,2.5,3,1.5,0.05,-241.27426135144793,-202.40541098986435
1274,ksqexp,2.5,3,1.5,0.01,-515.4298788592608,-395.8528302439333
1275,ksqexp,2.5,3,1.5,0,-543.2813845298036,-414.7345723342084
1276,ksqexp,2.5,3.5,0.5,0.5,-28.04255611650529,-28.492925486428156
1277,ksqexp,2.5,3.5,0.5,0.1,-125.68889174279249,-106.61150664519522
1278,ksqexp,2.5,3.5,0.5,0.05,-313.8648387494851,-250.69502004548593
1279,ksqexp,2.5,3.5,0.5,0.01,-1007.4838657615247,-667.4428083689188
1280,ksqexp,2.5,3.5,0.5,0,-1141.99623138738,-736.6118831794832
1281,ksqexp,2.5,3.5,1,0.5,-29.763383201413802,-30.39866105447575
1282,ksqexp,2.5,3.5,1,0.1,-102.61240101588758,-87.15069414449748
1283,ksqexp,2.5,3.5,1,0.05,-232.65322634988888,-179.23641249707765
1284,ksqexp,2.5,3.5,1,0.01,-532.2202096475128,-349.95735077300026
1285,ksqexp,2.5,3.5,1,0,-568.1149945098248,-368.24850255851527
1286,ksqexp,2.5,3.5,1.5,0.5,-31.12204685633986,-31.919808338982232
1287,ksqexp,2.5,3.5,1.5,0.1,-91.56833850544575,-77.83819479784108
1288,ksqexp,2.5,3.5,1.5,0.05,-190.9429924029931,-144.48236276718876
1289,ksqexp,2.5,3.5,1.5,0.01,-363.3298932295156,-239.98795568055738
1290,ksqexp,2.5,3.5,1.5,0,-379.6119054775591,-248.2513656971826
1291,ksqexp,2.5,4,0.5,0.5,-27.950905517077704,-28.35318663181524
1292,ksqexp,2.5,4,0.5,0.1,-114.08512114603275,-90.88193947975448
1293,ksqexp,2.5,4,0.5,0.05,-269.02604680672215,-197.05474688887006
1294,ksqexp,2.5,4,0.5,0.01,-735.5223719061535,-439.6562367222456
1295,ksqexp,2.5,4,0.5,0,-812.1495707996404,-474.05132642275885
1296,ksqexp,2.5,4,1,0.5,-29.86633571556179,-30.48317595143581
1297,ksqexp,2.5,4,1,0.1,-93.03181706224045,-74.36554193445338
1298,ksqexp,2.5,4,1,0.05,-192.71361765243037,-136.21719540715475
1299,ksqexp,2.5,4,1,0.01,-385.69558643570707,-230.9475712232501
1300,ksqexp,2.5,4,1,0,-405.85587458656664,-239.9309437190911
1301,ksqexp,2.5,4,1.5,0.5,-31.42185677569867,-32.23197042882987
1302,ksqexp,2.5,4,1.5,0.1,-82.66898245593372,-66.52828772115672
1303,ksqexp,2.5,4,1.5,0.05,-155.8269562154434,-108.97905415895193
1304,ksqexp,2.5,4,1.5,0.01,-264.1230853541279,-160.6446614036357
1305,ksqexp,2.5,4,1.5,0,-273.2152991863345,-164.68147287529683
1306,ksqexp,2.5,6,0.5,0.5,-28.273094825455985,-28.583291761039224
1307,ksqexp,2.5,6,0.5,0.1,-88.8935584426274,-60.87763856781113
1308,ksqexp,2.5,6,0.5,0.05,-156.56337818874957,-94.663594285484
1309,ksqexp,2.5,6,0.5,0.01,-265.79778159251146,-138.27352750186304
1310,ksqexp,2.5,6,0.5,0,-276.7096838487653,-142.23683503715753
1311,ksqexp,2.5,6,1,0.5,-31.17163500399044,-31.857304816136654
1312,ksqexp,2.5,6,1,0.1,-68.51802769032597,-50.10687269187767
1313,ksqexp,2.5,6,1,0.05,-102.98599696056007,-65.59681493245891
1314,ksqexp,2.5,6,1,0.01,-141.50478583377497,-80.28715613699524
1315,ksqexp,2.5,6,1,0,-144.26883102075172,-81.28542593328311
1316,ksqexp,2.5,6,1.5,0.5,-33.479000979698405,-34.51905901715259
1317,ksqexp,2.5,6,1.5,0.1,-60.00111859643441,-46.656799311668046
1318,ksqexp,2.5,6,1.5,0.05,-81.99814657464059,-55.96338630700879
1319,ksqexp,2.5,6,1.5,0.01,-101.69061101896914,-63.31938625410863
1320,ksqexp,2.5,6,1.5,0,-102.91253683181458,-63.75894632735581
1321,ksqexp,2.5,8,0.5,0.5,-28.87220934081771,-29.286568621166985
1322,ksqexp,2.5,8,0.5,0.1,-75.19135003368258,-49.99888145754839
1323,ksqexp,2.5,8,0.5,0.05,-114.59979953607721,-66.79368912933045
1324,ksqexp,2.5,8,0.5,0.01,-158.24138001724737,-82.71336818780644
1325,ksqexp,2.5,8,0.5,0,-161.6773646990919,-83.88132735485043
1326,ksqexp,2.5,8,1,0.5,-32.25455789740103,-33.25070182204963
1327,ksqexp,2.5,8,1,0.1,-57.479822810402986,-43.182301900012526
1328,ksqexp,2.5,8,1,0.05,-74.34175388439968,-49.80159437154901
1329,ksqexp,2.5,8,1,0.01,-88.13844441503333,-54.64868627325797
1330,ksqexp,2.5,8,1,0,-88.98527665735641,-54.93456121725007
1331,ksqexp,2.5,8,1.5,0.5,-34.84528472006162,-36.36304030201747
1332,ksqexp,2.5,8,1.5,0.1,-50.94106761239972,-42.067158031846695
1333,ksqexp,2.5,8,1.5,0.05,-60.55369623214104,-45.668900253974016
1334,ksqexp,2.5,8,1.5,0.01,-67.17910488619668,-47.95342925541978
1335,ksqexp,2.5,8,1.5,0,-67.5452374060977,-48.076295936736365
1336,ksqexp,2.5,10,0.5,0.5,-29.213789250830374,-29.75181534204076
1337,ksqexp,2.5,10,0.5,0.1,-69.86020714080564,-46.077986211693855
1338,ksqexp,2.5,10,0.5,0.05,-99.48605036819917,-57.69596474019598
1339,ksqexp,2.5,10,0.5,0.01,-123.95820769674748,-66.33568290604599
1340,ksqexp,2.5,10,0.5,0,-125.58107906765687,-66.87825886789724
1341,ksqexp,2.5,10,1,0.5,-32.75241530326509,-33.993203177373786
1342,ksqexp,2.5,10,1,0.1,-53.4974949661394,-41.0324204895262
1343,ksqexp,2.5,10,1,0.05,-64.44862672050388,-45.06155673540951
1344,ksqexp,2.5,10,1,0.01,-71.46881141171592,-47.46158852342001
1345,ksqexp,2.5,10,1,0,-71.8562511801199,-47.590042285740566
1346,ksqexp,2.5,10,1.5,0.5,-35.43281846315076,-37.27556747107789
1347,ksqexp,2.5,10,1.5,0.1,-47.77110736656831,-40.837752839684654
1348,ksqexp,2.5,10,1.5,0.05,-53.402947699794254,-42.83281504411119
1349,ksqexp,2.5,10,1.5,0.01,-56.57620077956542,-43.89788114547798
1350,ksqexp,2.5,10,1.5,0,-56.73863198239434,-43.95129352444322
1351,ksqexp,2.5,25,0.5,0.5,-29.805571289116383,-30.448856717150605
1352,ksqexp,2.5,25,0.5,0.1,-65.16159113501574,-42.53611901250993
1353,ksqexp,2.5,25,0.5,0.05,-88.06936930274455,-50.873215392956155
1354,ksqexp,2.5,25,0.5,0.01,-101.19778081370092,-55.528850753120864
1355,ksqexp,2.5,25,0.5,0,-101.85963020090885,-55.76068744686925
1356,ksqexp,2.5,25,1,0.5,-33.449990215128466,-34.915978026609636
1357,ksqexp,2.5,25,1,0.1,-50.67759387489895,-39.65287611466635
1358,ksqexp,2.5,25,1,0.05,-57.796971315928246,-42.16552207211873
1359,ksqexp,2.5,25,1,0.01,-60.974060442128895,-43.28196965142615
1360,ksqexp,2.5,25,1,0,-61.11967360495774,-43.33300705112867
1361,ksqexp,2.5,25,1.5,0.5,-36.21563589375646,-38.35744042634608
1362,ksqexp,2.5,25,1.5,0.1,-45.868405355731966,-40.42894788766669
1363,ksqexp,2.5,25,1.5,0.05,-49.01547422525687,-41.520708970465826
1364,ksqexp,2.5,25,1.5,0.01,-50.27470295281439,-41.96157513963044
1365,ksqexp,2.5,25,1.5,0,-50.33034483888454,-41.98110368566787
1366,kexp,1,0.2,0.5,0.5,-30.927622793578173,-31.015847484479732
1367,kexp,1,0.2,0.5,0.1,-57.15685947418189,-57.200576625862915
1368,kexp,1,0.2,0.5,0.05,-63.829623086170336,-63.857645188227494
1369,kexp,1,0.2,0.5,0.01,-66.51409789184684,-66.53597189774366
1370,kexp,1,0.2,0.5,0,-66.6334421265311,-66.65504529653428
1371,kexp,1,0.2,1,0.5,-33.42911180766317,-33.490545491208835
1372,kexp,1,0.2,1,0.1,-41.32452443831949,-41.35852809127195
1373,kexp,1,0.2,1,0.05,-42.8368229994896,-42.866581110611115
1374,kexp,1,0.2,1,0.01,-43.39277295771374,-43.42101304671837
1375,kexp,1,0.2,1,0,-43.416814645962106,-43.444989599575905
1376,kexp,1,0.2,1.5,0.5,-35.37309066651584,-35.423029047431434
1377,kexp,1,0.2,1.5,0.1,-37.7449680740039,-37.77790195070674
1378,kexp,1,0.2,1.5,0.05,-38.271809485693296,-38.302856085534266
1379,kexp,1,0.2,1.5,0.01,-38.46049877062721,-38.49089210093016
1380,kexp,1,0.2,1.5,0,-38.468595585691226,-38.4989611338422
1381,kexp,1,0.5,0.5,0.5,-30.87049384008262,-31.023618471111266
1382,kexp,1,0.5,0.5,0.1,-35.44690926279835,-35.68330737280412
1383,kexp,1,0.5,0.5,0.05,-36.40339928998225,-36.63984490763039
1384,kexp,1,0.5,0.5,0.01,-36.75064580421533,-36.98686912128137
1385,kexp,1,0.5,0.5,0,-36.76560372187647,-37.00181486434502
1386,kexp,1,0.5,1,0.5,-34.17869791214159,-34.31130283928778
1387,kexp,1,0.5,1,0.1,-32.93553165185407,-33.103782034664924
1388,kexp,1,0.5,1,0.05,-33.00880934346841,-33.17764042171038
1389,kexp,1,0.5,1,0.01,-33.03626872347224,-33.205256083972245
1390,kexp,1,0.5,1,0,-33.03745815225577,-33.20645168556636
1391,kexp,1,0.5,1.5,0.5,-36.90312366550214,-37.02578874968946
1392,kexp,1,0.5,1.5,0.1,-34.649179508840305,-34.79504817493306
1393,kexp,1,0.5,1.5,0.05,-34.60074487200807,-34.74715922521273
1394,kexp,1,0.5,1.5,0.01,-34.58600540066264,-34.732586219708026
1395,kexp,1,0.5,1.5,0,-34.585399729098484,-34.73198739268979
1396,kexp,1,1,0.5,0.5,-30.804761277892172,-31.01297030864655
1397,kexp,1,1,0.5,0.1,-29.67785248009091,-30.065847551062898
1398,kexp,1,1,0.5,0.05,-29.810078946450147,-30.20656823649219
1399,kexp,1,1,0.5,0.01,-29.85857735949764,-30.25781891392255
1400,kexp,1,1,0.5,0,-29.86066800643009,-30.260024573722365
1401,kexp,1,1,1,0.5,-34.92878713620401,-35.12468743173616
1402,kexp,1,1,1,0.1,-32.20054583758809,-32.477646834594076
1403,kexp,1,1,1,0.05,-32.12265478259427,-32.40299587548984
1404,kexp,1,1,1,0.01,-32.09804568656464,-32.37943301141329
1405,kexp,1,1,1,0,-32.09702382973306,-32.37845484562003
1406,kexp,1,1,1.5,0.5,-38.30981429908072,-38.49753056518945
1407,kexp,1,1,1.5,0.1,-35.74699843373525,-35.98653333694482
1408,kexp,1,1,1.5,0.05,-35.66163947023139,-35.90311163189991
1409,kexp,1,1,1.5,0.01,-35.63427331734395,-35.87636975863905
1410,kexp,1,1,1.5,0,-35.63313253756912,-35.875255036320915
1411,kexp,1,1.5,0.5,0.5,-30.81066271876194,-31.02473877396052
1412,kexp,1,1.5,0.5,0.1,-28.305806690193098,-28.688251095989756
1413,kexp,1,1.5,0.5,0.05,-28.290877568494096,-28.680629861898794
1414,kexp,1,1.5,0.5,0.01,-28.28827865968209,-28.68038509701062
1415,kexp,1,1.5,0.5,0,-28.288194641583807,-28.680399310728625
1416,kexp,1,1.5,1,0.5,-35.3862917271355,-35.59778608593954
1417,kexp,1,1.5,1,0.1,-32.49362773090182,-32.787847567595264
1418,kexp,1,1.5,1,0.05,-32.39898738891485,-32.69642625097074
1419,kexp,1,1.5,1,0.01,-32.368695590390224,-32.66717299598093
1420,kexp,1,1.5,1,0,-32.367433399762604,-32.66595416652064
1421,kexp,1,1.5,1.5,0.5,-39.08205519313073,-39.2910869694268
1422,kexp,1,1.5,1.5,0.1,-36.62873900961589,-36.89328758510896
1423,kexp,1,1.5,1.5,0.05,-36.54563134601326,-36.81223454923054
1424,kexp,1,1.5,1.5,0.01,-36.5189491043211,-36.78621427436038
1425,kexp,1,1.5,1.5,0,-36.5178364192277,-36.78512921852345
1426,kexp,1,2,0.5,0.5,-30.828996226325884,-31.036752830306877
1427,kexp,1,2,0.5,0.1,-27.80020414644981,-28.145170767439172
1428,kexp,1,2,0.5,0.05,-27.735491630579332,-28.085284910603214
1429,kexp,1,2,0.5,0.01,-27.715858806362217,-28.067172109075607
1430,kexp,1,2,0.5,0,-27.715052715988637,-28.06642905747632
1431,kexp,1,2,1,0.5,-35.676871550426505,-35.89215316709168
1432,kexp,1,2,1,0.1,-32.779198365652746,-33.071729261811676
1433,kexp,1,2,1,0.05,-32.68174032514728,-32.97713711441314
1434,kexp,1,2,1,0.01,-32.65047763260489,-32.94679631980726
1435,kexp,1,2,1,0,-32.64917423197126,-32.945531381028296
1436,kexp,1,2,1.5,0.5,-39.54821343374938,-39.76787484000767
1437,kexp,1,2,1.5,0.1,-37.19108326726617,-37.466398145689645
1438,kexp,1,2,1.5,0.05,-37.111242703074915,-37.38858145438982
1439,kexp,1,2,1.5,0.01,-37.08560722862836,-37.363597461381126
1440,kexp,1,2,1.5,0,-37.08453817070571,-37.36255558895257
1441,kexp,1,2.5,0.5,0.5,-30.851118608542563,-31.053491178063453
1442,kexp,1,2.5,0.5,0.1,-27.588200565564062,-27.90617373378752
1443,kexp,1,2.5,0.5,0.05,-27.502147609855804,-27.82334134051249
1444,kexp,1,2.5,0.5,0.01,-27.475256321359144,-27.797433231309117
1445,kexp,1,2.5,0.5,0,-27.47414303543246,-27.79636036750425
1446,kexp,1,2.5,1,0.5,-35.87006143269732,-36.08932645608147
1447,kexp,1,2.5,1,0.1,-32.99636492322535,-33.29114591682511
1448,kexp,1,2.5,1,0.05,-32.8988864639275,-33.1964089315779
1449,kexp,1,2.5,1,0.01,-32.8675964555394,-33.165999701304685
1450,kexp,1,2.5,1,0,-32.866291689955155,-33.16473167032964
1451,kexp,1,2.5,1.5,0.5,-39.846426290408125,-40.07633304384765
1452,kexp,1,2.5,1.5,0.1,-37.55760042916526,-37.845314647766955
1453,kexp,1,2.5,1.5,0.05,-37.480213629509585,-37.77002472742218
1454,kexp,1,2.5,1.5,0.01,-37.45536746833505,-37.745853501109075
1455,kexp,1,2.5,1.5,0,-37.45433134153698,-37.744845538012434
1456,kexp,1,3,0.5,0.5,-30.87351358888269,-31.07352322725189
1457,kexp,1,3,0.5,0.1,-27.496629645804596,-27.802099382752573
1458,kexp,1,3,0.5,0.05,-27.400169544776936,-27.708145841228994
1459,kexp,1,3,0.5,0.01,-27.36974528202269,-27.678467633649895
1460,kexp,1,3,0.5,0,-27.368482551218168,-27.677235352300055
1461,kexp,1,3,1,0.5,-36.00237530934268,-36.227353239996354
1462,kexp,1,3,1,0.1,-33.154141137633125,-33.45668427943484
1463,kexp,1,3,1,0.05,-33.05721227782078,-33.36257932789705
1464,kexp,1,3,1,0.01,-33.02609047930212,-33.332365110817335
1465,kexp,1,3,1,0,-33.02479263854155,-33.33110512610249
1466,kexp,1,3,1.5,0.5,-40.04398660038391,-40.28478137562062
1467,kexp,1,3,1.5,0.1,-37.80189190631999,-38.1043828798621
1468,kexp,1,3,1.5,0.05,-37.72620004489497,-38.0309435136517
1469,kexp,1,3,1.5,0.01,-37.70189946176434,-38.007368242546505
1470,kexp,1,3,1.5,0,-37.7008861010573,-38.00638515077803
1471,kexp,1,3.5,0.5,0.5,-30.894674200231407,-31.094584813911233
1472,kexp,1,3.5,0.5,0.1,-27.45908872947813,-27.761886214428994
1473,kexp,1,3.5,0.5,0.05,-27.357083894467994,-27.66222387402626
1474,kexp,1,3.5,0.5,0.01,-27.32477680882785,-27.630609388064627
1475,kexp,1,3.5,0.5,0,-27.323434431179177,-27.62929522344975
1476,kexp,1,3.5,1,0.5,-36.09525670963612,-36.32675653952113
1477,kexp,1,3.5,1,0.1,-33.26800887891736,-33.58107372941354
1478,kexp,1,3.5,1,0.05,-33.17165224998161,-33.48772608970669
1479,kexp,1,3.5,1,0.01,-33.140710208490795,-33.45775203977762
1480,kexp,1,3.5,1,0,-33.13941982061566,-33.456502037777646
1481,kexp,1,3.5,1.5,0.5,-40.17846075133085,-40.42984238364611
1482,kexp,1,3.5,1.5,0.1,-37.96820539141754,-38.28577336386594
1483,kexp,1,3.5,1.5,0.05,-37.89366593172844,-38.213670797221596
1484,kexp,1,3.5,1.5,0.01,-37.8697362669653,-38.190526192746105
1485,kexp,1,3.5,1.5,0,-37.86873838383599,-38.1895610759619
1486,kexp,1,4,0.5,0.5,-30.914210017136764,-31.115251628459077
1487,kexp,1,4,0.5,0.1,-27.447541133465506,-27.752879332121196
1488,kexp,1,4,0.5,0.05,-27.342396581435544,-27.6501885249825
1489,kexp,1,4,0.5,0.01,-27.30902139655798,-27.617543980394913
1490,kexp,1,4,0.5,0,-27.307633816615105,-27.616186225928974
1491,kexp,1,4,1,0.5,-36.16213365025535,-36.40000531709268
1492,kexp,1,4,1,0.1,-33.351109904351446,-33.675078704716626
1493,kexp,1,4,1,0.05,-33.25523161818481,-33.582422586861085
1494,kexp,1,4,1,0.01,-33.22444094897417,-33.552669491208405
1495,kexp,1,4,1,0,-33.22315684944679,-33.55142869144982
1496,kexp,1,4,1.5,0.5,-40.27236372671188,-40.533218513642126
1497,kexp,1,4,1.5,0.1,-38.084066115869255,-38.415418285025765
1498,kexp,1,4,1.5,0.05,-38.010317181916015,-38.34428424900822
1499,kexp,1,4,1.5,0.01,-37.98664189627574,-38.32145170510439
1500,kexp,1,4,1.5,0,-37.98565462713231,-38.32049961336519
1501,kexp,1,6,0.5,0.5,-30.97902785768538,-31.186188897200033
1502,kexp,1,6,0.5,0.1,-27.48757149489633,-27.811738271275594
1503,kexp,1,6,0.5,0.05,-27.378591166384822,-27.706095501610513
1504,kexp,1,6,0.5,0.01,-27.343896028268297,-27.67242678204134
1505,kexp,1,6,0.5,0,-27.342452430646098,-27.671025476079095
1506,kexp,1,6,1,0.5,-36.30274416051269,-36.55789552716553
1507,kexp,1,6,1,0.1,-33.52855537205635,-33.88323787306059
1508,kexp,1,6,1,0.05,-33.43384622114477,-33.79238287533545
1509,kexp,1,6,1,0.01,-33.40342788960706,-33.76320827824204
1510,kexp,1,6,1,0,-33.40215928388273,-33.76199160435703
1511,kexp,1,6,1.5,0.5,-40.455686338449546,-40.74007229827373
1512,kexp,1,6,1.5,0.1,-38.309140186891895,-38.6752783747083
1513,kexp,1,6,1.5,0.05,-38.23688153176347,-38.60609896556828
1514,kexp,1,6,1.5,0.01,-38.21368560491248,-38.58389621843472
1515,kexp,1,6,1.5,0,-38.21271833503677,-38.5829704138583
1516,kexp,1,8,0.5,0.5,-31.031552168044385,-31.241664021956556
1517,kexp,1,8,0.5,0.1,-27.56159542988279,-27.8952178592701
1518,kexp,1,8,0.5,0.05,-27.452930570553512,-27.790325957748838
1519,kexp,1,8,0.5,0.01,-27.41832022904458,-27.75688705772445
1520,kexp,1,8,0.5,0,-27.416879983974823,-27.755495208948194
1521,kexp,1,8,1,0.5,-36.36772083792845,-36.62927128166423
1522,kexp,1,8,1,0.1,-33.61362482838715,-33.97984741815146
1523,kexp,1,8,1,0.05,-33.519630124194975,-33.88994685515178
1524,kexp,1,8,1,0.01,-33.489441208584914,-33.86107990300718
1525,kexp,1,8,1,0,-33.48818216992245,-33.85987607104423
1526,kexp,1,8,1.5,0.5,-40.52792521547501,-40.82054172456193
1527,kexp,1,8,1.5,0.1,-38.39821952204471,-38.77660515235108
1528,kexp,1,8,1.5,0.05,-38.3265665006502,-38.70819632755921
1529,kexp,1,8,1.5,0.01,-38.30356546966862,-38.68624189818287
1530,kexp,1,8,1.5,0,-38.302606331980186,-38.6853264584849
1531,kexp,1,10,0.5,0.5,-31.078576540515638,-31.28962157644193
1532,kexp,1,10,0.5,0.1,-27.640687110938984,-27.977213347549608
1533,kexp,1,10,0.5,0.05,-27.53333786728673,-27.873764215139055
1534,kexp,1,10,0.5,0.01,-27.49915105497898,-27.84079106608224
1535,kexp,1,10,0.5,0,-27.497728481332,-27.839418664593094
1536,kexp,1,10,1,0.5,-36.411733098236184,-36.675253924496936
1537,kexp,1,10,1,0.1,-33.67355789876351,-34.043301716825106
1538,kexp,1,10,1,0.05,-33.580174201971396,-33.95408357759174
1539,kexp,1,10,1,0.01,-33.55018242412445,-33.9254370230162
1540,kexp,1,10,1,0,-33.54893161657587,-33.924242395667
1541,kexp,1,10,1.5,0.5,-40.57062469686015,-40.86576101021494
1542,kexp,1,10,1.5,0.1,-38.451737601089945,-38.83385471689003
1543,kexp,1,10,1.5,0.05,-38.38048265519813,-38.765893346512556
1544,kexp,1,10,1.5,0.01,-38.35760987956823,-38.744083157928756
1545,kexp,1,10,1.5,0,-38.35665609506569,-38.74317373943364
1546,kexp,1,25,0.5,0.5,-31.32241406698308,-31.534901705505927
1547,kexp,1,25,0.5,0.1,-28.11069733818727,-28.4501398601413
1548,kexp,1,25,0.5,0.05,-28.01487641703356,-28.358277574755686
1549,kexp,1,25,0.5,0.01,-27.984466088545247,-28.32909957892823
1550,kexp,1,25,0.5,0,-27.98320180678468,-28.327886246340217
1551,kexp,1,25,1,0.5,-36.59972765131813,-36.86497324332796
1552,kexp,1,25,1,0.1,-33.94411545985572,-34.316512792661484
1553,kexp,1,25,1,0.05,-33.85413149660466,-34.23073118434235
1554,kexp,1,25,1,0.01,-33.82524101064354,-34.203197803962276
1555,kexp,1,25,1,0,-33.824036232522474,-34.202049702263736
1556,kexp,1,25,1.5,0.5,-40.727711996033754,-41.02472255255551
1557,kexp,1,25,1.5,0.1,-38.65440621410325,-39.039093632231904
1558,kexp,1,25,1.5,0.05,-38.58488240726579,-38.97288974832015
1559,kexp,1,25,1.5,0.01,-38.5625682663904,-38.95164669208453
1560,kexp,1,25,1.5,0,-38.56163780784345,-38.950760954313424
1561,kexp,1.25,0.2,0.5,0.5,-30.79583225729107,-30.903057068216235
1562,kexp,1.25,0.2,0.5,0.1,-65.83917820041371,-65.86720115046964
1563,kexp,1.25,0.2,0.5,0.05,-75.96948915902826,-75.96999029903846
1564,kexp,1.25,0.2,0.5,0.01,-80.21902568209188,-80.20842750812518
1565,kexp,1.25,0.2,0.5,0,-80.41054981841377,-80.39945812810103
1566,kexp,1.25,0.2,1,0.5,-33.030167185175536,-33.104826082564955
1567,kexp,1.25,0.2,1,0.1,-45.34062463597963,-45.36808078446662
1568,kexp,1.25,0.2,1,0.05,-47.828023078315795,-47.84783243279194
1569,kexp,1.25,0.2,1,0.01,-48.763104237064276,-48.780133828779775
1570,kexp,1.25,0.2,1,0,-48.80381232766039,-48.8207220752382
1571,kexp,1.25,0.2,1.5,0.5,-34.76909593112276,-34.82970471486226
1572,kexp,1.25,0.2,1.5,0.1,-39.74484832809708,-39.77581169379425
1573,kexp,1.25,0.2,1.5,0.05,-40.69847152472916,-40.725977252589445
1574,kexp,1.25,0.2,1.5,0.01,-41.04401066052811,-41.07030586434623
1575,kexp,1.25,0.2,1.5,0,-41.05888993057424,-41.085133490782795
1576,kexp,1.25,0.5,0.5,0.5,-30.64948076868337,-30.828256375375258
1577,kexp,1.25,0.5,0.5,0.1,-38.64892276249491,-38.889497013650015
1578,kexp,1.25,0.5,0.5,0.05,-40.255939700647524,-40.490391442447134
1579,kexp,1.25,0.5,0.5,0.01,-40.848914417173745,-41.08074386334669
1580,kexp,1.25,0.5,0.5,0,-40.87458098823166,-41.10629290889915
1581,kexp,1.25,0.5,1,0.5,-33.60666296192754,-33.76423473636293
1582,kexp,1.25,0.5,1,0.1,-33.48799873970466,-33.674673203959784
1583,kexp,1.25,0.5,1,0.05,-33.700754598494456,-33.88658317703963
1584,kexp,1.25,0.5,1,0.01,-33.777281137993626,-33.96275176515764
1585,kexp,1.25,0.5,1,0,-33.78056630355381,-33.96602100841061
1586,kexp,1.25,0.5,1.5,0.5,-36.05475028829019,-36.20342693545869
1587,kexp,1.25,0.5,1.5,0.1,-34.20788277829579,-34.37791859794183
1588,kexp,1.25,0.5,1.5,0.05,-34.20539575213431,-34.37545154586046
1589,kexp,1.25,0.5,1.5,0.01,-34.20648499007231,-34.37652170439868
1590,kexp,1.25,0.5,1.5,0,-34.206551508696286,-34.37658714161637
1591,kexp,1.25,1,0.5,0.5,-30.471836571250684,-30.720488435366644
1592,kexp,1.25,1,0.5,0.1,-30.65405663269099,-31.086122053734623
1593,kexp,1.25,1,0.5,0.05,-30.96314824470959,-31.4020245058614
1594,kexp,1.25,1,0.5,0.01,-31.074312951225412,-31.515306936925832
1595,kexp,1.25,1,0.5,0,-31.07908497923365,-31.52016641756479
1596,kexp,1.25,1,1,0.5,-34.230323559491,-34.47176980940492
1597,kexp,1.25,1,1,0.1,-31.69065984735488,-32.02331720550114
1598,kexp,1.25,1,1,0.05,-31.637200149837746,-31.97319524493832
1599,kexp,1.25,1,1,0.01,-31.62097890467407,-31.958042072833887
1600,kexp,1.25,1,1,0,-31.620312867211446,-31.957420530538574
1601,kexp,1.25,1,1.5,0.5,-37.35089038022306,-37.5882969712562
1602,kexp,1.25,1,1.5,0.1,-34.70385197101411,-35.00332833791321
1603,kexp,1.25,1,1.5,0.05,-34.61945730920799,-34.92116173143316
1604,kexp,1.25,1,1.5,0.01,-34.5925014945353,-34.89492139623868
1605,kexp,1.25,1,1.5,0,-34.59137892993473,-34.89382866826052
1606,kexp,1.25,1.5,0.5,0.5,-30.458409156030353,-30.720730131869317
1607,kexp,1.25,1.5,0.5,0.1,-28.61407085047608,-29.051481441313783
1608,kexp,1.25,1.5,0.5,0.05,-28.681715737656912,-29.124938885594354
1609,kexp,1.25,1.5,0.5,0.01,-28.707850905516732,-29.15287401119211
1610,kexp,1.25,1.5,0.5,0,-28.708990229075724,-29.15408761414293
1611,kexp,1.25,1.5,1,0.5,-34.69396835116527,-34.962401017026146
1612,kexp,1.25,1.5,1,0.1,-31.774095679334096,-32.13903531891993
1613,kexp,1.25,1.5,1,0.05,-31.68481194387316,-32.05326389553501
1614,kexp,1.25,1.5,1,0.01,-31.656409662877046,-32.02598830248351
1615,kexp,1.25,1.5,1,0,-31.65522812785458,-32.024853737791005
1616,kexp,1.25,1.5,1.5,0.5,-38.16345113446788,-38.43544223594644
1617,kexp,1.25,1.5,1.5,0.1,-35.545359134548384,-35.88649411689927
1618,kexp,1.25,1.5,1.5,0.05,-35.45737034389204,-35.80100218373137
1619,kexp,1.25,1.5,1.5,0.01,-35.4291411678872,-35.773576018825445
1620,kexp,1.25,1.5,1.5,0,-35.427964194184,-35.77243254574354
1621,kexp,1.25,2,0.5,0.5,-30.48495754629132,-30.74172016330003
1622,kexp,1.25,2,0.5,0.1,-27.819676725529355,-28.208220662404493
1623,kexp,1.25,2,0.5,0.05,-27.80202138552968,-28.192691373998386
1624,kexp,1.25,2,0.5,0.01,-27.79867866231505,-28.18990521627104
1625,kexp,1.25,2,0.5,0,-27.798565095740265,-28.18981342665106
1626,kexp,1.25,2,1,0.5,-35.029063870091775,-35.30599181783562
1627,kexp,1.25,2,1,0.1,-32.03001412001441,-32.39575547904809
1628,kexp,1.25,2,1,0.05,-31.931921264804988,-32.30064279721183
1629,kexp,1.25,2,1,0.01,-31.90053008925409,-32.270202185514485
1630,kexp,1.25,2,1,0,-31.899222153606186,-32.26893381918246
1631,kexp,1.25,2,1.5,0.5,-38.70674871710071,-38.99663719707543
1632,kexp,1.25,2,1.5,0.1,-36.17139851166494,-36.53066788578473
1633,kexp,1.25,2,1.5,0.05,-36.08549369546741,-36.447208285133854
1634,kexp,1.25,2,1.5,0.01,-36.05791467406152,-36.420414694315475
1635,kexp,1.25,2,1.5,0,-36.056764606300185,-36.41929738343174
1636,kexp,1.25,2.5,0.5,0.5,-30.52221232980577,-30.771871241512677
1637,kexp,1.25,2.5,0.5,0.1,-27.466151813396753,-27.812161571253124
1638,kexp,1.25,2.5,0.5,0.05,-27.41022752599464,-27.755612162440197
1639,kexp,1.25,2.5,0.5,0.01,-27.39377131811129,-27.738790970293717
1640,kexp,1.25,2.5,0.5,0,-27.393101665846032,-27.738104251320166
1641,kexp,1.25,2.5,1,0.5,-35.274908077447016,-35.55858530668109
1642,kexp,1.25,2.5,1,0.1,-32.27353343592197,-32.64209963159501
1643,kexp,1.25,2.5,1,0.05,-32.17316174348244,-32.54444052731372
1644,kexp,1.25,2.5,1,0.01,-32.140983852848294,-32.51312493106943
1645,kexp,1.25,2.5,1,0,-32.13964250978356,-32.51181945134664
1646,kexp,1.25,2.5,1.5,0.5,-39.085785059735585,-39.39174076983285
1647,kexp,1.25,2.5,1.5,0.1,-36.62389853498337,-37.0017678772709
1648,kexp,1.25,2.5,1.5,0.05,-36.54040556095551,-36.920796863219124
1649,kexp,1.25,2.5,1.5,0.01,-36.513597512136755,-36.89479879275891
1650,kexp,1.25,2.5,1.5,0,-36.512479557835846,-36.893714618095444
1651,kexp,1.25,3,0.5,0.5,-30.5610684028662,-30.80683163889103
1652,kexp,1.25,3,0.5,0.1,-27.303562196459126,-27.625499006602652
1653,kexp,1.25,3,0.5,0.05,-27.228185838449807,-27.548032431086177
1654,kexp,1.25,3,0.5,0.01,-27.20508790893704,-27.524082515884388
1655,kexp,1.25,3,0.5,0,-27.204136884396114,-27.523093939267135
1656,kexp,1.25,3,1,0.5,-35.457568284205735,-35.750081352439494
1657,kexp,1.25,3,1,0.1,-32.47466849919065,-32.85372619715906
1658,kexp,1.25,3,1,0.05,-32.373981308016376,-32.75580331060711
1659,kexp,1.25,3,1,0.01,-32.34167854451887,-32.72437967254346
1660,kexp,1.25,3,1,0,-32.3403317374288,-32.723069433399594
1661,kexp,1.25,3,1.5,0.5,-39.35666208449123,-39.67973648636766
1662,kexp,1.25,3,1.5,0.1,-36.95183803597989,-37.352183499734124
1663,kexp,1.25,3,1.5,0.05,-36.870319456487344,-37.27340125109216
1664,kexp,1.25,3,1.5,0.01,-36.84414499200821,-37.24810621895924
1665,kexp,1.25,3,1.5,0,-36.843053455180076,-37.247051364851046
1666,kexp,1.25,3.5,0.5,0.5,-30.597822051664537,-30.842988310152354
1667,kexp,1.25,3.5,0.5,0.1,-27.23057265347781,-27.543826981897638
1668,kexp,1.25,3.5,0.5,0.05,-27.144426279410222,-27.455041218743332
1669,kexp,1.25,3.5,0.5,0.01,-27.117654858853403,-27.427237480401892
1670,kexp,1.25,3.5,0.5,0,-27.116548256198406,-27.426085765382396
1671,kexp,1.25,3.5,1,0.5,-35.59464297588645,-35.89767088466042
1672,kexp,1.25,3.5,1,0.1,-32.633481970595156,-33.028366420990714
1673,kexp,1.25,3.5,1,0.05,-32.533068502924564,-32.93096312043308
1674,kexp,1.25,3.5,1,0.01,-32.500841750526895,-32.89969591407215
1675,kexp,1.25,3.5,1,0,-32.49949798399052,-32.89839208525118
1676,kexp,1.25,3.5,1.5,0.5,-39.55351276954938,-39.89405158631968
1677,kexp,1.25,3.5,1.5,0.1,-37.1912639006748,-37.61591257936463
1678,kexp,1.25,3.5,1.5,0.05,-37.11123789841709,-37.53890583230116
1679,kexp,1.25,3.5,1.5,0.01,-37.08554286828088,-37.514181981769916
1680,kexp,1.25,3.5,1.5,0,-37.08447132666197,-37.51315095861513
1681,kexp,1.25,4,0.5,0.5,-30.631180095374056,-30.878002734075512
1682,kexp,1.25,4,0.5,0.1,-27.201589526108084,-27.516025498070334
1683,kexp,1.25,4,0.5,0.05,-27.109075999648073,-27.42086082289727
1684,kexp,1.25,4,0.5,0.01,-27.080131923185633,-27.390882834830407
1685,kexp,1.25,4,0.5,0,-27.07893329796902,-27.389639056973937
1686,kexp,1.25,4,1,0.5,-35.698645570133095,-36.012684048556956
1687,kexp,1.25,4,1,0.1,-32.757155541314134,-33.17002313832498
1688,kexp,1.25,4,1,0.05,-32.657152434095806,-33.07335968445541
1689,kexp,1.25,4,1,0.01,-32.62505067200871,-33.042325148378104
1690,kexp,1.25,4,1,0,-32.62371204412908,-33.04103096905479
1691,kexp,1.25,4,1.5,0.5,-39.69874527642702,-40.05593436114997
1692,kexp,1.25,4,1.5,0.1,-37.367947214698916,-37.81637671535554
1693,kexp,1.25,4,1.5,0.05,-37.28902541483854,-37.74077032643517
1694,kexp,1.25,4,1.5,0.01,-37.26368513846126,-37.716497252577206
1695,kexp,1.25,4,1.5,0,-37.262628392923396,-37.715485039823
1696,kexp,1.25,6,0.5,0.5,-30.73282641234661,-30.99231652553279
1697,kexp,1.25,6,0.5,0.1,-27.227772564749284,-27.575766103807187
1698,kexp,1.25,6,0.5,0.05,-27.126008434484685,-27.472775091297482
1699,kexp,1.25,6,0.5,0.01,-27.093893110053337,-27.440103462549175
1700,kexp,1.25,6,0.5,0,-27.092560017555098,-27.438745358821876
1701,kexp,1.25,6,1,0.5,-35.930481489924354,-36.279913524729196
1702,kexp,1.25,6,1,0.1,-33.03937143127033,-33.51305496422849
1703,kexp,1.25,6,1,0.05,-32.94070551111925,-33.41892058622843
1704,kexp,1.25,6,1,0.01,-32.90902281343383,-33.38869400713143
1705,kexp,1.25,6,1,0,-32.90770154940207,-33.38743347580011
1706,kexp,1.25,6,1.5,0.5,-40.004923868282646,-40.41038946883358
1707,kexp,1.25,6,1.5,0.1,-37.73903121370188,-38.25764298424193
1708,kexp,1.25,6,1.5,0.05,-37.66237702283708,-38.185207742575855
1709,kexp,1.25,6,1.5,0.01,-37.63776519112611,-38.161955876024756
1710,kexp,1.25,6,1.5,0,-37.63673882675907,-38.16098628153453
1711,kexp,1.25,8,0.5,0.5,-30.802587101384155,-31.07051764132602
1712,kexp,1.25,8,0.5,0.1,-27.303339068674184,-27.675796539389214
1713,kexp,1.25,8,0.5,0.05,-27.20014089302188,-27.572406843594905
1714,kexp,1.25,8,0.5,0.01,-27.167512948890643,-27.539566908609054
1715,kexp,1.25,8,0.5,0,-27.16615790218324,-27.538201338582518
1716,kexp,1.25,8,1,0.5,-36.034492997525334,-36.401228580265155
1717,kexp,1.25,8,1,0.1,-33.169956583300184,-33.67381797661497
1718,kexp,1.25,8,1,0.05,-33.07213112217791,-33.58111734547727
1719,kexp,1.25,8,1,0.01,-33.04071603016151,-33.551351661487566
1720,kexp,1.25,8,1,0,-33.03940590117355,-33.550110355669695
1721,kexp,1.25,8,1.5,0.5,-40.12853268085288,-40.556004629711616
1722,kexp,1.25,8,1.5,0.1,-37.88887574390143,-38.43961317216072
1723,kexp,1.25,8,1.5,0.05,-37.81314204386788,-38.36851095505625
1724,kexp,1.25,8,1.5,0.01,-37.78882602650297,-38.345688468713185
1725,kexp,1.25,8,1.5,0,-37.78781200091176,-38.34473679477386
1726,kexp,1.25,10,0.5,0.5,-30.857533265625232,-31.128947082068386
1727,kexp,1.25,10,0.5,0.1,-27.38317785071492,-27.765577447866725
1728,kexp,1.25,10,0.5,0.05,-27.28050804019515,-27.663117735892147
1729,kexp,1.25,10,0.5,0.01,-27.248035180110218,-27.6305659590481
1730,kexp,1.25,10,0.5,0,-27.246686437602815,-27.629212287312306
1731,kexp,1.25,10,1,0.5,-36.09603910305671,-36.46962553105847
1732,kexp,1.25,10,1,0.1,-33.250358707987345,-33.76607452646146
1733,kexp,1.25,10,1,0.05,-33.1532040144665,-33.674271519941584
1734,kexp,1.25,10,1,0.01,-33.12200429777219,-33.644795040968994
1735,kexp,1.25,10,1,0,-33.12070315015106,-33.64356580593969
1736,kexp,1.25,10,1.5,0.5,-40.194273005186616,-40.63035826500705
1737,kexp,1.25,10,1.5,0.1,-37.96970494053808,-38.53294906033021
1738,kexp,1.25,10,1.5,0.05,-37.894513688996895,-38.46254642622473
1739,kexp,1.25,10,1.5,0.01,-37.87037222980081,-38.43994934470101
1740,kexp,1.25,10,1.5,0,-37.86936548774194,-38.43900707889061
1741,kexp,1.25,25,0.5,0.5,-31.13307693646889,-31.406802984725584
1742,kexp,1.25,25,0.5,0.1,-27.8911614882916,-28.276916250001495
1743,kexp,1.25,25,0.5,0.05,-27.7997509191121,-28.185694161899804
1744,kexp,1.25,25,0.5,0.01,-27.77095228161144,-28.156807538614025
1745,kexp,1.25,25,0.5,0,-27.769757390914393,-28.15560731682605
1746,kexp,1.25,25,1,0.5,-36.322367514261636,-36.70046734099985
1747,kexp,1.25,25,1,0.1,-33.56973813144458,-34.09221015628964
1748,kexp,1.25,25,1,0.05,-33.476341623151285,-34.00425123674535
1749,kexp,1.25,25,1,0.01,-33.44635799460194,-33.976018524676874
1750,kexp,1.25,25,1,0,-33.44510766031014,-33.974841258237305
1751,kexp,1.25,25,1.5,0.5,-40.39432155212093,-40.836243155860416
1752,kexp,1.25,25,1.5,0.1,-38.2251023898,-38.79629339268731
1753,kexp,1.25,25,1.5,0.05,-38.151995605361954,-38.728054831899655
1754,kexp,1.25,25,1.5,0.01,-38.1285265200419,-38.7061557940811
1755,kexp,1.25,25,1.5,0,-38.12754785018341,-38.705242672116086
1756,kexp,1.5,0.2,0.5,0.5,-30.66751229693953,-30.791621221631058
1757,kexp,1.5,0.2,0.5,0.1,-74.16376855678097,-74.17480456981838
1758,kexp,1.5,0.2,0.5,0.05,-88.23505259312779,-88.20439221770899
1759,kexp,1.5,0.2,0.5,0.01,-94.37780590844983,-94.32980345733851
1760,kexp,1.5,0.2,0.5,0,-94.65841989867509,-94.6096385923606
1761,kexp,1.5,0.2,1,0.5,-32.694750110670576,-32.78118118663619
1762,kexp,1.5,0.2,1,0.1,-49.52513300588844,-49.54364151889588
1763,kexp,1.5,0.2,1,0.05,-53.18112635676102,-53.18777101445924
1764,kexp,1.5,0.2,1,0.01,-54.586838982753065,-54.58909292060744
1765,kexp,1.5,0.2,1,0,-54.648457528150054,-54.650521180322954
1766,kexp,1.5,0.2,1.5,0.5,-34.27639784723073,-34.34624880285204
1767,kexp,1.5,0.2,1.5,0.1,-42.0523420998505,-42.078800381137434
1768,kexp,1.5,0.2,1.5,0.05,-43.534302532218064,-43.55532436633253
1769,kexp,1.5,0.2,1.5,0.01,-44.078910678441794,-44.098005163077055
1770,kexp,1.5,0.2,1.5,0,-44.10246017103438,-44.12147214270397
1771,kexp,1.5,0.5,0.5,0.5,-30.458116455676198,-30.656644625946193
1772,kexp,1.5,0.5,0.5,0.1,-42.08461026682728,-42.319192203624574
1773,kexp,1.5,0.5,0.5,0.05,-44.48493840596085,-44.70532943445029
1774,kexp,1.5,0.5,0.5,0.01,-45.386278543941046,-45.60078925520987
1775,kexp,1.5,0.5,0.5,0,-45.4254974411929,-45.639746052567375
1776,kexp,1.5,0.5,1,0.5,-33.13556321926738,-33.31207330259823
1777,kexp,1.5,0.5,1,0.1,-34.355055090883845,-34.55120713359316
1778,kexp,1.5,0.5,1,0.05,-34.750768306690496,-34.9440558984599
1779,kexp,1.5,0.5,1,0.01,-34.89261792526231,-35.08480695917772
1780,kexp,1.5,0.5,1,0,-34.898704619585175,-35.09084575396895
1781,kexp,1.5,0.5,1.5,0.5,-35.35974078738034,-35.52819207994412
1782,kexp,1.5,0.5,1.5,0.1,-34.09114838740806,-34.27703222151309
1783,kexp,1.5,0.5,1.5,0.05,-34.15518978458484,-34.34028266695738
1784,kexp,1.5,0.5,1.5,0.01,-34.17938072611666,-34.36416612925706
1785,kexp,1.5,0.5,1.5,0,-34.18043044573324,-34.365202421120486
1786,kexp,1.5,1,0.5,0.5,-30.185824319066988,-30.461903814166373
1787,kexp,1.5,1,0.5,0.1,-31.910453870954292,-32.355386788553936
1788,kexp,1.5,1,0.5,0.05,-32.449063318028216,-32.897156521914326
1789,kexp,1.5,1,0.5,0.01,-32.642784342198915,-33.091647869173194
1790,kexp,1.5,1,0.5,0,-32.65110351515789,-33.09999622552646
1791,kexp,1.5,1,1,0.5,-33.629687275670875,-33.9038232237247
1792,kexp,1.5,1,1,0.1,-31.41948555367894,-31.787287251934135
1793,kexp,1.5,1,1,0.05,-31.404534028920118,-31.77524736632015
1794,kexp,1.5,1,1,0.01,-31.4015723279448,-31.77319721203012
1795,kexp,1.5,1,1,0,-31.40146925843041,-31.77313188784861
1796,kexp,1.5,1,1.5,0.5,-36.51897418909855,-36.79374130103761
1797,kexp,1.5,1,1.5,0.1,-33.87828438248279,-34.22116143066307
1798,kexp,1.5,1,1.5,0.05,-33.80106008006257,-34.1462207475923
1799,kexp,1.5,1,1.5,0.01,-33.776597749913726,-34.12248670413282
1800,kexp,1.5,1,1.5,0,-33.77558127291321,-34.12150054201472
1801,kexp,1.5,1.5,0.5,0.5,-30.146393049520622,-30.44275334852033
1802,kexp,1.5,1.5,0.5,0.1,-29.16275978893312,-29.619259541924187
1803,kexp,1.5,1.5,0.5,0.05,-29.343574485264345,-29.802352847998893
1804,kexp,1.5,1.5,0.5,0.01,-29.409464517912646,-29.86877616791584
1805,kexp,1.5,1.5,0.5,0,-29.412300724444194,-29.871632320814594
1806,kexp,1.5,1.5,1,0.5,-34.06967819998056,-34.3805395683215
1807,kexp,1.5,1.5,1,0.1,-31.217561131084405,-31.62994060465339
1808,kexp,1.5,1.5,1,0.05,-31.141083030517738,-31.556743907635877
1809,kexp,1.5,1.5,1,0.01,-31.11709068080255,-31.533791460112518
1810,kexp,1.5,1.5,1,0,-31.11609633413155,-31.532840324780338
1811,kexp,1.5,1.5,1.5,0.5,-37.324577482740104,-37.645497920091636
1812,kexp,1.5,1.5,1.5,0.1,-34.594506178394255,-34.993440897250245
1813,kexp,1.5,1.5,1.5,0.05,-34.50465964575945,-34.90630315072657
1814,kexp,1.5,1.5,1.5,0.01,-34.47588417842826,-34.87839610121298
1815,kexp,1.5,1.5,1.5,0,-34.47468497076086,-34.87723309283592
1816,kexp,1.5,2,0.5,0.5,-30.17484362354838,-30.468201562378333
1817,kexp,1.5,2,0.5,0.1,-28.043144007051666,-28.44270773907469
1818,kexp,1.5,2,0.5,0.05,-28.093695322906427,-28.49060234002224
1819,kexp,1.5,2,0.5,0.01,-28.114095612341664,-28.50986624945831
1820,kexp,1.5,2,0.5,0,-28.114992943122388,-28.510712976367884
1821,kexp,1.5,2,1,0.5,-34.421588935147284,-34.74638584831473
1822,kexp,1.5,2,1,0.1,-31.386926105861548,-31.803375505246258
1823,kexp,1.5,2,1,0.05,-31.292844537014954,-31.711847658561886
1824,kexp,1.5,2,1,0.01,-31.262882738177186,-31.682684613448725
1825,kexp,1.5,2,1,0,-31.261635959215695,-31.681470909617737
1826,kexp,1.5,2,1.5,0.5,-37.90435544301501,-38.2505056141762
1827,kexp,1.5,2,1.5,0.1,-35.221661955290415,-35.646032450104634
1828,kexp,1.5,2,1.5,0.05,-35.13135637040376,-35.558353857018986
1829,kexp,1.5,2,1.5,0.01,-35.10238180549256,-35.530220031494025
1830,kexp,1.5,2,1.5,0,-35.10117373131685,-35.529046987437994
1831,kexp,1.5,2.5,0.5,0.5,-30.221997320266397,-30.508065661065586
1832,kexp,1.5,2.5,0.5,0.1,-27.517381861574716,-27.861217006077133
1833,kexp,1.5,2.5,0.5,0.05,-27.50764178356764,-27.844844959083648
1834,kexp,1.5,2.5,0.5,0.01,-27.507215896028363,-27.8419473169796
1835,kexp,1.5,2.5,0.5,0,-27.507228195847976,-27.84185268826821
1836,kexp,1.5,2.5,1,0.5,-34.69844861493174,-35.033319394395576
1837,kexp,1.5,2.5,1,0.1,-31.61536482380844,-32.03554354802202
1838,kexp,1.5,2.5,1,0.05,-31.515244652499735,-31.937539695283846
1839,kexp,1.5,2.5,1,0.01,-31.483229883219916,-31.906179386000716
1840,kexp,1.5,2.5,1,0,-31.481896243216337,-31.904872763086015
1841,kexp,1.5,2.5,1.5,0.5,-38.3337800755717,-38.7017652143179
1842,kexp,1.5,2.5,1.5,0.1,-35.71576141460859,-36.164597654732
1843,kexp,1.5,2.5,1.5,0.05,-35.627092612084915,-36.07862212562577
1844,kexp,1.5,2.5,1.5,0.01,-35.59862927002438,-36.05102056072555
1845,kexp,1.5,2.5,1.5,0,-35.59744235907742,-36.04986955476394
1846,kexp,1.5,3,0.5,0.5,-30.272956789072175,-30.55415169834215
1847,kexp,1.5,3,0.5,0.1,-27.25914829408965,-27.566980960270598
1848,kexp,1.5,3,0.5,0.05,-27.21785556826462,-27.51670887984495
1849,kexp,1.5,3,0.5,0.01,-27.206588402446176,-27.502188699793084
1850,kexp,1.5,3,0.5,0,-27.206140653090323,-27.501601150392254
1851,kexp,1.5,3,1,0.5,-34.916104225361686,-35.26285812367202
1852,kexp,1.5,3,1,0.1,-31.831157099950143,-32.26382185447641
1853,kexp,1.5,3,1,0.05,-31.728972432361786,-32.1637397321107
1854,kexp,1.5,3,1,0.01,-31.696244084520455,-32.131661450638774
1855,kexp,1.5,3,1,0,-31.694880133712125,-32.13032433468665
1856,kexp,1.5,3,1.5,0.5,-38.65720623670966,-39.04812444400761
1857,kexp,1.5,3,1.5,0.1,-36.09767122307204,-36.57584137130777
1858,kexp,1.5,3,1.5,0.05,-36.01082808433278,-36.49194885020614
1859,kexp,1.5,3,1.5,0.01,-35.982946113155364,-36.4650121523383
1860,kexp,1.5,3,1.5,0,-35.98178339399191,-36.46388882952439
1861,kexp,1.5,3.5,0.5,0.5,-30.322028220914703,-30.601986107877647
1862,kexp,1.5,3.5,0.5,0.1,-27.132288817126906,-27.42325812961808
1863,kexp,1.5,3.5,0.5,0.05,-27.07307048674709,-27.35396454396604
1864,kexp,1.5,3.5,0.5,0.01,-27.055658897400438,-27.332939367420703
1865,kexp,1.5,3.5,0.5,0,-27.054950580670447,-27.33207612696083
1866,kexp,1.5,3.5,1,0.5,-35.08746739859633,-35.448326514036815
1867,kexp,1.5,3.5,1,0.1,-32.016281751345325,-32.46884226177335
1868,kexp,1.5,3.5,1,0.05,-31.913534185734875,-32.368467815050884
1869,kexp,1.5,3.5,1,0.01,-31.880598999668443,-32.336271569347815
1870,kexp,1.5,3.5,1,0,-31.879226138850107,-32.33492927156782
1871,kexp,1.5,3.5,1.5,0.5,-38.90349824374012,-39.31828339172516
1872,kexp,1.5,3.5,1.5,0.1,-36.39175739414895,-36.902558868430276
1873,kexp,1.5,3.5,1.5,0.05,-36.30649331848209,-36.82061321633946
1874,kexp,1.5,3.5,1.5,0.01,-36.27911643537087,-36.794301038940304
1875,kexp,1.5,3.5,1.5,0,-36.27797475831638,-36.79320375317703
1876,kexp,1.5,4,0.5,0.5,-30.367035369549125,-30.648749905556322
1877,kexp,1.5,4,0.5,0.1,-27.072808037736852,-27.360807371329734
1878,kexp,1.5,4,0.5,0.05,-27.002736171787866,-27.28036283119343
1879,kexp,1.5,4,0.5,0.01,-26.981607082727397,-27.255525574753094
1880,kexp,1.5,4,0.5,0,-26.980741153056435,-27.254500792690227
1881,kexp,1.5,4,1,0.5,-35.22288393825544,-35.5990238177925
1882,kexp,1.5,4,1,0.1,-32.16930378623445,-32.64580503208767
1883,kexp,1.5,4,1,0.05,-32.066568144565714,-32.54585812549715
1884,kexp,1.5,4,1,0.01,-32.03362179915384,-32.51378687067456
1885,kexp,1.5,4,1,0,-32.03224830970239,-32.512449651340795
1886,kexp,1.5,4,1.5,0.5,-39.092880511277755,-39.531256884786764
1887,kexp,1.5,4,1.5,0.1,-36.618829307112165,-37.162873791772434
1888,kexp,1.5,4,1.5,0.05,-36.534835459741686,-37.08260433408389
1889,kexp,1.5,4,1.5,0.01,-36.507865512409694,-37.05683085358138
1890,kexp,1.5,4,1.5,0,-36.50674079532445,-37.05575603763157
1891,kexp,1.5,6,0.5,0.5,-30.503946141751697,-30.80439219775393
1892,kexp,1.5,6,0.5,0.1,-27.063152009449215,-27.393371096015603
1893,kexp,1.5,6,0.5,0.05,-26.976235137505927,-27.297677495025045
1894,kexp,1.5,6,0.5,0.01,-26.949326873385715,-27.267599671055283
1895,kexp,1.5,6,0.5,0,-26.948215832458338,-27.266352531801775
1896,kexp,1.5,6,1,0.5,-35.54396274379126,-35.97507207965011
1897,kexp,1.5,6,1,0.1,-32.54709842807211,-33.11550991374238
1898,kexp,1.5,6,1,0.05,-32.44540930553133,-33.018349426322715
1899,kexp,1.5,6,1,0.01,-32.41277603367236,-32.987159397961825
1900,kexp,1.5,6,1,0,-32.411415350180654,-32.98585877997007
1901,kexp,1.5,6,1.5,0.5,-39.520479665359126,-40.03473532522378
1902,kexp,1.5,6,1.5,0.1,-37.13137222464363,-37.784442004539386
1903,kexp,1.5,6,1.5,0.05,-37.05026805482794,-37.70843656277179
1904,kexp,1.5,6,1.5,0.01,-37.024224712164816,-37.68403519389481
1905,kexp,1.5,6,1.5,0,-37.02313862282877,-37.68301762943408
1906,kexp,1.5,8,0.5,0.5,-30.593459714890074,-30.909857433516315
1907,kexp,1.5,8,0.5,0.1,-27.135895683594246,-27.50871120321089
1908,kexp,1.5,8,0.5,0.05,-27.04506910364791,-27.410784704098624
1909,kexp,1.5,8,0.5,0.01,-27.01680034051362,-27.37990355033341
1910,kexp,1.5,8,0.5,0,-27.015631399865217,-27.378621951151057
1911,kexp,1.5,8,1,0.5,-35.69360879597632,-36.15728621742001
1912,kexp,1.5,8,1,0.1,-32.72922227072226,-33.35299003274158
1913,kexp,1.5,8,1,0.05,-32.62841963163573,-33.25775884616637
1914,kexp,1.5,8,1,0.01,-32.596064963358,-33.227187093522446
1915,kexp,1.5,8,1,0,-32.594715832497236,-33.22591224500737
1916,kexp,1.5,8,1.5,0.5,-39.704376048985644,-40.26011593401369
1917,kexp,1.5,8,1.5,0.1,-37.351635330698485,-38.06443278333119
1918,kexp,1.5,8,1.5,0.05,-37.27177950011613,-37.990417254625704
1919,kexp,1.5,8,1.5,0.01,-37.2461367941745,-37.966656602687635
1920,kexp,1.5,8,1.5,0,-37.24506741011543,-37.96566577636758
1921,kexp,1.5,10,0.5,0.5,-30.658937256530887,-30.983581114878355
1922,kexp,1.5,10,0.5,0.1,-27.216340374335907,-27.611109707854673
1923,kexp,1.5,10,0.5,0.05,-27.124932036698862,-27.5134266769281
1924,kexp,1.5,10,0.5,0.01,-27.09643847405318,-27.48259362569764
1925,kexp,1.5,10,0.5,0,-27.09525973646907,-27.481313695928453
1926,kexp,1.5,10,1,0.5,-35.778257000862105,-36.25752252337451
1927,kexp,1.5,10,1,0.1,-32.83595451575782,-33.48601270040227
1928,kexp,1.5,10,1,0.05,-32.73586536839249,-33.39197466391584
1929,kexp,1.5,10,1,0.01,-32.70373818683526,-33.361786413319024
1930,kexp,1.5,10,1,0,-32.7023985249897,-33.36052756138743
1931,kexp,1.5,10,1.5,0.5,-39.80029110787814,-40.37545039746785
1932,kexp,1.5,10,1.5,0.1,-37.46772292747256,-38.20829480172195
1933,kexp,1.5,10,1.5,0.05,-37.388576227586434,-38.13532343579289
1934,kexp,1.5,10,1.5,0.01,-37.36316143200228,-38.111899074694634
1935,kexp,1.5,10,1.5,0,-37.36210155457082,-38.110922283281916
1936,kexp,1.5,25,0.5,0.5,-30.957303967667368,-31.28653622880656
1937,kexp,1.5,25,0.5,0.1,-27.742582121476715,-28.143893710191048
1938,kexp,1.5,25,0.5,0.05,-27.661442206363972,-28.056428391568662
1939,kexp,1.5,25,0.5,0.01,-27.63627809720511,-28.02890406635371
1940,kexp,1.5,25,0.5,0,-27.635238538772864,-28.027762401758018
1941,kexp,1.5,25,1,0.5,-36.043058534609415,-36.53366794125383
1942,kexp,1.5,25,1,0.1,-33.20297380149883,-33.87020572551084
1943,kexp,1.5,25,1,0.05,-33.10692299648115,-33.78043548275494
1944,kexp,1.5,25,1,0.01,-33.07610078767019,-33.751626256654106
1945,kexp,1.5,25,1,0,-33.07481563410549,-33.75042500506326
1946,kexp,1.5,25,1.5,0.5,-40.04797871679368,-40.63843717909065
1947,kexp,1.5,25,1.5,0.1,-37.78101220131356,-38.54245180542051
1948,kexp,1.5,25,1.5,0.05,-37.70431625807339,-38.47214282614306
1949,kexp,1.5,25,1.5,0.01,-37.679691655672215,-38.44957692632268
1950,kexp,1.5,25,1.5,0,-37.67866476595722,-38.448635972906466
1951,kexp,1.75,0.2,0.5,0.5,-30.546006340891335,-30.68526657936006
1952,kexp,1.75,0.2,0.5,0.1,-82.09579072267601,-82.0896115276383
1953,kexp,1.75,0.2,0.5,0.05,-100.51112039513922,-100.44697955671808
1954,kexp,1.75,0.2,0.5,0.01,-108.86163929291047,-108.77263899045019
1955,kexp,1.75,0.2,0.5,0,-109.24821449969693,-109.15808620917107
1956,kexp,1.75,0.2,1,0.5,-32.409028877531,-32.50615255088976
1957,kexp,1.75,0.2,1,0.1,-53.77867140598248,-53.78671769086372
1958,kexp,1.75,0.2,1,0.05,-58.77893221126963,-58.77012624585542
1959,kexp,1.75,0.2,1,0.01,-60.74474298241714,-60.729585348133895
1960,kexp,1.75,0.2,1,0,-60.83151149355517,-60.81607710481948
1961,kexp,1.75,0.2,1.5,0.5,-33.865588335581684,-33.94367151764115
1962,kexp,1.75,0.2,1.5,0.1,-44.5586140236273,-44.578813453097894
1963,kexp,1.75,0.2,1.5,0.05,-46.663896463099356,-46.676285528005344
1964,kexp,1.75,0.2,1.5,0.01,-47.44916065898342,-47.458744759801
1965,kexp,1.75,0.2,1.5,0,-47.48326725777604,-47.49273083630502
1966,kexp,1.75,0.5,0.5,0.5,-30.28978277754998,-30.50425454173231
1967,kexp,1.75,0.5,0.5,0.1,-45.653680844520814,-45.87753754558909
1968,kexp,1.75,0.5,0.5,0.05,-48.979699461239235,-49.179773208020215
1969,kexp,1.75,0.5,0.5,0.01,-50.25108887019264,-50.44125350945644
1970,kexp,1.75,0.5,0.5,0,-50.30670908386046,-50.49643077031665
1971,kexp,1.75,0.5,1,0.5,-32.74149745320687,-32.9328165010876
1972,kexp,1.75,0.5,1,0.1,-35.45696294164289,-35.65695304892593
1973,kexp,1.75,0.5,1,0.05,-36.07762248122925,-36.27221802220173
1974,kexp,1.75,0.5,1,0.01,-36.30100528580892,-36.49355469232082
1975,kexp,1.75,0.5,1,0,-36.31060351196761,-36.5030638737003
1976,kexp,1.75,0.5,1.5,0.5,-34.78235311698071,-34.96607983022036
1977,kexp,1.75,0.5,1.5,0.1,-34.22816354678086,-34.42411230629413
1978,kexp,1.75,0.5,1.5,0.05,-34.378950087049986,-34.57304385846891
1979,kexp,1.75,0.5,1.5,0.01,-34.43354474874937,-34.626947888007685
1980,kexp,1.75,0.5,1.5,0,-34.435891754666436,-34.629265008158555
1981,kexp,1.75,1,0.5,0.5,-29.940619639641874,-30.235685788627322
1982,kexp,1.75,1,0.5,0.1,-33.37664968446895,-33.816011737337035
1983,kexp,1.75,1,0.5,0.05,-34.19544517759173,-34.6327792628843
1984,kexp,1.75,1,0.5,0.01,-34.49152275424572,-34.92769129690526
1985,kexp,1.75,1,0.5,0,-34.50425886243166,-34.940372594101
1986,kexp,1.75,1,1,0.5,-33.11575375638083,-33.41347299754115
1987,kexp,1.75,1,1,0.1,-31.353769309055128,-31.74265148626852
1988,kexp,1.75,1,1,0.05,-31.391445682154643,-31.78237912829623
1989,kexp,1.75,1,1,0.01,-31.406712175352908,-31.79824880986418
1990,kexp,1.75,1,1,0,-31.407384276244066,-31.79894543147764
1991,kexp,1.75,1,1.5,0.5,-35.80241073921967,-36.105183840249616
1992,kexp,1.75,1,1.5,0.1,-33.250015091440936,-33.623887740592416
1993,kexp,1.75,1,1.5,0.05,-33.18636423549363,-33.562373999106704
1994,kexp,1.75,1,1.5,0.01,-33.16656799866641,-33.5432503970162
1995,kexp,1.75,1,1.5,0,-33.16574951423376,-33.54245981065564
1996,kexp,1.75,1.5,0.5,0.5,-29.87256947905741,-30.192346333032777
1997,kexp,1.75,1.5,0.5,0.1,-29.90400123163118,-30.3537218698464
1998,kexp,1.75,1.5,0.5,0.05,-30.227740936661966,-30.67442801165281
1999,kexp,1.75,1.5,0.5,0.01,-30.344374899847075,-30.789689731482305
2000,kexp,1.75,1.5,0.5,0,-30.349383291439075,-30.79463629500788
2001,kexp,1.75,1.5,1,0.5,-33.51787227609576,-33.85956268020755
2002,kexp,1.75,1.5,1,0.1,-30.82030169897925,-31.261588533194665
2003,kexp,1.75,1.5,1,0.05,-30.764359052121318,-31.208218707566424
2004,kexp,1.75,1.5,1,0.01,-30.747421390148943,-31.192072683682106
2005,kexp,1.75,1.5,1,0,-30.746726345813663,-31.191410267169164
2006,kexp,1.75,1.5,1.5,0.5,-36.57615086519134,-36.93420113650807
2007,kexp,1.75,1.5,1.5,0.1,-33.78758185218172,-34.22847413884901
2008,kexp,1.75,1.5,1.5,0.05,-33.69921518087961,-34.142811451461284
2009,kexp,1.75,1.5,1.5,0.01,-33.671005423634774,-34.115463768809796
2010,kexp,1.75,1.5,1.5,0,-33.66983079733522,-34.1143250246199
2011,kexp,1.75,2,0.5,0.5,-29.897619577680235,-30.217429395601332
2012,kexp,1.75,2,0.5,0.1,-28.4348571770819,-28.819570985389266
2013,kexp,1.75,2,0.5,0.05,-28.574224860178308,-28.94953600622902
2014,kexp,1.75,2,0.5,0.01,-28.62578167622496,-28.99756070783056
2015,kexp,1.75,2,0.5,0,-28.628008301552278,-28.999634198678322
2016,kexp,1.75,2,1,0.5,-33.86873214852858,-34.2294243725109
2017,kexp,1.75,2,1,0.1,-30.863283534530787,-31.310903423805968
2018,kexp,1.75,2,1,0.05,-30.778227628090132,-31.227445708002357
2019,kexp,1.75,2,1,0.01,-30.751390174275947,-31.20107684009595
2020,kexp,1.75,2,1,0,-30.75027617538232,-31.199981890291433
2021,kexp,1.75,2,1.5,0.5,-37.16585718269629,-37.55562168194188
2022,kexp,1.75,2,1.5,0.1,-34.37196251889147,-34.84427665739495
2023,kexp,1.75,2,1.5,0.05,-34.279290669779975,-34.75417258009548
2024,kexp,1.75,2,1.5,0.01,-34.24959337642072,-34.725291737472915
2025,kexp,1.75,2,1.5,0,-34.24835556672669,-34.72408788756391
2026,kexp,1.75,2.5,0.5,0.5,-29.949902420270657,-30.26341287161951
2027,kexp,1.75,2.5,0.5,0.1,-27.71432461530338,-28.031935559256976
2028,kexp,1.75,2.5,0.5,0.05,-27.76640423162425,-28.06930017989786
2029,kexp,1.75,2.5,0.5,0.01,-27.787556468149404,-28.08512975900952
2030,kexp,1.75,2.5,0.5,0,-27.7884881289928,-28.08583270218266
2031,kexp,1.75,2.5,1,0.5,-34.16015449700021,-34.534364341792326
2032,kexp,1.75,2.5,1,0.1,-31.044327467776373,-31.496350128074024
2033,kexp,1.75,2.5,1,0.05,-30.948006029776458,-31.40098216203015
2034,kexp,1.75,2.5,1,0.01,-30.917346922586137,-31.370578815819158
2035,kexp,1.75,2.5,1,0,-30.9160713069048,-31.369313312754997
2036,kexp,1.75,2.5,1.5,0.5,-37.62238823613255,-38.03922631669431
2037,kexp,1.75,2.5,1.5,0.1,-34.87269548420662,-35.37443763671387
2038,kexp,1.75,2.5,1.5,0.05,-34.7801751878251,-35.28452107050005
2039,kexp,1.75,2.5,1.5,0.01,-34.750493327324016,-35.25566672757846
2040,kexp,1.75,2.5,1.5,0,-34.74925579961198,-35.25446361634951
2041,kexp,1.75,3,0.5,0.5,-30.00873717092739,-30.31720498205612
2042,kexp,1.75,3,0.5,0.1,-27.34108069046449,-27.611592885697263
2043,kexp,1.75,3,0.5,0.05,-27.346508294272812,-27.598979416920773
2044,kexp,1.75,3,0.5,0.01,-27.35152345529508,-27.597562807591927
2045,kexp,1.75,3,0.5,0,-27.351769118122295,-27.597533067779818
2046,kexp,1.75,3,1,0.5,-34.3991367333982,-34.788134114263414
2047,kexp,1.75,3,1,0.1,-31.249616266056343,-31.71547674221439
2048,kexp,1.75,3,1,0.05,-31.14859857389489,-31.615301411421164
2049,kexp,1.75,3,1,0.01,-31.116338664365852,-31.583261281233046
2050,kexp,1.75,3,1,0,-31.11499527530477,-31.581926502316314
2051,kexp,1.75,3,1.5,0.5,-37.979706890900275,-38.4245912095338
2052,kexp,1.75,3,1.5,0.1,-35.28185069231407,-35.81865941407257
2053,kexp,1.75,3,1.5,0.05,-35.19057690590353,-35.73027267330391
2054,kexp,1.75,3,1.5,0.01,-35.161282281601615,-35.70189766486507
2055,kexp,1.75,3,1.5,0,-35.160060761103324,-35.700714413900194
2056,kexp,1.75,3.5,0.5,0.5,-30.06649404626879,-30.373330122386182
2057,kexp,1.75,3.5,0.5,0.1,-27.14463528825118,-27.389474473203702
2058,kexp,1.75,3.5,0.5,0.05,-27.12306907358382,-27.34811689561863
2059,kexp,1.75,3.5,0.5,0.01,-27.118781071766776,-27.33682040408904
2060,kexp,1.75,3.5,0.5,0,-27.11863164306619,-27.336371376206614
2061,kexp,1.75,3.5,1,0.5,-34.59420385668754,-35.00042791932168
2062,kexp,1.75,3.5,1,0.1,-31.4422717551864,-31.93094966998488
2063,kexp,1.75,3.5,1,0.05,-31.33929459725026,-31.82907874657037
2064,kexp,1.75,3.5,1,0.01,-31.306357082647054,-31.796448283197158
2065,kexp,1.75,3.5,1,0,-31.30498490684247,-31.795088385345313
2066,kexp,1.75,3.5,1.5,0.5,-38.26142211399085,-38.73572885843761
2067,kexp,1.75,3.5,1.5,0.1,-35.611031141244716,-36.18749231521825
2068,kexp,1.75,3.5,1.5,0.05,-35.52114955089962,-36.10093491443407
2069,kexp,1.75,3.5,1.5,0.01,-35.49229595532028,-36.073143129768084
2070,kexp,1.75,3.5,1.5,0,-35.49109276150639,-36.07198415513076
2071,kexp,1.75,4,0.5,0.5,-30.12021425616397,-30.42873972125406
2072,kexp,1.75,4,0.5,0.1,-27.042534343754067,-27.278578908644196
2073,kexp,1.75,4,0.5,0.05,-27.004367687368955,-27.21991766204879
2074,kexp,1.75,4,0.5,0.01,-26.994368688762908,-27.202683151923157
2075,kexp,1.75,4,0.5,0,-26.9939768421192,-27.20198223610313
2076,kexp,1.75,4,1,0.5,-34.75331588321741,-35.17847343528993
2077,kexp,1.75,4,1,0.1,-31.611205406726548,-32.128416131663926
2078,kexp,1.75,4,1,0.05,-31.50747770257309,-32.02626580254507
2079,kexp,1.75,4,1,0.01,-31.47427125051294,-31.993521272287975
2080,kexp,1.75,4,1,0,-31.472887554450917,-31.992156351905724
2081,kexp,1.75,4,1.5,0.5,-38.48498816564141,-38.98901512866951
2082,kexp,1.75,4,1.5,0.1,-35.87477492193628,-36.4926956378143
2083,kexp,1.75,4,1.5,0.05,-35.78615324780356,-36.40790041633376
2084,kexp,1.75,4,1.5,0.01,-35.75770104769495,-36.380673265259574
2085,kexp,1.75,4,1.5,0,-35.756514558633796,-36.379537823913
2086,kexp,1.75,6,0.5,0.5,-30.286923782342246,-30.61897307578183
2087,kexp,1.75,6,0.5,0.1,-26.973624129865925,-27.252972631050323
2088,kexp,1.75,6,0.5,0.05,-26.9088657068728,-27.1690654396454
2089,kexp,1.75,6,0.5,0.01,-26.88972074670476,-27.143146268820693
2090,kexp,1.75,6,0.5,0,-26.888940723996054,-27.142076748267833
2091,kexp,1.75,6,1,0.5,-35.15190598675464,-35.65055087741174
2092,kexp,1.75,6,1,0.1,-32.06346215560202,-32.70074421468492
2093,kexp,1.75,6,1,0.05,-31.9599159489566,-32.60099195575723
2094,kexp,1.75,6,1,0.01,-31.926725139319384,-32.56898780542206
2095,kexp,1.75,6,1,0,-31.925341630727715,-32.56765343627788
2096,kexp,1.75,6,1.5,0.5,-39.01960747279864,-39.62647579788791
2097,kexp,1.75,6,1.5,0.1,-36.508724130926844,-37.273210558913675
2098,kexp,1.75,6,1.5,0.05,-36.42335430616811,-37.19349692176908
2099,kexp,1.75,6,1.5,0.01,-36.395941875688315,-37.16790307760453
2100,kexp,1.75,6,1.5,0,-36.39479869971143,-37.16683576568859
2101,kexp,1.75,8,0.5,0.5,-30.396228144201736,-30.752373357657177
2102,kexp,1.75,8,0.5,0.1,-27.037798634174017,-27.376681768332908
2103,kexp,1.75,8,0.5,0.05,-26.96600114338088,-27.28790867071151
2104,kexp,1.75,8,0.5,0.01,-26.944418956331965,-27.260273976424106
2105,kexp,1.75,8,0.5,0,-26.943535329547053,-27.25913120986771
2106,kexp,1.75,8,1,0.5,-35.34828961856814,-35.89694204492425
2107,kexp,1.75,8,1,0.1,-32.29652098674069,-33.01705442451743
2108,kexp,1.75,8,1,0.05,-32.19378314198855,-32.919626985790096
2109,kexp,1.75,8,1,0.01,-32.160840258366996,-32.8883647178062
2110,kexp,1.75,8,1,0,-32.15946696214917,-32.887061235515446
2111,kexp,1.75,8,1.5,0.5,-39.26557921883383,-39.93657942629978
2112,kexp,1.75,8,1.5,0.1,-36.80063642741875,-37.65652988375265
2113,kexp,1.75,8,1.5,0.05,-36.71680852323491,-37.57946710004265
2114,kexp,1.75,8,1.5,0.01,-36.689890188415006,-37.55472639095938
2115,kexp,1.75,8,1.5,0,-36.68876760642332,-37.55369467747236
2116,kexp,1.75,10,0.5,0.5,-30.473865902031225,-30.844773246590496
2117,kexp,1.75,10,0.5,0.1,-27.11794992645894,-27.493745797596333
2118,kexp,1.75,10,0.5,0.05,-27.04415793267713,-27.404266634207538
2119,kexp,1.75,10,0.5,0.01,-27.021865511822597,-27.376346805871393
2120,kexp,1.75,10,0.5,0,-27.020951490638772,-27.375191495278987
2121,kexp,1.75,10,1,0.5,-35.45938359336032,-36.03556925457263
2122,kexp,1.75,10,1,0.1,-32.43266021535262,-33.198651858107276
2123,kexp,1.75,10,1,0.05,-32.330639947653765,-33.10273779054609
2124,kexp,1.75,10,1,0.01,-32.29792348345091,-33.071960660362784
2125,kexp,1.75,10,1,0,-32.29655958588006,-33.07067739997922
2126,kexp,1.75,10,1.5,0.5,-39.395914484399476,-40.10115273485314
2127,kexp,1.75,10,1.5,0.1,-36.956451401974,-37.860739224698946
2128,kexp,1.75,10,1.5,0.05,-36.87350017620873,-37.78511832459339
2129,kexp,1.75,10,1.5,0.01,-36.84686323286882,-37.76084181087748
2130,kexp,1.75,10,1.5,0,-36.84575238436739,-37.75982946828709
2131,kexp,1.75,25,0.5,0.5,-30.79544627778769,-31.176464553925083
2132,kexp,1.75,25,0.5,0.1,-27.658961018714788,-28.0514450111273
2133,kexp,1.75,25,0.5,0.05,-27.594006088337707,-27.970896695317613
2134,kexp,1.75,25,0.5,0.01,-27.574545194977617,-27.94583195550198
2135,kexp,1.75,25,0.5,0,-27.573749161754485,-27.944795541205
2136,kexp,1.75,25,1,0.5,-35.76816758994596,-36.36892104972253
2137,kexp,1.75,25,1,0.1,-32.852892114115654,-33.65634939603816
2138,kexp,1.75,25,1,0.05,-32.75515447173857,-33.56523493397978
2139,kexp,1.75,25,1,0.01,-32.72381936445708,-33.536006174885536
2140,kexp,1.75,25,1,0,-32.72251313812397,-33.53478756125713
2141,kexp,1.75,25,1.5,0.5,-39.6991612412382,-40.43719262791585
2142,kexp,1.75,25,1.5,0.1,-37.33633487521762,-38.28529102399041
2143,kexp,1.75,25,1.5,0.05,-37.256220112059246,-38.21295941748348
2144,kexp,1.75,25,1.5,0.01,-37.230497257246185,-38.18974308907806
2145,kexp,1.75,25,1.5,0,-37.22942456365402,-38.18877500134898
2146,kexp,2,0.2,0.5,0.5,-30.432550143194447,-30.585499624245816
2147,kexp,2,0.2,0.5,0.1,-89.63280733931911,-89.60974795251781
2148,kexp,2,0.2,0.5,0.05,-112.72858476686896,-112.62943781461833
2149,kexp,2,0.2,0.5,0.01,-123.58863768924944,-123.45586486485955
2150,kexp,2,0.2,0.5,0,-124.09800700260631,-123.96369262625502
2151,kexp,2,0.2,1,0.5,-32.162750247902146,-32.269740327048
2152,kexp,2,0.2,1,0.1,-58.0408502270516,-58.03749036730293
2153,kexp,2,0.2,1,0.05,-64.54511501832309,-64.51918910055223
2154,kexp,2,0.2,1,0.01,-67.15851268722186,-67.12392608479179
2155,kexp,2,0.2,1,0,-67.27466553055544,-67.23969950912486
2156,kexp,2,0.2,1.5,0.5,-33.51711236173961,-33.60271056966386
2157,kexp,2,0.2,1.5,0.1,-47.19326867883503,-47.20599180566016
2158,kexp,2,0.2,1.5,0.05,-50.01078160639736,-50.01294076774968
2159,kexp,2,0.2,1.5,0.01,-51.07765930974029,-51.0759751538654
2160,kexp,2,0.2,1.5,0,-51.12420847266267,-51.122358569540765
2161,kexp,2,0.5,0.5,0.5,-30.140251857379955,-30.368049189527234
2162,kexp,2,0.5,0.5,0.1,-49.29209560566062,-49.50303374742247
2163,kexp,2,0.5,0.5,0.05,-53.666420863598894,-53.84271207563342
2164,kexp,2,0.5,0.5,0.01,-55.36849675508773,-55.53013367728176
2165,kexp,2,0.5,0.5,0,-55.443367296265244,-55.604345749355936
2166,kexp,2,0.5,1,0.5,-32.40696542364883,-32.61020440971868
2167,kexp,2,0.5,1,0.1,-36.73571486962874,-36.935833020231776
2168,kexp,2,0.5,1,0.05,-37.62172569659194,-37.81346258024233
2169,kexp,2,0.5,1,0.01,-37.94274596644368,-38.13129412683864
2170,kexp,2,0.5,1,0,-37.95656733277875,-38.14497654297773
2171,kexp,2,0.5,1.5,0.5,-34.29574378087785,-34.49149901548513
2172,kexp,2,0.5,1.5,0.1,-34.564763958985246,-34.76668049290363
2173,kexp,2,0.5,1.5,0.05,-34.82204255242415,-35.02080906933335
2174,kexp,2,0.5,1.5,0.01,-34.91433105366016,-35.11193412075611
2175,kexp,2,0.5,1.5,0,-34.9182907782555,-35.115843574158106
2176,kexp,2,1,0.5,0.5,-29.729316396458817,-30.0380235850729
2177,kexp,2,1,0.5,0.1,-34.99883789435433,-35.42219923924309
2178,kexp,2,1,0.5,0.05,-36.146381116663036,-36.56127899425252
2179,kexp,2,1,0.5,0.01,-36.56444875772782,-36.975737757028384
2180,kexp,2,1,0.5,0,-36.58247228383916,-36.993599931317895
2181,kexp,2,1,1,0.5,-32.67422023054274,-32.98924938764067
2182,kexp,2,1,1,0.1,-31.45923820080577,-31.859699373581
2183,kexp,2,1,1,0.05,-31.56350398481162,-31.964785403009607
2184,kexp,2,1,1,0.01,-31.601996746379807,-32.003439536183016
2185,kexp,2,1,1,0,-31.60365845019143,-32.005106800882245
2186,kexp,2,1,1.5,0.5,-35.183739562146265,-35.507682014435154
2187,kexp,2,1,1.5,0.1,-32.79179198384646,-33.187620998959986
2188,kexp,2,1,1.5,0.05,-32.74815666374087,-33.14579967052163
2189,kexp,2,1,1.5,0.01,-32.7352372996416,-33.133436327366134
2190,kexp,2,1,1.5,0,-32.73471060568706,-33.13293252411564
2191,kexp,2,1.5,0.5,0.5,-29.632760363312737,-29.96858198598262
2192,kexp,2,1.5,0.5,0.1,-30.7985532961231,-31.224192834133653
2193,kexp,2,1.5,0.5,0.05,-31.29406893139865,-31.70982821301779
2194,kexp,2,1.5,0.5,0.01,-31.472374060522817,-31.884285614792613
2195,kexp,2,1.5,0.5,0,-31.480030433307643,-31.89177368872936
2196,kexp,2,1.5,1,0.5,-33.03292594859856,-33.396885702322194
2197,kexp,2,1.5,1,0.1,-30.566434671219408,-31.022878524558987
2198,kexp,2,1.5,1,0.05,-30.538825586213953,-30.99670669081632
2199,kexp,2,1.5,1,0.01,-30.531642865753255,-30.989920715142144
2200,kexp,2,1.5,1,0,-30.531361948499292,-30.98965561988882
2201,kexp,2,1.5,1.5,0.5,-35.913450570889864,-36.29951883553471
2202,kexp,2,1.5,1.5,0.1,-33.116790257299954,-33.58727684979376
2203,kexp,2,1.5,1.5,0.05,-33.03337528880552,-33.50636335275863
2204,kexp,2,1.5,1.5,0.01,-33.00689676671084,-33.48067446384636
2205,kexp,2,1.5,1.5,0,-33.00579588695581,-33.47960636366839
2206,kexp,2,2,0.5,0.5,-29.650642544776524,-29.98917600319325
2207,kexp,2,2,0.5,0.1,-28.96523299895997,-29.31575463256588
2208,kexp,2,2,0.5,0.05,-29.21352983801438,-29.546088664575958
2209,kexp,2,2,0.5,0.01,-29.303629598697082,-29.62959486772354
2210,kexp,2,2,0.5,0,-29.30750448119792,-29.633185341743786
2211,kexp,2,2,1,0.5,-33.37211031417795,-33.75922100234841
2212,kexp,2,2,1,0.1,-30.45608997307926,-30.919209534420997
2213,kexp,2,2,1,0.05,-30.38523915855784,-30.84850026807346
2214,kexp,2,2,1,0.01,-30.363292888882352,-30.82652147958091
2215,kexp,2,2,1,0,-30.362386507912937,-30.82561288111364
2216,kexp,2,2,1.5,0.5,-36.49678145808799,-36.91985036670188
2217,kexp,2,2,1.5,0.1,-33.62840671473796,-34.13445961700825
2218,kexp,2,2,1.5,0.05,-33.535588893442345,-34.043918959229806
2219,kexp,2,2,1.5,0.01,-33.50590709932687,-34.01495232797981
2220,kexp,2,2,1.5,0,-33.504670616882876,-34.013745494302476
2221,kexp,2,2.5,0.5,0.5,-29.704158298715885,-30.037948622829337
2222,kexp,2,2.5,0.5,0.1,-28.034079008234087,-28.306579229082814
2223,kexp,2,2.5,0.5,0.05,-28.163296911066062,-28.41100641437281
2224,kexp,2,2.5,0.5,0.01,-28.21156254088565,-28.45036871980167
2225,kexp,2,2.5,0.5,0,-28.213651563614825,-28.45207574993008
2226,kexp,2,2.5,1,0.5,-33.666784528834,-34.0705697244339
2227,kexp,2,2.5,1,0.1,-30.566080405801817,-31.03341860613391
2228,kexp,2,2.5,1,0.05,-30.47732243246674,-30.943896950320187
2229,kexp,2,2.5,1,0.01,-30.44929392672992,-30.915536828267413
2230,kexp,2,2.5,1,0,-30.448130235604975,-30.914358358090155
2231,kexp,2,2.5,1.5,0.5,-36.96425043980405,-37.418832756832025
2232,kexp,2,2.5,1.5,0.1,-34.11009967398276,-34.649268902082
2233,kexp,2,2.5,1.5,0.05,-34.01526985404297,-34.55669560683603
2234,kexp,2,2.5,1.5,0.01,-33.98487991708034,-34.52701335650957
2235,kexp,2,2.5,1.5,0,-33.983613226336125,-34.52577599421206
2236,kexp,2,3,0.5,0.5,-29.76729364947865,-30.09652369845284
2237,kexp,2,3,0.5,0.1,-27.531258232281683,-27.746265745281168
2238,kexp,2,3,0.5,0.05,-27.595821076864322,-27.781617497081413
2239,kexp,2,3,0.5,0.01,-27.621565844434215,-27.79698120850278
2240,kexp,2,3,0.5,0,-27.622695703782497,-27.797666840144487
2241,kexp,2,3,1,0.5,-33.91662721539879,-34.33783131997308
2242,kexp,2,3,1,0.1,-30.74105610783337,-31.222800873345292
2243,kexp,2,3,1,0.05,-30.644116051377736,-31.12485116914238
2244,kexp,2,3,1,0.01,-30.613307049578424,-31.09363068160934
2245,kexp,2,3,1,0,-30.612025722253286,-31.092331237187604
2246,kexp,2,3,1.5,0.5,-37.34106880168898,-37.82798739156453
2247,kexp,2,3,1.5,0.1,-34.525299663011374,-35.10400193434875
2248,kexp,2,3,1.5,0.05,-34.430724507570275,-35.011972837654064
2249,kexp,2,3,1.5,0.01,-34.40039046955971,-34.982440832531864
2250,kexp,2,3,1.5,0,-34.39912582847959,-34.981209469605595
2251,kexp,2,3.5,0.5,0.5,-29.830507386185204,-30.15807739912695
2252,kexp,2,3.5,0.5,0.1,-27.252716494087043,-27.433233904735456
2253,kexp,2,3.5,0.5,0.05,-27.2793555271771,-27.428161432590425
2254,kexp,2,3.5,0.5,0.01,-27.291954340617337,-27.429553822087996
2255,kexp,2,3.5,0.5,0,-27.29252504660368,-27.429645659402496
2256,kexp,2,3.5,1,0.5,-34.12639871079673,-34.56747886779811
2257,kexp,2,3.5,1,0.1,-30.925250960154536,-31.43167709597326
2258,kexp,2,3.5,1,0.05,-30.82440655345347,-31.330049024146028
2259,kexp,2,3.5,1,0.01,-30.792263245508142,-31.297569865914177
2260,kexp,2,3.5,1,0,-30.79092539115694,-31.296217083523878
2261,kexp,2,3.5,1.5,0.5,-37.646193585958805,-38.16714510031208
2262,kexp,2,3.5,1.5,0.1,-34.872650512482686,-35.49662829213322
2263,kexp,2,3.5,1.5,0.05,-34.77901363370087,-35.40602734370654
2264,kexp,2,3.5,1.5,0.01,-34.74896834199838,-35.37694376450516
2265,kexp,2,3.5,1.5,0,-34.747715606078394,-35.375730991635706
2266,kexp,2,4,0.5,0.5,-29.890111773436935,-30.219337688354923
2267,kexp,2,4,0.5,0.1,-27.09775066401816,-27.262811083836286
2268,kexp,2,4,0.5,0.05,-27.100805061550087,-27.23294893338903
2269,kexp,2,4,0.5,0.01,-27.105250562475547,-27.225796738473615
2270,kexp,2,4,0.5,0,-27.105474728626564,-27.225525689928045
2271,kexp,2,4,1,0.5,-34.30185982594636,-34.764882494640666
2272,kexp,2,4,1,0.1,-31.0975914400175,-31.63583908959994
2273,kexp,2,4,1,0.05,-30.994869130914722,-31.532830597096098
2274,kexp,2,4,1,0.01,-30.962076155647864,-31.49986605394606
2275,kexp,2,4,1,0,-30.960710697931255,-31.498492569267775
2276,kexp,2,4,1.5,0.5,-37.894367792756995,-38.45017222512687
2277,kexp,2,4,1.5,0.1,-35.15995907179007,-35.832165391188745
2278,kexp,2,4,1.5,0.05,-35.0673931051956,-35.74321898975388
2279,kexp,2,4,1.5,0.01,-35.037684874767365,-35.714662468432294
2280,kexp,2,4,1.5,0,-35.036446121103836,-35.71347162911978
2281,kexp,2,6,0.5,0.5,-30.07973671809284,-30.4360215612156
2282,kexp,2,6,0.5,0.1,-26.947245837994576,-27.15007758357349
2283,kexp,2,6,0.5,0.05,-26.91182935464128,-27.0824541446648
2284,kexp,2,6,0.5,0.01,-26.90299780623897,-27.06228199792197
2285,kexp,2,6,0.5,0,-26.9026579369038,-27.061457983280203
2286,kexp,2,6,1,0.5,-34.76254102587161,-35.31531855914671
2287,kexp,2,6,1,0.1,-31.5991947547314,-32.281131437353466
2288,kexp,2,6,1,0.05,-31.495168924693438,-32.179421573830346
2289,kexp,2,6,1,0.01,-31.461886423718504,-32.146819766282526
2290,kexp,2,6,1,0,-31.460499776178374,-32.145460814466944
2291,kexp,2,6,1.5,0.5,-38.51662458775463,-39.199663026149835
2292,kexp,2,6,1.5,0.1,-35.88953925929957,-36.742059547633474
2293,kexp,2,6,1.5,0.05,-35.800286095226305,-36.65867407772055
2294,kexp,2,6,1.5,0.01,-35.77163205136775,-36.63190164760685
2295,kexp,2,6,1.5,0,-35.77043715600874,-36.63078519160257
2296,kexp,2,8,0.5,0.5,-30.207114377060755,-30.595268509827346
2297,kexp,2,8,0.5,0.1,-26.996325780386716,-27.27197329512345
2298,kexp,2,8,0.5,0.05,-26.95013709797676,-27.19601019557838
2299,kexp,2,8,0.5,0.01,-26.9375763772371,-27.17291623084884
2300,kexp,2,8,0.5,0,-26.93707797848103,-27.171967643506505
2301,kexp,2,8,1,0.5,-35.00275841035623,-35.623297070959964
2302,kexp,2,8,1,0.1,-31.87789834652137,-32.67072846164909
2303,kexp,2,8,1,0.05,-31.774449020162912,-32.571561685074506
2304,kexp,2,8,1,0.01,-31.741332219387616,-32.5397662684617
2305,kexp,2,8,1,0,-31.739952270177483,-32.538440832308595
2306,kexp,2,8,1.5,0.5,-38.82126841150786,-39.59195884817278
2307,kexp,2,8,1.5,0.1,-36.24831014485922,-37.22485450546218
2308,kexp,2,8,1.5,0.05,-36.160826575713294,-37.14472120710718
2309,kexp,2,8,1.5,0.01,-36.13273845405728,-37.11899481070805
2310,kexp,2,8,1.5,0,-36.13156713414886,-37.117921995316436
2311,kexp,2,10,0.5,0.5,-30.297400154090283,-30.70778829157545
2312,kexp,2,10,0.5,0.1,-27.07470668076624,-27.402753390248872
2313,kexp,2,10,0.5,0.05,-27.024854407611873,-27.324811404728464
2314,kexp,2,10,0.5,0.01,-27.011006964722473,-27.30098480148451
2315,kexp,2,10,0.5,0,-27.010453676796736,-27.30000457202545
2316,kexp,2,10,1,0.5,-35.14136691977742,-35.80340904759465
2317,kexp,2,10,1,0.1,-32.043905148985324,-32.90404280055629
2318,kexp,2,10,1,0.05,-31.941127452731504,-32.80668389366123
2319,kexp,2,10,1,0.01,-31.908219084403925,-32.77546614037927
2320,kexp,2,10,1,0,-31.906847748482168,-32.77416476214999
2321,kexp,2,10,1.5,0.5,-38.98738833195567,-39.80980663088003
2322,kexp,2,10,1.5,0.1,-36.445005257662615,-37.49399756251302
2323,kexp,2,10,1.5,0.05,-36.35855148950619,-37.41571904628754
2324,kexp,2,10,1.5,0.01,-36.33079343432531,-37.390589503828224
2325,kexp,2,10,1.5,0,-36.329635872450034,-37.38954159226547
2326,kexp,2,25,0.5,0.5,-30.645538140088227,-31.07599718707621
2327,kexp,2,25,0.5,0.1,-27.631256012049544,-27.995057620348582
2328,kexp,2,25,0.5,0.05,-27.58839036867901,-27.92452695550973
2329,kexp,2,25,0.5,0.01,-27.576728224495103,-27.90301260450006
2330,kexp,2,25,0.5,0,-27.5762653932879,-27.902128017222434
2331,kexp,2,25,1,0.5,-35.50014035884758,-36.20755891072982
2332,kexp,2,25,1,0.1,-32.523065605414615,-33.45232167749433
2333,kexp,2,25,1,0.05,-32.42475576119512,-33.360386413830845
2334,kexp,2,25,1,0.01,-32.39328488400773,-33.33091495765566
2335,kexp,2,25,1,0,-32.39197352375823,-33.329686452969895
2336,kexp,2,25,1.5,0.5,-39.35339787404436,-40.235283207165885
2337,kexp,2,25,1.5,0.1,-36.89893701332808,-38.02860649302259
2338,kexp,2,25,1.5,0.05,-36.81570203832181,-37.9543552083274
2339,kexp,2,25,1.5,0.01,-36.78898063213343,-37.93052312349762
2340,kexp,2,25,1.5,0,-36.78786633398779,-37.929529364959805
2341,kexp,2.25,0.2,0.5,0.5,-30.327259398411712,-30.49264449054701
2342,kexp,2.25,0.2,0.5,0.1,-96.78699408612552,-96.74773150255305
2343,kexp,2.25,0.2,0.5,0.05,-124.84387097854028,-124.708736158962
2344,kexp,2.25,0.2,0.5,0.01,-138.50322818981957,-138.32448209805307
2345,kexp,2.25,0.2,0.5,0,-139.1521875612942,-138.9714216019754
2346,kexp,2.25,0.2,1,0.5,-31.94812478859111,-32.06432746448361
2347,kexp,2.25,0.2,1,0.1,-62.27363596653305,-62.25831702940791
2348,kexp,2.25,0.2,1,0.05,-70.42736041185617,-70.38308092669307
2349,kexp,2.25,0.2,1,0.01,-73.7739240239538,-73.7183302743804
2350,kexp,2.25,0.2,1,0,-73.92369051378323,-73.8675983956369
2351,kexp,2.25,0.2,1.5,0.5,-33.21725325708005,-33.309848170784576
2352,kexp,2.25,0.2,1.5,0.1,-49.908764297897015,-49.91317113738461
2353,kexp,2.25,0.2,1.5,0.05,-53.521807287127025,-53.512532944663555
2354,kexp,2.25,0.2,1.5,0.01,-54.91063925287136,-54.89632331006543
2355,kexp,2.25,0.2,1.5,0,-54.97151493057429,-54.9569807594877
2356,kexp,2.25,0.5,0.5,0.5,-30.006442833903783,-30.245684768744116
2357,kexp,2.25,0.5,0.5,0.1,-52.9575624961746,-53.154691872068
2358,kexp,2.25,0.5,0.5,0.05,-58.493812602843995,-58.64434480881878
2359,kexp,2.25,0.5,0.5,0.01,-60.68615495631423,-60.81660975293768
2360,kexp,2.25,0.5,0.5,0,-60.783123108802556,-60.91267024294684
2361,kexp,2.25,0.5,1,0.5,-32.11915483443633,-32.33225891687241
2362,kexp,2.25,0.5,1,0.1,-38.148784375719345,-38.34652473647331
2363,kexp,2.25,0.5,1,0.05,-39.33898368952966,-39.52494083973693
2364,kexp,2.25,0.5,1,0.01,-39.77361793056807,-39.955056952004526
2365,kexp,2.25,0.5,1,0,-39.79237463877237,-39.97361629881191
2366,kexp,2.25,0.5,1.5,0.5,-33.88010137029855,-34.08552692411235
2367,kexp,2.25,0.5,1.5,0.1,-35.059965698171354,-35.26489525422268
2368,kexp,2.25,0.5,1.5,0.05,-35.44298259207604,-35.64325268925989
2369,kexp,2.25,0.5,1.5,0.01,-35.58022673095545,-35.77877436598032
2370,kexp,2.25,0.5,1.5,0,-35.58611524870735,-35.78458841737978
2371,kexp,2.25,1,0.5,0.5,-29.54588151335583,-29.864825344303796
2372,kexp,2.25,1,0.5,0.1,-36.73697613400448,-37.138615726415935
2373,kexp,2.25,1,0.5,0.05,-38.25977444094284,-38.64545974732498
2374,kexp,2.25,1,0.5,0.01,-38.81928129800268,-39.19845740946953
2375,kexp,2.25,1,0.5,0,-38.8434625630187,-39.2223501470139
2376,kexp,2.25,1,1,0.5,-32.29213229205764,-32.62013176253038
2377,kexp,2.25,1,1,0.1,-31.706301843849154,-32.11185801867842
2378,kexp,2.25,1,1,0.05,-31.890887125759228,-32.29570473913015
2379,kexp,2.25,1,1,0.01,-31.95760732854776,-32.362022869980066
2380,kexp,2.25,1,1,0,-31.960474192607517,-32.36487106724438
2381,kexp,2.25,1,1.5,0.5,-34.646394945017526,-34.98651980095924
2382,kexp,2.25,1,1.5,0.1,-32.47795952530174,-32.889128461515625
2383,kexp,2.25,1,1.5,0.05,-32.460756402140035,-32.87325736546476
2384,kexp,2.25,1,1.5,0.01,-32.456941602646076,-32.86982607802217
2385,kexp,2.25,1,1.5,0,-32.456801502507,-32.86970147402498
2386,kexp,2.25,1.5,0.5,0.5,-29.422385741826755,-29.769329453372023
2387,kexp,2.25,1.5,0.5,0.1,-31.815143633824942,-32.20565963130939
2388,kexp,2.25,1.5,0.5,0.05,-32.510378882973576,-32.88282503068053
2389,kexp,2.25,1.5,0.5,0.01,-32.761209318089676,-33.12681489009331
2390,kexp,2.25,1.5,0.5,0,-32.77198946769018,-33.13729763877369
2391,kexp,2.25,1.5,1,0.5,-32.606411327598764,-32.986517655704
2392,kexp,2.25,1.5,1,0.1,-30.437651264492462,-30.899299874763607
2393,kexp,2.25,1.5,1,0.05,-30.446148703619674,-30.907713509439596
2394,kexp,2.25,1.5,1,0.01,-30.451445955182113,-30.91287792074347
2395,kexp,2.25,1.5,1,0,-30.451695418550305,-30.91312065887585
2396,kexp,2.25,1.5,1.5,0.5,-35.326923659897595,-35.73417993431029
2397,kexp,2.25,1.5,1.5,0.1,-32.56838967920747,-33.05905305915701
2398,kexp,2.25,1.5,1.5,0.05,-32.49345179277271,-32.98623299623538
2399,kexp,2.25,1.5,1.5,0.01,-32.46989753833745,-32.963334711843494
2400,kexp,2.25,1.5,1.5,0,-32.4689208355584,-32.96238509896527
2401,kexp,2.25,2,0.5,0.5,-29.430790717176365,-29.782438668225492
2402,kexp,2.25,2,0.5,0.1,-29.61015528664134,-29.91270596731222
2403,kexp,2.25,2,0.5,0.05,-29.987004192052648,-30.261365746522994
2404,kexp,2.25,2,0.5,0.01,-30.123004707542385,-30.387082907270873
2405,kexp,2.25,2,0.5,0,-30.128847313581286,-30.392482507942386
2406,kexp,2.25,2,1,0.5,-32.928038489405324,-33.33441170934068
2407,kexp,2.25,2,1,0.1,-30.155955228718227,-30.622490681597377
2408,kexp,2.25,2,1,0.05,-30.104550564480025,-30.56930063305147
2409,kexp,2.25,2,1,0.01,-30.089300776206045,-30.553354669018727
2410,kexp,2.25,2,1,0,-30.08867867305628,-30.55270217299502
2411,kexp,2.25,2,1.5,0.5,-35.894248669688864,-36.34259532056978
2412,kexp,2.25,2,1.5,0.1,-32.986690317664866,-33.5151800810656
2413,kexp,2.25,2,1.5,0.05,-32.89604061201211,-33.426297682288215
2414,kexp,2.25,2,1.5,0.01,-32.86714842439832,-33.3979457918582
2415,kexp,2.25,2,1.5,0,-32.865945892943124,-33.39676549474193
2416,kexp,2.25,2.5,0.5,0.5,-29.482622433461863,-29.831169363089632
2417,kexp,2.25,2.5,0.5,0.1,-28.457841100349736,-28.670831444355468
2418,kexp,2.25,2.5,0.5,0.05,-28.679225689236784,-28.855453156503454
2419,kexp,2.25,2.5,0.5,0.01,-28.760134896431865,-28.923167727318656
2420,kexp,2.25,2.5,0.5,0,-28.763620197894102,-28.926086918448274
2421,kexp,2.25,2.5,1,0.5,-33.218615159483164,-33.644304958577486
2422,kexp,2.25,2.5,1,0.1,-30.177983138019336,-30.64732418019296
2423,kexp,2.25,2.5,1,0.05,-30.100665089818627,-30.566989900133912
2424,kexp,2.25,2.5,1,0.01,-30.076590545887232,-30.541812054503197
2425,kexp,2.25,2.5,1,0,-30.07559484331496,-30.540768856378328
2426,kexp,2.25,2.5,1.5,0.5,-36.36192305623127,-36.845350183037326
2427,kexp,2.25,2.5,1.5,0.1,-33.43087059253571,-33.99476293013229
2428,kexp,2.25,2.5,1.5,0.05,-33.335394025842135,-33.90094557522079
2429,kexp,2.25,2.5,1.5,0.01,-33.30484907206968,-33.870904801970326
2430,kexp,2.25,2.5,1.5,0,-33.30357649185399,-33.86965293575481
2431,kexp,2.25,3,0.5,0.5,-29.547247060801297,-29.89208904998753
2432,kexp,2.25,3,0.5,0.1,-27.814869878471384,-27.96013192278038
2433,kexp,2.25,3,0.5,0.05,-27.950802586362958,-28.05363905038554
2434,kexp,2.25,3,0.5,0.01,-28.00173340471306,-28.08947655151553
2435,kexp,2.25,3,0.5,0,-28.0039394725012,-28.091036492782326
2436,kexp,2.25,3,1,0.5,-33.47185150074938,-33.91721148852094
2437,kexp,2.25,3,1,0.1,-30.307706208468474,-30.79108039201406
2438,kexp,2.25,3,1,0.05,-30.21789800073765,-30.697830254682856
2439,kexp,2.25,3,1,0.01,-30.18957793563566,-30.668268333409618
2440,kexp,2.25,3,1,0,-30.188402595158138,-30.66703970291206
2441,kexp,2.25,3,1.5,0.5,-36.747848926357605,-37.26706965374311
2442,kexp,2.25,3,1.5,0.1,-33.8360642129324,-34.44266427738137
2443,kexp,2.25,3,1.5,0.05,-33.73945638156761,-34.34798889764542
2444,kexp,2.25,3,1.5,0.01,-33.70850379904423,-34.317629812813855
2445,kexp,2.25,3,1.5,0,-33.70721373611125,-34.316364206357306
2446,kexp,2.25,3.5,0.5,0.5,-29.61330263705511,-29.956766507812418
2447,kexp,2.25,3.5,0.5,0.1,-27.444671772723492,-27.546661090099
2448,kexp,2.25,3.5,0.5,0.05,-27.529954235288027,-27.586161826259172
2449,kexp,2.25,3.5,0.5,0.01,-27.56322133242713,-27.603225243113393
2450,kexp,2.25,3.5,0.5,0,-27.564674869868522,-27.603986030055147
2451,kexp,2.25,3.5,1,0.5,-33.689390309818,-34.15681106837653
2452,kexp,2.25,3.5,1,0.1,-30.470737785539374,-30.979643162595952
2453,kexp,2.25,3.5,1,0.05,-30.374551967845296,-30.88016973571769
2454,kexp,2.25,3.5,1,0.01,-30.344059656989067,-30.848488627916897
2455,kexp,2.25,3.5,1,0,-30.342792361571302,-30.84717029589682
2456,kexp,2.25,3.5,1.5,0.5,-37.06703458934,-37.62398522104868
2457,kexp,2.25,3.5,1.5,0.1,-34.18805606822696,-34.84420225671402
2458,kexp,2.25,3.5,1.5,0.05,-34.09167748251841,-34.75028102040196
2459,kexp,2.25,3.5,1.5,0.01,-34.06077644571139,-34.720144996569594
2460,kexp,2.25,3.5,1.5,0,-34.05948829220761,-34.718888484580745
2461,kexp,2.25,4,0.5,0.5,-29.67639861036855,-30.021595049273966
2462,kexp,2.25,4,0.5,0.1,-27.228648067898305,-27.30807559702349
2463,kexp,2.25,4,0.5,0.05,-27.282162437970914,-27.31401079226007
2464,kexp,2.25,4,0.5,0.01,-27.30439005553705,-27.31944879184264
2465,kexp,2.25,4,0.5,0,-27.30537372812483,-27.3197152120224
2466,kexp,2.25,4,1,0.5,-33.87509827614483,-34.36687096197665
2467,kexp,2.25,4,1,0.1,-30.635985472451196,-31.178816758869853
2468,kexp,2.25,4,1,0.05,-30.536440350106442,-31.076478798602857
2469,kexp,2.25,4,1,0.01,-30.504797147674868,-31.043811187790684
2470,kexp,2.25,4,1,0,-30.503481064937823,-31.04245098533339
2471,kexp,2.25,4,1.5,0.5,-37.331795300802526,-37.92774222712463
2472,kexp,2.25,4,1.5,0.1,-34.48780733518581,-35.19752898876252
2473,kexp,2.25,4,1.5,0.05,-34.39213829069875,-35.10496694273711
2474,kexp,2.25,4,1.5,0.01,-34.36145290356058,-35.07525845612018
2475,kexp,2.25,4,1.5,0,-34.36017361061171,-35.074019676508
2476,kexp,2.25,6,0.5,0.5,-29.882128955276237,-30.256908735142847
2477,kexp,2.25,6,0.5,0.1,-26.97674499235803,-27.083223858467978
2478,kexp,2.25,6,0.5,0.05,-26.977811796209505,-27.0364411029656
2479,kexp,2.25,6,0.5,0.01,-26.981866342652125,-27.0236453326723
2480,kexp,2.25,6,0.5,0,-26.982077149859844,-27.023136688190895
2481,kexp,2.25,6,1,0.5,-34.3824789318324,-34.97762219776368
2482,kexp,2.25,6,1,0.1,-31.162532393099788,-31.867734817430094
2483,kexp,2.25,6,1,0.05,-31.059573433568744,-31.764875410272364
2484,kexp,2.25,6,1,0.01,-31.026724459879876,-31.73195134112294
2485,kexp,2.25,6,1,0,-31.02535689311899,-31.730579467490404
2486,kexp,2.25,6,1.5,0.5,-38.02218587732795,-38.766360781292576
2487,kexp,2.25,6,1.5,0.1,-35.28733460112495,-36.20631187797398
2488,kexp,2.25,6,1.5,0.05,-35.19473102064435,-36.11943634809606
2489,kexp,2.25,6,1.5,0.01,-35.16501272457533,-36.09154682866865
2490,kexp,2.25,6,1.5,0,-35.163773574276405,-36.090383827329525
2491,kexp,2.25,8,0.5,0.5,-30.02483147515719,-30.438349418534443
2492,kexp,2.25,8,0.5,0.1,-27.00380355028572,-27.191853237494023
2493,kexp,2.25,8,0.5,0.05,-26.989777676365097,-27.132408048271902
2494,kexp,2.25,8,0.5,0.01,-26.988598048312493,-27.115183791336847
2495,kexp,2.25,8,0.5,0,-26.988586230591945,-27.114486400336204
2496,kexp,2.25,8,1,0.5,-34.6613220469359,-35.34104035110061
2497,kexp,2.25,8,1,0.1,-31.478985801336435,-32.3206273656704
2498,kexp,2.25,8,1,0.05,-31.376199743826437,-32.22030877086817
2499,kexp,2.25,8,1,0.01,-31.34337647524884,-32.18818207730636
2500,kexp,2.25,8,1,0,-31.342009654540366,-32.18684325204498
2501,kexp,2.25,8,1.5,0.5,-38.37914722524623,-39.233711920994395
2502,kexp,2.25,8,1.5,0.1,-35.70481890486509,-36.779199313051386
2503,kexp,2.25,8,1.5,0.05,-35.6141292202388,-36.69608047600895
2504,kexp,2.25,8,1.5,0.01,-35.58502130387356,-36.66939827858025
2505,kexp,2.25,8,1.5,0,-35.583807562594714,-36.668285636021096
2506,kexp,2.25,10,0.5,0.5,-30.127319650029783,-30.57077786608102
2507,kexp,2.25,10,0.5,0.1,-27.078444689665968,-27.333145516714854
2508,kexp,2.25,10,0.5,0.05,-27.058861490590495,-27.270090970375577
2509,kexp,2.25,10,0.5,0.01,-27.05573706897635,-27.251559614826423
2510,kexp,2.25,10,0.5,0,-27.055642355389136,-27.25080604963613
2511,kexp,2.25,10,1,0.5,-34.826703643607615,-35.56276167335366
2512,kexp,2.25,10,1,0.1,-31.673294933313542,-32.60493783084413
2513,kexp,2.25,10,1,0.05,-31.57107661558809,-32.50665829756791
2514,kexp,2.25,10,1,0.01,-31.538424218032375,-32.47518036849083
2515,kexp,2.25,10,1,0,-31.537064398221215,-32.473868531576144
2516,kexp,2.25,10,1.5,0.5,-38.58015436354719,-39.50523897038289
2517,kexp,2.25,10,1.5,0.1,-35.94099589202849,-37.113451396835764
2518,kexp,2.25,10,1.5,0.05,-35.85146420278613,-37.03258598496498
2519,kexp,2.25,10,1.5,0.01,-35.822726815994116,-37.00662853234074
2520,kexp,2.25,10,1.5,0,-35.821528512570325,-37.00554612562958
2521,kexp,2.25,25,0.5,0.5,-30.505385626982473,-30.98357660271512
2522,kexp,2.25,25,0.5,0.1,-27.651392568420256,-27.96943736078581
2523,kexp,2.25,25,0.5,0.05,-27.63652549302672,-27.91196679919432
2524,kexp,2.25,25,0.5,0.01,-27.634790160788178,-27.8950881849241
2525,kexp,2.25,25,0.5,0,-27.63475194603981,-27.89440193737153
2526,kexp,2.25,25,1,0.5,-35.23994776936795,-36.0497191917493
2527,kexp,2.25,25,1,0.1,-32.215010448070345,-33.25828275015892
2528,kexp,2.25,25,1,0.05,-32.11736137168837,-33.16609304491513
2529,kexp,2.25,25,1,0.01,-32.08617418752859,-33.13657138403935
2530,kexp,2.25,25,1,0,-32.08487544664523,-33.135341133290204
2531,kexp,2.25,25,1.5,0.5,-39.013865719881785,-40.03405235622808
2532,kexp,2.25,25,1.5,0.1,-36.47359930118878,-37.77441875003488
2533,kexp,2.25,25,1.5,0.05,-36.38764356707064,-37.69839377774587
2534,kexp,2.25,25,1.5,0.01,-36.360056997774336,-37.673994991852474
2535,kexp,2.25,25,1.5,0,-36.358906713585604,-37.67297763200341
2536,kexp,2.5,0.2,0.5,0.5,-30.22974486191908,-30.406477986730486
2537,kexp,2.5,0.2,0.5,0.1,-103.57710255686567,-103.52253347483087
2538,kexp,2.5,0.2,0.5,0.05,-136.8287842875203,-136.65707417204064
2539,kexp,2.5,0.2,0.5,0.01,-153.5659371895079,-153.3394423975215
2540,kexp,2.5,0.2,0.5,0,-154.37124734935918,-154.1421894540665
2541,kexp,2.5,0.2,1,0.5,-31.75919050530315,-31.884069666098156
2542,kexp,2.5,0.2,1,0.1,-66.45266569726077,-66.4251105870269
2543,kexp,2.5,0.2,1,0.05,-76.38846467689515,-76.32491562060514
2544,kexp,2.5,0.2,1,0.01,-80.55193243222182,-80.47407510701964
2545,kexp,2.5,0.2,1,0,-80.73953710409842,-80.6610461245546
2546,kexp,2.5,0.2,1.5,0.5,-32.95606574527799,-33.05527247128917
2547,kexp,2.5,0.2,1.5,0.1,-52.67199013522128,-52.6675111438458
2548,kexp,2.5,0.2,1.5,0.05,-57.15867986397443,-57.1370545201772
2549,kexp,2.5,0.2,1.5,0.01,-58.90920576009803,-58.88118174146136
2550,kexp,2.5,0.2,1.5,0,-58.98629045479122,-58.95798844716665
2551,kexp,2.5,0.5,0.5,0.5,-29.885958655304883,-30.13524536241365
2552,kexp,2.5,0.5,0.5,0.1,-56.62143804504876,-56.80458481305141
2553,kexp,2.5,0.5,0.5,0.05,-63.424977247295665,-63.54863495312068
2554,kexp,2.5,0.5,0.5,0.01,-66.16612611547464,-66.26363482881241
2555,kexp,2.5,0.5,0.5,0,-66.28803693030241,-66.38435575191322
2556,kexp,2.5,0.5,1,0.5,-31.868585283358303,-32.09007149301009
2557,kexp,2.5,0.5,1,0.1,-39.6645201114289,-39.85816532510466
2558,kexp,2.5,0.5,1,0.05,-41.19623031840163,-41.374308140126125
2559,kexp,2.5,0.5,1,0.01,-41.76031945343343,-41.932368954011444
2560,kexp,2.5,0.5,1,0,-41.78472388086632,-41.95650926989931
2561,kexp,2.5,0.5,1.5,0.5,-33.520750644729134,-33.734119604284714
2562,kexp,2.5,0.5,1.5,0.1,-35.68255204279311,-35.888330664687665
2563,kexp,2.5,0.5,1.5,0.05,-36.21004975449263,-36.409458222385
2564,kexp,2.5,0.5,1.5,0.01,-36.39947591836902,-36.59651922293341
2565,kexp,2.5,0.5,1.5,0,-36.407609630968864,-36.60455054247739
2566,kexp,2.5,1,0.5,0.5,-29.38541158323622,-29.712385557387705
2567,kexp,2.5,1,0.5,0.1,-38.56125414334569,-38.93817895992531
2568,kexp,2.5,1,0.5,0.05,-40.503859711344724,-40.856415203015075
2569,kexp,2.5,1,0.5,0.01,-41.22407099175098,-41.56679197515984
2570,kexp,2.5,1,0.5,0,-41.25528006037507,-41.59756585072056
2571,kexp,2.5,1,1,0.5,-31.958809201071958,-32.29673282602497
2572,kexp,2.5,1,1,0.1,-32.070716235390385,-32.47685562146314
2573,kexp,2.5,1,1,0.05,-32.3490935449088,-32.752637185354516
2574,kexp,2.5,1,1,0.01,-32.44903439222718,-32.85149850526352
2575,kexp,2.5,1,1,0,-32.45332262998301,-32.85573887275004
2576,kexp,2.5,1,1.5,0.5,-34.1763529717394,-34.528986893446664
2577,kexp,2.5,1,1.5,0.1,-32.28653520315478,-32.70812698512139
2578,kexp,2.5,1,1.5,0.05,-32.302127031296486,-32.724422434234086
2579,kexp,2.5,1,1.5,0.01,-32.30965169020043,-32.73210557000471
2580,kexp,2.5,1,1.5,0,-32.30999358654617,-32.732453313454464
2581,kexp,2.5,1.5,0.5,0.5,-29.237164318537605,-29.592005145300476
2582,kexp,2.5,1.5,0.5,0.1,-32.929122582205025,-33.27772555807738
2583,kexp,2.5,1.5,0.5,0.05,-33.85114457843689,-34.172287327173336
2584,kexp,2.5,1.5,0.5,0.01,-34.18528132720603,-34.49611033044147
2585,kexp,2.5,1.5,0.5,0,-34.19966102113763,-34.51004230703728
2586,kexp,2.5,1.5,1,0.5,-32.22989780383703,-32.6218070731855
2587,kexp,2.5,1.5,1,0.1,-30.41676843643627,-30.87644095686732
2588,kexp,2.5,1.5,1,0.05,-30.469079264777097,-30.92679253343819
2589,kexp,2.5,1.5,1,0.01,-30.48959242390242,-30.9465172021589
2590,kexp,2.5,1.5,1,0,-30.4904893706311,-30.947379477866036
2591,kexp,2.5,1.5,1.5,0.5,-34.80637083008929,-35.22972705739208
2592,kexp,2.5,1.5,1.5,0.1,-32.12789841244458,-32.631575284960185
2593,kexp,2.5,1.5,1.5,0.05,-32.06497865939245,-32.57022133395252
2594,kexp,2.5,1.5,1.5,0.01,-32.04555692943405,-32.55126434983259
2595,kexp,2.5,1.5,1.5,0,-32.0447555871785,-32.550481968192706
2596,kexp,2.5,2,0.5,0.5,-29.234902492565357,-29.595724816224315
2597,kexp,2.5,2,0.5,0.1,-30.349983902541723,-30.59511946936758
2598,kexp,2.5,2,0.5,0.05,-30.874526985259408,-31.079710539726946
2599,kexp,2.5,2,0.5,0.01,-31.063756134908484,-31.25437003521435
2600,kexp,2.5,2,0.5,0,-31.0718863736047,-31.261872540816604
2601,kexp,2.5,2,1,0.5,-32.531033009826025,-32.95138955488014
2602,kexp,2.5,2,1,0.1,-29.951713869147365,-30.41250871840037
2603,kexp,2.5,2,1,0.05,-29.92500597525659,-30.38164577226652
2604,kexp,2.5,2,1,0.01,-29.91827944242554,-30.373404222462845
2605,kexp,2.5,2,1,0,-29.918019391112296,-30.37307898354829
2606,kexp,2.5,2,1.5,0.5,-35.352244903544445,-35.8197389700112
2607,kexp,2.5,2,1.5,0.1,-32.43861652443498,-32.98067769791932
2608,kexp,2.5,2,1.5,0.05,-32.352496379094866,-32.89560695710382
2609,kexp,2.5,2,1.5,0.01,-32.32518884859772,-32.86859440789806
2610,kexp,2.5,2,1.5,0,-32.32405383033982,-32.86747123118496
2611,kexp,2.5,2.5,0.5,0.5,-29.283023122110514,-29.642194970406514
2612,kexp,2.5,2.5,0.5,0.1,-28.970031677848027,-29.112870537007243
2613,kexp,2.5,2.5,0.5,0.05,-29.298326409843288,-29.39063268559073
2614,kexp,2.5,2.5,0.5,0.01,-29.417403941779234,-29.491534133070846
2615,kexp,2.5,2.5,0.5,0,-29.422525342639524,-29.495875166375022
2616,kexp,2.5,2.5,1,0.5,-32.81294716800086,-33.25467693193349
2617,kexp,2.5,2.5,1,0.1,-29.873794272746466,-30.33463473736763
2618,kexp,2.5,2.5,1,0.05,-29.811845569132636,-30.266902336005593
2619,kexp,2.5,2.5,1,0.01,-29.793077801643378,-30.246080188232604
2620,kexp,2.5,2.5,1,0,-29.792307525206688,-30.245222060181458
2621,kexp,2.5,2.5,1.5,0.5,-35.8131947185785,-36.31851252385046
2622,kexp,2.5,2.5,1.5,0.1,-32.83199236260692,-33.41038024911455
2623,kexp,2.5,2.5,1.5,0.05,-32.737600212220556,-33.31680843570781
2624,kexp,2.5,2.5,1.5,0.01,-32.707479096806765,-33.28690654227553
2625,kexp,2.5,2.5,1.5,0,-32.706225019458515,-33.28566112484772
2626,kexp,2.5,3,0.5,0.5,-29.347036767468826,-29.703486525959914
2627,kexp,2.5,3,0.5,0.1,-28.179504113252076,-28.244035727898464
2628,kexp,2.5,3,0.5,0.05,-28.398865965974174,-28.405783964430974
2629,kexp,2.5,3,0.5,0.01,-28.47944900800747,-28.46580885102967
2630,kexp,2.5,3,0.5,0,-28.482924553651426,-28.468403567484955
2631,kexp,2.5,3,1,0.5,-33.064466453615665,-33.52768693004584
2632,kexp,2.5,3,1,0.1,-29.947183052111615,-30.420655786714132
2633,kexp,2.5,3,1,0.05,-29.867642077066314,-30.334674753141105
2634,kexp,2.5,3,1,0.01,-29.84288448069831,-30.30764866191762
2635,kexp,2.5,3,1,0,-29.841860641882768,-30.306528011727956
2636,kexp,2.5,3,1.5,0.5,-36.200970796949804,-36.744766887066156
2637,kexp,2.5,3,1.5,0.1,-33.21520135936615,-33.83823812850437
2638,kexp,2.5,3,1.5,0.05,-33.11791314599473,-33.74200258533774
2639,kexp,2.5,3,1.5,0.01,-33.086792618720494,-33.71117757935486
2640,kexp,2.5,3,1.5,0,-33.085496104691856,-33.70989292654245
2641,kexp,2.5,3.5,0.5,0.5,-29.413921054676496,-29.76946710299861
2642,kexp,2.5,3.5,0.5,0.1,-27.71053767755426,-27.722873651134385
2643,kexp,2.5,3.5,0.5,0.05,-27.86479294401676,-27.815181983825106
2644,kexp,2.5,3.5,0.5,0.01,-27.922529508311307,-27.850922869372507
2645,kexp,2.5,3.5,0.5,0,-27.925030094004466,-27.852482230288434
2646,kexp,2.5,3.5,1,0.5,-33.28468854753571,-33.77170953591109
2647,kexp,2.5,3.5,1,0.1,-30.079249880823273,-30.578124526294502
2648,kexp,2.5,3.5,1,0.05,-29.990348860978614,-30.48282911364594
2649,kexp,2.5,3.5,1,0.01,-29.9624043308307,-30.45263451299352
2650,kexp,2.5,3.5,1,0,-29.961245588946074,-30.451379773125986
2651,kexp,2.5,3.5,1.5,0.5,-36.52727054120675,-37.11167058377024
2652,kexp,2.5,3.5,1.5,0.1,-33.56134906923012,-34.23695785234362
2653,kexp,2.5,3.5,1.5,0.05,-33.46333699157331,-34.140539678728466
2654,kexp,2.5,3.5,1.5,0.01,-33.43194890864098,-34.10962447859965
2655,kexp,2.5,3.5,1.5,0,-33.43064085399348,-34.10833572080704
2656,kexp,2.5,4,0.5,0.5,-29.478613258191096,-29.83607417192631
2657,kexp,2.5,4,0.5,0.1,-27.427106516934117,-27.409453085288835
2658,kexp,2.5,4,0.5,0.05,-27.540252518072954,-27.458167644132065
2659,kexp,2.5,4,0.5,0.01,-27.58362599557065,-27.47873266873103
2660,kexp,2.5,4,0.5,0,-27.58551436354647,-27.479645796758486
2661,kexp,2.5,4,1,0.5,-33.47590035640776,-33.98914853426071
2662,kexp,2.5,4,1,0.1,-30.228982577982915,-30.762822750636268
2663,kexp,2.5,4,1,0.05,-30.134899566632313,-30.662807550624255
2664,kexp,2.5,4,1,0.01,-30.105185518661543,-30.630998312058964
2665,kexp,2.5,4,1,0,-30.10395182181663,-30.62967514899442
2666,kexp,2.5,4,1.5,0.5,-36.802314150409,-37.42895692095556
2667,kexp,2.5,4,1.5,0.1,-33.86457187679036,-34.59780121560634
2668,kexp,2.5,4,1.5,0.05,-33.766743175459666,-34.50226653184211
2669,kexp,2.5,4,1.5,0.01,-33.735394371495595,-34.47161944631074
2670,kexp,2.5,4,1.5,0,-33.734087741307924,-34.47034169980941
2671,kexp,2.5,6,0.5,0.5,-29.694444700866395,-30.083248363340296
2672,kexp,2.5,6,0.5,0.1,-27.057098421416555,-27.051798732685228
2673,kexp,2.5,6,0.5,0.05,-27.101770669395606,-27.030473647058304
2674,kexp,2.5,6,0.5,0.01,-27.12131412083121,-27.026725038512843
2675,kexp,2.5,6,0.5,0,-27.1221878412371,-27.026603632591094
2676,kexp,2.5,6,1,0.5,-34.016347605375685,-34.64395267240187
2677,kexp,2.5,6,1,0.1,-30.758862611672047,-31.46900759854261
2678,kexp,2.5,6,1,0.05,-30.65864208372838,-31.36594304151291
2679,kexp,2.5,6,1,0.01,-30.62679715183472,-31.333019017164986
2680,kexp,2.5,6,1,0,-30.62547283318062,-31.331647874460113
2681,kexp,2.5,6,1.5,0.5,-37.543447972955924,-38.33575455872689
2682,kexp,2.5,6,1.5,0.1,-34.711046497848656,-35.67750497545511
2683,kexp,2.5,6,1.5,0.05,-34.61573433167703,-35.587433040746994
2684,kexp,2.5,6,1.5,0.01,-34.58516566457422,-35.558524788932175
2685,kexp,2.5,6,1.5,0,-34.58389126389822,-35.55731938848822
2686,kexp,2.5,8,0.5,0.5,-29.84930641891409,-30.282603191876422
2687,kexp,2.5,8,0.5,0.1,-27.055256292553587,-27.13576695081431
2688,kexp,2.5,8,0.5,0.05,-27.07992922582941,-27.09661493768093
2689,kexp,2.5,8,0.5,0.01,-27.09251737558921,-27.086629383416316
2690,kexp,2.5,8,0.5,0,-27.093095033558903,-27.08624210353242
2691,kexp,2.5,8,1,0.5,-34.327680415221245,-35.0550159126501
2692,kexp,2.5,8,1,0.1,-31.10421952912385,-31.97328804140739
2693,kexp,2.5,8,1,0.05,-31.00358768451209,-31.872521299668502
2694,kexp,2.5,8,1,0.01,-30.97156736645726,-31.840305097843114
2695,kexp,2.5,8,1,0,-30.970235259110932,-31.838963141535352
2696,kexp,2.5,8,1.5,0.5,-37.94519073971009,-38.86882145398416
2697,kexp,2.5,8,1.5,0.1,-35.17780922012933,-36.328513268827074
2698,kexp,2.5,8,1.5,0.05,-35.084464292087056,-36.24258744399876
2699,kexp,2.5,8,1.5,0.01,-35.05452051605992,-36.215010155290884
2700,kexp,2.5,8,1.5,0,-35.053272101031986,-36.213860254275474
2701,kexp,2.5,10,0.5,0.5,-29.96289263783974,-30.433552953415628
2702,kexp,2.5,10,0.5,0.1,-27.123760073655554,-27.28294452586206
2703,kexp,2.5,10,0.5,0.05,-27.140768597662635,-27.23817644816085
2704,kexp,2.5,10,0.5,0.01,-27.15067482860166,-27.22617471896231
2705,kexp,2.5,10,0.5,0,-27.15113816337346,-27.225700958227367
2706,kexp,2.5,10,1,0.5,-34.51786936550089,-35.316326113980445
2707,kexp,2.5,10,1,0.1,-31.32391477162254,-32.30516284414786
2708,kexp,2.5,10,1,0.05,-31.22368255354273,-32.20657788325848
2709,kexp,2.5,10,1,0.01,-31.191773798442902,-32.17505179669411
2710,kexp,2.5,10,1,0,-31.190446160188348,-32.17373850356803
2711,kexp,2.5,10,1.5,0.5,-38.178687580314346,-39.19180041695883
2712,kexp,2.5,10,1.5,0.1,-35.45040423324574,-36.72490001695912
2713,kexp,2.5,10,1.5,0.05,-35.358313855299656,-36.64159187995467
2714,kexp,2.5,10,1.5,0.01,-35.32877066017556,-36.61485592604856
2715,kexp,2.5,10,1.5,0,-35.32753892586396,-36.61374111875438
2716,kexp,2.5,25,0.5,0.5,-30.37324413018475,-30.897570234929557
2717,kexp,2.5,25,0.5,0.1,-27.713029806486464,-27.969911182382297
2718,kexp,2.5,25,0.5,0.05,-27.732084019348555,-27.92850495010565
2719,kexp,2.5,25,0.5,0.01,-27.742438808490874,-27.917348694751112
2720,kexp,2.5,25,0.5,0,-27.74291848274551,-27.916907522764554
2721,kexp,2.5,25,1,0.5,-34.98804260673,-35.895164780346704
2722,kexp,2.5,25,1,0.1,-31.92942120756062,-33.073951135728116
2723,kexp,2.5,25,1,0.05,-31.833762402295054,-32.98211119177013
2724,kexp,2.5,25,1,0.01,-31.803313747872746,-32.95274589515794
2725,kexp,2.5,25,1,0,-31.80204690471748,-32.951522652296376
2726,kexp,2.5,25,1.5,0.5,-38.68253921784749,-39.83421238040331
2727,kexp,2.5,25,1.5,0.1,-36.063413634350105,-37.523943462370276
2728,kexp,2.5,25,1.5,0.05,-35.97521713580816,-37.44632704463769
2729,kexp,2.5,25,1.5,0.01,-35.94692598191811,-37.42142283762966
2730,kexp,2.5,25,1.5,0,-35.94574647877902,-37.42038446221344
