model_no,k_name,l1,l2,b,meas_error,lppd_exact,lppd_LOPO
1,ksqexp,1,0.2,0.5,0.5,-37.752914067242756,-37.62602357891901
2,ksqexp,1,0.2,0.5,0.1,-318.36358068025424,-314.6129391111722
3,ksqexp,1,0.2,0.5,0.05,-1017.4537149181222,-989.4961290280796
4,ksqexp,1,0.2,0.5,0.01,-13696.392747413616,-13280.716093109117
5,ksqexp,1,0.2,0.5,0,-1911564.6263784522,-1919381.867887368
6,ksqexp,1,0.2,1,0.5,-37.30897169317891,-37.17128517165088
7,ksqexp,1,0.2,1,0.1,-282.3387088608311,-277.3612091514366
8,ksqexp,1,0.2,1,0.05,-888.8359018571394,-856.8116819490674
9,ksqexp,1,0.2,1,0.01,-12097.077787004435,-11794.774309510067
10,ksqexp,1,0.2,1,0,-955809.0295040077,-959717.9473984702
11,ksqexp,1,0.2,1.5,0.5,-37.525547822618904,-37.423609422983766
12,ksqexp,1,0.2,1.5,0.1,-263.55411699157156,-257.5588087246796
13,ksqexp,1,0.2,1.5,0.05,-817.0975588444898,-784.9865789691418
14,ksqexp,1,0.2,1.5,0.01,-11069.869315788479,-10822.179618183976
15,ksqexp,1,0.2,1.5,0,-637201.8001732014,-639807.9550003066
16,ksqexp,1,0.5,0.5,0.5,-36.78138427771838,-36.67313197717384
17,ksqexp,1,0.5,0.5,0.1,-185.7414308854607,-180.0816699739479
18,ksqexp,1,0.5,0.5,0.05,-525.7413691110123,-508.4168612238588
19,ksqexp,1,0.5,0.5,0.01,-2371.679070464894,-2296.8507182398344
20,ksqexp,1,0.5,0.5,0,-2373.0522942183693,-2276.8504359097637
21,ksqexp,1,0.5,1,0.5,-36.86660591587083,-36.7890992390523
22,ksqexp,1,0.5,1,0.1,-159.80108283420645,-154.878829157083
23,ksqexp,1,0.5,1,0.05,-429.15852607404827,-415.2695750319843
24,ksqexp,1,0.5,1,0.01,-1248.9967232729166,-1208.2913934921585
25,ksqexp,1,0.5,1,0,-1179.8953126710292,-1131.9950500144678
26,ksqexp,1,0.5,1.5,0.5,-37.59635837525678,-37.556450332075464
27,ksqexp,1,0.5,1.5,0.1,-147.63851646039586,-143.22007890025304
28,ksqexp,1,0.5,1.5,0.05,-371.2244523599217,-359.4196184782927
29,ksqexp,1,0.5,1.5,0.01,-838.0675300792935,-810.0099898099663
30,ksqexp,1,0.5,1.5,0,-784.9669771060499,-753.1672464054632
31,ksqexp,1,1,0.5,0.5,-36.666002844230704,-36.59943294022621
32,ksqexp,1,1,0.5,0.1,-94.41644557031948,-90.15163427869268
33,ksqexp,1,1,0.5,0.05,-156.60220291832286,-147.793522829059
34,ksqexp,1,1,0.5,0.01,-244.7752661986897,-231.46882804124144
35,ksqexp,1,1,0.5,0,-254.20713696206687,-240.5402527193639
36,ksqexp,1,1,1,0.5,-37.02752322214641,-37.03142912366666
37,ksqexp,1,1,1,0.1,-71.54459197953143,-68.50219710170396
38,ksqexp,1,1,1,0.05,-100.79735629534702,-95.77111530133325
39,ksqexp,1,1,1,0.01,-131.28950055640223,-124.81959190027112
40,ksqexp,1,1,1,0,-133.67447470610082,-127.11239356109674
41,ksqexp,1,1,1.5,0.5,-38.19448009759198,-38.254861813728034
42,ksqexp,1,1,1.5,0.1,-62.112776085281155,-59.81203206627157
43,ksqexp,1,1,1.5,0.05,-79.75405213758361,-76.31803692937682
44,ksqexp,1,1,1.5,0.01,-95.24223409712988,-91.08963522518721
45,ksqexp,1,1,1.5,0,-96.287577375894,-92.09376393054619
46,ksqexp,1,1.5,0.5,0.5,-36.64884252984512,-36.661612241585765
47,ksqexp,1,1.5,0.5,0.1,-62.39178077440119,-59.69500617547322
48,ksqexp,1,1.5,0.5,0.05,-86.01610912461018,-82.17120097124446
49,ksqexp,1,1.5,0.5,0.01,-108.834705985706,-104.41768177798389
50,ksqexp,1,1.5,0.5,0,-110.30796739630559,-105.86290458435417
51,ksqexp,1,1.5,1,0.5,-37.39156813933065,-37.50765952299186
52,ksqexp,1,1.5,1,0.1,-49.53120159279321,-48.2401884665883
53,ksqexp,1,1.5,1,0.05,-59.46131569818303,-57.818786841786284
54,ksqexp,1,1.5,1,0.01,-66.15646069119018,-64.3656832099357
55,ksqexp,1,1.5,1,0,-66.51461414800315,-64.71706797723945
56,ksqexp,1,1.5,1.5,0.5,-38.9371313642341,-39.1321439628812
57,ksqexp,1,1.5,1.5,0.1,-46.041489319127386,-45.35942738642534
58,ksqexp,1,1.5,1.5,0.05,-51.47092306518126,-50.62382891553012
59,ksqexp,1,1.5,1.5,0.01,-54.55403095911159,-53.64188330003626
60,ksqexp,1,1.5,1.5,0,-54.707486496909766,-53.792445873241256
61,ksqexp,1,2,0.5,0.5,-36.855336403958695,-36.958931448914676
62,ksqexp,1,2,0.5,0.1,-52.76944514292807,-51.39435534415466
63,ksqexp,1,2,0.5,0.05,-63.561632061240616,-61.80303128082269
64,ksqexp,1,2,0.5,0.01,-70.8202013704835,-68.9116276083582
65,ksqexp,1,2,0.5,0,-71.2098705912557,-69.29473954034329
66,ksqexp,1,2,1,0.5,-37.95712043642706,-38.2170574571873
67,ksqexp,1,2,1,0.1,-43.54404112600201,-43.28443485069846
68,ksqexp,1,2,1,0.05,-47.20183003081086,-46.853008143689905
69,ksqexp,1,2,1,0.01,-49.085108766556296,-48.704548890059804
70,ksqexp,1,2,1,0,-49.17557401031243,-48.79365818229524
71,ksqexp,1,2,1.5,0.5,-39.79361043833815,-40.17568526939063
72,ksqexp,1,2,1.5,0.1,-42.04593535627443,-42.219316470687296
73,ksqexp,1,2,1.5,0.05,-43.784347145804496,-43.92520590642738
74,ksqexp,1,2,1.5,0.01,-44.58451895694155,-44.71415105663994
75,ksqexp,1,2,1.5,0,-44.62146524960421,-44.750621162560655
76,ksqexp,1,2.5,0.5,0.5,-37.088555342182374,-37.29451692394262
77,ksqexp,1,2.5,0.5,0.1,-48.249619522567976,-47.62430865870553
78,ksqexp,1,2.5,0.5,0.05,-53.75656587238995,-52.94161177746702
79,ksqexp,1,2.5,0.5,0.01,-56.69748298120313,-55.81089179363777
80,ksqexp,1,2.5,0.5,0,-56.84120787751046,-55.95151061484389
81,ksqexp,1,2.5,1,0.5,-38.433049650687835,-38.83570147986224
82,ksqexp,1,2.5,1,0.1,-41.018731687566884,-41.300763544486
83,ksqexp,1,2.5,1,0.05,-42.552595404282236,-42.80311145771249
84,ksqexp,1,2.5,1,0.01,-43.23313668109829,-43.47251592372311
85,ksqexp,1,2.5,1,0,-43.264214914697824,-43.503119265918755
86,ksqexp,1,2.5,1.5,0.5,-40.45145226867041,-41.004649096501154
87,ksqexp,1,2.5,1.5,0.1,-40.63185145682257,-41.253830926438944
88,ksqexp,1,2.5,1.5,0.05,-41.25761588912724,-41.8745939944377
89,ksqexp,1,2.5,1.5,0.01,-41.517590340920364,-42.13277200534262
90,ksqexp,1,2.5,1.5,0,-41.52920736032161,-42.14431224950984
91,ksqexp,1,3,0.5,0.5,-37.355845312760174,-37.65782305361796
92,ksqexp,1,3,0.5,0.1,-45.92727478375949,-45.69215326543497
93,ksqexp,1,3,0.5,0.05,-49.116331822298754,-48.75372323871689
94,ksqexp,1,3,0.5,0.01,-50.590043657799974,-50.179486155911725
95,ksqexp,1,3,0.5,0,-50.65845180865715,-50.245815447973726
96,ksqexp,1,3,1,0.5,-38.813719143977806,-39.325260468668844
97,ksqexp,1,3,1,0.1,-39.89959115356004,-40.45847734673366
98,ksqexp,1,3,1,0.05,-40.63842540888035,-41.18412105336731
99,ksqexp,1,3,1,0.01,-40.93990371542381,-41.48079592479898
100,ksqexp,1,3,1,0,-40.953316773807984,-41.49400270436093
101,ksqexp,1,3,1.5,0.5,-40.923888868898274,-41.59497089200184
102,ksqexp,1,3,1.5,0.1,-40.160939129981884,-41.014359587729416
103,ksqexp,1,3,1.5,0.05,-40.40683459370504,-41.26408512841505
104,ksqexp,1,3,1.5,0.01,-40.50461918524651,-41.363031417573595
105,ksqexp,1,3,1.5,0,-40.508928528842915,-41.36738855647837
106,ksqexp,1,3.5,0.5,0.5,-37.631375915168135,-38.01235984728626
107,ksqexp,1,3.5,0.5,0.1,-44.773032503207475,-44.71248547107599
108,ksqexp,1,3.5,0.5,0.05,-46.86258360091349,-46.684832893621824
109,ksqexp,1,3.5,0.5,0.01,-47.742906463149005,-47.520396458207436
110,ksqexp,1,3.5,0.5,0,-47.78255415214614,-47.558092143260694
111,ksqexp,1,3.5,1,0.5,-39.12498938379745,-39.710724212117455
112,ksqexp,1,3.5,1,0.1,-39.44612103761085,-40.129783742753624
113,ksqexp,1,3.5,1,0.05,-39.85044536744468,-40.52407444094684
114,ksqexp,1,3.5,1,0.01,-40.00755097443928,-40.677336597595684
115,ksqexp,1,3.5,1,0,-40.014439991870326,-40.684058353068394
116,ksqexp,1,3.5,1.5,0.5,-41.274970807921186,-42.01867645246395
117,ksqexp,1,3.5,1.5,0.1,-40.07714614284277,-41.037590319029526
118,ksqexp,1,3.5,1.5,0.05,-40.17506325290186,-41.14097589494693
119,ksqexp,1,3.5,1.5,0.01,-40.214012379047816,-41.18158913776379
120,ksqexp,1,3.5,1.5,0,-40.2157253717983,-41.18337052302779
121,ksqexp,1,4,0.5,0.5,-37.878125003836736,-38.31788310087087
122,ksqexp,1,4,0.5,0.1,-44.16801404051216,-44.161352781580895
123,ksqexp,1,4,0.5,0.05,-45.68467114218025,-45.55067316208427
124,ksqexp,1,4,0.5,0.01,-46.28641782806705,-46.10327507730264
125,ksqexp,1,4,0.5,0,-46.31301986871505,-46.12772599340475
126,ksqexp,1,4,1,0.5,-39.37436872217501,-40.008097673368034
127,ksqexp,1,4,1,0.1,-39.27900094065513,-40.006501762186375
128,ksqexp,1,4,1,0.05,-39.52499989117314,-40.23984663903949
129,ksqexp,1,4,1,0.01,-39.617839133511204,-40.32782940650893
130,ksqexp,1,4,1,0,-39.621875802199845,-40.33165442196928
131,ksqexp,1,4,1.5,0.5,-41.54130192097113,-42.32814698829537
132,ksqexp,1,4,1.5,0.1,-40.13466635873846,-41.137090202429526
133,ksqexp,1,4,1.5,0.05,-40.16741524950934,-41.174235514842586
134,ksqexp,1,4,1.5,0.01,-40.18152159599016,-41.18960663012356
135,ksqexp,1,4,1.5,0,-40.182151213397766,-41.19028733153095
136,ksqexp,1,6,0.5,0.5,-38.41340819722207,-38.920925879711525
137,ksqexp,1,6,0.5,0.1,-43.07447415211064,-42.81303192932185
138,ksqexp,1,6,0.5,0.05,-43.85876161825319,-43.398402970599065
139,ksqexp,1,6,0.5,0.01,-44.14517900857736,-43.60845081746617
140,ksqexp,1,6,0.5,0,-44.1575382715627,-43.617470718535195
141,ksqexp,1,6,1,0.5,-39.91705638878314,-40.59670172079237
142,ksqexp,1,6,1,0.1,-39.21607776822547,-39.84001354575324
143,ksqexp,1,6,1,0.05,-39.28936565204471,-39.882082016034246
144,ksqexp,1,6,1,0.01,-39.3165196564219,-39.89784547808127
145,ksqexp,1,6,1,0,-39.31769306723032,-39.89852813814599
146,ksqexp,1,6,1.5,0.5,-42.13626408161436,-42.96343997491133
147,ksqexp,1,6,1.5,0.1,-40.531549671948625,-41.49113800916003
148,ksqexp,1,6,1.5,0.05,-40.503557654126226,-41.45956175579475
149,ksqexp,1,6,1.5,0.01,-40.49539911522478,-41.44993328646612
150,ksqexp,1,6,1.5,0,-40.49506809917483,-41.44953737807681
151,ksqexp,1,8,0.5,0.5,-38.59334134203674,-39.065368363868345
152,ksqexp,1,8,0.5,0.1,-42.70734891894722,-42.074107893873055
153,ksqexp,1,8,0.5,0.05,-43.36597454530968,-42.48351117077245
154,ksqexp,1,8,0.5,0.01,-43.605273687720576,-42.628197464172075
155,ksqexp,1,8,0.5,0,-43.615586561700695,-42.634385509642975
156,ksqexp,1,8,1,0.5,-40.171337361042426,-40.82337170231855
157,ksqexp,1,8,1,0.1,-39.396484342100116,-39.8578154259865
158,ksqexp,1,8,1,0.05,-39.45134165779617,-39.86894665963275
159,ksqexp,1,8,1,0.01,-39.4719291972181,-39.873862092699
160,ksqexp,1,8,1,0,-39.472821414155455,-39.87408203630969
161,ksqexp,1,8,1.5,0.5,-42.46268662070815,-43.27456381191556
162,ksqexp,1,8,1.5,0.1,-40.92075922881367,-41.795016661701375
163,ksqexp,1,8,1.5,0.05,-40.89157329139665,-41.75701860062923
164,ksqexp,1,8,1.5,0.01,-40.882909891337924,-41.745130003539586
165,ksqexp,1,8,1.5,0,-40.88255646503233,-41.74463764526339
166,ksqexp,1,10,0.5,0.5,-38.68165643749458,-39.11448429399288
167,ksqexp,1,10,0.5,0.1,-42.573249226649466,-41.68250411189418
168,ksqexp,1,10,0.5,0.05,-43.19671994515651,-42.029641472259804
169,ksqexp,1,10,0.5,0.01,-43.42357037078999,-42.152258688418584
170,ksqexp,1,10,0.5,0,-43.43335091001773,-42.15750261246964
171,ksqexp,1,10,1,0.5,-40.33908218268471,-40.96573007418173
172,ksqexp,1,10,1,0.1,-39.57701827651726,-39.933635551743244
173,ksqexp,1,10,1,0.05,-39.629788290871744,-39.93623380611397
174,ksqexp,1,10,1,0.01,-39.649631885963146,-39.9382231749132
175,ksqexp,1,10,1,0,-39.65049226944198,-39.93831904125858
176,ksqexp,1,10,1.5,0.5,-42.691056230300724,-43.49141466366169
177,ksqexp,1,10,1.5,0.1,-41.21531684297128,-42.04002255396312
178,ksqexp,1,10,1.5,0.05,-41.18844126303442,-42.0017537670623
179,ksqexp,1,10,1.5,0.01,-41.18051869918892,-41.98974564918344
180,ksqexp,1,10,1.5,0,-41.1801961559764,-41.98924795092124
181,ksqexp,1,25,0.5,0.5,-38.84594148533989,-39.18619844225686
182,ksqexp,1,25,0.5,0.1,-42.2918226618392,-41.11064423567337
183,ksqexp,1,25,0.5,0.05,-42.84998114970331,-41.37776202626383
184,ksqexp,1,25,0.5,0.01,-43.0538610966589,-41.472410651597244
185,ksqexp,1,25,0.5,0,-43.06266108727916,-41.476462464417594
186,ksqexp,1,25,1,0.5,-40.641667003200986,-41.22691375310624
187,ksqexp,1,25,1,0.1,-39.8211039907635,-40.09142543976559
188,ksqexp,1,25,1,0.05,-39.86458893297806,-40.08215112353489
189,ksqexp,1,25,1,0.01,-39.88125344850512,-40.08010241067356
190,ksqexp,1,25,1,0,-39.881979092345034,-40.0800274050162
191,ksqexp,1,25,1.5,0.5,-43.08848970466225,-43.883694280291664
192,ksqexp,1,25,1.5,0.1,-41.6484230106999,-42.457704419126365
193,ksqexp,1,25,1.5,0.05,-41.62091161363276,-42.418182850956406
194,ksqexp,1,25,1.5,0.01,-41.61274184587122,-42.405722896898524
195,ksqexp,1,25,1.5,0,-41.61240852742823,-42.40520581861732
196,ksqexp,1.25,0.2,0.5,0.5,-38.4105715525385,-38.34102364589609
197,ksqexp,1.25,0.2,0.5,0.1,-365.83513468198595,-357.7016785230297
198,ksqexp,1.25,0.2,0.5,0.05,-1238.0202778653002,-1200.981371863513
199,ksqexp,1.25,0.2,0.5,0.01,-20677.706175534822,-18956.092542257185
200,ksqexp,1.25,0.2,0.5,0,-12171034.26324042,-12186683.594248809
201,ksqexp,1.25,0.2,1,0.5,-37.40110918395877,-37.270870139021724
202,ksqexp,1.25,0.2,1,0.1,-330.25170814364947,-322.95483030454375
203,ksqexp,1.25,0.2,1,0.05,-1137.3111879206574,-1089.5172142627669
204,ksqexp,1.25,0.2,1,0.01,-18081.549178357665,-16566.531348976874
205,ksqexp,1.25,0.2,1,0,-6087665.032520331,-6095483.442174006
206,ksqexp,1.25,0.2,1.5,0.5,-37.30949680364594,-37.15983027574295
207,ksqexp,1.25,0.2,1.5,0.1,-312.4674987027117,-304.53425345294784
208,ksqexp,1.25,0.2,1.5,0.05,-1088.5204894118424,-1034.1722475515332
209,ksqexp,1.25,0.2,1.5,0.01,-16654.900442033195,-15293.42543733999
210,ksqexp,1.25,0.2,1.5,0,-4058906.504926535,-4064117.664947891
211,ksqexp,1.25,0.5,0.5,0.5,-37.45667270140738,-37.3576407675796
212,ksqexp,1.25,0.5,0.5,0.1,-266.48940742964754,-251.62945873769792
213,ksqexp,1.25,0.5,0.5,0.05,-859.0556931121278,-809.7268127748512
214,ksqexp,1.25,0.5,0.5,0.01,-7389.8298885810245,-6904.516786558229
215,ksqexp,1.25,0.5,0.5,0,-11093.118166205191,-10077.125387521699
216,ksqexp,1.25,0.5,1,0.5,-37.08635627137262,-36.93342600288423
217,ksqexp,1.25,0.5,1,0.1,-239.1090337565555,-225.66416242095556
218,ksqexp,1.25,0.5,1,0.05,-752.855256059718,-709.4239117502024
219,ksqexp,1.25,0.5,1,0.01,-4576.561785977572,-4277.454432766542
220,ksqexp,1.25,0.5,1,0,-5531.451529819085,-5023.888027349735
221,ksqexp,1.25,0.5,1.5,0.5,-37.52606862624591,-37.35264754391084
222,ksqexp,1.25,0.5,1.5,0.1,-225.84998381245404,-213.34789791022732
223,ksqexp,1.25,0.5,1.5,0.05,-688.1305554750909,-647.6666717090756
224,ksqexp,1.25,0.5,1.5,0.01,-3303.9779998810486,-3087.3831144400838
225,ksqexp,1.25,0.5,1.5,0,-3680.353248082031,-3342.2661887879435
226,ksqexp,1.25,1,0.5,0.5,-37.984687685572005,-37.81780131472734
227,ksqexp,1.25,1,0.5,0.1,-173.25356828946374,-163.81977896882347
228,ksqexp,1.25,1,0.5,0.05,-374.0400111770109,-347.19643461487647
229,ksqexp,1.25,1,0.5,0.01,-709.1774832599302,-646.6584485128319
230,ksqexp,1.25,1,0.5,0,-752.4367071457242,-685.8039047514075
231,ksqexp,1.25,1,1,0.5,-38.18832985660416,-38.019622196393954
232,ksqexp,1.25,1,1,0.1,-136.99189382804443,-129.1471858784357
233,ksqexp,1.25,1,1,0.05,-246.05680514835677,-227.24800828084594
234,ksqexp,1.25,1,1,0.01,-365.2969682115751,-333.49995255430633
235,ksqexp,1.25,1,1,0,-376.8839728662024,-343.9981310630969
236,ksqexp,1.25,1,1.5,0.5,-39.04018893511203,-38.91369488936854
237,ksqexp,1.25,1,1.5,0.1,-117.80178932288511,-110.92618370086792
238,ksqexp,1.25,1,1.5,0.05,-187.42539521813777,-173.09823268008233
239,ksqexp,1.25,1,1.5,0.01,-249.26394531259294,-228.12140130644892
240,ksqexp,1.25,1,1.5,0,-254.49038481306172,-232.8535298788922
241,ksqexp,1.25,1.5,0.5,0.5,-37.826637685721884,-37.74347781523256
242,ksqexp,1.25,1.5,0.5,0.1,-103.82771981570188,-96.09279183759455
243,ksqexp,1.25,1.5,0.5,0.05,-163.1883839986223,-149.00796126318434
244,ksqexp,1.25,1.5,0.5,0.01,-238.6348282529103,-219.38557612039355
245,ksqexp,1.25,1.5,0.5,0,-244.86971384712294,-225.30740941014386
246,ksqexp,1.25,1.5,1,0.5,-38.128503215211694,-38.12522118541792
247,ksqexp,1.25,1.5,1,0.1,-75.34855090105276,-70.35481213663722
248,ksqexp,1.25,1.5,1,0.05,-103.16509807383856,-95.60143509402945
249,ksqexp,1.25,1.5,1,0.01,-127.87327603317226,-118.81909824680554
250,ksqexp,1.25,1.5,1,0,-129.4308070803755,-120.29823136695227
251,ksqexp,1.25,1.5,1.5,0.5,-39.16738794670417,-39.250703246090744
252,ksqexp,1.25,1.5,1.5,0.1,-64.27939899163873,-60.74668908042084
253,ksqexp,1.25,1.5,1.5,0.05,-80.92669044587761,-76.0083362986935
254,ksqexp,1.25,1.5,1.5,0.01,-93.0594848884328,-87.43812661581762
255,ksqexp,1.25,1.5,1.5,0,-93.74182825084044,-88.0858287789619
256,ksqexp,1.25,2,0.5,0.5,-37.66347463684748,-37.666595106009474
257,ksqexp,1.25,2,0.5,0.1,-79.48780115826987,-73.33957615442489
258,ksqexp,1.25,2,0.5,0.05,-109.24539516704922,-99.82552998158165
259,ksqexp,1.25,2,0.5,0.01,-134.58683517924106,-123.38455907324358
260,ksqexp,1.25,2,0.5,0,-136.15163968148042,-124.86163903278319
261,ksqexp,1.25,2,1,0.5,-38.19349673812788,-38.33816012275864
262,ksqexp,1.25,2,1,0.1,-58.681762038894945,-55.488250208170946
263,ksqexp,1.25,2,1,0.05,-70.42985669872483,-66.17496675338897
264,ksqexp,1.25,2,1,0.01,-77.72121486700793,-73.0033796637975
265,ksqexp,1.25,2,1,0,-78.10142766632299,-73.36250003823507
266,ksqexp,1.25,2,1.5,0.5,-39.48593549909289,-39.76437354425254
267,ksqexp,1.25,2,1.5,0.1,-51.794107652517575,-49.95657882055354
268,ksqexp,1.25,2,1.5,0.05,-58.04516218973443,-55.701382999642924
269,ksqexp,1.25,2,1.5,0.01,-61.37906346039689,-58.83280417041151
270,ksqexp,1.25,2,1.5,0,-61.54201375950841,-58.98677713839272
271,ksqexp,1.25,2.5,0.5,0.5,-37.58552022003026,-37.67413391747131
272,ksqexp,1.25,2.5,0.5,0.1,-68.48544255506908,-63.56472102287245
273,ksqexp,1.25,2.5,0.5,0.05,-85.29881768199196,-78.09914820647167
274,ksqexp,1.25,2.5,0.5,0.01,-95.8898473130381,-87.52987126189778
275,ksqexp,1.25,2.5,0.5,0,-96.44939329342954,-88.03384331497678
276,ksqexp,1.25,2.5,1,0.5,-38.39695049927393,-38.69380690841166
277,ksqexp,1.25,2.5,1,0.1,-51.54713141802028,-49.44981353487663
278,ksqexp,1.25,2.5,1,0.05,-57.12937893515841,-54.344879299437324
279,ksqexp,1.25,2.5,1,0.01,-59.88570762797923,-56.813131675475894
280,ksqexp,1.25,2.5,1,0,-60.016859452030545,-56.931345349941495
281,ksqexp,1.25,2.5,1.5,0.5,-39.92717522885258,-40.4126127127185
282,ksqexp,1.25,2.5,1.5,0.1,-46.77014970072722,-45.89813100251315
283,ksqexp,1.25,2.5,1.5,0.05,-49.42687241208605,-48.244293869085816
284,ksqexp,1.25,2.5,1.5,0.01,-50.60916206578396,-49.305639603318916
285,ksqexp,1.25,2.5,1.5,0,-50.663338270970925,-49.354502794403075
286,ksqexp,1.25,3,0.5,0.5,-37.59678087028253,-37.77550034512028
287,ksqexp,1.25,3,0.5,0.1,-61.88144322843622,-57.894241632991886
288,ksqexp,1.25,3,0.5,0.05,-72.36733573288699,-66.60654561513178
289,ksqexp,1.25,3,0.5,0.01,-77.86231779462383,-71.22741610726736
290,ksqexp,1.25,3,0.5,0,-78.13010545661437,-71.45386562325699
291,ksqexp,1.25,3,1,0.5,-38.63518671744286,-39.075062147836526
292,ksqexp,1.25,3,1,0.1,-47.59749265456986,-46.26077813625742
293,ksqexp,1.25,3,1,0.05,-50.64473278489639,-48.80158887257792
294,ksqexp,1.25,3,1,0.01,-51.96848740058383,-49.91668539733941
295,ksqexp,1.25,3,1,0,-52.0286867988305,-49.96756985406811
296,ksqexp,1.25,3,1.5,0.5,-40.334409296728936,-41.00409801098817
297,ksqexp,1.25,3,1.5,0.1,-44.2426836711607,-44.02533614050486
298,ksqexp,1.25,3,1.5,0.05,-45.56195662970685,-45.126894743971704
299,ksqexp,1.25,3,1.5,0.01,-46.09518505894335,-45.57612063107522
300,ksqexp,1.25,3,1.5,0,-46.11887067931619,-45.59612803080295
301,ksqexp,1.25,3.5,0.5,0.5,-37.700536473046476,-37.967283870004856
302,ksqexp,1.25,3.5,0.5,0.1,-57.911460426638506,-54.48081301146592
303,ksqexp,1.25,3.5,0.5,0.05,-65.18318219253182,-60.22802105559965
304,ksqexp,1.25,3.5,0.5,0.01,-68.60491610953096,-62.914419089321896
305,ksqexp,1.25,3.5,0.5,0,-68.76490079066004,-63.039900692152685
306,ksqexp,1.25,3.5,1,0.5,-38.87644889732362,-39.43195271313557
307,ksqexp,1.25,3.5,1,0.1,-45.414660637121045,-44.52345851094946
308,ksqexp,1.25,3.5,1,0.05,-47.32870516494253,-46.01994083774707
309,ksqexp,1.25,3.5,1,0.01,-48.104269177776274,-46.62533462223153
310,ksqexp,1.25,3.5,1,0,-48.138753292942184,-46.65224919467677
311,ksqexp,1.25,3.5,1.5,0.5,-40.67761903868663,-41.48436333944611
312,ksqexp,1.25,3.5,1.5,0.1,-42.98431375858664,-43.15168814399378
313,ksqexp,1.25,3.5,1.5,0.05,-43.74760015658865,-43.74288512831447
314,ksqexp,1.25,3.5,1.5,0.01,-44.04118188661194,-43.970397817931286
315,ksqexp,1.25,3.5,1.5,0,-44.05402756024361,-43.980355462102146
316,ksqexp,1.25,4,0.5,0.5,-37.86253895024533,-38.207841535279975
317,ksqexp,1.25,4,0.5,0.1,-55.73995853297369,-52.54399942319804
318,ksqexp,1.25,4,0.5,0.05,-61.389383308914546,-56.7483806798004
319,ksqexp,1.25,4,0.5,0.01,-63.897946629566235,-58.5679845289226
320,ksqexp,1.25,4,0.5,0,-64.01290071819615,-58.650736515503546
321,ksqexp,1.25,4,1,0.5,-39.108658834653625,-39.74902276783477
322,ksqexp,1.25,4,1,0.1,-44.341668871830166,-43.649233474999775
323,ksqexp,1.25,4,1,0.05,-45.735339113637245,-44.655323327346075
324,ksqexp,1.25,4,1,0.01,-46.28055182412794,-45.043506815186554
325,ksqexp,1.25,4,1,0,-46.304537056150835,-45.06051939082997
326,ksqexp,1.25,4,1.5,0.5,-40.96733790218662,-41.86561855200509
327,ksqexp,1.25,4,1.5,0.1,-42.465248889687835,-42.812698434651686
328,ksqexp,1.25,4,1.5,0.05,-42.9876112950986,-43.17876722869173
329,ksqexp,1.25,4,1.5,0.01,-43.18387667398918,-43.31518828279126
330,ksqexp,1.25,4,1.5,0,-43.192405935397,-43.32110378257424
331,ksqexp,1.25,6,0.5,0.5,-38.47523344488257,-38.993566033453085
332,ksqexp,1.25,6,0.5,0.1,-53.30854975319985,-49.78127125305663
333,ksqexp,1.25,6,0.5,0.05,-57.194683108369645,-52.06885687091725
334,ksqexp,1.25,6,0.5,0.01,-58.84278879826717,-52.97421907800265
335,ksqexp,1.25,6,0.5,0,-58.917302514403204,-53.01428929444367
336,ksqexp,1.25,6,1,0.5,-39.76767832527017,-40.546759829319086
337,ksqexp,1.25,6,1,0.1,-43.54872597592858,-42.74075442457859
338,ksqexp,1.25,6,1,0.05,-44.45119965959292,-43.2179858572393
339,ksqexp,1.25,6,1,0.01,-44.79608360446364,-43.39350954128684
340,ksqexp,1.25,6,1,0,-44.81115887258359,-43.40109976128868
341,ksqexp,1.25,6,1.5,0.5,-41.701626172428206,-42.726448757601304
342,ksqexp,1.25,6,1.5,0.1,-42.45884279033796,-42.78577908948815
343,ksqexp,1.25,6,1.5,0.05,-42.77666683191101,-42.931892324993456
344,ksqexp,1.25,6,1.5,0.01,-42.89465699563998,-42.98506946220977
345,ksqexp,1.25,6,1.5,0,-42.89976775862231,-42.98736001692579
346,ksqexp,1.25,8,0.5,0.5,-38.73663546425783,-39.25858894325202
347,ksqexp,1.25,8,0.5,0.1,-52.34320824854326,-48.18496103315564
348,ksqexp,1.25,8,0.5,0.05,-55.87324696690151,-49.95908633336243
349,ksqexp,1.25,8,0.5,0.01,-57.380685590803964,-50.661826946869844
350,ksqexp,1.25,8,0.5,0,-57.44899980279905,-50.692969363729695
351,ksqexp,1.25,8,1,0.5,-40.052135199078386,-40.82693422734477
352,ksqexp,1.25,8,1,0.1,-43.414773370573606,-42.29956096368433
353,ksqexp,1.25,8,1,0.05,-44.24128667264407,-42.658492713535104
354,ksqexp,1.25,8,1,0.01,-44.558744197445286,-42.791453985097434
355,ksqexp,1.25,8,1,0,-44.57264041034665,-42.79721607414393
356,ksqexp,1.25,8,1.5,0.5,-42.03533778991707,-43.059735243896256
357,ksqexp,1.25,8,1.5,0.1,-42.66283515055854,-42.81228791741041
358,ksqexp,1.25,8,1.5,0.05,-42.956832015301764,-42.915953349927776
359,ksqexp,1.25,8,1.5,0.01,-43.06642522018846,-42.95429670582395
360,ksqexp,1.25,8,1.5,0,-43.071177379516314,-42.95595507764921
361,ksqexp,1.25,10,0.5,0.5,-38.84235854854182,-39.32496016853864
362,ksqexp,1.25,10,0.5,0.1,-51.535243127594555,-46.994882835997004
363,ksqexp,1.25,10,0.5,0.05,-54.869413935599574,-48.515188035934486
364,ksqexp,1.25,10,0.5,0.01,-56.30340864671214,-49.122803367775305
365,ksqexp,1.25,10,0.5,0,-56.36853335609605,-49.149814369557646
366,ksqexp,1.25,10,1,0.5,-40.20227971078853,-40.95149578512954
367,ksqexp,1.25,10,1,0.1,-43.25213137862312,-41.97633106390874
368,ksqexp,1.25,10,1,0.05,-44.036537514699006,-42.278778668411015
369,ksqexp,1.25,10,1,0.01,-44.33925572390616,-42.391988966390414
370,ksqexp,1.25,10,1,0,-44.35252351996098,-42.39690912285492
371,ksqexp,1.25,10,1.5,0.5,-42.235019157364626,-43.24976976578661
372,ksqexp,1.25,10,1.5,0.1,-42.74852192979196,-42.8199511463091
373,ksqexp,1.25,10,1.5,0.05,-43.02851118331462,-42.90370337903781
374,ksqexp,1.25,10,1.5,0.01,-43.133295494641054,-42.935228154330076
375,ksqexp,1.25,10,1.5,0,-43.137843674574064,-42.93659747399333
376,ksqexp,1.25,25,0.5,0.5,-38.83763282099057,-39.21744483256941
377,ksqexp,1.25,25,0.5,0.1,-47.6260187320636,-43.5346217720784
378,ksqexp,1.25,25,0.5,0.05,-50.25335224594687,-44.49640642797805
379,ksqexp,1.25,25,0.5,0.01,-51.42655943702418,-44.899421389946326
380,ksqexp,1.25,25,0.5,0,-51.48040563791515,-44.91760019587141
381,ksqexp,1.25,25,1,0.5,-40.31570791319541,-41.086689837531026
382,ksqexp,1.25,25,1,0.1,-41.728723908517715,-40.85130829044576
383,ksqexp,1.25,25,1,0.05,-42.3376127856422,-41.0216656601402
384,ksqexp,1.25,25,1,0.01,-42.57970543241323,-41.089341101442514
385,ksqexp,1.25,25,1,0,-42.59039708216592,-41.09232735420723
386,ksqexp,1.25,25,1.5,0.5,-42.474013284649295,-43.58795218245462
387,ksqexp,1.25,25,1.5,0.1,-42.126553131206364,-42.5610570144708
388,ksqexp,1.25,25,1.5,0.05,-42.33394569978746,-42.593183712831404
389,ksqexp,1.25,25,1.5,0.01,-42.414205565603154,-42.607261026566206
390,ksqexp,1.25,25,1.5,0,-42.417717663587915,-42.60789317370286
391,ksqexp,1.5,0.2,0.5,0.5,-39.35575145487281,-39.34939566450438
392,ksqexp,1.5,0.2,0.5,0.1,-415.2781737387283,-400.09755518889506
393,ksqexp,1.5,0.2,0.5,0.05,-1459.8937045559735,-1394.9266200386323
394,ksqexp,1.5,0.2,0.5,0.01,-28475.271404077183,-25979.18428984944
395,ksqexp,1.5,0.2,0.5,0,-54556925.37543444,-54441335.02859337
396,ksqexp,1.5,0.2,1,0.5,-37.65598807834521,-37.63307248470773
397,ksqexp,1.5,0.2,1,0.1,-383.6922999615862,-367.98395715442575
398,ksqexp,1.5,0.2,1,0.05,-1338.2253751987776,-1271.6405326707982
399,ksqexp,1.5,0.2,1,0.01,-26935.366495460206,-24127.37563361022
400,ksqexp,1.5,0.2,1,0,-27320959.95004488,-27262898.151328593
401,ksqexp,1.5,0.2,1.5,0.5,-37.178897799729754,-37.1449963600697
402,ksqexp,1.5,0.2,1.5,0.1,-365.44107322553435,-349.75499122997655
403,ksqexp,1.5,0.2,1.5,0.05,-1279.33413069977,-1210.2096258093222
404,ksqexp,1.5,0.2,1.5,0.01,-25773.96648477328,-22836.97959156511
405,ksqexp,1.5,0.2,1.5,0,-18223413.81546485,-18184646.905600846
406,ksqexp,1.5,0.5,0.5,0.5,-38.229336657244595,-38.20372347901303
407,ksqexp,1.5,0.5,0.5,0.1,-347.8461328037983,-317.8552677991928
408,ksqexp,1.5,0.5,0.5,0.05,-1187.8312026168273,-1080.5364354564385
409,ksqexp,1.5,0.5,0.5,0.01,-16949.426190874383,-15380.68058555241
410,ksqexp,1.5,0.5,0.5,0,-53651.62268979171,-45821.0940765183
411,ksqexp,1.5,0.5,1,0.5,-37.260424084231396,-37.177428609538374
412,ksqexp,1.5,0.5,1,0.1,-319.0692409370123,-289.4263179211559
413,ksqexp,1.5,0.5,1,0.05,-1093.1054802385156,-1002.7528370186327
414,ksqexp,1.5,0.5,1,0.01,-12573.375704755992,-11311.76153980659
415,ksqexp,1.5,0.5,1,0,-26802.056542768467,-22887.512122889202
416,ksqexp,1.5,0.5,1.5,0.5,-37.34444040453209,-37.20381275184393
417,ksqexp,1.5,0.5,1.5,0.1,-303.5065096026437,-275.6970047780856
418,ksqexp,1.5,0.5,1.5,0.05,-1042.427027443252,-960.3523969983871
419,ksqexp,1.5,0.5,1.5,0.01,-10041.992438447918,-9003.953162998232
420,ksqexp,1.5,0.5,1.5,0,-17854.987980696154,-15245.772527729214
421,ksqexp,1.5,1,0.5,0.5,-38.77224343311369,-38.59064176718588
422,ksqexp,1.5,1,0.5,0.1,-272.2661215053537,-253.0450350123851
423,ksqexp,1.5,1,0.5,0.05,-751.3688587356269,-695.4179288676969
424,ksqexp,1.5,1,0.5,0.01,-2355.684472748554,-2090.760054692636
425,ksqexp,1.5,1,0.5,0,-2603.343967989636,-2306.1270642128006
426,ksqexp,1.5,1,1,0.5,-38.83341621070883,-38.56507472070567
427,ksqexp,1.5,1,1,0.1,-231.9593752937166,-216.55553976244607
428,ksqexp,1.5,1,1,0.05,-572.3616578887047,-523.8536245198874
429,ksqexp,1.5,1,1,0.01,-1229.3886339067285,-1089.5632988678988
430,ksqexp,1.5,1,1,0,-1295.8560990685,-1147.8485923539783
431,ksqexp,1.5,1,1.5,0.5,-39.59347736397286,-39.293580036497204
432,ksqexp,1.5,1,1.5,0.1,-209.49953366826728,-195.55175174803838
433,ksqexp,1.5,1,1.5,0.05,-468.3468144396038,-425.7228946533954
434,ksqexp,1.5,1,1.5,0.01,-832.4144723613022,-737.7835695753857
435,ksqexp,1.5,1,1.5,0,-862.8174658342367,-764.5464248432854
436,ksqexp,1.5,1.5,0.5,0.5,-39.12217025068803,-38.98170881025187
437,ksqexp,1.5,1.5,0.5,0.1,-183.76336295693497,-166.77953628940944
438,ksqexp,1.5,1.5,0.5,0.05,-346.9151507914832,-307.37196334777553
439,ksqexp,1.5,1.5,0.5,0.01,-597.5775662884995,-528.2150498803547
440,ksqexp,1.5,1.5,0.5,0,-624.3336243913851,-552.5099706919758
441,ksqexp,1.5,1.5,1,0.5,-39.25363202094945,-39.12634490162853
442,ksqexp,1.5,1.5,1,0.1,-136.11470440074734,-123.15415933007556
443,ksqexp,1.5,1.5,1,0.05,-218.32144959233003,-193.75995104659754
444,ksqexp,1.5,1.5,1,0.01,-307.3113650635131,-272.89958687949746
445,ksqexp,1.5,1.5,1,0,-314.1614989916816,-279.12104620744924
446,ksqexp,1.5,1.5,1.5,0.5,-40.07780091231061,-39.98858322024609
447,ksqexp,1.5,1.5,1.5,0.1,-112.77519749438628,-102.31854460756529
448,ksqexp,1.5,1.5,1.5,0.05,-164.46702449718546,-146.88282871679803
449,ksqexp,1.5,1.5,1.5,0.01,-210.51545489909944,-188.01706895653396
450,ksqexp,1.5,1.5,1.5,0,-213.56144725952933,-190.7820614499011
451,ksqexp,1.5,2,0.5,0.5,-38.89266229416448,-38.84106618527721
452,ksqexp,1.5,2,0.5,0.1,-135.01132500492378,-118.6507442906836
453,ksqexp,1.5,2,0.5,0.05,-220.74345741651035,-188.5898132024123
454,ksqexp,1.5,2,0.5,0.01,-314.22942198047565,-268.2321483990069
455,ksqexp,1.5,2,0.5,0,-321.0962097726084,-274.25351622922796
456,ksqexp,1.5,2,1,0.5,-39.093729814318465,-39.11274043194403
457,ksqexp,1.5,2,1,0.1,-96.83858344398277,-85.66714638650903
458,ksqexp,1.5,2,1,0.05,-135.31352928043438,-117.43127885093395
459,ksqexp,1.5,2,1,0.01,-164.72272381590616,-142.7566484719766
460,ksqexp,1.5,2,1,0,-166.43557620600998,-144.25892343641542
461,ksqexp,1.5,2,1.5,0.5,-40.05700337417085,-40.15135134197235
462,ksqexp,1.5,2,1.5,0.1,-80.43567166053502,-72.19987206526642
463,ksqexp,1.5,2,1.5,0.05,-102.7350287425704,-90.7890394874806
464,ksqexp,1.5,2,1.5,0.01,-116.92121748422348,-103.05922675581292
465,ksqexp,1.5,2,1.5,0,-117.67268844253948,-103.718049265176
466,ksqexp,1.5,2.5,0.5,0.5,-38.568390543335425,-38.59706668394296
467,ksqexp,1.5,2.5,0.5,0.1,-112.60264469317605,-97.40934732349336
468,ksqexp,1.5,2.5,0.5,0.05,-168.5443590550933,-140.40139165004035
469,ksqexp,1.5,2.5,0.5,0.01,-212.83909890907668,-174.7869158821668
470,ksqexp,1.5,2.5,0.5,0,-215.45170507178068,-176.84007165974376
471,ksqexp,1.5,2.5,1,0.5,-38.94770224268416,-39.105917472373925
472,ksqexp,1.5,2.5,1,0.1,-80.75642377747383,-71.07797025966059
473,ksqexp,1.5,2.5,1,0.05,-102.63864320043122,-87.84100755157517
474,ksqexp,1.5,2.5,1,0.01,-115.27259354485682,-97.67144771606237
475,ksqexp,1.5,2.5,1,0,-115.91207789698262,-98.1731934257972
476,ksqexp,1.5,2.5,1.5,0.5,-40.11064207747807,-40.39941244305828
477,ksqexp,1.5,2.5,1.5,0.1,-67.87345975498485,-61.14797013604023
478,ksqexp,1.5,2.5,1.5,0.05,-79.4590217643845,-70.0222700865023
479,ksqexp,1.5,2.5,1.5,0.01,-85.24637385694501,-74.52505233622304
480,ksqexp,1.5,2.5,1.5,0,-85.52285893575782,-74.74155744550015
481,ksqexp,1.5,3,0.5,0.5,-38.28351798841875,-38.389378783339616
482,ksqexp,1.5,3,0.5,0.1,-98.56298512896078,-84.91050553673657
483,ksqexp,1.5,3,0.5,0.05,-137.07518860710022,-112.73715123719984
484,ksqexp,1.5,3,0.5,0.01,-162.51294354258755,-130.52041438537472
485,ksqexp,1.5,3,0.5,0,-163.87688776778273,-131.46486462625398
486,ksqexp,1.5,3,1,0.5,-38.90431027299585,-39.203604324377736
487,ksqexp,1.5,3,1,0.1,-70.8011626613952,-62.676610130732165
488,ksqexp,1.5,3,1,0.05,-84.47837831292809,-72.3082882872575
489,ksqexp,1.5,3,1,0.01,-91.35388056703184,-77.06610341264441
490,ksqexp,1.5,3,1,0,-91.68277982657516,-77.2926702215618
491,ksqexp,1.5,3,1.5,0.5,-40.27221958375301,-40.76126702715276
492,ksqexp,1.5,3,1.5,0.1,-60.37892722914168,-55.084671092372105
493,ksqexp,1.5,3,1.5,0.05,-67.21333811769382,-59.83110240335215
494,ksqexp,1.5,3,1.5,0.01,-70.268522197319,-61.92987247510428
495,ksqexp,1.5,3,1.5,0,-70.40873394465451,-62.02592885229914
496,ksqexp,1.5,3.5,0.5,0.5,-38.12058585510424,-38.305564282336896
497,ksqexp,1.5,3.5,0.5,0.1,-88.69958200002627,-76.48042435096922
498,ksqexp,1.5,3.5,0.5,0.05,-116.66766775945246,-95.49344451494152
499,ksqexp,1.5,3.5,0.5,0.01,-133.41798089051656,-106.10755599165378
500,ksqexp,1.5,3.5,0.5,0,-134.28026465375788,-106.63954822875571
501,ksqexp,1.5,3.5,1,0.5,-38.965981154068835,-39.39766673380629
502,ksqexp,1.5,3.5,1,0.1,-64.08608507428474,-57.2865925092037
503,ksqexp,1.5,3.5,1,0.05,-73.40842199275589,-63.33156399623719
504,ksqexp,1.5,3.5,1,0.01,-77.79772116452018,-66.05291727518453
505,ksqexp,1.5,3.5,1,0,-78.00301165385453,-66.178377402612
506,ksqexp,1.5,3.5,1.5,0.5,-40.496524246120465,-41.165531759065715
507,ksqexp,1.5,3.5,1.5,0.1,-55.54914602520315,-51.43049472934883
508,ksqexp,1.5,3.5,1.5,0.05,-60.03721575960574,-54.26238600337702
509,ksqexp,1.5,3.5,1.5,0.01,-61.94822394139372,-55.42973415018302
510,ksqexp,1.5,3.5,1.5,0,-62.034584086280134,-55.48197722667643
511,ksqexp,1.5,4,0.5,0.5,-38.08631095974878,-38.35029512872307
512,ksqexp,1.5,4,0.5,0.1,-82.08970438694054,-70.8285577015818
513,ksqexp,1.5,4,0.5,0.05,-103.99273182397222,-84.78732546798352
514,ksqexp,1.5,4,0.5,0.01,-116.4825743665536,-91.98300280642242
515,ksqexp,1.5,4,0.5,0,-117.11478655636509,-92.33330968279502
516,ksqexp,1.5,4,1,0.5,-39.093183540666956,-39.63755196866145
517,ksqexp,1.5,4,1,0.1,-59.836361911773146,-53.89302579847655
518,ksqexp,1.5,4,1,0.05,-66.86378823372942,-58.08015079884205
519,ksqexp,1.5,4,1,0.01,-70.07845654907167,-59.873615558415956
520,ksqexp,1.5,4,1,0,-70.22750563394324,-59.95502530536086
521,ksqexp,1.5,4,1.5,0.5,-40.732426738217264,-41.54437958313633
522,ksqexp,1.5,4,1.5,0.1,-52.6403162556136,-49.274043310934495
523,ksqexp,1.5,4,1.5,0.05,-55.946612574751484,-51.166623793800284
524,ksqexp,1.5,4,1.5,0.01,-57.327036682538235,-51.91957168889089
525,ksqexp,1.5,4,1.5,0,-57.38906875912857,-51.952920612539785
526,ksqexp,1.5,6,0.5,0.5,-38.48833767879247,-38.99130987909827
527,ksqexp,1.5,6,0.5,0.1,-73.25798379269453,-62.51519315126807
528,ksqexp,1.5,6,0.5,0.05,-88.36881234703665,-70.34882833607735
529,ksqexp,1.5,6,0.5,0.01,-96.74305047823408,-74.11160168374285
530,ksqexp,1.5,6,0.5,0,-97.16374423623219,-74.29136745602159
531,ksqexp,1.5,6,1,0.5,-39.69989156654465,-40.4862941686378
532,ksqexp,1.5,6,1,0.1,-54.87707132168291,-49.548469948675475
533,ksqexp,1.5,6,1,0.05,-59.58664751515504,-51.750051732398006
534,ksqexp,1.5,6,1,0.01,-61.71332017489755,-52.6608720121388
535,ksqexp,1.5,6,1,0,-61.811588453055116,-52.70185958764575
536,ksqexp,1.5,6,1.5,0.5,-41.49295697078884,-42.56437058886785
537,ksqexp,1.5,6,1.5,0.1,-49.69925544188543,-46.95165312344085
538,ksqexp,1.5,6,1.5,0.05,-51.87544704246132,-47.907096840666114
539,ksqexp,1.5,6,1.5,0.01,-52.777722461961496,-48.27959644947708
540,ksqexp,1.5,6,1.5,0,-52.81819329156967,-48.296013731378956
541,ksqexp,1.5,8,0.5,0.5,-38.81852325918553,-39.39147547067247
542,ksqexp,1.5,8,0.5,0.1,-70.69404696831103,-59.41213471881593
543,ksqexp,1.5,8,0.5,0.05,-84.39625429761126,-65.72444212278225
544,ksqexp,1.5,8,0.5,0.01,-92.08947121695384,-68.80034827516809
545,ksqexp,1.5,8,0.5,0,-92.47777777573712,-68.94845198839936
546,ksqexp,1.5,8,1,0.5,-40.04220339776618,-40.87682656207345
547,ksqexp,1.5,8,1,0.1,-53.72853622647639,-48.16891479872415
548,ksqexp,1.5,8,1,0.05,-58.028977350998304,-49.94586209199572
549,ksqexp,1.5,8,1,0.01,-59.98798276882608,-50.69133969052923
550,ksqexp,1.5,8,1,0,-60.07873756093671,-50.72505260728092
551,ksqexp,1.5,8,1.5,0.5,-41.87173009911405,-42.98787407502671
552,ksqexp,1.5,8,1.5,0.1,-49.20586636131499,-46.35196732108879
553,ksqexp,1.5,8,1.5,0.05,-51.200053661334486,-47.12323296384333
554,ksqexp,1.5,8,1.5,0.01,-52.03231624086117,-47.42776871045894
555,ksqexp,1.5,8,1.5,0,-52.0697142556156,-47.4412429134715
556,ksqexp,1.5,10,0.5,0.5,-38.96426828002475,-39.51399024333921
557,ksqexp,1.5,10,0.5,0.1,-68.29816734836305,-56.848587083105734
558,ksqexp,1.5,10,0.5,0.05,-80.99187394317363,-62.25696717374621
559,ksqexp,1.5,10,0.5,0.01,-88.24281414815788,-64.95104165480645
560,ksqexp,1.5,10,0.5,0,-88.61100105203563,-65.08197376345818
561,ksqexp,1.5,10,1,0.5,-40.19816046343614,-41.01769180198453
562,ksqexp,1.5,10,1,0.1,-52.56874092528481,-47.014630265368574
563,ksqexp,1.5,10,1,0.05,-56.58259397813817,-48.54489557107304
564,ksqexp,1.5,10,1,0.01,-58.43252331142917,-49.19840329385855
565,ksqexp,1.5,10,1,0,-58.51851813421005,-49.2281262845053
566,ksqexp,1.5,10,1.5,0.5,-42.054021080148246,-43.17106870580811
567,ksqexp,1.5,10,1.5,0.1,-48.59083489490571,-45.79174169067452
568,ksqexp,1.5,10,1.5,0.05,-50.45699340673649,-46.455976236902835
569,ksqexp,1.5,10,1.5,0.01,-51.242942023240516,-46.722329591419154
570,ksqexp,1.5,10,1.5,0,-51.27834726123766,-46.73416722477146
571,ksqexp,1.5,25,0.5,0.5,-38.92624459449224,-39.32895805286809
572,ksqexp,1.5,25,0.5,0.1,-56.02877445687356,-47.794920489038454
573,ksqexp,1.5,25,0.5,0.05,-65.07816271223939,-50.86047153764872
574,ksqexp,1.5,25,0.5,0.01,-70.84088475403215,-52.61466150561368
575,ksqexp,1.5,25,0.5,0,-71.14284406138944,-52.70397072098055
576,ksqexp,1.5,25,1,0.5,-40.164383784335115,-41.04934701958826
577,ksqexp,1.5,25,1,0.1,-46.20113332323831,-42.83448393773233
578,ksqexp,1.5,25,1,0.05,-49.192516250308785,-43.728464145054744
579,ksqexp,1.5,25,1,0.01,-50.66998383900619,-44.15202704813064
580,ksqexp,1.5,25,1,0,-50.73992478002017,-44.17185993174956
581,ksqexp,1.5,25,1.5,0.5,-42.07207501526381,-43.4037786763531
582,ksqexp,1.5,25,1.5,0.1,-44.67377663315557,-43.55849426631167
583,ksqexp,1.5,25,1.5,0.05,-46.07709601525147,-43.942185276590855
584,ksqexp,1.5,25,1.5,0.01,-46.70110798816898,-44.110804639554736
585,ksqexp,1.5,25,1.5,0,-46.72960845260932,-44.11847976863842
586,ksqexp,1.75,0.2,0.5,0.5,-40.689616591041755,-40.683935020083844
587,ksqexp,1.75,0.2,0.5,0.1,-451.4828294634596,-436.09679225880916
588,ksqexp,1.75,0.2,0.5,0.05,-1715.7874658742571,-1603.9369351593475
589,ksqexp,1.75,0.2,0.5,0.01,-32447.14327041782,-29675.713321099607
590,ksqexp,1.75,0.2,0.5,0,-191345524.86187482,-190437614.84059155
591,ksqexp,1.75,0.2,1,0.5,-38.53762471918876,-38.53345786592576
592,ksqexp,1.75,0.2,1,0.1,-431.41726846793955,-410.063005797917
593,ksqexp,1.75,0.2,1,0.05,-1627.4829171019358,-1498.9845409310547
594,ksqexp,1.75,0.2,1,0.01,-31662.0028755686,-28827.768139194803
595,ksqexp,1.75,0.2,1,0,-96187511.12920034,-95727751.8214996
596,ksqexp,1.75,0.2,1.5,0.5,-37.702927260590215,-37.712844566402794
597,ksqexp,1.75,0.2,1.5,0.1,-421.0671564654363,-396.09145847516334
598,ksqexp,1.75,0.2,1.5,0.05,-1564.1853399428771,-1432.8732637233065
599,ksqexp,1.75,0.2,1.5,0.01,-31312.694005328976,-28367.593383472115
600,ksqexp,1.75,0.2,1.5,0,-64240190.27794444,-63932378.003085166
601,ksqexp,1.75,0.5,0.5,0.5,-39.234092357586455,-39.238134562568376
602,ksqexp,1.75,0.5,0.5,0.1,-401.9967615752975,-367.0372738548798
603,ksqexp,1.75,0.5,0.5,0.05,-1503.9731693969725,-1324.5730149595763
604,ksqexp,1.75,0.5,0.5,0.01,-26787.732070770657,-24516.687372106095
605,ksqexp,1.75,0.5,0.5,0,-240242.99250858405,-196249.93133695805
606,ksqexp,1.75,0.5,1,0.5,-37.79130006791936,-37.76981457046478
607,ksqexp,1.75,0.5,1,0.1,-388.00527494886904,-346.16738218938025
608,ksqexp,1.75,0.5,1,0.05,-1391.5633442968287,-1226.8980801893479
609,ksqexp,1.75,0.5,1,0.01,-23584.5596126427,-21300.547094988677
610,ksqexp,1.75,0.5,1,0,-120089.31054613156,-98093.7024097973
611,ksqexp,1.75,0.5,1.5,0.5,-37.48703771699433,-37.42372701788484
612,ksqexp,1.75,0.5,1.5,0.1,-377.3564138842154,-333.50304616593513
613,ksqexp,1.75,0.5,1.5,0.05,-1327.5721891266726,-1179.3062247775833
614,ksqexp,1.75,0.5,1.5,0.01,-21194.001012688834,-18921.90007348665
615,ksqexp,1.75,0.5,1.5,0,-80040.80477801485,-65377.69610313875
616,ksqexp,1.75,1,0.5,0.5,-39.30516187586528,-39.15551794758639
617,ksqexp,1.75,1,0.5,0.1,-354.88322861045646,-323.29564236370766
618,ksqexp,1.75,1,0.5,0.05,-1126.4284532431902,-1039.58379109037
619,ksqexp,1.75,1,0.5,0.01,-6579.552254242803,-5818.321042586471
620,ksqexp,1.75,1,0.5,0,-8217.678515125215,-7254.138332602471
621,ksqexp,1.75,1,1,0.5,-38.987221215503794,-38.72683600903385
622,ksqexp,1.75,1,1,0.1,-319.45132519699064,-293.2699507840037
623,ksqexp,1.75,1,1,0.05,-953.2912125642503,-879.496622900043
624,ksqexp,1.75,1,1,0.01,-3660.162167779904,-3224.6769269597326
625,ksqexp,1.75,1,1,0,-4096.2911011737715,-3615.273302089784
626,ksqexp,1.75,1,1.5,0.5,-39.53142856327246,-39.196137901744386
627,ksqexp,1.75,1,1.5,0.1,-297.8530552901552,-275.08788473297204
628,ksqexp,1.75,1,1.5,0.05,-845.3954304948934,-776.161792920283
629,ksqexp,1.75,1,1.5,0.01,-2528.906212911293,-2226.6866731816694
630,ksqexp,1.75,1,1.5,0,-2725.285951121147,-2405.108946570529
631,ksqexp,1.75,1.5,0.5,0.5,-40.189105984234075,-40.02585164869107
632,ksqexp,1.75,1.5,0.5,0.1,-285.0967901909677,-253.81863739567632
633,ksqexp,1.75,1.5,0.5,0.05,-696.3005520293385,-600.9887756724664
634,ksqexp,1.75,1.5,0.5,0.01,-1575.5323033272725,-1331.3355404921688
635,ksqexp,1.75,1.5,0.5,0,-1698.9588179830885,-1436.502437671972
636,ksqexp,1.75,1.5,1,0.5,-40.139942703113334,-39.960430364218126
637,ksqexp,1.75,1.5,1,0.1,-234.53276381652336,-206.5293088394853
638,ksqexp,1.75,1.5,1,0.05,-475.31802398306877,-406.51042747521603
639,ksqexp,1.75,1.5,1,0.01,-813.4658209468051,-688.1306958862814
640,ksqexp,1.75,1.5,1,0,-846.0014207782122,-715.886762620271
641,ksqexp,1.75,1.5,1.5,0.5,-40.788527919174605,-40.60946298731302
642,ksqexp,1.75,1.5,1.5,0.1,-202.9139444942568,-177.95825252738285
643,ksqexp,1.75,1.5,1.5,0.05,-366.51829122943167,-312.89395561132983
644,ksqexp,1.75,1.5,1.5,0.01,-549.7938149311782,-465.9516314670794
645,ksqexp,1.75,1.5,1.5,0,-564.4729449870223,-478.47219423587507
646,ksqexp,1.75,2,0.5,0.5,-40.247615721886305,-40.169936448150516
647,ksqexp,1.75,2,0.5,0.1,-223.95461731823997,-189.41724707386302
648,ksqexp,1.75,2,0.5,0.05,-460.09417299625596,-368.3918688707951
649,ksqexp,1.75,2,0.5,0.01,-825.8422227171069,-646.0561501410098
650,ksqexp,1.75,2,0.5,0,-860.8233418126572,-673.231118658619
651,ksqexp,1.75,2,1,0.5,-40.21526375475202,-40.17409553855785
652,ksqexp,1.75,2,1,0.1,-171.94279622761715,-142.90028972497382
653,ksqexp,1.75,2,1,0.05,-294.8956889602868,-234.97802163570623
654,ksqexp,1.75,2,1,0.01,-422.6864796857597,-332.49155856273234
655,ksqexp,1.75,2,1,0,-431.5971279566218,-339.41384720692497
656,ksqexp,1.75,2,1.5,0.5,-40.93550339052206,-40.91528713132902
657,ksqexp,1.75,2,1.5,0.1,-143.80614881810405,-119.37851071835895
658,ksqexp,1.75,2,1.5,0.05,-222.0462358751801,-177.88580985385482
659,ksqexp,1.75,2,1.5,0.01,-287.34764758688976,-227.8542904997431
660,ksqexp,1.75,2,1.5,0,-291.3123800633386,-230.9320801242074
661,ksqexp,1.75,2.5,0.5,0.5,-39.88643280841528,-39.8977926308522
662,ksqexp,1.75,2.5,0.5,0.1,-185.7391277420332,-151.50785512394089
663,ksqexp,1.75,2.5,0.5,0.05,-357.00854358933407,-271.8744400003785
664,ksqexp,1.75,2.5,0.5,0.01,-561.7923220398203,-410.69651215001073
665,ksqexp,1.75,2.5,0.5,0,-577.0535908059245,-420.921485124677
666,ksqexp,1.75,2.5,1,0.5,-39.91444532012176,-39.99548221040305
667,ksqexp,1.75,2.5,1,0.1,-140.75379129108194,-113.30789009170208
668,ksqexp,1.75,2.5,1,0.05,-223.16208830887888,-169.88688419294093
669,ksqexp,1.75,2.5,1,0.01,-288.75380664984704,-214.00808006281147
670,ksqexp,1.75,2.5,1,0,-292.5875032087737,-216.5712036022123
671,ksqexp,1.75,2.5,1.5,0.5,-40.77349908109697,-40.90563366322606
672,ksqexp,1.75,2.5,1.5,0.1,-117.6318905467121,-95.24643136425844
673,ksqexp,1.75,2.5,1.5,0.05,-166.8891471548794,-128.6966210929338
674,ksqexp,1.75,2.5,1.5,0.01,-198.8620486940091,-150.11468674535692
675,ksqexp,1.75,2.5,1.5,0,-200.55613075877878,-151.2450998496014
676,ksqexp,1.75,3,0.5,0.5,-39.384904471660974,-39.47607669739056
677,ksqexp,1.75,3,0.5,0.1,-161.58260893309497,-129.10679843547263
678,ksqexp,1.75,3,0.5,0.05,-291.10369553644324,-214.55545260085722
679,ksqexp,1.75,3,0.5,0.01,-420.5183811314224,-292.94716242537015
680,ksqexp,1.75,3,0.5,0,-429.1896800630445,-297.9750218332411
681,ksqexp,1.75,3,1,0.5,-39.55470819619219,-39.76430535919412
682,ksqexp,1.75,3,1,0.1,-121.26141725447368,-96.326474160503
683,ksqexp,1.75,3,1,0.05,-178.88726665692067,-132.7011926964959
684,ksqexp,1.75,3,1,0.01,-218.45994789597086,-156.1537732189627
685,ksqexp,1.75,3,1,0,-220.6240573129109,-157.4033911887196
686,ksqexp,1.75,3,1.5,0.5,-40.59097134317456,-40.90383867411028
687,ksqexp,1.75,3,1.5,0.1,-101.22187190763351,-81.49041394681709
688,ksqexp,1.75,3,1.5,0.05,-134.07945855610868,-101.7331621919601
689,ksqexp,1.75,3,1.5,0.01,-152.9406795297003,-112.7888818333353
690,ksqexp,1.75,3,1.5,0,-153.89283981959815,-113.33683773481631
691,ksqexp,1.75,3.5,0.5,0.5,-38.92306552987106,-39.088442531419325
692,ksqexp,1.75,3.5,0.5,0.1,-144.4526081226525,-114.18631431538996
693,ksqexp,1.75,3.5,0.5,0.05,-243.84397740829397,-176.1979257298144
694,ksqexp,1.75,3.5,0.5,0.01,-332.4048693623702,-225.0238070354387
695,ksqexp,1.75,3.5,0.5,0,-338.0455983095718,-227.94358074957387
696,ksqexp,1.75,3.5,1,0.5,-39.30649581349913,-39.64539924378731
697,ksqexp,1.75,3.5,1,0.1,-107.06434408603977,-84.8727309242397
698,ksqexp,1.75,3.5,1,0.05,-148.70654138743248,-109.2724198502763
699,ksqexp,1.75,3.5,1,0.01,-175.09368043011636,-123.36686900508256
700,ksqexp,1.75,3.5,1,0,-176.49474645588793,-124.08800077066556
701,ksqexp,1.75,3.5,1.5,0.5,-40.53792490273981,-41.035452303926995
702,ksqexp,1.75,3.5,1.5,0.1,-89.38977190914544,-72.39443849955784
703,ksqexp,1.75,3.5,1.5,0.05,-112.40275677907796,-85.41498717304437
704,ksqexp,1.75,3.5,1.5,0.01,-124.82110175890234,-91.945550322907
705,ksqexp,1.75,3.5,1.5,0,-125.4351192648908,-92.26013087440175
706,ksqexp,1.75,4,0.5,0.5,-38.60646925210792,-38.84513324399021
707,ksqexp,1.75,4,0.5,0.1,-131.65104361702748,-103.41124647913394
708,ksqexp,1.75,4,0.5,0.05,-210.3288865435652,-149.86718208007622
709,ksqexp,1.75,4,0.5,0.01,-275.56880718261004,-182.88541515522712
710,ksqexp,1.75,4,0.5,0,-279.6100395593633,-184.78164881503608
711,ksqexp,1.75,4,1,0.5,-39.21518557789074,-39.67463667739101
712,ksqexp,1.75,4,1,0.1,-96.63356821946822,-76.7686725939428
713,ksqexp,1.75,4,1,0.05,-128.2397806732831,-94.0101454776387
714,ksqexp,1.75,4,1,0.01,-147.36465218858245,-103.3196578503187
715,ksqexp,1.75,4,1,0,-148.36424558764674,-103.78536976742326
716,ksqexp,1.75,4,1.5,0.5,-40.61840073342221,-41.28231392166025
717,ksqexp,1.75,4,1.5,0.1,-80.93969550944745,-66.1817958763895
718,ksqexp,1.75,4,1.5,0.05,-98.0467530705494,-75.11377896590497
719,ksqexp,1.75,4,1.5,0.01,-106.969896340468,-79.3751523726461
720,ksqexp,1.75,4,1.5,0,-107.40630435914271,-79.57726684943408
721,ksqexp,1.75,6,0.5,0.5,-38.500170031191054,-39.00007483638117
722,ksqexp,1.75,6,0.5,0.1,-108.61815206229733,-83.6788940430581
723,ksqexp,1.75,6,0.5,0.05,-157.65084876457672,-107.82326998272376
724,ksqexp,1.75,6,0.5,0.01,-195.37807945396705,-123.08138905350238
725,ksqexp,1.75,6,0.5,0,-197.6468108162311,-123.92603403375213
726,ksqexp,1.75,6,1,0.5,-39.57577651266026,-40.350297029257824
727,ksqexp,1.75,6,1,0.1,-79.50554121326704,-63.30094798815813
728,ksqexp,1.75,6,1,0.05,-98.24170012262957,-71.57745401720666
729,ksqexp,1.75,6,1,0.01,-109.07962046903218,-75.76229671150249
730,ksqexp,1.75,6,1,0,-109.6364225728199,-75.96761271061581
731,ksqexp,1.75,6,1.5,0.5,-41.28628555392426,-42.33000588429904
732,ksqexp,1.75,6,1.5,0.1,-67.96525780796964,-56.67171624625667
733,ksqexp,1.75,6,1.5,0.05,-77.85652981339571,-60.80023438673952
734,ksqexp,1.75,6,1.5,0.01,-82.84902261424415,-62.68393611966617
735,ksqexp,1.75,6,1.5,0,-83.09028325578842,-62.77212903532953
736,ksqexp,1.75,8,0.5,0.5,-38.82146940840709,-39.452188780837346
737,ksqexp,1.75,8,0.5,0.1,-101.34763649014235,-77.2453341575132
738,ksqexp,1.75,8,0.5,0.05,-142.72043231157306,-95.92137338854461
739,ksqexp,1.75,8,0.5,0.01,-174.78952665393734,-107.78520564620283
740,ksqexp,1.75,8,0.5,0,-176.72737222382517,-108.44806172063535
741,ksqexp,1.75,8,1,0.5,-39.970782737878906,-40.8523787618576
742,ksqexp,1.75,8,1,0.1,-74.52878126576621,-59.386571661796964
743,ksqexp,1.75,8,1,0.05,-90.31335737154305,-65.75129589485896
744,ksqexp,1.75,8,1,0.01,-99.52590671924115,-69.00887258858614
745,ksqexp,1.75,8,1,0,-100.00055100641126,-69.16965208253409
746,ksqexp,1.75,8,1.5,0.5,-41.73863951271142,-42.889242401079244
747,ksqexp,1.75,8,1.5,0.1,-64.44267714604322,-54.162427344074835
748,ksqexp,1.75,8,1.5,0.05,-72.77277358448492,-57.33384392459299
749,ksqexp,1.75,8,1.5,0.01,-77.01038757332202,-58.798615981450425
750,ksqexp,1.75,8,1.5,0,-77.21560069842688,-58.86750563580313
751,ksqexp,1.75,10,0.5,0.5,-39.010657980463584,-39.65182559631347
752,ksqexp,1.75,10,0.5,0.1,-95.39193993030928,-72.42607346254165
753,ksqexp,1.75,10,0.5,0.05,-131.5969477531566,-87.87689209780025
754,ksqexp,1.75,10,0.5,0.01,-160.56641717523453,-97.98573611867123
755,ksqexp,1.75,10,0.5,0,-162.34505436542196,-98.56187906511201
756,ksqexp,1.75,10,1,0.5,-40.16657408651283,-41.05542768353391
757,ksqexp,1.75,10,1,0.1,-70.50447143726494,-56.52033798406841
758,ksqexp,1.75,10,1,0.05,-84.46103559241449,-61.81738830838668
759,ksqexp,1.75,10,1,0.01,-92.82829883318793,-64.61003812077627
760,ksqexp,1.75,10,1,0,-93.26348982356409,-64.7495783086706
761,ksqexp,1.75,10,1.5,0.5,-41.9476272476364,-43.11909668450345
762,ksqexp,1.75,10,1.5,0.1,-61.576663981772775,-52.30089730462404
763,ksqexp,1.75,10,1.5,0.05,-68.98577798794338,-54.95260440080032
764,ksqexp,1.75,10,1.5,0.01,-72.83906698587955,-56.20979791407055
765,ksqexp,1.75,10,1.5,0,-73.0269584076119,-56.269468155925736
766,ksqexp,1.75,25,0.5,0.5,-39.07797446346979,-39.496741477592025
767,ksqexp,1.75,25,0.5,0.1,-67.20607293445701,-54.18700861000143
768,ksqexp,1.75,25,0.5,0.05,-88.43500526160784,-61.48779064230516
769,ksqexp,1.75,25,0.5,0.01,-110.09363375944106,-67.7628987315082
770,ksqexp,1.75,25,0.5,0,-111.52819106299205,-68.160671714368
771,ksqexp,1.75,25,1,0.5,-40.15929648578373,-41.08798105176396
772,ksqexp,1.75,25,1,0.1,-53.098874389278336,-46.30405434580045
773,ksqexp,1.75,25,1,0.05,-62.29990880265051,-49.09521790777009
774,ksqexp,1.75,25,1,0.01,-68.74987816681755,-50.897265198275406
775,ksqexp,1.75,25,1,0,-69.09997946252857,-50.993094466368234
776,ksqexp,1.75,25,1.5,0.5,-41.87735666948761,-43.315673277739315
777,ksqexp,1.75,25,1.5,0.1,-49.479631137814295,-45.73342019449565
778,ksqexp,1.75,25,1.5,0.05,-54.60264405638544,-47.20198616232779
779,ksqexp,1.75,25,1.5,0.01,-57.59734559802546,-48.020559523927304
780,ksqexp,1.75,25,1.5,0,-57.747899027430506,-48.06122548330696
781,ksqexp,2,0.2,0.5,0.5,-42.01390912446992,-42.00420989611045
782,ksqexp,2,0.2,0.5,0.1,-483.3131407953767,-470.89757595536554
783,ksqexp,2,0.2,0.5,0.05,-1847.1377875126125,-1745.2798661975523
784,ksqexp,2,0.2,0.5,0.01,-38918.97081300812,-34248.38401397201
785,ksqexp,2,0.2,0.5,0,-557530161.4269521,-553288171.675787
786,ksqexp,2,0.2,1,0.5,-39.61865443155159,-39.59188837841342
787,ksqexp,2,0.2,1,0.1,-462.20628546462365,-443.99895964180655
788,ksqexp,2,0.2,1,0.05,-1791.9339828335696,-1656.292514720202
789,ksqexp,2,0.2,1,0.01,-36125.90865634317,-32026.37377013306
790,ksqexp,2,0.2,1,0,-283179540.0485866,-280950171.81312114
791,ksqexp,2,0.2,1.5,0.5,-38.57973759893774,-38.56423747973746
792,ksqexp,2,0.2,1.5,0.1,-451.3425888095979,-429.35628332573077
793,ksqexp,2,0.2,1.5,0.05,-1768.7967870159719,-1611.5101294279657
794,ksqexp,2,0.2,1.5,0.01,-34972.410507010485,-31158.046271294057
795,ksqexp,2,0.2,1.5,0,-189789526.02297962,-188278239.13007548
796,ksqexp,2,0.5,0.5,0.5,-40.257188521859746,-40.259101266299126
797,ksqexp,2,0.5,0.5,0.1,-432.249974635127,-400.1170169616034
798,ksqexp,2,0.5,0.5,0.05,-1697.7844408381295,-1509.3046906894353
799,ksqexp,2,0.5,0.5,0.01,-32135.477494025447,-29518.0366452937
800,ksqexp,2,0.5,0.5,0,-892526.1781204201,-730332.2968940408
801,ksqexp,2,0.5,1,0.5,-38.50675686145315,-38.50490645065021
802,ksqexp,2,0.5,1,0.1,-424.37291582037653,-383.79212788571954
803,ksqexp,2,0.5,1,0.05,-1613.8299567169981,-1416.7571290037454
804,ksqexp,2,0.5,1,0.01,-30324.64293295847,-28073.006895815557
805,ksqexp,2,0.5,1,0,-446223.48750859534,-365127.6423970447
806,ksqexp,2,0.5,1.5,0.5,-37.948649588076165,-37.92430297234267
807,ksqexp,2,0.5,1.5,0.1,-418.7684679153222,-374.4360744576019
808,ksqexp,2,0.5,1.5,0.05,-1552.7046296993085,-1359.8522517866375
809,ksqexp,2,0.5,1.5,0.01,-29076.911727813742,-26842.940567294714
810,ksqexp,2,0.5,1.5,0,-297458.2840908271,-243395.11298708324
811,ksqexp,2,1,0.5,0.5,-39.865461522284505,-39.751385519031366
812,ksqexp,2,1,0.5,0.1,-408.9112811492144,-368.442898221964
813,ksqexp,2,1,0.5,0.05,-1441.3261174476302,-1302.8906698290457
814,ksqexp,2,1,0.5,0.01,-13895.508613528718,-12409.778978571027
815,ksqexp,2,1,0.5,0,-22451.60607898631,-20117.935428205077
816,ksqexp,2,1,1,0.5,-39.08028117010921,-38.87914009851528
817,ksqexp,2,1,1,0.1,-385.5011647290435,-346.4978149390344
818,ksqexp,2,1,1,0.05,-1291.6194893915165,-1177.59242396081
819,ksqexp,2,1,1,0.01,-8688.251689161021,-7706.6867890849935
820,ksqexp,2,1,1,0,-11206.497108800935,-10040.552239153156
821,ksqexp,2,1,1.5,0.5,-39.31894277192883,-39.037576565962596
822,ksqexp,2,1,1.5,0.1,-369.46397951943277,-333.42761343162204
823,ksqexp,2,1,1.5,0.05,-1195.1266485425333,-1092.5860070811266
824,ksqexp,2,1,1.5,0.01,-6298.32563587062,-5579.021577282055
825,ksqexp,2,1,1.5,0,-7460.918098014135,-6684.215153156347
826,ksqexp,2,1.5,0.5,0.5,-41.01172593299801,-40.8337745941705
827,ksqexp,2,1.5,0.5,0.1,-365.1653519300654,-323.65444708725425
828,ksqexp,2,1.5,0.5,0.05,-1161.3799194730134,-977.8561939018487
829,ksqexp,2,1.5,0.5,0.01,-4198.374682524331,-3330.0268298894994
830,ksqexp,2,1.5,0.5,0,-4843.66679799777,-3830.1296495163033
831,ksqexp,2,1.5,1,0.5,-40.77646809667897,-40.5927606564649
832,ksqexp,2,1.5,1,0.1,-334.4953124896225,-289.62780841099584
833,ksqexp,2,1.5,1,0.05,-915.392949471301,-754.0923160051286
834,ksqexp,2,1.5,1,0.01,-2235.452281445099,-1769.6219658599077
835,ksqexp,2,1.5,1,0,-2412.548003571756,-1907.1724291316175
836,ksqexp,2,1.5,1.5,0.5,-41.23203468753563,-41.05377151959099
837,ksqexp,2,1.5,1.5,0.1,-311.7010939137537,-266.55887511939545
838,ksqexp,2,1.5,1.5,0.05,-758.8328918052947,-618.7901124866913
839,ksqexp,2,1.5,1.5,0.01,-1523.570420951803,-1205.7279031706696
840,ksqexp,2,1.5,1.5,0,-1604.9657279723424,-1268.9773450743482
841,ksqexp,2,2,0.5,0.5,-41.523943614212236,-41.41390599671226
842,ksqexp,2,2,0.5,0.1,-317.51668853647527,-266.6607632176828
843,ksqexp,2,2,0.5,0.05,-866.0350254499241,-663.4843192423696
844,ksqexp,2,2,0.5,0.01,-2275.6630897533023,-1615.5533692471934
845,ksqexp,2,2,0.5,0,-2487.1271290542195,-1757.2624902593923
846,ksqexp,2,2,1,0.5,-41.344187190731056,-41.29374269107236
847,ksqexp,2,2,1,0.1,-275.50898411973145,-221.88906147330937
848,ksqexp,2,2,1,0.05,-620.327418929208,-461.4811117107733
849,ksqexp,2,2,1,0.01,-1184.0254483706515,-839.4809500219436
850,ksqexp,2,2,1,0,-1239.6131283190812,-876.7019456622288
851,ksqexp,2,2,1.5,0.5,-41.82363954534988,-41.802667224275396
852,ksqexp,2,2,1.5,0.1,-245.56772440278803,-194.02807913241526
853,ksqexp,2,2,1.5,0.05,-489.8243870860114,-360.73458280876804
854,ksqexp,2,2,1.5,0.01,-801.4762183313458,-569.1869259020411
855,ksqexp,2,2,1.5,0,-826.56578457790215,-585.9724207202188
856,ksqexp,2,2.5,0.5,0.5,-41.353021505247604,-41.34569913172493
857,ksqexp,2,2.5,0.5,0.1,-272.0424235104281,-217.52188200835323
858,ksqexp,2,2.5,0.5,0.05,-687.1749506175948,-491.7795030733565
859,ksqexp,2,2.5,0.5,0.01,-1585.1175500143731,-1037.4487809524599
860,ksqexp,2,2.5,0.5,0,-1690.9067987066994,-1099.3982215559272
861,ksqexp,2,2.5,1,0.5,-41.14294185908373,-41.21281929560921
862,ksqexp,2,2.5,1,0.1,-228.77461594790546,-174.7232711420756
863,ksqexp,2,2.5,1,0.05,-479.5768457250522,-333.38771127841903
864,ksqexp,2,2.5,1,0.01,-817.5873309222048,-535.781937489571
865,ksqexp,2,2.5,1,0,-844.9248264750199,-551.7490826128119
866,ksqexp,2,2.5,1.5,0.5,-41.69654498474331,-41.79730244700828
867,ksqexp,2,2.5,1.5,0.1,-201.07452532904082,-150.94498137197664
868,ksqexp,2,2.5,1.5,0.05,-373.679396584948,-257.9910137688483
869,ksqexp,2,2.5,1.5,0.01,-553.4626177137667,-364.8407894527949
870,ksqexp,2,2.5,1.5,0,-565.7214923706615,-371.99002632421207
871,ksqexp,2,3,0.5,0.5,-40.81887051149437,-40.90962818189054
872,ksqexp,2,3,0.5,0.1,-236.6142827845001,-182.63260752186056
873,ksqexp,2,3,0.5,0.05,-572.930685981531,-390.9456178588726
874,ksqexp,2,3,0.5,0.01,-1183.806654872023,-728.72213241875
875,ksqexp,2,3,0.5,0,-1245.761297799832,-760.9167464519035
876,ksqexp,2,3,1,0.5,-40.606377355441296,-40.80186379465512
877,ksqexp,2,3,1,0.1,-197.25475629083508,-145.7551574985686
878,ksqexp,2,3,1,0.05,-390.1206690411964,-259.09060554139876
879,ksqexp,2,3,1,0.01,-608.8799511215678,-377.12166946320974
880,ksqexp,2,3,1,0,-624.7640284161661,-385.34752299128553
881,ksqexp,2,3,1.5,0.5,-41.270906973716485,-41.52617016828078
882,ksqexp,2,3,1.5,0.1,-172.6286868035582,-125.9644043057129
883,ksqexp,2,3,1.5,0.05,-300.1875795614607,-198.90634814017844
884,ksqexp,2,3,1.5,0.01,-413.45620582015147,-259.278652856448
885,ksqexp,2,3,1.5,0,-420.5555953148907,-262.94843856646713
886,ksqexp,2,3.5,0.5,0.5,-40.150851435680075,-40.32685913843037
887,ksqexp,2,3.5,0.5,0.1,-211.91651730866593,-159.68904022160527
888,ksqexp,2,3.5,0.5,0.05,-488.5938715176902,-322.7884304380704
889,ksqexp,2,3.5,0.5,0.01,-918.5708927133055,-542.9684462468773
890,ksqexp,2,3.5,0.5,0,-958.152343863894,-561.6871144523983
891,ksqexp,2,3.5,1,0.5,-40.022241928976435,-40.34833546331334
892,ksqexp,2,3.5,1,0.1,-175.05365968169542,-126.97153897070415
893,ksqexp,2,3.5,1,0.05,-324.22265994549764,-209.49043439941033
894,ksqexp,2,3.5,1,0.01,-472.64280887214073,-283.0839291911308
895,ksqexp,2,3.5,1,0,-482.73962631924667,-287.83996873477213
896,ksqexp,2,3.5,1.5,0.5,-40.84290641830688,-41.27671300730454
897,ksqexp,2,3.5,1.5,0.1,-152.09234051767132,-109.6133023017797
898,ksqexp,2,3.5,1.5,0.05,-247.09328579612955,-160.39086141202864
899,ksqexp,2,3.5,1.5,0.01,-322.55778969936216,-197.23221072047033
900,ksqexp,2,3.5,1.5,0,-327.05937719118344,-199.3482435737091
901,ksqexp,2,4,0.5,0.5,-39.53952951904068,-39.79111504033681
902,ksqexp,2,4,0.5,0.1,-194.4042423342056,-144.18655548067693
903,ksqexp,2,4,0.5,0.05,-423.3568542701591,-273.39208512365786
904,ksqexp,2,4,0.5,0.01,-737.0643625431181,-423.37025819898895
905,ksqexp,2,4,0.5,0,-764.063618942118,-435.1178335266616
906,ksqexp,2,4,1,0.5,-39.58495197010291,-40.036318383977935
907,ksqexp,2,4,1,0.1,-158.20227739285326,-113.67110244875343
908,ksqexp,2,4,1,0.05,-274.8420394785042,-174.7577030082549
909,ksqexp,2,4,1,0.01,-380.2024585321889,-223.2048553889237
910,ksqexp,2,4,1,0,-387.0627038416686,-226.1762845418692
911,ksqexp,2,4,1.5,0.5,-40.59491827659596,-41.20340203581469
912,ksqexp,2,4,1.5,0.1,-136.25362653670967,-97.93450073431912
913,ksqexp,2,4,1.5,0.05,-208.2690426939011,-134.13674775919404
914,ksqexp,2,4,1.5,0.01,-261.1346945300099,-158.00114549479187
915,ksqexp,2,4,1.5,0,-264.1863888766218,-159.3197582999866
916,ksqexp,2,6,0.5,0.5,-38.62420038816075,-39.14363549126163
917,ksqexp,2,6,0.5,0.1,-156.57903681934894,-111.96359501633678
918,ksqexp,2,6,0.5,0.05,-291.25582270217126,-176.98834733615575
919,ksqexp,2,6,0.5,0.01,-440.8379459715529,-234.9035206152811
920,ksqexp,2,6,0.5,0,-452.49078601784953,-238.93371333253364
921,ksqexp,2,6,1,0.5,-39.35638111007728,-40.17134864246859
922,ksqexp,2,6,1,0.1,-121.73556672259862,-86.16963634234209
923,ksqexp,2,6,1,0.05,-183.31378345753126,-112.95556298287187
924,ksqexp,2,6,1,0.01,-231.39729561305325,-130.65677244993506
925,ksqexp,2,6,1,0,-234.33369586528,-131.66649994172423
926,ksqexp,2,6,1.5,0.5,-40.88371452233973,-41.955520815636554
927,ksqexp,2,6,1.5,0.1,-103.4637551460453,-74.9401882487135
928,ksqexp,2,6,1.5,0.05,-139.50776197933968,-89.76639511150374
929,ksqexp,2,6,1.5,0.01,-163.10674293614682,-98.25646913061884
930,ksqexp,2,6,1.5,0,-164.40532256755353,-98.70141890684347
931,ksqexp,2,8,0.5,0.5,-38.8038114785185,-39.49631297737659
932,ksqexp,2,8,0.5,0.1,-141.7067898273139,-100.24551858798345
933,ksqexp,2,8,0.5,0.05,-245.07869158041382,-147.01297731476228
934,ksqexp,2,8,0.5,0.01,-356.20762810585245,-186.865454121928
935,ksqexp,2,8,0.5,0,-364.8462791702227,-189.63416413177788
936,ksqexp,2,8,1,0.5,-39.74936113404206,-40.7195007223775
937,ksqexp,2,8,1,0.1,-107.96480456282087,-76.92798228052371
938,ksqexp,2,8,1,0.05,-153.90899523021102,-95.52763266190946
939,ksqexp,2,8,1,0.01,-189.50406239814896,-107.65064900316081
940,ksqexp,2,8,1,0,-191.67545045902602,-108.34249538353016
941,ksqexp,2,8,1.5,0.5,-41.41241867877701,-42.64638577531563
942,ksqexp,2,8,1.5,0.1,-91.71872103263816,-67.76901245495459
943,ksqexp,2,8,1.5,0.05,-118.36156725692013,-77.934053563135
944,ksqexp,2,8,1.5,0.01,-135.7845584579916,-83.73187128653268
945,ksqexp,2,8,1.5,0,-136.742497645259,-84.03592923096424
946,ksqexp,2,10,0.5,0.5,-39.01574934212317,-39.75986165568865
947,ksqexp,2,10,0.5,0.1,-130.69388184688785,-92.58993933327444
948,ksqexp,2,10,0.5,0.05,-214.50055332557878,-129.36191897895728
949,ksqexp,2,10,0.5,0.01,-307.27130245431664,-161.08575704300532
950,ksqexp,2,10,0.5,0,-314.72226658633434,-163.36341953160402
951,ksqexp,2,10,1,0.5,-40.00815987492062,-41.01237092583692
952,ksqexp,2,10,1,0.1,-98.11004702789876,-71.08873851841166
953,ksqexp,2,10,1,0.05,-135.28080312595452,-85.5494070951942
954,ksqexp,2,10,1,0.01,-165.32566147982175,-95.29301560972
955,ksqexp,2,10,1,0,-167.1977144345319,-95.86181606048277
956,ksqexp,2,10,1.5,0.5,-41.70102539612218,-42.97581466733024
957,ksqexp,2,10,1.5,0.1,-83.52693170375119,-63.30986152367752
958,ksqexp,2,10,1.5,0.05,-105.2184801565004,-71.22378598848316
959,ksqexp,2,10,1.5,0.01,-119.98856566138089,-75.90230993147522
960,ksqexp,2,10,1.5,0,-120.81352047525999,-76.15193833418736
961,ksqexp,2,25,0.5,0.5,-39.25486042405795,-39.69838188254453
962,ksqexp,2,25,0.5,0.1,-81.66225214298582,-62.98487726346578
963,ksqexp,2,25,0.5,0.05,-118.75479565298572,-76.72145163624793
964,ksqexp,2,25,0.5,0.01,-181.4457063896522,-94.53254505988737
965,ksqexp,2,25,0.5,0,-187.31581003513537,-96.097637752105
966,ksqexp,2,25,1,0.5,-40.21601920700454,-41.15676507659461
967,ksqexp,2,25,1,0.1,-62.07594990589278,-51.41609192223908
968,ksqexp,2,25,1,0.05,-81.8621831659055,-57.64491509041259
969,ksqexp,2,25,1,0.01,-103.55022827389506,-63.58347230033221
970,ksqexp,2,25,1,0,-105.02734022617383,-63.97508248499803
971,ksqexp,2,25,1.5,0.5,-41.80173538571272,-43.273260081047745
972,ksqexp,2,25,1.5,0.1,-56.0985139830952,-49.20038643314489
973,ksqexp,2,25,1.5,0.05,-68.81237434003388,-52.94340536806729
974,ksqexp,2,25,1.5,0.01,-79.73830592460772,-55.88666466278815
975,ksqexp,2,25,1.5,0,-80.38850704963363,-56.0582208275151
976,ksqexp,2.25,0.2,0.5,0.5,-43.2675964021639,-43.26205867872878
977,ksqexp,2.25,0.2,0.5,0.1,-516.0102009817236,-505.64495245034
978,ksqexp,2.25,0.2,0.5,0.05,-1993.2717089725134,-1902.5667930646152
979,ksqexp,2.25,0.2,0.5,0.01,-44058.41871448617,-38469.89822505407
980,ksqexp,2.25,0.2,0.5,0,-1398280300.0756524,-1377800657.5751796
981,ksqexp,2.25,0.2,1,0.5,-40.60582292682288,-40.56911163536708
982,ksqexp,2.25,0.2,1,0.1,-498.4101222069908,-482.0773414733236
983,ksqexp,2.25,0.2,1,0.05,-1902.9729033715869,-1791.5356137667782
984,ksqexp,2.25,0.2,1,0.01,-42506.16133110732,-36564.68122044133
985,ksqexp,2.25,0.2,1,0,-727961299.1715584,-716223758.6937299
986,ksqexp,2.25,0.2,1.5,0.5,-39.36285794168581,-39.32612196797562
987,ksqexp,2.25,0.2,1.5,0.1,-487.83581636473315,-467.9270376476761
988,ksqexp,2.25,0.2,1.5,0.05,-1854.310304330326,-1729.9020522608841
989,ksqexp,2.25,0.2,1.5,0.01,-41219.2544724104,-35359.764455878794
990,ksqexp,2.25,0.2,1.5,0,-492087581.2414486,-483897367.8011623
991,ksqexp,2.25,0.5,0.5,0.5,-41.27506377372589,-41.256641942611566
992,ksqexp,2.25,0.5,0.5,0.1,-454.78667257924786,-426.69824143032304
993,ksqexp,2.25,0.5,0.5,0.05,-1843.588792997027,-1657.6767116108967
994,ksqexp,2.25,0.5,0.5,0.01,-34902.46135623262,-31863.538176351856
995,ksqexp,2.25,0.5,0.5,0,-2537543.8540338264,-2191220.364344862
996,ksqexp,2.25,0.5,1,0.5,-39.23429357726185,-39.233725940713164
997,ksqexp,2.25,0.5,1,0.1,-449.94023864989776,-411.67367493312895
998,ksqexp,2.25,0.5,1,0.05,-1790.4342093137377,-1590.905475466554
999,ksqexp,2.25,0.5,1,0.01,-33051.09962060659,-30781.042845507793
1000,ksqexp,2.25,0.5,1,0,-1268722.8742907536,-1095566.539224022
1001,ksqexp,2.25,0.5,1.5,0.5,-38.4798243209279,-38.47519926473134
1002,ksqexp,2.25,0.5,1.5,0.1,-449.00665481092784,-405.88207215263054
1003,ksqexp,2.25,0.5,1.5,0.05,-1735.9312999711424,-1536.9034863988495
1004,ksqexp,2.25,0.5,1.5,0.01,-32192.820460466675,-30231.863397096746
1005,ksqexp,2.25,0.5,1.5,0,-845785.6721300235,-730349.8265975849
1006,ksqexp,2.25,1,0.5,0.5,-40.56251603374786,-40.45968633080096
1007,ksqexp,2.25,1,0.5,0.1,-439.8017740954198,-398.3712420160405
1008,ksqexp,2.25,1,0.5,0.05,-1663.0641766207787,-1475.774549273071
1009,ksqexp,2.25,1,0.5,0.01,-23713.672248616724,-20870.95969462987
1010,ksqexp,2.25,1,0.5,0,-57887.80498145651,-51910.420824938534
1011,ksqexp,2.25,1,1,0.5,-39.349465421910125,-39.20761114135483
1012,ksqexp,2.25,1,1,0.1,-425.7945953427776,-379.84203004515336
1013,ksqexp,2.25,1,1,0.05,-1565.4479147922075,-1392.6582795901343
1014,ksqexp,2.25,1,1,0.01,-17056.11110665608,-14919.204651364078
1015,ksqexp,2.25,1,1,0,-28917.858324749046,-25930.220249140482
1016,ksqexp,2.25,1,1.5,0.5,-39.25409817945507,-39.0556541534987
1017,ksqexp,2.25,1,1.5,0.1,-416.55431042364427,-370.20641950012583
1018,ksqexp,2.25,1,1.5,0.05,-1499.039937019595,-1335.9465672710621
1019,ksqexp,2.25,1,1.5,0.01,-13309.338306865786,-11619.840673243805
1020,ksqexp,2.25,1,1.5,0,-19264.000050356575,-17272.943968880212
1021,ksqexp,2.25,1.5,0.5,0.5,-41.67004807007935,-41.46731592028003
1022,ksqexp,2.25,1.5,0.5,0.1,-411.9462758265659,-371.4070937399507
1023,ksqexp,2.25,1.5,0.5,0.05,-1515.3644647326125,-1277.5193822902218
1024,ksqexp,2.25,1.5,0.5,0.01,-10562.286136590797,-7810.607875146589
1025,ksqexp,2.25,1.5,0.5,0,-14188.20988740778,-10321.285751580037
1026,ksqexp,2.25,1.5,1,0.5,-41.28458787500048,-41.09308532716814
1027,ksqexp,2.25,1.5,1,0.1,-393.8232378854527,-344.42000596696266
1028,ksqexp,2.25,1.5,1,0.05,-1382.2918525431924,-1123.332909698067
1029,ksqexp,2.25,1.5,1,0.01,-6015.280827153982,-4409.259523432532
1030,ksqexp,2.25,1.5,1,0,-7078.767270504108,-5147.024791913405
1031,ksqexp,2.25,1.5,1.5,0.5,-41.592687418976396,-41.42691701273125
1032,ksqexp,2.25,1.5,1.5,0.1,-384.750401291459,-330.2103714770544
1033,ksqexp,2.25,1.5,1.5,0.05,-1263.0835377819074,-1005.0254566875548
1034,ksqexp,2.25,1.5,1.5,0.01,-4208.239672657678,-3075.3516693691095
1035,ksqexp,2.25,1.5,1.5,0,-4711.743715709187,-3425.061791311512
1036,ksqexp,2.25,2,0.5,0.5,-42.59110919947242,-42.42163748841941
1037,ksqexp,2.25,2,0.5,0.1,-381.33535716722395,-328.94679319248627
1038,ksqexp,2.25,2,0.5,0.05,-1304.8218888483264,-1001.8936706456956
1039,ksqexp,2.25,2,0.5,0.01,-5995.402881603362,-3909.7645731123107
1040,ksqexp,2.25,2,0.5,0,-7374.433713808577,-4720.2868023125975
1041,ksqexp,2.25,2,1,0.5,-42.4124124134192,-42.333700068324966
1042,ksqexp,2.25,2,1,0.1,-359.2133547275403,-293.6233007397008
1043,ksqexp,2.25,2,1,0.05,-1086.636695270658,-791.0460543564667
1044,ksqexp,2.25,2,1,0.01,-3288.7136612968184,-2125.061592682584
1045,ksqexp,2.25,2,1,0,-3677.8191566235314,-2353.227648611
1046,ksqexp,2.25,2,1.5,0.5,-42.74508842312471,-42.73846146916033
1047,ksqexp,2.25,2,1.5,0.1,-343.18884088042773,-271.95101435484247
1048,ksqexp,2.25,2,1.5,0.05,-930.8791691494372,-659.8129376830865
1049,ksqexp,2.25,2,1.5,0.01,-2267.702587785877,-1461.1600225801076
1050,ksqexp,2.25,2,1.5,0,-2448.404958995604,-1566.9985863064755
1051,ksqexp,2.25,2.5,0.5,0.5,-42.75612060218717,-42.695015526240425
1052,ksqexp,2.25,2.5,0.5,0.1,-343.4841145976426,-281.4037793062679
1053,ksqexp,2.25,2.5,0.5,0.05,-1084.8052044681788,-769.7651972164934
1054,ksqexp,2.25,2.5,0.5,0.01,-4315.131578370263,-2574.6434264060927
1055,ksqexp,2.25,2.5,0.5,0,-5079.9869338424605,-2979.3765417885534
1056,ksqexp,2.25,2.5,1,0.5,-42.51513953970107,-42.56774727754606
1057,ksqexp,2.25,2.5,1,0.1,-314.5191617389861,-241.58891462417313
1058,ksqexp,2.25,2.5,1,0.05,-865.9647591766459,-579.013749074542
1059,ksqexp,2.25,2.5,1,0.01,-2325.408839110451,-1377.0587427767855
1060,ksqexp,2.25,2.5,1,0,-2534.5031891634176,-1487.358118948137
1061,ksqexp,2.25,2.5,1.5,0.5,-42.8417792534732,-42.95766387398749
1062,ksqexp,2.25,2.5,1.5,0.1,-293.7409195954795,-217.88830231543122
1063,ksqexp,2.25,2.5,1.5,0.05,-728.0354086733187,-473.9240011547922
1064,ksqexp,2.25,2.5,1.5,0.01,-1592.924251872192,-942.3042403827557
1065,ksqexp,2.25,2.5,1.5,0,-1688.7992633402578,-992.8093008925928
1066,ksqexp,2.25,3,0.5,0.5,-42.382713481447915,-42.44276086446308
1067,ksqexp,2.25,3,0.5,0.1,-301.6572976455979,-237.01015289172076
1068,ksqexp,2.25,3,0.5,0.05,-919.8887555511129,-613.7346959525611
1069,ksqexp,2.25,3,0.5,0.01,-3270.183315332556,-1825.8531591427375
1070,ksqexp,2.25,3,0.5,0,-3719.0820115043953,-2043.1609344749033
1071,ksqexp,2.25,3,1,0.5,-42.012801801932525,-42.202001035582704
1072,ksqexp,2.25,3,1,0.1,-272.80433476427754,-199.97513765348006
1073,ksqexp,2.25,3,1,0.05,-723.5855262217542,-454.2958936061848
1074,ksqexp,2.25,3,1,0.01,-1736.6439707636418,-964.6054101844777
1075,ksqexp,2.25,3,1,0,-1856.9064488605256,-1022.6243312480678
1076,ksqexp,2.25,3,1.5,0.5,-42.359224825048955,-42.61678892847166
1077,ksqexp,2.25,3,1.5,0.1,-253.33872120966015,-179.24995143887898
1078,ksqexp,2.25,3,1.5,0.05,-601.9084161310676,-368.77041746701906
1079,ksqexp,2.25,3,1.5,0.01,-1184.2535858369004,-658.8756380237069
1080,ksqexp,2.25,3,1.5,0,-1238.9719175005866,-685.2361199941286
1081,ksqexp,2.25,3.5,0.5,0.5,-41.69306878185886,-41.862074141945946
1082,ksqexp,2.25,3.5,0.5,0.1,-267.2025664358471,-203.03983072036363
1083,ksqexp,2.25,3.5,0.5,0.05,-802.922013825262,-511.89197165111204
1084,ksqexp,2.25,3.5,0.5,0.01,-2521.298630450062,-1347.072195604752
1085,ksqexp,2.25,3.5,0.5,0,-2796.878839231892,-1471.1592325326108
1086,ksqexp,2.25,3.5,1,0.5,-41.230271776702025,-41.56285721556102
1087,ksqexp,2.25,3.5,1,0.1,-242.13342581966063,-171.5752054013201
1088,ksqexp,2.25,3.5,1,0.05,-618.9384864074098,-372.59866829906383
1089,ksqexp,2.25,3.5,1,0.01,-1325.0378694803692,-706.4556906200494
1090,ksqexp,2.25,3.5,1,0,-1397.9498214534115,-739.1581619086861
1091,ksqexp,2.25,3.5,1.5,0.5,-41.638122193298805,-42.07202715384531
1092,ksqexp,2.25,3.5,1.5,0.1,-224.79094074266803,-154.1634722971362
1093,ksqexp,2.25,3.5,1.5,0.05,-506.74628144179553,-299.0393989327593
1094,ksqexp,2.25,3.5,1.5,0.01,-901.4158279949845,-483.1635938511415
1095,ksqexp,2.25,3.5,1.5,0,-934.43080528094265,-497.9484616459479
1096,ksqexp,2.25,4,0.5,0.5,-40.89708699645611,-41.15658541162158
1097,ksqexp,2.25,4,0.5,0.1,-243.73119968925263,-180.58677980174974
1098,ksqexp,2.25,4,0.5,0.05,-713.751205905126,-441.36682239198564
1099,ksqexp,2.25,4,0.5,0.01,-1976.5394470395356,-1025.7418867149936
1100,ksqexp,2.25,4,0.5,0,-2153.4456243506534,-1100.3174221829502
1101,ksqexp,2.25,4,1,0.5,-40.448353004882385,-40.918623546814615
1102,ksqexp,2.25,4,1,0.1,-220.98834587300098,-153.21899493763735
1103,ksqexp,2.25,4,1,0.05,-534.149935833432,-313.605703132715
1104,ksqexp,2.25,4,1,0.01,-1031.4848316199384,-536.2272569499995
1105,ksqexp,2.25,4,1,0,-1077.897586968244,-555.7032337218475
1106,ksqexp,2.25,4,1.5,0.5,-40.98455836832855,-41.60203886612119
1107,ksqexp,2.25,4,1.5,0.1,-204.10186267042644,-137.62547102917475
1108,ksqexp,2.25,4,1.5,0.05,-429.54942030140774,-248.5494728352773
1109,ksqexp,2.25,4,1.5,0.01,-701.2271324123448,-368.1824070256756
1110,ksqexp,2.25,4,1.5,0,-722.1722310554527,-376.9558275768096
1111,ksqexp,2.25,6,0.5,0.5,-39.01181055206922,-39.55011014570588
1112,ksqexp,2.25,6,0.5,0.1,-198.67416342033826,-139.31009371883843
1113,ksqexp,2.25,6,0.5,0.05,-486.6073075163262,-280.14506833773277
1114,ksqexp,2.25,6,0.5,0.01,-992.5448383972829,-474.63856467919743
1115,ksqexp,2.25,6,0.5,0,-1048.6118349709668,-493.3349803531348
1116,ksqexp,2.25,6,1,0.5,-39.22572580433413,-40.10797324943766
1117,ksqexp,2.25,6,1,0.1,-171.0802334750852,-114.32797005222469
1118,ksqexp,2.25,6,1,0.05,-332.1094942410676,-185.40937526878017
1119,ksqexp,2.25,6,1,0.01,-514.9125022983095,-252.0134506743543
1120,ksqexp,2.25,6,1,0,-529.4145966353996,-256.81884802055754
1121,ksqexp,2.25,6,1.5,0.5,-40.409654484116665,-41.564562141124995
1122,ksqexp,2.25,6,1.5,0.1,-151.98003782925835,-100.81299741786601
1123,ksqexp,2.25,6,1.5,0.05,-256.91939296466825,-144.64124513742286
1124,ksqexp,2.25,6,1.5,0.01,-352.6388943958705,-178.6224820712383
1125,ksqexp,2.25,6,1.5,0,-359.13950722244823,-180.77079398739414
1126,ksqexp,2.25,8,0.5,0.5,-38.87206677220382,-39.61288602233368
1127,ksqexp,2.25,8,0.5,0.1,-178.48462997821952,-122.66965504509247
1128,ksqexp,2.25,8,0.5,0.05,-386.134547448259,-218.75066832138776
1129,ksqexp,2.25,8,0.5,0.01,-708.4064732784477,-333.7141094441745
1130,ksqexp,2.25,8,0.5,0,-743.3343222911866,-344.4198273008059
1131,ksqexp,2.25,8,1,0.5,-39.47030047859063,-40.55319142435558
1132,ksqexp,2.25,8,1,0.1,-146.82574834169378,-98.15189391957466
1133,ksqexp,2.25,8,1,0.05,-254.51100958789243,-142.8537796743969
1134,ksqexp,2.25,8,1,0.01,-369.38658883206233,-181.45636706762397
1135,ksqexp,2.25,8,1,0,-378.39412575437046,-184.19945863105514
1136,ksqexp,2.25,8,1.5,0.5,-40.91863176746216,-42.28949241404484
1137,ksqexp,2.25,8,1.5,0.1,-127.67805189330765,-86.25704375502002
1138,ksqexp,2.25,8,1.5,0.05,-195.66489436512148,-112.80989413385518
1139,ksqexp,2.25,8,1.5,0.01,-255.5093284506253,-132.35996309537552
1140,ksqexp,2.25,8,1.5,0,-259.53805029995533,-133.58332582840427
1141,ksqexp,2.25,10,0.5,0.5,-39.05098039722082,-39.88473807924579
1142,ksqexp,2.25,10,0.5,0.1,-164.25038537404086,-112.86517851179002
1143,ksqexp,2.25,10,0.5,0.05,-323.8275766602456,-185.8129644319476
1144,ksqexp,2.25,10,0.5,0.01,-568.7204509795372,-269.7996882076602
1145,ksqexp,2.25,10,0.5,0,-596.5702633742034,-277.94557060679756
1146,ksqexp,2.25,10,1,0.5,-39.77234403552194,-40.92035867737376
1147,ksqexp,2.25,10,1,0.1,-130.21806990799834,-88.78325510251727
1148,ksqexp,2.25,10,1,0.05,-210.12455619840193,-121.29522685514071
1149,ksqexp,2.25,10,1,0.01,-298.5955851384374,-149.72164471054728
1150,ksqexp,2.25,10,1,0,-305.78290998862497,-151.81016078303685
1151,ksqexp,2.25,10,1.5,0.5,-41.300053653497436,-42.733896193843215
1152,ksqexp,2.25,10,1.5,0.1,-111.76786217625452,-78.06664058706095
1153,ksqexp,2.25,10,1.5,0.05,-161.9881520893632,-97.14332099329336
1154,ksqexp,2.25,10,1.5,0.01,-208.4314556149171,-111.62486726413148
1155,ksqexp,2.25,10,1.5,0,-211.64444892635757,-112.55568093207015
1156,ksqexp,2.25,25,0.5,0.5,-39.435255558248876,-39.92398999860488
1157,ksqexp,2.25,25,0.5,0.1,-99.7650396451032,-74.07142830607866
1158,ksqexp,2.25,25,0.5,0.05,-154.72483897936772,-96.82233285566033
1159,ksqexp,2.25,25,0.5,0.01,-302.7640658423229,-138.55215541866554
1160,ksqexp,2.25,25,0.5,0,-324.3592642140822,-144.1187271047197
1161,ksqexp,2.25,25,1,0.5,-40.2695031098391,-41.227149198741685
1162,ksqexp,2.25,25,1,0.1,-73.45345877583007,-58.34900953102666
1163,ksqexp,2.25,25,1,0.05,-106.5850622529901,-69.52417047066633
1164,ksqexp,2.25,25,1,0.01,-165.86068146148878,-85.49755117190524
1165,ksqexp,2.25,25,1,0,-171.46668043970365,-86.93682612575536
1166,ksqexp,2.25,25,1.5,0.5,-41.753242699973946,-43.23172064798725
1167,ksqexp,2.25,25,1.5,0.1,-64.4479675121425,-54.09718350768399
1168,ksqexp,2.25,25,1.5,0.05,-88.29308304189358,-61.42566729606527
1169,ksqexp,2.25,25,1.5,0.01,-120.78421811055632,-70.02430713978859
1170,ksqexp,2.25,25,1.5,0,-123.29314258834698,-70.66684922600147
1171,ksqexp,2.5,0.2,0.5,0.5,-44.59284680232028,-44.58490073429351
1172,ksqexp,2.5,0.2,0.5,0.1,-536.0592832657724,-528.1937363517119
1173,ksqexp,2.5,0.2,0.5,0.05,-2138.4301222735203,-2053.982237905805
1174,ksqexp,2.5,0.2,0.5,0.01,-44783.074141091856,-40625.24499261
1175,ksqexp,2.5,0.2,0.5,0,-3029248701.8441978,-2965591244.5119586
1176,ksqexp,2.5,0.2,1,0.5,-41.65358458796592,-41.609302463241264
1177,ksqexp,2.5,0.2,1,0.1,-524.8753238490422,-511.4178466937664
1178,ksqexp,2.5,0.2,1,0.05,-2069.856540052994,-1959.1104692729878
1179,ksqexp,2.5,0.2,1,0.01,-43353.4399305132,-38527.027140229424
1180,ksqexp,2.5,0.2,1,0,-1655355101.4428988,-1613209326.5617414
1181,ksqexp,2.5,0.2,1.5,0.5,-40.14695567573359,-40.09986559719195
1182,ksqexp,2.5,0.2,1.5,0.1,-519.4367888334855,-501.7552619091154
1183,ksqexp,2.5,0.2,1.5,0.05,-2016.9392612745348,-1894.922636520362
1184,ksqexp,2.5,0.2,1.5,0.01,-42661.63965137871,-37413.25317777978
1185,ksqexp,2.5,0.2,1.5,0,-1139096282.8313959,-1108209683.3865774
1186,ksqexp,2.5,0.5,0.5,0.5,-42.36484919446005,-42.306542685448584
1187,ksqexp,2.5,0.5,0.5,0.1,-471.7491759085283,-449.40481875111925
1188,ksqexp,2.5,0.5,0.5,0.05,-1926.2235329122564,-1749.2310565865423
1189,ksqexp,2.5,0.5,0.5,0.01,-38793.143506534885,-35145.227247852315
1190,ksqexp,2.5,0.5,0.5,0,-5708505.611294053,-5416390.019835171
1191,ksqexp,2.5,0.5,1,0.5,-40.04464139510478,-40.02307371150491
1192,ksqexp,2.5,0.5,1,0.1,-463.25730598655036,-430.04597329862975
1193,ksqexp,2.5,0.5,1,0.05,-1932.0002175847815,-1724.735997210611
1194,ksqexp,2.5,0.5,1,0.01,-35456.33558666405,-32822.74801124355
1195,ksqexp,2.5,0.5,1,0,-2854160.1357537266,-2708143.8967939788
1196,ksqexp,2.5,0.5,1.5,0.5,-39.08694900083375,-39.08302221334441
1197,ksqexp,2.5,0.5,1.5,0.1,-464.30322564108104,-424.7595984375059
1198,ksqexp,2.5,0.5,1.5,0.05,-1917.0239783811862,-1700.9814314476498
1199,ksqexp,2.5,0.5,1.5,0.01,-34065.24735141665,-31950.64624101683
1200,ksqexp,2.5,0.5,1.5,0,-1902730.9155704188,-1805396.5234871216
1201,ksqexp,2.5,1,0.5,0.5,-41.37550129944981,-41.253376454451114
1202,ksqexp,2.5,1,0.5,0.1,-458.6199508223666,-422.2442765025669
1203,ksqexp,2.5,1,0.5,0.05,-1783.2558212283875,-1583.1850600210792
1204,ksqexp,2.5,1,0.5,0.01,-34633.37019891936,-29320.087788683715
1205,ksqexp,2.5,1,0.5,0,-154721.9425067385,-132710.302511613
1206,ksqexp,2.5,1,1,0.5,-39.87548254643651,-39.7537978643863
1207,ksqexp,2.5,1,1,0.1,-447.23121377745144,-403.4400969831352
1208,ksqexp,2.5,1,1,0.05,-1725.2074306951881,-1518.9407503953198
1209,ksqexp,2.5,1,1,0.01,-28751.518623876094,-23973.31377172911
1210,ksqexp,2.5,1,1,0,-77328.18688720616,-66323.64079591402
1211,ksqexp,2.5,1,1.5,0.5,-39.47948113368067,-39.33502705442037
1212,ksqexp,2.5,1,1.5,0.1,-441.03132108792335,-393.8572130528152
1213,ksqexp,2.5,1,1.5,0.05,-1688.0493270251716,-1483.2024557756279
1214,ksqexp,2.5,1,1.5,0.01,-24512.981480226656,-20322.401938683553
1215,ksqexp,2.5,1,1.5,0,-51533.05878346962,-44197.54371851797
1216,ksqexp,2.5,1.5,0.5,0.5,-42.21668752118076,-41.98029678909717
1217,ksqexp,2.5,1.5,0.5,0.1,-446.5637976205467,-413.36814201832993
1218,ksqexp,2.5,1.5,0.5,0.05,-1673.4870604533698,-1450.7712669123696
1219,ksqexp,2.5,1.5,0.5,0.01,-22289.397134035076,-15771.228265484953
1220,ksqexp,2.5,1.5,0.5,0,-41162.26489140351,-27634.762383847727
1221,ksqexp,2.5,1.5,1,0.5,-41.71165688072512,-41.487059423503645
1222,ksqexp,2.5,1.5,1,0.1,-424.25149298987265,-382.05286198926984
1223,ksqexp,2.5,1.5,1,0.05,-1635.894665796771,-1359.1051367509826
1224,ksqexp,2.5,1.5,1,0.01,-14375.610962634579,-9920.523113992895
1225,ksqexp,2.5,1.5,1,0,-20559.57583471419,-13797.914641748468
1226,ksqexp,2.5,1.5,1.5,0.5,-41.913998572404275,-41.726098749830044
1227,ksqexp,2.5,1.5,1.5,0.1,-416.9526869597785,-368.0685262175515
1228,ksqexp,2.5,1.5,1.5,0.05,-1600.789395602661,-1294.3193214455728
1229,ksqexp,2.5,1.5,1.5,0.01,-10609.89288870542,-7252.226099840573
1230,ksqexp,2.5,1.5,1.5,0,-13694.803429588399,-9188.422690438958
1231,ksqexp,2.5,2,0.5,0.5,-43.363679932542155,-43.11997076061499
1232,ksqexp,2.5,2,0.5,0.1,-425.5167829450614,-381.99324580779705
1233,ksqexp,2.5,2,0.5,0.05,-1579.494811118507,-1263.306161325308
1234,ksqexp,2.5,2,0.5,0.01,-13590.254020483108,-8425.587135457383
1235,ksqexp,2.5,2,0.5,0,-21620.422490352103,-12700.0975307599
1236,ksqexp,2.5,2,1,0.5,-43.299586624545476,-43.14497349992693
1237,ksqexp,2.5,2,1,0.1,-405.646360026918,-346.07477093746104
1238,ksqexp,2.5,2,1,0.05,-1480.2855529114067,-1110.0831866579447
1239,ksqexp,2.5,2,1,0.01,-8209.46029463437,-4967.073466164097
1240,ksqexp,2.5,2,1,0,-10795.134493488003,-6337.973643447886
1241,ksqexp,2.5,2,1.5,0.5,-43.622608428399765,-43.57171986687841
1242,ksqexp,2.5,2,1.5,0.1,-398.77629083265066,-328.9173295510148
1243,ksqexp,2.5,2,1.5,0.05,-1382.1830417551719,-998.504990642251
1244,ksqexp,2.5,2,1.5,0.01,-5912.460909788243,-3544.062436398555
1245,ksqexp,2.5,2,1.5,0,-7189.495801300606,-4220.056328985239
1246,ksqexp,2.5,2.5,0.5,0.5,-43.88849998936072,-43.7438940691778
1247,ksqexp,2.5,2.5,0.5,0.1,-397.0554272732102,-339.7850728901986
1248,ksqexp,2.5,2.5,0.5,0.05,-1407.4177798338658,-1041.6393776669725
1249,ksqexp,2.5,2.5,0.5,0.01,-10167.039723991513,-5699.692616384077
1250,ksqexp,2.5,2.5,0.5,0,-15021.967872464409,-8079.827444636315
1251,ksqexp,2.5,2.5,1,0.5,-43.82749711015141,-43.811331078261354
1252,ksqexp,2.5,2.5,1,0.1,-375.1221073019072,-301.04337648428066
1253,ksqexp,2.5,2.5,1,0.05,-1255.7646067121277,-860.1240689826839
1254,ksqexp,2.5,2.5,1,0.01,-6017.0455858719215,-3308.119484665628
1255,ksqexp,2.5,2.5,1,0,-7500.252157861717,-4032.981399902418
1256,ksqexp,2.5,2.5,1.5,0.5,-44.097120427659505,-44.18534765797445
1257,ksqexp,2.5,2.5,1.5,0.1,-363.41444198353713,-280.24589174367605
1258,ksqexp,2.5,2.5,1.5,0.05,-1136.9609010932704,-745.6332652448265
1259,ksqexp,2.5,2.5,1.5,0.01,-4283.278781512318,-2339.083085818779
1260,ksqexp,2.5,2.5,1.5,0,-4995.804234552986,-2686.8233709338433
1261,ksqexp,2.5,3,0.5,0.5,-43.8058395969535,-43.79877523277448
1262,ksqexp,2.5,3,0.5,0.1,-355.2722179721643,-291.75601816087175
1263,ksqexp,2.5,3,0.5,0.05,-1212.1518825449016,-840.1203418905652
1264,ksqexp,2.5,3,0.5,0.01,-8003.705210164684,-4175.40713963468
1265,ksqexp,2.5,3,0.5,0,-10910.815954284304,-5507.220708351483
1266,ksqexp,2.5,3,1,0.5,-43.561543427754586,-43.699582940890544
1267,ksqexp,2.5,3,1,0.1,-331.0157763862169,-252.97123225598284
1268,ksqexp,2.5,3,1,0.05,-1064.048712850729,-675.6478412939639
1269,ksqexp,2.5,3,1,0.01,-4599.783897769904,-2363.356767377065
1270,ksqexp,2.5,3,1,0,-5447.953544819188,-2750.5548398296996
1271,ksqexp,2.5,3,1.5,0.5,-43.75940318359784,-43.99330737931941
1272,ksqexp,2.5,3,1.5,0.1,-317.71642487123785,-232.32311589138138
1273,ksqexp,2.5,3,1.5,0.05,-957.0929881102527,-580.4640697742141
1274,ksqexp,2.5,3,1.5,0.01,-3230.448629489019,-1652.4196168213368
1275,ksqexp,2.5,3,1.5,0,-3629.790060549943,-1834.4568716886904
1276,ksqexp,2.5,3.5,0.5,0.5,-43.28053914654008,-43.408518915850145
1277,ksqexp,2.5,3.5,0.5,0.1,-311.18546931465465,-246.90523227788916
1278,ksqexp,2.5,3.5,0.5,0.05,-1056.9459753262117,-692.7547058838936
1279,ksqexp,2.5,3.5,0.5,0.01,-6268.862910096674,-3129.2464568226933
1280,ksqexp,2.5,3.5,0.5,0,-8009.088951456061,-3885.4753400250047
1281,ksqexp,2.5,3.5,1,0.5,-42.80311277714699,-43.10433999342315
1282,ksqexp,2.5,3.5,1,0.1,-290.030562669351,-212.86409120106592
1283,ksqexp,2.5,3.5,1,0.05,-927.3246989226466,-555.6230206919981
1284,ksqexp,2.5,3.5,1,0.01,-3507.0403182726454,-1729.5377415776175
1285,ksqexp,2.5,3.5,1,0,-3999.619747812049,-1942.653839321622
1286,ksqexp,2.5,3.5,1.5,0.5,-42.94923084600454,-43.36258121330809
1287,ksqexp,2.5,3.5,1.5,0.1,-279.06391764239686,-195.51618634403692
1288,ksqexp,2.5,3.5,1.5,0.05,-830.0031673614948,-476.49266723445135
1289,ksqexp,2.5,3.5,1.5,0.01,-2436.8370475562238,-1198.8942975661473
1290,ksqexp,2.5,3.5,1.5,0,-2665.920667493297,-1297.8373280950916
1291,ksqexp,2.5,4,0.5,0.5,-42.48545019253045,-42.727526188652924
1292,ksqexp,2.5,4,0.5,0.1,-276.978584868716,-213.25395535772003
1293,ksqexp,2.5,4,0.5,0.05,-950.0225610631786,-597.4095809507673
1294,ksqexp,2.5,4,0.5,0.01,-4867.710331886714,-2372.803896924345
1295,ksqexp,2.5,4,0.5,0,-5925.024426975045,-2811.594787301787
1296,ksqexp,2.5,4,1,0.5,-41.83153321204114,-42.29058190189416
1297,ksqexp,2.5,4,1,0.1,-261.2281173985219,-185.69541052360097
1298,ksqexp,2.5,4,1,0.05,-824.1426692307678,-476.49802762683515
1299,ksqexp,2.5,4,1,0.01,-2666.2579204971244,-1286.9875984238724
1300,ksqexp,2.5,4,1,0,-2959.5805647638513,-1408.038898388543
1301,ksqexp,2.5,4,1.5,0.5,-41.990243014056986,-42.598643077833835
1302,ksqexp,2.5,4,1.5,0.1,-252.80585925009066,-171.8118942014059
1303,ksqexp,2.5,4,1.5,0.05,-726.0722160224682,-404.6783267331159
1304,ksqexp,2.5,4,1.5,0.01,-1838.555326700664,-887.2445911728365
1305,ksqexp,2.5,4,1.5,0,-1973.8899326538815,-942.977591580243
1306,ksqexp,2.5,6,0.5,0.5,-39.74400879391565,-40.28664312472314
1307,ksqexp,2.5,6,0.5,0.1,-222.70399797861418,-159.4478624206518
1308,ksqexp,2.5,6,0.5,0.05,-680.9735561997791,-395.50762144755254
1309,ksqexp,2.5,6,0.5,0.01,-2067.1009338423723,-940.9268613101218
1310,ksqexp,2.5,6,0.5,0,-2311.433394007726,-1021.5013592094209
1311,ksqexp,2.5,6,1,0.5,-39.418969765144716,-40.343143128559234
1312,ksqexp,2.5,6,1,0.1,-207.4626833312728,-139.18645897679176
1313,ksqexp,2.5,6,1,0.05,-521.768872950763,-285.08445606062713
1314,ksqexp,2.5,6,1,0.01,-1091.879117466884,-497.1677861530815
1315,ksqexp,2.5,6,1,0,-1157.6717708525543,-518.646560240453
1316,ksqexp,2.5,6,1.5,0.5,-40.16833447034558,-41.38567481246302
1317,ksqexp,2.5,6,1.5,0.1,-194.74245338024622,-127.11568489503546
1318,ksqexp,2.5,6,1.5,0.05,-425.1620444243017,-228.20719435623693
1319,ksqexp,2.5,6,1.5,0.01,-745.8862262047627,-344.0651955946767
1320,ksqexp,2.5,6,1.5,0,-775.8752195807639,-353.81895058079186
1321,ksqexp,2.5,8,0.5,0.5,-39.109326005080526,-39.87437421151855
1322,ksqexp,2.5,8,0.5,0.1,-202.1313267416833,-139.85325376824858
1323,ksqexp,2.5,8,0.5,0.05,-529.9750306133997,-299.6427230962325
1324,ksqexp,2.5,8,0.5,0.01,-1301.1019202215618,-579.1197351343783
1325,ksqexp,2.5,8,0.5,0,-1430.0134400243198,-617.1620990253954
1326,ksqexp,2.5,8,1,0.5,-39.29483666980301,-40.46934961708782
1327,ksqexp,2.5,8,1,0.1,-178.3374879971173,-117.89829449075863
1328,ksqexp,2.5,8,1,0.05,-376.90771006184724,-204.86903517373764
1329,ksqexp,2.5,8,1,0.01,-684.5399298829761,-308.8201309789728
1330,ksqexp,2.5,8,1,0,-719.1082234638684,-318.9194101293345
1331,ksqexp,2.5,8,1.5,0.5,-40.44627890880315,-41.943511615026466
1332,ksqexp,2.5,8,1.5,0.1,-161.26098375839535,-105.67188277215762
1333,ksqexp,2.5,8,1.5,0.05,-297.9138231462622,-161.87338116560085
1334,ksqexp,2.5,8,1.5,0.01,-469.21184765764184,-217.72091877491653
1335,ksqexp,2.5,8,1.5,0,-484.9304745425878,-222.2958372154839
1336,ksqexp,2.5,10,0.5,0.5,-39.17264960563372,-40.068352494061024
1337,ksqexp,2.5,10,0.5,0.1,-188.39707558401588,-129.26251967440004
1338,ksqexp,2.5,10,0.5,0.05,-437.44103202919814,-249.83303822804677
1339,ksqexp,2.5,10,0.5,0.01,-980.4482694447619,-439.2378490114897
1340,ksqexp,2.5,10,0.5,0,-1076.2628335449392,-466.052699920939
1341,ksqexp,2.5,10,1,0.5,-39.57122833407386,-40.8494435707202
1342,ksqexp,2.5,10,1,0.1,-158.29591270685555,-105.9601632135259
1343,ksqexp,2.5,10,1,0.05,-298.65949005292794,-166.86533549572772
1344,ksqexp,2.5,10,1,0.01,-517.5072770574061,-237.34119382054246
1345,ksqexp,2.5,10,1,0,-543.2338490586064,-244.4711512474396
1346,ksqexp,2.5,10,1.5,0.5,-40.87312787227999,-42.466348186512725
1347,ksqexp,2.5,10,1.5,0.1,-139.36355331312586,-93.96838279147117
1348,ksqexp,2.5,10,1.5,0.05,-233.66253515114954,-132.09352549194918
1349,ksqexp,2.5,10,1.5,0.01,-356.65135609543796,-170.17174269359862
1350,ksqexp,2.5,10,1.5,0,-368.3481775379213,-173.40129175524672
1351,ksqexp,2.5,25,0.5,0.5,-39.612532521495396,-40.17302787074428
1352,ksqexp,2.5,25,0.5,0.1,-121.18459694595863,-86.8145691262205
1353,ksqexp,2.5,25,0.5,0.05,-197.91290016989683,-122.51145826363054
1354,ksqexp,2.5,25,0.5,0.01,-500.775600620675,-207.52311745223932
1355,ksqexp,2.5,25,0.5,0,-574.5636936966262,-225.83830910448154
1356,ksqexp,2.5,25,1,0.5,-40.300678742187884,-41.29996152134674
1357,ksqexp,2.5,25,1,0.1,-87.94267174559106,-67.17744876648983
1358,ksqexp,2.5,25,1,0.05,-135.83651818085406,-85.02168812623628
1359,ksqexp,2.5,25,1,0.01,-274.38752194297456,-121.75963890910036
1360,ksqexp,2.5,25,1,0,-294.3852376301478,-126.7003415950636
1361,ksqexp,2.5,25,1.5,0.5,-41.691748935841,-43.18074640349676
1362,ksqexp,2.5,25,1.5,0.1,-75.18272198954512,-60.63158012821298
1363,ksqexp,2.5,25,1.5,0.05,-112.19349314702717,-72.81753848855097
1364,ksqexp,2.5,25,1.5,0.01,-194.66640666412826,-94.19736193547936
1365,ksqexp,2.5,25,1.5,0,-203.7830756095255,-96.44500916774368
1366,kexp,1,0.2,0.5,0.5,-35.4789456197849,-35.5028634803007
1367,kexp,1,0.2,0.5,0.1,-61.338158806519516,-61.306519043067446
1368,kexp,1,0.2,0.5,0.05,-74.12855957123747,-74.07093809496368
1369,kexp,1,0.2,0.5,0.01,-81.64420107438401,-81.57270295356976
1370,kexp,1,0.2,0.5,0,-82.02845207522834,-81.9562704361577
1371,kexp,1,0.2,1,0.5,-35.641327824061264,-35.6708702387093
1372,kexp,1,0.2,1,0.1,-44.62458117406498,-44.62981289080197
1373,kexp,1,0.2,1,0.05,-48.58854796045571,-48.58541895637933
1374,kexp,1,0.2,1,0.01,-50.462705478351474,-50.455933385640876
1375,kexp,1,0.2,1,0,-50.55036342242742,-50.5434250959558
1376,kexp,1,0.2,1.5,0.5,-36.70906491460363,-36.74384655016039
1377,kexp,1,0.2,1.5,0.1,-40.25109898104789,-40.271613895913454
1378,kexp,1,0.2,1.5,0.05,-42.03937062480786,-42.05586488315119
1379,kexp,1,0.2,1.5,0.01,-42.813235148237546,-42.82811622055145
1380,kexp,1,0.2,1.5,0,-42.848323971100946,-42.86313341549645
1381,kexp,1,0.5,0.5,0.5,-35.54140375041874,-35.60203010220687
1382,kexp,1,0.5,0.5,0.1,-41.37441450153038,-41.45651922391104
1383,kexp,1,0.5,0.5,0.05,-43.917489569891615,-43.9879391357986
1384,kexp,1,0.5,0.5,0.01,-45.06359454110606,-45.12847370299858
1385,kexp,1,0.5,0.5,0,-45.11628315022374,-45.18090340268725
1386,kexp,1,0.5,1,0.5,-36.47614253711983,-36.54630014846864
1387,kexp,1,0.5,1,0.1,-35.90889525093591,-35.985041086925555
1388,kexp,1,0.5,1,0.05,-36.42999792577588,-36.50274421830487
1389,kexp,1,0.5,1,0.01,-36.642759993522304,-36.71414041186034
1390,kexp,1,0.5,1,0,-36.65221346950634,-36.72353348444414
1391,kexp,1,0.5,1.5,0.5,-38.334008885348055,-38.407171379390874
1392,kexp,1,0.5,1.5,0.1,-36.42447318263452,-36.5001361892631
1393,kexp,1,0.5,1.5,0.05,-36.56184167740391,-36.635991869740806
1394,kexp,1,0.5,1.5,0.01,-36.61897364325387,-36.692551792868834
1395,kexp,1,0.5,1.5,0,-36.62151367593604,-36.69506694503224
1396,kexp,1,1,0.5,0.5,-36.40049315134683,-36.504227946757275
1397,kexp,1,1,0.5,0.1,-37.85355701685937,-38.07189789875408
1398,kexp,1,1,0.5,0.05,-38.50986117532895,-38.73203350671211
1399,kexp,1,1,0.5,0.01,-38.770282425624245,-38.993400199805535
1400,kexp,1,1,0.5,0,-38.78177869497348,-39.004932059249484
1401,kexp,1,1,1,0.5,-37.922914312853415,-38.04575487851461
1402,kexp,1,1,1,0.1,-35.87791260873409,-36.053436869391355
1403,kexp,1,1,1,0.05,-35.91127314873619,-36.088241626702604
1404,kexp,1,1,1,0.01,-35.927576179111526,-36.104968045835
1405,kexp,1,1,1,0,-35.92832185291632,-36.105730893501075
1406,kexp,1,1,1.5,0.5,-40.22411839977828,-40.35266503496783
1407,kexp,1,1,1.5,0.1,-37.834939596182366,-37.99591977737317
1408,kexp,1,1,1.5,0.05,-37.78357886424075,-37.94545367066701
1409,kexp,1,1,1.5,0.01,-37.768442085713026,-37.93059170090566
1410,kexp,1,1,1.5,0,-37.76782633895258,-37.92998727164025
1411,kexp,1,1.5,0.5,0.5,-36.98943024384555,-37.12717689263128
1412,kexp,1,1.5,0.5,0.1,-37.61094716554051,-37.91296115376429
1413,kexp,1,1.5,0.5,0.05,-37.91099285082012,-38.22365029386813
1414,kexp,1,1.5,0.5,0.01,-38.023663992282074,-38.3398333066674
1415,kexp,1,1.5,0.5,0,-38.028559848322196,-38.34487656956914
1416,kexp,1,1.5,1,0.5,-38.772434890847734,-38.93801123585528
1417,kexp,1,1.5,1,0.1,-36.638559934851926,-36.888735508102926
1418,kexp,1,1.5,1,0.05,-36.60225378381712,-36.85626349837675
1419,kexp,1,1.5,1,0.01,-36.59215060458525,-36.847405341421904
1420,kexp,1,1.5,1,0,-36.59174703140351,-36.847053832678014
1421,kexp,1,1.5,1.5,0.5,-41.25242290528469,-41.42890445116019
1422,kexp,1,1.5,1.5,0.1,-38.99479594878008,-39.2268046692111
1423,kexp,1,1.5,1.5,0.05,-38.926110129983066,-39.16033451725183
1424,kexp,1,1.5,1.5,0.01,-38.904369315564566,-39.13930957682118
1425,kexp,1,1.5,1.5,0,-38.903466192495515,-39.1384363537791
1426,kexp,1,2,0.5,0.5,-37.36742323343708,-37.54003295413813
1427,kexp,1,2,0.5,0.1,-37.68629899024761,-38.050773695339274
1428,kexp,1,2,0.5,0.05,-37.86472068988684,-38.24231098504134
1429,kexp,1,2,0.5,0.01,-37.9296266090742,-38.3116127856598
1430,kexp,1,2,0.5,0,-37.932422294843505,-38.314593824999186
1431,kexp,1,2,1,0.5,-39.28924768428547,-39.494797722999884
1432,kexp,1,2,1,0.1,-37.1941759617016,-37.50564115334342
1433,kexp,1,2,1,0.05,-37.14006130071215,-37.45654926196335
1434,kexp,1,2,1,0.01,-37.12329853106084,-37.44142747019449
1435,kexp,1,2,1,0,-37.12260636798508,-37.44080404344555
1436,kexp,1,2,1.5,0.5,-41.86701399606459,-42.08756853592922
1437,kexp,1,2,1.5,0.1,-39.73603552544471,-40.02891061460482
1438,kexp,1,2,1.5,0.05,-39.666484048323234,-39.96234775644484
1439,kexp,1,2,1.5,0.01,-39.64425058218558,-39.94108313755237
1440,kexp,1,2,1.5,0,-39.64332449243389,-39.94019754966252
1441,kexp,1,2.5,0.5,0.5,-37.630419449543034,-37.83744436284586
1442,kexp,1,2.5,0.5,0.1,-37.81478509235062,-38.231811612937086
1443,kexp,1,2.5,0.5,0.05,-37.94033430845922,-38.371227131497655
1444,kexp,1,2.5,0.5,0.01,-37.98508383236748,-38.420623013809795
1445,kexp,1,2.5,0.5,0,-37.987000647505106,-38.42273574157783
1446,kexp,1,2.5,1,0.5,-39.632173819997305,-39.873765817766355
1447,kexp,1,2.5,1,0.1,-37.59208491578804,-37.95428998930784
1448,kexp,1,2.5,1,0.05,-37.53278778239627,-37.90065010522044
1449,kexp,1,2.5,1,0.01,-37.514052166313895,-37.883762365209975
1450,kexp,1,2.5,1,0,-37.51327421997101,-37.88306181800139
1451,kexp,1,2.5,1.5,0.5,-42.269777433081224,-42.52857569343673
1452,kexp,1,2.5,1.5,0.1,-40.23633840454106,-40.57950077070384
1453,kexp,1,2.5,1.5,0.05,-40.16862906197009,-40.51526212132971
1454,kexp,1,2.5,1.5,0.01,-40.14692679034877,-40.494684860664385
1455,kexp,1,2.5,1.5,0,-40.14602217752952,-40.49382727687901
1456,kexp,1,3,0.5,0.5,-37.83046583672201,-38.0690367318251
1457,kexp,1,3,0.5,0.1,-37.96084675205081,-38.4231517620483
1458,kexp,1,3,0.5,0.05,-38.06069846065011,-38.536962789114995
1459,kexp,1,3,0.5,0.01,-38.09579856396225,-38.576724068035595
1460,kexp,1,3,0.5,0,-38.09729644661622,-38.57841831164183
1461,kexp,1,3,1,0.5,-39.879202573142365,-40.15158715059319
1462,kexp,1,3,1,0.1,-37.89403644313366,-38.297410975569015
1463,kexp,1,3,1,0.05,-37.833691492737096,-38.24307723115582
1464,kexp,1,3,1,0.01,-37.81449832943218,-38.22584512447238
1465,kexp,1,3,1,0,-37.813699936740676,-38.225128845403596
1466,kexp,1,3,1.5,0.5,-42.55486188708308,-42.84508997579303
1467,kexp,1,3,1.5,0.1,-40.597230325889555,-40.98037357319717
1468,kexp,1,3,1.5,0.05,-40.53171674724016,-40.91863922923766
1469,kexp,1,3,1.5,0.01,-40.51070073797669,-40.898847490816024
1470,kexp,1,3,1.5,0,-40.509824533519534,-40.89802245672815
1471,kexp,1,3.5,0.5,0.5,-37.99416587945181,-38.25988186736425
1472,kexp,1,3.5,0.5,0.1,-38.11827503641947,-38.618175814962854
1473,kexp,1,3.5,0.5,0.05,-38.20530183256723,-38.718956809832065
1474,kexp,1,3.5,0.5,0.01,-38.23559602232585,-38.75382351284815
1475,kexp,1,3.5,0.5,0,-38.236885450569794,-38.75530534749991
1476,kexp,1,3.5,1,0.5,-40.070104714798426,-40.36765113096663
1477,kexp,1,3.5,1,0.1,-38.137519556913404,-38.573276354097025
1478,kexp,1,3.5,1,0.05,-38.07773414122784,-38.519689894989945
1479,kexp,1,3.5,1,0.01,-38.05866867980697,-38.50264394252768
1480,kexp,1,3.5,1,0,-38.05787502870856,-38.50193482248915
1481,kexp,1,3.5,1.5,0.5,-42.77006864430867,-43.085161813657464
1482,kexp,1,3.5,1.5,0.1,-40.87351531991344,-41.28747450468037
1483,kexp,1,3.5,1.5,0.05,-40.810068154509395,-41.22800106216149
1484,kexp,1,3.5,1.5,0.01,-40.789710464937826,-41.208929798504215
1485,kexp,1,3.5,1.5,0,-40.788861654826,-41.2081347475567
1486,kexp,1,4,0.5,0.5,-38.134406721044016,-38.42228076579752
1487,kexp,1,4,0.5,0.1,-38.28230944116563,-38.811380846325655
1488,kexp,1,4,0.5,0.05,-38.363336268579985,-38.90576157612282
1489,kexp,1,4,0.5,0.01,-38.39134289247812,-38.93818697269774
1490,kexp,1,4,0.5,0,-38.39253273646694,-38.93956252832811
1491,kexp,1,4,1,0.5,-40.2254814288727,-40.542825522805764
1492,kexp,1,4,1,0.1,-38.342838754477434,-38.80308598316924
1493,kexp,1,4,1,0.05,-38.284293909547586,-38.75081322554945
1494,kexp,1,4,1,0.01,-38.26560419971605,-38.734164117002464
1495,kexp,1,4,1,0,-38.26482596412019,-38.733471265946804
1496,kexp,1,4,1.5,0.5,-42.94080552339071,-43.27501628007752
1497,kexp,1,4,1.5,0.1,-41.09509704927684,-41.5321483387832
1498,kexp,1,4,1.5,0.05,-41.033501279503845,-41.474640553720626
1499,kexp,1,4,1.5,0.01,-41.01373783920716,-41.4561997154455
1500,kexp,1,4,1.5,0,-41.012913806742766,-41.45543094522449
1501,kexp,1,6,0.5,0.5,-38.54347659648129,-38.87637502113117
1502,kexp,1,6,0.5,0.1,-38.89746526795431,-39.46516120986833
1503,kexp,1,6,0.5,0.05,-38.97958704058028,-39.55756612779081
1504,kexp,1,6,0.5,0.01,-39.007570825801345,-39.58888113064487
1505,kexp,1,6,0.5,0,-39.008755374648395,-39.59020490366665
1506,kexp,1,6,1,0.5,-40.64883240308242,-41.00502294272581
1507,kexp,1,6,1,0.1,-38.93382474125173,-39.434214131578045
1508,kexp,1,6,1,0.05,-38.881454416941445,-39.38771726783327
1509,kexp,1,6,1,0.01,-38.864740856482626,-39.37290557786714
1510,kexp,1,6,1,0,-38.86404495009346,-39.37228915401741
1511,kexp,1,6,1.5,0.5,-43.38562717079612,-43.75729311744903
1512,kexp,1,6,1.5,0.1,-41.68133198084606,-42.15970543676506
1513,kexp,1,6,1.5,0.05,-41.62521157407122,-42.10767743024363
1514,kexp,1,6,1.5,0.01,-41.60721515821066,-42.09100240373362
1515,kexp,1,6,1.5,0,-41.60646490864701,-42.090307337539564
1516,kexp,1,8,0.5,0.5,-38.7799475688131,-39.116720902821555
1517,kexp,1,8,0.5,0.1,-39.3259267920896,-39.857725232590816
1518,kexp,1,8,0.5,0.05,-39.41697674486639,-39.954915133179824
1519,kexp,1,8,0.5,0.01,-39.44785145927049,-39.98770322465071
1520,kexp,1,8,0.5,0,-39.449156799209575,-39.98908769229694
1521,kexp,1,8,1,0.5,-40.888652959050276,-41.24919698863249
1522,kexp,1,8,1,0.1,-39.28552977107145,-39.77809646946655
1523,kexp,1,8,1,0.05,-39.23792407523719,-39.735517293494105
1524,kexp,1,8,1,0.01,-39.22275621226993,-39.72196982804805
1525,kexp,1,8,1,0,-39.22212493335355,-39.721406190594905
1526,kexp,1,8,1.5,0.5,-43.63020390895136,-44.00859058424547
1527,kexp,1,8,1.5,0.1,-42.00761603184296,-42.48825173842135
1528,kexp,1,8,1.5,0.05,-41.95475328510703,-42.43920355189167
1529,kexp,1,8,1.5,0.01,-41.93781063395019,-42.423490675510216
1530,kexp,1,8,1.5,0,-41.93710441147342,-42.42283579009956
1531,kexp,1,10,0.5,0.5,-38.910540743572156,-39.23736650014261
1532,kexp,1,10,0.5,0.1,-39.58120388995846,-40.0585780314709
1533,kexp,1,10,0.5,0.05,-39.67901565290523,-40.15878559489767
1534,kexp,1,10,0.5,0.01,-39.712116517450355,-40.19253279376082
1535,kexp,1,10,0.5,0,-39.71351528815242,-40.19395713886755
1536,kexp,1,10,1,0.5,-41.026788493298334,-41.38090594697357
1537,kexp,1,10,1,0.1,-39.49188639908724,-39.964247855513335
1538,kexp,1,10,1,0.05,-39.44727358461944,-39.92385947951234
1539,kexp,1,10,1,0.01,-39.43307880009452,-39.91102056748312
1540,kexp,1,10,1,0,-39.43248823023701,-39.91048653246934
1541,kexp,1,10,1.5,0.5,-43.77228470386947,-44.14813087111685
1542,kexp,1,10,1.5,0.1,-42.197428868219745,-42.669900492303995
1543,kexp,1,10,1.5,0.05,-42.146474805211994,-42.62247497552378
1544,kexp,1,10,1.5,0.01,-42.13014972890589,-42.6072860988276
1545,kexp,1,10,1.5,0,-42.129469311003724,-42.606653097075316
1546,kexp,1,25,0.5,0.5,-39.04698336091243,-39.32159239586722
1547,kexp,1,25,0.5,0.1,-39.85422648092726,-40.156544995087756
1548,kexp,1,25,0.5,0.05,-39.95912532543103,-40.25535069999009
1549,kexp,1,25,0.5,0.01,-39.99454733514692,-40.28858470418332
1550,kexp,1,25,0.5,0,-39.99604338915779,-40.28998694843939
1551,kexp,1,25,1,0.5,-41.210226831489386,-41.53030855257494
1552,kexp,1,25,1,0.1,-39.76180261696065,-40.164697918527246
1553,kexp,1,25,1,0.05,-39.72083683818903,-40.126180322975294
1554,kexp,1,25,1,0.01,-39.70782483535532,-40.11394297284439
1555,kexp,1,25,1,0,-39.70728371550094,-40.113434032871474
1556,kexp,1,25,1.5,0.5,-43.977746750649764,-44.334640096169124
1557,kexp,1,25,1.5,0.1,-42.4663629239502,-42.90602831751992
1558,kexp,1,25,1.5,0.05,-42.41786596355963,-42.86044365400377
1559,kexp,1,25,1.5,0.01,-42.40233452898931,-42.84584806464488
1560,kexp,1,25,1.5,0,-42.401687257687186,-42.845239827754376
1561,kexp,1.25,0.2,0.5,0.5,-35.808660170024226,-35.83675759902082
1562,kexp,1.25,0.2,0.5,0.1,-69.41195024408084,-69.35045963526112
1563,kexp,1.25,0.2,0.5,0.05,-87.19658829420086,-87.09204149270819
1564,kexp,1.25,0.2,0.5,0.01,-98.58662678370412,-98.45726757380066
1565,kexp,1.25,0.2,0.5,0,-99.19341610968542,-99.06279302320368
1566,kexp,1.25,0.2,1,0.5,-35.54815707870593,-35.58367174345969
1567,kexp,1.25,0.2,1,0.1,-48.65324842465521,-48.6489179512681
1568,kexp,1.25,0.2,1,0.05,-54.53874418805081,-54.519912092357
1569,kexp,1.25,0.2,1,0.01,-57.49621786488814,-57.47072905034304
1570,kexp,1.25,0.2,1,0,-57.637757730506074,-57.61195937813696
1571,kexp,1.25,0.2,1.5,0.5,-36.32031427631156,-36.363385217987094
1572,kexp,1.25,0.2,1.5,0.1,-42.46716666017248,-42.486579288548164
1573,kexp,1.25,0.2,1.5,0.05,-45.2559915560932,-45.268253983620376
1574,kexp,1.25,0.2,1.5,0.01,-46.518396732644725,-46.52767424277468
1575,kexp,1.25,0.2,1.5,0,-46.576528370126276,-46.58567159579617
1576,kexp,1.25,0.5,0.5,0.5,-35.6793782376424,-35.749204148449074
1577,kexp,1.25,0.5,0.5,0.1,-44.57839442807237,-44.66386906363434
1578,kexp,1.25,0.5,0.5,0.05,-48.40206875938697,-48.46597396796759
1579,kexp,1.25,0.5,0.5,0.01,-50.21835691085197,-50.27145453408347
1580,kexp,1.25,0.5,0.5,0,-50.303433671797684,-50.356020359135854
1581,kexp,1.25,0.5,1,0.5,-36.10943134284061,-36.195198239715765
1582,kexp,1.25,0.5,1,0.1,-36.700979084117584,-36.78948437895422
1583,kexp,1.25,0.5,1,0.05,-37.594904315438306,-37.67680976249409
1584,kexp,1.25,0.5,1,0.01,-37.96791558527984,-38.0470969133648
1585,kexp,1.25,0.5,1,0,-37.98461381735601,-38.063673653065365
1586,kexp,1.25,0.5,1.5,0.5,-37.63575971595336,-37.727823453297496
1587,kexp,1.25,0.5,1.5,0.1,-36.24457308035034,-36.336716896947415
1588,kexp,1.25,0.5,1.5,0.05,-36.542406410252575,-36.63151101026924
1589,kexp,1.25,0.5,1.5,0.01,-36.663624162938405,-36.75155950330758
1590,kexp,1.25,0.5,1.5,0,-36.668997299170876,-36.756881517671225
1591,kexp,1.25,1,0.5,0.5,-36.40622813694311,-36.52507167227908
1592,kexp,1.25,1,0.5,0.1,-39.41535061344195,-39.668017323668494
1593,kexp,1.25,1,0.5,0.05,-40.47598135067104,-40.72996156179014
1594,kexp,1.25,1,0.5,0.01,-40.90839300932182,-41.16195011588452
1595,kexp,1.25,1,0.5,0,-40.92764807062051,-41.18117590051437
1596,kexp,1.25,1,1,0.5,-37.48535252488299,-37.63653642572973
1597,kexp,1.25,1,1,0.1,-35.803388915630286,-36.018428649974204
1598,kexp,1.25,1,1,0.05,-35.92604405874724,-36.141908275572604
1599,kexp,1.25,1,1,0.01,-35.97649720207365,-36.19250438361679
1600,kexp,1.25,1,1,0,-35.97873426079433,-36.19474592851435
1601,kexp,1.25,1,1.5,0.5,-39.5011829974973,-39.66383787602867
1602,kexp,1.25,1,1.5,0.1,-37.14718483923913,-37.34980732575477
1603,kexp,1.25,1,1.5,0.05,-37.12437441063783,-37.32768889375449
1604,kexp,1.25,1,1.5,0.01,-37.119906299244114,-37.32340531990699
1605,kexp,1.25,1,1.5,0,-37.119753090896936,-37.32325937122576
1606,kexp,1.25,1.5,0.5,0.5,-36.95841337650534,-37.11342507917017
1607,kexp,1.25,1.5,0.5,0.1,-38.68154360629997,-39.03334381716303
1608,kexp,1.25,1.5,0.5,0.05,-39.188555156271406,-39.552563360039414
1609,kexp,1.25,1.5,0.5,0.01,-39.381891975075746,-39.74981604235227
1610,kexp,1.25,1.5,0.5,0,-39.390333805823815,-39.75842074616124
1611,kexp,1.25,1.5,1,0.5,-38.3587446922467,-38.561687824901526
1612,kexp,1.25,1.5,1,0.1,-36.39606552848952,-36.705812746727446
1613,kexp,1.25,1.5,1,0.05,-36.39626050360558,-36.7106606855239
1614,kexp,1.25,1.5,1,0.01,-36.39951457096854,-36.71541027936515
1615,kexp,1.25,1.5,1,0,-36.399687246867714,-36.71564531231192
1616,kexp,1.25,1.5,1.5,0.5,-40.58975431187052,-40.81281344770294
1617,kexp,1.25,1.5,1.5,0.1,-38.27474918873102,-38.56961416631142
1618,kexp,1.25,1.5,1.5,0.05,-38.21327106593768,-38.51092042275947
1619,kexp,1.25,1.5,1.5,0.01,-38.19424706311597,-38.492791503817955
1620,kexp,1.25,1.5,1.5,0,-38.19346182727526,-38.492043601088305
1621,kexp,1.25,2,0.5,0.5,-37.31900957953288,-37.51052652693772
1622,kexp,1.25,2,0.5,0.1,-38.493361435574734,-38.91552175647419
1623,kexp,1.25,2,0.5,0.05,-38.80073640488593,-39.23935135254127
1624,kexp,1.25,2,0.5,0.01,-38.9135630884704,-39.357694409970605
1625,kexp,1.25,2,0.5,0,-38.91843696566437,-39.36280086472053
1626,kexp,1.25,2,1,0.5,-38.90577962115276,-39.15722016896561
1627,kexp,1.25,2,1,0.1,-36.89655537451883,-37.28437825790639
1628,kexp,1.25,2,1,0.05,-36.86056340879688,-37.254986726771705
1629,kexp,1.25,2,1,0.01,-36.850292667647025,-37.24687310717433
1630,kexp,1.25,2,1,0,-36.849878958120776,-37.24654975901117
1631,kexp,1.25,2,1.5,0.5,-41.26268533610079,-41.54224348116394
1632,kexp,1.25,2,1.5,0.1,-39.042701556857395,-39.418099222482695
1633,kexp,1.25,2,1.5,0.05,-38.9738042262323,-39.353219822866
1634,kexp,1.25,2,1.5,0.01,-38.9519260294917,-39.332644654153235
1635,kexp,1.25,2,1.5,0,-38.95101638900449,-39.331789490506175
1636,kexp,1.25,2.5,0.5,0.5,-37.566158739531744,-37.79437592733827
1637,kexp,1.25,2.5,0.5,0.1,-38.44243685219545,-38.919308838498495
1638,kexp,1.25,2.5,0.5,0.05,-38.6577396702786,-39.15220265700763
1639,kexp,1.25,2.5,0.5,0.01,-38.734880171688225,-39.23527297444657
1640,kexp,1.25,2.5,0.5,0,-38.73819026032366,-39.238833483705044
1641,kexp,1.25,2.5,1,0.5,-39.27158712434556,-39.567589088164844
1642,kexp,1.25,2.5,1,0.1,-37.26921793312478,-37.721589234603066
1643,kexp,1.25,2.5,1,0.05,-37.21971484966397,-37.67968091142949
1644,kexp,1.25,2.5,1,0.01,-37.204453766473705,-37.6669061614236
1645,kexp,1.25,2.5,1,0,-37.203824445477984,-37.66638104199914
1646,kexp,1.25,2.5,1.5,0.5,-41.711428384740124,-42.04160380889307
1647,kexp,1.25,2.5,1.5,0.1,-39.5758637969789,-40.01933672847776
1648,kexp,1.25,2.5,1.5,0.05,-39.50621790469869,-39.95446466388371
1649,kexp,1.25,2.5,1.5,0.01,-39.48395333714531,-39.93374959511844
1650,kexp,1.25,2.5,1.5,0,-39.483025940596846,-39.93288699483117
1651,kexp,1.25,3,0.5,0.5,-37.74796372385736,-38.01094583994968
1652,kexp,1.25,3,0.5,0.1,-38.451360463011504,-38.971954891273995
1653,kexp,1.25,3,0.5,0.05,-38.61860873415198,-39.15648824143017
1654,kexp,1.25,3,0.5,0.01,-38.67757462457204,-39.221269169303746
1655,kexp,1.25,3,0.5,0,-38.680093703274935,-39.22403370558593
1656,kexp,1.25,3,1,0.5,-39.5325483822257,-39.86754919997442
1657,kexp,1.25,3,1,0.1,-37.554849031531774,-38.0592970215549
1658,kexp,1.25,3,1,0.05,-37.49998183731871,-38.01249866146977
1659,kexp,1.25,3,1,0.01,-37.48273017802351,-37.99788616847007
1660,kexp,1.25,3,1,0,-37.482014795587624,-37.99728136794955
1661,kexp,1.25,3,1.5,0.5,-42.02999831343648,-42.40317604020812
1662,kexp,1.25,3,1.5,0.1,-39.964784818132365,-40.46348859357172
1663,kexp,1.25,3,1.5,0.05,-39.896203509056,-40.400142723982896
1664,kexp,1.25,3,1.5,0.01,-39.87422786624153,-40.37986560880902
1665,kexp,1.25,3,1.5,0,-39.87331192642733,-40.37902068880617
1666,kexp,1.25,3.5,0.5,0.5,-37.892132177363074,-38.18648440634278
1667,kexp,1.25,3.5,0.5,0.1,-38.49937305073038,-39.054595216664474
1668,kexp,1.25,3.5,0.5,0.05,-38.640055014956054,-39.21154822271375
1669,kexp,1.25,3.5,0.5,0.01,-38.68911587681141,-39.26605712986789
1670,kexp,1.25,3.5,0.5,0,-38.6912055796274,-39.268376521019945
1671,kexp,1.25,3.5,1,0.5,-39.73059080353662,-40.098484632331456
1672,kexp,1.25,3.5,1,0.1,-37.78548745592326,-38.33089941579101
1673,kexp,1.25,3.5,1,0.05,-37.72877442402768,-38.28241963760993
1674,kexp,1.25,3.5,1,0.01,-37.710807973233976,-38.26714195053875
1675,kexp,1.25,3.5,1,0,-37.71006140337171,-38.2665079958485
1676,kexp,1.25,3.5,1.5,0.5,-42.26891565847703,-42.67732563676589
1677,kexp,1.25,3.5,1.5,0.1,-40.263063292263645,-40.80524004110475
1678,kexp,1.25,3.5,1.5,0.05,-40.196056223378115,-40.74373609335399
1679,kexp,1.25,3.5,1.5,0.01,-40.174566030914356,-40.72402992675653
1680,kexp,1.25,3.5,1.5,0,-40.1736701113561,-40.72320858752762
1681,kexp,1.25,4,0.5,0.5,-38.01411924415936,-38.33572572253988
1682,kexp,1.25,4,0.5,0.1,-38.57703861058679,-39.15870225899651
1683,kexp,1.25,4,0.5,0.05,-38.702917353889774,-39.29946673661556
1684,kexp,1.25,4,0.5,0.01,-38.74648881251261,-39.34799033479568
1685,kexp,1.25,4,0.5,0,-38.74834095012073,-39.3500509053881
1686,kexp,1.25,4,1,0.5,-39.889388329246295,-40.284293666525116
1687,kexp,1.25,4,1,0.1,-37.98107716323488,-38.55791223313463
1688,kexp,1.25,4,1,0.05,-37.924226653107446,-38.50926430600003
1689,kexp,1.25,4,1,0.01,-37.90615798749268,-38.49386968708572
1690,kexp,1.25,4,1,0,-37.90540650121411,-38.49323014898893
1691,kexp,1.25,4,1.5,0.5,-42.456851567102014,-42.893460426618894
1692,kexp,1.25,4,1.5,0.1,-40.502252493565486,-41.0779048890536
1693,kexp,1.25,4,1.5,0.05,-40.43691871067765,-41.018210499374725
1694,kexp,1.25,4,1.5,0.01,-40.41595899287826,-40.999077521191666
1695,kexp,1.25,4,1.5,0,-40.41508511831536,-40.99827999692604
1696,kexp,1.25,6,0.5,0.5,-38.38965031659342,-38.779108374896936
1697,kexp,1.25,6,0.5,0.1,-39.03247575652078,-39.65076565846293
1698,kexp,1.25,6,0.5,0.05,-39.14630760115775,-39.77259919303569
1699,kexp,1.25,6,0.5,0.01,-39.18518766968612,-39.814008560346295
1700,kexp,1.25,6,0.5,0,-39.18683457290465,-39.81576047627916
1701,kexp,1.25,6,1,0.5,-40.32635048642856,-40.7831250944861
1702,kexp,1.25,6,1,0.1,-38.57263274051961,-39.207928897079036
1703,kexp,1.25,6,1,0.05,-38.520644261814134,-39.16311450470334
1704,kexp,1.25,6,1,0.01,-38.504096965767516,-39.14888827122099
1705,kexp,1.25,6,1,0,-38.50340846872039,-39.14829675444817
1706,kexp,1.25,6,1.5,0.5,-42.947030444733215,-43.446336815879484
1707,kexp,1.25,6,1.5,0.1,-41.145593652526145,-41.78841703502839
1708,kexp,1.25,6,1.5,0.05,-41.0861227306485,-41.73447246086336
1709,kexp,1.25,6,1.5,0.01,-41.067051589565,-41.717186128456625
1710,kexp,1.25,6,1.5,0,-41.06625653406317,-41.7164656139089
1711,kexp,1.25,8,0.5,0.5,-38.64199870489539,-39.051491192318885
1712,kexp,1.25,8,0.5,0.1,-39.467533071577,-40.04979315978584
1713,kexp,1.25,8,0.5,0.05,-39.58940553798141,-40.172722397873365
1714,kexp,1.25,8,0.5,0.01,-39.630860960018616,-40.21430555625291
1715,kexp,1.25,8,0.5,0,-39.632615134958016,-40.2160626789523
1716,kexp,1.25,8,1,0.5,-40.594615348211505,-41.068960195018526
1717,kexp,1.25,8,1,0.1,-38.966261176378694,-39.60172515626019
1718,kexp,1.25,8,1,0.05,-38.91973569842458,-39.56096617932374
1719,kexp,1.25,8,1,0.01,-38.90496246252053,-39.54804298823532
1720,kexp,1.25,8,1,0,-38.90434815976206,-39.54750581648169
1721,kexp,1.25,8,1.5,0.5,-43.23000200490742,-43.74881503425224
1722,kexp,1.25,8,1.5,0.1,-41.52624765181586,-42.18253038850947
1723,kexp,1.25,8,1.5,0.05,-41.47076855101702,-42.132126334919256
1724,kexp,1.25,8,1.5,0.01,-41.45299028878556,-42.11598307536046
1725,kexp,1.25,8,1.5,0,-41.452249268101035,-42.115310295729444
1726,kexp,1.25,10,0.5,0.5,-38.79920777399407,-39.20590237451132
1727,kexp,1.25,10,0.5,0.1,-39.76774933000594,-40.28837600072779
1728,kexp,1.25,10,0.5,0.05,-39.89762443103482,-40.413543840064285
1729,kexp,1.25,10,0.5,0.01,-39.94172335136892,-40.4557999578633
1730,kexp,1.25,10,0.5,0,-39.94358857110999,-40.45758461966357
1731,kexp,1.25,10,1,0.5,-40.76239819996712,-41.23613079608393
1732,kexp,1.25,10,1,0.1,-39.218038764881214,-39.83433958728807
1733,kexp,1.25,10,1,0.05,-39.175312239576826,-39.79615861248828
1734,kexp,1.25,10,1,0.01,-39.16177661956605,-39.78406782979024
1735,kexp,1.25,10,1,0,-39.161214119399474,-39.783565419975
1736,kexp,1.25,10,1.5,0.5,-43.40475777150402,-43.926937484776616
1737,kexp,1.25,10,1.5,0.1,-41.76174856760902,-42.414010678208925
1738,kexp,1.25,10,1.5,0.05,-41.708758518880124,-42.36567067341533
1739,kexp,1.25,10,1.5,0.01,-41.691786714366124,-42.35019405773504
1740,kexp,1.25,10,1.5,0,-41.691079402233576,-42.34954912015019
1741,kexp,1.25,25,0.5,0.5,-38.994533075278326,-39.33396482353756
1742,kexp,1.25,25,0.5,0.1,-40.12460840431076,-40.397843153863235
1743,kexp,1.25,25,0.5,0.05,-40.26149028143275,-40.51707639829761
1744,kexp,1.25,25,0.5,0.01,-40.30783895421516,-40.55725019536462
1745,kexp,1.25,25,0.5,0,-40.309797962386234,-40.55894605517943
1746,kexp,1.25,25,1,0.5,-41.022183698159935,-41.456373554743536
1747,kexp,1.25,25,1,0.1,-39.58970166921178,-40.11684365003329
1748,kexp,1.25,25,1,0.05,-39.55149949283957,-40.08060821836412
1749,kexp,1.25,25,1,0.01,-39.53942687400079,-40.06913504804496
1750,kexp,1.25,25,1,0,-39.53892549272396,-40.06865831597542
1751,kexp,1.25,25,1.5,0.5,-43.696507036530754,-44.20225563608914
1752,kexp,1.25,25,1.5,0.1,-42.13893992934361,-42.75709468268582
1753,kexp,1.25,25,1.5,0.05,-42.08920841262208,-42.71119099166107
1754,kexp,1.25,25,1.5,0.01,-42.07328817295781,-42.69649807689867
1755,kexp,1.25,25,1.5,0,-42.07262476957421,-42.69588583631245
1756,kexp,1.5,0.2,0.5,0.5,-36.145422339169464,-36.17647199572369
1757,kexp,1.5,0.2,0.5,0.1,-77.10970244264823,-77.01441742700638
1758,kexp,1.5,0.2,0.5,0.05,-100.09099238675891,-99.93306237046536
1759,kexp,1.5,0.2,0.5,0.01,-115.96281384218133,-115.76612933901654
1760,kexp,1.5,0.2,0.5,0,-116.84213867820215,-116.64341394088326
1761,kexp,1.5,0.2,1,0.5,-35.52300836753085,-35.56158433945388
1762,kexp,1.5,0.2,1,0.1,-52.72719527092324,-52.70826668413157
1763,kexp,1.5,0.2,1,0.05,-60.725621219085895,-60.68471036417356
1764,kexp,1.5,0.2,1,0.01,-64.97757504864846,-64.92606067709717
1765,kexp,1.5,0.2,1,0,-65.18569771472747,-65.13368088649239
1766,kexp,1.5,0.2,1.5,0.5,-36.051442692268544,-36.09907435063555
1767,kexp,1.5,0.2,1.5,0.1,-44.88551045519774,-44.898504052169834
1768,kexp,1.5,0.2,1.5,0.05,-48.81369479788974,-48.81560638695563
1769,kexp,1.5,0.2,1.5,0.01,-50.67069222746671,-50.667797145277355
1770,kexp,1.5,0.2,1.5,0,-50.75754082593154,-50.75442663406009
1771,kexp,1.5,0.5,0.5,0.5,-35.88275969373454,-35.95723910511179
1772,kexp,1.5,0.5,0.5,0.1,-47.96310995596842,-48.04472482987174
1773,kexp,1.5,0.5,0.5,0.05,-53.227543212267456,-53.27599709844049
1774,kexp,1.5,0.5,0.5,0.01,-55.85459005129941,-55.885543430047036
1775,kexp,1.5,0.5,0.5,0,-55.97994014549892,-56.01005075918792
1776,kexp,1.5,0.5,1,0.5,-35.867617833562576,-35.96290161533905
1777,kexp,1.5,0.5,1,0.1,-37.761819903516276,-37.85552705453774
1778,kexp,1.5,0.5,1,0.05,-39.10254341302321,-39.18567118224722
1779,kexp,1.5,0.5,1,0.01,-39.67658352337111,-39.7552083823022
1780,kexp,1.5,0.5,1,0,-39.70250345282703,-39.78092555998624
1781,kexp,1.5,0.5,1.5,0.5,-37.09827183225669,-37.202890076203566
1782,kexp,1.5,0.5,1.5,0.1,-36.35443985673646,-36.456013415774855
1783,kexp,1.5,0.5,1.5,0.05,-36.853913218502235,-36.95048920621347
1784,kexp,1.5,0.5,1.5,0.01,-37.058264439059414,-37.152876768234165
1785,kexp,1.5,0.5,1.5,0,-37.067347988516055,-37.161873926832975
1786,kexp,1.5,1,0.5,0.5,-36.49903540792105,-36.62624567140428
1787,kexp,1.5,1,0.5,0.1,-41.3134984900862,-41.58536160912444
1788,kexp,1.5,1,0.5,0.05,-42.86405131762401,-43.13318548470065
1789,kexp,1.5,1,0.5,0.01,-43.51336602399191,-43.779859209313074
1790,kexp,1.5,1,0.5,0,-43.54253592676709,-43.80889383927646
1791,kexp,1.5,1,1,0.5,-37.16596590411665,-37.336238462173995
1792,kexp,1.5,1,1,0.1,-35.996229622247036,-36.23832459880917
1793,kexp,1.5,1,1,0.05,-36.23681919083002,-36.47857439525228
1794,kexp,1.5,1,1,0.01,-36.333295784463,-36.57468157967365
1795,kexp,1.5,1,1,0,-36.33755497713787,-36.578922150177206
1796,kexp,1.5,1,1.5,0.5,-38.91093503029382,-39.09808475739535
1797,kexp,1.5,1,1.5,0.1,-36.69477210341181,-36.92760992183543
1798,kexp,1.5,1,1.5,0.05,-36.71449703775857,-36.947548125090975
1799,kexp,1.5,1,1.5,0.01,-36.72601037817926,-36.959048786241745
1800,kexp,1.5,1,1.5,0,-36.72655142729302,-36.95958835384256
1801,kexp,1.5,1.5,0.5,0.5,-37.018661003394406,-37.18518245987138
1802,kexp,1.5,1.5,0.5,0.1,-40.1102850564395,-40.492628508968885
1803,kexp,1.5,1.5,0.5,0.05,-40.88109590368301,-41.27565226241059
1804,kexp,1.5,1.5,0.5,0.01,-41.17979514214133,-41.57802237090613
1805,kexp,1.5,1.5,0.5,0,-41.19290440851051,-41.59128083708209
1806,kexp,1.5,1.5,1,0.5,-38.04710943393992,-38.27721720515187
1807,kexp,1.5,1.5,1,0.1,-36.38807820827938,-36.74131480635269
1808,kexp,1.5,1.5,1,0.05,-36.441336552242085,-36.79957716360662
1809,kexp,1.5,1.5,1,0.01,-36.4641540203941,-36.82396926814619
1810,kexp,1.5,1.5,1,0,-36.465172716101925,-36.82505320624336
1811,kexp,1.5,1.5,1.5,0.5,-40.03153925615575,-40.28971122985678
1812,kexp,1.5,1.5,1.5,0.1,-37.740793704119625,-38.08367586742824
1813,kexp,1.5,1.5,1.5,0.05,-37.6940921187598,-38.04010328024535
1814,kexp,1.5,1.5,1.5,0.01,-37.68047123658407,-38.02747832414496
1815,kexp,1.5,1.5,1.5,0,-37.67991891868534,-38.026967429350016
1816,kexp,1.5,2,0.5,0.5,-37.36501932083997,-37.57126379725236
1817,kexp,1.5,2,0.5,0.1,-39.65656776053078,-40.11841298216225
1818,kexp,1.5,2,0.5,0.05,-40.13533614155347,-40.61563251786181
1819,kexp,1.5,2,0.5,0.01,-40.31289215765874,-40.79933517624022
1820,kexp,1.5,2,0.5,0,-40.32058709818339,-40.80728871216284
1821,kexp,1.5,2,1,0.5,-38.611798202483065,-38.8986802083151
1822,kexp,1.5,2,1,0.1,-36.80452635678348,-37.25142453392331
1823,kexp,1.5,2,1,0.05,-36.798022104455434,-37.25271772614407
1824,kexp,1.5,2,1,0.01,-36.798298574526186,-37.25553801870333
1825,kexp,1.5,2,1,0,-36.79833724073398,-37.255683188047385
1826,kexp,1.5,2,1.5,0.5,-40.74166451045346,-41.06740705668074
1827,kexp,1.5,2,1.5,0.1,-38.498866506368294,-38.939917108424844
1828,kexp,1.5,2,1.5,0.05,-38.43555911575262,-38.88147652049692
1829,kexp,1.5,2,1.5,0.01,-38.41573192982584,-38.863226719529244
1830,kexp,1.5,2,1.5,0,-38.41491072164482,-38.862471446736116
1831,kexp,1.5,2.5,0.5,0.5,-37.600517522104056,-37.84682734931719
1832,kexp,1.5,2.5,0.5,0.1,-39.419143765022035,-39.942322614994225
1833,kexp,1.5,2.5,0.5,0.05,-39.75794239235722,-40.30144552162088
1834,kexp,1.5,2.5,0.5,0.01,-39.88015391293107,-40.43053000634079
1835,kexp,1.5,2.5,0.5,0,-39.885409242902206,-40.4360758147989
1836,kexp,1.5,2.5,1,0.5,-38.99284650929188,-39.332911333370106
1837,kexp,1.5,2.5,1,0.1,-37.130178237198024,-37.6561629421528
1838,kexp,1.5,2.5,1,0.05,-37.0989579841214,-37.63419428672294
1839,kexp,1.5,2.5,1,0.01,-37.090118120622584,-37.62838754279723
1840,kexp,1.5,2.5,1,0,-37.08976286231041,-37.628159448077525
1841,kexp,1.5,2.5,1.5,0.5,-41.22246189247156,-41.610449590476364
1842,kexp,1.5,2.5,1.5,0.1,-39.0391426316472,-39.56549564620076
1843,kexp,1.5,2.5,1.5,0.05,-38.9710777512742,-39.50337292843327
1844,kexp,1.5,2.5,1.5,0.01,-38.9494375534364,-39.48366338789639
1845,kexp,1.5,2.5,1.5,0,-38.94853750217746,-39.482844092567966
1846,kexp,1.5,3,0.5,0.5,-37.76892973729162,-38.05329877674032
1847,kexp,1.5,3,0.5,0.1,-39.28441206978316,-39.85404720500568
1848,kexp,1.5,3,0.5,0.05,-39.54711676868084,-40.136688561497216
1849,kexp,1.5,3,0.5,0.01,-39.64015410736035,-40.23647066819617
1850,kexp,1.5,3,0.5,0,-39.644134510182184,-40.24073620438499
1851,kexp,1.5,3,1,0.5,-39.264153000525894,-39.65154898808312
1852,kexp,1.5,3,1,0.1,-37.38465619588259,-37.974990510057715
1853,kexp,1.5,3,1,0.05,-37.341980044124696,-37.942247946548775
1854,kexp,1.5,3,1,0.01,-37.32896063684711,-37.93248455908846
1855,kexp,1.5,3,1,0,-37.328425328706956,-37.93208575489032
1856,kexp,1.5,3,1.5,0.5,-41.566389511666316,-42.00871631284003
1857,kexp,1.5,3,1.5,0.1,-39.43913573114432,-40.03631791564214
1858,kexp,1.5,3,1.5,0.05,-39.370145795997125,-39.97392604570795
1859,kexp,1.5,3,1.5,0.01,-39.34809736036988,-39.95402104423441
1860,kexp,1.5,3,1.5,0,-39.34717903494824,-39.953192371791765
1861,kexp,1.5,3.5,0.5,0.5,-37.89725124569523,-38.21620333017712
1862,kexp,1.5,3.5,0.5,0.1,-39.21632441033004,-39.81956619168278
1863,kexp,1.5,3.5,0.5,0.05,-39.434901814882494,-40.056430494446644
1864,kexp,1.5,3.5,0.5,0.01,-39.511360727395974,-40.13904707181802
1865,kexp,1.5,3.5,0.5,0,-39.51462071045477,-40.14256706533025
1866,kexp,1.5,3.5,1,0.5,-39.467681068351354,-39.89558497808189
1867,kexp,1.5,3.5,1,0.1,-37.592129600225505,-38.232965165515616
1868,kexp,1.5,3.5,1,0.05,-37.54405905239401,-38.195023313842725
1869,kexp,1.5,3.5,1,0.01,-37.52907109004679,-38.183350010136714
1870,kexp,1.5,3.5,1,0,-37.528450999487774,-38.1828688251835
1871,kexp,1.5,3.5,1.5,0.5,-41.82439201537311,-42.312335622705405
1872,kexp,1.5,3.5,1.5,0.1,-39.74833720217635,-40.40225496400327
1873,kexp,1.5,3.5,1.5,0.05,-39.67988690092323,-40.340772268657986
1874,kexp,1.5,3.5,1.5,0.01,-39.657964779177235,-40.32111184776669
1875,kexp,1.5,3.5,1.5,0,-39.6570511958997,-40.32029284520222
1876,kexp,1.5,4,0.5,0.5,-38.00199994136027,-38.35147025268287
1877,kexp,1.5,4,0.5,0.1,-39.19855507970301,-39.82462932639437
1878,kexp,1.5,4,0.5,0.05,-39.39088934819639,-40.03287870029219
1879,kexp,1.5,4,0.5,0.01,-39.45761384442109,-40.104918125458425
1880,kexp,1.5,4,0.5,0,-39.460452313334066,-40.107980544698776
1881,kexp,1.5,4,1,0.5,-39.628325620080425,-40.090035913436786
1882,kexp,1.5,4,1,0.1,-37.769590587652665,-38.4489181899977
1883,kexp,1.5,4,1,0.05,-37.71924722139992,-38.4085824666746
1884,kexp,1.5,4,1,0.01,-37.70341183386375,-38.39601514520665
1885,kexp,1.5,4,1,0,-37.702755073250756,-38.39549526255141
1886,kexp,1.5,4,1.5,0.5,-42.026423248336684,-42.551735571317465
1887,kexp,1.5,4,1.5,0.1,-39.997293046285854,-40.695553293928036
1888,kexp,1.5,4,1.5,0.05,-39.92998666076665,-40.63538568722312
1889,kexp,1.5,4,1.5,0.01,-39.90841207169245,-40.616126126778205
1890,kexp,1.5,4,1.5,0,-39.907512759958,-40.615323601904095
1891,kexp,1.5,6,0.5,0.5,-38.3222031013237,-38.7541442978865
1892,kexp,1.5,6,0.5,0.1,-39.4296559602731,-40.07294672917643
1893,kexp,1.5,6,0.5,0.05,-39.591621324748914,-40.23904203050533
1894,kexp,1.5,6,0.5,0.01,-39.647075615017606,-40.29566123790392
1895,kexp,1.5,6,0.5,0,-39.64942624034491,-40.298058621483634
1896,kexp,1.5,6,1,0.5,-40.063177573842005,-40.60728924679194
1897,kexp,1.5,6,1,0.1,-38.32753081055255,-39.07917908782443
1898,kexp,1.5,6,1,0.05,-38.2793864663437,-39.03917391363494
1899,kexp,1.5,6,1,0.01,-38.26415634377916,-39.026572247886726
1900,kexp,1.5,6,1,0,-38.26352368023976,-39.026049355861744
1901,kexp,1.5,6,1.5,0.5,-42.54920734686155,-43.162886225715695
1902,kexp,1.5,6,1.5,0.1,-40.674437156007926,-41.465773622410794
1903,kexp,1.5,6,1.5,0.05,-40.61279563878378,-41.41098124890326
1904,kexp,1.5,6,1.5,0.01,-40.593036572149266,-41.39343429157829
1905,kexp,1.5,6,1.5,0,-40.592212926940924,-41.39270303405772
1906,kexp,1.5,8,0.5,0.5,-38.560059385128596,-39.02574777859294
1907,kexp,1.5,8,0.5,0.1,-39.80661292191507,-40.40108890421752
1908,kexp,1.5,8,0.5,0.05,-39.97379377044302,-40.56141620713817
1909,kexp,1.5,8,0.5,0.01,-40.03085985453125,-40.61582264810065
1910,kexp,1.5,8,0.5,0,-40.03327691001297,-40.61812362415089
1911,kexp,1.5,8,1,0.5,-40.34013154774204,-40.91467564324601
1912,kexp,1.5,8,1,0.1,-38.73263740929418,-39.48897917356471
1913,kexp,1.5,8,1,0.05,-38.690223515048906,-39.45246430740171
1914,kexp,1.5,8,1,0.01,-38.67685611964179,-39.440972494360096
1915,kexp,1.5,8,1,0,-38.67630137685731,-39.440495760803664
1916,kexp,1.5,8,1.5,0.5,-42.85672771558155,-43.5037416944946
1917,kexp,1.5,8,1.5,0.1,-41.09075081844838,-41.906547547064285
1918,kexp,1.5,8,1.5,0.05,-41.03367352486886,-41.85559685599393
1919,kexp,1.5,8,1.5,0.01,-41.01539472341391,-41.83928941055
1920,kexp,1.5,8,1.5,0,-41.01463296587517,-41.83860990642494
1921,kexp,1.5,10,0.5,0.5,-38.72576923813496,-39.19755411460466
1922,kexp,1.5,10,0.5,0.1,-40.11490826909457,-40.638055858474054
1923,kexp,1.5,10,0.5,0.05,-40.29053779324045,-40.79832182896247
1924,kexp,1.5,10,0.5,0.01,-40.35041160680043,-40.85260175782402
1925,kexp,1.5,10,0.5,0,-40.35294679398625,-40.854896245769474
1926,kexp,1.5,10,1,0.5,-40.52477630889887,-41.10599346096873
1927,kexp,1.5,10,1,0.1,-39.01158748768084,-39.74965220359327
1928,kexp,1.5,10,1,0.05,-38.97361501964112,-39.71577221465691
1929,kexp,1.5,10,1,0.01,-38.96169845190659,-39.70512856681138
1930,kexp,1.5,10,1,0,-38.96120447831095,-39.70468722459397
1931,kexp,1.5,10,1.5,0.5,-43.05458807650178,-43.71236980063125
1932,kexp,1.5,10,1.5,0.1,-41.36003307442222,-42.17669009676238
1933,kexp,1.5,10,1.5,0.05,-41.305968915139474,-42.128125151867074
1934,kexp,1.5,10,1.5,0.01,-41.28866800568208,-42.11258830425112
1935,kexp,1.5,10,1.5,0,-41.287947139822265,-42.11194098427265
1936,kexp,1.5,25,0.5,0.5,-38.97228043976679,-39.37057965285566
1937,kexp,1.5,25,0.5,0.1,-40.52744022854253,-40.73958542964383
1938,kexp,1.5,25,0.5,0.05,-40.707988046894435,-40.88696134733428
1939,kexp,1.5,25,0.5,0.01,-40.769339221895564,-40.93674217866121
1940,kexp,1.5,25,0.5,0,-40.7719348282238,-40.93884502350378
1941,kexp,1.5,25,1,0.5,-40.85087380274012,-41.39356677279179
1942,kexp,1.5,25,1,0.1,-39.46667512525174,-40.10257708016235
1943,kexp,1.5,25,1,0.05,-39.43360157059647,-40.07016240055865
1944,kexp,1.5,25,1,0.01,-39.42326071282227,-40.05996686452412
1945,kexp,1.5,25,1,0,-39.42283247466817,-40.059543964463394
1946,kexp,1.5,25,1.5,0.5,-43.42232418229327,-44.071830581374094
1947,kexp,1.5,25,1.5,0.1,-41.83073802646413,-42.6180881177996
1948,kexp,1.5,25,1.5,0.05,-41.78051934146341,-42.57234261537191
1949,kexp,1.5,25,1.5,0.01,-41.76445760006775,-42.55771000163282
1950,kexp,1.5,25,1.5,0,-41.76378845688621,-42.557100378187634
1951,kexp,1.75,0.2,0.5,0.5,-36.48319321121659,-36.51662085730429
1952,kexp,1.75,0.2,0.5,0.1,-84.44868895028699,-84.31801808373726
1953,kexp,1.75,0.2,0.5,0.05,-112.74416504107664,-112.52953561833864
1954,kexp,1.75,0.2,0.5,0.01,-133.63742811630837,-133.36733445476196
1955,kexp,1.75,0.2,0.5,0,-134.83898710244918,-134.5658785430644
1956,kexp,1.75,0.2,1,0.5,-35.54562014153109,-35.585429382844524
1957,kexp,1.75,0.2,1,0.1,-56.78624624678394,-56.74958485381516
1958,kexp,1.75,0.2,1,0.05,-67.04267758318308,-66.97546046912156
1959,kexp,1.75,0.2,1,0.01,-72.78610033367443,-72.70343693824124
1960,kexp,1.75,0.2,1,0,-73.07347269082538,-72.99006359167471
1961,kexp,1.75,0.2,1.5,0.5,-35.86693081022739,-35.91655950883131
1962,kexp,1.75,0.2,1.5,0.1,-47.4206606923978,-47.42358796387791
1963,kexp,1.75,0.2,1.5,0.05,-52.60181702849372,-52.5890354207131
1964,kexp,1.75,0.2,1.5,0.01,-55.154393365498436,-55.13454386105513
1965,kexp,1.75,0.2,1.5,0,-55.27562465227131,-55.25544870653548
1966,kexp,1.75,0.5,0.5,0.5,-36.12198101678495,-36.19813220551394
1967,kexp,1.75,0.5,0.5,0.1,-51.43549542033518,-51.50927564282903
1968,kexp,1.75,0.5,0.5,0.05,-58.26846918964303,-58.29641363630547
1969,kexp,1.75,0.5,0.5,0.01,-61.839382706399014,-61.84183683225244
1970,kexp,1.75,0.5,0.5,0,-62.012896279882916,-62.01409944529314
1971,kexp,1.75,0.5,1,0.5,-35.71675868761285,-35.81715405757946
1972,kexp,1.75,0.5,1,0.1,-39.01321132718181,-39.107322738019874
1973,kexp,1.75,0.5,1,0.05,-40.8659661931225,-40.94489680773846
1974,kexp,1.75,0.5,1,0.01,-41.68075638599553,-41.75301713381508
1975,kexp,1.75,0.5,1,0,-41.71788178470219,-41.78983919599381
1976,kexp,1.75,0.5,1.5,0.5,-36.68455794507655,-36.79692189403278
1977,kexp,1.75,0.5,1.5,0.1,-36.68469382861017,-36.79063089894869
1978,kexp,1.75,0.5,1.5,0.05,-37.42360656965118,-37.52222134537543
1979,kexp,1.75,0.5,1.5,0.01,-37.72985768421027,-37.825530154874976
1980,kexp,1.75,0.5,1.5,0,-37.743533719497066,-37.83907587941725
1981,kexp,1.75,1,0.5,0.5,-36.63971291405558,-36.77011507681242
1982,kexp,1.75,1,0.5,0.1,-43.43286552929855,-43.71400735735771
1983,kexp,1.75,1,0.5,0.05,-45.549856992043,-45.823295660350794
1984,kexp,1.75,1,0.5,0.01,-46.45995562523494,-46.727849495457335
1985,kexp,1.75,1,0.5,0,-46.50120646710949,-46.76882371928075
1986,kexp,1.75,1,1,0.5,-36.93493212092726,-37.116925986624786
1987,kexp,1.75,1,1,0.1,-36.396396567731394,-36.65640039126888
1988,kexp,1.75,1,1,0.05,-36.78212380769207,-37.04022219391671
1989,kexp,1.75,1,1,0.01,-36.93647667142665,-37.193499302065774
1990,kexp,1.75,1,1,0,-36.94329544468081,-37.20026735827318
1991,kexp,1.75,1,1.5,0.5,-38.429667531990205,-38.6334500382551
1992,kexp,1.75,1,1.5,0.1,-36.43772210468006,-36.691941556210985
1993,kexp,1.75,1,1.5,0.05,-36.513644975057964,-36.76738322126317
1994,kexp,1.75,1,1.5,0.01,-36.54651010818475,-36.799947847096185
1995,kexp,1.75,1,1.5,0,-36.547981870553905,-36.80140533795371
1996,kexp,1.75,1.5,0.5,0.5,-37.12733665970528,-37.30002610069641
1997,kexp,1.75,1.5,0.5,0.1,-41.78408540920701,-42.18158216995048
1998,kexp,1.75,1.5,0.5,0.05,-42.871335335132166,-43.2798272100778
1999,kexp,1.75,1.5,0.5,0.01,-43.29965791978641,-43.7110092995999
2000,kexp,1.75,1.5,0.5,0,-43.3185561194652,-43.730016793333895
2001,kexp,1.75,1.5,1,0.5,-37.81252579878099,-38.06089605189595
2002,kexp,1.75,1.5,1,0.1,-36.568219886870494,-36.9515640019091
2003,kexp,1.75,1.5,1,0.05,-36.690709624336286,-37.079015309824186
2004,kexp,1.75,1.5,1,0.01,-36.73934170581836,-37.12914861804101
2005,kexp,1.75,1.5,1,0,-36.74148055183493,-37.13134889821963
2006,kexp,1.75,1.5,1.5,0.5,-39.563443172220445,-39.84675106128331
2007,kexp,1.75,1.5,1.5,0.1,-37.369744277138814,-37.74806644449784
2008,kexp,1.75,1.5,1.5,0.05,-37.345436804011484,-37.727038798106626
2009,kexp,1.75,1.5,1.5,0.01,-37.33997932566265,-37.7226077472054
2010,kexp,1.75,1.5,1.5,0,-37.339778796003195,-37.722449699893254
2011,kexp,1.75,2,0.5,0.5,-37.46087340561169,-37.67718797494879
2012,kexp,1.75,2,0.5,0.1,-41.06885307207092,-41.55240543528929
2013,kexp,1.75,2,0.5,0.05,-41.75912111507261,-42.26173794567978
2014,kexp,1.75,2,0.5,0.01,-42.01798789220463,-42.52685603884711
2015,kexp,1.75,2,0.5,0,-42.02924603892809,-42.538375776139716
2016,kexp,1.75,2,1,0.5,-38.385710483736396,-38.698187827387194
2017,kexp,1.75,2,1,0.1,-36.881349851397594,-37.37093291955965
2018,kexp,1.75,2,1,0.05,-36.91566626136048,-37.41384325363189
2019,kexp,1.75,2,1,0.01,-36.93062291162746,-37.431591127041926
2020,kexp,1.75,2,1,0,-36.931292283405554,-37.432377205061464
2021,kexp,1.75,2,1.5,0.5,-40.29555160598599,-40.6557040663901
2022,kexp,1.75,2,1.5,0.1,-38.091881125146784,-38.58289785258505
2023,kexp,1.75,2,1.5,0.05,-38.03928123778638,-38.535822498601625
2024,kexp,1.75,2,1.5,0.01,-38.023287940072656,-38.52161658144247
2025,kexp,1.75,2,1.5,0,-38.02263113162022,-38.52103444809083
2026,kexp,1.75,2.5,0.5,0.5,-37.68774203823494,-37.9484318281912
2027,kexp,1.75,2.5,0.5,0.1,-40.64346982536012,-41.19590823486517
2028,kexp,1.75,2.5,0.5,0.05,-41.13815894222993,-41.712309697498725
2029,kexp,1.75,2.5,0.5,0.01,-41.318030804439694,-41.89952428931607
2030,kexp,1.75,2.5,0.5,0,-41.32578467344551,-41.90758844471276
2031,kexp,1.75,2.5,1,0.5,-38.775671576578176,-39.14945465001997
2032,kexp,1.75,2.5,1,0.1,-37.143916763446846,-37.72587669736629
2033,kexp,1.75,2.5,1,0.05,-37.13962412327867,-37.73211163338139
2034,kexp,1.75,2.5,1,0.01,-37.14025601237631,-37.73619692193878
2035,kexp,1.75,2.5,1,0,-37.14030525541238,-37.73639096633384
2036,kexp,1.75,2.5,1.5,0.5,-40.79703625706149,-41.22968360279328
2037,kexp,1.75,2.5,1.5,0.1,-38.61906580001799,-39.21063688524326
2038,kexp,1.75,2.5,1.5,0.05,-38.55635161305441,-39.15485120050954
2039,kexp,1.75,2.5,1.5,0.01,-38.53662050345833,-39.13737262702772
2040,kexp,1.75,2.5,1.5,0,-38.53580221612857,-39.13664857360139
2041,kexp,1.75,3,0.5,0.5,-37.847141497649766,-38.150031724129505
2042,kexp,1.75,3,0.5,0.1,-40.362855434048775,-40.96751117609196
2043,kexp,1.75,3,0.5,0.05,-40.74820842319285,-41.37424357675847
2044,kexp,1.75,3,0.5,0.01,-40.88548664298288,-41.518782648016725
2045,kexp,1.75,3,0.5,0,-40.891370351301774,-41.52497363193584
2046,kexp,1.75,3,1,0.5,-39.053778425281,-39.483114659916204
2047,kexp,1.75,3,1,0.1,-37.35508761465768,-38.01378546493248
2048,kexp,1.75,3,1,0.05,-37.331546491795415,-38.00169746625802
2049,kexp,1.75,3,1,0.01,-37.32516056159456,-37.99907195684142
2050,kexp,1.75,3,1,0,-37.324907436084146,-37.9989765507565
2051,kexp,1.75,3,1.5,0.5,-41.15859355895795,-41.656089987853036
2052,kexp,1.75,3,1.5,0.1,-39.0152228505371,-39.692346174665964
2053,kexp,1.75,3,1.5,0.05,-38.9487573699018,-39.63367430712077
2054,kexp,1.75,3,1.5,0.01,-38.927622319762584,-39.6150739944086
2055,kexp,1.75,3,1.5,0,-38.92674323107498,-39.61430095709345
2056,kexp,1.75,3.5,0.5,0.5,-37.96450000338197,-38.30564462679588
2057,kexp,1.75,3.5,0.5,0.1,-40.17692439750385,-40.817448201237845
2058,kexp,1.75,3.5,0.5,0.05,-40.49697422566439,-41.156718083674356
2059,kexp,1.75,3.5,0.5,0.01,-40.609431106357434,-41.275672447181186
2060,kexp,1.75,3.5,0.5,0,-40.61423245859699,-41.28074847616695
2061,kexp,1.75,3.5,1,0.5,-39.261280161569765,-39.73882502081884
2062,kexp,1.75,3.5,1,0.1,-37.5307559451948,-38.25021251662886
2063,kexp,1.75,3.5,1,0.05,-37.49713976239986,-38.228306477411536
2064,kexp,1.75,3.5,1,0.01,-37.48711383837933,-38.222119375592996
2065,kexp,1.75,3.5,1,0,-37.486704274642044,-38.221870756852255
2066,kexp,1.75,3.5,1.5,0.5,-41.430803190847385,-41.983935557047886
2067,kexp,1.75,3.5,1.5,0.1,-39.324818680903256,-40.071787123008306
2068,kexp,1.75,3.5,1.5,0.05,-39.257308984486734,-40.01255600964126
2069,kexp,1.75,3.5,1.5,0.01,-39.23574943922087,-39.99368686712541
2070,kexp,1.75,3.5,1.5,0,-39.23485164672215,-39.99290161714588
2071,kexp,1.75,4,0.5,0.5,-38.05630370564247,-38.43115584847909
2072,kexp,1.75,4,0.5,0.1,-40.06175144684129,-40.723787148130626
2073,kexp,1.75,4,0.5,0.05,-40.34158290147756,-41.01953224004193
2074,kexp,1.75,4,0.5,0.01,-40.43901085183804,-41.122280740751314
2075,kexp,1.75,4,0.5,0,-40.443159934079695,-41.12665411524996
2076,kexp,1.75,4,1,0.5,-39.42325017421401,-39.941485463360564
2077,kexp,1.75,4,1,0.1,-37.68381097865285,-38.4495434720805
2078,kexp,1.75,4,1,0.05,-37.645018613629134,-38.422263465148596
2079,kexp,1.75,4,1,0.01,-37.63312328924223,-38.4141325083093
2080,kexp,1.75,4,1,0,-37.63263340784019,-38.41380034690184
2081,kexp,1.75,4,1.5,0.5,-41.64387348808656,-42.24346925652428
2082,kexp,1.75,4,1.5,0.1,-39.57612908295802,-40.37849000204547
2083,kexp,1.75,4,1.5,0.05,-39.50886605056166,-40.31971873489386
2084,kexp,1.75,4,1.5,0.01,-39.48734466000903,-40.30095390831642
2085,kexp,1.75,4,1.5,0,-39.48644799915987,-40.30017252418551
2086,kexp,1.75,6,0.5,0.5,-38.32246295709176,-38.79041537426343
2087,kexp,1.75,6,0.5,0.1,-40.044659832510504,-40.70054959856001
2088,kexp,1.75,6,0.5,0.05,-40.271020004684594,-40.92553393299203
2089,kexp,1.75,6,0.5,0.01,-40.34876020968592,-41.002478836018824
2090,kexp,1.75,6,0.5,0,-40.35205837503239,-41.00573984136863
2091,kexp,1.75,6,1,0.5,-39.85153836764033,-40.47204601928753
2092,kexp,1.75,6,1,0.1,-38.18889057283206,-39.04024574601013
2093,kexp,1.75,6,1,0.05,-38.148286558640464,-39.00831422179253
2094,kexp,1.75,6,1,0.01,-38.13561144926599,-38.998429607885605
2095,kexp,1.75,6,1,0,-38.13508680130739,-38.99802138730277
2096,kexp,1.75,6,1.5,0.5,-42.19187316591875,-42.90602440085508
2097,kexp,1.75,6,1.5,0.1,-40.26999066606492,-41.19200876279666
2098,kexp,1.75,6,1.5,0.05,-40.20757358150586,-41.13757420620348
2099,kexp,1.75,6,1.5,0.01,-40.187585995601985,-41.120163987610425
2100,kexp,1.75,6,1.5,0,-40.18675304346698,-41.11943866934934
2101,kexp,1.75,8,0.5,0.5,-38.53042278774513,-39.04203466271779
2102,kexp,1.75,8,0.5,0.1,-40.3245711781934,-40.9082212186643
2103,kexp,1.75,8,0.5,0.05,-40.551684944391766,-41.11790353894233
2104,kexp,1.75,8,0.5,0.01,-40.629514524656216,-41.18931168158723
2105,kexp,1.75,8,0.5,0,-40.63281458051143,-41.19233463114999
2106,kexp,1.75,8,1,0.5,-40.12657072153018,-40.78950003878956
2107,kexp,1.75,8,1,0.1,-38.58645099495972,-39.44411935977385
2108,kexp,1.75,8,1,0.05,-38.55145558308007,-39.414490635315126
2109,kexp,1.75,8,1,0.01,-38.5406044202937,-39.405314676700506
2110,kexp,1.75,8,1,0,-38.540156077475324,-39.404935662782485
2111,kexp,1.75,8,1.5,0.5,-42.51604440298335,-43.27800232357739
2112,kexp,1.75,8,1.5,0.1,-40.709833759746594,-41.667154057434075
2113,kexp,1.75,8,1.5,0.05,-40.652395939010084,-41.61661959949856
2114,kexp,1.75,8,1.5,0.01,-40.63402533599857,-41.60046566111273
2115,kexp,1.75,8,1.5,0,-40.63326000986488,-41.59979277339583
2116,kexp,1.75,10,0.5,0.5,-38.689967251433295,-39.21561331460978
2117,kexp,1.75,10,0.5,0.1,-40.61024386776532,-41.10670419791907
2118,kexp,1.75,10,0.5,0.05,-40.845529929861705,-41.312531126648
2119,kexp,1.75,10,0.5,0.01,-40.9261015695255,-41.38250427518042
2120,kexp,1.75,10,0.5,0,-40.92951728662295,-41.38546514812521
2121,kexp,1.75,10,1,0.5,-40.318411625769755,-40.99537059038523
2122,kexp,1.75,10,1,0.1,-38.87810412785711,-39.71670890817061
2123,kexp,1.75,10,1,0.05,-38.84804325735354,-39.68944542386599
2124,kexp,1.75,10,1,0.01,-38.83880937498369,-39.6810259421204
2125,kexp,1.75,10,1,0,-38.8384288315876,-39.680678439660525
2126,kexp,1.75,10,1.5,0.5,-42.73017073036878,-43.511013149237336
2127,kexp,1.75,10,1.5,0.1,-41.00396355393588,-41.96697457656432
2128,kexp,1.75,10,1.5,0.05,-40.950011271751535,-41.919028870628594
2129,kexp,1.75,10,1.5,0.01,-40.93277402384829,-41.90371094358237
2130,kexp,1.75,10,1.5,0,-40.93205611331078,-41.903072970241745
2131,kexp,1.75,25,0.5,0.5,-38.970843851916364,-39.423299006631865
2132,kexp,1.75,25,0.5,0.1,-41.038658388517305,-41.16354834979284
2133,kexp,1.75,25,0.5,0.05,-41.27464953987311,-41.346778854881755
2134,kexp,1.75,25,0.5,0.01,-41.355175706930176,-41.408869594318986
2135,kexp,1.75,25,0.5,0,-41.358586386141965,-41.41149471996328
2136,kexp,1.75,25,1,0.5,-40.69640210463373,-41.340211618582465
2137,kexp,1.75,25,1,0.1,-39.393670763187735,-40.12018738729707
2138,kexp,1.75,25,1,0.05,-39.36835177480885,-40.093261488667586
2139,kexp,1.75,25,1,0.01,-39.36062793017008,-40.08490362989626
2140,kexp,1.75,25,1,0,-39.36031021464073,-40.08455818498944
2141,kexp,1.75,25,1.5,0.5,-43.161327448065286,-43.94564361192578
2142,kexp,1.75,25,1.5,0.1,-41.551166664125034,-42.49287854227945
2143,kexp,1.75,25,1.5,0.05,-41.5014212429625,-42.447879214629914
2144,kexp,1.75,25,1.5,0.01,-41.48553641955721,-42.4335015966361
2145,kexp,1.75,25,1.5,0,-41.4848749242089,-42.432902773401715
2146,kexp,2,0.2,0.5,0.5,-36.81873106939699,-36.85434701127774
2147,kexp,2,0.2,0.5,0.1,-91.45683266211276,-91.29050801385017
2148,kexp,2,0.2,0.5,0.05,-125.13082618897901,-124.85809145662506
2149,kexp,2,0.2,0.5,0.01,-151.52814440519077,-151.18071459499518
2150,kexp,2,0.2,0.5,0,-153.10133973016747,-152.74972229231
2151,kexp,2,0.2,1,0.5,-35.603336300388364,-35.64336343492165
2152,kexp,2,0.2,1,0.1,-60.79957576887525,-60.74340919666783
2153,kexp,2,0.2,1,0.05,-73.42497120962864,-73.32879694435466
2154,kexp,2,0.2,1,0.01,-80.84402734832982,-80.72671495158976
2155,kexp,2,0.2,1,0,-81.22328146642181,-81.10492974011463
2156,kexp,2,0.2,1.5,0.5,-35.744339970135776,-35.79436853073547
2157,kexp,2,0.2,1.5,0.1,-50.021136142204256,-50.01167788468296
2158,kexp,2,0.2,1.5,0.05,-56.54890241160541,-56.518514581307365
2159,kexp,2,0.2,1.5,0.01,-59.89331496498677,-59.85317478811984
2160,kexp,2,0.2,1.5,0,-60.05458547672703,-60.01398898760797
2161,kexp,2,0.5,0.5,0.5,-36.38153015951429,-36.45757234735398
2162,kexp,2,0.5,0.5,0.1,-54.945040272801506,-55.00900761147638
2163,kexp,2,0.5,0.5,0.05,-63.44908748611401,-63.453862873468836
2164,kexp,2,0.5,0.5,0.01,-68.08987278770465,-68.05999313077882
2165,kexp,2,0.5,0.5,0,-68.31943274536363,-68.28781983573285
2166,kexp,2,0.5,1,0.5,-35.6339967813035,-35.73656214680588
2167,kexp,2,0.5,1,0.1,-40.403046882099865,-40.494546109229795
2168,kexp,2,0.5,1,0.05,-42.82538934603223,-42.89660352258746
2169,kexp,2,0.5,1,0.01,-43.91954126448295,-43.981555384083016
2170,kexp,2,0.5,1,0,-43.96985820021926,-44.03144964495266
2171,kexp,2,0.5,1.5,0.5,-36.36733064743796,-36.4840741086609
2172,kexp,2,0.5,1.5,0.1,-37.185262753236444,-37.292161803006955
2173,kexp,2,0.5,1.5,0.05,-38.198252483469375,-38.29518987869443
2174,kexp,2,0.5,1.5,0.01,-38.62483743043534,-38.71767961155426
2175,kexp,2,0.5,1.5,0,-38.643990118292535,-38.73664968114932
2176,kexp,2,1,0.5,0.5,-36.80850049053325,-36.938686613861265
2177,kexp,2,1,0.5,0.1,-45.703220177771165,-45.987721449622704
2178,kexp,2,1,0.5,0.05,-48.45505754372755,-48.72635032987569
2179,kexp,2,1,0.5,0.01,-49.66869524608712,-49.93096913476353
2180,kexp,2,1,0.5,0,-49.724196883289224,-49.986021390535235
2181,kexp,2,1,1,0.5,-36.77187640442492,-36.960360195565265
2182,kexp,2,1,1,0.1,-36.96030961240135,-37.23204015403835
2183,kexp,2,1,1,0.05,-37.51685425130913,-37.78481651156222
2184,kexp,2,1,1,0.01,-37.74083967138545,-38.00685330687264
2185,kexp,2,1,1,0,-37.75075883225413,-38.01668168005507
2186,kexp,2,1,1.5,0.5,-38.03766759986357,-38.252291860392795
2187,kexp,2,1,1.5,0.1,-36.3427063561892,-36.61203868842325
2188,kexp,2,1,1.5,0.05,-36.48803696304097,-36.75602338859687
2189,kexp,2,1,1.5,0.01,-36.54762818105664,-36.814947789178845
2190,kexp,2,1,1.5,0,-36.550269581907045,-36.817558543226916
2191,kexp,2,1.5,0.5,0.5,-37.26290395421983,-37.437777162725034
2192,kexp,2,1.5,0.5,0.1,-43.63201007053977,-44.03426440942323
2193,kexp,2,1.5,0.5,0.05,-45.0844642854017,-45.49563813141613
2194,kexp,2,1.5,0.5,0.01,-45.66621321132804,-46.07897218017227
2195,kexp,2,1.5,0.5,0,-45.69202045357424,-46.10482646466633
2196,kexp,2,1.5,1,0.5,-37.63771892816991,-37.89763721387141
2197,kexp,2,1.5,1,0.1,-36.901258288056724,-37.30495957706769
2198,kexp,2,1.5,1,0.05,-37.10862143312833,-37.51693861625435
2199,kexp,2,1.5,1,0.01,-37.189310073508835,-37.5989280164655
2200,kexp,2,1.5,1,0,-37.19284526428591,-37.602515141398264
2201,kexp,2,1.5,1.5,0.5,-39.17170951903565,-39.47249037998911
2202,kexp,2,1.5,1.5,0.1,-37.13905545618312,-37.54336434079348
2203,kexp,2,1.5,1.5,0.05,-37.14467639743304,-37.552261875081804
2204,kexp,2,1.5,1.5,0.01,-37.15017154851106,-37.558755077351506
2205,kexp,2,1.5,1.5,0,-37.15044363455898,-37.559068133678224
2206,kexp,2,2,0.5,0.5,-37.583359848963795,-37.805741356071145
2207,kexp,2,2,0.5,0.1,-42.66100816162549,-43.15229503202338
2208,kexp,2,2,0.5,0.05,-43.60055718771424,-44.11034487743315
2209,kexp,2,2,0.5,0.01,-43.957034094737175,-44.472704376192304
2210,kexp,2,2,0.5,0,-43.97259432624767,-44.48850808408075
2211,kexp,2,2,1,0.5,-38.21260240083437,-38.54281437170507
2212,kexp,2,2,1,0.1,-37.09800707694167,-37.61727352562974
2213,kexp,2,2,1,0.05,-37.184265161070826,-37.71257134196359
2214,kexp,2,2,1,0.01,-37.218049684183526,-37.749268668772714
2215,kexp,2,2,1,0,-37.21952984993315,-37.75087033193637
2216,kexp,2,2,1.5,0.5,-39.91499081717654,-40.30016459251196
2217,kexp,2,2,1.5,0.1,-37.80666258175663,-38.335111254638605
2218,kexp,2,2,1.5,0.05,-37.76991866607755,-38.30438102443932
2219,kexp,2,2,1.5,0.01,-37.759579654444245,-38.29598142578859
2220,kexp,2,2,1.5,0,-37.75916512454453,-38.295647847937786
2221,kexp,2,2.5,0.5,0.5,-37.803041729216545,-38.07441724510259
2222,kexp,2,2.5,0.5,0.1,-42.048513419608526,-42.61493530333854
2223,kexp,2,2.5,0.5,0.05,-42.72999115740999,-43.31818488983854
2224,kexp,2,2.5,0.5,0.01,-42.97994075128739,-43.57546537043646
2225,kexp,2,2.5,0.5,0,-42.99074423809796,-43.58657816355367
2226,kexp,2,2.5,1,0.5,-38.60648890519267,-39.005237288352554
2227,kexp,2,2.5,1,0.1,-37.28584240527465,-37.908576552992066
2228,kexp,2,2.5,1,0.05,-37.317078096630226,-37.95123758254975
2229,kexp,2,2.5,1,0.01,-37.33026878528016,-37.96817426124282
2230,kexp,2,2.5,1,0,-37.33085514645006,-37.96891766292648
2231,kexp,2,2.5,1.5,0.5,-40.42853761505657,-40.89489038894335
2232,kexp,2,2.5,1.5,0.1,-38.30554923021696,-38.947332620245014
2233,kexp,2,2.5,1.5,0.05,-38.25205203055408,-38.90157035065845
2234,kexp,2,2.5,1.5,0.01,-38.235562146207606,-38.887595635506194
2235,kexp,2,2.5,1.5,0,-38.23488221595693,-38.887020929440254
2236,kexp,2,3,0.5,0.5,-37.956298149890486,-38.27453096438668
2237,kexp,2,3,0.5,0.1,-41.62161653533219,-42.24688396324357
2238,kexp,2,3,0.5,0.05,-42.15579662974322,-42.80253629950185
2239,kexp,2,3,0.5,0.01,-42.34738275973416,-43.0014271568905
2240,kexp,2,3,0.5,0,-42.355610754574236,-43.009964428090775
2241,kexp,2,3,1,0.5,-38.8882070215836,-39.35017884966568
2242,kexp,2,3,1,0.1,-37.444196676978805,-38.15503985680321
2243,kexp,2,3,1,0.05,-37.4467866216476,-38.17021898727573
2244,kexp,2,3,1,0.01,-37.44948672063949,-38.17705737604705
2245,kexp,2,3,1,0,-37.44962045437544,-38.177364730458
2246,kexp,2,3,1.5,0.5,-40.80125252311559,-41.341754317710915
2247,kexp,2,3,1.5,0.1,-38.68579748744714,-39.42621323656015
2248,kexp,2,3,1.5,0.05,-38.62492423174784,-39.374145495404726
2249,kexp,2,3,1.5,0.01,-38.60574296182793,-39.35783080724238
2250,kexp,2,3,1.5,0,-38.60494712103572,-39.357154931307036
2251,kexp,2,3.5,0.5,0.5,-38.06651576577192,-38.42723382753345
2252,kexp,2,3.5,0.5,0.1,-41.31767518493244,-41.983165809079544
2253,kexp,2,3.5,0.5,0.05,-41.76202711353835,-42.44634666320514
2254,kexp,2,3.5,0.5,0.01,-41.91901261557228,-42.60970869017265
2255,kexp,2,3.5,0.5,0,-41.92572589285412,-42.616691702914565
2256,kexp,2,3.5,1,0.5,-39.09804427071466,-39.61569288340413
2257,kexp,2,3.5,1,0.1,-37.580859655206,-38.36256146555147
2258,kexp,2,3.5,1,0.05,-37.567608511855944,-38.36222064338459
2259,kexp,2,3.5,1,0.01,-37.564585425391726,-38.363435471991984
2260,kexp,2,3.5,1,0,-37.564473129144666,-38.36350091657233
2261,kexp,2,3.5,1.5,0.5,-41.083130015518854,-41.6884949167183
2262,kexp,2,3.5,1.5,0.1,-38.98660491441557,-39.809060737447794
2263,kexp,2,3.5,1.5,0.05,-38.92257098023784,-39.75443176188863
2264,kexp,2,3.5,1.5,0.01,-38.90222507242856,-39.737145496133486
2265,kexp,2,3.5,1.5,0,-38.90137897463701,-39.736427421187265
2266,kexp,2,4,0.5,0.5,-38.14949016733181,-38.54753503918491
2267,kexp,2,4,0.5,0.1,-41.105256644975775,-41.79325924302961
2268,kexp,2,4,0.5,0.05,-41.49302311183,-42.195623387791485
2269,kexp,2,4,0.5,0.01,-41.62864821242851,-42.33611241043519
2270,kexp,2,4,0.5,0,-41.6344316401765,-42.342100752321066
2271,kexp,2,4,1,0.5,-39.260753217334766,-39.825949524835416
2272,kexp,2,4,1,0.1,-37.70424484699754,-38.54028007058536
2273,kexp,2,4,1,0.05,-37.68216440307425,-38.53083251115434
2274,kexp,2,4,1,0.01,-37.67597351600993,-38.52877585239807
2275,kexp,2,4,1,0,-37.67572530338383,-38.528700896527134
2276,kexp,2,4,1.5,0.5,-41.30418333996298,-41.96467027355875
2277,kexp,2,4,1.5,0.1,-39.23346982287809,-40.1219547271708
2278,kexp,2,4,1.5,0.05,-39.16842101578987,-40.06656321717409
2279,kexp,2,4,1.5,0.01,-39.147676811690005,-40.048956655668306
2280,kexp,2,4,1.5,0,-39.14681329118323,-40.0482243779931
2281,kexp,2,6,0.5,0.5,-38.37107087984165,-38.87202248689934
2282,kexp,2,6,0.5,0.1,-40.83389773550145,-41.495052763239116
2283,kexp,2,6,0.5,0.05,-41.14059139828029,-41.79310233171441
2284,kexp,2,6,0.5,0.01,-41.246311504432455,-41.89541092392281
2285,kexp,2,6,0.5,0,-41.25080135906207,-41.89975129818449
2286,kexp,2,6,1,0.5,-39.68168001860356,-40.36911644239772
2287,kexp,2,6,1,0.1,-38.143458729676816,-39.07904705860257
2288,kexp,2,6,1,0.05,-38.114222987906494,-39.058509804588724
2289,kexp,2,6,1,0.01,-38.105395081816155,-39.05246222654804
2290,kexp,2,6,1,0,-38.10503303495831,-39.05221597877616
2291,kexp,2,6,1.5,0.5,-41.87139346849839,-42.672608358446254
2292,kexp,2,6,1.5,0.1,-39.929283926435225,-40.96401866979408
2293,kexp,2,6,1.5,0.05,-39.86762859564689,-40.91123937414473
2294,kexp,2,6,1.5,0.01,-39.84792123865417,-40.89439562104579
2295,kexp,2,6,1.5,0,-39.847100360323054,-40.8936943057069
2296,kexp,2,8,0.5,0.5,-38.54455935957215,-39.096307573701104
2297,kexp,2,8,0.5,0.1,-40.99642691657664,-41.55605287782429
2298,kexp,2,8,0.5,0.05,-41.29797946524951,-41.826992331470976
2299,kexp,2,8,0.5,0.01,-41.401765211204534,-41.919616768759845
2300,kexp,2,8,0.5,0,-41.406171017384395,-41.923541987081144
2301,kexp,2,8,1,0.5,-39.94995050661748,-40.69138680884746
2302,kexp,2,8,1,0.1,-38.521751050206696,-39.46377257657628
2303,kexp,2,8,1,0.05,-38.49763302322257,-39.443778638942746
2304,kexp,2,8,1,0.01,-38.49046816089222,-39.43784469445014
2305,kexp,2,8,1,0,-38.49017567017234,-39.437602504508206
2306,kexp,2,8,1.5,0.5,-42.20746240486868,-43.0715527893811
2307,kexp,2,8,1.5,0.1,-40.38401173962411,-41.464975926638516
2308,kexp,2,8,1.5,0.05,-40.3275895874596,-41.415914626081864
2309,kexp,2,8,1.5,0.01,-40.30958368611839,-41.40026432980457
2310,kexp,2,8,1.5,0,-40.308833987834824,-41.39961277705168
2311,kexp,2,10,0.5,0.5,-38.688823509558,-39.26072353336185
2312,kexp,2,10,0.5,0.1,-41.23791522234186,-41.68851142443977
2313,kexp,2,10,0.5,0.05,-41.54672930999329,-41.950453913498166
2314,kexp,2,10,0.5,0.01,-41.65298888872768,-42.039868298148775
2315,kexp,2,10,0.5,0,-41.65749946018189,-42.043656001502804
2316,kexp,2,10,1,0.5,-40.14276870019443,-40.90532652867139
2317,kexp,2,10,1,0.1,-38.815745643701014,-39.736291608926045
2318,kexp,2,10,1,0.05,-38.79691553157015,-39.71808678285389
2319,kexp,2,10,1,0.01,-38.79149059270454,-39.71271592967486
2320,kexp,2,10,1,0,-38.791271116973164,-39.71249709403656
2321,kexp,2,10,1.5,0.5,-42.4332978818466,-43.32492547916773
2322,kexp,2,10,1.5,0.1,-40.696465369845825,-41.78788955940076
2323,kexp,2,10,1.5,0.05,-40.643948337420866,-41.74150336445873
2324,kexp,2,10,1.5,0.01,-40.6272148715301,-41.726716395482875
2325,kexp,2,10,1.5,0,-40.626518435970176,-41.726100891616
2326,kexp,2,25,0.5,0.5,-38.984939356559934,-39.48735668424012
2327,kexp,2,25,0.5,0.1,-41.64186654304391,-41.65748066844822
2328,kexp,2,25,0.5,0.05,-41.94513968195223,-41.88429212975351
2329,kexp,2,25,0.5,0.01,-42.04909863424872,-41.961437056947126
2330,kexp,2,25,0.5,0,-42.05350722882144,-41.9647019366884
2331,kexp,2,25,1,0.5,-40.558414849125434,-41.29551294909621
2332,kexp,2,25,1,0.1,-39.370007556684484,-40.16861223388627
2333,kexp,2,25,1,0.05,-39.3552514495704,-40.14894691365169
2334,kexp,2,25,1,0.01,-39.35109752148568,-40.143025182385614
2335,kexp,2,25,1,0,-39.35093063236555,-40.14278247494467
2336,kexp,2,25,1.5,0.5,-42.9164684891721,-43.82539598844989
2337,kexp,2,25,1.5,0.1,-41.30487113057318,-42.3841893203496
2338,kexp,2,25,1.5,0.05,-41.25670642477796,-42.340610146647535
2339,kexp,2,25,1.5,0.01,-41.24136688067801,-42.326711362201344
2340,kexp,2,25,1.5,0,-41.24072853361396,-42.32613275443267
2341,kexp,2.25,0.2,0.5,0.5,-37.14986575564176,-37.187670657358666
2342,kexp,2.25,0.2,0.5,0.1,-98.16241365932865,-97.96086921456147
2343,kexp,2.25,0.2,0.5,0.05,-137.2448675561086,-136.91375242160694
2344,kexp,2.25,0.2,0.5,0.01,-169.5803512341734,-169.15302452828118
2345,kexp,2.25,0.2,0.5,0,-171.5742889711999,-171.14140549436212
2346,kexp,2.25,0.2,1,0.5,-35.687461751997326,-35.727209817061166
2347,kexp,2.25,0.2,1,0.1,-64.75095997876814,-64.67439612397169
2348,kexp,2.25,0.2,1,0.05,-79.8306987278725,-79.7039755313114
2349,kexp,2.25,0.2,1,0.01,-89.09791497627913,-88.94356232599712
2350,kexp,2.25,0.2,1,0,-89.58164730013863,-89.42591162039376
2351,kexp,2.25,0.2,1.5,0.5,-35.66856228840251,-35.71805719769671
2352,kexp,2.25,0.2,1.5,0.1,-52.65437646041671,-52.63112781321627
2353,kexp,2.25,0.2,1.5,0.05,-60.60637980882308,-60.556476901435346
2354,kexp,2.25,0.2,1.5,0.01,-64.83446697792536,-64.77172249532289
2355,kexp,2.25,0.2,1.5,0,-65.04142350751518,-64.97807042680765
2356,kexp,2.25,0.5,0.5,0.5,-36.65226044680489,-36.7271881268762
2357,kexp,2.25,0.5,0.5,0.1,-58.4621805931669,-58.5154866572706
2358,kexp,2.25,0.5,0.5,0.05,-68.71999825171227,-68.70035800924607
2359,kexp,2.25,0.5,0.5,0.01,-74.54999581268645,-74.4854601289755
2360,kexp,2.25,0.5,0.5,0,-74.84347143796003,-74.77664773464089
2361,kexp,2.25,0.5,1,0.5,-35.603076994892774,-35.7059097431924
2362,kexp,2.25,0.5,1,0.1,-41.89492945490431,-41.981982221468876
2363,kexp,2.25,0.5,1,0.05,-44.937728776051244,-44.99898236792326
2364,kexp,2.25,0.5,1,0.01,-46.34874419323171,-46.3979244810987
2365,kexp,2.25,0.5,1,0,-46.414238743614135,-46.46285866916032
2366,kexp,2.25,0.5,1.5,0.5,-36.12613160106255,-36.244959274671885
2367,kexp,2.25,0.5,1.5,0.1,-37.819164367143635,-37.924797008953355
2368,kexp,2.25,0.5,1.5,0.05,-39.13796930997117,-39.230728006925006
2369,kexp,2.25,0.5,1.5,0.01,-39.702970327836034,-39.790314590150366
2370,kexp,2.25,0.5,1.5,0,-39.728484611877825,-39.81558574704841
2371,kexp,2.25,1,0.5,0.5,-36.99438816689677,-37.122264536956415
2372,kexp,2.25,1,0.5,0.1,-48.07876484596894,-48.36315356948344
2373,kexp,2.25,1,0.5,0.05,-51.526699489009246,-51.79209384909482
2374,kexp,2.25,1,0.5,0.01,-53.08547682575664,-53.33788242844039
2375,kexp,2.25,1,0.5,0,-53.15739931538857,-53.40915364449731
2376,kexp,2.25,1,1,0.5,-36.66204784440494,-36.85345864887667
2377,kexp,2.25,1,1,0.1,-37.655312003151806,-37.93465013531832
2378,kexp,2.25,1,1,0.05,-38.40685029326376,-38.680329529232615
2379,kexp,2.25,1,1,0.01,-38.71209035405234,-38.982598949416534
2380,kexp,2.25,1,1,0,-38.72565231986387,-38.99602267919786
2381,kexp,2.25,1,1.5,0.5,-37.718887301473785,-37.94023481612583
2382,kexp,2.25,1,1.5,0.1,-36.38256004897064,-36.66264025298743
2383,kexp,2.25,1,1.5,0.05,-36.61000686107722,-36.887736843622704
2384,kexp,2.25,1,1.5,0.01,-36.701675480613524,-36.978301511717056
2385,kexp,2.25,1,1.5,0,-36.70572675466649,-36.98230245740974
2386,kexp,2.25,1.5,0.5,0.5,-37.41398505256933,-37.58834486444611
2387,kexp,2.25,1.5,0.5,0.1,-45.60719935691503,-46.00757751188857
2388,kexp,2.25,1.5,0.5,0.05,-47.470109925545174,-47.87674908573346
2389,kexp,2.25,1.5,0.5,0.01,-48.22863748927225,-48.635205291713234
2390,kexp,2.25,1.5,0.5,0,-48.26247229255603,-48.66900555445264
2391,kexp,2.25,1.5,1,0.5,-37.51018251046885,-37.776866742141614
2392,kexp,2.25,1.5,1,0.1,-37.36002659828167,-37.77725392735853
2393,kexp,2.25,1.5,1,0.05,-37.667342043152985,-38.08860731061504
2394,kexp,2.25,1.5,1,0.01,-37.78629670754728,-38.20855532315118
2395,kexp,2.25,1.5,1,0,-37.791505501155335,-38.213801645207596
2396,kexp,2.25,1.5,1.5,0.5,-38.84423803273854,-39.156870771504344
2397,kexp,2.25,1.5,1.5,0.1,-37.02878395842094,-37.45222619138287
2398,kexp,2.25,1.5,1.5,0.05,-37.071728089182336,-37.49832134390366
2399,kexp,2.25,1.5,1.5,0.01,-37.09097338434907,-37.51848657112276
2400,kexp,2.25,1.5,1.5,0,-37.09184000404714,-37.51939044215154
2401,kexp,2.25,2,0.5,0.5,-37.7202788762818,-37.94567961352772
2402,kexp,2.25,2,0.5,0.1,-44.38696520622807,-44.87613886670186
2403,kexp,2.25,2,0.5,0.05,-45.61142604473116,-46.11759169436446
2404,kexp,2.25,2,0.5,0.01,-46.0815379938184,-46.59280990703498
2405,kexp,2.25,2,0.5,0,-46.10213604395004,-46.613614743497365
2406,kexp,2.25,2,1,0.5,-38.08171790974957,-38.42381850655502
2407,kexp,2.25,2,1,0.1,-37.43161594262884,-37.970917711675796
2408,kexp,2.25,2,1,0.05,-37.58066386173599,-38.129159389047636
2409,kexp,2.25,2,1,0.01,-37.63741458818277,-38.18883571504935
2410,kexp,2.25,2,1,0,-37.63988637696375,-38.1914290616651
2411,kexp,2.25,2,1.5,0.5,-39.59100540600425,-39.99413168452696
2412,kexp,2.25,2,1.5,0.1,-37.628509253365465,-38.18491881082087
2413,kexp,2.25,2,1.5,0.05,-37.612735398854035,-38.17550617819854
2414,kexp,2.25,2,1.5,0.01,-37.60988663386406,-38.17469888968231
2415,kexp,2.25,2,1.5,0,-37.609793254677705,-38.17469060109714
2416,kexp,2.25,2.5,0.5,0.5,-37.933117509981756,-38.2119902008678
2417,kexp,2.25,2.5,0.5,0.1,-43.58933629194042,-44.157800765368876
2418,kexp,2.25,2.5,0.5,0.05,-44.48705182435073,-45.07615821820657
2419,kexp,2.25,2.5,0.5,0.01,-44.81931224784125,-45.41529128237317
2420,kexp,2.25,2.5,0.5,0,-44.83371357271254,-45.429981458247724
2421,kexp,2.25,2.5,1,0.5,-38.47572779061808,-38.89261348351105
2422,kexp,2.25,2.5,1,0.1,-37.53637218609053,-38.18788838792629
2423,kexp,2.25,2.5,1,0.05,-37.6116079257739,-38.275104995708965
2424,kexp,2.25,2.5,1,0.01,-37.64045115962111,-38.307869110049424
2425,kexp,2.25,2.5,1,0,-37.64170817993188,-38.30929040744206
2426,kexp,2.25,2.5,1.5,0.5,-40.11028576901999,-40.601822982555646
2427,kexp,2.25,2.5,1.5,0.1,-38.08780102636784,-38.76793819886275
2428,kexp,2.25,2.5,1.5,0.05,-38.04740773518796,-38.73592382180459
2429,kexp,2.25,2.5,1.5,0.01,-38.03551366469123,-38.72675340633329
2430,kexp,2.25,2.5,1.5,0,-38.035029815722794,-38.72638349055807
2431,kexp,2.25,3,0.5,0.5,-38.08182255190257,-38.41229007911927
2432,kexp,2.25,3,0.5,0.1,-43.01666499003368,-43.65007918154492
2433,kexp,2.25,3,0.5,0.05,-43.72483002838353,-44.37849710410641
2434,kexp,2.25,3,0.5,0.01,-43.98066869789605,-44.64121419910599
2435,kexp,2.25,3,0.5,0,-43.991680041919814,-44.65251662787093
2436,kexp,2.25,3,1,0.5,-38.75841833791275,-39.24540736039622
2437,kexp,2.25,3,1,0.1,-37.63468109670558,-38.384117770840824
2438,kexp,2.25,3,1,0.05,-37.67035805450133,-38.433147249545264
2439,kexp,2.25,3,1,0.01,-37.68461687107996,-38.45179768894592
2440,kexp,2.25,3,1,0,-37.68524340026305,-38.45260849181691
2441,kexp,2.25,3,1.5,0.5,-40.48910257390657,-41.062792540138254
2442,kexp,2.25,3,1.5,0.1,-38.4427367184442,-39.23269884697743
2443,kexp,2.25,3,1.5,0.05,-38.39058015651451,-39.190182655038576
2444,kexp,2.25,3,1.5,0.01,-38.37442187391816,-39.17716500936837
2445,kexp,2.25,3,1.5,0,-38.37375461976668,-39.176629213188306
2446,kexp,2.25,3.5,0.5,0.5,-38.187452414905096,-38.5649009463813
2447,kexp,2.25,3.5,0.5,0.1,-42.595110257579435,-43.273859855843206
2448,kexp,2.25,3.5,0.5,0.05,-43.18583429250518,-43.88165126253522
2449,kexp,2.25,3.5,0.5,0.01,-43.395794740159765,-44.09738084981357
2450,kexp,2.25,3.5,0.5,0,-43.40478928609813,-44.10661937894648
2451,kexp,2.25,3.5,1,0.5,-38.96902146065747,-39.51862987143657
2452,kexp,2.25,3.5,1,0.1,-37.726519015868256,-38.55610052238722
2453,kexp,2.25,3.5,1,0.05,-37.739556808008075,-38.58285634062853
2454,kexp,2.25,3.5,1,0.01,-37.745606137208995,-38.5934125386981
2455,kexp,2.25,3.5,1,0,-37.74587935003905,-38.5938748166401
2456,kexp,2.25,3.5,1.5,0.5,-40.77680805965751,-41.42357336941886
2457,kexp,2.25,3.5,1.5,0.1,-38.727182512625724,-39.61004759498912
2458,kexp,2.25,3.5,1.5,0.05,-38.669238069161196,-39.56244648740194
2459,kexp,2.25,3.5,1.5,0.01,-38.650989838742554,-39.54756614363411
2460,kexp,2.25,3.5,1.5,0,-38.650232804744824,-39.54695006259708
2461,kexp,2.25,4,0.5,0.5,-38.264724609023034,-38.683472277549825
2462,kexp,2.25,4,0.5,0.1,-42.28615214394581,-42.98987155734527
2463,kexp,2.25,4,0.5,0.05,-42.801686401383364,-43.51727113492895
2464,kexp,2.25,4,0.5,0.01,-42.98293829521483,-43.702423508218736
2465,kexp,2.25,4,0.5,0,-42.99067891953703,-43.710327947522615
2466,kexp,2.25,4,1,0.5,-39.131748269024,-39.735481980289435
2467,kexp,2.25,4,1,0.1,-37.81579544830284,-38.70748395061226
2468,kexp,2.25,4,1,0.05,-37.81563027657212,-38.72066050857552
2469,kexp,2.25,4,1,0.01,-37.81694124617573,-38.726338719930936
2470,kexp,2.25,4,1,0,-37.81701110204908,-38.72659161247013
2471,kexp,2.25,4,1.5,0.5,-41.00305179056786,-41.71288770942569
2472,kexp,2.25,4,1.5,0.1,-38.963692137199324,-39.92236067968442
2473,kexp,2.25,4,1.5,0.05,-38.90311837968845,-39.872410779958365
2474,kexp,2.25,4,1.5,0.01,-38.883910293989324,-39.856656792196794
2475,kexp,2.25,4,1.5,0,-38.88311192961378,-39.856002934180445
2476,kexp,2.25,6,0.5,0.5,-38.45245119442923,-38.98447076458588
2477,kexp,2.25,6,0.5,0.1,-41.76134921163921,-42.42193790268844
2478,kexp,2.25,6,0.5,0.05,-42.1639536746552,-42.80677054867592
2479,kexp,2.25,6,0.5,0.01,-42.303316025323,-42.939400358976336
2480,kexp,2.25,6,0.5,0,-42.309241477983704,-42.94503335115169
2481,kexp,2.25,6,1,0.5,-39.54529331593409,-40.29121021839058
2482,kexp,2.25,6,1,0.1,-38.17903150365776,-39.18448260490087
2483,kexp,2.25,6,1,0.05,-38.16506608564288,-39.17868975136885
2484,kexp,2.25,6,1,0.01,-38.16141340120396,-39.1776182461225
2485,kexp,2.25,6,1,0,-38.16127017365125,-39.17758217765999
2486,kexp,2.25,6,1.5,0.5,-41.58391623427697,-42.45986122372675
2487,kexp,2.25,6,1.5,0.1,-39.64820028040734,-40.77865996749424
2488,kexp,2.25,6,1.5,0.05,-39.588939747038616,-40.728902484053364
2489,kexp,2.25,6,1.5,0.01,-39.57005578639629,-40.713080054499116
2490,kexp,2.25,6,1.5,0,-39.569269838937544,-40.712421886561
2491,kexp,2.25,8,0.5,0.5,-38.592820283737616,-39.18141723265857
2492,kexp,2.25,8,0.5,0.1,-41.79708690156018,-42.32487432579352
2493,kexp,2.25,8,0.5,0.05,-42.187352387695796,-42.66876304407854
2494,kexp,2.25,8,0.5,0.01,-42.322289365888544,-42.786804297345206
2495,kexp,2.25,8,0.5,0,-42.328024751519436,-42.79181216998691
2496,kexp,2.25,8,1,0.5,-39.80489278591504,-40.61638537646628
2497,kexp,2.25,8,1,0.1,-38.53033479025427,-39.541752702784294
2498,kexp,2.25,8,1,0.05,-38.52063924883679,-39.534196382399884
2499,kexp,2.25,8,1,0.01,-38.518369336598035,-39.53245555967535
2500,kexp,2.25,8,1,0,-38.51828388456962,-39.53239042516342
2501,kexp,2.25,8,1.5,0.5,-41.92851242232538,-42.88280964427025
2502,kexp,2.25,8,1.5,0.1,-40.11082937374738,-41.29842746536685
2503,kexp,2.25,8,1.5,0.05,-40.056892009642354,-41.25196115926091
2504,kexp,2.25,8,1.5,0.01,-40.03974048264656,-41.23718778538314
2505,kexp,2.25,8,1.5,0,-40.03902702898414,-41.236573276955085
2506,kexp,2.25,10,0.5,0.5,-38.717412664937065,-39.33067232950568
2507,kexp,2.25,10,0.5,0.1,-41.980515344758054,-42.373188981585145
2508,kexp,2.25,10,0.5,0.05,-42.37656318741743,-42.70173264492562
2509,kexp,2.25,10,0.5,0.01,-42.51352320972821,-42.81436250807477
2510,kexp,2.25,10,0.5,0,-42.51934486159081,-42.81913919474701
2511,kexp,2.25,10,1,0.5,-39.99500897542752,-40.83456347434589
2512,kexp,2.25,10,1,0.1,-38.81934152378134,-39.80576841004718
2513,kexp,2.25,10,1,0.05,-38.815151754674496,-39.799133739905606
2514,kexp,2.25,10,1,0.01,-38.81470179132207,-39.79766505226038
2515,kexp,2.25,10,1,0,-38.814692803309526,-39.797611001264535
2516,kexp,2.25,10,1.5,0.5,-42.16290877254825,-43.15389856707608
2517,kexp,2.25,10,1.5,0.1,-40.436547091897395,-41.63941537882553
2518,kexp,2.25,10,1.5,0.05,-40.38687816743383,-41.5955922438723
2519,kexp,2.25,10,1.5,0.01,-40.371120619802504,-41.581670658392476
2520,kexp,2.25,10,1.5,0,-40.3704655506137,-41.58109170350378
2521,kexp,2.25,25,0.5,0.5,-39.01153935357994,-39.560007048925335
2522,kexp,2.25,25,0.5,0.1,-42.32469450889141,-42.21249167092671
2523,kexp,2.25,25,0.5,0.05,-42.70705771704706,-42.49059173072418
2524,kexp,2.25,25,0.5,0.01,-42.838761270998354,-42.5855651159776
2525,kexp,2.25,25,0.5,0,-42.84435368462816,-42.589588925580706
2526,kexp,2.25,25,1,0.5,-40.43627459915686,-41.259072516358074
2527,kexp,2.25,25,1,0.1,-39.39381904462931,-40.246841620204194
2528,kexp,2.25,25,1,0.05,-39.392548888005436,-40.2362815909922
2529,kexp,2.25,25,1,0.01,-39.39296361138858,-40.23342289960856
2530,kexp,2.25,25,1,0,-39.39298986686902,-40.23330945661476
2531,kexp,2.25,25,1.5,0.5,-42.6888661363747,-43.71223995527745
2532,kexp,2.25,25,1.5,0.1,-41.09356123576547,-42.2936849741351
2533,kexp,2.25,25,1.5,0.05,-41.0481821566494,-42.252262337258685
2534,kexp,2.25,25,1.5,0.01,-41.033790276808794,-42.23908779422518
2535,kexp,2.25,25,1.5,0,-41.03319202768125,-42.23853973369426
2536,kexp,2.5,0.2,0.5,0.5,-37.475033179895576,-37.51510576357551
2537,kexp,2.5,0.2,0.5,0.1,-104.59129201943439,-104.35531141282664
2538,kexp,2.5,0.2,0.5,0.05,-149.08938753567517,-148.7002763768469
2539,kexp,2.5,0.2,0.5,0.01,-187.75556108053345,-187.24665220391816
2540,kexp,2.5,0.2,0.5,0,-190.21905117798298,-189.70302235611908
2541,kexp,2.5,0.2,1,0.5,-35.79169397593671,-35.830974319268144
2542,kexp,2.5,0.2,1,0.1,-68.6320148525484,-68.5347074586423
2543,kexp,2.5,0.2,1,0.05,-86.23200000595003,-86.07382851880136
2544,kexp,2.5,0.2,1,0.01,-97.50931228954221,-97.31626937298238
2545,kexp,2.5,0.2,1,0,-98.11008292977986,-97.91526369599968
2546,kexp,2.5,0.2,1.5,0.5,-35.62896884343075,-35.67742270839899
2547,kexp,2.5,0.2,1.5,0.1,-55.299097391480515,-55.261253241599064
2548,kexp,2.5,0.2,1.5,0.05,-64.74000394858717,-64.66935437578738
2549,kexp,2.5,0.2,1.5,0.01,-69.93947111336776,-69.85250483803709
2550,kexp,2.5,0.2,1.5,0,-70.197750277562207,-70.1100009064848
2551,kexp,2.5,0.5,0.5,0.5,-36.9283424817527,-37.00161992740875
2552,kexp,2.5,0.5,0.5,0.1,-61.968723921155444,-62.01113410873075
2553,kexp,2.5,0.5,0.5,0.05,-74.04729510728079,-74.00281360707231
2554,kexp,2.5,0.5,0.5,0.01,-81.17963087472691,-81.07902248728806
2555,kexp,2.5,0.5,0.5,0,-81.54487444022347,-81.44135206095461
2556,kexp,2.5,0.5,1,0.5,-35.61208125331791,-35.713969689805886
2557,kexp,2.5,0.5,1,0.1,-43.462630312257225,-43.54415475124323
2558,kexp,2.5,0.5,1,0.05,-47.17094176348557,-47.220818111915555
2559,kexp,2.5,0.5,1,0.01,-48.935235171321004,-48.96983914211228
2560,kexp,2.5,0.5,1,0,-49.01789221937963,-49.05178010003318
2561,kexp,2.5,0.5,1.5,0.5,-35.94545251439172,-36.06480897871157
2562,kexp,2.5,0.5,1.5,0.1,-38.558595249749445,-38.66151597237891
2563,kexp,2.5,0.5,1.5,0.05,-40.21231764021739,-40.29921392210723
2564,kexp,2.5,0.5,1.5,0.01,-40.9334606662167,-41.013463663989484
2565,kexp,2.5,0.5,1.5,0,-40.96622157872619,-41.04591287935721
2566,kexp,2.5,1,0.5,0.5,-37.19068905942049,-37.31501749844219
2567,kexp,2.5,1,0.5,0.1,-50.528133226144305,-50.81033863457835
2568,kexp,2.5,1,0.5,0.05,-54.72713969439125,-54.984444141609636
2569,kexp,2.5,1,0.5,0.01,-56.671511667128414,-56.91141132349546
2570,kexp,2.5,1,0.5,0,-56.76202339237166,-57.001042051085875
2571,kexp,2.5,1,1,0.5,-36.59440444675194,-36.78634682487547
2572,kexp,2.5,1,1,0.1,-38.456402341590426,-38.74057053998571
2573,kexp,2.5,1,1,0.05,-39.425674722427075,-39.70171306993995
2574,kexp,2.5,1,1,0.01,-39.82363939640799,-40.095547013771565
2575,kexp,2.5,1,1,0,-39.84138726922665,-40.11310216390246
2576,kexp,2.5,1,1.5,0.5,-37.46039766163511,-37.68556094238089
2577,kexp,2.5,1,1.5,0.1,-36.53530917792388,-36.82307633834325
2578,kexp,2.5,1,1.5,0.05,-36.857069363399646,-37.141363304682606
2579,kexp,2.5,1,1.5,0.01,-36.98612991727659,-37.26881671409646
2580,kexp,2.5,1,1.5,0,-36.99183199479967,-37.27444563479712
2581,kexp,2.5,1.5,0.5,0.5,-37.57417800376439,-37.74627710301233
2582,kexp,2.5,1.5,0.5,0.1,-47.67716258488271,-48.07145830097291
2583,kexp,2.5,1.5,0.5,0.05,-49.992607270979796,-50.39010935063718
2584,kexp,2.5,1.5,0.5,0.01,-50.95082879307299,-51.346276926170766
2585,kexp,2.5,1.5,0.5,0,-50.99380815680313,-51.38912284425375
2586,kexp,2.5,1.5,1,0.5,-37.42054774383018,-37.69066005372539
2587,kexp,2.5,1.5,1,0.1,-37.92323562522854,-38.34919933804081
2588,kexp,2.5,1.5,1,0.05,-38.34501891293854,-38.77426002212693
2589,kexp,2.5,1.5,1,0.01,-38.50840589203365,-38.93823975405947
2590,kexp,2.5,1.5,1,0,-38.51556613025692,-38.94541873412204
2591,kexp,2.5,1.5,1.5,0.5,-38.570794655964924,-38.89120933134058
2592,kexp,2.5,1.5,1.5,0.1,-37.021935735233626,-37.459545767091946
2593,kexp,2.5,1.5,1.5,0.05,-37.109434188709,-37.549969569489136
2594,kexp,2.5,1.5,1.5,0.01,-37.145225160842216,-37.58655883403635
2595,kexp,2.5,1.5,1.5,0,-37.14680888808856,-37.588174130758894
2596,kexp,2.5,2,0.5,0.5,-37.86504248138155,-38.09125744710511
2597,kexp,2.5,2,0.5,0.1,-46.214809199854344,-46.695173149727765
2598,kexp,2.5,2,0.5,0.05,-47.757855824766665,-48.25294859972695
2599,kexp,2.5,2,0.5,0.01,-48.357373585456976,-48.85644453883767
2600,kexp,2.5,2,0.5,0,-48.383742717085894,-48.88296734144198
2601,kexp,2.5,2,1,0.5,-37.985009903679305,-38.33477026004116
2602,kexp,2.5,2,1,0.1,-37.86395691742873,-38.41626594544241
2603,kexp,2.5,2,1,0.05,-38.08635453080444,-38.64776872718677
2604,kexp,2.5,2,1,0.01,-38.1701914140059,-38.73444954020593
2605,kexp,2.5,2,1,0,-38.17383600879735,-38.738211594099425
2606,kexp,2.5,2,1.5,0.5,-39.315557382260614,-39.73141999154223
2607,kexp,2.5,2,1.5,0.1,-37.54415273299472,-38.12146815187893
2608,kexp,2.5,2,1.5,0.05,-37.5544003138866,-38.1383053022504
2609,kexp,2.5,2,1.5,0.01,-37.56088332101522,-38.14688853307117
2610,kexp,2.5,2,1.5,0,-37.561190539402936,-38.14728311168718
2611,kexp,2.5,2.5,0.5,0.5,-38.07080717943657,-38.354601239043454
2612,kexp,2.5,2.5,0.5,0.1,-45.23480640111878,-45.79652069901671
2613,kexp,2.5,2.5,0.5,0.05,-46.37686530734094,-46.95705792422826
2614,kexp,2.5,2.5,0.5,0.01,-46.80349601146079,-47.389699873246684
2615,kexp,2.5,2.5,0.5,0,-46.822040884857316,-47.40849534223745
2616,kexp,2.5,2.5,1,0.5,-38.3763179709464,-38.80620340060161
2617,kexp,2.5,2.5,1,0.1,-37.87974701726949,-38.55091037341834
2618,kexp,2.5,2.5,1,0.05,-38.00729367721141,-38.690691522134124
2619,kexp,2.5,2.5,1,0.01,-38.05487755336934,-38.74226517252596
2620,kexp,2.5,2.5,1,0,-38.0569391762122,-38.744493777019535
2621,kexp,2.5,2.5,1.5,0.5,-39.836000329250204,-40.3462816296086
2622,kexp,2.5,2.5,1.5,0.1,-37.95547584588178,-38.66484668405791
2623,kexp,2.5,2.5,1.5,0.05,-37.932058025161545,-38.650308385899926
2624,kexp,2.5,2.5,1.5,0.01,-37.92612478838722,-38.64725884367825
2625,kexp,2.5,2.5,1.5,0,-37.925895373375965,-38.64715002199256
2626,kexp,2.5,3,0.5,0.5,-38.21571021884686,-38.555620144652664
2627,kexp,2.5,3,0.5,0.1,-44.51749219629383,-45.1491105331312
2628,kexp,2.5,3,0.5,0.05,-45.42383069350556,-46.07327035462332
2629,kexp,2.5,3,0.5,0.01,-45.75374590163289,-46.40919172837639
2630,kexp,2.5,3,0.5,0,-45.76797774719498,-46.42367717040271
2631,kexp,2.5,3,1,0.5,-38.65792435524016,-39.16395182634647
2632,kexp,2.5,3,1,0.1,-37.91264090857739,-38.68986806170381
2633,kexp,2.5,3,1,0.05,-37.98827786158062,-38.77927488307289
2634,kexp,2.5,3,1,0.01,-38.016573114375525,-38.81209793124551
2635,kexp,2.5,3,1,0,-38.01779899922052,-38.81351378725491
2636,kexp,2.5,3,1.5,0.5,-40.21712614538935,-40.8163617909249
2637,kexp,2.5,3,1.5,0.1,-38.27790617316022,-39.10647946748208
2638,kexp,2.5,3,1.5,0.05,-38.23760623178404,-39.07649124970416
2639,kexp,2.5,3,1.5,0.01,-38.22555541694398,-39.06780130169878
2640,kexp,2.5,3,1.5,0,-38.22506284994709,-39.067449426257326
2641,kexp,2.5,3.5,0.5,0.5,-38.318318435860576,-38.70967387146778
2642,kexp,2.5,3.5,0.5,0.1,-43.9790295332869,-44.66095439062613
2643,kexp,2.5,3.5,0.5,0.05,-44.737465663164585,-45.43336926254343
2644,kexp,2.5,3.5,0.5,0.01,-45.008762573540295,-45.70934640300417
2645,kexp,2.5,3.5,0.5,0,-45.02040645420016,-45.72118779148476
2646,kexp,2.5,3.5,1,0.5,-38.86794223247062,-39.44285761248808
2647,kexp,2.5,3.5,1,0.1,-37.955085374515726,-38.820609141435526
2648,kexp,2.5,3.5,1,0.05,-38.00030333575132,-38.87997295385576
2649,kexp,2.5,3.5,1,0.01,-38.017507810812255,-38.90182587561215
2650,kexp,2.5,3.5,1,0,-38.01825561939568,-38.90276870248097
2651,kexp,2.5,3.5,1.5,0.5,-40.507605047050944,-41.18707567616471
2652,kexp,2.5,3.5,1.5,0.1,-38.53994410151336,-39.470831314000534
2653,kexp,2.5,3.5,1.5,0.05,-38.49073913628103,-39.432727569449064
2654,kexp,2.5,3.5,1.5,0.01,-38.47549181948722,-39.421097405276655
2655,kexp,2.5,3.5,1.5,0,-38.4748621078492,-39.420619106201805
2656,kexp,2.5,4,0.5,0.5,-38.39204925704943,-38.828803085799564
2657,kexp,2.5,4,0.5,0.1,-43.57434768876645,-44.284313493928
2658,kexp,2.5,4,0.5,0.05,-44.236902491656274,-44.95458240544268
2659,kexp,2.5,4,0.5,0.01,-44.47114794831882,-45.19124701401475
2660,kexp,2.5,4,0.5,0,-44.481167759660366,-45.201367229969875
2661,kexp,2.5,4,1,0.5,-39.02994754312935,-39.665096146971045
2662,kexp,2.5,4,1,0.1,-38.00658979155686,-38.9413254168191
2663,kexp,2.5,4,1,0.05,-38.03354168617196,-38.981916635575324
2664,kexp,2.5,4,1,0.01,-38.04417026077307,-38.997007333329606
2665,kexp,2.5,4,1,0,-38.0446355786986,-38.99765964127084
2666,kexp,2.5,4,1.5,0.5,-40.73666871767976,-41.4863211742576
2667,kexp,2.5,4,1.5,0.1,-38.761161690745226,-39.7765393129193
2668,kexp,2.5,4,1.5,0.05,-38.70737310463024,-39.73414415841774
2669,kexp,2.5,4,1.5,0.01,-38.69048183467242,-39.72095902355194
2670,kexp,2.5,4,1.5,0,-38.68978161843538,-39.72041387842914
2671,kexp,2.5,6,0.5,0.5,-38.555345534321525,-39.11653587548563
2672,kexp,2.5,6,0.5,0.1,-42.799173183670895,-43.45364659927985
2673,kexp,2.5,6,0.5,0.05,-43.3129096614902,-43.93857690262535
2674,kexp,2.5,6,0.5,0.01,-43.49154445117952,-44.106421649568354
2675,kexp,2.5,6,0.5,0,-43.49914914926036,-44.11355871296345
2676,kexp,2.5,6,1,0.5,-39.436033268041754,-40.23283874434129
2677,kexp,2.5,6,1,0.1,-38.28544304143368,-39.347632302036665
2678,kexp,2.5,6,1,0.05,-38.290688587407544,-39.35995180968396
2679,kexp,2.5,6,1,0.01,-38.29356344189559,-39.36501070424778
2680,kexp,2.5,6,1,0,-38.29369640417745,-39.365233771079005
2681,kexp,2.5,6,1.5,0.5,-41.326077018398486,-42.265772864108534
2682,kexp,2.5,6,1.5,0.1,-39.42259121329571,-40.63335314948438
2683,kexp,2.5,6,1.5,0.05,-39.36742253181307,-40.58803688653563
2684,kexp,2.5,6,1.5,0.01,-39.34992936374519,-40.57371056884774
2685,kexp,2.5,6,1.5,0,-39.34920225587776,-40.573115557180245
2686,kexp,2.5,8,0.5,0.5,-38.66654043499777,-39.28977256829339
2687,kexp,2.5,8,0.5,0.1,-42.704519900544796,-43.19522712048725
2688,kexp,2.5,8,0.5,0.05,-43.1975033846823,-43.62350267354553
2689,kexp,2.5,8,0.5,0.01,-43.368775371978025,-43.77113221239416
2690,kexp,2.5,8,0.5,0,-43.3760646780604,-43.77740259787127
2691,kexp,2.5,8,1,0.5,-39.686353883127914,-40.560437030120745
2692,kexp,2.5,8,1,0.1,-38.604170768020666,-39.67160036786973
2693,kexp,2.5,8,1,0.05,-38.61249175013899,-39.67931467694948
2694,kexp,2.5,8,1,0.01,-38.61635199511507,-39.68273535631273
2695,kexp,2.5,8,1,0,-38.616526002323255,-39.682888317115115
2696,kexp,2.5,8,1.5,0.5,-41.67642422886939,-42.71002806333811
2697,kexp,2.5,8,1.5,0.1,-39.88702802485723,-41.16547388625817
2698,kexp,2.5,8,1.5,0.05,-39.837108909137875,-41.12277315605952
2699,kexp,2.5,8,1.5,0.01,-39.82132543096485,-41.109267968895644
2700,kexp,2.5,8,1.5,0,-39.82066987713968,-41.108706990260714
2701,kexp,2.5,10,0.5,0.5,-38.770245267202704,-39.421625846021996
2702,kexp,2.5,10,0.5,0.1,-42.8213667750134,-43.14847827269662
2703,kexp,2.5,10,0.5,0.05,-43.318131458051525,-43.55395976037339
2704,kexp,2.5,10,0.5,0.01,-43.490806943560244,-43.69357916139404
2705,kexp,2.5,10,0.5,0,-43.49815697881763,-43.69950759572997
2706,kexp,2.5,10,1,0.5,-39.87166271383979,-40.780771492493834
2707,kexp,2.5,10,1,0.1,-38.88281796541106,-39.921092393301095
2708,kexp,2.5,10,1,0.05,-38.896729853678245,-39.92857832526563
2709,kexp,2.5,10,1,0.01,-38.90244820592153,-39.93188467727966
2710,kexp,2.5,10,1,0,-38.9027003895514,-39.93203241461873
2711,kexp,2.5,10,1.5,0.5,-41.91699091562872,-42.99686221391401
2712,kexp,2.5,10,1.5,0.1,-40.22176360941987,-41.52030799516382
2713,kexp,2.5,10,1.5,0.05,-40.17641745164036,-41.48009683933427
2714,kexp,2.5,10,1.5,0.01,-40.16213110234871,-41.467391728842905
2715,kexp,2.5,10,1.5,0,-40.16153829319168,-41.46686412098004
2716,kexp,2.5,25,0.5,0.5,-39.048749129090154,-39.639587415662014
2717,kexp,2.5,25,0.5,0.1,-43.07705754352481,-42.821528668326756
2718,kexp,2.5,25,0.5,0.05,-43.55020883686572,-43.15856427220864
2719,kexp,2.5,25,0.5,0.01,-43.71399542605614,-43.27415590047216
2720,kexp,2.5,25,0.5,0,-43.72095947729872,-43.279058912645084
2721,kexp,2.5,25,1,0.5,-40.329107925858914,-41.230557414911736
2722,kexp,2.5,25,1,0.1,-39.46246194475376,-40.35363404304562
2723,kexp,2.5,25,1,0.05,-39.47766674294294,-40.35406985429831
2724,kexp,2.5,25,1,0.01,-39.483678895181235,-40.35492081710118
2725,kexp,2.5,25,1,0,-39.4839419694317,-40.35496404482855
2726,kexp,2.5,25,1.5,0.5,-42.47853363257252,-43.6067966664576
2727,kexp,2.5,25,1.5,0.1,-40.917143832993084,-42.22210507037481
2728,kexp,2.5,25,1.5,0.05,-40.87581856827357,-42.18361854458046
2729,kexp,2.5,25,1.5,0.01,-40.86279977711192,-42.17142904479582
2730,kexp,2.5,25,1.5,0,-40.86225956687262,-42.170922522289914
