model_no,k_name,l1,l2,b,meas_error,lppd_exact,lppd_LOPO
1,ksqexp,1,0.2,0.5,0.5,-59.622274000020035,-61.47940214367976
2,ksqexp,1,0.2,0.5,0.1,-249.6108590450334,-255.52006540772612
3,ksqexp,1,0.2,0.5,0.05,-648.1750189876193,-653.2205576838038
4,ksqexp,1,0.2,0.5,0.01,-7926.619441151068,-7883.454185489102
5,ksqexp,1,0.2,0.5,0,-100619.43290639437,-98413.71632468452
6,ksqexp,1,0.2,1,0.5,-53.6317336143372,-55.34729171646721
7,ksqexp,1,0.2,1,0.1,-190.6465430493561,-193.33244992218914
8,ksqexp,1,0.2,1,0.05,-556.8499757251329,-559.839210243489
9,ksqexp,1,0.2,1,0.01,-6593.147991513347,-6526.896205302858
10,ksqexp,1,0.2,1,0,-50285.57565718692,-49182.969457795014
11,ksqexp,1,0.2,1.5,0.5,-49.92185708525422,-51.453736359473226
12,ksqexp,1,0.2,1.5,0.1,-170.12902646100684,-171.9616038989849
13,ksqexp,1,0.2,1.5,0.05,-511.9353241367055,-514.0993689033945
14,ksqexp,1,0.2,1.5,0.01,-5881.16689110205,-5804.388339157462
15,ksqexp,1,0.2,1.5,0,-33510.41125126084,-32775.50854576258
16,ksqexp,1,0.5,0.5,0.5,-41.96353252061405,-43.00712117831123
17,ksqexp,1,0.5,0.5,0.1,-120.01900842464093,-118.64496919839334
18,ksqexp,1,0.5,0.5,0.05,-304.7899052434029,-299.7306876430374
19,ksqexp,1,0.5,0.5,0.01,-2068.355015706214,-1911.0758785887372
20,ksqexp,1,0.5,0.5,0,-3041.611523368832,-2750.9780103095736
21,ksqexp,1,0.5,1,0.5,-37.716971276740296,-38.35616965304098
22,ksqexp,1,0.5,1,0.1,-97.12778764550674,-96.05038795681342
23,ksqexp,1,0.5,1,0.05,-249.01681577550346,-243.15596450810497
24,ksqexp,1,0.5,1,0.01,-1226.3288592587937,-1122.3445243768904
25,ksqexp,1,0.5,1,0,-1516.2225477714628,-1371.1857145746726
26,ksqexp,1,0.5,1.5,0.5,-36.67644190076383,-37.13620862353183
27,ksqexp,1,0.5,1.5,0.1,-88.10721299872378,-87.10691658834742
28,ksqexp,1,0.5,1.5,0.05,-222.49658160702583,-215.8622957396928
29,ksqexp,1,0.5,1.5,0.01,-873.0689446475167,-796.2871066005232
30,ksqexp,1,0.5,1.5,0,-1010.5502110760483,-914.0456047347351
31,ksqexp,1,1,0.5,0.5,-38.280874053048514,-39.21746918138837
32,ksqexp,1,1,0.5,0.1,-89.60648161374559,-88.89081578435442
33,ksqexp,1,1,0.5,0.05,-212.04977223652514,-202.97558420441723
34,ksqexp,1,1,0.5,0.01,-600.0453358561291,-536.9999744187372
35,ksqexp,1,1,0.5,0,-653.7880765796194,-580.9393032741375
36,ksqexp,1,1,1,0.5,-36.84965262266846,-37.51660819302921
37,ksqexp,1,1,1,0.1,-77.48545139311405,-76.10169869053705
38,ksqexp,1,1,1,0.05,-163.99362363275742,-154.45940305270796
39,ksqexp,1,1,1,0.01,-319.58394810648963,-286.0695390518498
40,ksqexp,1,1,1,0,-333.5487945355615,-297.45283462041255
41,ksqexp,1,1,1.5,0.5,-37.459010435252125,-38.02847768939104
42,ksqexp,1,1,1.5,0.1,-73.2203847232843,-71.52824025774274
43,ksqexp,1,1,1.5,0.05,-138.1171950336371,-129.25811804775222
44,ksqexp,1,1,1.5,0.01,-223.3186711405045,-200.64072348362015
45,ksqexp,1,1,1.5,0,-229.59302388892866,-205.74800178271815
46,ksqexp,1,1.5,0.5,0.5,-38.42532176853639,-39.56181316321465
47,ksqexp,1,1.5,0.5,0.1,-78.66458857408428,-78.80952110308456
48,ksqexp,1,1.5,0.5,0.05,-152.79216550176338,-147.91020204551089
49,ksqexp,1,1.5,0.5,0.01,-260.286169646044,-243.764466711669
50,ksqexp,1,1.5,0.5,0,-268.71872901068957,-251.10367624546282
51,ksqexp,1,1.5,1,0.5,-37.82098968403053,-38.67365235826247
52,ksqexp,1,1.5,1,0.1,-68.06469626854526,-67.48029562190187
53,ksqexp,1,1.5,1,0.05,-107.80609276770129,-103.77212031167183
54,ksqexp,1,1.5,1,0.01,-143.18883048491452,-134.98164827857457
55,ksqexp,1,1.5,1,0,-145.31372345526603,-136.82777332050296
56,ksqexp,1,1.5,1.5,0.5,-39.04288547841797,-39.780225077431126
57,ksqexp,1,1.5,1.5,0.1,-63.73194628853284,-62.97867643176272
58,ksqexp,1,1.5,1.5,0.05,-88.58556071024978,-85.40798886965936
59,ksqexp,1,1.5,1.5,0.01,-106.02812132420122,-100.7097200540293
60,ksqexp,1,1.5,1.5,0,-106.9693783604258,-101.52646243709032
61,ksqexp,1,2,0.5,0.5,-38.9207197145248,-40.27381024419832
62,ksqexp,1,2,0.5,0.1,-66.30118556415302,-68.01649356343569
63,ksqexp,1,2,0.5,0.05,-97.62512554709778,-98.27265282631615
64,ksqexp,1,2,0.5,0.01,-123.5163998261175,-122.80847162709938
65,ksqexp,1,2,0.5,0,-125.02200863015109,-124.22299965960565
66,ksqexp,1,2,1,0.5,-38.67916405446372,-39.709601504968646
67,ksqexp,1,2,1,0.1,-55.231314591593424,-56.14153810113138
68,ksqexp,1,2,1,0.05,-68.01844964561582,-68.36355617312728
69,ksqexp,1,2,1,0.01,-75.41652840896965,-75.33928585236309
70,ksqexp,1,2,1,0,-75.78661690012731,-75.68652100981001
71,ksqexp,1,2,1.5,0.5,-40.1978036904312,-41.08316771267583
72,ksqexp,1,2,1.5,0.1,-51.747489576583725,-52.43447196266118
73,ksqexp,1,2,1.5,0.05,-58.606809778231266,-58.952531026157324
74,ksqexp,1,2,1.5,0.01,-62.004671290750636,-62.147663965517296
75,ksqexp,1,2,1.5,0,-62.16547642179044,-62.29835155832016
76,ksqexp,1,2.5,0.5,0.5,-39.60804657823207,-41.12898658662236
77,ksqexp,1,2.5,0.5,0.1,-56.40601832627773,-58.96719924827553
78,ksqexp,1,2.5,0.5,0.05,-68.62297319105097,-71.10788466131683
79,ksqexp,1,2.5,0.5,0.01,-75.83061412073606,-78.21516627437751
80,ksqexp,1,2.5,0.5,0,-76.19432189009412,-78.57282352755252
81,ksqexp,1,2.5,1,0.5,-39.46827789577849,-40.63376039520953
82,ksqexp,1,2.5,1,0.1,-46.88931746249262,-48.44431354240063
83,ksqexp,1,2.5,1,0.05,-50.910656437767464,-52.426520960945325
84,ksqexp,1,2.5,1,0.01,-52.76829280708368,-54.25635741302831
85,ksqexp,1,2.5,1,0,-52.85420080901867,-54.34084361788762
86,ksqexp,1,2.5,1.5,0.5,-41.093416310594826,-42.09049198802341
87,ksqexp,1,2.5,1.5,0.1,-45.12461539449048,-46.347832662627034
88,ksqexp,1,2.5,1.5,0.05,-47.03006127684692,-48.232174530590044
89,ksqexp,1,2.5,1.5,0.01,-47.82898137613174,-49.0189258295291
90,ksqexp,1,2.5,1.5,0,-47.8648172149731,-49.054173747652854
91,ksqexp,1,3,0.5,0.5,-40.28195662168056,-41.920547837046556
92,ksqexp,1,3,0.5,0.1,-50.78758865085559,-53.63284896015223
93,ksqexp,1,3,0.5,0.05,-56.18701947793031,-59.03258915181014
94,ksqexp,1,3,0.5,0.01,-58.8379888734128,-61.66508026900187
95,ksqexp,1,3,0.5,0,-58.963196824638096,-61.789169243250015
96,ksqexp,1,3,1,0.5,-40.123812701656114,-41.38460794894038
97,ksqexp,1,3,1,0.1,-43.05593105910698,-44.78147235895301
98,ksqexp,1,3,1,0.05,-44.5465456743777,-46.27204617212505
99,ksqexp,1,3,1,0.01,-45.16488627809995,-46.88728093225524
100,ksqexp,1,3,1,0,-45.19252975247245,-46.91474978143871
101,ksqexp,1,3,1.5,0.5,-41.77467239455665,-42.850387239884085
102,ksqexp,1,3,1.5,0.1,-42.52061613820643,-43.8735615537052
103,ksqexp,1,3,1.5,0.05,-43.14017222753004,-44.494916396320946
104,ksqexp,1,3,1.5,0.01,-43.38232975383704,-44.73666257352132
105,ksqexp,1,3,1.5,0,-43.392964161671735,-44.7472667274245
106,ksqexp,1,3.5,0.5,0.5,-40.83793209046338,-42.55613901557457
107,ksqexp,1,3.5,0.5,0.1,-47.92974004315622,-50.89990022077824
108,ksqexp,1,3.5,0.5,0.05,-50.742825857764544,-53.703782021025745
109,ksqexp,1,3.5,0.5,0.01,-51.98871976614847,-54.932984449562035
110,ksqexp,1,3.5,0.5,0,-52.045612536515605,-54.98896299455436
111,ksqexp,1,3.5,1,0.5,-40.63035616439462,-41.9569477296793
112,ksqexp,1,3.5,1,0.1,-41.43775298457858,-43.235007512648906
113,ksqexp,1,3.5,1,0.05,-42.09039229216661,-43.88734751574331
114,ksqexp,1,3.5,1,0.01,-42.347746857962214,-44.14257250444476
115,ksqexp,1,3.5,1,0,-42.35907733923627,-44.15378729955525
116,ksqexp,1,3.5,1.5,0.5,-42.2810503064033,-43.411679361329185
117,ksqexp,1,3.5,1.5,0.1,-41.608123470208724,-43.017392616980565
118,ksqexp,1,3.5,1.5,0.05,-41.83142378773586,-43.24309424165564
119,ksqexp,1,3.5,1.5,0.01,-41.91714748611041,-43.32897814433463
120,ksqexp,1,3.5,1.5,0,-41.9208890401443,-43.332718834558214
121,ksqexp,1,4,0.5,0.5,-41.25569251354291,-43.02721081893375
122,ksqexp,1,4,0.5,0.1,-46.418288780496155,-49.4742605400888
123,ksqexp,1,4,0.5,0.05,-48.09159702042574,-51.13968067419071
124,ksqexp,1,4,0.5,0.01,-48.786934834990554,-51.82211175768427
125,ksqexp,1,4,0.5,0,-48.81806903851093,-51.85255653610471
126,ksqexp,1,4,1,0.5,-41.00609255024337,-42.37808916482697
127,ksqexp,1,4,1,0.1,-40.73708161752573,-42.58907768532838
128,ksqexp,1,4,1,0.05,-41.05378019088635,-42.90744691748206
129,ksqexp,1,4,1,0.01,-41.17600845645801,-43.02877978229334
130,ksqexp,1,4,1,0,-41.18135379468763,-43.03406976611549
131,ksqexp,1,4,1.5,0.5,-42.65501854594339,-43.82457915062349
132,ksqexp,1,4,1.5,0.1,-41.322468267246116,-42.7767320020487
133,ksqexp,1,4,1.5,0.05,-41.39585305032808,-42.853836018316024
134,ksqexp,1,4,1.5,0.01,-41.42515051130771,-42.883914974904656
135,ksqexp,1,4,1.5,0,-41.42643881344522,-42.88523094281908
136,ksqexp,1,6,0.5,0.5,-42.073673665670796,-43.94021677433637
137,ksqexp,1,6,0.5,0.1,-44.243664355547416,-47.52300017102847
138,ksqexp,1,6,0.5,0.05,-44.66574610811671,-47.97539581220515
139,ksqexp,1,6,0.5,0.01,-44.82148711353967,-48.137962020058
140,ksqexp,1,6,0.5,0,-44.82822522874313,-48.14494766614274
141,ksqexp,1,6,1,0.5,-41.794058125281,-43.257174017381004
142,ksqexp,1,6,1,0.1,-40.1877202040567,-42.203052405871745
143,ksqexp,1,6,1,0.05,-40.182052196033936,-42.21243069224467
144,ksqexp,1,6,1,0.01,-40.18224038809947,-42.21713606950112
145,ksqexp,1,6,1,0,-40.18227108721733,-42.21735145651939
146,ksqexp,1,6,1.5,0.5,-43.48863557888983,-44.745273229812845
147,ksqexp,1,6,1.5,0.1,-41.49803791176224,-43.09197463062527
148,ksqexp,1,6,1.5,0.05,-41.442424156629855,-43.046855351324695
149,ksqexp,1,6,1.5,0.01,-41.424998352045776,-43.03272796326877
150,ksqexp,1,6,1.5,0,-41.424276473438134,-43.03214282004128
151,ksqexp,1,8,0.5,0.5,-42.4421685823955,-44.35034972514838
152,ksqexp,1,8,0.5,0.1,-43.778592317807195,-47.201636044059484
153,ksqexp,1,8,0.5,0.05,-43.97389701472773,-47.451214101660824
154,ksqexp,1,8,0.5,0.01,-44.04261802329162,-47.53651295160044
155,ksqexp,1,8,0.5,0,-44.045552915406866,-47.540128590626146
156,ksqexp,1,8,1,0.5,-42.213212862562216,-43.728335523166756
157,ksqexp,1,8,1,0.1,-40.40383368159532,-42.532944745504615
158,ksqexp,1,8,1,0.05,-40.354938538076915,-42.50622961759475
159,ksqexp,1,8,1,0.01,-40.339654038608984,-42.49801836793637
160,ksqexp,1,8,1,0,-40.33902126591577,-42.49767997605962
161,ksqexp,1,8,1.5,0.5,-43.974937865409665,-45.28960984688712
162,ksqexp,1,8,1.5,0.1,-41.98292971326453,-43.67775013299034
163,ksqexp,1,8,1.5,0.05,-41.91637958173596,-43.62508539810676
164,ksqexp,1,8,1.5,0.01,-41.89505621409059,-43.60822320917365
165,ksqexp,1,8,1.5,0,-41.894167482820315,-43.607520537938825
166,ksqexp,1,10,0.5,0.5,-42.627963313322894,-44.563226976512816
167,ksqexp,1,10,0.5,0.1,-43.6651228846005,-47.18344884033918
168,ksqexp,1,10,0.5,0.05,-43.79567357349311,-47.380039935639964
169,ksqexp,1,10,0.5,0.01,-43.84060945006476,-47.44599496531301
170,ksqexp,1,10,0.5,0,-43.84251721005952,-47.44877672227407
171,ksqexp,1,10,1,0.5,-42.47996692396571,-44.03431720687243
172,ksqexp,1,10,1,0.1,-40.6701504757529,-42.87816171632236
173,ksqexp,1,10,1,0.05,-40.61376805812403,-42.84726636319865
174,ksqexp,1,10,1,0.01,-40.59580343522999,-42.83751331224618
175,ksqexp,1,10,1,0,-40.59505579881972,-42.83710839223395
176,ksqexp,1,10,1.5,0.5,-44.30831229567389,-45.66878173793582
177,ksqexp,1,10,1.5,0.1,-42.39057354012444,-44.1572973740829
178,ksqexp,1,10,1.5,0.05,-42.325122191455684,-44.10726043263866
179,ksqexp,1,10,1.5,0.01,-42.30410206344376,-44.091211478742466
180,ksqexp,1,10,1.5,0,-42.30322542847648,-44.09054238229019
181,ksqexp,1,25,0.5,0.5,-42.891674984167885,-44.88641350858355
182,ksqexp,1,25,0.5,0.1,-43.71950636583626,-47.41213074843384
183,ksqexp,1,25,0.5,0.05,-43.810199045803735,-47.58147395892219
184,ksqexp,1,25,0.5,0.01,-43.84089088052312,-47.637664063599686
185,ksqexp,1,25,0.5,0,-43.84218805174252,-47.64002702279495
186,ksqexp,1,25,1,0.5,-42.943271491815395,-44.582513282193474
187,ksqexp,1,25,1,0.1,-41.25602886683633,-43.60773312811037
188,ksqexp,1,25,1,0.05,-41.20183895523615,-43.58237419106508
189,ksqexp,1,25,1,0.01,-41.18450087091961,-43.57436112774333
190,ksqexp,1,25,1,0,-41.18377849746422,-43.57402834435633
191,ksqexp,1,25,1.5,0.5,-44.90632045893226,-46.36298423027913
192,ksqexp,1,25,1.5,0.1,-43.16666915886925,-45.06513018558918
193,ksqexp,1,25,1.5,0.05,-43.10794035862552,-45.023308668148005
194,ksqexp,1,25,1.5,0.01,-43.089085040320704,-45.00991062853037
195,ksqexp,1,25,1.5,0,-43.088298746109615,-45.00935221828099
196,ksqexp,1.25,0.2,0.5,0.5,-62.53892233776084,-64.92274341108721
197,ksqexp,1.25,0.2,0.5,0.1,-379.9281578026773,-380.57212533609805
198,ksqexp,1.25,0.2,0.5,0.05,-891.6972054068018,-874.4362028795696
199,ksqexp,1.25,0.2,0.5,0.01,-10269.126128710994,-10229.700363713691
200,ksqexp,1.25,0.2,0.5,0,-311711.7480891146,-308167.4674701732
201,ksqexp,1.25,0.2,1,0.5,-57.03213395033582,-59.31088805928253
202,ksqexp,1.25,0.2,1,0.1,-281.1593889831742,-277.1018978406773
203,ksqexp,1.25,0.2,1,0.05,-716.0730955188261,-705.6750886939853
204,ksqexp,1.25,0.2,1,0.01,-8566.702971981651,-8522.566045859543
205,ksqexp,1.25,0.2,1,0,-155821.67315404574,-154050.0681159239
206,ksqexp,1.25,0.2,1.5,0.5,-53.3924172243485,-55.45528775631981
207,ksqexp,1.25,0.2,1.5,0.1,-238.4400063943207,-234.07100789106872
208,ksqexp,1.25,0.2,1.5,0.05,-644.6911314376703,-638.0325512179007
209,ksqexp,1.25,0.2,1.5,0.01,-7674.659540170485,-7626.997522390875
210,ksqexp,1.25,0.2,1.5,0,-103861.07206082524,-102680.35898980527
211,ksqexp,1.25,0.5,0.5,0.5,-44.58010612865289,-46.12871912327209
212,ksqexp,1.25,0.5,0.5,0.1,-188.10275565632983,-177.36941107224555
213,ksqexp,1.25,0.5,0.5,0.05,-494.58119588103693,-468.02382404515726
214,ksqexp,1.25,0.5,0.5,0.01,-4477.1413657058965,-4182.606581693678
215,ksqexp,1.25,0.5,0.5,0,-10941.20411417012,-9788.662253217708
216,ksqexp,1.25,0.5,1,0.5,-39.27904035487859,-40.25675638022288
217,ksqexp,1.25,0.5,1,0.1,-151.5702410303173,-142.71493348662293
218,ksqexp,1.25,0.5,1,0.05,-394.2842544357871,-376.0374041444905
219,ksqexp,1.25,0.5,1,0.01,-3140.9205725303527,-2891.280799862517
220,ksqexp,1.25,0.5,1,0,-5457.35844898486,-4881.564920492064
221,ksqexp,1.25,0.5,1.5,0.5,-37.39406878655391,-38.0616147543294
222,ksqexp,1.25,0.5,1.5,0.1,-134.17183858215486,-126.89463012249755
223,ksqexp,1.25,0.5,1.5,0.05,-348.06087216380934,-332.95099771651616
224,ksqexp,1.25,0.5,1.5,0.01,-2430.0458126950207,-2220.5157658658973
225,ksqexp,1.25,0.5,1.5,0,-3632.2005326195,-3248.6564511036086
226,ksqexp,1.25,1,0.5,0.5,-38.300515630270006,-39.342161151463046
227,ksqexp,1.25,1,0.5,0.1,-130.67500585563386,-126.53754287502579
228,ksqexp,1.25,1,0.5,0.05,-360.66446550784326,-339.0843039438406
229,ksqexp,1.25,1,0.5,0.01,-2189.3008674134708,-1830.1055467578674
230,ksqexp,1.25,1,0.5,0,-2847.897621690757,-2320.80706828308
231,ksqexp,1.25,1,1,0.5,-36.28201827045025,-36.96970429752634
232,ksqexp,1.25,1,1,0.1,-111.49177193988962,-107.20963691512398
233,ksqexp,1.25,1,1,0.05,-307.1053946443112,-282.8081010347007
234,ksqexp,1.25,1,1,0.01,-1238.4452897886583,-1023.765311024407
235,ksqexp,1.25,1,1,0,-1423.9627878523534,-1161.0163739618852
236,ksqexp,1.25,1,1.5,0.5,-36.30134898273058,-36.87952479402503
237,ksqexp,1.25,1,1.5,0.1,-104.36957518027415,-99.8751486930317
238,ksqexp,1.25,1,1.5,0.05,-276.9715131585515,-251.43938876028125
239,ksqexp,1.25,1,1.5,0.01,-866.0801818342326,-713.7368728288793
240,ksqexp,1.25,1,1.5,0,-952.1084990608647,-777.2101319274558
241,ksqexp,1.25,1.5,0.5,0.5,-37.736352507421586,-38.92549496928759
242,ksqexp,1.25,1.5,0.5,0.1,-103.5558701258209,-101.35102946707276
243,ksqexp,1.25,1.5,0.5,0.05,-272.5843814933697,-255.32112549592054
244,ksqexp,1.25,1.5,0.5,0.01,-845.6977024820155,-733.9719081998967
245,ksqexp,1.25,1.5,0.5,0,-928.3364985211873,-799.2207385382097
246,ksqexp,1.25,1.5,1,0.5,-36.63709986008034,-37.51519196378116
247,ksqexp,1.25,1.5,1,0.1,-92.18197457850903,-89.17718018397845
248,ksqexp,1.25,1.5,1,0.05,-215.4562428390328,-198.15906323175668
249,ksqexp,1.25,1.5,1,0.01,-448.54144823839357,-389.1608897428134
250,ksqexp,1.25,1.5,1,0,-470.08629109899306,-406.11968562160763
251,ksqexp,1.25,1.5,1.5,0.5,-37.25905865635586,-38.04747916953815
252,ksqexp,1.25,1.5,1.5,0.1,-87.79772070223615,-84.4385702982194
253,ksqexp,1.25,1.5,1.5,0.05,-181.75479696094257,-165.88882229763217
254,ksqexp,1.25,1.5,1.5,0.01,-310.42835373409997,-270.2529348607853
255,ksqexp,1.25,1.5,1.5,0,-320.12687862423735,-277.8766580036497
256,ksqexp,1.25,2,0.5,0.5,-37.49989570069201,-38.93646350643039
257,ksqexp,1.25,2,0.5,0.1,-85.17907168083809,-85.39844818359018
258,ksqexp,1.25,2,0.5,0.05,-179.6032663324731,-173.38836548389241
259,ksqexp,1.25,2,0.5,0.01,-330.0153382752596,-306.66760197097796
260,ksqexp,1.25,2,0.5,0,-342.46617507774295,-317.3955690810908
261,ksqexp,1.25,2,1,0.5,-36.866267423344034,-37.9827345787793
262,ksqexp,1.25,2,1,0.1,-73.84553291256915,-73.30744190046732
263,ksqexp,1.25,2,1,0.05,-126.66271075584275,-121.43819069236089
264,ksqexp,1.25,2,1,0.01,-177.31042695627772,-165.77775525103308
265,ksqexp,1.25,2,1,0,-180.45901620905576,-168.48587142249076
266,ksqexp,1.25,2,1.5,0.5,-37.921047121332,-38.92990763159374
267,ksqexp,1.25,2,1.5,0.1,-68.75876967293975,-68.02801603011198
268,ksqexp,1.25,2,1.5,0.05,-102.59357439215437,-98.46048999782074
269,ksqexp,1.25,2,1.5,0.01,-127.84930691980243,-120.43895246535314
270,ksqexp,1.25,2,1.5,0,-129.24728667177192,-121.63996229058407
271,ksqexp,1.25,2.5,0.5,0.5,-37.63688927903382,-39.315465006994266
272,ksqexp,1.25,2.5,0.5,0.1,-69.73408905732643,-72.07645131421775
273,ksqexp,1.25,2.5,0.5,0.05,-111.22122546600222,-112.3536742434235
274,ksqexp,1.25,2.5,0.5,0.01,-149.31842315000776,-148.4640938116903
275,ksqexp,1.25,2.5,0.5,0,-151.6442862740131,-150.64384132000336
276,ksqexp,1.25,2.5,1,0.5,-37.31871821292052,-38.64883213006096
277,ksqexp,1.25,2.5,1,0.1,-57.609797472169056,-59.06006627890146
278,ksqexp,1.25,2.5,1,0.05,-75.51455148724098,-76.23559548292415
279,ksqexp,1.25,2.5,1,0.01,-86.68672552578869,-86.7641455757389
280,ksqexp,1.25,2.5,1,0,-87.26165162718259,-87.30235559987815
281,ksqexp,1.25,2.5,1.5,0.5,-38.655110265536024,-39.853001093320394
282,ksqexp,1.25,2.5,1.5,0.1,-53.24295941391332,-54.42616329600058
283,ksqexp,1.25,2.5,1.5,0.05,-63.14040037268893,-63.858042404485765
284,ksqexp,1.25,2.5,1.5,0.01,-68.34038869641013,-68.744395264793
285,ksqexp,1.25,2.5,1.5,0,-68.59143017563287,-68.97918379073178
286,ksqexp,1.25,3,0.5,0.5,-38.0277696119939,-39.90604183426663
287,ksqexp,1.25,3,0.5,0.1,-58.491849414059494,-61.6009971284964
288,ksqexp,1.25,3,0.5,0.05,-76.30088648590835,-79.14871897031932
289,ksqexp,1.25,3,0.5,0.01,-87.94806393838888,-90.464489292296
290,ksqexp,1.25,3,0.5,0,-88.5597778186995,-91.05561428780513
291,ksqexp,1.25,3,1,0.5,-37.86284058084508,-39.35975668371749
292,ksqexp,1.25,3,1,0.1,-47.73944256892804,-49.775504499444494
293,ksqexp,1.25,3,1,0.05,-54.009622574998524,-55.914922593247226
294,ksqexp,1.25,3,1,0.01,-57.10730793256945,-58.91812880602753
295,ksqexp,1.25,3,1,0,-57.2537393532943,-59.05964829944989
296,ksqexp,1.25,3,1.5,0.5,-39.34810711191575,-40.68877573820536
297,ksqexp,1.25,3,1.5,0.1,-45.09760863286898,-46.79031936682657
298,ksqexp,1.25,3,1.5,0.05,-48.186417564516056,-49.80672665762594
299,ksqexp,1.25,3,1.5,0.01,-49.54709347921064,-51.12509142075126
300,ksqexp,1.25,3,1.5,0,-49.60904996418401,-51.18498306938078
301,ksqexp,1.25,3.5,0.5,0.5,-38.49373573957185,-40.529411734726196
302,ksqexp,1.25,3.5,0.5,0.1,-51.96055761029145,-55.11221596154921
303,ksqexp,1.25,3.5,0.5,0.05,-60.7612649571327,-63.53759694158735
304,ksqexp,1.25,3.5,0.5,0.01,-65.52635448572784,-68.01913840063256
305,ksqexp,1.25,3.5,0.5,0,-65.75917194557444,-68.23684100846735
306,ksqexp,1.25,3.5,1,0.5,-38.37792197457281,-40.00158024051435
307,ksqexp,1.25,3.5,1,0.1,-43.01531568987399,-45.0598428964506
308,ksqexp,1.25,3.5,1,0.05,-45.6712891957804,-47.57953339658856
309,ksqexp,1.25,3.5,1,0.01,-46.83928233918026,-48.674866425078
310,ksqexp,1.25,3.5,1,0,-46.89243237982878,-48.72454529477521
311,ksqexp,1.25,3.5,1.5,0.5,-39.93855068367569,-41.38432192097334
312,ksqexp,1.25,3.5,1.5,0.1,-41.712746791236775,-43.42627619507924
313,ksqexp,1.25,3.5,1.5,0.05,-42.893013251211514,-44.54175842123648
314,ksqexp,1.25,3.5,1.5,0.01,-43.3728608192604,-44.99118834682804
315,ksqexp,1.25,3.5,1.5,0,-43.39417595770754,-45.011103490023565
316,ksqexp,1.25,4,0.5,0.5,-38.935858263779856,-41.09351865717544
317,ksqexp,1.25,4,0.5,0.1,-48.45598970226731,-51.54705998673731
318,ksqexp,1.25,4,0.5,0.05,-53.58204646624904,-56.203664821720054
319,ksqexp,1.25,4,0.5,0.01,-56.07913041459651,-58.41460516469979
320,ksqexp,1.25,4,0.5,0,-56.19672021384478,-58.51790410885021
321,ksqexp,1.25,4,1,0.5,-38.820909951982344,-40.54154216765574
322,ksqexp,1.25,4,1,0.1,-40.86716506385561,-42.87878498812732
323,ksqexp,1.25,4,1,0.05,-42.22957551363231,-44.09086947758834
324,ksqexp,1.25,4,1,0.01,-42.7949198847356,-44.58605052660611
325,ksqexp,1.25,4,1,0,-42.82018620508635,-44.608085668777434
326,ksqexp,1.25,4,1.5,0.5,-40.419412437708935,-41.944710181390256
327,ksqexp,1.25,4,1.5,0.1,-40.387919424334136,-42.09514195508903
328,ksqexp,1.25,4,1.5,0.05,-40.92954626294048,-42.569521382698156
329,ksqexp,1.25,4,1.5,0.01,-41.14262843483539,-42.7540465268561
330,ksqexp,1.25,4,1.5,0,-41.15199830209444,-42.762136288698336
331,ksqexp,1.25,6,0.5,0.5,-40.05324009511765,-42.466647261069966
332,ksqexp,1.25,6,0.5,0.1,-43.95183205432109,-47.3067498284642
333,ksqexp,1.25,6,0.5,0.05,-45.38904358648709,-48.43891678936027
334,ksqexp,1.25,6,0.5,0.01,-45.98291956097557,-48.88779898185016
335,ksqexp,1.25,6,0.5,0,-46.00945832983956,-48.907632538344934
336,ksqexp,1.25,6,1,0.5,-39.89564694663197,-41.82843715717203
337,ksqexp,1.25,6,1,0.1,-38.83327346954799,-41.095171835821766
338,ksqexp,1.25,6,1,0.05,-39.064152953585186,-41.25269534771876
339,ksqexp,1.25,6,1,0.01,-39.15492916645757,-41.313518982603185
340,ksqexp,1.25,6,1,0,-39.158915047716015,-41.3161771433281
341,ksqexp,1.25,6,1.5,0.5,-41.556126471192385,-43.26399656455073
342,ksqexp,1.25,6,1.5,0.1,-39.626298249380525,-41.57197754932606
343,ksqexp,1.25,6,1.5,0.05,-39.65254226862819,-41.573157506046755
344,ksqexp,1.25,6,1.5,0.01,-39.66546630833356,-41.576191730771654
345,ksqexp,1.25,6,1.5,0,-39.666057387044376,-41.576348778367745
346,ksqexp,1.25,8,0.5,0.5,-40.56505474168265,-43.06862428133985
347,ksqexp,1.25,8,0.5,0.1,-42.60327531510974,-46.35590663090719
348,ksqexp,1.25,8,0.5,0.05,-43.247065722430484,-46.87459284756312
349,ksqexp,1.25,8,0.5,0.01,-43.49617992574832,-47.06628843198747
350,ksqexp,1.25,8,0.5,0,-43.5070995294425,-47.07459089980259
351,ksqexp,1.25,8,1,0.5,-40.42488758701045,-42.450603649317756
352,ksqexp,1.25,8,1,0.1,-38.586236082742076,-41.150119997130325
353,ksqexp,1.25,8,1,0.05,-38.615675950778076,-41.16304165316022
354,ksqexp,1.25,8,1,0.01,-38.629706704144276,-41.169705061191166
355,ksqexp,1.25,8,1,0,-38.63034506154352,-41.17001188321868
356,ksqexp,1.25,8,1.5,0.5,-42.141915686699974,-43.946115277211064
357,ksqexp,1.25,8,1.5,0.1,-39.864383612992015,-42.05953775523458
358,ksqexp,1.25,8,1.5,0.05,-39.8118649040088,-42.008865576422444
359,ksqexp,1.25,8,1.5,0.01,-39.7960638871333,-41.9931260281486
360,ksqexp,1.25,8,1.5,0,-39.795417005633325,-41.992475644417866
361,ksqexp,1.25,10,0.5,0.5,-40.887122582099,-43.441969137098866
362,ksqexp,1.25,10,0.5,0.1,-42.06713939848723,-46.13061325615621
363,ksqexp,1.25,10,0.5,0.05,-42.41884673763586,-46.45258477433649
364,ksqexp,1.25,10,0.5,0.01,-42.549743911231275,-46.566772338038184
365,ksqexp,1.25,10,0.5,0,-42.55541849970613,-46.571661670646236
366,ksqexp,1.25,10,1,0.5,-40.785906873499364,-42.87882249175242
367,ksqexp,1.25,10,1,0.1,-38.67868808359162,-41.466974069995565
368,ksqexp,1.25,10,1,0.05,-38.64439456783208,-41.443340011080856
369,ksqexp,1.25,10,1,0.01,-38.634987012576445,-41.436631361360845
370,ksqexp,1.25,10,1,0,-38.63461298648598,-41.43636153122553
371,ksqexp,1.25,10,1.5,0.5,-42.55529661899578,-44.43717915392944
372,ksqexp,1.25,10,1.5,0.1,-40.2155442687818,-42.59388431111212
373,ksqexp,1.25,10,1.5,0.05,-40.14247697393131,-42.53485589077877
374,ksqexp,1.25,10,1.5,0.01,-40.11929801859889,-42.516034977243486
375,ksqexp,1.25,10,1.5,0,-40.118334582142566,-42.51525158481748
376,ksqexp,1.25,25,0.5,0.5,-41.43348305127541,-44.13264129427474
377,ksqexp,1.25,25,0.5,0.1,-41.603605202371625,-46.33160818868719
378,ksqexp,1.25,25,0.5,0.05,-41.70855143353499,-46.50906122622244
379,ksqexp,1.25,25,0.5,0.01,-41.74590268715654,-46.56892851393951
380,ksqexp,1.25,25,0.5,0,-41.747501730184155,-46.57145725693236
381,ksqexp,1.25,25,1,0.5,-41.570315623038304,-43.87339773868861
382,ksqexp,1.25,25,1,0.1,-39.38501488092125,-42.648398703862085
383,ksqexp,1.25,25,1,0.05,-39.31531741344879,-42.61540435751969
384,ksqexp,1.25,25,1,0.01,-39.293106822458306,-42.604997092223215
385,ksqexp,1.25,25,1,0,-39.29218246554717,-42.604565114972196
386,ksqexp,1.25,25,1.5,0.5,-43.529209355112116,-45.651865033461824
387,ksqexp,1.25,25,1.5,0.1,-41.36396367257882,-44.13930973827493
388,ksqexp,1.25,25,1.5,0.05,-41.28936248730939,-44.089543275386816
389,ksqexp,1.25,25,1.5,0.01,-41.265398915325896,-44.07358953539165
390,ksqexp,1.25,25,1.5,0,-41.264399477404766,-44.072924501055525
391,ksqexp,1.5,0.2,0.5,0.5,-64.45471894669858,-67.18596807258726
392,ksqexp,1.5,0.2,0.5,0.1,-493.8543585598647,-499.0147745664896
393,ksqexp,1.5,0.2,0.5,0.05,-1331.6457916828049,-1277.1774938832227
394,ksqexp,1.5,0.2,0.5,0.01,-14694.258384657125,-14082.61018165011
395,ksqexp,1.5,0.2,0.5,0,-820764.9503740625,-825683.2631990717
396,ksqexp,1.5,0.2,1,0.5,-59.63249637659224,-62.34324149632304
397,ksqexp,1.5,0.2,1,0.1,-398.29873467733626,-390.4633906253207
398,ksqexp,1.5,0.2,1,0.05,-1075.2133036738321,-1018.3662578924313
399,ksqexp,1.5,0.2,1,0.01,-12221.852374199592,-11772.792853203937
400,ksqexp,1.5,0.2,1,0,-410338.5468711215,-412798.6523333248
401,ksqexp,1.5,0.2,1.5,0.5,-56.08114818311295,-58.66693454130953
402,ksqexp,1.5,0.2,1.5,0.1,-350.7039808822809,-338.9579323691442
403,ksqexp,1.5,0.2,1.5,0.05,-957.998969636489,-904.2826510898033
404,ksqexp,1.5,0.2,1.5,0.01,-10880.903961800295,-10515.053512013214
405,ksqexp,1.5,0.2,1.5,0,-273532.2525124786,-275172.954996066
406,ksqexp,1.5,0.5,0.5,0.5,-47.369143227925065,-49.424548758166786
407,ksqexp,1.5,0.5,0.5,0.1,-250.57053470774784,-235.42132686732802
408,ksqexp,1.5,0.5,0.5,0.05,-791.4290239102212,-720.395115008159
409,ksqexp,1.5,0.5,0.5,0.01,-8440.631767853813,-7892.1073499606655
410,ksqexp,1.5,0.5,0.5,0,-47532.85868874723,-41444.417068808114
411,ksqexp,1.5,0.5,1,0.5,-41.55858602375484,-43.00335413407123
412,ksqexp,1.5,0.5,1,0.1,-219.42492755193607,-201.82571280413626
413,ksqexp,1.5,0.5,1,0.05,-669.3652996336607,-609.1549337137255
414,ksqexp,1.5,0.5,1,0.01,-6778.072960330511,-6296.59056427775
415,ksqexp,1.5,0.5,1,0,-23744.306900540076,-20700.809862502625
416,ksqexp,1.5,0.5,1.5,0.5,-38.9300168457511,-40.008210822226864
417,ksqexp,1.5,0.5,1.5,0.1,-203.2201255609382,-185.58489337078979
418,ksqexp,1.5,0.5,1.5,0.05,-600.9675550851254,-549.144262101441
419,ksqexp,1.5,0.5,1.5,0.01,-5823.7806318719,-5369.937186048187
420,ksqexp,1.5,0.5,1.5,0,-15817.580010728798,-13789.06455581156
421,ksqexp,1.5,1,0.5,0.5,-38.83396270221063,-39.99271094066627
422,ksqexp,1.5,1,0.5,0.1,-186.83101913293552,-177.85947032346775
423,ksqexp,1.5,1,0.5,0.05,-552.5150628801304,-519.0546469866699
424,ksqexp,1.5,1,0.5,0.01,-6250.306428245929,-5223.388554266105
425,ksqexp,1.5,1,0.5,0,-13023.743521689952,-10177.553930338225
426,ksqexp,1.5,1,1,0.5,-36.42128519786937,-37.10757235621641
427,ksqexp,1.5,1,1,0.1,-160.00648695037665,-151.96220731493437
428,ksqexp,1.5,1,1,0.05,-483.5737566301608,-449.3011454472963
429,ksqexp,1.5,1,1,0.01,-4227.505328156605,-3438.6988254588928
430,ksqexp,1.5,1,1,0,-6504.659035779694,-5082.459305803092
431,ksqexp,1.5,1,1.5,0.5,-36.06459653347689,-36.59787866035707
432,ksqexp,1.5,1,1.5,0.1,-148.4318419324415,-140.8450242674603
433,ksqexp,1.5,1,1.5,0.05,-450.9578785327871,-414.8354683345507
434,ksqexp,1.5,1,1.5,0.01,-3192.383285495088,-2567.196414100199
435,ksqexp,1.5,1,1.5,0,-4334.421515244069,-3386.885076874913
436,ksqexp,1.5,1.5,0.5,0.5,-37.829511773162814,-39.04063030720197
437,ksqexp,1.5,1.5,0.5,0.1,-136.94864686208103,-132.47057349086396
438,ksqexp,1.5,1.5,0.5,0.05,-396.7399629011465,-372.42794937791234
439,ksqexp,1.5,1.5,0.5,0.01,-2360.366712414365,-1990.1047885354767
440,ksqexp,1.5,1.5,0.5,0,-2987.0032625760505,-2462.7788685334967
441,ksqexp,1.5,1.5,1,0.5,-36.46475305870589,-37.30901966759182
442,ksqexp,1.5,1.5,1,0.1,-118.70654686943156,-114.2045429228391
443,ksqexp,1.5,1.5,1,0.05,-344.5828829748864,-317.49717511884955
444,ksqexp,1.5,1.5,1,0.01,-1319.4255859860766,-1101.900895566529
445,ksqexp,1.5,1.5,1,0,-1493.686048640654,-1232.453920080959
446,ksqexp,1.5,1.5,1.5,0.5,-36.651137460008606,-37.40091407388766
447,ksqexp,1.5,1.5,1.5,0.1,-112.69569320993693,-107.9637450100805
448,ksqexp,1.5,1.5,1.5,0.05,-311.3809674938809,-283.2525740524495
449,ksqexp,1.5,1.5,1.5,0.01,-918.2925565291944,-765.0501155368091
450,ksqexp,1.5,1.5,1.5,0,-998.7042998873717,-825.1362600461941
451,ksqexp,1.5,2,0.5,0.5,-37.16232430295511,-38.60063971622386
452,ksqexp,1.5,2,0.5,0.1,-105.20691973765823,-103.9784761778677
453,ksqexp,1.5,2,0.5,0.05,-284.917538695586,-270.9478464904824
454,ksqexp,1.5,2,0.5,0.01,-891.2273964136547,-789.1629188764471
455,ksqexp,1.5,2,0.5,0,-976.8996842100075,-858.4563775598094
456,ksqexp,1.5,2,1,0.5,-36.12755451132769,-37.23730949880663
457,ksqexp,1.5,2,1,0.1,-93.57034171714835,-91.76766675837462
458,ksqexp,1.5,2,1,0.05,-225.2903401417714,-210.75323812120905
459,ksqexp,1.5,2,1,0.01,-470.5745282230409,-416.5446644277469
460,ksqexp,1.5,2,1,0,-492.87852591108754,-434.5303269500693
461,ksqexp,1.5,2,1.5,0.5,-36.64436844914502,-37.67553820782656
462,ksqexp,1.5,2,1.5,0.1,-89.08692716202654,-86.96612545892638
463,ksqexp,1.5,2,1.5,0.05,-189.3554604524982,-175.8513956309738
464,ksqexp,1.5,2,1.5,0.01,-324.2943807123653,-287.9313310038537
465,ksqexp,1.5,2,1.5,0,-334.3287964739771,-296.0123000963573
466,ksqexp,1.5,2.5,0.5,0.5,-36.72895318946122,-38.42889565025294
467,ksqexp,1.5,2.5,0.5,0.1,-86.05824956518826,-87.97590040692923
468,ksqexp,1.5,2.5,0.5,0.05,-187.43466412121057,-185.16479906338876
469,ksqexp,1.5,2.5,0.5,0.01,-357.32538878945473,-340.02928743155377
470,ksqexp,1.5,2.5,0.5,0,-371.76961705489396,-352.83119263139463
471,ksqexp,1.5,2.5,1,0.5,-35.998113359364815,-37.378783939619346
472,ksqexp,1.5,2.5,1,0.1,-73.9156886702148,-75.00143434891085
473,ksqexp,1.5,2.5,1,0.05,-131.81654811798202,-129.32539058374084
474,ksqexp,1.5,2.5,1,0.01,-189.59808517146294,-181.38258033845625
475,ksqexp,1.5,2.5,1,0,-193.2534087743652,-184.61719553023772
476,ksqexp,1.5,2.5,1.5,0.5,-36.86099096255233,-38.15742195769334
477,ksqexp,1.5,2.5,1.5,0.1,-68.46648227819391,-69.22859443413586
478,ksqexp,1.5,2.5,1.5,0.05,-105.97171313669189,-103.97451457291203
479,ksqexp,1.5,2.5,1.5,0.01,-134.9155080275447,-129.90155512264835
480,ksqexp,1.5,2.5,1.5,0,-136.5386627641138,-131.33651991504232
481,ksqexp,1.5,3,0.5,0.5,-36.69485933456067,-38.63101755835598
482,ksqexp,1.5,3,0.5,0.1,-71.4564370820866,-74.93419824262652
483,ksqexp,1.5,3,0.5,0.05,-120.60725935295497,-123.03137988468698
484,ksqexp,1.5,3,0.5,0.01,-170.05271682247084,-169.82833347365298
485,ksqexp,1.5,3,0.5,0,-173.20549675823895,-172.76660536627256
486,ksqexp,1.5,3,1,0.5,-36.23790327541962,-37.84056151865858
487,ksqexp,1.5,3,1,0.1,-58.41922055172779,-60.797075732270756
488,ksqexp,1.5,3,1,0.05,-80.56094879684423,-82.12539962329106
489,ksqexp,1.5,3,1,0.01,-95.34865963829411,-96.02201225879247
490,ksqexp,1.5,3,1,0,-96.12967240540013,-96.74924629049355
491,ksqexp,1.5,3,1.5,0.5,-37.36300506324611,-38.86604532298368
492,ksqexp,1.5,3,1.5,0.1,-53.426883997449536,-55.421211819260364
493,ksqexp,1.5,3,1.5,0.05,-65.94367122311974,-67.37913635627281
494,ksqexp,1.5,3,1.5,0.01,-72.88688300184303,-73.882990347208775
495,ksqexp,1.5,3,1.5,0,-73.22838771755339,-74.20078336191608
496,ksqexp,1.5,3.5,0.5,0.5,-36.913244153206705,-39.04988783442348
497,ksqexp,1.5,3.5,0.5,0.1,-61.07973165728881,-64.55394574059575
498,ksqexp,1.5,3.5,0.5,0.05,-85.91939947029957,-87.97645413315696
499,ksqexp,1.5,3.5,0.5,0.01,-104.35849117481466,-104.63497327757754
500,ksqexp,1.5,3.5,0.5,0,-105.37887486717703,-105.54152456793872
501,ksqexp,1.5,3.5,1,0.5,-36.62709821546193,-38.40410412879668
502,ksqexp,1.5,3.5,1,0.1,-49.04755840542132,-51.31695920698551
503,ksqexp,1.5,3.5,1,0.05,-58.4476147612951,-59.98100709520854
504,ksqexp,1.5,3.5,1,0.01,-63.511019091862394,-64.51437476673703
505,ksqexp,1.5,3.5,1,0,-63.757519517181585,-64.73298296882473
506,ksqexp,1.5,3.5,1.5,0.5,-37.918478310560374,-39.57585954144036
507,ksqexp,1.5,3.5,1.5,0.1,-45.490824900501394,-47.4220053211595
508,ksqexp,1.5,3.5,1.5,0.05,-50.304771430806746,-51.80925489637461
509,ksqexp,1.5,3.5,1.5,0.01,-52.56914920258345,-53.82761271208502
510,ksqexp,1.5,3.5,1.5,0,-52.67439116606647,-53.92079253480277
511,ksqexp,1.5,4,0.5,0.5,-37.23402834006495,-39.537886799870456
512,ksqexp,1.5,4,0.5,0.1,-54.87682519168244,-57.72577748026889
513,ksqexp,1.5,4,0.5,0.05,-69.65678417629013,-70.37209056545903
514,ksqexp,1.5,4,0.5,0.01,-79.02370819647577,-77.88109506358462
515,ksqexp,1.5,4,0.5,0,-79.50944347418147,-78.26147976661647
516,ksqexp,1.5,4,1,0.5,-37.03595309063218,-38.949348658081306
517,ksqexp,1.5,4,1,0.1,-44.364778436211274,-46.15330205271411
518,ksqexp,1.5,4,1,0.05,-49.36199917480537,-50.24702668975156
519,ksqexp,1.5,4,1,0.01,-51.79189116930668,-52.157292356957534
520,ksqexp,1.5,4,1,0,-51.906086416181985,-52.24593230019511
521,ksqexp,1.5,4,1.5,0.5,-38.431196506217375,-40.20375446905239
522,ksqexp,1.5,4,1.5,0.1,-42.01808964179601,-43.6125889413375
523,ksqexp,1.5,4,1.5,0.05,-44.40504497917519,-45.5194712485256
524,ksqexp,1.5,4,1.5,0.01,-45.44826531557603,-46.328337387714
525,ksqexp,1.5,4,1.5,0,-45.49562416301344,-46.364739911008854
526,ksqexp,1.5,6,0.5,0.5,-38.393127094826035,-41.12117431615483
527,ksqexp,1.5,6,0.5,0.1,-46.858909181798516,-48.93017428852303
528,ksqexp,1.5,6,0.5,0.05,-51.73218787017485,-51.98889909532573
529,ksqexp,1.5,6,0.5,0.01,-54.15963685434916,-53.40231450953185
530,ksqexp,1.5,6,0.5,0,-54.274819209590774,-53.46789355553496
531,ksqexp,1.5,6,1,0.5,-38.253765474314925,-40.50263839274048
532,ksqexp,1.5,6,1,0.1,-39.554639235409994,-41.126614136571824
533,ksqexp,1.5,6,1,0.05,-40.83475581968962,-41.82979117223067
534,ksqexp,1.5,6,1,0.01,-41.376444777327755,-42.117548989017735
535,ksqexp,1.5,6,1,0,-41.40078624498801,-42.130358431056145
536,ksqexp,1.5,6,1.5,0.5,-39.8102960215756,-41.86244695738239
537,ksqexp,1.5,6,1.5,0.1,-39.195698549299266,-40.813770800679194
538,ksqexp,1.5,6,1.5,0.05,-39.69191541346944,-41.045124201891056
539,ksqexp,1.5,6,1.5,0.01,-39.89128455076536,-41.13774901967549
540,ksqexp,1.5,6,1.5,0,-39.900098690049205,-41.14183682288484
541,ksqexp,1.5,8,0.5,0.5,-39.02247487279785,-41.92769784565588
542,ksqexp,1.5,8,0.5,0.1,-44.24718692001808,-47.03525312687775
543,ksqexp,1.5,8,0.5,0.05,-46.642243146206525,-48.46449721614637
544,ksqexp,1.5,8,0.5,0.01,-47.704741500011195,-49.06286363965322
545,ksqexp,1.5,8,0.5,0,-47.75327714526824,-49.08976239824587
546,ksqexp,1.5,8,1,0.5,-38.89441627107009,-41.30054467668811
547,ksqexp,1.5,8,1,0.1,-38.381903264369896,-40.6163941656643
548,ksqexp,1.5,8,1,0.05,-38.87418295719922,-40.849492669200885
549,ksqexp,1.5,8,1,0.01,-39.07216157833392,-40.94223203135593
550,ksqexp,1.5,8,1,0,-39.08091829658401,-40.94632051623308
551,ksqexp,1.5,8,1.5,0.5,-40.51399617252849,-42.714701946370624
552,ksqexp,1.5,8,1.5,0.1,-38.7921864695085,-40.979345604999516
553,ksqexp,1.5,8,1.5,0.05,-38.924512845822825,-41.007840720485106
554,ksqexp,1.5,8,1.5,0.01,-38.97840536548637,-41.02185472502846
555,ksqexp,1.5,8,1.5,0,-38.980788780364264,-41.02249665559799
556,ksqexp,1.5,10,0.5,0.5,-39.42433549755413,-42.41413960667214
557,ksqexp,1.5,10,0.5,0.1,-42.74093861340724,-46.245336643286805
558,ksqexp,1.5,10,0.5,0.05,-44.0367412803132,-47.05386063852563
559,ksqexp,1.5,10,0.5,0.01,-44.569435307793505,-47.37037327021476
560,ksqexp,1.5,10,0.5,0,-44.59320611111615,-47.38431527876455
561,ksqexp,1.5,10,1,0.5,-39.31334872403172,-41.815062948226554
562,ksqexp,1.5,10,1,0.1,-37.85337319236478,-40.6377613414232
563,ksqexp,1.5,10,1,0.05,-38.032711145962864,-40.712697899440435
564,ksqexp,1.5,10,1,0.01,-38.104505822358036,-40.7432400053722
565,ksqexp,1.5,10,1,0,-38.10767082505733,-40.74459091177751
566,ksqexp,1.5,10,1.5,0.5,-40.97607458201074,-43.283693227360594
567,ksqexp,1.5,10,1.5,0.1,-38.735391696505076,-41.363551559810254
568,ksqexp,1.5,10,1.5,0.05,-38.73328479596105,-41.33117780822998
569,ksqexp,1.5,10,1.5,0.01,-38.73631320785122,-41.32235593811179
570,ksqexp,1.5,10,1.5,0,-38.73648249640978,-41.32200622283438
571,ksqexp,1.5,25,0.5,0.5,-40.2639582823818,-43.48995799544454
572,ksqexp,1.5,25,0.5,0.1,-40.58581602424641,-45.77770033548489
573,ksqexp,1.5,25,0.5,0.05,-40.810815616293496,-46.01942908932072
574,ksqexp,1.5,25,0.5,0.01,-40.89322219986771,-46.10339266702256
575,ksqexp,1.5,25,0.5,0,-40.8967768670648,-46.10696707188819
576,ksqexp,1.5,25,1,0.5,-40.350066593089586,-43.20444319392982
577,ksqexp,1.5,25,1,0.1,-37.855952428996744,-41.82751689329048
578,ksqexp,1.5,25,1,0.05,-37.78674647195727,-41.79588052312253
579,ksqexp,1.5,25,1,0.01,-37.76514685494406,-41.78617289196359
580,ksqexp,1.5,25,1,0,-37.76425308012347,-41.78577305987603
581,ksqexp,1.5,25,1.5,0.5,-42.201574561708426,-44.92707928535397
582,ksqexp,1.5,25,1.5,0.1,-39.62935734571481,-43.21126416567281
583,ksqexp,1.5,25,1.5,0.05,-39.5404576624059,-43.15484820166314
584,ksqexp,1.5,25,1.5,0.01,-39.511924973742985,-43.136784559095716
585,ksqexp,1.5,25,1.5,0,-39.51073525120873,-43.136031822606505
586,ksqexp,1.75,0.2,0.5,0.5,-65.19805598010461,-68.17178346641364
587,ksqexp,1.75,0.2,0.5,0.1,-582.0087497598109,-600.7340136173143
588,ksqexp,1.75,0.2,0.5,0.05,-1677.1909639319204,-1622.779751668172
589,ksqexp,1.75,0.2,0.5,0.01,-22286.268979551725,-20235.018941508482
590,ksqexp,1.75,0.2,0.5,0,-2195530.8136374126,-2185323.675622604
591,ksqexp,1.75,0.2,1,0.5,-61.21352215066918,-64.16925939895144
592,ksqexp,1.75,0.2,1,0.1,-482.7104074259584,-482.35676366703115
593,ksqexp,1.75,0.2,1,0.05,-1395.1217605183615,-1322.9155223255377
594,ksqexp,1.75,0.2,1,0.01,-19463.453938669263,-17663.070494386608
595,ksqexp,1.75,0.2,1,0,-1097714.9326794473,-1092612.6986598342
596,ksqexp,1.75,0.2,1.5,0.5,-58.175339425833165,-61.0290191116741
597,ksqexp,1.75,0.2,1.5,0.1,-435.034770358572,-426.16162456676767
598,ksqexp,1.75,0.2,1.5,0.05,-1256.0132106143374,-1183.0901347615174
599,ksqexp,1.75,0.2,1.5,0.01,-17670.109733096662,-16110.399589008979
600,ksqexp,1.75,0.2,1.5,0,-731777.2297455643,-728376.6444892185
601,ksqexp,1.75,0.5,0.5,0.5,-49.57229974691798,-52.05182272543523
602,ksqexp,1.75,0.5,0.5,0.1,-299.79877113854917,-285.2266866570635
603,ksqexp,1.75,0.5,0.5,0.05,-1019.4394122070587,-931.2850554400231
604,ksqexp,1.75,0.5,0.5,0.01,-15030.489190860042,-13630.120636587752
605,ksqexp,1.75,0.5,0.5,0,-305552.4020200998,-248793.73877609568
606,ksqexp,1.75,0.5,1,0.5,-44.10189298738082,-45.98206697370459
607,ksqexp,1.75,0.5,1,0.1,-266.2411865232508,-247.0241022193587
608,ksqexp,1.75,0.5,1,0.05,-933.2711106196067,-843.446971085027
609,ksqexp,1.75,0.5,1,0.01,-12781.497631646585,-11656.530175709304
610,ksqexp,1.75,0.5,1,0,-152744.85156116614,-124366.59576040742
611,ksqexp,1.75,0.5,1.5,0.5,-41.303695800008775,-42.784407370319876
612,ksqexp,1.75,0.5,1.5,0.1,-252.90634687754428,-232.2443268475726
613,ksqexp,1.75,0.5,1.5,0.05,-880.8921672585911,-793.1101385793783
614,ksqexp,1.75,0.5,1.5,0.01,-11625.083288992937,-10617.26363066332
615,ksqexp,1.75,0.5,1.5,0,-101811.78336588001,-82893.66575863722
616,ksqexp,1.75,1,0.5,0.5,-39.57710768105931,-40.94090085067087
617,ksqexp,1.75,1,0.5,0.1,-247.01313991866604,-232.9452758052229
618,ksqexp,1.75,1,0.5,0.05,-764.0432299124919,-720.2923112780886
619,ksqexp,1.75,1,0.5,0.01,-10780.019580280203,-9530.0503484847
620,ksqexp,1.75,1,0.5,0,-48702.424125587415,-38436.497189353395
621,ksqexp,1.75,1,1,0.5,-36.79677617285677,-37.57082510216239
622,ksqexp,1.75,1,1,0.1,-215.74802323471295,-203.44356106020984
623,ksqexp,1.75,1,1,0.05,-661.3010084446709,-624.9051306815256
624,ksqexp,1.75,1,1,0.01,-8778.506743764527,-7510.4165018205895
625,ksqexp,1.75,1,1,0,-24336.606511797403,-19204.800841001655
626,ksqexp,1.75,1,1.5,0.5,-36.15909554345969,-36.70430385223455
627,ksqexp,1.75,1,1.5,0.1,-199.63125529134447,-188.78242963650686
628,ksqexp,1.75,1,1.5,0.05,-613.5758149858996,-578.6358554296737
629,ksqexp,1.75,1,1.5,0.01,-7438.834730494385,-6250.046825114485
630,ksqexp,1.75,1,1.5,0,-16217.457776972116,-12797.025912727322
631,ksqexp,1.75,1.5,0.5,0.5,-38.10479154222687,-39.38901926983088
632,ksqexp,1.75,1.5,0.5,0.1,-183.86039653866197,-176.57309344408395
633,ksqexp,1.75,1.5,0.5,0.05,-518.7313846057218,-495.9383400966716
634,ksqexp,1.75,1.5,0.5,0.01,-5292.523665190491,-4503.911362895194
635,ksqexp,1.75,1.5,0.5,0,-9102.649972622114,-7333.12938244843
636,ksqexp,1.75,1.5,1,0.5,-36.62645245777076,-37.49184164625006
637,ksqexp,1.75,1.5,1,0.1,-152.35151573840957,-147.07469514487647
638,ksqexp,1.75,1.5,1,0.05,-458.9871640141373,-434.46963165754465
639,ksqexp,1.75,1.5,1,0.01,-3348.093783271117,-2784.89192921836
640,ksqexp,1.75,1.5,1,0,-4545.319543740104,-3661.7588065406912
641,ksqexp,1.75,1.5,1.5,0.5,-36.61692639855125,-37.36128282547231
642,ksqexp,1.75,1.5,1.5,0.1,-140.31240583418784,-135.77725005073899
643,ksqexp,1.75,1.5,1.5,0.05,-430.6443458627263,-403.41937685964456
644,ksqexp,1.75,1.5,1.5,0.01,-2447.5088606169966,-2017.3003348079403
645,ksqexp,1.75,1.5,1.5,0,-3029.0000504048458,-2440.759266207088
646,ksqexp,1.75,2,0.5,0.5,-37.35280119577211,-38.827839031717076
647,ksqexp,1.75,2,0.5,0.1,-129.9393981216089,-128.0990183478094
648,ksqexp,1.75,2,0.5,0.05,-377.6833188659571,-364.0878203244573
649,ksqexp,1.75,2,0.5,0.01,-2151.22146362655,-1872.0626935079501
650,ksqexp,1.75,2,0.5,0,-2647.5404953159805,-2259.200549798128
651,ksqexp,1.75,2,1,0.5,-36.130012475837646,-37.25701913316862
652,ksqexp,1.75,2,1,0.1,-111.66255367410167,-110.14072968469138
653,ksqexp,1.75,2,1,0.05,-329.61927565222123,-312.3836030558749
654,ksqexp,1.75,2,1,0.01,-1186.8077961575123,-1024.4550229113122
655,ksqexp,1.75,2,1,0,-1322.8612827144893,-1129.9054961108448
656,ksqexp,1.75,2,1.5,0.5,-36.29298088971351,-37.34010086269904
657,ksqexp,1.75,2,1.5,0.1,-106.22840122162214,-104.58698518283761
658,ksqexp,1.75,2,1.5,0.05,-297.24159815178905,-278.1839529034326
659,ksqexp,1.75,2,1.5,0.01,-821.662883868606,-707.9954684641895
660,ksqexp,1.75,2,1.5,0,-884.0922012767892,-756.2644677988504
661,ksqexp,1.75,2.5,0.5,0.5,-36.59429764333021,-38.31426465335382
662,ksqexp,1.75,2.5,0.5,0.1,-102.16097037224499,-104.26257844164078
663,ksqexp,1.75,2.5,0.5,0.05,-274.4574138089926,-271.61310470516867
664,ksqexp,1.75,2.5,0.5,0.01,-857.2225785333301,-793.2309494194301
665,ksqexp,1.75,2.5,0.5,0,-938.2522042996267,-862.0833464177185
666,ksqexp,1.75,2.5,1,0.5,-35.49345955313463,-36.90806553051715
667,ksqexp,1.75,2.5,1,0.1,-89.18701401620515,-90.79196647208336
668,ksqexp,1.75,2.5,1,0.05,-216.00633028999056,-210.57805176514194
669,ksqexp,1.75,2.5,1,0.01,-450.8129414960133,-417.100356919529
670,ksqexp,1.75,2.5,1,0,-471.87219976128245,-434.94568704900746
671,ksqexp,1.75,2.5,1.5,0.5,-35.88968044516583,-37.24595461902247
672,ksqexp,1.75,2.5,1.5,0.1,-84.4100421683477,-85.59582959393396
673,ksqexp,1.75,2.5,1.5,0.05,-180.9628082248318,-175.14428532953124
674,ksqexp,1.75,2.5,1.5,0.01,-309.73715587747665,-287.34544379884704
675,ksqexp,1.75,2.5,1.5,0,-319.2028549168846,-295.35712394299026
676,ksqexp,1.75,3,0.5,0.5,-36.14656912056686,-38.09961051367702
677,ksqexp,1.75,3,0.5,0.1,-85.87018298784393,-90.21959670143978
678,ksqexp,1.75,3,0.5,0.05,-189.65152172626367,-192.30750093963
679,ksqexp,1.75,3,0.5,0.01,-375.3076999556802,-363.65701526537623
680,ksqexp,1.75,3,0.5,0,-391.70105543138305,-378.28270317214964
681,ksqexp,1.75,3,1,0.5,-35.28744014258363,-36.949548085825114
682,ksqexp,1.75,3,1,0.1,-72.5185234412855,-75.72906316885877
683,ksqexp,1.75,3,1,0.05,-133.2235688400938,-133.8487694836127
684,ksqexp,1.75,3,1,0.01,-197.2152041686498,-192.10944585008656
685,ksqexp,1.75,3,1,0,-201.36669853518163,-195.80741887439436
686,ksqexp,1.75,3,1.5,0.5,-35.97613182399084,-37.584383381869166
687,ksqexp,1.75,3,1.5,0.1,-66.75336381756708,-69.3687061768357
688,ksqexp,1.75,3,1.5,0.05,-106.62206154597315,-106.96461144356635
689,ksqexp,1.75,3,1.5,0.01,-138.86944571215076,-136.1325665964298
690,ksqexp,1.75,3,1.5,0,-140.71256965069904,-137.77298085816108
691,ksqexp,1.75,3.5,0.5,0.5,-36.05699245101903,-38.21619847092037
692,ksqexp,1.75,3.5,0.5,0.1,-73.69744185456445,-78.36747723437698
693,ksqexp,1.75,3.5,0.5,0.05,-132.3003592549111,-133.921003494322
694,ksqexp,1.75,3.5,0.5,0.01,-200.85652009635393,-193.44305725644196
695,ksqexp,1.75,3.5,0.5,0,-205.5907374253988,-197.38849266110773
696,ksqexp,1.75,3.5,1,0.5,-35.43744308814132,-37.30248230182172
697,ksqexp,1.75,3.5,1,0.1,-59.73286819441043,-62.76455167260434
698,ksqexp,1.75,3.5,1,0.05,-87.97661038867449,-88.43192538925841
699,ksqexp,1.75,3.5,1,0.01,-109.20345468716023,-106.51650423358045
700,ksqexp,1.75,3.5,1,0,-110.38071196058883,-107.4951562434969
701,ksqexp,1.75,3.5,1.5,0.5,-36.35964154908513,-38.166387546622204
702,ksqexp,1.75,3.5,1.5,0.1,-54.21843048272079,-56.608842776224265
703,ksqexp,1.75,3.5,1.5,0.05,-70.79323117978677,-71.34190286747182
704,ksqexp,1.75,3.5,1.5,0.01,-80.9187415703114,-79.89322182118093
705,ksqexp,1.75,3.5,1.5,0,-81.43469356690484,-80.32136753313262
706,ksqexp,1.75,4,0.5,0.5,-36.18739093716527,-38.527053829588574
707,ksqexp,1.75,4,0.5,0.1,-65.07355354887277,-68.63176853682475
708,ksqexp,1.75,4,0.5,0.05,-101.87402321864751,-99.62273741123498
709,ksqexp,1.75,4,0.5,0.01,-136.902976750381,-125.24507090553864
710,ksqexp,1.75,4,0.5,0,-139.08471458855567,-126.74955976790346
711,ksqexp,1.75,4,1,0.5,-35.73478345017273,-37.763782784288054
712,ksqexp,1.75,4,1,0.1,-51.97369287242233,-53.79433496744946
713,ksqexp,1.75,4,1,0.05,-67.84756874482218,-66.16808153712412
714,ksqexp,1.75,4,1,0.01,-78.10654020360154,-73.42685698895465
715,ksqexp,1.75,4,1,0,-78.64161633536165,-73.79295257855146
716,ksqexp,1.75,4,1.5,0.5,-36.818483848489024,-38.77728886479037
717,ksqexp,1.75,4,1.5,0.1,-47.5557878627456,-48.925325863203824
718,ksqexp,1.75,4,1.5,0.05,-56.30563317105681,-55.47317410197393
719,ksqexp,1.75,4,1.5,0.01,-61.05294172506655,-58.774069668391554
720,ksqexp,1.75,4,1.5,0,-61.28457368183289,-58.931406947087424
721,ksqexp,1.75,6,0.5,0.5,-37.172656528489874,-40.026539389362455
722,ksqexp,1.75,6,0.5,0.1,-52.92400778384397,-52.89424491867715
723,ksqexp,1.75,6,0.5,0.05,-66.90954757766339,-60.65120287336593
724,ksqexp,1.75,6,0.5,0.01,-76.26529184951188,-65.23274623301259
725,ksqexp,1.75,6,0.5,0,-76.76074618248066,-65.46608723156156
726,ksqexp,1.75,6,1,0.5,-36.93376100508792,-39.374631101783436
727,ksqexp,1.75,6,1,0.1,-43.089050176136745,-42.91901421612942
728,ksqexp,1.75,6,1,0.05,-47.937075225148945,-45.30016855404281
729,ksqexp,1.75,6,1,0.01,-50.38587187753822,-46.42894730616826
730,ksqexp,1.75,6,1,0,-50.50235701107049,-46.48166900477203
731,ksqexp,1.75,6,1.5,0.5,-38.30371911212324,-40.61498466025669
732,ksqexp,1.75,6,1.5,0.1,-41.095922136936544,-41.40538640462786
733,ksqexp,1.75,6,1.5,0.05,-43.4374420687475,-42.46332020801432
734,ksqexp,1.75,6,1.5,0.01,-44.49192558305871,-42.92332890563793
735,ksqexp,1.75,6,1.5,0,-44.54021738675241,-42.94418636229871
736,ksqexp,1.75,8,0.5,0.5,-37.86321036249026,-40.99332674040818
737,ksqexp,1.75,8,0.5,0.1,-48.93900210766037,-49.51396885860189
738,ksqexp,1.75,8,0.5,0.05,-56.191028840938856,-53.2835664890313
739,ksqexp,1.75,8,0.5,0.01,-60.13898094410546,-55.178505781525004
740,ksqexp,1.75,8,0.5,0,-60.3322849089776,-55.2691433881383
741,ksqexp,1.75,8,1,0.5,-37.656202055990356,-40.32549743767015
742,ksqexp,1.75,8,1,0.1,-40.42388359029468,-41.32096222582464
743,ksqexp,1.75,8,1,0.05,-42.533064533505865,-42.27805272803525
744,ksqexp,1.75,8,1,0.01,-43.47179196484797,-42.691145815115675
745,ksqexp,1.75,8,1,0,-43.51464254734184,-42.70983881740104
746,ksqexp,1.75,8,1.5,0.5,-39.119057021313985,-41.6356364590037
747,ksqexp,1.75,8,1.5,0.1,-39.41385880815588,-40.8068131373208
748,ksqexp,1.75,8,1.5,0.05,-40.311611843835244,-41.16112175287527
749,ksqexp,1.75,8,1.5,0.01,-40.68285891236294,-41.30753654198952
750,ksqexp,1.75,8,1.5,0,-40.69941852663288,-41.31406072711368
751,ksqexp,1.75,10,0.5,0.5,-38.30359971698704,-41.5666312174361
752,ksqexp,1.75,10,0.5,0.1,-46.226788333251854,-47.947558800288256
753,ksqexp,1.75,10,0.5,0.05,-50.25036445645914,-50.09201221448494
754,ksqexp,1.75,10,0.5,0.01,-52.166859231854566,-51.057717510985796
755,ksqexp,1.75,10,0.5,0,-52.2565069135317,-51.102183302799425
756,ksqexp,1.75,10,1,0.5,-38.1145478870903,-40.91422907704879
757,ksqexp,1.75,10,1,0.1,-38.8198404795778,-40.79277465836861
758,ksqexp,1.75,10,1,0.05,-39.79350651858392,-41.232031038428545
759,ksqexp,1.75,10,1,0.01,-40.19720505013278,-41.41178087718225
760,ksqexp,1.75,10,1,0,-40.2152353951192,-41.41977797890486
761,ksqexp,1.75,10,1.5,0.5,-39.62499615124765,-42.2781480771113
762,ksqexp,1.75,10,1.5,0.1,-38.507052354219496,-40.815983701709655
763,ksqexp,1.75,10,1.5,0.05,-38.849066708330746,-40.93227820344388
764,ksqexp,1.75,10,1.5,0.01,-38.986086113223394,-40.980805950609316
765,ksqexp,1.75,10,1.5,0,-38.992134988939476,-40.98296630428735
766,ksqexp,1.75,25,0.5,0.5,-39.384300520208996,-42.96893752178757
767,ksqexp,1.75,25,0.5,0.1,-40.98933033276394,-45.92557483761772
768,ksqexp,1.75,25,0.5,0.05,-41.53178725505843,-46.33521369790664
769,ksqexp,1.75,25,0.5,0.01,-41.73376097268007,-46.48262507143448
770,ksqexp,1.75,25,0.5,0,-41.7425153398436,-46.48896133946549
771,ksqexp,1.75,25,1,0.5,-39.32760319117879,-42.60147581595399
772,ksqexp,1.75,25,1,0.1,-36.86799832883494,-41.25357751900808
773,ksqexp,1.75,25,1,0.05,-36.833111587246925,-41.242803407605685
774,ksqexp,1.75,25,1,0.01,-36.82384363748025,-41.24062155620765
775,ksqexp,1.75,25,1,0,-36.82347893553217,-41.240544976846664
776,ksqexp,1.75,25,1.5,0.5,-40.99233135182123,-44.22332848305223
777,ksqexp,1.75,25,1.5,0.1,-38.10418991699984,-42.359424486468704
778,ksqexp,1.75,25,1.5,0.05,-38.00689764860156,-42.301071359067244
779,ksqexp,1.75,25,1.5,0.01,-37.97575456582973,-42.28250214380002
780,ksqexp,1.75,25,1.5,0,-37.97445690081819,-42.28172962270356
781,ksqexp,2,0.2,0.5,0.5,-65.2153039640559,-68.37468880257205
782,ksqexp,2,0.2,0.5,0.1,-674.429163616513,-705.9259276627114
783,ksqexp,2,0.2,0.5,0.05,-2023.5872618847488,-1995.8370144545734
784,ksqexp,2,0.2,0.5,0.01,-26532.316842380507,-24183.66352475325
785,ksqexp,2,0.2,0.5,0,-7053071.429447282,-6836680.272601753
786,ksqexp,2,0.2,1,0.5,-61.59103110511064,-64.74168861552839
787,ksqexp,2,0.2,1,0.1,-571.3549179323792,-584.430280067336
788,ksqexp,2,0.2,1,0.05,-1727.6524576728666,-1639.4626119989553
789,ksqexp,2,0.2,1,0.01,-24868.900646901388,-22228.006688436464
790,ksqexp,2,0.2,1,0,-3526498.2623958103,-3418302.8049110076
791,ksqexp,2,0.2,1.5,0.5,-58.928996663448075,-61.979279001657346
792,ksqexp,2,0.2,1.5,0.1,-520.9644139774454,-522.490606046272
793,ksqexp,2,0.2,1.5,0.05,-1564.3798213200312,-1459.5615132565745
794,ksqexp,2,0.2,1.5,0.01,-23917.348426723893,-21179.518943022264
795,ksqexp,2,0.2,1.5,0,-2350964.6153602884,-2278835.1170216305
796,ksqexp,2,0.5,0.5,0.5,-50.91172649619166,-53.724274045209846
797,ksqexp,2,0.5,0.5,0.1,-358.6787414550169,-345.27128730277235
798,ksqexp,2,0.5,0.5,0.05,-1197.5722022478085,-1099.703298161141
799,ksqexp,2,0.5,0.5,0.01,-21973.03887329814,-19870.081947763127
800,ksqexp,2,0.5,0.5,0,-1899447.9282588004,-1465038.0965001972
801,ksqexp,2,0.5,1,0.5,-46.029125272602315,-48.3114209296457
802,ksqexp,2,0.5,1,0.1,-312.2250018340471,-291.45655416125436
803,ksqexp,2,0.5,1,0.05,-1128.0117714408407,-1027.6572889883994
804,ksqexp,2,0.5,1,0.01,-19485.343985626845,-17606.10555207266
805,ksqexp,2,0.5,1,0,-949683.8194317648,-732480.2021427228
806,ksqexp,2,0.5,1.5,0.5,-43.45086926061182,-45.35024431731898
807,ksqexp,2,0.5,1.5,0.1,-295.22524122415405,-272.3522052661399
808,ksqexp,2,0.5,1.5,0.05,-1095.0362529553024,-994.7722605270288
809,ksqexp,2,0.5,1.5,0.01,-18151.681120259043,-16380.052843084073
810,ksqexp,2,0.5,1.5,0,-633098.323168811,-488296.8577202587
811,ksqexp,2,1,0.5,0.5,-40.50867666956625,-42.15732118483006
812,ksqexp,2,1,0.5,0.1,-296.48969609449153,-279.3644455190477
813,ksqexp,2,1,0.5,0.05,-990.1548466636198,-931.712175702042
814,ksqexp,2,1,0.5,0.01,-13822.005373313654,-12962.533321987294
815,ksqexp,2,1,0.5,0,-154970.1451748073,-123667.25384508845
816,ksqexp,2,1,1,0.5,-37.365064502218566,-38.36622617763722
817,ksqexp,2,1,1,0.1,-268.3429681355892,-252.2843775177029
818,ksqexp,2,1,1,0.05,-862.236972111512,-819.5887662576221
819,ksqexp,2,1,1,0.01,-12279.985224831978,-11199.671891061427
820,ksqexp,2,1,1,0,-77463.02976392055,-61813.01467649436
821,ksqexp,2,1,1.5,0.5,-36.42474551165611,-37.13220817159591
822,ksqexp,2,1,1.5,0.1,-252.69538632641317,-238.0027759259705
823,ksqexp,2,1,1.5,0.05,-789.3421963412404,-755.8269554930177
824,ksqexp,2,1,1.5,0.01,-11253.346656322876,-10071.11453368746
825,ksqexp,2,1,1.5,0,-51630.113444304756,-41197.7242611946
826,ksqexp,2,1.5,0.5,0.5,-38.413990800286015,-39.83162647862064
827,ksqexp,2,1.5,0.5,0.1,-240.05713539021647,-230.79098340248422
828,ksqexp,2,1.5,0.5,0.05,-661.8765796670024,-642.3985045891177
829,ksqexp,2,1.5,0.5,0.01,-9221.69058775819,-8179.235868754211
830,ksqexp,2,1.5,0.5,0,-28768.838283167373,-22630.20803157081
831,ksqexp,2,1.5,1,0.5,-36.753400753185716,-37.73468050775896
832,ksqexp,2,1.5,1,0.1,-197.59285711098764,-191.11672737637613
833,ksqexp,2,1.5,1,0.05,-562.168683354984,-549.3867868306988
834,ksqexp,2,1.5,1,0.01,-7037.572392746635,-5993.764890990017
835,ksqexp,2,1.5,1,0,-14371.835952732783,-11304.098053223812
836,ksqexp,2,1.5,1.5,0.5,-36.60969044746207,-37.454903891344934
837,ksqexp,2,1.5,1.5,0.1,-177.0664189024863,-172.5508544351491
838,ksqexp,2,1.5,1.5,0.05,-524.1518795656258,-511.34605466627085
839,ksqexp,2,1.5,1.5,0.01,-5670.748258537397,-4734.130499961447
840,ksqexp,2,1.5,1.5,0,-9575.625768631733,-7531.518672814201
841,ksqexp,2,2,0.5,0.5,-37.692865505913986,-39.26343224193247
842,ksqexp,2,2,0.5,0.1,-165.82059655551865,-164.08101483701657
843,ksqexp,2,2,0.5,0.05,-454.4611772109972,-450.5343106005978
844,ksqexp,2,2,0.5,0.01,-4477.1792577159995,-3954.5755599550494
845,ksqexp,2,2,0.5,0,-7003.880748701507,-5909.672036457277
846,ksqexp,2,2,1,0.5,-36.37599208694479,-37.60771097050915
847,ksqexp,2,2,1,0.1,-133.50907308575972,-133.5589040180409
848,ksqexp,2,2,1,0.05,-407.27966262139876,-400.736401064153
849,ksqexp,2,2,1,0.01,-2733.5595953815555,-2367.6680171093203
850,ksqexp,2,2,1,0,-3495.310427396439,-2949.785737381906
851,ksqexp,2,2,1.5,0.5,-36.3788652137072,-37.52468507234113
852,ksqexp,2,2,1.5,0.1,-122.61595790751147,-123.27598239727355
853,ksqexp,2,2,1.5,0.05,-384.98002055186396,-374.82650992020535
854,ksqexp,2,2,1.5,0.01,-1965.3812430109158,-1689.7893732908678
855,ksqexp,2,2,1.5,0,-2328.5776394735135,-1965.9476245912692
856,ksqexp,2,2.5,0.5,0.5,-36.88242558435569,-38.668840147202104
857,ksqexp,2,2.5,0.5,0.1,-122.5268697803778,-125.30834212293384
858,ksqexp,2,2.5,0.5,0.05,-345.0034679098873,-349.1865372989027
859,ksqexp,2,2.5,0.5,0.01,-1890.4564768078271,-1743.6584153505787
860,ksqexp,2,2.5,0.5,0,-2296.253973198273,-2082.00037076087
861,ksqexp,2,2.5,1,0.5,-35.55837887061127,-37.05627699640521
862,ksqexp,2,2.5,1,0.1,-102.70697239303229,-105.99063343329185
863,ksqexp,2,2.5,1,0.05,-298.0719371384624,-297.5238443074771
864,ksqexp,2,2.5,1,0.01,-1035.4057815820906,-948.6561392709498
865,ksqexp,2,2.5,1,0,-1145.8518005340618,-1040.2272073700055
866,ksqexp,2,2.5,1.5,0.5,-35.63220579446315,-37.07534833285328
867,ksqexp,2,2.5,1.5,0.1,-96.73172660647377,-99.93105925744429
868,ksqexp,2,2.5,1.5,0.05,-267.4505041714188,-263.9210318741206
869,ksqexp,2,2.5,1.5,0.01,-714.6426283679936,-653.9528156628993
870,ksqexp,2,2.5,1.5,0,-765.1750658722904,-695.7601425610363
871,ksqexp,2,3,0.5,0.5,-36.172197943421175,-38.16581226000419
872,ksqexp,2,3,0.5,0.1,-100.97097992226526,-106.46279047808974
873,ksqexp,2,3,0.5,0.05,-264.0372657941728,-271.5220819190204
874,ksqexp,2,3,0.5,0.01,-838.1485640939354,-796.9367138893798
875,ksqexp,2,3,0.5,0,-920.3704337754776,-867.7016670401665
876,ksqexp,2,3,1,0.5,-34.9481262071192,-36.678500429079605
877,ksqexp,2,3,1,0.1,-85.59243658889235,-90.58922060611494
878,ksqexp,2,3,1,0.05,-206.63124600985188,-208.88750192176676
879,ksqexp,2,3,1,0.01,-439.8520019494106,-418.0476740817603
880,ksqexp,2,3,1,0,-461.2418221691881,-436.3990151429452
881,ksqexp,2,3,1.5,0.5,-35.23526405646227,-36.930036656949206
882,ksqexp,2,3,1.5,0.1,-80.07991698225223,-84.45178166880767
883,ksqexp,2,3,1.5,0.05,-172.91862782535378,-173.22073469095798
884,ksqexp,2,3,1.5,0.01,-301.3754281285994,-287.18401832501337
885,ksqexp,2,3,1.5,0,-310.98960830040664,-295.4221211916257
886,ksqexp,2,3.5,0.5,0.5,-35.785292156518885,-37.960823869387426
887,ksqexp,2,3.5,0.5,0.1,-87.7682312044753,-94.31097994276232
888,ksqexp,2,3.5,0.5,0.05,-196.7499047345482,-201.21733640019997
889,ksqexp,2,3.5,0.5,0.01,-425.4318519256272,-394.85880920090096
890,ksqexp,2,3.5,0.5,0,-448.16371708822663,-412.56781459866465
891,ksqexp,2,3.5,1,0.5,-34.78464922640285,-36.71017824314493
892,ksqexp,2,3.5,1,0.1,-72.60630753646372,-77.56043263667277
893,ksqexp,2,3.5,1,0.05,-139.8314769201443,-139.67037745490796
894,ksqexp,2,3.5,1,0.01,-221.9291971489516,-206.99646759694554
895,ksqexp,2,3.5,1,0,-227.7142120060279,-211.48529129687248
896,ksqexp,2,3.5,1.5,0.5,-35.32050974021438,-37.22547819085085
897,ksqexp,2,3.5,1.5,0.1,-66.4327245556733,-70.3106995617285
898,ksqexp,2,3.5,1.5,0.05,-112.20409103173182,-111.15672518179653
899,ksqexp,2,3.5,1.5,0.01,-154.44901238149524,-145.25610010992713
900,ksqexp,2,3.5,1.5,0,-157.0217003852111,-147.24844027556827
901,ksqexp,2,4,0.5,0.5,-35.69617347897447,-38.03573863208916
902,ksqexp,2,4,0.5,0.1,-77.8093271452864,-83.51249858902202
903,ksqexp,2,4,0.5,0.05,-151.63220455156653,-148.44214492274773
904,ksqexp,2,4,0.5,0.01,-272.4484921549284,-231.76079746993085
905,ksqexp,2,4,0.5,0,-282.8048535900468,-238.09561575488067
906,ksqexp,2,4,1,0.5,-34.91047375873493,-37.00503304172164
907,ksqexp,2,4,1,0.1,-62.72467011728904,-65.97640193467512
908,ksqexp,2,4,1,0.05,-103.52675023827321,-98.04959552201444
909,ksqexp,2,4,1,0.01,-144.3961311722026,-124.76224468527327
910,ksqexp,2,4,1,0,-147.00475470327365,-126.34577655853258
911,ksqexp,2,4,1.5,0.5,-35.644808026893955,-37.7269304256766
912,ksqexp,2,4,1.5,0.1,-56.90017593484431,-58.937622865702316
913,ksqexp,2,4,1.5,0.05,-82.99396644573505,-78.20872212956843
914,ksqexp,2,4,1.5,0.01,-103.37622481816847,-91.19054842412723
915,ksqexp,2,4,1.5,0,-104.52871182895868,-91.88648691909961
916,ksqexp,2,6,0.5,0.5,-36.38581515931322,-39.24417997898649
917,ksqexp,2,6,0.5,0.1,-61.272475654380955,-59.588803386352275
918,ksqexp,2,6,0.5,0.05,-93.47114548011882,-76.92080739221952
919,ksqexp,2,6,0.5,0.01,-125.66414534869051,-91.38697337881642
920,ksqexp,2,6,0.5,0,-127.70772145842392,-92.25451357854449
921,ksqexp,2,6,1,0.5,-35.96376788841563,-38.50441682509838
922,ksqexp,2,6,1,0.1,-49.329137663254194,-46.98503867064472
923,ksqexp,2,6,1,0.05,-63.55787466631854,-53.71789265389799
924,ksqexp,2,6,1,0.01,-73.06819164062597,-57.79554502697098
925,ksqexp,2,6,1,0,-73.56964489084,-58.00449236026674
926,ksqexp,2,6,1.5,0.5,-37.08139321328238,-39.57748973040307
927,ksqexp,2,6,1.5,0.1,-45.74741414932616,-43.93516041455961
928,ksqexp,2,6,1.5,0.05,-53.68124221857654,-47.452022078400965
929,ksqexp,2,6,1.5,0.01,-58.09715510182976,-49.289711417602845
930,ksqexp,2,6,1.5,0,-58.31427613267559,-49.37847538656074
931,ksqexp,2,8,0.5,0.5,-37.078464586576786,-40.27680707090492
932,ksqexp,2,8,0.5,0.1,-56.13541193712213,-53.78016902167517
933,ksqexp,2,8,0.5,0.05,-73.60865437513507,-62.40167671638386
934,ksqexp,2,8,0.5,0.01,-86.14537482509327,-67.95519157991066
935,ksqexp,2,8,0.5,0,-86.82967336093598,-68.2483944404267
936,ksqexp,2,8,1,0.5,-36.72879262318512,-39.54135265640822
937,ksqexp,2,8,1,0.1,-44.856296847272915,-43.47699093267275
938,ksqexp,2,8,1,0.05,-51.205228068374815,-46.29191568352109
939,ksqexp,2,8,1,0.01,-54.56831121083134,-47.70788903014644
940,ksqexp,2,8,1,0,-54.730984099340034,-47.7753596068943
941,ksqexp,2,8,1.5,0.5,-37.98182192713559,-40.72121362439544
942,ksqexp,2,8,1.5,0.1,-42.12094098023423,-41.81444240930419
943,ksqexp,2,8,1.5,0.05,-45.28032066254983,-43.12092570461327
944,ksqexp,2,8,1.5,0.01,-46.75382760386314,-43.71439469174315
945,ksqexp,2,8,1.5,0,-46.82207777807407,-43.74167142877084
946,ksqexp,2,10,0.5,0.5,-37.53603383993038,-40.92606275033036
947,ksqexp,2,10,0.5,0.1,-52.56447470595859,-51.38213024592483
948,ksqexp,2,10,0.5,0.05,-62.77822870932419,-56.49827956154721
949,ksqexp,2,10,0.5,0.01,-68.75511149031372,-59.287248626614904
950,ksqexp,2,10,0.5,0,-69.05630389025778,-59.424827300077204
951,ksqexp,2,10,1,0.5,-37.21571007173206,-40.200057692040176
952,ksqexp,2,10,1,0.1,-42.01082019199777,-42.21105265678575
953,ksqexp,2,10,1,0.05,-45.18054805589464,-43.64501565878055
954,ksqexp,2,10,1,0.01,-46.65732852937233,-44.294041177231335
955,ksqexp,2,10,1,0,-46.725775395179774,-44.323871385448896
956,ksqexp,2,10,1.5,0.5,-38.531715339604425,-41.4406995626674
957,ksqexp,2,10,1.5,0.1,-40.01997698343762,-41.23282563866161
958,ksqexp,2,10,1.5,0.05,-41.439987765599554,-41.82064607693829
959,ksqexp,2,10,1.5,0.01,-42.04564245171753,-42.06968608253355
960,ksqexp,2,10,1.5,0,-42.07292266319551,-42.08087618047558
961,ksqexp,2,25,0.5,0.5,-38.78835942736229,-42.58458768756001
962,ksqexp,2,25,0.5,0.1,-43.45170680962377,-47.08903881040632
963,ksqexp,2,25,0.5,0.05,-44.76391846753581,-47.886278965851005
964,ksqexp,2,25,0.5,0.01,-45.26999496510413,-48.18693060079482
965,ksqexp,2,25,0.5,0,-45.29217578710853,-48.20003203071445
966,ksqexp,2,25,1,0.5,-38.555453864206335,-42.10503995313314
967,ksqexp,2,25,1,0.1,-36.86128736578582,-41.14780065750276
968,ksqexp,2,25,1,0.05,-36.958081945811145,-41.2079761358041
969,ksqexp,2,25,1,0.01,-36.996218773124355,-41.23150108057489
970,ksqexp,2,25,1,0,-36.997891216099305,-41.232531022931035
971,ksqexp,2,25,1.5,0.5,-39.994457191940086,-43.59818701923716
972,ksqexp,2,25,1.5,0.1,-37.12477362139827,-41.757712558849654
973,ksqexp,2,25,1.5,0.05,-37.04848337678515,-41.71440791091036
974,ksqexp,2,25,1.5,0.01,-37.02476677850128,-41.701228846118795
975,ksqexp,2,25,1.5,0,-37.02378645913188,-41.7006874537229
976,ksqexp,2.25,0.2,0.5,0.5,-65.07438807910408,-68.37218731813249
977,ksqexp,2.25,0.2,0.5,0.1,-745.8122591770226,-786.2061958006232
978,ksqexp,2.25,0.2,0.5,0.05,-2365.4310676233895,-2404.0193851483236
979,ksqexp,2.25,0.2,0.5,0.01,-31313.146186727583,-28226.854578490886
980,ksqexp,2.25,0.2,0.5,0,-31456186.72235746,-30864700.644132007
981,ksqexp,2.25,0.2,1,0.5,-61.49940094174974,-64.7990623067357
982,ksqexp,2.25,0.2,1,0.1,-654.7687857597543,-681.831510998857
983,ksqexp,2.25,0.2,1,0.05,-2057.176185825927,-2010.9846962045212
984,ksqexp,2.25,0.2,1,0.01,-28531.990879316072,-25759.146606213173
985,ksqexp,2.25,0.2,1,0,-15728300.234231224,-15432531.864228072
986,ksqexp,2.25,0.2,1.5,0.5,-58.94864714109205,-62.1476136842604
987,ksqexp,2.25,0.2,1.5,0.1,-605.86894270815,-623.6445216352353
988,ksqexp,2.25,0.2,1.5,0.05,-1890.277197429081,-1797.1935247509552
989,ksqexp,2.25,0.2,1.5,0.01,-27444.015245476578,-24662.728536999803
990,ksqexp,2.25,0.2,1.5,0,-10485549.130777877,-10288365.53713074
991,ksqexp,2.25,0.5,0.5,0.5,-51.67208412513325,-54.72024765444332
992,ksqexp,2.25,0.5,0.5,0.1,-423.3111483950452,-415.9213309206947
993,ksqexp,2.25,0.5,0.5,0.05,-1358.7043456010986,-1253.4691663306894
994,ksqexp,2.25,0.5,0.5,0.01,-28428.673161236053,-25938.80882900323
995,ksqexp,2.25,0.5,0.5,0,-7241186.478432221,-5707351.0038344525
996,ksqexp,2.25,0.5,1,0.5,-47.28445022974959,-49.89014689450074
997,ksqexp,2.25,0.5,1,0.1,-362.0535416503316,-342.5803782813366
998,ksqexp,2.25,0.5,1,0.05,-1267.6892156419592,-1157.3700316152892
999,ksqexp,2.25,0.5,1,0.01,-26044.195202288898,-23746.66122939231
1000,ksqexp,2.25,0.5,1,0,-3620550.9622647744,-2853632.8587474697
1001,ksqexp,2.25,0.5,1.5,0.5,-45.021987687774505,-47.29430593072322
1002,ksqexp,2.25,0.5,1.5,0.1,-337.58518980667,-313.8955765918531
1003,ksqexp,2.25,0.5,1.5,0.05,-1235.3211799939786,-1127.0361500958297
1004,ksqexp,2.25,0.5,1.5,0.01,-24369.0686527096,-22240.653171874685
1005,ksqexp,2.25,0.5,1.5,0,-2413672.058924419,-1902394.0164183332
1006,ksqexp,2.25,1,0.5,0.5,-41.564231115430246,-43.514207759622174
1007,ksqexp,2.25,1,0.5,0.1,-332.89181932185295,-316.17826894306404
1008,ksqexp,2.25,1,0.5,0.05,-1174.2629504818221,-1109.232611867318
1009,ksqexp,2.25,1,0.5,0.01,-16219.52157148652,-15968.194620400134
1010,ksqexp,2.25,1,0.5,0,-529124.2941013363,-402769.87235219
1011,ksqexp,2.25,1,1,0.5,-38.202504936389786,-39.51138617026273
1012,ksqexp,2.25,1,1,0.1,-306.70636624443773,-290.5872128936744
1013,ksqexp,2.25,1,1,0.05,-1066.00383400869,-1010.2280690006112
1014,ksqexp,2.25,1,1,0.01,-14553.170062913445,-14097.037455149333
1015,ksqexp,2.25,1,1,0,-264532.57475587405,-201357.1460375726
1016,ksqexp,2.25,1,1.5,0.5,-36.97490158247128,-37.958769290873356
1017,ksqexp,2.25,1,1.5,0.1,-293.33331732433174,-277.81508239324666
1018,ksqexp,2.25,1,1.5,0.05,-993.7876022413643,-947.2412355237844
1019,ksqexp,2.25,1,1.5,0.01,-13764.979196332088,-13109.817691957163
1020,ksqexp,2.25,1,1.5,0,-176338.10486316623,-134222.347122983
1021,ksqexp,2.25,1.5,0.5,0.5,-38.83391201353778,-40.409433002305654
1022,ksqexp,2.25,1.5,0.5,0.1,-294.5130125763961,-286.73591547690415
1023,ksqexp,2.25,1.5,0.5,0.05,-851.203469006749,-830.7552376424636
1024,ksqexp,2.25,1.5,0.5,0.01,-12006.456472206428,-11454.695766705363
1025,ksqexp,2.25,1.5,0.5,0,-93097.2883974447,-72006.13551074246
1026,ksqexp,2.25,1.5,1,0.5,-36.90684035391586,-38.05467613694869
1027,ksqexp,2.25,1.5,1,0.1,-251.25313117658695,-244.66597937339347
1028,ksqexp,2.25,1.5,1,0.05,-692.1533820622795,-686.4459633950798
1029,ksqexp,2.25,1.5,1,0.01,-10864.046540391297,-9879.18837964115
1030,ksqexp,2.25,1.5,1,0,-46529.21596702674,-35985.623508721015
1031,ksqexp,2.25,1.5,1.5,0.5,-36.57350337011014,-37.58756599070759
1032,ksqexp,2.25,1.5,1.5,0.1,-225.68185974003677,-220.78005277155864
1033,ksqexp,2.25,1.5,1.5,0.05,-622.3954522735834,-623.0873715890825
1034,ksqexp,2.25,1.5,1.5,0.01,-9861.829546185554,-8703.15458339793
1035,ksqexp,2.25,1.5,1.5,0,-31009.315206323863,-23981.576420896545
1036,ksqexp,2.25,2,0.5,0.5,-38.083323667223425,-39.774416408316085
1037,ksqexp,2.25,2,0.5,0.1,-215.742485911986,-214.8119735081049
1038,ksqexp,2.25,2,0.5,0.05,-546.7631885407205,-554.7772720554365
1039,ksqexp,2.25,2,0.5,0.01,-7493.486390666654,-6961.254970756319
1040,ksqexp,2.25,2,0.5,0,-18228.868275962865,-15486.427915283617
1041,ksqexp,2.25,2,1,0.5,-36.62817633838439,-38.029392887688154
1042,ksqexp,2.25,2,1,0.1,-167.71421357111538,-169.3760505368229
1043,ksqexp,2.25,2,1,0.05,-466.68043525828887,-477.75038104828843
1044,ksqexp,2.25,2,1,0.01,-5361.288228771284,-4817.635565268445
1045,ksqexp,2.25,2,1,0,-9101.866650311176,-7732.593741945442
1046,ksqexp,2.25,2,1.5,0.5,-36.51756726516075,-37.85280935115115
1047,ksqexp,2.25,2,1.5,0.1,-147.18596937670782,-150.35453259371894
1048,ksqexp,2.25,2,1.5,0.05,-440.20428652563726,-449.8829781728841
1049,ksqexp,2.25,2,1.5,0.01,-4152.685551069624,-3675.7517277697293
1050,ksqexp,2.25,2,1.5,0,-6062.323404849526,-5150.7729872383425
1051,ksqexp,2.25,2.5,0.5,0.5,-37.34878895308917,-39.23397619620463
1052,ksqexp,2.25,2.5,0.5,0.1,-153.85967413602597,-157.04957254597429
1053,ksqexp,2.25,2.5,0.5,0.05,-407.1805352158825,-421.7266875889613
1054,ksqexp,2.25,2.5,0.5,0.01,-3658.0185131239487,-3455.2808751081616
1055,ksqexp,2.25,2.5,0.5,0,-5442.679494321679,-4957.238767116638
1056,ksqexp,2.25,2.5,1,0.5,-35.88057371224067,-37.52641098193605
1057,ksqexp,2.25,2.5,1,0.1,-121.38447897692878,-126.24860201273945
1058,ksqexp,2.25,2.5,1,0.05,-358.2298978900202,-370.7969555108444
1059,ksqexp,2.25,2.5,1,0.01,-2186.6677331551346,-2033.9792804170224
1060,ksqexp,2.25,2.5,1,0,-2713.779627574172,-2472.911819004647
1061,ksqexp,2.25,2.5,1.5,0.5,-35.76418890033013,-37.36488110151603
1062,ksqexp,2.25,2.5,1.5,0.1,-110.1527128324314,-115.70495269847581
1063,ksqexp,2.25,2.5,1.5,0.05,-335.3548614462018,-344.53496861458893
1064,ksqexp,2.25,2.5,1.5,0.01,-1557.8166320282708,-1441.0192078684254
1065,ksqexp,2.25,2.5,1.5,0,-1806.9369925662993,-1647.5934907187668
1066,ksqexp,2.25,3,0.5,0.5,-36.556185568979465,-38.621426040969624
1067,ksqexp,2.25,3,0.5,0.1,-121.80812597253923,-127.48297994022835
1068,ksqexp,2.25,3,0.5,0.05,-327.8129062527998,-344.89627801883444
1069,ksqexp,2.25,3,0.5,0.01,-1763.4843311754232,-1678.75642689394
1070,ksqexp,2.25,3,0.5,0,-2146.5289974037096,-2003.2257045741444
1071,ksqexp,2.25,3,1,0.5,-35.05478451774206,-36.89513382255059
1072,ksqexp,2.25,3,1,0.1,-99.17820238145681,-105.88046889982657
1073,ksqexp,2.25,3,1,0.05,-278.16734323717293,-289.2502464265096
1074,ksqexp,2.25,3,1,0.01,-965.1557247108223,-911.911340064716
1075,ksqexp,2.25,3,1,0,-1069.521160264872,-999.7229621464141
1076,ksqexp,2.25,3,1.5,0.5,-35.03010068592778,-36.838670890272205
1077,ksqexp,2.25,3,1.5,0.1,-91.76768738887166,-98.54036878398072
1078,ksqexp,2.25,3,1.5,0.05,-248.16240228660556,-254.959246780497
1079,ksqexp,2.25,3,1.5,0.01,-665.5496872341174,-627.9296235963552
1080,ksqexp,2.25,3,1.5,0,-713.3092041400693,-668.0127043430593
1081,ksqexp,2.25,3.5,0.5,0.5,-35.950767677105986,-38.161899076314825
1082,ksqexp,2.25,3.5,0.5,0.1,-104.75703079107154,-112.25085361956019
1083,ksqexp,2.25,3.5,0.5,0.05,-265.13110049372506,-278.83063127888727
1084,ksqexp,2.25,3.5,0.5,0.01,-913.7981502418479,-829.4652692773747
1085,ksqexp,2.25,3.5,0.5,0,-1022.941544148823,-909.9665045251422
1086,ksqexp,2.25,3.5,1,0.5,-34.591386836840314,-36.58230760606272
1087,ksqexp,2.25,3.5,1,0.1,-85.88177278001525,-93.30314286501209
1088,ksqexp,2.25,3.5,1,0.05,-207.621122527451,-212.08480838845867
1089,ksqexp,2.25,3.5,1,0.01,-482.06415958351954,-435.2277708113341
1090,ksqexp,2.25,3.5,1,0,-510.7654761280124,-456.22519047208607
1091,ksqexp,2.25,3.5,1.5,0.5,-34.77889312153338,-36.75795031787296
1092,ksqexp,2.25,3.5,1.5,0.1,-79.09709302814257,-85.725729641678
1093,ksqexp,2.25,3.5,1.5,0.05,-174.89329320769056,-175.29056561015912
1094,ksqexp,2.25,3.5,1.5,0.01,-329.88189069181584,-298.325715768351
1095,ksqexp,2.25,3.5,1.5,0,-342.83077675166624,-307.76874245560646
1096,ksqexp,2.25,4,0.5,0.5,-35.64311444611834,-37.9798372362685
1097,ksqexp,2.25,4,0.5,0.1,-93.52738622240791,-101.3025126617311
1098,ksqexp,2.25,4,0.5,0.05,-212.43903372848973,-215.89356721371541
1099,ksqexp,2.25,4,0.5,0.01,-572.267857848936,-462.28890774280717
1100,ksqexp,2.25,4,0.5,0,-622.2273430128307,-490.3408020801579
1101,ksqexp,2.25,4,1,0.5,-34.509413958013894,-36.63624451513766
1102,ksqexp,2.25,4,1,0.1,-75.35446826183578,-81.56635157664722
1103,ksqexp,2.25,4,1,0.05,-156.50342680560058,-150.52623471132947
1104,ksqexp,2.25,4,1,0.01,-299.8725993454354,-241.7768020197281
1105,ksqexp,2.25,4,1,0,-312.8404534476906,-248.9845341758509
1106,ksqexp,2.25,4,1.5,0.5,-34.9112793084366,-37.05148104335507
1107,ksqexp,2.25,4,1.5,0.1,-68.46050626042143,-73.08565263596788
1108,ksqexp,2.25,4,1.5,0.05,-128.39127824139345,-120.1050355740798
1109,ksqexp,2.25,4,1.5,0.01,-206.6856067895962,-168.1058511617321
1110,ksqexp,2.25,4,1.5,0,-212.5021469650761,-171.32310160741514
1111,ksqexp,2.25,6,0.5,0.5,-35.967791778554336,-38.75802494456906
1112,ksqexp,2.25,6,0.5,0.1,-71.77625461432056,-69.65464163071415
1113,ksqexp,2.25,6,0.5,0.05,-131.2856773545056,-103.06970502905648
1114,ksqexp,2.25,6,0.5,0.01,-228.18723815122374,-145.62140114906634
1115,ksqexp,2.25,6,0.5,0,-236.2745736699759,-148.91935133254685
1116,ksqexp,2.25,6,1,0.5,-35.336828806598945,-37.89913314166254
1117,ksqexp,2.25,6,1,0.1,-57.54645342040602,-53.73877953247046
1118,ksqexp,2.25,6,1,0.05,-90.62748027456216,-69.72319863978734
1119,ksqexp,2.25,6,1,0.01,-123.14268186357081,-83.38944320223492
1120,ksqexp,2.25,6,1,0,-125.17610992945738,-84.2110757735654
1121,ksqexp,2.25,6,1.5,0.5,-36.18242617792391,-38.77989594529933
1122,ksqexp,2.25,6,1.5,0.1,-52.774335981162075,-48.89083787415058
1123,ksqexp,2.25,6,1.5,0.05,-73.90541508734702,-58.43793558289131
1124,ksqexp,2.25,6,1.5,0.01,-90.03644566050808,-65.07260415623367
1125,ksqexp,2.25,6,1.5,0,-90.93394543990705,-65.43230735011424
1126,ksqexp,2.25,8,0.5,0.5,-36.61938788971712,-39.763476157096406
1127,ksqexp,2.25,8,0.5,0.1,-65.48448022620148,-59.96044037917088
1128,ksqexp,2.25,8,0.5,0.05,-100.4642923306212,-77.16052246460058
1129,ksqexp,2.25,8,0.5,0.01,-136.04800134833113,-92.35083696971698
1130,ksqexp,2.25,8,0.5,0,-138.3386497316349,-93.28480117528126
1131,ksqexp,2.25,8,1,0.5,-36.105662275458876,-38.94739633798161
1132,ksqexp,2.25,8,1,0.1,-51.574924356854986,-47.2774695376204
1133,ksqexp,2.25,8,1,0.05,-67.11781367072685,-54.171153500120866
1134,ksqexp,2.25,8,1,0.01,-77.69609476491574,-58.51768931529804
1135,ksqexp,2.25,8,1,0,-78.25882374576696,-58.743624873744636
1136,ksqexp,2.25,8,1.5,0.5,-37.12305674991371,-39.97734033365613
1137,ksqexp,2.25,8,1.5,0.1,-47.137976161440086,-44.28149400671495
1138,ksqexp,2.25,8,1.5,0.05,-55.85107256293139,-47.94830087682186
1139,ksqexp,2.25,8,1.5,0.01,-60.77899822133142,-49.92416180463611
1140,ksqexp,2.25,8,1.5,0,-61.0228718478843,-50.02055620554221
1141,ksqexp,2.25,10,0.5,0.5,-37.079956670429716,-40.46501646911376
1142,ksqexp,2.25,10,0.5,0.1,-61.49563766733089,-56.49545148371465
1143,ksqexp,2.25,10,0.5,0.05,-83.39021028229054,-67.20996160382917
1144,ksqexp,2.25,10,0.5,0.01,-100.21624969021858,-74.71434616374849
1145,ksqexp,2.25,10,0.5,0,-101.1681478476347,-75.1261146508408
1146,ksqexp,2.25,10,1,0.5,-36.611475523419074,-39.659535781834364
1147,ksqexp,2.25,10,1,0.1,-47.62667573695616,-45.04292041062454
1148,ksqexp,2.25,10,1,0.05,-55.88156416900316,-48.76109952210298
1149,ksqexp,2.25,10,1,0.01,-60.49522803169447,-50.742879681219215
1150,ksqexp,2.25,10,1,0,-60.72309850526513,-50.8393507131426
1151,ksqexp,2.25,10,1.5,0.5,-37.71142843752195,-40.76508995014467
1152,ksqexp,2.25,10,1.5,0.1,-43.679424890159254,-42.83907348685655
1153,ksqexp,2.25,10,1.5,0.05,-47.88753332936215,-44.640904762360215
1154,ksqexp,2.25,10,1.5,0.01,-49.935792964439266,-45.49461697405235
1155,ksqexp,2.25,10,1.5,0,-50.03207215676167,-45.53441950015933
1156,ksqexp,2.25,25,0.5,0.5,-38.44497248200495,-42.32968135290743
1157,ksqexp,2.25,25,0.5,0.1,-48.77411022714625,-49.63768451539138
1158,ksqexp,2.25,25,0.5,0.05,-51.92648032943651,-51.30327631533317
1159,ksqexp,2.25,25,0.5,0.01,-53.253070260694884,-51.983870675433344
1160,ksqexp,2.25,25,0.5,0,-53.31312409639706,-52.01435517177862
1161,ksqexp,2.25,25,1,0.5,-38.04702138099086,-41.73267266665606
1162,ksqexp,2.25,25,1,0.1,-38.46980390397499,-41.804099666076674
1163,ksqexp,2.25,25,1,0.05,-38.98412803739171,-42.066248143524184
1164,ksqexp,2.25,25,1,0.01,-39.184150932082844,-42.1673149566669
1165,ksqexp,2.25,25,1,0,-39.192948169186664,-42.17174377925418
1166,ksqexp,2.25,25,1.5,0.5,-39.26026278176669,-43.088101787055976
1167,ksqexp,2.25,25,1.5,0.1,-37.19432272887213,-41.64386256090732
1168,ksqexp,2.25,25,1.5,0.05,-37.25058993407825,-41.669030205899595
1169,ksqexp,2.25,25,1.5,0.01,-37.27574251180492,-41.68098473004741
1170,ksqexp,2.25,25,1.5,0,-37.276879626766025,-41.681530081775385
1171,ksqexp,2.5,0.2,0.5,0.5,-64.97716478448461,-68.38289463960277
1172,ksqexp,2.5,0.2,0.5,0.1,-790.2104231672793,-835.0594030303139
1173,ksqexp,2.5,0.2,0.5,0.05,-2677.3228180494007,-2776.246051653944
1174,ksqexp,2.5,0.2,0.5,0.01,-37570.71481067919,-33114.9960075585
1175,ksqexp,2.5,0.2,0.5,0,-198376841.83616692,-184723672.0479089
1176,ksqexp,2.5,0.2,1,0.5,-61.38330120571999,-64.8057554948577
1177,ksqexp,2.5,0.2,1,0.1,-718.6898089237001,-754.2184849146176
1178,ksqexp,2.5,0.2,1,0.05,-2368.431796339854,-2402.106402941345
1179,ksqexp,2.5,0.2,1,0.01,-34017.42895246977,-30124.605921418337
1180,ksqexp,2.5,0.2,1,0,-99194912.66449825,-92367544.89381908
1181,ksqexp,2.5,0.2,1.5,0.5,-58.83315259258744,-62.15513901344171
1182,ksqexp,2.5,0.2,1.5,0.1,-678.8728879768121,-708.7984035707667
1183,ksqexp,2.5,0.2,1.5,0.05,-2185.6008599966394,-2167.9198496089384
1184,ksqexp,2.5,0.2,1.5,0.01,-32491.57984052682,-28967.486843850595
1185,ksqexp,2.5,0.2,1.5,0,-66131349.706964314,-61579598.33673587
1186,ksqexp,2.5,0.5,0.5,0.5,-52.11539364598706,-55.31552275556826
1187,ksqexp,2.5,0.5,0.5,0.1,-487.75600049697243,-491.2644570544799
1188,ksqexp,2.5,0.5,0.5,0.05,-1528.7173770076372,-1432.268358262513
1189,ksqexp,2.5,0.5,0.5,0.01,-31950.87017527713,-29606.46114985631
1190,ksqexp,2.5,0.5,0.5,0,-17220494.36206412,-14649119.386704776
1191,ksqexp,2.5,0.5,1,0.5,-48.05927844363062,-50.897603970593835
1192,ksqexp,2.5,0.5,1,0.1,-415.4520807612904,-402.79507193529594
1193,ksqexp,2.5,0.5,1,0.05,-1394.548005225337,-1281.7785206032852
1194,ksqexp,2.5,0.5,1,0.01,-31014.33026675364,-28637.355984197322
1195,ksqexp,2.5,0.5,1,0,-8610231.301652666,-7324537.335948203
1196,ksqexp,2.5,0.5,1.5,0.5,-46.08656681141651,-48.647286507215746
1197,ksqexp,2.5,0.5,1.5,0.1,-383.5941143452492,-363.89489315622365
1198,ksqexp,2.5,0.5,1.5,0.05,-1341.9103849554397,-1229.0985275012613
1199,ksqexp,2.5,0.5,1.5,0.01,-30034.905137943122,-27661.075025008824
1200,ksqexp,2.5,0.5,1.5,0,-5740127.92126572,-4882998.024715242
1201,ksqexp,2.5,1,0.5,0.5,-42.5818240775537,-44.796074156008004
1202,ksqexp,2.5,1,0.5,0.1,-362.4687538008686,-348.2302231501573
1203,ksqexp,2.5,1,0.5,0.05,-1313.6453399168904,-1257.435569996524
1204,ksqexp,2.5,1,0.5,0.01,-19673.957312646326,-19517.73989454832
1205,ksqexp,2.5,1,0.5,0,-1965526.8469017427,-1398312.1375113488
1206,ksqexp,2.5,1,1,0.5,-39.22977697821557,-40.85102471427302
1207,ksqexp,2.5,1,1,0.1,-337.6029574497292,-323.69116095849523
1208,ksqexp,2.5,1,1,0.05,-1223.082730997918,-1168.6295353082023
1209,ksqexp,2.5,1,1,0.01,-16850.281314878597,-16906.6791248871
1210,ksqexp,2.5,1,1,0,-982726.7028895408,-699121.359985605
1211,ksqexp,2.5,1,1.5,0.5,-37.81149306582646,-39.10881591832183
1212,ksqexp,2.5,1,1.5,0.1,-324.9358232336935,-311.7711084426583
1213,ksqexp,2.5,1,1.5,0.05,-1166.043164333791,-1113.6652004807559
1214,ksqexp,2.5,1,1.5,0.01,-15658.139387931044,-15682.051765536871
1215,ksqexp,2.5,1,1.5,0,-655129.1852302328,-466060.39642616425
1216,ksqexp,2.5,1.5,0.5,0.5,-39.37746046612949,-41.09924864568753
1217,ksqexp,2.5,1.5,0.5,0.1,-337.3927692527223,-334.72047348863333
1218,ksqexp,2.5,1.5,0.5,0.05,-1077.8005166071205,-1058.7466839583676
1219,ksqexp,2.5,1.5,0.5,0.01,-12998.30468459545,-13315.662251670366
1220,ksqexp,2.5,1.5,0.5,0,-291606.9957335236,-224778.67339932788
1221,ksqexp,2.5,1.5,1,0.5,-37.21244786102887,-38.51904678530835
1222,ksqexp,2.5,1.5,1,0.1,-303.35723381962015,-299.7876948020661
1223,ksqexp,2.5,1.5,1,0.05,-881.6789137396607,-874.5097022860074
1224,ksqexp,2.5,1.5,1,0.01,-12550.26182643655,-12443.597406452058
1225,ksqexp,2.5,1.5,1,0,-145777.160159901,-112365.36538124896
1226,ksqexp,2.5,1.5,1.5,0.5,-36.64474784145787,-37.82901009427871
1227,ksqexp,2.5,1.5,1.5,0.1,-279.893825041432,-276.3781524853134
1228,ksqexp,2.5,1.5,1.5,0.05,-774.8156230092779,-777.4775995934676
1229,ksqexp,2.5,1.5,1.5,0.01,-12275.058645525545,-11839.188743950379
1230,ksqexp,2.5,1.5,1.5,0,-97170.00012204675,-74897.04967306608
1231,ksqexp,2.5,2,0.5,0.5,-38.52446400272221,-40.316554923183716
1232,ksqexp,2.5,2,0.5,0.1,-271.09702823380803,-273.3474335348023
1233,ksqexp,2.5,2,0.5,0.05,-694.2391336618635,-709.0420874233464
1234,ksqexp,2.5,2,0.5,0.01,-9828.478636199157,-9806.899190193784
1235,ksqexp,2.5,2,0.5,0,-46214.114069014446,-40126.429105450705
1236,ksqexp,2.5,2,1,0.5,-36.8931826513434,-38.458285387283915
1237,ksqexp,2.5,2,1,0.1,-217.0712365397333,-220.18342512994403
1238,ksqexp,2.5,2,1,0.05,-550.8407467730802,-575.2023792160935
1239,ksqexp,2.5,2,1,0.01,-8301.908565005026,-7963.204411471684
1240,ksqexp,2.5,2,1,0,-23088.472847023586,-20046.925580360374
1241,ksqexp,2.5,2,1.5,0.5,-36.62467130845427,-38.17165298038267
1242,ksqexp,2.5,2,1.5,0.1,-187.73615968885863,-192.33701430040284
1243,ksqexp,2.5,2,1.5,0.05,-498.2663730831611,-525.6509164231054
1244,ksqexp,2.5,2,1.5,0.01,-7111.275806831059,-6673.371768183401
1245,ksqexp,2.5,2,1.5,0,-15382.71626274519,-13356.54826622111
1246,ksqexp,2.5,2.5,0.5,0.5,-37.88613749937849,-39.86437269189692
1247,ksqexp,2.5,2.5,0.5,0.1,-196.75140439906838,-200.57915248175837
1248,ksqexp,2.5,2.5,0.5,0.05,-493.14041540115585,-513.1665913239182
1249,ksqexp,2.5,2.5,0.5,0.01,-5944.079242946495,-5888.920562163416
1250,ksqexp,2.5,2.5,0.5,0,-12569.281097338298,-11677.280992923908
1251,ksqexp,2.5,2.5,1,0.5,-36.292208979881636,-38.11145596335301
1252,ksqexp,2.5,2.5,1,0.1,-151.91489011145225,-157.12238767000602
1253,ksqexp,2.5,2.5,1,0.05,-414.3451853286712,-438.9505803801707
1254,ksqexp,2.5,2.5,1,0.01,-4058.5489433570588,-3924.715622327056
1255,ksqexp,2.5,2.5,1,0,-6271.643171391676,-5827.845155113263
1256,ksqexp,2.5,2.5,1.5,0.5,-36.024298845333895,-37.840221137551865
1257,ksqexp,2.5,2.5,1.5,0.1,-132.78693196063557,-139.27955738074664
1258,ksqexp,2.5,2.5,1.5,0.05,-386.25395744218224,-410.76417101205055
1259,ksqexp,2.5,2.5,1.5,0.01,-3069.5169662461376,-2936.814806949452
1260,ksqexp,2.5,2.5,1.5,0,-4175.221171519123,-3880.8238536662057
1261,ksqexp,2.5,3,0.5,0.5,-37.12896831408611,-39.27243141088396
1262,ksqexp,2.5,3,0.5,0.1,-152.17731252024382,-156.6320216092567
1263,ksqexp,2.5,3,0.5,0.05,-394.0289407297643,-417.2719971962005
1264,ksqexp,2.5,3,0.5,0.01,-3321.34229369219,-3241.7437191467125
1265,ksqexp,2.5,3,0.5,0,-4909.031586129531,-4603.203096740907
1266,ksqexp,2.5,3,1,0.5,-35.43136370714793,-37.41739178349564
1267,ksqexp,2.5,3,1,0.1,-119.45667292764587,-125.94143081471438
1268,ksqexp,2.5,3,1,0.05,-337.3389341558911,-360.6965631107341
1269,ksqexp,2.5,3,1,0.01,-1977.3200157984213,-1898.4260290628386
1270,ksqexp,2.5,3,1,0,-2445.7426474310505,-2295.053047458843
1271,ksqexp,2.5,3,1.5,0.5,-35.16458483656576,-37.139387127247794
1272,ksqexp,2.5,3,1.5,0.1,-106.96408385463737,-114.66595596980542
1273,ksqexp,2.5,3,1.5,0.05,-311.8996615971642,-332.0695086873778
1274,ksqexp,2.5,3,1.5,0.01,-1406.1668897246122,-1342.047358774126
1275,ksqexp,2.5,3,1.5,0,-1627.436988759167,-1528.4603523503179
1276,ksqexp,2.5,3.5,0.5,0.5,-36.41336728173106,-38.67521757457973
1277,ksqexp,2.5,3.5,0.5,0.1,-128.42122661465464,-134.4050970835496
1278,ksqexp,2.5,3.5,0.5,0.05,-331.5736009620974,-355.7002102433672
1279,ksqexp,2.5,3.5,0.5,0.01,-1864.6703815130156,-1696.2543370316719
1280,ksqexp,2.5,3.5,0.5,0,-2362.350157206706,-2052.8234645336543
1281,ksqexp,2.5,3.5,1,0.5,-34.75074217374014,-36.83334440099856
1282,ksqexp,2.5,3.5,1,0.1,-102.28155098548247,-110.43252126685776
1283,ksqexp,2.5,3.5,1,0.05,-275.55846543367375,-292.2714915204479
1284,ksqexp,2.5,3.5,1,0.01,-1037.032076538491,-925.6573102795116
1285,ksqexp,2.5,3.5,1,0,-1175.8595161243645,-1023.4282430008711
1286,ksqexp,2.5,3.5,1.5,0.5,-34.63190821541891,-36.70490408905976
1287,ksqexp,2.5,3.5,1.5,0.1,-92.69267327856939,-101.4426319733002
1288,ksqexp,2.5,3.5,1.5,0.05,-245.1169117153108,-255.31984426772402
1289,ksqexp,2.5,3.5,1.5,0.01,-719.0436681819095,-638.2330498723637
1290,ksqexp,2.5,3.5,1.5,0,-783.1532918284863,-683.0871587720044
1291,ksqexp,2.5,4,0.5,0.5,-35.9196836436344,-38.26507595532535
1292,ksqexp,2.5,4,0.5,0.1,-114.49484635939001,-121.88427008535248
1293,ksqexp,2.5,4,0.5,0.05,-278.49582485529294,-295.2125165225789
1294,ksqexp,2.5,4,0.5,0.01,-1179.3637800200247,-935.6517513805244
1295,ksqexp,2.5,4,0.5,0,-1411.3387029798625,-1060.6219219234406
1296,ksqexp,2.5,4,1,0.5,-34.45081505748454,-36.606182303266166
1297,ksqexp,2.5,4,1,0.1,-90.81070876055998,-99.33515992210312
1298,ksqexp,2.5,4,1,0.05,-218.86854348373484,-221.86190948407153
1299,ksqexp,2.5,4,1,0.01,-639.9444864667529,-496.8250693106297
1300,ksqexp,2.5,4,1,0,-703.2376273138049,-530.356980828474
1301,ksqexp,2.5,4,1.5,0.5,-34.54746418842649,-36.716278679021734
1302,ksqexp,2.5,4,1.5,0.1,-81.83569471733537,-89.80967271096829
1303,ksqexp,2.5,4,1.5,0.05,-187.71479336449528,-183.30278988932494
1304,ksqexp,2.5,4,1.5,0.01,-441.0267470455385,-341.1463356168033
1305,ksqexp,2.5,4,1.5,0,-469.9945918797447,-356.3926570673822
1306,ksqexp,2.5,6,0.5,0.5,-35.83144302671524,-38.50850499653808
1307,ksqexp,2.5,6,0.5,0.1,-85.99469675792469,-84.18324252047132
1308,ksqexp,2.5,6,0.5,0.05,-177.181563082036,-140.4742121173691
1309,ksqexp,2.5,6,0.5,0.01,-431.60256652371976,-253.04072616904253
1310,ksqexp,2.5,6,0.5,0,-462.65129457202886,-265.54214618480785
1311,ksqexp,2.5,6,1,0.5,-35.010236883802214,-37.51840926629971
1312,ksqexp,2.5,6,1,0.1,-67.64508291716416,-63.77810908423405
1313,ksqexp,2.5,6,1,0.05,-129.3399858050809,-95.51663328370039
1314,ksqexp,2.5,6,1,0.01,-227.44025284951593,-136.94553233633332
1315,ksqexp,2.5,6,1,0,-235.42888132679846,-140.14364741328782
1316,ksqexp,2.5,6,1.5,0.5,-35.608832068165135,-38.211187614905874
1317,ksqexp,2.5,6,1.5,0.1,-61.491412175130435,-56.68437767404103
1318,ksqexp,2.5,6,1.5,0.05,-106.47423484685866,-78.02216568574354
1319,ksqexp,2.5,6,1.5,0.01,-158.9081032678175,-99.711074503018
1320,ksqexp,2.5,6,1.5,0,-162.47873364119187,-101.13480457455286
1321,ksqexp,2.5,8,0.5,0.5,-36.4140279495186,-39.42153727035458
1322,ksqexp,2.5,8,0.5,0.1,-77.40687989398161,-68.5249512840432
1323,ksqexp,2.5,8,0.5,0.05,-137.86173657145503,-99.04221964872157
1324,ksqexp,2.5,8,0.5,0.01,-231.4087195835953,-138.39648696402784
1325,ksqexp,2.5,8,0.5,0,-239.09231779777207,-141.43331871402415
1326,ksqexp,2.5,8,1,0.5,-35.75080780076958,-38.52555476148665
1327,ksqexp,2.5,8,1,0.1,-60.53192287926811,-52.98692408820722
1328,ksqexp,2.5,8,1,0.05,-93.14057314573438,-67.72399762120752
1329,ksqexp,2.5,8,1,0.01,-124.26503175658709,-80.35581045686925
1330,ksqexp,2.5,8,1,0,-126.19399104252176,-81.11210555924698
1331,ksqexp,2.5,8,1.5,0.5,-36.53763568275655,-39.39903475846591
1332,ksqexp,2.5,8,1.5,0.1,-54.56084086855668,-48.508739185658335
1333,ksqexp,2.5,8,1.5,0.05,-75.12349885642342,-57.33745967421609
1334,ksqexp,2.5,8,1.5,0.01,-90.50155346969707,-63.464654740843535
1335,ksqexp,2.5,8,1.5,0,-91.35187221520238,-63.79569127084015
1336,ksqexp,2.5,10,0.5,0.5,-36.86708547522733,-40.1394889958946
1337,ksqexp,2.5,10,0.5,0.1,-72.89832443247705,-63.285868275665244
1338,ksqexp,2.5,10,0.5,0.05,-113.6748765360973,-83.15694321647642
1339,ksqexp,2.5,10,0.5,0.01,-157.7702254622352,-102.17277374351094
1340,ksqexp,2.5,10,0.5,0,-160.74421220323373,-103.39854188053842
1341,ksqexp,2.5,10,1,0.5,-36.267143156164565,-39.26307051713685
1342,ksqexp,2.5,10,1,0.1,-55.68599795296776,-49.36443714732789
1343,ksqexp,2.5,10,1,0.05,-74.17211530605164,-57.66690741930983
1344,ksqexp,2.5,10,1,0.01,-87.53999271951778,-63.25161575444837
1345,ksqexp,2.5,10,1,0,-88.27259444211887,-63.55033500041788
1346,ksqexp,2.5,10,1.5,0.5,-37.15453284212989,-40.23239730401504
1347,ksqexp,2.5,10,1.5,0.1,-49.76204563477931,-45.81400149495076
1348,ksqexp,2.5,10,1.5,0.05,-60.29996054183102,-50.35241854250946
1349,ksqexp,2.5,10,1.5,0.01,-66.5879723489296,-52.929924638216804
1350,ksqexp,2.5,10,1.5,0,-66.90604528501773,-53.05825613901421
1351,ksqexp,2.5,25,0.5,0.5,-38.29958947001743,-42.17321100076666
1352,ksqexp,2.5,25,0.5,0.1,-57.68186077703865,-53.8960195347469
1353,ksqexp,2.5,25,0.5,0.05,-65.00096632564443,-57.418788038835814
1354,ksqexp,2.5,25,0.5,0.01,-68.63769738500882,-59.069394456906636
1355,ksqexp,2.5,25,0.5,0,-68.81553745641109,-59.14776966207398
1356,ksqexp,2.5,25,1,0.5,-37.77383921154011,-41.472294097960656
1357,ksqexp,2.5,25,1,0.1,-42.45251441101532,-43.553406533284914
1358,ksqexp,2.5,25,1,0.05,-44.156877686108935,-44.34088679551214
1359,ksqexp,2.5,25,1,0.01,-44.89656569813106,-44.66949236172433
1360,ksqexp,2.5,25,1,0,-44.93052458925907,-44.68433196095458
1361,ksqexp,2.5,25,1.5,0.5,-38.7872056751234,-42.696575393972005
1362,ksqexp,2.5,25,1.5,0.1,-38.973040947438555,-42.30532515023723
1363,ksqexp,2.5,25,1.5,0.05,-39.51954234520522,-42.54946771441107
1364,ksqexp,2.5,25,1.5,0.01,-39.749141001571914,-42.64937983578629
1365,ksqexp,2.5,25,1.5,0,-39.759510400039446,-42.65384282721669
1366,kexp,1,0.2,0.5,0.5,-49.64797986397518,-50.63928943257463
1367,kexp,1,0.2,0.5,0.1,-82.82227308333309,-85.16152636293248
1368,kexp,1,0.2,0.5,0.05,-95.99000781052193,-98.4224163054791
1369,kexp,1,0.2,0.5,0.01,-103.997545247941,-106.46482506158308
1370,kexp,1,0.2,0.5,0,-104.4114868005294,-106.88032082030989
1371,kexp,1,0.2,1,0.5,-45.0580969298418,-45.801672397662315
1372,kexp,1,0.2,1,0.1,-55.84281203338885,-57.060380453087866
1373,kexp,1,0.2,1,0.05,-60.039314140542864,-61.28237103328932
1374,kexp,1,0.2,1,0.01,-62.064360436378,-63.31648612418123
1375,kexp,1,0.2,1,0,-62.159615313442636,-63.412132968409296
1376,kexp,1,0.2,1.5,0.5,-43.73632212728347,-44.324278312392934
1377,kexp,1,0.2,1.5,0.1,-48.05148678093401,-48.88242391867444
1378,kexp,1,0.2,1.5,0.05,-49.98121371731999,-50.82400844131903
1379,kexp,1,0.2,1.5,0.01,-50.827789743744326,-51.674693068740815
1380,kexp,1,0.2,1.5,0,-50.866314917321326,-51.713393784015
1381,kexp,1,0.5,0.5,0.5,-42.16549693317693,-43.11246802342878
1382,kexp,1,0.5,0.5,0.1,-49.26465880407111,-51.035818964894126
1383,kexp,1,0.5,0.5,0.05,-52.135154889645534,-53.951779676635894
1384,kexp,1,0.5,0.5,0.01,-53.45201180326718,-55.28433861340134
1385,kexp,1,0.5,0.5,0,-53.51283728060936,-55.345834528471414
1386,kexp,1,0.5,1,0.5,-40.13833438146575,-40.80987648304077
1387,kexp,1,0.5,1,0.1,-39.9494092973825,-40.8953202455578
1388,kexp,1,0.5,1,0.05,-40.58012082131256,-41.53848496305524
1389,kexp,1,0.5,1,0.01,-40.838369736229495,-41.80089358036678
1390,kexp,1,0.5,1,0,-40.84985346084133,-41.81255277559202
1391,kexp,1,0.5,1.5,0.5,-40.83041787380149,-41.35478573770815
1392,kexp,1,0.5,1.5,0.1,-39.14710564097486,-39.81180076384488
1393,kexp,1,0.5,1.5,0.05,-39.33834916240174,-40.008928569748534
1394,kexp,1,0.5,1.5,0.01,-39.41607670099765,-40.08859524944338
1395,kexp,1,0.5,1.5,0,-39.41951562091161,-40.09211562462446
1396,kexp,1,1,0.5,0.5,-40.605469279378624,-41.500891890854604
1397,kexp,1,1,0.5,0.1,-43.06447875948578,-44.60438555386474
1398,kexp,1,1,0.5,0.05,-43.926348945073165,-45.50001137295771
1399,kexp,1,1,0.5,0.01,-44.26966236107162,-45.854670659448495
1400,kexp,1,1,0.5,0,-44.2848343172952,-45.87032196862478
1401,kexp,1,1,1,0.5,-40.109627728127485,-40.73756077378296
1402,kexp,1,1,1,0.1,-38.458275418704396,-39.30606336315063
1403,kexp,1,1,1,0.05,-38.54870249632162,-39.40604885691807
1404,kexp,1,1,1,0.01,-38.585675309904104,-39.44615894721483
1405,kexp,1,1,1,0,-38.587310506816344,-39.44792575358933
1406,kexp,1,1,1.5,0.5,-41.67329710566938,-42.16940606164371
1407,kexp,1,1,1.5,0.1,-39.510854618194834,-40.12358089259624
1408,kexp,1,1,1.5,0.05,-39.48519827018042,-40.10260320452164
1409,kexp,1,1,1.5,0.01,-39.479026489181194,-40.097953885963584
1410,kexp,1,1,1.5,0,-39.47879267004114,-40.097783781961454
1411,kexp,1,1.5,0.5,0.5,-40.79435601860514,-41.74490281324776
1412,kexp,1,1.5,0.5,0.1,-42.39592567909702,-44.03918649722172
1413,kexp,1,1.5,0.5,0.05,-42.8380965431883,-44.51654040901208
1414,kexp,1,1.5,0.5,0.01,-43.00388354813423,-44.693989256892834
1415,kexp,1,1.5,0.5,0,-43.01108555528437,-44.70168180617534
1416,kexp,1,1.5,1,0.5,-40.75705606704649,-41.42970451573862
1417,kexp,1,1.5,1,0.1,-38.98821342678695,-39.89873514517713
1418,kexp,1,1.5,1,0.05,-38.98890648051387,-39.90940968622253
1419,kexp,1,1.5,1,0.01,-38.99166822176349,-39.91542333807571
1420,kexp,1,1.5,1,0,-38.99181232809555,-39.915703576274666
1421,kexp,1,1.5,1.5,0.5,-42.57413001793467,-43.10922628843761
1422,kexp,1,1.5,1.5,0.1,-40.512295566920805,-41.17404799102152
1423,kexp,1,1.5,1.5,0.05,-40.4596760562116,-41.12634148537266
1424,kexp,1,1.5,1.5,0.01,-40.443384033804456,-41.11164045275436
1425,kexp,1,1.5,1.5,0,-40.44271135242815,-41.11103426636949
1426,kexp,1,2,0.5,0.5,-41.13109136047555,-42.163173558377736
1427,kexp,1,2,0.5,0.1,-42.26718054987048,-44.091521295629136
1428,kexp,1,2,0.5,0.05,-42.540089087109585,-44.404273226533036
1429,kexp,1,2,0.5,0.01,-42.639190092070095,-44.51649301578901
1430,kexp,1,2,0.5,0,-42.64345738692469,-44.521311026475644
1431,kexp,1,2,1,0.5,-41.257196673408764,-41.995455292184296
1432,kexp,1,2,1,0.1,-39.44566305685717,-40.456279440854296
1433,kexp,1,2,1,0.05,-39.415443337979035,-40.437294068487404
1434,kexp,1,2,1,0.01,-39.40684590777799,-40.432344304390035
1435,kexp,1,2,1,0,-39.40649976836997,-40.4321507205071
1436,kexp,1,2,1.5,0.5,-43.182624789971314,-43.77229335138372
1437,kexp,1,2,1.5,0.1,-41.19712984847948,-41.93134462608179
1438,kexp,1,2,1.5,0.05,-41.13777088968565,-41.87749849818556
1439,kexp,1,2,1.5,0.01,-41.11895276064416,-41.8604617415741
1440,kexp,1,2,1.5,0,-41.118170662251615,-41.85975405191694
1441,kexp,1,2.5,0.5,0.5,-41.466816978645234,-42.575307179365005
1442,kexp,1,2.5,0.5,0.1,-42.3292890626413,-44.32756338854944
1443,kexp,1,2.5,0.5,0.05,-42.51705069394655,-44.55994378711932
1444,kexp,1,2.5,0.5,0.01,-42.583877951007636,-44.64141730254394
1445,kexp,1,2.5,0.5,0,-42.58673994130379,-44.64489357445856
1446,kexp,1,2.5,1,0.5,-41.64687969518792,-42.446981073335806
1447,kexp,1,2.5,1,0.1,-39.823815927524976,-40.93021355928564
1448,kexp,1,2.5,1,0.05,-39.780095062783715,-40.89903110387636
1449,kexp,1,2.5,1,0.01,-39.76662529920456,-40.88962623057676
1450,kexp,1,2.5,1,0,-39.766069884196476,-40.88924074976964
1451,kexp,1,2.5,1.5,0.5,-43.6234967567298,-44.26453292053305
1452,kexp,1,2.5,1.5,0.1,-41.69789377529908,-42.501196823891455
1453,kexp,1,2.5,1.5,0.05,-41.63681323112844,-42.44625776248507
1454,kexp,1,2.5,1.5,0.01,-41.61731516457044,-42.42874231382094
1455,kexp,1,2.5,1.5,0,-41.6165032985628,-42.42801324160815
1456,kexp,1,3,0.5,0.5,-41.77885404088057,-42.95121791306996
1457,kexp,1,3,0.5,0.1,-42.50472520760578,-44.650426117556066
1458,kexp,1,3,0.5,0.05,-42.64637020300314,-44.840861166427445
1459,kexp,1,3,0.5,0.01,-42.696051592957126,-44.906534644096844
1460,kexp,1,3,0.5,0,-42.6981709944116,-44.909324486375965
1461,kexp,1,3,1,0.5,-41.966103814708696,-42.81840727268557
1462,kexp,1,3,1,0.1,-40.15708970036044,-41.34510109784607
1463,kexp,1,3,1,0.05,-40.1072901819426,-41.3089998298293
1464,kexp,1,3,1,0.01,-40.09162845319598,-41.29777588500464
1465,kexp,1,3,1,0,-40.09097893658331,-41.29731185605023
1466,kexp,1,3,1.5,0.5,-43.96571143113776,-44.65033244432854
1467,kexp,1,3,1.5,0.1,-42.09384723678477,-42.9562772969907
1468,kexp,1,3,1.5,0.05,-42.0328946499935,-42.90203249307125
1469,kexp,1,3,1.5,0.01,-42.013384633445085,-42.88468698293315
1470,kexp,1,3,1.5,0,-42.01257168404387,-42.88396441267764
1471,kexp,1,3.5,0.5,0.5,-42.058956634290226,-43.28279444101917
1472,kexp,1,3.5,0.5,0.1,-42.73614850540446,-45.00274110549722
1473,kexp,1,3.5,0.5,0.05,-42.8520694543811,-45.17100182192924
1474,kexp,1,3.5,0.5,0.01,-42.892258964221455,-45.22833546920695
1475,kexp,1,3.5,0.5,0,-42.89396820715615,-45.230763310376645
1476,kexp,1,3.5,1,0.5,-42.23341206080462,-43.12830189956365
1477,kexp,1,3.5,1,0.1,-40.45412075302655,-41.70949491547205
1478,kexp,1,3.5,1,0.05,-40.401828228385185,-41.67190117550572
1479,kexp,1,3.5,1,0.01,-40.385246496174496,-41.6600799152001
1480,kexp,1,3.5,1,0,-40.384557283187355,-41.65958966080971
1481,kexp,1,3.5,1.5,0.5,-44.24142740379003,-44.96186260408308
1482,kexp,1,3.5,1.5,0.1,-42.4188888494052,-43.33037913040638
1483,kexp,1,3.5,1.5,0.05,-42.35880260323927,-43.27749383432252
1484,kexp,1,3.5,1.5,0.01,-42.339546375648005,-43.260560842394455
1485,kexp,1,3.5,1.5,0,-42.33874374193515,-43.259855211024075
1486,kexp,1,4,0.5,0.5,-42.3042791742259,-43.56915218877248
1487,kexp,1,4,0.5,0.1,-42.9841114335455,-45.349058593777094
1488,kexp,1,4,0.5,0.05,-43.085557469278186,-45.50585694276302
1489,kexp,1,4,0.5,0.01,-43.12040005474536,-45.558825896466736
1490,kexp,1,4,0.5,0,-43.12187826663617,-45.56106381933135
1491,kexp,1,4,1,0.5,-42.45871945862344,-43.38804450608126
1492,kexp,1,4,1,0.1,-40.7165420571752,-42.02711846662545
1493,kexp,1,4,1,0.05,-40.663560225103105,-41.98969332603887
1494,kexp,1,4,1,0.01,-40.6466932505675,-41.977864158133194
1495,kexp,1,4,1,0,-40.64599143427921,-41.97737288530332
1496,kexp,1,4,1.5,0.5,-44.46784109192034,-45.21748523932842
1497,kexp,1,4,1.5,0.1,-42.69000456351757,-43.641928004091
1498,kexp,1,4,1.5,0.05,-42.63104654622717,-43.59059674190884
1499,kexp,1,4,1.5,0.01,-42.61214074039594,-43.57415142581589
1500,kexp,1,4,1.5,0,-42.611352590231405,-43.5734660073644
1501,kexp,1,6,0.5,0.5,-42.976902199896884,-44.338505487271334
1502,kexp,1,6,0.5,0.1,-43.82465438582962,-46.43080743473946
1503,kexp,1,6,0.5,0.05,-43.91057387908363,-46.58006501366293
1504,kexp,1,6,0.5,0.01,-43.93946671279534,-46.62970460880411
1505,kexp,1,6,0.5,0,-43.94068581561614,-46.63179329574394
1506,kexp,1,6,1,0.5,-43.06121501917797,-44.07486935808507
1507,kexp,1,6,1,0.1,-41.46459016270143,-42.91391082226982
1508,kexp,1,6,1,0.05,-41.41423572587472,-42.88144714081057
1509,kexp,1,6,1,0.01,-41.39813576693909,-42.87114187821375
1510,kexp,1,6,1,0,-41.39746509108875,-42.870713388714016
1511,kexp,1,6,1.5,0.5,-45.0582392961077,-45.881269504705315
1512,kexp,1,6,1.5,0.1,-43.41335952469301,-44.468887624939235
1513,kexp,1,6,1.5,0.05,-43.358661620396155,-44.42299657485895
1514,kexp,1,6,1.5,0.01,-43.34111327214452,-44.40828985912673
1515,kexp,1,6,1.5,0,-43.340381616318176,-44.407676853108406
1516,kexp,1,8,0.5,0.5,-43.32633855318223,-44.73014541944447
1517,kexp,1,8,0.5,0.1,-44.334620499581376,-47.04941205961031
1518,kexp,1,8,0.5,0.05,-44.42194706905661,-47.20391134564208
1519,kexp,1,8,0.5,0.01,-44.45109772538238,-47.25507309149537
1520,kexp,1,8,0.5,0,-44.452325385243476,-47.25722341739717
1521,kexp,1,8,1,0.5,-43.38111780617448,-44.43479450322922
1522,kexp,1,8,1,0.1,-41.884660054719596,-43.401341781983206
1523,kexp,1,8,1,0.05,-41.837583211644244,-43.37336572055515
1524,kexp,1,8,1,0.01,-41.82252662667709,-43.364497121099944
1525,kexp,1,8,1,0,-41.82189936112586,-43.36412849376405
1526,kexp,1,8,1.5,0.5,-45.37138400125766,-46.2314369983466
1527,kexp,1,8,1.5,0.1,-43.804978711803656,-44.9136877785068
1528,kexp,1,8,1.5,0.05,-43.75308746397204,-44.871249108938116
1529,kexp,1,8,1.5,0.01,-43.73644146700722,-44.8576535912027
1530,kexp,1,8,1.5,0,-43.73574745315872,-44.857086952624186
1531,kexp,1,10,0.5,0.5,-43.52000278797929,-44.94476204347999
1532,kexp,1,10,0.5,0.1,-44.63726630117258,-47.40527673038123
1533,kexp,1,10,0.5,0.05,-44.727633476249615,-47.564685339741374
1534,kexp,1,10,0.5,0.01,-44.75771136798018,-47.61739108443398
1535,kexp,1,10,0.5,0,-44.758977136560794,-47.61960542060469
1536,kexp,1,10,1,0.5,-43.56637586074746,-44.641934305544005
1537,kexp,1,10,1,0.1,-42.13391780839717,-43.687382866483986
1538,kexp,1,10,1,0.05,-42.08917747591633,-43.66240667683208
1539,kexp,1,10,1,0.01,-42.07487176614594,-43.65450466715957
1540,kexp,1,10,1,0,-42.0742758194738,-43.65417638351079
1541,kexp,1,10,1.5,0.5,-45.55553815097205,-46.437251699002054
1542,kexp,1,10,1.5,0.1,-44.03691812363453,-45.17677021172572
1543,kexp,1,10,1.5,0.05,-43.98678292545706,-45.13646813790148
1544,kexp,1,10,1.5,0.01,-43.97070255435682,-45.123561359188344
1545,kexp,1,10,1.5,0,-43.970032147183595,-45.12302347121736
1546,kexp,1,25,0.5,0.5,-43.86343885888485,-45.329396001336676
1547,kexp,1,25,0.5,0.1,-45.19653270995363,-48.06409443597917
1548,kexp,1,25,0.5,0.05,-45.29523529467121,-48.23512303494844
1549,kexp,1,25,0.5,0.01,-45.32797890401102,-48.29157709241274
1550,kexp,1,25,0.5,0,-45.32935569944675,-48.293947904563936
1551,kexp,1,25,1,0.5,-43.90738206943807,-45.0301994282415
1552,kexp,1,25,1,0.1,-42.59496407429254,-44.226600089892855
1553,kexp,1,25,1,0.05,-42.554820525742386,-44.20758297481596
1554,kexp,1,25,1,0.01,-42.5419976458197,-44.201606579200615
1555,kexp,1,25,1,0,-42.541463608645124,-44.20135872748309
1556,kexp,1,25,1.5,0.5,-45.89818448289363,-46.82959135026081
1557,kexp,1,25,1.5,0.1,-44.465469315119996,-45.67619679949082
1558,kexp,1,25,1.5,0.05,-44.41850821155366,-45.63991356788465
1559,kexp,1,25,1.5,0.01,-44.40345072297454,-45.62830287951501
1560,kexp,1,25,1.5,0,-44.402823011783404,-45.627819101860695
1561,kexp,1.25,0.2,0.5,0.5,-50.96234049462646,-52.18887211090985
1562,kexp,1.25,0.2,0.5,0.1,-92.52812436417499,-95.6267689655128
1563,kexp,1.25,0.2,0.5,0.05,-110.34979186022537,-113.58731879755902
1564,kexp,1.25,0.2,0.5,0.01,-122.31590262665914,-125.60695188322573
1565,kexp,1.25,0.2,0.5,0,-122.96330761507208,-126.25679178140328
1566,kexp,1.25,0.2,1,0.5,-45.84352974629161,-46.783155299385086
1567,kexp,1.25,0.2,1,0.1,-60.58061652721965,-62.1980762398642
1568,kexp,1.25,0.2,1,0.05,-66.66513717013211,-68.32103325986644
1569,kexp,1.25,0.2,1,0.01,-69.81411606989464,-71.48405180248344
1570,kexp,1.25,0.2,1,0,-69.96607004321794,-71.63661996019664
1571,kexp,1.25,0.2,1.5,0.5,-44.04904211562436,-44.80162244764353
1572,kexp,1.25,0.2,1.5,0.1,-50.7352586539412,-51.840156690121326
1573,kexp,1.25,0.2,1.5,0.05,-53.67101803158875,-54.79393285030456
1574,kexp,1.25,0.2,1.5,0.01,-55.02813874654666,-56.157435574970336
1575,kexp,1.25,0.2,1.5,0,-55.09098095190146,-56.22055278575997
1576,kexp,1.25,0.5,0.5,0.5,-42.27603524792274,-43.444724661433014
1577,kexp,1.25,0.5,0.5,0.1,-51.465087712145184,-53.63894740184536
1578,kexp,1.25,0.5,0.5,0.05,-55.61265978609597,-57.840502695923675
1579,kexp,1.25,0.5,0.5,0.01,-57.6427722584832,-59.889567275568574
1580,kexp,1.25,0.5,0.5,0,-57.73861828846735,-59.98622863199206
1581,kexp,1.25,0.5,1,0.5,-39.65679468382858,-40.48990125043541
1582,kexp,1.25,0.5,1,0.1,-40.20098535120967,-41.36850414140016
1583,kexp,1.25,0.5,1,0.05,-41.22073184399755,-42.40331324618103
1584,kexp,1.25,0.5,1,0.01,-41.652285259201264,-42.8399545089974
1585,kexp,1.25,0.5,1,0,-41.67167165966008,-42.859556360500974
1586,kexp,1.25,0.5,1.5,0.5,-39.98583723332634,-40.63929697436153
1587,kexp,1.25,0.5,1.5,0.1,-38.589528809271656,-39.41446390494801
1588,kexp,1.25,0.5,1.5,0.05,-38.952156901249325,-39.784303293097544
1589,kexp,1.25,0.5,1.5,0.01,-39.10011665460386,-39.93465859575835
1590,kexp,1.25,0.5,1.5,0,-39.10667955000748,-39.941322369952914
1591,kexp,1.25,1,0.5,0.5,-39.92596044619125,-40.98559468822366
1592,kexp,1.25,1,0.5,0.1,-43.25165394131205,-44.99217887130925
1593,kexp,1.25,1,0.5,0.05,-44.54995989252737,-46.32504125405442
1594,kexp,1.25,1,0.5,0.01,-45.087677842800744,-46.87456637720809
1595,kexp,1.25,1,0.5,0,-45.11171866353989,-46.89910884191865
1596,kexp,1.25,1,1,0.5,-39.15050455635518,-39.89391097378492
1597,kexp,1.25,1,1,0.1,-37.64945295995956,-38.628400349479776
1598,kexp,1.25,1,1,0.05,-37.841529934106006,-38.83079251342904
1599,kexp,1.25,1,1,0.01,-37.91844040767122,-38.91111747179215
1600,kexp,1.25,1,1,0,-37.921831008080204,-38.914651668684044
1601,kexp,1.25,1,1.5,0.5,-40.523741293987484,-41.11629221349027
1602,kexp,1.25,1,1.5,0.1,-38.299618081656384,-39.02055178726111
1603,kexp,1.25,1,1.5,0.05,-38.30852060170226,-39.03469763154524
1604,kexp,1.25,1,1.5,0.01,-38.31551878082017,-39.04341104656842
1605,kexp,1.25,1,1.5,0,-38.315858556299425,-39.043822710977814
1606,kexp,1.25,1.5,0.5,0.5,-39.86673438785936,-40.96340006373082
1607,kexp,1.25,1.5,0.5,0.1,-42.05588241668136,-43.8630378106208
1608,kexp,1.25,1.5,0.5,0.05,-42.73533421530587,-44.578315414927445
1609,kexp,1.25,1.5,0.5,0.01,-42.99732987068761,-44.85234146095754
1610,kexp,1.25,1.5,0.5,0,-43.008802174235065,-44.8643218898067
1611,kexp,1.25,1.5,1,0.5,-39.723238566740534,-40.50216927690276
1612,kexp,1.25,1.5,1,0.1,-37.99437223254599,-39.024874131100724
1613,kexp,1.25,1.5,1,0.05,-38.04069170627988,-39.081968536622355
1614,kexp,1.25,1.5,1,0.01,-38.06055426905908,-39.105364188770835
1615,kexp,1.25,1.5,1,0,-38.06144033661463,-39.10639842783331
1616,kexp,1.25,1.5,1.5,0.5,-41.4301078092499,-42.058390896853695
1617,kexp,1.25,1.5,1.5,0.1,-39.25691950654392,-40.02428568471311
1618,kexp,1.25,1.5,1.5,0.05,-39.21550788657295,-39.98840523832384
1619,kexp,1.25,1.5,1.5,0.01,-39.20346458750427,-39.97816023049353
1620,kexp,1.25,1.5,1.5,0,-39.20297649079715,-39.977747373897714
1621,kexp,1.25,2,0.5,0.5,-40.06233249277195,-41.24720041997234
1622,kexp,1.25,2,0.5,0.1,-41.52069424683259,-43.528338894800605
1623,kexp,1.25,2,0.5,0.05,-41.938404864237,-43.9874916280866
1624,kexp,1.25,2,0.5,0.01,-42.09374682182457,-44.15658733023349
1625,kexp,1.25,2,0.5,0,-42.100479637226236,-44.16389890806055
1626,kexp,1.25,2,1,0.5,-40.18831949702029,-41.041474981702024
1627,kexp,1.25,2,1,0.1,-38.32642018387231,-39.47254035836636
1628,kexp,1.25,2,1,0.05,-38.31879016799301,-39.477222878940886
1629,kexp,1.25,2,1,0.01,-38.31855609030171,-39.48100244068115
1630,kexp,1.25,2,1,0,-38.31857146529531,-39.48118586126622
1631,kexp,1.25,2,1.5,0.5,-42.056638394408616,-42.7491978044129
1632,kexp,1.25,2,1.5,0.1,-39.92401461948203,-40.777958628071055
1633,kexp,1.25,2,1.5,0.05,-39.86708807954803,-40.7273141294152
1634,kexp,1.25,2,1.5,0.01,-39.84932709281801,-40.711588137808654
1635,kexp,1.25,2,1.5,0,-39.848592174714334,-40.71093827906358
1636,kexp,1.25,2.5,0.5,0.5,-40.293407989711014,-41.57161151077458
1637,kexp,1.25,2.5,0.5,0.1,-41.22332672213475,-43.43857377546457
1638,kexp,1.25,2.5,0.5,0.05,-41.50062515648218,-43.762755180803104
1639,kexp,1.25,2.5,0.5,0.01,-41.60165089350497,-43.87923589698726
1640,kexp,1.25,2.5,0.5,0,-41.60600440793756,-43.884238436524676
1641,kexp,1.25,2.5,1,0.5,-40.54631864964025,-41.47649223769611
1642,kexp,1.25,2.5,1,0.1,-38.591020917937435,-39.85533017416134
1643,kexp,1.25,2.5,1,0.05,-38.55711455864265,-39.83526009754173
1644,kexp,1.25,2.5,1,0.01,-38.54737656622184,-39.83001776492922
1645,kexp,1.25,2.5,1,0,-38.5469833454925,-39.82981260130968
1646,kexp,1.25,2.5,1.5,0.5,-42.50639173081277,-43.264562571888234
1647,kexp,1.25,2.5,1.5,0.1,-40.40208301911311,-41.343703584103004
1648,kexp,1.25,2.5,1.5,0.05,-40.33885360660738,-41.2875112004251
1649,kexp,1.25,2.5,1.5,0.01,-40.318799966111094,-41.26973258948018
1650,kexp,1.25,2.5,1.5,0,-40.31796642474364,-41.2689940896369
1651,kexp,1.25,3,0.5,0.5,-40.53133435131368,-41.89371906645658
1652,kexp,1.25,3,0.5,0.1,-41.11111800688353,-43.50890525239911
1653,kexp,1.25,3,0.5,0.05,-41.306557009540796,-43.755671193590366
1654,kexp,1.25,3,0.5,0.01,-41.376834239655295,-43.84280016429658
1655,kexp,1.25,3,0.5,0,-41.379851705987114,-43.84652447557727
1656,kexp,1.25,3,1,0.5,-40.842100069889646,-41.84142446786538
1657,kexp,1.25,3,1,0.1,-38.835390967617634,-40.20427763653019
1658,kexp,1.25,3,1,0.05,-38.78758057490943,-40.171597090091225
1659,kexp,1.25,3,1,0.01,-38.77288775040703,-40.16181096707635
1660,kexp,1.25,3,1,0,-38.77228234569305,-40.16141070825655
1661,kexp,1.25,3,1.5,0.5,-42.8559578064845,-43.67295999140057
1662,kexp,1.25,3,1.5,0.1,-40.7813637051745,-41.801024112475375
1663,kexp,1.25,3,1.5,0.05,-40.71560588228174,-41.74296335274166
1664,kexp,1.25,3,1.5,0.01,-40.694622926139154,-41.72446601182239
1665,kexp,1.25,3,1.5,0,-40.69374932566322,-41.723696219217175
1666,kexp,1.25,3.5,0.5,0.5,-40.765107622636386,-42.19972336154302
1667,kexp,1.25,3.5,0.5,0.1,-41.12911470652654,-43.68200491565174
1668,kexp,1.25,3.5,0.5,0.05,-41.27478465466043,-43.882677395179826
1669,kexp,1.25,3.5,0.5,0.01,-41.32668103967637,-43.95258804549316
1670,kexp,1.25,3.5,0.5,0,-41.32890359010559,-43.955565672198624
1671,kexp,1.25,3.5,1,0.5,-41.096946462165874,-42.155731730883836
1672,kexp,1.25,3.5,1,0.1,-39.07093856851981,-40.52935565006224
1673,kexp,1.25,3.5,1,0.05,-39.01561060016108,-40.49026175435389
1674,kexp,1.25,3.5,1,0.01,-38.99825232584745,-40.478162501774946
1675,kexp,1.25,3.5,1,0,-38.99753294160508,-40.4776629285269
1676,kexp,1.25,3.5,1.5,0.5,-43.14175928341833,-44.00947732449952
1677,kexp,1.25,3.5,1.5,0.1,-41.09972974292228,-42.18662803411962
1678,kexp,1.25,3.5,1.5,0.05,-41.03323076802444,-42.12840201744464
1679,kexp,1.25,3.5,1.5,0.01,-41.01195269693934,-42.10979383384742
1680,kexp,1.25,3.5,1.5,0,-41.011066158841025,-42.10901878070507
1681,kexp,1.25,4,0.5,0.5,-40.98706876739437,-42.48267186357291
1682,kexp,1.25,4,0.5,0.1,-41.22743048380146,-43.911986676620494
1683,kexp,1.25,4,0.5,0.05,-41.341991001675225,-44.08473383595642
1684,kexp,1.25,4,0.5,0.01,-41.382506232942504,-44.14427861594761
1685,kexp,1.25,4,0.5,0,-41.38423790585848,-44.146807594926756
1686,kexp,1.25,4,1,0.5,-41.320103000263586,-42.429405744162374
1687,kexp,1.25,4,1,0.1,-39.29574048626569,-40.830593488253484
1688,kexp,1.25,4,1,0.05,-39.23639751900096,-40.78845813173284
1689,kexp,1.25,4,1,0.01,-39.21761058381987,-40.77524213458233
1690,kexp,1.25,4,1,0,-39.21683006591658,-40.7746944260699
1691,kexp,1.25,4,1.5,0.5,-43.38188857416797,-44.29286716431688
1692,kexp,1.25,4,1.5,0.1,-41.373532526698206,-42.518089587244184
1693,kexp,1.25,4,1.5,0.05,-41.307168483078144,-42.46051156849523
1694,kexp,1.25,4,1.5,0.01,-41.28590385846906,-42.442081428499364
1695,kexp,1.25,4,1.5,0,-41.28501755267289,-42.44131346985382
1696,kexp,1.25,6,0.5,0.5,-41.69503960098668,-43.35188861889834
1697,kexp,1.25,6,0.5,0.1,-41.85992760860441,-44.90689544530733
1698,kexp,1.25,6,0.5,0.05,-41.928173732896504,-45.0431681705547
1699,kexp,1.25,6,0.5,0.01,-41.951792355285704,-45.08900379704845
1700,kexp,1.25,6,0.5,0,-41.95279611522063,-45.090938048053026
1701,kexp,1.25,6,1,0.5,-41.974992516484996,-43.22119452945132
1702,kexp,1.25,6,1,0.1,-40.03548412457715,-41.78320076553
1703,kexp,1.25,6,1,0.05,-39.97322212125309,-41.741189510268676
1704,kexp,1.25,6,1,0.01,-39.95331287702652,-41.72783312138089
1705,kexp,1.25,6,1,0,-39.952483508420165,-41.72727755923981
1706,kexp,1.25,6,1.5,0.5,-44.048582397073886,-45.07846125199851
1707,kexp,1.25,6,1.5,0.1,-42.16100256855643,-43.467458425204455
1708,kexp,1.25,6,1.5,0.05,-42.09757448599434,-43.41442618900547
1709,kexp,1.25,6,1.5,0.01,-42.07721820831885,-43.39742297456652
1710,kexp,1.25,6,1.5,0,-42.07636940622501,-43.39671416303956
1711,kexp,1.25,8,0.5,0.5,-42.13653622732103,-43.87563792421149
1712,kexp,1.25,8,0.5,0.1,-42.40888777654481,-45.65252989780306
1713,kexp,1.25,8,0.5,0.05,-42.46967803755112,-45.78752994333702
1714,kexp,1.25,8,0.5,0.01,-42.49043188867904,-45.83252957388013
1715,kexp,1.25,8,0.5,0,-42.491310852709816,-45.83442409852954
1716,kexp,1.25,8,1,0.5,-42.371197369159276,-43.69157346665773
1717,kexp,1.25,8,1,0.1,-40.526432080208714,-42.39432116877544
1718,kexp,1.25,8,1,0.05,-40.46633568842042,-42.35644724753876
1719,kexp,1.25,8,1,0.01,-40.44708776330496,-42.34439191251689
1720,kexp,1.25,8,1,0,-40.446285598477616,-42.343890303211964
1721,kexp,1.25,8,1.5,0.5,-44.43811452249707,-45.53496774416478
1722,kexp,1.25,8,1.5,0.1,-42.63609302213773,-44.03655417789188
1723,kexp,1.25,8,1.5,0.05,-42.575520745715636,-43.98743896049645
1724,kexp,1.25,8,1.5,0.01,-42.55607802303837,-43.97169223256403
1725,kexp,1.25,8,1.5,0,-42.555267280472286,-43.97103580484393
1726,kexp,1.25,10,0.5,0.5,-42.40917296952882,-44.1925333759984
1727,kexp,1.25,10,0.5,0.1,-42.79307959875387,-46.14476844879719
1728,kexp,1.25,10,0.5,0.05,-42.854403319438546,-46.28388421771288
1729,kexp,1.25,10,0.5,0.01,-42.87518161305731,-46.33008861475326
1730,kexp,1.25,10,0.5,0,-42.87605993894434,-46.33203204939342
1731,kexp,1.25,10,1,0.5,-42.621003996704495,-43.98446752640427
1732,kexp,1.25,10,1,0.1,-40.849192197845085,-42.78808114890157
1733,kexp,1.25,10,1,0.05,-40.791447635877525,-42.753786112667896
1734,kexp,1.25,10,1,0.01,-40.77294779408663,-42.742877674857596
1735,kexp,1.25,10,1,0,-40.77217674750208,-42.74242386676174
1736,kexp,1.25,10,1.5,0.5,-44.683483526669576,-45.82136156210105
1737,kexp,1.25,10,1.5,0.1,-42.93960369014539,-44.39837935837199
1738,kexp,1.25,10,1.5,0.05,-42.881099931731185,-44.352022593867666
1739,kexp,1.25,10,1.5,0.01,-42.86232212372378,-44.337163940767965
1740,kexp,1.25,10,1.5,0,-42.861539117093535,-44.33654457262244
1741,kexp,1.25,25,0.5,0.5,-42.96491171274007,-44.833795375464284
1742,kexp,1.25,25,0.5,0.1,-43.659327931292815,-47.213353905743965
1743,kexp,1.25,25,0.5,0.05,-43.73079029887313,-47.36914905196028
1744,kexp,1.25,25,0.5,0.01,-43.754741659534616,-47.420683371489986
1745,kexp,1.25,25,0.5,0,-43.755751359195415,-47.422848741459646
1746,kexp,1.25,25,1,0.5,-43.152532240635075,-44.61176079446708
1747,kexp,1.25,25,1,0.1,-41.55339746105011,-43.64903794458468
1748,kexp,1.25,25,1,0.05,-41.50200849150661,-43.62378205052684
1749,kexp,1.25,25,1,0.01,-41.48555317436728,-43.61579045934978
1750,kexp,1.25,25,1,0,-41.4848674272468,-43.61545844254114
1751,kexp,1.25,25,1.5,0.5,-45.20949001455503,-46.44701762750702
1752,kexp,1.25,25,1.5,0.1,-43.59054301612207,-45.19052171469956
1753,kexp,1.25,25,1.5,0.05,-43.53659531868509,-45.1503768375698
1754,kexp,1.25,25,1.5,0.01,-43.51928466144951,-45.13752087482958
1755,kexp,1.25,25,1.5,0,-43.51856288333622,-45.136985109639596
1756,kexp,1.5,0.2,0.5,0.5,-52.12082746110945,-53.537493013680674
1757,kexp,1.5,0.2,0.5,0.1,-101.92831593532568,-105.7515204318954
1758,kexp,1.5,0.2,0.5,0.05,-124.47105394679508,-128.48459480445464
1759,kexp,1.5,0.2,0.5,0.01,-140.9736168631603,-145.06219648245636
1760,kexp,1.5,0.2,0.5,0,-141.9059349539564,-145.99799572202818
1761,kexp,1.5,0.2,1,0.5,-46.621406988480025,-47.72735984244724
1762,kexp,1.5,0.2,1,0.1,-65.35063732188462,-67.35128129695765
1763,kexp,1.5,0.2,1,0.05,-73.47249436164958,-75.52621819610465
1764,kexp,1.5,0.2,1,0.01,-77.95479574090528,-80.02835772068188
1765,kexp,1.5,0.2,1,0,-78.17653719086495,-80.25097740523894
1766,kexp,1.5,0.2,1.5,0.5,-44.446719790884785,-45.34303627864523
1767,kexp,1.5,0.2,1.5,0.1,-53.59304297990524,-54.96047441130788
1768,kexp,1.5,0.2,1.5,0.05,-57.65680644278959,-59.04926678306928
1769,kexp,1.5,0.2,1.5,0.01,-59.63105238578929,-61.0325592650331
1770,kexp,1.5,0.2,1.5,0,-59.72406136880312,-61.12596139860734
1771,kexp,1.5,0.5,0.5,0.5,-42.56264272794943,-43.91730719620072
1772,kexp,1.5,0.5,0.5,0.1,-54.06846112575153,-56.59411568532491
1773,kexp,1.5,0.5,0.5,0.05,-59.6319399089253,-62.217990232041146
1774,kexp,1.5,0.5,0.5,0.01,-62.520892898038056,-65.12842030064617
1775,kexp,1.5,0.5,0.5,0,-62.6601984476673,-65.26865649947686
1776,kexp,1.5,0.5,1,0.5,-39.402076892361485,-40.37340901058189
1777,kexp,1.5,0.5,1,0.1,-40.828580368440534,-42.188628317615624
1778,kexp,1.5,0.5,1,0.05,-42.30959675605327,-43.68674901349805
1779,kexp,1.5,0.5,1,0.01,-42.957418106958826,-44.34040531904282
1780,kexp,1.5,0.5,1,0,-42.98682476557436,-44.37005999070456
1781,kexp,1.5,0.5,1.5,0.5,-39.38624378758061,-40.15069310699555
1782,kexp,1.5,0.5,1.5,0.1,-38.39510916939284,-39.35876620317391
1783,kexp,1.5,0.5,1.5,0.05,-38.970686987635595,-39.94262615691798
1784,kexp,1.5,0.5,1.5,0.01,-39.209063310039994,-40.18377393477093
1785,kexp,1.5,0.5,1.5,0,-39.219690304773955,-40.19451792101005
1786,kexp,1.5,1,0.5,0.5,-39.527504287533944,-40.722506480792795
1787,kexp,1.5,1,0.5,0.1,-44.010964477006524,-45.8980694532992
1788,kexp,1.5,1,0.5,0.05,-45.828954723729005,-47.74869604031024
1789,kexp,1.5,1,0.5,0.01,-46.60874656549873,-48.53984870908847
1790,kexp,1.5,1,0.5,0,-46.64399322606484,-48.57558135661386
1791,kexp,1.5,1,1,0.5,-38.4368408417515,-39.275250846293744
1792,kexp,1.5,1,1,0.1,-37.22984134259104,-38.30879151486809
1793,kexp,1.5,1,1,0.05,-37.5530095662752,-38.6423388177045
1794,kexp,1.5,1,1,0.01,-37.682612099410036,-38.77540902196849
1795,kexp,1.5,1,1,0,-37.68833447053077,-38.78127764022401
1796,kexp,1.5,1,1.5,0.5,-39.59995871269957,-40.27184138037744
1797,kexp,1.5,1,1.5,0.1,-37.40858656515176,-38.21459307567926
1798,kexp,1.5,1,1.5,0.05,-37.46670218935285,-38.27821108435686
1799,kexp,1.5,1,1.5,0.01,-37.49260623018444,-38.30592509927268
1800,kexp,1.5,1,1.5,0,-37.49377165204392,-38.307166501451476
1801,kexp,1.5,1.5,0.5,0.5,-39.24469876079631,-40.45313865926387
1802,kexp,1.5,1.5,0.5,0.1,-42.31936836907636,-44.23169438011739
1803,kexp,1.5,1.5,0.5,0.05,-43.29333968947643,-45.24040595806894
1804,kexp,1.5,1.5,0.5,0.01,-43.67803404186292,-45.636986131599485
1805,kexp,1.5,1.5,0.5,0,-43.694999418266164,-45.65445658927935
1806,kexp,1.5,1.5,1,0.5,-38.92004171928698,-39.78166788512265
1807,kexp,1.5,1.5,1,0.1,-37.35814680110426,-38.4758920906189
1808,kexp,1.5,1.5,1,0.05,-37.467424706873814,-38.59634514018075
1809,kexp,1.5,1.5,1,0.01,-37.51110690405123,-38.643723750336285
1810,kexp,1.5,1.5,1,0,-37.5130295439868,-38.64580179984877
1811,kexp,1.5,1.5,1.5,0.5,-40.479348664463124,-41.181763219841656
1812,kexp,1.5,1.5,1.5,0.1,-38.27025316596987,-39.11943504360673
1813,kexp,1.5,1.5,1.5,0.05,-38.24808192211205,-39.10325324546585
1814,kexp,1.5,1.5,1.5,0.01,-38.24320738837548,-39.10033599794968
1815,kexp,1.5,1.5,1.5,0,-38.243029685942034,-39.100240303419845
1816,kexp,1.5,2,0.5,0.5,-39.32693634350859,-40.620254628145844
1817,kexp,1.5,2,0.5,0.1,-41.43750532408889,-43.56132563521824
1818,kexp,1.5,2,0.5,0.05,-42.04564646926021,-44.21171805935532
1819,kexp,1.5,2,0.5,0.01,-42.27603344801367,-44.456308449139215
1820,kexp,1.5,2,0.5,0,-42.28607199605667,-44.46694704965912
1821,kexp,1.5,2,1,0.5,-39.351983253553314,-40.29064248470354
1822,kexp,1.5,2,1,0.1,-37.56407658681671,-38.809215496987335
1823,kexp,1.5,2,1,0.05,-37.591553637538205,-38.849942852832946
1824,kexp,1.5,2,1,0.01,-37.604253334075594,-38.86698814533532
1825,kexp,1.5,2,1,0,-37.60482743612125,-38.86774449901595
1826,kexp,1.5,2,1.5,0.5,-41.11178489322746,-41.884366310727216
1827,kexp,1.5,2,1.5,0.1,-38.89946135815501,-39.84701167681757
1828,kexp,1.5,2,1.5,0.05,-38.85045954121633,-39.80501709788059
1829,kexp,1.5,2,1.5,0.01,-38.83567524041596,-39.792510988499885
1830,kexp,1.5,2,1.5,0,-38.83506934953391,-39.79200041552551
1831,kexp,1.5,2.5,0.5,0.5,-39.4707133109804,-40.86334573722878
1832,kexp,1.5,2.5,0.5,0.1,-40.831930190829645,-43.18338186412072
1833,kexp,1.5,2.5,0.5,0.05,-41.238221174253674,-43.638373547028145
1834,kexp,1.5,2.5,0.5,0.01,-41.388581658009016,-43.804920706814336
1835,kexp,1.5,2.5,0.5,0,-41.39508960857556,-43.81211007936051
1836,kexp,1.5,2.5,1,0.5,-39.681869201545254,-40.705887831158876
1837,kexp,1.5,2.5,1,0.1,-37.72072473068535,-39.09984525657274
1838,kexp,1.5,2.5,1,0.05,-37.70673579428899,-39.100935903520494
1839,kexp,1.5,2.5,1,0.01,-37.704283320376675,-39.10340255124214
1840,kexp,1.5,2.5,1,0,-37.70420411679823,-39.10352934211052
1841,kexp,1.5,2.5,1.5,0.5,-41.56484855327945,-42.41256475613067
1842,kexp,1.5,2.5,1.5,0.1,-39.3456613785322,-40.395152359307026
1843,kexp,1.5,2.5,1.5,0.05,-39.28452323085212,-40.3419405238051
1844,kexp,1.5,2.5,1.5,0.01,-39.26535969450307,-40.32534578754458
1845,kexp,1.5,2.5,1.5,0,-39.264565719601876,-40.32465919642268
1846,kexp,1.5,3,0.5,0.5,-39.63650431543619,-41.12316128090213
1847,kexp,1.5,3,0.5,0.1,-40.45779539347891,-43.008837795204684
1848,kexp,1.5,3,0.5,0.05,-40.742661498735586,-43.346881958310796
1849,kexp,1.5,3,0.5,0.01,-40.84659460981492,-43.46835767229956
1850,kexp,1.5,3,0.5,0,-40.85107485362661,-43.4735747700497
1851,kexp,1.5,3,1,0.5,-39.95240662206106,-41.05557636268455
1852,kexp,1.5,3,1,0.1,-37.87603255735215,-39.37391262929794
1853,kexp,1.5,3,1,0.05,-37.838903798106635,-39.353227207980424
1854,kexp,1.5,3,1,0.01,-37.828164444401466,-39.34783353537836
1855,kexp,1.5,3,1,0,-37.82772983745159,-39.34762257524531
1856,kexp,1.5,3,1.5,0.5,-41.91566168198312,-42.83254044297883
1857,kexp,1.5,3,1.5,0.1,-39.69980509084909,-40.84059488117805
1858,kexp,1.5,3,1.5,0.05,-39.632763933121865,-40.78220566589489
1859,kexp,1.5,3,1.5,0.01,-39.611489355162846,-40.76372944918999
1860,kexp,1.5,3,1.5,0,-39.61060493212561,-40.7629619437089
1861,kexp,1.5,3.5,0.5,0.5,-39.81369154901462,-41.38400443221315
1862,kexp,1.5,3.5,0.5,0.1,-40.26429401450881,-42.98412546731535
1863,kexp,1.5,3.5,0.5,0.05,-40.472681911321565,-43.24885029307883
1864,kexp,1.5,3.5,0.5,0.01,-40.54801834543055,-43.34267617352972
1865,kexp,1.5,3.5,0.5,0,-40.55125736551004,-43.34669066766522
1866,kexp,1.5,3.5,1,0.5,-40.18747581222541,-41.36046666108058
1867,kexp,1.5,3.5,1,0.1,-38.04275165874258,-39.642506220065755
1868,kexp,1.5,3.5,1,0.05,-37.992161427934434,-39.6094061225783
1869,kexp,1.5,3.5,1,0.01,-37.97665359369619,-39.599571575073746
1870,kexp,1.5,3.5,1,0,-37.97601507495888,-39.59917026549403
1871,kexp,1.5,3.5,1.5,0.5,-42.203529014403976,-43.18138045883703
1872,kexp,1.5,3.5,1.5,0.1,-40.00131543770422,-41.22135986182059
1873,kexp,1.5,3.5,1.5,0.05,-39.93146850297023,-41.16075440212433
1874,kexp,1.5,3.5,1.5,0.01,-39.90918541966597,-41.14145655629173
1875,kexp,1.5,3.5,1.5,0,-39.90825774484271,-41.14065356483717
1876,kexp,1.5,4,0.5,0.5,-39.99434456815539,-41.637701025178544
1877,kexp,1.5,4,0.5,0.1,-40.19751521642275,-43.06136356120862
1878,kexp,1.5,4,0.5,0.05,-40.35610562834339,-43.27878254402839
1879,kexp,1.5,4,0.5,0.01,-40.41308693284544,-43.35500359616763
1880,kexp,1.5,4,0.5,0,-40.4155324398304,-43.35825524716854
1881,kexp,1.5,4,1,0.5,-40.397323051493366,-41.63116009182244
1882,kexp,1.5,4,1,0.1,-38.21704891126519,-39.90461436229945
1883,kexp,1.5,4,1,0.05,-38.15845940542235,-39.86439259018345
1884,kexp,1.5,4,1,0.01,-38.14013199537114,-39.8520144820518
1885,kexp,1.5,4,1,0,-38.1393730717434,-39.85150421135664
1886,kexp,1.5,4,1.5,0.5,-42.447836252085445,-43.47889305382302
1887,kexp,1.5,4,1.5,0.1,-40.2659984273726,-41.55490022845229
1888,kexp,1.5,4,1.5,0.05,-40.19497522636652,-41.493629809045174
1889,kexp,1.5,4,1.5,0.01,-40.17225652985982,-41.47405899791448
1890,kexp,1.5,4,1.5,0,-40.171310049116514,-41.4732439661541
1891,kexp,1.5,6,0.5,0.5,-40.650564704894336,-42.50289078662122
1892,kexp,1.5,6,0.5,0.1,-40.49370824478847,-43.778161618051975
1893,kexp,1.5,6,0.5,0.05,-40.569279764652144,-43.920860708997104
1894,kexp,1.5,6,0.5,0.01,-40.59608701867716,-43.96950864089555
1895,kexp,1.5,6,0.5,0,-40.59723328689207,-43.9715687199514
1896,kexp,1.5,6,1,0.5,-41.05088504255602,-42.46074201752604
1897,kexp,1.5,6,1,0.1,-38.87806061355722,-40.823977645780275
1898,kexp,1.5,6,1,0.05,-38.80936021191505,-40.776591458849055
1899,kexp,1.5,6,1,0.01,-38.78744030933117,-40.76156179745944
1900,kexp,1.5,6,1,0,-38.78652772001114,-40.76093703917438
1901,kexp,1.5,6,1.5,0.5,-43.150693094886,-44.33661918278647
1902,kexp,1.5,6,1.5,0.1,-41.06721883082685,-42.55967202576029
1903,kexp,1.5,6,1.5,0.05,-40.99706607169952,-42.50098266763255
1904,kexp,1.5,6,1.5,0.01,-40.97455459725463,-42.48216756562702
1905,kexp,1.5,6,1.5,0,-40.973615964455135,-42.481383245652275
1906,kexp,1.5,8,0.5,0.5,-41.12658616083885,-43.10037384724048
1907,kexp,1.5,8,0.5,0.1,-40.96920100881515,-44.51797380938285
1908,kexp,1.5,8,0.5,0.05,-41.02428263755319,-44.64706960175957
1909,kexp,1.5,8,0.5,0.01,-41.04363865341606,-44.69050314418065
1910,kexp,1.5,8,0.5,0,-41.04446426080568,-44.692336107920845
1911,kexp,1.5,8,1,0.5,-41.484883346534666,-43.00132674726595
1912,kexp,1.5,8,1,0.1,-39.38296696889369,-41.49349092338221
1913,kexp,1.5,8,1,0.05,-39.31428248146391,-41.448481429670665
1914,kexp,1.5,8,1,0.01,-39.29229479823459,-41.43414751347959
1915,kexp,1.5,8,1,0,-39.29137857926254,-41.4335510244896
1916,kexp,1.5,8,1.5,0.5,-43.58806676608997,-44.869826716529296
1917,kexp,1.5,8,1.5,0.1,-41.58799730052289,-43.21117474346008
1918,kexp,1.5,8,1.5,0.05,-41.52031064892667,-43.15628450159455
1919,kexp,1.5,8,1.5,0.01,-41.498579661178624,-43.138680032277385
1920,kexp,1.5,8,1.5,0,-41.49767345215317,-43.13794609675005
1921,kexp,1.5,10,0.5,0.5,-41.44991699337926,-43.49567559603429
1922,kexp,1.5,10,0.5,0.1,-41.366881193493185,-45.08013606851135
1923,kexp,1.5,10,0.5,0.05,-41.417178710366656,-45.20933172665176
1924,kexp,1.5,10,0.5,0.01,-41.434697414128,-45.25253095221093
1925,kexp,1.5,10,0.5,0,-41.43544299972114,-45.25435111985334
1926,kexp,1.5,10,1,0.5,-41.77759884093194,-43.361030364440744
1927,kexp,1.5,10,1,0.1,-39.744073203102,-41.961497689145446
1928,kexp,1.5,10,1,0.05,-39.67706916210135,-41.91988041863979
1929,kexp,1.5,10,1,0.01,-39.655600330304175,-41.90662108329263
1930,kexp,1.5,10,1,0,-39.65470552060019,-41.90606924397878
1931,kexp,1.5,10,1.5,0.5,-43.87755430554138,-45.221834482291705
1932,kexp,1.5,10,1.5,0.1,-41.93931645500958,-43.64976481776135
1933,kexp,1.5,10,1.5,0.05,-41.873722209212836,-43.597943456143454
1934,kexp,1.5,10,1.5,0.01,-41.85266140693965,-43.58132486956763
1935,kexp,1.5,10,1.5,0,-41.85178312763182,-43.58063205209167
1936,kexp,1.5,25,0.5,0.5,-42.20097475848913,-44.392045836898305
1937,kexp,1.5,25,0.5,0.1,-42.47015190293694,-46.517662437153604
1938,kexp,1.5,25,0.5,0.05,-42.528291389006654,-46.665093643931655
1939,kexp,1.5,25,0.5,0.01,-42.54809769020079,-46.714006989225204
1940,kexp,1.5,25,0.5,0,-42.548936055846525,-46.71606380449822
1941,kexp,1.5,25,1,0.5,-42.47820824689347,-44.21896485039553
1942,kexp,1.5,25,1,0.1,-40.6499526747736,-43.121646203392956
1943,kexp,1.5,25,1,0.05,-40.59003781712613,-43.09136461368898
1944,kexp,1.5,25,1,0.01,-40.570838258306594,-43.08175492168709
1945,kexp,1.5,25,1,0,-40.57003800230152,-43.08135538126021
1946,kexp,1.5,25,1.5,0.5,-44.56593984775216,-46.07153724534878
1947,kexp,1.5,25,1.5,0.1,-42.781258576535976,-44.718741814621566
1948,kexp,1.5,25,1.5,0.05,-42.72115979163819,-44.675031414549885
1949,kexp,1.5,25,1.5,0.01,-42.70186661733661,-44.66102640133723
1950,kexp,1.5,25,1.5,0,-42.70106208452536,-44.66044267358544
1951,kexp,1.75,0.2,0.5,0.5,-53.14430577326142,-54.71661707759279
1952,kexp,1.75,0.2,0.5,0.1,-111.0422304949467,-115.5581690433591
1953,kexp,1.75,0.2,0.5,0.05,-138.30944113624474,-143.0720988651816
1954,kexp,1.75,0.2,0.5,0.01,-159.85340042464614,-164.71506050732188
1955,kexp,1.75,0.2,0.5,0,-161.12171727929723,-165.98805631506906
1956,kexp,1.75,0.2,1,0.5,-47.37397538220716,-48.62210502842982
1957,kexp,1.75,0.2,1,0.1,-70.10740568519377,-72.47602726066427
1958,kexp,1.75,0.2,1,0.05,-80.37024074594332,-82.80799996786544
1959,kexp,1.75,0.2,1,0.01,-86.37956442685021,-88.84368382100767
1960,kexp,1.75,0.2,1,0,-86.68413633175643,-89.14943639216563
1961,kexp,1.75,0.2,1.5,0.5,-44.891959748264966,-45.91443939442738
1962,kexp,1.75,0.2,1.5,0.1,-56.55348569429293,-58.17310206137124
1963,kexp,1.75,0.2,1.5,0.05,-61.84096399639477,-63.493331967666755
1964,kexp,1.75,0.2,1.5,0.01,-64.5332532174572,-66.19767851112823
1965,kexp,1.75,0.2,1.5,0,-64.66226611448613,-66.32721984976928
1966,kexp,1.75,0.5,0.5,0.5,-42.94229732828427,-44.45557722728352
1967,kexp,1.75,0.5,0.5,0.1,-56.91917750832976,-59.76174074546634
1968,kexp,1.75,0.5,0.5,0.05,-64.00404023362323,-66.91168067202702
1969,kexp,1.75,0.5,0.5,0.01,-67.88920282483794,-70.82017478958194
1970,kexp,1.75,0.5,0.5,0,-68.08042927252615,-71.01241884001026
1971,kexp,1.75,0.5,1,0.5,-39.30252156664585,-40.39442028154743
1972,kexp,1.75,0.5,1,0.1,-41.72299647028039,-43.25494033884591
1973,kexp,1.75,0.5,1,0.05,-43.727967146869126,-45.278554396749065
1974,kexp,1.75,0.5,1,0.01,-44.6338785106124,-46.19087663998324
1975,kexp,1.75,0.5,1,0,-44.67543473246553,-46.2327062868393
1976,kexp,1.75,0.5,1.5,0.5,-38.96791678248858,-39.82967939675019
1977,kexp,1.75,0.5,1.5,0.1,-38.47374959222089,-39.56046216908821
1978,kexp,1.75,0.5,1.5,0.05,-39.30010379874538,-40.39593564785758
1979,kexp,1.75,0.5,1.5,0.01,-39.6487883921756,-40.747690708093195
1980,kexp,1.75,0.5,1.5,0,-39.66442665228032,-40.7634588689496
1981,kexp,1.75,1,0.5,0.5,-39.309884111775304,-40.622008227517625
1982,kexp,1.75,1,0.5,0.1,-45.16176701954309,-47.16361523725375
1983,kexp,1.75,1,0.5,0.05,-47.573503279185495,-49.60373375936594
1984,kexp,1.75,1,0.5,0.01,-48.642212777833656,-50.68253545869981
1985,kexp,1.75,1,0.5,0,-48.691031868749725,-50.73178994228264
1986,kexp,1.75,1,1,0.5,-37.90415349956969,-38.82429345094209
1987,kexp,1.75,1,1,0.1,-37.10879025832742,-38.26733095481339
1988,kexp,1.75,1,1,0.05,-37.59108137465639,-38.75943944921711
1989,kexp,1.75,1,1,0.01,-37.786197037030995,-38.957867630839445
1990,kexp,1.75,1,1,0,-37.79483949582026,-38.966650232900484
1991,kexp,1.75,1,1.5,0.5,-38.85607493378574,-39.59548162511072
1992,kexp,1.75,1,1.5,0.1,-36.778820471816786,-37.6536172690869
1993,kexp,1.75,1,1.5,0.05,-36.90053129901764,-37.78080514921372
1994,kexp,1.75,1,1.5,0.01,-36.951181809109215,-37.833267261189846
1995,kexp,1.75,1,1.5,0,-36.95343213818427,-37.835593763113245
1996,kexp,1.75,1.5,0.5,0.5,-38.81742303006795,-40.11951968393232
1997,kexp,1.75,1.5,0.5,0.1,-42.9791053357247,-44.964736370295626
1998,kexp,1.75,1.5,0.5,0.05,-44.298633236858706,-46.31628525740486
1999,kexp,1.75,1.5,0.5,0.01,-44.831499879253116,-46.860387708789666
2000,kexp,1.75,1.5,0.5,0,-44.855160084557184,-46.88452943937365
2001,kexp,1.75,1.5,1,0.5,-38.28418303097772,-39.214915525180366
2002,kexp,1.75,1.5,1,0.1,-36.990020882781856,-38.17476682938179
2003,kexp,1.75,1.5,1,0.05,-37.17874228336289,-38.374665303514945
2004,kexp,1.75,1.5,1,0.01,-37.25288641772041,-38.452547001384936
2005,kexp,1.75,1.5,1,0,-37.256139993097904,-38.45595821810674
2006,kexp,1.75,1.5,1.5,0.5,-39.6834624627487,-40.447810256074355
2007,kexp,1.75,1.5,1.5,0.1,-37.50330812266073,-38.418183003145685
2008,kexp,1.75,1.5,1.5,0.05,-37.50828696388748,-38.42943805941878
2009,kexp,1.75,1.5,1.5,0.01,-37.51352948391957,-38.436744061805435
2010,kexp,1.75,1.5,1.5,0,-37.513790062650884,-38.43709124439014
2011,kexp,1.75,2,0.5,0.5,-38.804222631378146,-40.183991977075785
2012,kexp,1.75,2,0.5,0.1,-41.77103616984812,-43.9784215793238
2013,kexp,1.75,2,0.5,0.05,-42.60805892787696,-44.857833933475575
2014,kexp,1.75,2,0.5,0.01,-42.93047806349346,-45.194751756283615
2015,kexp,1.75,2,0.5,0,-42.94459614796755,-45.20948570958473
2016,kexp,1.75,2,1,0.5,-38.6799468027703,-39.68822937244917
2017,kexp,1.75,2,1,0.1,-37.0563405077825,-38.38007539926768
2018,kexp,1.75,2,1,0.05,-37.13022823010198,-38.468018922898636
2019,kexp,1.75,2,1,0.01,-37.16013326946232,-38.50256964737222
2020,kexp,1.75,2,1,0,-37.16145212105477,-38.50408376303679
2021,kexp,1.75,2,1.5,0.5,-40.30862883632752,-41.14748099553948
2022,kexp,1.75,2,1.5,0.1,-38.07065334487759,-39.095567117540725
2023,kexp,1.75,2,1.5,0.05,-38.0347511407778,-39.06734889463914
2024,kexp,1.75,2,1.5,0.01,-38.0247918128556,-39.059899026109164
2025,kexp,1.75,2,1.5,0,-38.02439421213587,-39.05960654757232
2026,kexp,1.75,2.5,0.5,0.5,-38.880640223472895,-40.36012436125097
2027,kexp,1.75,2.5,0.5,0.1,-40.8923552550367,-43.344030313455825
2028,kexp,1.75,2.5,0.5,0.05,-41.45919982802159,-43.96135382423926
2029,kexp,1.75,2.5,0.5,0.01,-41.67177080784207,-44.190898784701055
2030,kexp,1.75,2.5,0.5,0,-41.68100671170743,-44.200851773804956
2031,kexp,1.75,2.5,1,0.5,-38.985403373804665,-40.08402812947516
2032,kexp,1.75,2.5,1,0.1,-37.10536137304771,-38.57708144787631
2033,kexp,1.75,2.5,1,0.05,-37.11993610297608,-38.60800798289178
2034,kexp,1.75,2.5,1,0.01,-37.127904597148834,-38.62133916929699
2035,kexp,1.75,2.5,1,0,-37.12827445171061,-38.62193392445138
2036,kexp,1.75,2.5,1.5,0.5,-40.75991014362888,-41.6810454653448
2037,kexp,1.75,2.5,1.5,0.1,-38.47425033665781,-39.61401579213663
2038,kexp,1.75,2.5,1.5,0.05,-38.419004273895865,-39.56760816425425
2039,kexp,1.75,2.5,1.5,0.01,-38.40205195751467,-39.55352934428506
2040,kexp,1.75,2.5,1.5,0,-38.401353798437015,-39.55295140805828
2041,kexp,1.75,3,0.5,0.5,-38.98860191476415,-40.56560321790076
2042,kexp,1.75,3,0.5,0.1,-40.28913518115019,-42.95035532225475
2043,kexp,1.75,3,0.5,0.05,-40.69107025398081,-43.40746848430437
2044,kexp,1.75,3,0.5,0.01,-40.83932144011039,-43.574059240880175
2045,kexp,1.75,3,0.5,0,-40.845732016078685,-43.58124186518353
2046,kexp,1.75,3,1,0.5,-39.23450299275498,-40.418246870928904
2047,kexp,1.75,3,1,0.1,-37.175548310423565,-38.77643853229227
2048,kexp,1.75,3,1,0.05,-37.156269763698305,-38.77498638680278
2049,kexp,1.75,3,1,0.01,-37.1520090280859,-38.77654168212842
2050,kexp,1.75,3,1,0,-37.15185313433178,-38.7766293497573
2051,kexp,1.75,3,1.5,0.5,-41.109386446730504,-42.107079478022875
2052,kexp,1.75,3,1.5,0.1,-38.79788000980363,-40.03950870304221
2053,kexp,1.75,3,1.5,0.05,-38.73259732916397,-39.98387170576592
2054,kexp,1.75,3,1.5,0.01,-38.71206825157468,-39.96646921588035
2055,kexp,1.75,3,1.5,0,-38.71121694047878,-39.965748611343884
2056,kexp,1.75,3.5,0.5,0.5,-39.1158761405962,-40.78135321418916
2057,kexp,1.75,3.5,0.5,0.1,-39.90732253156737,-42.740622543456304
2058,kexp,1.75,3.5,0.5,0.05,-40.20369684501291,-43.09465332947537
2059,kexp,1.75,3.5,0.5,0.01,-40.31184142063194,-43.22179936629697
2060,kexp,1.75,3.5,0.5,0,-40.316503207397886,-43.22725908523626
2061,kexp,1.75,3.5,1,0.5,-39.4512028713449,-40.710752723213616
2062,kexp,1.75,3.5,1,0.1,-37.27603433807149,-38.98580033213843
2063,kexp,1.75,3.5,1,0.05,-37.23646720235599,-38.96500039527712
2064,kexp,1.75,3.5,1,0.01,-37.2249783277333,-38.95961243772379
2065,kexp,1.75,3.5,1,0,-37.22451283747376,-38.95940218800473
2066,kexp,1.75,3.5,1.5,0.5,-41.39674054804778,-42.46245626034362
2067,kexp,1.75,3.5,1.5,0.1,-39.07846077823525,-40.40772250956095
2068,kexp,1.75,3.5,1.5,0.05,-39.00785557077751,-40.347343223532654
2069,kexp,1.75,3.5,1.5,0.01,-38.98543820806467,-40.32823383448292
2070,kexp,1.75,3.5,1.5,0,-38.9845061475642,-40.327439988992055
2071,kexp,1.75,4,0.5,0.5,-39.255243332960504,-40.999309622925615
2072,kexp,1.75,4,0.5,0.1,-39.688001598415916,-42.66493183978218
2073,kexp,1.75,4,0.5,0.05,-39.91434182759345,-42.950325007534445
2074,kexp,1.75,4,0.5,0.01,-39.996342107085056,-43.051664590432495
2075,kexp,1.75,4,0.5,0,-39.99986952463101,-43.05600266587846
2076,kexp,1.75,4,1,0.5,-39.646474204620965,-40.97274705781489
2077,kexp,1.75,4,1,0.1,-37.39965966348684,-39.202269520085416
2078,kexp,1.75,4,1,0.05,-37.34754307792277,-39.169596411257444
2079,kexp,1.75,4,1,0.01,-37.331619591956326,-39.15997770167857
2080,kexp,1.75,4,1,0,-37.330964576269956,-39.159586275466545
2081,kexp,1.75,4,1.5,0.5,-41.641930030636644,-42.76754678275528
2082,kexp,1.75,4,1.5,0.1,-39.329748265185884,-40.73491319858062
2083,kexp,1.75,4,1.5,0.05,-39.25636742666328,-40.67222136754253
2084,kexp,1.75,4,1.5,0.01,-39.23296076592498,-40.65226775971224
2085,kexp,1.75,4,1.5,0,-39.23198636021643,-40.65143757872877
2086,kexp,1.75,6,0.5,0.5,-39.82587408542447,-41.80570344246329
2087,kexp,1.75,6,0.5,0.1,-39.627355552029066,-43.02742147928683
2088,kexp,1.75,6,0.5,0.05,-39.730743984191996,-43.19415613855098
2089,kexp,1.75,6,0.5,0.01,-39.76777112647349,-43.25168642746781
2090,kexp,1.75,6,0.5,0,-39.76935832985741,-43.2541302684375
2091,kexp,1.75,6,1,0.5,-40.27789520180651,-41.80409868660324
2092,kexp,1.75,6,1,0.1,-37.96021732983108,-40.04025386624644
2093,kexp,1.75,6,1,0.05,-37.88972123174477,-39.99144973594557
2094,kexp,1.75,6,1,0.01,-37.86732753447318,-39.97606059700737
2095,kexp,1.75,6,1,0,-37.866396325078796,-39.97542190881759
2096,kexp,1.75,6,1.5,0.5,-42.36248741172253,-43.66797192705251
2097,kexp,1.75,6,1.5,0.1,-40.12293000840457,-41.75701116984081
2098,kexp,1.75,6,1.5,0.05,-40.04782433008957,-41.694154238011585
2099,kexp,1.75,6,1.5,0.01,-40.02373663259143,-41.67401526012392
2100,kexp,1.75,6,1.5,0,-40.02273242355584,-41.67317588901359
2101,kexp,1.75,8,0.5,0.5,-40.296110410997684,-42.426852044673225
2102,kexp,1.75,8,0.5,0.1,-39.97181095149611,-43.66662623472213
2103,kexp,1.75,8,0.5,0.05,-40.039611835226516,-43.803356778034576
2104,kexp,1.75,8,0.5,0.01,-40.063810464651155,-43.849826708995664
2105,kexp,1.75,8,0.5,0,-40.064846605327844,-43.85179292556301
2106,kexp,1.75,8,1,0.5,-40.72508555613772,-42.382344455918854
2107,kexp,1.75,8,1,0.1,-38.44786444166138,-40.71993624766594
2108,kexp,1.75,8,1,0.05,-38.37467454777635,-40.67071815335367
2109,kexp,1.75,8,1,0.01,-38.35128910455392,-40.65507015808424
2110,kexp,1.75,8,1,0,-38.35031513516626,-40.654419280763555
2111,kexp,1.75,8,1.5,0.5,-42.829464814456365,-44.25391074327691
2112,kexp,1.75,8,1.5,0.1,-40.6672444809121,-42.4588155205957
2113,kexp,1.75,8,1.5,0.05,-40.593966389301514,-42.39920156119939
2114,kexp,1.75,8,1.5,0.01,-40.57044236772278,-42.380081935104194
2115,kexp,1.75,8,1.5,0,-40.56946141185003,-42.37928483256739
2116,kexp,1.75,10,0.5,0.5,-40.642801233522974,-42.87132103448613
2117,kexp,1.75,10,0.5,0.1,-40.332846194213595,-44.23350569376498
2118,kexp,1.75,10,0.5,0.05,-40.388822186084454,-44.36356886773512
2119,kexp,1.75,10,0.5,0.01,-40.408715091483046,-44.407413640201895
2120,kexp,1.75,10,0.5,0,-40.40956589955975,-44.40926487408143
2121,kexp,1.75,10,1,0.5,-41.042484825550815,-42.78844429102944
2122,kexp,1.75,10,1,0.1,-38.8214224309352,-41.22967074761215
2123,kexp,1.75,10,1,0.05,-38.748810666309765,-41.1829941228745
2124,kexp,1.75,10,1,0.01,-38.72557062414477,-41.16812780232179
2125,kexp,1.75,10,1,0,-38.7246022755587,-41.16750914275638
2126,kexp,1.75,10,1.5,0.5,-43.14940047262279,-44.656244913683516
2127,kexp,1.75,10,1.5,0.1,-41.04881321687312,-42.95296965870326
2128,kexp,1.75,10,1.5,0.05,-40.977468533267256,-42.896461747881446
2129,kexp,1.75,10,1.5,0.01,-40.9545598554002,-42.878336341696794
2130,kexp,1.75,10,1.5,0,-40.95360450096308,-42.87758066571875
2131,kexp,1.75,25,0.5,0.5,-41.55243970641413,-43.99638061216542
2132,kexp,1.75,25,0.5,0.1,-41.577627923395355,-45.95485184306434
2133,kexp,1.75,25,0.5,0.05,-41.63494589807707,-46.100168772469104
2134,kexp,1.75,25,0.5,0.01,-41.6548092079053,-46.148566162314424
2135,kexp,1.75,25,0.5,0,-41.65565356199288,-46.15060329779073
2136,kexp,1.75,25,1,0.5,-41.87928998727575,-43.851082632916146
2137,kexp,1.75,25,1,0.1,-39.87492872787964,-42.64220105192492
2138,kexp,1.75,25,1,0.05,-39.809079747912506,-42.60807516728305
2139,kexp,1.75,25,1,0.01,-39.78798483459443,-42.59723522727991
2140,kexp,1.75,25,1,0,-39.78710565081245,-42.5967844297123
2141,kexp,1.75,25,1.5,0.5,-43.97144376685598,-45.7069199212373
2142,kexp,1.75,25,1.5,0.1,-42.04215014545608,-44.26544595795118
2143,kexp,1.75,25,1.5,0.05,-41.976779067375404,-44.2185065787872
2144,kexp,1.75,25,1.5,0.01,-41.95578848037738,-44.203462015538186
2145,kexp,1.75,25,1.5,0,-41.954913113824105,-44.20283490709055
2146,kexp,2,0.2,0.5,0.5,-54.05362145114405,-55.75526040721523
2147,kexp,2,0.2,0.5,0.1,-119.89335063276056,-125.07404875267386
2148,kexp,2,0.2,0.5,0.05,-151.85450883563195,-157.3426496639063
2149,kexp,2,0.2,0.5,0.01,-178.88415500994958,-184.49734108391684
2150,kexp,2,0.2,0.5,0,-180.53920857364844,-186.1584091011222
2151,kexp,2,0.2,1,0.5,-48.09343810234056,-49.4643574466919
2152,kexp,2,0.2,1,0.1,-74.82747137928659,-77.55082750926873
2153,kexp,2,0.2,1,0.05,-87.30252130193949,-90.11226599071752
2154,kexp,2,0.2,1,0.01,-95.01849195537658,-97.86174576497514
2155,kexp,2,0.2,1,0,-95.41889436675956,-98.26366622869762
2156,kexp,2,0.2,1.5,0.5,-45.36165923202204,-46.495764386766915
2157,kexp,2,0.2,1.5,0.1,-59.57276391760022,-61.43560789731186
2158,kexp,2,0.2,1.5,0.05,-66.15926477386724,-68.06317584403979
2159,kexp,2,0.2,1.5,0.01,-69.66527110411107,-71.58455405414203
2160,kexp,2,0.2,1.5,0,-69.83611306258905,-71.75607536934191
2161,kexp,2,0.5,0.5,0.5,-43.36975302798373,-45.02039613160202
2162,kexp,2,0.5,0.5,0.1,-59.92634686334886,-63.06123458903429
2163,kexp,2,0.5,0.5,0.05,-68.61259694289835,-71.81576940464923
2164,kexp,2,0.5,0.5,0.01,-73.62352548803413,-76.85123795166244
2165,kexp,2,0.5,0.5,0,-73.87514203714953,-77.10393056564739
2166,kexp,2,0.5,1,0.5,-39.31118060401508,-40.51007738835984
2167,kexp,2,0.5,1,0.1,-42.81141466411299,-44.50035293300334
2168,kexp,2,0.5,1,0.05,-45.39469327393763,-47.10335384086094
2169,kexp,2,0.5,1,0.01,-46.59931535680695,-48.31479447244859
2170,kexp,2,0.5,1,0,-46.655156977493476,-48.37092774520993
2171,kexp,2,0.5,1.5,0.5,-38.68527327241613,-39.633930444995514
2172,kexp,2,0.5,1.5,0.1,-38.76088077329812,-39.959142816036696
2173,kexp,2,0.5,1.5,0.05,-39.87235048639542,-41.080349043502544
2174,kexp,2,0.5,1.5,0.01,-40.35088464707713,-41.56217657005812
2175,kexp,2,0.5,1.5,0,-40.372485390704895,-41.58391690482645
2176,kexp,2,1,0.5,0.5,-39.21380160838682,-40.63021089661999
2177,kexp,2,1,0.5,0.1,-46.59260762285351,-48.6893463387034
2178,kexp,2,1,0.5,0.05,-49.66420151480275,-51.78303722323381
2179,kexp,2,1,0.5,0.01,-51.067822305344144,-53.1947278890099
2180,kexp,2,1,0.5,0,-51.13260714124837,-53.259864978969894
2181,kexp,2,1,1,0.5,-37.507971207990984,-38.50057761871197
2182,kexp,2,1,1,0.1,-37.221752937000645,-38.44582038051376
2183,kexp,2,1,1,0.05,-37.88974045766307,-39.12249770626261
2184,kexp,2,1,1,0.01,-38.16319294395586,-39.39891366047685
2185,kexp,2,1,1,0,-38.17535301947866,-39.41119956023524
2186,kexp,2,1,1.5,0.5,-38.25572131060202,-39.054127772675045
2187,kexp,2,1,1.5,0.1,-36.362741256575035,-37.294462678648976
2188,kexp,2,1,1.5,0.05,-36.56203393983478,-37.49894498304949
2189,kexp,2,1,1.5,0.01,-36.643325486438904,-37.58196224738616
2190,kexp,2,1,1.5,0,-36.646925078876,-37.58563452064404
2191,kexp,2,1.5,0.5,0.5,-38.52151871962145,-39.90630490432306
2192,kexp,2,1.5,0.5,0.1,-43.922865751540364,-45.96195487668297
2193,kexp,2,1.5,0.5,0.05,-45.635378864969965,-47.70217331845071
2194,kexp,2,1.5,0.5,0.01,-46.34164663305741,-48.41851339901141
2195,kexp,2,1.5,0.5,0,-46.37321509299203,-48.450518785827065
2196,kexp,2,1.5,1,0.5,-37.77568051756218,-38.76655318424771
2197,kexp,2,1.5,1,0.1,-36.835328658873856,-38.07282233723369
2198,kexp,2,1.5,1,0.05,-37.1195675872434,-38.36783331655934
2199,kexp,2,1.5,1,0.01,-37.23087670957238,-38.482793707614704
2200,kexp,2,1.5,1,0,-37.23576116325907,-38.48783278453848
2201,kexp,2,1.5,1.5,0.5,-39.01430528285432,-39.83183621095912
2202,kexp,2,1.5,1.5,0.1,-36.921369611996035,-37.88977923835985
2203,kexp,2,1.5,1.5,0.05,-36.961397248929565,-37.93618936853962
2204,kexp,2,1.5,1.5,0.01,-36.979769583064446,-37.95667497650316
2205,kexp,2,1.5,1.5,0,-36.980599953377066,-37.95759421747099
2206,kexp,2,2,0.5,0.5,-38.42099689587078,-39.87512929893075
2207,kexp,2,2,0.5,0.1,-42.38944762797561,-44.660639015299175
2208,kexp,2,2,0.5,0.05,-43.49050761936303,-45.803386656684175
2209,kexp,2,2,0.5,0.01,-43.92137936631282,-46.24883275055012
2210,kexp,2,2,0.5,0,-43.9403370499176,-46.268413871923485
2211,kexp,2,2,1,0.5,-38.129609590721174,-39.197513826270985
2212,kexp,2,2,1,0.1,-36.74479210678823,-38.132945344203215
2213,kexp,2,2,1,0.05,-36.87596526006837,-38.27879096980321
2214,kexp,2,2,1,0.01,-36.92730287371961,-38.33502336728863
2215,kexp,2,2,1,0,-36.929551996422866,-38.33747877054739
2216,kexp,2,2,1.5,0.5,-39.620147687054924,-40.515638256195146
2217,kexp,2,2,1.5,0.1,-37.40433754241242,-38.49443164510292
2218,kexp,2,2,1.5,0.05,-37.38665978199472,-38.485036690182504
2219,kexp,2,2,1.5,0.01,-37.38338939520685,-38.48448541948167
2220,kexp,2,2,1.5,0,-37.38328041197,-38.48449050346693
2221,kexp,2,2.5,0.5,0.5,-38.442927763176385,-39.9948287048755
2222,kexp,2,2.5,0.5,0.1,-41.25211122498326,-43.784135561439584
2223,kexp,2,2.5,0.5,0.05,-42.00729857487736,-44.59133252627269
2224,kexp,2,2.5,0.5,0.01,-42.29403096028147,-44.89581018792852
2225,kexp,2,2.5,0.5,0,-42.30653499300617,-44.90906725644838
2226,kexp,2,2.5,1,0.5,-38.41091942365522,-39.572571815672084
2227,kexp,2,2.5,1,0.1,-36.6797735233051,-38.229658535467046
2228,kexp,2,2.5,1,0.05,-36.730957512525585,-38.2984332229139
2229,kexp,2,2.5,1,0.01,-36.75234110698911,-38.32562301691485
2230,kexp,2,2.5,1,0,-36.753289873219344,-38.32681572017071
2231,kexp,2,2.5,1.5,0.5,-40.06360488063297,-41.04727863528237
2232,kexp,2,2.5,1.5,0.1,-37.75255009557778,-38.97001916402893
2233,kexp,2,2.5,1.5,0.05,-37.70685900900574,-38.934070417192764
2234,kexp,2,2.5,1.5,0.01,-37.69341194247533,-38.92380250623662
2235,kexp,2,2.5,1.5,0,-37.69286493334438,-38.92338864146487
2236,kexp,2,3,0.5,0.5,-38.50609023051888,-40.15590988525817
2237,kexp,2,3,0.5,0.1,-40.44102049234278,-43.19073329640193
2238,kexp,2,3,0.5,0.05,-40.983523348240944,-43.79044976283635
2239,kexp,2,3,0.5,0.01,-41.185607867052084,-44.01173827576244
2240,kexp,2,3,0.5,0,-41.1943716226336,-44.0213128675454
2241,kexp,2,3,1,0.5,-38.64126501372767,-39.891968551425265
2242,kexp,2,3,1,0.1,-36.66495108966581,-38.353110450975144
2243,kexp,2,3,1,0.05,-36.66997010456419,-38.37737083935397
2244,kexp,2,3,1,0.01,-36.67451347015519,-38.388219904188986
2245,kexp,2,3,1,0,-36.67473629921311,-38.3887071240119
2246,kexp,2,3,1.5,0.5,-40.40892121965874,-41.47492497804437
2247,kexp,2,3,1.5,0.1,-38.03910228152693,-39.36781609797305
2248,kexp,2,3,1.5,0.05,-37.97842332528403,-39.31779523154754
2249,kexp,2,3,1.5,0.01,-37.95962428781292,-39.30246006426032
2250,kexp,2,3,1.5,0,-37.95884795813202,-39.301828642892524
2251,kexp,2,3.5,0.5,0.5,-38.593489335825616,-40.33298488655206
2252,kexp,2,3.5,0.5,0.1,-39.891752341986106,-42.812856458985856
2253,kexp,2,3.5,0.5,0.05,-40.29707305403134,-43.27720805077593
2254,kexp,2,3.5,0.5,0.01,-40.44613738290177,-43.44584358141444
2255,kexp,2,3.5,0.5,0,-40.452577883766715,-43.45310741624707
2256,kexp,2,3.5,1,0.5,-38.84222285915327,-40.17229413546022
2257,kexp,2,3.5,1,0.1,-36.70155440212587,-38.50315945287232
2258,kexp,2,3.5,1,0.05,-36.678515457211056,-38.500191444615155
2259,kexp,2,3.5,1,0.01,-36.67298513914869,-38.50120486302755
2260,kexp,2,3.5,1,0,-36.672775570265294,-38.50126927749022
2261,kexp,2,3.5,1.5,0.5,-40.69411366421406,-41.83327116146947
2262,kexp,2,3.5,1.5,0.1,-38.295147008780184,-39.717948655529625
2263,kexp,2,3.5,1.5,0.05,-38.226147025533436,-39.660172682567705
2264,kexp,2,3.5,1.5,0.01,-38.20440057655037,-39.64206362414383
2265,kexp,2,3.5,1.5,0,-38.20349823249382,-39.64131333129966
2266,kexp,2,4,0.5,0.5,-38.697761475246466,-40.51742325185283
2267,kexp,2,4,0.5,0.1,-39.53679946900332,-42.59520773566607
2268,kexp,2,4,0.5,0.05,-39.85027854465608,-42.96785518151218
2269,kexp,2,4,0.5,0.01,-39.9645525962853,-43.101555197574015
2270,kexp,2,4,0.5,0,-39.96947730121966,-43.107294827355716
2271,kexp,2,4,1,0.5,-39.024486048035996,-40.424466286322016
2272,kexp,2,4,1,0.1,-36.77674360158337,-38.67289894424245
2273,kexp,2,4,1,0.05,-36.736019308305856,-38.65266990665456
2274,kexp,2,4,1,0.01,-36.72420281787627,-38.64751006914831
2275,kexp,2,4,1,0,-36.72372415467897,-38.647309829493224
2276,kexp,2,4,1.5,0.5,-40.9387100556686,-42.14237317065425
2277,kexp,2,4,1.5,0.1,-38.53051145078661,-40.03382560866305
2278,kexp,2,4,1.5,0.05,-38.45683615487966,-39.97176467007883
2279,kexp,2,4,1.5,0.01,-38.433436205845304,-39.95212099373606
2280,kexp,2,4,1.5,0,-38.43246320589657,-39.95130493026965
2281,kexp,2,6,0.5,0.5,-39.17910234563096,-41.244949127754346
2282,kexp,2,6,0.5,0.1,-39.14186101535314,-42.590883246875165
2283,kexp,2,6,0.5,0.05,-39.28979152198431,-42.79679139866869
2284,kexp,2,6,0.5,0.01,-39.34289381895622,-42.868514384454606
2285,kexp,2,6,0.5,0,-39.34517183173556,-42.87156872276477
2286,kexp,2,6,1,0.5,-39.629120223014624,-41.24155809618998
2287,kexp,2,6,1,0.1,-37.234776002834074,-39.40985831927824
2288,kexp,2,6,1,0.05,-37.16641720250596,-39.363165572892726
2289,kexp,2,6,1,0.01,-37.14486452973295,-39.3485990197833
2290,kexp,2,6,1,0,-37.1439701111326,-39.34799624119786
2291,kexp,2,6,1.5,0.5,-41.66868350799132,-43.06876775800279
2292,kexp,2,6,1.5,0.1,-39.30559506002647,-41.051655629434336
2293,kexp,2,6,1.5,0.05,-39.22709328685519,-40.98601206902147
2294,kexp,2,6,1.5,0.01,-39.20194127642655,-40.96500417031128
2295,kexp,2,6,1.5,0,-39.20089297100016,-40.96412884741035
2296,kexp,2,8,0.5,0.5,-39.62246667135898,-41.85652874882444
2297,kexp,2,8,0.5,0.1,-39.337741590321286,-43.07712836944908
2298,kexp,2,8,0.5,0.05,-39.433885444366354,-43.23389897975285
2299,kexp,2,8,0.5,0.01,-39.46828512713893,-43.287664004214875
2300,kexp,2,8,0.5,0,-39.46975917445216,-43.28994422060389
2301,kexp,2,8,1,0.5,-40.077175316206045,-41.83616026798987
2302,kexp,2,8,1,0.1,-37.69213257259049,-40.07028887217149
2303,kexp,2,8,1,0.05,-37.61801365527833,-40.019645830189155
2304,kexp,2,8,1,0.01,-37.59441321600276,-40.00360539671378
2305,kexp,2,8,1,0,-37.5934311988709,-40.002938871578905
2306,kexp,2,8,1.5,0.5,-42.15524891204624,-43.690931619596086
2307,kexp,2,8,1.5,0.1,-39.86203389674645,-41.78235523636051
2308,kexp,2,8,1.5,0.05,-39.784547642734765,-41.71906542303849
2309,kexp,2,8,1.5,0.01,-39.759682100737464,-41.69877311110041
2310,kexp,2,8,1.5,0,-39.758645307080435,-41.697927188640136
2311,kexp,2,10,0.5,0.5,-39.97284665757904,-42.32438677701875
2312,kexp,2,10,0.5,0.1,-39.635366386981374,-43.59966028583568
2313,kexp,2,10,0.5,0.05,-39.71176110309269,-43.7409612165862
2314,kexp,2,10,0.5,0.01,-39.73904762080367,-43.788985303074476
2315,kexp,2,10,0.5,0,-39.740216216279244,-43.79101727359462
2316,kexp,2,10,1,0.5,-40.407327439254786,-42.271754091926766
2317,kexp,2,10,1,0.1,-38.06341311338181,-40.596722385728626
2318,kexp,2,10,1,0.05,-37.98853000000444,-40.547263038902706
2319,kexp,2,10,1,0.01,-37.964618052180406,-40.53154055076915
2320,kexp,2,10,1,0,-37.96362231463119,-40.53088659808476
2321,kexp,2,10,1.5,0.5,-42.496729546364854,-44.131042526706985
2322,kexp,2,10,1.5,0.1,-40.263255411236024,-42.31536015451922
2323,kexp,2,10,1.5,0.05,-40.187437004780236,-42.255000439161705
2324,kexp,2,10,1.5,0.01,-40.16309614609014,-42.2356402844823
2325,kexp,2,10,1.5,0,-40.1620811141524,-42.23483313965164
2326,kexp,2,25,0.5,0.5,-40.998763171093344,-43.63871237468423
2327,kexp,2,25,0.5,0.1,-40.93235643439293,-45.50461171475546
2328,kexp,2,25,0.5,0.05,-41.0002155266459,-45.65361290969717
2329,kexp,2,25,0.5,0.01,-41.023988526391804,-45.703463331847715
2330,kexp,2,25,0.5,0,-41.02500182294081,-45.70556409760009
2331,kexp,2,25,1,0.5,-41.34735085040501,-43.50639741822428
2332,kexp,2,25,1,0.1,-39.2150484182901,-42.20766405627871
2333,kexp,2,25,1,0.05,-39.14574388792324,-42.17086344479972
2334,kexp,2,25,1,0.01,-39.123568665561976,-42.159178657028974
2335,kexp,2,25,1,0,-39.12264475189962,-42.15869278154071
2336,kexp,2,25,1.5,0.5,-43.42521202386251,-45.35537921807299
2337,kexp,2,25,1.5,0.1,-41.372250960654725,-43.833479304614826
2338,kexp,2,25,1.5,0.05,-41.30251071264853,-43.78368623364723
2339,kexp,2,25,1.5,0.01,-41.280116407586775,-43.76772447625554
2340,kexp,2,25,1.5,0,-41.27918249495712,-43.76705910959167
2341,kexp,2.25,0.2,0.5,0.5,-54.866841421163485,-56.677486748123385
2342,kexp,2.25,0.2,0.5,0.1,-128.50417356562315,-134.3252900951796
2343,kexp,2.25,0.2,0.5,0.05,-165.111263888885,-171.3044766972675
2344,kexp,2.25,0.2,0.5,0.01,-198.01990950638023,-204.36597901222586
2345,kexp,2.25,0.2,0.5,0,-200.11209773242862,-206.4656416977754
2346,kexp,2.25,0.2,1,0.5,-48.77706823744898,-50.255146549309195
2347,kexp,2.25,0.2,1,0.1,-79.49885757899096,-82.56556564742841
2348,kexp,2.25,0.2,1,0.05,-94.23402784220768,-97.40540287373862
2349,kexp,2.25,0.2,1,0.01,-103.82358046436232,-107.03615434568891
2350,kexp,2.25,0.2,1,0,-104.33277138295331,-107.5472323953089
2351,kexp,2.25,0.2,1.5,0.5,-45.84136889063886,-47.07505779241589
2352,kexp,2.25,0.2,1.5,0.1,-62.62316673025971,-64.72158865710556
2353,kexp,2.25,0.2,1.5,0.05,-70.5679772182923,-72.71628126440795
2354,kexp,2.25,0.2,1.5,0.01,-74.97850170471703,-77.14575728409423
2355,kexp,2.25,0.2,1.5,0,-75.19698603074463,-77.36508605876152
2356,kexp,2.25,0.5,0.5,0.5,-43.81939571672704,-45.59056432528415
2357,kexp,2.25,0.5,0.5,0.1,-63.03372282809917,-66.44315075563344
2358,kexp,2.25,0.5,0.5,0.05,-73.38176322583475,-76.86140483926307
2359,kexp,2.25,0.5,0.5,0.01,-79.6406566138334,-83.14541251710438
2360,kexp,2.25,0.5,0.5,0,-79.96113064843368,-83.46699189108172
2361,kexp,2.25,0.5,1,0.5,-39.39640214563843,-40.69163352407556
2362,kexp,2.25,0.5,1,0.1,-44.043637150976814,-45.87858579564578
2363,kexp,2.25,0.5,1,0.05,-47.25235384145176,-49.10767494674306
2364,kexp,2.25,0.5,1,0.01,-48.7950938275342,-50.657472752869005
2365,kexp,2.25,0.5,1,0,-48.86736009987621,-50.730041545744264
2366,kexp,2.25,0.5,1.5,0.5,-38.50548056202042,-39.532939301201786
2367,kexp,2.25,0.5,1.5,0.1,-39.20963300748492,-40.51085882459562
2368,kexp,2.25,0.5,1.5,0.05,-40.63736184980116,-41.94873110458566
2369,kexp,2.25,0.5,1.5,0.01,-41.26490987636258,-42.57971873547718
2370,kexp,2.25,0.5,1.5,0,-41.293426683371905,-42.60838153031218
2371,kexp,2.25,1,0.5,0.5,-39.202042212353376,-40.71297951912455
2372,kexp,2.25,1,0.5,0.1,-48.228626662255124,-50.40754580306476
2373,kexp,2.25,1,0.5,0.05,-52.01894066450791,-54.211890426778005
2374,kexp,2.25,1,0.5,0.01,-53.8024502690414,-56.000753185896606
2375,kexp,2.25,1,0.5,0,-53.8856114290579,-56.08415299311361
2376,kexp,2.25,1,1,0.5,-37.216417299049304,-38.274700256257546
2377,kexp,2.25,1,1,0.1,-37.52045354947786,-38.80011071473271
2378,kexp,2.25,1,1,0.05,-38.39917909320829,-39.68588619115867
2379,kexp,2.25,1,1,0.01,-38.763719862075995,-40.05286090463637
2380,kexp,2.25,1,1,0,-38.78000100610995,-40.06924584397276
2381,kexp,2.25,1,1.5,0.5,-37.770350716771496,-38.62144673421198
2382,kexp,2.25,1,1.5,0.1,-36.122032790454256,-37.101893298166345
2383,kexp,2.25,1,1.5,0.05,-36.41240097727405,-37.39692320247886
2384,kexp,2.25,1,1.5,0.01,-36.53023786425339,-37.51631806999814
2385,kexp,2.25,1,1.5,0,-36.535454298425066,-37.521600227556824
2386,kexp,2.25,1.5,0.5,0.5,-38.319215259810505,-39.779090568051
2387,kexp,2.25,1.5,0.5,0.1,-45.0812376316687,-47.160643056652226
2388,kexp,2.25,1.5,0.5,0.05,-47.231170479667504,-49.33247600093443
2389,kexp,2.25,1.5,0.5,0.01,-48.13592439360765,-50.2456447281269
2390,kexp,2.25,1.5,0.5,0,-48.17663032881771,-50.286722614677956
2391,kexp,2.25,1.5,1,0.5,-37.36725523801756,-38.41179822367814
2392,kexp,2.25,1.5,1,0.1,-36.85554155667004,-38.1352371312331
2393,kexp,2.25,1.5,1,0.05,-37.25097947835637,-38.54065104983246
2394,kexp,2.25,1.5,1,0.01,-37.406214782853205,-38.699327100708345
2395,kexp,2.25,1.5,1,0,-37.4130355598119,-38.70629434914841
2396,kexp,2.25,1.5,1.5,0.5,-38.44995607190495,-39.31403736109958
2397,kexp,2.25,1.5,1.5,0.1,-36.4967979993039,-37.509270009440904
2398,kexp,2.25,1.5,1.5,0.05,-36.57972627254287,-37.59851089458344
2399,kexp,2.25,1.5,1.5,0.01,-36.61429263601035,-37.63518475527178
2400,kexp,2.25,1.5,1.5,0,-36.61582740349388,-37.63680836065562
2401,kexp,2.25,2,0.5,0.5,-38.13460175104922,-39.655360490385576
2402,kexp,2.25,2,0.5,0.1,-43.218869185021354,-45.5399452159426
2403,kexp,2.25,2,0.5,0.05,-44.61722196911671,-46.978357468036954
2404,kexp,2.25,2,0.5,0.01,-45.172831319636636,-47.5483603198204
2405,kexp,2.25,2,0.5,0,-45.197393180692025,-47.573543358961764
2406,kexp,2.25,2,1,0.5,-37.673990414845655,-38.79432391223509
2407,kexp,2.25,2,1,0.1,-36.59321957425613,-38.03478111498428
2408,kexp,2.25,2,1,0.05,-36.79236805659837,-38.24899909019881
2409,kexp,2.25,2,1,0.01,-36.86939944529416,-38.33111263610109
2410,kexp,2.25,2,1,0,-36.87276717311138,-38.33469521361584
2411,kexp,2.25,2,1.5,0.5,-39.02707414109287,-39.97177476507716
2412,kexp,2.25,2,1.5,0.1,-36.877279476655744,-38.02265556390059
2413,kexp,2.25,2,1.5,0.05,-36.88296687264198,-38.03713049810707
2414,kexp,2.25,2,1.5,0.01,-36.88828666212827,-38.045352062532984
2415,kexp,2.25,2,1.5,0,-36.88854860395572,-38.04573593187131
2416,kexp,2.25,2.5,0.5,0.5,-38.10861354830669,-39.724328782440416
2417,kexp,2.25,2.5,0.5,0.1,-41.82565456865947,-44.424157619532586
2418,kexp,2.25,2.5,0.5,0.05,-42.79507855688358,-45.44666527871517
2419,kexp,2.25,2.5,0.5,0.01,-43.16760078875859,-45.83761564875499
2420,kexp,2.25,2.5,0.5,0,-43.18390512431684,-45.85470623743833
2421,kexp,2.25,2.5,1,0.5,-37.92936383054598,-39.145965322999075
2422,kexp,2.25,2.5,1,0.1,-36.404990385351205,-38.021843559900546
2423,kexp,2.25,2.5,1,0.05,-36.50059790058935,-38.13618862646524
2424,kexp,2.25,2.5,1,0.01,-36.538368911567034,-38.18019014997901
2425,kexp,2.25,2.5,1,0,-36.54002627031619,-38.18210981636657
2426,kexp,2.25,2.5,1.5,0.5,-39.45676467220664,-40.49469949679282
2427,kexp,2.25,2.5,1.5,0.1,-37.15752290358375,-38.442467726858766
2428,kexp,2.25,2.5,1.5,0.05,-37.1250322896947,-38.42058736674392
2429,kexp,2.25,2.5,1.5,0.01,-37.116396551164655,-38.4154284652833
2430,kexp,2.25,2.5,1.5,0,-37.116056752364635,-38.41523444272405
2431,kexp,2.25,3,0.5,0.5,-38.13563815612736,-39.84840633201682
2432,kexp,2.25,3,0.5,0.1,-40.816627608763746,-43.64083418225672
2433,kexp,2.25,3,0.5,0.05,-41.52107553972049,-44.40432138755796
2434,kexp,2.25,3,0.5,0.01,-41.78601342361215,-44.689312671467995
2435,kexp,2.25,3,0.5,0,-41.797535822007696,-44.701684851688746
2436,kexp,2.25,3,1,0.5,-38.141645985058354,-39.45020548112424
2437,kexp,2.25,3,1,0.1,-36.30170036376387,-38.065448868819864
2438,kexp,2.25,3,1,0.05,-36.337150624784535,-38.12152148377627
2439,kexp,2.25,3,1,0.01,-36.35275546596631,-38.14391971251758
2440,kexp,2.25,3,1,0,-36.35345462599333,-38.14490412124914
2441,kexp,2.25,3,1.5,0.5,-39.79458722727856,-40.919656431056644
2442,kexp,2.25,3,1.5,0.1,-37.39945906517346,-38.80439040523632
2443,kexp,2.25,3,1.5,0.05,-37.34616999227342,-38.76276007454901
2444,kexp,2.25,3,1.5,0.01,-37.33007734800016,-38.75046788169023
2445,kexp,2.25,3,1.5,0,-37.32941766071026,-38.749967311157036
2446,kexp,2.25,3.5,0.5,0.5,-38.19154666459809,-39.993536924016254
2447,kexp,2.25,3.5,0.5,0.1,-40.113253573776,-43.1070657203862
2448,kexp,2.25,3.5,0.5,0.05,-40.64617218623667,-43.70022979362207
2449,kexp,2.25,3.5,0.5,0.01,-40.843658005457314,-43.91784161948683
2450,kexp,2.25,3.5,0.5,0,-40.85220990015804,-43.927242151850884
2451,kexp,2.25,3.5,1,0.5,-38.32849750918459,-39.71873942598753
2452,kexp,2.25,3.5,1,0.1,-36.2743625135099,-38.15504974770855
2453,kexp,2.25,3.5,1,0.05,-36.27298290371295,-38.175013241952755
2454,kexp,2.25,3.5,1,0.01,-36.27525293106781,-38.18426607561492
2455,kexp,2.25,3.5,1,0,-36.27537838728102,-38.18468417928656
2456,kexp,2.25,3.5,1.5,0.5,-40.07573391895184,-41.27794250059198
2457,kexp,2.25,3.5,1.5,0.1,-37.62667447533246,-39.131065582461446
2458,kexp,2.25,3.5,1.5,0.05,-37.561555262773396,-39.078154992272836
2459,kexp,2.25,3.5,1.5,0.01,-37.54126396159966,-39.061828439405524
2460,kexp,2.25,3.5,1.5,0,-37.54042464971447,-39.06115495515698
2461,kexp,2.25,4,0.5,0.5,-38.26750461166521,-40.14922414361238
2462,kexp,2.25,4,0.5,0.1,-39.6361080045393,-42.7586341276398
2463,kexp,2.25,4,0.5,0.05,-40.05369568712341,-43.2352614960289
2464,kexp,2.25,4,0.5,0.01,-40.206820909754725,-43.40783855168147
2465,kexp,2.25,4,0.5,0,-40.213431584752385,-43.41526614131962
2466,kexp,2.25,4,1,0.5,-38.49936491081991,-39.96123275200258
2467,kexp,2.25,4,1,0.1,-36.30242993030714,-38.27771699106011
2468,kexp,2.25,4,1,0.05,-36.277607662437354,-38.27437756897845
2469,kexp,2.25,4,1,0.01,-36.271486121937585,-38.275247612330745
2470,kexp,2.25,4,1,0,-36.27125166283809,-38.275305748364254
2471,kexp,2.25,4,1.5,0.5,-40.318490834079924,-41.588516172722585
2472,kexp,2.25,4,1.5,0.1,-37.84353016530211,-39.431594853280366
2473,kexp,2.25,4,1.5,0.05,-37.77151874232062,-39.3720923202974
2474,kexp,2.25,4,1.5,0.01,-37.74879183813864,-39.35341645455061
2475,kexp,2.25,4,1.5,0,-37.74784845559517,-39.35264238410713
2476,kexp,2.25,6,0.5,0.5,-38.66834931372355,-40.796331690231995
2477,kexp,2.25,6,0.5,0.1,-38.93892941403861,-42.401075389914055
2478,kexp,2.25,6,0.5,0.05,-39.14564065651051,-42.65924006549649
2479,kexp,2.25,6,0.5,0.01,-39.21992103162866,-42.74984558327061
2480,kexp,2.25,6,0.5,0,-39.223108997976475,-42.7537118376624
2481,kexp,2.25,6,1,0.5,-39.07835041236137,-40.75798733676923
2482,kexp,2.25,6,1,0.1,-36.66097430237213,-38.906365491360305
2483,kexp,2.25,6,1,0.05,-36.598237179614195,-38.86494976512475
2484,kexp,2.25,6,1,0.01,-36.578703640774044,-38.85227740492407
2485,kexp,2.25,6,1,0,-36.57789581008887,-38.85175584504784
2486,kexp,2.25,6,1.5,0.5,-41.053337197635415,-42.53060611709896
2487,kexp,2.25,6,1.5,0.1,-38.59409833744958,-40.431253611404244
2488,kexp,2.25,6,1.5,0.05,-38.51363020445776,-40.36410555790503
2489,kexp,2.25,6,1.5,0.01,-38.48788734600448,-40.34265400448846
2490,kexp,2.25,6,1.5,0,-38.486814847526574,-40.34176061424299
2491,kexp,2.25,8,0.5,0.5,-39.07701650795214,-41.38004786514781
2492,kexp,2.25,8,0.5,0.1,-38.98878744367909,-42.71189758742524
2493,kexp,2.25,8,0.5,0.05,-39.1266414776635,-42.8997808336055
2494,kexp,2.25,8,0.5,0.01,-39.17590392497967,-42.96469372105406
2495,kexp,2.25,8,0.5,0,-39.178014576200255,-42.96745205330386
2496,kexp,2.25,8,1,0.5,-39.522233413730916,-41.35656432181111
2497,kexp,2.25,8,1,0.1,-37.08400103234678,-39.531288318503144
2498,kexp,2.25,8,1,0.05,-37.01211675017375,-39.48178529738824
2499,kexp,2.25,8,1,0.01,-36.98935606029937,-39.466207313445004
2500,kexp,2.25,8,1,0,-36.98841041208878,-39.465561137735996
2501,kexp,2.25,8,1.5,0.5,-41.55405335492998,-43.178172731682615
2502,kexp,2.25,8,1.5,0.1,-39.15649648970649,-41.17690521979664
2503,kexp,2.25,8,1.5,0.05,-39.07606658090139,-41.11093891422845
2504,kexp,2.25,8,1.5,0.01,-39.05027435947564,-41.08980191892708
2505,kexp,2.25,8,1.5,0,-39.04919912412031,-41.088920932615274
2506,kexp,2.25,10,0.5,0.5,-39.41957375464783,-41.85235676613812
2507,kexp,2.25,10,0.5,0.1,-39.213246919578786,-43.158992065277374
2508,kexp,2.25,10,0.5,0.05,-39.32293333879603,-43.32113136912118
2509,kexp,2.25,10,0.5,0.01,-39.362054777695626,-43.37663793095281
2510,kexp,2.25,10,0.5,0,-39.363729904873225,-43.37899090615737
2511,kexp,2.25,10,1,0.5,-39.85853571776506,-41.80953821784034
2512,kexp,2.25,10,1,0.1,-37.4460888827873,-40.05744993740754
2513,kexp,2.25,10,1,0.05,-37.37193988946894,-40.007385146816475
2514,kexp,2.25,10,1,0.01,-37.34835255737043,-39.99152791153924
2515,kexp,2.25,10,1,0,-37.34737133464094,-39.99086899570145
2516,kexp,2.25,10,1.5,0.5,-41.91180922891094,-43.646781791783056
2517,kexp,2.25,10,1.5,0.1,-39.571455798608916,-41.73670388054226
2518,kexp,2.25,10,1.5,0.05,-39.492351710696596,-41.67332254917252
2519,kexp,2.25,10,1.5,0.01,-39.46696701778285,-41.65299903607002
2520,kexp,2.25,10,1.5,0,-39.465908577966346,-41.652151792285565
2521,kexp,2.25,25,0.5,0.5,-40.52329230511799,-43.31329301329955
2522,kexp,2.25,25,0.5,0.1,-40.49438268483041,-45.15249566847624
2523,kexp,2.25,25,0.5,0.05,-40.583284465362695,-45.310715946981695
2524,kexp,2.25,25,0.5,0.01,-40.61456329009249,-45.36391485146243
2525,kexp,2.25,25,0.5,0,-40.61589803145536,-45.36615962646136
2526,kexp,2.25,25,1,0.5,-40.874426626513774,-43.18374597850545
2527,kexp,2.25,25,1,0.1,-38.6579719591851,-41.816031279256485
2528,kexp,2.25,25,1,0.05,-38.5876015368333,-41.777737188170875
2529,kexp,2.25,25,1,0.01,-38.565135430551464,-41.76559830870601
2530,kexp,2.25,25,1,0,-38.564199949436656,-41.76509377581942
2531,kexp,2.25,25,1.5,0.5,-42.92485733037118,-45.018582735043246
2532,kexp,2.25,25,1.5,0.1,-40.768627953345245,-43.425070054733425
2533,kexp,2.25,25,1.5,0.05,-40.69543608264624,-43.37283699568842
2534,kexp,2.25,25,1.5,0.01,-40.67193728600997,-43.35609322143136
2535,kexp,2.25,25,1.5,0,-40.67095735550089,-43.35539525900913
2536,kexp,2.5,0.2,0.5,0.5,-55.59893107339586,-57.50263706209148
2537,kexp,2.5,0.2,0.5,0.1,-136.89485000513457,-143.33517953874517
2538,kexp,2.5,0.2,0.5,0.05,-178.09168029802754,-184.97241515906921
2539,kexp,2.5,0.2,0.5,0.01,-217.22941131762477,-224.2923288662941
2540,kexp,2.5,0.2,0.5,0,-219.80879627818769,-226.88076068272963
2541,kexp,2.5,0.2,1,0.5,-49.42473848772577,-50.99724514079815
2542,kexp,2.5,0.2,1,0.1,-84.11581340655933,-87.51610082759404
2543,kexp,2.5,0.2,1,0.05,-101.14202436629472,-104.66616598926765
2544,kexp,2.5,0.2,1,0.01,-112.76061031790465,-116.33410691106342
2545,kexp,2.5,0.2,1,0,-113.39150588583603,-116.96728738236976
2546,kexp,2.5,0.2,1.5,0.5,-46.32197848907951,-47.64519947451393
2547,kexp,2.5,0.2,1.5,0.1,-65.68678318330944,-68.0142601914549
2548,kexp,2.5,0.2,1.5,0.05,-75.03649875095364,-77.42310138995832
2549,kexp,2.5,0.2,1.5,0.01,-80.43780442184189,-82.84716922840568
2550,kexp,2.5,0.2,1.5,0,-80.70973251876784,-83.120119712622
2551,kexp,2.5,0.5,0.5,0.5,-44.27633761480088,-46.15442316482225
2552,kexp,2.5,0.5,0.5,0.1,-66.20487219082362,-69.8756797416414
2553,kexp,2.5,0.5,0.5,0.05,-78.25992388299531,-82.00175663614397
2554,kexp,2.5,0.5,0.5,0.01,-85.88209085859913,-89.64898560287608
2555,kexp,2.5,0.5,0.5,0,-86.27988143583234,-90.04788072179791
2556,kexp,2.5,0.5,1,0.5,-39.53631927403745,-40.91930611557557
2557,kexp,2.5,0.5,1,0.1,-45.38407546813052,-47.356781491086885
2558,kexp,2.5,0.5,1,0.05,-49.25910707425186,-51.25243333202017
2559,kexp,2.5,0.5,1,0.01,-51.17817092089112,-53.17862475369345
2560,kexp,2.5,0.5,1,0,-51.26900252819855,-53.26976216990796
2561,kexp,2.5,0.5,1.5,0.5,-38.40458285867012,-39.50441369689247
2562,kexp,2.5,0.5,1.5,0.1,-39.78541384318862,-41.183088507498994
2563,kexp,2.5,0.5,1.5,0.05,-41.55764051703061,-42.96566309332907
2564,kexp,2.5,0.5,1.5,0.01,-42.35297855036595,-43.76450931603038
2565,kexp,2.5,0.5,1.5,0,-42.38936632524498,-43.80104608553457
2566,kexp,2.5,1,0.5,0.5,-39.25006488241759,-40.847714468234095
2567,kexp,2.5,1,0.5,0.1,-50.01703338345442,-52.2699609106251
2568,kexp,2.5,1,0.5,0.05,-54.57836185999999,-56.835677259088364
2569,kexp,2.5,1,0.5,0.01,-56.7856047795293,-59.0449121001215
2570,kexp,2.5,1,0.5,0,-56.889562522094785,-59.14896614873939
2571,kexp,2.5,1,1,0.5,-37.00606673904201,-38.124866441804315
2572,kexp,2.5,1,1,0.1,-37.968011165103526,-39.29614408133455
2573,kexp,2.5,1,1,0.05,-39.080975269842035,-40.41405178596453
2574,kexp,2.5,1,1,0.01,-39.54923180419698,-40.88404390440847
2575,kexp,2.5,1,1,0,-39.57024102816099,-40.90512762121463
2576,kexp,2.5,1,1.5,0.5,-37.37765134490623,-38.2766816632848
2577,kexp,2.5,1,1.5,0.1,-36.02602672598279,-37.047459545318716
2578,kexp,2.5,1,1.5,0.05,-36.420420697279994,-37.445765998946804
2579,kexp,2.5,1,1.5,0.01,-36.58068781104991,-37.60734656316986
2580,kexp,2.5,1,1.5,0,-36.58779063012203,-37.614504878645455
2581,kexp,2.5,1.5,0.5,0.5,-38.186317389269625,-39.71547602008789
2582,kexp,2.5,1.5,0.5,0.1,-46.40600418564219,-48.51699949604493
2583,kexp,2.5,1.5,0.5,0.05,-49.034910506832816,-51.16065815950732
2584,kexp,2.5,1.5,0.5,0.01,-50.163020342233764,-52.29506825006076
2585,kexp,2.5,1.5,0.5,0,-50.21410536877356,-52.34644131626877
2586,kexp,2.5,1.5,1,0.5,-37.038941574278795,-38.13225941686972
2587,kexp,2.5,1.5,1,0.1,-37.02089125852269,-38.33492144305705
2588,kexp,2.5,1.5,1,0.05,-37.542748415988044,-38.86559800601228
2589,kexp,2.5,1.5,1,0.01,-37.748695712964604,-39.074659759031675
2590,kexp,2.5,1.5,1,0,-37.75776234880332,-39.083859921659496
2591,kexp,2.5,1.5,1.5,0.5,-37.97273608357415,-38.8782333368618
2592,kexp,2.5,1.5,1.5,0.1,-36.206497590972766,-37.25563400323056
2593,kexp,2.5,1.5,1.5,0.05,-36.340073791063666,-37.395288926401385
2594,kexp,2.5,1.5,1.5,0.01,-36.39392878732397,-37.45119358684281
2595,kexp,2.5,1.5,1.5,0,-36.396304775484026,-37.45365622346048
2596,kexp,2.5,2,0.5,0.5,-37.91925747721179,-39.50097095287577
2597,kexp,2.5,2,0.5,0.1,-44.212957611010864,-46.57367432384567
2598,kexp,2.5,2,0.5,0.05,-45.94035125696186,-48.33859593422467
2599,kexp,2.5,2,0.5,0.01,-46.63694317409527,-49.04914483342327
2600,kexp,2.5,2,0.5,0,-46.667882358516636,-49.08069312733655
2601,kexp,2.5,2,1,0.5,-37.29463976109829,-38.461831877567825
2602,kexp,2.5,2,1,0.1,-36.576080579235196,-38.06228368774716
2603,kexp,2.5,2,1,0.05,-36.853741301162096,-38.355191123236835
2604,kexp,2.5,2,1,0.01,-36.96076980505765,-38.467426856694956
2605,kexp,2.5,2,1,0,-36.965447648990505,-38.472325647756996
2606,kexp,2.5,2,1.5,0.5,-38.514569193081044,-39.50252155305729
2607,kexp,2.5,2,1.5,0.1,-36.47119763026384,-37.663715768458
2608,kexp,2.5,2,1.5,0.05,-36.50539726811666,-37.70711213543523
2609,kexp,2.5,2,1.5,0.01,-36.52124248442698,-37.726014213994425
2610,kexp,2.5,2,1.5,0,-36.52195951251129,-37.7268599212596
2611,kexp,2.5,2.5,0.5,0.5,-37.84822259181508,-39.52176557477876
2612,kexp,2.5,2.5,0.5,0.1,-42.56246035311024,-45.21661013065755
2613,kexp,2.5,2.5,0.5,0.05,-43.77085593056353,-46.47861715931833
2614,kexp,2.5,2.5,0.5,0.01,-44.24070318011508,-46.967454249146876
2615,kexp,2.5,2.5,0.5,0,-44.261341683031524,-46.98890813768881
2616,kexp,2.5,2.5,1,0.5,-37.52176898372436,-38.78707030260899
2617,kexp,2.5,2.5,1,0.1,-36.255749054653066,-37.930307749392824
2618,kexp,2.5,2.5,1,0.05,-36.403488711756474,-38.097813152356416
2619,kexp,2.5,2.5,1,0.01,-36.460638092313964,-38.16158947074296
2620,kexp,2.5,2.5,1,0,-36.46313526131253,-38.1643662928354
2621,kexp,2.5,2.5,1.5,0.5,-38.92549781724558,-40.010990740035695
2622,kexp,2.5,2.5,1.5,0.1,-36.67259135253044,-38.01636075495681
2623,kexp,2.5,2.5,1.5,0.05,-36.65696110090237,-38.01215992159397
2624,kexp,2.5,2.5,1.5,0.01,-36.65446524694942,-38.013426521547395
2625,kexp,2.5,2.5,1.5,0,-36.654389887448936,-38.01350911125977
2626,kexp,2.5,3,0.5,0.5,-37.844014380413554,-39.61332113574121
2627,kexp,2.5,3,0.5,0.1,-41.358541404691024,-44.24642169481601
2628,kexp,2.5,3,0.5,0.05,-42.24512117785638,-45.193499709839486
2629,kexp,2.5,3,0.5,0.01,-42.58173420952755,-45.550947161052356
2630,kexp,2.5,3,0.5,0,-42.596415808855994,-45.566515430463305
2631,kexp,2.5,3,1,0.5,-37.71540398825533,-39.074977867405835
2632,kexp,2.5,3,1,0.1,-36.05882596407176,-37.88852911408139
2633,kexp,2.5,3,1,0.05,-36.13070250226216,-37.98233316695331
2634,kexp,2.5,3,1,0.01,-36.159614544728136,-38.0185107950115
2635,kexp,2.5,3,1,0,-36.16088761079775,-38.02008943551176
2636,kexp,2.5,3,1.5,0.5,-39.25248225890131,-40.42923184275981
2637,kexp,2.5,3,1.5,0.1,-36.86238945166338,-38.33436002498734
2638,kexp,2.5,3,1.5,0.05,-36.81927014570161,-38.303869369434516
2639,kexp,2.5,3,1.5,0.01,-36.80686918551257,-38.29559866507722
2640,kexp,2.5,3,1.5,0,-36.806368311495596,-38.295270870577895
2641,kexp,2.5,3.5,0.5,0.5,-37.874161515753386,-39.731647746961634
2642,kexp,2.5,3.5,0.5,0.1,-40.50791233919044,-43.563493820601
2643,kexp,2.5,3.5,0.5,0.05,-41.18577618064366,-44.30247714481519
2644,kexp,2.5,3.5,0.5,0.01,-41.43889686257602,-44.57620233555942
2645,kexp,2.5,3.5,0.5,0,-41.449883028463844,-44.58805977785179
2646,kexp,2.5,3.5,1,0.5,-37.88863561695099,-39.331568462999904
2647,kexp,2.5,3.5,1,0.1,-35.96550751111775,-37.91507374151497
2648,kexp,2.5,3.5,1,0.05,-35.99073764829913,-37.96284051343321
2649,kexp,2.5,3.5,1,0.01,-36.00261416486808,-37.98211984100859
2650,kexp,2.5,3.5,1,0,-36.00315256058677,-37.98296883099724
2651,kexp,2.5,3.5,1.5,0.5,-39.527455743906295,-40.784598909615646
2652,kexp,2.5,3.5,1.5,0.1,-37.056019228553275,-38.63209408229916
2653,kexp,2.5,3.5,1.5,0.05,-36.997028834827425,-38.58626241497394
2654,kexp,2.5,3.5,1.5,0.01,-36.97897544037011,-38.57249228928086
2655,kexp,2.5,3.5,1.5,0,-36.978232504683284,-38.57192861543403
2656,kexp,2.5,4,0.5,0.5,-37.927252224608885,-39.86320578014196
2657,kexp,2.5,4,0.5,0.1,-39.91725516363231,-43.09233003544705
2658,kexp,2.5,4,0.5,0.05,-40.45452127098979,-43.688091813017394
2659,kexp,2.5,4,0.5,0.01,-40.65272480831197,-43.905652962130326
2660,kexp,2.5,4,0.5,0,-40.66129712686949,-43.9150394038253
2661,kexp,2.5,4,1,0.5,-38.04902664804043,-39.564541025659295
2662,kexp,2.5,4,1,0.1,-35.94629734582614,-37.98964137265477
2663,kexp,2.5,4,1,0.05,-35.9416750162515,-38.007380264853516
2664,kexp,2.5,4,1,0.01,-35.94278486588935,-38.01578481518807
2665,kexp,2.5,4,1,0,-35.94286052673868,-38.016165957090834
2666,kexp,2.5,4,1.5,0.5,-39.76698658269451,-41.094438051919504
2667,kexp,2.5,4,1.5,0.1,-37.251418100417844,-38.913380368975126
2668,kexp,2.5,4,1.5,0.05,-37.182986650444434,-38.85830129799838
2669,kexp,2.5,4,1.5,0.01,-37.16159092472382,-38.84123633029639
2670,kexp,2.5,4,1.5,0,-37.1607050934206,-38.840531574904425
2671,kexp,2.5,6,0.5,0.5,-38.259548584854876,-40.436242900587395
2672,kexp,2.5,6,0.5,0.1,-38.94650065429062,-42.40172584968873
2673,kexp,2.5,6,0.5,0.05,-39.22467263137773,-42.72374870902139
2674,kexp,2.5,6,0.5,0.01,-39.324784575137755,-42.837493602346534
2675,kexp,2.5,6,0.5,0,-39.329083611651036,-42.84235574595209
2676,kexp,2.5,6,1,0.5,-38.604619747538074,-40.33900068031524
2677,kexp,2.5,6,1,0.1,-36.20807942023515,-38.506820262564474
2678,kexp,2.5,6,1,0.05,-36.15418578875362,-38.473592570414866
2679,kexp,2.5,6,1,0.01,-36.13777310147257,-38.46381100240582
2680,kexp,2.5,6,1,0,-36.13709856494465,-38.46341292395387
2681,kexp,2.5,6,1.5,0.5,-40.5032498363916,-42.044975326220424
2682,kexp,2.5,6,1.5,0.1,-37.97178706189271,-39.88424196241332
2683,kexp,2.5,6,1.5,0.05,-37.89071665482774,-39.81680543713928
2684,kexp,2.5,6,1.5,0.01,-37.86483784978079,-39.795316426937056
2685,kexp,2.5,6,1.5,0,-37.86376031610755,-39.794422083352806
2686,kexp,2.5,8,0.5,0.5,-38.632961355333116,-40.984040171308294
2687,kexp,2.5,8,0.5,0.1,-38.86038785748713,-42.53173913188218
2688,kexp,2.5,8,0.5,0.05,-39.05172934401024,-42.76065188969106
2689,kexp,2.5,8,0.5,0.01,-39.12003978229128,-42.84021914749417
2690,kexp,2.5,8,0.5,0,-39.122966321082885,-42.84360560803543
2691,kexp,2.5,8,1,0.5,-39.04278904219669,-40.93485149024669
2692,kexp,2.5,8,1,0.1,-36.596214984271796,-39.08760312710557
2693,kexp,2.5,8,1,0.05,-36.529448009548474,-39.04160981773775
2694,kexp,2.5,8,1,0.01,-36.508496835232926,-39.02729031486652
2695,kexp,2.5,8,1,0,-36.50762849009835,-39.02669807653124
2696,kexp,2.5,8,1.5,0.5,-41.014820768185885,-42.71070123172017
2697,kexp,2.5,8,1.5,0.1,-38.53611601363238,-40.63531420646411
2698,kexp,2.5,8,1.5,0.05,-38.45393022872265,-40.567622995835784
2699,kexp,2.5,8,1.5,0.01,-38.42760319998031,-40.54595520187987
2700,kexp,2.5,8,1.5,0,-38.426505979837394,-40.54505233276393
2701,kexp,2.5,10,0.5,0.5,-38.962252626740955,-41.448577704302686
2702,kexp,2.5,10,0.5,0.1,-39.01126993386131,-42.88636146661272
2703,kexp,2.5,10,0.5,0.05,-39.16562732907995,-43.07812281809743
2704,kexp,2.5,10,0.5,0.01,-39.22057156333755,-43.14417037260008
2705,kexp,2.5,10,0.5,0,-39.222923404203904,-43.146974650891465
2706,kexp,2.5,10,1,0.5,-39.382023528401994,-41.397221871829885
2707,kexp,2.5,10,1,0.1,-36.94636412011191,-39.60270440188868
2708,kexp,2.5,10,1,0.05,-36.87568758130585,-39.554083581507186
2709,kexp,2.5,10,1,0.01,-36.85333966418153,-39.53877465447278
2710,kexp,2.5,10,1,0,-36.852411499046795,-39.53813953668069
2711,kexp,2.5,10,1.5,0.5,-41.38571644301174,-43.201189441657846
2712,kexp,2.5,10,1.5,0.1,-38.961322810404155,-41.213347656672155
2713,kexp,2.5,10,1.5,0.05,-38.88004685517216,-41.14775011629659
2714,kexp,2.5,10,1.5,0.01,-38.853984134389876,-41.126727525246906
2715,kexp,2.5,10,1.5,0,-38.85289763072933,-41.12585126534563
2716,kexp,2.5,25,0.5,0.5,-40.11331688542922,-43.01645582861457
2717,kexp,2.5,25,0.5,0.1,-40.23189503783865,-44.888473417858805
2718,kexp,2.5,25,0.5,0.05,-40.351639434982054,-45.06128183278001
2719,kexp,2.5,25,0.5,0.01,-40.393816144711124,-45.119683488280124
2720,kexp,2.5,25,0.5,0,-40.395616588584126,-45.1221510818457
2721,kexp,2.5,25,1,0.5,-40.453577859872524,-42.882423953541625
2722,kexp,2.5,25,1,0.1,-38.192695238161306,-41.465939653744265
2723,kexp,2.5,25,1,0.05,-38.12356674361066,-41.42735080968891
2724,kexp,2.5,25,1,0.01,-38.10157598664868,-41.41515591376385
2725,kexp,2.5,25,1,0,-38.10066116832634,-41.41464946841692
2726,kexp,2.5,25,1.5,0.5,-42.46732322634559,-44.697720846767496
2727,kexp,2.5,25,1.5,0.1,-40.22737153106422,-43.04180327891428
2728,kexp,2.5,25,1.5,0.05,-40.151648351826076,-42.98757645427581
2729,kexp,2.5,25,1.5,0.01,-40.12734612809082,-42.970196797174424
2730,kexp,2.5,25,1.5,0,-40.126332794976605,-42.969472364010514
